10:13:14 **** Build of configuration Debug for project lab7 ****
make -j12 all 
arm-none-eabi-gcc "C:/Users/Admin/STM32Cube/Repository/STM32Cube_FW_F7_V1.17.2/Drivers/STM32F7xx_HAL_Driver/Src/stm32f7xx_hal.c" -mcpu=cortex-m7 -std=gnu11 -g3 -DDEBUG -DUSE_HAL_DRIVER -DSTM32F767xx -c -I../Core/Inc -IC:/Users/Admin/STM32Cube/Repository/STM32Cube_FW_F7_V1.17.2/Drivers/STM32F7xx_HAL_Driver/Inc -IC:/Users/Admin/STM32Cube/Repository/STM32Cube_FW_F7_V1.17.2/Drivers/STM32F7xx_HAL_Driver/Inc/Legacy -IC:/Users/Admin/STM32Cube/Repository/STM32Cube_FW_F7_V1.17.2/Drivers/CMSIS/Device/ST/STM32F7xx/Include -IC:/Users/Admin/STM32Cube/Repository/STM32Cube_FW_F7_V1.17.2/Drivers/CMSIS/Include -O0 -ffunction-sections -fdata-sections -Wall -fstack-usage -fcyclomatic-complexity -MMD -MP -MF"Drivers/STM32F7xx_HAL_Driver/stm32f7xx_hal.d" -MT"Drivers/STM32F7xx_HAL_Driver/stm32f7xx_hal.o" --specs=nano.specs -mfpu=fpv5-d16 -mfloat-abi=hard -mthumb -o "Drivers/STM32F7xx_HAL_Driver/stm32f7xx_hal.o"
arm-none-eabi-gcc "C:/Users/Admin/STM32Cube/Repository/STM32Cube_FW_F7_V1.17.2/Drivers/STM32F7xx_HAL_Driver/Src/stm32f7xx_hal_cortex.c" -mcpu=cortex-m7 -std=gnu11 -g3 -DDEBUG -DUSE_HAL_DRIVER -DSTM32F767xx -c -I../Core/Inc -IC:/Users/Admin/STM32Cube/Repository/STM32Cube_FW_F7_V1.17.2/Drivers/STM32F7xx_HAL_Driver/Inc -IC:/Users/Admin/STM32Cube/Repository/STM32Cube_FW_F7_V1.17.2/Drivers/STM32F7xx_HAL_Driver/Inc/Legacy -IC:/Users/Admin/STM32Cube/Repository/STM32Cube_FW_F7_V1.17.2/Drivers/CMSIS/Device/ST/STM32F7xx/Include -IC:/Users/Admin/STM32Cube/Repository/STM32Cube_FW_F7_V1.17.2/Drivers/CMSIS/Include -O0 -ffunction-sections -fdata-sections -Wall -fstack-usage -fcyclomatic-complexity -MMD -MP -MF"Drivers/STM32F7xx_HAL_Driver/stm32f7xx_hal_cortex.d" -MT"Drivers/STM32F7xx_HAL_Driver/stm32f7xx_hal_cortex.o" --specs=nano.specs -mfpu=fpv5-d16 -mfloat-abi=hard -mthumb -o "Drivers/STM32F7xx_HAL_Driver/stm32f7xx_hal_cortex.o"
arm-none-eabi-gcc "C:/Users/Admin/STM32Cube/Repository/STM32Cube_FW_F7_V1.17.2/Drivers/STM32F7xx_HAL_Driver/Src/stm32f7xx_hal_dma.c" -mcpu=cortex-m7 -std=gnu11 -g3 -DDEBUG -DUSE_HAL_DRIVER -DSTM32F767xx -c -I../Core/Inc -IC:/Users/Admin/STM32Cube/Repository/STM32Cube_FW_F7_V1.17.2/Drivers/STM32F7xx_HAL_Driver/Inc -IC:/Users/Admin/STM32Cube/Repository/STM32Cube_FW_F7_V1.17.2/Drivers/STM32F7xx_HAL_Driver/Inc/Legacy -IC:/Users/Admin/STM32Cube/Repository/STM32Cube_FW_F7_V1.17.2/Drivers/CMSIS/Device/ST/STM32F7xx/Include -IC:/Users/Admin/STM32Cube/Repository/STM32Cube_FW_F7_V1.17.2/Drivers/CMSIS/Include -O0 -ffunction-sections -fdata-sections -Wall -fstack-usage -fcyclomatic-complexity -MMD -MP -MF"Drivers/STM32F7xx_HAL_Driver/stm32f7xx_hal_dma.d" -MT"Drivers/STM32F7xx_HAL_Driver/stm32f7xx_hal_dma.o" --specs=nano.specs -mfpu=fpv5-d16 -mfloat-abi=hard -mthumb -o "Drivers/STM32F7xx_HAL_Driver/stm32f7xx_hal_dma.o"
arm-none-eabi-gcc "C:/Users/Admin/STM32Cube/Repository/STM32Cube_FW_F7_V1.17.2/Drivers/STM32F7xx_HAL_Driver/Src/stm32f7xx_hal_dma_ex.c" -mcpu=cortex-m7 -std=gnu11 -g3 -DDEBUG -DUSE_HAL_DRIVER -DSTM32F767xx -c -I../Core/Inc -IC:/Users/Admin/STM32Cube/Repository/STM32Cube_FW_F7_V1.17.2/Drivers/STM32F7xx_HAL_Driver/Inc -IC:/Users/Admin/STM32Cube/Repository/STM32Cube_FW_F7_V1.17.2/Drivers/STM32F7xx_HAL_Driver/Inc/Legacy -IC:/Users/Admin/STM32Cube/Repository/STM32Cube_FW_F7_V1.17.2/Drivers/CMSIS/Device/ST/STM32F7xx/Include -IC:/Users/Admin/STM32Cube/Repository/STM32Cube_FW_F7_V1.17.2/Drivers/CMSIS/Include -O0 -ffunction-sections -fdata-sections -Wall -fstack-usage -fcyclomatic-complexity -MMD -MP -MF"Drivers/STM32F7xx_HAL_Driver/stm32f7xx_hal_dma_ex.d" -MT"Drivers/STM32F7xx_HAL_Driver/stm32f7xx_hal_dma_ex.o" --specs=nano.specs -mfpu=fpv5-d16 -mfloat-abi=hard -mthumb -o "Drivers/STM32F7xx_HAL_Driver/stm32f7xx_hal_dma_ex.o"
arm-none-eabi-gcc "C:/Users/Admin/STM32Cube/Repository/STM32Cube_FW_F7_V1.17.2/Drivers/STM32F7xx_HAL_Driver/Src/stm32f7xx_hal_exti.c" -mcpu=cortex-m7 -std=gnu11 -g3 -DDEBUG -DUSE_HAL_DRIVER -DSTM32F767xx -c -I../Core/Inc -IC:/Users/Admin/STM32Cube/Repository/STM32Cube_FW_F7_V1.17.2/Drivers/STM32F7xx_HAL_Driver/Inc -IC:/Users/Admin/STM32Cube/Repository/STM32Cube_FW_F7_V1.17.2/Drivers/STM32F7xx_HAL_Driver/Inc/Legacy -IC:/Users/Admin/STM32Cube/Repository/STM32Cube_FW_F7_V1.17.2/Drivers/CMSIS/Device/ST/STM32F7xx/Include -IC:/Users/Admin/STM32Cube/Repository/STM32Cube_FW_F7_V1.17.2/Drivers/CMSIS/Include -O0 -ffunction-sections -fdata-sections -Wall -fstack-usage -fcyclomatic-complexity -MMD -MP -MF"Drivers/STM32F7xx_HAL_Driver/stm32f7xx_hal_exti.d" -MT"Drivers/STM32F7xx_HAL_Driver/stm32f7xx_hal_exti.o" --specs=nano.specs -mfpu=fpv5-d16 -mfloat-abi=hard -mthumb -o "Drivers/STM32F7xx_HAL_Driver/stm32f7xx_hal_exti.o"
arm-none-eabi-gcc "C:/Users/Admin/STM32Cube/Repository/STM32Cube_FW_F7_V1.17.2/Drivers/STM32F7xx_HAL_Driver/Src/stm32f7xx_hal_flash.c" -mcpu=cortex-m7 -std=gnu11 -g3 -DDEBUG -DUSE_HAL_DRIVER -DSTM32F767xx -c -I../Core/Inc -IC:/Users/Admin/STM32Cube/Repository/STM32Cube_FW_F7_V1.17.2/Drivers/STM32F7xx_HAL_Driver/Inc -IC:/Users/Admin/STM32Cube/Repository/STM32Cube_FW_F7_V1.17.2/Drivers/STM32F7xx_HAL_Driver/Inc/Legacy -IC:/Users/Admin/STM32Cube/Repository/STM32Cube_FW_F7_V1.17.2/Drivers/CMSIS/Device/ST/STM32F7xx/Include -IC:/Users/Admin/STM32Cube/Repository/STM32Cube_FW_F7_V1.17.2/Drivers/CMSIS/Include -O0 -ffunction-sections -fdata-sections -Wall -fstack-usage -fcyclomatic-complexity -MMD -MP -MF"Drivers/STM32F7xx_HAL_Driver/stm32f7xx_hal_flash.d" -MT"Drivers/STM32F7xx_HAL_Driver/stm32f7xx_hal_flash.o" --specs=nano.specs -mfpu=fpv5-d16 -mfloat-abi=hard -mthumb -o "Drivers/STM32F7xx_HAL_Driver/stm32f7xx_hal_flash.o"
arm-none-eabi-gcc "C:/Users/Admin/STM32Cube/Repository/STM32Cube_FW_F7_V1.17.2/Drivers/STM32F7xx_HAL_Driver/Src/stm32f7xx_hal_flash_ex.c" -mcpu=cortex-m7 -std=gnu11 -g3 -DDEBUG -DUSE_HAL_DRIVER -DSTM32F767xx -c -I../Core/Inc -IC:/Users/Admin/STM32Cube/Repository/STM32Cube_FW_F7_V1.17.2/Drivers/STM32F7xx_HAL_Driver/Inc -IC:/Users/Admin/STM32Cube/Repository/STM32Cube_FW_F7_V1.17.2/Drivers/STM32F7xx_HAL_Driver/Inc/Legacy -IC:/Users/Admin/STM32Cube/Repository/STM32Cube_FW_F7_V1.17.2/Drivers/CMSIS/Device/ST/STM32F7xx/Include -IC:/Users/Admin/STM32Cube/Repository/STM32Cube_FW_F7_V1.17.2/Drivers/CMSIS/Include -O0 -ffunction-sections -fdata-sections -Wall -fstack-usage -fcyclomatic-complexity -MMD -MP -MF"Drivers/STM32F7xx_HAL_Driver/stm32f7xx_hal_flash_ex.d" -MT"Drivers/STM32F7xx_HAL_Driver/stm32f7xx_hal_flash_ex.o" --specs=nano.specs -mfpu=fpv5-d16 -mfloat-abi=hard -mthumb -o "Drivers/STM32F7xx_HAL_Driver/stm32f7xx_hal_flash_ex.o"
arm-none-eabi-gcc "C:/Users/Admin/STM32Cube/Repository/STM32Cube_FW_F7_V1.17.2/Drivers/STM32F7xx_HAL_Driver/Src/stm32f7xx_hal_gpio.c" -mcpu=cortex-m7 -std=gnu11 -g3 -DDEBUG -DUSE_HAL_DRIVER -DSTM32F767xx -c -I../Core/Inc -IC:/Users/Admin/STM32Cube/Repository/STM32Cube_FW_F7_V1.17.2/Drivers/STM32F7xx_HAL_Driver/Inc -IC:/Users/Admin/STM32Cube/Repository/STM32Cube_FW_F7_V1.17.2/Drivers/STM32F7xx_HAL_Driver/Inc/Legacy -IC:/Users/Admin/STM32Cube/Repository/STM32Cube_FW_F7_V1.17.2/Drivers/CMSIS/Device/ST/STM32F7xx/Include -IC:/Users/Admin/STM32Cube/Repository/STM32Cube_FW_F7_V1.17.2/Drivers/CMSIS/Include -O0 -ffunction-sections -fdata-sections -Wall -fstack-usage -fcyclomatic-complexity -MMD -MP -MF"Drivers/STM32F7xx_HAL_Driver/stm32f7xx_hal_gpio.d" -MT"Drivers/STM32F7xx_HAL_Driver/stm32f7xx_hal_gpio.o" --specs=nano.specs -mfpu=fpv5-d16 -mfloat-abi=hard -mthumb -o "Drivers/STM32F7xx_HAL_Driver/stm32f7xx_hal_gpio.o"
arm-none-eabi-gcc "C:/Users/Admin/STM32Cube/Repository/STM32Cube_FW_F7_V1.17.2/Drivers/STM32F7xx_HAL_Driver/Src/stm32f7xx_hal_i2c.c" -mcpu=cortex-m7 -std=gnu11 -g3 -DDEBUG -DUSE_HAL_DRIVER -DSTM32F767xx -c -I../Core/Inc -IC:/Users/Admin/STM32Cube/Repository/STM32Cube_FW_F7_V1.17.2/Drivers/STM32F7xx_HAL_Driver/Inc -IC:/Users/Admin/STM32Cube/Repository/STM32Cube_FW_F7_V1.17.2/Drivers/STM32F7xx_HAL_Driver/Inc/Legacy -IC:/Users/Admin/STM32Cube/Repository/STM32Cube_FW_F7_V1.17.2/Drivers/CMSIS/Device/ST/STM32F7xx/Include -IC:/Users/Admin/STM32Cube/Repository/STM32Cube_FW_F7_V1.17.2/Drivers/CMSIS/Include -O0 -ffunction-sections -fdata-sections -Wall -fstack-usage -fcyclomatic-complexity -MMD -MP -MF"Drivers/STM32F7xx_HAL_Driver/stm32f7xx_hal_i2c.d" -MT"Drivers/STM32F7xx_HAL_Driver/stm32f7xx_hal_i2c.o" --specs=nano.specs -mfpu=fpv5-d16 -mfloat-abi=hard -mthumb -o "Drivers/STM32F7xx_HAL_Driver/stm32f7xx_hal_i2c.o"
arm-none-eabi-gcc "C:/Users/Admin/STM32Cube/Repository/STM32Cube_FW_F7_V1.17.2/Drivers/STM32F7xx_HAL_Driver/Src/stm32f7xx_hal_i2c_ex.c" -mcpu=cortex-m7 -std=gnu11 -g3 -DDEBUG -DUSE_HAL_DRIVER -DSTM32F767xx -c -I../Core/Inc -IC:/Users/Admin/STM32Cube/Repository/STM32Cube_FW_F7_V1.17.2/Drivers/STM32F7xx_HAL_Driver/Inc -IC:/Users/Admin/STM32Cube/Repository/STM32Cube_FW_F7_V1.17.2/Drivers/STM32F7xx_HAL_Driver/Inc/Legacy -IC:/Users/Admin/STM32Cube/Repository/STM32Cube_FW_F7_V1.17.2/Drivers/CMSIS/Device/ST/STM32F7xx/Include -IC:/Users/Admin/STM32Cube/Repository/STM32Cube_FW_F7_V1.17.2/Drivers/CMSIS/Include -O0 -ffunction-sections -fdata-sections -Wall -fstack-usage -fcyclomatic-complexity -MMD -MP -MF"Drivers/STM32F7xx_HAL_Driver/stm32f7xx_hal_i2c_ex.d" -MT"Drivers/STM32F7xx_HAL_Driver/stm32f7xx_hal_i2c_ex.o" --specs=nano.specs -mfpu=fpv5-d16 -mfloat-abi=hard -mthumb -o "Drivers/STM32F7xx_HAL_Driver/stm32f7xx_hal_i2c_ex.o"
arm-none-eabi-gcc "C:/Users/Admin/STM32Cube/Repository/STM32Cube_FW_F7_V1.17.2/Drivers/STM32F7xx_HAL_Driver/Src/stm32f7xx_hal_pwr.c" -mcpu=cortex-m7 -std=gnu11 -g3 -DDEBUG -DUSE_HAL_DRIVER -DSTM32F767xx -c -I../Core/Inc -IC:/Users/Admin/STM32Cube/Repository/STM32Cube_FW_F7_V1.17.2/Drivers/STM32F7xx_HAL_Driver/Inc -IC:/Users/Admin/STM32Cube/Repository/STM32Cube_FW_F7_V1.17.2/Drivers/STM32F7xx_HAL_Driver/Inc/Legacy -IC:/Users/Admin/STM32Cube/Repository/STM32Cube_FW_F7_V1.17.2/Drivers/CMSIS/Device/ST/STM32F7xx/Include -IC:/Users/Admin/STM32Cube/Repository/STM32Cube_FW_F7_V1.17.2/Drivers/CMSIS/Include -O0 -ffunction-sections -fdata-sections -Wall -fstack-usage -fcyclomatic-complexity -MMD -MP -MF"Drivers/STM32F7xx_HAL_Driver/stm32f7xx_hal_pwr.d" -MT"Drivers/STM32F7xx_HAL_Driver/stm32f7xx_hal_pwr.o" --specs=nano.specs -mfpu=fpv5-d16 -mfloat-abi=hard -mthumb -o "Drivers/STM32F7xx_HAL_Driver/stm32f7xx_hal_pwr.o"
arm-none-eabi-gcc "C:/Users/Admin/STM32Cube/Repository/STM32Cube_FW_F7_V1.17.2/Drivers/STM32F7xx_HAL_Driver/Src/stm32f7xx_hal_pwr_ex.c" -mcpu=cortex-m7 -std=gnu11 -g3 -DDEBUG -DUSE_HAL_DRIVER -DSTM32F767xx -c -I../Core/Inc -IC:/Users/Admin/STM32Cube/Repository/STM32Cube_FW_F7_V1.17.2/Drivers/STM32F7xx_HAL_Driver/Inc -IC:/Users/Admin/STM32Cube/Repository/STM32Cube_FW_F7_V1.17.2/Drivers/STM32F7xx_HAL_Driver/Inc/Legacy -IC:/Users/Admin/STM32Cube/Repository/STM32Cube_FW_F7_V1.17.2/Drivers/CMSIS/Device/ST/STM32F7xx/Include -IC:/Users/Admin/STM32Cube/Repository/STM32Cube_FW_F7_V1.17.2/Drivers/CMSIS/Include -O0 -ffunction-sections -fdata-sections -Wall -fstack-usage -fcyclomatic-complexity -MMD -MP -MF"Drivers/STM32F7xx_HAL_Driver/stm32f7xx_hal_pwr_ex.d" -MT"Drivers/STM32F7xx_HAL_Driver/stm32f7xx_hal_pwr_ex.o" --specs=nano.specs -mfpu=fpv5-d16 -mfloat-abi=hard -mthumb -o "Drivers/STM32F7xx_HAL_Driver/stm32f7xx_hal_pwr_ex.o"
arm-none-eabi-gcc "C:/Users/Admin/STM32Cube/Repository/STM32Cube_FW_F7_V1.17.2/Drivers/STM32F7xx_HAL_Driver/Src/stm32f7xx_hal_rcc.c" -mcpu=cortex-m7 -std=gnu11 -g3 -DDEBUG -DUSE_HAL_DRIVER -DSTM32F767xx -c -I../Core/Inc -IC:/Users/Admin/STM32Cube/Repository/STM32Cube_FW_F7_V1.17.2/Drivers/STM32F7xx_HAL_Driver/Inc -IC:/Users/Admin/STM32Cube/Repository/STM32Cube_FW_F7_V1.17.2/Drivers/STM32F7xx_HAL_Driver/Inc/Legacy -IC:/Users/Admin/STM32Cube/Repository/STM32Cube_FW_F7_V1.17.2/Drivers/CMSIS/Device/ST/STM32F7xx/Include -IC:/Users/Admin/STM32Cube/Repository/STM32Cube_FW_F7_V1.17.2/Drivers/CMSIS/Include -O0 -ffunction-sections -fdata-sections -Wall -fstack-usage -fcyclomatic-complexity -MMD -MP -MF"Drivers/STM32F7xx_HAL_Driver/stm32f7xx_hal_rcc.d" -MT"Drivers/STM32F7xx_HAL_Driver/stm32f7xx_hal_rcc.o" --specs=nano.specs -mfpu=fpv5-d16 -mfloat-abi=hard -mthumb -o "Drivers/STM32F7xx_HAL_Driver/stm32f7xx_hal_rcc.o"
arm-none-eabi-gcc "C:/Users/Admin/STM32Cube/Repository/STM32Cube_FW_F7_V1.17.2/Drivers/STM32F7xx_HAL_Driver/Src/stm32f7xx_hal_rcc_ex.c" -mcpu=cortex-m7 -std=gnu11 -g3 -DDEBUG -DUSE_HAL_DRIVER -DSTM32F767xx -c -I../Core/Inc -IC:/Users/Admin/STM32Cube/Repository/STM32Cube_FW_F7_V1.17.2/Drivers/STM32F7xx_HAL_Driver/Inc -IC:/Users/Admin/STM32Cube/Repository/STM32Cube_FW_F7_V1.17.2/Drivers/STM32F7xx_HAL_Driver/Inc/Legacy -IC:/Users/Admin/STM32Cube/Repository/STM32Cube_FW_F7_V1.17.2/Drivers/CMSIS/Device/ST/STM32F7xx/Include -IC:/Users/Admin/STM32Cube/Repository/STM32Cube_FW_F7_V1.17.2/Drivers/CMSIS/Include -O0 -ffunction-sections -fdata-sections -Wall -fstack-usage -fcyclomatic-complexity -MMD -MP -MF"Drivers/STM32F7xx_HAL_Driver/stm32f7xx_hal_rcc_ex.d" -MT"Drivers/STM32F7xx_HAL_Driver/stm32f7xx_hal_rcc_ex.o" --specs=nano.specs -mfpu=fpv5-d16 -mfloat-abi=hard -mthumb -o "Drivers/STM32F7xx_HAL_Driver/stm32f7xx_hal_rcc_ex.o"
arm-none-eabi-gcc "C:/Users/Admin/STM32Cube/Repository/STM32Cube_FW_F7_V1.17.2/Drivers/STM32F7xx_HAL_Driver/Src/stm32f7xx_hal_tim.c" -mcpu=cortex-m7 -std=gnu11 -g3 -DDEBUG -DUSE_HAL_DRIVER -DSTM32F767xx -c -I../Core/Inc -IC:/Users/Admin/STM32Cube/Repository/STM32Cube_FW_F7_V1.17.2/Drivers/STM32F7xx_HAL_Driver/Inc -IC:/Users/Admin/STM32Cube/Repository/STM32Cube_FW_F7_V1.17.2/Drivers/STM32F7xx_HAL_Driver/Inc/Legacy -IC:/Users/Admin/STM32Cube/Repository/STM32Cube_FW_F7_V1.17.2/Drivers/CMSIS/Device/ST/STM32F7xx/Include -IC:/Users/Admin/STM32Cube/Repository/STM32Cube_FW_F7_V1.17.2/Drivers/CMSIS/Include -O0 -ffunction-sections -fdata-sections -Wall -fstack-usage -fcyclomatic-complexity -MMD -MP -MF"Drivers/STM32F7xx_HAL_Driver/stm32f7xx_hal_tim.d" -MT"Drivers/STM32F7xx_HAL_Driver/stm32f7xx_hal_tim.o" --specs=nano.specs -mfpu=fpv5-d16 -mfloat-abi=hard -mthumb -o "Drivers/STM32F7xx_HAL_Driver/stm32f7xx_hal_tim.o"
arm-none-eabi-gcc "C:/Users/Admin/STM32Cube/Repository/STM32Cube_FW_F7_V1.17.2/Drivers/STM32F7xx_HAL_Driver/Src/stm32f7xx_hal_tim_ex.c" -mcpu=cortex-m7 -std=gnu11 -g3 -DDEBUG -DUSE_HAL_DRIVER -DSTM32F767xx -c -I../Core/Inc -IC:/Users/Admin/STM32Cube/Repository/STM32Cube_FW_F7_V1.17.2/Drivers/STM32F7xx_HAL_Driver/Inc -IC:/Users/Admin/STM32Cube/Repository/STM32Cube_FW_F7_V1.17.2/Drivers/STM32F7xx_HAL_Driver/Inc/Legacy -IC:/Users/Admin/STM32Cube/Repository/STM32Cube_FW_F7_V1.17.2/Drivers/CMSIS/Device/ST/STM32F7xx/Include -IC:/Users/Admin/STM32Cube/Repository/STM32Cube_FW_F7_V1.17.2/Drivers/CMSIS/Include -O0 -ffunction-sections -fdata-sections -Wall -fstack-usage -fcyclomatic-complexity -MMD -MP -MF"Drivers/STM32F7xx_HAL_Driver/stm32f7xx_hal_tim_ex.d" -MT"Drivers/STM32F7xx_HAL_Driver/stm32f7xx_hal_tim_ex.o" --specs=nano.specs -mfpu=fpv5-d16 -mfloat-abi=hard -mthumb -o "Drivers/STM32F7xx_HAL_Driver/stm32f7xx_hal_tim_ex.o"
arm-none-eabi-gcc -mcpu=cortex-m7 -g3 -DDEBUG -c -x assembler-with-cpp -MMD -MP -MF"Core/Startup/startup_stm32f767zitx.d" -MT"Core/Startup/startup_stm32f767zitx.o" --specs=nano.specs -mfpu=fpv5-d16 -mfloat-abi=hard -mthumb -o "Core/Startup/startup_stm32f767zitx.o" "../Core/Startup/startup_stm32f767zitx.s"
arm-none-eabi-gcc "../Core/Src/main.c" -mcpu=cortex-m7 -std=gnu11 -g3 -DDEBUG -DUSE_HAL_DRIVER -DSTM32F767xx -c -I../Core/Inc -IC:/Users/Admin/STM32Cube/Repository/STM32Cube_FW_F7_V1.17.2/Drivers/STM32F7xx_HAL_Driver/Inc -IC:/Users/Admin/STM32Cube/Repository/STM32Cube_FW_F7_V1.17.2/Drivers/STM32F7xx_HAL_Driver/Inc/Legacy -IC:/Users/Admin/STM32Cube/Repository/STM32Cube_FW_F7_V1.17.2/Drivers/CMSIS/Device/ST/STM32F7xx/Include -IC:/Users/Admin/STM32Cube/Repository/STM32Cube_FW_F7_V1.17.2/Drivers/CMSIS/Include -O0 -ffunction-sections -fdata-sections -Wall -fstack-usage -fcyclomatic-complexity -MMD -MP -MF"Core/Src/main.d" -MT"Core/Src/main.o" --specs=nano.specs -mfpu=fpv5-d16 -mfloat-abi=hard -mthumb -o "Core/Src/main.o"
arm-none-eabi-gcc "../Core/Src/stm32f7xx_hal_msp.c" -mcpu=cortex-m7 -std=gnu11 -g3 -DDEBUG -DUSE_HAL_DRIVER -DSTM32F767xx -c -I../Core/Inc -IC:/Users/Admin/STM32Cube/Repository/STM32Cube_FW_F7_V1.17.2/Drivers/STM32F7xx_HAL_Driver/Inc -IC:/Users/Admin/STM32Cube/Repository/STM32Cube_FW_F7_V1.17.2/Drivers/STM32F7xx_HAL_Driver/Inc/Legacy -IC:/Users/Admin/STM32Cube/Repository/STM32Cube_FW_F7_V1.17.2/Drivers/CMSIS/Device/ST/STM32F7xx/Include -IC:/Users/Admin/STM32Cube/Repository/STM32Cube_FW_F7_V1.17.2/Drivers/CMSIS/Include -O0 -ffunction-sections -fdata-sections -Wall -fstack-usage -fcyclomatic-complexity -MMD -MP -MF"Core/Src/stm32f7xx_hal_msp.d" -MT"Core/Src/stm32f7xx_hal_msp.o" --specs=nano.specs -mfpu=fpv5-d16 -mfloat-abi=hard -mthumb -o "Core/Src/stm32f7xx_hal_msp.o"
arm-none-eabi-gcc "../Core/Src/stm32f7xx_it.c" -mcpu=cortex-m7 -std=gnu11 -g3 -DDEBUG -DUSE_HAL_DRIVER -DSTM32F767xx -c -I../Core/Inc -IC:/Users/Admin/STM32Cube/Repository/STM32Cube_FW_F7_V1.17.2/Drivers/STM32F7xx_HAL_Driver/Inc -IC:/Users/Admin/STM32Cube/Repository/STM32Cube_FW_F7_V1.17.2/Drivers/STM32F7xx_HAL_Driver/Inc/Legacy -IC:/Users/Admin/STM32Cube/Repository/STM32Cube_FW_F7_V1.17.2/Drivers/CMSIS/Device/ST/STM32F7xx/Include -IC:/Users/Admin/STM32Cube/Repository/STM32Cube_FW_F7_V1.17.2/Drivers/CMSIS/Include -O0 -ffunction-sections -fdata-sections -Wall -fstack-usage -fcyclomatic-complexity -MMD -MP -MF"Core/Src/stm32f7xx_it.d" -MT"Core/Src/stm32f7xx_it.o" --specs=nano.specs -mfpu=fpv5-d16 -mfloat-abi=hard -mthumb -o "Core/Src/stm32f7xx_it.o"
arm-none-eabi-gcc "../Core/Src/syscalls.c" -mcpu=cortex-m7 -std=gnu11 -g3 -DDEBUG -DUSE_HAL_DRIVER -DSTM32F767xx -c -I../Core/Inc -IC:/Users/Admin/STM32Cube/Repository/STM32Cube_FW_F7_V1.17.2/Drivers/STM32F7xx_HAL_Driver/Inc -IC:/Users/Admin/STM32Cube/Repository/STM32Cube_FW_F7_V1.17.2/Drivers/STM32F7xx_HAL_Driver/Inc/Legacy -IC:/Users/Admin/STM32Cube/Repository/STM32Cube_FW_F7_V1.17.2/Drivers/CMSIS/Device/ST/STM32F7xx/Include -IC:/Users/Admin/STM32Cube/Repository/STM32Cube_FW_F7_V1.17.2/Drivers/CMSIS/Include -O0 -ffunction-sections -fdata-sections -Wall -fstack-usage -fcyclomatic-complexity -MMD -MP -MF"Core/Src/syscalls.d" -MT"Core/Src/syscalls.o" --specs=nano.specs -mfpu=fpv5-d16 -mfloat-abi=hard -mthumb -o "Core/Src/syscalls.o"
arm-none-eabi-gcc "../Core/Src/sysmem.c" -mcpu=cortex-m7 -std=gnu11 -g3 -DDEBUG -DUSE_HAL_DRIVER -DSTM32F767xx -c -I../Core/Inc -IC:/Users/Admin/STM32Cube/Repository/STM32Cube_FW_F7_V1.17.2/Drivers/STM32F7xx_HAL_Driver/Inc -IC:/Users/Admin/STM32Cube/Repository/STM32Cube_FW_F7_V1.17.2/Drivers/STM32F7xx_HAL_Driver/Inc/Legacy -IC:/Users/Admin/STM32Cube/Repository/STM32Cube_FW_F7_V1.17.2/Drivers/CMSIS/Device/ST/STM32F7xx/Include -IC:/Users/Admin/STM32Cube/Repository/STM32Cube_FW_F7_V1.17.2/Drivers/CMSIS/Include -O0 -ffunction-sections -fdata-sections -Wall -fstack-usage -fcyclomatic-complexity -MMD -MP -MF"Core/Src/sysmem.d" -MT"Core/Src/sysmem.o" --specs=nano.specs -mfpu=fpv5-d16 -mfloat-abi=hard -mthumb -o "Core/Src/sysmem.o"
arm-none-eabi-gcc "../Core/Src/system_stm32f7xx.c" -mcpu=cortex-m7 -std=gnu11 -g3 -DDEBUG -DUSE_HAL_DRIVER -DSTM32F767xx -c -I../Core/Inc -IC:/Users/Admin/STM32Cube/Repository/STM32Cube_FW_F7_V1.17.2/Drivers/STM32F7xx_HAL_Driver/Inc -IC:/Users/Admin/STM32Cube/Repository/STM32Cube_FW_F7_V1.17.2/Drivers/STM32F7xx_HAL_Driver/Inc/Legacy -IC:/Users/Admin/STM32Cube/Repository/STM32Cube_FW_F7_V1.17.2/Drivers/CMSIS/Device/ST/STM32F7xx/Include -IC:/Users/Admin/STM32Cube/Repository/STM32Cube_FW_F7_V1.17.2/Drivers/CMSIS/Include -O0 -ffunction-sections -fdata-sections -Wall -fstack-usage -fcyclomatic-complexity -MMD -MP -MF"Core/Src/system_stm32f7xx.d" -MT"Core/Src/system_stm32f7xx.o" --specs=nano.specs -mfpu=fpv5-d16 -mfloat-abi=hard -mthumb -o "Core/Src/system_stm32f7xx.o"
../Core/Src/main.c:242:20: error: expected '=', ',', ';', 'asm' or '__attribute__' before '.' token
  242 |     GPIO_InitStruct.Pin = GPIO_PIN_0;
      |                    ^
../Core/Src/main.c:243:20: error: expected '=', ',', ';', 'asm' or '__attribute__' before '.' token
  243 |     GPIO_InitStruct.Mode = GPIO_MODE_AF_PP;
      |                    ^
../Core/Src/main.c:244:20: error: expected '=', ',', ';', 'asm' or '__attribute__' before '.' token
  244 |     GPIO_InitStruct.Pull = GPIO_NOPULL;
      |                    ^
../Core/Src/main.c:245:20: error: expected '=', ',', ';', 'asm' or '__attribute__' before '.' token
  245 |     GPIO_InitStruct.Speed = GPIO_SPEED_FREQ_LOW;
      |                    ^
../Core/Src/main.c:246:20: error: expected '=', ',', ';', 'asm' or '__attribute__' before '.' token
  246 |     GPIO_InitStruct.Alternate = GPIO_AF1_TIM2;
      |                    ^
In file included from C:/Users/Admin/STM32Cube/Repository/STM32Cube_FW_F7_V1.17.2/Drivers/CMSIS/Device/ST/STM32F7xx/Include/stm32f7xx.h:133,
                 from C:/Users/Admin/STM32Cube/Repository/STM32Cube_FW_F7_V1.17.2/Drivers/STM32F7xx_HAL_Driver/Inc/stm32f7xx_hal_def.h:29,
                 from C:/Users/Admin/STM32Cube/Repository/STM32Cube_FW_F7_V1.17.2/Drivers/STM32F7xx_HAL_Driver/Inc/stm32f7xx_hal_rcc.h:27,
                 from ../Core/Inc/stm32f7xx_hal_conf.h:271,
                 from C:/Users/Admin/STM32Cube/Repository/STM32Cube_FW_F7_V1.17.2/Drivers/STM32F7xx_HAL_Driver/Inc/stm32f7xx_hal.h:29,
                 from ../Core/Inc/main.h:30,
                 from ../Core/Src/main.c:20:
C:/Users/Admin/STM32Cube/Repository/STM32Cube_FW_F7_V1.17.2/Drivers/CMSIS/Device/ST/STM32F7xx/Include/stm32f767xx.h:1534:29: error: expected declaration specifiers or '...' before '(' token
 1534 | #define GPIOA               ((GPIO_TypeDef *) GPIOA_BASE)
      |                             ^
../Core/Src/main.c:247:19: note: in expansion of macro 'GPIOA'
  247 |     HAL_GPIO_Init(GPIOA, &GPIO_InitStruct);
      |                   ^~~~~
../Core/Src/main.c:247:26: error: expected declaration specifiers or '...' before '&' token
  247 |     HAL_GPIO_Init(GPIOA, &GPIO_InitStruct);
      |                          ^
../Core/Src/main.c:250:20: error: expected '=', ',', ';', 'asm' or '__attribute__' before '.' token
  250 |     GPIO_InitStruct.Pin = GPIO_PIN_1;
      |                    ^
C:/Users/Admin/STM32Cube/Repository/STM32Cube_FW_F7_V1.17.2/Drivers/CMSIS/Device/ST/STM32F7xx/Include/stm32f767xx.h:1534:29: error: expected declaration specifiers or '...' before '(' token
 1534 | #define GPIOA               ((GPIO_TypeDef *) GPIOA_BASE)
      |                             ^
../Core/Src/main.c:251:19: note: in expansion of macro 'GPIOA'
  251 |     HAL_GPIO_Init(GPIOA, &GPIO_InitStruct);
      |                   ^~~~~
../Core/Src/main.c:251:26: error: expected declaration specifiers or '...' before '&' token
  251 |     HAL_GPIO_Init(GPIOA, &GPIO_InitStruct);
      |                          ^
../Core/Src/main.c:254:20: error: expected '=', ',', ';', 'asm' or '__attribute__' before '.' token
  254 |     GPIO_InitStruct.Pin = GPIO_PIN_2;
      |                    ^
C:/Users/Admin/STM32Cube/Repository/STM32Cube_FW_F7_V1.17.2/Drivers/CMSIS/Device/ST/STM32F7xx/Include/stm32f767xx.h:1534:29: error: expected declaration specifiers or '...' before '(' token
 1534 | #define GPIOA               ((GPIO_TypeDef *) GPIOA_BASE)
      |                             ^
../Core/Src/main.c:255:19: note: in expansion of macro 'GPIOA'
  255 |     HAL_GPIO_Init(GPIOA, &GPIO_InitStruct);
      |                   ^~~~~
../Core/Src/main.c:255:26: error: expected declaration specifiers or '...' before '&' token
  255 |     HAL_GPIO_Init(GPIOA, &GPIO_InitStruct);
      |                          ^
../Core/Src/main.c:256:1: error: expected identifier or '(' before '}' token
  256 | }
      | ^
make: *** [Core/Src/subdir.mk:34: Core/Src/main.o] Error 1
make: *** Waiting for unfinished jobs....
"make -j12 all" terminated with exit code 2. Build might be incomplete.
10:14:02 **** Incremental Build of configuration Debug for project lab7 ****
make -j12 all 
arm-none-eabi-gcc "../Core/Src/main.c" -mcpu=cortex-m7 -std=gnu11 -g3 -DDEBUG -DUSE_HAL_DRIVER -DSTM32F767xx -c -I../Core/Inc -IC:/Users/Admin/STM32Cube/Repository/STM32Cube_FW_F7_V1.17.2/Drivers/STM32F7xx_HAL_Driver/Inc -IC:/Users/Admin/STM32Cube/Repository/STM32Cube_FW_F7_V1.17.2/Drivers/STM32F7xx_HAL_Driver/Inc/Legacy -IC:/Users/Admin/STM32Cube/Repository/STM32Cube_FW_F7_V1.17.2/Drivers/CMSIS/Device/ST/STM32F7xx/Include -IC:/Users/Admin/STM32Cube/Repository/STM32Cube_FW_F7_V1.17.2/Drivers/CMSIS/Include -O0 -ffunction-sections -fdata-sections -Wall -fstack-usage -fcyclomatic-complexity -MMD -MP -MF"Core/Src/main.d" -MT"Core/Src/main.o" --specs=nano.specs -mfpu=fpv5-d16 -mfloat-abi=hard -mthumb -o "Core/Src/main.o"
../Core/Src/main.c:242:24: error: expected '=', ',', ';', 'asm' or '__attribute__' before '.' token
  242 |         GPIO_InitStruct.Pin = GPIO_PIN_0;
      |                        ^
../Core/Src/main.c:243:20: error: expected '=', ',', ';', 'asm' or '__attribute__' before '.' token
  243 |     GPIO_InitStruct.Mode = GPIO_MODE_AF_PP;
      |                    ^
../Core/Src/main.c:244:20: error: expected '=', ',', ';', 'asm' or '__attribute__' before '.' token
  244 |     GPIO_InitStruct.Pull = GPIO_NOPULL;
      |                    ^
../Core/Src/main.c:245:20: error: expected '=', ',', ';', 'asm' or '__attribute__' before '.' token
  245 |     GPIO_InitStruct.Speed = GPIO_SPEED_FREQ_LOW;
      |                    ^
../Core/Src/main.c:246:20: error: expected '=', ',', ';', 'asm' or '__attribute__' before '.' token
  246 |     GPIO_InitStruct.Alternate = GPIO_AF1_TIM2;
      |                    ^
In file included from C:/Users/Admin/STM32Cube/Repository/STM32Cube_FW_F7_V1.17.2/Drivers/CMSIS/Device/ST/STM32F7xx/Include/stm32f7xx.h:133,
                 from C:/Users/Admin/STM32Cube/Repository/STM32Cube_FW_F7_V1.17.2/Drivers/STM32F7xx_HAL_Driver/Inc/stm32f7xx_hal_def.h:29,
                 from C:/Users/Admin/STM32Cube/Repository/STM32Cube_FW_F7_V1.17.2/Drivers/STM32F7xx_HAL_Driver/Inc/stm32f7xx_hal_rcc.h:27,
                 from ../Core/Inc/stm32f7xx_hal_conf.h:271,
                 from C:/Users/Admin/STM32Cube/Repository/STM32Cube_FW_F7_V1.17.2/Drivers/STM32F7xx_HAL_Driver/Inc/stm32f7xx_hal.h:29,
                 from ../Core/Inc/main.h:30,
                 from ../Core/Src/main.c:20:
C:/Users/Admin/STM32Cube/Repository/STM32Cube_FW_F7_V1.17.2/Drivers/CMSIS/Device/ST/STM32F7xx/Include/stm32f767xx.h:1534:29: error: expected declaration specifiers or '...' before '(' token
 1534 | #define GPIOA               ((GPIO_TypeDef *) GPIOA_BASE)
      |                             ^
../Core/Src/main.c:247:19: note: in expansion of macro 'GPIOA'
  247 |     HAL_GPIO_Init(GPIOA, &GPIO_InitStruct);
      |                   ^~~~~
../Core/Src/main.c:247:26: error: expected declaration specifiers or '...' before '&' token
  247 |     HAL_GPIO_Init(GPIOA, &GPIO_InitStruct);
      |                          ^
../Core/Src/main.c:250:20: error: expected '=', ',', ';', 'asm' or '__attribute__' before '.' token
  250 |     GPIO_InitStruct.Pin = GPIO_PIN_1;
      |                    ^
C:/Users/Admin/STM32Cube/Repository/STM32Cube_FW_F7_V1.17.2/Drivers/CMSIS/Device/ST/STM32F7xx/Include/stm32f767xx.h:1534:29: error: expected declaration specifiers or '...' before '(' token
 1534 | #define GPIOA               ((GPIO_TypeDef *) GPIOA_BASE)
      |                             ^
../Core/Src/main.c:251:19: note: in expansion of macro 'GPIOA'
  251 |     HAL_GPIO_Init(GPIOA, &GPIO_InitStruct);
      |                   ^~~~~
../Core/Src/main.c:251:26: error: expected declaration specifiers or '...' before '&' token
  251 |     HAL_GPIO_Init(GPIOA, &GPIO_InitStruct);
      |                          ^
../Core/Src/main.c:254:20: error: expected '=', ',', ';', 'asm' or '__attribute__' before '.' token
  254 |     GPIO_InitStruct.Pin = GPIO_PIN_2;
      |                    ^
C:/Users/Admin/STM32Cube/Repository/STM32Cube_FW_F7_V1.17.2/Drivers/CMSIS/Device/ST/STM32F7xx/Include/stm32f767xx.h:1534:29: error: expected declaration specifiers or '...' before '(' token
 1534 | #define GPIOA               ((GPIO_TypeDef *) GPIOA_BASE)
      |                             ^
../Core/Src/main.c:255:19: note: in expansion of macro 'GPIOA'
  255 |     HAL_GPIO_Init(GPIOA, &GPIO_InitStruct);
      |                   ^~~~~
../Core/Src/main.c:255:26: error: expected declaration specifiers or '...' before '&' token
  255 |     HAL_GPIO_Init(GPIOA, &GPIO_InitStruct);
      |                          ^
../Core/Src/main.c:256:1: error: expected identifier or '(' before '}' token
  256 | }
      | ^
make: *** [Core/Src/subdir.mk:34: Core/Src/main.o] Error 1
"make -j12 all" terminated with exit code 2. Build might be incomplete.
10:15:44 **** Incremental Build of configuration Debug for project lab7 ****
make -j12 all 
arm-none-eabi-gcc "../Core/Src/main.c" -mcpu=cortex-m7 -std=gnu11 -g3 -DDEBUG -DUSE_HAL_DRIVER -DSTM32F767xx -c -I../Core/Inc -IC:/Users/Admin/STM32Cube/Repository/STM32Cube_FW_F7_V1.17.2/Drivers/STM32F7xx_HAL_Driver/Inc -IC:/Users/Admin/STM32Cube/Repository/STM32Cube_FW_F7_V1.17.2/Drivers/STM32F7xx_HAL_Driver/Inc/Legacy -IC:/Users/Admin/STM32Cube/Repository/STM32Cube_FW_F7_V1.17.2/Drivers/CMSIS/Device/ST/STM32F7xx/Include -IC:/Users/Admin/STM32Cube/Repository/STM32Cube_FW_F7_V1.17.2/Drivers/CMSIS/Include -O0 -ffunction-sections -fdata-sections -Wall -fstack-usage -fcyclomatic-complexity -MMD -MP -MF"Core/Src/main.d" -MT"Core/Src/main.o" --specs=nano.specs -mfpu=fpv5-d16 -mfloat-abi=hard -mthumb -o "Core/Src/main.o"
../Core/Src/main.c:242:24: error: expected '=', ',', ';', 'asm' or '__attribute__' before '.' token
  242 |         GPIO_InitStruct.Pin = GPIO_PIN_0;
      |                        ^
../Core/Src/main.c:243:20: error: expected '=', ',', ';', 'asm' or '__attribute__' before '.' token
  243 |     GPIO_InitStruct.Mode = GPIO_MODE_AF_PP;
      |                    ^
../Core/Src/main.c:244:20: error: expected '=', ',', ';', 'asm' or '__attribute__' before '.' token
  244 |     GPIO_InitStruct.Pull = GPIO_NOPULL;
      |                    ^
../Core/Src/main.c:245:20: error: expected '=', ',', ';', 'asm' or '__attribute__' before '.' token
  245 |     GPIO_InitStruct.Speed = GPIO_SPEED_FREQ_LOW;
      |                    ^
../Core/Src/main.c:246:20: error: expected '=', ',', ';', 'asm' or '__attribute__' before '.' token
  246 |     GPIO_InitStruct.Alternate = GPIO_AF1_TIM2;
      |                    ^
In file included from C:/Users/Admin/STM32Cube/Repository/STM32Cube_FW_F7_V1.17.2/Drivers/CMSIS/Device/ST/STM32F7xx/Include/stm32f7xx.h:133,
                 from C:/Users/Admin/STM32Cube/Repository/STM32Cube_FW_F7_V1.17.2/Drivers/STM32F7xx_HAL_Driver/Inc/stm32f7xx_hal_def.h:29,
                 from C:/Users/Admin/STM32Cube/Repository/STM32Cube_FW_F7_V1.17.2/Drivers/STM32F7xx_HAL_Driver/Inc/stm32f7xx_hal_rcc.h:27,
                 from ../Core/Inc/stm32f7xx_hal_conf.h:271,
                 from C:/Users/Admin/STM32Cube/Repository/STM32Cube_FW_F7_V1.17.2/Drivers/STM32F7xx_HAL_Driver/Inc/stm32f7xx_hal.h:29,
                 from ../Core/Inc/main.h:30,
                 from ../Core/Src/main.c:20:
C:/Users/Admin/STM32Cube/Repository/STM32Cube_FW_F7_V1.17.2/Drivers/CMSIS/Device/ST/STM32F7xx/Include/stm32f767xx.h:1534:29: error: expected declaration specifiers or '...' before '(' token
 1534 | #define GPIOA               ((GPIO_TypeDef *) GPIOA_BASE)
      |                             ^
../Core/Src/main.c:247:19: note: in expansion of macro 'GPIOA'
  247 |     HAL_GPIO_Init(GPIOA, &GPIO_InitStruct);
      |                   ^~~~~
../Core/Src/main.c:247:26: error: expected declaration specifiers or '...' before '&' token
  247 |     HAL_GPIO_Init(GPIOA, &GPIO_InitStruct);
      |                          ^
../Core/Src/main.c:250:20: error: expected '=', ',', ';', 'asm' or '__attribute__' before '.' token
  250 |     GPIO_InitStruct.Pin = GPIO_PIN_1;
      |                    ^
C:/Users/Admin/STM32Cube/Repository/STM32Cube_FW_F7_V1.17.2/Drivers/CMSIS/Device/ST/STM32F7xx/Include/stm32f767xx.h:1534:29: error: expected declaration specifiers or '...' before '(' token
 1534 | #define GPIOA               ((GPIO_TypeDef *) GPIOA_BASE)
      |                             ^
../Core/Src/main.c:251:19: note: in expansion of macro 'GPIOA'
  251 |     HAL_GPIO_Init(GPIOA, &GPIO_InitStruct);
      |                   ^~~~~
../Core/Src/main.c:251:26: error: expected declaration specifiers or '...' before '&' token
  251 |     HAL_GPIO_Init(GPIOA, &GPIO_InitStruct);
      |                          ^
../Core/Src/main.c:254:20: error: expected '=', ',', ';', 'asm' or '__attribute__' before '.' token
  254 |     GPIO_InitStruct.Pin = GPIO_PIN_2;
      |                    ^
C:/Users/Admin/STM32Cube/Repository/STM32Cube_FW_F7_V1.17.2/Drivers/CMSIS/Device/ST/STM32F7xx/Include/stm32f767xx.h:1534:29: error: expected declaration specifiers or '...' before '(' token
 1534 | #define GPIOA               ((GPIO_TypeDef *) GPIOA_BASE)
      |                             ^
../Core/Src/main.c:255:19: note: in expansion of macro 'GPIOA'
  255 |     HAL_GPIO_Init(GPIOA, &GPIO_InitStruct);
      |                   ^~~~~
../Core/Src/main.c:255:26: error: expected declaration specifiers or '...' before '&' token
  255 |     HAL_GPIO_Init(GPIOA, &GPIO_InitStruct);
      |                          ^
../Core/Src/main.c:256:1: error: expected identifier or '(' before '}' token
  256 | }
      | ^
make: *** [Core/Src/subdir.mk:34: Core/Src/main.o] Error 1
"make -j12 all" terminated with exit code 2. Build might be incomplete.
10:15:48 **** Incremental Build of configuration Debug for project lab7 ****
make -j12 all 
arm-none-eabi-gcc "../Core/Src/main.c" -mcpu=cortex-m7 -std=gnu11 -g3 -DDEBUG -DUSE_HAL_DRIVER -DSTM32F767xx -c -I../Core/Inc -IC:/Users/Admin/STM32Cube/Repository/STM32Cube_FW_F7_V1.17.2/Drivers/STM32F7xx_HAL_Driver/Inc -IC:/Users/Admin/STM32Cube/Repository/STM32Cube_FW_F7_V1.17.2/Drivers/STM32F7xx_HAL_Driver/Inc/Legacy -IC:/Users/Admin/STM32Cube/Repository/STM32Cube_FW_F7_V1.17.2/Drivers/CMSIS/Device/ST/STM32F7xx/Include -IC:/Users/Admin/STM32Cube/Repository/STM32Cube_FW_F7_V1.17.2/Drivers/CMSIS/Include -O0 -ffunction-sections -fdata-sections -Wall -fstack-usage -fcyclomatic-complexity -MMD -MP -MF"Core/Src/main.d" -MT"Core/Src/main.o" --specs=nano.specs -mfpu=fpv5-d16 -mfloat-abi=hard -mthumb -o "Core/Src/main.o"
../Core/Src/main.c:242:24: error: expected '=', ',', ';', 'asm' or '__attribute__' before '.' token
  242 |         GPIO_InitStruct.Pin = GPIO_PIN_0;
      |                        ^
../Core/Src/main.c:243:20: error: expected '=', ',', ';', 'asm' or '__attribute__' before '.' token
  243 |     GPIO_InitStruct.Mode = GPIO_MODE_AF_PP;
      |                    ^
../Core/Src/main.c:244:20: error: expected '=', ',', ';', 'asm' or '__attribute__' before '.' token
  244 |     GPIO_InitStruct.Pull = GPIO_NOPULL;
      |                    ^
../Core/Src/main.c:245:20: error: expected '=', ',', ';', 'asm' or '__attribute__' before '.' token
  245 |     GPIO_InitStruct.Speed = GPIO_SPEED_FREQ_LOW;
      |                    ^
../Core/Src/main.c:246:20: error: expected '=', ',', ';', 'asm' or '__attribute__' before '.' token
  246 |     GPIO_InitStruct.Alternate = GPIO_AF1_TIM2;
      |                    ^
In file included from C:/Users/Admin/STM32Cube/Repository/STM32Cube_FW_F7_V1.17.2/Drivers/CMSIS/Device/ST/STM32F7xx/Include/stm32f7xx.h:133,
                 from C:/Users/Admin/STM32Cube/Repository/STM32Cube_FW_F7_V1.17.2/Drivers/STM32F7xx_HAL_Driver/Inc/stm32f7xx_hal_def.h:29,
                 from C:/Users/Admin/STM32Cube/Repository/STM32Cube_FW_F7_V1.17.2/Drivers/STM32F7xx_HAL_Driver/Inc/stm32f7xx_hal_rcc.h:27,
                 from ../Core/Inc/stm32f7xx_hal_conf.h:271,
                 from C:/Users/Admin/STM32Cube/Repository/STM32Cube_FW_F7_V1.17.2/Drivers/STM32F7xx_HAL_Driver/Inc/stm32f7xx_hal.h:29,
                 from ../Core/Inc/main.h:30,
                 from ../Core/Src/main.c:20:
C:/Users/Admin/STM32Cube/Repository/STM32Cube_FW_F7_V1.17.2/Drivers/CMSIS/Device/ST/STM32F7xx/Include/stm32f767xx.h:1534:29: error: expected declaration specifiers or '...' before '(' token
 1534 | #define GPIOA               ((GPIO_TypeDef *) GPIOA_BASE)
      |                             ^
../Core/Src/main.c:247:19: note: in expansion of macro 'GPIOA'
  247 |     HAL_GPIO_Init(GPIOA, &GPIO_InitStruct);
      |                   ^~~~~
../Core/Src/main.c:247:26: error: expected declaration specifiers or '...' before '&' token
  247 |     HAL_GPIO_Init(GPIOA, &GPIO_InitStruct);
      |                          ^
../Core/Src/main.c:250:20: error: expected '=', ',', ';', 'asm' or '__attribute__' before '.' token
  250 |     GPIO_InitStruct.Pin = GPIO_PIN_1;
      |                    ^
C:/Users/Admin/STM32Cube/Repository/STM32Cube_FW_F7_V1.17.2/Drivers/CMSIS/Device/ST/STM32F7xx/Include/stm32f767xx.h:1534:29: error: expected declaration specifiers or '...' before '(' token
 1534 | #define GPIOA               ((GPIO_TypeDef *) GPIOA_BASE)
      |                             ^
../Core/Src/main.c:251:19: note: in expansion of macro 'GPIOA'
  251 |     HAL_GPIO_Init(GPIOA, &GPIO_InitStruct);
      |                   ^~~~~
../Core/Src/main.c:251:26: error: expected declaration specifiers or '...' before '&' token
  251 |     HAL_GPIO_Init(GPIOA, &GPIO_InitStruct);
      |                          ^
../Core/Src/main.c:254:20: error: expected '=', ',', ';', 'asm' or '__attribute__' before '.' token
  254 |     GPIO_InitStruct.Pin = GPIO_PIN_2;
      |                    ^
C:/Users/Admin/STM32Cube/Repository/STM32Cube_FW_F7_V1.17.2/Drivers/CMSIS/Device/ST/STM32F7xx/Include/stm32f767xx.h:1534:29: error: expected declaration specifiers or '...' before '(' token
 1534 | #define GPIOA               ((GPIO_TypeDef *) GPIOA_BASE)
      |                             ^
../Core/Src/main.c:255:19: note: in expansion of macro 'GPIOA'
  255 |     HAL_GPIO_Init(GPIOA, &GPIO_InitStruct);
      |                   ^~~~~
../Core/Src/main.c:255:26: error: expected declaration specifiers or '...' before '&' token
  255 |     HAL_GPIO_Init(GPIOA, &GPIO_InitStruct);
      |                          ^
../Core/Src/main.c:256:1: error: expected identifier or '(' before '}' token
  256 | }
      | ^
make: *** [Core/Src/subdir.mk:34: Core/Src/main.o] Error 1
"make -j12 all" terminated with exit code 2. Build might be incomplete.
10:16:14 **** Incremental Build of configuration Debug for project lab7 ****
make -j12 all 
arm-none-eabi-gcc "../Core/Src/main.c" -mcpu=cortex-m7 -std=gnu11 -g3 -DDEBUG -DUSE_HAL_DRIVER -DSTM32F767xx -c -I../Core/Inc -IC:/Users/Admin/STM32Cube/Repository/STM32Cube_FW_F7_V1.17.2/Drivers/STM32F7xx_HAL_Driver/Inc -IC:/Users/Admin/STM32Cube/Repository/STM32Cube_FW_F7_V1.17.2/Drivers/STM32F7xx_HAL_Driver/Inc/Legacy -IC:/Users/Admin/STM32Cube/Repository/STM32Cube_FW_F7_V1.17.2/Drivers/CMSIS/Device/ST/STM32F7xx/Include -IC:/Users/Admin/STM32Cube/Repository/STM32Cube_FW_F7_V1.17.2/Drivers/CMSIS/Include -O0 -ffunction-sections -fdata-sections -Wall -fstack-usage -fcyclomatic-complexity -MMD -MP -MF"Core/Src/main.d" -MT"Core/Src/main.o" --specs=nano.specs -mfpu=fpv5-d16 -mfloat-abi=hard -mthumb -o "Core/Src/main.o"
arm-none-eabi-gcc -o "lab7.elf" @"objects.list"   -mcpu=cortex-m7 -T"D:\STM32\Lab7\lab7\STM32F767ZITX_FLASH.ld" --specs=nosys.specs -Wl,-Map="lab7.map" -Wl,--gc-sections -static --specs=nano.specs -mfpu=fpv5-d16 -mfloat-abi=hard -mthumb -Wl,--start-group -lc -lm -Wl,--end-group
Finished building target: lab7.elf
 
arm-none-eabi-size  lab7.elf 
arm-none-eabi-objdump -h -S lab7.elf  > "lab7.list"
   text	   data	    bss	    dec	    hex	filename
  10084	     12	   1668	  11764	   2df4	lab7.elf
Finished building: default.size.stdout
 
Finished building: lab7.list
 
10:16:20 **** Incremental Build of configuration Debug for project lab7 ****
make -j12 all 
arm-none-eabi-gcc "../Core/Src/main.c" -mcpu=cortex-m7 -std=gnu11 -g3 -DDEBUG -DUSE_HAL_DRIVER -DSTM32F767xx -c -I../Core/Inc -IC:/Users/Admin/STM32Cube/Repository/STM32Cube_FW_F7_V1.17.2/Drivers/STM32F7xx_HAL_Driver/Inc -IC:/Users/Admin/STM32Cube/Repository/STM32Cube_FW_F7_V1.17.2/Drivers/STM32F7xx_HAL_Driver/Inc/Legacy -IC:/Users/Admin/STM32Cube/Repository/STM32Cube_FW_F7_V1.17.2/Drivers/CMSIS/Device/ST/STM32F7xx/Include -IC:/Users/Admin/STM32Cube/Repository/STM32Cube_FW_F7_V1.17.2/Drivers/CMSIS/Include -O0 -ffunction-sections -fdata-sections -Wall -fstack-usage -fcyclomatic-complexity -MMD -MP -MF"Core/Src/main.d" -MT"Core/Src/main.o" --specs=nano.specs -mfpu=fpv5-d16 -mfloat-abi=hard -mthumb -o "Core/Src/main.o"
arm-none-eabi-gcc -o "lab7.elf" @"objects.list"   -mcpu=cortex-m7 -T"D:\STM32\Lab7\lab7\STM32F767ZITX_FLASH.ld" --specs=nosys.specs -Wl,-Map="lab7.map" -Wl,--gc-sections -static --specs=nano.specs -mfpu=fpv5-d16 -mfloat-abi=hard -mthumb -Wl,--start-group -lc -lm -Wl,--end-group
Finished building target: lab7.elf
 
arm-none-eabi-size  lab7.elf 
arm-none-eabi-objdump -h -S lab7.elf  > "lab7.list"
   text	   data	    bss	    dec	    hex	filename
  10088	     12	   1644	  11744	   2de0	lab7.elf
Finished building: default.size.stdout
 
Finished building: lab7.list
 
10:16:58 **** Incremental Build of configuration Debug for project lab7 ****
make -j12 all 
arm-none-eabi-gcc "../Core/Src/main.c" -mcpu=cortex-m7 -std=gnu11 -g3 -DDEBUG -DUSE_HAL_DRIVER -DSTM32F767xx -c -I../Core/Inc -IC:/Users/Admin/STM32Cube/Repository/STM32Cube_FW_F7_V1.17.2/Drivers/STM32F7xx_HAL_Driver/Inc -IC:/Users/Admin/STM32Cube/Repository/STM32Cube_FW_F7_V1.17.2/Drivers/STM32F7xx_HAL_Driver/Inc/Legacy -IC:/Users/Admin/STM32Cube/Repository/STM32Cube_FW_F7_V1.17.2/Drivers/CMSIS/Device/ST/STM32F7xx/Include -IC:/Users/Admin/STM32Cube/Repository/STM32Cube_FW_F7_V1.17.2/Drivers/CMSIS/Include -O0 -ffunction-sections -fdata-sections -Wall -fstack-usage -fcyclomatic-complexity -MMD -MP -MF"Core/Src/main.d" -MT"Core/Src/main.o" --specs=nano.specs -mfpu=fpv5-d16 -mfloat-abi=hard -mthumb -o "Core/Src/main.o"
arm-none-eabi-gcc -o "lab7.elf" @"objects.list"   -mcpu=cortex-m7 -T"D:\STM32\Lab7\lab7\STM32F767ZITX_FLASH.ld" --specs=nosys.specs -Wl,-Map="lab7.map" -Wl,--gc-sections -static --specs=nano.specs -mfpu=fpv5-d16 -mfloat-abi=hard -mthumb -Wl,--start-group -lc -lm -Wl,--end-group
Finished building target: lab7.elf
 
arm-none-eabi-size  lab7.elf 
arm-none-eabi-objdump -h -S lab7.elf  > "lab7.list"
   text	   data	    bss	    dec	    hex	filename
  10204	     12	   1644	  11860	   2e54	lab7.elf
Finished building: default.size.stdout
 
Finished building: lab7.list
 
10:28:19 **** Incremental Build of configuration Debug for project lab7 ****
make -j12 all 
arm-none-eabi-gcc "../Core/Src/main.c" -mcpu=cortex-m7 -std=gnu11 -g3 -DDEBUG -DUSE_HAL_DRIVER -DSTM32F767xx -c -I../Core/Inc -IC:/Users/Admin/STM32Cube/Repository/STM32Cube_FW_F7_V1.17.2/Drivers/STM32F7xx_HAL_Driver/Inc -IC:/Users/Admin/STM32Cube/Repository/STM32Cube_FW_F7_V1.17.2/Drivers/STM32F7xx_HAL_Driver/Inc/Legacy -IC:/Users/Admin/STM32Cube/Repository/STM32Cube_FW_F7_V1.17.2/Drivers/CMSIS/Device/ST/STM32F7xx/Include -IC:/Users/Admin/STM32Cube/Repository/STM32Cube_FW_F7_V1.17.2/Drivers/CMSIS/Include -O0 -ffunction-sections -fdata-sections -Wall -fstack-usage -fcyclomatic-complexity -MMD -MP -MF"Core/Src/main.d" -MT"Core/Src/main.o" --specs=nano.specs -mfpu=fpv5-d16 -mfloat-abi=hard -mthumb -o "Core/Src/main.o"
arm-none-eabi-gcc "../Core/Src/stm32f7xx_hal_msp.c" -mcpu=cortex-m7 -std=gnu11 -g3 -DDEBUG -DUSE_HAL_DRIVER -DSTM32F767xx -c -I../Core/Inc -IC:/Users/Admin/STM32Cube/Repository/STM32Cube_FW_F7_V1.17.2/Drivers/STM32F7xx_HAL_Driver/Inc -IC:/Users/Admin/STM32Cube/Repository/STM32Cube_FW_F7_V1.17.2/Drivers/STM32F7xx_HAL_Driver/Inc/Legacy -IC:/Users/Admin/STM32Cube/Repository/STM32Cube_FW_F7_V1.17.2/Drivers/CMSIS/Device/ST/STM32F7xx/Include -IC:/Users/Admin/STM32Cube/Repository/STM32Cube_FW_F7_V1.17.2/Drivers/CMSIS/Include -O0 -ffunction-sections -fdata-sections -Wall -fstack-usage -fcyclomatic-complexity -MMD -MP -MF"Core/Src/stm32f7xx_hal_msp.d" -MT"Core/Src/stm32f7xx_hal_msp.o" --specs=nano.specs -mfpu=fpv5-d16 -mfloat-abi=hard -mthumb -o "Core/Src/stm32f7xx_hal_msp.o"
../Core/Src/main.c:254:24: error: expected '=', ',', ';', 'asm' or '__attribute__' before '.' token
  254 |         GPIO_InitStruct.Pin = GPIO_PIN_0;
      |                        ^
../Core/Src/main.c:255:20: error: expected '=', ',', ';', 'asm' or '__attribute__' before '.' token
  255 |     GPIO_InitStruct.Mode = GPIO_MODE_AF_PP;
      |                    ^
../Core/Src/main.c:256:20: error: expected '=', ',', ';', 'asm' or '__attribute__' before '.' token
  256 |     GPIO_InitStruct.Pull = GPIO_NOPULL;
      |                    ^
../Core/Src/main.c:257:20: error: expected '=', ',', ';', 'asm' or '__attribute__' before '.' token
  257 |     GPIO_InitStruct.Speed = GPIO_SPEED_FREQ_LOW;
      |                    ^
../Core/Src/main.c:258:20: error: expected '=', ',', ';', 'asm' or '__attribute__' before '.' token
  258 |     GPIO_InitStruct.Alternate = GPIO_AF1_TIM2;
      |                    ^
In file included from C:/Users/Admin/STM32Cube/Repository/STM32Cube_FW_F7_V1.17.2/Drivers/CMSIS/Device/ST/STM32F7xx/Include/stm32f7xx.h:133,
                 from C:/Users/Admin/STM32Cube/Repository/STM32Cube_FW_F7_V1.17.2/Drivers/STM32F7xx_HAL_Driver/Inc/stm32f7xx_hal_def.h:29,
                 from C:/Users/Admin/STM32Cube/Repository/STM32Cube_FW_F7_V1.17.2/Drivers/STM32F7xx_HAL_Driver/Inc/stm32f7xx_hal_rcc.h:27,
                 from ../Core/Inc/stm32f7xx_hal_conf.h:271,
                 from C:/Users/Admin/STM32Cube/Repository/STM32Cube_FW_F7_V1.17.2/Drivers/STM32F7xx_HAL_Driver/Inc/stm32f7xx_hal.h:29,
                 from ../Core/Inc/main.h:30,
                 from ../Core/Src/main.c:20:
C:/Users/Admin/STM32Cube/Repository/STM32Cube_FW_F7_V1.17.2/Drivers/CMSIS/Device/ST/STM32F7xx/Include/stm32f767xx.h:1534:29: error: expected declaration specifiers or '...' before '(' token
 1534 | #define GPIOA               ((GPIO_TypeDef *) GPIOA_BASE)
      |                             ^
../Core/Src/main.c:259:19: note: in expansion of macro 'GPIOA'
  259 |     HAL_GPIO_Init(GPIOA, &GPIO_InitStruct);
      |                   ^~~~~
../Core/Src/main.c:259:26: error: expected declaration specifiers or '...' before '&' token
  259 |     HAL_GPIO_Init(GPIOA, &GPIO_InitStruct);
      |                          ^
../Core/Src/main.c:262:20: error: expected '=', ',', ';', 'asm' or '__attribute__' before '.' token
  262 |     GPIO_InitStruct.Pin = GPIO_PIN_3;
      |                    ^
C:/Users/Admin/STM32Cube/Repository/STM32Cube_FW_F7_V1.17.2/Drivers/CMSIS/Device/ST/STM32F7xx/Include/stm32f767xx.h:1535:29: error: expected declaration specifiers or '...' before '(' token
 1535 | #define GPIOB               ((GPIO_TypeDef *) GPIOB_BASE)
      |                             ^
../Core/Src/main.c:263:19: note: in expansion of macro 'GPIOB'
  263 |     HAL_GPIO_Init(GPIOB, &GPIO_InitStruct);
      |                   ^~~~~
../Core/Src/main.c:263:26: error: expected declaration specifiers or '...' before '&' token
  263 |     HAL_GPIO_Init(GPIOB, &GPIO_InitStruct);
      |                          ^
../Core/Src/main.c:266:20: error: expected '=', ',', ';', 'asm' or '__attribute__' before '.' token
  266 |     GPIO_InitStruct.Pin = GPIO_PIN_10;
      |                    ^
C:/Users/Admin/STM32Cube/Repository/STM32Cube_FW_F7_V1.17.2/Drivers/CMSIS/Device/ST/STM32F7xx/Include/stm32f767xx.h:1535:29: error: expected declaration specifiers or '...' before '(' token
 1535 | #define GPIOB               ((GPIO_TypeDef *) GPIOB_BASE)
      |                             ^
../Core/Src/main.c:267:19: note: in expansion of macro 'GPIOB'
  267 |     HAL_GPIO_Init(GPIOB, &GPIO_InitStruct);
      |                   ^~~~~
../Core/Src/main.c:267:26: error: expected declaration specifiers or '...' before '&' token
  267 |     HAL_GPIO_Init(GPIOB, &GPIO_InitStruct);
      |                          ^
../Core/Src/main.c:268:1: error: expected identifier or '(' before '}' token
  268 | }
      | ^
make: *** [Core/Src/subdir.mk:34: Core/Src/main.o] Error 1
make: *** Waiting for unfinished jobs....
"make -j12 all" terminated with exit code 2. Build might be incomplete.
10:29:22 **** Incremental Build of configuration Debug for project lab7 ****
make -j12 all 
arm-none-eabi-gcc "../Core/Src/main.c" -mcpu=cortex-m7 -std=gnu11 -g3 -DDEBUG -DUSE_HAL_DRIVER -DSTM32F767xx -c -I../Core/Inc -IC:/Users/Admin/STM32Cube/Repository/STM32Cube_FW_F7_V1.17.2/Drivers/STM32F7xx_HAL_Driver/Inc -IC:/Users/Admin/STM32Cube/Repository/STM32Cube_FW_F7_V1.17.2/Drivers/STM32F7xx_HAL_Driver/Inc/Legacy -IC:/Users/Admin/STM32Cube/Repository/STM32Cube_FW_F7_V1.17.2/Drivers/CMSIS/Device/ST/STM32F7xx/Include -IC:/Users/Admin/STM32Cube/Repository/STM32Cube_FW_F7_V1.17.2/Drivers/CMSIS/Include -O0 -ffunction-sections -fdata-sections -Wall -fstack-usage -fcyclomatic-complexity -MMD -MP -MF"Core/Src/main.d" -MT"Core/Src/main.o" --specs=nano.specs -mfpu=fpv5-d16 -mfloat-abi=hard -mthumb -o "Core/Src/main.o"
arm-none-eabi-gcc -o "lab7.elf" @"objects.list"   -mcpu=cortex-m7 -T"D:\STM32\Lab7\lab7\STM32F767ZITX_FLASH.ld" --specs=nosys.specs -Wl,-Map="lab7.map" -Wl,--gc-sections -static --specs=nano.specs -mfpu=fpv5-d16 -mfloat-abi=hard -mthumb -Wl,--start-group -lc -lm -Wl,--end-group
Finished building target: lab7.elf
 
arm-none-eabi-size  lab7.elf 
arm-none-eabi-objdump -h -S lab7.elf  > "lab7.list"
   text	   data	    bss	    dec	    hex	filename
  10300	     12	   1644	  11956	   2eb4	lab7.elf
Finished building: default.size.stdout
 
Finished building: lab7.list
 
10:29:49 **** Incremental Build of configuration Debug for project lab7 ****
make -j12 all 
arm-none-eabi-gcc "../Core/Src/main.c" -mcpu=cortex-m7 -std=gnu11 -g3 -DDEBUG -DUSE_HAL_DRIVER -DSTM32F767xx -c -I../Core/Inc -IC:/Users/Admin/STM32Cube/Repository/STM32Cube_FW_F7_V1.17.2/Drivers/STM32F7xx_HAL_Driver/Inc -IC:/Users/Admin/STM32Cube/Repository/STM32Cube_FW_F7_V1.17.2/Drivers/STM32F7xx_HAL_Driver/Inc/Legacy -IC:/Users/Admin/STM32Cube/Repository/STM32Cube_FW_F7_V1.17.2/Drivers/CMSIS/Device/ST/STM32F7xx/Include -IC:/Users/Admin/STM32Cube/Repository/STM32Cube_FW_F7_V1.17.2/Drivers/CMSIS/Include -O0 -ffunction-sections -fdata-sections -Wall -fstack-usage -fcyclomatic-complexity -MMD -MP -MF"Core/Src/main.d" -MT"Core/Src/main.o" --specs=nano.specs -mfpu=fpv5-d16 -mfloat-abi=hard -mthumb -o "Core/Src/main.o"
arm-none-eabi-gcc -o "lab7.elf" @"objects.list"   -mcpu=cortex-m7 -T"D:\STM32\Lab7\lab7\STM32F767ZITX_FLASH.ld" --specs=nosys.specs -Wl,-Map="lab7.map" -Wl,--gc-sections -static --specs=nano.specs -mfpu=fpv5-d16 -mfloat-abi=hard -mthumb -Wl,--start-group -lc -lm -Wl,--end-group
Finished building target: lab7.elf
 
arm-none-eabi-size  lab7.elf 
arm-none-eabi-objdump -h -S lab7.elf  > "lab7.list"
   text	   data	    bss	    dec	    hex	filename
  10300	     12	   1644	  11956	   2eb4	lab7.elf
Finished building: default.size.stdout
 
Finished building: lab7.list
 
10:30:14 **** Incremental Build of configuration Debug for project lab7 ****
make -j12 all 
arm-none-eabi-gcc "../Core/Src/main.c" -mcpu=cortex-m7 -std=gnu11 -g3 -DDEBUG -DUSE_HAL_DRIVER -DSTM32F767xx -c -I../Core/Inc -IC:/Users/Admin/STM32Cube/Repository/STM32Cube_FW_F7_V1.17.2/Drivers/STM32F7xx_HAL_Driver/Inc -IC:/Users/Admin/STM32Cube/Repository/STM32Cube_FW_F7_V1.17.2/Drivers/STM32F7xx_HAL_Driver/Inc/Legacy -IC:/Users/Admin/STM32Cube/Repository/STM32Cube_FW_F7_V1.17.2/Drivers/CMSIS/Device/ST/STM32F7xx/Include -IC:/Users/Admin/STM32Cube/Repository/STM32Cube_FW_F7_V1.17.2/Drivers/CMSIS/Include -O0 -ffunction-sections -fdata-sections -Wall -fstack-usage -fcyclomatic-complexity -MMD -MP -MF"Core/Src/main.d" -MT"Core/Src/main.o" --specs=nano.specs -mfpu=fpv5-d16 -mfloat-abi=hard -mthumb -o "Core/Src/main.o"
../Core/Src/main.c: In function 'main':
../Core/Src/main.c:110:19: warning: implicit declaration of function 'Set_LED_Brightness' [-Wimplicit-function-declaration]
  110 |                   Set_LED_Brightness(900, 500, 100);
      |                   ^~~~~~~~~~~~~~~~~~
../Core/Src/main.c:188:13: error: invalid storage class for function 'MX_TIM2_Init'
  188 | static void MX_TIM2_Init(void)
      |             ^~~~~~~~~~~~
../Core/Src/main.c:255:13: error: invalid storage class for function 'MX_GPIO_Init'
  255 | static void MX_GPIO_Init(void)
      |             ^~~~~~~~~~~~
../Core/Src/main.c:341:1: error: expected declaration or statement at end of input
  341 | }
      | ^
../Core/Src/main.c: At top level:
../Core/Src/main.c:52:13: warning: 'MPU_Config' used but never defined
   52 | static void MPU_Config(void);
      |             ^~~~~~~~~~
../Core/Src/main.c:53:13: warning: 'MX_GPIO_Init' used but never defined
   53 | static void MX_GPIO_Init(void);
      |             ^~~~~~~~~~~~
../Core/Src/main.c:54:13: warning: 'MX_TIM2_Init' used but never defined
   54 | static void MX_TIM2_Init(void);
      |             ^~~~~~~~~~~~
../Core/Src/main.c:332:6: warning: 'Error_Handler' defined but not used [-Wunused-function]
  332 | void Error_Handler(void)
      |      ^~~~~~~~~~~~~
../Core/Src/main.c:301:6: warning: 'MPU_Config' defined but not used [-Wunused-function]
  301 | void MPU_Config(void)
      |      ^~~~~~~~~~
../Core/Src/main.c:290:6: warning: 'Set_LED_Brightness' defined but not used [-Wunused-function]
  290 | void Set_LED_Brightness(uint16_t red, uint16_t green, uint16_t blue)
      |      ^~~~~~~~~~~~~~~~~~
../Core/Src/main.c:255:13: warning: 'MX_GPIO_Init' defined but not used [-Wunused-function]
  255 | static void MX_GPIO_Init(void)
      |             ^~~~~~~~~~~~
../Core/Src/main.c:188:13: warning: 'MX_TIM2_Init' defined but not used [-Wunused-function]
  188 | static void MX_TIM2_Init(void)
      |             ^~~~~~~~~~~~
../Core/Src/main.c:146:6: warning: 'SystemClock_Config' defined but not used [-Wunused-function]
  146 | void SystemClock_Config(void)
      |      ^~~~~~~~~~~~~~~~~~
make: *** [Core/Src/subdir.mk:34: Core/Src/main.o] Error 1
"make -j12 all" terminated with exit code 2. Build might be incomplete.
10:30:27 **** Incremental Build of configuration Debug for project lab7 ****
make -j12 all 
arm-none-eabi-gcc "../Core/Src/main.c" -mcpu=cortex-m7 -std=gnu11 -g3 -DDEBUG -DUSE_HAL_DRIVER -DSTM32F767xx -c -I../Core/Inc -IC:/Users/Admin/STM32Cube/Repository/STM32Cube_FW_F7_V1.17.2/Drivers/STM32F7xx_HAL_Driver/Inc -IC:/Users/Admin/STM32Cube/Repository/STM32Cube_FW_F7_V1.17.2/Drivers/STM32F7xx_HAL_Driver/Inc/Legacy -IC:/Users/Admin/STM32Cube/Repository/STM32Cube_FW_F7_V1.17.2/Drivers/CMSIS/Device/ST/STM32F7xx/Include -IC:/Users/Admin/STM32Cube/Repository/STM32Cube_FW_F7_V1.17.2/Drivers/CMSIS/Include -O0 -ffunction-sections -fdata-sections -Wall -fstack-usage -fcyclomatic-complexity -MMD -MP -MF"Core/Src/main.d" -MT"Core/Src/main.o" --specs=nano.specs -mfpu=fpv5-d16 -mfloat-abi=hard -mthumb -o "Core/Src/main.o"
../Core/Src/main.c: In function 'main':
../Core/Src/main.c:110:11: warning: implicit declaration of function 'Set_LED_Brightness' [-Wimplicit-function-declaration]
  110 |           Set_LED_Brightness(900, 500, 100);
      |           ^~~~~~~~~~~~~~~~~~
../Core/Src/main.c: At top level:
../Core/Src/main.c:291:6: warning: conflicting types for 'Set_LED_Brightness'; have 'void(uint16_t,  uint16_t,  uint16_t)' {aka 'void(short unsigned int,  short unsigned int,  short unsigned int)'}
  291 | void Set_LED_Brightness(uint16_t red, uint16_t green, uint16_t blue)
      |      ^~~~~~~~~~~~~~~~~~
../Core/Src/main.c:110:11: note: previous implicit declaration of 'Set_LED_Brightness' with type 'void(uint16_t,  uint16_t,  uint16_t)' {aka 'void(short unsigned int,  short unsigned int,  short unsigned int)'}
  110 |           Set_LED_Brightness(900, 500, 100);
      |           ^~~~~~~~~~~~~~~~~~
arm-none-eabi-gcc -o "lab7.elf" @"objects.list"   -mcpu=cortex-m7 -T"D:\STM32\Lab7\lab7\STM32F767ZITX_FLASH.ld" --specs=nosys.specs -Wl,-Map="lab7.map" -Wl,--gc-sections -static --specs=nano.specs -mfpu=fpv5-d16 -mfloat-abi=hard -mthumb -Wl,--start-group -lc -lm -Wl,--end-group
Finished building target: lab7.elf
 
arm-none-eabi-size  lab7.elf 
arm-none-eabi-objdump -h -S lab7.elf  > "lab7.list"
   text	   data	    bss	    dec	    hex	filename
  10496	     12	   1644	  12152	   2f78	lab7.elf
Finished building: default.size.stdout
 
Finished building: lab7.list
 
10:30:53 **** Incremental Build of configuration Debug for project lab7 ****
make -j12 all 
arm-none-eabi-size  lab7.elf 
   text	   data	    bss	    dec	    hex	filename
  10496	     12	   1644	  12152	   2f78	lab7.elf
Finished building: default.size.stdout
 
10:32:17 **** Incremental Build of configuration Debug for project lab7 ****
make -j12 all 
arm-none-eabi-gcc "../Core/Src/main.c" -mcpu=cortex-m7 -std=gnu11 -g3 -DDEBUG -DUSE_HAL_DRIVER -DSTM32F767xx -c -I../Core/Inc -IC:/Users/Admin/STM32Cube/Repository/STM32Cube_FW_F7_V1.17.2/Drivers/STM32F7xx_HAL_Driver/Inc -IC:/Users/Admin/STM32Cube/Repository/STM32Cube_FW_F7_V1.17.2/Drivers/STM32F7xx_HAL_Driver/Inc/Legacy -IC:/Users/Admin/STM32Cube/Repository/STM32Cube_FW_F7_V1.17.2/Drivers/CMSIS/Device/ST/STM32F7xx/Include -IC:/Users/Admin/STM32Cube/Repository/STM32Cube_FW_F7_V1.17.2/Drivers/CMSIS/Include -O0 -ffunction-sections -fdata-sections -Wall -fstack-usage -fcyclomatic-complexity -MMD -MP -MF"Core/Src/main.d" -MT"Core/Src/main.o" --specs=nano.specs -mfpu=fpv5-d16 -mfloat-abi=hard -mthumb -o "Core/Src/main.o"
../Core/Src/main.c: In function 'main':
../Core/Src/main.c:110:11: warning: implicit declaration of function 'Set_LED_Brightness' [-Wimplicit-function-declaration]
  110 |           Set_LED_Brightness(900, 500, 100);
      |           ^~~~~~~~~~~~~~~~~~
../Core/Src/main.c: At top level:
../Core/Src/main.c:295:6: warning: conflicting types for 'Set_LED_Brightness'; have 'void(uint16_t,  uint16_t,  uint16_t)' {aka 'void(short unsigned int,  short unsigned int,  short unsigned int)'}
  295 | void Set_LED_Brightness(uint16_t red, uint16_t green, uint16_t blue)
      |      ^~~~~~~~~~~~~~~~~~
../Core/Src/main.c:110:11: note: previous implicit declaration of 'Set_LED_Brightness' with type 'void(uint16_t,  uint16_t,  uint16_t)' {aka 'void(short unsigned int,  short unsigned int,  short unsigned int)'}
  110 |           Set_LED_Brightness(900, 500, 100);
      |           ^~~~~~~~~~~~~~~~~~
arm-none-eabi-gcc -o "lab7.elf" @"objects.list"   -mcpu=cortex-m7 -T"D:\STM32\Lab7\lab7\STM32F767ZITX_FLASH.ld" --specs=nosys.specs -Wl,-Map="lab7.map" -Wl,--gc-sections -static --specs=nano.specs -mfpu=fpv5-d16 -mfloat-abi=hard -mthumb -Wl,--start-group -lc -lm -Wl,--end-group
Finished building target: lab7.elf
 
arm-none-eabi-size  lab7.elf 
arm-none-eabi-objdump -h -S lab7.elf  > "lab7.list"
   text	   data	    bss	    dec	    hex	filename
  11096	     12	   1644	  12752	   31d0	lab7.elf
Finished building: default.size.stdout
 
Finished building: lab7.list
 
10:32:19 **** Incremental Build of configuration Debug for project lab7 ****
make -j12 all 
arm-none-eabi-size  lab7.elf 
   text	   data	    bss	    dec	    hex	filename
  11096	     12	   1644	  12752	   31d0	lab7.elf
Finished building: default.size.stdout
 
10:33:13 **** Incremental Build of configuration Debug for project lab7 ****
make -j12 all 
arm-none-eabi-gcc "../Core/Src/main.c" -mcpu=cortex-m7 -std=gnu11 -g3 -DDEBUG -DUSE_HAL_DRIVER -DSTM32F767xx -c -I../Core/Inc -IC:/Users/Admin/STM32Cube/Repository/STM32Cube_FW_F7_V1.17.2/Drivers/STM32F7xx_HAL_Driver/Inc -IC:/Users/Admin/STM32Cube/Repository/STM32Cube_FW_F7_V1.17.2/Drivers/STM32F7xx_HAL_Driver/Inc/Legacy -IC:/Users/Admin/STM32Cube/Repository/STM32Cube_FW_F7_V1.17.2/Drivers/CMSIS/Device/ST/STM32F7xx/Include -IC:/Users/Admin/STM32Cube/Repository/STM32Cube_FW_F7_V1.17.2/Drivers/CMSIS/Include -O0 -ffunction-sections -fdata-sections -Wall -fstack-usage -fcyclomatic-complexity -MMD -MP -MF"Core/Src/main.d" -MT"Core/Src/main.o" --specs=nano.specs -mfpu=fpv5-d16 -mfloat-abi=hard -mthumb -o "Core/Src/main.o"
../Core/Src/main.c: In function 'main':
../Core/Src/main.c:110:11: warning: implicit declaration of function 'Set_LED_Brightness' [-Wimplicit-function-declaration]
  110 |           Set_LED_Brightness(900, 500, 100);
      |           ^~~~~~~~~~~~~~~~~~
../Core/Src/main.c: At top level:
../Core/Src/main.c:295:6: warning: conflicting types for 'Set_LED_Brightness'; have 'void(uint16_t,  uint16_t,  uint16_t)' {aka 'void(short unsigned int,  short unsigned int,  short unsigned int)'}
  295 | void Set_LED_Brightness(uint16_t red, uint16_t green, uint16_t blue)
      |      ^~~~~~~~~~~~~~~~~~
../Core/Src/main.c:110:11: note: previous implicit declaration of 'Set_LED_Brightness' with type 'void(uint16_t,  uint16_t,  uint16_t)' {aka 'void(short unsigned int,  short unsigned int,  short unsigned int)'}
  110 |           Set_LED_Brightness(900, 500, 100);
      |           ^~~~~~~~~~~~~~~~~~
arm-none-eabi-gcc -o "lab7.elf" @"objects.list"   -mcpu=cortex-m7 -T"D:\STM32\Lab7\lab7\STM32F767ZITX_FLASH.ld" --specs=nosys.specs -Wl,-Map="lab7.map" -Wl,--gc-sections -static --specs=nano.specs -mfpu=fpv5-d16 -mfloat-abi=hard -mthumb -Wl,--start-group -lc -lm -Wl,--end-group
Finished building target: lab7.elf
 
arm-none-eabi-size  lab7.elf 
arm-none-eabi-objdump -h -S lab7.elf  > "lab7.list"
   text	   data	    bss	    dec	    hex	filename
  11044	     12	   1644	  12700	   319c	lab7.elf
Finished building: default.size.stdout
 
Finished building: lab7.list
 
10:34:14 **** Incremental Build of configuration Debug for project lab7 ****
make -j12 all 
arm-none-eabi-gcc "../Core/Src/main.c" -mcpu=cortex-m7 -std=gnu11 -g3 -DDEBUG -DUSE_HAL_DRIVER -DSTM32F767xx -c -I../Core/Inc -IC:/Users/Admin/STM32Cube/Repository/STM32Cube_FW_F7_V1.17.2/Drivers/STM32F7xx_HAL_Driver/Inc -IC:/Users/Admin/STM32Cube/Repository/STM32Cube_FW_F7_V1.17.2/Drivers/STM32F7xx_HAL_Driver/Inc/Legacy -IC:/Users/Admin/STM32Cube/Repository/STM32Cube_FW_F7_V1.17.2/Drivers/CMSIS/Device/ST/STM32F7xx/Include -IC:/Users/Admin/STM32Cube/Repository/STM32Cube_FW_F7_V1.17.2/Drivers/CMSIS/Include -O0 -ffunction-sections -fdata-sections -Wall -fstack-usage -fcyclomatic-complexity -MMD -MP -MF"Core/Src/main.d" -MT"Core/Src/main.o" --specs=nano.specs -mfpu=fpv5-d16 -mfloat-abi=hard -mthumb -o "Core/Src/main.o"
../Core/Src/main.c: In function 'main':
../Core/Src/main.c:110:11: warning: implicit declaration of function 'Set_LED_Brightness' [-Wimplicit-function-declaration]
  110 |           Set_LED_Brightness(900, 500, 100);
      |           ^~~~~~~~~~~~~~~~~~
../Core/Src/main.c: At top level:
../Core/Src/main.c:295:6: warning: conflicting types for 'Set_LED_Brightness'; have 'void(uint16_t,  uint16_t,  uint16_t)' {aka 'void(short unsigned int,  short unsigned int,  short unsigned int)'}
  295 | void Set_LED_Brightness(uint16_t red, uint16_t green, uint16_t blue)
      |      ^~~~~~~~~~~~~~~~~~
../Core/Src/main.c:110:11: note: previous implicit declaration of 'Set_LED_Brightness' with type 'void(uint16_t,  uint16_t,  uint16_t)' {aka 'void(short unsigned int,  short unsigned int,  short unsigned int)'}
  110 |           Set_LED_Brightness(900, 500, 100);
      |           ^~~~~~~~~~~~~~~~~~
arm-none-eabi-gcc -o "lab7.elf" @"objects.list"   -mcpu=cortex-m7 -T"D:\STM32\Lab7\lab7\STM32F767ZITX_FLASH.ld" --specs=nosys.specs -Wl,-Map="lab7.map" -Wl,--gc-sections -static --specs=nano.specs -mfpu=fpv5-d16 -mfloat-abi=hard -mthumb -Wl,--start-group -lc -lm -Wl,--end-group
Finished building target: lab7.elf
 
arm-none-eabi-size  lab7.elf 
arm-none-eabi-objdump -h -S lab7.elf  > "lab7.list"
   text	   data	    bss	    dec	    hex	filename
  11048	     12	   1644	  12704	   31a0	lab7.elf
Finished building: default.size.stdout
 
Finished building: lab7.list
 
10:34:17 **** Incremental Build of configuration Debug for project lab7 ****
make -j12 all 
arm-none-eabi-size  lab7.elf 
   text	   data	    bss	    dec	    hex	filename
  11048	     12	   1644	  12704	   31a0	lab7.elf
Finished building: default.size.stdout
 
10:36:44 **** Incremental Build of configuration Debug for project lab7 ****
make -j12 all 
arm-none-eabi-gcc "../Core/Src/main.c" -mcpu=cortex-m7 -std=gnu11 -g3 -DDEBUG -DUSE_HAL_DRIVER -DSTM32F767xx -c -I../Core/Inc -IC:/Users/Admin/STM32Cube/Repository/STM32Cube_FW_F7_V1.17.2/Drivers/STM32F7xx_HAL_Driver/Inc -IC:/Users/Admin/STM32Cube/Repository/STM32Cube_FW_F7_V1.17.2/Drivers/STM32F7xx_HAL_Driver/Inc/Legacy -IC:/Users/Admin/STM32Cube/Repository/STM32Cube_FW_F7_V1.17.2/Drivers/CMSIS/Device/ST/STM32F7xx/Include -IC:/Users/Admin/STM32Cube/Repository/STM32Cube_FW_F7_V1.17.2/Drivers/CMSIS/Include -O0 -ffunction-sections -fdata-sections -Wall -fstack-usage -fcyclomatic-complexity -MMD -MP -MF"Core/Src/main.d" -MT"Core/Src/main.o" --specs=nano.specs -mfpu=fpv5-d16 -mfloat-abi=hard -mthumb -o "Core/Src/main.o"
../Core/Src/main.c: In function 'main':
../Core/Src/main.c:110:11: warning: implicit declaration of function 'Set_LED_Brightness' [-Wimplicit-function-declaration]
  110 |           Set_LED_Brightness(900, 500, 100);
      |           ^~~~~~~~~~~~~~~~~~
../Core/Src/main.c: At top level:
../Core/Src/main.c:295:6: warning: conflicting types for 'Set_LED_Brightness'; have 'void(uint16_t,  uint16_t,  uint16_t)' {aka 'void(short unsigned int,  short unsigned int,  short unsigned int)'}
  295 | void Set_LED_Brightness(uint16_t red, uint16_t green, uint16_t blue)
      |      ^~~~~~~~~~~~~~~~~~
../Core/Src/main.c:110:11: note: previous implicit declaration of 'Set_LED_Brightness' with type 'void(uint16_t,  uint16_t,  uint16_t)' {aka 'void(short unsigned int,  short unsigned int,  short unsigned int)'}
  110 |           Set_LED_Brightness(900, 500, 100);
      |           ^~~~~~~~~~~~~~~~~~
arm-none-eabi-gcc -o "lab7.elf" @"objects.list"   -mcpu=cortex-m7 -T"D:\STM32\Lab7\lab7\STM32F767ZITX_FLASH.ld" --specs=nosys.specs -Wl,-Map="lab7.map" -Wl,--gc-sections -static --specs=nano.specs -mfpu=fpv5-d16 -mfloat-abi=hard -mthumb -Wl,--start-group -lc -lm -Wl,--end-group
Finished building target: lab7.elf
 
arm-none-eabi-size  lab7.elf 
arm-none-eabi-objdump -h -S lab7.elf  > "lab7.list"
   text	   data	    bss	    dec	    hex	filename
  10860	     12	   1644	  12516	   30e4	lab7.elf
Finished building: default.size.stdout
 
Finished building: lab7.list
 
10:56:01 **** Incremental Build of configuration Debug for project lab7 ****
make -j12 all 
arm-none-eabi-gcc "../Core/Src/main.c" -mcpu=cortex-m7 -std=gnu11 -g3 -DDEBUG -DUSE_HAL_DRIVER -DSTM32F767xx -c -I../Core/Inc -IC:/Users/Admin/STM32Cube/Repository/STM32Cube_FW_F7_V1.17.2/Drivers/STM32F7xx_HAL_Driver/Inc -IC:/Users/Admin/STM32Cube/Repository/STM32Cube_FW_F7_V1.17.2/Drivers/STM32F7xx_HAL_Driver/Inc/Legacy -IC:/Users/Admin/STM32Cube/Repository/STM32Cube_FW_F7_V1.17.2/Drivers/CMSIS/Device/ST/STM32F7xx/Include -IC:/Users/Admin/STM32Cube/Repository/STM32Cube_FW_F7_V1.17.2/Drivers/CMSIS/Include -O0 -ffunction-sections -fdata-sections -Wall -fstack-usage -fcyclomatic-complexity -MMD -MP -MF"Core/Src/main.d" -MT"Core/Src/main.o" --specs=nano.specs -mfpu=fpv5-d16 -mfloat-abi=hard -mthumb -o "Core/Src/main.o"
../Core/Src/main.c: In function 'main':
../Core/Src/main.c:116:11: error: 'pwm' undeclared (first use in this function)
  116 |           pwm = (GPIOB->IDR & 0xGPIO_PIN_10) >> 10;
      |           ^~~
../Core/Src/main.c:116:11: note: each undeclared identifier is reported only once for each function it appears in
../Core/Src/main.c:116:31: error: invalid suffix "xGPIO_PIN_10" on integer constant
  116 |           pwm = (GPIOB->IDR & 0xGPIO_PIN_10) >> 10;
      |                               ^~~~~~~~~~~~~
make: *** [Core/Src/subdir.mk:34: Core/Src/main.o] Error 1
"make -j12 all" terminated with exit code 2. Build might be incomplete.
10:57:28 **** Incremental Build of configuration Debug for project lab7 ****
make -j12 all 
arm-none-eabi-gcc "../Core/Src/main.c" -mcpu=cortex-m7 -std=gnu11 -g3 -DDEBUG -DUSE_HAL_DRIVER -DSTM32F767xx -c -I../Core/Inc -IC:/Users/Admin/STM32Cube/Repository/STM32Cube_FW_F7_V1.17.2/Drivers/STM32F7xx_HAL_Driver/Inc -IC:/Users/Admin/STM32Cube/Repository/STM32Cube_FW_F7_V1.17.2/Drivers/STM32F7xx_HAL_Driver/Inc/Legacy -IC:/Users/Admin/STM32Cube/Repository/STM32Cube_FW_F7_V1.17.2/Drivers/CMSIS/Device/ST/STM32F7xx/Include -IC:/Users/Admin/STM32Cube/Repository/STM32Cube_FW_F7_V1.17.2/Drivers/CMSIS/Include -O0 -ffunction-sections -fdata-sections -Wall -fstack-usage -fcyclomatic-complexity -MMD -MP -MF"Core/Src/main.d" -MT"Core/Src/main.o" --specs=nano.specs -mfpu=fpv5-d16 -mfloat-abi=hard -mthumb -o "Core/Src/main.o"
../Core/Src/main.c: In function 'main':
../Core/Src/main.c:117:31: error: invalid suffix "xGPIO_PIN_10" on integer constant
  117 |           pwm = (GPIOB->IDR & 0xGPIO_PIN_10) >> 10;
      |                               ^~~~~~~~~~~~~
make: *** [Core/Src/subdir.mk:34: Core/Src/main.o] Error 1
"make -j12 all" terminated with exit code 2. Build might be incomplete.
10:57:41 **** Incremental Build of configuration Debug for project lab7 ****
make -j12 all 
arm-none-eabi-gcc "../Core/Src/main.c" -mcpu=cortex-m7 -std=gnu11 -g3 -DDEBUG -DUSE_HAL_DRIVER -DSTM32F767xx -c -I../Core/Inc -IC:/Users/Admin/STM32Cube/Repository/STM32Cube_FW_F7_V1.17.2/Drivers/STM32F7xx_HAL_Driver/Inc -IC:/Users/Admin/STM32Cube/Repository/STM32Cube_FW_F7_V1.17.2/Drivers/STM32F7xx_HAL_Driver/Inc/Legacy -IC:/Users/Admin/STM32Cube/Repository/STM32Cube_FW_F7_V1.17.2/Drivers/CMSIS/Device/ST/STM32F7xx/Include -IC:/Users/Admin/STM32Cube/Repository/STM32Cube_FW_F7_V1.17.2/Drivers/CMSIS/Include -O0 -ffunction-sections -fdata-sections -Wall -fstack-usage -fcyclomatic-complexity -MMD -MP -MF"Core/Src/main.d" -MT"Core/Src/main.o" --specs=nano.specs -mfpu=fpv5-d16 -mfloat-abi=hard -mthumb -o "Core/Src/main.o"
arm-none-eabi-gcc -o "lab7.elf" @"objects.list"   -mcpu=cortex-m7 -T"D:\STM32\Lab7\lab7\STM32F767ZITX_FLASH.ld" --specs=nosys.specs -Wl,-Map="lab7.map" -Wl,--gc-sections -static --specs=nano.specs -mfpu=fpv5-d16 -mfloat-abi=hard -mthumb -Wl,--start-group -lc -lm -Wl,--end-group
Finished building target: lab7.elf
 
arm-none-eabi-size  lab7.elf 
arm-none-eabi-objdump -h -S lab7.elf  > "lab7.list"
   text	   data	    bss	    dec	    hex	filename
  11168	     16	   1648	  12832	   3220	lab7.elf
Finished building: default.size.stdout
 
Finished building: lab7.list
 
10:57:44 **** Incremental Build of configuration Debug for project lab7 ****
make -j12 all 
arm-none-eabi-size  lab7.elf 
   text	   data	    bss	    dec	    hex	filename
  11168	     16	   1648	  12832	   3220	lab7.elf
Finished building: default.size.stdout
 
10:58:14 **** Incremental Build of configuration Debug for project lab7 ****
make -j12 all 
arm-none-eabi-gcc "../Core/Src/main.c" -mcpu=cortex-m7 -std=gnu11 -g3 -DDEBUG -DUSE_HAL_DRIVER -DSTM32F767xx -c -I../Core/Inc -IC:/Users/Admin/STM32Cube/Repository/STM32Cube_FW_F7_V1.17.2/Drivers/STM32F7xx_HAL_Driver/Inc -IC:/Users/Admin/STM32Cube/Repository/STM32Cube_FW_F7_V1.17.2/Drivers/STM32F7xx_HAL_Driver/Inc/Legacy -IC:/Users/Admin/STM32Cube/Repository/STM32Cube_FW_F7_V1.17.2/Drivers/CMSIS/Device/ST/STM32F7xx/Include -IC:/Users/Admin/STM32Cube/Repository/STM32Cube_FW_F7_V1.17.2/Drivers/CMSIS/Include -O0 -ffunction-sections -fdata-sections -Wall -fstack-usage -fcyclomatic-complexity -MMD -MP -MF"Core/Src/main.d" -MT"Core/Src/main.o" --specs=nano.specs -mfpu=fpv5-d16 -mfloat-abi=hard -mthumb -o "Core/Src/main.o"
arm-none-eabi-gcc -o "lab7.elf" @"objects.list"   -mcpu=cortex-m7 -T"D:\STM32\Lab7\lab7\STM32F767ZITX_FLASH.ld" --specs=nosys.specs -Wl,-Map="lab7.map" -Wl,--gc-sections -static --specs=nano.specs -mfpu=fpv5-d16 -mfloat-abi=hard -mthumb -Wl,--start-group -lc -lm -Wl,--end-group
Finished building target: lab7.elf
 
arm-none-eabi-size  lab7.elf 
arm-none-eabi-objdump -h -S lab7.elf  > "lab7.list"
   text	   data	    bss	    dec	    hex	filename
  11152	     16	   1648	  12816	   3210	lab7.elf
Finished building: default.size.stdout
 
Finished building: lab7.list
 
10:58:51 **** Incremental Build of configuration Debug for project lab7 ****
make -j12 all 
arm-none-eabi-gcc "../Core/Src/main.c" -mcpu=cortex-m7 -std=gnu11 -g3 -DDEBUG -DUSE_HAL_DRIVER -DSTM32F767xx -c -I../Core/Inc -IC:/Users/Admin/STM32Cube/Repository/STM32Cube_FW_F7_V1.17.2/Drivers/STM32F7xx_HAL_Driver/Inc -IC:/Users/Admin/STM32Cube/Repository/STM32Cube_FW_F7_V1.17.2/Drivers/STM32F7xx_HAL_Driver/Inc/Legacy -IC:/Users/Admin/STM32Cube/Repository/STM32Cube_FW_F7_V1.17.2/Drivers/CMSIS/Device/ST/STM32F7xx/Include -IC:/Users/Admin/STM32Cube/Repository/STM32Cube_FW_F7_V1.17.2/Drivers/CMSIS/Include -O0 -ffunction-sections -fdata-sections -Wall -fstack-usage -fcyclomatic-complexity -MMD -MP -MF"Core/Src/main.d" -MT"Core/Src/main.o" --specs=nano.specs -mfpu=fpv5-d16 -mfloat-abi=hard -mthumb -o "Core/Src/main.o"
arm-none-eabi-gcc -o "lab7.elf" @"objects.list"   -mcpu=cortex-m7 -T"D:\STM32\Lab7\lab7\STM32F767ZITX_FLASH.ld" --specs=nosys.specs -Wl,-Map="lab7.map" -Wl,--gc-sections -static --specs=nano.specs -mfpu=fpv5-d16 -mfloat-abi=hard -mthumb -Wl,--start-group -lc -lm -Wl,--end-group
Finished building target: lab7.elf
 
arm-none-eabi-size  lab7.elf 
arm-none-eabi-objdump -h -S lab7.elf  > "lab7.list"
   text	   data	    bss	    dec	    hex	filename
  10808	     16	   1648	  12472	   30b8	lab7.elf
Finished building: default.size.stdout
 
Finished building: lab7.list
 
10:58:53 **** Incremental Build of configuration Debug for project lab7 ****
make -j12 all 
arm-none-eabi-size  lab7.elf 
   text	   data	    bss	    dec	    hex	filename
  10808	     16	   1648	  12472	   30b8	lab7.elf
Finished building: default.size.stdout
 
10:59:21 **** Incremental Build of configuration Debug for project lab7 ****
make -j12 all 
arm-none-eabi-gcc "../Core/Src/main.c" -mcpu=cortex-m7 -std=gnu11 -g3 -DDEBUG -DUSE_HAL_DRIVER -DSTM32F767xx -c -I../Core/Inc -IC:/Users/Admin/STM32Cube/Repository/STM32Cube_FW_F7_V1.17.2/Drivers/STM32F7xx_HAL_Driver/Inc -IC:/Users/Admin/STM32Cube/Repository/STM32Cube_FW_F7_V1.17.2/Drivers/STM32F7xx_HAL_Driver/Inc/Legacy -IC:/Users/Admin/STM32Cube/Repository/STM32Cube_FW_F7_V1.17.2/Drivers/CMSIS/Device/ST/STM32F7xx/Include -IC:/Users/Admin/STM32Cube/Repository/STM32Cube_FW_F7_V1.17.2/Drivers/CMSIS/Include -O0 -ffunction-sections -fdata-sections -Wall -fstack-usage -fcyclomatic-complexity -MMD -MP -MF"Core/Src/main.d" -MT"Core/Src/main.o" --specs=nano.specs -mfpu=fpv5-d16 -mfloat-abi=hard -mthumb -o "Core/Src/main.o"
arm-none-eabi-gcc -o "lab7.elf" @"objects.list"   -mcpu=cortex-m7 -T"D:\STM32\Lab7\lab7\STM32F767ZITX_FLASH.ld" --specs=nosys.specs -Wl,-Map="lab7.map" -Wl,--gc-sections -static --specs=nano.specs -mfpu=fpv5-d16 -mfloat-abi=hard -mthumb -Wl,--start-group -lc -lm -Wl,--end-group
Finished building target: lab7.elf
 
arm-none-eabi-size  lab7.elf 
arm-none-eabi-objdump -h -S lab7.elf  > "lab7.list"
   text	   data	    bss	    dec	    hex	filename
  11152	     16	   1648	  12816	   3210	lab7.elf
Finished building: default.size.stdout
 
Finished building: lab7.list
 
10:59:40 **** Incremental Build of configuration Debug for project lab7 ****
make -j12 all 
arm-none-eabi-gcc "../Core/Src/main.c" -mcpu=cortex-m7 -std=gnu11 -g3 -DDEBUG -DUSE_HAL_DRIVER -DSTM32F767xx -c -I../Core/Inc -IC:/Users/Admin/STM32Cube/Repository/STM32Cube_FW_F7_V1.17.2/Drivers/STM32F7xx_HAL_Driver/Inc -IC:/Users/Admin/STM32Cube/Repository/STM32Cube_FW_F7_V1.17.2/Drivers/STM32F7xx_HAL_Driver/Inc/Legacy -IC:/Users/Admin/STM32Cube/Repository/STM32Cube_FW_F7_V1.17.2/Drivers/CMSIS/Device/ST/STM32F7xx/Include -IC:/Users/Admin/STM32Cube/Repository/STM32Cube_FW_F7_V1.17.2/Drivers/CMSIS/Include -O0 -ffunction-sections -fdata-sections -Wall -fstack-usage -fcyclomatic-complexity -MMD -MP -MF"Core/Src/main.d" -MT"Core/Src/main.o" --specs=nano.specs -mfpu=fpv5-d16 -mfloat-abi=hard -mthumb -o "Core/Src/main.o"
arm-none-eabi-gcc -o "lab7.elf" @"objects.list"   -mcpu=cortex-m7 -T"D:\STM32\Lab7\lab7\STM32F767ZITX_FLASH.ld" --specs=nosys.specs -Wl,-Map="lab7.map" -Wl,--gc-sections -static --specs=nano.specs -mfpu=fpv5-d16 -mfloat-abi=hard -mthumb -Wl,--start-group -lc -lm -Wl,--end-group
Finished building target: lab7.elf
 
arm-none-eabi-size  lab7.elf 
arm-none-eabi-objdump -h -S lab7.elf  > "lab7.list"
   text	   data	    bss	    dec	    hex	filename
  11152	     16	   1648	  12816	   3210	lab7.elf
Finished building: default.size.stdout
 
Finished building: lab7.list
 
10:59:59 **** Incremental Build of configuration Debug for project lab7 ****
make -j12 all 
arm-none-eabi-gcc "../Core/Src/main.c" -mcpu=cortex-m7 -std=gnu11 -g3 -DDEBUG -DUSE_HAL_DRIVER -DSTM32F767xx -c -I../Core/Inc -IC:/Users/Admin/STM32Cube/Repository/STM32Cube_FW_F7_V1.17.2/Drivers/STM32F7xx_HAL_Driver/Inc -IC:/Users/Admin/STM32Cube/Repository/STM32Cube_FW_F7_V1.17.2/Drivers/STM32F7xx_HAL_Driver/Inc/Legacy -IC:/Users/Admin/STM32Cube/Repository/STM32Cube_FW_F7_V1.17.2/Drivers/CMSIS/Device/ST/STM32F7xx/Include -IC:/Users/Admin/STM32Cube/Repository/STM32Cube_FW_F7_V1.17.2/Drivers/CMSIS/Include -O0 -ffunction-sections -fdata-sections -Wall -fstack-usage -fcyclomatic-complexity -MMD -MP -MF"Core/Src/main.d" -MT"Core/Src/main.o" --specs=nano.specs -mfpu=fpv5-d16 -mfloat-abi=hard -mthumb -o "Core/Src/main.o"
arm-none-eabi-gcc -o "lab7.elf" @"objects.list"   -mcpu=cortex-m7 -T"D:\STM32\Lab7\lab7\STM32F767ZITX_FLASH.ld" --specs=nosys.specs -Wl,-Map="lab7.map" -Wl,--gc-sections -static --specs=nano.specs -mfpu=fpv5-d16 -mfloat-abi=hard -mthumb -Wl,--start-group -lc -lm -Wl,--end-group
Finished building target: lab7.elf
 
arm-none-eabi-size  lab7.elf 
arm-none-eabi-objdump -h -S lab7.elf  > "lab7.list"
   text	   data	    bss	    dec	    hex	filename
  11152	     16	   1648	  12816	   3210	lab7.elf
Finished building: default.size.stdout
 
Finished building: lab7.list
 
11:00:17 **** Incremental Build of configuration Debug for project lab7 ****
make -j12 all 
arm-none-eabi-gcc "../Core/Src/main.c" -mcpu=cortex-m7 -std=gnu11 -g3 -DDEBUG -DUSE_HAL_DRIVER -DSTM32F767xx -c -I../Core/Inc -IC:/Users/Admin/STM32Cube/Repository/STM32Cube_FW_F7_V1.17.2/Drivers/STM32F7xx_HAL_Driver/Inc -IC:/Users/Admin/STM32Cube/Repository/STM32Cube_FW_F7_V1.17.2/Drivers/STM32F7xx_HAL_Driver/Inc/Legacy -IC:/Users/Admin/STM32Cube/Repository/STM32Cube_FW_F7_V1.17.2/Drivers/CMSIS/Device/ST/STM32F7xx/Include -IC:/Users/Admin/STM32Cube/Repository/STM32Cube_FW_F7_V1.17.2/Drivers/CMSIS/Include -O0 -ffunction-sections -fdata-sections -Wall -fstack-usage -fcyclomatic-complexity -MMD -MP -MF"Core/Src/main.d" -MT"Core/Src/main.o" --specs=nano.specs -mfpu=fpv5-d16 -mfloat-abi=hard -mthumb -o "Core/Src/main.o"
arm-none-eabi-gcc -o "lab7.elf" @"objects.list"   -mcpu=cortex-m7 -T"D:\STM32\Lab7\lab7\STM32F767ZITX_FLASH.ld" --specs=nosys.specs -Wl,-Map="lab7.map" -Wl,--gc-sections -static --specs=nano.specs -mfpu=fpv5-d16 -mfloat-abi=hard -mthumb -Wl,--start-group -lc -lm -Wl,--end-group
Finished building target: lab7.elf
 
arm-none-eabi-size  lab7.elf 
arm-none-eabi-objdump -h -S lab7.elf  > "lab7.list"
   text	   data	    bss	    dec	    hex	filename
  11152	     16	   1648	  12816	   3210	lab7.elf
Finished building: default.size.stdout
 
Finished building: lab7.list
 
11:03:38 **** Incremental Build of configuration Debug for project lab7 ****
make -j12 all 
arm-none-eabi-gcc "../Core/Src/main.c" -mcpu=cortex-m7 -std=gnu11 -g3 -DDEBUG -DUSE_HAL_DRIVER -DSTM32F767xx -c -I../Core/Inc -IC:/Users/Admin/STM32Cube/Repository/STM32Cube_FW_F7_V1.17.2/Drivers/STM32F7xx_HAL_Driver/Inc -IC:/Users/Admin/STM32Cube/Repository/STM32Cube_FW_F7_V1.17.2/Drivers/STM32F7xx_HAL_Driver/Inc/Legacy -IC:/Users/Admin/STM32Cube/Repository/STM32Cube_FW_F7_V1.17.2/Drivers/CMSIS/Device/ST/STM32F7xx/Include -IC:/Users/Admin/STM32Cube/Repository/STM32Cube_FW_F7_V1.17.2/Drivers/CMSIS/Include -O0 -ffunction-sections -fdata-sections -Wall -fstack-usage -fcyclomatic-complexity -MMD -MP -MF"Core/Src/main.d" -MT"Core/Src/main.o" --specs=nano.specs -mfpu=fpv5-d16 -mfloat-abi=hard -mthumb -o "Core/Src/main.o"
../Core/Src/main.c: In function 'main':
../Core/Src/main.c:117:31: error: invalid suffix "xGPIO_PIN_10" on integer constant
  117 |           pwm = (GPIOB->IDR & 0xGPIO_PIN_10) >> 10;
      |                               ^~~~~~~~~~~~~
make: *** [Core/Src/subdir.mk:34: Core/Src/main.o] Error 1
"make -j12 all" terminated with exit code 2. Build might be incomplete.
11:04:17 **** Incremental Build of configuration Debug for project lab7 ****
make -j12 all 
arm-none-eabi-gcc "../Core/Src/main.c" -mcpu=cortex-m7 -std=gnu11 -g3 -DDEBUG -DUSE_HAL_DRIVER -DSTM32F767xx -c -I../Core/Inc -IC:/Users/Admin/STM32Cube/Repository/STM32Cube_FW_F7_V1.17.2/Drivers/STM32F7xx_HAL_Driver/Inc -IC:/Users/Admin/STM32Cube/Repository/STM32Cube_FW_F7_V1.17.2/Drivers/STM32F7xx_HAL_Driver/Inc/Legacy -IC:/Users/Admin/STM32Cube/Repository/STM32Cube_FW_F7_V1.17.2/Drivers/CMSIS/Device/ST/STM32F7xx/Include -IC:/Users/Admin/STM32Cube/Repository/STM32Cube_FW_F7_V1.17.2/Drivers/CMSIS/Include -O0 -ffunction-sections -fdata-sections -Wall -fstack-usage -fcyclomatic-complexity -MMD -MP -MF"Core/Src/main.d" -MT"Core/Src/main.o" --specs=nano.specs -mfpu=fpv5-d16 -mfloat-abi=hard -mthumb -o "Core/Src/main.o"
../Core/Src/main.c: In function 'main':
../Core/Src/main.c:117:31: error: invalid suffix "xGPIO_PIN_10" on integer constant
  117 |           pwm = (GPIOB->IDR & 0xGPIO_PIN_10) >> 10;
      |                               ^~~~~~~~~~~~~
make: *** [Core/Src/subdir.mk:34: Core/Src/main.o] Error 1
"make -j12 all" terminated with exit code 2. Build might be incomplete.
11:05:08 **** Incremental Build of configuration Debug for project lab7 ****
make -j12 all 
arm-none-eabi-gcc "../Core/Src/main.c" -mcpu=cortex-m7 -std=gnu11 -g3 -DDEBUG -DUSE_HAL_DRIVER -DSTM32F767xx -c -I../Core/Inc -IC:/Users/Admin/STM32Cube/Repository/STM32Cube_FW_F7_V1.17.2/Drivers/STM32F7xx_HAL_Driver/Inc -IC:/Users/Admin/STM32Cube/Repository/STM32Cube_FW_F7_V1.17.2/Drivers/STM32F7xx_HAL_Driver/Inc/Legacy -IC:/Users/Admin/STM32Cube/Repository/STM32Cube_FW_F7_V1.17.2/Drivers/CMSIS/Device/ST/STM32F7xx/Include -IC:/Users/Admin/STM32Cube/Repository/STM32Cube_FW_F7_V1.17.2/Drivers/CMSIS/Include -O0 -ffunction-sections -fdata-sections -Wall -fstack-usage -fcyclomatic-complexity -MMD -MP -MF"Core/Src/main.d" -MT"Core/Src/main.o" --specs=nano.specs -mfpu=fpv5-d16 -mfloat-abi=hard -mthumb -o "Core/Src/main.o"
arm-none-eabi-gcc -o "lab7.elf" @"objects.list"   -mcpu=cortex-m7 -T"D:\STM32\Lab7\lab7\STM32F767ZITX_FLASH.ld" --specs=nosys.specs -Wl,-Map="lab7.map" -Wl,--gc-sections -static --specs=nano.specs -mfpu=fpv5-d16 -mfloat-abi=hard -mthumb -Wl,--start-group -lc -lm -Wl,--end-group
Finished building target: lab7.elf
 
arm-none-eabi-size  lab7.elf 
arm-none-eabi-objdump -h -S lab7.elf  > "lab7.list"
   text	   data	    bss	    dec	    hex	filename
  11168	     16	   1648	  12832	   3220	lab7.elf
Finished building: default.size.stdout
 
Finished building: lab7.list
 
11:05:11 **** Incremental Build of configuration Debug for project lab7 ****
make -j12 all 
arm-none-eabi-size  lab7.elf 
   text	   data	    bss	    dec	    hex	filename
  11168	     16	   1648	  12832	   3220	lab7.elf
Finished building: default.size.stdout
 
11:06:38 **** Incremental Build of configuration Debug for project lab7 ****
make -j12 all 
arm-none-eabi-gcc "../Core/Src/main.c" -mcpu=cortex-m7 -std=gnu11 -g3 -DDEBUG -DUSE_HAL_DRIVER -DSTM32F767xx -c -I../Core/Inc -IC:/Users/Admin/STM32Cube/Repository/STM32Cube_FW_F7_V1.17.2/Drivers/STM32F7xx_HAL_Driver/Inc -IC:/Users/Admin/STM32Cube/Repository/STM32Cube_FW_F7_V1.17.2/Drivers/STM32F7xx_HAL_Driver/Inc/Legacy -IC:/Users/Admin/STM32Cube/Repository/STM32Cube_FW_F7_V1.17.2/Drivers/CMSIS/Device/ST/STM32F7xx/Include -IC:/Users/Admin/STM32Cube/Repository/STM32Cube_FW_F7_V1.17.2/Drivers/CMSIS/Include -O0 -ffunction-sections -fdata-sections -Wall -fstack-usage -fcyclomatic-complexity -MMD -MP -MF"Core/Src/main.d" -MT"Core/Src/main.o" --specs=nano.specs -mfpu=fpv5-d16 -mfloat-abi=hard -mthumb -o "Core/Src/main.o"
arm-none-eabi-gcc -o "lab7.elf" @"objects.list"   -mcpu=cortex-m7 -T"D:\STM32\Lab7\lab7\STM32F767ZITX_FLASH.ld" --specs=nosys.specs -Wl,-Map="lab7.map" -Wl,--gc-sections -static --specs=nano.specs -mfpu=fpv5-d16 -mfloat-abi=hard -mthumb -Wl,--start-group -lc -lm -Wl,--end-group
Finished building target: lab7.elf
 
arm-none-eabi-size  lab7.elf 
arm-none-eabi-objdump -h -S lab7.elf  > "lab7.list"
   text	   data	    bss	    dec	    hex	filename
  11168	     16	   1648	  12832	   3220	lab7.elf
Finished building: default.size.stdout
 
Finished building: lab7.list
 
11:07:27 **** Incremental Build of configuration Debug for project lab7 ****
make -j12 all 
arm-none-eabi-gcc "../Core/Src/main.c" -mcpu=cortex-m7 -std=gnu11 -g3 -DDEBUG -DUSE_HAL_DRIVER -DSTM32F767xx -c -I../Core/Inc -IC:/Users/Admin/STM32Cube/Repository/STM32Cube_FW_F7_V1.17.2/Drivers/STM32F7xx_HAL_Driver/Inc -IC:/Users/Admin/STM32Cube/Repository/STM32Cube_FW_F7_V1.17.2/Drivers/STM32F7xx_HAL_Driver/Inc/Legacy -IC:/Users/Admin/STM32Cube/Repository/STM32Cube_FW_F7_V1.17.2/Drivers/CMSIS/Device/ST/STM32F7xx/Include -IC:/Users/Admin/STM32Cube/Repository/STM32Cube_FW_F7_V1.17.2/Drivers/CMSIS/Include -O0 -ffunction-sections -fdata-sections -Wall -fstack-usage -fcyclomatic-complexity -MMD -MP -MF"Core/Src/main.d" -MT"Core/Src/main.o" --specs=nano.specs -mfpu=fpv5-d16 -mfloat-abi=hard -mthumb -o "Core/Src/main.o"
arm-none-eabi-gcc -o "lab7.elf" @"objects.list"   -mcpu=cortex-m7 -T"D:\STM32\Lab7\lab7\STM32F767ZITX_FLASH.ld" --specs=nosys.specs -Wl,-Map="lab7.map" -Wl,--gc-sections -static --specs=nano.specs -mfpu=fpv5-d16 -mfloat-abi=hard -mthumb -Wl,--start-group -lc -lm -Wl,--end-group
Finished building target: lab7.elf
 
arm-none-eabi-size  lab7.elf 
arm-none-eabi-objdump -h -S lab7.elf  > "lab7.list"
   text	   data	    bss	    dec	    hex	filename
  11168	     16	   1648	  12832	   3220	lab7.elf
Finished building: default.size.stdout
 
Finished building: lab7.list
 
11:09:01 **** Incremental Build of configuration Debug for project lab7 ****
make -j12 all 
arm-none-eabi-gcc "../Core/Src/main.c" -mcpu=cortex-m7 -std=gnu11 -g3 -DDEBUG -DUSE_HAL_DRIVER -DSTM32F767xx -c -I../Core/Inc -IC:/Users/Admin/STM32Cube/Repository/STM32Cube_FW_F7_V1.17.2/Drivers/STM32F7xx_HAL_Driver/Inc -IC:/Users/Admin/STM32Cube/Repository/STM32Cube_FW_F7_V1.17.2/Drivers/STM32F7xx_HAL_Driver/Inc/Legacy -IC:/Users/Admin/STM32Cube/Repository/STM32Cube_FW_F7_V1.17.2/Drivers/CMSIS/Device/ST/STM32F7xx/Include -IC:/Users/Admin/STM32Cube/Repository/STM32Cube_FW_F7_V1.17.2/Drivers/CMSIS/Include -O0 -ffunction-sections -fdata-sections -Wall -fstack-usage -fcyclomatic-complexity -MMD -MP -MF"Core/Src/main.d" -MT"Core/Src/main.o" --specs=nano.specs -mfpu=fpv5-d16 -mfloat-abi=hard -mthumb -o "Core/Src/main.o"
arm-none-eabi-gcc -o "lab7.elf" @"objects.list"   -mcpu=cortex-m7 -T"D:\STM32\Lab7\lab7\STM32F767ZITX_FLASH.ld" --specs=nosys.specs -Wl,-Map="lab7.map" -Wl,--gc-sections -static --specs=nano.specs -mfpu=fpv5-d16 -mfloat-abi=hard -mthumb -Wl,--start-group -lc -lm -Wl,--end-group
Finished building target: lab7.elf
 
arm-none-eabi-size  lab7.elf 
arm-none-eabi-objdump -h -S lab7.elf  > "lab7.list"
   text	   data	    bss	    dec	    hex	filename
  11168	     16	   1648	  12832	   3220	lab7.elf
Finished building: default.size.stdout
 
Finished building: lab7.list
 
11:09:59 **** Incremental Build of configuration Debug for project lab7 ****
make -j12 all 
arm-none-eabi-gcc "../Core/Src/main.c" -mcpu=cortex-m7 -std=gnu11 -g3 -DDEBUG -DUSE_HAL_DRIVER -DSTM32F767xx -c -I../Core/Inc -IC:/Users/Admin/STM32Cube/Repository/STM32Cube_FW_F7_V1.17.2/Drivers/STM32F7xx_HAL_Driver/Inc -IC:/Users/Admin/STM32Cube/Repository/STM32Cube_FW_F7_V1.17.2/Drivers/STM32F7xx_HAL_Driver/Inc/Legacy -IC:/Users/Admin/STM32Cube/Repository/STM32Cube_FW_F7_V1.17.2/Drivers/CMSIS/Device/ST/STM32F7xx/Include -IC:/Users/Admin/STM32Cube/Repository/STM32Cube_FW_F7_V1.17.2/Drivers/CMSIS/Include -O0 -ffunction-sections -fdata-sections -Wall -fstack-usage -fcyclomatic-complexity -MMD -MP -MF"Core/Src/main.d" -MT"Core/Src/main.o" --specs=nano.specs -mfpu=fpv5-d16 -mfloat-abi=hard -mthumb -o "Core/Src/main.o"
arm-none-eabi-gcc -o "lab7.elf" @"objects.list"   -mcpu=cortex-m7 -T"D:\STM32\Lab7\lab7\STM32F767ZITX_FLASH.ld" --specs=nosys.specs -Wl,-Map="lab7.map" -Wl,--gc-sections -static --specs=nano.specs -mfpu=fpv5-d16 -mfloat-abi=hard -mthumb -Wl,--start-group -lc -lm -Wl,--end-group
Finished building target: lab7.elf
 
arm-none-eabi-size  lab7.elf 
arm-none-eabi-objdump -h -S lab7.elf  > "lab7.list"
   text	   data	    bss	    dec	    hex	filename
  11168	     16	   1648	  12832	   3220	lab7.elf
Finished building: default.size.stdout
 
Finished building: lab7.list
 
11:14:49 **** Incremental Build of configuration Debug for project lab7 ****
make -j12 all 
arm-none-eabi-gcc "C:/Users/Admin/STM32Cube/Repository/STM32Cube_FW_F7_V1.17.2/Drivers/STM32F7xx_HAL_Driver/Src/stm32f7xx_hal.c" -mcpu=cortex-m7 -std=gnu11 -g3 -DDEBUG -DUSE_HAL_DRIVER -DSTM32F767xx -c -I../Core/Inc -IC:/Users/Admin/STM32Cube/Repository/STM32Cube_FW_F7_V1.17.2/Drivers/STM32F7xx_HAL_Driver/Inc -IC:/Users/Admin/STM32Cube/Repository/STM32Cube_FW_F7_V1.17.2/Drivers/STM32F7xx_HAL_Driver/Inc/Legacy -IC:/Users/Admin/STM32Cube/Repository/STM32Cube_FW_F7_V1.17.2/Drivers/CMSIS/Device/ST/STM32F7xx/Include -IC:/Users/Admin/STM32Cube/Repository/STM32Cube_FW_F7_V1.17.2/Drivers/CMSIS/Include -O0 -ffunction-sections -fdata-sections -Wall -fstack-usage -fcyclomatic-complexity -MMD -MP -MF"Drivers/STM32F7xx_HAL_Driver/stm32f7xx_hal.d" -MT"Drivers/STM32F7xx_HAL_Driver/stm32f7xx_hal.o" --specs=nano.specs -mfpu=fpv5-d16 -mfloat-abi=hard -mthumb -o "Drivers/STM32F7xx_HAL_Driver/stm32f7xx_hal.o"
arm-none-eabi-gcc "C:/Users/Admin/STM32Cube/Repository/STM32Cube_FW_F7_V1.17.2/Drivers/STM32F7xx_HAL_Driver/Src/stm32f7xx_hal_cortex.c" -mcpu=cortex-m7 -std=gnu11 -g3 -DDEBUG -DUSE_HAL_DRIVER -DSTM32F767xx -c -I../Core/Inc -IC:/Users/Admin/STM32Cube/Repository/STM32Cube_FW_F7_V1.17.2/Drivers/STM32F7xx_HAL_Driver/Inc -IC:/Users/Admin/STM32Cube/Repository/STM32Cube_FW_F7_V1.17.2/Drivers/STM32F7xx_HAL_Driver/Inc/Legacy -IC:/Users/Admin/STM32Cube/Repository/STM32Cube_FW_F7_V1.17.2/Drivers/CMSIS/Device/ST/STM32F7xx/Include -IC:/Users/Admin/STM32Cube/Repository/STM32Cube_FW_F7_V1.17.2/Drivers/CMSIS/Include -O0 -ffunction-sections -fdata-sections -Wall -fstack-usage -fcyclomatic-complexity -MMD -MP -MF"Drivers/STM32F7xx_HAL_Driver/stm32f7xx_hal_cortex.d" -MT"Drivers/STM32F7xx_HAL_Driver/stm32f7xx_hal_cortex.o" --specs=nano.specs -mfpu=fpv5-d16 -mfloat-abi=hard -mthumb -o "Drivers/STM32F7xx_HAL_Driver/stm32f7xx_hal_cortex.o"
arm-none-eabi-gcc "C:/Users/Admin/STM32Cube/Repository/STM32Cube_FW_F7_V1.17.2/Drivers/STM32F7xx_HAL_Driver/Src/stm32f7xx_hal_dma.c" -mcpu=cortex-m7 -std=gnu11 -g3 -DDEBUG -DUSE_HAL_DRIVER -DSTM32F767xx -c -I../Core/Inc -IC:/Users/Admin/STM32Cube/Repository/STM32Cube_FW_F7_V1.17.2/Drivers/STM32F7xx_HAL_Driver/Inc -IC:/Users/Admin/STM32Cube/Repository/STM32Cube_FW_F7_V1.17.2/Drivers/STM32F7xx_HAL_Driver/Inc/Legacy -IC:/Users/Admin/STM32Cube/Repository/STM32Cube_FW_F7_V1.17.2/Drivers/CMSIS/Device/ST/STM32F7xx/Include -IC:/Users/Admin/STM32Cube/Repository/STM32Cube_FW_F7_V1.17.2/Drivers/CMSIS/Include -O0 -ffunction-sections -fdata-sections -Wall -fstack-usage -fcyclomatic-complexity -MMD -MP -MF"Drivers/STM32F7xx_HAL_Driver/stm32f7xx_hal_dma.d" -MT"Drivers/STM32F7xx_HAL_Driver/stm32f7xx_hal_dma.o" --specs=nano.specs -mfpu=fpv5-d16 -mfloat-abi=hard -mthumb -o "Drivers/STM32F7xx_HAL_Driver/stm32f7xx_hal_dma.o"
arm-none-eabi-gcc "C:/Users/Admin/STM32Cube/Repository/STM32Cube_FW_F7_V1.17.2/Drivers/STM32F7xx_HAL_Driver/Src/stm32f7xx_hal_dma_ex.c" -mcpu=cortex-m7 -std=gnu11 -g3 -DDEBUG -DUSE_HAL_DRIVER -DSTM32F767xx -c -I../Core/Inc -IC:/Users/Admin/STM32Cube/Repository/STM32Cube_FW_F7_V1.17.2/Drivers/STM32F7xx_HAL_Driver/Inc -IC:/Users/Admin/STM32Cube/Repository/STM32Cube_FW_F7_V1.17.2/Drivers/STM32F7xx_HAL_Driver/Inc/Legacy -IC:/Users/Admin/STM32Cube/Repository/STM32Cube_FW_F7_V1.17.2/Drivers/CMSIS/Device/ST/STM32F7xx/Include -IC:/Users/Admin/STM32Cube/Repository/STM32Cube_FW_F7_V1.17.2/Drivers/CMSIS/Include -O0 -ffunction-sections -fdata-sections -Wall -fstack-usage -fcyclomatic-complexity -MMD -MP -MF"Drivers/STM32F7xx_HAL_Driver/stm32f7xx_hal_dma_ex.d" -MT"Drivers/STM32F7xx_HAL_Driver/stm32f7xx_hal_dma_ex.o" --specs=nano.specs -mfpu=fpv5-d16 -mfloat-abi=hard -mthumb -o "Drivers/STM32F7xx_HAL_Driver/stm32f7xx_hal_dma_ex.o"
arm-none-eabi-gcc "C:/Users/Admin/STM32Cube/Repository/STM32Cube_FW_F7_V1.17.2/Drivers/STM32F7xx_HAL_Driver/Src/stm32f7xx_hal_exti.c" -mcpu=cortex-m7 -std=gnu11 -g3 -DDEBUG -DUSE_HAL_DRIVER -DSTM32F767xx -c -I../Core/Inc -IC:/Users/Admin/STM32Cube/Repository/STM32Cube_FW_F7_V1.17.2/Drivers/STM32F7xx_HAL_Driver/Inc -IC:/Users/Admin/STM32Cube/Repository/STM32Cube_FW_F7_V1.17.2/Drivers/STM32F7xx_HAL_Driver/Inc/Legacy -IC:/Users/Admin/STM32Cube/Repository/STM32Cube_FW_F7_V1.17.2/Drivers/CMSIS/Device/ST/STM32F7xx/Include -IC:/Users/Admin/STM32Cube/Repository/STM32Cube_FW_F7_V1.17.2/Drivers/CMSIS/Include -O0 -ffunction-sections -fdata-sections -Wall -fstack-usage -fcyclomatic-complexity -MMD -MP -MF"Drivers/STM32F7xx_HAL_Driver/stm32f7xx_hal_exti.d" -MT"Drivers/STM32F7xx_HAL_Driver/stm32f7xx_hal_exti.o" --specs=nano.specs -mfpu=fpv5-d16 -mfloat-abi=hard -mthumb -o "Drivers/STM32F7xx_HAL_Driver/stm32f7xx_hal_exti.o"
arm-none-eabi-gcc "C:/Users/Admin/STM32Cube/Repository/STM32Cube_FW_F7_V1.17.2/Drivers/STM32F7xx_HAL_Driver/Src/stm32f7xx_hal_flash.c" -mcpu=cortex-m7 -std=gnu11 -g3 -DDEBUG -DUSE_HAL_DRIVER -DSTM32F767xx -c -I../Core/Inc -IC:/Users/Admin/STM32Cube/Repository/STM32Cube_FW_F7_V1.17.2/Drivers/STM32F7xx_HAL_Driver/Inc -IC:/Users/Admin/STM32Cube/Repository/STM32Cube_FW_F7_V1.17.2/Drivers/STM32F7xx_HAL_Driver/Inc/Legacy -IC:/Users/Admin/STM32Cube/Repository/STM32Cube_FW_F7_V1.17.2/Drivers/CMSIS/Device/ST/STM32F7xx/Include -IC:/Users/Admin/STM32Cube/Repository/STM32Cube_FW_F7_V1.17.2/Drivers/CMSIS/Include -O0 -ffunction-sections -fdata-sections -Wall -fstack-usage -fcyclomatic-complexity -MMD -MP -MF"Drivers/STM32F7xx_HAL_Driver/stm32f7xx_hal_flash.d" -MT"Drivers/STM32F7xx_HAL_Driver/stm32f7xx_hal_flash.o" --specs=nano.specs -mfpu=fpv5-d16 -mfloat-abi=hard -mthumb -o "Drivers/STM32F7xx_HAL_Driver/stm32f7xx_hal_flash.o"
arm-none-eabi-gcc "C:/Users/Admin/STM32Cube/Repository/STM32Cube_FW_F7_V1.17.2/Drivers/STM32F7xx_HAL_Driver/Src/stm32f7xx_hal_flash_ex.c" -mcpu=cortex-m7 -std=gnu11 -g3 -DDEBUG -DUSE_HAL_DRIVER -DSTM32F767xx -c -I../Core/Inc -IC:/Users/Admin/STM32Cube/Repository/STM32Cube_FW_F7_V1.17.2/Drivers/STM32F7xx_HAL_Driver/Inc -IC:/Users/Admin/STM32Cube/Repository/STM32Cube_FW_F7_V1.17.2/Drivers/STM32F7xx_HAL_Driver/Inc/Legacy -IC:/Users/Admin/STM32Cube/Repository/STM32Cube_FW_F7_V1.17.2/Drivers/CMSIS/Device/ST/STM32F7xx/Include -IC:/Users/Admin/STM32Cube/Repository/STM32Cube_FW_F7_V1.17.2/Drivers/CMSIS/Include -O0 -ffunction-sections -fdata-sections -Wall -fstack-usage -fcyclomatic-complexity -MMD -MP -MF"Drivers/STM32F7xx_HAL_Driver/stm32f7xx_hal_flash_ex.d" -MT"Drivers/STM32F7xx_HAL_Driver/stm32f7xx_hal_flash_ex.o" --specs=nano.specs -mfpu=fpv5-d16 -mfloat-abi=hard -mthumb -o "Drivers/STM32F7xx_HAL_Driver/stm32f7xx_hal_flash_ex.o"
arm-none-eabi-gcc "C:/Users/Admin/STM32Cube/Repository/STM32Cube_FW_F7_V1.17.2/Drivers/STM32F7xx_HAL_Driver/Src/stm32f7xx_hal_gpio.c" -mcpu=cortex-m7 -std=gnu11 -g3 -DDEBUG -DUSE_HAL_DRIVER -DSTM32F767xx -c -I../Core/Inc -IC:/Users/Admin/STM32Cube/Repository/STM32Cube_FW_F7_V1.17.2/Drivers/STM32F7xx_HAL_Driver/Inc -IC:/Users/Admin/STM32Cube/Repository/STM32Cube_FW_F7_V1.17.2/Drivers/STM32F7xx_HAL_Driver/Inc/Legacy -IC:/Users/Admin/STM32Cube/Repository/STM32Cube_FW_F7_V1.17.2/Drivers/CMSIS/Device/ST/STM32F7xx/Include -IC:/Users/Admin/STM32Cube/Repository/STM32Cube_FW_F7_V1.17.2/Drivers/CMSIS/Include -O0 -ffunction-sections -fdata-sections -Wall -fstack-usage -fcyclomatic-complexity -MMD -MP -MF"Drivers/STM32F7xx_HAL_Driver/stm32f7xx_hal_gpio.d" -MT"Drivers/STM32F7xx_HAL_Driver/stm32f7xx_hal_gpio.o" --specs=nano.specs -mfpu=fpv5-d16 -mfloat-abi=hard -mthumb -o "Drivers/STM32F7xx_HAL_Driver/stm32f7xx_hal_gpio.o"
arm-none-eabi-gcc "C:/Users/Admin/STM32Cube/Repository/STM32Cube_FW_F7_V1.17.2/Drivers/STM32F7xx_HAL_Driver/Src/stm32f7xx_hal_i2c.c" -mcpu=cortex-m7 -std=gnu11 -g3 -DDEBUG -DUSE_HAL_DRIVER -DSTM32F767xx -c -I../Core/Inc -IC:/Users/Admin/STM32Cube/Repository/STM32Cube_FW_F7_V1.17.2/Drivers/STM32F7xx_HAL_Driver/Inc -IC:/Users/Admin/STM32Cube/Repository/STM32Cube_FW_F7_V1.17.2/Drivers/STM32F7xx_HAL_Driver/Inc/Legacy -IC:/Users/Admin/STM32Cube/Repository/STM32Cube_FW_F7_V1.17.2/Drivers/CMSIS/Device/ST/STM32F7xx/Include -IC:/Users/Admin/STM32Cube/Repository/STM32Cube_FW_F7_V1.17.2/Drivers/CMSIS/Include -O0 -ffunction-sections -fdata-sections -Wall -fstack-usage -fcyclomatic-complexity -MMD -MP -MF"Drivers/STM32F7xx_HAL_Driver/stm32f7xx_hal_i2c.d" -MT"Drivers/STM32F7xx_HAL_Driver/stm32f7xx_hal_i2c.o" --specs=nano.specs -mfpu=fpv5-d16 -mfloat-abi=hard -mthumb -o "Drivers/STM32F7xx_HAL_Driver/stm32f7xx_hal_i2c.o"
arm-none-eabi-gcc "C:/Users/Admin/STM32Cube/Repository/STM32Cube_FW_F7_V1.17.2/Drivers/STM32F7xx_HAL_Driver/Src/stm32f7xx_hal_i2c_ex.c" -mcpu=cortex-m7 -std=gnu11 -g3 -DDEBUG -DUSE_HAL_DRIVER -DSTM32F767xx -c -I../Core/Inc -IC:/Users/Admin/STM32Cube/Repository/STM32Cube_FW_F7_V1.17.2/Drivers/STM32F7xx_HAL_Driver/Inc -IC:/Users/Admin/STM32Cube/Repository/STM32Cube_FW_F7_V1.17.2/Drivers/STM32F7xx_HAL_Driver/Inc/Legacy -IC:/Users/Admin/STM32Cube/Repository/STM32Cube_FW_F7_V1.17.2/Drivers/CMSIS/Device/ST/STM32F7xx/Include -IC:/Users/Admin/STM32Cube/Repository/STM32Cube_FW_F7_V1.17.2/Drivers/CMSIS/Include -O0 -ffunction-sections -fdata-sections -Wall -fstack-usage -fcyclomatic-complexity -MMD -MP -MF"Drivers/STM32F7xx_HAL_Driver/stm32f7xx_hal_i2c_ex.d" -MT"Drivers/STM32F7xx_HAL_Driver/stm32f7xx_hal_i2c_ex.o" --specs=nano.specs -mfpu=fpv5-d16 -mfloat-abi=hard -mthumb -o "Drivers/STM32F7xx_HAL_Driver/stm32f7xx_hal_i2c_ex.o"
arm-none-eabi-gcc "C:/Users/Admin/STM32Cube/Repository/STM32Cube_FW_F7_V1.17.2/Drivers/STM32F7xx_HAL_Driver/Src/stm32f7xx_hal_pwr.c" -mcpu=cortex-m7 -std=gnu11 -g3 -DDEBUG -DUSE_HAL_DRIVER -DSTM32F767xx -c -I../Core/Inc -IC:/Users/Admin/STM32Cube/Repository/STM32Cube_FW_F7_V1.17.2/Drivers/STM32F7xx_HAL_Driver/Inc -IC:/Users/Admin/STM32Cube/Repository/STM32Cube_FW_F7_V1.17.2/Drivers/STM32F7xx_HAL_Driver/Inc/Legacy -IC:/Users/Admin/STM32Cube/Repository/STM32Cube_FW_F7_V1.17.2/Drivers/CMSIS/Device/ST/STM32F7xx/Include -IC:/Users/Admin/STM32Cube/Repository/STM32Cube_FW_F7_V1.17.2/Drivers/CMSIS/Include -O0 -ffunction-sections -fdata-sections -Wall -fstack-usage -fcyclomatic-complexity -MMD -MP -MF"Drivers/STM32F7xx_HAL_Driver/stm32f7xx_hal_pwr.d" -MT"Drivers/STM32F7xx_HAL_Driver/stm32f7xx_hal_pwr.o" --specs=nano.specs -mfpu=fpv5-d16 -mfloat-abi=hard -mthumb -o "Drivers/STM32F7xx_HAL_Driver/stm32f7xx_hal_pwr.o"
arm-none-eabi-gcc "C:/Users/Admin/STM32Cube/Repository/STM32Cube_FW_F7_V1.17.2/Drivers/STM32F7xx_HAL_Driver/Src/stm32f7xx_hal_pwr_ex.c" -mcpu=cortex-m7 -std=gnu11 -g3 -DDEBUG -DUSE_HAL_DRIVER -DSTM32F767xx -c -I../Core/Inc -IC:/Users/Admin/STM32Cube/Repository/STM32Cube_FW_F7_V1.17.2/Drivers/STM32F7xx_HAL_Driver/Inc -IC:/Users/Admin/STM32Cube/Repository/STM32Cube_FW_F7_V1.17.2/Drivers/STM32F7xx_HAL_Driver/Inc/Legacy -IC:/Users/Admin/STM32Cube/Repository/STM32Cube_FW_F7_V1.17.2/Drivers/CMSIS/Device/ST/STM32F7xx/Include -IC:/Users/Admin/STM32Cube/Repository/STM32Cube_FW_F7_V1.17.2/Drivers/CMSIS/Include -O0 -ffunction-sections -fdata-sections -Wall -fstack-usage -fcyclomatic-complexity -MMD -MP -MF"Drivers/STM32F7xx_HAL_Driver/stm32f7xx_hal_pwr_ex.d" -MT"Drivers/STM32F7xx_HAL_Driver/stm32f7xx_hal_pwr_ex.o" --specs=nano.specs -mfpu=fpv5-d16 -mfloat-abi=hard -mthumb -o "Drivers/STM32F7xx_HAL_Driver/stm32f7xx_hal_pwr_ex.o"
arm-none-eabi-gcc "C:/Users/Admin/STM32Cube/Repository/STM32Cube_FW_F7_V1.17.2/Drivers/STM32F7xx_HAL_Driver/Src/stm32f7xx_hal_rcc.c" -mcpu=cortex-m7 -std=gnu11 -g3 -DDEBUG -DUSE_HAL_DRIVER -DSTM32F767xx -c -I../Core/Inc -IC:/Users/Admin/STM32Cube/Repository/STM32Cube_FW_F7_V1.17.2/Drivers/STM32F7xx_HAL_Driver/Inc -IC:/Users/Admin/STM32Cube/Repository/STM32Cube_FW_F7_V1.17.2/Drivers/STM32F7xx_HAL_Driver/Inc/Legacy -IC:/Users/Admin/STM32Cube/Repository/STM32Cube_FW_F7_V1.17.2/Drivers/CMSIS/Device/ST/STM32F7xx/Include -IC:/Users/Admin/STM32Cube/Repository/STM32Cube_FW_F7_V1.17.2/Drivers/CMSIS/Include -O0 -ffunction-sections -fdata-sections -Wall -fstack-usage -fcyclomatic-complexity -MMD -MP -MF"Drivers/STM32F7xx_HAL_Driver/stm32f7xx_hal_rcc.d" -MT"Drivers/STM32F7xx_HAL_Driver/stm32f7xx_hal_rcc.o" --specs=nano.specs -mfpu=fpv5-d16 -mfloat-abi=hard -mthumb -o "Drivers/STM32F7xx_HAL_Driver/stm32f7xx_hal_rcc.o"
arm-none-eabi-gcc "C:/Users/Admin/STM32Cube/Repository/STM32Cube_FW_F7_V1.17.2/Drivers/STM32F7xx_HAL_Driver/Src/stm32f7xx_hal_rcc_ex.c" -mcpu=cortex-m7 -std=gnu11 -g3 -DDEBUG -DUSE_HAL_DRIVER -DSTM32F767xx -c -I../Core/Inc -IC:/Users/Admin/STM32Cube/Repository/STM32Cube_FW_F7_V1.17.2/Drivers/STM32F7xx_HAL_Driver/Inc -IC:/Users/Admin/STM32Cube/Repository/STM32Cube_FW_F7_V1.17.2/Drivers/STM32F7xx_HAL_Driver/Inc/Legacy -IC:/Users/Admin/STM32Cube/Repository/STM32Cube_FW_F7_V1.17.2/Drivers/CMSIS/Device/ST/STM32F7xx/Include -IC:/Users/Admin/STM32Cube/Repository/STM32Cube_FW_F7_V1.17.2/Drivers/CMSIS/Include -O0 -ffunction-sections -fdata-sections -Wall -fstack-usage -fcyclomatic-complexity -MMD -MP -MF"Drivers/STM32F7xx_HAL_Driver/stm32f7xx_hal_rcc_ex.d" -MT"Drivers/STM32F7xx_HAL_Driver/stm32f7xx_hal_rcc_ex.o" --specs=nano.specs -mfpu=fpv5-d16 -mfloat-abi=hard -mthumb -o "Drivers/STM32F7xx_HAL_Driver/stm32f7xx_hal_rcc_ex.o"
arm-none-eabi-gcc "C:/Users/Admin/STM32Cube/Repository/STM32Cube_FW_F7_V1.17.2/Drivers/STM32F7xx_HAL_Driver/Src/stm32f7xx_hal_tim.c" -mcpu=cortex-m7 -std=gnu11 -g3 -DDEBUG -DUSE_HAL_DRIVER -DSTM32F767xx -c -I../Core/Inc -IC:/Users/Admin/STM32Cube/Repository/STM32Cube_FW_F7_V1.17.2/Drivers/STM32F7xx_HAL_Driver/Inc -IC:/Users/Admin/STM32Cube/Repository/STM32Cube_FW_F7_V1.17.2/Drivers/STM32F7xx_HAL_Driver/Inc/Legacy -IC:/Users/Admin/STM32Cube/Repository/STM32Cube_FW_F7_V1.17.2/Drivers/CMSIS/Device/ST/STM32F7xx/Include -IC:/Users/Admin/STM32Cube/Repository/STM32Cube_FW_F7_V1.17.2/Drivers/CMSIS/Include -O0 -ffunction-sections -fdata-sections -Wall -fstack-usage -fcyclomatic-complexity -MMD -MP -MF"Drivers/STM32F7xx_HAL_Driver/stm32f7xx_hal_tim.d" -MT"Drivers/STM32F7xx_HAL_Driver/stm32f7xx_hal_tim.o" --specs=nano.specs -mfpu=fpv5-d16 -mfloat-abi=hard -mthumb -o "Drivers/STM32F7xx_HAL_Driver/stm32f7xx_hal_tim.o"
arm-none-eabi-gcc "C:/Users/Admin/STM32Cube/Repository/STM32Cube_FW_F7_V1.17.2/Drivers/STM32F7xx_HAL_Driver/Src/stm32f7xx_hal_tim_ex.c" -mcpu=cortex-m7 -std=gnu11 -g3 -DDEBUG -DUSE_HAL_DRIVER -DSTM32F767xx -c -I../Core/Inc -IC:/Users/Admin/STM32Cube/Repository/STM32Cube_FW_F7_V1.17.2/Drivers/STM32F7xx_HAL_Driver/Inc -IC:/Users/Admin/STM32Cube/Repository/STM32Cube_FW_F7_V1.17.2/Drivers/STM32F7xx_HAL_Driver/Inc/Legacy -IC:/Users/Admin/STM32Cube/Repository/STM32Cube_FW_F7_V1.17.2/Drivers/CMSIS/Device/ST/STM32F7xx/Include -IC:/Users/Admin/STM32Cube/Repository/STM32Cube_FW_F7_V1.17.2/Drivers/CMSIS/Include -O0 -ffunction-sections -fdata-sections -Wall -fstack-usage -fcyclomatic-complexity -MMD -MP -MF"Drivers/STM32F7xx_HAL_Driver/stm32f7xx_hal_tim_ex.d" -MT"Drivers/STM32F7xx_HAL_Driver/stm32f7xx_hal_tim_ex.o" --specs=nano.specs -mfpu=fpv5-d16 -mfloat-abi=hard -mthumb -o "Drivers/STM32F7xx_HAL_Driver/stm32f7xx_hal_tim_ex.o"
arm-none-eabi-gcc "C:/Users/Admin/STM32Cube/Repository/STM32Cube_FW_F7_V1.17.2/Drivers/STM32F7xx_HAL_Driver/Src/stm32f7xx_hal_uart.c" -mcpu=cortex-m7 -std=gnu11 -g3 -DDEBUG -DUSE_HAL_DRIVER -DSTM32F767xx -c -I../Core/Inc -IC:/Users/Admin/STM32Cube/Repository/STM32Cube_FW_F7_V1.17.2/Drivers/STM32F7xx_HAL_Driver/Inc -IC:/Users/Admin/STM32Cube/Repository/STM32Cube_FW_F7_V1.17.2/Drivers/STM32F7xx_HAL_Driver/Inc/Legacy -IC:/Users/Admin/STM32Cube/Repository/STM32Cube_FW_F7_V1.17.2/Drivers/CMSIS/Device/ST/STM32F7xx/Include -IC:/Users/Admin/STM32Cube/Repository/STM32Cube_FW_F7_V1.17.2/Drivers/CMSIS/Include -O0 -ffunction-sections -fdata-sections -Wall -fstack-usage -fcyclomatic-complexity -MMD -MP -MF"Drivers/STM32F7xx_HAL_Driver/stm32f7xx_hal_uart.d" -MT"Drivers/STM32F7xx_HAL_Driver/stm32f7xx_hal_uart.o" --specs=nano.specs -mfpu=fpv5-d16 -mfloat-abi=hard -mthumb -o "Drivers/STM32F7xx_HAL_Driver/stm32f7xx_hal_uart.o"
arm-none-eabi-gcc "C:/Users/Admin/STM32Cube/Repository/STM32Cube_FW_F7_V1.17.2/Drivers/STM32F7xx_HAL_Driver/Src/stm32f7xx_hal_uart_ex.c" -mcpu=cortex-m7 -std=gnu11 -g3 -DDEBUG -DUSE_HAL_DRIVER -DSTM32F767xx -c -I../Core/Inc -IC:/Users/Admin/STM32Cube/Repository/STM32Cube_FW_F7_V1.17.2/Drivers/STM32F7xx_HAL_Driver/Inc -IC:/Users/Admin/STM32Cube/Repository/STM32Cube_FW_F7_V1.17.2/Drivers/STM32F7xx_HAL_Driver/Inc/Legacy -IC:/Users/Admin/STM32Cube/Repository/STM32Cube_FW_F7_V1.17.2/Drivers/CMSIS/Device/ST/STM32F7xx/Include -IC:/Users/Admin/STM32Cube/Repository/STM32Cube_FW_F7_V1.17.2/Drivers/CMSIS/Include -O0 -ffunction-sections -fdata-sections -Wall -fstack-usage -fcyclomatic-complexity -MMD -MP -MF"Drivers/STM32F7xx_HAL_Driver/stm32f7xx_hal_uart_ex.d" -MT"Drivers/STM32F7xx_HAL_Driver/stm32f7xx_hal_uart_ex.o" --specs=nano.specs -mfpu=fpv5-d16 -mfloat-abi=hard -mthumb -o "Drivers/STM32F7xx_HAL_Driver/stm32f7xx_hal_uart_ex.o"
arm-none-eabi-gcc "../Core/Src/main.c" -mcpu=cortex-m7 -std=gnu11 -g3 -DDEBUG -DUSE_HAL_DRIVER -DSTM32F767xx -c -I../Core/Inc -IC:/Users/Admin/STM32Cube/Repository/STM32Cube_FW_F7_V1.17.2/Drivers/STM32F7xx_HAL_Driver/Inc -IC:/Users/Admin/STM32Cube/Repository/STM32Cube_FW_F7_V1.17.2/Drivers/STM32F7xx_HAL_Driver/Inc/Legacy -IC:/Users/Admin/STM32Cube/Repository/STM32Cube_FW_F7_V1.17.2/Drivers/CMSIS/Device/ST/STM32F7xx/Include -IC:/Users/Admin/STM32Cube/Repository/STM32Cube_FW_F7_V1.17.2/Drivers/CMSIS/Include -O0 -ffunction-sections -fdata-sections -Wall -fstack-usage -fcyclomatic-complexity -MMD -MP -MF"Core/Src/main.d" -MT"Core/Src/main.o" --specs=nano.specs -mfpu=fpv5-d16 -mfloat-abi=hard -mthumb -o "Core/Src/main.o"
arm-none-eabi-gcc "../Core/Src/stm32f7xx_hal_msp.c" -mcpu=cortex-m7 -std=gnu11 -g3 -DDEBUG -DUSE_HAL_DRIVER -DSTM32F767xx -c -I../Core/Inc -IC:/Users/Admin/STM32Cube/Repository/STM32Cube_FW_F7_V1.17.2/Drivers/STM32F7xx_HAL_Driver/Inc -IC:/Users/Admin/STM32Cube/Repository/STM32Cube_FW_F7_V1.17.2/Drivers/STM32F7xx_HAL_Driver/Inc/Legacy -IC:/Users/Admin/STM32Cube/Repository/STM32Cube_FW_F7_V1.17.2/Drivers/CMSIS/Device/ST/STM32F7xx/Include -IC:/Users/Admin/STM32Cube/Repository/STM32Cube_FW_F7_V1.17.2/Drivers/CMSIS/Include -O0 -ffunction-sections -fdata-sections -Wall -fstack-usage -fcyclomatic-complexity -MMD -MP -MF"Core/Src/stm32f7xx_hal_msp.d" -MT"Core/Src/stm32f7xx_hal_msp.o" --specs=nano.specs -mfpu=fpv5-d16 -mfloat-abi=hard -mthumb -o "Core/Src/stm32f7xx_hal_msp.o"
arm-none-eabi-gcc "../Core/Src/stm32f7xx_it.c" -mcpu=cortex-m7 -std=gnu11 -g3 -DDEBUG -DUSE_HAL_DRIVER -DSTM32F767xx -c -I../Core/Inc -IC:/Users/Admin/STM32Cube/Repository/STM32Cube_FW_F7_V1.17.2/Drivers/STM32F7xx_HAL_Driver/Inc -IC:/Users/Admin/STM32Cube/Repository/STM32Cube_FW_F7_V1.17.2/Drivers/STM32F7xx_HAL_Driver/Inc/Legacy -IC:/Users/Admin/STM32Cube/Repository/STM32Cube_FW_F7_V1.17.2/Drivers/CMSIS/Device/ST/STM32F7xx/Include -IC:/Users/Admin/STM32Cube/Repository/STM32Cube_FW_F7_V1.17.2/Drivers/CMSIS/Include -O0 -ffunction-sections -fdata-sections -Wall -fstack-usage -fcyclomatic-complexity -MMD -MP -MF"Core/Src/stm32f7xx_it.d" -MT"Core/Src/stm32f7xx_it.o" --specs=nano.specs -mfpu=fpv5-d16 -mfloat-abi=hard -mthumb -o "Core/Src/stm32f7xx_it.o"
arm-none-eabi-gcc "../Core/Src/system_stm32f7xx.c" -mcpu=cortex-m7 -std=gnu11 -g3 -DDEBUG -DUSE_HAL_DRIVER -DSTM32F767xx -c -I../Core/Inc -IC:/Users/Admin/STM32Cube/Repository/STM32Cube_FW_F7_V1.17.2/Drivers/STM32F7xx_HAL_Driver/Inc -IC:/Users/Admin/STM32Cube/Repository/STM32Cube_FW_F7_V1.17.2/Drivers/STM32F7xx_HAL_Driver/Inc/Legacy -IC:/Users/Admin/STM32Cube/Repository/STM32Cube_FW_F7_V1.17.2/Drivers/CMSIS/Device/ST/STM32F7xx/Include -IC:/Users/Admin/STM32Cube/Repository/STM32Cube_FW_F7_V1.17.2/Drivers/CMSIS/Include -O0 -ffunction-sections -fdata-sections -Wall -fstack-usage -fcyclomatic-complexity -MMD -MP -MF"Core/Src/system_stm32f7xx.d" -MT"Core/Src/system_stm32f7xx.o" --specs=nano.specs -mfpu=fpv5-d16 -mfloat-abi=hard -mthumb -o "Core/Src/system_stm32f7xx.o"
../Core/Src/main.c: In function 'main':
../Core/Src/main.c:107:3: warning: implicit declaration of function 'snprintf' [-Wimplicit-function-declaration]
  107 |   snprintf(tx_message, sizeof(tx_message),
      |   ^~~~~~~~
../Core/Src/main.c:21:1: note: include '<stdio.h>' or provide a declaration of 'snprintf'
   20 | #include "main.h"
  +++ |+#include <stdio.h>
   21 | 
../Core/Src/main.c:107:3: warning: incompatible implicit declaration of built-in function 'snprintf' [-Wbuiltin-declaration-mismatch]
  107 |   snprintf(tx_message, sizeof(tx_message),
      |   ^~~~~~~~
../Core/Src/main.c:107:3: note: include '<stdio.h>' or provide a declaration of 'snprintf'
../Core/Src/main.c:108:42: warning: unknown conversion type character ',' in format [-Wformat=]
  108 |                   "Button (R, G, B) -> 0%, 20%, 40%, 60%, 80%, 100%");
      |                                          ^
../Core/Src/main.c:108:47: warning: unknown conversion type character ',' in format [-Wformat=]
  108 |                   "Button (R, G, B) -> 0%, 20%, 40%, 60%, 80%, 100%");
      |                                               ^
../Core/Src/main.c:108:52: warning: unknown conversion type character ',' in format [-Wformat=]
  108 |                   "Button (R, G, B) -> 0%, 20%, 40%, 60%, 80%, 100%");
      |                                                    ^
../Core/Src/main.c:108:57: warning: unknown conversion type character ',' in format [-Wformat=]
  108 |                   "Button (R, G, B) -> 0%, 20%, 40%, 60%, 80%, 100%");
      |                                                         ^
../Core/Src/main.c:108:62: warning: unknown conversion type character ',' in format [-Wformat=]
  108 |                   "Button (R, G, B) -> 0%, 20%, 40%, 60%, 80%, 100%");
      |                                                              ^
../Core/Src/main.c:108:67: warning: spurious trailing '%' in format [-Wformat=]
  108 |                   "Button (R, G, B) -> 0%, 20%, 40%, 60%, 80%, 100%");
      |                                                                   ^
../Core/Src/main.c:213:13: error: invalid storage class for function 'MX_TIM2_Init'
  213 | static void MX_TIM2_Init(void)
      |             ^~~~~~~~~~~~
../Core/Src/main.c:284:13: error: invalid storage class for function 'MX_USART3_UART_Init'
  284 | static void MX_USART3_UART_Init(void)
      |             ^~~~~~~~~~~~~~~~~~~
../Core/Src/main.c:319:13: error: invalid storage class for function 'MX_GPIO_Init'
  319 | static void MX_GPIO_Init(void)
      |             ^~~~~~~~~~~~
../Core/Src/main.c: At top level:
../Core/Src/main.c:59:13: warning: 'MX_GPIO_Init' used but never defined
   59 | static void MX_GPIO_Init(void);
      |             ^~~~~~~~~~~~
../Core/Src/main.c:60:13: warning: 'MX_TIM2_Init' used but never defined
   60 | static void MX_TIM2_Init(void);
      |             ^~~~~~~~~~~~
../Core/Src/main.c:61:13: warning: 'MX_USART3_UART_Init' used but never defined
   61 | static void MX_USART3_UART_Init(void);
      |             ^~~~~~~~~~~~~~~~~~~
../Core/Src/main.c:319:13: warning: 'MX_GPIO_Init' defined but not used [-Wunused-function]
  319 | static void MX_GPIO_Init(void)
      |             ^~~~~~~~~~~~
../Core/Src/main.c:284:13: warning: 'MX_USART3_UART_Init' defined but not used [-Wunused-function]
  284 | static void MX_USART3_UART_Init(void)
      |             ^~~~~~~~~~~~~~~~~~~
../Core/Src/main.c:213:13: warning: 'MX_TIM2_Init' defined but not used [-Wunused-function]
  213 | static void MX_TIM2_Init(void)
      |             ^~~~~~~~~~~~
../Core/Src/main.c:171:6: warning: 'SystemClock_Config' defined but not used [-Wunused-function]
  171 | void SystemClock_Config(void)
      |      ^~~~~~~~~~~~~~~~~~
make: *** [Core/Src/subdir.mk:34: Core/Src/main.o] Error 1
make: *** Waiting for unfinished jobs....
"make -j12 all" terminated with exit code 2. Build might be incomplete.
11:15:18 **** Incremental Build of configuration Debug for project lab7 ****
make -j12 all 
arm-none-eabi-gcc "../Core/Src/main.c" -mcpu=cortex-m7 -std=gnu11 -g3 -DDEBUG -DUSE_HAL_DRIVER -DSTM32F767xx -c -I../Core/Inc -IC:/Users/Admin/STM32Cube/Repository/STM32Cube_FW_F7_V1.17.2/Drivers/STM32F7xx_HAL_Driver/Inc -IC:/Users/Admin/STM32Cube/Repository/STM32Cube_FW_F7_V1.17.2/Drivers/STM32F7xx_HAL_Driver/Inc/Legacy -IC:/Users/Admin/STM32Cube/Repository/STM32Cube_FW_F7_V1.17.2/Drivers/CMSIS/Device/ST/STM32F7xx/Include -IC:/Users/Admin/STM32Cube/Repository/STM32Cube_FW_F7_V1.17.2/Drivers/CMSIS/Include -O0 -ffunction-sections -fdata-sections -Wall -fstack-usage -fcyclomatic-complexity -MMD -MP -MF"Core/Src/main.d" -MT"Core/Src/main.o" --specs=nano.specs -mfpu=fpv5-d16 -mfloat-abi=hard -mthumb -o "Core/Src/main.o"
../Core/Src/main.c: In function 'main':
../Core/Src/main.c:107:3: warning: implicit declaration of function 'snprintf' [-Wimplicit-function-declaration]
  107 |   snprintf(tx_message, sizeof(tx_message),
      |   ^~~~~~~~
../Core/Src/main.c:21:1: note: include '<stdio.h>' or provide a declaration of 'snprintf'
   20 | #include "main.h"
  +++ |+#include <stdio.h>
   21 | 
../Core/Src/main.c:107:3: warning: incompatible implicit declaration of built-in function 'snprintf' [-Wbuiltin-declaration-mismatch]
  107 |   snprintf(tx_message, sizeof(tx_message),
      |   ^~~~~~~~
../Core/Src/main.c:107:3: note: include '<stdio.h>' or provide a declaration of 'snprintf'
../Core/Src/main.c:108:42: warning: unknown conversion type character ',' in format [-Wformat=]
  108 |                   "Button (R, G, B) -> 0%, 20%, 40%, 60%, 80%, 100%\r\n");
      |                                          ^
../Core/Src/main.c:108:47: warning: unknown conversion type character ',' in format [-Wformat=]
  108 |                   "Button (R, G, B) -> 0%, 20%, 40%, 60%, 80%, 100%\r\n");
      |                                               ^
../Core/Src/main.c:108:52: warning: unknown conversion type character ',' in format [-Wformat=]
  108 |                   "Button (R, G, B) -> 0%, 20%, 40%, 60%, 80%, 100%\r\n");
      |                                                    ^
../Core/Src/main.c:108:57: warning: unknown conversion type character ',' in format [-Wformat=]
  108 |                   "Button (R, G, B) -> 0%, 20%, 40%, 60%, 80%, 100%\r\n");
      |                                                         ^
../Core/Src/main.c:108:62: warning: unknown conversion type character ',' in format [-Wformat=]
  108 |                   "Button (R, G, B) -> 0%, 20%, 40%, 60%, 80%, 100%\r\n");
      |                                                              ^
../Core/Src/main.c:108:68: warning: unknown conversion type character '\x0d' in format [-Wformat=]
  108 |                   "Button (R, G, B) -> 0%, 20%, 40%, 60%, 80%, 100%\r\n");
      |                                                                    ^~
../Core/Src/main.c: At top level:
../Core/Src/main.c:339:24: error: expected '=', ',', ';', 'asm' or '__attribute__' before '.' token
  339 |         GPIO_InitStruct.Pin = GPIO_PIN_0;
      |                        ^
../Core/Src/main.c:340:20: error: expected '=', ',', ';', 'asm' or '__attribute__' before '.' token
  340 |     GPIO_InitStruct.Mode = GPIO_MODE_AF_PP;
      |                    ^
../Core/Src/main.c:341:20: error: expected '=', ',', ';', 'asm' or '__attribute__' before '.' token
  341 |     GPIO_InitStruct.Pull = GPIO_NOPULL;
      |                    ^
../Core/Src/main.c:342:20: error: expected '=', ',', ';', 'asm' or '__attribute__' before '.' token
  342 |     GPIO_InitStruct.Speed = GPIO_SPEED_FREQ_LOW;
      |                    ^
../Core/Src/main.c:343:20: error: expected '=', ',', ';', 'asm' or '__attribute__' before '.' token
  343 |     GPIO_InitStruct.Alternate = GPIO_AF1_TIM2;
      |                    ^
In file included from C:/Users/Admin/STM32Cube/Repository/STM32Cube_FW_F7_V1.17.2/Drivers/CMSIS/Device/ST/STM32F7xx/Include/stm32f7xx.h:133,
                 from C:/Users/Admin/STM32Cube/Repository/STM32Cube_FW_F7_V1.17.2/Drivers/STM32F7xx_HAL_Driver/Inc/stm32f7xx_hal_def.h:29,
                 from C:/Users/Admin/STM32Cube/Repository/STM32Cube_FW_F7_V1.17.2/Drivers/STM32F7xx_HAL_Driver/Inc/stm32f7xx_hal_rcc.h:27,
                 from ../Core/Inc/stm32f7xx_hal_conf.h:271,
                 from C:/Users/Admin/STM32Cube/Repository/STM32Cube_FW_F7_V1.17.2/Drivers/STM32F7xx_HAL_Driver/Inc/stm32f7xx_hal.h:29,
                 from ../Core/Inc/main.h:30,
                 from ../Core/Src/main.c:20:
C:/Users/Admin/STM32Cube/Repository/STM32Cube_FW_F7_V1.17.2/Drivers/CMSIS/Device/ST/STM32F7xx/Include/stm32f767xx.h:1534:29: error: expected declaration specifiers or '...' before '(' token
 1534 | #define GPIOA               ((GPIO_TypeDef *) GPIOA_BASE)
      |                             ^
../Core/Src/main.c:344:19: note: in expansion of macro 'GPIOA'
  344 |     HAL_GPIO_Init(GPIOA, &GPIO_InitStruct);
      |                   ^~~~~
../Core/Src/main.c:344:26: error: expected declaration specifiers or '...' before '&' token
  344 |     HAL_GPIO_Init(GPIOA, &GPIO_InitStruct);
      |                          ^
../Core/Src/main.c:347:20: error: expected '=', ',', ';', 'asm' or '__attribute__' before '.' token
  347 |     GPIO_InitStruct.Pin = GPIO_PIN_3;
      |                    ^
C:/Users/Admin/STM32Cube/Repository/STM32Cube_FW_F7_V1.17.2/Drivers/CMSIS/Device/ST/STM32F7xx/Include/stm32f767xx.h:1535:29: error: expected declaration specifiers or '...' before '(' token
 1535 | #define GPIOB               ((GPIO_TypeDef *) GPIOB_BASE)
      |                             ^
../Core/Src/main.c:348:19: note: in expansion of macro 'GPIOB'
  348 |     HAL_GPIO_Init(GPIOB, &GPIO_InitStruct);
      |                   ^~~~~
../Core/Src/main.c:348:26: error: expected declaration specifiers or '...' before '&' token
  348 |     HAL_GPIO_Init(GPIOB, &GPIO_InitStruct);
      |                          ^
../Core/Src/main.c:353:1: error: expected identifier or '(' before '}' token
  353 | }
      | ^
make: *** [Core/Src/subdir.mk:34: Core/Src/main.o] Error 1
"make -j12 all" terminated with exit code 2. Build might be incomplete.
11:15:46 **** Incremental Build of configuration Debug for project lab7 ****
make -j12 all 
arm-none-eabi-gcc "../Core/Src/main.c" -mcpu=cortex-m7 -std=gnu11 -g3 -DDEBUG -DUSE_HAL_DRIVER -DSTM32F767xx -c -I../Core/Inc -IC:/Users/Admin/STM32Cube/Repository/STM32Cube_FW_F7_V1.17.2/Drivers/STM32F7xx_HAL_Driver/Inc -IC:/Users/Admin/STM32Cube/Repository/STM32Cube_FW_F7_V1.17.2/Drivers/STM32F7xx_HAL_Driver/Inc/Legacy -IC:/Users/Admin/STM32Cube/Repository/STM32Cube_FW_F7_V1.17.2/Drivers/CMSIS/Device/ST/STM32F7xx/Include -IC:/Users/Admin/STM32Cube/Repository/STM32Cube_FW_F7_V1.17.2/Drivers/CMSIS/Include -O0 -ffunction-sections -fdata-sections -Wall -fstack-usage -fcyclomatic-complexity -MMD -MP -MF"Core/Src/main.d" -MT"Core/Src/main.o" --specs=nano.specs -mfpu=fpv5-d16 -mfloat-abi=hard -mthumb -o "Core/Src/main.o"
../Core/Src/main.c: In function 'main':
../Core/Src/main.c:107:3: warning: implicit declaration of function 'snprintf' [-Wimplicit-function-declaration]
  107 |   snprintf(tx_message, sizeof(tx_message),
      |   ^~~~~~~~
../Core/Src/main.c:21:1: note: include '<stdio.h>' or provide a declaration of 'snprintf'
   20 | #include "main.h"
  +++ |+#include <stdio.h>
   21 | 
../Core/Src/main.c:107:3: warning: incompatible implicit declaration of built-in function 'snprintf' [-Wbuiltin-declaration-mismatch]
  107 |   snprintf(tx_message, sizeof(tx_message),
      |   ^~~~~~~~
../Core/Src/main.c:107:3: note: include '<stdio.h>' or provide a declaration of 'snprintf'
../Core/Src/main.c:108:42: warning: unknown conversion type character ',' in format [-Wformat=]
  108 |                   "Button (R, G, B) -> 0%, 20%, 40%, 60%, 80%, 100%\r\n");
      |                                          ^
../Core/Src/main.c:108:47: warning: unknown conversion type character ',' in format [-Wformat=]
  108 |                   "Button (R, G, B) -> 0%, 20%, 40%, 60%, 80%, 100%\r\n");
      |                                               ^
../Core/Src/main.c:108:52: warning: unknown conversion type character ',' in format [-Wformat=]
  108 |                   "Button (R, G, B) -> 0%, 20%, 40%, 60%, 80%, 100%\r\n");
      |                                                    ^
../Core/Src/main.c:108:57: warning: unknown conversion type character ',' in format [-Wformat=]
  108 |                   "Button (R, G, B) -> 0%, 20%, 40%, 60%, 80%, 100%\r\n");
      |                                                         ^
../Core/Src/main.c:108:62: warning: unknown conversion type character ',' in format [-Wformat=]
  108 |                   "Button (R, G, B) -> 0%, 20%, 40%, 60%, 80%, 100%\r\n");
      |                                                              ^
../Core/Src/main.c:108:68: warning: unknown conversion type character '\x0d' in format [-Wformat=]
  108 |                   "Button (R, G, B) -> 0%, 20%, 40%, 60%, 80%, 100%\r\n");
      |                                                                    ^~
arm-none-eabi-gcc -o "lab7.elf" @"objects.list"   -mcpu=cortex-m7 -T"D:\STM32\Lab7\lab7\STM32F767ZITX_FLASH.ld" --specs=nosys.specs -Wl,-Map="lab7.map" -Wl,--gc-sections -static --specs=nano.specs -mfpu=fpv5-d16 -mfloat-abi=hard -mthumb -Wl,--start-group -lc -lm -Wl,--end-group
Finished building target: lab7.elf
 
arm-none-eabi-size  lab7.elf 
arm-none-eabi-objdump -h -S lab7.elf  > "lab7.list"
   text	   data	    bss	    dec	    hex	filename
  18556	     92	   2220	  20868	   5184	lab7.elf
Finished building: default.size.stdout
 
Finished building: lab7.list
 
11:17:30 **** Incremental Build of configuration Debug for project lab7 ****
make -j12 all 
arm-none-eabi-gcc "../Core/Src/main.c" -mcpu=cortex-m7 -std=gnu11 -g3 -DDEBUG -DUSE_HAL_DRIVER -DSTM32F767xx -c -I../Core/Inc -IC:/Users/Admin/STM32Cube/Repository/STM32Cube_FW_F7_V1.17.2/Drivers/STM32F7xx_HAL_Driver/Inc -IC:/Users/Admin/STM32Cube/Repository/STM32Cube_FW_F7_V1.17.2/Drivers/STM32F7xx_HAL_Driver/Inc/Legacy -IC:/Users/Admin/STM32Cube/Repository/STM32Cube_FW_F7_V1.17.2/Drivers/CMSIS/Device/ST/STM32F7xx/Include -IC:/Users/Admin/STM32Cube/Repository/STM32Cube_FW_F7_V1.17.2/Drivers/CMSIS/Include -O0 -ffunction-sections -fdata-sections -Wall -fstack-usage -fcyclomatic-complexity -MMD -MP -MF"Core/Src/main.d" -MT"Core/Src/main.o" --specs=nano.specs -mfpu=fpv5-d16 -mfloat-abi=hard -mthumb -o "Core/Src/main.o"
../Core/Src/main.c: In function 'main':
../Core/Src/main.c:109:42: warning: unknown conversion type character ',' in format [-Wformat=]
  109 |                   "Button (R, G, B) -> 0%, 20%, 40%, 60%, 80%, 100%\r\n"
      |                                          ^
../Core/Src/main.c:109:47: warning: unknown conversion type character ',' in format [-Wformat=]
  109 |                   "Button (R, G, B) -> 0%, 20%, 40%, 60%, 80%, 100%\r\n"
      |                                               ^
../Core/Src/main.c:109:52: warning: unknown conversion type character ',' in format [-Wformat=]
  109 |                   "Button (R, G, B) -> 0%, 20%, 40%, 60%, 80%, 100%\r\n"
      |                                                    ^
../Core/Src/main.c:109:57: warning: unknown conversion type character ',' in format [-Wformat=]
  109 |                   "Button (R, G, B) -> 0%, 20%, 40%, 60%, 80%, 100%\r\n"
      |                                                         ^
../Core/Src/main.c:109:62: warning: unknown conversion type character ',' in format [-Wformat=]
  109 |                   "Button (R, G, B) -> 0%, 20%, 40%, 60%, 80%, 100%\r\n"
      |                                                              ^
../Core/Src/main.c:109:68: warning: unknown conversion type character '\x0d' in format [-Wformat=]
  109 |                   "Button (R, G, B) -> 0%, 20%, 40%, 60%, 80%, 100%\r\n"
      |                                                                    ^~
../Core/Src/main.c:130:19: warning: statement with no effect [-Wunused-value]
  130 |                   memset
      |                   ^~~~~~
../Core/Src/main.c:130:25: error: expected ';' before 'snprintf'
  130 |                   memset
      |                         ^
      |                         ;
  131 |                   snprintf(tx_message, sizeof(tx_message), "Button => ");
      |                   ~~~~~~~~
make: *** [Core/Src/subdir.mk:34: Core/Src/main.o] Error 1
"make -j12 all" terminated with exit code 2. Build might be incomplete.
11:17:56 **** Incremental Build of configuration Debug for project lab7 ****
make -j12 all 
arm-none-eabi-gcc "../Core/Src/main.c" -mcpu=cortex-m7 -std=gnu11 -g3 -DDEBUG -DUSE_HAL_DRIVER -DSTM32F767xx -c -I../Core/Inc -IC:/Users/Admin/STM32Cube/Repository/STM32Cube_FW_F7_V1.17.2/Drivers/STM32F7xx_HAL_Driver/Inc -IC:/Users/Admin/STM32Cube/Repository/STM32Cube_FW_F7_V1.17.2/Drivers/STM32F7xx_HAL_Driver/Inc/Legacy -IC:/Users/Admin/STM32Cube/Repository/STM32Cube_FW_F7_V1.17.2/Drivers/CMSIS/Device/ST/STM32F7xx/Include -IC:/Users/Admin/STM32Cube/Repository/STM32Cube_FW_F7_V1.17.2/Drivers/CMSIS/Include -O0 -ffunction-sections -fdata-sections -Wall -fstack-usage -fcyclomatic-complexity -MMD -MP -MF"Core/Src/main.d" -MT"Core/Src/main.o" --specs=nano.specs -mfpu=fpv5-d16 -mfloat-abi=hard -mthumb -o "Core/Src/main.o"
../Core/Src/main.c: In function 'main':
../Core/Src/main.c:109:42: warning: unknown conversion type character ',' in format [-Wformat=]
  109 |                   "Button (R, G, B) -> 0%, 20%, 40%, 60%, 80%, 100%\r\n"
      |                                          ^
../Core/Src/main.c:109:47: warning: unknown conversion type character ',' in format [-Wformat=]
  109 |                   "Button (R, G, B) -> 0%, 20%, 40%, 60%, 80%, 100%\r\n"
      |                                               ^
../Core/Src/main.c:109:52: warning: unknown conversion type character ',' in format [-Wformat=]
  109 |                   "Button (R, G, B) -> 0%, 20%, 40%, 60%, 80%, 100%\r\n"
      |                                                    ^
../Core/Src/main.c:109:57: warning: unknown conversion type character ',' in format [-Wformat=]
  109 |                   "Button (R, G, B) -> 0%, 20%, 40%, 60%, 80%, 100%\r\n"
      |                                                         ^
../Core/Src/main.c:109:62: warning: unknown conversion type character ',' in format [-Wformat=]
  109 |                   "Button (R, G, B) -> 0%, 20%, 40%, 60%, 80%, 100%\r\n"
      |                                                              ^
../Core/Src/main.c:109:68: warning: unknown conversion type character '\x0d' in format [-Wformat=]
  109 |                   "Button (R, G, B) -> 0%, 20%, 40%, 60%, 80%, 100%\r\n"
      |                                                                    ^~
arm-none-eabi-gcc -o "lab7.elf" @"objects.list"   -mcpu=cortex-m7 -T"D:\STM32\Lab7\lab7\STM32F767ZITX_FLASH.ld" --specs=nosys.specs -Wl,-Map="lab7.map" -Wl,--gc-sections -static --specs=nano.specs -mfpu=fpv5-d16 -mfloat-abi=hard -mthumb -Wl,--start-group -lc -lm -Wl,--end-group
Finished building target: lab7.elf
 
arm-none-eabi-size  lab7.elf 
arm-none-eabi-objdump -h -S lab7.elf  > "lab7.list"
   text	   data	    bss	    dec	    hex	filename
  18620	     92	   2220	  20932	   51c4	lab7.elf
Finished building: default.size.stdout
 
Finished building: lab7.list
 
11:18:14 **** Incremental Build of configuration Debug for project lab7 ****
make -j12 all 
arm-none-eabi-gcc "../Core/Src/main.c" -mcpu=cortex-m7 -std=gnu11 -g3 -DDEBUG -DUSE_HAL_DRIVER -DSTM32F767xx -c -I../Core/Inc -IC:/Users/Admin/STM32Cube/Repository/STM32Cube_FW_F7_V1.17.2/Drivers/STM32F7xx_HAL_Driver/Inc -IC:/Users/Admin/STM32Cube/Repository/STM32Cube_FW_F7_V1.17.2/Drivers/STM32F7xx_HAL_Driver/Inc/Legacy -IC:/Users/Admin/STM32Cube/Repository/STM32Cube_FW_F7_V1.17.2/Drivers/CMSIS/Device/ST/STM32F7xx/Include -IC:/Users/Admin/STM32Cube/Repository/STM32Cube_FW_F7_V1.17.2/Drivers/CMSIS/Include -O0 -ffunction-sections -fdata-sections -Wall -fstack-usage -fcyclomatic-complexity -MMD -MP -MF"Core/Src/main.d" -MT"Core/Src/main.o" --specs=nano.specs -mfpu=fpv5-d16 -mfloat-abi=hard -mthumb -o "Core/Src/main.o"
../Core/Src/main.c: In function 'main':
../Core/Src/main.c:109:42: warning: unknown conversion type character ',' in format [-Wformat=]
  109 |                   "Button (R, G, B) -> 0%, 20%, 40%, 60%, 80%, 100%\r\n"
      |                                          ^
../Core/Src/main.c:109:47: warning: unknown conversion type character ',' in format [-Wformat=]
  109 |                   "Button (R, G, B) -> 0%, 20%, 40%, 60%, 80%, 100%\r\n"
      |                                               ^
../Core/Src/main.c:109:52: warning: unknown conversion type character ',' in format [-Wformat=]
  109 |                   "Button (R, G, B) -> 0%, 20%, 40%, 60%, 80%, 100%\r\n"
      |                                                    ^
../Core/Src/main.c:109:57: warning: unknown conversion type character ',' in format [-Wformat=]
  109 |                   "Button (R, G, B) -> 0%, 20%, 40%, 60%, 80%, 100%\r\n"
      |                                                         ^
../Core/Src/main.c:109:62: warning: unknown conversion type character ',' in format [-Wformat=]
  109 |                   "Button (R, G, B) -> 0%, 20%, 40%, 60%, 80%, 100%\r\n"
      |                                                              ^
../Core/Src/main.c:109:68: warning: unknown conversion type character '\x0d' in format [-Wformat=]
  109 |                   "Button (R, G, B) -> 0%, 20%, 40%, 60%, 80%, 100%\r\n"
      |                                                                    ^~
arm-none-eabi-gcc -o "lab7.elf" @"objects.list"   -mcpu=cortex-m7 -T"D:\STM32\Lab7\lab7\STM32F767ZITX_FLASH.ld" --specs=nosys.specs -Wl,-Map="lab7.map" -Wl,--gc-sections -static --specs=nano.specs -mfpu=fpv5-d16 -mfloat-abi=hard -mthumb -Wl,--start-group -lc -lm -Wl,--end-group
Finished building target: lab7.elf
 
arm-none-eabi-size  lab7.elf 
arm-none-eabi-objdump -h -S lab7.elf  > "lab7.list"
   text	   data	    bss	    dec	    hex	filename
  18624	     92	   2220	  20936	   51c8	lab7.elf
Finished building: default.size.stdout
 
Finished building: lab7.list
 
11:18:18 **** Incremental Build of configuration Debug for project lab7 ****
make -j12 all 
arm-none-eabi-size  lab7.elf 
   text	   data	    bss	    dec	    hex	filename
  18624	     92	   2220	  20936	   51c8	lab7.elf
Finished building: default.size.stdout
 
11:20:20 **** Incremental Build of configuration Debug for project lab7 ****
make -j12 all 
arm-none-eabi-gcc "../Core/Src/main.c" -mcpu=cortex-m7 -std=gnu11 -g3 -DDEBUG -DUSE_HAL_DRIVER -DSTM32F767xx -c -I../Core/Inc -IC:/Users/Admin/STM32Cube/Repository/STM32Cube_FW_F7_V1.17.2/Drivers/STM32F7xx_HAL_Driver/Inc -IC:/Users/Admin/STM32Cube/Repository/STM32Cube_FW_F7_V1.17.2/Drivers/STM32F7xx_HAL_Driver/Inc/Legacy -IC:/Users/Admin/STM32Cube/Repository/STM32Cube_FW_F7_V1.17.2/Drivers/CMSIS/Device/ST/STM32F7xx/Include -IC:/Users/Admin/STM32Cube/Repository/STM32Cube_FW_F7_V1.17.2/Drivers/CMSIS/Include -O0 -ffunction-sections -fdata-sections -Wall -fstack-usage -fcyclomatic-complexity -MMD -MP -MF"Core/Src/main.d" -MT"Core/Src/main.o" --specs=nano.specs -mfpu=fpv5-d16 -mfloat-abi=hard -mthumb -o "Core/Src/main.o"
../Core/Src/main.c: In function 'main':
../Core/Src/main.c:109:42: warning: unknown conversion type character ',' in format [-Wformat=]
  109 |                   "Button (R, G, B) -> 0%, 20%, 40%, 60%, 80%, 100%\r\n"
      |                                          ^
../Core/Src/main.c:109:47: warning: unknown conversion type character ',' in format [-Wformat=]
  109 |                   "Button (R, G, B) -> 0%, 20%, 40%, 60%, 80%, 100%\r\n"
      |                                               ^
../Core/Src/main.c:109:52: warning: unknown conversion type character ',' in format [-Wformat=]
  109 |                   "Button (R, G, B) -> 0%, 20%, 40%, 60%, 80%, 100%\r\n"
      |                                                    ^
../Core/Src/main.c:109:57: warning: unknown conversion type character ',' in format [-Wformat=]
  109 |                   "Button (R, G, B) -> 0%, 20%, 40%, 60%, 80%, 100%\r\n"
      |                                                         ^
../Core/Src/main.c:109:62: warning: unknown conversion type character ',' in format [-Wformat=]
  109 |                   "Button (R, G, B) -> 0%, 20%, 40%, 60%, 80%, 100%\r\n"
      |                                                              ^
../Core/Src/main.c:109:68: warning: unknown conversion type character '\x0d' in format [-Wformat=]
  109 |                   "Button (R, G, B) -> 0%, 20%, 40%, 60%, 80%, 100%\r\n"
      |                                                                    ^~
arm-none-eabi-gcc -o "lab7.elf" @"objects.list"   -mcpu=cortex-m7 -T"D:\STM32\Lab7\lab7\STM32F767ZITX_FLASH.ld" --specs=nosys.specs -Wl,-Map="lab7.map" -Wl,--gc-sections -static --specs=nano.specs -mfpu=fpv5-d16 -mfloat-abi=hard -mthumb -Wl,--start-group -lc -lm -Wl,--end-group
Finished building target: lab7.elf
 
arm-none-eabi-size  lab7.elf 
arm-none-eabi-objdump -h -S lab7.elf  > "lab7.list"
   text	   data	    bss	    dec	    hex	filename
  18624	     92	   2220	  20936	   51c8	lab7.elf
Finished building: default.size.stdout
 
Finished building: lab7.list
 
11:20:22 **** Incremental Build of configuration Debug for project lab7 ****
make -j12 all 
arm-none-eabi-size  lab7.elf 
   text	   data	    bss	    dec	    hex	filename
  18624	     92	   2220	  20936	   51c8	lab7.elf
Finished building: default.size.stdout
 
11:20:45 **** Incremental Build of configuration Debug for project lab7 ****
make -j12 all 
arm-none-eabi-gcc "../Core/Src/main.c" -mcpu=cortex-m7 -std=gnu11 -g3 -DDEBUG -DUSE_HAL_DRIVER -DSTM32F767xx -c -I../Core/Inc -IC:/Users/Admin/STM32Cube/Repository/STM32Cube_FW_F7_V1.17.2/Drivers/STM32F7xx_HAL_Driver/Inc -IC:/Users/Admin/STM32Cube/Repository/STM32Cube_FW_F7_V1.17.2/Drivers/STM32F7xx_HAL_Driver/Inc/Legacy -IC:/Users/Admin/STM32Cube/Repository/STM32Cube_FW_F7_V1.17.2/Drivers/CMSIS/Device/ST/STM32F7xx/Include -IC:/Users/Admin/STM32Cube/Repository/STM32Cube_FW_F7_V1.17.2/Drivers/CMSIS/Include -O0 -ffunction-sections -fdata-sections -Wall -fstack-usage -fcyclomatic-complexity -MMD -MP -MF"Core/Src/main.d" -MT"Core/Src/main.o" --specs=nano.specs -mfpu=fpv5-d16 -mfloat-abi=hard -mthumb -o "Core/Src/main.o"
../Core/Src/main.c: In function 'main':
../Core/Src/main.c:109:42: warning: unknown conversion type character ',' in format [-Wformat=]
  109 |                   "Button (R, G, B) -> 0%, 20%, 40%, 60%, 80%, 100%\r\n"
      |                                          ^
../Core/Src/main.c:109:47: warning: unknown conversion type character ',' in format [-Wformat=]
  109 |                   "Button (R, G, B) -> 0%, 20%, 40%, 60%, 80%, 100%\r\n"
      |                                               ^
../Core/Src/main.c:109:52: warning: unknown conversion type character ',' in format [-Wformat=]
  109 |                   "Button (R, G, B) -> 0%, 20%, 40%, 60%, 80%, 100%\r\n"
      |                                                    ^
../Core/Src/main.c:109:57: warning: unknown conversion type character ',' in format [-Wformat=]
  109 |                   "Button (R, G, B) -> 0%, 20%, 40%, 60%, 80%, 100%\r\n"
      |                                                         ^
../Core/Src/main.c:109:62: warning: unknown conversion type character ',' in format [-Wformat=]
  109 |                   "Button (R, G, B) -> 0%, 20%, 40%, 60%, 80%, 100%\r\n"
      |                                                              ^
../Core/Src/main.c:109:68: warning: unknown conversion type character '\x0d' in format [-Wformat=]
  109 |                   "Button (R, G, B) -> 0%, 20%, 40%, 60%, 80%, 100%\r\n"
      |                                                                    ^~
arm-none-eabi-gcc -o "lab7.elf" @"objects.list"   -mcpu=cortex-m7 -T"D:\STM32\Lab7\lab7\STM32F767ZITX_FLASH.ld" --specs=nosys.specs -Wl,-Map="lab7.map" -Wl,--gc-sections -static --specs=nano.specs -mfpu=fpv5-d16 -mfloat-abi=hard -mthumb -Wl,--start-group -lc -lm -Wl,--end-group
Finished building target: lab7.elf
 
arm-none-eabi-size  lab7.elf 
arm-none-eabi-objdump -h -S lab7.elf  > "lab7.list"
   text	   data	    bss	    dec	    hex	filename
  18624	     92	   2220	  20936	   51c8	lab7.elf
Finished building: default.size.stdout
 
Finished building: lab7.list
 
11:20:46 **** Incremental Build of configuration Debug for project lab7 ****
make -j12 all 
arm-none-eabi-size  lab7.elf 
   text	   data	    bss	    dec	    hex	filename
  18624	     92	   2220	  20936	   51c8	lab7.elf
Finished building: default.size.stdout
 
11:22:10 **** Incremental Build of configuration Debug for project lab7 ****
make -j12 all 
arm-none-eabi-gcc "../Core/Src/main.c" -mcpu=cortex-m7 -std=gnu11 -g3 -DDEBUG -DUSE_HAL_DRIVER -DSTM32F767xx -c -I../Core/Inc -IC:/Users/Admin/STM32Cube/Repository/STM32Cube_FW_F7_V1.17.2/Drivers/STM32F7xx_HAL_Driver/Inc -IC:/Users/Admin/STM32Cube/Repository/STM32Cube_FW_F7_V1.17.2/Drivers/STM32F7xx_HAL_Driver/Inc/Legacy -IC:/Users/Admin/STM32Cube/Repository/STM32Cube_FW_F7_V1.17.2/Drivers/CMSIS/Device/ST/STM32F7xx/Include -IC:/Users/Admin/STM32Cube/Repository/STM32Cube_FW_F7_V1.17.2/Drivers/CMSIS/Include -O0 -ffunction-sections -fdata-sections -Wall -fstack-usage -fcyclomatic-complexity -MMD -MP -MF"Core/Src/main.d" -MT"Core/Src/main.o" --specs=nano.specs -mfpu=fpv5-d16 -mfloat-abi=hard -mthumb -o "Core/Src/main.o"
../Core/Src/main.c: In function 'main':
../Core/Src/main.c:109:42: warning: unknown conversion type character ',' in format [-Wformat=]
  109 |                   "Button (R, G, B) -> 0%, 20%, 40%, 60%, 80%, 100%\r\n"
      |                                          ^
../Core/Src/main.c:109:47: warning: unknown conversion type character ',' in format [-Wformat=]
  109 |                   "Button (R, G, B) -> 0%, 20%, 40%, 60%, 80%, 100%\r\n"
      |                                               ^
../Core/Src/main.c:109:52: warning: unknown conversion type character ',' in format [-Wformat=]
  109 |                   "Button (R, G, B) -> 0%, 20%, 40%, 60%, 80%, 100%\r\n"
      |                                                    ^
../Core/Src/main.c:109:57: warning: unknown conversion type character ',' in format [-Wformat=]
  109 |                   "Button (R, G, B) -> 0%, 20%, 40%, 60%, 80%, 100%\r\n"
      |                                                         ^
../Core/Src/main.c:109:62: warning: unknown conversion type character ',' in format [-Wformat=]
  109 |                   "Button (R, G, B) -> 0%, 20%, 40%, 60%, 80%, 100%\r\n"
      |                                                              ^
../Core/Src/main.c:109:68: warning: unknown conversion type character '\x0d' in format [-Wformat=]
  109 |                   "Button (R, G, B) -> 0%, 20%, 40%, 60%, 80%, 100%\r\n"
      |                                                                    ^~
arm-none-eabi-gcc -o "lab7.elf" @"objects.list"   -mcpu=cortex-m7 -T"D:\STM32\Lab7\lab7\STM32F767ZITX_FLASH.ld" --specs=nosys.specs -Wl,-Map="lab7.map" -Wl,--gc-sections -static --specs=nano.specs -mfpu=fpv5-d16 -mfloat-abi=hard -mthumb -Wl,--start-group -lc -lm -Wl,--end-group
Finished building target: lab7.elf
 
arm-none-eabi-size  lab7.elf 
arm-none-eabi-objdump -h -S lab7.elf  > "lab7.list"
   text	   data	    bss	    dec	    hex	filename
  18676	     92	   2220	  20988	   51fc	lab7.elf
Finished building: default.size.stdout
 
Finished building: lab7.list
 
11:22:11 **** Incremental Build of configuration Debug for project lab7 ****
make -j12 all 
arm-none-eabi-size  lab7.elf 
   text	   data	    bss	    dec	    hex	filename
  18676	     92	   2220	  20988	   51fc	lab7.elf
Finished building: default.size.stdout
 
11:23:23 **** Incremental Build of configuration Debug for project lab7 ****
make -j12 all 
arm-none-eabi-gcc "../Core/Src/main.c" -mcpu=cortex-m7 -std=gnu11 -g3 -DDEBUG -DUSE_HAL_DRIVER -DSTM32F767xx -c -I../Core/Inc -IC:/Users/Admin/STM32Cube/Repository/STM32Cube_FW_F7_V1.17.2/Drivers/STM32F7xx_HAL_Driver/Inc -IC:/Users/Admin/STM32Cube/Repository/STM32Cube_FW_F7_V1.17.2/Drivers/STM32F7xx_HAL_Driver/Inc/Legacy -IC:/Users/Admin/STM32Cube/Repository/STM32Cube_FW_F7_V1.17.2/Drivers/CMSIS/Device/ST/STM32F7xx/Include -IC:/Users/Admin/STM32Cube/Repository/STM32Cube_FW_F7_V1.17.2/Drivers/CMSIS/Include -O0 -ffunction-sections -fdata-sections -Wall -fstack-usage -fcyclomatic-complexity -MMD -MP -MF"Core/Src/main.d" -MT"Core/Src/main.o" --specs=nano.specs -mfpu=fpv5-d16 -mfloat-abi=hard -mthumb -o "Core/Src/main.o"
../Core/Src/main.c: In function 'main':
../Core/Src/main.c:112:42: warning: unknown conversion type character ',' in format [-Wformat=]
  112 |                   "Button (R, G, B) -> 0%, 20%, 40%, 60%, 80%, 100%\r\n"
      |                                          ^
../Core/Src/main.c:112:47: warning: unknown conversion type character ',' in format [-Wformat=]
  112 |                   "Button (R, G, B) -> 0%, 20%, 40%, 60%, 80%, 100%\r\n"
      |                                               ^
../Core/Src/main.c:112:52: warning: unknown conversion type character ',' in format [-Wformat=]
  112 |                   "Button (R, G, B) -> 0%, 20%, 40%, 60%, 80%, 100%\r\n"
      |                                                    ^
../Core/Src/main.c:112:57: warning: unknown conversion type character ',' in format [-Wformat=]
  112 |                   "Button (R, G, B) -> 0%, 20%, 40%, 60%, 80%, 100%\r\n"
      |                                                         ^
../Core/Src/main.c:112:62: warning: unknown conversion type character ',' in format [-Wformat=]
  112 |                   "Button (R, G, B) -> 0%, 20%, 40%, 60%, 80%, 100%\r\n"
      |                                                              ^
../Core/Src/main.c:112:68: warning: unknown conversion type character '\x0d' in format [-Wformat=]
  112 |                   "Button (R, G, B) -> 0%, 20%, 40%, 60%, 80%, 100%\r\n"
      |                                                                    ^~
arm-none-eabi-gcc -o "lab7.elf" @"objects.list"   -mcpu=cortex-m7 -T"D:\STM32\Lab7\lab7\STM32F767ZITX_FLASH.ld" --specs=nosys.specs -Wl,-Map="lab7.map" -Wl,--gc-sections -static --specs=nano.specs -mfpu=fpv5-d16 -mfloat-abi=hard -mthumb -Wl,--start-group -lc -lm -Wl,--end-group
Finished building target: lab7.elf
 
arm-none-eabi-size  lab7.elf 
arm-none-eabi-objdump -h -S lab7.elf  > "lab7.list"
   text	   data	    bss	    dec	    hex	filename
  18676	     92	   2220	  20988	   51fc	lab7.elf
Finished building: default.size.stdout
 
Finished building: lab7.list
 
11:24:37 **** Incremental Build of configuration Debug for project lab7 ****
make -j12 all 
arm-none-eabi-gcc "../Core/Src/main.c" -mcpu=cortex-m7 -std=gnu11 -g3 -DDEBUG -DUSE_HAL_DRIVER -DSTM32F767xx -c -I../Core/Inc -IC:/Users/Admin/STM32Cube/Repository/STM32Cube_FW_F7_V1.17.2/Drivers/STM32F7xx_HAL_Driver/Inc -IC:/Users/Admin/STM32Cube/Repository/STM32Cube_FW_F7_V1.17.2/Drivers/STM32F7xx_HAL_Driver/Inc/Legacy -IC:/Users/Admin/STM32Cube/Repository/STM32Cube_FW_F7_V1.17.2/Drivers/CMSIS/Device/ST/STM32F7xx/Include -IC:/Users/Admin/STM32Cube/Repository/STM32Cube_FW_F7_V1.17.2/Drivers/CMSIS/Include -O0 -ffunction-sections -fdata-sections -Wall -fstack-usage -fcyclomatic-complexity -MMD -MP -MF"Core/Src/main.d" -MT"Core/Src/main.o" --specs=nano.specs -mfpu=fpv5-d16 -mfloat-abi=hard -mthumb -o "Core/Src/main.o"
../Core/Src/main.c: In function 'main':
../Core/Src/main.c:112:42: warning: unknown conversion type character ',' in format [-Wformat=]
  112 |                   "Button (R, G, B) -> 0%, 20%, 40%, 60%, 80%, 100%\r\n"
      |                                          ^
../Core/Src/main.c:112:47: warning: unknown conversion type character ',' in format [-Wformat=]
  112 |                   "Button (R, G, B) -> 0%, 20%, 40%, 60%, 80%, 100%\r\n"
      |                                               ^
../Core/Src/main.c:112:52: warning: unknown conversion type character ',' in format [-Wformat=]
  112 |                   "Button (R, G, B) -> 0%, 20%, 40%, 60%, 80%, 100%\r\n"
      |                                                    ^
../Core/Src/main.c:112:57: warning: unknown conversion type character ',' in format [-Wformat=]
  112 |                   "Button (R, G, B) -> 0%, 20%, 40%, 60%, 80%, 100%\r\n"
      |                                                         ^
../Core/Src/main.c:112:62: warning: unknown conversion type character ',' in format [-Wformat=]
  112 |                   "Button (R, G, B) -> 0%, 20%, 40%, 60%, 80%, 100%\r\n"
      |                                                              ^
../Core/Src/main.c:112:68: warning: unknown conversion type character '\x0d' in format [-Wformat=]
  112 |                   "Button (R, G, B) -> 0%, 20%, 40%, 60%, 80%, 100%\r\n"
      |                                                                    ^~
arm-none-eabi-gcc -o "lab7.elf" @"objects.list"   -mcpu=cortex-m7 -T"D:\STM32\Lab7\lab7\STM32F767ZITX_FLASH.ld" --specs=nosys.specs -Wl,-Map="lab7.map" -Wl,--gc-sections -static --specs=nano.specs -mfpu=fpv5-d16 -mfloat-abi=hard -mthumb -Wl,--start-group -lc -lm -Wl,--end-group
Finished building target: lab7.elf
 
arm-none-eabi-size  lab7.elf 
arm-none-eabi-objdump -h -S lab7.elf  > "lab7.list"
   text	   data	    bss	    dec	    hex	filename
  18732	     92	   2220	  21044	   5234	lab7.elf
Finished building: default.size.stdout
 
Finished building: lab7.list
 
11:24:40 **** Incremental Build of configuration Debug for project lab7 ****
make -j12 all 
arm-none-eabi-size  lab7.elf 
   text	   data	    bss	    dec	    hex	filename
  18732	     92	   2220	  21044	   5234	lab7.elf
Finished building: default.size.stdout
 
11:25:31 **** Incremental Build of configuration Debug for project lab7 ****
make -j12 all 
arm-none-eabi-gcc "../Core/Src/main.c" -mcpu=cortex-m7 -std=gnu11 -g3 -DDEBUG -DUSE_HAL_DRIVER -DSTM32F767xx -c -I../Core/Inc -IC:/Users/Admin/STM32Cube/Repository/STM32Cube_FW_F7_V1.17.2/Drivers/STM32F7xx_HAL_Driver/Inc -IC:/Users/Admin/STM32Cube/Repository/STM32Cube_FW_F7_V1.17.2/Drivers/STM32F7xx_HAL_Driver/Inc/Legacy -IC:/Users/Admin/STM32Cube/Repository/STM32Cube_FW_F7_V1.17.2/Drivers/CMSIS/Device/ST/STM32F7xx/Include -IC:/Users/Admin/STM32Cube/Repository/STM32Cube_FW_F7_V1.17.2/Drivers/CMSIS/Include -O0 -ffunction-sections -fdata-sections -Wall -fstack-usage -fcyclomatic-complexity -MMD -MP -MF"Core/Src/main.d" -MT"Core/Src/main.o" --specs=nano.specs -mfpu=fpv5-d16 -mfloat-abi=hard -mthumb -o "Core/Src/main.o"
../Core/Src/main.c: In function 'main':
../Core/Src/main.c:112:42: warning: unknown conversion type character ',' in format [-Wformat=]
  112 |                   "Button (R, G, B) -> 0%, 20%, 40%, 60%, 80%, 100%\r\n"
      |                                          ^
../Core/Src/main.c:112:47: warning: unknown conversion type character ',' in format [-Wformat=]
  112 |                   "Button (R, G, B) -> 0%, 20%, 40%, 60%, 80%, 100%\r\n"
      |                                               ^
../Core/Src/main.c:112:52: warning: unknown conversion type character ',' in format [-Wformat=]
  112 |                   "Button (R, G, B) -> 0%, 20%, 40%, 60%, 80%, 100%\r\n"
      |                                                    ^
../Core/Src/main.c:112:57: warning: unknown conversion type character ',' in format [-Wformat=]
  112 |                   "Button (R, G, B) -> 0%, 20%, 40%, 60%, 80%, 100%\r\n"
      |                                                         ^
../Core/Src/main.c:112:62: warning: unknown conversion type character ',' in format [-Wformat=]
  112 |                   "Button (R, G, B) -> 0%, 20%, 40%, 60%, 80%, 100%\r\n"
      |                                                              ^
../Core/Src/main.c:112:68: warning: unknown conversion type character '\x0d' in format [-Wformat=]
  112 |                   "Button (R, G, B) -> 0%, 20%, 40%, 60%, 80%, 100%\r\n"
      |                                                                    ^~
../Core/Src/main.c:138:77: warning: format '%u' expects argument of type 'unsigned int', but argument 4 has type 'double' [-Wformat=]
  138 |                           snprintf(tx_message, sizeof(tx_message), "\r\n R %ul", R_dutyCycle);
      |                                                                            ~^    ~~~~~~~~~~~
      |                                                                             |    |
      |                                                                             |    double
      |                                                                             unsigned int
      |                                                                            %f
arm-none-eabi-gcc -o "lab7.elf" @"objects.list"   -mcpu=cortex-m7 -T"D:\STM32\Lab7\lab7\STM32F767ZITX_FLASH.ld" --specs=nosys.specs -Wl,-Map="lab7.map" -Wl,--gc-sections -static --specs=nano.specs -mfpu=fpv5-d16 -mfloat-abi=hard -mthumb -Wl,--start-group -lc -lm -Wl,--end-group
Finished building target: lab7.elf
 
arm-none-eabi-size  lab7.elf 
arm-none-eabi-objdump -h -S lab7.elf  > "lab7.list"
   text	   data	    bss	    dec	    hex	filename
  18736	     92	   2220	  21048	   5238	lab7.elf
Finished building: default.size.stdout
 
Finished building: lab7.list
 
11:25:33 **** Incremental Build of configuration Debug for project lab7 ****
make -j12 all 
arm-none-eabi-size  lab7.elf 
   text	   data	    bss	    dec	    hex	filename
  18736	     92	   2220	  21048	   5238	lab7.elf
Finished building: default.size.stdout
 
11:26:19 **** Incremental Build of configuration Debug for project lab7 ****
make -j12 all 
arm-none-eabi-gcc "../Core/Src/main.c" -mcpu=cortex-m7 -std=gnu11 -g3 -DDEBUG -DUSE_HAL_DRIVER -DSTM32F767xx -c -I../Core/Inc -IC:/Users/Admin/STM32Cube/Repository/STM32Cube_FW_F7_V1.17.2/Drivers/STM32F7xx_HAL_Driver/Inc -IC:/Users/Admin/STM32Cube/Repository/STM32Cube_FW_F7_V1.17.2/Drivers/STM32F7xx_HAL_Driver/Inc/Legacy -IC:/Users/Admin/STM32Cube/Repository/STM32Cube_FW_F7_V1.17.2/Drivers/CMSIS/Device/ST/STM32F7xx/Include -IC:/Users/Admin/STM32Cube/Repository/STM32Cube_FW_F7_V1.17.2/Drivers/CMSIS/Include -O0 -ffunction-sections -fdata-sections -Wall -fstack-usage -fcyclomatic-complexity -MMD -MP -MF"Core/Src/main.d" -MT"Core/Src/main.o" --specs=nano.specs -mfpu=fpv5-d16 -mfloat-abi=hard -mthumb -o "Core/Src/main.o"
../Core/Src/main.c: In function 'main':
../Core/Src/main.c:112:42: warning: unknown conversion type character ',' in format [-Wformat=]
  112 |                   "Button (R, G, B) -> 0%, 20%, 40%, 60%, 80%, 100%\r\n"
      |                                          ^
../Core/Src/main.c:112:47: warning: unknown conversion type character ',' in format [-Wformat=]
  112 |                   "Button (R, G, B) -> 0%, 20%, 40%, 60%, 80%, 100%\r\n"
      |                                               ^
../Core/Src/main.c:112:52: warning: unknown conversion type character ',' in format [-Wformat=]
  112 |                   "Button (R, G, B) -> 0%, 20%, 40%, 60%, 80%, 100%\r\n"
      |                                                    ^
../Core/Src/main.c:112:57: warning: unknown conversion type character ',' in format [-Wformat=]
  112 |                   "Button (R, G, B) -> 0%, 20%, 40%, 60%, 80%, 100%\r\n"
      |                                                         ^
../Core/Src/main.c:112:62: warning: unknown conversion type character ',' in format [-Wformat=]
  112 |                   "Button (R, G, B) -> 0%, 20%, 40%, 60%, 80%, 100%\r\n"
      |                                                              ^
../Core/Src/main.c:112:68: warning: unknown conversion type character '\x0d' in format [-Wformat=]
  112 |                   "Button (R, G, B) -> 0%, 20%, 40%, 60%, 80%, 100%\r\n"
      |                                                                    ^~
arm-none-eabi-gcc -o "lab7.elf" @"objects.list"   -mcpu=cortex-m7 -T"D:\STM32\Lab7\lab7\STM32F767ZITX_FLASH.ld" --specs=nosys.specs -Wl,-Map="lab7.map" -Wl,--gc-sections -static --specs=nano.specs -mfpu=fpv5-d16 -mfloat-abi=hard -mthumb -Wl,--start-group -lc -lm -Wl,--end-group
Finished building target: lab7.elf
 
arm-none-eabi-size  lab7.elf 
arm-none-eabi-objdump -h -S lab7.elf  > "lab7.list"
   text	   data	    bss	    dec	    hex	filename
  18700	     92	   2220	  21012	   5214	lab7.elf
Finished building: default.size.stdout
 
Finished building: lab7.list
 
11:26:23 **** Incremental Build of configuration Debug for project lab7 ****
make -j12 all 
arm-none-eabi-size  lab7.elf 
   text	   data	    bss	    dec	    hex	filename
  18700	     92	   2220	  21012	   5214	lab7.elf
Finished building: default.size.stdout
 
11:27:11 **** Incremental Build of configuration Debug for project lab7 ****
make -j12 all 
arm-none-eabi-gcc "../Core/Src/main.c" -mcpu=cortex-m7 -std=gnu11 -g3 -DDEBUG -DUSE_HAL_DRIVER -DSTM32F767xx -c -I../Core/Inc -IC:/Users/Admin/STM32Cube/Repository/STM32Cube_FW_F7_V1.17.2/Drivers/STM32F7xx_HAL_Driver/Inc -IC:/Users/Admin/STM32Cube/Repository/STM32Cube_FW_F7_V1.17.2/Drivers/STM32F7xx_HAL_Driver/Inc/Legacy -IC:/Users/Admin/STM32Cube/Repository/STM32Cube_FW_F7_V1.17.2/Drivers/CMSIS/Device/ST/STM32F7xx/Include -IC:/Users/Admin/STM32Cube/Repository/STM32Cube_FW_F7_V1.17.2/Drivers/CMSIS/Include -O0 -ffunction-sections -fdata-sections -Wall -fstack-usage -fcyclomatic-complexity -MMD -MP -MF"Core/Src/main.d" -MT"Core/Src/main.o" --specs=nano.specs -mfpu=fpv5-d16 -mfloat-abi=hard -mthumb -o "Core/Src/main.o"
../Core/Src/main.c: In function 'main':
../Core/Src/main.c:112:42: warning: unknown conversion type character ',' in format [-Wformat=]
  112 |                   "Button (R, G, B) -> 0%, 20%, 40%, 60%, 80%, 100%\r\n"
      |                                          ^
../Core/Src/main.c:112:47: warning: unknown conversion type character ',' in format [-Wformat=]
  112 |                   "Button (R, G, B) -> 0%, 20%, 40%, 60%, 80%, 100%\r\n"
      |                                               ^
../Core/Src/main.c:112:52: warning: unknown conversion type character ',' in format [-Wformat=]
  112 |                   "Button (R, G, B) -> 0%, 20%, 40%, 60%, 80%, 100%\r\n"
      |                                                    ^
../Core/Src/main.c:112:57: warning: unknown conversion type character ',' in format [-Wformat=]
  112 |                   "Button (R, G, B) -> 0%, 20%, 40%, 60%, 80%, 100%\r\n"
      |                                                         ^
../Core/Src/main.c:112:62: warning: unknown conversion type character ',' in format [-Wformat=]
  112 |                   "Button (R, G, B) -> 0%, 20%, 40%, 60%, 80%, 100%\r\n"
      |                                                              ^
../Core/Src/main.c:112:68: warning: unknown conversion type character '\x0d' in format [-Wformat=]
  112 |                   "Button (R, G, B) -> 0%, 20%, 40%, 60%, 80%, 100%\r\n"
      |                                                                    ^~
arm-none-eabi-gcc -o "lab7.elf" @"objects.list"   -mcpu=cortex-m7 -T"D:\STM32\Lab7\lab7\STM32F767ZITX_FLASH.ld" --specs=nosys.specs -Wl,-Map="lab7.map" -Wl,--gc-sections -static --specs=nano.specs -mfpu=fpv5-d16 -mfloat-abi=hard -mthumb -Wl,--start-group -lc -lm -Wl,--end-group
Finished building target: lab7.elf
 
arm-none-eabi-size  lab7.elf 
arm-none-eabi-objdump -h -S lab7.elf  > "lab7.list"
   text	   data	    bss	    dec	    hex	filename
  18696	     92	   2220	  21008	   5210	lab7.elf
Finished building: default.size.stdout
 
Finished building: lab7.list
 
11:27:13 **** Incremental Build of configuration Debug for project lab7 ****
make -j12 all 
arm-none-eabi-size  lab7.elf 
   text	   data	    bss	    dec	    hex	filename
  18696	     92	   2220	  21008	   5210	lab7.elf
Finished building: default.size.stdout
 
11:27:43 **** Incremental Build of configuration Debug for project lab7 ****
make -j12 all 
arm-none-eabi-gcc "../Core/Src/main.c" -mcpu=cortex-m7 -std=gnu11 -g3 -DDEBUG -DUSE_HAL_DRIVER -DSTM32F767xx -c -I../Core/Inc -IC:/Users/Admin/STM32Cube/Repository/STM32Cube_FW_F7_V1.17.2/Drivers/STM32F7xx_HAL_Driver/Inc -IC:/Users/Admin/STM32Cube/Repository/STM32Cube_FW_F7_V1.17.2/Drivers/STM32F7xx_HAL_Driver/Inc/Legacy -IC:/Users/Admin/STM32Cube/Repository/STM32Cube_FW_F7_V1.17.2/Drivers/CMSIS/Device/ST/STM32F7xx/Include -IC:/Users/Admin/STM32Cube/Repository/STM32Cube_FW_F7_V1.17.2/Drivers/CMSIS/Include -O0 -ffunction-sections -fdata-sections -Wall -fstack-usage -fcyclomatic-complexity -MMD -MP -MF"Core/Src/main.d" -MT"Core/Src/main.o" --specs=nano.specs -mfpu=fpv5-d16 -mfloat-abi=hard -mthumb -o "Core/Src/main.o"
../Core/Src/main.c: In function 'main':
../Core/Src/main.c:112:42: warning: unknown conversion type character ',' in format [-Wformat=]
  112 |                   "Button (R, G, B) -> 0%, 20%, 40%, 60%, 80%, 100%\r\n"
      |                                          ^
../Core/Src/main.c:112:47: warning: unknown conversion type character ',' in format [-Wformat=]
  112 |                   "Button (R, G, B) -> 0%, 20%, 40%, 60%, 80%, 100%\r\n"
      |                                               ^
../Core/Src/main.c:112:52: warning: unknown conversion type character ',' in format [-Wformat=]
  112 |                   "Button (R, G, B) -> 0%, 20%, 40%, 60%, 80%, 100%\r\n"
      |                                                    ^
../Core/Src/main.c:112:57: warning: unknown conversion type character ',' in format [-Wformat=]
  112 |                   "Button (R, G, B) -> 0%, 20%, 40%, 60%, 80%, 100%\r\n"
      |                                                         ^
../Core/Src/main.c:112:62: warning: unknown conversion type character ',' in format [-Wformat=]
  112 |                   "Button (R, G, B) -> 0%, 20%, 40%, 60%, 80%, 100%\r\n"
      |                                                              ^
../Core/Src/main.c:112:68: warning: unknown conversion type character '\x0d' in format [-Wformat=]
  112 |                   "Button (R, G, B) -> 0%, 20%, 40%, 60%, 80%, 100%\r\n"
      |                                                                    ^~
arm-none-eabi-gcc -o "lab7.elf" @"objects.list"   -mcpu=cortex-m7 -T"D:\STM32\Lab7\lab7\STM32F767ZITX_FLASH.ld" --specs=nosys.specs -Wl,-Map="lab7.map" -Wl,--gc-sections -static --specs=nano.specs -mfpu=fpv5-d16 -mfloat-abi=hard -mthumb -Wl,--start-group -lc -lm -Wl,--end-group
Finished building target: lab7.elf
 
arm-none-eabi-size  lab7.elf 
arm-none-eabi-objdump -h -S lab7.elf  > "lab7.list"
   text	   data	    bss	    dec	    hex	filename
  18708	     92	   2220	  21020	   521c	lab7.elf
Finished building: default.size.stdout
 
Finished building: lab7.list
 
11:27:45 **** Incremental Build of configuration Debug for project lab7 ****
make -j12 all 
arm-none-eabi-size  lab7.elf 
   text	   data	    bss	    dec	    hex	filename
  18708	     92	   2220	  21020	   521c	lab7.elf
Finished building: default.size.stdout
 
11:31:21 **** Incremental Build of configuration Debug for project lab7 ****
make -j12 all 
arm-none-eabi-gcc "../Core/Src/main.c" -mcpu=cortex-m7 -std=gnu11 -g3 -DDEBUG -DUSE_HAL_DRIVER -DSTM32F767xx -c -I../Core/Inc -IC:/Users/Admin/STM32Cube/Repository/STM32Cube_FW_F7_V1.17.2/Drivers/STM32F7xx_HAL_Driver/Inc -IC:/Users/Admin/STM32Cube/Repository/STM32Cube_FW_F7_V1.17.2/Drivers/STM32F7xx_HAL_Driver/Inc/Legacy -IC:/Users/Admin/STM32Cube/Repository/STM32Cube_FW_F7_V1.17.2/Drivers/CMSIS/Device/ST/STM32F7xx/Include -IC:/Users/Admin/STM32Cube/Repository/STM32Cube_FW_F7_V1.17.2/Drivers/CMSIS/Include -O0 -ffunction-sections -fdata-sections -Wall -fstack-usage -fcyclomatic-complexity -MMD -MP -MF"Core/Src/main.d" -MT"Core/Src/main.o" --specs=nano.specs -mfpu=fpv5-d16 -mfloat-abi=hard -mthumb -o "Core/Src/main.o"
../Core/Src/main.c: In function 'main':
../Core/Src/main.c:112:42: warning: unknown conversion type character ',' in format [-Wformat=]
  112 |                   "Button (R, G, B) -> 0%, 20%, 40%, 60%, 80%, 100%\r\n"
      |                                          ^
../Core/Src/main.c:112:47: warning: unknown conversion type character ',' in format [-Wformat=]
  112 |                   "Button (R, G, B) -> 0%, 20%, 40%, 60%, 80%, 100%\r\n"
      |                                               ^
../Core/Src/main.c:112:52: warning: unknown conversion type character ',' in format [-Wformat=]
  112 |                   "Button (R, G, B) -> 0%, 20%, 40%, 60%, 80%, 100%\r\n"
      |                                                    ^
../Core/Src/main.c:112:57: warning: unknown conversion type character ',' in format [-Wformat=]
  112 |                   "Button (R, G, B) -> 0%, 20%, 40%, 60%, 80%, 100%\r\n"
      |                                                         ^
../Core/Src/main.c:112:62: warning: unknown conversion type character ',' in format [-Wformat=]
  112 |                   "Button (R, G, B) -> 0%, 20%, 40%, 60%, 80%, 100%\r\n"
      |                                                              ^
../Core/Src/main.c:112:68: warning: unknown conversion type character '\x0d' in format [-Wformat=]
  112 |                   "Button (R, G, B) -> 0%, 20%, 40%, 60%, 80%, 100%\r\n"
      |                                                                    ^~
arm-none-eabi-gcc -o "lab7.elf" @"objects.list"   -mcpu=cortex-m7 -T"D:\STM32\Lab7\lab7\STM32F767ZITX_FLASH.ld" --specs=nosys.specs -Wl,-Map="lab7.map" -Wl,--gc-sections -static --specs=nano.specs -mfpu=fpv5-d16 -mfloat-abi=hard -mthumb -Wl,--start-group -lc -lm -Wl,--end-group
Finished building target: lab7.elf
 
arm-none-eabi-size  lab7.elf 
arm-none-eabi-objdump -h -S lab7.elf  > "lab7.list"
   text	   data	    bss	    dec	    hex	filename
  19692	     92	   2220	  22004	   55f4	lab7.elf
Finished building: default.size.stdout
 
Finished building: lab7.list
 
11:31:27 **** Incremental Build of configuration Debug for project lab7 ****
make -j12 all 
arm-none-eabi-size  lab7.elf 
   text	   data	    bss	    dec	    hex	filename
  19692	     92	   2220	  22004	   55f4	lab7.elf
Finished building: default.size.stdout
 
11:32:28 **** Incremental Build of configuration Debug for project lab7 ****
make -j12 all 
arm-none-eabi-gcc "../Core/Src/main.c" -mcpu=cortex-m7 -std=gnu11 -g3 -DDEBUG -DUSE_HAL_DRIVER -DSTM32F767xx -c -I../Core/Inc -IC:/Users/Admin/STM32Cube/Repository/STM32Cube_FW_F7_V1.17.2/Drivers/STM32F7xx_HAL_Driver/Inc -IC:/Users/Admin/STM32Cube/Repository/STM32Cube_FW_F7_V1.17.2/Drivers/STM32F7xx_HAL_Driver/Inc/Legacy -IC:/Users/Admin/STM32Cube/Repository/STM32Cube_FW_F7_V1.17.2/Drivers/CMSIS/Device/ST/STM32F7xx/Include -IC:/Users/Admin/STM32Cube/Repository/STM32Cube_FW_F7_V1.17.2/Drivers/CMSIS/Include -O0 -ffunction-sections -fdata-sections -Wall -fstack-usage -fcyclomatic-complexity -MMD -MP -MF"Core/Src/main.d" -MT"Core/Src/main.o" --specs=nano.specs -mfpu=fpv5-d16 -mfloat-abi=hard -mthumb -o "Core/Src/main.o"
../Core/Src/main.c: In function 'main':
../Core/Src/main.c:112:42: warning: unknown conversion type character ',' in format [-Wformat=]
  112 |                   "Button (R, G, B) -> 0%, 20%, 40%, 60%, 80%, 100%\r\n"
      |                                          ^
../Core/Src/main.c:112:47: warning: unknown conversion type character ',' in format [-Wformat=]
  112 |                   "Button (R, G, B) -> 0%, 20%, 40%, 60%, 80%, 100%\r\n"
      |                                               ^
../Core/Src/main.c:112:52: warning: unknown conversion type character ',' in format [-Wformat=]
  112 |                   "Button (R, G, B) -> 0%, 20%, 40%, 60%, 80%, 100%\r\n"
      |                                                    ^
../Core/Src/main.c:112:57: warning: unknown conversion type character ',' in format [-Wformat=]
  112 |                   "Button (R, G, B) -> 0%, 20%, 40%, 60%, 80%, 100%\r\n"
      |                                                         ^
../Core/Src/main.c:112:62: warning: unknown conversion type character ',' in format [-Wformat=]
  112 |                   "Button (R, G, B) -> 0%, 20%, 40%, 60%, 80%, 100%\r\n"
      |                                                              ^
../Core/Src/main.c:112:68: warning: unknown conversion type character '\x0d' in format [-Wformat=]
  112 |                   "Button (R, G, B) -> 0%, 20%, 40%, 60%, 80%, 100%\r\n"
      |                                                                    ^~
arm-none-eabi-gcc -o "lab7.elf" @"objects.list"   -mcpu=cortex-m7 -T"D:\STM32\Lab7\lab7\STM32F767ZITX_FLASH.ld" --specs=nosys.specs -Wl,-Map="lab7.map" -Wl,--gc-sections -static --specs=nano.specs -mfpu=fpv5-d16 -mfloat-abi=hard -mthumb -Wl,--start-group -lc -lm -Wl,--end-group
Finished building target: lab7.elf
 
arm-none-eabi-size  lab7.elf 
arm-none-eabi-objdump -h -S lab7.elf  > "lab7.list"
   text	   data	    bss	    dec	    hex	filename
  19692	     92	   2220	  22004	   55f4	lab7.elf
Finished building: default.size.stdout
 
Finished building: lab7.list
 
11:32:31 **** Incremental Build of configuration Debug for project lab7 ****
make -j12 all 
arm-none-eabi-size  lab7.elf 
   text	   data	    bss	    dec	    hex	filename
  19692	     92	   2220	  22004	   55f4	lab7.elf
Finished building: default.size.stdout
 
11:33:37 **** Incremental Build of configuration Debug for project lab7 ****
make -j12 all 
arm-none-eabi-gcc "../Core/Src/main.c" -mcpu=cortex-m7 -std=gnu11 -g3 -DDEBUG -DUSE_HAL_DRIVER -DSTM32F767xx -c -I../Core/Inc -IC:/Users/Admin/STM32Cube/Repository/STM32Cube_FW_F7_V1.17.2/Drivers/STM32F7xx_HAL_Driver/Inc -IC:/Users/Admin/STM32Cube/Repository/STM32Cube_FW_F7_V1.17.2/Drivers/STM32F7xx_HAL_Driver/Inc/Legacy -IC:/Users/Admin/STM32Cube/Repository/STM32Cube_FW_F7_V1.17.2/Drivers/CMSIS/Device/ST/STM32F7xx/Include -IC:/Users/Admin/STM32Cube/Repository/STM32Cube_FW_F7_V1.17.2/Drivers/CMSIS/Include -O0 -ffunction-sections -fdata-sections -Wall -fstack-usage -fcyclomatic-complexity -MMD -MP -MF"Core/Src/main.d" -MT"Core/Src/main.o" --specs=nano.specs -mfpu=fpv5-d16 -mfloat-abi=hard -mthumb -o "Core/Src/main.o"
../Core/Src/main.c: In function 'main':
../Core/Src/main.c:112:42: warning: unknown conversion type character ',' in format [-Wformat=]
  112 |                   "Button (R, G, B) -> 0%, 20%, 40%, 60%, 80%, 100%\r\n"
      |                                          ^
../Core/Src/main.c:112:47: warning: unknown conversion type character ',' in format [-Wformat=]
  112 |                   "Button (R, G, B) -> 0%, 20%, 40%, 60%, 80%, 100%\r\n"
      |                                               ^
../Core/Src/main.c:112:52: warning: unknown conversion type character ',' in format [-Wformat=]
  112 |                   "Button (R, G, B) -> 0%, 20%, 40%, 60%, 80%, 100%\r\n"
      |                                                    ^
../Core/Src/main.c:112:57: warning: unknown conversion type character ',' in format [-Wformat=]
  112 |                   "Button (R, G, B) -> 0%, 20%, 40%, 60%, 80%, 100%\r\n"
      |                                                         ^
../Core/Src/main.c:112:62: warning: unknown conversion type character ',' in format [-Wformat=]
  112 |                   "Button (R, G, B) -> 0%, 20%, 40%, 60%, 80%, 100%\r\n"
      |                                                              ^
../Core/Src/main.c:112:68: warning: unknown conversion type character '\x0d' in format [-Wformat=]
  112 |                   "Button (R, G, B) -> 0%, 20%, 40%, 60%, 80%, 100%\r\n"
      |                                                                    ^~
arm-none-eabi-gcc -o "lab7.elf" @"objects.list"   -mcpu=cortex-m7 -T"D:\STM32\Lab7\lab7\STM32F767ZITX_FLASH.ld" --specs=nosys.specs -Wl,-Map="lab7.map" -Wl,--gc-sections -static --specs=nano.specs -mfpu=fpv5-d16 -mfloat-abi=hard -mthumb -Wl,--start-group -lc -lm -Wl,--end-group
Finished building target: lab7.elf
 
arm-none-eabi-size  lab7.elf 
arm-none-eabi-objdump -h -S lab7.elf  > "lab7.list"
   text	   data	    bss	    dec	    hex	filename
  19716	     92	   2220	  22028	   560c	lab7.elf
Finished building: default.size.stdout
 
Finished building: lab7.list
 
11:33:40 **** Incremental Build of configuration Debug for project lab7 ****
make -j12 all 
arm-none-eabi-size  lab7.elf 
   text	   data	    bss	    dec	    hex	filename
  19716	     92	   2220	  22028	   560c	lab7.elf
Finished building: default.size.stdout
 
11:34:47 **** Incremental Build of configuration Debug for project lab7 ****
make -j12 all 
arm-none-eabi-size  lab7.elf 
   text	   data	    bss	    dec	    hex	filename
  19716	     92	   2220	  22028	   560c	lab7.elf
Finished building: default.size.stdout
 
11:36:30 **** Incremental Build of configuration Debug for project lab7 ****
make -j12 all 
arm-none-eabi-gcc "../Core/Src/main.c" -mcpu=cortex-m7 -std=gnu11 -g3 -DDEBUG -DUSE_HAL_DRIVER -DSTM32F767xx -c -I../Core/Inc -IC:/Users/Admin/STM32Cube/Repository/STM32Cube_FW_F7_V1.17.2/Drivers/STM32F7xx_HAL_Driver/Inc -IC:/Users/Admin/STM32Cube/Repository/STM32Cube_FW_F7_V1.17.2/Drivers/STM32F7xx_HAL_Driver/Inc/Legacy -IC:/Users/Admin/STM32Cube/Repository/STM32Cube_FW_F7_V1.17.2/Drivers/CMSIS/Device/ST/STM32F7xx/Include -IC:/Users/Admin/STM32Cube/Repository/STM32Cube_FW_F7_V1.17.2/Drivers/CMSIS/Include -O0 -ffunction-sections -fdata-sections -Wall -fstack-usage -fcyclomatic-complexity -MMD -MP -MF"Core/Src/main.d" -MT"Core/Src/main.o" --specs=nano.specs -mfpu=fpv5-d16 -mfloat-abi=hard -mthumb -o "Core/Src/main.o"
../Core/Src/main.c: In function 'main':
../Core/Src/main.c:112:42: warning: unknown conversion type character ',' in format [-Wformat=]
  112 |                   "Button (R, G, B) -> 0%, 20%, 40%, 60%, 80%, 100%\r\n"
      |                                          ^
../Core/Src/main.c:112:47: warning: unknown conversion type character ',' in format [-Wformat=]
  112 |                   "Button (R, G, B) -> 0%, 20%, 40%, 60%, 80%, 100%\r\n"
      |                                               ^
../Core/Src/main.c:112:52: warning: unknown conversion type character ',' in format [-Wformat=]
  112 |                   "Button (R, G, B) -> 0%, 20%, 40%, 60%, 80%, 100%\r\n"
      |                                                    ^
../Core/Src/main.c:112:57: warning: unknown conversion type character ',' in format [-Wformat=]
  112 |                   "Button (R, G, B) -> 0%, 20%, 40%, 60%, 80%, 100%\r\n"
      |                                                         ^
../Core/Src/main.c:112:62: warning: unknown conversion type character ',' in format [-Wformat=]
  112 |                   "Button (R, G, B) -> 0%, 20%, 40%, 60%, 80%, 100%\r\n"
      |                                                              ^
../Core/Src/main.c:112:68: warning: unknown conversion type character '\x0d' in format [-Wformat=]
  112 |                   "Button (R, G, B) -> 0%, 20%, 40%, 60%, 80%, 100%\r\n"
      |                                                                    ^~
arm-none-eabi-gcc -o "lab7.elf" @"objects.list"   -mcpu=cortex-m7 -T"D:\STM32\Lab7\lab7\STM32F767ZITX_FLASH.ld" --specs=nosys.specs -Wl,-Map="lab7.map" -Wl,--gc-sections -static --specs=nano.specs -mfpu=fpv5-d16 -mfloat-abi=hard -mthumb -Wl,--start-group -lc -lm -Wl,--end-group
Finished building target: lab7.elf
 
arm-none-eabi-size  lab7.elf 
arm-none-eabi-objdump -h -S lab7.elf  > "lab7.list"
   text	   data	    bss	    dec	    hex	filename
  19692	     92	   2220	  22004	   55f4	lab7.elf
Finished building: default.size.stdout
 
Finished building: lab7.list
 
11:38:57 **** Incremental Build of configuration Debug for project lab7 ****
make -j12 all 
arm-none-eabi-gcc "../Core/Src/main.c" -mcpu=cortex-m7 -std=gnu11 -g3 -DDEBUG -DUSE_HAL_DRIVER -DSTM32F767xx -c -I../Core/Inc -IC:/Users/Admin/STM32Cube/Repository/STM32Cube_FW_F7_V1.17.2/Drivers/STM32F7xx_HAL_Driver/Inc -IC:/Users/Admin/STM32Cube/Repository/STM32Cube_FW_F7_V1.17.2/Drivers/STM32F7xx_HAL_Driver/Inc/Legacy -IC:/Users/Admin/STM32Cube/Repository/STM32Cube_FW_F7_V1.17.2/Drivers/CMSIS/Device/ST/STM32F7xx/Include -IC:/Users/Admin/STM32Cube/Repository/STM32Cube_FW_F7_V1.17.2/Drivers/CMSIS/Include -O0 -ffunction-sections -fdata-sections -Wall -fstack-usage -fcyclomatic-complexity -MMD -MP -MF"Core/Src/main.d" -MT"Core/Src/main.o" --specs=nano.specs -mfpu=fpv5-d16 -mfloat-abi=hard -mthumb -o "Core/Src/main.o"
../Core/Src/main.c: In function 'HAL_UART_RxCpltCallback':
../Core/Src/main.c:76:68: error: 'rx_msg_external' undeclared (first use in this function)
   76 |         HAL_UART_Receive_IT(&huart3, (uint8_t *)&rx_buffer, sizeof(rx_msg_external));
      |                                                                    ^~~~~~~~~~~~~~~
../Core/Src/main.c:76:68: note: each undeclared identifier is reported only once for each function it appears in
../Core/Src/main.c: In function 'main':
../Core/Src/main.c:119:42: warning: unknown conversion type character ',' in format [-Wformat=]
  119 |                   "Button (R, G, B) -> 0%, 20%, 40%, 60%, 80%, 100%\r\n"
      |                                          ^
../Core/Src/main.c:119:47: warning: unknown conversion type character ',' in format [-Wformat=]
  119 |                   "Button (R, G, B) -> 0%, 20%, 40%, 60%, 80%, 100%\r\n"
      |                                               ^
../Core/Src/main.c:119:52: warning: unknown conversion type character ',' in format [-Wformat=]
  119 |                   "Button (R, G, B) -> 0%, 20%, 40%, 60%, 80%, 100%\r\n"
      |                                                    ^
../Core/Src/main.c:119:57: warning: unknown conversion type character ',' in format [-Wformat=]
  119 |                   "Button (R, G, B) -> 0%, 20%, 40%, 60%, 80%, 100%\r\n"
      |                                                         ^
../Core/Src/main.c:119:62: warning: unknown conversion type character ',' in format [-Wformat=]
  119 |                   "Button (R, G, B) -> 0%, 20%, 40%, 60%, 80%, 100%\r\n"
      |                                                              ^
../Core/Src/main.c:119:68: warning: unknown conversion type character '\x0d' in format [-Wformat=]
  119 |                   "Button (R, G, B) -> 0%, 20%, 40%, 60%, 80%, 100%\r\n"
      |                                                                    ^~
make: *** [Core/Src/subdir.mk:34: Core/Src/main.o] Error 1
"make -j12 all" terminated with exit code 2. Build might be incomplete.
11:39:35 **** Incremental Build of configuration Debug for project lab7 ****
make -j12 all 
arm-none-eabi-gcc "../Core/Src/main.c" -mcpu=cortex-m7 -std=gnu11 -g3 -DDEBUG -DUSE_HAL_DRIVER -DSTM32F767xx -c -I../Core/Inc -IC:/Users/Admin/STM32Cube/Repository/STM32Cube_FW_F7_V1.17.2/Drivers/STM32F7xx_HAL_Driver/Inc -IC:/Users/Admin/STM32Cube/Repository/STM32Cube_FW_F7_V1.17.2/Drivers/STM32F7xx_HAL_Driver/Inc/Legacy -IC:/Users/Admin/STM32Cube/Repository/STM32Cube_FW_F7_V1.17.2/Drivers/CMSIS/Device/ST/STM32F7xx/Include -IC:/Users/Admin/STM32Cube/Repository/STM32Cube_FW_F7_V1.17.2/Drivers/CMSIS/Include -O0 -ffunction-sections -fdata-sections -Wall -fstack-usage -fcyclomatic-complexity -MMD -MP -MF"Core/Src/main.d" -MT"Core/Src/main.o" --specs=nano.specs -mfpu=fpv5-d16 -mfloat-abi=hard -mthumb -o "Core/Src/main.o"
../Core/Src/main.c: In function 'main':
../Core/Src/main.c:119:42: warning: unknown conversion type character ',' in format [-Wformat=]
  119 |                   "Button (R, G, B) -> 0%, 20%, 40%, 60%, 80%, 100%\r\n"
      |                                          ^
../Core/Src/main.c:119:47: warning: unknown conversion type character ',' in format [-Wformat=]
  119 |                   "Button (R, G, B) -> 0%, 20%, 40%, 60%, 80%, 100%\r\n"
      |                                               ^
../Core/Src/main.c:119:52: warning: unknown conversion type character ',' in format [-Wformat=]
  119 |                   "Button (R, G, B) -> 0%, 20%, 40%, 60%, 80%, 100%\r\n"
      |                                                    ^
../Core/Src/main.c:119:57: warning: unknown conversion type character ',' in format [-Wformat=]
  119 |                   "Button (R, G, B) -> 0%, 20%, 40%, 60%, 80%, 100%\r\n"
      |                                                         ^
../Core/Src/main.c:119:62: warning: unknown conversion type character ',' in format [-Wformat=]
  119 |                   "Button (R, G, B) -> 0%, 20%, 40%, 60%, 80%, 100%\r\n"
      |                                                              ^
../Core/Src/main.c:119:68: warning: unknown conversion type character '\x0d' in format [-Wformat=]
  119 |                   "Button (R, G, B) -> 0%, 20%, 40%, 60%, 80%, 100%\r\n"
      |                                                                    ^~
arm-none-eabi-gcc -o "lab7.elf" @"objects.list"   -mcpu=cortex-m7 -T"D:\STM32\Lab7\lab7\STM32F767ZITX_FLASH.ld" --specs=nosys.specs -Wl,-Map="lab7.map" -Wl,--gc-sections -static --specs=nano.specs -mfpu=fpv5-d16 -mfloat-abi=hard -mthumb -Wl,--start-group -lc -lm -Wl,--end-group
Finished building target: lab7.elf
 
arm-none-eabi-size  lab7.elf 
arm-none-eabi-objdump -h -S lab7.elf  > "lab7.list"
   text	   data	    bss	    dec	    hex	filename
  19292	     92	   2228	  21612	   546c	lab7.elf
Finished building: default.size.stdout
 
Finished building: lab7.list
 
11:39:38 **** Incremental Build of configuration Debug for project lab7 ****
make -j12 all 
arm-none-eabi-size  lab7.elf 
   text	   data	    bss	    dec	    hex	filename
  19292	     92	   2228	  21612	   546c	lab7.elf
Finished building: default.size.stdout
 
11:40:22 **** Incremental Build of configuration Debug for project lab7 ****
make -j12 all 
arm-none-eabi-gcc "../Core/Src/main.c" -mcpu=cortex-m7 -std=gnu11 -g3 -DDEBUG -DUSE_HAL_DRIVER -DSTM32F767xx -c -I../Core/Inc -IC:/Users/Admin/STM32Cube/Repository/STM32Cube_FW_F7_V1.17.2/Drivers/STM32F7xx_HAL_Driver/Inc -IC:/Users/Admin/STM32Cube/Repository/STM32Cube_FW_F7_V1.17.2/Drivers/STM32F7xx_HAL_Driver/Inc/Legacy -IC:/Users/Admin/STM32Cube/Repository/STM32Cube_FW_F7_V1.17.2/Drivers/CMSIS/Device/ST/STM32F7xx/Include -IC:/Users/Admin/STM32Cube/Repository/STM32Cube_FW_F7_V1.17.2/Drivers/CMSIS/Include -O0 -ffunction-sections -fdata-sections -Wall -fstack-usage -fcyclomatic-complexity -MMD -MP -MF"Core/Src/main.d" -MT"Core/Src/main.o" --specs=nano.specs -mfpu=fpv5-d16 -mfloat-abi=hard -mthumb -o "Core/Src/main.o"
../Core/Src/main.c: In function 'main':
../Core/Src/main.c:122:42: warning: unknown conversion type character ',' in format [-Wformat=]
  122 |                   "Button (R, G, B) -> 0%, 20%, 40%, 60%, 80%, 100%\r\n"
      |                                          ^
../Core/Src/main.c:122:47: warning: unknown conversion type character ',' in format [-Wformat=]
  122 |                   "Button (R, G, B) -> 0%, 20%, 40%, 60%, 80%, 100%\r\n"
      |                                               ^
../Core/Src/main.c:122:52: warning: unknown conversion type character ',' in format [-Wformat=]
  122 |                   "Button (R, G, B) -> 0%, 20%, 40%, 60%, 80%, 100%\r\n"
      |                                                    ^
../Core/Src/main.c:122:57: warning: unknown conversion type character ',' in format [-Wformat=]
  122 |                   "Button (R, G, B) -> 0%, 20%, 40%, 60%, 80%, 100%\r\n"
      |                                                         ^
../Core/Src/main.c:122:62: warning: unknown conversion type character ',' in format [-Wformat=]
  122 |                   "Button (R, G, B) -> 0%, 20%, 40%, 60%, 80%, 100%\r\n"
      |                                                              ^
../Core/Src/main.c:122:68: warning: unknown conversion type character '\x0d' in format [-Wformat=]
  122 |                   "Button (R, G, B) -> 0%, 20%, 40%, 60%, 80%, 100%\r\n"
      |                                                                    ^~
arm-none-eabi-gcc -o "lab7.elf" @"objects.list"   -mcpu=cortex-m7 -T"D:\STM32\Lab7\lab7\STM32F767ZITX_FLASH.ld" --specs=nosys.specs -Wl,-Map="lab7.map" -Wl,--gc-sections -static --specs=nano.specs -mfpu=fpv5-d16 -mfloat-abi=hard -mthumb -Wl,--start-group -lc -lm -Wl,--end-group
Finished building target: lab7.elf
 
arm-none-eabi-size  lab7.elf 
arm-none-eabi-objdump -h -S lab7.elf  > "lab7.list"
   text	   data	    bss	    dec	    hex	filename
  19292	     92	   2228	  21612	   546c	lab7.elf
Finished building: default.size.stdout
 
Finished building: lab7.list
 
11:40:24 **** Incremental Build of configuration Debug for project lab7 ****
make -j12 all 
arm-none-eabi-size  lab7.elf 
   text	   data	    bss	    dec	    hex	filename
  19292	     92	   2228	  21612	   546c	lab7.elf
Finished building: default.size.stdout
 
11:41:50 **** Incremental Build of configuration Debug for project lab7 ****
make -j12 all 
arm-none-eabi-gcc "../Core/Src/main.c" -mcpu=cortex-m7 -std=gnu11 -g3 -DDEBUG -DUSE_HAL_DRIVER -DSTM32F767xx -c -I../Core/Inc -IC:/Users/Admin/STM32Cube/Repository/STM32Cube_FW_F7_V1.17.2/Drivers/STM32F7xx_HAL_Driver/Inc -IC:/Users/Admin/STM32Cube/Repository/STM32Cube_FW_F7_V1.17.2/Drivers/STM32F7xx_HAL_Driver/Inc/Legacy -IC:/Users/Admin/STM32Cube/Repository/STM32Cube_FW_F7_V1.17.2/Drivers/CMSIS/Device/ST/STM32F7xx/Include -IC:/Users/Admin/STM32Cube/Repository/STM32Cube_FW_F7_V1.17.2/Drivers/CMSIS/Include -O0 -ffunction-sections -fdata-sections -Wall -fstack-usage -fcyclomatic-complexity -MMD -MP -MF"Core/Src/main.d" -MT"Core/Src/main.o" --specs=nano.specs -mfpu=fpv5-d16 -mfloat-abi=hard -mthumb -o "Core/Src/main.o"
../Core/Src/main.c: In function 'main':
../Core/Src/main.c:119:32: warning: passing argument 2 of 'HAL_UART_Receive_IT' makes pointer from integer without a cast [-Wint-conversion]
  119 |   HAL_UART_Receive_IT(&huart3, rx_buffer, sizeof(rx_buffer));
      |                                ^~~~~~~~~
      |                                |
      |                                char
In file included from ../Core/Inc/stm32f7xx_hal_conf.h:415,
                 from C:/Users/Admin/STM32Cube/Repository/STM32Cube_FW_F7_V1.17.2/Drivers/STM32F7xx_HAL_Driver/Inc/stm32f7xx_hal.h:29,
                 from ../Core/Inc/main.h:30,
                 from ../Core/Src/main.c:20:
C:/Users/Admin/STM32Cube/Repository/STM32Cube_FW_F7_V1.17.2/Drivers/STM32F7xx_HAL_Driver/Inc/stm32f7xx_hal_uart.h:1556:75: note: expected 'uint8_t *' {aka 'unsigned char *'} but argument is of type 'char'
 1556 | HAL_StatusTypeDef HAL_UART_Receive_IT(UART_HandleTypeDef *huart, uint8_t *pData, uint16_t Size);
      |                                                                  ~~~~~~~~~^~~~~
../Core/Src/main.c:122:42: warning: unknown conversion type character ',' in format [-Wformat=]
  122 |                   "Button (R, G, B) -> 0%, 20%, 40%, 60%, 80%, 100%\r\n"
      |                                          ^
../Core/Src/main.c:122:47: warning: unknown conversion type character ',' in format [-Wformat=]
  122 |                   "Button (R, G, B) -> 0%, 20%, 40%, 60%, 80%, 100%\r\n"
      |                                               ^
../Core/Src/main.c:122:52: warning: unknown conversion type character ',' in format [-Wformat=]
  122 |                   "Button (R, G, B) -> 0%, 20%, 40%, 60%, 80%, 100%\r\n"
      |                                                    ^
../Core/Src/main.c:122:57: warning: unknown conversion type character ',' in format [-Wformat=]
  122 |                   "Button (R, G, B) -> 0%, 20%, 40%, 60%, 80%, 100%\r\n"
      |                                                         ^
../Core/Src/main.c:122:62: warning: unknown conversion type character ',' in format [-Wformat=]
  122 |                   "Button (R, G, B) -> 0%, 20%, 40%, 60%, 80%, 100%\r\n"
      |                                                              ^
../Core/Src/main.c:122:68: warning: unknown conversion type character '\x0d' in format [-Wformat=]
  122 |                   "Button (R, G, B) -> 0%, 20%, 40%, 60%, 80%, 100%\r\n"
      |                                                                    ^~
arm-none-eabi-gcc -o "lab7.elf" @"objects.list"   -mcpu=cortex-m7 -T"D:\STM32\Lab7\lab7\STM32F767ZITX_FLASH.ld" --specs=nosys.specs -Wl,-Map="lab7.map" -Wl,--gc-sections -static --specs=nano.specs -mfpu=fpv5-d16 -mfloat-abi=hard -mthumb -Wl,--start-group -lc -lm -Wl,--end-group
Finished building target: lab7.elf
 
arm-none-eabi-size  lab7.elf 
arm-none-eabi-objdump -h -S lab7.elf  > "lab7.list"
   text	   data	    bss	    dec	    hex	filename
  20764	     92	   2228	  23084	   5a2c	lab7.elf
Finished building: default.size.stdout
 
Finished building: lab7.list
 
11:41:52 **** Incremental Build of configuration Debug for project lab7 ****
make -j12 all 
arm-none-eabi-size  lab7.elf 
   text	   data	    bss	    dec	    hex	filename
  20764	     92	   2228	  23084	   5a2c	lab7.elf
Finished building: default.size.stdout
 
11:43:04 **** Incremental Build of configuration Debug for project lab7 ****
make -j12 all 
arm-none-eabi-gcc "../Core/Src/main.c" -mcpu=cortex-m7 -std=gnu11 -g3 -DDEBUG -DUSE_HAL_DRIVER -DSTM32F767xx -c -I../Core/Inc -IC:/Users/Admin/STM32Cube/Repository/STM32Cube_FW_F7_V1.17.2/Drivers/STM32F7xx_HAL_Driver/Inc -IC:/Users/Admin/STM32Cube/Repository/STM32Cube_FW_F7_V1.17.2/Drivers/STM32F7xx_HAL_Driver/Inc/Legacy -IC:/Users/Admin/STM32Cube/Repository/STM32Cube_FW_F7_V1.17.2/Drivers/CMSIS/Device/ST/STM32F7xx/Include -IC:/Users/Admin/STM32Cube/Repository/STM32Cube_FW_F7_V1.17.2/Drivers/CMSIS/Include -O0 -ffunction-sections -fdata-sections -Wall -fstack-usage -fcyclomatic-complexity -MMD -MP -MF"Core/Src/main.d" -MT"Core/Src/main.o" --specs=nano.specs -mfpu=fpv5-d16 -mfloat-abi=hard -mthumb -o "Core/Src/main.o"
../Core/Src/main.c: In function 'HAL_UART_RxCpltCallback':
../Core/Src/main.c:100:5: warning: 'main' is normally a non-static function [-Wmain]
  100 | int main(void)
      |     ^~~~
../Core/Src/main.c: In function 'main':
../Core/Src/main.c:131:32: warning: passing argument 2 of 'HAL_UART_Receive_IT' makes pointer from integer without a cast [-Wint-conversion]
  131 |   HAL_UART_Receive_IT(&huart3, rx_buffer, sizeof(rx_buffer));
      |                                ^~~~~~~~~
      |                                |
      |                                char
In file included from ../Core/Inc/stm32f7xx_hal_conf.h:415,
                 from C:/Users/Admin/STM32Cube/Repository/STM32Cube_FW_F7_V1.17.2/Drivers/STM32F7xx_HAL_Driver/Inc/stm32f7xx_hal.h:29,
                 from ../Core/Inc/main.h:30,
                 from ../Core/Src/main.c:20:
C:/Users/Admin/STM32Cube/Repository/STM32Cube_FW_F7_V1.17.2/Drivers/STM32F7xx_HAL_Driver/Inc/stm32f7xx_hal_uart.h:1556:75: note: expected 'uint8_t *' {aka 'unsigned char *'} but argument is of type 'char'
 1556 | HAL_StatusTypeDef HAL_UART_Receive_IT(UART_HandleTypeDef *huart, uint8_t *pData, uint16_t Size);
      |                                                                  ~~~~~~~~~^~~~~
../Core/Src/main.c:134:42: warning: unknown conversion type character ',' in format [-Wformat=]
  134 |                   "Button (R, G, B) -> 0%, 20%, 40%, 60%, 80%, 100%\r\n"
      |                                          ^
../Core/Src/main.c:134:47: warning: unknown conversion type character ',' in format [-Wformat=]
  134 |                   "Button (R, G, B) -> 0%, 20%, 40%, 60%, 80%, 100%\r\n"
      |                                               ^
../Core/Src/main.c:134:52: warning: unknown conversion type character ',' in format [-Wformat=]
  134 |                   "Button (R, G, B) -> 0%, 20%, 40%, 60%, 80%, 100%\r\n"
      |                                                    ^
../Core/Src/main.c:134:57: warning: unknown conversion type character ',' in format [-Wformat=]
  134 |                   "Button (R, G, B) -> 0%, 20%, 40%, 60%, 80%, 100%\r\n"
      |                                                         ^
../Core/Src/main.c:134:62: warning: unknown conversion type character ',' in format [-Wformat=]
  134 |                   "Button (R, G, B) -> 0%, 20%, 40%, 60%, 80%, 100%\r\n"
      |                                                              ^
../Core/Src/main.c:134:68: warning: unknown conversion type character '\x0d' in format [-Wformat=]
  134 |                   "Button (R, G, B) -> 0%, 20%, 40%, 60%, 80%, 100%\r\n"
      |                                                                    ^~
../Core/Src/main.c: At top level:
../Core/Src/main.c:100:5: warning: 'main' defined but not used [-Wunused-function]
  100 | int main(void)
      |     ^~~~
arm-none-eabi-gcc -o "lab7.elf" @"objects.list"   -mcpu=cortex-m7 -T"D:\STM32\Lab7\lab7\STM32F767ZITX_FLASH.ld" --specs=nosys.specs -Wl,-Map="lab7.map" -Wl,--gc-sections -static --specs=nano.specs -mfpu=fpv5-d16 -mfloat-abi=hard -mthumb -Wl,--start-group -lc -lm -Wl,--end-group
C:/ST/STM32CubeIDE_1.17.0/STM32CubeIDE/plugins/com.st.stm32cube.ide.mcu.externaltools.gnu-tools-for-stm32.12.3.rel1.win32_1.1.0.202410251130/tools/bin/../lib/gcc/arm-none-eabi/12.3.1/../../../../arm-none-eabi/bin/ld.exe: ./Core/Startup/startup_stm32f767zitx.o: in function `Reset_Handler':
D:/STM32/Lab7/lab7/Debug/../Core/Startup/startup_stm32f767zitx.s:100: undefined reference to `main'
collect2.exe: error: ld returned 1 exit status
make: *** [makefile:64: lab7.elf] Error 1
"make -j12 all" terminated with exit code 2. Build might be incomplete.
11:43:37 **** Incremental Build of configuration Debug for project lab7 ****
make -j12 all 
arm-none-eabi-gcc "../Core/Src/main.c" -mcpu=cortex-m7 -std=gnu11 -g3 -DDEBUG -DUSE_HAL_DRIVER -DSTM32F767xx -c -I../Core/Inc -IC:/Users/Admin/STM32Cube/Repository/STM32Cube_FW_F7_V1.17.2/Drivers/STM32F7xx_HAL_Driver/Inc -IC:/Users/Admin/STM32Cube/Repository/STM32Cube_FW_F7_V1.17.2/Drivers/STM32F7xx_HAL_Driver/Inc/Legacy -IC:/Users/Admin/STM32Cube/Repository/STM32Cube_FW_F7_V1.17.2/Drivers/CMSIS/Device/ST/STM32F7xx/Include -IC:/Users/Admin/STM32Cube/Repository/STM32Cube_FW_F7_V1.17.2/Drivers/CMSIS/Include -O0 -ffunction-sections -fdata-sections -Wall -fstack-usage -fcyclomatic-complexity -MMD -MP -MF"Core/Src/main.d" -MT"Core/Src/main.o" --specs=nano.specs -mfpu=fpv5-d16 -mfloat-abi=hard -mthumb -o "Core/Src/main.o"
../Core/Src/main.c: In function 'HAL_UART_RxCpltCallback':
../Core/Src/main.c:100:5: warning: 'main' is normally a non-static function [-Wmain]
  100 | int main(void)
      |     ^~~~
../Core/Src/main.c: In function 'main':
../Core/Src/main.c:131:32: warning: passing argument 2 of 'HAL_UART_Receive_IT' makes pointer from integer without a cast [-Wint-conversion]
  131 |   HAL_UART_Receive_IT(&huart3, rx_buffer, sizeof(rx_buffer));
      |                                ^~~~~~~~~
      |                                |
      |                                char
In file included from ../Core/Inc/stm32f7xx_hal_conf.h:415,
                 from C:/Users/Admin/STM32Cube/Repository/STM32Cube_FW_F7_V1.17.2/Drivers/STM32F7xx_HAL_Driver/Inc/stm32f7xx_hal.h:29,
                 from ../Core/Inc/main.h:30,
                 from ../Core/Src/main.c:20:
C:/Users/Admin/STM32Cube/Repository/STM32Cube_FW_F7_V1.17.2/Drivers/STM32F7xx_HAL_Driver/Inc/stm32f7xx_hal_uart.h:1556:75: note: expected 'uint8_t *' {aka 'unsigned char *'} but argument is of type 'char'
 1556 | HAL_StatusTypeDef HAL_UART_Receive_IT(UART_HandleTypeDef *huart, uint8_t *pData, uint16_t Size);
      |                                                                  ~~~~~~~~~^~~~~
../Core/Src/main.c:134:42: warning: unknown conversion type character ',' in format [-Wformat=]
  134 |                   "Button (R, G, B) -> 0%, 20%, 40%, 60%, 80%, 100%\r\n"
      |                                          ^
../Core/Src/main.c:134:47: warning: unknown conversion type character ',' in format [-Wformat=]
  134 |                   "Button (R, G, B) -> 0%, 20%, 40%, 60%, 80%, 100%\r\n"
      |                                               ^
../Core/Src/main.c:134:52: warning: unknown conversion type character ',' in format [-Wformat=]
  134 |                   "Button (R, G, B) -> 0%, 20%, 40%, 60%, 80%, 100%\r\n"
      |                                                    ^
../Core/Src/main.c:134:57: warning: unknown conversion type character ',' in format [-Wformat=]
  134 |                   "Button (R, G, B) -> 0%, 20%, 40%, 60%, 80%, 100%\r\n"
      |                                                         ^
../Core/Src/main.c:134:62: warning: unknown conversion type character ',' in format [-Wformat=]
  134 |                   "Button (R, G, B) -> 0%, 20%, 40%, 60%, 80%, 100%\r\n"
      |                                                              ^
../Core/Src/main.c:134:68: warning: unknown conversion type character '\x0d' in format [-Wformat=]
  134 |                   "Button (R, G, B) -> 0%, 20%, 40%, 60%, 80%, 100%\r\n"
      |                                                                    ^~
../Core/Src/main.c: In function 'HAL_UART_RxCpltCallback':
../Core/Src/main.c:246:13: error: invalid storage class for function 'MX_TIM2_Init'
  246 | static void MX_TIM2_Init(void)
      |             ^~~~~~~~~~~~
../Core/Src/main.c:317:13: error: invalid storage class for function 'MX_USART3_UART_Init'
  317 | static void MX_USART3_UART_Init(void)
      |             ^~~~~~~~~~~~~~~~~~~
../Core/Src/main.c:352:13: error: invalid storage class for function 'MX_GPIO_Init'
  352 | static void MX_GPIO_Init(void)
      |             ^~~~~~~~~~~~
../Core/Src/main.c:440:1: error: expected declaration or statement at end of input
  440 | }
      | ^
../Core/Src/main.c: At top level:
../Core/Src/main.c:63:13: warning: 'MPU_Config' used but never defined
   63 | static void MPU_Config(void);
      |             ^~~~~~~~~~
../Core/Src/main.c:64:13: warning: 'MX_GPIO_Init' used but never defined
   64 | static void MX_GPIO_Init(void);
      |             ^~~~~~~~~~~~
../Core/Src/main.c:65:13: warning: 'MX_TIM2_Init' used but never defined
   65 | static void MX_TIM2_Init(void);
      |             ^~~~~~~~~~~~
../Core/Src/main.c:66:13: warning: 'MX_USART3_UART_Init' used but never defined
   66 | static void MX_USART3_UART_Init(void);
      |             ^~~~~~~~~~~~~~~~~~~
../Core/Src/main.c:431:6: warning: 'Error_Handler' defined but not used [-Wunused-function]
  431 | void Error_Handler(void)
      |      ^~~~~~~~~~~~~
../Core/Src/main.c:400:6: warning: 'MPU_Config' defined but not used [-Wunused-function]
  400 | void MPU_Config(void)
      |      ^~~~~~~~~~
../Core/Src/main.c:388:6: warning: 'Set_LED_Brightness' defined but not used [-Wunused-function]
  388 | void Set_LED_Brightness(uint16_t red, uint16_t green, uint16_t blue)
      |      ^~~~~~~~~~~~~~~~~~
../Core/Src/main.c:352:13: warning: 'MX_GPIO_Init' defined but not used [-Wunused-function]
  352 | static void MX_GPIO_Init(void)
      |             ^~~~~~~~~~~~
../Core/Src/main.c:317:13: warning: 'MX_USART3_UART_Init' defined but not used [-Wunused-function]
  317 | static void MX_USART3_UART_Init(void)
      |             ^~~~~~~~~~~~~~~~~~~
../Core/Src/main.c:246:13: warning: 'MX_TIM2_Init' defined but not used [-Wunused-function]
  246 | static void MX_TIM2_Init(void)
      |             ^~~~~~~~~~~~
../Core/Src/main.c:204:6: warning: 'SystemClock_Config' defined but not used [-Wunused-function]
  204 | void SystemClock_Config(void)
      |      ^~~~~~~~~~~~~~~~~~
../Core/Src/main.c:100:5: warning: 'main' defined but not used [-Wunused-function]
  100 | int main(void)
      |     ^~~~
make: *** [Core/Src/subdir.mk:34: Core/Src/main.o] Error 1
"make -j12 all" terminated with exit code 2. Build might be incomplete.
11:44:09 **** Incremental Build of configuration Debug for project lab7 ****
make -j12 all 
arm-none-eabi-gcc "../Core/Src/main.c" -mcpu=cortex-m7 -std=gnu11 -g3 -DDEBUG -DUSE_HAL_DRIVER -DSTM32F767xx -c -I../Core/Inc -IC:/Users/Admin/STM32Cube/Repository/STM32Cube_FW_F7_V1.17.2/Drivers/STM32F7xx_HAL_Driver/Inc -IC:/Users/Admin/STM32Cube/Repository/STM32Cube_FW_F7_V1.17.2/Drivers/STM32F7xx_HAL_Driver/Inc/Legacy -IC:/Users/Admin/STM32Cube/Repository/STM32Cube_FW_F7_V1.17.2/Drivers/CMSIS/Device/ST/STM32F7xx/Include -IC:/Users/Admin/STM32Cube/Repository/STM32Cube_FW_F7_V1.17.2/Drivers/CMSIS/Include -O0 -ffunction-sections -fdata-sections -Wall -fstack-usage -fcyclomatic-complexity -MMD -MP -MF"Core/Src/main.d" -MT"Core/Src/main.o" --specs=nano.specs -mfpu=fpv5-d16 -mfloat-abi=hard -mthumb -o "Core/Src/main.o"
../Core/Src/main.c: In function 'HAL_UART_RxCpltCallback':
../Core/Src/main.c:100:5: warning: 'main' is normally a non-static function [-Wmain]
  100 | int main(void)
      |     ^~~~
../Core/Src/main.c: In function 'main':
../Core/Src/main.c:131:32: warning: passing argument 2 of 'HAL_UART_Receive_IT' makes pointer from integer without a cast [-Wint-conversion]
  131 |   HAL_UART_Receive_IT(&huart3, rx_buffer, sizeof(rx_buffer));
      |                                ^~~~~~~~~
      |                                |
      |                                char
In file included from ../Core/Inc/stm32f7xx_hal_conf.h:415,
                 from C:/Users/Admin/STM32Cube/Repository/STM32Cube_FW_F7_V1.17.2/Drivers/STM32F7xx_HAL_Driver/Inc/stm32f7xx_hal.h:29,
                 from ../Core/Inc/main.h:30,
                 from ../Core/Src/main.c:20:
C:/Users/Admin/STM32Cube/Repository/STM32Cube_FW_F7_V1.17.2/Drivers/STM32F7xx_HAL_Driver/Inc/stm32f7xx_hal_uart.h:1556:75: note: expected 'uint8_t *' {aka 'unsigned char *'} but argument is of type 'char'
 1556 | HAL_StatusTypeDef HAL_UART_Receive_IT(UART_HandleTypeDef *huart, uint8_t *pData, uint16_t Size);
      |                                                                  ~~~~~~~~~^~~~~
../Core/Src/main.c:134:42: warning: unknown conversion type character ',' in format [-Wformat=]
  134 |                   "Button (R, G, B) -> 0%, 20%, 40%, 60%, 80%, 100%\r\n"
      |                                          ^
../Core/Src/main.c:134:47: warning: unknown conversion type character ',' in format [-Wformat=]
  134 |                   "Button (R, G, B) -> 0%, 20%, 40%, 60%, 80%, 100%\r\n"
      |                                               ^
../Core/Src/main.c:134:52: warning: unknown conversion type character ',' in format [-Wformat=]
  134 |                   "Button (R, G, B) -> 0%, 20%, 40%, 60%, 80%, 100%\r\n"
      |                                                    ^
../Core/Src/main.c:134:57: warning: unknown conversion type character ',' in format [-Wformat=]
  134 |                   "Button (R, G, B) -> 0%, 20%, 40%, 60%, 80%, 100%\r\n"
      |                                                         ^
../Core/Src/main.c:134:62: warning: unknown conversion type character ',' in format [-Wformat=]
  134 |                   "Button (R, G, B) -> 0%, 20%, 40%, 60%, 80%, 100%\r\n"
      |                                                              ^
../Core/Src/main.c:134:68: warning: unknown conversion type character '\x0d' in format [-Wformat=]
  134 |                   "Button (R, G, B) -> 0%, 20%, 40%, 60%, 80%, 100%\r\n"
      |                                                                    ^~
../Core/Src/main.c: In function 'HAL_UART_RxCpltCallback':
../Core/Src/main.c:247:13: error: invalid storage class for function 'MX_TIM2_Init'
  247 | static void MX_TIM2_Init(void)
      |             ^~~~~~~~~~~~
../Core/Src/main.c:318:13: error: invalid storage class for function 'MX_USART3_UART_Init'
  318 | static void MX_USART3_UART_Init(void)
      |             ^~~~~~~~~~~~~~~~~~~
../Core/Src/main.c:353:13: error: invalid storage class for function 'MX_GPIO_Init'
  353 | static void MX_GPIO_Init(void)
      |             ^~~~~~~~~~~~
../Core/Src/main.c:441:1: error: expected declaration or statement at end of input
  441 | }
      | ^
../Core/Src/main.c: At top level:
../Core/Src/main.c:63:13: warning: 'MPU_Config' used but never defined
   63 | static void MPU_Config(void);
      |             ^~~~~~~~~~
../Core/Src/main.c:64:13: warning: 'MX_GPIO_Init' used but never defined
   64 | static void MX_GPIO_Init(void);
      |             ^~~~~~~~~~~~
../Core/Src/main.c:65:13: warning: 'MX_TIM2_Init' used but never defined
   65 | static void MX_TIM2_Init(void);
      |             ^~~~~~~~~~~~
../Core/Src/main.c:66:13: warning: 'MX_USART3_UART_Init' used but never defined
   66 | static void MX_USART3_UART_Init(void);
      |             ^~~~~~~~~~~~~~~~~~~
../Core/Src/main.c:432:6: warning: 'Error_Handler' defined but not used [-Wunused-function]
  432 | void Error_Handler(void)
      |      ^~~~~~~~~~~~~
../Core/Src/main.c:401:6: warning: 'MPU_Config' defined but not used [-Wunused-function]
  401 | void MPU_Config(void)
      |      ^~~~~~~~~~
../Core/Src/main.c:389:6: warning: 'Set_LED_Brightness' defined but not used [-Wunused-function]
  389 | void Set_LED_Brightness(uint16_t red, uint16_t green, uint16_t blue)
      |      ^~~~~~~~~~~~~~~~~~
../Core/Src/main.c:353:13: warning: 'MX_GPIO_Init' defined but not used [-Wunused-function]
  353 | static void MX_GPIO_Init(void)
      |             ^~~~~~~~~~~~
../Core/Src/main.c:318:13: warning: 'MX_USART3_UART_Init' defined but not used [-Wunused-function]
  318 | static void MX_USART3_UART_Init(void)
      |             ^~~~~~~~~~~~~~~~~~~
../Core/Src/main.c:247:13: warning: 'MX_TIM2_Init' defined but not used [-Wunused-function]
  247 | static void MX_TIM2_Init(void)
      |             ^~~~~~~~~~~~
../Core/Src/main.c:205:6: warning: 'SystemClock_Config' defined but not used [-Wunused-function]
  205 | void SystemClock_Config(void)
      |      ^~~~~~~~~~~~~~~~~~
../Core/Src/main.c:100:5: warning: 'main' defined but not used [-Wunused-function]
  100 | int main(void)
      |     ^~~~
make: *** [Core/Src/subdir.mk:34: Core/Src/main.o] Error 1
"make -j12 all" terminated with exit code 2. Build might be incomplete.
11:44:33 **** Incremental Build of configuration Debug for project lab7 ****
make -j12 all 
arm-none-eabi-gcc "../Core/Src/main.c" -mcpu=cortex-m7 -std=gnu11 -g3 -DDEBUG -DUSE_HAL_DRIVER -DSTM32F767xx -c -I../Core/Inc -IC:/Users/Admin/STM32Cube/Repository/STM32Cube_FW_F7_V1.17.2/Drivers/STM32F7xx_HAL_Driver/Inc -IC:/Users/Admin/STM32Cube/Repository/STM32Cube_FW_F7_V1.17.2/Drivers/STM32F7xx_HAL_Driver/Inc/Legacy -IC:/Users/Admin/STM32Cube/Repository/STM32Cube_FW_F7_V1.17.2/Drivers/CMSIS/Device/ST/STM32F7xx/Include -IC:/Users/Admin/STM32Cube/Repository/STM32Cube_FW_F7_V1.17.2/Drivers/CMSIS/Include -O0 -ffunction-sections -fdata-sections -Wall -fstack-usage -fcyclomatic-complexity -MMD -MP -MF"Core/Src/main.d" -MT"Core/Src/main.o" --specs=nano.specs -mfpu=fpv5-d16 -mfloat-abi=hard -mthumb -o "Core/Src/main.o"
../Core/Src/main.c: In function 'main':
../Core/Src/main.c:132:32: warning: passing argument 2 of 'HAL_UART_Receive_IT' makes pointer from integer without a cast [-Wint-conversion]
  132 |   HAL_UART_Receive_IT(&huart3, rx_buffer, sizeof(rx_buffer));
      |                                ^~~~~~~~~
      |                                |
      |                                char
In file included from ../Core/Inc/stm32f7xx_hal_conf.h:415,
                 from C:/Users/Admin/STM32Cube/Repository/STM32Cube_FW_F7_V1.17.2/Drivers/STM32F7xx_HAL_Driver/Inc/stm32f7xx_hal.h:29,
                 from ../Core/Inc/main.h:30,
                 from ../Core/Src/main.c:20:
C:/Users/Admin/STM32Cube/Repository/STM32Cube_FW_F7_V1.17.2/Drivers/STM32F7xx_HAL_Driver/Inc/stm32f7xx_hal_uart.h:1556:75: note: expected 'uint8_t *' {aka 'unsigned char *'} but argument is of type 'char'
 1556 | HAL_StatusTypeDef HAL_UART_Receive_IT(UART_HandleTypeDef *huart, uint8_t *pData, uint16_t Size);
      |                                                                  ~~~~~~~~~^~~~~
../Core/Src/main.c:135:42: warning: unknown conversion type character ',' in format [-Wformat=]
  135 |                   "Button (R, G, B) -> 0%, 20%, 40%, 60%, 80%, 100%\r\n"
      |                                          ^
../Core/Src/main.c:135:47: warning: unknown conversion type character ',' in format [-Wformat=]
  135 |                   "Button (R, G, B) -> 0%, 20%, 40%, 60%, 80%, 100%\r\n"
      |                                               ^
../Core/Src/main.c:135:52: warning: unknown conversion type character ',' in format [-Wformat=]
  135 |                   "Button (R, G, B) -> 0%, 20%, 40%, 60%, 80%, 100%\r\n"
      |                                                    ^
../Core/Src/main.c:135:57: warning: unknown conversion type character ',' in format [-Wformat=]
  135 |                   "Button (R, G, B) -> 0%, 20%, 40%, 60%, 80%, 100%\r\n"
      |                                                         ^
../Core/Src/main.c:135:62: warning: unknown conversion type character ',' in format [-Wformat=]
  135 |                   "Button (R, G, B) -> 0%, 20%, 40%, 60%, 80%, 100%\r\n"
      |                                                              ^
../Core/Src/main.c:135:68: warning: unknown conversion type character '\x0d' in format [-Wformat=]
  135 |                   "Button (R, G, B) -> 0%, 20%, 40%, 60%, 80%, 100%\r\n"
      |                                                                    ^~
arm-none-eabi-gcc -o "lab7.elf" @"objects.list"   -mcpu=cortex-m7 -T"D:\STM32\Lab7\lab7\STM32F767ZITX_FLASH.ld" --specs=nosys.specs -Wl,-Map="lab7.map" -Wl,--gc-sections -static --specs=nano.specs -mfpu=fpv5-d16 -mfloat-abi=hard -mthumb -Wl,--start-group -lc -lm -Wl,--end-group
Finished building target: lab7.elf
 
arm-none-eabi-size  lab7.elf 
arm-none-eabi-objdump -h -S lab7.elf  > "lab7.list"
   text	   data	    bss	    dec	    hex	filename
  20704	     92	   2228	  23024	   59f0	lab7.elf
Finished building: default.size.stdout
 
Finished building: lab7.list
 
11:44:35 **** Incremental Build of configuration Debug for project lab7 ****
make -j12 all 
arm-none-eabi-size  lab7.elf 
   text	   data	    bss	    dec	    hex	filename
  20704	     92	   2228	  23024	   59f0	lab7.elf
Finished building: default.size.stdout
 
11:46:41 **** Incremental Build of configuration Debug for project lab7 ****
make -j12 all 
arm-none-eabi-gcc "../Core/Src/main.c" -mcpu=cortex-m7 -std=gnu11 -g3 -DDEBUG -DUSE_HAL_DRIVER -DSTM32F767xx -c -I../Core/Inc -IC:/Users/Admin/STM32Cube/Repository/STM32Cube_FW_F7_V1.17.2/Drivers/STM32F7xx_HAL_Driver/Inc -IC:/Users/Admin/STM32Cube/Repository/STM32Cube_FW_F7_V1.17.2/Drivers/STM32F7xx_HAL_Driver/Inc/Legacy -IC:/Users/Admin/STM32Cube/Repository/STM32Cube_FW_F7_V1.17.2/Drivers/CMSIS/Device/ST/STM32F7xx/Include -IC:/Users/Admin/STM32Cube/Repository/STM32Cube_FW_F7_V1.17.2/Drivers/CMSIS/Include -O0 -ffunction-sections -fdata-sections -Wall -fstack-usage -fcyclomatic-complexity -MMD -MP -MF"Core/Src/main.d" -MT"Core/Src/main.o" --specs=nano.specs -mfpu=fpv5-d16 -mfloat-abi=hard -mthumb -o "Core/Src/main.o"
../Core/Src/main.c: In function 'main':
../Core/Src/main.c:133:32: warning: passing argument 2 of 'HAL_UART_Receive_IT' makes pointer from integer without a cast [-Wint-conversion]
  133 |   HAL_UART_Receive_IT(&huart3, rx_buffer, sizeof(rx_buffer));
      |                                ^~~~~~~~~
      |                                |
      |                                char
In file included from ../Core/Inc/stm32f7xx_hal_conf.h:415,
                 from C:/Users/Admin/STM32Cube/Repository/STM32Cube_FW_F7_V1.17.2/Drivers/STM32F7xx_HAL_Driver/Inc/stm32f7xx_hal.h:29,
                 from ../Core/Inc/main.h:30,
                 from ../Core/Src/main.c:20:
C:/Users/Admin/STM32Cube/Repository/STM32Cube_FW_F7_V1.17.2/Drivers/STM32F7xx_HAL_Driver/Inc/stm32f7xx_hal_uart.h:1556:75: note: expected 'uint8_t *' {aka 'unsigned char *'} but argument is of type 'char'
 1556 | HAL_StatusTypeDef HAL_UART_Receive_IT(UART_HandleTypeDef *huart, uint8_t *pData, uint16_t Size);
      |                                                                  ~~~~~~~~~^~~~~
../Core/Src/main.c:136:42: warning: unknown conversion type character ',' in format [-Wformat=]
  136 |                   "Button (R, G, B) -> 0%, 20%, 40%, 60%, 80%, 100%\r\n"
      |                                          ^
../Core/Src/main.c:136:47: warning: unknown conversion type character ',' in format [-Wformat=]
  136 |                   "Button (R, G, B) -> 0%, 20%, 40%, 60%, 80%, 100%\r\n"
      |                                               ^
../Core/Src/main.c:136:52: warning: unknown conversion type character ',' in format [-Wformat=]
  136 |                   "Button (R, G, B) -> 0%, 20%, 40%, 60%, 80%, 100%\r\n"
      |                                                    ^
../Core/Src/main.c:136:57: warning: unknown conversion type character ',' in format [-Wformat=]
  136 |                   "Button (R, G, B) -> 0%, 20%, 40%, 60%, 80%, 100%\r\n"
      |                                                         ^
../Core/Src/main.c:136:62: warning: unknown conversion type character ',' in format [-Wformat=]
  136 |                   "Button (R, G, B) -> 0%, 20%, 40%, 60%, 80%, 100%\r\n"
      |                                                              ^
../Core/Src/main.c:136:68: warning: unknown conversion type character '\x0d' in format [-Wformat=]
  136 |                   "Button (R, G, B) -> 0%, 20%, 40%, 60%, 80%, 100%\r\n"
      |                                                                    ^~
arm-none-eabi-gcc -o "lab7.elf" @"objects.list"   -mcpu=cortex-m7 -T"D:\STM32\Lab7\lab7\STM32F767ZITX_FLASH.ld" --specs=nosys.specs -Wl,-Map="lab7.map" -Wl,--gc-sections -static --specs=nano.specs -mfpu=fpv5-d16 -mfloat-abi=hard -mthumb -Wl,--start-group -lc -lm -Wl,--end-group
Finished building target: lab7.elf
 
arm-none-eabi-size  lab7.elf 
arm-none-eabi-objdump -h -S lab7.elf  > "lab7.list"
   text	   data	    bss	    dec	    hex	filename
  20604	     92	   2228	  22924	   598c	lab7.elf
Finished building: default.size.stdout
 
Finished building: lab7.list
 
11:48:09 **** Incremental Build of configuration Debug for project lab7 ****
make -j12 all 
arm-none-eabi-size  lab7.elf 
   text	   data	    bss	    dec	    hex	filename
  20604	     92	   2228	  22924	   598c	lab7.elf
Finished building: default.size.stdout
 
11:49:08 **** Incremental Build of configuration Debug for project lab7 ****
make -j12 all 
arm-none-eabi-gcc "../Core/Src/main.c" -mcpu=cortex-m7 -std=gnu11 -g3 -DDEBUG -DUSE_HAL_DRIVER -DSTM32F767xx -c -I../Core/Inc -IC:/Users/Admin/STM32Cube/Repository/STM32Cube_FW_F7_V1.17.2/Drivers/STM32F7xx_HAL_Driver/Inc -IC:/Users/Admin/STM32Cube/Repository/STM32Cube_FW_F7_V1.17.2/Drivers/STM32F7xx_HAL_Driver/Inc/Legacy -IC:/Users/Admin/STM32Cube/Repository/STM32Cube_FW_F7_V1.17.2/Drivers/CMSIS/Device/ST/STM32F7xx/Include -IC:/Users/Admin/STM32Cube/Repository/STM32Cube_FW_F7_V1.17.2/Drivers/CMSIS/Include -O0 -ffunction-sections -fdata-sections -Wall -fstack-usage -fcyclomatic-complexity -MMD -MP -MF"Core/Src/main.d" -MT"Core/Src/main.o" --specs=nano.specs -mfpu=fpv5-d16 -mfloat-abi=hard -mthumb -o "Core/Src/main.o"
../Core/Src/main.c: In function 'main':
../Core/Src/main.c:133:32: warning: passing argument 2 of 'HAL_UART_Receive_IT' makes pointer from integer without a cast [-Wint-conversion]
  133 |   HAL_UART_Receive_IT(&huart3, rx_buffer, sizeof(rx_buffer));
      |                                ^~~~~~~~~
      |                                |
      |                                char
In file included from ../Core/Inc/stm32f7xx_hal_conf.h:415,
                 from C:/Users/Admin/STM32Cube/Repository/STM32Cube_FW_F7_V1.17.2/Drivers/STM32F7xx_HAL_Driver/Inc/stm32f7xx_hal.h:29,
                 from ../Core/Inc/main.h:30,
                 from ../Core/Src/main.c:20:
C:/Users/Admin/STM32Cube/Repository/STM32Cube_FW_F7_V1.17.2/Drivers/STM32F7xx_HAL_Driver/Inc/stm32f7xx_hal_uart.h:1556:75: note: expected 'uint8_t *' {aka 'unsigned char *'} but argument is of type 'char'
 1556 | HAL_StatusTypeDef HAL_UART_Receive_IT(UART_HandleTypeDef *huart, uint8_t *pData, uint16_t Size);
      |                                                                  ~~~~~~~~~^~~~~
../Core/Src/main.c:136:42: warning: unknown conversion type character ',' in format [-Wformat=]
  136 |                   "Button (R, G, B) -> 0%, 20%, 40%, 60%, 80%, 100%\r\n"
      |                                          ^
../Core/Src/main.c:136:47: warning: unknown conversion type character ',' in format [-Wformat=]
  136 |                   "Button (R, G, B) -> 0%, 20%, 40%, 60%, 80%, 100%\r\n"
      |                                               ^
../Core/Src/main.c:136:52: warning: unknown conversion type character ',' in format [-Wformat=]
  136 |                   "Button (R, G, B) -> 0%, 20%, 40%, 60%, 80%, 100%\r\n"
      |                                                    ^
../Core/Src/main.c:136:57: warning: unknown conversion type character ',' in format [-Wformat=]
  136 |                   "Button (R, G, B) -> 0%, 20%, 40%, 60%, 80%, 100%\r\n"
      |                                                         ^
../Core/Src/main.c:136:62: warning: unknown conversion type character ',' in format [-Wformat=]
  136 |                   "Button (R, G, B) -> 0%, 20%, 40%, 60%, 80%, 100%\r\n"
      |                                                              ^
../Core/Src/main.c:136:68: warning: unknown conversion type character '\x0d' in format [-Wformat=]
  136 |                   "Button (R, G, B) -> 0%, 20%, 40%, 60%, 80%, 100%\r\n"
      |                                                                    ^~
arm-none-eabi-gcc -o "lab7.elf" @"objects.list"   -mcpu=cortex-m7 -T"D:\STM32\Lab7\lab7\STM32F767ZITX_FLASH.ld" --specs=nosys.specs -Wl,-Map="lab7.map" -Wl,--gc-sections -static --specs=nano.specs -mfpu=fpv5-d16 -mfloat-abi=hard -mthumb -Wl,--start-group -lc -lm -Wl,--end-group
Finished building target: lab7.elf
 
arm-none-eabi-size  lab7.elf 
arm-none-eabi-objdump -h -S lab7.elf  > "lab7.list"
   text	   data	    bss	    dec	    hex	filename
  20604	     92	   2220	  22916	   5984	lab7.elf
Finished building: default.size.stdout
 
Finished building: lab7.list
 
11:49:12 **** Incremental Build of configuration Debug for project lab7 ****
make -j12 all 
arm-none-eabi-size  lab7.elf 
   text	   data	    bss	    dec	    hex	filename
  20604	     92	   2220	  22916	   5984	lab7.elf
Finished building: default.size.stdout
 
11:49:43 **** Incremental Build of configuration Debug for project lab7 ****
make -j12 all 
arm-none-eabi-gcc "../Core/Src/main.c" -mcpu=cortex-m7 -std=gnu11 -g3 -DDEBUG -DUSE_HAL_DRIVER -DSTM32F767xx -c -I../Core/Inc -IC:/Users/Admin/STM32Cube/Repository/STM32Cube_FW_F7_V1.17.2/Drivers/STM32F7xx_HAL_Driver/Inc -IC:/Users/Admin/STM32Cube/Repository/STM32Cube_FW_F7_V1.17.2/Drivers/STM32F7xx_HAL_Driver/Inc/Legacy -IC:/Users/Admin/STM32Cube/Repository/STM32Cube_FW_F7_V1.17.2/Drivers/CMSIS/Device/ST/STM32F7xx/Include -IC:/Users/Admin/STM32Cube/Repository/STM32Cube_FW_F7_V1.17.2/Drivers/CMSIS/Include -O0 -ffunction-sections -fdata-sections -Wall -fstack-usage -fcyclomatic-complexity -MMD -MP -MF"Core/Src/main.d" -MT"Core/Src/main.o" --specs=nano.specs -mfpu=fpv5-d16 -mfloat-abi=hard -mthumb -o "Core/Src/main.o"
../Core/Src/main.c: In function 'main':
../Core/Src/main.c:132:32: warning: passing argument 2 of 'HAL_UART_Receive_IT' makes pointer from integer without a cast [-Wint-conversion]
  132 |   HAL_UART_Receive_IT(&huart3, rx_buffer, sizeof(rx_buffer));
      |                                ^~~~~~~~~
      |                                |
      |                                char
In file included from ../Core/Inc/stm32f7xx_hal_conf.h:415,
                 from C:/Users/Admin/STM32Cube/Repository/STM32Cube_FW_F7_V1.17.2/Drivers/STM32F7xx_HAL_Driver/Inc/stm32f7xx_hal.h:29,
                 from ../Core/Inc/main.h:30,
                 from ../Core/Src/main.c:20:
C:/Users/Admin/STM32Cube/Repository/STM32Cube_FW_F7_V1.17.2/Drivers/STM32F7xx_HAL_Driver/Inc/stm32f7xx_hal_uart.h:1556:75: note: expected 'uint8_t *' {aka 'unsigned char *'} but argument is of type 'char'
 1556 | HAL_StatusTypeDef HAL_UART_Receive_IT(UART_HandleTypeDef *huart, uint8_t *pData, uint16_t Size);
      |                                                                  ~~~~~~~~~^~~~~
../Core/Src/main.c:135:42: warning: unknown conversion type character ',' in format [-Wformat=]
  135 |                   "Button (R, G, B) -> 0%, 20%, 40%, 60%, 80%, 100%\r\n"
      |                                          ^
../Core/Src/main.c:135:47: warning: unknown conversion type character ',' in format [-Wformat=]
  135 |                   "Button (R, G, B) -> 0%, 20%, 40%, 60%, 80%, 100%\r\n"
      |                                               ^
../Core/Src/main.c:135:52: warning: unknown conversion type character ',' in format [-Wformat=]
  135 |                   "Button (R, G, B) -> 0%, 20%, 40%, 60%, 80%, 100%\r\n"
      |                                                    ^
../Core/Src/main.c:135:57: warning: unknown conversion type character ',' in format [-Wformat=]
  135 |                   "Button (R, G, B) -> 0%, 20%, 40%, 60%, 80%, 100%\r\n"
      |                                                         ^
../Core/Src/main.c:135:62: warning: unknown conversion type character ',' in format [-Wformat=]
  135 |                   "Button (R, G, B) -> 0%, 20%, 40%, 60%, 80%, 100%\r\n"
      |                                                              ^
../Core/Src/main.c:135:68: warning: unknown conversion type character '\x0d' in format [-Wformat=]
  135 |                   "Button (R, G, B) -> 0%, 20%, 40%, 60%, 80%, 100%\r\n"
      |                                                                    ^~
arm-none-eabi-gcc -o "lab7.elf" @"objects.list"   -mcpu=cortex-m7 -T"D:\STM32\Lab7\lab7\STM32F767ZITX_FLASH.ld" --specs=nosys.specs -Wl,-Map="lab7.map" -Wl,--gc-sections -static --specs=nano.specs -mfpu=fpv5-d16 -mfloat-abi=hard -mthumb -Wl,--start-group -lc -lm -Wl,--end-group
Finished building target: lab7.elf
 
arm-none-eabi-size  lab7.elf 
arm-none-eabi-objdump -h -S lab7.elf  > "lab7.list"
   text	   data	    bss	    dec	    hex	filename
  20604	     92	   2220	  22916	   5984	lab7.elf
Finished building: default.size.stdout
 
Finished building: lab7.list
 
11:49:57 **** Incremental Build of configuration Debug for project lab7 ****
make -j12 all 
arm-none-eabi-size  lab7.elf 
   text	   data	    bss	    dec	    hex	filename
  20604	     92	   2220	  22916	   5984	lab7.elf
Finished building: default.size.stdout
 
11:50:37 **** Incremental Build of configuration Debug for project lab7 ****
make -j12 all 
arm-none-eabi-gcc "../Core/Src/main.c" -mcpu=cortex-m7 -std=gnu11 -g3 -DDEBUG -DUSE_HAL_DRIVER -DSTM32F767xx -c -I../Core/Inc -IC:/Users/Admin/STM32Cube/Repository/STM32Cube_FW_F7_V1.17.2/Drivers/STM32F7xx_HAL_Driver/Inc -IC:/Users/Admin/STM32Cube/Repository/STM32Cube_FW_F7_V1.17.2/Drivers/STM32F7xx_HAL_Driver/Inc/Legacy -IC:/Users/Admin/STM32Cube/Repository/STM32Cube_FW_F7_V1.17.2/Drivers/CMSIS/Device/ST/STM32F7xx/Include -IC:/Users/Admin/STM32Cube/Repository/STM32Cube_FW_F7_V1.17.2/Drivers/CMSIS/Include -O0 -ffunction-sections -fdata-sections -Wall -fstack-usage -fcyclomatic-complexity -MMD -MP -MF"Core/Src/main.d" -MT"Core/Src/main.o" --specs=nano.specs -mfpu=fpv5-d16 -mfloat-abi=hard -mthumb -o "Core/Src/main.o"
../Core/Src/main.c: In function 'main':
../Core/Src/main.c:132:32: warning: passing argument 2 of 'HAL_UART_Receive_IT' makes pointer from integer without a cast [-Wint-conversion]
  132 |   HAL_UART_Receive_IT(&huart3, rx_buffer, sizeof(rx_buffer));
      |                                ^~~~~~~~~
      |                                |
      |                                char
In file included from ../Core/Inc/stm32f7xx_hal_conf.h:415,
                 from C:/Users/Admin/STM32Cube/Repository/STM32Cube_FW_F7_V1.17.2/Drivers/STM32F7xx_HAL_Driver/Inc/stm32f7xx_hal.h:29,
                 from ../Core/Inc/main.h:30,
                 from ../Core/Src/main.c:20:
C:/Users/Admin/STM32Cube/Repository/STM32Cube_FW_F7_V1.17.2/Drivers/STM32F7xx_HAL_Driver/Inc/stm32f7xx_hal_uart.h:1556:75: note: expected 'uint8_t *' {aka 'unsigned char *'} but argument is of type 'char'
 1556 | HAL_StatusTypeDef HAL_UART_Receive_IT(UART_HandleTypeDef *huart, uint8_t *pData, uint16_t Size);
      |                                                                  ~~~~~~~~~^~~~~
../Core/Src/main.c:135:42: warning: unknown conversion type character ',' in format [-Wformat=]
  135 |                   "Button (R, G, B) -> 0%, 20%, 40%, 60%, 80%, 100%\r\n"
      |                                          ^
../Core/Src/main.c:135:47: warning: unknown conversion type character ',' in format [-Wformat=]
  135 |                   "Button (R, G, B) -> 0%, 20%, 40%, 60%, 80%, 100%\r\n"
      |                                               ^
../Core/Src/main.c:135:52: warning: unknown conversion type character ',' in format [-Wformat=]
  135 |                   "Button (R, G, B) -> 0%, 20%, 40%, 60%, 80%, 100%\r\n"
      |                                                    ^
../Core/Src/main.c:135:57: warning: unknown conversion type character ',' in format [-Wformat=]
  135 |                   "Button (R, G, B) -> 0%, 20%, 40%, 60%, 80%, 100%\r\n"
      |                                                         ^
../Core/Src/main.c:135:62: warning: unknown conversion type character ',' in format [-Wformat=]
  135 |                   "Button (R, G, B) -> 0%, 20%, 40%, 60%, 80%, 100%\r\n"
      |                                                              ^
../Core/Src/main.c:135:68: warning: unknown conversion type character '\x0d' in format [-Wformat=]
  135 |                   "Button (R, G, B) -> 0%, 20%, 40%, 60%, 80%, 100%\r\n"
      |                                                                    ^~
arm-none-eabi-gcc -o "lab7.elf" @"objects.list"   -mcpu=cortex-m7 -T"D:\STM32\Lab7\lab7\STM32F767ZITX_FLASH.ld" --specs=nosys.specs -Wl,-Map="lab7.map" -Wl,--gc-sections -static --specs=nano.specs -mfpu=fpv5-d16 -mfloat-abi=hard -mthumb -Wl,--start-group -lc -lm -Wl,--end-group
Finished building target: lab7.elf
 
arm-none-eabi-size  lab7.elf 
arm-none-eabi-objdump -h -S lab7.elf  > "lab7.list"
   text	   data	    bss	    dec	    hex	filename
  20612	     92	   2220	  22924	   598c	lab7.elf
Finished building: default.size.stdout
 
Finished building: lab7.list
 
11:50:49 **** Incremental Build of configuration Debug for project lab7 ****
make -j12 all 
arm-none-eabi-size  lab7.elf 
   text	   data	    bss	    dec	    hex	filename
  20612	     92	   2220	  22924	   598c	lab7.elf
Finished building: default.size.stdout
 
11:51:29 **** Incremental Build of configuration Debug for project lab7 ****
make -j12 all 
arm-none-eabi-size  lab7.elf 
   text	   data	    bss	    dec	    hex	filename
  20612	     92	   2220	  22924	   598c	lab7.elf
Finished building: default.size.stdout
 
11:53:03 **** Incremental Build of configuration Debug for project lab7 ****
make -j12 all 
arm-none-eabi-gcc "../Core/Src/main.c" -mcpu=cortex-m7 -std=gnu11 -g3 -DDEBUG -DUSE_HAL_DRIVER -DSTM32F767xx -c -I../Core/Inc -IC:/Users/Admin/STM32Cube/Repository/STM32Cube_FW_F7_V1.17.2/Drivers/STM32F7xx_HAL_Driver/Inc -IC:/Users/Admin/STM32Cube/Repository/STM32Cube_FW_F7_V1.17.2/Drivers/STM32F7xx_HAL_Driver/Inc/Legacy -IC:/Users/Admin/STM32Cube/Repository/STM32Cube_FW_F7_V1.17.2/Drivers/CMSIS/Device/ST/STM32F7xx/Include -IC:/Users/Admin/STM32Cube/Repository/STM32Cube_FW_F7_V1.17.2/Drivers/CMSIS/Include -O0 -ffunction-sections -fdata-sections -Wall -fstack-usage -fcyclomatic-complexity -MMD -MP -MF"Core/Src/main.d" -MT"Core/Src/main.o" --specs=nano.specs -mfpu=fpv5-d16 -mfloat-abi=hard -mthumb -o "Core/Src/main.o"
../Core/Src/main.c: In function 'main':
../Core/Src/main.c:133:32: warning: passing argument 2 of 'HAL_UART_Receive_IT' makes pointer from integer without a cast [-Wint-conversion]
  133 |   HAL_UART_Receive_IT(&huart3, rx_buffer, sizeof(rx_buffer));
      |                                ^~~~~~~~~
      |                                |
      |                                char
In file included from ../Core/Inc/stm32f7xx_hal_conf.h:415,
                 from C:/Users/Admin/STM32Cube/Repository/STM32Cube_FW_F7_V1.17.2/Drivers/STM32F7xx_HAL_Driver/Inc/stm32f7xx_hal.h:29,
                 from ../Core/Inc/main.h:30,
                 from ../Core/Src/main.c:20:
C:/Users/Admin/STM32Cube/Repository/STM32Cube_FW_F7_V1.17.2/Drivers/STM32F7xx_HAL_Driver/Inc/stm32f7xx_hal_uart.h:1556:75: note: expected 'uint8_t *' {aka 'unsigned char *'} but argument is of type 'char'
 1556 | HAL_StatusTypeDef HAL_UART_Receive_IT(UART_HandleTypeDef *huart, uint8_t *pData, uint16_t Size);
      |                                                                  ~~~~~~~~~^~~~~
../Core/Src/main.c:136:42: warning: unknown conversion type character ',' in format [-Wformat=]
  136 |                   "Button (R, G, B) -> 0%, 20%, 40%, 60%, 80%, 100%\r\n"
      |                                          ^
../Core/Src/main.c:136:47: warning: unknown conversion type character ',' in format [-Wformat=]
  136 |                   "Button (R, G, B) -> 0%, 20%, 40%, 60%, 80%, 100%\r\n"
      |                                               ^
../Core/Src/main.c:136:52: warning: unknown conversion type character ',' in format [-Wformat=]
  136 |                   "Button (R, G, B) -> 0%, 20%, 40%, 60%, 80%, 100%\r\n"
      |                                                    ^
../Core/Src/main.c:136:57: warning: unknown conversion type character ',' in format [-Wformat=]
  136 |                   "Button (R, G, B) -> 0%, 20%, 40%, 60%, 80%, 100%\r\n"
      |                                                         ^
../Core/Src/main.c:136:62: warning: unknown conversion type character ',' in format [-Wformat=]
  136 |                   "Button (R, G, B) -> 0%, 20%, 40%, 60%, 80%, 100%\r\n"
      |                                                              ^
../Core/Src/main.c:136:68: warning: unknown conversion type character '\x0d' in format [-Wformat=]
  136 |                   "Button (R, G, B) -> 0%, 20%, 40%, 60%, 80%, 100%\r\n"
      |                                                                    ^~
arm-none-eabi-gcc -o "lab7.elf" @"objects.list"   -mcpu=cortex-m7 -T"D:\STM32\Lab7\lab7\STM32F767ZITX_FLASH.ld" --specs=nosys.specs -Wl,-Map="lab7.map" -Wl,--gc-sections -static --specs=nano.specs -mfpu=fpv5-d16 -mfloat-abi=hard -mthumb -Wl,--start-group -lc -lm -Wl,--end-group
Finished building target: lab7.elf
 
arm-none-eabi-size  lab7.elf 
arm-none-eabi-objdump -h -S lab7.elf  > "lab7.list"
   text	   data	    bss	    dec	    hex	filename
  20624	     92	   2228	  22944	   59a0	lab7.elf
Finished building: default.size.stdout
 
Finished building: lab7.list
 
11:53:07 **** Incremental Build of configuration Debug for project lab7 ****
make -j12 all 
arm-none-eabi-size  lab7.elf 
   text	   data	    bss	    dec	    hex	filename
  20624	     92	   2228	  22944	   59a0	lab7.elf
Finished building: default.size.stdout
 
11:54:07 **** Incremental Build of configuration Debug for project lab7 ****
make -j12 all 
arm-none-eabi-gcc "../Core/Src/main.c" -mcpu=cortex-m7 -std=gnu11 -g3 -DDEBUG -DUSE_HAL_DRIVER -DSTM32F767xx -c -I../Core/Inc -IC:/Users/Admin/STM32Cube/Repository/STM32Cube_FW_F7_V1.17.2/Drivers/STM32F7xx_HAL_Driver/Inc -IC:/Users/Admin/STM32Cube/Repository/STM32Cube_FW_F7_V1.17.2/Drivers/STM32F7xx_HAL_Driver/Inc/Legacy -IC:/Users/Admin/STM32Cube/Repository/STM32Cube_FW_F7_V1.17.2/Drivers/CMSIS/Device/ST/STM32F7xx/Include -IC:/Users/Admin/STM32Cube/Repository/STM32Cube_FW_F7_V1.17.2/Drivers/CMSIS/Include -O0 -ffunction-sections -fdata-sections -Wall -fstack-usage -fcyclomatic-complexity -MMD -MP -MF"Core/Src/main.d" -MT"Core/Src/main.o" --specs=nano.specs -mfpu=fpv5-d16 -mfloat-abi=hard -mthumb -o "Core/Src/main.o"
../Core/Src/main.c: In function 'main':
../Core/Src/main.c:121:32: warning: passing argument 2 of 'HAL_UART_Receive_IT' makes pointer from integer without a cast [-Wint-conversion]
  121 |   HAL_UART_Receive_IT(&huart3, rx_buffer, sizeof(rx_buffer));
      |                                ^~~~~~~~~
      |                                |
      |                                char
In file included from ../Core/Inc/stm32f7xx_hal_conf.h:415,
                 from C:/Users/Admin/STM32Cube/Repository/STM32Cube_FW_F7_V1.17.2/Drivers/STM32F7xx_HAL_Driver/Inc/stm32f7xx_hal.h:29,
                 from ../Core/Inc/main.h:30,
                 from ../Core/Src/main.c:20:
C:/Users/Admin/STM32Cube/Repository/STM32Cube_FW_F7_V1.17.2/Drivers/STM32F7xx_HAL_Driver/Inc/stm32f7xx_hal_uart.h:1556:75: note: expected 'uint8_t *' {aka 'unsigned char *'} but argument is of type 'char'
 1556 | HAL_StatusTypeDef HAL_UART_Receive_IT(UART_HandleTypeDef *huart, uint8_t *pData, uint16_t Size);
      |                                                                  ~~~~~~~~~^~~~~
../Core/Src/main.c:124:42: warning: unknown conversion type character ',' in format [-Wformat=]
  124 |                   "Button (R, G, B) -> 0%, 20%, 40%, 60%, 80%, 100%\r\n"
      |                                          ^
../Core/Src/main.c:124:47: warning: unknown conversion type character ',' in format [-Wformat=]
  124 |                   "Button (R, G, B) -> 0%, 20%, 40%, 60%, 80%, 100%\r\n"
      |                                               ^
../Core/Src/main.c:124:52: warning: unknown conversion type character ',' in format [-Wformat=]
  124 |                   "Button (R, G, B) -> 0%, 20%, 40%, 60%, 80%, 100%\r\n"
      |                                                    ^
../Core/Src/main.c:124:57: warning: unknown conversion type character ',' in format [-Wformat=]
  124 |                   "Button (R, G, B) -> 0%, 20%, 40%, 60%, 80%, 100%\r\n"
      |                                                         ^
../Core/Src/main.c:124:62: warning: unknown conversion type character ',' in format [-Wformat=]
  124 |                   "Button (R, G, B) -> 0%, 20%, 40%, 60%, 80%, 100%\r\n"
      |                                                              ^
../Core/Src/main.c:124:68: warning: unknown conversion type character '\x0d' in format [-Wformat=]
  124 |                   "Button (R, G, B) -> 0%, 20%, 40%, 60%, 80%, 100%\r\n"
      |                                                                    ^~
arm-none-eabi-gcc -o "lab7.elf" @"objects.list"   -mcpu=cortex-m7 -T"D:\STM32\Lab7\lab7\STM32F767ZITX_FLASH.ld" --specs=nosys.specs -Wl,-Map="lab7.map" -Wl,--gc-sections -static --specs=nano.specs -mfpu=fpv5-d16 -mfloat-abi=hard -mthumb -Wl,--start-group -lc -lm -Wl,--end-group
Finished building target: lab7.elf
 
arm-none-eabi-size  lab7.elf 
arm-none-eabi-objdump -h -S lab7.elf  > "lab7.list"
   text	   data	    bss	    dec	    hex	filename
  20612	     92	   2228	  22932	   5994	lab7.elf
Finished building: default.size.stdout
 
Finished building: lab7.list
 
11:54:19 **** Incremental Build of configuration Debug for project lab7 ****
make -j12 all 
arm-none-eabi-size  lab7.elf 
   text	   data	    bss	    dec	    hex	filename
  20612	     92	   2228	  22932	   5994	lab7.elf
Finished building: default.size.stdout
 
12:06:58 **** Incremental Build of configuration Debug for project lab7 ****
make -j12 all 
arm-none-eabi-gcc "../Core/Src/main.c" -mcpu=cortex-m7 -std=gnu11 -g3 -DDEBUG -DUSE_HAL_DRIVER -DSTM32F767xx -c -I../Core/Inc -IC:/Users/Admin/STM32Cube/Repository/STM32Cube_FW_F7_V1.17.2/Drivers/STM32F7xx_HAL_Driver/Inc -IC:/Users/Admin/STM32Cube/Repository/STM32Cube_FW_F7_V1.17.2/Drivers/STM32F7xx_HAL_Driver/Inc/Legacy -IC:/Users/Admin/STM32Cube/Repository/STM32Cube_FW_F7_V1.17.2/Drivers/CMSIS/Device/ST/STM32F7xx/Include -IC:/Users/Admin/STM32Cube/Repository/STM32Cube_FW_F7_V1.17.2/Drivers/CMSIS/Include -O0 -ffunction-sections -fdata-sections -Wall -fstack-usage -fcyclomatic-complexity -MMD -MP -MF"Core/Src/main.d" -MT"Core/Src/main.o" --specs=nano.specs -mfpu=fpv5-d16 -mfloat-abi=hard -mthumb -o "Core/Src/main.o"
../Core/Src/main.c: In function 'main':
../Core/Src/main.c:112:32: warning: passing argument 2 of 'HAL_UART_Receive_IT' makes pointer from integer without a cast [-Wint-conversion]
  112 |   HAL_UART_Receive_IT(&huart3, rx_buffer, sizeof(rx_buffer));
      |                                ^~~~~~~~~
      |                                |
      |                                char
In file included from ../Core/Inc/stm32f7xx_hal_conf.h:415,
                 from C:/Users/Admin/STM32Cube/Repository/STM32Cube_FW_F7_V1.17.2/Drivers/STM32F7xx_HAL_Driver/Inc/stm32f7xx_hal.h:29,
                 from ../Core/Inc/main.h:30,
                 from ../Core/Src/main.c:20:
C:/Users/Admin/STM32Cube/Repository/STM32Cube_FW_F7_V1.17.2/Drivers/STM32F7xx_HAL_Driver/Inc/stm32f7xx_hal_uart.h:1556:75: note: expected 'uint8_t *' {aka 'unsigned char *'} but argument is of type 'char'
 1556 | HAL_StatusTypeDef HAL_UART_Receive_IT(UART_HandleTypeDef *huart, uint8_t *pData, uint16_t Size);
      |                                                                  ~~~~~~~~~^~~~~
../Core/Src/main.c:115:42: warning: unknown conversion type character ',' in format [-Wformat=]
  115 |                   "Button (R, G, B) -> 0%, 20%, 40%, 60%, 80%, 100%\r\n"
      |                                          ^
../Core/Src/main.c:115:47: warning: unknown conversion type character ',' in format [-Wformat=]
  115 |                   "Button (R, G, B) -> 0%, 20%, 40%, 60%, 80%, 100%\r\n"
      |                                               ^
../Core/Src/main.c:115:52: warning: unknown conversion type character ',' in format [-Wformat=]
  115 |                   "Button (R, G, B) -> 0%, 20%, 40%, 60%, 80%, 100%\r\n"
      |                                                    ^
../Core/Src/main.c:115:57: warning: unknown conversion type character ',' in format [-Wformat=]
  115 |                   "Button (R, G, B) -> 0%, 20%, 40%, 60%, 80%, 100%\r\n"
      |                                                         ^
../Core/Src/main.c:115:62: warning: unknown conversion type character ',' in format [-Wformat=]
  115 |                   "Button (R, G, B) -> 0%, 20%, 40%, 60%, 80%, 100%\r\n"
      |                                                              ^
../Core/Src/main.c:115:68: warning: unknown conversion type character '\x0d' in format [-Wformat=]
  115 |                   "Button (R, G, B) -> 0%, 20%, 40%, 60%, 80%, 100%\r\n"
      |                                                                    ^~
arm-none-eabi-gcc -o "lab7.elf" @"objects.list"   -mcpu=cortex-m7 -T"D:\STM32\Lab7\lab7\STM32F767ZITX_FLASH.ld" --specs=nosys.specs -Wl,-Map="lab7.map" -Wl,--gc-sections -static --specs=nano.specs -mfpu=fpv5-d16 -mfloat-abi=hard -mthumb -Wl,--start-group -lc -lm -Wl,--end-group
Finished building target: lab7.elf
 
arm-none-eabi-size  lab7.elf 
arm-none-eabi-objdump -h -S lab7.elf  > "lab7.list"
   text	   data	    bss	    dec	    hex	filename
  20996	     92	   2220	  23308	   5b0c	lab7.elf
Finished building: default.size.stdout
 
Finished building: lab7.list
 
12:07:00 **** Incremental Build of configuration Debug for project lab7 ****
make -j12 all 
arm-none-eabi-size  lab7.elf 
   text	   data	    bss	    dec	    hex	filename
  20996	     92	   2220	  23308	   5b0c	lab7.elf
Finished building: default.size.stdout
 
12:07:34 **** Incremental Build of configuration Debug for project lab7 ****
make -j12 all 
arm-none-eabi-size  lab7.elf 
   text	   data	    bss	    dec	    hex	filename
  20996	     92	   2220	  23308	   5b0c	lab7.elf
Finished building: default.size.stdout
 
12:25:51 **** Incremental Build of configuration Debug for project lab7 ****
make -j12 all 
arm-none-eabi-gcc "../Core/Src/main.c" -mcpu=cortex-m7 -std=gnu11 -g3 -DDEBUG -DUSE_HAL_DRIVER -DSTM32F767xx -c -I../Core/Inc -IC:/Users/Admin/STM32Cube/Repository/STM32Cube_FW_F7_V1.17.2/Drivers/STM32F7xx_HAL_Driver/Inc -IC:/Users/Admin/STM32Cube/Repository/STM32Cube_FW_F7_V1.17.2/Drivers/STM32F7xx_HAL_Driver/Inc/Legacy -IC:/Users/Admin/STM32Cube/Repository/STM32Cube_FW_F7_V1.17.2/Drivers/CMSIS/Device/ST/STM32F7xx/Include -IC:/Users/Admin/STM32Cube/Repository/STM32Cube_FW_F7_V1.17.2/Drivers/CMSIS/Include -O0 -ffunction-sections -fdata-sections -Wall -fstack-usage -fcyclomatic-complexity -MMD -MP -MF"Core/Src/main.d" -MT"Core/Src/main.o" --specs=nano.specs -mfpu=fpv5-d16 -mfloat-abi=hard -mthumb -o "Core/Src/main.o"
../Core/Src/main.c: In function 'main':
../Core/Src/main.c:112:32: warning: passing argument 2 of 'HAL_UART_Receive_IT' makes pointer from integer without a cast [-Wint-conversion]
  112 |   HAL_UART_Receive_IT(&huart3, rx_buffer, sizeof(rx_buffer));
      |                                ^~~~~~~~~
      |                                |
      |                                char
In file included from ../Core/Inc/stm32f7xx_hal_conf.h:415,
                 from C:/Users/Admin/STM32Cube/Repository/STM32Cube_FW_F7_V1.17.2/Drivers/STM32F7xx_HAL_Driver/Inc/stm32f7xx_hal.h:29,
                 from ../Core/Inc/main.h:30,
                 from ../Core/Src/main.c:20:
C:/Users/Admin/STM32Cube/Repository/STM32Cube_FW_F7_V1.17.2/Drivers/STM32F7xx_HAL_Driver/Inc/stm32f7xx_hal_uart.h:1556:75: note: expected 'uint8_t *' {aka 'unsigned char *'} but argument is of type 'char'
 1556 | HAL_StatusTypeDef HAL_UART_Receive_IT(UART_HandleTypeDef *huart, uint8_t *pData, uint16_t Size);
      |                                                                  ~~~~~~~~~^~~~~
../Core/Src/main.c:115:42: warning: unknown conversion type character ',' in format [-Wformat=]
  115 |                   "Button (R, G, B) -> 0%, 20%, 40%, 60%, 80%, 100%\r\n"
      |                                          ^
../Core/Src/main.c:115:47: warning: unknown conversion type character ',' in format [-Wformat=]
  115 |                   "Button (R, G, B) -> 0%, 20%, 40%, 60%, 80%, 100%\r\n"
      |                                               ^
../Core/Src/main.c:115:52: warning: unknown conversion type character ',' in format [-Wformat=]
  115 |                   "Button (R, G, B) -> 0%, 20%, 40%, 60%, 80%, 100%\r\n"
      |                                                    ^
../Core/Src/main.c:115:57: warning: unknown conversion type character ',' in format [-Wformat=]
  115 |                   "Button (R, G, B) -> 0%, 20%, 40%, 60%, 80%, 100%\r\n"
      |                                                         ^
../Core/Src/main.c:115:62: warning: unknown conversion type character ',' in format [-Wformat=]
  115 |                   "Button (R, G, B) -> 0%, 20%, 40%, 60%, 80%, 100%\r\n"
      |                                                              ^
../Core/Src/main.c:115:68: warning: unknown conversion type character '\x0d' in format [-Wformat=]
  115 |                   "Button (R, G, B) -> 0%, 20%, 40%, 60%, 80%, 100%\r\n"
      |                                                                    ^~
arm-none-eabi-gcc -o "lab7.elf" @"objects.list"   -mcpu=cortex-m7 -T"D:\STM32\Lab7\lab7\STM32F767ZITX_FLASH.ld" --specs=nosys.specs -Wl,-Map="lab7.map" -Wl,--gc-sections -static --specs=nano.specs -mfpu=fpv5-d16 -mfloat-abi=hard -mthumb -Wl,--start-group -lc -lm -Wl,--end-group
Finished building target: lab7.elf
 
arm-none-eabi-size  lab7.elf 
arm-none-eabi-objdump -h -S lab7.elf  > "lab7.list"
   text	   data	    bss	    dec	    hex	filename
  21004	     92	   2220	  23316	   5b14	lab7.elf
Finished building: default.size.stdout
 
Finished building: lab7.list
 
12:25:54 **** Incremental Build of configuration Debug for project lab7 ****
make -j12 all 
arm-none-eabi-size  lab7.elf 
   text	   data	    bss	    dec	    hex	filename
  21004	     92	   2220	  23316	   5b14	lab7.elf
Finished building: default.size.stdout
 
12:27:35 **** Incremental Build of configuration Debug for project lab7 ****
make -j12 all 
arm-none-eabi-gcc "../Core/Src/main.c" -mcpu=cortex-m7 -std=gnu11 -g3 -DDEBUG -DUSE_HAL_DRIVER -DSTM32F767xx -c -I../Core/Inc -IC:/Users/Admin/STM32Cube/Repository/STM32Cube_FW_F7_V1.17.2/Drivers/STM32F7xx_HAL_Driver/Inc -IC:/Users/Admin/STM32Cube/Repository/STM32Cube_FW_F7_V1.17.2/Drivers/STM32F7xx_HAL_Driver/Inc/Legacy -IC:/Users/Admin/STM32Cube/Repository/STM32Cube_FW_F7_V1.17.2/Drivers/CMSIS/Device/ST/STM32F7xx/Include -IC:/Users/Admin/STM32Cube/Repository/STM32Cube_FW_F7_V1.17.2/Drivers/CMSIS/Include -O0 -ffunction-sections -fdata-sections -Wall -fstack-usage -fcyclomatic-complexity -MMD -MP -MF"Core/Src/main.d" -MT"Core/Src/main.o" --specs=nano.specs -mfpu=fpv5-d16 -mfloat-abi=hard -mthumb -o "Core/Src/main.o"
../Core/Src/main.c: In function 'HAL_UART_RxCpltCallback':
../Core/Src/main.c:77:38: warning: pointer targets in passing argument 2 of 'HAL_UART_Receive_IT' differ in signedness [-Wpointer-sign]
   77 |         HAL_UART_Receive_IT(&huart3, &rx_buffer, 1);
      |                                      ^~~~~~~~~~
      |                                      |
      |                                      char *
In file included from ../Core/Inc/stm32f7xx_hal_conf.h:415,
                 from C:/Users/Admin/STM32Cube/Repository/STM32Cube_FW_F7_V1.17.2/Drivers/STM32F7xx_HAL_Driver/Inc/stm32f7xx_hal.h:29,
                 from ../Core/Inc/main.h:30,
                 from ../Core/Src/main.c:20:
C:/Users/Admin/STM32Cube/Repository/STM32Cube_FW_F7_V1.17.2/Drivers/STM32F7xx_HAL_Driver/Inc/stm32f7xx_hal_uart.h:1556:75: note: expected 'uint8_t *' {aka 'unsigned char *'} but argument is of type 'char *'
 1556 | HAL_StatusTypeDef HAL_UART_Receive_IT(UART_HandleTypeDef *huart, uint8_t *pData, uint16_t Size);
      |                                                                  ~~~~~~~~~^~~~~
../Core/Src/main.c:80:36: warning: pointer targets in passing argument 2 of 'HAL_UART_Transmit' differ in signedness [-Wpointer-sign]
   80 |         HAL_UART_Transmit(&huart3, &rx_buffer, 1, HAL_MAX_DELAY);
      |                                    ^~~~~~~~~~
      |                                    |
      |                                    char *
C:/Users/Admin/STM32Cube/Repository/STM32Cube_FW_F7_V1.17.2/Drivers/STM32F7xx_HAL_Driver/Inc/stm32f7xx_hal_uart.h:1553:79: note: expected 'const uint8_t *' {aka 'const unsigned char *'} but argument is of type 'char *'
 1553 | HAL_StatusTypeDef HAL_UART_Transmit(UART_HandleTypeDef *huart, const uint8_t *pData, uint16_t Size, uint32_t Timeout);
      |                                                                ~~~~~~~~~~~~~~~^~~~~
../Core/Src/main.c:84:13: error: 'myValue' undeclared (first use in this function)
   84 |             myValue += 0.2f;
      |             ^~~~~~~
../Core/Src/main.c:84:13: note: each undeclared identifier is reported only once for each function it appears in
../Core/Src/main.c: In function 'main':
../Core/Src/main.c:131:32: warning: passing argument 2 of 'HAL_UART_Receive_IT' makes pointer from integer without a cast [-Wint-conversion]
  131 |   HAL_UART_Receive_IT(&huart3, rx_buffer, sizeof(rx_buffer));
      |                                ^~~~~~~~~
      |                                |
      |                                char
C:/Users/Admin/STM32Cube/Repository/STM32Cube_FW_F7_V1.17.2/Drivers/STM32F7xx_HAL_Driver/Inc/stm32f7xx_hal_uart.h:1556:75: note: expected 'uint8_t *' {aka 'unsigned char *'} but argument is of type 'char'
 1556 | HAL_StatusTypeDef HAL_UART_Receive_IT(UART_HandleTypeDef *huart, uint8_t *pData, uint16_t Size);
      |                                                                  ~~~~~~~~~^~~~~
../Core/Src/main.c:134:42: warning: unknown conversion type character ',' in format [-Wformat=]
  134 |                   "Button (R, G, B) -> 0%, 20%, 40%, 60%, 80%, 100%\r\n"
      |                                          ^
../Core/Src/main.c:134:47: warning: unknown conversion type character ',' in format [-Wformat=]
  134 |                   "Button (R, G, B) -> 0%, 20%, 40%, 60%, 80%, 100%\r\n"
      |                                               ^
../Core/Src/main.c:134:52: warning: unknown conversion type character ',' in format [-Wformat=]
  134 |                   "Button (R, G, B) -> 0%, 20%, 40%, 60%, 80%, 100%\r\n"
      |                                                    ^
../Core/Src/main.c:134:57: warning: unknown conversion type character ',' in format [-Wformat=]
  134 |                   "Button (R, G, B) -> 0%, 20%, 40%, 60%, 80%, 100%\r\n"
      |                                                         ^
../Core/Src/main.c:134:62: warning: unknown conversion type character ',' in format [-Wformat=]
  134 |                   "Button (R, G, B) -> 0%, 20%, 40%, 60%, 80%, 100%\r\n"
      |                                                              ^
../Core/Src/main.c:134:68: warning: unknown conversion type character '\x0d' in format [-Wformat=]
  134 |                   "Button (R, G, B) -> 0%, 20%, 40%, 60%, 80%, 100%\r\n"
      |                                                                    ^~
make: *** [Core/Src/subdir.mk:34: Core/Src/main.o] Error 1
"make -j12 all" terminated with exit code 2. Build might be incomplete.
12:27:53 **** Incremental Build of configuration Debug for project lab7 ****
make -j12 all 
arm-none-eabi-gcc "../Core/Src/main.c" -mcpu=cortex-m7 -std=gnu11 -g3 -DDEBUG -DUSE_HAL_DRIVER -DSTM32F767xx -c -I../Core/Inc -IC:/Users/Admin/STM32Cube/Repository/STM32Cube_FW_F7_V1.17.2/Drivers/STM32F7xx_HAL_Driver/Inc -IC:/Users/Admin/STM32Cube/Repository/STM32Cube_FW_F7_V1.17.2/Drivers/STM32F7xx_HAL_Driver/Inc/Legacy -IC:/Users/Admin/STM32Cube/Repository/STM32Cube_FW_F7_V1.17.2/Drivers/CMSIS/Device/ST/STM32F7xx/Include -IC:/Users/Admin/STM32Cube/Repository/STM32Cube_FW_F7_V1.17.2/Drivers/CMSIS/Include -O0 -ffunction-sections -fdata-sections -Wall -fstack-usage -fcyclomatic-complexity -MMD -MP -MF"Core/Src/main.d" -MT"Core/Src/main.o" --specs=nano.specs -mfpu=fpv5-d16 -mfloat-abi=hard -mthumb -o "Core/Src/main.o"
../Core/Src/main.c: In function 'HAL_UART_RxCpltCallback':
../Core/Src/main.c:77:38: warning: pointer targets in passing argument 2 of 'HAL_UART_Receive_IT' differ in signedness [-Wpointer-sign]
   77 |         HAL_UART_Receive_IT(&huart3, &rx_buffer, 1);
      |                                      ^~~~~~~~~~
      |                                      |
      |                                      char *
In file included from ../Core/Inc/stm32f7xx_hal_conf.h:415,
                 from C:/Users/Admin/STM32Cube/Repository/STM32Cube_FW_F7_V1.17.2/Drivers/STM32F7xx_HAL_Driver/Inc/stm32f7xx_hal.h:29,
                 from ../Core/Inc/main.h:30,
                 from ../Core/Src/main.c:20:
C:/Users/Admin/STM32Cube/Repository/STM32Cube_FW_F7_V1.17.2/Drivers/STM32F7xx_HAL_Driver/Inc/stm32f7xx_hal_uart.h:1556:75: note: expected 'uint8_t *' {aka 'unsigned char *'} but argument is of type 'char *'
 1556 | HAL_StatusTypeDef HAL_UART_Receive_IT(UART_HandleTypeDef *huart, uint8_t *pData, uint16_t Size);
      |                                                                  ~~~~~~~~~^~~~~
../Core/Src/main.c:80:36: warning: pointer targets in passing argument 2 of 'HAL_UART_Transmit' differ in signedness [-Wpointer-sign]
   80 |         HAL_UART_Transmit(&huart3, &rx_buffer, 1, HAL_MAX_DELAY);
      |                                    ^~~~~~~~~~
      |                                    |
      |                                    char *
C:/Users/Admin/STM32Cube/Repository/STM32Cube_FW_F7_V1.17.2/Drivers/STM32F7xx_HAL_Driver/Inc/stm32f7xx_hal_uart.h:1553:79: note: expected 'const uint8_t *' {aka 'const unsigned char *'} but argument is of type 'char *'
 1553 | HAL_StatusTypeDef HAL_UART_Transmit(UART_HandleTypeDef *huart, const uint8_t *pData, uint16_t Size, uint32_t Timeout);
      |                                                                ~~~~~~~~~~~~~~~^~~~~
../Core/Src/main.c:84:13: error: 'myValue' undeclared (first use in this function)
   84 |             myValue += 0.2;
      |             ^~~~~~~
../Core/Src/main.c:84:13: note: each undeclared identifier is reported only once for each function it appears in
../Core/Src/main.c: In function 'main':
../Core/Src/main.c:131:32: warning: passing argument 2 of 'HAL_UART_Receive_IT' makes pointer from integer without a cast [-Wint-conversion]
  131 |   HAL_UART_Receive_IT(&huart3, rx_buffer, sizeof(rx_buffer));
      |                                ^~~~~~~~~
      |                                |
      |                                char
C:/Users/Admin/STM32Cube/Repository/STM32Cube_FW_F7_V1.17.2/Drivers/STM32F7xx_HAL_Driver/Inc/stm32f7xx_hal_uart.h:1556:75: note: expected 'uint8_t *' {aka 'unsigned char *'} but argument is of type 'char'
 1556 | HAL_StatusTypeDef HAL_UART_Receive_IT(UART_HandleTypeDef *huart, uint8_t *pData, uint16_t Size);
      |                                                                  ~~~~~~~~~^~~~~
../Core/Src/main.c:134:42: warning: unknown conversion type character ',' in format [-Wformat=]
  134 |                   "Button (R, G, B) -> 0%, 20%, 40%, 60%, 80%, 100%\r\n"
      |                                          ^
../Core/Src/main.c:134:47: warning: unknown conversion type character ',' in format [-Wformat=]
  134 |                   "Button (R, G, B) -> 0%, 20%, 40%, 60%, 80%, 100%\r\n"
      |                                               ^
../Core/Src/main.c:134:52: warning: unknown conversion type character ',' in format [-Wformat=]
  134 |                   "Button (R, G, B) -> 0%, 20%, 40%, 60%, 80%, 100%\r\n"
      |                                                    ^
../Core/Src/main.c:134:57: warning: unknown conversion type character ',' in format [-Wformat=]
  134 |                   "Button (R, G, B) -> 0%, 20%, 40%, 60%, 80%, 100%\r\n"
      |                                                         ^
../Core/Src/main.c:134:62: warning: unknown conversion type character ',' in format [-Wformat=]
  134 |                   "Button (R, G, B) -> 0%, 20%, 40%, 60%, 80%, 100%\r\n"
      |                                                              ^
../Core/Src/main.c:134:68: warning: unknown conversion type character '\x0d' in format [-Wformat=]
  134 |                   "Button (R, G, B) -> 0%, 20%, 40%, 60%, 80%, 100%\r\n"
      |                                                                    ^~
make: *** [Core/Src/subdir.mk:34: Core/Src/main.o] Error 1
"make -j12 all" terminated with exit code 2. Build might be incomplete.
12:28:10 **** Incremental Build of configuration Debug for project lab7 ****
make -j12 all 
arm-none-eabi-gcc "../Core/Src/main.c" -mcpu=cortex-m7 -std=gnu11 -g3 -DDEBUG -DUSE_HAL_DRIVER -DSTM32F767xx -c -I../Core/Inc -IC:/Users/Admin/STM32Cube/Repository/STM32Cube_FW_F7_V1.17.2/Drivers/STM32F7xx_HAL_Driver/Inc -IC:/Users/Admin/STM32Cube/Repository/STM32Cube_FW_F7_V1.17.2/Drivers/STM32F7xx_HAL_Driver/Inc/Legacy -IC:/Users/Admin/STM32Cube/Repository/STM32Cube_FW_F7_V1.17.2/Drivers/CMSIS/Device/ST/STM32F7xx/Include -IC:/Users/Admin/STM32Cube/Repository/STM32Cube_FW_F7_V1.17.2/Drivers/CMSIS/Include -O0 -ffunction-sections -fdata-sections -Wall -fstack-usage -fcyclomatic-complexity -MMD -MP -MF"Core/Src/main.d" -MT"Core/Src/main.o" --specs=nano.specs -mfpu=fpv5-d16 -mfloat-abi=hard -mthumb -o "Core/Src/main.o"
../Core/Src/main.c: In function 'HAL_UART_RxCpltCallback':
../Core/Src/main.c:77:38: warning: pointer targets in passing argument 2 of 'HAL_UART_Receive_IT' differ in signedness [-Wpointer-sign]
   77 |         HAL_UART_Receive_IT(&huart3, &rx_buffer, 1);
      |                                      ^~~~~~~~~~
      |                                      |
      |                                      char *
In file included from ../Core/Inc/stm32f7xx_hal_conf.h:415,
                 from C:/Users/Admin/STM32Cube/Repository/STM32Cube_FW_F7_V1.17.2/Drivers/STM32F7xx_HAL_Driver/Inc/stm32f7xx_hal.h:29,
                 from ../Core/Inc/main.h:30,
                 from ../Core/Src/main.c:20:
C:/Users/Admin/STM32Cube/Repository/STM32Cube_FW_F7_V1.17.2/Drivers/STM32F7xx_HAL_Driver/Inc/stm32f7xx_hal_uart.h:1556:75: note: expected 'uint8_t *' {aka 'unsigned char *'} but argument is of type 'char *'
 1556 | HAL_StatusTypeDef HAL_UART_Receive_IT(UART_HandleTypeDef *huart, uint8_t *pData, uint16_t Size);
      |                                                                  ~~~~~~~~~^~~~~
../Core/Src/main.c:80:36: warning: pointer targets in passing argument 2 of 'HAL_UART_Transmit' differ in signedness [-Wpointer-sign]
   80 |         HAL_UART_Transmit(&huart3, &rx_buffer, 1, HAL_MAX_DELAY);
      |                                    ^~~~~~~~~~
      |                                    |
      |                                    char *
C:/Users/Admin/STM32Cube/Repository/STM32Cube_FW_F7_V1.17.2/Drivers/STM32F7xx_HAL_Driver/Inc/stm32f7xx_hal_uart.h:1553:79: note: expected 'const uint8_t *' {aka 'const unsigned char *'} but argument is of type 'char *'
 1553 | HAL_StatusTypeDef HAL_UART_Transmit(UART_HandleTypeDef *huart, const uint8_t *pData, uint16_t Size, uint32_t Timeout);
      |                                                                ~~~~~~~~~~~~~~~^~~~~
../Core/Src/main.c:88:67: warning: format '%u' expects argument of type 'unsigned int', but argument 4 has type 'double' [-Wformat=]
   88 |             snprintf(tx_message, sizeof(tx_message), "\r\nValue: %u", dutyCycle);
      |                                                                  ~^   ~~~~~~~~~
      |                                                                   |   |
      |                                                                   |   double
      |                                                                   unsigned int
      |                                                                  %f
../Core/Src/main.c: In function 'main':
../Core/Src/main.c:131:32: warning: passing argument 2 of 'HAL_UART_Receive_IT' makes pointer from integer without a cast [-Wint-conversion]
  131 |   HAL_UART_Receive_IT(&huart3, rx_buffer, sizeof(rx_buffer));
      |                                ^~~~~~~~~
      |                                |
      |                                char
C:/Users/Admin/STM32Cube/Repository/STM32Cube_FW_F7_V1.17.2/Drivers/STM32F7xx_HAL_Driver/Inc/stm32f7xx_hal_uart.h:1556:75: note: expected 'uint8_t *' {aka 'unsigned char *'} but argument is of type 'char'
 1556 | HAL_StatusTypeDef HAL_UART_Receive_IT(UART_HandleTypeDef *huart, uint8_t *pData, uint16_t Size);
      |                                                                  ~~~~~~~~~^~~~~
../Core/Src/main.c:134:42: warning: unknown conversion type character ',' in format [-Wformat=]
  134 |                   "Button (R, G, B) -> 0%, 20%, 40%, 60%, 80%, 100%\r\n"
      |                                          ^
../Core/Src/main.c:134:47: warning: unknown conversion type character ',' in format [-Wformat=]
  134 |                   "Button (R, G, B) -> 0%, 20%, 40%, 60%, 80%, 100%\r\n"
      |                                               ^
../Core/Src/main.c:134:52: warning: unknown conversion type character ',' in format [-Wformat=]
  134 |                   "Button (R, G, B) -> 0%, 20%, 40%, 60%, 80%, 100%\r\n"
      |                                                    ^
../Core/Src/main.c:134:57: warning: unknown conversion type character ',' in format [-Wformat=]
  134 |                   "Button (R, G, B) -> 0%, 20%, 40%, 60%, 80%, 100%\r\n"
      |                                                         ^
../Core/Src/main.c:134:62: warning: unknown conversion type character ',' in format [-Wformat=]
  134 |                   "Button (R, G, B) -> 0%, 20%, 40%, 60%, 80%, 100%\r\n"
      |                                                              ^
../Core/Src/main.c:134:68: warning: unknown conversion type character '\x0d' in format [-Wformat=]
  134 |                   "Button (R, G, B) -> 0%, 20%, 40%, 60%, 80%, 100%\r\n"
      |                                                                    ^~
arm-none-eabi-gcc -o "lab7.elf" @"objects.list"   -mcpu=cortex-m7 -T"D:\STM32\Lab7\lab7\STM32F767ZITX_FLASH.ld" --specs=nosys.specs -Wl,-Map="lab7.map" -Wl,--gc-sections -static --specs=nano.specs -mfpu=fpv5-d16 -mfloat-abi=hard -mthumb -Wl,--start-group -lc -lm -Wl,--end-group
Finished building target: lab7.elf
 
arm-none-eabi-size  lab7.elf 
arm-none-eabi-objdump -h -S lab7.elf  > "lab7.list"
   text	   data	    bss	    dec	    hex	filename
  21188	     96	   2224	  23508	   5bd4	lab7.elf
Finished building: default.size.stdout
 
Finished building: lab7.list
 
12:28:12 **** Incremental Build of configuration Debug for project lab7 ****
make -j12 all 
arm-none-eabi-size  lab7.elf 
   text	   data	    bss	    dec	    hex	filename
  21188	     96	   2224	  23508	   5bd4	lab7.elf
Finished building: default.size.stdout
 
12:28:39 **** Incremental Build of configuration Debug for project lab7 ****
make -j12 all 
arm-none-eabi-size  lab7.elf 
   text	   data	    bss	    dec	    hex	filename
  21188	     96	   2224	  23508	   5bd4	lab7.elf
Finished building: default.size.stdout
 
12:29:30 **** Incremental Build of configuration Debug for project lab7 ****
make -j12 all 
arm-none-eabi-gcc "../Core/Src/main.c" -mcpu=cortex-m7 -std=gnu11 -g3 -DDEBUG -DUSE_HAL_DRIVER -DSTM32F767xx -c -I../Core/Inc -IC:/Users/Admin/STM32Cube/Repository/STM32Cube_FW_F7_V1.17.2/Drivers/STM32F7xx_HAL_Driver/Inc -IC:/Users/Admin/STM32Cube/Repository/STM32Cube_FW_F7_V1.17.2/Drivers/STM32F7xx_HAL_Driver/Inc/Legacy -IC:/Users/Admin/STM32Cube/Repository/STM32Cube_FW_F7_V1.17.2/Drivers/CMSIS/Device/ST/STM32F7xx/Include -IC:/Users/Admin/STM32Cube/Repository/STM32Cube_FW_F7_V1.17.2/Drivers/CMSIS/Include -O0 -ffunction-sections -fdata-sections -Wall -fstack-usage -fcyclomatic-complexity -MMD -MP -MF"Core/Src/main.d" -MT"Core/Src/main.o" --specs=nano.specs -mfpu=fpv5-d16 -mfloat-abi=hard -mthumb -o "Core/Src/main.o"
../Core/Src/main.c: In function 'HAL_UART_RxCpltCallback':
../Core/Src/main.c:77:38: warning: pointer targets in passing argument 2 of 'HAL_UART_Receive_IT' differ in signedness [-Wpointer-sign]
   77 |         HAL_UART_Receive_IT(&huart3, &rx_buffer, 1);
      |                                      ^~~~~~~~~~
      |                                      |
      |                                      char *
In file included from ../Core/Inc/stm32f7xx_hal_conf.h:415,
                 from C:/Users/Admin/STM32Cube/Repository/STM32Cube_FW_F7_V1.17.2/Drivers/STM32F7xx_HAL_Driver/Inc/stm32f7xx_hal.h:29,
                 from ../Core/Inc/main.h:30,
                 from ../Core/Src/main.c:20:
C:/Users/Admin/STM32Cube/Repository/STM32Cube_FW_F7_V1.17.2/Drivers/STM32F7xx_HAL_Driver/Inc/stm32f7xx_hal_uart.h:1556:75: note: expected 'uint8_t *' {aka 'unsigned char *'} but argument is of type 'char *'
 1556 | HAL_StatusTypeDef HAL_UART_Receive_IT(UART_HandleTypeDef *huart, uint8_t *pData, uint16_t Size);
      |                                                                  ~~~~~~~~~^~~~~
../Core/Src/main.c:80:36: warning: pointer targets in passing argument 2 of 'HAL_UART_Transmit' differ in signedness [-Wpointer-sign]
   80 |         HAL_UART_Transmit(&huart3, &rx_buffer, 1, HAL_MAX_DELAY);
      |                                    ^~~~~~~~~~
      |                                    |
      |                                    char *
C:/Users/Admin/STM32Cube/Repository/STM32Cube_FW_F7_V1.17.2/Drivers/STM32F7xx_HAL_Driver/Inc/stm32f7xx_hal_uart.h:1553:79: note: expected 'const uint8_t *' {aka 'const unsigned char *'} but argument is of type 'char *'
 1553 | HAL_StatusTypeDef HAL_UART_Transmit(UART_HandleTypeDef *huart, const uint8_t *pData, uint16_t Size, uint32_t Timeout);
      |                                                                ~~~~~~~~~~~~~~~^~~~~
../Core/Src/main.c:88:67: warning: format '%u' expects argument of type 'unsigned int', but argument 4 has type 'double' [-Wformat=]
   88 |             snprintf(tx_message, sizeof(tx_message), "\r\nValue: %u", dutyCycle);
      |                                                                  ~^   ~~~~~~~~~
      |                                                                   |   |
      |                                                                   |   double
      |                                                                   unsigned int
      |                                                                  %f
../Core/Src/main.c: In function 'main':
../Core/Src/main.c:131:32: warning: pointer targets in passing argument 2 of 'HAL_UART_Receive_IT' differ in signedness [-Wpointer-sign]
  131 |   HAL_UART_Receive_IT(&huart3, &rx_buffer, sizeof(rx_buffer));
      |                                ^~~~~~~~~~
      |                                |
      |                                char *
C:/Users/Admin/STM32Cube/Repository/STM32Cube_FW_F7_V1.17.2/Drivers/STM32F7xx_HAL_Driver/Inc/stm32f7xx_hal_uart.h:1556:75: note: expected 'uint8_t *' {aka 'unsigned char *'} but argument is of type 'char *'
 1556 | HAL_StatusTypeDef HAL_UART_Receive_IT(UART_HandleTypeDef *huart, uint8_t *pData, uint16_t Size);
      |                                                                  ~~~~~~~~~^~~~~
arm-none-eabi-gcc -o "lab7.elf" @"objects.list"   -mcpu=cortex-m7 -T"D:\STM32\Lab7\lab7\STM32F767ZITX_FLASH.ld" --specs=nosys.specs -Wl,-Map="lab7.map" -Wl,--gc-sections -static --specs=nano.specs -mfpu=fpv5-d16 -mfloat-abi=hard -mthumb -Wl,--start-group -lc -lm -Wl,--end-group
Finished building target: lab7.elf
 
arm-none-eabi-size  lab7.elf 
arm-none-eabi-objdump -h -S lab7.elf  > "lab7.list"
   text	   data	    bss	    dec	    hex	filename
  19660	     96	   2216	  21972	   55d4	lab7.elf
Finished building: default.size.stdout
 
Finished building: lab7.list
 
12:29:32 **** Incremental Build of configuration Debug for project lab7 ****
make -j12 all 
arm-none-eabi-size  lab7.elf 
   text	   data	    bss	    dec	    hex	filename
  19660	     96	   2216	  21972	   55d4	lab7.elf
Finished building: default.size.stdout
 
12:30:02 **** Incremental Build of configuration Debug for project lab7 ****
make -j12 all 
arm-none-eabi-gcc "../Core/Src/main.c" -mcpu=cortex-m7 -std=gnu11 -g3 -DDEBUG -DUSE_HAL_DRIVER -DSTM32F767xx -c -I../Core/Inc -IC:/Users/Admin/STM32Cube/Repository/STM32Cube_FW_F7_V1.17.2/Drivers/STM32F7xx_HAL_Driver/Inc -IC:/Users/Admin/STM32Cube/Repository/STM32Cube_FW_F7_V1.17.2/Drivers/STM32F7xx_HAL_Driver/Inc/Legacy -IC:/Users/Admin/STM32Cube/Repository/STM32Cube_FW_F7_V1.17.2/Drivers/CMSIS/Device/ST/STM32F7xx/Include -IC:/Users/Admin/STM32Cube/Repository/STM32Cube_FW_F7_V1.17.2/Drivers/CMSIS/Include -O0 -ffunction-sections -fdata-sections -Wall -fstack-usage -fcyclomatic-complexity -MMD -MP -MF"Core/Src/main.d" -MT"Core/Src/main.o" --specs=nano.specs -mfpu=fpv5-d16 -mfloat-abi=hard -mthumb -o "Core/Src/main.o"
../Core/Src/main.c: In function 'HAL_UART_RxCpltCallback':
../Core/Src/main.c:88:67: warning: format '%u' expects argument of type 'unsigned int', but argument 4 has type 'double' [-Wformat=]
   88 |             snprintf(tx_message, sizeof(tx_message), "\r\nValue: %u", dutyCycle);
      |                                                                  ~^   ~~~~~~~~~
      |                                                                   |   |
      |                                                                   |   double
      |                                                                   unsigned int
      |                                                                  %f
arm-none-eabi-gcc -o "lab7.elf" @"objects.list"   -mcpu=cortex-m7 -T"D:\STM32\Lab7\lab7\STM32F767ZITX_FLASH.ld" --specs=nosys.specs -Wl,-Map="lab7.map" -Wl,--gc-sections -static --specs=nano.specs -mfpu=fpv5-d16 -mfloat-abi=hard -mthumb -Wl,--start-group -lc -lm -Wl,--end-group
Finished building target: lab7.elf
 
arm-none-eabi-size  lab7.elf 
arm-none-eabi-objdump -h -S lab7.elf  > "lab7.list"
   text	   data	    bss	    dec	    hex	filename
  19660	     96	   2216	  21972	   55d4	lab7.elf
Finished building: default.size.stdout
 
Finished building: lab7.list
 
12:30:05 **** Incremental Build of configuration Debug for project lab7 ****
make -j12 all 
arm-none-eabi-size  lab7.elf 
   text	   data	    bss	    dec	    hex	filename
  19660	     96	   2216	  21972	   55d4	lab7.elf
Finished building: default.size.stdout
 
12:30:55 **** Incremental Build of configuration Debug for project lab7 ****
make -j12 all 
arm-none-eabi-size  lab7.elf 
   text	   data	    bss	    dec	    hex	filename
  19660	     96	   2216	  21972	   55d4	lab7.elf
Finished building: default.size.stdout
 
12:31:27 **** Incremental Build of configuration Debug for project lab7 ****
make -j12 all 
arm-none-eabi-gcc "../Core/Src/main.c" -mcpu=cortex-m7 -std=gnu11 -g3 -DDEBUG -DUSE_HAL_DRIVER -DSTM32F767xx -c -I../Core/Inc -IC:/Users/Admin/STM32Cube/Repository/STM32Cube_FW_F7_V1.17.2/Drivers/STM32F7xx_HAL_Driver/Inc -IC:/Users/Admin/STM32Cube/Repository/STM32Cube_FW_F7_V1.17.2/Drivers/STM32F7xx_HAL_Driver/Inc/Legacy -IC:/Users/Admin/STM32Cube/Repository/STM32Cube_FW_F7_V1.17.2/Drivers/CMSIS/Device/ST/STM32F7xx/Include -IC:/Users/Admin/STM32Cube/Repository/STM32Cube_FW_F7_V1.17.2/Drivers/CMSIS/Include -O0 -ffunction-sections -fdata-sections -Wall -fstack-usage -fcyclomatic-complexity -MMD -MP -MF"Core/Src/main.d" -MT"Core/Src/main.o" --specs=nano.specs -mfpu=fpv5-d16 -mfloat-abi=hard -mthumb -o "Core/Src/main.o"
../Core/Src/main.c: In function 'HAL_UART_RxCpltCallback':
../Core/Src/main.c:88:67: warning: format '%u' expects argument of type 'unsigned int', but argument 4 has type 'double' [-Wformat=]
   88 |             snprintf(tx_message, sizeof(tx_message), "\r\nValue: %u", dutyCycle);
      |                                                                  ~^   ~~~~~~~~~
      |                                                                   |   |
      |                                                                   |   double
      |                                                                   unsigned int
      |                                                                  %f
arm-none-eabi-gcc -o "lab7.elf" @"objects.list"   -mcpu=cortex-m7 -T"D:\STM32\Lab7\lab7\STM32F767ZITX_FLASH.ld" --specs=nosys.specs -Wl,-Map="lab7.map" -Wl,--gc-sections -static --specs=nano.specs -mfpu=fpv5-d16 -mfloat-abi=hard -mthumb -Wl,--start-group -lc -lm -Wl,--end-group
Finished building target: lab7.elf
 
arm-none-eabi-size  lab7.elf 
arm-none-eabi-objdump -h -S lab7.elf  > "lab7.list"
   text	   data	    bss	    dec	    hex	filename
  19660	     96	   2216	  21972	   55d4	lab7.elf
Finished building: default.size.stdout
 
Finished building: lab7.list
 
12:31:52 **** Incremental Build of configuration Debug for project lab7 ****
make -j12 all 
arm-none-eabi-size  lab7.elf 
   text	   data	    bss	    dec	    hex	filename
  19660	     96	   2216	  21972	   55d4	lab7.elf
Finished building: default.size.stdout
 
12:32:42 **** Incremental Build of configuration Debug for project lab7 ****
make -j12 all 
arm-none-eabi-size  lab7.elf 
   text	   data	    bss	    dec	    hex	filename
  19660	     96	   2216	  21972	   55d4	lab7.elf
Finished building: default.size.stdout
 
12:34:50 **** Incremental Build of configuration Debug for project lab7 ****
make -j12 all 
arm-none-eabi-gcc "C:/Users/Admin/STM32Cube/Repository/STM32Cube_FW_F7_V1.17.2/Drivers/STM32F7xx_HAL_Driver/Src/stm32f7xx_hal.c" -mcpu=cortex-m7 -std=gnu11 -g3 -DDEBUG -DUSE_HAL_DRIVER -DSTM32F767xx -c -I../Core/Inc -IC:/Users/Admin/STM32Cube/Repository/STM32Cube_FW_F7_V1.17.2/Drivers/STM32F7xx_HAL_Driver/Inc -IC:/Users/Admin/STM32Cube/Repository/STM32Cube_FW_F7_V1.17.2/Drivers/STM32F7xx_HAL_Driver/Inc/Legacy -IC:/Users/Admin/STM32Cube/Repository/STM32Cube_FW_F7_V1.17.2/Drivers/CMSIS/Device/ST/STM32F7xx/Include -IC:/Users/Admin/STM32Cube/Repository/STM32Cube_FW_F7_V1.17.2/Drivers/CMSIS/Include -O0 -ffunction-sections -fdata-sections -Wall -fstack-usage -fcyclomatic-complexity -MMD -MP -MF"Drivers/STM32F7xx_HAL_Driver/stm32f7xx_hal.d" -MT"Drivers/STM32F7xx_HAL_Driver/stm32f7xx_hal.o" --specs=nano.specs -mfpu=fpv5-d16 -mfloat-abi=hard -mthumb -o "Drivers/STM32F7xx_HAL_Driver/stm32f7xx_hal.o"
arm-none-eabi-gcc "C:/Users/Admin/STM32Cube/Repository/STM32Cube_FW_F7_V1.17.2/Drivers/STM32F7xx_HAL_Driver/Src/stm32f7xx_hal_cortex.c" -mcpu=cortex-m7 -std=gnu11 -g3 -DDEBUG -DUSE_HAL_DRIVER -DSTM32F767xx -c -I../Core/Inc -IC:/Users/Admin/STM32Cube/Repository/STM32Cube_FW_F7_V1.17.2/Drivers/STM32F7xx_HAL_Driver/Inc -IC:/Users/Admin/STM32Cube/Repository/STM32Cube_FW_F7_V1.17.2/Drivers/STM32F7xx_HAL_Driver/Inc/Legacy -IC:/Users/Admin/STM32Cube/Repository/STM32Cube_FW_F7_V1.17.2/Drivers/CMSIS/Device/ST/STM32F7xx/Include -IC:/Users/Admin/STM32Cube/Repository/STM32Cube_FW_F7_V1.17.2/Drivers/CMSIS/Include -O0 -ffunction-sections -fdata-sections -Wall -fstack-usage -fcyclomatic-complexity -MMD -MP -MF"Drivers/STM32F7xx_HAL_Driver/stm32f7xx_hal_cortex.d" -MT"Drivers/STM32F7xx_HAL_Driver/stm32f7xx_hal_cortex.o" --specs=nano.specs -mfpu=fpv5-d16 -mfloat-abi=hard -mthumb -o "Drivers/STM32F7xx_HAL_Driver/stm32f7xx_hal_cortex.o"
arm-none-eabi-gcc "C:/Users/Admin/STM32Cube/Repository/STM32Cube_FW_F7_V1.17.2/Drivers/STM32F7xx_HAL_Driver/Src/stm32f7xx_hal_dma.c" -mcpu=cortex-m7 -std=gnu11 -g3 -DDEBUG -DUSE_HAL_DRIVER -DSTM32F767xx -c -I../Core/Inc -IC:/Users/Admin/STM32Cube/Repository/STM32Cube_FW_F7_V1.17.2/Drivers/STM32F7xx_HAL_Driver/Inc -IC:/Users/Admin/STM32Cube/Repository/STM32Cube_FW_F7_V1.17.2/Drivers/STM32F7xx_HAL_Driver/Inc/Legacy -IC:/Users/Admin/STM32Cube/Repository/STM32Cube_FW_F7_V1.17.2/Drivers/CMSIS/Device/ST/STM32F7xx/Include -IC:/Users/Admin/STM32Cube/Repository/STM32Cube_FW_F7_V1.17.2/Drivers/CMSIS/Include -O0 -ffunction-sections -fdata-sections -Wall -fstack-usage -fcyclomatic-complexity -MMD -MP -MF"Drivers/STM32F7xx_HAL_Driver/stm32f7xx_hal_dma.d" -MT"Drivers/STM32F7xx_HAL_Driver/stm32f7xx_hal_dma.o" --specs=nano.specs -mfpu=fpv5-d16 -mfloat-abi=hard -mthumb -o "Drivers/STM32F7xx_HAL_Driver/stm32f7xx_hal_dma.o"
arm-none-eabi-gcc "C:/Users/Admin/STM32Cube/Repository/STM32Cube_FW_F7_V1.17.2/Drivers/STM32F7xx_HAL_Driver/Src/stm32f7xx_hal_dma_ex.c" -mcpu=cortex-m7 -std=gnu11 -g3 -DDEBUG -DUSE_HAL_DRIVER -DSTM32F767xx -c -I../Core/Inc -IC:/Users/Admin/STM32Cube/Repository/STM32Cube_FW_F7_V1.17.2/Drivers/STM32F7xx_HAL_Driver/Inc -IC:/Users/Admin/STM32Cube/Repository/STM32Cube_FW_F7_V1.17.2/Drivers/STM32F7xx_HAL_Driver/Inc/Legacy -IC:/Users/Admin/STM32Cube/Repository/STM32Cube_FW_F7_V1.17.2/Drivers/CMSIS/Device/ST/STM32F7xx/Include -IC:/Users/Admin/STM32Cube/Repository/STM32Cube_FW_F7_V1.17.2/Drivers/CMSIS/Include -O0 -ffunction-sections -fdata-sections -Wall -fstack-usage -fcyclomatic-complexity -MMD -MP -MF"Drivers/STM32F7xx_HAL_Driver/stm32f7xx_hal_dma_ex.d" -MT"Drivers/STM32F7xx_HAL_Driver/stm32f7xx_hal_dma_ex.o" --specs=nano.specs -mfpu=fpv5-d16 -mfloat-abi=hard -mthumb -o "Drivers/STM32F7xx_HAL_Driver/stm32f7xx_hal_dma_ex.o"
arm-none-eabi-gcc "C:/Users/Admin/STM32Cube/Repository/STM32Cube_FW_F7_V1.17.2/Drivers/STM32F7xx_HAL_Driver/Src/stm32f7xx_hal_exti.c" -mcpu=cortex-m7 -std=gnu11 -g3 -DDEBUG -DUSE_HAL_DRIVER -DSTM32F767xx -c -I../Core/Inc -IC:/Users/Admin/STM32Cube/Repository/STM32Cube_FW_F7_V1.17.2/Drivers/STM32F7xx_HAL_Driver/Inc -IC:/Users/Admin/STM32Cube/Repository/STM32Cube_FW_F7_V1.17.2/Drivers/STM32F7xx_HAL_Driver/Inc/Legacy -IC:/Users/Admin/STM32Cube/Repository/STM32Cube_FW_F7_V1.17.2/Drivers/CMSIS/Device/ST/STM32F7xx/Include -IC:/Users/Admin/STM32Cube/Repository/STM32Cube_FW_F7_V1.17.2/Drivers/CMSIS/Include -O0 -ffunction-sections -fdata-sections -Wall -fstack-usage -fcyclomatic-complexity -MMD -MP -MF"Drivers/STM32F7xx_HAL_Driver/stm32f7xx_hal_exti.d" -MT"Drivers/STM32F7xx_HAL_Driver/stm32f7xx_hal_exti.o" --specs=nano.specs -mfpu=fpv5-d16 -mfloat-abi=hard -mthumb -o "Drivers/STM32F7xx_HAL_Driver/stm32f7xx_hal_exti.o"
arm-none-eabi-gcc "C:/Users/Admin/STM32Cube/Repository/STM32Cube_FW_F7_V1.17.2/Drivers/STM32F7xx_HAL_Driver/Src/stm32f7xx_hal_flash.c" -mcpu=cortex-m7 -std=gnu11 -g3 -DDEBUG -DUSE_HAL_DRIVER -DSTM32F767xx -c -I../Core/Inc -IC:/Users/Admin/STM32Cube/Repository/STM32Cube_FW_F7_V1.17.2/Drivers/STM32F7xx_HAL_Driver/Inc -IC:/Users/Admin/STM32Cube/Repository/STM32Cube_FW_F7_V1.17.2/Drivers/STM32F7xx_HAL_Driver/Inc/Legacy -IC:/Users/Admin/STM32Cube/Repository/STM32Cube_FW_F7_V1.17.2/Drivers/CMSIS/Device/ST/STM32F7xx/Include -IC:/Users/Admin/STM32Cube/Repository/STM32Cube_FW_F7_V1.17.2/Drivers/CMSIS/Include -O0 -ffunction-sections -fdata-sections -Wall -fstack-usage -fcyclomatic-complexity -MMD -MP -MF"Drivers/STM32F7xx_HAL_Driver/stm32f7xx_hal_flash.d" -MT"Drivers/STM32F7xx_HAL_Driver/stm32f7xx_hal_flash.o" --specs=nano.specs -mfpu=fpv5-d16 -mfloat-abi=hard -mthumb -o "Drivers/STM32F7xx_HAL_Driver/stm32f7xx_hal_flash.o"
arm-none-eabi-gcc "C:/Users/Admin/STM32Cube/Repository/STM32Cube_FW_F7_V1.17.2/Drivers/STM32F7xx_HAL_Driver/Src/stm32f7xx_hal_flash_ex.c" -mcpu=cortex-m7 -std=gnu11 -g3 -DDEBUG -DUSE_HAL_DRIVER -DSTM32F767xx -c -I../Core/Inc -IC:/Users/Admin/STM32Cube/Repository/STM32Cube_FW_F7_V1.17.2/Drivers/STM32F7xx_HAL_Driver/Inc -IC:/Users/Admin/STM32Cube/Repository/STM32Cube_FW_F7_V1.17.2/Drivers/STM32F7xx_HAL_Driver/Inc/Legacy -IC:/Users/Admin/STM32Cube/Repository/STM32Cube_FW_F7_V1.17.2/Drivers/CMSIS/Device/ST/STM32F7xx/Include -IC:/Users/Admin/STM32Cube/Repository/STM32Cube_FW_F7_V1.17.2/Drivers/CMSIS/Include -O0 -ffunction-sections -fdata-sections -Wall -fstack-usage -fcyclomatic-complexity -MMD -MP -MF"Drivers/STM32F7xx_HAL_Driver/stm32f7xx_hal_flash_ex.d" -MT"Drivers/STM32F7xx_HAL_Driver/stm32f7xx_hal_flash_ex.o" --specs=nano.specs -mfpu=fpv5-d16 -mfloat-abi=hard -mthumb -o "Drivers/STM32F7xx_HAL_Driver/stm32f7xx_hal_flash_ex.o"
arm-none-eabi-gcc "C:/Users/Admin/STM32Cube/Repository/STM32Cube_FW_F7_V1.17.2/Drivers/STM32F7xx_HAL_Driver/Src/stm32f7xx_hal_gpio.c" -mcpu=cortex-m7 -std=gnu11 -g3 -DDEBUG -DUSE_HAL_DRIVER -DSTM32F767xx -c -I../Core/Inc -IC:/Users/Admin/STM32Cube/Repository/STM32Cube_FW_F7_V1.17.2/Drivers/STM32F7xx_HAL_Driver/Inc -IC:/Users/Admin/STM32Cube/Repository/STM32Cube_FW_F7_V1.17.2/Drivers/STM32F7xx_HAL_Driver/Inc/Legacy -IC:/Users/Admin/STM32Cube/Repository/STM32Cube_FW_F7_V1.17.2/Drivers/CMSIS/Device/ST/STM32F7xx/Include -IC:/Users/Admin/STM32Cube/Repository/STM32Cube_FW_F7_V1.17.2/Drivers/CMSIS/Include -O0 -ffunction-sections -fdata-sections -Wall -fstack-usage -fcyclomatic-complexity -MMD -MP -MF"Drivers/STM32F7xx_HAL_Driver/stm32f7xx_hal_gpio.d" -MT"Drivers/STM32F7xx_HAL_Driver/stm32f7xx_hal_gpio.o" --specs=nano.specs -mfpu=fpv5-d16 -mfloat-abi=hard -mthumb -o "Drivers/STM32F7xx_HAL_Driver/stm32f7xx_hal_gpio.o"
arm-none-eabi-gcc "C:/Users/Admin/STM32Cube/Repository/STM32Cube_FW_F7_V1.17.2/Drivers/STM32F7xx_HAL_Driver/Src/stm32f7xx_hal_i2c.c" -mcpu=cortex-m7 -std=gnu11 -g3 -DDEBUG -DUSE_HAL_DRIVER -DSTM32F767xx -c -I../Core/Inc -IC:/Users/Admin/STM32Cube/Repository/STM32Cube_FW_F7_V1.17.2/Drivers/STM32F7xx_HAL_Driver/Inc -IC:/Users/Admin/STM32Cube/Repository/STM32Cube_FW_F7_V1.17.2/Drivers/STM32F7xx_HAL_Driver/Inc/Legacy -IC:/Users/Admin/STM32Cube/Repository/STM32Cube_FW_F7_V1.17.2/Drivers/CMSIS/Device/ST/STM32F7xx/Include -IC:/Users/Admin/STM32Cube/Repository/STM32Cube_FW_F7_V1.17.2/Drivers/CMSIS/Include -O0 -ffunction-sections -fdata-sections -Wall -fstack-usage -fcyclomatic-complexity -MMD -MP -MF"Drivers/STM32F7xx_HAL_Driver/stm32f7xx_hal_i2c.d" -MT"Drivers/STM32F7xx_HAL_Driver/stm32f7xx_hal_i2c.o" --specs=nano.specs -mfpu=fpv5-d16 -mfloat-abi=hard -mthumb -o "Drivers/STM32F7xx_HAL_Driver/stm32f7xx_hal_i2c.o"
arm-none-eabi-gcc "C:/Users/Admin/STM32Cube/Repository/STM32Cube_FW_F7_V1.17.2/Drivers/STM32F7xx_HAL_Driver/Src/stm32f7xx_hal_i2c_ex.c" -mcpu=cortex-m7 -std=gnu11 -g3 -DDEBUG -DUSE_HAL_DRIVER -DSTM32F767xx -c -I../Core/Inc -IC:/Users/Admin/STM32Cube/Repository/STM32Cube_FW_F7_V1.17.2/Drivers/STM32F7xx_HAL_Driver/Inc -IC:/Users/Admin/STM32Cube/Repository/STM32Cube_FW_F7_V1.17.2/Drivers/STM32F7xx_HAL_Driver/Inc/Legacy -IC:/Users/Admin/STM32Cube/Repository/STM32Cube_FW_F7_V1.17.2/Drivers/CMSIS/Device/ST/STM32F7xx/Include -IC:/Users/Admin/STM32Cube/Repository/STM32Cube_FW_F7_V1.17.2/Drivers/CMSIS/Include -O0 -ffunction-sections -fdata-sections -Wall -fstack-usage -fcyclomatic-complexity -MMD -MP -MF"Drivers/STM32F7xx_HAL_Driver/stm32f7xx_hal_i2c_ex.d" -MT"Drivers/STM32F7xx_HAL_Driver/stm32f7xx_hal_i2c_ex.o" --specs=nano.specs -mfpu=fpv5-d16 -mfloat-abi=hard -mthumb -o "Drivers/STM32F7xx_HAL_Driver/stm32f7xx_hal_i2c_ex.o"
arm-none-eabi-gcc "C:/Users/Admin/STM32Cube/Repository/STM32Cube_FW_F7_V1.17.2/Drivers/STM32F7xx_HAL_Driver/Src/stm32f7xx_hal_pwr.c" -mcpu=cortex-m7 -std=gnu11 -g3 -DDEBUG -DUSE_HAL_DRIVER -DSTM32F767xx -c -I../Core/Inc -IC:/Users/Admin/STM32Cube/Repository/STM32Cube_FW_F7_V1.17.2/Drivers/STM32F7xx_HAL_Driver/Inc -IC:/Users/Admin/STM32Cube/Repository/STM32Cube_FW_F7_V1.17.2/Drivers/STM32F7xx_HAL_Driver/Inc/Legacy -IC:/Users/Admin/STM32Cube/Repository/STM32Cube_FW_F7_V1.17.2/Drivers/CMSIS/Device/ST/STM32F7xx/Include -IC:/Users/Admin/STM32Cube/Repository/STM32Cube_FW_F7_V1.17.2/Drivers/CMSIS/Include -O0 -ffunction-sections -fdata-sections -Wall -fstack-usage -fcyclomatic-complexity -MMD -MP -MF"Drivers/STM32F7xx_HAL_Driver/stm32f7xx_hal_pwr.d" -MT"Drivers/STM32F7xx_HAL_Driver/stm32f7xx_hal_pwr.o" --specs=nano.specs -mfpu=fpv5-d16 -mfloat-abi=hard -mthumb -o "Drivers/STM32F7xx_HAL_Driver/stm32f7xx_hal_pwr.o"
arm-none-eabi-gcc "C:/Users/Admin/STM32Cube/Repository/STM32Cube_FW_F7_V1.17.2/Drivers/STM32F7xx_HAL_Driver/Src/stm32f7xx_hal_pwr_ex.c" -mcpu=cortex-m7 -std=gnu11 -g3 -DDEBUG -DUSE_HAL_DRIVER -DSTM32F767xx -c -I../Core/Inc -IC:/Users/Admin/STM32Cube/Repository/STM32Cube_FW_F7_V1.17.2/Drivers/STM32F7xx_HAL_Driver/Inc -IC:/Users/Admin/STM32Cube/Repository/STM32Cube_FW_F7_V1.17.2/Drivers/STM32F7xx_HAL_Driver/Inc/Legacy -IC:/Users/Admin/STM32Cube/Repository/STM32Cube_FW_F7_V1.17.2/Drivers/CMSIS/Device/ST/STM32F7xx/Include -IC:/Users/Admin/STM32Cube/Repository/STM32Cube_FW_F7_V1.17.2/Drivers/CMSIS/Include -O0 -ffunction-sections -fdata-sections -Wall -fstack-usage -fcyclomatic-complexity -MMD -MP -MF"Drivers/STM32F7xx_HAL_Driver/stm32f7xx_hal_pwr_ex.d" -MT"Drivers/STM32F7xx_HAL_Driver/stm32f7xx_hal_pwr_ex.o" --specs=nano.specs -mfpu=fpv5-d16 -mfloat-abi=hard -mthumb -o "Drivers/STM32F7xx_HAL_Driver/stm32f7xx_hal_pwr_ex.o"
arm-none-eabi-gcc "C:/Users/Admin/STM32Cube/Repository/STM32Cube_FW_F7_V1.17.2/Drivers/STM32F7xx_HAL_Driver/Src/stm32f7xx_hal_rcc.c" -mcpu=cortex-m7 -std=gnu11 -g3 -DDEBUG -DUSE_HAL_DRIVER -DSTM32F767xx -c -I../Core/Inc -IC:/Users/Admin/STM32Cube/Repository/STM32Cube_FW_F7_V1.17.2/Drivers/STM32F7xx_HAL_Driver/Inc -IC:/Users/Admin/STM32Cube/Repository/STM32Cube_FW_F7_V1.17.2/Drivers/STM32F7xx_HAL_Driver/Inc/Legacy -IC:/Users/Admin/STM32Cube/Repository/STM32Cube_FW_F7_V1.17.2/Drivers/CMSIS/Device/ST/STM32F7xx/Include -IC:/Users/Admin/STM32Cube/Repository/STM32Cube_FW_F7_V1.17.2/Drivers/CMSIS/Include -O0 -ffunction-sections -fdata-sections -Wall -fstack-usage -fcyclomatic-complexity -MMD -MP -MF"Drivers/STM32F7xx_HAL_Driver/stm32f7xx_hal_rcc.d" -MT"Drivers/STM32F7xx_HAL_Driver/stm32f7xx_hal_rcc.o" --specs=nano.specs -mfpu=fpv5-d16 -mfloat-abi=hard -mthumb -o "Drivers/STM32F7xx_HAL_Driver/stm32f7xx_hal_rcc.o"
arm-none-eabi-gcc "C:/Users/Admin/STM32Cube/Repository/STM32Cube_FW_F7_V1.17.2/Drivers/STM32F7xx_HAL_Driver/Src/stm32f7xx_hal_rcc_ex.c" -mcpu=cortex-m7 -std=gnu11 -g3 -DDEBUG -DUSE_HAL_DRIVER -DSTM32F767xx -c -I../Core/Inc -IC:/Users/Admin/STM32Cube/Repository/STM32Cube_FW_F7_V1.17.2/Drivers/STM32F7xx_HAL_Driver/Inc -IC:/Users/Admin/STM32Cube/Repository/STM32Cube_FW_F7_V1.17.2/Drivers/STM32F7xx_HAL_Driver/Inc/Legacy -IC:/Users/Admin/STM32Cube/Repository/STM32Cube_FW_F7_V1.17.2/Drivers/CMSIS/Device/ST/STM32F7xx/Include -IC:/Users/Admin/STM32Cube/Repository/STM32Cube_FW_F7_V1.17.2/Drivers/CMSIS/Include -O0 -ffunction-sections -fdata-sections -Wall -fstack-usage -fcyclomatic-complexity -MMD -MP -MF"Drivers/STM32F7xx_HAL_Driver/stm32f7xx_hal_rcc_ex.d" -MT"Drivers/STM32F7xx_HAL_Driver/stm32f7xx_hal_rcc_ex.o" --specs=nano.specs -mfpu=fpv5-d16 -mfloat-abi=hard -mthumb -o "Drivers/STM32F7xx_HAL_Driver/stm32f7xx_hal_rcc_ex.o"
arm-none-eabi-gcc "C:/Users/Admin/STM32Cube/Repository/STM32Cube_FW_F7_V1.17.2/Drivers/STM32F7xx_HAL_Driver/Src/stm32f7xx_hal_tim.c" -mcpu=cortex-m7 -std=gnu11 -g3 -DDEBUG -DUSE_HAL_DRIVER -DSTM32F767xx -c -I../Core/Inc -IC:/Users/Admin/STM32Cube/Repository/STM32Cube_FW_F7_V1.17.2/Drivers/STM32F7xx_HAL_Driver/Inc -IC:/Users/Admin/STM32Cube/Repository/STM32Cube_FW_F7_V1.17.2/Drivers/STM32F7xx_HAL_Driver/Inc/Legacy -IC:/Users/Admin/STM32Cube/Repository/STM32Cube_FW_F7_V1.17.2/Drivers/CMSIS/Device/ST/STM32F7xx/Include -IC:/Users/Admin/STM32Cube/Repository/STM32Cube_FW_F7_V1.17.2/Drivers/CMSIS/Include -O0 -ffunction-sections -fdata-sections -Wall -fstack-usage -fcyclomatic-complexity -MMD -MP -MF"Drivers/STM32F7xx_HAL_Driver/stm32f7xx_hal_tim.d" -MT"Drivers/STM32F7xx_HAL_Driver/stm32f7xx_hal_tim.o" --specs=nano.specs -mfpu=fpv5-d16 -mfloat-abi=hard -mthumb -o "Drivers/STM32F7xx_HAL_Driver/stm32f7xx_hal_tim.o"
arm-none-eabi-gcc "C:/Users/Admin/STM32Cube/Repository/STM32Cube_FW_F7_V1.17.2/Drivers/STM32F7xx_HAL_Driver/Src/stm32f7xx_hal_tim_ex.c" -mcpu=cortex-m7 -std=gnu11 -g3 -DDEBUG -DUSE_HAL_DRIVER -DSTM32F767xx -c -I../Core/Inc -IC:/Users/Admin/STM32Cube/Repository/STM32Cube_FW_F7_V1.17.2/Drivers/STM32F7xx_HAL_Driver/Inc -IC:/Users/Admin/STM32Cube/Repository/STM32Cube_FW_F7_V1.17.2/Drivers/STM32F7xx_HAL_Driver/Inc/Legacy -IC:/Users/Admin/STM32Cube/Repository/STM32Cube_FW_F7_V1.17.2/Drivers/CMSIS/Device/ST/STM32F7xx/Include -IC:/Users/Admin/STM32Cube/Repository/STM32Cube_FW_F7_V1.17.2/Drivers/CMSIS/Include -O0 -ffunction-sections -fdata-sections -Wall -fstack-usage -fcyclomatic-complexity -MMD -MP -MF"Drivers/STM32F7xx_HAL_Driver/stm32f7xx_hal_tim_ex.d" -MT"Drivers/STM32F7xx_HAL_Driver/stm32f7xx_hal_tim_ex.o" --specs=nano.specs -mfpu=fpv5-d16 -mfloat-abi=hard -mthumb -o "Drivers/STM32F7xx_HAL_Driver/stm32f7xx_hal_tim_ex.o"
arm-none-eabi-gcc "C:/Users/Admin/STM32Cube/Repository/STM32Cube_FW_F7_V1.17.2/Drivers/STM32F7xx_HAL_Driver/Src/stm32f7xx_hal_uart.c" -mcpu=cortex-m7 -std=gnu11 -g3 -DDEBUG -DUSE_HAL_DRIVER -DSTM32F767xx -c -I../Core/Inc -IC:/Users/Admin/STM32Cube/Repository/STM32Cube_FW_F7_V1.17.2/Drivers/STM32F7xx_HAL_Driver/Inc -IC:/Users/Admin/STM32Cube/Repository/STM32Cube_FW_F7_V1.17.2/Drivers/STM32F7xx_HAL_Driver/Inc/Legacy -IC:/Users/Admin/STM32Cube/Repository/STM32Cube_FW_F7_V1.17.2/Drivers/CMSIS/Device/ST/STM32F7xx/Include -IC:/Users/Admin/STM32Cube/Repository/STM32Cube_FW_F7_V1.17.2/Drivers/CMSIS/Include -O0 -ffunction-sections -fdata-sections -Wall -fstack-usage -fcyclomatic-complexity -MMD -MP -MF"Drivers/STM32F7xx_HAL_Driver/stm32f7xx_hal_uart.d" -MT"Drivers/STM32F7xx_HAL_Driver/stm32f7xx_hal_uart.o" --specs=nano.specs -mfpu=fpv5-d16 -mfloat-abi=hard -mthumb -o "Drivers/STM32F7xx_HAL_Driver/stm32f7xx_hal_uart.o"
arm-none-eabi-gcc "C:/Users/Admin/STM32Cube/Repository/STM32Cube_FW_F7_V1.17.2/Drivers/STM32F7xx_HAL_Driver/Src/stm32f7xx_hal_uart_ex.c" -mcpu=cortex-m7 -std=gnu11 -g3 -DDEBUG -DUSE_HAL_DRIVER -DSTM32F767xx -c -I../Core/Inc -IC:/Users/Admin/STM32Cube/Repository/STM32Cube_FW_F7_V1.17.2/Drivers/STM32F7xx_HAL_Driver/Inc -IC:/Users/Admin/STM32Cube/Repository/STM32Cube_FW_F7_V1.17.2/Drivers/STM32F7xx_HAL_Driver/Inc/Legacy -IC:/Users/Admin/STM32Cube/Repository/STM32Cube_FW_F7_V1.17.2/Drivers/CMSIS/Device/ST/STM32F7xx/Include -IC:/Users/Admin/STM32Cube/Repository/STM32Cube_FW_F7_V1.17.2/Drivers/CMSIS/Include -O0 -ffunction-sections -fdata-sections -Wall -fstack-usage -fcyclomatic-complexity -MMD -MP -MF"Drivers/STM32F7xx_HAL_Driver/stm32f7xx_hal_uart_ex.d" -MT"Drivers/STM32F7xx_HAL_Driver/stm32f7xx_hal_uart_ex.o" --specs=nano.specs -mfpu=fpv5-d16 -mfloat-abi=hard -mthumb -o "Drivers/STM32F7xx_HAL_Driver/stm32f7xx_hal_uart_ex.o"
arm-none-eabi-gcc "../Core/Src/main.c" -mcpu=cortex-m7 -std=gnu11 -g3 -DDEBUG -DUSE_HAL_DRIVER -DSTM32F767xx -c -I../Core/Inc -IC:/Users/Admin/STM32Cube/Repository/STM32Cube_FW_F7_V1.17.2/Drivers/STM32F7xx_HAL_Driver/Inc -IC:/Users/Admin/STM32Cube/Repository/STM32Cube_FW_F7_V1.17.2/Drivers/STM32F7xx_HAL_Driver/Inc/Legacy -IC:/Users/Admin/STM32Cube/Repository/STM32Cube_FW_F7_V1.17.2/Drivers/CMSIS/Device/ST/STM32F7xx/Include -IC:/Users/Admin/STM32Cube/Repository/STM32Cube_FW_F7_V1.17.2/Drivers/CMSIS/Include -O0 -ffunction-sections -fdata-sections -Wall -fstack-usage -fcyclomatic-complexity -MMD -MP -MF"Core/Src/main.d" -MT"Core/Src/main.o" --specs=nano.specs -mfpu=fpv5-d16 -mfloat-abi=hard -mthumb -o "Core/Src/main.o"
arm-none-eabi-gcc "../Core/Src/stm32f7xx_hal_msp.c" -mcpu=cortex-m7 -std=gnu11 -g3 -DDEBUG -DUSE_HAL_DRIVER -DSTM32F767xx -c -I../Core/Inc -IC:/Users/Admin/STM32Cube/Repository/STM32Cube_FW_F7_V1.17.2/Drivers/STM32F7xx_HAL_Driver/Inc -IC:/Users/Admin/STM32Cube/Repository/STM32Cube_FW_F7_V1.17.2/Drivers/STM32F7xx_HAL_Driver/Inc/Legacy -IC:/Users/Admin/STM32Cube/Repository/STM32Cube_FW_F7_V1.17.2/Drivers/CMSIS/Device/ST/STM32F7xx/Include -IC:/Users/Admin/STM32Cube/Repository/STM32Cube_FW_F7_V1.17.2/Drivers/CMSIS/Include -O0 -ffunction-sections -fdata-sections -Wall -fstack-usage -fcyclomatic-complexity -MMD -MP -MF"Core/Src/stm32f7xx_hal_msp.d" -MT"Core/Src/stm32f7xx_hal_msp.o" --specs=nano.specs -mfpu=fpv5-d16 -mfloat-abi=hard -mthumb -o "Core/Src/stm32f7xx_hal_msp.o"
arm-none-eabi-gcc "../Core/Src/stm32f7xx_it.c" -mcpu=cortex-m7 -std=gnu11 -g3 -DDEBUG -DUSE_HAL_DRIVER -DSTM32F767xx -c -I../Core/Inc -IC:/Users/Admin/STM32Cube/Repository/STM32Cube_FW_F7_V1.17.2/Drivers/STM32F7xx_HAL_Driver/Inc -IC:/Users/Admin/STM32Cube/Repository/STM32Cube_FW_F7_V1.17.2/Drivers/STM32F7xx_HAL_Driver/Inc/Legacy -IC:/Users/Admin/STM32Cube/Repository/STM32Cube_FW_F7_V1.17.2/Drivers/CMSIS/Device/ST/STM32F7xx/Include -IC:/Users/Admin/STM32Cube/Repository/STM32Cube_FW_F7_V1.17.2/Drivers/CMSIS/Include -O0 -ffunction-sections -fdata-sections -Wall -fstack-usage -fcyclomatic-complexity -MMD -MP -MF"Core/Src/stm32f7xx_it.d" -MT"Core/Src/stm32f7xx_it.o" --specs=nano.specs -mfpu=fpv5-d16 -mfloat-abi=hard -mthumb -o "Core/Src/stm32f7xx_it.o"
arm-none-eabi-gcc "../Core/Src/system_stm32f7xx.c" -mcpu=cortex-m7 -std=gnu11 -g3 -DDEBUG -DUSE_HAL_DRIVER -DSTM32F767xx -c -I../Core/Inc -IC:/Users/Admin/STM32Cube/Repository/STM32Cube_FW_F7_V1.17.2/Drivers/STM32F7xx_HAL_Driver/Inc -IC:/Users/Admin/STM32Cube/Repository/STM32Cube_FW_F7_V1.17.2/Drivers/STM32F7xx_HAL_Driver/Inc/Legacy -IC:/Users/Admin/STM32Cube/Repository/STM32Cube_FW_F7_V1.17.2/Drivers/CMSIS/Device/ST/STM32F7xx/Include -IC:/Users/Admin/STM32Cube/Repository/STM32Cube_FW_F7_V1.17.2/Drivers/CMSIS/Include -O0 -ffunction-sections -fdata-sections -Wall -fstack-usage -fcyclomatic-complexity -MMD -MP -MF"Core/Src/system_stm32f7xx.d" -MT"Core/Src/system_stm32f7xx.o" --specs=nano.specs -mfpu=fpv5-d16 -mfloat-abi=hard -mthumb -o "Core/Src/system_stm32f7xx.o"
../Core/Src/main.c: In function 'HAL_UART_RxCpltCallback':
../Core/Src/main.c:88:67: warning: format '%u' expects argument of type 'unsigned int', but argument 4 has type 'double' [-Wformat=]
   88 |             snprintf(tx_message, sizeof(tx_message), "\r\nValue: %u", dutyCycle);
      |                                                                  ~^   ~~~~~~~~~
      |                                                                   |   |
      |                                                                   |   double
      |                                                                   unsigned int
      |                                                                  %f
../Core/Src/main.c: At top level:
../Core/Src/main.c:390:1: error: expected identifier or '(' before '}' token
  390 | }
      | ^
make: *** [Core/Src/subdir.mk:34: Core/Src/main.o] Error 1
make: *** Waiting for unfinished jobs....
"make -j12 all" terminated with exit code 2. Build might be incomplete.
12:34:57 **** Incremental Build of configuration Debug for project lab7 ****
make -j12 all 
arm-none-eabi-gcc "../Core/Src/main.c" -mcpu=cortex-m7 -std=gnu11 -g3 -DDEBUG -DUSE_HAL_DRIVER -DSTM32F767xx -c -I../Core/Inc -IC:/Users/Admin/STM32Cube/Repository/STM32Cube_FW_F7_V1.17.2/Drivers/STM32F7xx_HAL_Driver/Inc -IC:/Users/Admin/STM32Cube/Repository/STM32Cube_FW_F7_V1.17.2/Drivers/STM32F7xx_HAL_Driver/Inc/Legacy -IC:/Users/Admin/STM32Cube/Repository/STM32Cube_FW_F7_V1.17.2/Drivers/CMSIS/Device/ST/STM32F7xx/Include -IC:/Users/Admin/STM32Cube/Repository/STM32Cube_FW_F7_V1.17.2/Drivers/CMSIS/Include -O0 -ffunction-sections -fdata-sections -Wall -fstack-usage -fcyclomatic-complexity -MMD -MP -MF"Core/Src/main.d" -MT"Core/Src/main.o" --specs=nano.specs -mfpu=fpv5-d16 -mfloat-abi=hard -mthumb -o "Core/Src/main.o"
../Core/Src/main.c: In function 'HAL_UART_RxCpltCallback':
../Core/Src/main.c:88:67: warning: format '%u' expects argument of type 'unsigned int', but argument 4 has type 'double' [-Wformat=]
   88 |             snprintf(tx_message, sizeof(tx_message), "\r\nValue: %u", dutyCycle);
      |                                                                  ~^   ~~~~~~~~~
      |                                                                   |   |
      |                                                                   |   double
      |                                                                   unsigned int
      |                                                                  %f
../Core/Src/main.c: At top level:
../Core/Src/main.c:390:1: error: expected identifier or '(' before '}' token
  390 | }
      | ^
make: *** [Core/Src/subdir.mk:34: Core/Src/main.o] Error 1
"make -j12 all" terminated with exit code 2. Build might be incomplete.
12:35:12 **** Incremental Build of configuration Debug for project lab7 ****
make -j12 all 
arm-none-eabi-gcc "../Core/Src/main.c" -mcpu=cortex-m7 -std=gnu11 -g3 -DDEBUG -DUSE_HAL_DRIVER -DSTM32F767xx -c -I../Core/Inc -IC:/Users/Admin/STM32Cube/Repository/STM32Cube_FW_F7_V1.17.2/Drivers/STM32F7xx_HAL_Driver/Inc -IC:/Users/Admin/STM32Cube/Repository/STM32Cube_FW_F7_V1.17.2/Drivers/STM32F7xx_HAL_Driver/Inc/Legacy -IC:/Users/Admin/STM32Cube/Repository/STM32Cube_FW_F7_V1.17.2/Drivers/CMSIS/Device/ST/STM32F7xx/Include -IC:/Users/Admin/STM32Cube/Repository/STM32Cube_FW_F7_V1.17.2/Drivers/CMSIS/Include -O0 -ffunction-sections -fdata-sections -Wall -fstack-usage -fcyclomatic-complexity -MMD -MP -MF"Core/Src/main.d" -MT"Core/Src/main.o" --specs=nano.specs -mfpu=fpv5-d16 -mfloat-abi=hard -mthumb -o "Core/Src/main.o"
../Core/Src/main.c: In function 'HAL_UART_RxCpltCallback':
../Core/Src/main.c:88:67: warning: format '%u' expects argument of type 'unsigned int', but argument 4 has type 'double' [-Wformat=]
   88 |             snprintf(tx_message, sizeof(tx_message), "\r\nValue: %u", dutyCycle);
      |                                                                  ~^   ~~~~~~~~~
      |                                                                   |   |
      |                                                                   |   double
      |                                                                   unsigned int
      |                                                                  %f
arm-none-eabi-gcc -o "lab7.elf" @"objects.list"   -mcpu=cortex-m7 -T"D:\STM32\Lab7\lab7\STM32F767ZITX_FLASH.ld" --specs=nosys.specs -Wl,-Map="lab7.map" -Wl,--gc-sections -static --specs=nano.specs -mfpu=fpv5-d16 -mfloat-abi=hard -mthumb -Wl,--start-group -lc -lm -Wl,--end-group
Finished building target: lab7.elf
 
arm-none-eabi-size  lab7.elf 
arm-none-eabi-objdump -h -S lab7.elf  > "lab7.list"
   text	   data	    bss	    dec	    hex	filename
  19660	     96	   2216	  21972	   55d4	lab7.elf
Finished building: default.size.stdout
 
Finished building: lab7.list
 
12:35:31 **** Incremental Build of configuration Debug for project lab7 ****
make -j12 all 
arm-none-eabi-size  lab7.elf 
   text	   data	    bss	    dec	    hex	filename
  19660	     96	   2216	  21972	   55d4	lab7.elf
Finished building: default.size.stdout
 
12:35:41 **** Incremental Build of configuration Debug for project lab7 ****
make -j12 all 
arm-none-eabi-gcc "../Core/Src/main.c" -mcpu=cortex-m7 -std=gnu11 -g3 -DDEBUG -DUSE_HAL_DRIVER -DSTM32F767xx -c -I../Core/Inc -IC:/Users/Admin/STM32Cube/Repository/STM32Cube_FW_F7_V1.17.2/Drivers/STM32F7xx_HAL_Driver/Inc -IC:/Users/Admin/STM32Cube/Repository/STM32Cube_FW_F7_V1.17.2/Drivers/STM32F7xx_HAL_Driver/Inc/Legacy -IC:/Users/Admin/STM32Cube/Repository/STM32Cube_FW_F7_V1.17.2/Drivers/CMSIS/Device/ST/STM32F7xx/Include -IC:/Users/Admin/STM32Cube/Repository/STM32Cube_FW_F7_V1.17.2/Drivers/CMSIS/Include -O0 -ffunction-sections -fdata-sections -Wall -fstack-usage -fcyclomatic-complexity -MMD -MP -MF"Core/Src/main.d" -MT"Core/Src/main.o" --specs=nano.specs -mfpu=fpv5-d16 -mfloat-abi=hard -mthumb -o "Core/Src/main.o"
../Core/Src/main.c: In function 'HAL_UART_RxCpltCallback':
../Core/Src/main.c:88:67: warning: format '%u' expects argument of type 'unsigned int', but argument 4 has type 'double' [-Wformat=]
   88 |             snprintf(tx_message, sizeof(tx_message), "\r\nValue: %u", dutyCycle);
      |                                                                  ~^   ~~~~~~~~~
      |                                                                   |   |
      |                                                                   |   double
      |                                                                   unsigned int
      |                                                                  %f
arm-none-eabi-gcc -o "lab7.elf" @"objects.list"   -mcpu=cortex-m7 -T"D:\STM32\Lab7\lab7\STM32F767ZITX_FLASH.ld" --specs=nosys.specs -Wl,-Map="lab7.map" -Wl,--gc-sections -static --specs=nano.specs -mfpu=fpv5-d16 -mfloat-abi=hard -mthumb -Wl,--start-group -lc -lm -Wl,--end-group
Finished building target: lab7.elf
 
arm-none-eabi-size  lab7.elf 
arm-none-eabi-objdump -h -S lab7.elf  > "lab7.list"
   text	   data	    bss	    dec	    hex	filename
  19660	     96	   2216	  21972	   55d4	lab7.elf
Finished building: default.size.stdout
 
Finished building: lab7.list
 
12:40:38 **** Incremental Build of configuration Debug for project lab7 ****
make -j12 all 
arm-none-eabi-gcc "../Core/Src/main.c" -mcpu=cortex-m7 -std=gnu11 -g3 -DDEBUG -DUSE_HAL_DRIVER -DSTM32F767xx -c -I../Core/Inc -IC:/Users/Admin/STM32Cube/Repository/STM32Cube_FW_F7_V1.17.2/Drivers/STM32F7xx_HAL_Driver/Inc -IC:/Users/Admin/STM32Cube/Repository/STM32Cube_FW_F7_V1.17.2/Drivers/STM32F7xx_HAL_Driver/Inc/Legacy -IC:/Users/Admin/STM32Cube/Repository/STM32Cube_FW_F7_V1.17.2/Drivers/CMSIS/Device/ST/STM32F7xx/Include -IC:/Users/Admin/STM32Cube/Repository/STM32Cube_FW_F7_V1.17.2/Drivers/CMSIS/Include -O0 -ffunction-sections -fdata-sections -Wall -fstack-usage -fcyclomatic-complexity -MMD -MP -MF"Core/Src/main.d" -MT"Core/Src/main.o" --specs=nano.specs -mfpu=fpv5-d16 -mfloat-abi=hard -mthumb -o "Core/Src/main.o"
../Core/Src/main.c: In function 'HAL_UART_RxCpltCallback':
../Core/Src/main.c:162:7: error: 'redDutyCycle' undeclared (first use in this function); did you mean 'R_dutyCycle'?
  162 |       redDutyCycle += 200;
      |       ^~~~~~~~~~~~
      |       R_dutyCycle
../Core/Src/main.c:162:7: note: each undeclared identifier is reported only once for each function it appears in
make: *** [Core/Src/subdir.mk:34: Core/Src/main.o] Error 1
"make -j12 all" terminated with exit code 2. Build might be incomplete.
12:40:55 **** Incremental Build of configuration Debug for project lab7 ****
make -j12 all 
arm-none-eabi-gcc "../Core/Src/main.c" -mcpu=cortex-m7 -std=gnu11 -g3 -DDEBUG -DUSE_HAL_DRIVER -DSTM32F767xx -c -I../Core/Inc -IC:/Users/Admin/STM32Cube/Repository/STM32Cube_FW_F7_V1.17.2/Drivers/STM32F7xx_HAL_Driver/Inc -IC:/Users/Admin/STM32Cube/Repository/STM32Cube_FW_F7_V1.17.2/Drivers/STM32F7xx_HAL_Driver/Inc/Legacy -IC:/Users/Admin/STM32Cube/Repository/STM32Cube_FW_F7_V1.17.2/Drivers/CMSIS/Device/ST/STM32F7xx/Include -IC:/Users/Admin/STM32Cube/Repository/STM32Cube_FW_F7_V1.17.2/Drivers/CMSIS/Include -O0 -ffunction-sections -fdata-sections -Wall -fstack-usage -fcyclomatic-complexity -MMD -MP -MF"Core/Src/main.d" -MT"Core/Src/main.o" --specs=nano.specs -mfpu=fpv5-d16 -mfloat-abi=hard -mthumb -o "Core/Src/main.o"
arm-none-eabi-gcc -o "lab7.elf" @"objects.list"   -mcpu=cortex-m7 -T"D:\STM32\Lab7\lab7\STM32F767ZITX_FLASH.ld" --specs=nosys.specs -Wl,-Map="lab7.map" -Wl,--gc-sections -static --specs=nano.specs -mfpu=fpv5-d16 -mfloat-abi=hard -mthumb -Wl,--start-group -lc -lm -Wl,--end-group
Finished building target: lab7.elf
 
arm-none-eabi-size  lab7.elf 
arm-none-eabi-objdump -h -S lab7.elf  > "lab7.list"
   text	   data	    bss	    dec	    hex	filename
  16648	     16	   1784	  18448	   4810	lab7.elf
Finished building: default.size.stdout
 
Finished building: lab7.list
 
12:40:59 **** Incremental Build of configuration Debug for project lab7 ****
make -j12 all 
arm-none-eabi-size  lab7.elf 
   text	   data	    bss	    dec	    hex	filename
  16648	     16	   1784	  18448	   4810	lab7.elf
Finished building: default.size.stdout
 
12:41:25 **** Incremental Build of configuration Debug for project lab7 ****
make -j12 all 
arm-none-eabi-size  lab7.elf 
   text	   data	    bss	    dec	    hex	filename
  16648	     16	   1784	  18448	   4810	lab7.elf
Finished building: default.size.stdout
 
12:45:10 **** Incremental Build of configuration Debug for project lab7 ****
make -j12 all 
arm-none-eabi-gcc "../Core/Src/main.c" -mcpu=cortex-m7 -std=gnu11 -g3 -DDEBUG -DUSE_HAL_DRIVER -DSTM32F767xx -c -I../Core/Inc -IC:/Users/Admin/STM32Cube/Repository/STM32Cube_FW_F7_V1.17.2/Drivers/STM32F7xx_HAL_Driver/Inc -IC:/Users/Admin/STM32Cube/Repository/STM32Cube_FW_F7_V1.17.2/Drivers/STM32F7xx_HAL_Driver/Inc/Legacy -IC:/Users/Admin/STM32Cube/Repository/STM32Cube_FW_F7_V1.17.2/Drivers/CMSIS/Device/ST/STM32F7xx/Include -IC:/Users/Admin/STM32Cube/Repository/STM32Cube_FW_F7_V1.17.2/Drivers/CMSIS/Include -O0 -ffunction-sections -fdata-sections -Wall -fstack-usage -fcyclomatic-complexity -MMD -MP -MF"Core/Src/main.d" -MT"Core/Src/main.o" --specs=nano.specs -mfpu=fpv5-d16 -mfloat-abi=hard -mthumb -o "Core/Src/main.o"
arm-none-eabi-gcc -o "lab7.elf" @"objects.list"   -mcpu=cortex-m7 -T"D:\STM32\Lab7\lab7\STM32F767ZITX_FLASH.ld" --specs=nosys.specs -Wl,-Map="lab7.map" -Wl,--gc-sections -static --specs=nano.specs -mfpu=fpv5-d16 -mfloat-abi=hard -mthumb -Wl,--start-group -lc -lm -Wl,--end-group
Finished building target: lab7.elf
 
arm-none-eabi-size  lab7.elf 
arm-none-eabi-objdump -h -S lab7.elf  > "lab7.list"
   text	   data	    bss	    dec	    hex	filename
  17628	     16	   1784	  19428	   4be4	lab7.elf
Finished building: default.size.stdout
 
Finished building: lab7.list
 
12:45:11 **** Incremental Build of configuration Debug for project lab7 ****
make -j12 all 
arm-none-eabi-size  lab7.elf 
   text	   data	    bss	    dec	    hex	filename
  17628	     16	   1784	  19428	   4be4	lab7.elf
Finished building: default.size.stdout
 
12:45:30 **** Incremental Build of configuration Debug for project lab7 ****
make -j12 all 
arm-none-eabi-size  lab7.elf 
   text	   data	    bss	    dec	    hex	filename
  17628	     16	   1784	  19428	   4be4	lab7.elf
Finished building: default.size.stdout
 
12:45:31 **** Incremental Build of configuration Debug for project lab7 ****
make -j12 all 
arm-none-eabi-size  lab7.elf 
   text	   data	    bss	    dec	    hex	filename
  17628	     16	   1784	  19428	   4be4	lab7.elf
Finished building: default.size.stdout
 
12:45:46 **** Incremental Build of configuration Debug for project lab7 ****
make -j12 all 
arm-none-eabi-size  lab7.elf 
   text	   data	    bss	    dec	    hex	filename
  17628	     16	   1784	  19428	   4be4	lab7.elf
Finished building: default.size.stdout
 
12:47:43 **** Incremental Build of configuration Debug for project lab7 ****
make -j12 all 
arm-none-eabi-gcc "../Core/Src/main.c" -mcpu=cortex-m7 -std=gnu11 -g3 -DDEBUG -DUSE_HAL_DRIVER -DSTM32F767xx -c -I../Core/Inc -IC:/Users/Admin/STM32Cube/Repository/STM32Cube_FW_F7_V1.17.2/Drivers/STM32F7xx_HAL_Driver/Inc -IC:/Users/Admin/STM32Cube/Repository/STM32Cube_FW_F7_V1.17.2/Drivers/STM32F7xx_HAL_Driver/Inc/Legacy -IC:/Users/Admin/STM32Cube/Repository/STM32Cube_FW_F7_V1.17.2/Drivers/CMSIS/Device/ST/STM32F7xx/Include -IC:/Users/Admin/STM32Cube/Repository/STM32Cube_FW_F7_V1.17.2/Drivers/CMSIS/Include -O0 -ffunction-sections -fdata-sections -Wall -fstack-usage -fcyclomatic-complexity -MMD -MP -MF"Core/Src/main.d" -MT"Core/Src/main.o" --specs=nano.specs -mfpu=fpv5-d16 -mfloat-abi=hard -mthumb -o "Core/Src/main.o"
../Core/Src/main.c: In function 'main':
../Core/Src/main.c:135:46: warning: cast to pointer from integer of different size [-Wint-to-pointer-cast]
  135 |                   HAL_UART_Transmit(&huart3, (uint8_t *)rxData, 1, 100);
      |                                              ^
arm-none-eabi-gcc -o "lab7.elf" @"objects.list"   -mcpu=cortex-m7 -T"D:\STM32\Lab7\lab7\STM32F767ZITX_FLASH.ld" --specs=nosys.specs -Wl,-Map="lab7.map" -Wl,--gc-sections -static --specs=nano.specs -mfpu=fpv5-d16 -mfloat-abi=hard -mthumb -Wl,--start-group -lc -lm -Wl,--end-group
Finished building target: lab7.elf
 
arm-none-eabi-size  lab7.elf 
arm-none-eabi-objdump -h -S lab7.elf  > "lab7.list"
   text	   data	    bss	    dec	    hex	filename
  17920	     16	   1784	  19720	   4d08	lab7.elf
Finished building: default.size.stdout
 
Finished building: lab7.list
 
12:47:58 **** Incremental Build of configuration Debug for project lab7 ****
make -j12 all 
arm-none-eabi-gcc "../Core/Src/main.c" -mcpu=cortex-m7 -std=gnu11 -g3 -DDEBUG -DUSE_HAL_DRIVER -DSTM32F767xx -c -I../Core/Inc -IC:/Users/Admin/STM32Cube/Repository/STM32Cube_FW_F7_V1.17.2/Drivers/STM32F7xx_HAL_Driver/Inc -IC:/Users/Admin/STM32Cube/Repository/STM32Cube_FW_F7_V1.17.2/Drivers/STM32F7xx_HAL_Driver/Inc/Legacy -IC:/Users/Admin/STM32Cube/Repository/STM32Cube_FW_F7_V1.17.2/Drivers/CMSIS/Device/ST/STM32F7xx/Include -IC:/Users/Admin/STM32Cube/Repository/STM32Cube_FW_F7_V1.17.2/Drivers/CMSIS/Include -O0 -ffunction-sections -fdata-sections -Wall -fstack-usage -fcyclomatic-complexity -MMD -MP -MF"Core/Src/main.d" -MT"Core/Src/main.o" --specs=nano.specs -mfpu=fpv5-d16 -mfloat-abi=hard -mthumb -o "Core/Src/main.o"
../Core/Src/main.c: In function 'main':
../Core/Src/main.c:135:46: warning: cast to pointer from integer of different size [-Wint-to-pointer-cast]
  135 |                   HAL_UART_Transmit(&huart3, (uint8_t *)rxData, 1, 100);
      |                                              ^
arm-none-eabi-gcc -o "lab7.elf" @"objects.list"   -mcpu=cortex-m7 -T"D:\STM32\Lab7\lab7\STM32F767ZITX_FLASH.ld" --specs=nosys.specs -Wl,-Map="lab7.map" -Wl,--gc-sections -static --specs=nano.specs -mfpu=fpv5-d16 -mfloat-abi=hard -mthumb -Wl,--start-group -lc -lm -Wl,--end-group
Finished building target: lab7.elf
 
arm-none-eabi-size  lab7.elf 
arm-none-eabi-objdump -h -S lab7.elf  > "lab7.list"
   text	   data	    bss	    dec	    hex	filename
  17868	     16	   1784	  19668	   4cd4	lab7.elf
Finished building: default.size.stdout
 
Finished building: lab7.list
 
12:48:15 **** Incremental Build of configuration Debug for project lab7 ****
make -j12 all 
arm-none-eabi-gcc "../Core/Src/main.c" -mcpu=cortex-m7 -std=gnu11 -g3 -DDEBUG -DUSE_HAL_DRIVER -DSTM32F767xx -c -I../Core/Inc -IC:/Users/Admin/STM32Cube/Repository/STM32Cube_FW_F7_V1.17.2/Drivers/STM32F7xx_HAL_Driver/Inc -IC:/Users/Admin/STM32Cube/Repository/STM32Cube_FW_F7_V1.17.2/Drivers/STM32F7xx_HAL_Driver/Inc/Legacy -IC:/Users/Admin/STM32Cube/Repository/STM32Cube_FW_F7_V1.17.2/Drivers/CMSIS/Device/ST/STM32F7xx/Include -IC:/Users/Admin/STM32Cube/Repository/STM32Cube_FW_F7_V1.17.2/Drivers/CMSIS/Include -O0 -ffunction-sections -fdata-sections -Wall -fstack-usage -fcyclomatic-complexity -MMD -MP -MF"Core/Src/main.d" -MT"Core/Src/main.o" --specs=nano.specs -mfpu=fpv5-d16 -mfloat-abi=hard -mthumb -o "Core/Src/main.o"
../Core/Src/main.c: In function 'main':
../Core/Src/main.c:135:46: warning: cast to pointer from integer of different size [-Wint-to-pointer-cast]
  135 |                   HAL_UART_Transmit(&huart3, (uint8_t *)rxData, 1, 100);
      |                                              ^
arm-none-eabi-gcc -o "lab7.elf" @"objects.list"   -mcpu=cortex-m7 -T"D:\STM32\Lab7\lab7\STM32F767ZITX_FLASH.ld" --specs=nosys.specs -Wl,-Map="lab7.map" -Wl,--gc-sections -static --specs=nano.specs -mfpu=fpv5-d16 -mfloat-abi=hard -mthumb -Wl,--start-group -lc -lm -Wl,--end-group
Finished building target: lab7.elf
 
arm-none-eabi-size  lab7.elf 
arm-none-eabi-objdump -h -S lab7.elf  > "lab7.list"
   text	   data	    bss	    dec	    hex	filename
  16436	     16	   1784	  18236	   473c	lab7.elf
Finished building: default.size.stdout
 
Finished building: lab7.list
 
12:48:17 **** Incremental Build of configuration Debug for project lab7 ****
make -j12 all 
arm-none-eabi-size  lab7.elf 
   text	   data	    bss	    dec	    hex	filename
  16436	     16	   1784	  18236	   473c	lab7.elf
Finished building: default.size.stdout
 
12:48:44 **** Incremental Build of configuration Debug for project lab7 ****
make -j12 all 
arm-none-eabi-size  lab7.elf 
   text	   data	    bss	    dec	    hex	filename
  16436	     16	   1784	  18236	   473c	lab7.elf
Finished building: default.size.stdout
 
12:49:12 **** Incremental Build of configuration Debug for project lab7 ****
make -j12 all 
arm-none-eabi-gcc "../Core/Src/main.c" -mcpu=cortex-m7 -std=gnu11 -g3 -DDEBUG -DUSE_HAL_DRIVER -DSTM32F767xx -c -I../Core/Inc -IC:/Users/Admin/STM32Cube/Repository/STM32Cube_FW_F7_V1.17.2/Drivers/STM32F7xx_HAL_Driver/Inc -IC:/Users/Admin/STM32Cube/Repository/STM32Cube_FW_F7_V1.17.2/Drivers/STM32F7xx_HAL_Driver/Inc/Legacy -IC:/Users/Admin/STM32Cube/Repository/STM32Cube_FW_F7_V1.17.2/Drivers/CMSIS/Device/ST/STM32F7xx/Include -IC:/Users/Admin/STM32Cube/Repository/STM32Cube_FW_F7_V1.17.2/Drivers/CMSIS/Include -O0 -ffunction-sections -fdata-sections -Wall -fstack-usage -fcyclomatic-complexity -MMD -MP -MF"Core/Src/main.d" -MT"Core/Src/main.o" --specs=nano.specs -mfpu=fpv5-d16 -mfloat-abi=hard -mthumb -o "Core/Src/main.o"
arm-none-eabi-gcc -o "lab7.elf" @"objects.list"   -mcpu=cortex-m7 -T"D:\STM32\Lab7\lab7\STM32F767ZITX_FLASH.ld" --specs=nosys.specs -Wl,-Map="lab7.map" -Wl,--gc-sections -static --specs=nano.specs -mfpu=fpv5-d16 -mfloat-abi=hard -mthumb -Wl,--start-group -lc -lm -Wl,--end-group
Finished building target: lab7.elf
 
arm-none-eabi-size  lab7.elf 
arm-none-eabi-objdump -h -S lab7.elf  > "lab7.list"
   text	   data	    bss	    dec	    hex	filename
  16432	     16	   1784	  18232	   4738	lab7.elf
Finished building: default.size.stdout
 
Finished building: lab7.list
 
12:49:14 **** Incremental Build of configuration Debug for project lab7 ****
make -j12 all 
arm-none-eabi-size  lab7.elf 
   text	   data	    bss	    dec	    hex	filename
  16432	     16	   1784	  18232	   4738	lab7.elf
Finished building: default.size.stdout
 
12:49:32 **** Incremental Build of configuration Debug for project lab7 ****
make -j12 all 
arm-none-eabi-size  lab7.elf 
   text	   data	    bss	    dec	    hex	filename
  16432	     16	   1784	  18232	   4738	lab7.elf
Finished building: default.size.stdout
 
12:49:51 **** Incremental Build of configuration Debug for project lab7 ****
make -j12 all 
arm-none-eabi-gcc "../Core/Src/main.c" -mcpu=cortex-m7 -std=gnu11 -g3 -DDEBUG -DUSE_HAL_DRIVER -DSTM32F767xx -c -I../Core/Inc -IC:/Users/Admin/STM32Cube/Repository/STM32Cube_FW_F7_V1.17.2/Drivers/STM32F7xx_HAL_Driver/Inc -IC:/Users/Admin/STM32Cube/Repository/STM32Cube_FW_F7_V1.17.2/Drivers/STM32F7xx_HAL_Driver/Inc/Legacy -IC:/Users/Admin/STM32Cube/Repository/STM32Cube_FW_F7_V1.17.2/Drivers/CMSIS/Device/ST/STM32F7xx/Include -IC:/Users/Admin/STM32Cube/Repository/STM32Cube_FW_F7_V1.17.2/Drivers/CMSIS/Include -O0 -ffunction-sections -fdata-sections -Wall -fstack-usage -fcyclomatic-complexity -MMD -MP -MF"Core/Src/main.d" -MT"Core/Src/main.o" --specs=nano.specs -mfpu=fpv5-d16 -mfloat-abi=hard -mthumb -o "Core/Src/main.o"
arm-none-eabi-gcc -o "lab7.elf" @"objects.list"   -mcpu=cortex-m7 -T"D:\STM32\Lab7\lab7\STM32F767ZITX_FLASH.ld" --specs=nosys.specs -Wl,-Map="lab7.map" -Wl,--gc-sections -static --specs=nano.specs -mfpu=fpv5-d16 -mfloat-abi=hard -mthumb -Wl,--start-group -lc -lm -Wl,--end-group
Finished building target: lab7.elf
 
arm-none-eabi-size  lab7.elf 
arm-none-eabi-objdump -h -S lab7.elf  > "lab7.list"
   text	   data	    bss	    dec	    hex	filename
  16484	     16	   1784	  18284	   476c	lab7.elf
Finished building: default.size.stdout
 
Finished building: lab7.list
 
12:50:05 **** Incremental Build of configuration Debug for project lab7 ****
make -j12 all 
arm-none-eabi-size  lab7.elf 
   text	   data	    bss	    dec	    hex	filename
  16484	     16	   1784	  18284	   476c	lab7.elf
Finished building: default.size.stdout
 
12:54:22 **** Incremental Build of configuration Debug for project lab7 ****
make -j12 all 
arm-none-eabi-gcc "../Core/Src/main.c" -mcpu=cortex-m7 -std=gnu11 -g3 -DDEBUG -DUSE_HAL_DRIVER -DSTM32F767xx -c -I../Core/Inc -IC:/Users/Admin/STM32Cube/Repository/STM32Cube_FW_F7_V1.17.2/Drivers/STM32F7xx_HAL_Driver/Inc -IC:/Users/Admin/STM32Cube/Repository/STM32Cube_FW_F7_V1.17.2/Drivers/STM32F7xx_HAL_Driver/Inc/Legacy -IC:/Users/Admin/STM32Cube/Repository/STM32Cube_FW_F7_V1.17.2/Drivers/CMSIS/Device/ST/STM32F7xx/Include -IC:/Users/Admin/STM32Cube/Repository/STM32Cube_FW_F7_V1.17.2/Drivers/CMSIS/Include -O0 -ffunction-sections -fdata-sections -Wall -fstack-usage -fcyclomatic-complexity -MMD -MP -MF"Core/Src/main.d" -MT"Core/Src/main.o" --specs=nano.specs -mfpu=fpv5-d16 -mfloat-abi=hard -mthumb -o "Core/Src/main.o"
arm-none-eabi-gcc -o "lab7.elf" @"objects.list"   -mcpu=cortex-m7 -T"D:\STM32\Lab7\lab7\STM32F767ZITX_FLASH.ld" --specs=nosys.specs -Wl,-Map="lab7.map" -Wl,--gc-sections -static --specs=nano.specs -mfpu=fpv5-d16 -mfloat-abi=hard -mthumb -Wl,--start-group -lc -lm -Wl,--end-group
Finished building target: lab7.elf
 
arm-none-eabi-size  lab7.elf 
arm-none-eabi-objdump -h -S lab7.elf  > "lab7.list"
   text	   data	    bss	    dec	    hex	filename
  16500	     16	   1784	  18300	   477c	lab7.elf
Finished building: default.size.stdout
 
Finished building: lab7.list
 
12:55:33 **** Incremental Build of configuration Debug for project lab7 ****
make -j12 all 
arm-none-eabi-gcc "../Core/Src/main.c" -mcpu=cortex-m7 -std=gnu11 -g3 -DDEBUG -DUSE_HAL_DRIVER -DSTM32F767xx -c -I../Core/Inc -IC:/Users/Admin/STM32Cube/Repository/STM32Cube_FW_F7_V1.17.2/Drivers/STM32F7xx_HAL_Driver/Inc -IC:/Users/Admin/STM32Cube/Repository/STM32Cube_FW_F7_V1.17.2/Drivers/STM32F7xx_HAL_Driver/Inc/Legacy -IC:/Users/Admin/STM32Cube/Repository/STM32Cube_FW_F7_V1.17.2/Drivers/CMSIS/Device/ST/STM32F7xx/Include -IC:/Users/Admin/STM32Cube/Repository/STM32Cube_FW_F7_V1.17.2/Drivers/CMSIS/Include -O0 -ffunction-sections -fdata-sections -Wall -fstack-usage -fcyclomatic-complexity -MMD -MP -MF"Core/Src/main.d" -MT"Core/Src/main.o" --specs=nano.specs -mfpu=fpv5-d16 -mfloat-abi=hard -mthumb -o "Core/Src/main.o"
arm-none-eabi-gcc -o "lab7.elf" @"objects.list"   -mcpu=cortex-m7 -T"D:\STM32\Lab7\lab7\STM32F767ZITX_FLASH.ld" --specs=nosys.specs -Wl,-Map="lab7.map" -Wl,--gc-sections -static --specs=nano.specs -mfpu=fpv5-d16 -mfloat-abi=hard -mthumb -Wl,--start-group -lc -lm -Wl,--end-group
Finished building target: lab7.elf
 
arm-none-eabi-size  lab7.elf 
arm-none-eabi-objdump -h -S lab7.elf  > "lab7.list"
   text	   data	    bss	    dec	    hex	filename
  16512	     12	   1788	  18312	   4788	lab7.elf
Finished building: default.size.stdout
 
Finished building: lab7.list
 
12:58:14 **** Incremental Build of configuration Debug for project lab7 ****
make -j12 all 
arm-none-eabi-gcc "../Core/Src/main.c" -mcpu=cortex-m7 -std=gnu11 -g3 -DDEBUG -DUSE_HAL_DRIVER -DSTM32F767xx -c -I../Core/Inc -IC:/Users/Admin/STM32Cube/Repository/STM32Cube_FW_F7_V1.17.2/Drivers/STM32F7xx_HAL_Driver/Inc -IC:/Users/Admin/STM32Cube/Repository/STM32Cube_FW_F7_V1.17.2/Drivers/STM32F7xx_HAL_Driver/Inc/Legacy -IC:/Users/Admin/STM32Cube/Repository/STM32Cube_FW_F7_V1.17.2/Drivers/CMSIS/Device/ST/STM32F7xx/Include -IC:/Users/Admin/STM32Cube/Repository/STM32Cube_FW_F7_V1.17.2/Drivers/CMSIS/Include -O0 -ffunction-sections -fdata-sections -Wall -fstack-usage -fcyclomatic-complexity -MMD -MP -MF"Core/Src/main.d" -MT"Core/Src/main.o" --specs=nano.specs -mfpu=fpv5-d16 -mfloat-abi=hard -mthumb -o "Core/Src/main.o"
In file included from ../Core/Inc/stm32f7xx_hal_conf.h:411,
                 from C:/Users/Admin/STM32Cube/Repository/STM32Cube_FW_F7_V1.17.2/Drivers/STM32F7xx_HAL_Driver/Inc/stm32f7xx_hal.h:29,
                 from ../Core/Inc/main.h:30,
                 from ../Core/Src/main.c:20:
../Core/Src/main.c: In function 'main':
../Core/Src/main.c:118:48: error: 'R_DutyCycle' undeclared (first use in this function); did you mean 'R_dutyCycle'?
  118 |   __HAL_TIM_SET_COMPARE(&htim2, TIM_CHANNEL_1, R_DutyCycle);
      |                                                ^~~~~~~~~~~
C:/Users/Admin/STM32Cube/Repository/STM32Cube_FW_F7_V1.17.2/Drivers/STM32F7xx_HAL_Driver/Inc/stm32f7xx_hal_tim.h:1546:72: note: in definition of macro '__HAL_TIM_SET_COMPARE'
 1546 |   (((__CHANNEL__) == TIM_CHANNEL_1) ? ((__HANDLE__)->Instance->CCR1 = (__COMPARE__)) :\
      |                                                                        ^~~~~~~~~~~
../Core/Src/main.c:118:48: note: each undeclared identifier is reported only once for each function it appears in
  118 |   __HAL_TIM_SET_COMPARE(&htim2, TIM_CHANNEL_1, R_DutyCycle);
      |                                                ^~~~~~~~~~~
C:/Users/Admin/STM32Cube/Repository/STM32Cube_FW_F7_V1.17.2/Drivers/STM32F7xx_HAL_Driver/Inc/stm32f7xx_hal_tim.h:1546:72: note: in definition of macro '__HAL_TIM_SET_COMPARE'
 1546 |   (((__CHANNEL__) == TIM_CHANNEL_1) ? ((__HANDLE__)->Instance->CCR1 = (__COMPARE__)) :\
      |                                                                        ^~~~~~~~~~~
../Core/Src/main.c:119:48: error: 'G_DutyCycle' undeclared (first use in this function); did you mean 'G_dutyCycle'?
  119 |   __HAL_TIM_SET_COMPARE(&htim2, TIM_CHANNEL_2, G_DutyCycle);
      |                                                ^~~~~~~~~~~
C:/Users/Admin/STM32Cube/Repository/STM32Cube_FW_F7_V1.17.2/Drivers/STM32F7xx_HAL_Driver/Inc/stm32f7xx_hal_tim.h:1546:72: note: in definition of macro '__HAL_TIM_SET_COMPARE'
 1546 |   (((__CHANNEL__) == TIM_CHANNEL_1) ? ((__HANDLE__)->Instance->CCR1 = (__COMPARE__)) :\
      |                                                                        ^~~~~~~~~~~
../Core/Src/main.c:120:48: error: 'B_DutyCycle' undeclared (first use in this function); did you mean 'B_dutyCycle'?
  120 |   __HAL_TIM_SET_COMPARE(&htim2, TIM_CHANNEL_3, B_DutyCycle);
      |                                                ^~~~~~~~~~~
C:/Users/Admin/STM32Cube/Repository/STM32Cube_FW_F7_V1.17.2/Drivers/STM32F7xx_HAL_Driver/Inc/stm32f7xx_hal_tim.h:1546:72: note: in definition of macro '__HAL_TIM_SET_COMPARE'
 1546 |   (((__CHANNEL__) == TIM_CHANNEL_1) ? ((__HANDLE__)->Instance->CCR1 = (__COMPARE__)) :\
      |                                                                        ^~~~~~~~~~~
make: *** [Core/Src/subdir.mk:34: Core/Src/main.o] Error 1
"make -j12 all" terminated with exit code 2. Build might be incomplete.
12:58:32 **** Incremental Build of configuration Debug for project lab7 ****
make -j12 all 
arm-none-eabi-gcc "../Core/Src/main.c" -mcpu=cortex-m7 -std=gnu11 -g3 -DDEBUG -DUSE_HAL_DRIVER -DSTM32F767xx -c -I../Core/Inc -IC:/Users/Admin/STM32Cube/Repository/STM32Cube_FW_F7_V1.17.2/Drivers/STM32F7xx_HAL_Driver/Inc -IC:/Users/Admin/STM32Cube/Repository/STM32Cube_FW_F7_V1.17.2/Drivers/STM32F7xx_HAL_Driver/Inc/Legacy -IC:/Users/Admin/STM32Cube/Repository/STM32Cube_FW_F7_V1.17.2/Drivers/CMSIS/Device/ST/STM32F7xx/Include -IC:/Users/Admin/STM32Cube/Repository/STM32Cube_FW_F7_V1.17.2/Drivers/CMSIS/Include -O0 -ffunction-sections -fdata-sections -Wall -fstack-usage -fcyclomatic-complexity -MMD -MP -MF"Core/Src/main.d" -MT"Core/Src/main.o" --specs=nano.specs -mfpu=fpv5-d16 -mfloat-abi=hard -mthumb -o "Core/Src/main.o"
arm-none-eabi-gcc -o "lab7.elf" @"objects.list"   -mcpu=cortex-m7 -T"D:\STM32\Lab7\lab7\STM32F767ZITX_FLASH.ld" --specs=nosys.specs -Wl,-Map="lab7.map" -Wl,--gc-sections -static --specs=nano.specs -mfpu=fpv5-d16 -mfloat-abi=hard -mthumb -Wl,--start-group -lc -lm -Wl,--end-group
Finished building target: lab7.elf
 
arm-none-eabi-size  lab7.elf 
arm-none-eabi-objdump -h -S lab7.elf  > "lab7.list"
   text	   data	    bss	    dec	    hex	filename
  16632	     12	   1796	  18440	   4808	lab7.elf
Finished building: default.size.stdout
 
Finished building: lab7.list
 
12:58:56 **** Incremental Build of configuration Debug for project lab7 ****
make -j12 all 
arm-none-eabi-gcc "../Core/Src/main.c" -mcpu=cortex-m7 -std=gnu11 -g3 -DDEBUG -DUSE_HAL_DRIVER -DSTM32F767xx -c -I../Core/Inc -IC:/Users/Admin/STM32Cube/Repository/STM32Cube_FW_F7_V1.17.2/Drivers/STM32F7xx_HAL_Driver/Inc -IC:/Users/Admin/STM32Cube/Repository/STM32Cube_FW_F7_V1.17.2/Drivers/STM32F7xx_HAL_Driver/Inc/Legacy -IC:/Users/Admin/STM32Cube/Repository/STM32Cube_FW_F7_V1.17.2/Drivers/CMSIS/Device/ST/STM32F7xx/Include -IC:/Users/Admin/STM32Cube/Repository/STM32Cube_FW_F7_V1.17.2/Drivers/CMSIS/Include -O0 -ffunction-sections -fdata-sections -Wall -fstack-usage -fcyclomatic-complexity -MMD -MP -MF"Core/Src/main.d" -MT"Core/Src/main.o" --specs=nano.specs -mfpu=fpv5-d16 -mfloat-abi=hard -mthumb -o "Core/Src/main.o"
arm-none-eabi-gcc -o "lab7.elf" @"objects.list"   -mcpu=cortex-m7 -T"D:\STM32\Lab7\lab7\STM32F767ZITX_FLASH.ld" --specs=nosys.specs -Wl,-Map="lab7.map" -Wl,--gc-sections -static --specs=nano.specs -mfpu=fpv5-d16 -mfloat-abi=hard -mthumb -Wl,--start-group -lc -lm -Wl,--end-group
Finished building target: lab7.elf
 
arm-none-eabi-size  lab7.elf 
arm-none-eabi-objdump -h -S lab7.elf  > "lab7.list"
   text	   data	    bss	    dec	    hex	filename
  16708	     12	   1796	  18516	   4854	lab7.elf
Finished building: default.size.stdout
 
Finished building: lab7.list
 
12:58:58 **** Incremental Build of configuration Debug for project lab7 ****
make -j12 all 
arm-none-eabi-size  lab7.elf 
   text	   data	    bss	    dec	    hex	filename
  16708	     12	   1796	  18516	   4854	lab7.elf
Finished building: default.size.stdout
 
13:01:26 **** Incremental Build of configuration Debug for project lab7 ****
make -j12 all 
arm-none-eabi-gcc "../Core/Src/main.c" -mcpu=cortex-m7 -std=gnu11 -g3 -DDEBUG -DUSE_HAL_DRIVER -DSTM32F767xx -c -I../Core/Inc -IC:/Users/Admin/STM32Cube/Repository/STM32Cube_FW_F7_V1.17.2/Drivers/STM32F7xx_HAL_Driver/Inc -IC:/Users/Admin/STM32Cube/Repository/STM32Cube_FW_F7_V1.17.2/Drivers/STM32F7xx_HAL_Driver/Inc/Legacy -IC:/Users/Admin/STM32Cube/Repository/STM32Cube_FW_F7_V1.17.2/Drivers/CMSIS/Device/ST/STM32F7xx/Include -IC:/Users/Admin/STM32Cube/Repository/STM32Cube_FW_F7_V1.17.2/Drivers/CMSIS/Include -O0 -ffunction-sections -fdata-sections -Wall -fstack-usage -fcyclomatic-complexity -MMD -MP -MF"Core/Src/main.d" -MT"Core/Src/main.o" --specs=nano.specs -mfpu=fpv5-d16 -mfloat-abi=hard -mthumb -o "Core/Src/main.o"
../Core/Src/main.c: In function 'main':
../Core/Src/main.c:123:42: warning: unknown conversion type character ',' in format [-Wformat=]
  123 |                   "Button (R, G, B) -> 0%, 20%, 40%, 60%, 80%, 100%\r\n"
      |                                          ^
../Core/Src/main.c:123:47: warning: unknown conversion type character ',' in format [-Wformat=]
  123 |                   "Button (R, G, B) -> 0%, 20%, 40%, 60%, 80%, 100%\r\n"
      |                                               ^
../Core/Src/main.c:123:52: warning: unknown conversion type character ',' in format [-Wformat=]
  123 |                   "Button (R, G, B) -> 0%, 20%, 40%, 60%, 80%, 100%\r\n"
      |                                                    ^
../Core/Src/main.c:123:57: warning: unknown conversion type character ',' in format [-Wformat=]
  123 |                   "Button (R, G, B) -> 0%, 20%, 40%, 60%, 80%, 100%\r\n"
      |                                                         ^
../Core/Src/main.c:123:62: warning: unknown conversion type character ',' in format [-Wformat=]
  123 |                   "Button (R, G, B) -> 0%, 20%, 40%, 60%, 80%, 100%\r\n"
      |                                                              ^
../Core/Src/main.c:123:68: warning: unknown conversion type character '\x0d' in format [-Wformat=]
  123 |                   "Button (R, G, B) -> 0%, 20%, 40%, 60%, 80%, 100%\r\n"
      |                                                                    ^~
arm-none-eabi-gcc -o "lab7.elf" @"objects.list"   -mcpu=cortex-m7 -T"D:\STM32\Lab7\lab7\STM32F767ZITX_FLASH.ld" --specs=nosys.specs -Wl,-Map="lab7.map" -Wl,--gc-sections -static --specs=nano.specs -mfpu=fpv5-d16 -mfloat-abi=hard -mthumb -Wl,--start-group -lc -lm -Wl,--end-group
Finished building target: lab7.elf
 
arm-none-eabi-size  lab7.elf 
arm-none-eabi-objdump -h -S lab7.elf  > "lab7.list"
   text	   data	    bss	    dec	    hex	filename
  19488	     92	   2228	  21808	   5530	lab7.elf
Finished building: default.size.stdout
 
Finished building: lab7.list
 
13:02:18 **** Incremental Build of configuration Debug for project lab7 ****
make -j12 all 
arm-none-eabi-gcc "../Core/Src/main.c" -mcpu=cortex-m7 -std=gnu11 -g3 -DDEBUG -DUSE_HAL_DRIVER -DSTM32F767xx -c -I../Core/Inc -IC:/Users/Admin/STM32Cube/Repository/STM32Cube_FW_F7_V1.17.2/Drivers/STM32F7xx_HAL_Driver/Inc -IC:/Users/Admin/STM32Cube/Repository/STM32Cube_FW_F7_V1.17.2/Drivers/STM32F7xx_HAL_Driver/Inc/Legacy -IC:/Users/Admin/STM32Cube/Repository/STM32Cube_FW_F7_V1.17.2/Drivers/CMSIS/Device/ST/STM32F7xx/Include -IC:/Users/Admin/STM32Cube/Repository/STM32Cube_FW_F7_V1.17.2/Drivers/CMSIS/Include -O0 -ffunction-sections -fdata-sections -Wall -fstack-usage -fcyclomatic-complexity -MMD -MP -MF"Core/Src/main.d" -MT"Core/Src/main.o" --specs=nano.specs -mfpu=fpv5-d16 -mfloat-abi=hard -mthumb -o "Core/Src/main.o"
../Core/Src/main.c: In function 'main':
../Core/Src/main.c:123:42: warning: unknown conversion type character ',' in format [-Wformat=]
  123 |                   "Button (R, G, B) -> 0%, 20%, 40%, 60%, 80%, 100%\r\n"
      |                                          ^
../Core/Src/main.c:123:47: warning: unknown conversion type character ',' in format [-Wformat=]
  123 |                   "Button (R, G, B) -> 0%, 20%, 40%, 60%, 80%, 100%\r\n"
      |                                               ^
../Core/Src/main.c:123:52: warning: unknown conversion type character ',' in format [-Wformat=]
  123 |                   "Button (R, G, B) -> 0%, 20%, 40%, 60%, 80%, 100%\r\n"
      |                                                    ^
../Core/Src/main.c:123:57: warning: unknown conversion type character ',' in format [-Wformat=]
  123 |                   "Button (R, G, B) -> 0%, 20%, 40%, 60%, 80%, 100%\r\n"
      |                                                         ^
../Core/Src/main.c:123:62: warning: unknown conversion type character ',' in format [-Wformat=]
  123 |                   "Button (R, G, B) -> 0%, 20%, 40%, 60%, 80%, 100%\r\n"
      |                                                              ^
../Core/Src/main.c:123:68: warning: unknown conversion type character '\x0d' in format [-Wformat=]
  123 |                   "Button (R, G, B) -> 0%, 20%, 40%, 60%, 80%, 100%\r\n"
      |                                                                    ^~
arm-none-eabi-gcc -o "lab7.elf" @"objects.list"   -mcpu=cortex-m7 -T"D:\STM32\Lab7\lab7\STM32F767ZITX_FLASH.ld" --specs=nosys.specs -Wl,-Map="lab7.map" -Wl,--gc-sections -static --specs=nano.specs -mfpu=fpv5-d16 -mfloat-abi=hard -mthumb -Wl,--start-group -lc -lm -Wl,--end-group
Finished building target: lab7.elf
 
arm-none-eabi-size  lab7.elf 
arm-none-eabi-objdump -h -S lab7.elf  > "lab7.list"
   text	   data	    bss	    dec	    hex	filename
  19500	     92	   2228	  21820	   553c	lab7.elf
Finished building: default.size.stdout
 
Finished building: lab7.list
 
13:02:20 **** Incremental Build of configuration Debug for project lab7 ****
make -j12 all 
arm-none-eabi-size  lab7.elf 
   text	   data	    bss	    dec	    hex	filename
  19500	     92	   2228	  21820	   553c	lab7.elf
Finished building: default.size.stdout
 
13:03:35 **** Incremental Build of configuration Debug for project lab7 ****
make -j12 all 
arm-none-eabi-gcc "../Core/Src/main.c" -mcpu=cortex-m7 -std=gnu11 -g3 -DDEBUG -DUSE_HAL_DRIVER -DSTM32F767xx -c -I../Core/Inc -IC:/Users/Admin/STM32Cube/Repository/STM32Cube_FW_F7_V1.17.2/Drivers/STM32F7xx_HAL_Driver/Inc -IC:/Users/Admin/STM32Cube/Repository/STM32Cube_FW_F7_V1.17.2/Drivers/STM32F7xx_HAL_Driver/Inc/Legacy -IC:/Users/Admin/STM32Cube/Repository/STM32Cube_FW_F7_V1.17.2/Drivers/CMSIS/Device/ST/STM32F7xx/Include -IC:/Users/Admin/STM32Cube/Repository/STM32Cube_FW_F7_V1.17.2/Drivers/CMSIS/Include -O0 -ffunction-sections -fdata-sections -Wall -fstack-usage -fcyclomatic-complexity -MMD -MP -MF"Core/Src/main.d" -MT"Core/Src/main.o" --specs=nano.specs -mfpu=fpv5-d16 -mfloat-abi=hard -mthumb -o "Core/Src/main.o"
../Core/Src/main.c: In function 'main':
../Core/Src/main.c:123:42: warning: unknown conversion type character ',' in format [-Wformat=]
  123 |                   "Button (R, G, B) -> 0%, 20%, 40%, 60%, 80%, 100%\r\n"
      |                                          ^
../Core/Src/main.c:123:47: warning: unknown conversion type character ',' in format [-Wformat=]
  123 |                   "Button (R, G, B) -> 0%, 20%, 40%, 60%, 80%, 100%\r\n"
      |                                               ^
../Core/Src/main.c:123:52: warning: unknown conversion type character ',' in format [-Wformat=]
  123 |                   "Button (R, G, B) -> 0%, 20%, 40%, 60%, 80%, 100%\r\n"
      |                                                    ^
../Core/Src/main.c:123:57: warning: unknown conversion type character ',' in format [-Wformat=]
  123 |                   "Button (R, G, B) -> 0%, 20%, 40%, 60%, 80%, 100%\r\n"
      |                                                         ^
../Core/Src/main.c:123:62: warning: unknown conversion type character ',' in format [-Wformat=]
  123 |                   "Button (R, G, B) -> 0%, 20%, 40%, 60%, 80%, 100%\r\n"
      |                                                              ^
../Core/Src/main.c:123:68: warning: unknown conversion type character '\x0d' in format [-Wformat=]
  123 |                   "Button (R, G, B) -> 0%, 20%, 40%, 60%, 80%, 100%\r\n"
      |                                                                    ^~
arm-none-eabi-gcc -o "lab7.elf" @"objects.list"   -mcpu=cortex-m7 -T"D:\STM32\Lab7\lab7\STM32F767ZITX_FLASH.ld" --specs=nosys.specs -Wl,-Map="lab7.map" -Wl,--gc-sections -static --specs=nano.specs -mfpu=fpv5-d16 -mfloat-abi=hard -mthumb -Wl,--start-group -lc -lm -Wl,--end-group
Finished building target: lab7.elf
 
arm-none-eabi-size  lab7.elf 
arm-none-eabi-objdump -h -S lab7.elf  > "lab7.list"
   text	   data	    bss	    dec	    hex	filename
  19536	     92	   2228	  21856	   5560	lab7.elf
Finished building: default.size.stdout
 
Finished building: lab7.list
 
13:03:37 **** Incremental Build of configuration Debug for project lab7 ****
make -j12 all 
arm-none-eabi-size  lab7.elf 
   text	   data	    bss	    dec	    hex	filename
  19536	     92	   2228	  21856	   5560	lab7.elf
Finished building: default.size.stdout
 
13:03:56 **** Incremental Build of configuration Debug for project lab7 ****
make -j12 all 
arm-none-eabi-size  lab7.elf 
   text	   data	    bss	    dec	    hex	filename
  19536	     92	   2228	  21856	   5560	lab7.elf
Finished building: default.size.stdout
 
13:04:50 **** Incremental Build of configuration Debug for project lab7 ****
make -j12 all 
arm-none-eabi-gcc "../Core/Src/main.c" -mcpu=cortex-m7 -std=gnu11 -g3 -DDEBUG -DUSE_HAL_DRIVER -DSTM32F767xx -c -I../Core/Inc -IC:/Users/Admin/STM32Cube/Repository/STM32Cube_FW_F7_V1.17.2/Drivers/STM32F7xx_HAL_Driver/Inc -IC:/Users/Admin/STM32Cube/Repository/STM32Cube_FW_F7_V1.17.2/Drivers/STM32F7xx_HAL_Driver/Inc/Legacy -IC:/Users/Admin/STM32Cube/Repository/STM32Cube_FW_F7_V1.17.2/Drivers/CMSIS/Device/ST/STM32F7xx/Include -IC:/Users/Admin/STM32Cube/Repository/STM32Cube_FW_F7_V1.17.2/Drivers/CMSIS/Include -O0 -ffunction-sections -fdata-sections -Wall -fstack-usage -fcyclomatic-complexity -MMD -MP -MF"Core/Src/main.d" -MT"Core/Src/main.o" --specs=nano.specs -mfpu=fpv5-d16 -mfloat-abi=hard -mthumb -o "Core/Src/main.o"
../Core/Src/main.c: In function 'main':
../Core/Src/main.c:123:42: warning: unknown conversion type character ',' in format [-Wformat=]
  123 |                   "Button (R, G, B) -> 0%, 20%, 40%, 60%, 80%, 100%\r\n"
      |                                          ^
../Core/Src/main.c:123:47: warning: unknown conversion type character ',' in format [-Wformat=]
  123 |                   "Button (R, G, B) -> 0%, 20%, 40%, 60%, 80%, 100%\r\n"
      |                                               ^
../Core/Src/main.c:123:52: warning: unknown conversion type character ',' in format [-Wformat=]
  123 |                   "Button (R, G, B) -> 0%, 20%, 40%, 60%, 80%, 100%\r\n"
      |                                                    ^
../Core/Src/main.c:123:57: warning: unknown conversion type character ',' in format [-Wformat=]
  123 |                   "Button (R, G, B) -> 0%, 20%, 40%, 60%, 80%, 100%\r\n"
      |                                                         ^
../Core/Src/main.c:123:62: warning: unknown conversion type character ',' in format [-Wformat=]
  123 |                   "Button (R, G, B) -> 0%, 20%, 40%, 60%, 80%, 100%\r\n"
      |                                                              ^
../Core/Src/main.c:123:68: warning: unknown conversion type character '\x0d' in format [-Wformat=]
  123 |                   "Button (R, G, B) -> 0%, 20%, 40%, 60%, 80%, 100%\r\n"
      |                                                                    ^~
arm-none-eabi-gcc -o "lab7.elf" @"objects.list"   -mcpu=cortex-m7 -T"D:\STM32\Lab7\lab7\STM32F767ZITX_FLASH.ld" --specs=nosys.specs -Wl,-Map="lab7.map" -Wl,--gc-sections -static --specs=nano.specs -mfpu=fpv5-d16 -mfloat-abi=hard -mthumb -Wl,--start-group -lc -lm -Wl,--end-group
Finished building target: lab7.elf
 
arm-none-eabi-size  lab7.elf 
arm-none-eabi-objdump -h -S lab7.elf  > "lab7.list"
   text	   data	    bss	    dec	    hex	filename
  19536	     92	   2228	  21856	   5560	lab7.elf
Finished building: default.size.stdout
 
Finished building: lab7.list
 
13:04:52 **** Incremental Build of configuration Debug for project lab7 ****
make -j12 all 
arm-none-eabi-size  lab7.elf 
   text	   data	    bss	    dec	    hex	filename
  19536	     92	   2228	  21856	   5560	lab7.elf
Finished building: default.size.stdout
 
13:05:59 **** Incremental Build of configuration Debug for project lab7 ****
make -j12 all 
arm-none-eabi-gcc "../Core/Src/main.c" -mcpu=cortex-m7 -std=gnu11 -g3 -DDEBUG -DUSE_HAL_DRIVER -DSTM32F767xx -c -I../Core/Inc -IC:/Users/Admin/STM32Cube/Repository/STM32Cube_FW_F7_V1.17.2/Drivers/STM32F7xx_HAL_Driver/Inc -IC:/Users/Admin/STM32Cube/Repository/STM32Cube_FW_F7_V1.17.2/Drivers/STM32F7xx_HAL_Driver/Inc/Legacy -IC:/Users/Admin/STM32Cube/Repository/STM32Cube_FW_F7_V1.17.2/Drivers/CMSIS/Device/ST/STM32F7xx/Include -IC:/Users/Admin/STM32Cube/Repository/STM32Cube_FW_F7_V1.17.2/Drivers/CMSIS/Include -O0 -ffunction-sections -fdata-sections -Wall -fstack-usage -fcyclomatic-complexity -MMD -MP -MF"Core/Src/main.d" -MT"Core/Src/main.o" --specs=nano.specs -mfpu=fpv5-d16 -mfloat-abi=hard -mthumb -o "Core/Src/main.o"
../Core/Src/main.c: In function 'main':
../Core/Src/main.c:123:42: warning: unknown conversion type character ',' in format [-Wformat=]
  123 |                   "Button (R, G, B) -> 0%, 20%, 40%, 60%, 80%, 100%\r\n"
      |                                          ^
../Core/Src/main.c:123:47: warning: unknown conversion type character ',' in format [-Wformat=]
  123 |                   "Button (R, G, B) -> 0%, 20%, 40%, 60%, 80%, 100%\r\n"
      |                                               ^
../Core/Src/main.c:123:52: warning: unknown conversion type character ',' in format [-Wformat=]
  123 |                   "Button (R, G, B) -> 0%, 20%, 40%, 60%, 80%, 100%\r\n"
      |                                                    ^
../Core/Src/main.c:123:57: warning: unknown conversion type character ',' in format [-Wformat=]
  123 |                   "Button (R, G, B) -> 0%, 20%, 40%, 60%, 80%, 100%\r\n"
      |                                                         ^
../Core/Src/main.c:123:62: warning: unknown conversion type character ',' in format [-Wformat=]
  123 |                   "Button (R, G, B) -> 0%, 20%, 40%, 60%, 80%, 100%\r\n"
      |                                                              ^
../Core/Src/main.c:123:68: warning: unknown conversion type character '\x0d' in format [-Wformat=]
  123 |                   "Button (R, G, B) -> 0%, 20%, 40%, 60%, 80%, 100%\r\n"
      |                                                                    ^~
arm-none-eabi-gcc -o "lab7.elf" @"objects.list"   -mcpu=cortex-m7 -T"D:\STM32\Lab7\lab7\STM32F767ZITX_FLASH.ld" --specs=nosys.specs -Wl,-Map="lab7.map" -Wl,--gc-sections -static --specs=nano.specs -mfpu=fpv5-d16 -mfloat-abi=hard -mthumb -Wl,--start-group -lc -lm -Wl,--end-group
Finished building target: lab7.elf
 
arm-none-eabi-size  lab7.elf 
arm-none-eabi-objdump -h -S lab7.elf  > "lab7.list"
   text	   data	    bss	    dec	    hex	filename
  19536	     92	   2228	  21856	   5560	lab7.elf
Finished building: default.size.stdout
 
Finished building: lab7.list
 
