2025-01-27 22:42:16,886 [INFO] Activator:176 - 


2025-01-27 22:42:16,892 [INFO] Activator:177 - !SESSION log4j initialized
2025-01-27 22:42:21,010 [INFO] LogOutputStream:77 - [STDOUT_REDIRECT] 
2025-01-27 22:42:21,803 [INFO] ApplicationProperties:184 - Using Application install path: C:\ST\STM32CubeIDE_1.17.0\STM32CubeIDE\plugins\com.st.stm32cube.common.mx_6.13.0.202411220809
2025-01-27 22:42:21,816 [INFO] DbMcusXml:78 - Set database path to: C:\ST\STM32CubeIDE_1.17.0\STM32CubeIDE\plugins\com.st.stm32cube.common.mx_6.13.0.202411220809\\db\/mcu/
2025-01-27 22:42:21,816 [INFO] ApiDb:274 - Set plugin database path to: C:\ST\STM32CubeIDE_1.17.0\STM32CubeIDE\plugins\com.st.stm32cube.common.mx_6.13.0.202411220809\\db\/plugins/boardmanager/
2025-01-27 22:42:21,818 [WARN] ApiDb:259 - Overriding images path with different value:  => C:\ST\STM32CubeIDE_1.17.0\STM32CubeIDE\plugins\com.st.stm32cube.common.mx_6.13.0.202411220809\\db\/plugins/mcufinder/images/
2025-01-27 22:42:21,823 [INFO] ApiDb:250 - Set database path to: C:\Users\Admin\.stmcufinder\plugins\mcufinder//mcu/
2025-01-27 22:42:21,824 [INFO] DbMcusAds:125 - Set database path to: C:\Users\Admin\.stmcufinder\plugins\mcufinder//mcu/
2025-01-27 22:42:21,827 [INFO] CrossReferenceDbSqlite:203 - Set database path to: C:\Users\Admin\.stmcufinder\plugins\mcufinder//mcu/cs/
2025-01-27 22:42:21,941 [INFO] RulesReader:64 - Compatibility file has been processed (297 Rules)
2025-01-27 22:42:22,035 [INFO] DbMcusXml:78 - Set database path to: C:\ST\STM32CubeIDE_1.17.0\STM32CubeIDE\plugins\com.st.stm32cube.common.mx_6.13.0.202411220809\\db\/mcu/
2025-01-27 22:42:22,035 [INFO] ApiDb:274 - Set plugin database path to: C:\ST\STM32CubeIDE_1.17.0\STM32CubeIDE\plugins\com.st.stm32cube.common.mx_6.13.0.202411220809\\db\/plugins/boardmanager/
2025-01-27 22:42:22,035 [INFO] ApiDb:261 - Set plugin images path to: C:\ST\STM32CubeIDE_1.17.0\STM32CubeIDE\plugins\com.st.stm32cube.common.mx_6.13.0.202411220809\\db\/plugins/mcufinder/images/
2025-01-27 22:42:22,035 [WARN] DbFile:41 - Overriding database path with different value: C:\Users\Admin\.stmcufinder\plugins\mcufinder/ => C:\Users\Admin\.stmcufinder\plugins\mcufinder
2025-01-27 22:42:22,035 [INFO] ApiDb:250 - Set database path to: C:\Users\Admin\.stmcufinder\plugins\mcufinder//mcu/
2025-01-27 22:42:22,035 [WARN] DbFile:41 - Overriding database path with different value: C:\Users\Admin\.stmcufinder\plugins\mcufinder/ => C:\Users\Admin\.stmcufinder\plugins\mcufinder
2025-01-27 22:42:22,035 [INFO] DbMcusAds:125 - Set database path to: C:\Users\Admin\.stmcufinder\plugins\mcufinder//mcu/
2025-01-27 22:42:22,037 [WARN] DbFile:41 - Overriding database path with different value: C:\Users\Admin\.stmcufinder\plugins\mcufinder/ => C:\Users\Admin\.stmcufinder\plugins\mcufinder
2025-01-27 22:42:22,037 [WARN] DbFile:41 - Overriding database path with different value: C:\Users\Admin\.stmcufinder\plugins\mcufinder/ => C:\Users\Admin\.stmcufinder\plugins\mcufinder
2025-01-27 22:42:22,037 [INFO] CrossReferenceDbSqlite:203 - Set database path to: C:\Users\Admin\.stmcufinder\plugins\mcufinder//mcu/cs/
2025-01-27 22:42:22,116 [INFO] MainPanel:272 - HeapMemory: 268435456
2025-01-27 22:42:22,225 [INFO] DbMcusXml:78 - Set database path to: C:\ST\STM32CubeIDE_1.17.0\STM32CubeIDE\plugins\com.st.stm32cube.common.mx_6.13.0.202411220809\\db\/mcu/
2025-01-27 22:42:22,226 [INFO] ApiDb:274 - Set plugin database path to: C:\ST\STM32CubeIDE_1.17.0\STM32CubeIDE\plugins\com.st.stm32cube.common.mx_6.13.0.202411220809\\db\/plugins/boardmanager/
2025-01-27 22:42:22,226 [INFO] ApiDb:261 - Set plugin images path to: C:\ST\STM32CubeIDE_1.17.0\STM32CubeIDE\plugins\com.st.stm32cube.common.mx_6.13.0.202411220809\\db\/plugins/mcufinder/images/
2025-01-27 22:42:22,226 [WARN] DbFile:41 - Overriding database path with different value: C:\Users\Admin\.stmcufinder\plugins\mcufinder/ => C:\Users\Admin\.stmcufinder\plugins\mcufinder
2025-01-27 22:42:22,226 [INFO] ApiDb:250 - Set database path to: C:\Users\Admin\.stmcufinder\plugins\mcufinder//mcu/
2025-01-27 22:42:22,226 [WARN] DbFile:41 - Overriding database path with different value: C:\Users\Admin\.stmcufinder\plugins\mcufinder/ => C:\Users\Admin\.stmcufinder\plugins\mcufinder
2025-01-27 22:42:22,226 [INFO] DbMcusAds:125 - Set database path to: C:\Users\Admin\.stmcufinder\plugins\mcufinder//mcu/
2025-01-27 22:42:22,226 [WARN] DbFile:41 - Overriding database path with different value: C:\Users\Admin\.stmcufinder\plugins\mcufinder/ => C:\Users\Admin\.stmcufinder\plugins\mcufinder
2025-01-27 22:42:22,226 [WARN] DbFile:41 - Overriding database path with different value: C:\Users\Admin\.stmcufinder\plugins\mcufinder/ => C:\Users\Admin\.stmcufinder\plugins\mcufinder
2025-01-27 22:42:22,226 [INFO] CrossReferenceDbSqlite:203 - Set database path to: C:\Users\Admin\.stmcufinder\plugins\mcufinder//mcu/cs/
2025-01-27 22:42:22,244 [INFO] ApplicationProperties:184 - Using Application install path: C:\ST\STM32CubeIDE_1.17.0\STM32CubeIDE\plugins\com.st.stm32cube.common.mx_6.13.0.202411220809
2025-01-27 22:42:22,244 [INFO] PluginManage:196 - Search for loadable plugins [exclusion list=, ]
2025-01-27 22:42:22,246 [INFO] PluginManage:310 - Check plugin analytics
2025-01-27 22:42:22,401 [INFO] AnalyticsPlugin:253 - Accepted Software Licenses: 
2025-01-27 22:42:22,401 [INFO] AnalyticsPlugin:255 - Accepted CMSIS Pack Licenses: 
2025-01-27 22:42:22,401 [INFO] AnalyticsPlugin:257 - Accepted Firmware Licenses: FW.F7.1.17.0
2025-01-27 22:42:22,404 [INFO] PluginManage:359 - Loaded plugin analytics (category:tool,tabindex:-1)
2025-01-27 22:42:22,404 [INFO] PluginManage:310 - Check plugin cadmodel
2025-01-27 22:42:22,409 [INFO] CADModel:105 - Init CAD model plugin
2025-01-27 22:42:22,409 [INFO] PluginManage:359 - Loaded plugin cadmodel (category:power,tabindex:5)
2025-01-27 22:42:22,410 [INFO] PluginManage:310 - Check plugin clock
2025-01-27 22:42:22,421 [INFO] PluginManage:359 - Loaded plugin clock (category:base,tabindex:2)
2025-01-27 22:42:22,421 [INFO] PluginManage:310 - Check plugin ddr
2025-01-27 22:42:22,426 [INFO] PluginManage:359 - Loaded plugin ddr (category:tool,tabindex:6)
2025-01-27 22:42:22,426 [INFO] PluginManage:310 - Check plugin filemanager
2025-01-27 22:42:22,531 [INFO] PluginManage:359 - Loaded plugin filemanager (category:base,tabindex:10)
2025-01-27 22:42:22,531 [INFO] PluginManage:310 - Check plugin ipmanager
2025-01-27 22:42:22,538 [INFO] PluginManage:359 - Loaded plugin ipmanager (category:base,tabindex:5)
2025-01-27 22:42:22,538 [INFO] PluginManage:310 - Check plugin lpbam
2025-01-27 22:42:22,544 [INFO] PluginManage:359 - Loaded plugin lpbam (category:base,tabindex:0)
2025-01-27 22:42:22,544 [INFO] PluginManage:310 - Check plugin memorymap
2025-01-27 22:42:22,556 [INFO] PluginManage:359 - Loaded plugin memorymap (category:base,tabindex:4)
2025-01-27 22:42:22,556 [INFO] PluginManage:310 - Check plugin pinoutandconfiguration
2025-01-27 22:42:22,563 [INFO] PluginManage:359 - Loaded plugin pinoutandconfiguration (category:base,tabindex:1)
2025-01-27 22:42:22,563 [INFO] PluginManage:310 - Check plugin pinoutconfig
2025-01-27 22:42:22,640 [WARN] SupportedApi:132 - Cannot load RTOS API schema: s4s-elt-must-match.1: The content of 'definitions' must match (annotation?, (simpleType | complexType)?, (unique | key | keyref)*)). A problem was found starting at: attribute.
2025-01-27 22:42:22,742 [INFO] PluginManage:359 - Loaded plugin pinoutconfig (category:base,tabindex:0)
2025-01-27 22:42:22,742 [INFO] PluginManage:310 - Check plugin power
2025-01-27 22:42:22,751 [INFO] PluginManage:359 - Loaded plugin power (category:power,tabindex:4)
2025-01-27 22:42:22,751 [INFO] PluginManage:310 - Check plugin projectmanager
2025-01-27 22:42:22,763 [INFO] PluginManage:359 - Loaded plugin projectmanager (category:projectmanager,tabindex:4)
2025-01-27 22:42:22,763 [INFO] PluginManage:310 - Check plugin rif
2025-01-27 22:42:22,772 [INFO] PluginManage:359 - Loaded plugin rif (category:base,tabindex:3)
2025-01-27 22:42:22,772 [INFO] PluginManage:310 - Check plugin thirdparty
2025-01-27 22:42:22,882 [INFO] PluginManage:359 - Loaded plugin thirdparty (category:base,tabindex:-1)
2025-01-27 22:42:22,882 [WARN] IntegrityCheckThread:84 - waiting for thirdparty lock release [integrity check]
2025-01-27 22:42:22,882 [INFO] IntegrityCheckThread:86 - entering critical section [integrity check]
2025-01-27 22:42:22,882 [INFO] PluginManage:310 - Check plugin tools
2025-01-27 22:42:22,882 [INFO] ThirdPartyUpdaterWithRetryManager:70 - Updater plugin not ready yet. [1/15]
2025-01-27 22:42:22,884 [INFO] PluginManage:359 - Loaded plugin tools (category:base,tabindex:7)
2025-01-27 22:42:22,884 [INFO] PluginManage:310 - Check plugin tutovideos
2025-01-27 22:42:23,029 [INFO] PluginManage:359 - Loaded plugin tutovideos (category:base,tabindex:-1)
2025-01-27 22:42:23,029 [INFO] PluginManage:310 - Check plugin updater
2025-01-27 22:42:23,050 [INFO] PluginManage:359 - Loaded plugin updater (category:base,tabindex:12)
2025-01-27 22:42:23,050 [INFO] PluginManage:310 - Check plugin userauth
2025-01-27 22:42:23,053 [INFO] UserAuth:118 - Init User Auth plugin
2025-01-27 22:42:23,055 [INFO] PluginManage:359 - Loaded plugin userauth (category:base,tabindex:14)
2025-01-27 22:42:23,055 [INFO] PluginManage:283 - PluginManage : Loaded plugins [18]
2025-01-27 22:42:23,208 [INFO] PinOutPanel:1589 - setPackage(No Configuration,No Configuration)
2025-01-27 22:42:23,274 [INFO] CADModel:165 - CPN selected for project level
2025-01-27 22:42:23,274 [INFO] CADModel:114 - Register for checkConnection events
2025-01-27 22:42:23,286 [INFO] IPUIPlugin:80 - create IPUIPlugin
2025-01-27 22:42:23,286 [INFO] PluginManager:220 - loadIPPluginJar : add adc
2025-01-27 22:42:23,288 [INFO] IPUIPlugin:80 - create IPUIPlugin
2025-01-27 22:42:23,288 [INFO] PluginManager:220 - loadIPPluginJar : add aes
2025-01-27 22:42:23,289 [INFO] IPUIPlugin:80 - create IPUIPlugin
2025-01-27 22:42:23,289 [INFO] PluginManager:220 - loadIPPluginJar : add can
2025-01-27 22:42:23,291 [INFO] IPUIPlugin:80 - create IPUIPlugin
2025-01-27 22:42:23,291 [INFO] PluginManager:220 - loadIPPluginJar : add comp
2025-01-27 22:42:23,292 [INFO] IPUIPlugin:80 - create IPUIPlugin
2025-01-27 22:42:23,292 [INFO] PluginManager:220 - loadIPPluginJar : add cryp
2025-01-27 22:42:23,295 [INFO] IPUIPlugin:80 - create IPUIPlugin
2025-01-27 22:42:23,295 [INFO] PluginManager:220 - loadIPPluginJar : add ddr_ctrl_phy
2025-01-27 22:42:23,297 [INFO] IPUIPlugin:80 - create IPUIPlugin
2025-01-27 22:42:23,297 [INFO] PluginManager:220 - loadIPPluginJar : add dfsdm
2025-01-27 22:42:23,300 [INFO] IPUIPlugin:80 - create IPUIPlugin
2025-01-27 22:42:23,300 [INFO] PluginManager:220 - loadIPPluginJar : add dma
2025-01-27 22:42:23,301 [INFO] IPUIPlugin:80 - create IPUIPlugin
2025-01-27 22:42:23,303 [INFO] PluginManager:220 - loadIPPluginJar : add dma3
2025-01-27 22:42:23,304 [INFO] IPUIPlugin:80 - create IPUIPlugin
2025-01-27 22:42:23,304 [INFO] PluginManager:220 - loadIPPluginJar : add extmemmanager
2025-01-27 22:42:23,304 [INFO] IPUIPlugin:80 - create IPUIPlugin
2025-01-27 22:42:23,304 [INFO] PluginManager:220 - loadIPPluginJar : add fatfs
2025-01-27 22:42:23,307 [INFO] IPUIPlugin:80 - create IPUIPlugin
2025-01-27 22:42:23,307 [INFO] PluginManager:220 - loadIPPluginJar : add fmc
2025-01-27 22:42:23,312 [INFO] IPUIPlugin:80 - create IPUIPlugin
2025-01-27 22:42:23,312 [INFO] PluginManager:220 - loadIPPluginJar : add freertos
2025-01-27 22:42:23,313 [INFO] IPUIPlugin:80 - create IPUIPlugin
2025-01-27 22:42:23,313 [INFO] PluginManager:220 - loadIPPluginJar : add genericplugin
2025-01-27 22:42:23,315 [INFO] IPUIPlugin:80 - create IPUIPlugin
2025-01-27 22:42:23,315 [INFO] PluginManager:220 - loadIPPluginJar : add gfxmmu
2025-01-27 22:42:23,317 [INFO] IPUIPlugin:80 - create IPUIPlugin
2025-01-27 22:42:23,317 [INFO] PluginManager:220 - loadIPPluginJar : add gic
2025-01-27 22:42:23,320 [INFO] IPUIPlugin:80 - create IPUIPlugin
2025-01-27 22:42:23,320 [INFO] PluginManager:220 - loadIPPluginJar : add gpio
2025-01-27 22:42:23,321 [INFO] IPUIPlugin:80 - create IPUIPlugin
2025-01-27 22:42:23,321 [INFO] PluginManager:220 - loadIPPluginJar : add gtzc
2025-01-27 22:42:23,323 [INFO] IPUIPlugin:80 - create IPUIPlugin
2025-01-27 22:42:23,323 [INFO] PluginManager:220 - loadIPPluginJar : add hash
2025-01-27 22:42:23,324 [INFO] IPUIPlugin:80 - create IPUIPlugin
2025-01-27 22:42:23,324 [INFO] PluginManager:220 - loadIPPluginJar : add i2c
2025-01-27 22:42:23,326 [INFO] IPUIPlugin:80 - create IPUIPlugin
2025-01-27 22:42:23,326 [INFO] PluginManager:220 - loadIPPluginJar : add i2s
2025-01-27 22:42:23,327 [INFO] IPUIPlugin:80 - create IPUIPlugin
2025-01-27 22:42:23,327 [INFO] PluginManager:220 - loadIPPluginJar : add i3c
2025-01-27 22:42:23,330 [INFO] IPUIPlugin:80 - create IPUIPlugin
2025-01-27 22:42:23,330 [INFO] PluginManager:220 - loadIPPluginJar : add ipddr
2025-01-27 22:42:23,335 [INFO] IPUIPlugin:80 - create IPUIPlugin
2025-01-27 22:42:23,335 [INFO] PluginManager:220 - loadIPPluginJar : add linkedlist
2025-01-27 22:42:23,336 [INFO] IPUIPlugin:80 - create IPUIPlugin
2025-01-27 22:42:23,336 [INFO] PluginManager:220 - loadIPPluginJar : add lorawan
2025-01-27 22:42:23,338 [INFO] IPUIPlugin:80 - create IPUIPlugin
2025-01-27 22:42:23,338 [INFO] PluginManager:220 - loadIPPluginJar : add ltdc
2025-01-27 22:42:23,341 [INFO] IPUIPlugin:80 - create IPUIPlugin
2025-01-27 22:42:23,341 [INFO] PluginManager:220 - loadIPPluginJar : add mdma
2025-01-27 22:42:23,344 [INFO] IPUIPlugin:80 - create IPUIPlugin
2025-01-27 22:42:23,344 [INFO] PluginManager:220 - loadIPPluginJar : add nvic
2025-01-27 22:42:23,347 [INFO] IPUIPlugin:80 - create IPUIPlugin
2025-01-27 22:42:23,347 [INFO] PluginManager:220 - loadIPPluginJar : add opamp
2025-01-27 22:42:23,348 [INFO] IPUIPlugin:80 - create IPUIPlugin
2025-01-27 22:42:23,348 [INFO] PluginManager:220 - loadIPPluginJar : add openamp
2025-01-27 22:42:23,351 [INFO] IPUIPlugin:80 - create IPUIPlugin
2025-01-27 22:42:23,351 [INFO] PluginManager:220 - loadIPPluginJar : add pdm2pcm
2025-01-27 22:42:23,354 [INFO] IPUIPlugin:80 - create IPUIPlugin
2025-01-27 22:42:23,356 [INFO] PluginManager:220 - loadIPPluginJar : add plateformsettings
2025-01-27 22:42:23,357 [INFO] IPUIPlugin:80 - create IPUIPlugin
2025-01-27 22:42:23,357 [INFO] PluginManager:220 - loadIPPluginJar : add quadspi
2025-01-27 22:42:23,359 [INFO] IPUIPlugin:80 - create IPUIPlugin
2025-01-27 22:42:23,361 [INFO] PluginManager:220 - loadIPPluginJar : add radio
2025-01-27 22:42:23,362 [INFO] IPUIPlugin:80 - create IPUIPlugin
2025-01-27 22:42:23,362 [INFO] PluginManager:220 - loadIPPluginJar : add resmgrutility
2025-01-27 22:42:23,365 [INFO] IPUIPlugin:80 - create IPUIPlugin
2025-01-27 22:42:23,365 [INFO] PluginManager:220 - loadIPPluginJar : add sai
2025-01-27 22:42:23,367 [INFO] IPUIPlugin:80 - create IPUIPlugin
2025-01-27 22:42:23,367 [INFO] PluginManager:220 - loadIPPluginJar : add spi
2025-01-27 22:42:23,370 [INFO] IPUIPlugin:80 - create IPUIPlugin
2025-01-27 22:42:23,370 [INFO] PluginManager:220 - loadIPPluginJar : add stm32_wpan
2025-01-27 22:42:23,371 [INFO] IPUIPlugin:80 - create IPUIPlugin
2025-01-27 22:42:23,371 [INFO] PluginManager:220 - loadIPPluginJar : add tim
2025-01-27 22:42:23,374 [INFO] IPUIPlugin:80 - create IPUIPlugin
2025-01-27 22:42:23,374 [INFO] PluginManager:220 - loadIPPluginJar : add touchsensing
2025-01-27 22:42:23,376 [INFO] IPUIPlugin:80 - create IPUIPlugin
2025-01-27 22:42:23,376 [INFO] PluginManager:220 - loadIPPluginJar : add tracer_emb
2025-01-27 22:42:23,377 [INFO] IPUIPlugin:80 - create IPUIPlugin
2025-01-27 22:42:23,377 [INFO] PluginManager:220 - loadIPPluginJar : add ts
2025-01-27 22:42:23,379 [INFO] IPUIPlugin:80 - create IPUIPlugin
2025-01-27 22:42:23,379 [INFO] PluginManager:220 - loadIPPluginJar : add tsc
2025-01-27 22:42:23,380 [INFO] IPUIPlugin:80 - create IPUIPlugin
2025-01-27 22:42:23,380 [INFO] PluginManager:220 - loadIPPluginJar : add ucpd
2025-01-27 22:42:23,383 [INFO] IPUIPlugin:80 - create IPUIPlugin
2025-01-27 22:42:23,383 [INFO] PluginManager:220 - loadIPPluginJar : add usart
2025-01-27 22:42:23,386 [INFO] IPUIPlugin:80 - create IPUIPlugin
2025-01-27 22:42:23,386 [INFO] PluginManager:220 - loadIPPluginJar : add usbx
2025-01-27 22:42:23,496 [FATAL] Updater:351 - Updater called before beeing initialized
2025-01-27 22:42:23,528 [INFO] RulesReader:64 - Compatibility file has been processed (297 Rules)
2025-01-27 22:42:23,537 [INFO] RulesReader:64 - Compatibility file has been processed (297 Rules)
2025-01-27 22:42:23,544 [INFO] CADModel:165 - CPN selected for project level
2025-01-27 22:42:23,544 [INFO] CADModel:114 - Register for checkConnection events
2025-01-27 22:42:23,544 [FATAL] Updater:351 - Updater called before beeing initialized
2025-01-27 22:42:23,544 [ERROR] CADModel:125 - Updater not yet initialized, retry later 
2025-01-27 22:42:23,639 [FATAL] Updater:351 - Updater called before beeing initialized
2025-01-27 22:42:23,641 [INFO] CADModel:165 - CPN selected for project level
2025-01-27 22:42:23,641 [INFO] CADModel:114 - Register for checkConnection events
2025-01-27 22:42:23,641 [FATAL] Updater:351 - Updater called before beeing initialized
2025-01-27 22:42:23,641 [ERROR] CADModel:125 - Updater not yet initialized, retry later 
2025-01-27 22:42:23,642 [FATAL] Updater:351 - Updater called before beeing initialized
2025-01-27 22:42:23,721 [FATAL] Updater:351 - Updater called before beeing initialized
2025-01-27 22:42:23,724 [INFO] DbMcusAds:53 - JSON generation date=Tue Dec 17 23:01:15 ICT 2024 (1734451275111)
2025-01-27 22:42:23,724 [FATAL] Updater:351 - Updater called before beeing initialized
2025-01-27 22:42:23,754 [WARN] DetailPanel:346 - Failed to get advertising image, set to default
2025-01-27 22:42:23,911 [FATAL] Updater:351 - Updater called before beeing initialized
2025-01-27 22:42:23,914 [FATAL] Updater:351 - Updater called before beeing initialized
2025-01-27 22:42:23,914 [FATAL] Updater:351 - Updater called before beeing initialized
2025-01-27 22:42:23,914 [WARN] DetailPanel:346 - Failed to get advertising image, set to default
2025-01-27 22:42:23,914 [FATAL] Updater:351 - Updater called before beeing initialized
2025-01-27 22:42:23,964 [ERROR] Updater:1198 - MainUpdater not yet initialized. External WinMGr cannot be set.
2025-01-27 22:42:23,966 [INFO] Updater:1134 - Updater Version found : 6.13.0
2025-01-27 22:42:23,980 [INFO] ApplicationProperties:184 - Using Application install path: C:\ST\STM32CubeIDE_1.17.0\STM32CubeIDE\plugins\com.st.stm32cube.common.mx_6.13.0.202411220809
2025-01-27 22:42:25,562 [ERROR] LogOutputStream:75 - [STDERR_REDIRECT] Jan 27, 2025 10:42:25 PM java.util.prefs.WindowsPreferences <init>
2025-01-27 22:42:25,563 [ERROR] LogOutputStream:75 - [STDERR_REDIRECT] WARNING: Could not open/create prefs root node Software\JavaSoft\Prefs at root 0xffffffff80000002. Windows RegCreateKeyEx(...) returned error code 5.
2025-01-27 22:42:25,563 [ERROR] LogOutputStream:75 - [STDERR_REDIRECT] 
2025-01-27 22:42:25,883 [INFO] ThirdPartyUpdaterWithRetryManager:70 - Updater plugin not ready yet. [2/15]
2025-01-27 22:42:26,886 [INFO] MainUpdater:2872 - connection check result : 10
2025-01-27 22:42:26,886 [INFO] MainUpdater:289 - Updater Check For Update Now.
2025-01-27 22:42:26,888 [INFO] MicroXplorer:498 - Change Database Version : DB.6.0.130
2025-01-27 22:42:26,891 [INFO] McuFinderGlobals:63 - Set McuFinder mode to 2 (CubeIDE integrated)
2025-01-27 22:42:26,891 [INFO] UserAuth:171 - activating auth plugin
2025-01-27 22:42:26,894 [INFO] UserAuth:486 - Internet connection configuration mode: 1
2025-01-27 22:42:26,915 [INFO] JxBrowserEngine:152 - Initiate JxBrowser Engine with user profile folder
2025-01-27 22:42:27,049 [INFO] CheckServerUpdateThread:120 - End of CheckServer Thread
2025-01-27 22:42:27,764 [INFO] WebApp:168 - Instantiating new browser for Auth
2025-01-27 22:42:28,291 [INFO] WebApp:449 - Apply proxy settings
2025-01-27 22:42:28,291 [INFO] WebApp:534 - Chromium requires no authentication
2025-01-27 22:42:28,298 [INFO] WebApp:477 - Direct internet connection detected
2025-01-27 22:42:28,315 [INFO] WebApp:880 - Register for checkConnection events
2025-01-27 22:42:28,315 [INFO] WebApp:449 - Apply proxy settings
2025-01-27 22:42:28,315 [INFO] WebApp:534 - Chromium requires no authentication
2025-01-27 22:42:28,315 [INFO] WebApp:477 - Direct internet connection detected
2025-01-27 22:42:28,430 [INFO] WebApp:221 - Starting web application
2025-01-27 22:42:28,430 [INFO] WebApp:579 - Web application path used C:\ST\STM32CubeIDE_1.17.0\STM32CubeIDE\plugins\com.st.stm32cube.common.mx_6.13.0.202411220809\db\plugins\mcufinder\reactClient1\index.html
2025-01-27 22:42:28,601 [ERROR] LogOutputStream:75 - [STDERR_REDIRECT] [Fatal Error] :1:1: Premature end of file.
2025-01-27 22:42:28,601 [ERROR] LogOutputStream:75 - [STDERR_REDIRECT] 
2025-01-27 22:42:28,722 [INFO] WebApp:187 - Connection restablished
2025-01-27 22:42:29,020 [WARN] PackLoader:240 - Cannot read IP mode file for STMicroelectronics.FP-SNS-MOTENVWB1.1.4.0
2025-01-27 22:42:29,030 [WARN] PackLoader:240 - Cannot read IP mode file for STMicroelectronics.X-CUBE-SMBUS.2.1.0
2025-01-27 22:42:29,039 [WARN] PackLoader:240 - Cannot read IP mode file for STMicroelectronics.X-CUBE-WB05N.1.1.0
2025-01-27 22:42:29,072 [WARN] PackLoader:240 - Cannot read IP mode file for STMicroelectronics.X-CUBE-AZRTOS-F7.1.1.0
2025-01-27 22:42:29,078 [WARN] PackLoader:240 - Cannot read IP mode file for STMicroelectronics.FP-SNS-FLIGHT1.5.0.2
2025-01-27 22:42:29,113 [WARN] PackLoader:240 - Cannot read IP mode file for Infineon.AIROC-Wi-Fi-Bluetooth-STM32.1.7.0
2025-01-27 22:42:29,125 [WARN] PackLoader:240 - Cannot read IP mode file for STMicroelectronics.X-CUBE-DISPLAY.3.0.0
2025-01-27 22:42:29,134 [WARN] PackLoader:240 - Cannot read IP mode file for STMicroelectronics.X-CUBE-BLE1.7.0.0
2025-01-27 22:42:29,140 [WARN] PackLoader:240 - Cannot read IP mode file for STMicroelectronics.X-CUBE-NFC10.1.0.0
2025-01-27 22:42:29,144 [WARN] PackLoader:240 - Cannot read IP mode file for emotas.I-CUBE-CANOPEN.1.3.0
2025-01-27 22:42:29,147 [WARN] PackLoader:240 - Cannot read IP mode file for STMicroelectronics.X-CUBE-AI.10.0.0
2025-01-27 22:42:29,150 [WARN] PackLoader:240 - Cannot read IP mode file for STMicroelectronics.FP-SNS-SMARTAG2.1.2.0
2025-01-27 22:42:29,180 [WARN] PackLoader:240 - Cannot read IP mode file for STMicroelectronics.X-CUBE-MEMS1.11.1.0
2025-01-27 22:42:29,256 [INFO] LogOutputStream:77 - [STDOUT_REDIRECT] 1 : Invalid condition id : UX_CORESTACK_Condition cause : null
2025-01-27 22:42:29,257 [INFO] LogOutputStream:77 - [STDOUT_REDIRECT] 1 : Invalid condition id : UX_CORESTACK_Condition cause : null
2025-01-27 22:42:29,257 [INFO] LogOutputStream:77 - [STDOUT_REDIRECT] 1 : Invalid condition id : UX_CORESTACK_Condition cause : null
2025-01-27 22:42:29,259 [INFO] LogOutputStream:77 - [STDOUT_REDIRECT] 1 : Invalid condition id : UX_CORESTACK_Condition cause : null
2025-01-27 22:42:29,259 [INFO] LogOutputStream:77 - [STDOUT_REDIRECT] 1 : Invalid condition id : UX_CORESTACK_Condition cause : null
2025-01-27 22:42:29,260 [WARN] PackLoader:240 - Cannot read IP mode file for STMicroelectronics.X-CUBE-AZRTOS-WL.2.0.0
2025-01-27 22:42:29,265 [WARN] PackLoader:240 - Cannot read IP mode file for STMicroelectronics.FP-SNS-MOTENV1.5.0.0
2025-01-27 22:42:29,268 [WARN] PackLoader:240 - Cannot read IP mode file for wolfSSL.I-CUBE-wolfMQTT.1.19.0
2025-01-27 22:42:29,273 [WARN] PackLoader:240 - Cannot read IP mode file for WES.I-CUBE-Cesium.1.3.0
2025-01-27 22:42:29,276 [WARN] PackLoader:240 - Cannot read IP mode file for STMicroelectronics.X-CUBE-BLE2.3.3.0
2025-01-27 22:42:29,280 [WARN] PackLoader:240 - Cannot read IP mode file for STMicroelectronics.X-CUBE-NFC9.1.0.0
2025-01-27 22:42:29,288 [WARN] PackLoader:240 - Cannot read IP mode file for STMicroelectronics.X-CUBE-AZRTOS-G0.1.1.0
2025-01-27 22:42:29,292 [WARN] PackLoader:240 - Cannot read IP mode file for STMicroelectronics.X-CUBE-SAFEA1.1.2.2
2025-01-27 22:42:29,295 [WARN] PackLoader:240 - Cannot read IP mode file for STMicroelectronics.X-CUBE-NFC4.3.0.0
2025-01-27 22:42:29,301 [WARN] PackLoader:240 - Cannot read IP mode file for EmbeddedOffice.I-CUBE-FS-RTOS.1.0.1
2025-01-27 22:42:29,304 [WARN] PackLoader:240 - Cannot read IP mode file for STMicroelectronics.X-CUBE-TCPP.4.2.0
2025-01-27 22:42:29,309 [WARN] PackLoader:240 - Cannot read IP mode file for RealThread.X-CUBE-RT-Thread_Nano.4.1.1
2025-01-27 22:42:29,312 [WARN] PackLoader:240 - Cannot read IP mode file for STMicroelectronics.FP-ATR-SIGFOX1.3.2.0
2025-01-27 22:42:29,315 [WARN] ConditionMgr:438 - getConditionDescription Invalid condition id : Cortex-A Device cause : null
2025-01-27 22:42:29,324 [WARN] ConditionMgr:1044 - genDependencies : Invalid condition id : Cortex-A Device cause : null
2025-01-27 22:42:29,324 [WARN] ConditionMgr:1044 - genDependencies : Invalid condition id : Cortex-A Device cause : null
2025-01-27 22:42:29,324 [WARN] ConditionMgr:1044 - genDependencies : Invalid condition id : Cortex-A Device cause : null
2025-01-27 22:42:29,329 [WARN] PackLoader:240 - Cannot read IP mode file for STMicroelectronics.X-CUBE-EEPRMA1.5.1.0
2025-01-27 22:42:29,332 [WARN] PackLoader:240 - Cannot read IP mode file for wolfSSL.I-CUBE-wolfSSL.5.7.6
2025-01-27 22:42:29,335 [WARN] PackLoader:240 - Cannot read IP mode file for ITTIA_DB.I-CUBE-ITTIADB.8.9.0
2025-01-27 22:42:29,352 [WARN] PackLoader:240 - Cannot read IP mode file for SEGGER.I-CUBE-embOS.1.3.1
2025-01-27 22:42:29,373 [WARN] PackLoader:240 - Cannot read IP mode file for STMicroelectronics.X-CUBE-ALGOBUILD.1.4.0
2025-01-27 22:42:29,376 [WARN] PackLoader:240 - Cannot read IP mode file for STMicroelectronics.X-CUBE-AI.9.1.0
2025-01-27 22:42:29,383 [WARN] PackLoader:240 - Cannot read IP mode file for STMicroelectronics.X-CUBE-AZRTOS-F4.1.1.0
2025-01-27 22:42:29,390 [WARN] PackLoader:240 - Cannot read IP mode file for STMicroelectronics.X-CUBE-ISPU.2.1.0
2025-01-27 22:42:29,399 [WARN] PackLoader:240 - Cannot read IP mode file for STMicroelectronics.X-CUBE-AZRTOS-L5.2.0.0
2025-01-27 22:42:29,407 [WARN] PackLoader:240 - Cannot read IP mode file for STMicroelectronics.X-CUBE-NFC6.3.1.0
2025-01-27 22:42:29,412 [WARN] PackLoader:240 - Cannot read IP mode file for STMicroelectronics.X-CUBE-DPower.1.2.0
2025-01-27 22:42:29,415 [WARN] PackLoader:240 - Cannot read IP mode file for STMicroelectronics.X-CUBE-FREERTOS.1.3.0
2025-01-27 22:42:29,418 [WARN] PackLoader:240 - Cannot read IP mode file for STMicroelectronics.X-CUBE-NFC7.1.0.1
2025-01-27 22:42:29,427 [WARN] ConditionMgr:438 - getConditionDescription Invalid condition id : LAN8742 Phy interface Condition cause : null
2025-01-27 22:42:29,427 [WARN] PackLoader:240 - Cannot read IP mode file for STMicroelectronics.X-CUBE-AZRTOS-L4.2.0.0
2025-01-27 22:42:29,427 [WARN] ConditionMgr:1044 - genDependencies : Invalid condition id : LAN8742 Phy interface Condition cause : null
2025-01-27 22:42:29,427 [WARN] ConditionMgr:1044 - genDependencies : Invalid condition id : LAN8742 Phy interface Condition cause : null
2025-01-27 22:42:29,427 [WARN] ConditionMgr:1044 - genDependencies : Invalid condition id : LAN8742 Phy interface Condition cause : null
2025-01-27 22:42:29,432 [WARN] PackLoader:240 - Cannot read IP mode file for STMicroelectronics.X-CUBE-SFXS2LP1.4.0.0
2025-01-27 22:42:29,448 [WARN] PackLoader:240 - Cannot read IP mode file for STMicroelectronics.X-CUBE-AZRTOS-H7.3.3.0
2025-01-27 22:42:29,466 [WARN] ConditionMgr:438 - getConditionDescription Invalid condition id : UX DEVICE CLASS RTOS Condition cause : null
2025-01-27 22:42:29,466 [WARN] ConditionMgr:438 - getConditionDescription Invalid condition id : UX DEVICE CLASS RTOS Condition cause : null
2025-01-27 22:42:29,469 [WARN] PackLoader:240 - Cannot read IP mode file for STMicroelectronics.X-CUBE-AZRTOS-WB.2.0.0
2025-01-27 22:42:29,469 [WARN] ConditionMgr:1044 - genDependencies : Invalid condition id : UX DEVICE CLASS RTOS Condition cause : null
2025-01-27 22:42:29,470 [WARN] ConditionMgr:1044 - genDependencies : Invalid condition id : UX DEVICE CLASS RTOS Condition cause : null
2025-01-27 22:42:29,470 [WARN] ConditionMgr:1044 - genDependencies : Invalid condition id : UX DEVICE CLASS RTOS Condition cause : null
2025-01-27 22:42:29,470 [WARN] ConditionMgr:1044 - genDependencies : Invalid condition id : UX DEVICE CLASS RTOS Condition cause : null
2025-01-27 22:42:29,470 [WARN] ConditionMgr:1044 - genDependencies : Invalid condition id : UX DEVICE CLASS RTOS Condition cause : null
2025-01-27 22:42:29,476 [WARN] PackLoader:240 - Cannot read IP mode file for STMicroelectronics.X-CUBE-GNSS1.7.0.1
2025-01-27 22:42:29,481 [WARN] PackLoader:240 - Cannot read IP mode file for STMicroelectronics.FP-SNS-STBOX1.2.0.0
2025-01-27 22:42:29,514 [WARN] PackLoader:240 - Cannot read IP mode file for STMicroelectronics.X-CUBE-SUBG2.5.0.0
2025-01-27 22:42:29,527 [WARN] PackLoader:240 - Cannot read IP mode file for Cesanta.I-CUBE-Mongoose.7.13.0
2025-01-27 22:42:29,537 [WARN] PackLoader:240 - Cannot read IP mode file for STMicroelectronics.X-CUBE-AZRTOS-G4.2.0.0
2025-01-27 22:42:29,549 [WARN] PackLoader:240 - Cannot read IP mode file for STMicroelectronics.X-CUBE-IPS.3.1.0
2025-01-27 22:42:29,555 [WARN] PackLoader:240 - Cannot read IP mode file for STMicroelectronics.X-CUBE-ALS.1.0.2
2025-01-27 22:42:29,565 [WARN] PackLoader:240 - Cannot read IP mode file for STMicroelectronics.X-CUBE-TOUCHGFX.4.24.2
2025-01-27 22:42:29,571 [WARN] PackLoader:240 - Cannot read IP mode file for wolfSSL.I-CUBE-wolfTPM.3.4.0
2025-01-27 22:42:29,576 [WARN] PackLoader:240 - Cannot read IP mode file for portGmbH.I-Cube-SoM-uGOAL.1.1.0
2025-01-27 22:42:29,587 [WARN] PackLoader:240 - Cannot read IP mode file for STMicroelectronics.X-CUBE-AZRTOS-H7RS.1.0.0
2025-01-27 22:42:29,595 [WARN] PackLoader:240 - Cannot read IP mode file for STMicroelectronics.X-CUBE-TOF1.3.4.2
2025-01-27 22:42:29,598 [ERROR] LogOutputStream:75 - [STDERR_REDIRECT] [Fatal Error] :1:1: Premature end of file.
2025-01-27 22:42:29,598 [ERROR] LogOutputStream:75 - [STDERR_REDIRECT] 
2025-01-27 22:42:29,604 [WARN] PackLoader:240 - Cannot read IP mode file for wolfSSL.I-CUBE-wolfSSH.1.4.17
2025-01-27 22:42:29,604 [INFO] ThirdParty:978 - Integrity check success = true
2025-01-27 22:42:29,604 [INFO] IntegrityCheckThread:100 - exiting critical section [integrity check]
2025-01-27 22:42:29,605 [INFO] IntegrityCheckThread:103 - End integrity checks thread
2025-01-27 22:42:30,589 [ERROR] LogOutputStream:75 - [STDERR_REDIRECT] [Fatal Error] :1:1: Premature end of file.
2025-01-27 22:42:30,589 [ERROR] LogOutputStream:75 - [STDERR_REDIRECT] 
2025-01-27 22:42:31,600 [ERROR] LogOutputStream:75 - [STDERR_REDIRECT] [Fatal Error] :1:1: Premature end of file.
2025-01-27 22:42:31,600 [ERROR] LogOutputStream:75 - [STDERR_REDIRECT] 
2025-01-27 22:42:32,597 [ERROR] LogOutputStream:75 - [STDERR_REDIRECT] [Fatal Error] :1:1: Premature end of file.
2025-01-27 22:42:32,597 [ERROR] LogOutputStream:75 - [STDERR_REDIRECT] 
2025-01-27 22:42:33,593 [ERROR] LogOutputStream:75 - [STDERR_REDIRECT] [Fatal Error] :1:1: Premature end of file.
2025-01-27 22:42:33,593 [ERROR] LogOutputStream:75 - [STDERR_REDIRECT] 
2025-01-27 22:42:34,580 [ERROR] LogOutputStream:75 - [STDERR_REDIRECT] [Fatal Error] :1:1: Premature end of file.
2025-01-27 22:42:34,580 [ERROR] LogOutputStream:75 - [STDERR_REDIRECT] 
2025-01-27 22:42:35,591 [ERROR] LogOutputStream:75 - [STDERR_REDIRECT] [Fatal Error] :1:1: Premature end of file.
2025-01-27 22:42:35,591 [ERROR] LogOutputStream:75 - [STDERR_REDIRECT] 
2025-01-27 22:42:36,588 [ERROR] LogOutputStream:75 - [STDERR_REDIRECT] [Fatal Error] :1:1: Premature end of file.
2025-01-27 22:42:36,588 [ERROR] LogOutputStream:75 - [STDERR_REDIRECT] 
2025-01-27 22:42:37,596 [ERROR] LogOutputStream:75 - [STDERR_REDIRECT] [Fatal Error] :1:1: Premature end of file.
2025-01-27 22:42:37,596 [ERROR] LogOutputStream:75 - [STDERR_REDIRECT] 
2025-01-27 22:42:38,581 [ERROR] LogOutputStream:75 - [STDERR_REDIRECT] [Fatal Error] :1:1: Premature end of file.
2025-01-27 22:42:38,581 [ERROR] LogOutputStream:75 - [STDERR_REDIRECT] 
2025-01-27 22:42:39,594 [ERROR] LogOutputStream:75 - [STDERR_REDIRECT] [Fatal Error] :1:1: Premature end of file.
2025-01-27 22:42:39,594 [ERROR] LogOutputStream:75 - [STDERR_REDIRECT] 
2025-01-27 22:42:40,416 [INFO] McuFinderGlobals:63 - Set McuFinder mode to 2 (CubeIDE integrated)
2025-01-27 22:42:40,420 [INFO] MainUpdater:2872 - connection check result : 10
2025-01-27 22:42:40,421 [INFO] MainUpdater:2872 - connection check result : 10
2025-01-27 22:42:40,444 [INFO] MicroXplorer:468 - Change Database Path : 
2025-01-27 22:42:40,444 [INFO] MicroXplorer:498 - Change Database Version : DB.6.0.130
2025-01-27 22:42:40,453 [WARN] ThirdParty:871 - waiting for thirdparty lock release [close project]
2025-01-27 22:42:40,455 [INFO] ThirdParty:873 - entering critical section [close project]
2025-01-27 22:42:40,455 [INFO] ThirdParty:883 - exiting critical section [close project]
2025-01-27 22:42:40,456 [INFO] PinOutPanel:1589 - setPackage(No Configuration,No Configuration)
2025-01-27 22:42:40,458 [INFO] UtilMem:75 - Begin LoadConfig() Used Memory: 232745992 Bytes (287309824)
2025-01-27 22:42:40,459 [INFO] MicroXplorer:468 - Change Database Path : 
2025-01-27 22:42:40,459 [INFO] MicroXplorer:498 - Change Database Version : DB.6.0.130
2025-01-27 22:42:40,459 [INFO] OpenFileManager:332 - Change cursor
2025-01-27 22:42:40,477 [INFO] Mcu:2035 - Initializing MCU STM32F767ZITx STM32F767ZITx STM32F767ZIT6
2025-01-27 22:42:40,588 [ERROR] LogOutputStream:75 - [STDERR_REDIRECT] [Fatal Error] :1:1: Premature end of file.
2025-01-27 22:42:40,589 [ERROR] LogOutputStream:75 - [STDERR_REDIRECT] 
2025-01-27 22:42:41,588 [ERROR] LogOutputStream:75 - [STDERR_REDIRECT] [Fatal Error] :1:1: Premature end of file.
2025-01-27 22:42:41,588 [ERROR] LogOutputStream:75 - [STDERR_REDIRECT] 
2025-01-27 22:42:42,170 [INFO] Context:748 - Trying to add GPIOservice into a context  which must be forbidden
2025-01-27 22:42:42,580 [ERROR] LogOutputStream:75 - [STDERR_REDIRECT] [Fatal Error] :1:1: Premature end of file.
2025-01-27 22:42:42,580 [ERROR] LogOutputStream:75 - [STDERR_REDIRECT] 
2025-01-27 22:42:42,655 [INFO] RtosManager:555 - Registered RTOS mode: class=CMSIS, group=RTOS, mode=CMSIS_V1, owner=FREERTOS
2025-01-27 22:42:42,655 [INFO] RtosManager:555 - Registered RTOS mode: class=CMSIS, group=RTOS2, mode=CMSIS_V2, owner=FREERTOS
2025-01-27 22:42:42,655 [INFO] RtosManager:555 - Registered RTOS mode: class=RTOS, group=Core, mode=CMSIS_V1, owner=FREERTOS
2025-01-27 22:42:42,655 [INFO] RtosManager:555 - Registered RTOS mode: class=RTOS, group=Core, mode=CMSIS_V2, owner=FREERTOS
2025-01-27 22:42:42,655 [WARN] ModelIntegratedComponent:184 - Missing modes for component STMicroelectronics:FreeRTOS:0.0.1:STMicroelectronics:RTOS:FreeRTOS:Core:::10.2.0:
2025-01-27 22:42:42,665 [WARN] ModelIntegratedComponent:63 - No mode defined for component null
2025-01-27 22:42:42,665 [WARN] ModelIntegratedComponent:63 - No mode defined for component null
2025-01-27 22:42:42,665 [WARN] ModelIntegratedComponent:63 - No mode defined for component null
2025-01-27 22:42:42,665 [WARN] ModelIntegratedComponent:63 - No mode defined for component null
2025-01-27 22:42:42,665 [WARN] ModelIntegratedComponent:63 - No mode defined for component null
2025-01-27 22:42:42,665 [WARN] ModelIntegratedComponent:63 - No mode defined for component null
2025-01-27 22:42:42,665 [WARN] ModelIntegratedComponent:63 - No mode defined for component null
2025-01-27 22:42:42,665 [WARN] ModelIntegratedComponent:63 - No mode defined for component null
2025-01-27 22:42:42,665 [WARN] ModelIntegratedComponent:63 - No mode defined for component null
2025-01-27 22:42:42,665 [WARN] ModelIntegratedComponent:63 - No mode defined for component null
2025-01-27 22:42:42,665 [WARN] ModelIntegratedComponent:63 - No mode defined for component null
2025-01-27 22:42:42,665 [WARN] ModelIntegratedComponent:63 - No mode defined for component null
2025-01-27 22:42:42,665 [WARN] ModelIntegratedComponent:63 - No mode defined for component null
2025-01-27 22:42:42,665 [WARN] ModelIntegratedComponent:63 - No mode defined for component null
2025-01-27 22:42:42,665 [WARN] ModelIntegratedComponent:63 - No mode defined for component null
2025-01-27 22:42:42,665 [WARN] ModelIntegratedComponent:63 - No mode defined for component null
2025-01-27 22:42:42,665 [WARN] ModelIntegratedComponent:63 - No mode defined for component null
2025-01-27 22:42:42,665 [WARN] ModelIntegratedComponent:63 - No mode defined for component null
2025-01-27 22:42:42,665 [WARN] ModelIntegratedComponent:63 - No mode defined for component null
2025-01-27 22:42:42,665 [WARN] ModelIntegratedComponent:63 - No mode defined for component null
2025-01-27 22:42:42,665 [WARN] ModelIntegratedComponent:63 - No mode defined for component null
2025-01-27 22:42:42,665 [WARN] ModelIntegratedComponent:63 - No mode defined for component null
2025-01-27 22:42:42,667 [WARN] ModelIntegratedComponent:63 - No mode defined for component null
2025-01-27 22:42:42,667 [WARN] ModelIntegratedComponent:63 - No mode defined for component null
2025-01-27 22:42:42,667 [WARN] ModelIntegratedComponent:63 - No mode defined for component null
2025-01-27 22:42:42,667 [WARN] ModelIntegratedComponent:63 - No mode defined for component null
2025-01-27 22:42:42,667 [WARN] ModelIntegratedComponent:63 - No mode defined for component null
2025-01-27 22:42:42,667 [WARN] ModelIntegratedComponent:63 - No mode defined for component null
2025-01-27 22:42:42,667 [WARN] ModelIntegratedComponent:63 - No mode defined for component null
2025-01-27 22:42:42,667 [WARN] ModelIntegratedComponent:63 - No mode defined for component null
2025-01-27 22:42:42,667 [WARN] ModelIntegratedComponent:63 - No mode defined for component null
2025-01-27 22:42:42,667 [WARN] ModelIntegratedComponent:63 - No mode defined for component null
2025-01-27 22:42:42,667 [WARN] ModelIntegratedComponent:63 - No mode defined for component null
2025-01-27 22:42:42,667 [WARN] ModelIntegratedComponent:63 - No mode defined for component null
2025-01-27 22:42:42,667 [WARN] ModelIntegratedComponent:63 - No mode defined for component null
2025-01-27 22:42:42,667 [WARN] ModelPack:524 - Component already loaded: STMicroelectronics:HAL Drivers:0.0.0:STMicroelectronics:Device:STMicro_Driver:XSPI:HAL::0.0.1:HAL_XSPI
2025-01-27 22:42:42,720 [INFO] ThirdPartyModel:298 - Start build external matchings
2025-01-27 22:42:42,872 [INFO] ThirdPartyModel:316 - End build external matchings
2025-01-27 22:42:43,332 [INFO] ApiDb:581 - Connected to CubeFinder SQLite database (C:\Users\Admin\.stmcufinder\plugins\mcufinder\mcu\cube-finder-db.db)
2025-01-27 22:42:43,394 [INFO] ApiDb:668 - CubeFinder database Data Model version=2.1
2025-01-27 22:42:43,394 [INFO] ApiDb:669 - CubeFinder database Configuration version=3.0.39
2025-01-27 22:42:43,394 [INFO] ApiDb:670 - CubeFinder database generation date=2024-12-10 (1733817889)
2025-01-27 22:42:43,394 [INFO] ApiDb:671 - CubeFinder database FW Pack versions=[FP-ATR-ASTRA1_V2.0.0, FP-SNS-FLIGHT1_V5.0.2, FP-SNS-MOTENV1_V5.0.0, FP-SNS-MOTENVWB1_V1.4.0, FP-SNS-SMARTAG2_V1.2.0, FP-SNS-STBOX1_V2.0.0, STM32Cube_FW_C0_V1.3.0, STM32Cube_FW_F4_V1.28.1, STM32Cube_FW_F7_V1.17.2, STM32Cube_FW_G0_V1.6.2, STM32Cube_FW_G4_V1.6.1, STM32Cube_FW_H5_V1.4.0, STM32Cube_FW_H7RS_V1.1.0, STM32Cube_FW_H7_V1.12.0, STM32Cube_FW_L0_V1.12.2, STM32Cube_FW_L4_V1.18.1, STM32Cube_FW_L5_V1.5.1, STM32Cube_FW_N6_V1.0.0, STM32Cube_FW_U0_V1.2.0, STM32Cube_FW_U3_V1.0.0, STM32Cube_FW_U5_V1.7.0, STM32Cube_FW_WB0_V1.1.0, STM32Cube_FW_WBA_V1.5.0, STM32Cube_FW_WB_V1.21.0, STM32Cube_FW_WL3_V1.0.0, STM32Cube_FW_WL_V1.3.0, X-CUBE-ALGOBUILD_V1.4.0, X-CUBE-ALS_V1.0.2, X-CUBE-AZRTOS-F4_V1.1.0, X-CUBE-AZRTOS-F7_V1.1.0, X-CUBE-AZRTOS-G0_V1.1.0, X-CUBE-AZRTOS-G4_V2.0.0, X-CUBE-AZRTOS-H7RS_V1.0.0, X-CUBE-AZRTOS-H7_V3.3.0, X-CUBE-AZRTOS-L4_V2.0.0, X-CUBE-AZRTOS-L5_V2.0.0, X-CUBE-AZRTOS-WB_V2.0.0, X-CUBE-AZRTOS-WL_V2.0.0, X-CUBE-BLE1_V7.0.0, X-CUBE-BLE2_V3.3.0, X-CUBE-BLEMGR_V3.1.0, X-CUBE-EEPRMA1_V5.1.0, X-CUBE-FREERTOS_V1.2.0, X-CUBE-GNSS1_V6.0.0, X-CUBE-MEMS1_V11.0.0, X-CUBE-NFC4_V3.0.0, X-CUBE-NFC7_V1.0.1, X-CUBE-SFXS2LP1_V4.0.0, X-CUBE-SUBG2_V5.0.0, X-CUBE-TOF1_V3.4.2]
2025-01-27 22:42:43,474 [INFO] DbBoardsSqlite:226 - include board P-NUCLEO-WB55-NUCLEO as a kit item of type 'Nucleo-64'
2025-01-27 22:42:43,475 [INFO] DbBoardsSqlite:226 - include board P-NUCLEO-WB55-USBDONGLE as a kit item of type 'Nucleo USB Dongle'
2025-01-27 22:42:43,475 [INFO] DbBoardsSqlite:226 - include board STEVAL-IDP005V1 as a kit item of type 'Evaluation Board'
2025-01-27 22:42:43,475 [INFO] DbBoardsSqlite:226 - include board STEVAL-IDP005V2 as a kit item of type 'Evaluation Board'
2025-01-27 22:42:43,584 [ERROR] LogOutputStream:75 - [STDERR_REDIRECT] [Fatal Error] :1:1: Premature end of file.
2025-01-27 22:42:43,584 [ERROR] LogOutputStream:75 - [STDERR_REDIRECT] 
2025-01-27 22:42:43,874 [INFO] ApiDb:240 - Found 858 in-development CPN: [B-G473E-ZEST1S, B-WB1M-WPAN1, B-WBA5M-WPAN, B-WL5M-SUBG1, NUCLEO-C031C6, NUCLEO-C051C8, NUCLEO-C071RB, NUCLEO-C092RC, NUCLEO-H503RB, NUCLEO-H533RE, NUCLEO-H563ZI, NUCLEO-H7S3L8, NUCLEO-N657X0-Q, NUCLEO-U031R8, NUCLEO-U083RC, NUCLEO-U385RG-Q, NUCLEO-U545RE-Q, NUCLEO-U5A5ZJ-Q, NUCLEO-WB05KZ, NUCLEO-WB07CC, NUCLEO-WB09KE, NUCLEO-WBA52CG, NUCLEO-WBA55CG, NUCLEO-WL33CC1, NUCLEO-WL33CC2, STEVAL-PROTEUS1, STEVAL-SMARTAG2, STEVAL-STWINBX1, STM320518-EVAL, STM32C0116-DK, STM32C011D6Y3TR, STM32C011D6Y6TR, STM32C011F4P3, STM32C011F4P6, STM32C011F4U3, STM32C011F4U6TR, STM32C011F6P3, STM32C011F6P6, STM32C011F6U3, STM32C011F6U6TR, STM32C011J4M3, STM32C011J4M6, STM32C011J6M3, STM32C011J6M6, STM32C0316-DK, STM32C031C4T3, STM32C031C4T6, STM32C031C4U3, STM32C031C4U6, STM32C031C6T3, STM32C031C6T6, STM32C031C6U3, STM32C031C6U6, STM32C031F4P3, STM32C031F4P6, STM32C031F6P3, STM32C031F6P6, STM32C031G4U3, STM32C031G4U6, STM32C031G6U3, STM32C031G6U6, STM32C031K4T3, STM32C031K4T6, STM32C031K4U3, STM32C031K4U6, STM32C031K6T3, STM32C031K6T6, STM32C031K6U3, STM32C031K6U6, STM32C051C6T6, STM32C051C6U6, STM32C051C8T6, STM32C051C8U6, STM32C051D8Y6TR, STM32C051F6P6, STM32C051F8P6, STM32C051G6U6, STM32C051G8U6, STM32C051K6T6, STM32C051K6U6, STM32C051K8T6, STM32C071C8T6, STM32C071C8T6N, STM32C071C8U6, STM32C071C8U6N, STM32C071CBT6, STM32C071CBT6N, STM32C071CBU6, STM32C071CBU6N, STM32C071F8P6, STM32C071F8P6N, STM32C071FBP6, STM32C071FBP6N, STM32C071FBY6TR, STM32C071G8U6, STM32C071G8U6N, STM32C071GBU6, STM32C071GBU6N, STM32C071K8T6, STM32C071K8T6N, STM32C071K8U6, STM32C071K8U6N, STM32C071KBT6, STM32C071KBT6N, STM32C071KBU6, STM32C071KBU6N, STM32C071R8T6, STM32C071R8T6N, STM32C071RBI6N, STM32C071RBT6, STM32C071RBT6N, STM32C091CBT6, STM32C091CBU6, STM32C091CCT6, STM32C091CCU6, STM32C091ECY6TR, STM32C091FBP6, STM32C091FCP6, STM32C091GBU6, STM32C091GCU6, STM32C091KBT6, STM32C091KBU6, STM32C091KCT6, STM32C091KCU6, STM32C091RBT6, STM32C091RCI6, STM32C091RCT6, STM32C092CBT6, STM32C092CBU6, STM32C092CCT6, STM32C092CCU6, STM32C092ECY6TR, STM32C092FBP6, STM32C092FCP6, STM32C092GBU6, STM32C092GCU6, STM32C092KBT6, STM32C092KBU6, STM32C092KCT6, STM32C092KCU6, STM32C092RBT6, STM32C092RCI6, STM32C092RCT6, STM32G071K8TXN, STM32G071K8UXN, STM32G081GBU6N, STM32G081KBT6N, STM32G081KBUXN, STM32G0B1CCT6N, STM32G0B1KCT6, STM32G0B1NEY6TR, STM32G0B1RCT6N, STM32G0C1CCT6, STM32G0C1CCT6N, STM32G0C1CCU6N, STM32G0C1CET6N, STM32G0C1CEU6N, STM32G0C1KCT6, STM32G0C1NEY6TR, STM32G0C1RCI6N, STM32G0C1RCT6N, STM32G0C1REI6N, STM32G0C1RET6N, STM32G0C1VCI6, STM32G0C1VEI6, STM32G411C6T3, STM32G411C6T6, STM32G411C6U3, STM32G411C6U6, STM32G411C8T3, STM32G411C8T6, STM32G411C8U3, STM32G411C8U6, STM32G411CBT3, STM32G411CBT6, STM32G411CBU3, STM32G411CBU6, STM32G411CCT3, STM32G411CCT6, STM32G411CCU3, STM32G411CCU6, STM32G411K6T3, STM32G411K6T6, STM32G411K6U3, STM32G411K6U6, STM32G411K8T3, STM32G411K8T6, STM32G411K8U3, STM32G411K8U6, STM32G411KBT3, STM32G411KBT6, STM32G411KBU3, STM32G411KBU6, STM32G411M6T3, STM32G411M6T6, STM32G411M8T3, STM32G411M8T6, STM32G411MBT3, STM32G411MBT6, STM32G411MCT3, STM32G411MCT6, STM32G411R6T3, STM32G411R6T6, STM32G411R8T3, STM32G411R8T6, STM32G411RBT3, STM32G411RBT6, STM32G411RCT3, STM32G411RCT6, STM32G414CBT3, STM32G414CBT6, STM32G414CBU3, STM32G414CBU6, STM32G414CCT3, STM32G414CCT6, STM32G414CCU3, STM32G414CCU6, STM32G414MBT3, STM32G414MBT6, STM32G414MCT3, STM32G414MCT6, STM32G414RBT3, STM32G414RBT6, STM32G414RCT3, STM32G414RCT6, STM32G414VBT3, STM32G414VBT6, STM32G414VCT3, STM32G414VCT6, STM32G431CBT3Z, STM32G431RBT3Z, STM32G471CCT6, STM32G471CCU6, STM32G471CET3, STM32G471CET6, STM32G471CEU3, STM32G471CEU6, STM32G471MCT6, STM32G471MET3, STM32G471MET6, STM32G471MEY6TR, STM32G471QCT6, STM32G471QET3, STM32G471RCT6, STM32G471RET3, STM32G471RET6, STM32G471VCH6, STM32G471VCI6, STM32G471VCT6, STM32G471VEH3, STM32G471VEH6, STM32G471VEI3, STM32G471VEI6, STM32G471VET3, STM32G471VET6, STM32G473QET3Z, STM32G473RET3Z, STM32G474CCT6, STM32G491RET3Z, STM32H503CBT6, STM32H503CBU6, STM32H503EBY6TR, STM32H503KBU6, STM32H503RBT6, STM32H523CCT6, STM32H523CCU6, STM32H523CET6, STM32H523CEU6, STM32H523HEY6TR, STM32H523RCT6, STM32H523RET6, STM32H523VCI6, STM32H523VCT6, STM32H523VEI6, STM32H523VET6, STM32H523ZCJ6, STM32H523ZCT6, STM32H523ZEJ6, STM32H523ZET6, STM32H533CET6, STM32H533CEU6, STM32H533HEY6TR, STM32H533RET6, STM32H533VEI6, STM32H533VET6, STM32H533ZEJ6, STM32H533ZET6, STM32H562AGI6, STM32H562AII6, STM32H562IGK6, STM32H562IGT6, STM32H562IIK6, STM32H562IIT6, STM32H562RGT6, STM32H562RGV6, STM32H562RIT6, STM32H562RIV6, STM32H562VGT6, STM32H562VIT6, STM32H562ZGT6, STM32H562ZIT6, STM32H563AGI6, STM32H563AII3Q, STM32H563AII6, STM32H563IGK6, STM32H563IGT6, STM32H563IIK3Q, STM32H563IIK6, STM32H563IIT3Q, STM32H563IIT6, STM32H563MIY3QTR, STM32H563RGT6, STM32H563RGV6, STM32H563RIT6, STM32H563RIV6, STM32H563VGT6, STM32H563VIT3Q, STM32H563VIT6, STM32H563ZGT6, STM32H563ZIT3Q, STM32H563ZIT6, STM32H573AII3Q, STM32H573AII6, STM32H573I-DK, STM32H573IIK3Q, STM32H573IIK6, STM32H573IIT3Q, STM32H573IIT6, STM32H573MIY3QTR, STM32H573RIT6, STM32H573RIV6, STM32H573VIT3Q, STM32H573VIT6, STM32H573ZIT3Q, STM32H573ZIT6, STM32H7R3A8I6, STM32H7R3I8K6, STM32H7R3I8T6, STM32H7R3L8H6, STM32H7R3L8H6H, STM32H7R3R8V6, STM32H7R3V8H6, STM32H7R3V8T6, STM32H7R3V8Y6TR, STM32H7R3Z8J6, STM32H7R3Z8T6, STM32H7R7A8I6, STM32H7R7I8K6, STM32H7R7I8T6, STM32H7R7L8H6, STM32H7R7L8H6H, STM32H7R7Z8J6, STM32H7S3A8I6, STM32H7S3I8K6, STM32H7S3I8T6, STM32H7S3L8H6, STM32H7S3L8H6H, STM32H7S3R8V6, STM32H7S3V8H6, STM32H7S3V8T6, STM32H7S3V8Y6TR, STM32H7S3Z8J6, STM32H7S3Z8T6, STM32H7S78-DK, STM32H7S7A8I6, STM32H7S7I8K6, STM32H7S7I8T6, STM32H7S7L8H6, STM32H7S7L8H6H, STM32H7S7Z8J6, STM32L4R5QGI6STR, STM32MP131AAE3, STM32MP131AAF3, STM32MP131AAG3, STM32MP131CAE3, STM32MP131CAF3, STM32MP131CAG3, STM32MP131DAE7, STM32MP131DAF7, STM32MP131DAG7, STM32MP131FAE7, STM32MP131FAF7, STM32MP131FAG7, STM32MP133AAE3, STM32MP133AAF3, STM32MP133AAG3, STM32MP133CAE3, STM32MP133CAF3, STM32MP133CAG3, STM32MP133DAE7, STM32MP133DAF7, STM32MP133DAG7, STM32MP133FAE7, STM32MP133FAF7, STM32MP133FAG7, STM32MP135AAE3, STM32MP135AAF3, STM32MP135AAG3, STM32MP135CAE3, STM32MP135CAF3, STM32MP135CAG3, STM32MP135DAE7, STM32MP135DAF7, STM32MP135DAG7, STM32MP135F-DK, STM32MP135FAE7, STM32MP135FAF7, STM32MP135FAF7T, STM32MP135FAF7U, STM32MP135FAG7, STM32MP231AAJ3, STM32MP231AAK3, STM32MP231AAL3, STM32MP231CAJ3, STM32MP231CAK3, STM32MP231CAL3, STM32MP231DAJ3, STM32MP231DAK3, STM32MP231DAL3, STM32MP231FAJ3, STM32MP231FAK3, STM32MP231FAL3, STM32MP233AAJ3, STM32MP233AAK3, STM32MP233AAL3, STM32MP233CAJ3, STM32MP233CAK3, STM32MP233CAL3, STM32MP233DAJ3, STM32MP233DAK3, STM32MP233DAL3, STM32MP233FAJ3, STM32MP233FAK3, STM32MP233FAL3, STM32MP235AAJ3, STM32MP235AAK3, STM32MP235AAL3, STM32MP235CAJ3, STM32MP235CAK3, STM32MP235CAL3, STM32MP235DAJ3, STM32MP235DAK3, STM32MP235DAL3, STM32MP235FAJ3, STM32MP235FAK3, STM32MP235FAL3, STM32MP251AAI3, STM32MP251AAJ3, STM32MP251AAK3, STM32MP251AAL3, STM32MP251CAI3, STM32MP251CAJ3, STM32MP251CAK3, STM32MP251CAL3, STM32MP251DAI3, STM32MP251DAJ3, STM32MP251DAK3, STM32MP251DAL3, STM32MP251FAI3, STM32MP251FAJ3, STM32MP251FAK3, STM32MP251FAL3, STM32MP253AAI3, STM32MP253AAJ3, STM32MP253AAK3, STM32MP253AAL3, STM32MP253CAI3, STM32MP253CAJ3, STM32MP253CAK3, STM32MP253CAL3, STM32MP253DAI3, STM32MP253DAJ3, STM32MP253DAK3, STM32MP253DAL3, STM32MP253FAI3, STM32MP253FAJ3, STM32MP253FAK3, STM32MP253FAL3, STM32MP255AAI3, STM32MP255AAJ3, STM32MP255AAK3, STM32MP255AAL3, STM32MP255CAI3, STM32MP255CAJ3, STM32MP255CAK3, STM32MP255CAL3, STM32MP255DAI3, STM32MP255DAJ3, STM32MP255DAK3, STM32MP255DAL3, STM32MP255FAI3, STM32MP255FAJ3, STM32MP255FAK3, STM32MP255FAL3, STM32MP257AAI3, STM32MP257AAJ3, STM32MP257AAK3, STM32MP257AAL3, STM32MP257CAI3, STM32MP257CAJ3, STM32MP257CAK3, STM32MP257CAL3, STM32MP257DAI3, STM32MP257DAJ3, STM32MP257DAK3, STM32MP257DAL3, STM32MP257F-DK, STM32MP257F-EV1, STM32MP257FAI3, STM32MP257FAJ3, STM32MP257FAK3, STM32MP257FAL3, STM32N645A0H3Q, STM32N645B0H3Q, STM32N645I0H3Q, STM32N645L0H3Q, STM32N645X0H3Q, STM32N645Z0H3Q, STM32N647A0H3Q, STM32N647B0H3Q, STM32N647I0H3Q, STM32N647L0H3Q, STM32N647X0H3Q, STM32N647Z0H3Q, STM32N655A0H3Q, STM32N655B0H3Q, STM32N655I0H3Q, STM32N655L0H3Q, STM32N655X0H3Q, STM32N655Z0H3Q, STM32N6570-DK, STM32N657A0H3Q, STM32N657B0H3Q, STM32N657I0H3Q, STM32N657L0H3Q, STM32N657X0H3Q, STM32N657Z0H3Q, STM32U031C6T6, STM32U031C6U6, STM32U031C8T6, STM32U031C8U6, STM32U031F4P6, STM32U031F6P6, STM32U031F8P6, STM32U031G6Y6TR, STM32U031G8Y6TR, STM32U031K4U6, STM32U031K6U6, STM32U031K8U6, STM32U031R6I6, STM32U031R6T6, STM32U031R8I6, STM32U031R8T6, STM32U073C8T6, STM32U073C8U6, STM32U073CBT6, STM32U073CBU6, STM32U073CCT6, STM32U073CCU6, STM32U073H8Y6TR, STM32U073HBY6TR, STM32U073HCY6TR, STM32U073K8U6, STM32U073KBU6, STM32U073KCU6, STM32U073M8I6, STM32U073M8T6, STM32U073MBI6, STM32U073MBT6, STM32U073MCI6, STM32U073MCT6, STM32U073R8I6, STM32U073R8T6, STM32U073RBI6, STM32U073RBT6, STM32U073RCI6, STM32U073RCT6, STM32U083C-DK, STM32U083CCT6, STM32U083CCU6, STM32U083HCY6TR, STM32U083KCU6, STM32U083MCI6, STM32U083MCT6, STM32U083RCI6, STM32U083RCT6, STM32U375CET6, STM32U375CET6Q, STM32U375CEU6, STM32U375CEU6Q, STM32U375CEY6QTR, STM32U375CGT6, STM32U375CGT6Q, STM32U375CGU6, STM32U375CGU6Q, STM32U375CGY6QTR, STM32U375KEU6, STM32U375KGU6, STM32U375REI6, STM32U375REI6Q, STM32U375RET6, STM32U375RET6Q, STM32U375REY6GTR, STM32U375REY6QTR, STM32U375RGI6, STM32U375RGI6Q, STM32U375RGT6, STM32U375RGT6Q, STM32U375RGY6GTR, STM32U375RGY6QTR, STM32U375VEI6, STM32U375VEI6Q, STM32U375VET6, STM32U375VET6Q, STM32U375VGI6, STM32U375VGI6Q, STM32U375VGT6, STM32U375VGT6Q, STM32U385CGT6, STM32U385CGT6Q, STM32U385CGU6, STM32U385CGU6Q, STM32U385CGY6QTR, STM32U385KGU6, STM32U385RGI6, STM32U385RGI6Q, STM32U385RGT6, STM32U385RGT6Q, STM32U385RGY6GTR, STM32U385RGY6QTR, STM32U385VGI6, STM32U385VGI6Q, STM32U385VGT6, STM32U385VGT6Q, STM32U535CBT6, STM32U535CBT6Q, STM32U535CBU6, STM32U535CBU6Q, STM32U535CCT6, STM32U535CCT6Q, STM32U535CCU6, STM32U535CCU6Q, STM32U535CET6, STM32U535CET6Q, STM32U535CEU6, STM32U535CEU6Q, STM32U535JEY6QTR, STM32U535NCY6QTR, STM32U535NEY6QTR, STM32U535RBI6, STM32U535RBI6Q, STM32U535RBT6, STM32U535RBT6Q, STM32U535RCI6, STM32U535RCI6Q, STM32U535RCT6, STM32U535RCT6Q, STM32U535REI6, STM32U535REI6Q, STM32U535RET6, STM32U535RET6Q, STM32U535VCI6, STM32U535VCI6Q, STM32U535VCT6, STM32U535VCT6Q, STM32U535VEI6, STM32U535VEI6Q, STM32U535VET6, STM32U535VET6Q, STM32U545CET6, STM32U545CET6Q, STM32U545CEU6, STM32U545CEU6Q, STM32U545JEY6QTR, STM32U545NEY6QTR, STM32U545REI6, STM32U545REI6Q, STM32U545RET6, STM32U545RET6Q, STM32U545VEI6, STM32U545VEI6Q, STM32U545VET6, STM32U545VET6Q, STM32U595AIH6, STM32U595AIH6Q, STM32U595AJH6, STM32U595AJH6Q, STM32U595QII6, STM32U595QII6Q, STM32U595QJI6, STM32U595QJI6Q, STM32U595RIT6, STM32U595RIT6Q, STM32U595RJT6, STM32U595RJT6Q, STM32U595VIT6, STM32U595VIT6Q, STM32U595VJT6, STM32U595VJT6Q, STM32U595ZIT6, STM32U595ZIT6Q, STM32U595ZIY6QTR, STM32U595ZJT6, STM32U595ZJT6Q, STM32U595ZJY6QTR, STM32U599BJY6QTR, STM32U599NIH6Q, STM32U599NJH6Q, STM32U599VIT6Q, STM32U599VJT6, STM32U599VJT6Q, STM32U599ZIT6Q, STM32U599ZIY6QTR, STM32U599ZJT6Q, STM32U599ZJY6QTR, STM32U5A5AJH6, STM32U5A5AJH6Q, STM32U5A5QII3Q , STM32U5A5QJI6, STM32U5A5QJI6Q, STM32U5A5RJT6, STM32U5A5RJT6Q, STM32U5A5VJT6, STM32U5A5VJT6Q, STM32U5A5ZJT6, STM32U5A5ZJT6Q, STM32U5A5ZJY6QTR, STM32U5A9BJY6QTR, STM32U5A9J-DK, STM32U5A9NJH6Q, STM32U5A9VJT6Q, STM32U5A9ZJT6Q, STM32U5A9ZJY6QTR, STM32U5F7VIT6, STM32U5F7VIT6Q, STM32U5F7VJT6, STM32U5F7VJT6Q, STM32U5F9BJY6QTR, STM32U5F9NJH6Q, STM32U5F9VIT6Q, STM32U5F9VJT6Q, STM32U5F9ZIJ6QTR, STM32U5F9ZIT6Q, STM32U5F9ZJJ6QTR, STM32U5F9ZJT6Q, STM32U5G7VJT6, STM32U5G7VJT6Q, STM32U5G9BJY6QTR, STM32U5G9J-DK1, STM32U5G9J-DK2, STM32U5G9NJH6Q, STM32U5G9VJT6Q, STM32U5G9ZJJ6QTR, STM32U5G9ZJT6Q, STM32WB05KZV6TR, STM32WB05KZV7TR, STM32WB05TZF6TR, STM32WB05TZF7TR, STM32WB06CCF6TR, STM32WB06CCF7TR, STM32WB06CCV6TR, STM32WB06CCV7TR, STM32WB06KCV6TR, STM32WB06KCV7TR, STM32WB07CCF6TR, STM32WB07CCF7TR, STM32WB07CCV6TR, STM32WB07CCV7TR, STM32WB07KCV6TR, STM32WB07KCV7TR, STM32WB09KEV6TR, STM32WB09KEV7TR, STM32WB09TEF6TR, STM32WB09TEF7TR, STM32WB1MMCH6, STM32WBA50KGU6, STM32WBA50KGU6TR, STM32WBA52CEU6, STM32WBA52CEU6TR, STM32WBA52CEU7, STM32WBA52CEU7TR, STM32WBA52CGU6, STM32WBA52CGU6TR, STM32WBA52CGU6U, STM32WBA52CGU7, STM32WBA52CGU7TR, STM32WBA52KEU6, STM32WBA52KEU6TR, STM32WBA52KGU6, STM32WBA52KGU6TR, STM32WBA54CEU6, STM32WBA54CEU6TR, STM32WBA54CEU7, STM32WBA54CEU7TR, STM32WBA54CGU6, STM32WBA54CGU6TR, STM32WBA54CGU7, STM32WBA54CGU7TR, STM32WBA54KEU6, STM32WBA54KEU6TR, STM32WBA54KEU7, STM32WBA54KEU7TR, STM32WBA54KGU6, STM32WBA54KGU6TR, STM32WBA54KGU7, STM32WBA54KGU7TR, STM32WBA55CEU6, STM32WBA55CEU6TR, STM32WBA55CEU7, STM32WBA55CEU7TR, STM32WBA55CGU6, STM32WBA55CGU6TR, STM32WBA55CGU6U, STM32WBA55CGU7, STM32WBA55CGU7TR, STM32WBA55G-DK1, STM32WBA55HEF6, STM32WBA55HEF7, STM32WBA55HGF6, STM32WBA55HGF7, STM32WBA55UEI6, STM32WBA55UEI6TR, STM32WBA55UEI7, STM32WBA55UEI7TR, STM32WBA55UGI6, STM32WBA55UGI6TR, STM32WBA55UGI7, STM32WBA55UGI7TR, STM32WBA5MJGH6TR, STM32WBA5MJGH6U, STM32WL33C8V6, STM32WL33C8V6TR, STM32WL33C8V7, STM32WL33C8V7TR, STM32WL33CBV6, STM32WL33CBV6TR, STM32WL33CBV7, STM32WL33CBV7TR, STM32WL33CCV6, STM32WL33CCV6TR, STM32WL33CCV7, STM32WL33CCV7A, STM32WL33CCV7ATR, STM32WL33CCV7TR, STM32WL33K8V6, STM32WL33K8V6TR, STM32WL33K8V7, STM32WL33K8V7TR, STM32WL33KBV6, STM32WL33KBV6TR, STM32WL33KBV7, STM32WL33KBV7TR, STM32WL33KCV6, STM32WL33KCV6TR, STM32WL33KCV7, STM32WL33KCV7TR, STM32WL5MOCH6, STM32WL5MOCH6TR]
2025-01-27 22:42:44,023 [INFO] BoardInfo:889 - No configuration file found for board P-NUCLEO-WB55
2025-01-27 22:42:44,025 [INFO] DbBoards:161 - Kit is not supported: P-NUCLEO-WB55
2025-01-27 22:42:44,029 [INFO] BoardInfo:889 - No configuration file found for board STEVAL-BFA001V1B
2025-01-27 22:42:44,031 [INFO] DbBoards:161 - Kit is not supported: STEVAL-BFA001V1B
2025-01-27 22:42:44,031 [INFO] BoardInfo:889 - No configuration file found for board STEVAL-BFA001V2B
2025-01-27 22:42:44,033 [INFO] DbBoards:161 - Kit is not supported: STEVAL-BFA001V2B
2025-01-27 22:42:44,181 [INFO] DbBoards:168 - Found 209 boards, 206 are supported
2025-01-27 22:42:44,181 [INFO] DbBoards:169 - Found 209 boards, 42 of them is supported for  Bsp
2025-01-27 22:42:44,184 [INFO] ApiDb:668 - CubeFinder database Data Model version=2.1
2025-01-27 22:42:44,184 [INFO] ApiDb:669 - CubeFinder database Configuration version=3.0.39
2025-01-27 22:42:44,184 [INFO] ApiDb:670 - CubeFinder database generation date=2024-12-10 (1733817889)
2025-01-27 22:42:44,184 [INFO] ApiDb:671 - CubeFinder database FW Pack versions=[FP-ATR-ASTRA1_V2.0.0, FP-SNS-FLIGHT1_V5.0.2, FP-SNS-MOTENV1_V5.0.0, FP-SNS-MOTENVWB1_V1.4.0, FP-SNS-SMARTAG2_V1.2.0, FP-SNS-STBOX1_V2.0.0, STM32Cube_FW_C0_V1.3.0, STM32Cube_FW_F4_V1.28.1, STM32Cube_FW_F7_V1.17.2, STM32Cube_FW_G0_V1.6.2, STM32Cube_FW_G4_V1.6.1, STM32Cube_FW_H5_V1.4.0, STM32Cube_FW_H7RS_V1.1.0, STM32Cube_FW_H7_V1.12.0, STM32Cube_FW_L0_V1.12.2, STM32Cube_FW_L4_V1.18.1, STM32Cube_FW_L5_V1.5.1, STM32Cube_FW_N6_V1.0.0, STM32Cube_FW_U0_V1.2.0, STM32Cube_FW_U3_V1.0.0, STM32Cube_FW_U5_V1.7.0, STM32Cube_FW_WB0_V1.1.0, STM32Cube_FW_WBA_V1.5.0, STM32Cube_FW_WB_V1.21.0, STM32Cube_FW_WL3_V1.0.0, STM32Cube_FW_WL_V1.3.0, X-CUBE-ALGOBUILD_V1.4.0, X-CUBE-ALS_V1.0.2, X-CUBE-AZRTOS-F4_V1.1.0, X-CUBE-AZRTOS-F7_V1.1.0, X-CUBE-AZRTOS-G0_V1.1.0, X-CUBE-AZRTOS-G4_V2.0.0, X-CUBE-AZRTOS-H7RS_V1.0.0, X-CUBE-AZRTOS-H7_V3.3.0, X-CUBE-AZRTOS-L4_V2.0.0, X-CUBE-AZRTOS-L5_V2.0.0, X-CUBE-AZRTOS-WB_V2.0.0, X-CUBE-AZRTOS-WL_V2.0.0, X-CUBE-BLE1_V7.0.0, X-CUBE-BLE2_V3.3.0, X-CUBE-BLEMGR_V3.1.0, X-CUBE-EEPRMA1_V5.1.0, X-CUBE-FREERTOS_V1.2.0, X-CUBE-GNSS1_V6.0.0, X-CUBE-MEMS1_V11.0.0, X-CUBE-NFC4_V3.0.0, X-CUBE-NFC7_V1.0.1, X-CUBE-SFXS2LP1_V4.0.0, X-CUBE-SUBG2_V5.0.0, X-CUBE-TOF1_V3.4.2]
2025-01-27 22:42:44,578 [ERROR] LogOutputStream:75 - [STDERR_REDIRECT] [Fatal Error] :1:1: Premature end of file.
2025-01-27 22:42:44,578 [ERROR] LogOutputStream:75 - [STDERR_REDIRECT] 
2025-01-27 22:42:45,540 [INFO] ApiDb:240 - Found 858 in-development CPN: [B-G473E-ZEST1S, B-WB1M-WPAN1, B-WBA5M-WPAN, B-WL5M-SUBG1, NUCLEO-C031C6, NUCLEO-C051C8, NUCLEO-C071RB, NUCLEO-C092RC, NUCLEO-H503RB, NUCLEO-H533RE, NUCLEO-H563ZI, NUCLEO-H7S3L8, NUCLEO-N657X0-Q, NUCLEO-U031R8, NUCLEO-U083RC, NUCLEO-U385RG-Q, NUCLEO-U545RE-Q, NUCLEO-U5A5ZJ-Q, NUCLEO-WB05KZ, NUCLEO-WB07CC, NUCLEO-WB09KE, NUCLEO-WBA52CG, NUCLEO-WBA55CG, NUCLEO-WL33CC1, NUCLEO-WL33CC2, STEVAL-PROTEUS1, STEVAL-SMARTAG2, STEVAL-STWINBX1, STM320518-EVAL, STM32C0116-DK, STM32C011D6Y3TR, STM32C011D6Y6TR, STM32C011F4P3, STM32C011F4P6, STM32C011F4U3, STM32C011F4U6TR, STM32C011F6P3, STM32C011F6P6, STM32C011F6U3, STM32C011F6U6TR, STM32C011J4M3, STM32C011J4M6, STM32C011J6M3, STM32C011J6M6, STM32C0316-DK, STM32C031C4T3, STM32C031C4T6, STM32C031C4U3, STM32C031C4U6, STM32C031C6T3, STM32C031C6T6, STM32C031C6U3, STM32C031C6U6, STM32C031F4P3, STM32C031F4P6, STM32C031F6P3, STM32C031F6P6, STM32C031G4U3, STM32C031G4U6, STM32C031G6U3, STM32C031G6U6, STM32C031K4T3, STM32C031K4T6, STM32C031K4U3, STM32C031K4U6, STM32C031K6T3, STM32C031K6T6, STM32C031K6U3, STM32C031K6U6, STM32C051C6T6, STM32C051C6U6, STM32C051C8T6, STM32C051C8U6, STM32C051D8Y6TR, STM32C051F6P6, STM32C051F8P6, STM32C051G6U6, STM32C051G8U6, STM32C051K6T6, STM32C051K6U6, STM32C051K8T6, STM32C071C8T6, STM32C071C8T6N, STM32C071C8U6, STM32C071C8U6N, STM32C071CBT6, STM32C071CBT6N, STM32C071CBU6, STM32C071CBU6N, STM32C071F8P6, STM32C071F8P6N, STM32C071FBP6, STM32C071FBP6N, STM32C071FBY6TR, STM32C071G8U6, STM32C071G8U6N, STM32C071GBU6, STM32C071GBU6N, STM32C071K8T6, STM32C071K8T6N, STM32C071K8U6, STM32C071K8U6N, STM32C071KBT6, STM32C071KBT6N, STM32C071KBU6, STM32C071KBU6N, STM32C071R8T6, STM32C071R8T6N, STM32C071RBI6N, STM32C071RBT6, STM32C071RBT6N, STM32C091CBT6, STM32C091CBU6, STM32C091CCT6, STM32C091CCU6, STM32C091ECY6TR, STM32C091FBP6, STM32C091FCP6, STM32C091GBU6, STM32C091GCU6, STM32C091KBT6, STM32C091KBU6, STM32C091KCT6, STM32C091KCU6, STM32C091RBT6, STM32C091RCI6, STM32C091RCT6, STM32C092CBT6, STM32C092CBU6, STM32C092CCT6, STM32C092CCU6, STM32C092ECY6TR, STM32C092FBP6, STM32C092FCP6, STM32C092GBU6, STM32C092GCU6, STM32C092KBT6, STM32C092KBU6, STM32C092KCT6, STM32C092KCU6, STM32C092RBT6, STM32C092RCI6, STM32C092RCT6, STM32G071K8TXN, STM32G071K8UXN, STM32G081GBU6N, STM32G081KBT6N, STM32G081KBUXN, STM32G0B1CCT6N, STM32G0B1KCT6, STM32G0B1NEY6TR, STM32G0B1RCT6N, STM32G0C1CCT6, STM32G0C1CCT6N, STM32G0C1CCU6N, STM32G0C1CET6N, STM32G0C1CEU6N, STM32G0C1KCT6, STM32G0C1NEY6TR, STM32G0C1RCI6N, STM32G0C1RCT6N, STM32G0C1REI6N, STM32G0C1RET6N, STM32G0C1VCI6, STM32G0C1VEI6, STM32G411C6T3, STM32G411C6T6, STM32G411C6U3, STM32G411C6U6, STM32G411C8T3, STM32G411C8T6, STM32G411C8U3, STM32G411C8U6, STM32G411CBT3, STM32G411CBT6, STM32G411CBU3, STM32G411CBU6, STM32G411CCT3, STM32G411CCT6, STM32G411CCU3, STM32G411CCU6, STM32G411K6T3, STM32G411K6T6, STM32G411K6U3, STM32G411K6U6, STM32G411K8T3, STM32G411K8T6, STM32G411K8U3, STM32G411K8U6, STM32G411KBT3, STM32G411KBT6, STM32G411KBU3, STM32G411KBU6, STM32G411M6T3, STM32G411M6T6, STM32G411M8T3, STM32G411M8T6, STM32G411MBT3, STM32G411MBT6, STM32G411MCT3, STM32G411MCT6, STM32G411R6T3, STM32G411R6T6, STM32G411R8T3, STM32G411R8T6, STM32G411RBT3, STM32G411RBT6, STM32G411RCT3, STM32G411RCT6, STM32G414CBT3, STM32G414CBT6, STM32G414CBU3, STM32G414CBU6, STM32G414CCT3, STM32G414CCT6, STM32G414CCU3, STM32G414CCU6, STM32G414MBT3, STM32G414MBT6, STM32G414MCT3, STM32G414MCT6, STM32G414RBT3, STM32G414RBT6, STM32G414RCT3, STM32G414RCT6, STM32G414VBT3, STM32G414VBT6, STM32G414VCT3, STM32G414VCT6, STM32G431CBT3Z, STM32G431RBT3Z, STM32G471CCT6, STM32G471CCU6, STM32G471CET3, STM32G471CET6, STM32G471CEU3, STM32G471CEU6, STM32G471MCT6, STM32G471MET3, STM32G471MET6, STM32G471MEY6TR, STM32G471QCT6, STM32G471QET3, STM32G471RCT6, STM32G471RET3, STM32G471RET6, STM32G471VCH6, STM32G471VCI6, STM32G471VCT6, STM32G471VEH3, STM32G471VEH6, STM32G471VEI3, STM32G471VEI6, STM32G471VET3, STM32G471VET6, STM32G473QET3Z, STM32G473RET3Z, STM32G474CCT6, STM32G491RET3Z, STM32H503CBT6, STM32H503CBU6, STM32H503EBY6TR, STM32H503KBU6, STM32H503RBT6, STM32H523CCT6, STM32H523CCU6, STM32H523CET6, STM32H523CEU6, STM32H523HEY6TR, STM32H523RCT6, STM32H523RET6, STM32H523VCI6, STM32H523VCT6, STM32H523VEI6, STM32H523VET6, STM32H523ZCJ6, STM32H523ZCT6, STM32H523ZEJ6, STM32H523ZET6, STM32H533CET6, STM32H533CEU6, STM32H533HEY6TR, STM32H533RET6, STM32H533VEI6, STM32H533VET6, STM32H533ZEJ6, STM32H533ZET6, STM32H562AGI6, STM32H562AII6, STM32H562IGK6, STM32H562IGT6, STM32H562IIK6, STM32H562IIT6, STM32H562RGT6, STM32H562RGV6, STM32H562RIT6, STM32H562RIV6, STM32H562VGT6, STM32H562VIT6, STM32H562ZGT6, STM32H562ZIT6, STM32H563AGI6, STM32H563AII3Q, STM32H563AII6, STM32H563IGK6, STM32H563IGT6, STM32H563IIK3Q, STM32H563IIK6, STM32H563IIT3Q, STM32H563IIT6, STM32H563MIY3QTR, STM32H563RGT6, STM32H563RGV6, STM32H563RIT6, STM32H563RIV6, STM32H563VGT6, STM32H563VIT3Q, STM32H563VIT6, STM32H563ZGT6, STM32H563ZIT3Q, STM32H563ZIT6, STM32H573AII3Q, STM32H573AII6, STM32H573I-DK, STM32H573IIK3Q, STM32H573IIK6, STM32H573IIT3Q, STM32H573IIT6, STM32H573MIY3QTR, STM32H573RIT6, STM32H573RIV6, STM32H573VIT3Q, STM32H573VIT6, STM32H573ZIT3Q, STM32H573ZIT6, STM32H7R3A8I6, STM32H7R3I8K6, STM32H7R3I8T6, STM32H7R3L8H6, STM32H7R3L8H6H, STM32H7R3R8V6, STM32H7R3V8H6, STM32H7R3V8T6, STM32H7R3V8Y6TR, STM32H7R3Z8J6, STM32H7R3Z8T6, STM32H7R7A8I6, STM32H7R7I8K6, STM32H7R7I8T6, STM32H7R7L8H6, STM32H7R7L8H6H, STM32H7R7Z8J6, STM32H7S3A8I6, STM32H7S3I8K6, STM32H7S3I8T6, STM32H7S3L8H6, STM32H7S3L8H6H, STM32H7S3R8V6, STM32H7S3V8H6, STM32H7S3V8T6, STM32H7S3V8Y6TR, STM32H7S3Z8J6, STM32H7S3Z8T6, STM32H7S78-DK, STM32H7S7A8I6, STM32H7S7I8K6, STM32H7S7I8T6, STM32H7S7L8H6, STM32H7S7L8H6H, STM32H7S7Z8J6, STM32L4R5QGI6STR, STM32MP131AAE3, STM32MP131AAF3, STM32MP131AAG3, STM32MP131CAE3, STM32MP131CAF3, STM32MP131CAG3, STM32MP131DAE7, STM32MP131DAF7, STM32MP131DAG7, STM32MP131FAE7, STM32MP131FAF7, STM32MP131FAG7, STM32MP133AAE3, STM32MP133AAF3, STM32MP133AAG3, STM32MP133CAE3, STM32MP133CAF3, STM32MP133CAG3, STM32MP133DAE7, STM32MP133DAF7, STM32MP133DAG7, STM32MP133FAE7, STM32MP133FAF7, STM32MP133FAG7, STM32MP135AAE3, STM32MP135AAF3, STM32MP135AAG3, STM32MP135CAE3, STM32MP135CAF3, STM32MP135CAG3, STM32MP135DAE7, STM32MP135DAF7, STM32MP135DAG7, STM32MP135F-DK, STM32MP135FAE7, STM32MP135FAF7, STM32MP135FAF7T, STM32MP135FAF7U, STM32MP135FAG7, STM32MP231AAJ3, STM32MP231AAK3, STM32MP231AAL3, STM32MP231CAJ3, STM32MP231CAK3, STM32MP231CAL3, STM32MP231DAJ3, STM32MP231DAK3, STM32MP231DAL3, STM32MP231FAJ3, STM32MP231FAK3, STM32MP231FAL3, STM32MP233AAJ3, STM32MP233AAK3, STM32MP233AAL3, STM32MP233CAJ3, STM32MP233CAK3, STM32MP233CAL3, STM32MP233DAJ3, STM32MP233DAK3, STM32MP233DAL3, STM32MP233FAJ3, STM32MP233FAK3, STM32MP233FAL3, STM32MP235AAJ3, STM32MP235AAK3, STM32MP235AAL3, STM32MP235CAJ3, STM32MP235CAK3, STM32MP235CAL3, STM32MP235DAJ3, STM32MP235DAK3, STM32MP235DAL3, STM32MP235FAJ3, STM32MP235FAK3, STM32MP235FAL3, STM32MP251AAI3, STM32MP251AAJ3, STM32MP251AAK3, STM32MP251AAL3, STM32MP251CAI3, STM32MP251CAJ3, STM32MP251CAK3, STM32MP251CAL3, STM32MP251DAI3, STM32MP251DAJ3, STM32MP251DAK3, STM32MP251DAL3, STM32MP251FAI3, STM32MP251FAJ3, STM32MP251FAK3, STM32MP251FAL3, STM32MP253AAI3, STM32MP253AAJ3, STM32MP253AAK3, STM32MP253AAL3, STM32MP253CAI3, STM32MP253CAJ3, STM32MP253CAK3, STM32MP253CAL3, STM32MP253DAI3, STM32MP253DAJ3, STM32MP253DAK3, STM32MP253DAL3, STM32MP253FAI3, STM32MP253FAJ3, STM32MP253FAK3, STM32MP253FAL3, STM32MP255AAI3, STM32MP255AAJ3, STM32MP255AAK3, STM32MP255AAL3, STM32MP255CAI3, STM32MP255CAJ3, STM32MP255CAK3, STM32MP255CAL3, STM32MP255DAI3, STM32MP255DAJ3, STM32MP255DAK3, STM32MP255DAL3, STM32MP255FAI3, STM32MP255FAJ3, STM32MP255FAK3, STM32MP255FAL3, STM32MP257AAI3, STM32MP257AAJ3, STM32MP257AAK3, STM32MP257AAL3, STM32MP257CAI3, STM32MP257CAJ3, STM32MP257CAK3, STM32MP257CAL3, STM32MP257DAI3, STM32MP257DAJ3, STM32MP257DAK3, STM32MP257DAL3, STM32MP257F-DK, STM32MP257F-EV1, STM32MP257FAI3, STM32MP257FAJ3, STM32MP257FAK3, STM32MP257FAL3, STM32N645A0H3Q, STM32N645B0H3Q, STM32N645I0H3Q, STM32N645L0H3Q, STM32N645X0H3Q, STM32N645Z0H3Q, STM32N647A0H3Q, STM32N647B0H3Q, STM32N647I0H3Q, STM32N647L0H3Q, STM32N647X0H3Q, STM32N647Z0H3Q, STM32N655A0H3Q, STM32N655B0H3Q, STM32N655I0H3Q, STM32N655L0H3Q, STM32N655X0H3Q, STM32N655Z0H3Q, STM32N6570-DK, STM32N657A0H3Q, STM32N657B0H3Q, STM32N657I0H3Q, STM32N657L0H3Q, STM32N657X0H3Q, STM32N657Z0H3Q, STM32U031C6T6, STM32U031C6U6, STM32U031C8T6, STM32U031C8U6, STM32U031F4P6, STM32U031F6P6, STM32U031F8P6, STM32U031G6Y6TR, STM32U031G8Y6TR, STM32U031K4U6, STM32U031K6U6, STM32U031K8U6, STM32U031R6I6, STM32U031R6T6, STM32U031R8I6, STM32U031R8T6, STM32U073C8T6, STM32U073C8U6, STM32U073CBT6, STM32U073CBU6, STM32U073CCT6, STM32U073CCU6, STM32U073H8Y6TR, STM32U073HBY6TR, STM32U073HCY6TR, STM32U073K8U6, STM32U073KBU6, STM32U073KCU6, STM32U073M8I6, STM32U073M8T6, STM32U073MBI6, STM32U073MBT6, STM32U073MCI6, STM32U073MCT6, STM32U073R8I6, STM32U073R8T6, STM32U073RBI6, STM32U073RBT6, STM32U073RCI6, STM32U073RCT6, STM32U083C-DK, STM32U083CCT6, STM32U083CCU6, STM32U083HCY6TR, STM32U083KCU6, STM32U083MCI6, STM32U083MCT6, STM32U083RCI6, STM32U083RCT6, STM32U375CET6, STM32U375CET6Q, STM32U375CEU6, STM32U375CEU6Q, STM32U375CEY6QTR, STM32U375CGT6, STM32U375CGT6Q, STM32U375CGU6, STM32U375CGU6Q, STM32U375CGY6QTR, STM32U375KEU6, STM32U375KGU6, STM32U375REI6, STM32U375REI6Q, STM32U375RET6, STM32U375RET6Q, STM32U375REY6GTR, STM32U375REY6QTR, STM32U375RGI6, STM32U375RGI6Q, STM32U375RGT6, STM32U375RGT6Q, STM32U375RGY6GTR, STM32U375RGY6QTR, STM32U375VEI6, STM32U375VEI6Q, STM32U375VET6, STM32U375VET6Q, STM32U375VGI6, STM32U375VGI6Q, STM32U375VGT6, STM32U375VGT6Q, STM32U385CGT6, STM32U385CGT6Q, STM32U385CGU6, STM32U385CGU6Q, STM32U385CGY6QTR, STM32U385KGU6, STM32U385RGI6, STM32U385RGI6Q, STM32U385RGT6, STM32U385RGT6Q, STM32U385RGY6GTR, STM32U385RGY6QTR, STM32U385VGI6, STM32U385VGI6Q, STM32U385VGT6, STM32U385VGT6Q, STM32U535CBT6, STM32U535CBT6Q, STM32U535CBU6, STM32U535CBU6Q, STM32U535CCT6, STM32U535CCT6Q, STM32U535CCU6, STM32U535CCU6Q, STM32U535CET6, STM32U535CET6Q, STM32U535CEU6, STM32U535CEU6Q, STM32U535JEY6QTR, STM32U535NCY6QTR, STM32U535NEY6QTR, STM32U535RBI6, STM32U535RBI6Q, STM32U535RBT6, STM32U535RBT6Q, STM32U535RCI6, STM32U535RCI6Q, STM32U535RCT6, STM32U535RCT6Q, STM32U535REI6, STM32U535REI6Q, STM32U535RET6, STM32U535RET6Q, STM32U535VCI6, STM32U535VCI6Q, STM32U535VCT6, STM32U535VCT6Q, STM32U535VEI6, STM32U535VEI6Q, STM32U535VET6, STM32U535VET6Q, STM32U545CET6, STM32U545CET6Q, STM32U545CEU6, STM32U545CEU6Q, STM32U545JEY6QTR, STM32U545NEY6QTR, STM32U545REI6, STM32U545REI6Q, STM32U545RET6, STM32U545RET6Q, STM32U545VEI6, STM32U545VEI6Q, STM32U545VET6, STM32U545VET6Q, STM32U595AIH6, STM32U595AIH6Q, STM32U595AJH6, STM32U595AJH6Q, STM32U595QII6, STM32U595QII6Q, STM32U595QJI6, STM32U595QJI6Q, STM32U595RIT6, STM32U595RIT6Q, STM32U595RJT6, STM32U595RJT6Q, STM32U595VIT6, STM32U595VIT6Q, STM32U595VJT6, STM32U595VJT6Q, STM32U595ZIT6, STM32U595ZIT6Q, STM32U595ZIY6QTR, STM32U595ZJT6, STM32U595ZJT6Q, STM32U595ZJY6QTR, STM32U599BJY6QTR, STM32U599NIH6Q, STM32U599NJH6Q, STM32U599VIT6Q, STM32U599VJT6, STM32U599VJT6Q, STM32U599ZIT6Q, STM32U599ZIY6QTR, STM32U599ZJT6Q, STM32U599ZJY6QTR, STM32U5A5AJH6, STM32U5A5AJH6Q, STM32U5A5QII3Q , STM32U5A5QJI6, STM32U5A5QJI6Q, STM32U5A5RJT6, STM32U5A5RJT6Q, STM32U5A5VJT6, STM32U5A5VJT6Q, STM32U5A5ZJT6, STM32U5A5ZJT6Q, STM32U5A5ZJY6QTR, STM32U5A9BJY6QTR, STM32U5A9J-DK, STM32U5A9NJH6Q, STM32U5A9VJT6Q, STM32U5A9ZJT6Q, STM32U5A9ZJY6QTR, STM32U5F7VIT6, STM32U5F7VIT6Q, STM32U5F7VJT6, STM32U5F7VJT6Q, STM32U5F9BJY6QTR, STM32U5F9NJH6Q, STM32U5F9VIT6Q, STM32U5F9VJT6Q, STM32U5F9ZIJ6QTR, STM32U5F9ZIT6Q, STM32U5F9ZJJ6QTR, STM32U5F9ZJT6Q, STM32U5G7VJT6, STM32U5G7VJT6Q, STM32U5G9BJY6QTR, STM32U5G9J-DK1, STM32U5G9J-DK2, STM32U5G9NJH6Q, STM32U5G9VJT6Q, STM32U5G9ZJJ6QTR, STM32U5G9ZJT6Q, STM32WB05KZV6TR, STM32WB05KZV7TR, STM32WB05TZF6TR, STM32WB05TZF7TR, STM32WB06CCF6TR, STM32WB06CCF7TR, STM32WB06CCV6TR, STM32WB06CCV7TR, STM32WB06KCV6TR, STM32WB06KCV7TR, STM32WB07CCF6TR, STM32WB07CCF7TR, STM32WB07CCV6TR, STM32WB07CCV7TR, STM32WB07KCV6TR, STM32WB07KCV7TR, STM32WB09KEV6TR, STM32WB09KEV7TR, STM32WB09TEF6TR, STM32WB09TEF7TR, STM32WB1MMCH6, STM32WBA50KGU6, STM32WBA50KGU6TR, STM32WBA52CEU6, STM32WBA52CEU6TR, STM32WBA52CEU7, STM32WBA52CEU7TR, STM32WBA52CGU6, STM32WBA52CGU6TR, STM32WBA52CGU6U, STM32WBA52CGU7, STM32WBA52CGU7TR, STM32WBA52KEU6, STM32WBA52KEU6TR, STM32WBA52KGU6, STM32WBA52KGU6TR, STM32WBA54CEU6, STM32WBA54CEU6TR, STM32WBA54CEU7, STM32WBA54CEU7TR, STM32WBA54CGU6, STM32WBA54CGU6TR, STM32WBA54CGU7, STM32WBA54CGU7TR, STM32WBA54KEU6, STM32WBA54KEU6TR, STM32WBA54KEU7, STM32WBA54KEU7TR, STM32WBA54KGU6, STM32WBA54KGU6TR, STM32WBA54KGU7, STM32WBA54KGU7TR, STM32WBA55CEU6, STM32WBA55CEU6TR, STM32WBA55CEU7, STM32WBA55CEU7TR, STM32WBA55CGU6, STM32WBA55CGU6TR, STM32WBA55CGU6U, STM32WBA55CGU7, STM32WBA55CGU7TR, STM32WBA55G-DK1, STM32WBA55HEF6, STM32WBA55HEF7, STM32WBA55HGF6, STM32WBA55HGF7, STM32WBA55UEI6, STM32WBA55UEI6TR, STM32WBA55UEI7, STM32WBA55UEI7TR, STM32WBA55UGI6, STM32WBA55UGI6TR, STM32WBA55UGI7, STM32WBA55UGI7TR, STM32WBA5MJGH6TR, STM32WBA5MJGH6U, STM32WL33C8V6, STM32WL33C8V6TR, STM32WL33C8V7, STM32WL33C8V7TR, STM32WL33CBV6, STM32WL33CBV6TR, STM32WL33CBV7, STM32WL33CBV7TR, STM32WL33CCV6, STM32WL33CCV6TR, STM32WL33CCV7, STM32WL33CCV7A, STM32WL33CCV7ATR, STM32WL33CCV7TR, STM32WL33K8V6, STM32WL33K8V6TR, STM32WL33K8V7, STM32WL33K8V7TR, STM32WL33KBV6, STM32WL33KBV6TR, STM32WL33KBV7, STM32WL33KBV7TR, STM32WL33KCV6, STM32WL33KCV6TR, STM32WL33KCV7, STM32WL33KCV7TR, STM32WL5MOCH6, STM32WL5MOCH6TR]
2025-01-27 22:42:45,551 [INFO] DbMcus:218 - Found 4545 MCUs, 4545 are supported
2025-01-27 22:42:45,556 [INFO] ApiDb:423 - Load user favorites file C:\Users\Admin/.stm32cubeide/favorites.mcus.txt: 1 item(s)
2025-01-27 22:42:45,556 [INFO] ApiDb:427 - User favorites MCUs=[STM32F767ZIT6]
2025-01-27 22:42:45,556 [INFO] DbMcus:224 - Set 1 / 1 favorites MCUs
2025-01-27 22:42:45,586 [ERROR] LogOutputStream:75 - [STDERR_REDIRECT] [Fatal Error] :1:1: Premature end of file.
2025-01-27 22:42:45,586 [ERROR] LogOutputStream:75 - [STDERR_REDIRECT] 
2025-01-27 22:42:45,811 [INFO] ApiDb:414 - User favorites file not found: C:\Users\Admin/.stm32cubeide/favorites.boards.txt
2025-01-27 22:42:45,812 [INFO] DbBoards:198 - Set 0 / 0 favorites Boards
2025-01-27 22:42:45,873 [INFO] UtilMem:75 - End LoadConfig() Used Memory: 187930800 Bytes (408944640)
2025-01-27 22:42:45,970 [WARN] ThirdParty:833 - waiting for thirdparty lock release [change project]
2025-01-27 22:42:45,970 [INFO] ThirdParty:835 - entering critical section [change project]
2025-01-27 22:42:45,971 [INFO] ThirdParty:1030 - CMSIS Pack Vendor :STMicroelectronics USBPD 4.1
2025-01-27 22:42:45,971 [INFO] ThirdParty:1030 - CMSIS Pack Vendor :STMicroelectronics X-CUBE-AZRTOS-H7 3.3.0
2025-01-27 22:42:45,971 [INFO] ThirdParty:1030 - CMSIS Pack Vendor :STMicroelectronics X-CUBE-NFC9 1.0.0
2025-01-27 22:42:45,971 [INFO] ThirdParty:1030 - CMSIS Pack Vendor :STMicroelectronics USB_HOST 2.0.0
2025-01-27 22:42:45,971 [INFO] ThirdParty:1030 - CMSIS Pack Vendor :STMicroelectronics FP-SNS-MOTENVWB1 1.4.0
2025-01-27 22:42:45,971 [INFO] ThirdParty:1030 - CMSIS Pack Vendor :STMicroelectronics X-CUBE-AZRTOS-F4 1.1.0
2025-01-27 22:42:45,971 [INFO] ThirdParty:1030 - CMSIS Pack Vendor :STMicroelectronics LIBJPEG 8.0.0
2025-01-27 22:42:45,971 [INFO] ThirdParty:1030 - CMSIS Pack Vendor :STMicroelectronics X-CUBE-SMBUS 2.1.0
2025-01-27 22:42:45,971 [INFO] ThirdParty:1030 - CMSIS Pack Vendor :STMicroelectronics X-CUBE-WB05N 1.1.0
2025-01-27 22:42:45,971 [INFO] ThirdParty:1030 - CMSIS Pack Vendor :STMicroelectronics USB_DEVICE 3.0.0
2025-01-27 22:42:45,971 [INFO] ThirdParty:1030 - CMSIS Pack Vendor :STMicroelectronics X-CUBE-ISPU 2.1.0
2025-01-27 22:42:45,971 [INFO] ThirdParty:1030 - CMSIS Pack Vendor :STMicroelectronics X-CUBE-AZRTOS-WB 2.0.0
2025-01-27 22:42:45,971 [INFO] ThirdParty:1030 - CMSIS Pack Vendor :STMicroelectronics X-CUBE-GNSS1 7.0.1
2025-01-27 22:42:45,972 [INFO] ThirdParty:1030 - CMSIS Pack Vendor :STMicroelectronics X-CUBE-AZRTOS-F7 1.1.0
2025-01-27 22:42:45,972 [INFO] ThirdParty:1030 - CMSIS Pack Vendor :STMicroelectronics X-CUBE-AZRTOS-L5 2.0.0
2025-01-27 22:42:45,972 [INFO] ThirdParty:1030 - CMSIS Pack Vendor :STMicroelectronics USB_DEVICE 2.0.0
2025-01-27 22:42:45,972 [INFO] ThirdParty:1030 - CMSIS Pack Vendor :STMicroelectronics X-CUBE-NFC6 3.1.0
2025-01-27 22:42:45,972 [INFO] ThirdParty:1030 - CMSIS Pack Vendor :STMicroelectronics FP-SNS-STBOX1 2.0.0
2025-01-27 22:42:45,972 [INFO] ThirdParty:1030 - CMSIS Pack Vendor :STMicroelectronics FreeRTOS 0.0.1
2025-01-27 22:42:45,972 [INFO] ThirdParty:1030 - CMSIS Pack Vendor :STMicroelectronics X-CUBE-AZRTOS-G0 1.1.0
2025-01-27 22:42:45,972 [INFO] ThirdParty:1030 - CMSIS Pack Vendor :STMicroelectronics X-CUBE-SAFEA1 1.2.2
2025-01-27 22:42:45,972 [INFO] ThirdParty:1030 - CMSIS Pack Vendor :STMicroelectronics X-CUBE-NFC4 3.0.0
2025-01-27 22:42:45,972 [INFO] ThirdParty:1030 - CMSIS Pack Vendor :STMicroelectronics X-CUBE-DPower 1.2.0
2025-01-27 22:42:45,972 [INFO] ThirdParty:1030 - CMSIS Pack Vendor :STMicroelectronics X-CUBE-SUBG2 5.0.0
2025-01-27 22:42:45,972 [INFO] ThirdParty:1030 - CMSIS Pack Vendor :STMicroelectronics STM32_WPAN 1.0.0
2025-01-27 22:42:45,972 [INFO] ThirdParty:1030 - CMSIS Pack Vendor :EmbeddedOffice I-CUBE-FS-RTOS 1.0.1
2025-01-27 22:42:45,972 [INFO] ThirdParty:1030 - CMSIS Pack Vendor :STMicroelectronics lwIP 2.0.3
2025-01-27 22:42:45,972 [INFO] ThirdParty:1030 - CMSIS Pack Vendor :STMicroelectronics FP-SNS-FLIGHT1 5.0.2
2025-01-27 22:42:45,972 [INFO] ThirdParty:1030 - CMSIS Pack Vendor :Cesanta I-CUBE-Mongoose 7.13.0
2025-01-27 22:42:45,972 [INFO] ThirdParty:1030 - CMSIS Pack Vendor :STMicroelectronics USB_HOST 1.0.0
2025-01-27 22:42:45,972 [INFO] ThirdParty:1030 - CMSIS Pack Vendor :Infineon AIROC-Wi-Fi-Bluetooth-STM32 1.7.0
2025-01-27 22:42:45,972 [INFO] ThirdParty:1030 - CMSIS Pack Vendor :STMicroelectronics X-CUBE-AZRTOS-G4 2.0.0
2025-01-27 22:42:45,972 [INFO] ThirdParty:1030 - CMSIS Pack Vendor :STMicroelectronics PDM2PCM 3.1.0
2025-01-27 22:42:45,972 [INFO] ThirdParty:1030 - CMSIS Pack Vendor :STMicroelectronics PDM2PCM 3.3.0
2025-01-27 22:42:45,972 [INFO] ThirdParty:1030 - CMSIS Pack Vendor :STMicroelectronics X-CUBE-DISPLAY 3.0.0
2025-01-27 22:42:45,972 [INFO] ThirdParty:1030 - CMSIS Pack Vendor :STMicroelectronics X-CUBE-TCPP 4.2.0
2025-01-27 22:42:45,972 [INFO] ThirdParty:1030 - CMSIS Pack Vendor :RealThread X-CUBE-RT-Thread_Nano 4.1.1
2025-01-27 22:42:45,972 [INFO] ThirdParty:1030 - CMSIS Pack Vendor :STMicroelectronics X-CUBE-BLE1 7.0.0
2025-01-27 22:42:45,972 [INFO] ThirdParty:1030 - CMSIS Pack Vendor :STMicroelectronics FP-ATR-SIGFOX1 3.2.0
2025-01-27 22:42:45,972 [INFO] ThirdParty:1030 - CMSIS Pack Vendor :STMicroelectronics X-CUBE-NFC10 1.0.0
2025-01-27 22:42:45,972 [INFO] ThirdParty:1030 - CMSIS Pack Vendor :quantropi X-CUBE-qispace-sdk-base 1.9.3
2025-01-27 22:42:45,972 [INFO] ThirdParty:1030 - CMSIS Pack Vendor :STMicroelectronics X-CUBE-EEPRMA1 5.1.0
2025-01-27 22:42:45,972 [INFO] ThirdParty:1030 - CMSIS Pack Vendor :STMicroelectronics HAL Drivers 0.0.0
2025-01-27 22:42:45,972 [INFO] ThirdParty:1030 - CMSIS Pack Vendor :STMicroelectronics MBEDTLS 2.16.2
2025-01-27 22:42:45,972 [INFO] ThirdParty:1030 - CMSIS Pack Vendor :STMicroelectronics X-CUBE-IPS 3.1.0
2025-01-27 22:42:45,972 [INFO] ThirdParty:1030 - CMSIS Pack Vendor :STMicroelectronics X-CUBE-ALS 1.0.2
2025-01-27 22:42:45,972 [INFO] ThirdParty:1030 - CMSIS Pack Vendor :emotas I-CUBE-CANOPEN 1.3.0
2025-01-27 22:42:45,974 [INFO] ThirdParty:1030 - CMSIS Pack Vendor :STMicroelectronics X-CUBE-FREERTOS 1.3.0
2025-01-27 22:42:45,974 [INFO] ThirdParty:1030 - CMSIS Pack Vendor :STMicroelectronics X-CUBE-NFC7 1.0.1
2025-01-27 22:42:45,974 [INFO] ThirdParty:1030 - CMSIS Pack Vendor :STMicroelectronics MBEDTLS 2.14.1
2025-01-27 22:42:45,974 [INFO] ThirdParty:1030 - CMSIS Pack Vendor :wolfSSL I-CUBE-wolfSSL 5.7.6
2025-01-27 22:42:45,974 [INFO] ThirdParty:1030 - CMSIS Pack Vendor :ITTIA_DB I-CUBE-ITTIADB 8.9.0
2025-01-27 22:42:45,974 [INFO] ThirdParty:1030 - CMSIS Pack Vendor :STMicroelectronics X-CUBE-TOUCHGFX 4.24.2
2025-01-27 22:42:45,974 [INFO] ThirdParty:1030 - CMSIS Pack Vendor :wolfSSL I-CUBE-wolfTPM 3.4.0
2025-01-27 22:42:45,974 [INFO] ThirdParty:1030 - CMSIS Pack Vendor :portGmbH I-Cube-SoM-uGOAL 1.1.0
2025-01-27 22:42:45,974 [INFO] ThirdParty:1030 - CMSIS Pack Vendor :STMicroelectronics X-CUBE-AI 10.0.0
2025-01-27 22:42:45,974 [INFO] ThirdParty:1030 - CMSIS Pack Vendor :STMicroelectronics ThreadX 1.0.0
2025-01-27 22:42:45,974 [INFO] ThirdParty:1030 - CMSIS Pack Vendor :STMicroelectronics FP-SNS-SMARTAG2 1.2.0
2025-01-27 22:42:45,974 [INFO] ThirdParty:1030 - CMSIS Pack Vendor :STMicroelectronics X-CUBE-MEMS1 11.1.0
2025-01-27 22:42:45,974 [INFO] ThirdParty:1030 - CMSIS Pack Vendor :STMicroelectronics X-CUBE-AZRTOS-WL 2.0.0
2025-01-27 22:42:45,974 [INFO] ThirdParty:1030 - CMSIS Pack Vendor :SEGGER I-CUBE-embOS 1.3.1
2025-01-27 22:42:45,974 [INFO] ThirdParty:1030 - CMSIS Pack Vendor :STMicroelectronics X-CUBE-ALGOBUILD 1.4.0
2025-01-27 22:42:45,974 [INFO] ThirdParty:1030 - CMSIS Pack Vendor :STMicroelectronics FP-SNS-MOTENV1 5.0.0
2025-01-27 22:42:45,974 [INFO] ThirdParty:1030 - CMSIS Pack Vendor :STMicroelectronics USB_DEVICE 1.0.0
2025-01-27 22:42:45,974 [INFO] ThirdParty:1030 - CMSIS Pack Vendor :STMicroelectronics X-CUBE-AZRTOS-H7RS 1.0.0
2025-01-27 22:42:45,974 [INFO] ThirdParty:1030 - CMSIS Pack Vendor :wolfSSL I-CUBE-wolfMQTT 1.19.0
2025-01-27 22:42:45,974 [INFO] ThirdParty:1030 - CMSIS Pack Vendor :STMicroelectronics X-CUBE-AZRTOS-L4 2.0.0
2025-01-27 22:42:45,974 [INFO] ThirdParty:1030 - CMSIS Pack Vendor :STMicroelectronics ThreadX 0.0.2
2025-01-27 22:42:45,974 [INFO] ThirdParty:1030 - CMSIS Pack Vendor :WES I-CUBE-Cesium 1.3.0
2025-01-27 22:42:45,974 [INFO] ThirdParty:1030 - CMSIS Pack Vendor :STMicroelectronics lwIP 2.1.2
2025-01-27 22:42:45,974 [INFO] ThirdParty:1030 - CMSIS Pack Vendor :STMicroelectronics X-CUBE-SFXS2LP1 4.0.0
2025-01-27 22:42:45,974 [INFO] ThirdParty:1030 - CMSIS Pack Vendor :STMicroelectronics X-CUBE-BLE2 3.3.0
2025-01-27 22:42:45,974 [INFO] ThirdParty:1030 - CMSIS Pack Vendor :STMicroelectronics X-CUBE-TOF1 3.4.2
2025-01-27 22:42:45,974 [INFO] ThirdParty:1030 - CMSIS Pack Vendor :STMicroelectronics X-CUBE-AI 9.1.0
2025-01-27 22:42:45,974 [INFO] ThirdParty:1030 - CMSIS Pack Vendor :STMicroelectronics PDM2PCM 3.2.0
2025-01-27 22:42:45,974 [INFO] ThirdParty:1030 - CMSIS Pack Vendor :wolfSSL I-CUBE-wolfSSH 1.4.17
2025-01-27 22:42:45,974 [INFO] ThirdParty:841 - exiting critical section [change project]
2025-01-27 22:42:46,341 [INFO] PinOutPanel:1589 - setPackage(No Configuration,No Configuration)
2025-01-27 22:42:46,342 [INFO] PinOutPanel:1589 - setPackage(STM32F767ZITx,LQFP144)
2025-01-27 22:42:46,578 [ERROR] LogOutputStream:75 - [STDERR_REDIRECT] [Fatal Error] :1:1: Premature end of file.
2025-01-27 22:42:46,578 [ERROR] LogOutputStream:75 - [STDERR_REDIRECT] 
2025-01-27 22:42:46,787 [INFO] UtilMem:75 - Before build in PCC Used Memory: 216684432 Bytes (423624704)
2025-01-27 22:42:47,386 [INFO] UtilMem:75 - After build in PCC Used Memory: 291657696 Bytes (423624704)
2025-01-27 22:42:47,413 [INFO] IPUIPlugin:80 - create IPUIPlugin
2025-01-27 22:42:47,413 [INFO] IPUIPlugin:80 - create IPUIPlugin
2025-01-27 22:42:47,413 [INFO] IPUIPlugin:80 - create IPUIPlugin
2025-01-27 22:42:47,413 [INFO] IPUIPlugin:80 - create IPUIPlugin
2025-01-27 22:42:47,413 [INFO] IPUIPlugin:80 - create IPUIPlugin
2025-01-27 22:42:47,413 [INFO] IPUIPlugin:80 - create IPUIPlugin
2025-01-27 22:42:47,415 [INFO] IPUIPlugin:80 - create IPUIPlugin
2025-01-27 22:42:47,415 [INFO] IPUIPlugin:80 - create IPUIPlugin
2025-01-27 22:42:47,415 [INFO] IPUIPlugin:80 - create IPUIPlugin
2025-01-27 22:42:47,415 [INFO] IPUIPlugin:80 - create IPUIPlugin
2025-01-27 22:42:47,415 [INFO] IPUIPlugin:80 - create IPUIPlugin
2025-01-27 22:42:47,415 [INFO] IPUIPlugin:80 - create IPUIPlugin
2025-01-27 22:42:47,415 [INFO] IPUIPlugin:80 - create IPUIPlugin
2025-01-27 22:42:47,415 [INFO] IPUIPlugin:80 - create IPUIPlugin
2025-01-27 22:42:47,415 [INFO] IPUIPlugin:80 - create IPUIPlugin
2025-01-27 22:42:47,415 [INFO] IPUIPlugin:80 - create IPUIPlugin
2025-01-27 22:42:47,415 [INFO] IPUIPlugin:80 - create IPUIPlugin
2025-01-27 22:42:47,415 [INFO] IPUIPlugin:80 - create IPUIPlugin
2025-01-27 22:42:47,415 [INFO] IPUIPlugin:80 - create IPUIPlugin
2025-01-27 22:42:47,415 [INFO] IPUIPlugin:80 - create IPUIPlugin
2025-01-27 22:42:47,416 [INFO] IPUIPlugin:80 - create IPUIPlugin
2025-01-27 22:42:47,416 [INFO] IPUIPlugin:80 - create IPUIPlugin
2025-01-27 22:42:47,416 [INFO] IPUIPlugin:80 - create IPUIPlugin
2025-01-27 22:42:47,416 [INFO] IPUIPlugin:80 - create IPUIPlugin
2025-01-27 22:42:47,416 [INFO] IPUIPlugin:80 - create IPUIPlugin
2025-01-27 22:42:47,416 [INFO] IPUIPlugin:80 - create IPUIPlugin
2025-01-27 22:42:47,416 [INFO] IPUIPlugin:80 - create IPUIPlugin
2025-01-27 22:42:47,416 [INFO] IPUIPlugin:80 - create IPUIPlugin
2025-01-27 22:42:47,416 [INFO] IPUIPlugin:80 - create IPUIPlugin
2025-01-27 22:42:47,416 [INFO] IPUIPlugin:80 - create IPUIPlugin
2025-01-27 22:42:47,416 [INFO] IPUIPlugin:80 - create IPUIPlugin
2025-01-27 22:42:47,416 [INFO] IPUIPlugin:80 - create IPUIPlugin
2025-01-27 22:42:47,418 [INFO] IPUIPlugin:80 - create IPUIPlugin
2025-01-27 22:42:47,418 [INFO] IPUIPlugin:80 - create IPUIPlugin
2025-01-27 22:42:47,418 [INFO] IPUIPlugin:80 - create IPUIPlugin
2025-01-27 22:42:47,418 [INFO] IPUIPlugin:80 - create IPUIPlugin
2025-01-27 22:42:47,418 [INFO] IPUIPlugin:80 - create IPUIPlugin
2025-01-27 22:42:47,418 [INFO] IPUIPlugin:80 - create IPUIPlugin
2025-01-27 22:42:47,418 [INFO] IPUIPlugin:80 - create IPUIPlugin
2025-01-27 22:42:47,418 [INFO] IPUIPlugin:80 - create IPUIPlugin
2025-01-27 22:42:47,418 [INFO] IPUIPlugin:80 - create IPUIPlugin
2025-01-27 22:42:47,418 [INFO] IPUIPlugin:80 - create IPUIPlugin
2025-01-27 22:42:47,419 [INFO] IPUIPlugin:80 - create IPUIPlugin
2025-01-27 22:42:47,419 [INFO] IPUIPlugin:80 - create IPUIPlugin
2025-01-27 22:42:47,419 [INFO] IPUIPlugin:80 - create IPUIPlugin
2025-01-27 22:42:47,419 [INFO] IPUIPlugin:80 - create IPUIPlugin
2025-01-27 22:42:47,419 [INFO] IPUIPlugin:80 - create IPUIPlugin
2025-01-27 22:42:47,419 [INFO] IPUIPlugin:80 - create IPUIPlugin
2025-01-27 22:42:47,419 [INFO] IPUIPlugin:80 - create IPUIPlugin
2025-01-27 22:42:47,419 [INFO] IPUIPlugin:80 - create IPUIPlugin
2025-01-27 22:42:47,419 [INFO] IPUIPlugin:80 - create IPUIPlugin
2025-01-27 22:42:47,421 [INFO] IPUIPlugin:80 - create IPUIPlugin
2025-01-27 22:42:47,421 [INFO] IPUIPlugin:80 - create IPUIPlugin
2025-01-27 22:42:47,421 [INFO] IPUIPlugin:80 - create IPUIPlugin
2025-01-27 22:42:47,421 [INFO] IPUIPlugin:80 - create IPUIPlugin
2025-01-27 22:42:47,421 [INFO] IPUIPlugin:80 - create IPUIPlugin
2025-01-27 22:42:47,421 [INFO] IPUIPlugin:80 - create IPUIPlugin
2025-01-27 22:42:47,421 [INFO] IPUIPlugin:80 - create IPUIPlugin
2025-01-27 22:42:47,421 [INFO] IPUIPlugin:80 - create IPUIPlugin
2025-01-27 22:42:47,421 [INFO] IPUIPlugin:80 - create IPUIPlugin
2025-01-27 22:42:47,422 [INFO] IPUIPlugin:80 - create IPUIPlugin
2025-01-27 22:42:47,422 [INFO] IPUIPlugin:80 - create IPUIPlugin
2025-01-27 22:42:47,422 [INFO] IPUIPlugin:80 - create IPUIPlugin
2025-01-27 22:42:47,422 [INFO] IPUIPlugin:80 - create IPUIPlugin
2025-01-27 22:42:47,422 [INFO] IPUIPlugin:80 - create IPUIPlugin
2025-01-27 22:42:47,422 [INFO] IPUIPlugin:80 - create IPUIPlugin
2025-01-27 22:42:47,422 [INFO] IPUIPlugin:80 - create IPUIPlugin
2025-01-27 22:42:47,422 [INFO] IPUIPlugin:80 - create IPUIPlugin
2025-01-27 22:42:47,424 [INFO] IPUIPlugin:80 - create IPUIPlugin
2025-01-27 22:42:47,424 [INFO] IPUIPlugin:80 - create IPUIPlugin
2025-01-27 22:42:47,424 [INFO] IPUIPlugin:80 - create IPUIPlugin
2025-01-27 22:42:47,424 [INFO] IPUIPlugin:80 - create IPUIPlugin
2025-01-27 22:42:47,424 [INFO] IPUIPlugin:80 - create IPUIPlugin
2025-01-27 22:42:47,424 [INFO] IPUIPlugin:80 - create IPUIPlugin
2025-01-27 22:42:47,425 [INFO] IPUIPlugin:80 - create IPUIPlugin
2025-01-27 22:42:47,425 [INFO] IPUIPlugin:80 - create IPUIPlugin
2025-01-27 22:42:47,425 [INFO] IPUIPlugin:80 - create IPUIPlugin
2025-01-27 22:42:47,425 [INFO] IPUIPlugin:80 - create IPUIPlugin
2025-01-27 22:42:47,425 [INFO] IPUIPlugin:80 - create IPUIPlugin
2025-01-27 22:42:47,501 [INFO] ApiDbMcu:508 - Load IP Config File for PDM2PCM
2025-01-27 22:42:47,589 [ERROR] LogOutputStream:75 - [STDERR_REDIRECT] [Fatal Error] :1:1: Premature end of file.
2025-01-27 22:42:47,591 [ERROR] LogOutputStream:75 - [STDERR_REDIRECT] 
2025-01-27 22:42:47,683 [INFO] CADModel:165 - CPN selected for project levelSTM32F767ZIT6
2025-01-27 22:42:47,683 [INFO] CADModel:114 - Register for checkConnection events
2025-01-27 22:42:47,732 [INFO] OpenFileManager:363 - Restore cursor
2025-01-27 22:42:48,583 [ERROR] LogOutputStream:75 - [STDERR_REDIRECT] [Fatal Error] :1:1: Premature end of file.
2025-01-27 22:42:48,583 [ERROR] LogOutputStream:75 - [STDERR_REDIRECT] 
2025-01-27 22:42:49,604 [ERROR] LogOutputStream:75 - [STDERR_REDIRECT] [Fatal Error] :1:1: Premature end of file.
2025-01-27 22:42:49,604 [ERROR] LogOutputStream:75 - [STDERR_REDIRECT] 
2025-01-27 22:42:50,580 [ERROR] LogOutputStream:75 - [STDERR_REDIRECT] [Fatal Error] :1:1: Premature end of file.
2025-01-27 22:42:50,580 [ERROR] LogOutputStream:75 - [STDERR_REDIRECT] 
2025-01-27 22:42:51,593 [ERROR] LogOutputStream:75 - [STDERR_REDIRECT] [Fatal Error] :1:1: Premature end of file.
2025-01-27 22:42:51,593 [ERROR] LogOutputStream:75 - [STDERR_REDIRECT] 
2025-01-27 22:42:52,589 [ERROR] LogOutputStream:75 - [STDERR_REDIRECT] [Fatal Error] :1:1: Premature end of file.
2025-01-27 22:42:52,589 [ERROR] LogOutputStream:75 - [STDERR_REDIRECT] 
2025-01-27 22:42:53,584 [ERROR] LogOutputStream:75 - [STDERR_REDIRECT] [Fatal Error] :1:1: Premature end of file.
2025-01-27 22:42:53,584 [ERROR] LogOutputStream:75 - [STDERR_REDIRECT] 
2025-01-27 22:42:54,606 [ERROR] LogOutputStream:75 - [STDERR_REDIRECT] [Fatal Error] :1:1: Premature end of file.
2025-01-27 22:42:54,606 [ERROR] LogOutputStream:75 - [STDERR_REDIRECT] 
2025-01-27 22:42:55,575 [ERROR] LogOutputStream:75 - [STDERR_REDIRECT] [Fatal Error] :1:1: Premature end of file.
2025-01-27 22:42:55,575 [ERROR] LogOutputStream:75 - [STDERR_REDIRECT] 
2025-01-27 22:42:56,581 [ERROR] LogOutputStream:75 - [STDERR_REDIRECT] [Fatal Error] :1:1: Premature end of file.
2025-01-27 22:42:56,581 [ERROR] LogOutputStream:75 - [STDERR_REDIRECT] 
2025-01-27 22:42:57,579 [ERROR] LogOutputStream:75 - [STDERR_REDIRECT] [Fatal Error] :1:1: Premature end of file.
2025-01-27 22:42:57,579 [ERROR] LogOutputStream:75 - [STDERR_REDIRECT] 
2025-01-27 22:42:58,587 [ERROR] LogOutputStream:75 - [STDERR_REDIRECT] [Fatal Error] :1:1: Premature end of file.
2025-01-27 22:42:58,587 [ERROR] LogOutputStream:75 - [STDERR_REDIRECT] 
2025-01-27 22:42:59,599 [ERROR] LogOutputStream:75 - [STDERR_REDIRECT] [Fatal Error] :1:1: Premature end of file.
2025-01-27 22:42:59,599 [ERROR] LogOutputStream:75 - [STDERR_REDIRECT] 
2025-01-27 22:43:00,588 [ERROR] LogOutputStream:75 - [STDERR_REDIRECT] [Fatal Error] :1:1: Premature end of file.
2025-01-27 22:43:00,588 [ERROR] LogOutputStream:75 - [STDERR_REDIRECT] 
2025-01-27 22:43:01,581 [ERROR] LogOutputStream:75 - [STDERR_REDIRECT] [Fatal Error] :1:1: Premature end of file.
2025-01-27 22:43:01,581 [ERROR] LogOutputStream:75 - [STDERR_REDIRECT] 
2025-01-27 22:43:02,583 [ERROR] LogOutputStream:75 - [STDERR_REDIRECT] [Fatal Error] :1:1: Premature end of file.
2025-01-27 22:43:02,585 [ERROR] LogOutputStream:75 - [STDERR_REDIRECT] 
2025-01-27 22:43:03,581 [ERROR] LogOutputStream:75 - [STDERR_REDIRECT] [Fatal Error] :1:1: Premature end of file.
2025-01-27 22:43:03,581 [ERROR] LogOutputStream:75 - [STDERR_REDIRECT] 
2025-01-27 22:43:04,578 [ERROR] LogOutputStream:75 - [STDERR_REDIRECT] [Fatal Error] :1:1: Premature end of file.
2025-01-27 22:43:04,578 [ERROR] LogOutputStream:75 - [STDERR_REDIRECT] 
2025-01-27 22:43:05,579 [ERROR] LogOutputStream:75 - [STDERR_REDIRECT] [Fatal Error] :1:1: Premature end of file.
2025-01-27 22:43:05,579 [ERROR] LogOutputStream:75 - [STDERR_REDIRECT] 
2025-01-27 22:43:06,578 [ERROR] LogOutputStream:75 - [STDERR_REDIRECT] [Fatal Error] :1:1: Premature end of file.
2025-01-27 22:43:06,580 [ERROR] LogOutputStream:75 - [STDERR_REDIRECT] 
2025-01-27 22:43:07,575 [ERROR] LogOutputStream:75 - [STDERR_REDIRECT] [Fatal Error] :1:1: Premature end of file.
2025-01-27 22:43:07,575 [ERROR] LogOutputStream:75 - [STDERR_REDIRECT] 
2025-01-27 22:43:08,577 [ERROR] LogOutputStream:75 - [STDERR_REDIRECT] [Fatal Error] :1:1: Premature end of file.
2025-01-27 22:43:08,577 [ERROR] LogOutputStream:75 - [STDERR_REDIRECT] 
2025-01-27 22:43:09,578 [ERROR] LogOutputStream:75 - [STDERR_REDIRECT] [Fatal Error] :1:1: Premature end of file.
2025-01-27 22:43:09,578 [ERROR] LogOutputStream:75 - [STDERR_REDIRECT] 
2025-01-27 22:43:10,577 [ERROR] LogOutputStream:75 - [STDERR_REDIRECT] [Fatal Error] :1:1: Premature end of file.
2025-01-27 22:43:10,577 [ERROR] LogOutputStream:75 - [STDERR_REDIRECT] 
2025-01-27 22:43:11,583 [ERROR] LogOutputStream:75 - [STDERR_REDIRECT] [Fatal Error] :1:1: Premature end of file.
2025-01-27 22:43:11,583 [ERROR] LogOutputStream:75 - [STDERR_REDIRECT] 
2025-01-27 22:43:12,578 [ERROR] LogOutputStream:75 - [STDERR_REDIRECT] [Fatal Error] :1:1: Premature end of file.
2025-01-27 22:43:12,578 [ERROR] LogOutputStream:75 - [STDERR_REDIRECT] 
2025-01-27 22:43:13,584 [ERROR] LogOutputStream:75 - [STDERR_REDIRECT] [Fatal Error] :1:1: Premature end of file.
2025-01-27 22:43:13,584 [ERROR] LogOutputStream:75 - [STDERR_REDIRECT] 
2025-01-27 22:43:14,583 [ERROR] LogOutputStream:75 - [STDERR_REDIRECT] [Fatal Error] :1:1: Premature end of file.
2025-01-27 22:43:14,583 [ERROR] LogOutputStream:75 - [STDERR_REDIRECT] 
2025-01-27 22:43:15,586 [ERROR] LogOutputStream:75 - [STDERR_REDIRECT] [Fatal Error] :1:1: Premature end of file.
2025-01-27 22:43:15,586 [ERROR] LogOutputStream:75 - [STDERR_REDIRECT] 
2025-01-27 22:43:16,595 [ERROR] LogOutputStream:75 - [STDERR_REDIRECT] [Fatal Error] :1:1: Premature end of file.
2025-01-27 22:43:16,597 [ERROR] LogOutputStream:75 - [STDERR_REDIRECT] 
2025-01-27 22:43:17,603 [ERROR] LogOutputStream:75 - [STDERR_REDIRECT] [Fatal Error] :1:1: Premature end of file.
2025-01-27 22:43:17,603 [ERROR] LogOutputStream:75 - [STDERR_REDIRECT] 
2025-01-27 22:43:18,596 [ERROR] LogOutputStream:75 - [STDERR_REDIRECT] [Fatal Error] :1:1: Premature end of file.
2025-01-27 22:43:18,596 [ERROR] LogOutputStream:75 - [STDERR_REDIRECT] 
2025-01-27 22:43:19,598 [ERROR] LogOutputStream:75 - [STDERR_REDIRECT] [Fatal Error] :1:1: Premature end of file.
2025-01-27 22:43:19,598 [ERROR] LogOutputStream:75 - [STDERR_REDIRECT] 
2025-01-27 22:43:20,610 [ERROR] LogOutputStream:75 - [STDERR_REDIRECT] [Fatal Error] :1:1: Premature end of file.
2025-01-27 22:43:20,610 [ERROR] LogOutputStream:75 - [STDERR_REDIRECT] 
2025-01-27 22:43:21,589 [ERROR] LogOutputStream:75 - [STDERR_REDIRECT] [Fatal Error] :1:1: Premature end of file.
2025-01-27 22:43:21,589 [ERROR] LogOutputStream:75 - [STDERR_REDIRECT] 
2025-01-27 22:43:22,590 [ERROR] LogOutputStream:75 - [STDERR_REDIRECT] [Fatal Error] :1:1: Premature end of file.
2025-01-27 22:43:22,590 [ERROR] LogOutputStream:75 - [STDERR_REDIRECT] 
2025-01-27 22:43:23,594 [ERROR] LogOutputStream:75 - [STDERR_REDIRECT] [Fatal Error] :1:1: Premature end of file.
2025-01-27 22:43:23,594 [ERROR] LogOutputStream:75 - [STDERR_REDIRECT] 
2025-01-27 22:43:24,597 [ERROR] LogOutputStream:75 - [STDERR_REDIRECT] [Fatal Error] :1:1: Premature end of file.
2025-01-27 22:43:24,597 [ERROR] LogOutputStream:75 - [STDERR_REDIRECT] 
2025-01-27 22:43:25,583 [ERROR] LogOutputStream:75 - [STDERR_REDIRECT] [Fatal Error] :1:1: Premature end of file.
2025-01-27 22:43:25,583 [ERROR] LogOutputStream:75 - [STDERR_REDIRECT] 
2025-01-27 22:43:26,606 [ERROR] LogOutputStream:75 - [STDERR_REDIRECT] [Fatal Error] :1:1: Premature end of file.
2025-01-27 22:43:26,606 [ERROR] LogOutputStream:75 - [STDERR_REDIRECT] 
2025-01-27 22:43:27,593 [ERROR] LogOutputStream:75 - [STDERR_REDIRECT] [Fatal Error] :1:1: Premature end of file.
2025-01-27 22:43:27,593 [ERROR] LogOutputStream:75 - [STDERR_REDIRECT] 
2025-01-27 22:43:28,581 [ERROR] LogOutputStream:75 - [STDERR_REDIRECT] [Fatal Error] :1:1: Premature end of file.
2025-01-27 22:43:28,581 [ERROR] LogOutputStream:75 - [STDERR_REDIRECT] 
2025-01-27 22:43:29,598 [ERROR] LogOutputStream:75 - [STDERR_REDIRECT] [Fatal Error] :1:1: Premature end of file.
2025-01-27 22:43:29,599 [ERROR] LogOutputStream:75 - [STDERR_REDIRECT] 
2025-01-27 22:43:30,576 [ERROR] LogOutputStream:75 - [STDERR_REDIRECT] [Fatal Error] :1:1: Premature end of file.
2025-01-27 22:43:30,576 [ERROR] LogOutputStream:75 - [STDERR_REDIRECT] 
2025-01-27 22:43:31,586 [ERROR] LogOutputStream:75 - [STDERR_REDIRECT] [Fatal Error] :1:1: Premature end of file.
2025-01-27 22:43:31,586 [ERROR] LogOutputStream:75 - [STDERR_REDIRECT] 
2025-01-27 22:43:32,597 [ERROR] LogOutputStream:75 - [STDERR_REDIRECT] [Fatal Error] :1:1: Premature end of file.
2025-01-27 22:43:32,597 [ERROR] LogOutputStream:75 - [STDERR_REDIRECT] 
2025-01-27 22:43:33,578 [ERROR] LogOutputStream:75 - [STDERR_REDIRECT] [Fatal Error] :1:1: Premature end of file.
2025-01-27 22:43:33,578 [ERROR] LogOutputStream:75 - [STDERR_REDIRECT] 
2025-01-27 22:43:33,996 [INFO] UtilMem:75 - End SaveConfig() Used Memory: 366625240 Bytes (717225984)
2025-01-27 22:43:34,582 [ERROR] LogOutputStream:75 - [STDERR_REDIRECT] [Fatal Error] :1:1: Premature end of file.
2025-01-27 22:43:34,582 [ERROR] LogOutputStream:75 - [STDERR_REDIRECT] 
2025-01-27 22:43:35,600 [ERROR] LogOutputStream:75 - [STDERR_REDIRECT] [Fatal Error] :1:1: Premature end of file.
2025-01-27 22:43:35,600 [ERROR] LogOutputStream:75 - [STDERR_REDIRECT] 
2025-01-27 22:43:36,480 [INFO] UtilMem:75 - End SaveConfig() Used Memory: 481023608 Bytes (717225984)
2025-01-27 22:43:36,582 [ERROR] LogOutputStream:75 - [STDERR_REDIRECT] [Fatal Error] :1:1: Premature end of file.
2025-01-27 22:43:36,582 [ERROR] LogOutputStream:75 - [STDERR_REDIRECT] 
2025-01-27 22:43:37,595 [ERROR] LogOutputStream:75 - [STDERR_REDIRECT] [Fatal Error] :1:1: Premature end of file.
2025-01-27 22:43:37,595 [ERROR] LogOutputStream:75 - [STDERR_REDIRECT] 
2025-01-27 22:43:38,593 [ERROR] LogOutputStream:75 - [STDERR_REDIRECT] [Fatal Error] :1:1: Premature end of file.
2025-01-27 22:43:38,593 [ERROR] LogOutputStream:75 - [STDERR_REDIRECT] 
2025-01-27 22:43:39,554 [INFO] UtilMem:75 - End SaveConfig() Used Memory: 676573720 Bytes (717225984)
2025-01-27 22:43:39,590 [ERROR] LogOutputStream:75 - [STDERR_REDIRECT] [Fatal Error] :1:1: Premature end of file.
2025-01-27 22:43:39,590 [ERROR] LogOutputStream:75 - [STDERR_REDIRECT] 
2025-01-27 22:43:39,966 [INFO] BlockDiagram:2766 - set Specific Code input for plugin: SYS
2025-01-27 22:43:39,966 [INFO] BlockDiagram:2766 - set Specific Code input for plugin: ADC
2025-01-27 22:43:39,966 [INFO] BlockDiagram:2766 - set Specific Code input for plugin: RCC
2025-01-27 22:43:39,966 [INFO] BlockDiagram:2766 - set Specific Code input for plugin: NVIC
2025-01-27 22:43:39,966 [INFO] BlockDiagram:2766 - set Specific Code input for plugin: USART
2025-01-27 22:43:39,966 [INFO] BlockDiagram:2766 - set Specific Code input for plugin: CORTEX_M7
2025-01-27 22:43:39,966 [INFO] BlockDiagram:2766 - set Specific Code input for plugin: GPIO
2025-01-27 22:43:39,968 [INFO] CodeGenerator:896 - code generatio: config db path: C:\ST\STM32CubeIDE_1.17.0\STM32CubeIDE\plugins\com.st.stm32cube.common.mx_6.13.0.202411220809\\db\
2025-01-27 22:43:40,086 [INFO] CodeEngine:255 - oldGeneratedFile, D:\STM32\Lab5\Lab5\MXTmpFiles\license.tmp_save
2025-01-27 22:43:40,358 [INFO] CodeEngine:279 - Generated code: D:\STM32\Lab5\Lab5\MXTmpFiles\license.tmp
2025-01-27 22:43:40,404 [INFO] CodeEngine:255 - oldGeneratedFile, D:\STM32\Lab5\Lab5\MXTmpFiles\gpio.tmp_save
2025-01-27 22:43:40,479 [INFO] CodeEngine:279 - Generated code: D:\STM32\Lab5\Lab5\MXTmpFiles\gpio.tmp
2025-01-27 22:43:40,569 [INFO] CodeEngine:255 - oldGeneratedFile, D:\STM32\Lab5\Lab5\MXTmpFiles\cortex.tmp_save
2025-01-27 22:43:40,584 [ERROR] LogOutputStream:75 - [STDERR_REDIRECT] [Fatal Error] :1:1: Premature end of file.
2025-01-27 22:43:40,586 [ERROR] LogOutputStream:75 - [STDERR_REDIRECT] 
2025-01-27 22:43:40,624 [INFO] CodeEngine:279 - Generated code: D:\STM32\Lab5\Lab5\MXTmpFiles\cortex.tmp
2025-01-27 22:43:40,634 [INFO] CodeEngine:255 - oldGeneratedFile, D:\STM32\Lab5\Lab5\Core\Src\stm32f7xx_it.c_save
2025-01-27 22:43:40,719 [INFO] CodeEngine:279 - Generated code: D:\STM32\Lab5\Lab5\Core\Src\stm32f7xx_it.c
2025-01-27 22:43:40,724 [INFO] CodeEngine:255 - oldGeneratedFile, D:\STM32\Lab5\Lab5\Core\Inc\stm32f7xx_it.h_save
2025-01-27 22:43:40,768 [INFO] CodeEngine:279 - Generated code: D:\STM32\Lab5\Lab5\Core\Inc\stm32f7xx_it.h
2025-01-27 22:43:40,780 [INFO] CodeEngine:255 - oldGeneratedFile, D:\STM32\Lab5\Lab5\Core\Src\stm32f7xx_hal_msp.c_save
2025-01-27 22:43:40,871 [INFO] CodeEngine:279 - Generated code: D:\STM32\Lab5\Lab5\Core\Src\stm32f7xx_hal_msp.c
2025-01-27 22:43:40,874 [INFO] CodeEngine:255 - oldGeneratedFile, D:\STM32\Lab5\Lab5\MXTmpFiles\system.tmp_save
2025-01-27 22:43:40,911 [INFO] CodeEngine:279 - Generated code: D:\STM32\Lab5\Lab5\MXTmpFiles\system.tmp
2025-01-27 22:43:40,920 [INFO] CodeEngine:311 - oldGeneratedFile, D:\STM32\Lab5\Lab5\Core\Inc\stm32f7xx_hal_conf.h_save
2025-01-27 22:43:40,963 [INFO] CodeEngine:335 - Generated code: D:\STM32\Lab5\Lab5\Core\Inc\stm32f7xx_hal_conf.h
2025-01-27 22:43:40,984 [INFO] ApiDbMcu:508 - Load IP Config File for ADC1
2025-01-27 22:43:40,987 [INFO] ApiDbMcu:508 - Load IP Config File for USART3
2025-01-27 22:43:40,988 [INFO] ApiDbMcu:508 - Load IP Config File for RCC
2025-01-27 22:43:40,996 [INFO] CodeEngine:255 - oldGeneratedFile, D:\STM32\Lab5\Lab5\Core\Inc\main.h_save
2025-01-27 22:43:41,043 [INFO] CodeEngine:279 - Generated code: D:\STM32\Lab5\Lab5\Core\Inc\main.h
2025-01-27 22:43:41,046 [INFO] CodeEngine:255 - oldGeneratedFile, D:\STM32\Lab5\Lab5\Core\Src\main.c_save
2025-01-27 22:43:41,137 [INFO] CodeEngine:279 - Generated code: D:\STM32\Lab5\Lab5\Core\Src\main.c
2025-01-27 22:43:41,431 [INFO] ProjectBuilder:3289 - Time for Copy HAL[1] : 159mS.
2025-01-27 22:43:41,435 [INFO] ProjectBuilder:4876 - Project Generator version: 4.5.0-RC5
2025-01-27 22:43:41,480 [INFO] ConfigFileManager:1579 - The Die is : DIE451
2025-01-27 22:43:41,485 [INFO] ApiDbMcu:508 - Load IP Config File for FATFS
2025-01-27 22:43:41,488 [INFO] ApiDbMcu:508 - Load IP Config File for FREERTOS
2025-01-27 22:43:41,488 [INFO] ApiDbMcu:508 - Load IP Config File for LIBJPEG
2025-01-27 22:43:41,491 [INFO] ApiDbMcu:508 - Load IP Config File for LWIP
2025-01-27 22:43:41,497 [INFO] ApiDbMcu:508 - Load IP Config File for MBEDTLS
2025-01-27 22:43:41,503 [INFO] ApiDbMcu:508 - Load IP Config File for USB_DEVICE
2025-01-27 22:43:41,506 [INFO] ApiDbMcu:508 - Load IP Config File for USB_HOST
2025-01-27 22:43:41,587 [ERROR] LogOutputStream:75 - [STDERR_REDIRECT] [Fatal Error] :1:1: Premature end of file.
2025-01-27 22:43:41,587 [ERROR] LogOutputStream:75 - [STDERR_REDIRECT] 
2025-01-27 22:43:41,724 [INFO] LogOutputStream:77 - [STDOUT_REDIRECT] 
2025-01-27 22:43:42,337 [INFO] ProjectBuilder:5154 - Time for Generating toolchain IDE Files: 902mS.
2025-01-27 22:43:42,337 [INFO] ProjectBuilder:3146 - Time for Copy CMSIS : 0mS.
2025-01-27 22:43:42,339 [INFO] ProjectBuilder:3146 - Time for Copy CMSIS : 0mS.
2025-01-27 22:43:42,574 [ERROR] LogOutputStream:75 - [STDERR_REDIRECT] [Fatal Error] :1:1: Premature end of file.
2025-01-27 22:43:42,574 [ERROR] LogOutputStream:75 - [STDERR_REDIRECT] 
2025-01-27 22:43:43,582 [ERROR] LogOutputStream:75 - [STDERR_REDIRECT] [Fatal Error] :1:1: Premature end of file.
2025-01-27 22:43:43,582 [ERROR] LogOutputStream:75 - [STDERR_REDIRECT] 
2025-01-27 22:43:44,595 [ERROR] LogOutputStream:75 - [STDERR_REDIRECT] [Fatal Error] :1:1: Premature end of file.
2025-01-27 22:43:44,595 [ERROR] LogOutputStream:75 - [STDERR_REDIRECT] 
2025-01-27 22:43:45,585 [ERROR] LogOutputStream:75 - [STDERR_REDIRECT] [Fatal Error] :1:1: Premature end of file.
2025-01-27 22:43:45,585 [ERROR] LogOutputStream:75 - [STDERR_REDIRECT] 
2025-01-27 22:43:46,581 [ERROR] LogOutputStream:75 - [STDERR_REDIRECT] [Fatal Error] :1:1: Premature end of file.
2025-01-27 22:43:46,581 [ERROR] LogOutputStream:75 - [STDERR_REDIRECT] 
2025-01-27 22:43:47,587 [ERROR] LogOutputStream:75 - [STDERR_REDIRECT] [Fatal Error] :1:1: Premature end of file.
2025-01-27 22:43:47,587 [ERROR] LogOutputStream:75 - [STDERR_REDIRECT] 
2025-01-27 22:43:48,592 [ERROR] LogOutputStream:75 - [STDERR_REDIRECT] [Fatal Error] :1:1: Premature end of file.
2025-01-27 22:43:48,592 [ERROR] LogOutputStream:75 - [STDERR_REDIRECT] 
2025-01-27 22:43:49,593 [ERROR] LogOutputStream:75 - [STDERR_REDIRECT] [Fatal Error] :1:1: Premature end of file.
2025-01-27 22:43:49,593 [ERROR] LogOutputStream:75 - [STDERR_REDIRECT] 
2025-01-27 22:43:50,591 [ERROR] LogOutputStream:75 - [STDERR_REDIRECT] [Fatal Error] :1:1: Premature end of file.
2025-01-27 22:43:50,591 [ERROR] LogOutputStream:75 - [STDERR_REDIRECT] 
2025-01-27 22:43:51,600 [ERROR] LogOutputStream:75 - [STDERR_REDIRECT] [Fatal Error] :1:1: Premature end of file.
2025-01-27 22:43:51,600 [ERROR] LogOutputStream:75 - [STDERR_REDIRECT] 
2025-01-27 22:43:52,581 [ERROR] LogOutputStream:75 - [STDERR_REDIRECT] [Fatal Error] :1:1: Premature end of file.
2025-01-27 22:43:52,581 [ERROR] LogOutputStream:75 - [STDERR_REDIRECT] 
2025-01-27 22:43:53,597 [ERROR] LogOutputStream:75 - [STDERR_REDIRECT] [Fatal Error] :1:1: Premature end of file.
2025-01-27 22:43:53,597 [ERROR] LogOutputStream:75 - [STDERR_REDIRECT] 
2025-01-27 22:43:54,599 [ERROR] LogOutputStream:75 - [STDERR_REDIRECT] [Fatal Error] :1:1: Premature end of file.
2025-01-27 22:43:54,599 [ERROR] LogOutputStream:75 - [STDERR_REDIRECT] 
2025-01-27 22:43:55,599 [ERROR] LogOutputStream:75 - [STDERR_REDIRECT] [Fatal Error] :1:1: Premature end of file.
2025-01-27 22:43:55,599 [ERROR] LogOutputStream:75 - [STDERR_REDIRECT] 
2025-01-27 22:43:56,599 [ERROR] LogOutputStream:75 - [STDERR_REDIRECT] [Fatal Error] :1:1: Premature end of file.
2025-01-27 22:43:56,599 [ERROR] LogOutputStream:75 - [STDERR_REDIRECT] 
2025-01-27 22:43:57,598 [ERROR] LogOutputStream:75 - [STDERR_REDIRECT] [Fatal Error] :1:1: Premature end of file.
2025-01-27 22:43:57,598 [ERROR] LogOutputStream:75 - [STDERR_REDIRECT] 
2025-01-27 22:43:58,585 [ERROR] LogOutputStream:75 - [STDERR_REDIRECT] [Fatal Error] :1:1: Premature end of file.
2025-01-27 22:43:58,585 [ERROR] LogOutputStream:75 - [STDERR_REDIRECT] 
2025-01-27 22:43:59,586 [ERROR] LogOutputStream:75 - [STDERR_REDIRECT] [Fatal Error] :1:1: Premature end of file.
2025-01-27 22:43:59,586 [ERROR] LogOutputStream:75 - [STDERR_REDIRECT] 
2025-01-27 22:44:00,593 [ERROR] LogOutputStream:75 - [STDERR_REDIRECT] [Fatal Error] :1:1: Premature end of file.
2025-01-27 22:44:00,593 [ERROR] LogOutputStream:75 - [STDERR_REDIRECT] 
2025-01-27 22:44:01,591 [ERROR] LogOutputStream:75 - [STDERR_REDIRECT] [Fatal Error] :1:1: Premature end of file.
2025-01-27 22:44:01,591 [ERROR] LogOutputStream:75 - [STDERR_REDIRECT] 
2025-01-27 22:44:02,583 [ERROR] LogOutputStream:75 - [STDERR_REDIRECT] [Fatal Error] :1:1: Premature end of file.
2025-01-27 22:44:02,583 [ERROR] LogOutputStream:75 - [STDERR_REDIRECT] 
2025-01-27 22:44:03,593 [ERROR] LogOutputStream:75 - [STDERR_REDIRECT] [Fatal Error] :1:1: Premature end of file.
2025-01-27 22:44:03,595 [ERROR] LogOutputStream:75 - [STDERR_REDIRECT] 
2025-01-27 22:44:04,584 [ERROR] LogOutputStream:75 - [STDERR_REDIRECT] [Fatal Error] :1:1: Premature end of file.
2025-01-27 22:44:04,584 [ERROR] LogOutputStream:75 - [STDERR_REDIRECT] 
2025-01-27 22:44:05,589 [ERROR] LogOutputStream:75 - [STDERR_REDIRECT] [Fatal Error] :1:1: Premature end of file.
2025-01-27 22:44:05,589 [ERROR] LogOutputStream:75 - [STDERR_REDIRECT] 
2025-01-27 22:44:06,590 [ERROR] LogOutputStream:75 - [STDERR_REDIRECT] [Fatal Error] :1:1: Premature end of file.
2025-01-27 22:44:06,590 [ERROR] LogOutputStream:75 - [STDERR_REDIRECT] 
2025-01-27 22:44:07,610 [ERROR] LogOutputStream:75 - [STDERR_REDIRECT] [Fatal Error] :1:1: Premature end of file.
2025-01-27 22:44:07,612 [ERROR] LogOutputStream:75 - [STDERR_REDIRECT] 
2025-01-27 22:44:08,607 [ERROR] LogOutputStream:75 - [STDERR_REDIRECT] [Fatal Error] :1:1: Premature end of file.
2025-01-27 22:44:08,607 [ERROR] LogOutputStream:75 - [STDERR_REDIRECT] 
2025-01-27 22:44:09,583 [ERROR] LogOutputStream:75 - [STDERR_REDIRECT] [Fatal Error] :1:1: Premature end of file.
2025-01-27 22:44:09,583 [ERROR] LogOutputStream:75 - [STDERR_REDIRECT] 
2025-01-27 22:44:10,597 [ERROR] LogOutputStream:75 - [STDERR_REDIRECT] [Fatal Error] :1:1: Premature end of file.
2025-01-27 22:44:10,597 [ERROR] LogOutputStream:75 - [STDERR_REDIRECT] 
2025-01-27 22:44:11,613 [ERROR] LogOutputStream:75 - [STDERR_REDIRECT] [Fatal Error] :1:1: Premature end of file.
2025-01-27 22:44:11,613 [ERROR] LogOutputStream:75 - [STDERR_REDIRECT] 
2025-01-27 22:44:12,598 [ERROR] LogOutputStream:75 - [STDERR_REDIRECT] [Fatal Error] :1:1: Premature end of file.
2025-01-27 22:44:12,598 [ERROR] LogOutputStream:75 - [STDERR_REDIRECT] 
2025-01-27 22:44:13,584 [ERROR] LogOutputStream:75 - [STDERR_REDIRECT] [Fatal Error] :1:1: Premature end of file.
2025-01-27 22:44:13,584 [ERROR] LogOutputStream:75 - [STDERR_REDIRECT] 
2025-01-27 22:44:14,581 [ERROR] LogOutputStream:75 - [STDERR_REDIRECT] [Fatal Error] :1:1: Premature end of file.
2025-01-27 22:44:14,581 [ERROR] LogOutputStream:75 - [STDERR_REDIRECT] 
2025-01-27 22:44:15,594 [ERROR] LogOutputStream:75 - [STDERR_REDIRECT] [Fatal Error] :1:1: Premature end of file.
2025-01-27 22:44:15,596 [ERROR] LogOutputStream:75 - [STDERR_REDIRECT] 
2025-01-27 22:44:16,617 [ERROR] LogOutputStream:75 - [STDERR_REDIRECT] [Fatal Error] :1:1: Premature end of file.
2025-01-27 22:44:16,617 [ERROR] LogOutputStream:75 - [STDERR_REDIRECT] 
2025-01-27 22:44:17,605 [ERROR] LogOutputStream:75 - [STDERR_REDIRECT] [Fatal Error] :1:1: Premature end of file.
2025-01-27 22:44:17,605 [ERROR] LogOutputStream:75 - [STDERR_REDIRECT] 
2025-01-27 22:44:18,591 [ERROR] LogOutputStream:75 - [STDERR_REDIRECT] [Fatal Error] :1:1: Premature end of file.
2025-01-27 22:44:18,591 [ERROR] LogOutputStream:75 - [STDERR_REDIRECT] 
2025-01-27 22:44:19,591 [ERROR] LogOutputStream:75 - [STDERR_REDIRECT] [Fatal Error] :1:1: Premature end of file.
2025-01-27 22:44:19,592 [ERROR] LogOutputStream:75 - [STDERR_REDIRECT] 
2025-01-27 22:44:20,596 [ERROR] LogOutputStream:75 - [STDERR_REDIRECT] [Fatal Error] :1:1: Premature end of file.
2025-01-27 22:44:20,598 [ERROR] LogOutputStream:75 - [STDERR_REDIRECT] 
2025-01-27 22:44:21,574 [ERROR] LogOutputStream:75 - [STDERR_REDIRECT] [Fatal Error] :1:1: Premature end of file.
2025-01-27 22:44:21,574 [ERROR] LogOutputStream:75 - [STDERR_REDIRECT] 
2025-01-27 22:44:22,616 [ERROR] LogOutputStream:75 - [STDERR_REDIRECT] [Fatal Error] :1:1: Premature end of file.
2025-01-27 22:44:22,616 [ERROR] LogOutputStream:75 - [STDERR_REDIRECT] 
2025-01-27 22:44:23,577 [ERROR] LogOutputStream:75 - [STDERR_REDIRECT] [Fatal Error] :1:1: Premature end of file.
2025-01-27 22:44:23,577 [ERROR] LogOutputStream:75 - [STDERR_REDIRECT] 
2025-01-27 22:44:24,587 [ERROR] LogOutputStream:75 - [STDERR_REDIRECT] [Fatal Error] :1:1: Premature end of file.
2025-01-27 22:44:24,587 [ERROR] LogOutputStream:75 - [STDERR_REDIRECT] 
2025-01-27 22:44:25,598 [ERROR] LogOutputStream:75 - [STDERR_REDIRECT] [Fatal Error] :1:1: Premature end of file.
2025-01-27 22:44:25,600 [ERROR] LogOutputStream:75 - [STDERR_REDIRECT] 
2025-01-27 22:44:26,575 [ERROR] LogOutputStream:75 - [STDERR_REDIRECT] [Fatal Error] :1:1: Premature end of file.
2025-01-27 22:44:26,576 [ERROR] LogOutputStream:75 - [STDERR_REDIRECT] 
2025-01-27 22:44:27,594 [ERROR] LogOutputStream:75 - [STDERR_REDIRECT] [Fatal Error] :1:1: Premature end of file.
2025-01-27 22:44:27,594 [ERROR] LogOutputStream:75 - [STDERR_REDIRECT] 
2025-01-27 22:44:28,584 [ERROR] LogOutputStream:75 - [STDERR_REDIRECT] [Fatal Error] :1:1: Premature end of file.
2025-01-27 22:44:28,585 [ERROR] LogOutputStream:75 - [STDERR_REDIRECT] 
2025-01-27 22:44:29,596 [ERROR] LogOutputStream:75 - [STDERR_REDIRECT] [Fatal Error] :1:1: Premature end of file.
2025-01-27 22:44:29,596 [ERROR] LogOutputStream:75 - [STDERR_REDIRECT] 
2025-01-27 22:44:30,588 [ERROR] LogOutputStream:75 - [STDERR_REDIRECT] [Fatal Error] :1:1: Premature end of file.
2025-01-27 22:44:30,588 [ERROR] LogOutputStream:75 - [STDERR_REDIRECT] 
2025-01-27 22:44:31,604 [ERROR] LogOutputStream:75 - [STDERR_REDIRECT] [Fatal Error] :1:1: Premature end of file.
2025-01-27 22:44:31,604 [ERROR] LogOutputStream:75 - [STDERR_REDIRECT] 
2025-01-27 22:44:32,592 [ERROR] LogOutputStream:75 - [STDERR_REDIRECT] [Fatal Error] :1:1: Premature end of file.
2025-01-27 22:44:32,592 [ERROR] LogOutputStream:75 - [STDERR_REDIRECT] 
2025-01-27 22:44:33,600 [ERROR] LogOutputStream:75 - [STDERR_REDIRECT] [Fatal Error] :1:1: Premature end of file.
2025-01-27 22:44:33,600 [ERROR] LogOutputStream:75 - [STDERR_REDIRECT] 
2025-01-27 22:44:34,582 [ERROR] LogOutputStream:75 - [STDERR_REDIRECT] [Fatal Error] :1:1: Premature end of file.
2025-01-27 22:44:34,582 [ERROR] LogOutputStream:75 - [STDERR_REDIRECT] 
2025-01-27 22:44:35,583 [ERROR] LogOutputStream:75 - [STDERR_REDIRECT] [Fatal Error] :1:1: Premature end of file.
2025-01-27 22:44:35,583 [ERROR] LogOutputStream:75 - [STDERR_REDIRECT] 
2025-01-27 22:44:36,598 [ERROR] LogOutputStream:75 - [STDERR_REDIRECT] [Fatal Error] :1:1: Premature end of file.
2025-01-27 22:44:36,598 [ERROR] LogOutputStream:75 - [STDERR_REDIRECT] 
2025-01-27 22:44:37,583 [ERROR] LogOutputStream:75 - [STDERR_REDIRECT] [Fatal Error] :1:1: Premature end of file.
2025-01-27 22:44:37,583 [ERROR] LogOutputStream:75 - [STDERR_REDIRECT] 
2025-01-27 22:44:38,594 [ERROR] LogOutputStream:75 - [STDERR_REDIRECT] [Fatal Error] :1:1: Premature end of file.
2025-01-27 22:44:38,594 [ERROR] LogOutputStream:75 - [STDERR_REDIRECT] 
2025-01-27 22:44:39,591 [ERROR] LogOutputStream:75 - [STDERR_REDIRECT] [Fatal Error] :1:1: Premature end of file.
2025-01-27 22:44:39,593 [ERROR] LogOutputStream:75 - [STDERR_REDIRECT] 
2025-01-27 22:44:40,598 [ERROR] LogOutputStream:75 - [STDERR_REDIRECT] [Fatal Error] :1:1: Premature end of file.
2025-01-27 22:44:40,598 [ERROR] LogOutputStream:75 - [STDERR_REDIRECT] 
2025-01-27 22:44:41,592 [ERROR] LogOutputStream:75 - [STDERR_REDIRECT] [Fatal Error] :1:1: Premature end of file.
2025-01-27 22:44:41,592 [ERROR] LogOutputStream:75 - [STDERR_REDIRECT] 
2025-01-27 22:44:42,593 [ERROR] LogOutputStream:75 - [STDERR_REDIRECT] [Fatal Error] :1:1: Premature end of file.
2025-01-27 22:44:42,593 [ERROR] LogOutputStream:75 - [STDERR_REDIRECT] 
2025-01-27 22:44:43,575 [ERROR] LogOutputStream:75 - [STDERR_REDIRECT] [Fatal Error] :1:1: Premature end of file.
2025-01-27 22:44:43,575 [ERROR] LogOutputStream:75 - [STDERR_REDIRECT] 
2025-01-27 22:44:44,597 [ERROR] LogOutputStream:75 - [STDERR_REDIRECT] [Fatal Error] :1:1: Premature end of file.
2025-01-27 22:44:44,597 [ERROR] LogOutputStream:75 - [STDERR_REDIRECT] 
2025-01-27 22:44:45,599 [ERROR] LogOutputStream:75 - [STDERR_REDIRECT] [Fatal Error] :1:1: Premature end of file.
2025-01-27 22:44:45,599 [ERROR] LogOutputStream:75 - [STDERR_REDIRECT] 
2025-01-27 22:44:46,577 [ERROR] LogOutputStream:75 - [STDERR_REDIRECT] [Fatal Error] :1:1: Premature end of file.
2025-01-27 22:44:46,578 [ERROR] LogOutputStream:75 - [STDERR_REDIRECT] 
2025-01-27 22:44:47,581 [ERROR] LogOutputStream:75 - [STDERR_REDIRECT] [Fatal Error] :1:1: Premature end of file.
2025-01-27 22:44:47,581 [ERROR] LogOutputStream:75 - [STDERR_REDIRECT] 
2025-01-27 22:44:48,596 [ERROR] LogOutputStream:75 - [STDERR_REDIRECT] [Fatal Error] :1:1: Premature end of file.
2025-01-27 22:44:48,596 [ERROR] LogOutputStream:75 - [STDERR_REDIRECT] 
2025-01-27 22:44:49,608 [ERROR] LogOutputStream:75 - [STDERR_REDIRECT] [Fatal Error] :1:1: Premature end of file.
2025-01-27 22:44:49,608 [ERROR] LogOutputStream:75 - [STDERR_REDIRECT] 
2025-01-27 22:44:50,600 [ERROR] LogOutputStream:75 - [STDERR_REDIRECT] [Fatal Error] :1:1: Premature end of file.
2025-01-27 22:44:50,602 [ERROR] LogOutputStream:75 - [STDERR_REDIRECT] 
2025-01-27 22:44:51,592 [ERROR] LogOutputStream:75 - [STDERR_REDIRECT] [Fatal Error] :1:1: Premature end of file.
2025-01-27 22:44:51,592 [ERROR] LogOutputStream:75 - [STDERR_REDIRECT] 
2025-01-27 22:44:52,595 [ERROR] LogOutputStream:75 - [STDERR_REDIRECT] [Fatal Error] :1:1: Premature end of file.
2025-01-27 22:44:52,597 [ERROR] LogOutputStream:75 - [STDERR_REDIRECT] 
2025-01-27 22:44:53,589 [ERROR] LogOutputStream:75 - [STDERR_REDIRECT] [Fatal Error] :1:1: Premature end of file.
2025-01-27 22:44:53,589 [ERROR] LogOutputStream:75 - [STDERR_REDIRECT] 
2025-01-27 22:44:54,597 [ERROR] LogOutputStream:75 - [STDERR_REDIRECT] [Fatal Error] :1:1: Premature end of file.
2025-01-27 22:44:54,597 [ERROR] LogOutputStream:75 - [STDERR_REDIRECT] 
2025-01-27 22:44:55,611 [ERROR] LogOutputStream:75 - [STDERR_REDIRECT] [Fatal Error] :1:1: Premature end of file.
2025-01-27 22:44:55,611 [ERROR] LogOutputStream:75 - [STDERR_REDIRECT] 
2025-01-27 22:44:56,587 [ERROR] LogOutputStream:75 - [STDERR_REDIRECT] [Fatal Error] :1:1: Premature end of file.
2025-01-27 22:44:56,587 [ERROR] LogOutputStream:75 - [STDERR_REDIRECT] 
2025-01-27 22:44:57,596 [ERROR] LogOutputStream:75 - [STDERR_REDIRECT] [Fatal Error] :1:1: Premature end of file.
2025-01-27 22:44:57,596 [ERROR] LogOutputStream:75 - [STDERR_REDIRECT] 
2025-01-27 22:44:58,584 [ERROR] LogOutputStream:75 - [STDERR_REDIRECT] [Fatal Error] :1:1: Premature end of file.
2025-01-27 22:44:58,584 [ERROR] LogOutputStream:75 - [STDERR_REDIRECT] 
2025-01-27 22:44:59,587 [ERROR] LogOutputStream:75 - [STDERR_REDIRECT] [Fatal Error] :1:1: Premature end of file.
2025-01-27 22:44:59,587 [ERROR] LogOutputStream:75 - [STDERR_REDIRECT] 
2025-01-27 22:45:00,602 [ERROR] LogOutputStream:75 - [STDERR_REDIRECT] [Fatal Error] :1:1: Premature end of file.
2025-01-27 22:45:00,602 [ERROR] LogOutputStream:75 - [STDERR_REDIRECT] 
2025-01-27 22:45:01,577 [ERROR] LogOutputStream:75 - [STDERR_REDIRECT] [Fatal Error] :1:1: Premature end of file.
2025-01-27 22:45:01,577 [ERROR] LogOutputStream:75 - [STDERR_REDIRECT] 
2025-01-27 22:45:02,586 [ERROR] LogOutputStream:75 - [STDERR_REDIRECT] [Fatal Error] :1:1: Premature end of file.
2025-01-27 22:45:02,586 [ERROR] LogOutputStream:75 - [STDERR_REDIRECT] 
2025-01-27 22:45:03,585 [ERROR] LogOutputStream:75 - [STDERR_REDIRECT] [Fatal Error] :1:1: Premature end of file.
2025-01-27 22:45:03,585 [ERROR] LogOutputStream:75 - [STDERR_REDIRECT] 
2025-01-27 22:45:04,591 [ERROR] LogOutputStream:75 - [STDERR_REDIRECT] [Fatal Error] :1:1: Premature end of file.
2025-01-27 22:45:04,591 [ERROR] LogOutputStream:75 - [STDERR_REDIRECT] 
2025-01-27 22:45:05,598 [ERROR] LogOutputStream:75 - [STDERR_REDIRECT] [Fatal Error] :1:1: Premature end of file.
2025-01-27 22:45:05,598 [ERROR] LogOutputStream:75 - [STDERR_REDIRECT] 
2025-01-27 22:45:06,592 [ERROR] LogOutputStream:75 - [STDERR_REDIRECT] [Fatal Error] :1:1: Premature end of file.
2025-01-27 22:45:06,592 [ERROR] LogOutputStream:75 - [STDERR_REDIRECT] 
2025-01-27 22:45:07,594 [ERROR] LogOutputStream:75 - [STDERR_REDIRECT] [Fatal Error] :1:1: Premature end of file.
2025-01-27 22:45:07,594 [ERROR] LogOutputStream:75 - [STDERR_REDIRECT] 
2025-01-27 22:45:08,600 [ERROR] LogOutputStream:75 - [STDERR_REDIRECT] [Fatal Error] :1:1: Premature end of file.
2025-01-27 22:45:08,600 [ERROR] LogOutputStream:75 - [STDERR_REDIRECT] 
2025-01-27 22:45:08,792 [INFO] ADCParametersView:116 -                Rank 1 : false
2025-01-27 22:45:08,904 [INFO] ADCParametersView:116 -                Rank 1 : false
2025-01-27 22:45:08,904 [INFO] ADCParametersView:116 -                Rank 1 : false
2025-01-27 22:45:08,904 [INFO] ADCParametersView:116 -                Rank 1 : false
2025-01-27 22:45:08,906 [INFO] ADCParametersView:116 -                Rank 1 : false
2025-01-27 22:45:08,906 [INFO] ADCParametersView:116 -                Rank 1 : false
2025-01-27 22:45:08,906 [INFO] ADCParametersView:116 -                Rank 1 : false
2025-01-27 22:45:08,906 [INFO] ADCParametersView:116 -                Rank 1 : false
2025-01-27 22:45:08,906 [INFO] ADCParametersView:116 -                Rank 1 : false
2025-01-27 22:45:08,906 [INFO] ADCParametersView:116 -                Rank 1 : false
2025-01-27 22:45:08,906 [INFO] ADCParametersView:116 -                Rank 1 : false
2025-01-27 22:45:08,906 [INFO] ADCParametersView:116 -                Rank 1 : false
2025-01-27 22:45:08,906 [INFO] ADCParametersView:116 -                Rank 1 : false
2025-01-27 22:45:08,906 [INFO] ADCParametersView:116 -                Rank 1 : false
2025-01-27 22:45:08,906 [INFO] ADCParametersView:116 -                Rank 1 : false
2025-01-27 22:45:08,948 [INFO] ADCParametersView:116 -                Rank 1 : false
2025-01-27 22:45:09,595 [ERROR] LogOutputStream:75 - [STDERR_REDIRECT] [Fatal Error] :1:1: Premature end of file.
2025-01-27 22:45:09,595 [ERROR] LogOutputStream:75 - [STDERR_REDIRECT] 
2025-01-27 22:45:10,589 [ERROR] LogOutputStream:75 - [STDERR_REDIRECT] [Fatal Error] :1:1: Premature end of file.
2025-01-27 22:45:10,589 [ERROR] LogOutputStream:75 - [STDERR_REDIRECT] 
2025-01-27 22:45:11,587 [ERROR] LogOutputStream:75 - [STDERR_REDIRECT] [Fatal Error] :1:1: Premature end of file.
2025-01-27 22:45:11,587 [ERROR] LogOutputStream:75 - [STDERR_REDIRECT] 
2025-01-27 22:45:12,581 [ERROR] LogOutputStream:75 - [STDERR_REDIRECT] [Fatal Error] :1:1: Premature end of file.
2025-01-27 22:45:12,581 [ERROR] LogOutputStream:75 - [STDERR_REDIRECT] 
2025-01-27 22:45:13,588 [ERROR] LogOutputStream:75 - [STDERR_REDIRECT] [Fatal Error] :1:1: Premature end of file.
2025-01-27 22:45:13,588 [ERROR] LogOutputStream:75 - [STDERR_REDIRECT] 
2025-01-27 22:45:14,600 [ERROR] LogOutputStream:75 - [STDERR_REDIRECT] [Fatal Error] :1:1: Premature end of file.
2025-01-27 22:45:14,600 [ERROR] LogOutputStream:75 - [STDERR_REDIRECT] 
2025-01-27 22:45:15,590 [ERROR] LogOutputStream:75 - [STDERR_REDIRECT] [Fatal Error] :1:1: Premature end of file.
2025-01-27 22:45:15,590 [ERROR] LogOutputStream:75 - [STDERR_REDIRECT] 
2025-01-27 22:45:16,587 [ERROR] LogOutputStream:75 - [STDERR_REDIRECT] [Fatal Error] :1:1: Premature end of file.
2025-01-27 22:45:16,587 [ERROR] LogOutputStream:75 - [STDERR_REDIRECT] 
2025-01-27 22:45:17,595 [ERROR] LogOutputStream:75 - [STDERR_REDIRECT] [Fatal Error] :1:1: Premature end of file.
2025-01-27 22:45:17,597 [ERROR] LogOutputStream:75 - [STDERR_REDIRECT] 
2025-01-27 22:45:18,588 [ERROR] LogOutputStream:75 - [STDERR_REDIRECT] [Fatal Error] :1:1: Premature end of file.
2025-01-27 22:45:18,588 [ERROR] LogOutputStream:75 - [STDERR_REDIRECT] 
2025-01-27 22:45:19,583 [ERROR] LogOutputStream:75 - [STDERR_REDIRECT] [Fatal Error] :1:1: Premature end of file.
2025-01-27 22:45:19,585 [ERROR] LogOutputStream:75 - [STDERR_REDIRECT] 
2025-01-27 22:45:20,589 [ERROR] LogOutputStream:75 - [STDERR_REDIRECT] [Fatal Error] :1:1: Premature end of file.
2025-01-27 22:45:20,589 [ERROR] LogOutputStream:75 - [STDERR_REDIRECT] 
2025-01-27 22:45:21,598 [ERROR] LogOutputStream:75 - [STDERR_REDIRECT] [Fatal Error] :1:1: Premature end of file.
2025-01-27 22:45:21,600 [ERROR] LogOutputStream:75 - [STDERR_REDIRECT] 
2025-01-27 22:45:22,434 [INFO] NvicIntPanel:101 - NVIC parent = com.st.microxplorer.plugins.ip.nvic.MultiNvicIntPanel[,0,0,0x0,invalid,layout=javax.swing.BoxLayout,alignmentX=0.0,alignmentY=0.0,border=,flags=9,maximumSize=,minimumSize=,preferredSize=]
2025-01-27 22:45:22,490 [INFO] ADCParametersView:116 -                Rank 1 : false
2025-01-27 22:45:22,492 [INFO] ADCParametersView:116 -                Rank 1 : false
2025-01-27 22:45:22,492 [INFO] ADCParametersView:116 -                Rank 1 : false
2025-01-27 22:45:22,492 [INFO] ADCParametersView:116 -                Rank 1 : false
2025-01-27 22:45:22,492 [INFO] ADCParametersView:116 -                Rank 1 : false
2025-01-27 22:45:22,492 [INFO] ADCParametersView:116 -                Rank 1 : false
2025-01-27 22:45:22,493 [INFO] ADCParametersView:116 -                Rank 1 : false
2025-01-27 22:45:22,493 [INFO] ADCParametersView:116 -                Rank 1 : false
2025-01-27 22:45:22,493 [INFO] ADCParametersView:116 -                Rank 1 : false
2025-01-27 22:45:22,493 [INFO] ADCParametersView:116 -                Rank 1 : false
2025-01-27 22:45:22,493 [INFO] ADCParametersView:116 -                Rank 1 : false
2025-01-27 22:45:22,493 [INFO] ADCParametersView:116 -                Rank 1 : false
2025-01-27 22:45:22,493 [INFO] ADCParametersView:116 -                Rank 1 : false
2025-01-27 22:45:22,493 [INFO] ADCParametersView:116 -                Rank 1 : false
2025-01-27 22:45:22,530 [INFO] ADCParametersView:116 -                Rank 1 : false
2025-01-27 22:45:22,580 [ERROR] LogOutputStream:75 - [STDERR_REDIRECT] [Fatal Error] :1:1: Premature end of file.
2025-01-27 22:45:22,580 [ERROR] LogOutputStream:75 - [STDERR_REDIRECT] 
2025-01-27 22:45:23,582 [ERROR] LogOutputStream:75 - [STDERR_REDIRECT] [Fatal Error] :1:1: Premature end of file.
2025-01-27 22:45:23,582 [ERROR] LogOutputStream:75 - [STDERR_REDIRECT] 
2025-01-27 22:45:24,587 [ERROR] LogOutputStream:75 - [STDERR_REDIRECT] [Fatal Error] :1:1: Premature end of file.
2025-01-27 22:45:24,587 [ERROR] LogOutputStream:75 - [STDERR_REDIRECT] 
2025-01-27 22:45:25,594 [ERROR] LogOutputStream:75 - [STDERR_REDIRECT] [Fatal Error] :1:1: Premature end of file.
2025-01-27 22:45:25,594 [ERROR] LogOutputStream:75 - [STDERR_REDIRECT] 
2025-01-27 22:45:26,603 [ERROR] LogOutputStream:75 - [STDERR_REDIRECT] [Fatal Error] :1:1: Premature end of file.
2025-01-27 22:45:26,603 [ERROR] LogOutputStream:75 - [STDERR_REDIRECT] 
2025-01-27 22:45:27,603 [ERROR] LogOutputStream:75 - [STDERR_REDIRECT] [Fatal Error] :1:1: Premature end of file.
2025-01-27 22:45:27,603 [ERROR] LogOutputStream:75 - [STDERR_REDIRECT] 
2025-01-27 22:45:28,588 [ERROR] LogOutputStream:75 - [STDERR_REDIRECT] [Fatal Error] :1:1: Premature end of file.
2025-01-27 22:45:28,588 [ERROR] LogOutputStream:75 - [STDERR_REDIRECT] 
2025-01-27 22:45:29,594 [ERROR] LogOutputStream:75 - [STDERR_REDIRECT] [Fatal Error] :1:1: Premature end of file.
2025-01-27 22:45:29,596 [ERROR] LogOutputStream:75 - [STDERR_REDIRECT] 
2025-01-27 22:45:30,593 [ERROR] LogOutputStream:75 - [STDERR_REDIRECT] [Fatal Error] :1:1: Premature end of file.
2025-01-27 22:45:30,593 [ERROR] LogOutputStream:75 - [STDERR_REDIRECT] 
2025-01-27 22:45:31,595 [ERROR] LogOutputStream:75 - [STDERR_REDIRECT] [Fatal Error] :1:1: Premature end of file.
2025-01-27 22:45:31,595 [ERROR] LogOutputStream:75 - [STDERR_REDIRECT] 
2025-01-27 22:45:31,739 [INFO] NvicIntPanel:101 - NVIC parent = com.st.microxplorer.plugins.ip.nvic.MultiNvicIntPanel[,0,0,0x0,invalid,layout=javax.swing.BoxLayout,alignmentX=0.0,alignmentY=0.0,border=,flags=9,maximumSize=,minimumSize=,preferredSize=]
2025-01-27 22:45:31,797 [INFO] ADCParametersView:116 -                Rank 1 : false
2025-01-27 22:45:31,799 [INFO] ADCParametersView:116 -                Rank 1 : false
2025-01-27 22:45:31,799 [INFO] ADCParametersView:116 -                Rank 1 : false
2025-01-27 22:45:31,799 [INFO] ADCParametersView:116 -                Rank 1 : false
2025-01-27 22:45:31,800 [INFO] ADCParametersView:116 -                Rank 1 : false
2025-01-27 22:45:31,800 [INFO] ADCParametersView:116 -                Rank 1 : false
2025-01-27 22:45:31,800 [INFO] ADCParametersView:116 -                Rank 1 : false
2025-01-27 22:45:31,800 [INFO] ADCParametersView:116 -                Rank 1 : false
2025-01-27 22:45:31,800 [INFO] ADCParametersView:116 -                Rank 1 : false
2025-01-27 22:45:31,800 [INFO] ADCParametersView:116 -                Rank 1 : false
2025-01-27 22:45:31,800 [INFO] ADCParametersView:116 -                Rank 1 : false
2025-01-27 22:45:31,800 [INFO] ADCParametersView:116 -                Rank 1 : false
2025-01-27 22:45:31,800 [INFO] ADCParametersView:116 -                Rank 1 : false
2025-01-27 22:45:31,800 [INFO] ADCParametersView:116 -                Rank 1 : false
2025-01-27 22:45:31,840 [INFO] ADCParametersView:116 -                Rank 1 : false
2025-01-27 22:45:32,593 [ERROR] LogOutputStream:75 - [STDERR_REDIRECT] [Fatal Error] :1:1: Premature end of file.
2025-01-27 22:45:32,593 [ERROR] LogOutputStream:75 - [STDERR_REDIRECT] 
2025-01-27 22:45:33,590 [ERROR] LogOutputStream:75 - [STDERR_REDIRECT] [Fatal Error] :1:1: Premature end of file.
2025-01-27 22:45:33,590 [ERROR] LogOutputStream:75 - [STDERR_REDIRECT] 
2025-01-27 22:45:34,593 [ERROR] LogOutputStream:75 - [STDERR_REDIRECT] [Fatal Error] :1:1: Premature end of file.
2025-01-27 22:45:34,593 [ERROR] LogOutputStream:75 - [STDERR_REDIRECT] 
2025-01-27 22:45:35,594 [ERROR] LogOutputStream:75 - [STDERR_REDIRECT] [Fatal Error] :1:1: Premature end of file.
2025-01-27 22:45:35,594 [ERROR] LogOutputStream:75 - [STDERR_REDIRECT] 
2025-01-27 22:45:36,577 [ERROR] LogOutputStream:75 - [STDERR_REDIRECT] [Fatal Error] :1:1: Premature end of file.
2025-01-27 22:45:36,577 [ERROR] LogOutputStream:75 - [STDERR_REDIRECT] 
2025-01-27 22:45:37,203 [INFO] SpinnerEditorADC:65 - is string kkkk
2025-01-27 22:45:37,574 [ERROR] LogOutputStream:75 - [STDERR_REDIRECT] [Fatal Error] :1:1: Premature end of file.
2025-01-27 22:45:37,574 [ERROR] LogOutputStream:75 - [STDERR_REDIRECT] 
2025-01-27 22:45:38,594 [ERROR] LogOutputStream:75 - [STDERR_REDIRECT] [Fatal Error] :1:1: Premature end of file.
2025-01-27 22:45:38,594 [ERROR] LogOutputStream:75 - [STDERR_REDIRECT] 
2025-01-27 22:45:39,575 [ERROR] LogOutputStream:75 - [STDERR_REDIRECT] [Fatal Error] :1:1: Premature end of file.
2025-01-27 22:45:39,575 [ERROR] LogOutputStream:75 - [STDERR_REDIRECT] 
2025-01-27 22:45:40,593 [ERROR] LogOutputStream:75 - [STDERR_REDIRECT] [Fatal Error] :1:1: Premature end of file.
2025-01-27 22:45:40,593 [ERROR] LogOutputStream:75 - [STDERR_REDIRECT] 
2025-01-27 22:45:41,605 [ERROR] LogOutputStream:75 - [STDERR_REDIRECT] [Fatal Error] :1:1: Premature end of file.
2025-01-27 22:45:41,605 [ERROR] LogOutputStream:75 - [STDERR_REDIRECT] 
2025-01-27 22:45:42,583 [ERROR] LogOutputStream:75 - [STDERR_REDIRECT] [Fatal Error] :1:1: Premature end of file.
2025-01-27 22:45:42,583 [ERROR] LogOutputStream:75 - [STDERR_REDIRECT] 
2025-01-27 22:45:42,916 [INFO] NvicIntPanel:101 - NVIC parent = com.st.microxplorer.plugins.ip.nvic.MultiNvicIntPanel[,0,0,0x0,invalid,layout=javax.swing.BoxLayout,alignmentX=0.0,alignmentY=0.0,border=,flags=9,maximumSize=,minimumSize=,preferredSize=]
2025-01-27 22:45:42,975 [INFO] ADCParametersView:116 -                Rank 1 : false
2025-01-27 22:45:42,978 [INFO] ADCParametersView:116 -                Rank 1 : false
2025-01-27 22:45:42,978 [INFO] ADCParametersView:116 -                Rank 1 : false
2025-01-27 22:45:42,978 [INFO] ADCParametersView:116 -                Rank 1 : false
2025-01-27 22:45:42,978 [INFO] ADCParametersView:116 -                Rank 1 : false
2025-01-27 22:45:42,978 [INFO] ADCParametersView:116 -                Rank 1 : false
2025-01-27 22:45:42,978 [INFO] ADCParametersView:116 -                Rank 1 : false
2025-01-27 22:45:42,978 [INFO] ADCParametersView:116 -                Rank 1 : false
2025-01-27 22:45:42,978 [INFO] ADCParametersView:116 -                Rank 1 : false
2025-01-27 22:45:42,978 [INFO] ADCParametersView:116 -                Rank 1 : false
2025-01-27 22:45:42,978 [INFO] ADCParametersView:116 -                Rank 1 : false
2025-01-27 22:45:42,978 [INFO] ADCParametersView:116 -                Rank 1 : false
2025-01-27 22:45:42,978 [INFO] ADCParametersView:116 -                Rank 1 : false
2025-01-27 22:45:42,978 [INFO] ADCParametersView:116 -                Rank 1 : false
2025-01-27 22:45:43,001 [INFO] ADCParametersView:116 -                Rank 1 : false
2025-01-27 22:45:43,025 [INFO] ADCParametersView:116 -                Rank 1 : false
2025-01-27 22:45:43,595 [ERROR] LogOutputStream:75 - [STDERR_REDIRECT] [Fatal Error] :1:1: Premature end of file.
2025-01-27 22:45:43,595 [ERROR] LogOutputStream:75 - [STDERR_REDIRECT] 
2025-01-27 22:45:44,316 [INFO] ADCParametersView:116 -                Rank 1 : false
2025-01-27 22:45:44,596 [ERROR] LogOutputStream:75 - [STDERR_REDIRECT] [Fatal Error] :1:1: Premature end of file.
2025-01-27 22:45:44,596 [ERROR] LogOutputStream:75 - [STDERR_REDIRECT] 
2025-01-27 22:45:45,593 [ERROR] LogOutputStream:75 - [STDERR_REDIRECT] [Fatal Error] :1:1: Premature end of file.
2025-01-27 22:45:45,593 [ERROR] LogOutputStream:75 - [STDERR_REDIRECT] 
2025-01-27 22:45:46,497 [INFO] ADCParametersView:116 -                Rank 1 : true
2025-01-27 22:45:46,587 [ERROR] LogOutputStream:75 - [STDERR_REDIRECT] [Fatal Error] :1:1: Premature end of file.
2025-01-27 22:45:46,587 [ERROR] LogOutputStream:75 - [STDERR_REDIRECT] 
2025-01-27 22:45:47,600 [ERROR] LogOutputStream:75 - [STDERR_REDIRECT] [Fatal Error] :1:1: Premature end of file.
2025-01-27 22:45:47,600 [ERROR] LogOutputStream:75 - [STDERR_REDIRECT] 
2025-01-27 22:45:48,597 [ERROR] LogOutputStream:75 - [STDERR_REDIRECT] [Fatal Error] :1:1: Premature end of file.
2025-01-27 22:45:48,597 [ERROR] LogOutputStream:75 - [STDERR_REDIRECT] 
2025-01-27 22:45:49,582 [ERROR] LogOutputStream:75 - [STDERR_REDIRECT] [Fatal Error] :1:1: Premature end of file.
2025-01-27 22:45:49,582 [ERROR] LogOutputStream:75 - [STDERR_REDIRECT] 
2025-01-27 22:45:50,589 [ERROR] LogOutputStream:75 - [STDERR_REDIRECT] [Fatal Error] :1:1: Premature end of file.
2025-01-27 22:45:50,589 [ERROR] LogOutputStream:75 - [STDERR_REDIRECT] 
2025-01-27 22:45:51,584 [ERROR] LogOutputStream:75 - [STDERR_REDIRECT] [Fatal Error] :1:1: Premature end of file.
2025-01-27 22:45:51,586 [ERROR] LogOutputStream:75 - [STDERR_REDIRECT] 
2025-01-27 22:45:52,591 [ERROR] LogOutputStream:75 - [STDERR_REDIRECT] [Fatal Error] :1:1: Premature end of file.
2025-01-27 22:45:52,593 [ERROR] LogOutputStream:75 - [STDERR_REDIRECT] 
2025-01-27 22:45:53,599 [ERROR] LogOutputStream:75 - [STDERR_REDIRECT] [Fatal Error] :1:1: Premature end of file.
2025-01-27 22:45:53,601 [ERROR] LogOutputStream:75 - [STDERR_REDIRECT] 
2025-01-27 22:45:54,594 [ERROR] LogOutputStream:75 - [STDERR_REDIRECT] [Fatal Error] :1:1: Premature end of file.
2025-01-27 22:45:54,594 [ERROR] LogOutputStream:75 - [STDERR_REDIRECT] 
2025-01-27 22:45:55,582 [ERROR] LogOutputStream:75 - [STDERR_REDIRECT] [Fatal Error] :1:1: Premature end of file.
2025-01-27 22:45:55,582 [ERROR] LogOutputStream:75 - [STDERR_REDIRECT] 
2025-01-27 22:45:56,613 [ERROR] LogOutputStream:75 - [STDERR_REDIRECT] [Fatal Error] :1:1: Premature end of file.
2025-01-27 22:45:56,613 [ERROR] LogOutputStream:75 - [STDERR_REDIRECT] 
2025-01-27 22:45:57,602 [ERROR] LogOutputStream:75 - [STDERR_REDIRECT] [Fatal Error] :1:1: Premature end of file.
2025-01-27 22:45:57,602 [ERROR] LogOutputStream:75 - [STDERR_REDIRECT] 
2025-01-27 22:45:58,587 [ERROR] LogOutputStream:75 - [STDERR_REDIRECT] [Fatal Error] :1:1: Premature end of file.
2025-01-27 22:45:58,587 [ERROR] LogOutputStream:75 - [STDERR_REDIRECT] 
2025-01-27 22:45:59,597 [ERROR] LogOutputStream:75 - [STDERR_REDIRECT] [Fatal Error] :1:1: Premature end of file.
2025-01-27 22:45:59,597 [ERROR] LogOutputStream:75 - [STDERR_REDIRECT] 
2025-01-27 22:46:00,587 [ERROR] LogOutputStream:75 - [STDERR_REDIRECT] [Fatal Error] :1:1: Premature end of file.
2025-01-27 22:46:00,587 [ERROR] LogOutputStream:75 - [STDERR_REDIRECT] 
2025-01-27 22:46:01,206 [INFO] UtilMem:75 - End SaveConfig() Used Memory: 1017389360 Bytes (1073741824)
2025-01-27 22:46:01,269 [INFO] UtilMem:75 - End SaveConfig() Used Memory: 1048111768 Bytes (1073741824)
2025-01-27 22:46:01,555 [INFO] UtilMem:75 - End SaveConfig() Used Memory: 903312016 Bytes (1073741824)
2025-01-27 22:46:01,590 [ERROR] LogOutputStream:75 - [STDERR_REDIRECT] [Fatal Error] :1:1: Premature end of file.
2025-01-27 22:46:01,591 [ERROR] LogOutputStream:75 - [STDERR_REDIRECT] 
2025-01-27 22:46:01,658 [INFO] BlockDiagram:2766 - set Specific Code input for plugin: SYS
2025-01-27 22:46:01,658 [INFO] BlockDiagram:2766 - set Specific Code input for plugin: ADC
2025-01-27 22:46:01,658 [INFO] BlockDiagram:2766 - set Specific Code input for plugin: RCC
2025-01-27 22:46:01,658 [INFO] BlockDiagram:2766 - set Specific Code input for plugin: NVIC
2025-01-27 22:46:01,658 [INFO] BlockDiagram:2766 - set Specific Code input for plugin: USART
2025-01-27 22:46:01,658 [INFO] BlockDiagram:2766 - set Specific Code input for plugin: CORTEX_M7
2025-01-27 22:46:01,658 [INFO] BlockDiagram:2766 - set Specific Code input for plugin: GPIO
2025-01-27 22:46:01,659 [INFO] CodeGenerator:896 - code generatio: config db path: C:\ST\STM32CubeIDE_1.17.0\STM32CubeIDE\plugins\com.st.stm32cube.common.mx_6.13.0.202411220809\\db\
2025-01-27 22:46:01,723 [INFO] CodeEngine:255 - oldGeneratedFile, D:\STM32\Lab5\Lab5\MXTmpFiles\license.tmp_save
2025-01-27 22:46:01,839 [INFO] CodeEngine:279 - Generated code: D:\STM32\Lab5\Lab5\MXTmpFiles\license.tmp
2025-01-27 22:46:01,857 [INFO] CodeEngine:255 - oldGeneratedFile, D:\STM32\Lab5\Lab5\MXTmpFiles\gpio.tmp_save
2025-01-27 22:46:01,930 [INFO] CodeEngine:279 - Generated code: D:\STM32\Lab5\Lab5\MXTmpFiles\gpio.tmp
2025-01-27 22:46:01,976 [INFO] CodeEngine:255 - oldGeneratedFile, D:\STM32\Lab5\Lab5\MXTmpFiles\cortex.tmp_save
2025-01-27 22:46:02,029 [INFO] CodeEngine:279 - Generated code: D:\STM32\Lab5\Lab5\MXTmpFiles\cortex.tmp
2025-01-27 22:46:02,038 [INFO] CodeEngine:255 - oldGeneratedFile, D:\STM32\Lab5\Lab5\Core\Src\stm32f7xx_it.c_save
2025-01-27 22:46:02,102 [INFO] CodeEngine:279 - Generated code: D:\STM32\Lab5\Lab5\Core\Src\stm32f7xx_it.c
2025-01-27 22:46:02,105 [INFO] CodeEngine:255 - oldGeneratedFile, D:\STM32\Lab5\Lab5\Core\Inc\stm32f7xx_it.h_save
2025-01-27 22:46:02,146 [INFO] CodeEngine:279 - Generated code: D:\STM32\Lab5\Lab5\Core\Inc\stm32f7xx_it.h
2025-01-27 22:46:02,156 [INFO] CodeEngine:255 - oldGeneratedFile, D:\STM32\Lab5\Lab5\Core\Src\stm32f7xx_hal_msp.c_save
2025-01-27 22:46:02,219 [INFO] CodeEngine:279 - Generated code: D:\STM32\Lab5\Lab5\Core\Src\stm32f7xx_hal_msp.c
2025-01-27 22:46:02,222 [INFO] CodeEngine:255 - oldGeneratedFile, D:\STM32\Lab5\Lab5\MXTmpFiles\system.tmp_save
2025-01-27 22:46:02,260 [INFO] CodeEngine:279 - Generated code: D:\STM32\Lab5\Lab5\MXTmpFiles\system.tmp
2025-01-27 22:46:02,267 [INFO] CodeEngine:311 - oldGeneratedFile, D:\STM32\Lab5\Lab5\Core\Inc\stm32f7xx_hal_conf.h_save
2025-01-27 22:46:02,311 [INFO] CodeEngine:335 - Generated code: D:\STM32\Lab5\Lab5\Core\Inc\stm32f7xx_hal_conf.h
2025-01-27 22:46:02,328 [INFO] CodeEngine:255 - oldGeneratedFile, D:\STM32\Lab5\Lab5\Core\Inc\main.h_save
2025-01-27 22:46:02,367 [INFO] CodeEngine:279 - Generated code: D:\STM32\Lab5\Lab5\Core\Inc\main.h
2025-01-27 22:46:02,370 [INFO] CodeEngine:255 - oldGeneratedFile, D:\STM32\Lab5\Lab5\Core\Src\main.c_save
2025-01-27 22:46:02,440 [INFO] CodeEngine:279 - Generated code: D:\STM32\Lab5\Lab5\Core\Src\main.c
2025-01-27 22:46:02,577 [ERROR] LogOutputStream:75 - [STDERR_REDIRECT] [Fatal Error] :1:1: Premature end of file.
2025-01-27 22:46:02,578 [ERROR] LogOutputStream:75 - [STDERR_REDIRECT] 
2025-01-27 22:46:02,625 [INFO] ProjectBuilder:3289 - Time for Copy HAL[1] : 103mS.
2025-01-27 22:46:02,627 [INFO] ProjectBuilder:4876 - Project Generator version: 4.5.0-RC5
2025-01-27 22:46:02,682 [INFO] ConfigFileManager:1579 - The Die is : DIE451
2025-01-27 22:46:03,177 [INFO] ProjectBuilder:5154 - Time for Generating toolchain IDE Files: 550mS.
2025-01-27 22:46:03,178 [INFO] ProjectBuilder:3146 - Time for Copy CMSIS : 1mS.
2025-01-27 22:46:03,178 [INFO] ProjectBuilder:3146 - Time for Copy CMSIS : 0mS.
2025-01-27 22:46:03,595 [ERROR] LogOutputStream:75 - [STDERR_REDIRECT] [Fatal Error] :1:1: Premature end of file.
2025-01-27 22:46:03,595 [ERROR] LogOutputStream:75 - [STDERR_REDIRECT] 
2025-01-27 22:46:04,596 [ERROR] LogOutputStream:75 - [STDERR_REDIRECT] [Fatal Error] :1:1: Premature end of file.
2025-01-27 22:46:04,596 [ERROR] LogOutputStream:75 - [STDERR_REDIRECT] 
2025-01-27 22:46:05,574 [ERROR] LogOutputStream:75 - [STDERR_REDIRECT] [Fatal Error] :1:1: Premature end of file.
2025-01-27 22:46:05,574 [ERROR] LogOutputStream:75 - [STDERR_REDIRECT] 
2025-01-27 22:46:06,590 [ERROR] LogOutputStream:75 - [STDERR_REDIRECT] [Fatal Error] :1:1: Premature end of file.
2025-01-27 22:46:06,590 [ERROR] LogOutputStream:75 - [STDERR_REDIRECT] 
2025-01-27 22:46:07,596 [ERROR] LogOutputStream:75 - [STDERR_REDIRECT] [Fatal Error] :1:1: Premature end of file.
2025-01-27 22:46:07,596 [ERROR] LogOutputStream:75 - [STDERR_REDIRECT] 
2025-01-27 22:46:08,599 [ERROR] LogOutputStream:75 - [STDERR_REDIRECT] [Fatal Error] :1:1: Premature end of file.
2025-01-27 22:46:08,599 [ERROR] LogOutputStream:75 - [STDERR_REDIRECT] 
2025-01-27 22:46:09,582 [ERROR] LogOutputStream:75 - [STDERR_REDIRECT] [Fatal Error] :1:1: Premature end of file.
2025-01-27 22:46:09,582 [ERROR] LogOutputStream:75 - [STDERR_REDIRECT] 
2025-01-27 22:46:10,584 [ERROR] LogOutputStream:75 - [STDERR_REDIRECT] [Fatal Error] :1:1: Premature end of file.
2025-01-27 22:46:10,584 [ERROR] LogOutputStream:75 - [STDERR_REDIRECT] 
2025-01-27 22:46:11,581 [ERROR] LogOutputStream:75 - [STDERR_REDIRECT] [Fatal Error] :1:1: Premature end of file.
2025-01-27 22:46:11,581 [ERROR] LogOutputStream:75 - [STDERR_REDIRECT] 
2025-01-27 22:46:12,599 [ERROR] LogOutputStream:75 - [STDERR_REDIRECT] [Fatal Error] :1:1: Premature end of file.
2025-01-27 22:46:12,599 [ERROR] LogOutputStream:75 - [STDERR_REDIRECT] 
2025-01-27 22:46:13,590 [ERROR] LogOutputStream:75 - [STDERR_REDIRECT] [Fatal Error] :1:1: Premature end of file.
2025-01-27 22:46:13,590 [ERROR] LogOutputStream:75 - [STDERR_REDIRECT] 
2025-01-27 22:46:14,589 [ERROR] LogOutputStream:75 - [STDERR_REDIRECT] [Fatal Error] :1:1: Premature end of file.
2025-01-27 22:46:14,589 [ERROR] LogOutputStream:75 - [STDERR_REDIRECT] 
2025-01-27 22:46:15,586 [ERROR] LogOutputStream:75 - [STDERR_REDIRECT] [Fatal Error] :1:1: Premature end of file.
2025-01-27 22:46:15,586 [ERROR] LogOutputStream:75 - [STDERR_REDIRECT] 
2025-01-27 22:46:16,585 [ERROR] LogOutputStream:75 - [STDERR_REDIRECT] [Fatal Error] :1:1: Premature end of file.
2025-01-27 22:46:16,585 [ERROR] LogOutputStream:75 - [STDERR_REDIRECT] 
2025-01-27 22:46:17,598 [ERROR] LogOutputStream:75 - [STDERR_REDIRECT] [Fatal Error] :1:1: Premature end of file.
2025-01-27 22:46:17,598 [ERROR] LogOutputStream:75 - [STDERR_REDIRECT] 
2025-01-27 22:46:18,593 [ERROR] LogOutputStream:75 - [STDERR_REDIRECT] [Fatal Error] :1:1: Premature end of file.
2025-01-27 22:46:18,593 [ERROR] LogOutputStream:75 - [STDERR_REDIRECT] 
2025-01-27 22:46:19,581 [ERROR] LogOutputStream:75 - [STDERR_REDIRECT] [Fatal Error] :1:1: Premature end of file.
2025-01-27 22:46:19,581 [ERROR] LogOutputStream:75 - [STDERR_REDIRECT] 
2025-01-27 22:46:20,591 [ERROR] LogOutputStream:75 - [STDERR_REDIRECT] [Fatal Error] :1:1: Premature end of file.
2025-01-27 22:46:20,591 [ERROR] LogOutputStream:75 - [STDERR_REDIRECT] 
2025-01-27 22:46:21,605 [ERROR] LogOutputStream:75 - [STDERR_REDIRECT] [Fatal Error] :1:1: Premature end of file.
2025-01-27 22:46:21,605 [ERROR] LogOutputStream:75 - [STDERR_REDIRECT] 
2025-01-27 22:46:22,587 [ERROR] LogOutputStream:75 - [STDERR_REDIRECT] [Fatal Error] :1:1: Premature end of file.
2025-01-27 22:46:22,588 [ERROR] LogOutputStream:75 - [STDERR_REDIRECT] 
2025-01-27 22:46:23,589 [ERROR] LogOutputStream:75 - [STDERR_REDIRECT] [Fatal Error] :1:1: Premature end of file.
2025-01-27 22:46:23,589 [ERROR] LogOutputStream:75 - [STDERR_REDIRECT] 
2025-01-27 22:46:24,596 [ERROR] LogOutputStream:75 - [STDERR_REDIRECT] [Fatal Error] :1:1: Premature end of file.
2025-01-27 22:46:24,596 [ERROR] LogOutputStream:75 - [STDERR_REDIRECT] 
2025-01-27 22:46:25,587 [ERROR] LogOutputStream:75 - [STDERR_REDIRECT] [Fatal Error] :1:1: Premature end of file.
2025-01-27 22:46:25,587 [ERROR] LogOutputStream:75 - [STDERR_REDIRECT] 
2025-01-27 22:46:26,596 [ERROR] LogOutputStream:75 - [STDERR_REDIRECT] [Fatal Error] :1:1: Premature end of file.
2025-01-27 22:46:26,596 [ERROR] LogOutputStream:75 - [STDERR_REDIRECT] 
2025-01-27 22:46:27,596 [ERROR] LogOutputStream:75 - [STDERR_REDIRECT] [Fatal Error] :1:1: Premature end of file.
2025-01-27 22:46:27,596 [ERROR] LogOutputStream:75 - [STDERR_REDIRECT] 
2025-01-27 22:46:28,601 [ERROR] LogOutputStream:75 - [STDERR_REDIRECT] [Fatal Error] :1:1: Premature end of file.
2025-01-27 22:46:28,603 [ERROR] LogOutputStream:75 - [STDERR_REDIRECT] 
2025-01-27 22:46:29,592 [ERROR] LogOutputStream:75 - [STDERR_REDIRECT] [Fatal Error] :1:1: Premature end of file.
2025-01-27 22:46:29,592 [ERROR] LogOutputStream:75 - [STDERR_REDIRECT] 
2025-01-27 22:46:30,576 [ERROR] LogOutputStream:75 - [STDERR_REDIRECT] [Fatal Error] :1:1: Premature end of file.
2025-01-27 22:46:30,578 [ERROR] LogOutputStream:75 - [STDERR_REDIRECT] 
2025-01-27 22:46:31,591 [ERROR] LogOutputStream:75 - [STDERR_REDIRECT] [Fatal Error] :1:1: Premature end of file.
2025-01-27 22:46:31,591 [ERROR] LogOutputStream:75 - [STDERR_REDIRECT] 
2025-01-27 22:46:32,592 [ERROR] LogOutputStream:75 - [STDERR_REDIRECT] [Fatal Error] :1:1: Premature end of file.
2025-01-27 22:46:32,592 [ERROR] LogOutputStream:75 - [STDERR_REDIRECT] 
2025-01-27 22:46:33,585 [ERROR] LogOutputStream:75 - [STDERR_REDIRECT] [Fatal Error] :1:1: Premature end of file.
2025-01-27 22:46:33,585 [ERROR] LogOutputStream:75 - [STDERR_REDIRECT] 
2025-01-27 22:46:34,580 [ERROR] LogOutputStream:75 - [STDERR_REDIRECT] [Fatal Error] :1:1: Premature end of file.
2025-01-27 22:46:34,582 [ERROR] LogOutputStream:75 - [STDERR_REDIRECT] 
2025-01-27 22:46:35,598 [ERROR] LogOutputStream:75 - [STDERR_REDIRECT] [Fatal Error] :1:1: Premature end of file.
2025-01-27 22:46:35,600 [ERROR] LogOutputStream:75 - [STDERR_REDIRECT] 
2025-01-27 22:46:36,589 [ERROR] LogOutputStream:75 - [STDERR_REDIRECT] [Fatal Error] :1:1: Premature end of file.
2025-01-27 22:46:36,589 [ERROR] LogOutputStream:75 - [STDERR_REDIRECT] 
2025-01-27 22:46:37,593 [ERROR] LogOutputStream:75 - [STDERR_REDIRECT] [Fatal Error] :1:1: Premature end of file.
2025-01-27 22:46:37,593 [ERROR] LogOutputStream:75 - [STDERR_REDIRECT] 
2025-01-27 22:46:38,592 [ERROR] LogOutputStream:75 - [STDERR_REDIRECT] [Fatal Error] :1:1: Premature end of file.
2025-01-27 22:46:38,592 [ERROR] LogOutputStream:75 - [STDERR_REDIRECT] 
2025-01-27 22:46:39,588 [ERROR] LogOutputStream:75 - [STDERR_REDIRECT] [Fatal Error] :1:1: Premature end of file.
2025-01-27 22:46:39,588 [ERROR] LogOutputStream:75 - [STDERR_REDIRECT] 
2025-01-27 22:46:40,587 [ERROR] LogOutputStream:75 - [STDERR_REDIRECT] [Fatal Error] :1:1: Premature end of file.
2025-01-27 22:46:40,587 [ERROR] LogOutputStream:75 - [STDERR_REDIRECT] 
2025-01-27 22:46:41,598 [ERROR] LogOutputStream:75 - [STDERR_REDIRECT] [Fatal Error] :1:1: Premature end of file.
2025-01-27 22:46:41,598 [ERROR] LogOutputStream:75 - [STDERR_REDIRECT] 
2025-01-27 22:46:42,590 [ERROR] LogOutputStream:75 - [STDERR_REDIRECT] [Fatal Error] :1:1: Premature end of file.
2025-01-27 22:46:42,590 [ERROR] LogOutputStream:75 - [STDERR_REDIRECT] 
2025-01-27 22:46:43,574 [ERROR] LogOutputStream:75 - [STDERR_REDIRECT] [Fatal Error] :1:1: Premature end of file.
2025-01-27 22:46:43,574 [ERROR] LogOutputStream:75 - [STDERR_REDIRECT] 
2025-01-27 22:46:44,602 [ERROR] LogOutputStream:75 - [STDERR_REDIRECT] [Fatal Error] :1:1: Premature end of file.
2025-01-27 22:46:44,602 [ERROR] LogOutputStream:75 - [STDERR_REDIRECT] 
2025-01-27 22:46:45,591 [ERROR] LogOutputStream:75 - [STDERR_REDIRECT] [Fatal Error] :1:1: Premature end of file.
2025-01-27 22:46:45,591 [ERROR] LogOutputStream:75 - [STDERR_REDIRECT] 
2025-01-27 22:46:46,578 [ERROR] LogOutputStream:75 - [STDERR_REDIRECT] [Fatal Error] :1:1: Premature end of file.
2025-01-27 22:46:46,578 [ERROR] LogOutputStream:75 - [STDERR_REDIRECT] 
2025-01-27 22:46:47,603 [ERROR] LogOutputStream:75 - [STDERR_REDIRECT] [Fatal Error] :1:1: Premature end of file.
2025-01-27 22:46:47,603 [ERROR] LogOutputStream:75 - [STDERR_REDIRECT] 
2025-01-27 22:46:48,604 [ERROR] LogOutputStream:75 - [STDERR_REDIRECT] [Fatal Error] :1:1: Premature end of file.
2025-01-27 22:46:48,605 [ERROR] LogOutputStream:75 - [STDERR_REDIRECT] 
2025-01-27 22:46:49,603 [ERROR] LogOutputStream:75 - [STDERR_REDIRECT] [Fatal Error] :1:1: Premature end of file.
2025-01-27 22:46:49,603 [ERROR] LogOutputStream:75 - [STDERR_REDIRECT] 
2025-01-27 22:46:50,588 [ERROR] LogOutputStream:75 - [STDERR_REDIRECT] [Fatal Error] :1:1: Premature end of file.
2025-01-27 22:46:50,588 [ERROR] LogOutputStream:75 - [STDERR_REDIRECT] 
2025-01-27 22:46:51,584 [ERROR] LogOutputStream:75 - [STDERR_REDIRECT] [Fatal Error] :1:1: Premature end of file.
2025-01-27 22:46:51,586 [ERROR] LogOutputStream:75 - [STDERR_REDIRECT] 
2025-01-27 22:46:52,595 [ERROR] LogOutputStream:75 - [STDERR_REDIRECT] [Fatal Error] :1:1: Premature end of file.
2025-01-27 22:46:52,595 [ERROR] LogOutputStream:75 - [STDERR_REDIRECT] 
2025-01-27 22:46:53,597 [ERROR] LogOutputStream:75 - [STDERR_REDIRECT] [Fatal Error] :1:1: Premature end of file.
2025-01-27 22:46:53,597 [ERROR] LogOutputStream:75 - [STDERR_REDIRECT] 
2025-01-27 22:46:54,584 [ERROR] LogOutputStream:75 - [STDERR_REDIRECT] [Fatal Error] :1:1: Premature end of file.
2025-01-27 22:46:54,584 [ERROR] LogOutputStream:75 - [STDERR_REDIRECT] 
2025-01-27 22:46:55,590 [ERROR] LogOutputStream:75 - [STDERR_REDIRECT] [Fatal Error] :1:1: Premature end of file.
2025-01-27 22:46:55,590 [ERROR] LogOutputStream:75 - [STDERR_REDIRECT] 
2025-01-27 22:46:56,589 [ERROR] LogOutputStream:75 - [STDERR_REDIRECT] [Fatal Error] :1:1: Premature end of file.
2025-01-27 22:46:56,589 [ERROR] LogOutputStream:75 - [STDERR_REDIRECT] 
2025-01-27 22:46:57,582 [ERROR] LogOutputStream:75 - [STDERR_REDIRECT] [Fatal Error] :1:1: Premature end of file.
2025-01-27 22:46:57,583 [ERROR] LogOutputStream:75 - [STDERR_REDIRECT] 
2025-01-27 22:46:58,594 [ERROR] LogOutputStream:75 - [STDERR_REDIRECT] [Fatal Error] :1:1: Premature end of file.
2025-01-27 22:46:58,594 [ERROR] LogOutputStream:75 - [STDERR_REDIRECT] 
2025-01-27 22:46:59,604 [ERROR] LogOutputStream:75 - [STDERR_REDIRECT] [Fatal Error] :1:1: Premature end of file.
2025-01-27 22:46:59,604 [ERROR] LogOutputStream:75 - [STDERR_REDIRECT] 
2025-01-27 22:47:00,581 [ERROR] LogOutputStream:75 - [STDERR_REDIRECT] [Fatal Error] :1:1: Premature end of file.
2025-01-27 22:47:00,581 [ERROR] LogOutputStream:75 - [STDERR_REDIRECT] 
2025-01-27 22:47:01,584 [ERROR] LogOutputStream:75 - [STDERR_REDIRECT] [Fatal Error] :1:1: Premature end of file.
2025-01-27 22:47:01,586 [ERROR] LogOutputStream:75 - [STDERR_REDIRECT] 
2025-01-27 22:47:02,595 [ERROR] LogOutputStream:75 - [STDERR_REDIRECT] [Fatal Error] :1:1: Premature end of file.
2025-01-27 22:47:02,595 [ERROR] LogOutputStream:75 - [STDERR_REDIRECT] 
2025-01-27 22:47:03,586 [ERROR] LogOutputStream:75 - [STDERR_REDIRECT] [Fatal Error] :1:1: Premature end of file.
2025-01-27 22:47:03,586 [ERROR] LogOutputStream:75 - [STDERR_REDIRECT] 
2025-01-27 22:47:04,593 [ERROR] LogOutputStream:75 - [STDERR_REDIRECT] [Fatal Error] :1:1: Premature end of file.
2025-01-27 22:47:04,593 [ERROR] LogOutputStream:75 - [STDERR_REDIRECT] 
2025-01-27 22:47:05,601 [ERROR] LogOutputStream:75 - [STDERR_REDIRECT] [Fatal Error] :1:1: Premature end of file.
2025-01-27 22:47:05,601 [ERROR] LogOutputStream:75 - [STDERR_REDIRECT] 
2025-01-27 22:47:06,593 [ERROR] LogOutputStream:75 - [STDERR_REDIRECT] [Fatal Error] :1:1: Premature end of file.
2025-01-27 22:47:06,593 [ERROR] LogOutputStream:75 - [STDERR_REDIRECT] 
2025-01-27 22:47:07,596 [ERROR] LogOutputStream:75 - [STDERR_REDIRECT] [Fatal Error] :1:1: Premature end of file.
2025-01-27 22:47:07,596 [ERROR] LogOutputStream:75 - [STDERR_REDIRECT] 
2025-01-27 22:47:08,594 [ERROR] LogOutputStream:75 - [STDERR_REDIRECT] [Fatal Error] :1:1: Premature end of file.
2025-01-27 22:47:08,594 [ERROR] LogOutputStream:75 - [STDERR_REDIRECT] 
2025-01-27 22:47:09,601 [ERROR] LogOutputStream:75 - [STDERR_REDIRECT] [Fatal Error] :1:1: Premature end of file.
2025-01-27 22:47:09,601 [ERROR] LogOutputStream:75 - [STDERR_REDIRECT] 
2025-01-27 22:47:10,589 [ERROR] LogOutputStream:75 - [STDERR_REDIRECT] [Fatal Error] :1:1: Premature end of file.
2025-01-27 22:47:10,589 [ERROR] LogOutputStream:75 - [STDERR_REDIRECT] 
2025-01-27 22:47:11,599 [ERROR] LogOutputStream:75 - [STDERR_REDIRECT] [Fatal Error] :1:1: Premature end of file.
2025-01-27 22:47:11,599 [ERROR] LogOutputStream:75 - [STDERR_REDIRECT] 
2025-01-27 22:47:12,581 [ERROR] LogOutputStream:75 - [STDERR_REDIRECT] [Fatal Error] :1:1: Premature end of file.
2025-01-27 22:47:12,581 [ERROR] LogOutputStream:75 - [STDERR_REDIRECT] 
2025-01-27 22:47:13,577 [ERROR] LogOutputStream:75 - [STDERR_REDIRECT] [Fatal Error] :1:1: Premature end of file.
2025-01-27 22:47:13,577 [ERROR] LogOutputStream:75 - [STDERR_REDIRECT] 
2025-01-27 22:47:14,596 [ERROR] LogOutputStream:75 - [STDERR_REDIRECT] [Fatal Error] :1:1: Premature end of file.
2025-01-27 22:47:14,596 [ERROR] LogOutputStream:75 - [STDERR_REDIRECT] 
2025-01-27 22:47:15,586 [ERROR] LogOutputStream:75 - [STDERR_REDIRECT] [Fatal Error] :1:1: Premature end of file.
2025-01-27 22:47:15,586 [ERROR] LogOutputStream:75 - [STDERR_REDIRECT] 
2025-01-27 22:47:16,591 [ERROR] LogOutputStream:75 - [STDERR_REDIRECT] [Fatal Error] :1:1: Premature end of file.
2025-01-27 22:47:16,591 [ERROR] LogOutputStream:75 - [STDERR_REDIRECT] 
2025-01-27 22:47:17,599 [ERROR] LogOutputStream:75 - [STDERR_REDIRECT] [Fatal Error] :1:1: Premature end of file.
2025-01-27 22:47:17,601 [ERROR] LogOutputStream:75 - [STDERR_REDIRECT] 
2025-01-27 22:47:18,589 [ERROR] LogOutputStream:75 - [STDERR_REDIRECT] [Fatal Error] :1:1: Premature end of file.
2025-01-27 22:47:18,589 [ERROR] LogOutputStream:75 - [STDERR_REDIRECT] 
2025-01-27 22:47:19,589 [ERROR] LogOutputStream:75 - [STDERR_REDIRECT] [Fatal Error] :1:1: Premature end of file.
2025-01-27 22:47:19,589 [ERROR] LogOutputStream:75 - [STDERR_REDIRECT] 
2025-01-27 22:47:20,590 [ERROR] LogOutputStream:75 - [STDERR_REDIRECT] [Fatal Error] :1:1: Premature end of file.
2025-01-27 22:47:20,590 [ERROR] LogOutputStream:75 - [STDERR_REDIRECT] 
2025-01-27 22:47:21,590 [ERROR] LogOutputStream:75 - [STDERR_REDIRECT] [Fatal Error] :1:1: Premature end of file.
2025-01-27 22:47:21,590 [ERROR] LogOutputStream:75 - [STDERR_REDIRECT] 
2025-01-27 22:47:22,581 [ERROR] LogOutputStream:75 - [STDERR_REDIRECT] [Fatal Error] :1:1: Premature end of file.
2025-01-27 22:47:22,581 [ERROR] LogOutputStream:75 - [STDERR_REDIRECT] 
2025-01-27 22:47:23,602 [ERROR] LogOutputStream:75 - [STDERR_REDIRECT] [Fatal Error] :1:1: Premature end of file.
2025-01-27 22:47:23,602 [ERROR] LogOutputStream:75 - [STDERR_REDIRECT] 
2025-01-27 22:47:24,588 [ERROR] LogOutputStream:75 - [STDERR_REDIRECT] [Fatal Error] :1:1: Premature end of file.
2025-01-27 22:47:24,588 [ERROR] LogOutputStream:75 - [STDERR_REDIRECT] 
2025-01-27 22:47:25,583 [ERROR] LogOutputStream:75 - [STDERR_REDIRECT] [Fatal Error] :1:1: Premature end of file.
2025-01-27 22:47:25,583 [ERROR] LogOutputStream:75 - [STDERR_REDIRECT] 
2025-01-27 22:47:26,612 [ERROR] LogOutputStream:75 - [STDERR_REDIRECT] [Fatal Error] :1:1: Premature end of file.
2025-01-27 22:47:26,612 [ERROR] LogOutputStream:75 - [STDERR_REDIRECT] 
2025-01-27 22:47:27,596 [ERROR] LogOutputStream:75 - [STDERR_REDIRECT] [Fatal Error] :1:1: Premature end of file.
2025-01-27 22:47:27,596 [ERROR] LogOutputStream:75 - [STDERR_REDIRECT] 
2025-01-27 22:47:28,579 [ERROR] LogOutputStream:75 - [STDERR_REDIRECT] [Fatal Error] :1:1: Premature end of file.
2025-01-27 22:47:28,579 [ERROR] LogOutputStream:75 - [STDERR_REDIRECT] 
2025-01-27 22:47:29,573 [ERROR] LogOutputStream:75 - [STDERR_REDIRECT] [Fatal Error] :1:1: Premature end of file.
2025-01-27 22:47:29,573 [ERROR] LogOutputStream:75 - [STDERR_REDIRECT] 
2025-01-27 22:47:30,580 [ERROR] LogOutputStream:75 - [STDERR_REDIRECT] [Fatal Error] :1:1: Premature end of file.
2025-01-27 22:47:30,580 [ERROR] LogOutputStream:75 - [STDERR_REDIRECT] 
2025-01-27 22:47:31,595 [ERROR] LogOutputStream:75 - [STDERR_REDIRECT] [Fatal Error] :1:1: Premature end of file.
2025-01-27 22:47:31,595 [ERROR] LogOutputStream:75 - [STDERR_REDIRECT] 
2025-01-27 22:47:32,596 [ERROR] LogOutputStream:75 - [STDERR_REDIRECT] [Fatal Error] :1:1: Premature end of file.
2025-01-27 22:47:32,596 [ERROR] LogOutputStream:75 - [STDERR_REDIRECT] 
2025-01-27 22:47:33,609 [ERROR] LogOutputStream:75 - [STDERR_REDIRECT] [Fatal Error] :1:1: Premature end of file.
2025-01-27 22:47:33,609 [ERROR] LogOutputStream:75 - [STDERR_REDIRECT] 
2025-01-27 22:47:34,588 [ERROR] LogOutputStream:75 - [STDERR_REDIRECT] [Fatal Error] :1:1: Premature end of file.
2025-01-27 22:47:34,588 [ERROR] LogOutputStream:75 - [STDERR_REDIRECT] 
2025-01-27 22:47:35,604 [ERROR] LogOutputStream:75 - [STDERR_REDIRECT] [Fatal Error] :1:1: Premature end of file.
2025-01-27 22:47:35,604 [ERROR] LogOutputStream:75 - [STDERR_REDIRECT] 
2025-01-27 22:47:36,593 [ERROR] LogOutputStream:75 - [STDERR_REDIRECT] [Fatal Error] :1:1: Premature end of file.
2025-01-27 22:47:36,593 [ERROR] LogOutputStream:75 - [STDERR_REDIRECT] 
2025-01-27 22:47:37,594 [ERROR] LogOutputStream:75 - [STDERR_REDIRECT] [Fatal Error] :1:1: Premature end of file.
2025-01-27 22:47:37,594 [ERROR] LogOutputStream:75 - [STDERR_REDIRECT] 
2025-01-27 22:47:38,590 [ERROR] LogOutputStream:75 - [STDERR_REDIRECT] [Fatal Error] :1:1: Premature end of file.
2025-01-27 22:47:38,590 [ERROR] LogOutputStream:75 - [STDERR_REDIRECT] 
2025-01-27 22:47:39,586 [ERROR] LogOutputStream:75 - [STDERR_REDIRECT] [Fatal Error] :1:1: Premature end of file.
2025-01-27 22:47:39,586 [ERROR] LogOutputStream:75 - [STDERR_REDIRECT] 
2025-01-27 22:47:40,595 [ERROR] LogOutputStream:75 - [STDERR_REDIRECT] [Fatal Error] :1:1: Premature end of file.
2025-01-27 22:47:40,595 [ERROR] LogOutputStream:75 - [STDERR_REDIRECT] 
2025-01-27 22:47:41,594 [ERROR] LogOutputStream:75 - [STDERR_REDIRECT] [Fatal Error] :1:1: Premature end of file.
2025-01-27 22:47:41,594 [ERROR] LogOutputStream:75 - [STDERR_REDIRECT] 
2025-01-27 22:47:42,589 [ERROR] LogOutputStream:75 - [STDERR_REDIRECT] [Fatal Error] :1:1: Premature end of file.
2025-01-27 22:47:42,589 [ERROR] LogOutputStream:75 - [STDERR_REDIRECT] 
2025-01-27 22:47:43,597 [ERROR] LogOutputStream:75 - [STDERR_REDIRECT] [Fatal Error] :1:1: Premature end of file.
2025-01-27 22:47:43,597 [ERROR] LogOutputStream:75 - [STDERR_REDIRECT] 
2025-01-27 22:47:44,602 [ERROR] LogOutputStream:75 - [STDERR_REDIRECT] [Fatal Error] :1:1: Premature end of file.
2025-01-27 22:47:44,602 [ERROR] LogOutputStream:75 - [STDERR_REDIRECT] 
2025-01-27 22:47:45,588 [ERROR] LogOutputStream:75 - [STDERR_REDIRECT] [Fatal Error] :1:1: Premature end of file.
2025-01-27 22:47:45,588 [ERROR] LogOutputStream:75 - [STDERR_REDIRECT] 
2025-01-27 22:47:46,586 [ERROR] LogOutputStream:75 - [STDERR_REDIRECT] [Fatal Error] :1:1: Premature end of file.
2025-01-27 22:47:46,586 [ERROR] LogOutputStream:75 - [STDERR_REDIRECT] 
2025-01-27 22:47:47,594 [ERROR] LogOutputStream:75 - [STDERR_REDIRECT] [Fatal Error] :1:1: Premature end of file.
2025-01-27 22:47:47,594 [ERROR] LogOutputStream:75 - [STDERR_REDIRECT] 
2025-01-27 22:47:48,590 [ERROR] LogOutputStream:75 - [STDERR_REDIRECT] [Fatal Error] :1:1: Premature end of file.
2025-01-27 22:47:48,590 [ERROR] LogOutputStream:75 - [STDERR_REDIRECT] 
2025-01-27 22:47:49,585 [ERROR] LogOutputStream:75 - [STDERR_REDIRECT] [Fatal Error] :1:1: Premature end of file.
2025-01-27 22:47:49,585 [ERROR] LogOutputStream:75 - [STDERR_REDIRECT] 
2025-01-27 22:47:50,597 [ERROR] LogOutputStream:75 - [STDERR_REDIRECT] [Fatal Error] :1:1: Premature end of file.
2025-01-27 22:47:50,599 [ERROR] LogOutputStream:75 - [STDERR_REDIRECT] 
2025-01-27 22:47:51,596 [ERROR] LogOutputStream:75 - [STDERR_REDIRECT] [Fatal Error] :1:1: Premature end of file.
2025-01-27 22:47:51,596 [ERROR] LogOutputStream:75 - [STDERR_REDIRECT] 
2025-01-27 22:47:52,594 [ERROR] LogOutputStream:75 - [STDERR_REDIRECT] [Fatal Error] :1:1: Premature end of file.
2025-01-27 22:47:52,594 [ERROR] LogOutputStream:75 - [STDERR_REDIRECT] 
2025-01-27 22:47:53,590 [ERROR] LogOutputStream:75 - [STDERR_REDIRECT] [Fatal Error] :1:1: Premature end of file.
2025-01-27 22:47:53,590 [ERROR] LogOutputStream:75 - [STDERR_REDIRECT] 
2025-01-27 22:47:54,601 [ERROR] LogOutputStream:75 - [STDERR_REDIRECT] [Fatal Error] :1:1: Premature end of file.
2025-01-27 22:47:54,601 [ERROR] LogOutputStream:75 - [STDERR_REDIRECT] 
2025-01-27 22:47:55,598 [ERROR] LogOutputStream:75 - [STDERR_REDIRECT] [Fatal Error] :1:1: Premature end of file.
2025-01-27 22:47:55,598 [ERROR] LogOutputStream:75 - [STDERR_REDIRECT] 
2025-01-27 22:47:56,598 [ERROR] LogOutputStream:75 - [STDERR_REDIRECT] [Fatal Error] :1:1: Premature end of file.
2025-01-27 22:47:56,600 [ERROR] LogOutputStream:75 - [STDERR_REDIRECT] 
2025-01-27 22:47:57,591 [ERROR] LogOutputStream:75 - [STDERR_REDIRECT] [Fatal Error] :1:1: Premature end of file.
2025-01-27 22:47:57,591 [ERROR] LogOutputStream:75 - [STDERR_REDIRECT] 
2025-01-27 22:47:58,585 [ERROR] LogOutputStream:75 - [STDERR_REDIRECT] [Fatal Error] :1:1: Premature end of file.
2025-01-27 22:47:58,587 [ERROR] LogOutputStream:75 - [STDERR_REDIRECT] 
2025-01-27 22:47:59,601 [ERROR] LogOutputStream:75 - [STDERR_REDIRECT] [Fatal Error] :1:1: Premature end of file.
2025-01-27 22:47:59,601 [ERROR] LogOutputStream:75 - [STDERR_REDIRECT] 
2025-01-27 22:48:00,595 [ERROR] LogOutputStream:75 - [STDERR_REDIRECT] [Fatal Error] :1:1: Premature end of file.
2025-01-27 22:48:00,595 [ERROR] LogOutputStream:75 - [STDERR_REDIRECT] 
2025-01-27 22:48:01,593 [ERROR] LogOutputStream:75 - [STDERR_REDIRECT] [Fatal Error] :1:1: Premature end of file.
2025-01-27 22:48:01,593 [ERROR] LogOutputStream:75 - [STDERR_REDIRECT] 
2025-01-27 22:48:02,584 [ERROR] LogOutputStream:75 - [STDERR_REDIRECT] [Fatal Error] :1:1: Premature end of file.
2025-01-27 22:48:02,584 [ERROR] LogOutputStream:75 - [STDERR_REDIRECT] 
2025-01-27 22:48:03,587 [ERROR] LogOutputStream:75 - [STDERR_REDIRECT] [Fatal Error] :1:1: Premature end of file.
2025-01-27 22:48:03,587 [ERROR] LogOutputStream:75 - [STDERR_REDIRECT] 
2025-01-27 22:48:04,580 [ERROR] LogOutputStream:75 - [STDERR_REDIRECT] [Fatal Error] :1:1: Premature end of file.
2025-01-27 22:48:04,582 [ERROR] LogOutputStream:75 - [STDERR_REDIRECT] 
2025-01-27 22:48:05,592 [ERROR] LogOutputStream:75 - [STDERR_REDIRECT] [Fatal Error] :1:1: Premature end of file.
2025-01-27 22:48:05,592 [ERROR] LogOutputStream:75 - [STDERR_REDIRECT] 
2025-01-27 22:48:06,587 [ERROR] LogOutputStream:75 - [STDERR_REDIRECT] [Fatal Error] :1:1: Premature end of file.
2025-01-27 22:48:06,587 [ERROR] LogOutputStream:75 - [STDERR_REDIRECT] 
2025-01-27 22:48:07,610 [ERROR] LogOutputStream:75 - [STDERR_REDIRECT] [Fatal Error] :1:1: Premature end of file.
2025-01-27 22:48:07,610 [ERROR] LogOutputStream:75 - [STDERR_REDIRECT] 
2025-01-27 22:48:08,604 [ERROR] LogOutputStream:75 - [STDERR_REDIRECT] [Fatal Error] :1:1: Premature end of file.
2025-01-27 22:48:08,604 [ERROR] LogOutputStream:75 - [STDERR_REDIRECT] 
2025-01-27 22:48:09,585 [ERROR] LogOutputStream:75 - [STDERR_REDIRECT] [Fatal Error] :1:1: Premature end of file.
2025-01-27 22:48:09,585 [ERROR] LogOutputStream:75 - [STDERR_REDIRECT] 
2025-01-27 22:48:10,581 [ERROR] LogOutputStream:75 - [STDERR_REDIRECT] [Fatal Error] :1:1: Premature end of file.
2025-01-27 22:48:10,581 [ERROR] LogOutputStream:75 - [STDERR_REDIRECT] 
2025-01-27 22:48:11,601 [ERROR] LogOutputStream:75 - [STDERR_REDIRECT] [Fatal Error] :1:1: Premature end of file.
2025-01-27 22:48:11,601 [ERROR] LogOutputStream:75 - [STDERR_REDIRECT] 
2025-01-27 22:48:12,590 [ERROR] LogOutputStream:75 - [STDERR_REDIRECT] [Fatal Error] :1:1: Premature end of file.
2025-01-27 22:48:12,590 [ERROR] LogOutputStream:75 - [STDERR_REDIRECT] 
2025-01-27 22:48:13,601 [ERROR] LogOutputStream:75 - [STDERR_REDIRECT] [Fatal Error] :1:1: Premature end of file.
2025-01-27 22:48:13,601 [ERROR] LogOutputStream:75 - [STDERR_REDIRECT] 
2025-01-27 22:48:14,602 [ERROR] LogOutputStream:75 - [STDERR_REDIRECT] [Fatal Error] :1:1: Premature end of file.
2025-01-27 22:48:14,602 [ERROR] LogOutputStream:75 - [STDERR_REDIRECT] 
2025-01-27 22:48:15,621 [ERROR] LogOutputStream:75 - [STDERR_REDIRECT] [Fatal Error] :1:1: Premature end of file.
2025-01-27 22:48:15,621 [ERROR] LogOutputStream:75 - [STDERR_REDIRECT] 
2025-01-27 22:48:16,590 [ERROR] LogOutputStream:75 - [STDERR_REDIRECT] [Fatal Error] :1:1: Premature end of file.
2025-01-27 22:48:16,590 [ERROR] LogOutputStream:75 - [STDERR_REDIRECT] 
2025-01-27 22:48:17,598 [ERROR] LogOutputStream:75 - [STDERR_REDIRECT] [Fatal Error] :1:1: Premature end of file.
2025-01-27 22:48:17,598 [ERROR] LogOutputStream:75 - [STDERR_REDIRECT] 
2025-01-27 22:48:18,592 [ERROR] LogOutputStream:75 - [STDERR_REDIRECT] [Fatal Error] :1:1: Premature end of file.
2025-01-27 22:48:18,592 [ERROR] LogOutputStream:75 - [STDERR_REDIRECT] 
2025-01-27 22:48:19,596 [ERROR] LogOutputStream:75 - [STDERR_REDIRECT] [Fatal Error] :1:1: Premature end of file.
2025-01-27 22:48:19,598 [ERROR] LogOutputStream:75 - [STDERR_REDIRECT] 
2025-01-27 22:48:20,595 [ERROR] LogOutputStream:75 - [STDERR_REDIRECT] [Fatal Error] :1:1: Premature end of file.
2025-01-27 22:48:20,595 [ERROR] LogOutputStream:75 - [STDERR_REDIRECT] 
2025-01-27 22:48:21,595 [ERROR] LogOutputStream:75 - [STDERR_REDIRECT] [Fatal Error] :1:1: Premature end of file.
2025-01-27 22:48:21,595 [ERROR] LogOutputStream:75 - [STDERR_REDIRECT] 
2025-01-27 22:48:22,583 [ERROR] LogOutputStream:75 - [STDERR_REDIRECT] [Fatal Error] :1:1: Premature end of file.
2025-01-27 22:48:22,584 [ERROR] LogOutputStream:75 - [STDERR_REDIRECT] 
2025-01-27 22:48:23,597 [ERROR] LogOutputStream:75 - [STDERR_REDIRECT] [Fatal Error] :1:1: Premature end of file.
2025-01-27 22:48:23,597 [ERROR] LogOutputStream:75 - [STDERR_REDIRECT] 
2025-01-27 22:48:24,591 [ERROR] LogOutputStream:75 - [STDERR_REDIRECT] [Fatal Error] :1:1: Premature end of file.
2025-01-27 22:48:24,591 [ERROR] LogOutputStream:75 - [STDERR_REDIRECT] 
2025-01-27 22:48:25,600 [ERROR] LogOutputStream:75 - [STDERR_REDIRECT] [Fatal Error] :1:1: Premature end of file.
2025-01-27 22:48:25,600 [ERROR] LogOutputStream:75 - [STDERR_REDIRECT] 
2025-01-27 22:48:26,580 [ERROR] LogOutputStream:75 - [STDERR_REDIRECT] [Fatal Error] :1:1: Premature end of file.
2025-01-27 22:48:26,580 [ERROR] LogOutputStream:75 - [STDERR_REDIRECT] 
2025-01-27 22:48:27,610 [ERROR] LogOutputStream:75 - [STDERR_REDIRECT] [Fatal Error] :1:1: Premature end of file.
2025-01-27 22:48:27,610 [ERROR] LogOutputStream:75 - [STDERR_REDIRECT] 
2025-01-27 22:48:28,578 [ERROR] LogOutputStream:75 - [STDERR_REDIRECT] [Fatal Error] :1:1: Premature end of file.
2025-01-27 22:48:28,578 [ERROR] LogOutputStream:75 - [STDERR_REDIRECT] 
2025-01-27 22:48:29,578 [ERROR] LogOutputStream:75 - [STDERR_REDIRECT] [Fatal Error] :1:1: Premature end of file.
2025-01-27 22:48:29,578 [ERROR] LogOutputStream:75 - [STDERR_REDIRECT] 
2025-01-27 22:48:30,581 [ERROR] LogOutputStream:75 - [STDERR_REDIRECT] [Fatal Error] :1:1: Premature end of file.
2025-01-27 22:48:30,583 [ERROR] LogOutputStream:75 - [STDERR_REDIRECT] 
2025-01-27 22:48:31,601 [ERROR] LogOutputStream:75 - [STDERR_REDIRECT] [Fatal Error] :1:1: Premature end of file.
2025-01-27 22:48:31,602 [ERROR] LogOutputStream:75 - [STDERR_REDIRECT] 
2025-01-27 22:48:32,594 [ERROR] LogOutputStream:75 - [STDERR_REDIRECT] [Fatal Error] :1:1: Premature end of file.
2025-01-27 22:48:32,594 [ERROR] LogOutputStream:75 - [STDERR_REDIRECT] 
2025-01-27 22:48:33,596 [ERROR] LogOutputStream:75 - [STDERR_REDIRECT] [Fatal Error] :1:1: Premature end of file.
2025-01-27 22:48:33,596 [ERROR] LogOutputStream:75 - [STDERR_REDIRECT] 
2025-01-27 22:48:34,589 [ERROR] LogOutputStream:75 - [STDERR_REDIRECT] [Fatal Error] :1:1: Premature end of file.
2025-01-27 22:48:34,589 [ERROR] LogOutputStream:75 - [STDERR_REDIRECT] 
2025-01-27 22:48:35,602 [ERROR] LogOutputStream:75 - [STDERR_REDIRECT] [Fatal Error] :1:1: Premature end of file.
2025-01-27 22:48:35,602 [ERROR] LogOutputStream:75 - [STDERR_REDIRECT] 
2025-01-27 22:48:36,592 [ERROR] LogOutputStream:75 - [STDERR_REDIRECT] [Fatal Error] :1:1: Premature end of file.
2025-01-27 22:48:36,592 [ERROR] LogOutputStream:75 - [STDERR_REDIRECT] 
2025-01-27 22:48:37,602 [ERROR] LogOutputStream:75 - [STDERR_REDIRECT] [Fatal Error] :1:1: Premature end of file.
2025-01-27 22:48:37,602 [ERROR] LogOutputStream:75 - [STDERR_REDIRECT] 
2025-01-27 22:48:38,600 [ERROR] LogOutputStream:75 - [STDERR_REDIRECT] [Fatal Error] :1:1: Premature end of file.
2025-01-27 22:48:38,600 [ERROR] LogOutputStream:75 - [STDERR_REDIRECT] 
2025-01-27 22:48:39,607 [ERROR] LogOutputStream:75 - [STDERR_REDIRECT] [Fatal Error] :1:1: Premature end of file.
2025-01-27 22:48:39,607 [ERROR] LogOutputStream:75 - [STDERR_REDIRECT] 
2025-01-27 22:48:40,578 [ERROR] LogOutputStream:75 - [STDERR_REDIRECT] [Fatal Error] :1:1: Premature end of file.
2025-01-27 22:48:40,578 [ERROR] LogOutputStream:75 - [STDERR_REDIRECT] 
2025-01-27 22:48:41,596 [ERROR] LogOutputStream:75 - [STDERR_REDIRECT] [Fatal Error] :1:1: Premature end of file.
2025-01-27 22:48:41,596 [ERROR] LogOutputStream:75 - [STDERR_REDIRECT] 
2025-01-27 22:48:42,589 [ERROR] LogOutputStream:75 - [STDERR_REDIRECT] [Fatal Error] :1:1: Premature end of file.
2025-01-27 22:48:42,589 [ERROR] LogOutputStream:75 - [STDERR_REDIRECT] 
2025-01-27 22:48:43,577 [ERROR] LogOutputStream:75 - [STDERR_REDIRECT] [Fatal Error] :1:1: Premature end of file.
2025-01-27 22:48:43,577 [ERROR] LogOutputStream:75 - [STDERR_REDIRECT] 
2025-01-27 22:48:44,579 [ERROR] LogOutputStream:75 - [STDERR_REDIRECT] [Fatal Error] :1:1: Premature end of file.
2025-01-27 22:48:44,579 [ERROR] LogOutputStream:75 - [STDERR_REDIRECT] 
2025-01-27 22:48:45,575 [ERROR] LogOutputStream:75 - [STDERR_REDIRECT] [Fatal Error] :1:1: Premature end of file.
2025-01-27 22:48:45,575 [ERROR] LogOutputStream:75 - [STDERR_REDIRECT] 
2025-01-27 22:48:46,585 [ERROR] LogOutputStream:75 - [STDERR_REDIRECT] [Fatal Error] :1:1: Premature end of file.
2025-01-27 22:48:46,585 [ERROR] LogOutputStream:75 - [STDERR_REDIRECT] 
2025-01-27 22:48:47,611 [ERROR] LogOutputStream:75 - [STDERR_REDIRECT] [Fatal Error] :1:1: Premature end of file.
2025-01-27 22:48:47,611 [ERROR] LogOutputStream:75 - [STDERR_REDIRECT] 
2025-01-27 22:48:48,589 [ERROR] LogOutputStream:75 - [STDERR_REDIRECT] [Fatal Error] :1:1: Premature end of file.
2025-01-27 22:48:48,589 [ERROR] LogOutputStream:75 - [STDERR_REDIRECT] 
2025-01-27 22:48:49,577 [ERROR] LogOutputStream:75 - [STDERR_REDIRECT] [Fatal Error] :1:1: Premature end of file.
2025-01-27 22:48:49,577 [ERROR] LogOutputStream:75 - [STDERR_REDIRECT] 
2025-01-27 22:48:50,594 [ERROR] LogOutputStream:75 - [STDERR_REDIRECT] [Fatal Error] :1:1: Premature end of file.
2025-01-27 22:48:50,594 [ERROR] LogOutputStream:75 - [STDERR_REDIRECT] 
2025-01-27 22:48:51,576 [ERROR] LogOutputStream:75 - [STDERR_REDIRECT] [Fatal Error] :1:1: Premature end of file.
2025-01-27 22:48:51,576 [ERROR] LogOutputStream:75 - [STDERR_REDIRECT] 
2025-01-27 22:48:52,593 [ERROR] LogOutputStream:75 - [STDERR_REDIRECT] [Fatal Error] :1:1: Premature end of file.
2025-01-27 22:48:52,593 [ERROR] LogOutputStream:75 - [STDERR_REDIRECT] 
2025-01-27 22:48:53,590 [ERROR] LogOutputStream:75 - [STDERR_REDIRECT] [Fatal Error] :1:1: Premature end of file.
2025-01-27 22:48:53,590 [ERROR] LogOutputStream:75 - [STDERR_REDIRECT] 
2025-01-27 22:48:54,594 [ERROR] LogOutputStream:75 - [STDERR_REDIRECT] [Fatal Error] :1:1: Premature end of file.
2025-01-27 22:48:54,594 [ERROR] LogOutputStream:75 - [STDERR_REDIRECT] 
2025-01-27 22:48:55,588 [ERROR] LogOutputStream:75 - [STDERR_REDIRECT] [Fatal Error] :1:1: Premature end of file.
2025-01-27 22:48:55,588 [ERROR] LogOutputStream:75 - [STDERR_REDIRECT] 
2025-01-27 22:48:56,591 [ERROR] LogOutputStream:75 - [STDERR_REDIRECT] [Fatal Error] :1:1: Premature end of file.
2025-01-27 22:48:56,591 [ERROR] LogOutputStream:75 - [STDERR_REDIRECT] 
2025-01-27 22:48:57,578 [ERROR] LogOutputStream:75 - [STDERR_REDIRECT] [Fatal Error] :1:1: Premature end of file.
2025-01-27 22:48:57,578 [ERROR] LogOutputStream:75 - [STDERR_REDIRECT] 
2025-01-27 22:48:58,581 [ERROR] LogOutputStream:75 - [STDERR_REDIRECT] [Fatal Error] :1:1: Premature end of file.
2025-01-27 22:48:58,581 [ERROR] LogOutputStream:75 - [STDERR_REDIRECT] 
2025-01-27 22:48:59,592 [ERROR] LogOutputStream:75 - [STDERR_REDIRECT] [Fatal Error] :1:1: Premature end of file.
2025-01-27 22:48:59,592 [ERROR] LogOutputStream:75 - [STDERR_REDIRECT] 
2025-01-27 22:49:00,577 [ERROR] LogOutputStream:75 - [STDERR_REDIRECT] [Fatal Error] :1:1: Premature end of file.
2025-01-27 22:49:00,577 [ERROR] LogOutputStream:75 - [STDERR_REDIRECT] 
2025-01-27 22:49:01,599 [ERROR] LogOutputStream:75 - [STDERR_REDIRECT] [Fatal Error] :1:1: Premature end of file.
2025-01-27 22:49:01,599 [ERROR] LogOutputStream:75 - [STDERR_REDIRECT] 
2025-01-27 22:49:02,595 [ERROR] LogOutputStream:75 - [STDERR_REDIRECT] [Fatal Error] :1:1: Premature end of file.
2025-01-27 22:49:02,595 [ERROR] LogOutputStream:75 - [STDERR_REDIRECT] 
2025-01-27 22:49:03,592 [ERROR] LogOutputStream:75 - [STDERR_REDIRECT] [Fatal Error] :1:1: Premature end of file.
2025-01-27 22:49:03,592 [ERROR] LogOutputStream:75 - [STDERR_REDIRECT] 
2025-01-27 22:49:04,583 [ERROR] LogOutputStream:75 - [STDERR_REDIRECT] [Fatal Error] :1:1: Premature end of file.
2025-01-27 22:49:04,583 [ERROR] LogOutputStream:75 - [STDERR_REDIRECT] 
2025-01-27 22:49:05,594 [ERROR] LogOutputStream:75 - [STDERR_REDIRECT] [Fatal Error] :1:1: Premature end of file.
2025-01-27 22:49:05,594 [ERROR] LogOutputStream:75 - [STDERR_REDIRECT] 
2025-01-27 22:49:06,591 [ERROR] LogOutputStream:75 - [STDERR_REDIRECT] [Fatal Error] :1:1: Premature end of file.
2025-01-27 22:49:06,591 [ERROR] LogOutputStream:75 - [STDERR_REDIRECT] 
2025-01-27 22:49:07,602 [ERROR] LogOutputStream:75 - [STDERR_REDIRECT] [Fatal Error] :1:1: Premature end of file.
2025-01-27 22:49:07,602 [ERROR] LogOutputStream:75 - [STDERR_REDIRECT] 
2025-01-27 22:49:08,577 [ERROR] LogOutputStream:75 - [STDERR_REDIRECT] [Fatal Error] :1:1: Premature end of file.
2025-01-27 22:49:08,578 [ERROR] LogOutputStream:75 - [STDERR_REDIRECT] 
2025-01-27 22:49:09,589 [ERROR] LogOutputStream:75 - [STDERR_REDIRECT] [Fatal Error] :1:1: Premature end of file.
2025-01-27 22:49:09,591 [ERROR] LogOutputStream:75 - [STDERR_REDIRECT] 
2025-01-27 22:49:10,579 [ERROR] LogOutputStream:75 - [STDERR_REDIRECT] [Fatal Error] :1:1: Premature end of file.
2025-01-27 22:49:10,579 [ERROR] LogOutputStream:75 - [STDERR_REDIRECT] 
2025-01-27 22:49:11,590 [ERROR] LogOutputStream:75 - [STDERR_REDIRECT] [Fatal Error] :1:1: Premature end of file.
2025-01-27 22:49:11,590 [ERROR] LogOutputStream:75 - [STDERR_REDIRECT] 
2025-01-27 22:49:12,598 [ERROR] LogOutputStream:75 - [STDERR_REDIRECT] [Fatal Error] :1:1: Premature end of file.
2025-01-27 22:49:12,598 [ERROR] LogOutputStream:75 - [STDERR_REDIRECT] 
2025-01-27 22:49:13,582 [ERROR] LogOutputStream:75 - [STDERR_REDIRECT] [Fatal Error] :1:1: Premature end of file.
2025-01-27 22:49:13,582 [ERROR] LogOutputStream:75 - [STDERR_REDIRECT] 
2025-01-27 22:49:14,602 [ERROR] LogOutputStream:75 - [STDERR_REDIRECT] [Fatal Error] :1:1: Premature end of file.
2025-01-27 22:49:14,602 [ERROR] LogOutputStream:75 - [STDERR_REDIRECT] 
2025-01-27 22:49:15,590 [ERROR] LogOutputStream:75 - [STDERR_REDIRECT] [Fatal Error] :1:1: Premature end of file.
2025-01-27 22:49:15,591 [ERROR] LogOutputStream:75 - [STDERR_REDIRECT] 
2025-01-27 22:49:16,583 [ERROR] LogOutputStream:75 - [STDERR_REDIRECT] [Fatal Error] :1:1: Premature end of file.
2025-01-27 22:49:16,583 [ERROR] LogOutputStream:75 - [STDERR_REDIRECT] 
2025-01-27 22:49:17,590 [ERROR] LogOutputStream:75 - [STDERR_REDIRECT] [Fatal Error] :1:1: Premature end of file.
2025-01-27 22:49:17,590 [ERROR] LogOutputStream:75 - [STDERR_REDIRECT] 
2025-01-27 22:49:18,573 [ERROR] LogOutputStream:75 - [STDERR_REDIRECT] [Fatal Error] :1:1: Premature end of file.
2025-01-27 22:49:18,573 [ERROR] LogOutputStream:75 - [STDERR_REDIRECT] 
2025-01-27 22:49:19,589 [ERROR] LogOutputStream:75 - [STDERR_REDIRECT] [Fatal Error] :1:1: Premature end of file.
2025-01-27 22:49:19,591 [ERROR] LogOutputStream:75 - [STDERR_REDIRECT] 
2025-01-27 22:49:20,597 [ERROR] LogOutputStream:75 - [STDERR_REDIRECT] [Fatal Error] :1:1: Premature end of file.
2025-01-27 22:49:20,597 [ERROR] LogOutputStream:75 - [STDERR_REDIRECT] 
2025-01-27 22:49:21,586 [ERROR] LogOutputStream:75 - [STDERR_REDIRECT] [Fatal Error] :1:1: Premature end of file.
2025-01-27 22:49:21,586 [ERROR] LogOutputStream:75 - [STDERR_REDIRECT] 
2025-01-27 22:49:22,583 [ERROR] LogOutputStream:75 - [STDERR_REDIRECT] [Fatal Error] :1:1: Premature end of file.
2025-01-27 22:49:22,583 [ERROR] LogOutputStream:75 - [STDERR_REDIRECT] 
2025-01-27 22:49:23,583 [ERROR] LogOutputStream:75 - [STDERR_REDIRECT] [Fatal Error] :1:1: Premature end of file.
2025-01-27 22:49:23,583 [ERROR] LogOutputStream:75 - [STDERR_REDIRECT] 
2025-01-27 22:49:24,581 [ERROR] LogOutputStream:75 - [STDERR_REDIRECT] [Fatal Error] :1:1: Premature end of file.
2025-01-27 22:49:24,581 [ERROR] LogOutputStream:75 - [STDERR_REDIRECT] 
2025-01-27 22:49:25,597 [ERROR] LogOutputStream:75 - [STDERR_REDIRECT] [Fatal Error] :1:1: Premature end of file.
2025-01-27 22:49:25,597 [ERROR] LogOutputStream:75 - [STDERR_REDIRECT] 
2025-01-27 22:49:26,593 [ERROR] LogOutputStream:75 - [STDERR_REDIRECT] [Fatal Error] :1:1: Premature end of file.
2025-01-27 22:49:26,593 [ERROR] LogOutputStream:75 - [STDERR_REDIRECT] 
2025-01-27 22:49:27,592 [ERROR] LogOutputStream:75 - [STDERR_REDIRECT] [Fatal Error] :1:1: Premature end of file.
2025-01-27 22:49:27,592 [ERROR] LogOutputStream:75 - [STDERR_REDIRECT] 
2025-01-27 22:49:28,594 [ERROR] LogOutputStream:75 - [STDERR_REDIRECT] [Fatal Error] :1:1: Premature end of file.
2025-01-27 22:49:28,594 [ERROR] LogOutputStream:75 - [STDERR_REDIRECT] 
2025-01-27 22:49:29,603 [ERROR] LogOutputStream:75 - [STDERR_REDIRECT] [Fatal Error] :1:1: Premature end of file.
2025-01-27 22:49:29,603 [ERROR] LogOutputStream:75 - [STDERR_REDIRECT] 
2025-01-27 22:49:30,588 [ERROR] LogOutputStream:75 - [STDERR_REDIRECT] [Fatal Error] :1:1: Premature end of file.
2025-01-27 22:49:30,588 [ERROR] LogOutputStream:75 - [STDERR_REDIRECT] 
2025-01-27 22:49:31,604 [ERROR] LogOutputStream:75 - [STDERR_REDIRECT] [Fatal Error] :1:1: Premature end of file.
2025-01-27 22:49:31,604 [ERROR] LogOutputStream:75 - [STDERR_REDIRECT] 
2025-01-27 22:49:32,598 [ERROR] LogOutputStream:75 - [STDERR_REDIRECT] [Fatal Error] :1:1: Premature end of file.
2025-01-27 22:49:32,598 [ERROR] LogOutputStream:75 - [STDERR_REDIRECT] 
2025-01-27 22:49:33,578 [ERROR] LogOutputStream:75 - [STDERR_REDIRECT] [Fatal Error] :1:1: Premature end of file.
2025-01-27 22:49:33,578 [ERROR] LogOutputStream:75 - [STDERR_REDIRECT] 
2025-01-27 22:49:34,586 [ERROR] LogOutputStream:75 - [STDERR_REDIRECT] [Fatal Error] :1:1: Premature end of file.
2025-01-27 22:49:34,586 [ERROR] LogOutputStream:75 - [STDERR_REDIRECT] 
2025-01-27 22:49:35,598 [ERROR] LogOutputStream:75 - [STDERR_REDIRECT] [Fatal Error] :1:1: Premature end of file.
2025-01-27 22:49:35,598 [ERROR] LogOutputStream:75 - [STDERR_REDIRECT] 
2025-01-27 22:49:36,585 [ERROR] LogOutputStream:75 - [STDERR_REDIRECT] [Fatal Error] :1:1: Premature end of file.
2025-01-27 22:49:36,585 [ERROR] LogOutputStream:75 - [STDERR_REDIRECT] 
2025-01-27 22:49:37,593 [ERROR] LogOutputStream:75 - [STDERR_REDIRECT] [Fatal Error] :1:1: Premature end of file.
2025-01-27 22:49:37,593 [ERROR] LogOutputStream:75 - [STDERR_REDIRECT] 
2025-01-27 22:49:38,579 [ERROR] LogOutputStream:75 - [STDERR_REDIRECT] [Fatal Error] :1:1: Premature end of file.
2025-01-27 22:49:38,579 [ERROR] LogOutputStream:75 - [STDERR_REDIRECT] 
2025-01-27 22:49:39,578 [ERROR] LogOutputStream:75 - [STDERR_REDIRECT] [Fatal Error] :1:1: Premature end of file.
2025-01-27 22:49:39,578 [ERROR] LogOutputStream:75 - [STDERR_REDIRECT] 
2025-01-27 22:49:40,604 [ERROR] LogOutputStream:75 - [STDERR_REDIRECT] [Fatal Error] :1:1: Premature end of file.
2025-01-27 22:49:40,604 [ERROR] LogOutputStream:75 - [STDERR_REDIRECT] 
2025-01-27 22:49:41,616 [ERROR] LogOutputStream:75 - [STDERR_REDIRECT] [Fatal Error] :1:1: Premature end of file.
2025-01-27 22:49:41,616 [ERROR] LogOutputStream:75 - [STDERR_REDIRECT] 
2025-01-27 22:49:42,585 [ERROR] LogOutputStream:75 - [STDERR_REDIRECT] [Fatal Error] :1:1: Premature end of file.
2025-01-27 22:49:42,585 [ERROR] LogOutputStream:75 - [STDERR_REDIRECT] 
2025-01-27 22:49:43,600 [ERROR] LogOutputStream:75 - [STDERR_REDIRECT] [Fatal Error] :1:1: Premature end of file.
2025-01-27 22:49:43,600 [ERROR] LogOutputStream:75 - [STDERR_REDIRECT] 
2025-01-27 22:49:44,593 [ERROR] LogOutputStream:75 - [STDERR_REDIRECT] [Fatal Error] :1:1: Premature end of file.
2025-01-27 22:49:44,593 [ERROR] LogOutputStream:75 - [STDERR_REDIRECT] 
2025-01-27 22:49:45,592 [ERROR] LogOutputStream:75 - [STDERR_REDIRECT] [Fatal Error] :1:1: Premature end of file.
2025-01-27 22:49:45,592 [ERROR] LogOutputStream:75 - [STDERR_REDIRECT] 
2025-01-27 22:49:46,577 [ERROR] LogOutputStream:75 - [STDERR_REDIRECT] [Fatal Error] :1:1: Premature end of file.
2025-01-27 22:49:46,577 [ERROR] LogOutputStream:75 - [STDERR_REDIRECT] 
2025-01-27 22:49:47,595 [ERROR] LogOutputStream:75 - [STDERR_REDIRECT] [Fatal Error] :1:1: Premature end of file.
2025-01-27 22:49:47,595 [ERROR] LogOutputStream:75 - [STDERR_REDIRECT] 
2025-01-27 22:49:48,601 [ERROR] LogOutputStream:75 - [STDERR_REDIRECT] [Fatal Error] :1:1: Premature end of file.
2025-01-27 22:49:48,601 [ERROR] LogOutputStream:75 - [STDERR_REDIRECT] 
2025-01-27 22:49:49,582 [ERROR] LogOutputStream:75 - [STDERR_REDIRECT] [Fatal Error] :1:1: Premature end of file.
2025-01-27 22:49:49,582 [ERROR] LogOutputStream:75 - [STDERR_REDIRECT] 
2025-01-27 22:49:50,597 [ERROR] LogOutputStream:75 - [STDERR_REDIRECT] [Fatal Error] :1:1: Premature end of file.
2025-01-27 22:49:50,599 [ERROR] LogOutputStream:75 - [STDERR_REDIRECT] 
2025-01-27 22:49:51,584 [ERROR] LogOutputStream:75 - [STDERR_REDIRECT] [Fatal Error] :1:1: Premature end of file.
2025-01-27 22:49:51,584 [ERROR] LogOutputStream:75 - [STDERR_REDIRECT] 
2025-01-27 22:49:52,597 [ERROR] LogOutputStream:75 - [STDERR_REDIRECT] [Fatal Error] :1:1: Premature end of file.
2025-01-27 22:49:52,597 [ERROR] LogOutputStream:75 - [STDERR_REDIRECT] 
2025-01-27 22:49:53,605 [ERROR] LogOutputStream:75 - [STDERR_REDIRECT] [Fatal Error] :1:1: Premature end of file.
2025-01-27 22:49:53,605 [ERROR] LogOutputStream:75 - [STDERR_REDIRECT] 
2025-01-27 22:49:54,588 [ERROR] LogOutputStream:75 - [STDERR_REDIRECT] [Fatal Error] :1:1: Premature end of file.
2025-01-27 22:49:54,588 [ERROR] LogOutputStream:75 - [STDERR_REDIRECT] 
2025-01-27 22:49:55,633 [ERROR] LogOutputStream:75 - [STDERR_REDIRECT] [Fatal Error] :1:1: Premature end of file.
2025-01-27 22:49:55,633 [ERROR] LogOutputStream:75 - [STDERR_REDIRECT] 
2025-01-27 22:49:56,603 [ERROR] LogOutputStream:75 - [STDERR_REDIRECT] [Fatal Error] :1:1: Premature end of file.
2025-01-27 22:49:56,603 [ERROR] LogOutputStream:75 - [STDERR_REDIRECT] 
2025-01-27 22:49:57,591 [ERROR] LogOutputStream:75 - [STDERR_REDIRECT] [Fatal Error] :1:1: Premature end of file.
2025-01-27 22:49:57,591 [ERROR] LogOutputStream:75 - [STDERR_REDIRECT] 
2025-01-27 22:49:58,585 [ERROR] LogOutputStream:75 - [STDERR_REDIRECT] [Fatal Error] :1:1: Premature end of file.
2025-01-27 22:49:58,585 [ERROR] LogOutputStream:75 - [STDERR_REDIRECT] 
2025-01-27 22:49:59,581 [ERROR] LogOutputStream:75 - [STDERR_REDIRECT] [Fatal Error] :1:1: Premature end of file.
2025-01-27 22:49:59,581 [ERROR] LogOutputStream:75 - [STDERR_REDIRECT] 
2025-01-27 22:50:00,591 [ERROR] LogOutputStream:75 - [STDERR_REDIRECT] [Fatal Error] :1:1: Premature end of file.
2025-01-27 22:50:00,591 [ERROR] LogOutputStream:75 - [STDERR_REDIRECT] 
2025-01-27 22:50:01,585 [ERROR] LogOutputStream:75 - [STDERR_REDIRECT] [Fatal Error] :1:1: Premature end of file.
2025-01-27 22:50:01,587 [ERROR] LogOutputStream:75 - [STDERR_REDIRECT] 
2025-01-27 22:50:02,603 [ERROR] LogOutputStream:75 - [STDERR_REDIRECT] [Fatal Error] :1:1: Premature end of file.
2025-01-27 22:50:02,604 [ERROR] LogOutputStream:75 - [STDERR_REDIRECT] 
2025-01-27 22:50:03,580 [ERROR] LogOutputStream:75 - [STDERR_REDIRECT] [Fatal Error] :1:1: Premature end of file.
2025-01-27 22:50:03,580 [ERROR] LogOutputStream:75 - [STDERR_REDIRECT] 
2025-01-27 22:50:04,591 [ERROR] LogOutputStream:75 - [STDERR_REDIRECT] [Fatal Error] :1:1: Premature end of file.
2025-01-27 22:50:04,591 [ERROR] LogOutputStream:75 - [STDERR_REDIRECT] 
2025-01-27 22:50:05,600 [ERROR] LogOutputStream:75 - [STDERR_REDIRECT] [Fatal Error] :1:1: Premature end of file.
2025-01-27 22:50:05,601 [ERROR] LogOutputStream:75 - [STDERR_REDIRECT] 
2025-01-27 22:50:06,596 [ERROR] LogOutputStream:75 - [STDERR_REDIRECT] [Fatal Error] :1:1: Premature end of file.
2025-01-27 22:50:06,596 [ERROR] LogOutputStream:75 - [STDERR_REDIRECT] 
2025-01-27 22:50:07,595 [ERROR] LogOutputStream:75 - [STDERR_REDIRECT] [Fatal Error] :1:1: Premature end of file.
2025-01-27 22:50:07,595 [ERROR] LogOutputStream:75 - [STDERR_REDIRECT] 
2025-01-27 22:50:08,592 [ERROR] LogOutputStream:75 - [STDERR_REDIRECT] [Fatal Error] :1:1: Premature end of file.
2025-01-27 22:50:08,592 [ERROR] LogOutputStream:75 - [STDERR_REDIRECT] 
2025-01-27 22:50:09,584 [ERROR] LogOutputStream:75 - [STDERR_REDIRECT] [Fatal Error] :1:1: Premature end of file.
2025-01-27 22:50:09,584 [ERROR] LogOutputStream:75 - [STDERR_REDIRECT] 
2025-01-27 22:50:10,576 [ERROR] LogOutputStream:75 - [STDERR_REDIRECT] [Fatal Error] :1:1: Premature end of file.
2025-01-27 22:50:10,576 [ERROR] LogOutputStream:75 - [STDERR_REDIRECT] 
2025-01-27 22:50:11,595 [ERROR] LogOutputStream:75 - [STDERR_REDIRECT] [Fatal Error] :1:1: Premature end of file.
2025-01-27 22:50:11,595 [ERROR] LogOutputStream:75 - [STDERR_REDIRECT] 
2025-01-27 22:50:12,595 [ERROR] LogOutputStream:75 - [STDERR_REDIRECT] [Fatal Error] :1:1: Premature end of file.
2025-01-27 22:50:12,595 [ERROR] LogOutputStream:75 - [STDERR_REDIRECT] 
2025-01-27 22:50:13,600 [ERROR] LogOutputStream:75 - [STDERR_REDIRECT] [Fatal Error] :1:1: Premature end of file.
2025-01-27 22:50:13,600 [ERROR] LogOutputStream:75 - [STDERR_REDIRECT] 
2025-01-27 22:50:14,594 [ERROR] LogOutputStream:75 - [STDERR_REDIRECT] [Fatal Error] :1:1: Premature end of file.
2025-01-27 22:50:14,594 [ERROR] LogOutputStream:75 - [STDERR_REDIRECT] 
2025-01-27 22:50:15,594 [ERROR] LogOutputStream:75 - [STDERR_REDIRECT] [Fatal Error] :1:1: Premature end of file.
2025-01-27 22:50:15,594 [ERROR] LogOutputStream:75 - [STDERR_REDIRECT] 
2025-01-27 22:50:16,599 [ERROR] LogOutputStream:75 - [STDERR_REDIRECT] [Fatal Error] :1:1: Premature end of file.
2025-01-27 22:50:16,599 [ERROR] LogOutputStream:75 - [STDERR_REDIRECT] 
2025-01-27 22:50:17,599 [ERROR] LogOutputStream:75 - [STDERR_REDIRECT] [Fatal Error] :1:1: Premature end of file.
2025-01-27 22:50:17,599 [ERROR] LogOutputStream:75 - [STDERR_REDIRECT] 
2025-01-27 22:50:18,609 [ERROR] LogOutputStream:75 - [STDERR_REDIRECT] [Fatal Error] :1:1: Premature end of file.
2025-01-27 22:50:18,609 [ERROR] LogOutputStream:75 - [STDERR_REDIRECT] 
2025-01-27 22:50:19,585 [ERROR] LogOutputStream:75 - [STDERR_REDIRECT] [Fatal Error] :1:1: Premature end of file.
2025-01-27 22:50:19,585 [ERROR] LogOutputStream:75 - [STDERR_REDIRECT] 
2025-01-27 22:50:20,599 [ERROR] LogOutputStream:75 - [STDERR_REDIRECT] [Fatal Error] :1:1: Premature end of file.
2025-01-27 22:50:20,599 [ERROR] LogOutputStream:75 - [STDERR_REDIRECT] 
2025-01-27 22:50:21,594 [ERROR] LogOutputStream:75 - [STDERR_REDIRECT] [Fatal Error] :1:1: Premature end of file.
2025-01-27 22:50:21,594 [ERROR] LogOutputStream:75 - [STDERR_REDIRECT] 
2025-01-27 22:50:22,582 [ERROR] LogOutputStream:75 - [STDERR_REDIRECT] [Fatal Error] :1:1: Premature end of file.
2025-01-27 22:50:22,582 [ERROR] LogOutputStream:75 - [STDERR_REDIRECT] 
2025-01-27 22:50:23,599 [ERROR] LogOutputStream:75 - [STDERR_REDIRECT] [Fatal Error] :1:1: Premature end of file.
2025-01-27 22:50:23,599 [ERROR] LogOutputStream:75 - [STDERR_REDIRECT] 
2025-01-27 22:50:24,591 [ERROR] LogOutputStream:75 - [STDERR_REDIRECT] [Fatal Error] :1:1: Premature end of file.
2025-01-27 22:50:24,591 [ERROR] LogOutputStream:75 - [STDERR_REDIRECT] 
2025-01-27 22:50:25,600 [ERROR] LogOutputStream:75 - [STDERR_REDIRECT] [Fatal Error] :1:1: Premature end of file.
2025-01-27 22:50:25,600 [ERROR] LogOutputStream:75 - [STDERR_REDIRECT] 
2025-01-27 22:50:26,603 [ERROR] LogOutputStream:75 - [STDERR_REDIRECT] [Fatal Error] :1:1: Premature end of file.
2025-01-27 22:50:26,603 [ERROR] LogOutputStream:75 - [STDERR_REDIRECT] 
2025-01-27 22:50:27,586 [ERROR] LogOutputStream:75 - [STDERR_REDIRECT] [Fatal Error] :1:1: Premature end of file.
2025-01-27 22:50:27,586 [ERROR] LogOutputStream:75 - [STDERR_REDIRECT] 
2025-01-27 22:50:28,583 [ERROR] LogOutputStream:75 - [STDERR_REDIRECT] [Fatal Error] :1:1: Premature end of file.
2025-01-27 22:50:28,583 [ERROR] LogOutputStream:75 - [STDERR_REDIRECT] 
2025-01-27 22:50:29,579 [ERROR] LogOutputStream:75 - [STDERR_REDIRECT] [Fatal Error] :1:1: Premature end of file.
2025-01-27 22:50:29,579 [ERROR] LogOutputStream:75 - [STDERR_REDIRECT] 
2025-01-27 22:50:30,600 [ERROR] LogOutputStream:75 - [STDERR_REDIRECT] [Fatal Error] :1:1: Premature end of file.
2025-01-27 22:50:30,600 [ERROR] LogOutputStream:75 - [STDERR_REDIRECT] 
2025-01-27 22:50:31,596 [ERROR] LogOutputStream:75 - [STDERR_REDIRECT] [Fatal Error] :1:1: Premature end of file.
2025-01-27 22:50:31,596 [ERROR] LogOutputStream:75 - [STDERR_REDIRECT] 
2025-01-27 22:50:32,586 [ERROR] LogOutputStream:75 - [STDERR_REDIRECT] [Fatal Error] :1:1: Premature end of file.
2025-01-27 22:50:32,586 [ERROR] LogOutputStream:75 - [STDERR_REDIRECT] 
2025-01-27 22:50:33,585 [ERROR] LogOutputStream:75 - [STDERR_REDIRECT] [Fatal Error] :1:1: Premature end of file.
2025-01-27 22:50:33,586 [ERROR] LogOutputStream:75 - [STDERR_REDIRECT] 
2025-01-27 22:50:34,594 [ERROR] LogOutputStream:75 - [STDERR_REDIRECT] [Fatal Error] :1:1: Premature end of file.
2025-01-27 22:50:34,594 [ERROR] LogOutputStream:75 - [STDERR_REDIRECT] 
2025-01-27 22:50:35,600 [ERROR] LogOutputStream:75 - [STDERR_REDIRECT] [Fatal Error] :1:1: Premature end of file.
2025-01-27 22:50:35,600 [ERROR] LogOutputStream:75 - [STDERR_REDIRECT] 
2025-01-27 22:50:36,589 [ERROR] LogOutputStream:75 - [STDERR_REDIRECT] [Fatal Error] :1:1: Premature end of file.
2025-01-27 22:50:36,589 [ERROR] LogOutputStream:75 - [STDERR_REDIRECT] 
2025-01-27 22:50:37,592 [ERROR] LogOutputStream:75 - [STDERR_REDIRECT] [Fatal Error] :1:1: Premature end of file.
2025-01-27 22:50:37,592 [ERROR] LogOutputStream:75 - [STDERR_REDIRECT] 
2025-01-27 22:50:38,596 [ERROR] LogOutputStream:75 - [STDERR_REDIRECT] [Fatal Error] :1:1: Premature end of file.
2025-01-27 22:50:38,596 [ERROR] LogOutputStream:75 - [STDERR_REDIRECT] 
2025-01-27 22:50:39,604 [ERROR] LogOutputStream:75 - [STDERR_REDIRECT] [Fatal Error] :1:1: Premature end of file.
2025-01-27 22:50:39,604 [ERROR] LogOutputStream:75 - [STDERR_REDIRECT] 
2025-01-27 22:50:40,585 [ERROR] LogOutputStream:75 - [STDERR_REDIRECT] [Fatal Error] :1:1: Premature end of file.
2025-01-27 22:50:40,585 [ERROR] LogOutputStream:75 - [STDERR_REDIRECT] 
2025-01-27 22:50:41,595 [ERROR] LogOutputStream:75 - [STDERR_REDIRECT] [Fatal Error] :1:1: Premature end of file.
2025-01-27 22:50:41,595 [ERROR] LogOutputStream:75 - [STDERR_REDIRECT] 
2025-01-27 22:50:42,576 [ERROR] LogOutputStream:75 - [STDERR_REDIRECT] [Fatal Error] :1:1: Premature end of file.
2025-01-27 22:50:42,578 [ERROR] LogOutputStream:75 - [STDERR_REDIRECT] 
2025-01-27 22:50:43,587 [ERROR] LogOutputStream:75 - [STDERR_REDIRECT] [Fatal Error] :1:1: Premature end of file.
2025-01-27 22:50:43,587 [ERROR] LogOutputStream:75 - [STDERR_REDIRECT] 
2025-01-27 22:50:44,590 [ERROR] LogOutputStream:75 - [STDERR_REDIRECT] [Fatal Error] :1:1: Premature end of file.
2025-01-27 22:50:44,590 [ERROR] LogOutputStream:75 - [STDERR_REDIRECT] 
2025-01-27 22:50:45,594 [ERROR] LogOutputStream:75 - [STDERR_REDIRECT] [Fatal Error] :1:1: Premature end of file.
2025-01-27 22:50:45,594 [ERROR] LogOutputStream:75 - [STDERR_REDIRECT] 
2025-01-27 22:50:46,577 [ERROR] LogOutputStream:75 - [STDERR_REDIRECT] [Fatal Error] :1:1: Premature end of file.
2025-01-27 22:50:46,577 [ERROR] LogOutputStream:75 - [STDERR_REDIRECT] 
2025-01-27 22:50:47,591 [ERROR] LogOutputStream:75 - [STDERR_REDIRECT] [Fatal Error] :1:1: Premature end of file.
2025-01-27 22:50:47,591 [ERROR] LogOutputStream:75 - [STDERR_REDIRECT] 
2025-01-27 22:50:48,599 [ERROR] LogOutputStream:75 - [STDERR_REDIRECT] [Fatal Error] :1:1: Premature end of file.
2025-01-27 22:50:48,599 [ERROR] LogOutputStream:75 - [STDERR_REDIRECT] 
2025-01-27 22:50:49,590 [ERROR] LogOutputStream:75 - [STDERR_REDIRECT] [Fatal Error] :1:1: Premature end of file.
2025-01-27 22:50:49,590 [ERROR] LogOutputStream:75 - [STDERR_REDIRECT] 
2025-01-27 22:50:50,593 [ERROR] LogOutputStream:75 - [STDERR_REDIRECT] [Fatal Error] :1:1: Premature end of file.
2025-01-27 22:50:50,593 [ERROR] LogOutputStream:75 - [STDERR_REDIRECT] 
2025-01-27 22:50:51,589 [ERROR] LogOutputStream:75 - [STDERR_REDIRECT] [Fatal Error] :1:1: Premature end of file.
2025-01-27 22:50:51,591 [ERROR] LogOutputStream:75 - [STDERR_REDIRECT] 
2025-01-27 22:50:52,608 [ERROR] LogOutputStream:75 - [STDERR_REDIRECT] [Fatal Error] :1:1: Premature end of file.
2025-01-27 22:50:52,608 [ERROR] LogOutputStream:75 - [STDERR_REDIRECT] 
2025-01-27 22:50:53,614 [ERROR] LogOutputStream:75 - [STDERR_REDIRECT] [Fatal Error] :1:1: Premature end of file.
2025-01-27 22:50:53,614 [ERROR] LogOutputStream:75 - [STDERR_REDIRECT] 
2025-01-27 22:50:54,610 [ERROR] LogOutputStream:75 - [STDERR_REDIRECT] [Fatal Error] :1:1: Premature end of file.
2025-01-27 22:50:54,611 [ERROR] LogOutputStream:75 - [STDERR_REDIRECT] 
2025-01-27 22:50:55,588 [ERROR] LogOutputStream:75 - [STDERR_REDIRECT] [Fatal Error] :1:1: Premature end of file.
2025-01-27 22:50:55,588 [ERROR] LogOutputStream:75 - [STDERR_REDIRECT] 
2025-01-27 22:50:56,595 [ERROR] LogOutputStream:75 - [STDERR_REDIRECT] [Fatal Error] :1:1: Premature end of file.
2025-01-27 22:50:56,595 [ERROR] LogOutputStream:75 - [STDERR_REDIRECT] 
2025-01-27 22:50:57,585 [ERROR] LogOutputStream:75 - [STDERR_REDIRECT] [Fatal Error] :1:1: Premature end of file.
2025-01-27 22:50:57,585 [ERROR] LogOutputStream:75 - [STDERR_REDIRECT] 
2025-01-27 22:50:58,582 [ERROR] LogOutputStream:75 - [STDERR_REDIRECT] [Fatal Error] :1:1: Premature end of file.
2025-01-27 22:50:58,582 [ERROR] LogOutputStream:75 - [STDERR_REDIRECT] 
2025-01-27 22:50:59,604 [ERROR] LogOutputStream:75 - [STDERR_REDIRECT] [Fatal Error] :1:1: Premature end of file.
2025-01-27 22:50:59,604 [ERROR] LogOutputStream:75 - [STDERR_REDIRECT] 
2025-01-27 22:51:00,588 [ERROR] LogOutputStream:75 - [STDERR_REDIRECT] [Fatal Error] :1:1: Premature end of file.
2025-01-27 22:51:00,590 [ERROR] LogOutputStream:75 - [STDERR_REDIRECT] 
2025-01-27 22:51:01,598 [ERROR] LogOutputStream:75 - [STDERR_REDIRECT] [Fatal Error] :1:1: Premature end of file.
2025-01-27 22:51:01,598 [ERROR] LogOutputStream:75 - [STDERR_REDIRECT] 
2025-01-27 22:51:02,594 [ERROR] LogOutputStream:75 - [STDERR_REDIRECT] [Fatal Error] :1:1: Premature end of file.
2025-01-27 22:51:02,594 [ERROR] LogOutputStream:75 - [STDERR_REDIRECT] 
2025-01-27 22:51:03,617 [ERROR] LogOutputStream:75 - [STDERR_REDIRECT] [Fatal Error] :1:1: Premature end of file.
2025-01-27 22:51:03,617 [ERROR] LogOutputStream:75 - [STDERR_REDIRECT] 
2025-01-27 22:51:04,612 [ERROR] LogOutputStream:75 - [STDERR_REDIRECT] [Fatal Error] :1:1: Premature end of file.
2025-01-27 22:51:04,613 [ERROR] LogOutputStream:75 - [STDERR_REDIRECT] 
2025-01-27 22:51:05,592 [ERROR] LogOutputStream:75 - [STDERR_REDIRECT] [Fatal Error] :1:1: Premature end of file.
2025-01-27 22:51:05,592 [ERROR] LogOutputStream:75 - [STDERR_REDIRECT] 
2025-01-27 22:51:06,580 [ERROR] LogOutputStream:75 - [STDERR_REDIRECT] [Fatal Error] :1:1: Premature end of file.
2025-01-27 22:51:06,580 [ERROR] LogOutputStream:75 - [STDERR_REDIRECT] 
2025-01-27 22:51:07,593 [ERROR] LogOutputStream:75 - [STDERR_REDIRECT] [Fatal Error] :1:1: Premature end of file.
2025-01-27 22:51:07,593 [ERROR] LogOutputStream:75 - [STDERR_REDIRECT] 
2025-01-27 22:51:08,598 [ERROR] LogOutputStream:75 - [STDERR_REDIRECT] [Fatal Error] :1:1: Premature end of file.
2025-01-27 22:51:08,598 [ERROR] LogOutputStream:75 - [STDERR_REDIRECT] 
2025-01-27 22:51:09,592 [ERROR] LogOutputStream:75 - [STDERR_REDIRECT] [Fatal Error] :1:1: Premature end of file.
2025-01-27 22:51:09,592 [ERROR] LogOutputStream:75 - [STDERR_REDIRECT] 
2025-01-27 22:51:10,592 [ERROR] LogOutputStream:75 - [STDERR_REDIRECT] [Fatal Error] :1:1: Premature end of file.
2025-01-27 22:51:10,592 [ERROR] LogOutputStream:75 - [STDERR_REDIRECT] 
2025-01-27 22:51:11,602 [ERROR] LogOutputStream:75 - [STDERR_REDIRECT] [Fatal Error] :1:1: Premature end of file.
2025-01-27 22:51:11,602 [ERROR] LogOutputStream:75 - [STDERR_REDIRECT] 
2025-01-27 22:51:12,591 [ERROR] LogOutputStream:75 - [STDERR_REDIRECT] [Fatal Error] :1:1: Premature end of file.
2025-01-27 22:51:12,591 [ERROR] LogOutputStream:75 - [STDERR_REDIRECT] 
2025-01-27 22:51:13,597 [ERROR] LogOutputStream:75 - [STDERR_REDIRECT] [Fatal Error] :1:1: Premature end of file.
2025-01-27 22:51:13,597 [ERROR] LogOutputStream:75 - [STDERR_REDIRECT] 
2025-01-27 22:51:14,594 [ERROR] LogOutputStream:75 - [STDERR_REDIRECT] [Fatal Error] :1:1: Premature end of file.
2025-01-27 22:51:14,594 [ERROR] LogOutputStream:75 - [STDERR_REDIRECT] 
2025-01-27 22:51:15,587 [ERROR] LogOutputStream:75 - [STDERR_REDIRECT] [Fatal Error] :1:1: Premature end of file.
2025-01-27 22:51:15,587 [ERROR] LogOutputStream:75 - [STDERR_REDIRECT] 
2025-01-27 22:51:16,585 [ERROR] LogOutputStream:75 - [STDERR_REDIRECT] [Fatal Error] :1:1: Premature end of file.
2025-01-27 22:51:16,585 [ERROR] LogOutputStream:75 - [STDERR_REDIRECT] 
2025-01-27 22:51:17,598 [ERROR] LogOutputStream:75 - [STDERR_REDIRECT] [Fatal Error] :1:1: Premature end of file.
2025-01-27 22:51:17,598 [ERROR] LogOutputStream:75 - [STDERR_REDIRECT] 
2025-01-27 22:51:18,593 [ERROR] LogOutputStream:75 - [STDERR_REDIRECT] [Fatal Error] :1:1: Premature end of file.
2025-01-27 22:51:18,594 [ERROR] LogOutputStream:75 - [STDERR_REDIRECT] 
2025-01-27 22:51:19,597 [ERROR] LogOutputStream:75 - [STDERR_REDIRECT] [Fatal Error] :1:1: Premature end of file.
2025-01-27 22:51:19,597 [ERROR] LogOutputStream:75 - [STDERR_REDIRECT] 
2025-01-27 22:51:20,602 [ERROR] LogOutputStream:75 - [STDERR_REDIRECT] [Fatal Error] :1:1: Premature end of file.
2025-01-27 22:51:20,602 [ERROR] LogOutputStream:75 - [STDERR_REDIRECT] 
2025-01-27 22:51:21,597 [ERROR] LogOutputStream:75 - [STDERR_REDIRECT] [Fatal Error] :1:1: Premature end of file.
2025-01-27 22:51:21,597 [ERROR] LogOutputStream:75 - [STDERR_REDIRECT] 
2025-01-27 22:51:22,595 [ERROR] LogOutputStream:75 - [STDERR_REDIRECT] [Fatal Error] :1:1: Premature end of file.
2025-01-27 22:51:22,595 [ERROR] LogOutputStream:75 - [STDERR_REDIRECT] 
2025-01-27 22:51:23,602 [ERROR] LogOutputStream:75 - [STDERR_REDIRECT] [Fatal Error] :1:1: Premature end of file.
2025-01-27 22:51:23,602 [ERROR] LogOutputStream:75 - [STDERR_REDIRECT] 
2025-01-27 22:51:24,596 [ERROR] LogOutputStream:75 - [STDERR_REDIRECT] [Fatal Error] :1:1: Premature end of file.
2025-01-27 22:51:24,596 [ERROR] LogOutputStream:75 - [STDERR_REDIRECT] 
2025-01-27 22:51:25,599 [ERROR] LogOutputStream:75 - [STDERR_REDIRECT] [Fatal Error] :1:1: Premature end of file.
2025-01-27 22:51:25,599 [ERROR] LogOutputStream:75 - [STDERR_REDIRECT] 
2025-01-27 22:51:26,601 [ERROR] LogOutputStream:75 - [STDERR_REDIRECT] [Fatal Error] :1:1: Premature end of file.
2025-01-27 22:51:26,601 [ERROR] LogOutputStream:75 - [STDERR_REDIRECT] 
2025-01-27 22:51:27,591 [ERROR] LogOutputStream:75 - [STDERR_REDIRECT] [Fatal Error] :1:1: Premature end of file.
2025-01-27 22:51:27,591 [ERROR] LogOutputStream:75 - [STDERR_REDIRECT] 
2025-01-27 22:51:28,592 [ERROR] LogOutputStream:75 - [STDERR_REDIRECT] [Fatal Error] :1:1: Premature end of file.
2025-01-27 22:51:28,592 [ERROR] LogOutputStream:75 - [STDERR_REDIRECT] 
2025-01-27 22:51:29,585 [ERROR] LogOutputStream:75 - [STDERR_REDIRECT] [Fatal Error] :1:1: Premature end of file.
2025-01-27 22:51:29,585 [ERROR] LogOutputStream:75 - [STDERR_REDIRECT] 
2025-01-27 22:51:30,591 [ERROR] LogOutputStream:75 - [STDERR_REDIRECT] [Fatal Error] :1:1: Premature end of file.
2025-01-27 22:51:30,591 [ERROR] LogOutputStream:75 - [STDERR_REDIRECT] 
2025-01-27 22:51:31,587 [ERROR] LogOutputStream:75 - [STDERR_REDIRECT] [Fatal Error] :1:1: Premature end of file.
2025-01-27 22:51:31,589 [ERROR] LogOutputStream:75 - [STDERR_REDIRECT] 
2025-01-27 22:51:32,596 [ERROR] LogOutputStream:75 - [STDERR_REDIRECT] [Fatal Error] :1:1: Premature end of file.
2025-01-27 22:51:32,596 [ERROR] LogOutputStream:75 - [STDERR_REDIRECT] 
2025-01-27 22:51:33,592 [ERROR] LogOutputStream:75 - [STDERR_REDIRECT] [Fatal Error] :1:1: Premature end of file.
2025-01-27 22:51:33,592 [ERROR] LogOutputStream:75 - [STDERR_REDIRECT] 
2025-01-27 22:51:34,585 [ERROR] LogOutputStream:75 - [STDERR_REDIRECT] [Fatal Error] :1:1: Premature end of file.
2025-01-27 22:51:34,587 [ERROR] LogOutputStream:75 - [STDERR_REDIRECT] 
2025-01-27 22:51:35,597 [ERROR] LogOutputStream:75 - [STDERR_REDIRECT] [Fatal Error] :1:1: Premature end of file.
2025-01-27 22:51:35,597 [ERROR] LogOutputStream:75 - [STDERR_REDIRECT] 
2025-01-27 22:51:36,587 [ERROR] LogOutputStream:75 - [STDERR_REDIRECT] [Fatal Error] :1:1: Premature end of file.
2025-01-27 22:51:36,587 [ERROR] LogOutputStream:75 - [STDERR_REDIRECT] 
2025-01-27 22:51:37,598 [ERROR] LogOutputStream:75 - [STDERR_REDIRECT] [Fatal Error] :1:1: Premature end of file.
2025-01-27 22:51:37,598 [ERROR] LogOutputStream:75 - [STDERR_REDIRECT] 
2025-01-27 22:51:38,598 [ERROR] LogOutputStream:75 - [STDERR_REDIRECT] [Fatal Error] :1:1: Premature end of file.
2025-01-27 22:51:38,598 [ERROR] LogOutputStream:75 - [STDERR_REDIRECT] 
2025-01-27 22:51:39,583 [ERROR] LogOutputStream:75 - [STDERR_REDIRECT] [Fatal Error] :1:1: Premature end of file.
2025-01-27 22:51:39,583 [ERROR] LogOutputStream:75 - [STDERR_REDIRECT] 
2025-01-27 22:51:40,588 [ERROR] LogOutputStream:75 - [STDERR_REDIRECT] [Fatal Error] :1:1: Premature end of file.
2025-01-27 22:51:40,588 [ERROR] LogOutputStream:75 - [STDERR_REDIRECT] 
2025-01-27 22:51:41,589 [ERROR] LogOutputStream:75 - [STDERR_REDIRECT] [Fatal Error] :1:1: Premature end of file.
2025-01-27 22:51:41,589 [ERROR] LogOutputStream:75 - [STDERR_REDIRECT] 
2025-01-27 22:51:42,604 [ERROR] LogOutputStream:75 - [STDERR_REDIRECT] [Fatal Error] :1:1: Premature end of file.
2025-01-27 22:51:42,604 [ERROR] LogOutputStream:75 - [STDERR_REDIRECT] 
2025-01-27 22:51:43,599 [ERROR] LogOutputStream:75 - [STDERR_REDIRECT] [Fatal Error] :1:1: Premature end of file.
2025-01-27 22:51:43,599 [ERROR] LogOutputStream:75 - [STDERR_REDIRECT] 
2025-01-27 22:51:44,581 [ERROR] LogOutputStream:75 - [STDERR_REDIRECT] [Fatal Error] :1:1: Premature end of file.
2025-01-27 22:51:44,581 [ERROR] LogOutputStream:75 - [STDERR_REDIRECT] 
2025-01-27 22:51:45,602 [ERROR] LogOutputStream:75 - [STDERR_REDIRECT] [Fatal Error] :1:1: Premature end of file.
2025-01-27 22:51:45,602 [ERROR] LogOutputStream:75 - [STDERR_REDIRECT] 
2025-01-27 22:51:46,584 [ERROR] LogOutputStream:75 - [STDERR_REDIRECT] [Fatal Error] :1:1: Premature end of file.
2025-01-27 22:51:46,584 [ERROR] LogOutputStream:75 - [STDERR_REDIRECT] 
2025-01-27 22:51:47,600 [ERROR] LogOutputStream:75 - [STDERR_REDIRECT] [Fatal Error] :1:1: Premature end of file.
2025-01-27 22:51:47,600 [ERROR] LogOutputStream:75 - [STDERR_REDIRECT] 
2025-01-27 22:51:48,602 [ERROR] LogOutputStream:75 - [STDERR_REDIRECT] [Fatal Error] :1:1: Premature end of file.
2025-01-27 22:51:48,602 [ERROR] LogOutputStream:75 - [STDERR_REDIRECT] 
2025-01-27 22:51:49,604 [ERROR] LogOutputStream:75 - [STDERR_REDIRECT] [Fatal Error] :1:1: Premature end of file.
2025-01-27 22:51:49,604 [ERROR] LogOutputStream:75 - [STDERR_REDIRECT] 
2025-01-27 22:51:50,577 [ERROR] LogOutputStream:75 - [STDERR_REDIRECT] [Fatal Error] :1:1: Premature end of file.
2025-01-27 22:51:50,577 [ERROR] LogOutputStream:75 - [STDERR_REDIRECT] 
2025-01-27 22:51:51,597 [ERROR] LogOutputStream:75 - [STDERR_REDIRECT] [Fatal Error] :1:1: Premature end of file.
2025-01-27 22:51:51,597 [ERROR] LogOutputStream:75 - [STDERR_REDIRECT] 
2025-01-27 22:51:52,603 [ERROR] LogOutputStream:75 - [STDERR_REDIRECT] [Fatal Error] :1:1: Premature end of file.
2025-01-27 22:51:52,603 [ERROR] LogOutputStream:75 - [STDERR_REDIRECT] 
2025-01-27 22:51:53,582 [ERROR] LogOutputStream:75 - [STDERR_REDIRECT] [Fatal Error] :1:1: Premature end of file.
2025-01-27 22:51:53,582 [ERROR] LogOutputStream:75 - [STDERR_REDIRECT] 
2025-01-27 22:51:54,594 [ERROR] LogOutputStream:75 - [STDERR_REDIRECT] [Fatal Error] :1:1: Premature end of file.
2025-01-27 22:51:54,594 [ERROR] LogOutputStream:75 - [STDERR_REDIRECT] 
2025-01-27 22:51:55,622 [ERROR] LogOutputStream:75 - [STDERR_REDIRECT] [Fatal Error] :1:1: Premature end of file.
2025-01-27 22:51:55,622 [ERROR] LogOutputStream:75 - [STDERR_REDIRECT] 
2025-01-27 22:51:56,603 [ERROR] LogOutputStream:75 - [STDERR_REDIRECT] [Fatal Error] :1:1: Premature end of file.
2025-01-27 22:51:56,603 [ERROR] LogOutputStream:75 - [STDERR_REDIRECT] 
2025-01-27 22:51:57,592 [ERROR] LogOutputStream:75 - [STDERR_REDIRECT] [Fatal Error] :1:1: Premature end of file.
2025-01-27 22:51:57,592 [ERROR] LogOutputStream:75 - [STDERR_REDIRECT] 
2025-01-27 22:51:58,585 [ERROR] LogOutputStream:75 - [STDERR_REDIRECT] [Fatal Error] :1:1: Premature end of file.
2025-01-27 22:51:58,585 [ERROR] LogOutputStream:75 - [STDERR_REDIRECT] 
2025-01-27 22:51:59,602 [ERROR] LogOutputStream:75 - [STDERR_REDIRECT] [Fatal Error] :1:1: Premature end of file.
2025-01-27 22:51:59,602 [ERROR] LogOutputStream:75 - [STDERR_REDIRECT] 
2025-01-27 22:52:00,589 [ERROR] LogOutputStream:75 - [STDERR_REDIRECT] [Fatal Error] :1:1: Premature end of file.
2025-01-27 22:52:00,591 [ERROR] LogOutputStream:75 - [STDERR_REDIRECT] 
2025-01-27 22:52:01,585 [ERROR] LogOutputStream:75 - [STDERR_REDIRECT] [Fatal Error] :1:1: Premature end of file.
2025-01-27 22:52:01,585 [ERROR] LogOutputStream:75 - [STDERR_REDIRECT] 
2025-01-27 22:52:02,596 [ERROR] LogOutputStream:75 - [STDERR_REDIRECT] [Fatal Error] :1:1: Premature end of file.
2025-01-27 22:52:02,596 [ERROR] LogOutputStream:75 - [STDERR_REDIRECT] 
2025-01-27 22:52:03,592 [ERROR] LogOutputStream:75 - [STDERR_REDIRECT] [Fatal Error] :1:1: Premature end of file.
2025-01-27 22:52:03,592 [ERROR] LogOutputStream:75 - [STDERR_REDIRECT] 
2025-01-27 22:52:04,583 [ERROR] LogOutputStream:75 - [STDERR_REDIRECT] [Fatal Error] :1:1: Premature end of file.
2025-01-27 22:52:04,583 [ERROR] LogOutputStream:75 - [STDERR_REDIRECT] 
2025-01-27 22:52:05,574 [ERROR] LogOutputStream:75 - [STDERR_REDIRECT] [Fatal Error] :1:1: Premature end of file.
2025-01-27 22:52:05,574 [ERROR] LogOutputStream:75 - [STDERR_REDIRECT] 
2025-01-27 22:52:06,590 [ERROR] LogOutputStream:75 - [STDERR_REDIRECT] [Fatal Error] :1:1: Premature end of file.
2025-01-27 22:52:06,592 [ERROR] LogOutputStream:75 - [STDERR_REDIRECT] 
2025-01-27 22:52:07,600 [ERROR] LogOutputStream:75 - [STDERR_REDIRECT] [Fatal Error] :1:1: Premature end of file.
2025-01-27 22:52:07,600 [ERROR] LogOutputStream:75 - [STDERR_REDIRECT] 
2025-01-27 22:52:08,581 [ERROR] LogOutputStream:75 - [STDERR_REDIRECT] [Fatal Error] :1:1: Premature end of file.
2025-01-27 22:52:08,581 [ERROR] LogOutputStream:75 - [STDERR_REDIRECT] 
2025-01-27 22:52:09,610 [ERROR] LogOutputStream:75 - [STDERR_REDIRECT] [Fatal Error] :1:1: Premature end of file.
2025-01-27 22:52:09,610 [ERROR] LogOutputStream:75 - [STDERR_REDIRECT] 
2025-01-27 22:52:10,585 [ERROR] LogOutputStream:75 - [STDERR_REDIRECT] [Fatal Error] :1:1: Premature end of file.
2025-01-27 22:52:10,585 [ERROR] LogOutputStream:75 - [STDERR_REDIRECT] 
2025-01-27 22:52:11,591 [ERROR] LogOutputStream:75 - [STDERR_REDIRECT] [Fatal Error] :1:1: Premature end of file.
2025-01-27 22:52:11,592 [ERROR] LogOutputStream:75 - [STDERR_REDIRECT] 
2025-01-27 22:52:12,603 [ERROR] LogOutputStream:75 - [STDERR_REDIRECT] [Fatal Error] :1:1: Premature end of file.
2025-01-27 22:52:12,603 [ERROR] LogOutputStream:75 - [STDERR_REDIRECT] 
2025-01-27 22:52:13,603 [ERROR] LogOutputStream:75 - [STDERR_REDIRECT] [Fatal Error] :1:1: Premature end of file.
2025-01-27 22:52:13,603 [ERROR] LogOutputStream:75 - [STDERR_REDIRECT] 
2025-01-27 22:52:14,593 [ERROR] LogOutputStream:75 - [STDERR_REDIRECT] [Fatal Error] :1:1: Premature end of file.
2025-01-27 22:52:14,593 [ERROR] LogOutputStream:75 - [STDERR_REDIRECT] 
2025-01-27 22:52:15,587 [ERROR] LogOutputStream:75 - [STDERR_REDIRECT] [Fatal Error] :1:1: Premature end of file.
2025-01-27 22:52:15,587 [ERROR] LogOutputStream:75 - [STDERR_REDIRECT] 
2025-01-27 22:52:16,585 [ERROR] LogOutputStream:75 - [STDERR_REDIRECT] [Fatal Error] :1:1: Premature end of file.
2025-01-27 22:52:16,585 [ERROR] LogOutputStream:75 - [STDERR_REDIRECT] 
2025-01-27 22:52:17,596 [ERROR] LogOutputStream:75 - [STDERR_REDIRECT] [Fatal Error] :1:1: Premature end of file.
2025-01-27 22:52:17,596 [ERROR] LogOutputStream:75 - [STDERR_REDIRECT] 
2025-01-27 22:52:18,594 [ERROR] LogOutputStream:75 - [STDERR_REDIRECT] [Fatal Error] :1:1: Premature end of file.
2025-01-27 22:52:18,594 [ERROR] LogOutputStream:75 - [STDERR_REDIRECT] 
2025-01-27 22:52:19,593 [ERROR] LogOutputStream:75 - [STDERR_REDIRECT] [Fatal Error] :1:1: Premature end of file.
2025-01-27 22:52:19,593 [ERROR] LogOutputStream:75 - [STDERR_REDIRECT] 
2025-01-27 22:52:20,599 [ERROR] LogOutputStream:75 - [STDERR_REDIRECT] [Fatal Error] :1:1: Premature end of file.
2025-01-27 22:52:20,599 [ERROR] LogOutputStream:75 - [STDERR_REDIRECT] 
2025-01-27 22:52:21,591 [ERROR] LogOutputStream:75 - [STDERR_REDIRECT] [Fatal Error] :1:1: Premature end of file.
2025-01-27 22:52:21,592 [ERROR] LogOutputStream:75 - [STDERR_REDIRECT] 
2025-01-27 22:52:22,593 [ERROR] LogOutputStream:75 - [STDERR_REDIRECT] [Fatal Error] :1:1: Premature end of file.
2025-01-27 22:52:22,593 [ERROR] LogOutputStream:75 - [STDERR_REDIRECT] 
2025-01-27 22:52:23,598 [ERROR] LogOutputStream:75 - [STDERR_REDIRECT] [Fatal Error] :1:1: Premature end of file.
2025-01-27 22:52:23,598 [ERROR] LogOutputStream:75 - [STDERR_REDIRECT] 
2025-01-27 22:52:24,592 [ERROR] LogOutputStream:75 - [STDERR_REDIRECT] [Fatal Error] :1:1: Premature end of file.
2025-01-27 22:52:24,592 [ERROR] LogOutputStream:75 - [STDERR_REDIRECT] 
2025-01-27 22:52:25,579 [ERROR] LogOutputStream:75 - [STDERR_REDIRECT] [Fatal Error] :1:1: Premature end of file.
2025-01-27 22:52:25,580 [ERROR] LogOutputStream:75 - [STDERR_REDIRECT] 
2025-01-27 22:52:26,594 [ERROR] LogOutputStream:75 - [STDERR_REDIRECT] [Fatal Error] :1:1: Premature end of file.
2025-01-27 22:52:26,594 [ERROR] LogOutputStream:75 - [STDERR_REDIRECT] 
2025-01-27 22:52:27,608 [ERROR] LogOutputStream:75 - [STDERR_REDIRECT] [Fatal Error] :1:1: Premature end of file.
2025-01-27 22:52:27,608 [ERROR] LogOutputStream:75 - [STDERR_REDIRECT] 
2025-01-27 22:52:28,589 [ERROR] LogOutputStream:75 - [STDERR_REDIRECT] [Fatal Error] :1:1: Premature end of file.
2025-01-27 22:52:28,589 [ERROR] LogOutputStream:75 - [STDERR_REDIRECT] 
2025-01-27 22:52:29,598 [ERROR] LogOutputStream:75 - [STDERR_REDIRECT] [Fatal Error] :1:1: Premature end of file.
2025-01-27 22:52:29,598 [ERROR] LogOutputStream:75 - [STDERR_REDIRECT] 
2025-01-27 22:52:30,590 [ERROR] LogOutputStream:75 - [STDERR_REDIRECT] [Fatal Error] :1:1: Premature end of file.
2025-01-27 22:52:30,590 [ERROR] LogOutputStream:75 - [STDERR_REDIRECT] 
2025-01-27 22:52:31,602 [ERROR] LogOutputStream:75 - [STDERR_REDIRECT] [Fatal Error] :1:1: Premature end of file.
2025-01-27 22:52:31,602 [ERROR] LogOutputStream:75 - [STDERR_REDIRECT] 
2025-01-27 22:52:32,597 [ERROR] LogOutputStream:75 - [STDERR_REDIRECT] [Fatal Error] :1:1: Premature end of file.
2025-01-27 22:52:32,597 [ERROR] LogOutputStream:75 - [STDERR_REDIRECT] 
2025-01-27 22:52:33,610 [ERROR] LogOutputStream:75 - [STDERR_REDIRECT] [Fatal Error] :1:1: Premature end of file.
2025-01-27 22:52:33,610 [ERROR] LogOutputStream:75 - [STDERR_REDIRECT] 
2025-01-27 22:52:34,578 [ERROR] LogOutputStream:75 - [STDERR_REDIRECT] [Fatal Error] :1:1: Premature end of file.
2025-01-27 22:52:34,580 [ERROR] LogOutputStream:75 - [STDERR_REDIRECT] 
2025-01-27 22:52:35,592 [ERROR] LogOutputStream:75 - [STDERR_REDIRECT] [Fatal Error] :1:1: Premature end of file.
2025-01-27 22:52:35,592 [ERROR] LogOutputStream:75 - [STDERR_REDIRECT] 
2025-01-27 22:52:36,591 [ERROR] LogOutputStream:75 - [STDERR_REDIRECT] [Fatal Error] :1:1: Premature end of file.
2025-01-27 22:52:36,591 [ERROR] LogOutputStream:75 - [STDERR_REDIRECT] 
2025-01-27 22:52:37,580 [ERROR] LogOutputStream:75 - [STDERR_REDIRECT] [Fatal Error] :1:1: Premature end of file.
2025-01-27 22:52:37,580 [ERROR] LogOutputStream:75 - [STDERR_REDIRECT] 
2025-01-27 22:52:38,602 [ERROR] LogOutputStream:75 - [STDERR_REDIRECT] [Fatal Error] :1:1: Premature end of file.
2025-01-27 22:52:38,602 [ERROR] LogOutputStream:75 - [STDERR_REDIRECT] 
2025-01-27 22:52:39,587 [ERROR] LogOutputStream:75 - [STDERR_REDIRECT] [Fatal Error] :1:1: Premature end of file.
2025-01-27 22:52:39,588 [ERROR] LogOutputStream:75 - [STDERR_REDIRECT] 
2025-01-27 22:52:40,574 [ERROR] LogOutputStream:75 - [STDERR_REDIRECT] [Fatal Error] :1:1: Premature end of file.
2025-01-27 22:52:40,576 [ERROR] LogOutputStream:75 - [STDERR_REDIRECT] 
2025-01-27 22:52:41,576 [ERROR] LogOutputStream:75 - [STDERR_REDIRECT] [Fatal Error] :1:1: Premature end of file.
2025-01-27 22:52:41,576 [ERROR] LogOutputStream:75 - [STDERR_REDIRECT] 
2025-01-27 22:52:42,582 [ERROR] LogOutputStream:75 - [STDERR_REDIRECT] [Fatal Error] :1:1: Premature end of file.
2025-01-27 22:52:42,582 [ERROR] LogOutputStream:75 - [STDERR_REDIRECT] 
2025-01-27 22:52:43,590 [ERROR] LogOutputStream:75 - [STDERR_REDIRECT] [Fatal Error] :1:1: Premature end of file.
2025-01-27 22:52:43,590 [ERROR] LogOutputStream:75 - [STDERR_REDIRECT] 
2025-01-27 22:52:44,597 [ERROR] LogOutputStream:75 - [STDERR_REDIRECT] [Fatal Error] :1:1: Premature end of file.
2025-01-27 22:52:44,597 [ERROR] LogOutputStream:75 - [STDERR_REDIRECT] 
2025-01-27 22:52:45,594 [ERROR] LogOutputStream:75 - [STDERR_REDIRECT] [Fatal Error] :1:1: Premature end of file.
2025-01-27 22:52:45,594 [ERROR] LogOutputStream:75 - [STDERR_REDIRECT] 
2025-01-27 22:52:46,583 [ERROR] LogOutputStream:75 - [STDERR_REDIRECT] [Fatal Error] :1:1: Premature end of file.
2025-01-27 22:52:46,583 [ERROR] LogOutputStream:75 - [STDERR_REDIRECT] 
2025-01-27 22:52:47,595 [ERROR] LogOutputStream:75 - [STDERR_REDIRECT] [Fatal Error] :1:1: Premature end of file.
2025-01-27 22:52:47,595 [ERROR] LogOutputStream:75 - [STDERR_REDIRECT] 
2025-01-27 22:52:48,584 [ERROR] LogOutputStream:75 - [STDERR_REDIRECT] [Fatal Error] :1:1: Premature end of file.
2025-01-27 22:52:48,584 [ERROR] LogOutputStream:75 - [STDERR_REDIRECT] 
2025-01-27 22:52:49,594 [ERROR] LogOutputStream:75 - [STDERR_REDIRECT] [Fatal Error] :1:1: Premature end of file.
2025-01-27 22:52:49,594 [ERROR] LogOutputStream:75 - [STDERR_REDIRECT] 
2025-01-27 22:52:50,593 [ERROR] LogOutputStream:75 - [STDERR_REDIRECT] [Fatal Error] :1:1: Premature end of file.
2025-01-27 22:52:50,593 [ERROR] LogOutputStream:75 - [STDERR_REDIRECT] 
2025-01-27 22:52:51,589 [ERROR] LogOutputStream:75 - [STDERR_REDIRECT] [Fatal Error] :1:1: Premature end of file.
2025-01-27 22:52:51,590 [ERROR] LogOutputStream:75 - [STDERR_REDIRECT] 
2025-01-27 22:52:52,583 [ERROR] LogOutputStream:75 - [STDERR_REDIRECT] [Fatal Error] :1:1: Premature end of file.
2025-01-27 22:52:52,583 [ERROR] LogOutputStream:75 - [STDERR_REDIRECT] 
2025-01-27 22:52:53,598 [ERROR] LogOutputStream:75 - [STDERR_REDIRECT] [Fatal Error] :1:1: Premature end of file.
2025-01-27 22:52:53,598 [ERROR] LogOutputStream:75 - [STDERR_REDIRECT] 
2025-01-27 22:52:54,592 [ERROR] LogOutputStream:75 - [STDERR_REDIRECT] [Fatal Error] :1:1: Premature end of file.
2025-01-27 22:52:54,592 [ERROR] LogOutputStream:75 - [STDERR_REDIRECT] 
2025-01-27 22:52:55,581 [ERROR] LogOutputStream:75 - [STDERR_REDIRECT] [Fatal Error] :1:1: Premature end of file.
2025-01-27 22:52:55,581 [ERROR] LogOutputStream:75 - [STDERR_REDIRECT] 
2025-01-27 22:52:56,594 [ERROR] LogOutputStream:75 - [STDERR_REDIRECT] [Fatal Error] :1:1: Premature end of file.
2025-01-27 22:52:56,594 [ERROR] LogOutputStream:75 - [STDERR_REDIRECT] 
2025-01-27 22:52:57,595 [ERROR] LogOutputStream:75 - [STDERR_REDIRECT] [Fatal Error] :1:1: Premature end of file.
2025-01-27 22:52:57,595 [ERROR] LogOutputStream:75 - [STDERR_REDIRECT] 
2025-01-27 22:52:58,585 [ERROR] LogOutputStream:75 - [STDERR_REDIRECT] [Fatal Error] :1:1: Premature end of file.
2025-01-27 22:52:58,585 [ERROR] LogOutputStream:75 - [STDERR_REDIRECT] 
2025-01-27 22:52:59,604 [ERROR] LogOutputStream:75 - [STDERR_REDIRECT] [Fatal Error] :1:1: Premature end of file.
2025-01-27 22:52:59,604 [ERROR] LogOutputStream:75 - [STDERR_REDIRECT] 
2025-01-27 22:53:00,582 [ERROR] LogOutputStream:75 - [STDERR_REDIRECT] [Fatal Error] :1:1: Premature end of file.
2025-01-27 22:53:00,582 [ERROR] LogOutputStream:75 - [STDERR_REDIRECT] 
2025-01-27 22:53:01,597 [ERROR] LogOutputStream:75 - [STDERR_REDIRECT] [Fatal Error] :1:1: Premature end of file.
2025-01-27 22:53:01,597 [ERROR] LogOutputStream:75 - [STDERR_REDIRECT] 
2025-01-27 22:53:02,582 [ERROR] LogOutputStream:75 - [STDERR_REDIRECT] [Fatal Error] :1:1: Premature end of file.
2025-01-27 22:53:02,582 [ERROR] LogOutputStream:75 - [STDERR_REDIRECT] 
2025-01-27 22:53:03,602 [ERROR] LogOutputStream:75 - [STDERR_REDIRECT] [Fatal Error] :1:1: Premature end of file.
2025-01-27 22:53:03,602 [ERROR] LogOutputStream:75 - [STDERR_REDIRECT] 
2025-01-27 22:53:04,595 [ERROR] LogOutputStream:75 - [STDERR_REDIRECT] [Fatal Error] :1:1: Premature end of file.
2025-01-27 22:53:04,595 [ERROR] LogOutputStream:75 - [STDERR_REDIRECT] 
2025-01-27 22:53:05,596 [ERROR] LogOutputStream:75 - [STDERR_REDIRECT] [Fatal Error] :1:1: Premature end of file.
2025-01-27 22:53:05,596 [ERROR] LogOutputStream:75 - [STDERR_REDIRECT] 
2025-01-27 22:53:06,575 [ERROR] LogOutputStream:75 - [STDERR_REDIRECT] [Fatal Error] :1:1: Premature end of file.
2025-01-27 22:53:06,575 [ERROR] LogOutputStream:75 - [STDERR_REDIRECT] 
2025-01-27 22:53:07,586 [ERROR] LogOutputStream:75 - [STDERR_REDIRECT] [Fatal Error] :1:1: Premature end of file.
2025-01-27 22:53:07,586 [ERROR] LogOutputStream:75 - [STDERR_REDIRECT] 
2025-01-27 22:53:08,593 [ERROR] LogOutputStream:75 - [STDERR_REDIRECT] [Fatal Error] :1:1: Premature end of file.
2025-01-27 22:53:08,593 [ERROR] LogOutputStream:75 - [STDERR_REDIRECT] 
2025-01-27 22:53:09,590 [ERROR] LogOutputStream:75 - [STDERR_REDIRECT] [Fatal Error] :1:1: Premature end of file.
2025-01-27 22:53:09,590 [ERROR] LogOutputStream:75 - [STDERR_REDIRECT] 
2025-01-27 22:53:10,589 [ERROR] LogOutputStream:75 - [STDERR_REDIRECT] [Fatal Error] :1:1: Premature end of file.
2025-01-27 22:53:10,589 [ERROR] LogOutputStream:75 - [STDERR_REDIRECT] 
2025-01-27 22:53:11,601 [ERROR] LogOutputStream:75 - [STDERR_REDIRECT] [Fatal Error] :1:1: Premature end of file.
2025-01-27 22:53:11,601 [ERROR] LogOutputStream:75 - [STDERR_REDIRECT] 
2025-01-27 22:53:12,597 [ERROR] LogOutputStream:75 - [STDERR_REDIRECT] [Fatal Error] :1:1: Premature end of file.
2025-01-27 22:53:12,597 [ERROR] LogOutputStream:75 - [STDERR_REDIRECT] 
2025-01-27 22:53:13,577 [ERROR] LogOutputStream:75 - [STDERR_REDIRECT] [Fatal Error] :1:1: Premature end of file.
2025-01-27 22:53:13,577 [ERROR] LogOutputStream:75 - [STDERR_REDIRECT] 
2025-01-27 22:53:14,604 [ERROR] LogOutputStream:75 - [STDERR_REDIRECT] [Fatal Error] :1:1: Premature end of file.
2025-01-27 22:53:14,604 [ERROR] LogOutputStream:75 - [STDERR_REDIRECT] 
2025-01-27 22:53:15,599 [ERROR] LogOutputStream:75 - [STDERR_REDIRECT] [Fatal Error] :1:1: Premature end of file.
2025-01-27 22:53:15,599 [ERROR] LogOutputStream:75 - [STDERR_REDIRECT] 
2025-01-27 22:53:16,592 [ERROR] LogOutputStream:75 - [STDERR_REDIRECT] [Fatal Error] :1:1: Premature end of file.
2025-01-27 22:53:16,592 [ERROR] LogOutputStream:75 - [STDERR_REDIRECT] 
2025-01-27 22:53:17,585 [ERROR] LogOutputStream:75 - [STDERR_REDIRECT] [Fatal Error] :1:1: Premature end of file.
2025-01-27 22:53:17,585 [ERROR] LogOutputStream:75 - [STDERR_REDIRECT] 
2025-01-27 22:53:18,582 [ERROR] LogOutputStream:75 - [STDERR_REDIRECT] [Fatal Error] :1:1: Premature end of file.
2025-01-27 22:53:18,582 [ERROR] LogOutputStream:75 - [STDERR_REDIRECT] 
2025-01-27 22:53:19,598 [ERROR] LogOutputStream:75 - [STDERR_REDIRECT] [Fatal Error] :1:1: Premature end of file.
2025-01-27 22:53:19,598 [ERROR] LogOutputStream:75 - [STDERR_REDIRECT] 
2025-01-27 22:53:20,605 [ERROR] LogOutputStream:75 - [STDERR_REDIRECT] [Fatal Error] :1:1: Premature end of file.
2025-01-27 22:53:20,605 [ERROR] LogOutputStream:75 - [STDERR_REDIRECT] 
2025-01-27 22:53:21,599 [ERROR] LogOutputStream:75 - [STDERR_REDIRECT] [Fatal Error] :1:1: Premature end of file.
2025-01-27 22:53:21,599 [ERROR] LogOutputStream:75 - [STDERR_REDIRECT] 
2025-01-27 22:53:22,592 [ERROR] LogOutputStream:75 - [STDERR_REDIRECT] [Fatal Error] :1:1: Premature end of file.
2025-01-27 22:53:22,592 [ERROR] LogOutputStream:75 - [STDERR_REDIRECT] 
2025-01-27 22:53:23,594 [ERROR] LogOutputStream:75 - [STDERR_REDIRECT] [Fatal Error] :1:1: Premature end of file.
2025-01-27 22:53:23,594 [ERROR] LogOutputStream:75 - [STDERR_REDIRECT] 
2025-01-27 22:53:24,596 [ERROR] LogOutputStream:75 - [STDERR_REDIRECT] [Fatal Error] :1:1: Premature end of file.
2025-01-27 22:53:24,596 [ERROR] LogOutputStream:75 - [STDERR_REDIRECT] 
2025-01-27 22:53:25,586 [ERROR] LogOutputStream:75 - [STDERR_REDIRECT] [Fatal Error] :1:1: Premature end of file.
2025-01-27 22:53:25,586 [ERROR] LogOutputStream:75 - [STDERR_REDIRECT] 
2025-01-27 22:53:26,595 [ERROR] LogOutputStream:75 - [STDERR_REDIRECT] [Fatal Error] :1:1: Premature end of file.
2025-01-27 22:53:26,595 [ERROR] LogOutputStream:75 - [STDERR_REDIRECT] 
2025-01-27 22:53:27,586 [ERROR] LogOutputStream:75 - [STDERR_REDIRECT] [Fatal Error] :1:1: Premature end of file.
2025-01-27 22:53:27,588 [ERROR] LogOutputStream:75 - [STDERR_REDIRECT] 
2025-01-27 22:53:28,592 [ERROR] LogOutputStream:75 - [STDERR_REDIRECT] [Fatal Error] :1:1: Premature end of file.
2025-01-27 22:53:28,592 [ERROR] LogOutputStream:75 - [STDERR_REDIRECT] 
2025-01-27 22:53:29,594 [ERROR] LogOutputStream:75 - [STDERR_REDIRECT] [Fatal Error] :1:1: Premature end of file.
2025-01-27 22:53:29,594 [ERROR] LogOutputStream:75 - [STDERR_REDIRECT] 
2025-01-27 22:53:30,584 [ERROR] LogOutputStream:75 - [STDERR_REDIRECT] [Fatal Error] :1:1: Premature end of file.
2025-01-27 22:53:30,584 [ERROR] LogOutputStream:75 - [STDERR_REDIRECT] 
2025-01-27 22:53:31,587 [ERROR] LogOutputStream:75 - [STDERR_REDIRECT] [Fatal Error] :1:1: Premature end of file.
2025-01-27 22:53:31,587 [ERROR] LogOutputStream:75 - [STDERR_REDIRECT] 
2025-01-27 22:53:32,600 [ERROR] LogOutputStream:75 - [STDERR_REDIRECT] [Fatal Error] :1:1: Premature end of file.
2025-01-27 22:53:32,600 [ERROR] LogOutputStream:75 - [STDERR_REDIRECT] 
2025-01-27 22:53:33,601 [ERROR] LogOutputStream:75 - [STDERR_REDIRECT] [Fatal Error] :1:1: Premature end of file.
2025-01-27 22:53:33,602 [ERROR] LogOutputStream:75 - [STDERR_REDIRECT] 
2025-01-27 22:53:34,585 [ERROR] LogOutputStream:75 - [STDERR_REDIRECT] [Fatal Error] :1:1: Premature end of file.
2025-01-27 22:53:34,585 [ERROR] LogOutputStream:75 - [STDERR_REDIRECT] 
2025-01-27 22:53:35,591 [ERROR] LogOutputStream:75 - [STDERR_REDIRECT] [Fatal Error] :1:1: Premature end of file.
2025-01-27 22:53:35,591 [ERROR] LogOutputStream:75 - [STDERR_REDIRECT] 
2025-01-27 22:53:36,593 [ERROR] LogOutputStream:75 - [STDERR_REDIRECT] [Fatal Error] :1:1: Premature end of file.
2025-01-27 22:53:36,593 [ERROR] LogOutputStream:75 - [STDERR_REDIRECT] 
2025-01-27 22:53:37,592 [ERROR] LogOutputStream:75 - [STDERR_REDIRECT] [Fatal Error] :1:1: Premature end of file.
2025-01-27 22:53:37,592 [ERROR] LogOutputStream:75 - [STDERR_REDIRECT] 
2025-01-27 22:53:38,602 [ERROR] LogOutputStream:75 - [STDERR_REDIRECT] [Fatal Error] :1:1: Premature end of file.
2025-01-27 22:53:38,602 [ERROR] LogOutputStream:75 - [STDERR_REDIRECT] 
2025-01-27 22:53:39,590 [ERROR] LogOutputStream:75 - [STDERR_REDIRECT] [Fatal Error] :1:1: Premature end of file.
2025-01-27 22:53:39,590 [ERROR] LogOutputStream:75 - [STDERR_REDIRECT] 
2025-01-27 22:53:40,594 [ERROR] LogOutputStream:75 - [STDERR_REDIRECT] [Fatal Error] :1:1: Premature end of file.
2025-01-27 22:53:40,596 [ERROR] LogOutputStream:75 - [STDERR_REDIRECT] 
2025-01-27 22:53:41,605 [ERROR] LogOutputStream:75 - [STDERR_REDIRECT] [Fatal Error] :1:1: Premature end of file.
2025-01-27 22:53:41,605 [ERROR] LogOutputStream:75 - [STDERR_REDIRECT] 
2025-01-27 22:53:42,595 [ERROR] LogOutputStream:75 - [STDERR_REDIRECT] [Fatal Error] :1:1: Premature end of file.
2025-01-27 22:53:42,595 [ERROR] LogOutputStream:75 - [STDERR_REDIRECT] 
2025-01-27 22:53:43,581 [ERROR] LogOutputStream:75 - [STDERR_REDIRECT] [Fatal Error] :1:1: Premature end of file.
2025-01-27 22:53:43,581 [ERROR] LogOutputStream:75 - [STDERR_REDIRECT] 
2025-01-27 22:53:44,606 [ERROR] LogOutputStream:75 - [STDERR_REDIRECT] [Fatal Error] :1:1: Premature end of file.
2025-01-27 22:53:44,606 [ERROR] LogOutputStream:75 - [STDERR_REDIRECT] 
2025-01-27 22:53:45,603 [ERROR] LogOutputStream:75 - [STDERR_REDIRECT] [Fatal Error] :1:1: Premature end of file.
2025-01-27 22:53:45,605 [ERROR] LogOutputStream:75 - [STDERR_REDIRECT] 
2025-01-27 22:53:46,585 [ERROR] LogOutputStream:75 - [STDERR_REDIRECT] [Fatal Error] :1:1: Premature end of file.
2025-01-27 22:53:46,587 [ERROR] LogOutputStream:75 - [STDERR_REDIRECT] 
2025-01-27 22:53:47,597 [ERROR] LogOutputStream:75 - [STDERR_REDIRECT] [Fatal Error] :1:1: Premature end of file.
2025-01-27 22:53:47,597 [ERROR] LogOutputStream:75 - [STDERR_REDIRECT] 
2025-01-27 22:53:48,588 [ERROR] LogOutputStream:75 - [STDERR_REDIRECT] [Fatal Error] :1:1: Premature end of file.
2025-01-27 22:53:48,589 [ERROR] LogOutputStream:75 - [STDERR_REDIRECT] 
2025-01-27 22:53:49,586 [ERROR] LogOutputStream:75 - [STDERR_REDIRECT] [Fatal Error] :1:1: Premature end of file.
2025-01-27 22:53:49,586 [ERROR] LogOutputStream:75 - [STDERR_REDIRECT] 
2025-01-27 22:53:50,605 [ERROR] LogOutputStream:75 - [STDERR_REDIRECT] [Fatal Error] :1:1: Premature end of file.
2025-01-27 22:53:50,605 [ERROR] LogOutputStream:75 - [STDERR_REDIRECT] 
2025-01-27 22:53:51,605 [ERROR] LogOutputStream:75 - [STDERR_REDIRECT] [Fatal Error] :1:1: Premature end of file.
2025-01-27 22:53:51,605 [ERROR] LogOutputStream:75 - [STDERR_REDIRECT] 
2025-01-27 22:53:52,604 [ERROR] LogOutputStream:75 - [STDERR_REDIRECT] [Fatal Error] :1:1: Premature end of file.
2025-01-27 22:53:52,604 [ERROR] LogOutputStream:75 - [STDERR_REDIRECT] 
2025-01-27 22:53:53,596 [ERROR] LogOutputStream:75 - [STDERR_REDIRECT] [Fatal Error] :1:1: Premature end of file.
2025-01-27 22:53:53,596 [ERROR] LogOutputStream:75 - [STDERR_REDIRECT] 
2025-01-27 22:53:54,586 [ERROR] LogOutputStream:75 - [STDERR_REDIRECT] [Fatal Error] :1:1: Premature end of file.
2025-01-27 22:53:54,586 [ERROR] LogOutputStream:75 - [STDERR_REDIRECT] 
2025-01-27 22:53:55,586 [ERROR] LogOutputStream:75 - [STDERR_REDIRECT] [Fatal Error] :1:1: Premature end of file.
2025-01-27 22:53:55,586 [ERROR] LogOutputStream:75 - [STDERR_REDIRECT] 
2025-01-27 22:53:56,599 [ERROR] LogOutputStream:75 - [STDERR_REDIRECT] [Fatal Error] :1:1: Premature end of file.
2025-01-27 22:53:56,599 [ERROR] LogOutputStream:75 - [STDERR_REDIRECT] 
2025-01-27 22:53:57,599 [ERROR] LogOutputStream:75 - [STDERR_REDIRECT] [Fatal Error] :1:1: Premature end of file.
2025-01-27 22:53:57,599 [ERROR] LogOutputStream:75 - [STDERR_REDIRECT] 
2025-01-27 22:53:58,591 [ERROR] LogOutputStream:75 - [STDERR_REDIRECT] [Fatal Error] :1:1: Premature end of file.
2025-01-27 22:53:58,591 [ERROR] LogOutputStream:75 - [STDERR_REDIRECT] 
2025-01-27 22:53:59,585 [ERROR] LogOutputStream:75 - [STDERR_REDIRECT] [Fatal Error] :1:1: Premature end of file.
2025-01-27 22:53:59,585 [ERROR] LogOutputStream:75 - [STDERR_REDIRECT] 
2025-01-27 22:54:00,588 [ERROR] LogOutputStream:75 - [STDERR_REDIRECT] [Fatal Error] :1:1: Premature end of file.
2025-01-27 22:54:00,590 [ERROR] LogOutputStream:75 - [STDERR_REDIRECT] 
2025-01-27 22:54:01,585 [ERROR] LogOutputStream:75 - [STDERR_REDIRECT] [Fatal Error] :1:1: Premature end of file.
2025-01-27 22:54:01,585 [ERROR] LogOutputStream:75 - [STDERR_REDIRECT] 
2025-01-27 22:54:02,596 [ERROR] LogOutputStream:75 - [STDERR_REDIRECT] [Fatal Error] :1:1: Premature end of file.
2025-01-27 22:54:02,598 [ERROR] LogOutputStream:75 - [STDERR_REDIRECT] 
2025-01-27 22:54:03,589 [ERROR] LogOutputStream:75 - [STDERR_REDIRECT] [Fatal Error] :1:1: Premature end of file.
2025-01-27 22:54:03,589 [ERROR] LogOutputStream:75 - [STDERR_REDIRECT] 
2025-01-27 22:54:04,592 [ERROR] LogOutputStream:75 - [STDERR_REDIRECT] [Fatal Error] :1:1: Premature end of file.
2025-01-27 22:54:04,592 [ERROR] LogOutputStream:75 - [STDERR_REDIRECT] 
2025-01-27 22:54:05,597 [ERROR] LogOutputStream:75 - [STDERR_REDIRECT] [Fatal Error] :1:1: Premature end of file.
2025-01-27 22:54:05,597 [ERROR] LogOutputStream:75 - [STDERR_REDIRECT] 
2025-01-27 22:54:06,591 [ERROR] LogOutputStream:75 - [STDERR_REDIRECT] [Fatal Error] :1:1: Premature end of file.
2025-01-27 22:54:06,591 [ERROR] LogOutputStream:75 - [STDERR_REDIRECT] 
2025-01-27 22:54:07,583 [ERROR] LogOutputStream:75 - [STDERR_REDIRECT] [Fatal Error] :1:1: Premature end of file.
2025-01-27 22:54:07,583 [ERROR] LogOutputStream:75 - [STDERR_REDIRECT] 
2025-01-27 22:54:08,622 [ERROR] LogOutputStream:75 - [STDERR_REDIRECT] [Fatal Error] :1:1: Premature end of file.
2025-01-27 22:54:08,622 [ERROR] LogOutputStream:75 - [STDERR_REDIRECT] 
2025-01-27 22:54:09,580 [ERROR] LogOutputStream:75 - [STDERR_REDIRECT] [Fatal Error] :1:1: Premature end of file.
2025-01-27 22:54:09,580 [ERROR] LogOutputStream:75 - [STDERR_REDIRECT] 
2025-01-27 22:54:10,602 [ERROR] LogOutputStream:75 - [STDERR_REDIRECT] [Fatal Error] :1:1: Premature end of file.
2025-01-27 22:54:10,602 [ERROR] LogOutputStream:75 - [STDERR_REDIRECT] 
2025-01-27 22:54:11,597 [ERROR] LogOutputStream:75 - [STDERR_REDIRECT] [Fatal Error] :1:1: Premature end of file.
2025-01-27 22:54:11,597 [ERROR] LogOutputStream:75 - [STDERR_REDIRECT] 
2025-01-27 22:54:12,591 [ERROR] LogOutputStream:75 - [STDERR_REDIRECT] [Fatal Error] :1:1: Premature end of file.
2025-01-27 22:54:12,591 [ERROR] LogOutputStream:75 - [STDERR_REDIRECT] 
2025-01-27 22:54:13,596 [ERROR] LogOutputStream:75 - [STDERR_REDIRECT] [Fatal Error] :1:1: Premature end of file.
2025-01-27 22:54:13,596 [ERROR] LogOutputStream:75 - [STDERR_REDIRECT] 
2025-01-27 22:54:14,601 [ERROR] LogOutputStream:75 - [STDERR_REDIRECT] [Fatal Error] :1:1: Premature end of file.
2025-01-27 22:54:14,601 [ERROR] LogOutputStream:75 - [STDERR_REDIRECT] 
2025-01-27 22:54:15,588 [ERROR] LogOutputStream:75 - [STDERR_REDIRECT] [Fatal Error] :1:1: Premature end of file.
2025-01-27 22:54:15,590 [ERROR] LogOutputStream:75 - [STDERR_REDIRECT] 
2025-01-27 22:54:16,597 [ERROR] LogOutputStream:75 - [STDERR_REDIRECT] [Fatal Error] :1:1: Premature end of file.
2025-01-27 22:54:16,597 [ERROR] LogOutputStream:75 - [STDERR_REDIRECT] 
2025-01-27 22:54:17,602 [ERROR] LogOutputStream:75 - [STDERR_REDIRECT] [Fatal Error] :1:1: Premature end of file.
2025-01-27 22:54:17,602 [ERROR] LogOutputStream:75 - [STDERR_REDIRECT] 
2025-01-27 22:54:18,586 [ERROR] LogOutputStream:75 - [STDERR_REDIRECT] [Fatal Error] :1:1: Premature end of file.
2025-01-27 22:54:18,586 [ERROR] LogOutputStream:75 - [STDERR_REDIRECT] 
2025-01-27 22:54:19,586 [ERROR] LogOutputStream:75 - [STDERR_REDIRECT] [Fatal Error] :1:1: Premature end of file.
2025-01-27 22:54:19,586 [ERROR] LogOutputStream:75 - [STDERR_REDIRECT] 
2025-01-27 22:54:20,598 [ERROR] LogOutputStream:75 - [STDERR_REDIRECT] [Fatal Error] :1:1: Premature end of file.
2025-01-27 22:54:20,600 [ERROR] LogOutputStream:75 - [STDERR_REDIRECT] 
2025-01-27 22:54:21,583 [ERROR] LogOutputStream:75 - [STDERR_REDIRECT] [Fatal Error] :1:1: Premature end of file.
2025-01-27 22:54:21,584 [ERROR] LogOutputStream:75 - [STDERR_REDIRECT] 
2025-01-27 22:54:22,590 [ERROR] LogOutputStream:75 - [STDERR_REDIRECT] [Fatal Error] :1:1: Premature end of file.
2025-01-27 22:54:22,590 [ERROR] LogOutputStream:75 - [STDERR_REDIRECT] 
2025-01-27 22:54:23,582 [ERROR] LogOutputStream:75 - [STDERR_REDIRECT] [Fatal Error] :1:1: Premature end of file.
2025-01-27 22:54:23,583 [ERROR] LogOutputStream:75 - [STDERR_REDIRECT] 
2025-01-27 22:54:24,606 [ERROR] LogOutputStream:75 - [STDERR_REDIRECT] [Fatal Error] :1:1: Premature end of file.
2025-01-27 22:54:24,606 [ERROR] LogOutputStream:75 - [STDERR_REDIRECT] 
2025-01-27 22:54:25,588 [ERROR] LogOutputStream:75 - [STDERR_REDIRECT] [Fatal Error] :1:1: Premature end of file.
2025-01-27 22:54:25,588 [ERROR] LogOutputStream:75 - [STDERR_REDIRECT] 
2025-01-27 22:54:26,602 [ERROR] LogOutputStream:75 - [STDERR_REDIRECT] [Fatal Error] :1:1: Premature end of file.
2025-01-27 22:54:26,602 [ERROR] LogOutputStream:75 - [STDERR_REDIRECT] 
2025-01-27 22:54:27,593 [ERROR] LogOutputStream:75 - [STDERR_REDIRECT] [Fatal Error] :1:1: Premature end of file.
2025-01-27 22:54:27,593 [ERROR] LogOutputStream:75 - [STDERR_REDIRECT] 
2025-01-27 22:54:28,595 [ERROR] LogOutputStream:75 - [STDERR_REDIRECT] [Fatal Error] :1:1: Premature end of file.
2025-01-27 22:54:28,595 [ERROR] LogOutputStream:75 - [STDERR_REDIRECT] 
2025-01-27 22:54:29,584 [ERROR] LogOutputStream:75 - [STDERR_REDIRECT] [Fatal Error] :1:1: Premature end of file.
2025-01-27 22:54:29,584 [ERROR] LogOutputStream:75 - [STDERR_REDIRECT] 
2025-01-27 22:54:30,575 [ERROR] LogOutputStream:75 - [STDERR_REDIRECT] [Fatal Error] :1:1: Premature end of file.
2025-01-27 22:54:30,575 [ERROR] LogOutputStream:75 - [STDERR_REDIRECT] 
2025-01-27 22:54:31,581 [ERROR] LogOutputStream:75 - [STDERR_REDIRECT] [Fatal Error] :1:1: Premature end of file.
2025-01-27 22:54:31,581 [ERROR] LogOutputStream:75 - [STDERR_REDIRECT] 
2025-01-27 22:54:32,599 [ERROR] LogOutputStream:75 - [STDERR_REDIRECT] [Fatal Error] :1:1: Premature end of file.
2025-01-27 22:54:32,599 [ERROR] LogOutputStream:75 - [STDERR_REDIRECT] 
2025-01-27 22:54:33,582 [ERROR] LogOutputStream:75 - [STDERR_REDIRECT] [Fatal Error] :1:1: Premature end of file.
2025-01-27 22:54:33,584 [ERROR] LogOutputStream:75 - [STDERR_REDIRECT] 
2025-01-27 22:54:34,586 [ERROR] LogOutputStream:75 - [STDERR_REDIRECT] [Fatal Error] :1:1: Premature end of file.
2025-01-27 22:54:34,586 [ERROR] LogOutputStream:75 - [STDERR_REDIRECT] 
2025-01-27 22:54:35,598 [ERROR] LogOutputStream:75 - [STDERR_REDIRECT] [Fatal Error] :1:1: Premature end of file.
2025-01-27 22:54:35,598 [ERROR] LogOutputStream:75 - [STDERR_REDIRECT] 
2025-01-27 22:54:36,596 [ERROR] LogOutputStream:75 - [STDERR_REDIRECT] [Fatal Error] :1:1: Premature end of file.
2025-01-27 22:54:36,596 [ERROR] LogOutputStream:75 - [STDERR_REDIRECT] 
2025-01-27 22:54:37,586 [ERROR] LogOutputStream:75 - [STDERR_REDIRECT] [Fatal Error] :1:1: Premature end of file.
2025-01-27 22:54:37,586 [ERROR] LogOutputStream:75 - [STDERR_REDIRECT] 
2025-01-27 22:54:38,599 [ERROR] LogOutputStream:75 - [STDERR_REDIRECT] [Fatal Error] :1:1: Premature end of file.
2025-01-27 22:54:38,599 [ERROR] LogOutputStream:75 - [STDERR_REDIRECT] 
2025-01-27 22:54:39,594 [ERROR] LogOutputStream:75 - [STDERR_REDIRECT] [Fatal Error] :1:1: Premature end of file.
2025-01-27 22:54:39,594 [ERROR] LogOutputStream:75 - [STDERR_REDIRECT] 
2025-01-27 22:54:40,599 [ERROR] LogOutputStream:75 - [STDERR_REDIRECT] [Fatal Error] :1:1: Premature end of file.
2025-01-27 22:54:40,599 [ERROR] LogOutputStream:75 - [STDERR_REDIRECT] 
2025-01-27 22:54:41,599 [ERROR] LogOutputStream:75 - [STDERR_REDIRECT] [Fatal Error] :1:1: Premature end of file.
2025-01-27 22:54:41,599 [ERROR] LogOutputStream:75 - [STDERR_REDIRECT] 
2025-01-27 22:54:42,594 [ERROR] LogOutputStream:75 - [STDERR_REDIRECT] [Fatal Error] :1:1: Premature end of file.
2025-01-27 22:54:42,594 [ERROR] LogOutputStream:75 - [STDERR_REDIRECT] 
2025-01-27 22:54:43,588 [ERROR] LogOutputStream:75 - [STDERR_REDIRECT] [Fatal Error] :1:1: Premature end of file.
2025-01-27 22:54:43,588 [ERROR] LogOutputStream:75 - [STDERR_REDIRECT] 
2025-01-27 22:54:44,600 [ERROR] LogOutputStream:75 - [STDERR_REDIRECT] [Fatal Error] :1:1: Premature end of file.
2025-01-27 22:54:44,600 [ERROR] LogOutputStream:75 - [STDERR_REDIRECT] 
2025-01-27 22:54:45,597 [ERROR] LogOutputStream:75 - [STDERR_REDIRECT] [Fatal Error] :1:1: Premature end of file.
2025-01-27 22:54:45,597 [ERROR] LogOutputStream:75 - [STDERR_REDIRECT] 
2025-01-27 22:54:46,586 [ERROR] LogOutputStream:75 - [STDERR_REDIRECT] [Fatal Error] :1:1: Premature end of file.
2025-01-27 22:54:46,587 [ERROR] LogOutputStream:75 - [STDERR_REDIRECT] 
2025-01-27 22:54:47,604 [ERROR] LogOutputStream:75 - [STDERR_REDIRECT] [Fatal Error] :1:1: Premature end of file.
2025-01-27 22:54:47,605 [ERROR] LogOutputStream:75 - [STDERR_REDIRECT] 
2025-01-27 22:54:48,616 [ERROR] LogOutputStream:75 - [STDERR_REDIRECT] [Fatal Error] :1:1: Premature end of file.
2025-01-27 22:54:48,617 [ERROR] LogOutputStream:75 - [STDERR_REDIRECT] 
2025-01-27 22:54:49,597 [ERROR] LogOutputStream:75 - [STDERR_REDIRECT] [Fatal Error] :1:1: Premature end of file.
2025-01-27 22:54:49,597 [ERROR] LogOutputStream:75 - [STDERR_REDIRECT] 
2025-01-27 22:54:50,590 [ERROR] LogOutputStream:75 - [STDERR_REDIRECT] [Fatal Error] :1:1: Premature end of file.
2025-01-27 22:54:50,592 [ERROR] LogOutputStream:75 - [STDERR_REDIRECT] 
2025-01-27 22:54:51,593 [ERROR] LogOutputStream:75 - [STDERR_REDIRECT] [Fatal Error] :1:1: Premature end of file.
2025-01-27 22:54:51,593 [ERROR] LogOutputStream:75 - [STDERR_REDIRECT] 
2025-01-27 22:54:52,587 [ERROR] LogOutputStream:75 - [STDERR_REDIRECT] [Fatal Error] :1:1: Premature end of file.
2025-01-27 22:54:52,587 [ERROR] LogOutputStream:75 - [STDERR_REDIRECT] 
2025-01-27 22:54:53,588 [ERROR] LogOutputStream:75 - [STDERR_REDIRECT] [Fatal Error] :1:1: Premature end of file.
2025-01-27 22:54:53,588 [ERROR] LogOutputStream:75 - [STDERR_REDIRECT] 
2025-01-27 22:54:54,591 [ERROR] LogOutputStream:75 - [STDERR_REDIRECT] [Fatal Error] :1:1: Premature end of file.
2025-01-27 22:54:54,592 [ERROR] LogOutputStream:75 - [STDERR_REDIRECT] 
2025-01-27 22:54:55,593 [ERROR] LogOutputStream:75 - [STDERR_REDIRECT] [Fatal Error] :1:1: Premature end of file.
2025-01-27 22:54:55,593 [ERROR] LogOutputStream:75 - [STDERR_REDIRECT] 
2025-01-27 22:54:56,592 [ERROR] LogOutputStream:75 - [STDERR_REDIRECT] [Fatal Error] :1:1: Premature end of file.
2025-01-27 22:54:56,592 [ERROR] LogOutputStream:75 - [STDERR_REDIRECT] 
2025-01-27 22:54:57,586 [ERROR] LogOutputStream:75 - [STDERR_REDIRECT] [Fatal Error] :1:1: Premature end of file.
2025-01-27 22:54:57,586 [ERROR] LogOutputStream:75 - [STDERR_REDIRECT] 
2025-01-27 22:54:58,584 [ERROR] LogOutputStream:75 - [STDERR_REDIRECT] [Fatal Error] :1:1: Premature end of file.
2025-01-27 22:54:58,584 [ERROR] LogOutputStream:75 - [STDERR_REDIRECT] 
2025-01-27 22:54:59,594 [ERROR] LogOutputStream:75 - [STDERR_REDIRECT] [Fatal Error] :1:1: Premature end of file.
2025-01-27 22:54:59,594 [ERROR] LogOutputStream:75 - [STDERR_REDIRECT] 
2025-01-27 22:55:00,600 [ERROR] LogOutputStream:75 - [STDERR_REDIRECT] [Fatal Error] :1:1: Premature end of file.
2025-01-27 22:55:00,601 [ERROR] LogOutputStream:75 - [STDERR_REDIRECT] 
2025-01-27 22:55:01,593 [ERROR] LogOutputStream:75 - [STDERR_REDIRECT] [Fatal Error] :1:1: Premature end of file.
2025-01-27 22:55:01,593 [ERROR] LogOutputStream:75 - [STDERR_REDIRECT] 
2025-01-27 22:55:02,596 [ERROR] LogOutputStream:75 - [STDERR_REDIRECT] [Fatal Error] :1:1: Premature end of file.
2025-01-27 22:55:02,596 [ERROR] LogOutputStream:75 - [STDERR_REDIRECT] 
2025-01-27 22:55:03,589 [ERROR] LogOutputStream:75 - [STDERR_REDIRECT] [Fatal Error] :1:1: Premature end of file.
2025-01-27 22:55:03,589 [ERROR] LogOutputStream:75 - [STDERR_REDIRECT] 
2025-01-27 22:55:04,596 [ERROR] LogOutputStream:75 - [STDERR_REDIRECT] [Fatal Error] :1:1: Premature end of file.
2025-01-27 22:55:04,596 [ERROR] LogOutputStream:75 - [STDERR_REDIRECT] 
2025-01-27 22:55:05,595 [ERROR] LogOutputStream:75 - [STDERR_REDIRECT] [Fatal Error] :1:1: Premature end of file.
2025-01-27 22:55:05,595 [ERROR] LogOutputStream:75 - [STDERR_REDIRECT] 
2025-01-27 22:55:06,591 [ERROR] LogOutputStream:75 - [STDERR_REDIRECT] [Fatal Error] :1:1: Premature end of file.
2025-01-27 22:55:06,591 [ERROR] LogOutputStream:75 - [STDERR_REDIRECT] 
2025-01-27 22:55:07,601 [ERROR] LogOutputStream:75 - [STDERR_REDIRECT] [Fatal Error] :1:1: Premature end of file.
2025-01-27 22:55:07,601 [ERROR] LogOutputStream:75 - [STDERR_REDIRECT] 
2025-01-27 22:55:08,592 [ERROR] LogOutputStream:75 - [STDERR_REDIRECT] [Fatal Error] :1:1: Premature end of file.
2025-01-27 22:55:08,592 [ERROR] LogOutputStream:75 - [STDERR_REDIRECT] 
2025-01-27 22:55:09,588 [ERROR] LogOutputStream:75 - [STDERR_REDIRECT] [Fatal Error] :1:1: Premature end of file.
2025-01-27 22:55:09,588 [ERROR] LogOutputStream:75 - [STDERR_REDIRECT] 
2025-01-27 22:55:10,588 [ERROR] LogOutputStream:75 - [STDERR_REDIRECT] [Fatal Error] :1:1: Premature end of file.
2025-01-27 22:55:10,588 [ERROR] LogOutputStream:75 - [STDERR_REDIRECT] 
2025-01-27 22:55:11,591 [ERROR] LogOutputStream:75 - [STDERR_REDIRECT] [Fatal Error] :1:1: Premature end of file.
2025-01-27 22:55:11,592 [ERROR] LogOutputStream:75 - [STDERR_REDIRECT] 
2025-01-27 22:55:12,585 [ERROR] LogOutputStream:75 - [STDERR_REDIRECT] [Fatal Error] :1:1: Premature end of file.
2025-01-27 22:55:12,585 [ERROR] LogOutputStream:75 - [STDERR_REDIRECT] 
2025-01-27 22:55:13,589 [ERROR] LogOutputStream:75 - [STDERR_REDIRECT] [Fatal Error] :1:1: Premature end of file.
2025-01-27 22:55:13,589 [ERROR] LogOutputStream:75 - [STDERR_REDIRECT] 
2025-01-27 22:55:14,598 [ERROR] LogOutputStream:75 - [STDERR_REDIRECT] [Fatal Error] :1:1: Premature end of file.
2025-01-27 22:55:14,598 [ERROR] LogOutputStream:75 - [STDERR_REDIRECT] 
2025-01-27 22:55:15,589 [ERROR] LogOutputStream:75 - [STDERR_REDIRECT] [Fatal Error] :1:1: Premature end of file.
2025-01-27 22:55:15,591 [ERROR] LogOutputStream:75 - [STDERR_REDIRECT] 
2025-01-27 22:55:16,595 [ERROR] LogOutputStream:75 - [STDERR_REDIRECT] [Fatal Error] :1:1: Premature end of file.
2025-01-27 22:55:16,595 [ERROR] LogOutputStream:75 - [STDERR_REDIRECT] 
2025-01-27 22:55:17,587 [ERROR] LogOutputStream:75 - [STDERR_REDIRECT] [Fatal Error] :1:1: Premature end of file.
2025-01-27 22:55:17,587 [ERROR] LogOutputStream:75 - [STDERR_REDIRECT] 
2025-01-27 22:55:18,585 [ERROR] LogOutputStream:75 - [STDERR_REDIRECT] [Fatal Error] :1:1: Premature end of file.
2025-01-27 22:55:18,585 [ERROR] LogOutputStream:75 - [STDERR_REDIRECT] 
2025-01-27 22:55:19,600 [ERROR] LogOutputStream:75 - [STDERR_REDIRECT] [Fatal Error] :1:1: Premature end of file.
2025-01-27 22:55:19,600 [ERROR] LogOutputStream:75 - [STDERR_REDIRECT] 
2025-01-27 22:55:20,595 [ERROR] LogOutputStream:75 - [STDERR_REDIRECT] [Fatal Error] :1:1: Premature end of file.
2025-01-27 22:55:20,595 [ERROR] LogOutputStream:75 - [STDERR_REDIRECT] 
2025-01-27 22:55:21,580 [ERROR] LogOutputStream:75 - [STDERR_REDIRECT] [Fatal Error] :1:1: Premature end of file.
2025-01-27 22:55:21,580 [ERROR] LogOutputStream:75 - [STDERR_REDIRECT] 
2025-01-27 22:55:22,585 [ERROR] LogOutputStream:75 - [STDERR_REDIRECT] [Fatal Error] :1:1: Premature end of file.
2025-01-27 22:55:22,585 [ERROR] LogOutputStream:75 - [STDERR_REDIRECT] 
2025-01-27 22:55:23,594 [ERROR] LogOutputStream:75 - [STDERR_REDIRECT] [Fatal Error] :1:1: Premature end of file.
2025-01-27 22:55:23,594 [ERROR] LogOutputStream:75 - [STDERR_REDIRECT] 
2025-01-27 22:55:24,576 [ERROR] LogOutputStream:75 - [STDERR_REDIRECT] [Fatal Error] :1:1: Premature end of file.
2025-01-27 22:55:24,578 [ERROR] LogOutputStream:75 - [STDERR_REDIRECT] 
2025-01-27 22:55:25,596 [ERROR] LogOutputStream:75 - [STDERR_REDIRECT] [Fatal Error] :1:1: Premature end of file.
2025-01-27 22:55:25,596 [ERROR] LogOutputStream:75 - [STDERR_REDIRECT] 
2025-01-27 22:55:26,594 [ERROR] LogOutputStream:75 - [STDERR_REDIRECT] [Fatal Error] :1:1: Premature end of file.
2025-01-27 22:55:26,594 [ERROR] LogOutputStream:75 - [STDERR_REDIRECT] 
2025-01-27 22:55:27,599 [ERROR] LogOutputStream:75 - [STDERR_REDIRECT] [Fatal Error] :1:1: Premature end of file.
2025-01-27 22:55:27,599 [ERROR] LogOutputStream:75 - [STDERR_REDIRECT] 
2025-01-27 22:55:28,599 [ERROR] LogOutputStream:75 - [STDERR_REDIRECT] [Fatal Error] :1:1: Premature end of file.
2025-01-27 22:55:28,599 [ERROR] LogOutputStream:75 - [STDERR_REDIRECT] 
2025-01-27 22:55:29,605 [ERROR] LogOutputStream:75 - [STDERR_REDIRECT] [Fatal Error] :1:1: Premature end of file.
2025-01-27 22:55:29,605 [ERROR] LogOutputStream:75 - [STDERR_REDIRECT] 
2025-01-27 22:55:30,574 [ERROR] LogOutputStream:75 - [STDERR_REDIRECT] [Fatal Error] :1:1: Premature end of file.
2025-01-27 22:55:30,574 [ERROR] LogOutputStream:75 - [STDERR_REDIRECT] 
2025-01-27 22:55:31,594 [ERROR] LogOutputStream:75 - [STDERR_REDIRECT] [Fatal Error] :1:1: Premature end of file.
2025-01-27 22:55:31,594 [ERROR] LogOutputStream:75 - [STDERR_REDIRECT] 
2025-01-27 22:55:32,598 [ERROR] LogOutputStream:75 - [STDERR_REDIRECT] [Fatal Error] :1:1: Premature end of file.
2025-01-27 22:55:32,598 [ERROR] LogOutputStream:75 - [STDERR_REDIRECT] 
2025-01-27 22:55:33,589 [ERROR] LogOutputStream:75 - [STDERR_REDIRECT] [Fatal Error] :1:1: Premature end of file.
2025-01-27 22:55:33,589 [ERROR] LogOutputStream:75 - [STDERR_REDIRECT] 
2025-01-27 22:55:34,578 [ERROR] LogOutputStream:75 - [STDERR_REDIRECT] [Fatal Error] :1:1: Premature end of file.
2025-01-27 22:55:34,578 [ERROR] LogOutputStream:75 - [STDERR_REDIRECT] 
2025-01-27 22:55:35,584 [ERROR] LogOutputStream:75 - [STDERR_REDIRECT] [Fatal Error] :1:1: Premature end of file.
2025-01-27 22:55:35,584 [ERROR] LogOutputStream:75 - [STDERR_REDIRECT] 
2025-01-27 22:55:36,585 [ERROR] LogOutputStream:75 - [STDERR_REDIRECT] [Fatal Error] :1:1: Premature end of file.
2025-01-27 22:55:36,587 [ERROR] LogOutputStream:75 - [STDERR_REDIRECT] 
2025-01-27 22:55:37,581 [ERROR] LogOutputStream:75 - [STDERR_REDIRECT] [Fatal Error] :1:1: Premature end of file.
2025-01-27 22:55:37,581 [ERROR] LogOutputStream:75 - [STDERR_REDIRECT] 
2025-01-27 22:55:38,597 [ERROR] LogOutputStream:75 - [STDERR_REDIRECT] [Fatal Error] :1:1: Premature end of file.
2025-01-27 22:55:38,597 [ERROR] LogOutputStream:75 - [STDERR_REDIRECT] 
2025-01-27 22:55:39,589 [ERROR] LogOutputStream:75 - [STDERR_REDIRECT] [Fatal Error] :1:1: Premature end of file.
2025-01-27 22:55:39,589 [ERROR] LogOutputStream:75 - [STDERR_REDIRECT] 
2025-01-27 22:55:40,597 [ERROR] LogOutputStream:75 - [STDERR_REDIRECT] [Fatal Error] :1:1: Premature end of file.
2025-01-27 22:55:40,597 [ERROR] LogOutputStream:75 - [STDERR_REDIRECT] 
2025-01-27 22:55:41,598 [ERROR] LogOutputStream:75 - [STDERR_REDIRECT] [Fatal Error] :1:1: Premature end of file.
2025-01-27 22:55:41,598 [ERROR] LogOutputStream:75 - [STDERR_REDIRECT] 
2025-01-27 22:55:42,585 [ERROR] LogOutputStream:75 - [STDERR_REDIRECT] [Fatal Error] :1:1: Premature end of file.
2025-01-27 22:55:42,585 [ERROR] LogOutputStream:75 - [STDERR_REDIRECT] 
2025-01-27 22:55:43,595 [ERROR] LogOutputStream:75 - [STDERR_REDIRECT] [Fatal Error] :1:1: Premature end of file.
2025-01-27 22:55:43,595 [ERROR] LogOutputStream:75 - [STDERR_REDIRECT] 
2025-01-27 22:55:44,599 [ERROR] LogOutputStream:75 - [STDERR_REDIRECT] [Fatal Error] :1:1: Premature end of file.
2025-01-27 22:55:44,599 [ERROR] LogOutputStream:75 - [STDERR_REDIRECT] 
2025-01-27 22:55:45,585 [ERROR] LogOutputStream:75 - [STDERR_REDIRECT] [Fatal Error] :1:1: Premature end of file.
2025-01-27 22:55:45,585 [ERROR] LogOutputStream:75 - [STDERR_REDIRECT] 
2025-01-27 22:55:46,598 [ERROR] LogOutputStream:75 - [STDERR_REDIRECT] [Fatal Error] :1:1: Premature end of file.
2025-01-27 22:55:46,598 [ERROR] LogOutputStream:75 - [STDERR_REDIRECT] 
2025-01-27 22:55:47,595 [ERROR] LogOutputStream:75 - [STDERR_REDIRECT] [Fatal Error] :1:1: Premature end of file.
2025-01-27 22:55:47,595 [ERROR] LogOutputStream:75 - [STDERR_REDIRECT] 
2025-01-27 22:55:48,599 [ERROR] LogOutputStream:75 - [STDERR_REDIRECT] [Fatal Error] :1:1: Premature end of file.
2025-01-27 22:55:48,599 [ERROR] LogOutputStream:75 - [STDERR_REDIRECT] 
2025-01-27 22:55:49,592 [ERROR] LogOutputStream:75 - [STDERR_REDIRECT] [Fatal Error] :1:1: Premature end of file.
2025-01-27 22:55:49,592 [ERROR] LogOutputStream:75 - [STDERR_REDIRECT] 
2025-01-27 22:55:50,599 [ERROR] LogOutputStream:75 - [STDERR_REDIRECT] [Fatal Error] :1:1: Premature end of file.
2025-01-27 22:55:50,599 [ERROR] LogOutputStream:75 - [STDERR_REDIRECT] 
2025-01-27 22:55:51,577 [ERROR] LogOutputStream:75 - [STDERR_REDIRECT] [Fatal Error] :1:1: Premature end of file.
2025-01-27 22:55:51,577 [ERROR] LogOutputStream:75 - [STDERR_REDIRECT] 
2025-01-27 22:55:52,594 [ERROR] LogOutputStream:75 - [STDERR_REDIRECT] [Fatal Error] :1:1: Premature end of file.
2025-01-27 22:55:52,594 [ERROR] LogOutputStream:75 - [STDERR_REDIRECT] 
2025-01-27 22:55:53,593 [ERROR] LogOutputStream:75 - [STDERR_REDIRECT] [Fatal Error] :1:1: Premature end of file.
2025-01-27 22:55:53,593 [ERROR] LogOutputStream:75 - [STDERR_REDIRECT] 
2025-01-27 22:55:54,590 [ERROR] LogOutputStream:75 - [STDERR_REDIRECT] [Fatal Error] :1:1: Premature end of file.
2025-01-27 22:55:54,590 [ERROR] LogOutputStream:75 - [STDERR_REDIRECT] 
2025-01-27 22:55:55,594 [ERROR] LogOutputStream:75 - [STDERR_REDIRECT] [Fatal Error] :1:1: Premature end of file.
2025-01-27 22:55:55,594 [ERROR] LogOutputStream:75 - [STDERR_REDIRECT] 
2025-01-27 22:55:56,598 [ERROR] LogOutputStream:75 - [STDERR_REDIRECT] [Fatal Error] :1:1: Premature end of file.
2025-01-27 22:55:56,598 [ERROR] LogOutputStream:75 - [STDERR_REDIRECT] 
2025-01-27 22:55:57,581 [ERROR] LogOutputStream:75 - [STDERR_REDIRECT] [Fatal Error] :1:1: Premature end of file.
2025-01-27 22:55:57,581 [ERROR] LogOutputStream:75 - [STDERR_REDIRECT] 
2025-01-27 22:55:58,579 [ERROR] LogOutputStream:75 - [STDERR_REDIRECT] [Fatal Error] :1:1: Premature end of file.
2025-01-27 22:55:58,579 [ERROR] LogOutputStream:75 - [STDERR_REDIRECT] 
2025-01-27 22:55:59,586 [ERROR] LogOutputStream:75 - [STDERR_REDIRECT] [Fatal Error] :1:1: Premature end of file.
2025-01-27 22:55:59,586 [ERROR] LogOutputStream:75 - [STDERR_REDIRECT] 
2025-01-27 22:56:00,595 [ERROR] LogOutputStream:75 - [STDERR_REDIRECT] [Fatal Error] :1:1: Premature end of file.
2025-01-27 22:56:00,595 [ERROR] LogOutputStream:75 - [STDERR_REDIRECT] 
2025-01-27 22:56:01,600 [ERROR] LogOutputStream:75 - [STDERR_REDIRECT] [Fatal Error] :1:1: Premature end of file.
2025-01-27 22:56:01,600 [ERROR] LogOutputStream:75 - [STDERR_REDIRECT] 
2025-01-27 22:56:02,593 [ERROR] LogOutputStream:75 - [STDERR_REDIRECT] [Fatal Error] :1:1: Premature end of file.
2025-01-27 22:56:02,593 [ERROR] LogOutputStream:75 - [STDERR_REDIRECT] 
2025-01-27 22:56:03,586 [ERROR] LogOutputStream:75 - [STDERR_REDIRECT] [Fatal Error] :1:1: Premature end of file.
2025-01-27 22:56:03,586 [ERROR] LogOutputStream:75 - [STDERR_REDIRECT] 
2025-01-27 22:56:04,589 [ERROR] LogOutputStream:75 - [STDERR_REDIRECT] [Fatal Error] :1:1: Premature end of file.
2025-01-27 22:56:04,589 [ERROR] LogOutputStream:75 - [STDERR_REDIRECT] 
2025-01-27 22:56:05,587 [ERROR] LogOutputStream:75 - [STDERR_REDIRECT] [Fatal Error] :1:1: Premature end of file.
2025-01-27 22:56:05,587 [ERROR] LogOutputStream:75 - [STDERR_REDIRECT] 
2025-01-27 22:56:06,584 [ERROR] LogOutputStream:75 - [STDERR_REDIRECT] [Fatal Error] :1:1: Premature end of file.
2025-01-27 22:56:06,586 [ERROR] LogOutputStream:75 - [STDERR_REDIRECT] 
2025-01-27 22:56:07,582 [ERROR] LogOutputStream:75 - [STDERR_REDIRECT] [Fatal Error] :1:1: Premature end of file.
2025-01-27 22:56:07,582 [ERROR] LogOutputStream:75 - [STDERR_REDIRECT] 
2025-01-27 22:56:08,598 [ERROR] LogOutputStream:75 - [STDERR_REDIRECT] [Fatal Error] :1:1: Premature end of file.
2025-01-27 22:56:08,598 [ERROR] LogOutputStream:75 - [STDERR_REDIRECT] 
2025-01-27 22:56:09,580 [ERROR] LogOutputStream:75 - [STDERR_REDIRECT] [Fatal Error] :1:1: Premature end of file.
2025-01-27 22:56:09,580 [ERROR] LogOutputStream:75 - [STDERR_REDIRECT] 
2025-01-27 22:56:10,588 [ERROR] LogOutputStream:75 - [STDERR_REDIRECT] [Fatal Error] :1:1: Premature end of file.
2025-01-27 22:56:10,588 [ERROR] LogOutputStream:75 - [STDERR_REDIRECT] 
2025-01-27 22:56:11,611 [ERROR] LogOutputStream:75 - [STDERR_REDIRECT] [Fatal Error] :1:1: Premature end of file.
2025-01-27 22:56:11,611 [ERROR] LogOutputStream:75 - [STDERR_REDIRECT] 
2025-01-27 22:56:12,589 [ERROR] LogOutputStream:75 - [STDERR_REDIRECT] [Fatal Error] :1:1: Premature end of file.
2025-01-27 22:56:12,589 [ERROR] LogOutputStream:75 - [STDERR_REDIRECT] 
2025-01-27 22:56:13,596 [ERROR] LogOutputStream:75 - [STDERR_REDIRECT] [Fatal Error] :1:1: Premature end of file.
2025-01-27 22:56:13,596 [ERROR] LogOutputStream:75 - [STDERR_REDIRECT] 
2025-01-27 22:56:14,581 [ERROR] LogOutputStream:75 - [STDERR_REDIRECT] [Fatal Error] :1:1: Premature end of file.
2025-01-27 22:56:14,583 [ERROR] LogOutputStream:75 - [STDERR_REDIRECT] 
2025-01-27 22:56:15,580 [ERROR] LogOutputStream:75 - [STDERR_REDIRECT] [Fatal Error] :1:1: Premature end of file.
2025-01-27 22:56:15,580 [ERROR] LogOutputStream:75 - [STDERR_REDIRECT] 
2025-01-27 22:56:16,587 [ERROR] LogOutputStream:75 - [STDERR_REDIRECT] [Fatal Error] :1:1: Premature end of file.
2025-01-27 22:56:16,587 [ERROR] LogOutputStream:75 - [STDERR_REDIRECT] 
2025-01-27 22:56:17,602 [ERROR] LogOutputStream:75 - [STDERR_REDIRECT] [Fatal Error] :1:1: Premature end of file.
2025-01-27 22:56:17,602 [ERROR] LogOutputStream:75 - [STDERR_REDIRECT] 
2025-01-27 22:56:18,599 [ERROR] LogOutputStream:75 - [STDERR_REDIRECT] [Fatal Error] :1:1: Premature end of file.
2025-01-27 22:56:18,599 [ERROR] LogOutputStream:75 - [STDERR_REDIRECT] 
2025-01-27 22:56:19,592 [ERROR] LogOutputStream:75 - [STDERR_REDIRECT] [Fatal Error] :1:1: Premature end of file.
2025-01-27 22:56:19,592 [ERROR] LogOutputStream:75 - [STDERR_REDIRECT] 
2025-01-27 22:56:20,585 [ERROR] LogOutputStream:75 - [STDERR_REDIRECT] [Fatal Error] :1:1: Premature end of file.
2025-01-27 22:56:20,585 [ERROR] LogOutputStream:75 - [STDERR_REDIRECT] 
2025-01-27 22:56:21,595 [ERROR] LogOutputStream:75 - [STDERR_REDIRECT] [Fatal Error] :1:1: Premature end of file.
2025-01-27 22:56:21,595 [ERROR] LogOutputStream:75 - [STDERR_REDIRECT] 
2025-01-27 22:56:22,584 [ERROR] LogOutputStream:75 - [STDERR_REDIRECT] [Fatal Error] :1:1: Premature end of file.
2025-01-27 22:56:22,584 [ERROR] LogOutputStream:75 - [STDERR_REDIRECT] 
2025-01-27 22:56:23,594 [ERROR] LogOutputStream:75 - [STDERR_REDIRECT] [Fatal Error] :1:1: Premature end of file.
2025-01-27 22:56:23,594 [ERROR] LogOutputStream:75 - [STDERR_REDIRECT] 
2025-01-27 22:56:24,589 [ERROR] LogOutputStream:75 - [STDERR_REDIRECT] [Fatal Error] :1:1: Premature end of file.
2025-01-27 22:56:24,590 [ERROR] LogOutputStream:75 - [STDERR_REDIRECT] 
2025-01-27 22:56:25,596 [ERROR] LogOutputStream:75 - [STDERR_REDIRECT] [Fatal Error] :1:1: Premature end of file.
2025-01-27 22:56:25,596 [ERROR] LogOutputStream:75 - [STDERR_REDIRECT] 
2025-01-27 22:56:26,599 [ERROR] LogOutputStream:75 - [STDERR_REDIRECT] [Fatal Error] :1:1: Premature end of file.
2025-01-27 22:56:26,599 [ERROR] LogOutputStream:75 - [STDERR_REDIRECT] 
2025-01-27 22:56:27,591 [ERROR] LogOutputStream:75 - [STDERR_REDIRECT] [Fatal Error] :1:1: Premature end of file.
2025-01-27 22:56:27,591 [ERROR] LogOutputStream:75 - [STDERR_REDIRECT] 
2025-01-27 22:56:28,597 [ERROR] LogOutputStream:75 - [STDERR_REDIRECT] [Fatal Error] :1:1: Premature end of file.
2025-01-27 22:56:28,597 [ERROR] LogOutputStream:75 - [STDERR_REDIRECT] 
2025-01-27 22:56:29,596 [ERROR] LogOutputStream:75 - [STDERR_REDIRECT] [Fatal Error] :1:1: Premature end of file.
2025-01-27 22:56:29,596 [ERROR] LogOutputStream:75 - [STDERR_REDIRECT] 
2025-01-27 22:56:30,582 [ERROR] LogOutputStream:75 - [STDERR_REDIRECT] [Fatal Error] :1:1: Premature end of file.
2025-01-27 22:56:30,582 [ERROR] LogOutputStream:75 - [STDERR_REDIRECT] 
2025-01-27 22:56:31,611 [ERROR] LogOutputStream:75 - [STDERR_REDIRECT] [Fatal Error] :1:1: Premature end of file.
2025-01-27 22:56:31,613 [ERROR] LogOutputStream:75 - [STDERR_REDIRECT] 
2025-01-27 22:56:32,604 [ERROR] LogOutputStream:75 - [STDERR_REDIRECT] [Fatal Error] :1:1: Premature end of file.
2025-01-27 22:56:32,604 [ERROR] LogOutputStream:75 - [STDERR_REDIRECT] 
2025-01-27 22:56:33,596 [ERROR] LogOutputStream:75 - [STDERR_REDIRECT] [Fatal Error] :1:1: Premature end of file.
2025-01-27 22:56:33,596 [ERROR] LogOutputStream:75 - [STDERR_REDIRECT] 
2025-01-27 22:56:34,582 [ERROR] LogOutputStream:75 - [STDERR_REDIRECT] [Fatal Error] :1:1: Premature end of file.
2025-01-27 22:56:34,582 [ERROR] LogOutputStream:75 - [STDERR_REDIRECT] 
2025-01-27 22:56:35,595 [ERROR] LogOutputStream:75 - [STDERR_REDIRECT] [Fatal Error] :1:1: Premature end of file.
2025-01-27 22:56:35,595 [ERROR] LogOutputStream:75 - [STDERR_REDIRECT] 
2025-01-27 22:56:36,583 [ERROR] LogOutputStream:75 - [STDERR_REDIRECT] [Fatal Error] :1:1: Premature end of file.
2025-01-27 22:56:36,583 [ERROR] LogOutputStream:75 - [STDERR_REDIRECT] 
2025-01-27 22:56:37,599 [ERROR] LogOutputStream:75 - [STDERR_REDIRECT] [Fatal Error] :1:1: Premature end of file.
2025-01-27 22:56:37,601 [ERROR] LogOutputStream:75 - [STDERR_REDIRECT] 
2025-01-27 22:56:38,605 [ERROR] LogOutputStream:75 - [STDERR_REDIRECT] [Fatal Error] :1:1: Premature end of file.
2025-01-27 22:56:38,607 [ERROR] LogOutputStream:75 - [STDERR_REDIRECT] 
2025-01-27 22:56:39,604 [ERROR] LogOutputStream:75 - [STDERR_REDIRECT] [Fatal Error] :1:1: Premature end of file.
2025-01-27 22:56:39,604 [ERROR] LogOutputStream:75 - [STDERR_REDIRECT] 
2025-01-27 22:56:40,586 [ERROR] LogOutputStream:75 - [STDERR_REDIRECT] [Fatal Error] :1:1: Premature end of file.
2025-01-27 22:56:40,588 [ERROR] LogOutputStream:75 - [STDERR_REDIRECT] 
2025-01-27 22:56:41,598 [ERROR] LogOutputStream:75 - [STDERR_REDIRECT] [Fatal Error] :1:1: Premature end of file.
2025-01-27 22:56:41,598 [ERROR] LogOutputStream:75 - [STDERR_REDIRECT] 
2025-01-27 22:56:42,585 [ERROR] LogOutputStream:75 - [STDERR_REDIRECT] [Fatal Error] :1:1: Premature end of file.
2025-01-27 22:56:42,585 [ERROR] LogOutputStream:75 - [STDERR_REDIRECT] 
2025-01-27 22:56:43,583 [ERROR] LogOutputStream:75 - [STDERR_REDIRECT] [Fatal Error] :1:1: Premature end of file.
2025-01-27 22:56:43,585 [ERROR] LogOutputStream:75 - [STDERR_REDIRECT] 
2025-01-27 22:56:44,582 [ERROR] LogOutputStream:75 - [STDERR_REDIRECT] [Fatal Error] :1:1: Premature end of file.
2025-01-27 22:56:44,582 [ERROR] LogOutputStream:75 - [STDERR_REDIRECT] 
2025-01-27 22:56:45,587 [ERROR] LogOutputStream:75 - [STDERR_REDIRECT] [Fatal Error] :1:1: Premature end of file.
2025-01-27 22:56:45,587 [ERROR] LogOutputStream:75 - [STDERR_REDIRECT] 
2025-01-27 22:56:46,580 [ERROR] LogOutputStream:75 - [STDERR_REDIRECT] [Fatal Error] :1:1: Premature end of file.
2025-01-27 22:56:46,580 [ERROR] LogOutputStream:75 - [STDERR_REDIRECT] 
2025-01-27 22:56:47,618 [ERROR] LogOutputStream:75 - [STDERR_REDIRECT] [Fatal Error] :1:1: Premature end of file.
2025-01-27 22:56:47,618 [ERROR] LogOutputStream:75 - [STDERR_REDIRECT] 
2025-01-27 22:56:48,591 [ERROR] LogOutputStream:75 - [STDERR_REDIRECT] [Fatal Error] :1:1: Premature end of file.
2025-01-27 22:56:48,591 [ERROR] LogOutputStream:75 - [STDERR_REDIRECT] 
2025-01-27 22:56:49,591 [ERROR] LogOutputStream:75 - [STDERR_REDIRECT] [Fatal Error] :1:1: Premature end of file.
2025-01-27 22:56:49,591 [ERROR] LogOutputStream:75 - [STDERR_REDIRECT] 
2025-01-27 22:56:50,595 [ERROR] LogOutputStream:75 - [STDERR_REDIRECT] [Fatal Error] :1:1: Premature end of file.
2025-01-27 22:56:50,595 [ERROR] LogOutputStream:75 - [STDERR_REDIRECT] 
2025-01-27 22:56:51,585 [ERROR] LogOutputStream:75 - [STDERR_REDIRECT] [Fatal Error] :1:1: Premature end of file.
2025-01-27 22:56:51,586 [ERROR] LogOutputStream:75 - [STDERR_REDIRECT] 
2025-01-27 22:56:52,584 [ERROR] LogOutputStream:75 - [STDERR_REDIRECT] [Fatal Error] :1:1: Premature end of file.
2025-01-27 22:56:52,584 [ERROR] LogOutputStream:75 - [STDERR_REDIRECT] 
2025-01-27 22:56:53,595 [ERROR] LogOutputStream:75 - [STDERR_REDIRECT] [Fatal Error] :1:1: Premature end of file.
2025-01-27 22:56:53,595 [ERROR] LogOutputStream:75 - [STDERR_REDIRECT] 
2025-01-27 22:56:54,584 [ERROR] LogOutputStream:75 - [STDERR_REDIRECT] [Fatal Error] :1:1: Premature end of file.
2025-01-27 22:56:54,584 [ERROR] LogOutputStream:75 - [STDERR_REDIRECT] 
2025-01-27 22:56:55,597 [ERROR] LogOutputStream:75 - [STDERR_REDIRECT] [Fatal Error] :1:1: Premature end of file.
2025-01-27 22:56:55,597 [ERROR] LogOutputStream:75 - [STDERR_REDIRECT] 
2025-01-27 22:56:56,608 [ERROR] LogOutputStream:75 - [STDERR_REDIRECT] [Fatal Error] :1:1: Premature end of file.
2025-01-27 22:56:56,608 [ERROR] LogOutputStream:75 - [STDERR_REDIRECT] 
2025-01-27 22:56:57,599 [ERROR] LogOutputStream:75 - [STDERR_REDIRECT] [Fatal Error] :1:1: Premature end of file.
2025-01-27 22:56:57,599 [ERROR] LogOutputStream:75 - [STDERR_REDIRECT] 
2025-01-27 22:56:58,582 [ERROR] LogOutputStream:75 - [STDERR_REDIRECT] [Fatal Error] :1:1: Premature end of file.
2025-01-27 22:56:58,582 [ERROR] LogOutputStream:75 - [STDERR_REDIRECT] 
2025-01-27 22:56:59,594 [ERROR] LogOutputStream:75 - [STDERR_REDIRECT] [Fatal Error] :1:1: Premature end of file.
2025-01-27 22:56:59,594 [ERROR] LogOutputStream:75 - [STDERR_REDIRECT] 
2025-01-27 22:57:00,611 [ERROR] LogOutputStream:75 - [STDERR_REDIRECT] [Fatal Error] :1:1: Premature end of file.
2025-01-27 22:57:00,611 [ERROR] LogOutputStream:75 - [STDERR_REDIRECT] 
2025-01-27 22:57:01,594 [ERROR] LogOutputStream:75 - [STDERR_REDIRECT] [Fatal Error] :1:1: Premature end of file.
2025-01-27 22:57:01,594 [ERROR] LogOutputStream:75 - [STDERR_REDIRECT] 
2025-01-27 22:57:02,598 [ERROR] LogOutputStream:75 - [STDERR_REDIRECT] [Fatal Error] :1:1: Premature end of file.
2025-01-27 22:57:02,598 [ERROR] LogOutputStream:75 - [STDERR_REDIRECT] 
2025-01-27 22:57:03,591 [ERROR] LogOutputStream:75 - [STDERR_REDIRECT] [Fatal Error] :1:1: Premature end of file.
2025-01-27 22:57:03,591 [ERROR] LogOutputStream:75 - [STDERR_REDIRECT] 
2025-01-27 22:57:04,588 [ERROR] LogOutputStream:75 - [STDERR_REDIRECT] [Fatal Error] :1:1: Premature end of file.
2025-01-27 22:57:04,588 [ERROR] LogOutputStream:75 - [STDERR_REDIRECT] 
2025-01-27 22:57:05,599 [ERROR] LogOutputStream:75 - [STDERR_REDIRECT] [Fatal Error] :1:1: Premature end of file.
2025-01-27 22:57:05,599 [ERROR] LogOutputStream:75 - [STDERR_REDIRECT] 
2025-01-27 22:57:06,592 [ERROR] LogOutputStream:75 - [STDERR_REDIRECT] [Fatal Error] :1:1: Premature end of file.
2025-01-27 22:57:06,592 [ERROR] LogOutputStream:75 - [STDERR_REDIRECT] 
2025-01-27 22:57:07,600 [ERROR] LogOutputStream:75 - [STDERR_REDIRECT] [Fatal Error] :1:1: Premature end of file.
2025-01-27 22:57:07,600 [ERROR] LogOutputStream:75 - [STDERR_REDIRECT] 
2025-01-27 22:57:08,596 [ERROR] LogOutputStream:75 - [STDERR_REDIRECT] [Fatal Error] :1:1: Premature end of file.
2025-01-27 22:57:08,596 [ERROR] LogOutputStream:75 - [STDERR_REDIRECT] 
2025-01-27 22:57:09,584 [ERROR] LogOutputStream:75 - [STDERR_REDIRECT] [Fatal Error] :1:1: Premature end of file.
2025-01-27 22:57:09,584 [ERROR] LogOutputStream:75 - [STDERR_REDIRECT] 
2025-01-27 22:57:10,579 [ERROR] LogOutputStream:75 - [STDERR_REDIRECT] [Fatal Error] :1:1: Premature end of file.
2025-01-27 22:57:10,579 [ERROR] LogOutputStream:75 - [STDERR_REDIRECT] 
2025-01-27 22:57:11,600 [ERROR] LogOutputStream:75 - [STDERR_REDIRECT] [Fatal Error] :1:1: Premature end of file.
2025-01-27 22:57:11,600 [ERROR] LogOutputStream:75 - [STDERR_REDIRECT] 
2025-01-27 22:57:12,602 [ERROR] LogOutputStream:75 - [STDERR_REDIRECT] [Fatal Error] :1:1: Premature end of file.
2025-01-27 22:57:12,602 [ERROR] LogOutputStream:75 - [STDERR_REDIRECT] 
2025-01-27 22:57:13,611 [ERROR] LogOutputStream:75 - [STDERR_REDIRECT] [Fatal Error] :1:1: Premature end of file.
2025-01-27 22:57:13,611 [ERROR] LogOutputStream:75 - [STDERR_REDIRECT] 
2025-01-27 22:57:14,603 [ERROR] LogOutputStream:75 - [STDERR_REDIRECT] [Fatal Error] :1:1: Premature end of file.
2025-01-27 22:57:14,603 [ERROR] LogOutputStream:75 - [STDERR_REDIRECT] 
2025-01-27 22:57:15,590 [ERROR] LogOutputStream:75 - [STDERR_REDIRECT] [Fatal Error] :1:1: Premature end of file.
2025-01-27 22:57:15,590 [ERROR] LogOutputStream:75 - [STDERR_REDIRECT] 
2025-01-27 22:57:16,595 [ERROR] LogOutputStream:75 - [STDERR_REDIRECT] [Fatal Error] :1:1: Premature end of file.
2025-01-27 22:57:16,595 [ERROR] LogOutputStream:75 - [STDERR_REDIRECT] 
2025-01-27 22:57:17,595 [ERROR] LogOutputStream:75 - [STDERR_REDIRECT] [Fatal Error] :1:1: Premature end of file.
2025-01-27 22:57:17,595 [ERROR] LogOutputStream:75 - [STDERR_REDIRECT] 
2025-01-27 22:57:18,597 [ERROR] LogOutputStream:75 - [STDERR_REDIRECT] [Fatal Error] :1:1: Premature end of file.
2025-01-27 22:57:18,597 [ERROR] LogOutputStream:75 - [STDERR_REDIRECT] 
2025-01-27 22:57:19,591 [ERROR] LogOutputStream:75 - [STDERR_REDIRECT] [Fatal Error] :1:1: Premature end of file.
2025-01-27 22:57:19,593 [ERROR] LogOutputStream:75 - [STDERR_REDIRECT] 
2025-01-27 22:57:20,593 [ERROR] LogOutputStream:75 - [STDERR_REDIRECT] [Fatal Error] :1:1: Premature end of file.
2025-01-27 22:57:20,593 [ERROR] LogOutputStream:75 - [STDERR_REDIRECT] 
2025-01-27 22:57:21,590 [ERROR] LogOutputStream:75 - [STDERR_REDIRECT] [Fatal Error] :1:1: Premature end of file.
2025-01-27 22:57:21,590 [ERROR] LogOutputStream:75 - [STDERR_REDIRECT] 
2025-01-27 22:57:22,610 [ERROR] LogOutputStream:75 - [STDERR_REDIRECT] [Fatal Error] :1:1: Premature end of file.
2025-01-27 22:57:22,610 [ERROR] LogOutputStream:75 - [STDERR_REDIRECT] 
2025-01-27 22:57:23,592 [ERROR] LogOutputStream:75 - [STDERR_REDIRECT] [Fatal Error] :1:1: Premature end of file.
2025-01-27 22:57:23,594 [ERROR] LogOutputStream:75 - [STDERR_REDIRECT] 
2025-01-27 22:57:24,590 [ERROR] LogOutputStream:75 - [STDERR_REDIRECT] [Fatal Error] :1:1: Premature end of file.
2025-01-27 22:57:24,591 [ERROR] LogOutputStream:75 - [STDERR_REDIRECT] 
2025-01-27 22:57:25,595 [ERROR] LogOutputStream:75 - [STDERR_REDIRECT] [Fatal Error] :1:1: Premature end of file.
2025-01-27 22:57:25,595 [ERROR] LogOutputStream:75 - [STDERR_REDIRECT] 
2025-01-27 22:57:26,607 [ERROR] LogOutputStream:75 - [STDERR_REDIRECT] [Fatal Error] :1:1: Premature end of file.
2025-01-27 22:57:26,609 [ERROR] LogOutputStream:75 - [STDERR_REDIRECT] 
2025-01-27 22:57:27,591 [ERROR] LogOutputStream:75 - [STDERR_REDIRECT] [Fatal Error] :1:1: Premature end of file.
2025-01-27 22:57:27,591 [ERROR] LogOutputStream:75 - [STDERR_REDIRECT] 
2025-01-27 22:57:28,581 [ERROR] LogOutputStream:75 - [STDERR_REDIRECT] [Fatal Error] :1:1: Premature end of file.
2025-01-27 22:57:28,581 [ERROR] LogOutputStream:75 - [STDERR_REDIRECT] 
2025-01-27 22:57:29,596 [ERROR] LogOutputStream:75 - [STDERR_REDIRECT] [Fatal Error] :1:1: Premature end of file.
2025-01-27 22:57:29,596 [ERROR] LogOutputStream:75 - [STDERR_REDIRECT] 
2025-01-27 22:57:30,586 [ERROR] LogOutputStream:75 - [STDERR_REDIRECT] [Fatal Error] :1:1: Premature end of file.
2025-01-27 22:57:30,586 [ERROR] LogOutputStream:75 - [STDERR_REDIRECT] 
2025-01-27 22:57:31,587 [ERROR] LogOutputStream:75 - [STDERR_REDIRECT] [Fatal Error] :1:1: Premature end of file.
2025-01-27 22:57:31,587 [ERROR] LogOutputStream:75 - [STDERR_REDIRECT] 
2025-01-27 22:57:32,601 [ERROR] LogOutputStream:75 - [STDERR_REDIRECT] [Fatal Error] :1:1: Premature end of file.
2025-01-27 22:57:32,601 [ERROR] LogOutputStream:75 - [STDERR_REDIRECT] 
2025-01-27 22:57:33,596 [ERROR] LogOutputStream:75 - [STDERR_REDIRECT] [Fatal Error] :1:1: Premature end of file.
2025-01-27 22:57:33,598 [ERROR] LogOutputStream:75 - [STDERR_REDIRECT] 
2025-01-27 22:57:34,580 [ERROR] LogOutputStream:75 - [STDERR_REDIRECT] [Fatal Error] :1:1: Premature end of file.
2025-01-27 22:57:34,580 [ERROR] LogOutputStream:75 - [STDERR_REDIRECT] 
2025-01-27 22:57:35,599 [ERROR] LogOutputStream:75 - [STDERR_REDIRECT] [Fatal Error] :1:1: Premature end of file.
2025-01-27 22:57:35,599 [ERROR] LogOutputStream:75 - [STDERR_REDIRECT] 
2025-01-27 22:57:36,587 [ERROR] LogOutputStream:75 - [STDERR_REDIRECT] [Fatal Error] :1:1: Premature end of file.
2025-01-27 22:57:36,587 [ERROR] LogOutputStream:75 - [STDERR_REDIRECT] 
2025-01-27 22:57:37,602 [ERROR] LogOutputStream:75 - [STDERR_REDIRECT] [Fatal Error] :1:1: Premature end of file.
2025-01-27 22:57:37,602 [ERROR] LogOutputStream:75 - [STDERR_REDIRECT] 
2025-01-27 22:57:38,604 [ERROR] LogOutputStream:75 - [STDERR_REDIRECT] [Fatal Error] :1:1: Premature end of file.
2025-01-27 22:57:38,604 [ERROR] LogOutputStream:75 - [STDERR_REDIRECT] 
2025-01-27 22:57:39,591 [ERROR] LogOutputStream:75 - [STDERR_REDIRECT] [Fatal Error] :1:1: Premature end of file.
2025-01-27 22:57:39,591 [ERROR] LogOutputStream:75 - [STDERR_REDIRECT] 
2025-01-27 22:57:40,596 [ERROR] LogOutputStream:75 - [STDERR_REDIRECT] [Fatal Error] :1:1: Premature end of file.
2025-01-27 22:57:40,596 [ERROR] LogOutputStream:75 - [STDERR_REDIRECT] 
2025-01-27 22:57:41,598 [ERROR] LogOutputStream:75 - [STDERR_REDIRECT] [Fatal Error] :1:1: Premature end of file.
2025-01-27 22:57:41,598 [ERROR] LogOutputStream:75 - [STDERR_REDIRECT] 
2025-01-27 22:57:42,598 [ERROR] LogOutputStream:75 - [STDERR_REDIRECT] [Fatal Error] :1:1: Premature end of file.
2025-01-27 22:57:42,598 [ERROR] LogOutputStream:75 - [STDERR_REDIRECT] 
2025-01-27 22:57:43,592 [ERROR] LogOutputStream:75 - [STDERR_REDIRECT] [Fatal Error] :1:1: Premature end of file.
2025-01-27 22:57:43,592 [ERROR] LogOutputStream:75 - [STDERR_REDIRECT] 
2025-01-27 22:57:44,605 [ERROR] LogOutputStream:75 - [STDERR_REDIRECT] [Fatal Error] :1:1: Premature end of file.
2025-01-27 22:57:44,607 [ERROR] LogOutputStream:75 - [STDERR_REDIRECT] 
2025-01-27 22:57:45,591 [ERROR] LogOutputStream:75 - [STDERR_REDIRECT] [Fatal Error] :1:1: Premature end of file.
2025-01-27 22:57:45,591 [ERROR] LogOutputStream:75 - [STDERR_REDIRECT] 
2025-01-27 22:57:46,578 [ERROR] LogOutputStream:75 - [STDERR_REDIRECT] [Fatal Error] :1:1: Premature end of file.
2025-01-27 22:57:46,578 [ERROR] LogOutputStream:75 - [STDERR_REDIRECT] 
2025-01-27 22:57:47,598 [ERROR] LogOutputStream:75 - [STDERR_REDIRECT] [Fatal Error] :1:1: Premature end of file.
2025-01-27 22:57:47,598 [ERROR] LogOutputStream:75 - [STDERR_REDIRECT] 
2025-01-27 22:57:48,596 [ERROR] LogOutputStream:75 - [STDERR_REDIRECT] [Fatal Error] :1:1: Premature end of file.
2025-01-27 22:57:48,596 [ERROR] LogOutputStream:75 - [STDERR_REDIRECT] 
2025-01-27 22:57:49,595 [ERROR] LogOutputStream:75 - [STDERR_REDIRECT] [Fatal Error] :1:1: Premature end of file.
2025-01-27 22:57:49,597 [ERROR] LogOutputStream:75 - [STDERR_REDIRECT] 
2025-01-27 22:57:50,599 [ERROR] LogOutputStream:75 - [STDERR_REDIRECT] [Fatal Error] :1:1: Premature end of file.
2025-01-27 22:57:50,599 [ERROR] LogOutputStream:75 - [STDERR_REDIRECT] 
2025-01-27 22:57:51,588 [ERROR] LogOutputStream:75 - [STDERR_REDIRECT] [Fatal Error] :1:1: Premature end of file.
2025-01-27 22:57:51,588 [ERROR] LogOutputStream:75 - [STDERR_REDIRECT] 
2025-01-27 22:57:52,585 [ERROR] LogOutputStream:75 - [STDERR_REDIRECT] [Fatal Error] :1:1: Premature end of file.
2025-01-27 22:57:52,585 [ERROR] LogOutputStream:75 - [STDERR_REDIRECT] 
2025-01-27 22:57:53,603 [ERROR] LogOutputStream:75 - [STDERR_REDIRECT] [Fatal Error] :1:1: Premature end of file.
2025-01-27 22:57:53,603 [ERROR] LogOutputStream:75 - [STDERR_REDIRECT] 
2025-01-27 22:57:54,588 [ERROR] LogOutputStream:75 - [STDERR_REDIRECT] [Fatal Error] :1:1: Premature end of file.
2025-01-27 22:57:54,588 [ERROR] LogOutputStream:75 - [STDERR_REDIRECT] 
2025-01-27 22:57:55,591 [ERROR] LogOutputStream:75 - [STDERR_REDIRECT] [Fatal Error] :1:1: Premature end of file.
2025-01-27 22:57:55,591 [ERROR] LogOutputStream:75 - [STDERR_REDIRECT] 
2025-01-27 22:57:56,596 [ERROR] LogOutputStream:75 - [STDERR_REDIRECT] [Fatal Error] :1:1: Premature end of file.
2025-01-27 22:57:56,596 [ERROR] LogOutputStream:75 - [STDERR_REDIRECT] 
2025-01-27 22:57:57,597 [ERROR] LogOutputStream:75 - [STDERR_REDIRECT] [Fatal Error] :1:1: Premature end of file.
2025-01-27 22:57:57,597 [ERROR] LogOutputStream:75 - [STDERR_REDIRECT] 
2025-01-27 22:57:58,578 [ERROR] LogOutputStream:75 - [STDERR_REDIRECT] [Fatal Error] :1:1: Premature end of file.
2025-01-27 22:57:58,578 [ERROR] LogOutputStream:75 - [STDERR_REDIRECT] 
2025-01-27 22:57:59,597 [ERROR] LogOutputStream:75 - [STDERR_REDIRECT] [Fatal Error] :1:1: Premature end of file.
2025-01-27 22:57:59,597 [ERROR] LogOutputStream:75 - [STDERR_REDIRECT] 
2025-01-27 22:58:00,583 [ERROR] LogOutputStream:75 - [STDERR_REDIRECT] [Fatal Error] :1:1: Premature end of file.
2025-01-27 22:58:00,583 [ERROR] LogOutputStream:75 - [STDERR_REDIRECT] 
2025-01-27 22:58:01,587 [ERROR] LogOutputStream:75 - [STDERR_REDIRECT] [Fatal Error] :1:1: Premature end of file.
2025-01-27 22:58:01,587 [ERROR] LogOutputStream:75 - [STDERR_REDIRECT] 
2025-01-27 22:58:02,603 [ERROR] LogOutputStream:75 - [STDERR_REDIRECT] [Fatal Error] :1:1: Premature end of file.
2025-01-27 22:58:02,603 [ERROR] LogOutputStream:75 - [STDERR_REDIRECT] 
2025-01-27 22:58:03,589 [ERROR] LogOutputStream:75 - [STDERR_REDIRECT] [Fatal Error] :1:1: Premature end of file.
2025-01-27 22:58:03,589 [ERROR] LogOutputStream:75 - [STDERR_REDIRECT] 
2025-01-27 22:58:04,589 [ERROR] LogOutputStream:75 - [STDERR_REDIRECT] [Fatal Error] :1:1: Premature end of file.
2025-01-27 22:58:04,589 [ERROR] LogOutputStream:75 - [STDERR_REDIRECT] 
2025-01-27 22:58:05,599 [ERROR] LogOutputStream:75 - [STDERR_REDIRECT] [Fatal Error] :1:1: Premature end of file.
2025-01-27 22:58:05,599 [ERROR] LogOutputStream:75 - [STDERR_REDIRECT] 
2025-01-27 22:58:06,599 [ERROR] LogOutputStream:75 - [STDERR_REDIRECT] [Fatal Error] :1:1: Premature end of file.
2025-01-27 22:58:06,599 [ERROR] LogOutputStream:75 - [STDERR_REDIRECT] 
2025-01-27 22:58:07,598 [ERROR] LogOutputStream:75 - [STDERR_REDIRECT] [Fatal Error] :1:1: Premature end of file.
2025-01-27 22:58:07,598 [ERROR] LogOutputStream:75 - [STDERR_REDIRECT] 
2025-01-27 22:58:08,597 [ERROR] LogOutputStream:75 - [STDERR_REDIRECT] [Fatal Error] :1:1: Premature end of file.
2025-01-27 22:58:08,597 [ERROR] LogOutputStream:75 - [STDERR_REDIRECT] 
2025-01-27 22:58:09,588 [ERROR] LogOutputStream:75 - [STDERR_REDIRECT] [Fatal Error] :1:1: Premature end of file.
2025-01-27 22:58:09,589 [ERROR] LogOutputStream:75 - [STDERR_REDIRECT] 
2025-01-27 22:58:10,586 [ERROR] LogOutputStream:75 - [STDERR_REDIRECT] [Fatal Error] :1:1: Premature end of file.
2025-01-27 22:58:10,588 [ERROR] LogOutputStream:75 - [STDERR_REDIRECT] 
2025-01-27 22:58:11,589 [ERROR] LogOutputStream:75 - [STDERR_REDIRECT] [Fatal Error] :1:1: Premature end of file.
2025-01-27 22:58:11,589 [ERROR] LogOutputStream:75 - [STDERR_REDIRECT] 
2025-01-27 22:58:12,599 [ERROR] LogOutputStream:75 - [STDERR_REDIRECT] [Fatal Error] :1:1: Premature end of file.
2025-01-27 22:58:12,599 [ERROR] LogOutputStream:75 - [STDERR_REDIRECT] 
2025-01-27 22:58:13,591 [ERROR] LogOutputStream:75 - [STDERR_REDIRECT] [Fatal Error] :1:1: Premature end of file.
2025-01-27 22:58:13,591 [ERROR] LogOutputStream:75 - [STDERR_REDIRECT] 
2025-01-27 22:58:14,597 [ERROR] LogOutputStream:75 - [STDERR_REDIRECT] [Fatal Error] :1:1: Premature end of file.
2025-01-27 22:58:14,597 [ERROR] LogOutputStream:75 - [STDERR_REDIRECT] 
2025-01-27 22:58:15,598 [ERROR] LogOutputStream:75 - [STDERR_REDIRECT] [Fatal Error] :1:1: Premature end of file.
2025-01-27 22:58:15,598 [ERROR] LogOutputStream:75 - [STDERR_REDIRECT] 
2025-01-27 22:58:16,593 [ERROR] LogOutputStream:75 - [STDERR_REDIRECT] [Fatal Error] :1:1: Premature end of file.
2025-01-27 22:58:16,595 [ERROR] LogOutputStream:75 - [STDERR_REDIRECT] 
2025-01-27 22:58:17,600 [ERROR] LogOutputStream:75 - [STDERR_REDIRECT] [Fatal Error] :1:1: Premature end of file.
2025-01-27 22:58:17,600 [ERROR] LogOutputStream:75 - [STDERR_REDIRECT] 
2025-01-27 22:58:18,585 [ERROR] LogOutputStream:75 - [STDERR_REDIRECT] [Fatal Error] :1:1: Premature end of file.
2025-01-27 22:58:18,585 [ERROR] LogOutputStream:75 - [STDERR_REDIRECT] 
2025-01-27 22:58:19,587 [ERROR] LogOutputStream:75 - [STDERR_REDIRECT] [Fatal Error] :1:1: Premature end of file.
2025-01-27 22:58:19,587 [ERROR] LogOutputStream:75 - [STDERR_REDIRECT] 
2025-01-27 22:58:20,598 [ERROR] LogOutputStream:75 - [STDERR_REDIRECT] [Fatal Error] :1:1: Premature end of file.
2025-01-27 22:58:20,598 [ERROR] LogOutputStream:75 - [STDERR_REDIRECT] 
2025-01-27 22:58:21,580 [ERROR] LogOutputStream:75 - [STDERR_REDIRECT] [Fatal Error] :1:1: Premature end of file.
2025-01-27 22:58:21,580 [ERROR] LogOutputStream:75 - [STDERR_REDIRECT] 
2025-01-27 22:58:22,587 [ERROR] LogOutputStream:75 - [STDERR_REDIRECT] [Fatal Error] :1:1: Premature end of file.
2025-01-27 22:58:22,587 [ERROR] LogOutputStream:75 - [STDERR_REDIRECT] 
2025-01-27 22:58:23,591 [ERROR] LogOutputStream:75 - [STDERR_REDIRECT] [Fatal Error] :1:1: Premature end of file.
2025-01-27 22:58:23,591 [ERROR] LogOutputStream:75 - [STDERR_REDIRECT] 
2025-01-27 22:58:24,593 [ERROR] LogOutputStream:75 - [STDERR_REDIRECT] [Fatal Error] :1:1: Premature end of file.
2025-01-27 22:58:24,593 [ERROR] LogOutputStream:75 - [STDERR_REDIRECT] 
2025-01-27 22:58:25,593 [ERROR] LogOutputStream:75 - [STDERR_REDIRECT] [Fatal Error] :1:1: Premature end of file.
2025-01-27 22:58:25,593 [ERROR] LogOutputStream:75 - [STDERR_REDIRECT] 
2025-01-27 22:58:26,592 [ERROR] LogOutputStream:75 - [STDERR_REDIRECT] [Fatal Error] :1:1: Premature end of file.
2025-01-27 22:58:26,592 [ERROR] LogOutputStream:75 - [STDERR_REDIRECT] 
2025-01-27 22:58:27,608 [ERROR] LogOutputStream:75 - [STDERR_REDIRECT] [Fatal Error] :1:1: Premature end of file.
2025-01-27 22:58:27,608 [ERROR] LogOutputStream:75 - [STDERR_REDIRECT] 
2025-01-27 22:58:28,600 [ERROR] LogOutputStream:75 - [STDERR_REDIRECT] [Fatal Error] :1:1: Premature end of file.
2025-01-27 22:58:28,600 [ERROR] LogOutputStream:75 - [STDERR_REDIRECT] 
2025-01-27 22:58:29,597 [ERROR] LogOutputStream:75 - [STDERR_REDIRECT] [Fatal Error] :1:1: Premature end of file.
2025-01-27 22:58:29,597 [ERROR] LogOutputStream:75 - [STDERR_REDIRECT] 
2025-01-27 22:58:30,586 [ERROR] LogOutputStream:75 - [STDERR_REDIRECT] [Fatal Error] :1:1: Premature end of file.
2025-01-27 22:58:30,586 [ERROR] LogOutputStream:75 - [STDERR_REDIRECT] 
2025-01-27 22:58:31,589 [ERROR] LogOutputStream:75 - [STDERR_REDIRECT] [Fatal Error] :1:1: Premature end of file.
2025-01-27 22:58:31,589 [ERROR] LogOutputStream:75 - [STDERR_REDIRECT] 
2025-01-27 22:58:32,595 [ERROR] LogOutputStream:75 - [STDERR_REDIRECT] [Fatal Error] :1:1: Premature end of file.
2025-01-27 22:58:32,595 [ERROR] LogOutputStream:75 - [STDERR_REDIRECT] 
2025-01-27 22:58:33,588 [ERROR] LogOutputStream:75 - [STDERR_REDIRECT] [Fatal Error] :1:1: Premature end of file.
2025-01-27 22:58:33,589 [ERROR] LogOutputStream:75 - [STDERR_REDIRECT] 
2025-01-27 22:58:34,582 [ERROR] LogOutputStream:75 - [STDERR_REDIRECT] [Fatal Error] :1:1: Premature end of file.
2025-01-27 22:58:34,582 [ERROR] LogOutputStream:75 - [STDERR_REDIRECT] 
2025-01-27 22:58:35,588 [ERROR] LogOutputStream:75 - [STDERR_REDIRECT] [Fatal Error] :1:1: Premature end of file.
2025-01-27 22:58:35,588 [ERROR] LogOutputStream:75 - [STDERR_REDIRECT] 
2025-01-27 22:58:36,585 [ERROR] LogOutputStream:75 - [STDERR_REDIRECT] [Fatal Error] :1:1: Premature end of file.
2025-01-27 22:58:36,585 [ERROR] LogOutputStream:75 - [STDERR_REDIRECT] 
2025-01-27 22:58:37,601 [ERROR] LogOutputStream:75 - [STDERR_REDIRECT] [Fatal Error] :1:1: Premature end of file.
2025-01-27 22:58:37,603 [ERROR] LogOutputStream:75 - [STDERR_REDIRECT] 
2025-01-27 22:58:38,593 [ERROR] LogOutputStream:75 - [STDERR_REDIRECT] [Fatal Error] :1:1: Premature end of file.
2025-01-27 22:58:38,593 [ERROR] LogOutputStream:75 - [STDERR_REDIRECT] 
2025-01-27 22:58:39,580 [ERROR] LogOutputStream:75 - [STDERR_REDIRECT] [Fatal Error] :1:1: Premature end of file.
2025-01-27 22:58:39,580 [ERROR] LogOutputStream:75 - [STDERR_REDIRECT] 
2025-01-27 22:58:40,588 [ERROR] LogOutputStream:75 - [STDERR_REDIRECT] [Fatal Error] :1:1: Premature end of file.
2025-01-27 22:58:40,590 [ERROR] LogOutputStream:75 - [STDERR_REDIRECT] 
2025-01-27 22:58:41,593 [ERROR] LogOutputStream:75 - [STDERR_REDIRECT] [Fatal Error] :1:1: Premature end of file.
2025-01-27 22:58:41,594 [ERROR] LogOutputStream:75 - [STDERR_REDIRECT] 
2025-01-27 22:58:42,592 [ERROR] LogOutputStream:75 - [STDERR_REDIRECT] [Fatal Error] :1:1: Premature end of file.
2025-01-27 22:58:42,592 [ERROR] LogOutputStream:75 - [STDERR_REDIRECT] 
2025-01-27 22:58:43,601 [ERROR] LogOutputStream:75 - [STDERR_REDIRECT] [Fatal Error] :1:1: Premature end of file.
2025-01-27 22:58:43,601 [ERROR] LogOutputStream:75 - [STDERR_REDIRECT] 
2025-01-27 22:58:44,597 [ERROR] LogOutputStream:75 - [STDERR_REDIRECT] [Fatal Error] :1:1: Premature end of file.
2025-01-27 22:58:44,597 [ERROR] LogOutputStream:75 - [STDERR_REDIRECT] 
2025-01-27 22:58:45,597 [ERROR] LogOutputStream:75 - [STDERR_REDIRECT] [Fatal Error] :1:1: Premature end of file.
2025-01-27 22:58:45,597 [ERROR] LogOutputStream:75 - [STDERR_REDIRECT] 
2025-01-27 22:58:46,585 [ERROR] LogOutputStream:75 - [STDERR_REDIRECT] [Fatal Error] :1:1: Premature end of file.
2025-01-27 22:58:46,585 [ERROR] LogOutputStream:75 - [STDERR_REDIRECT] 
2025-01-27 22:58:47,608 [ERROR] LogOutputStream:75 - [STDERR_REDIRECT] [Fatal Error] :1:1: Premature end of file.
2025-01-27 22:58:47,608 [ERROR] LogOutputStream:75 - [STDERR_REDIRECT] 
2025-01-27 22:58:48,594 [ERROR] LogOutputStream:75 - [STDERR_REDIRECT] [Fatal Error] :1:1: Premature end of file.
2025-01-27 22:58:48,594 [ERROR] LogOutputStream:75 - [STDERR_REDIRECT] 
2025-01-27 22:58:49,596 [ERROR] LogOutputStream:75 - [STDERR_REDIRECT] [Fatal Error] :1:1: Premature end of file.
2025-01-27 22:58:49,596 [ERROR] LogOutputStream:75 - [STDERR_REDIRECT] 
2025-01-27 22:58:50,575 [ERROR] LogOutputStream:75 - [STDERR_REDIRECT] [Fatal Error] :1:1: Premature end of file.
2025-01-27 22:58:50,575 [ERROR] LogOutputStream:75 - [STDERR_REDIRECT] 
2025-01-27 22:58:51,599 [ERROR] LogOutputStream:75 - [STDERR_REDIRECT] [Fatal Error] :1:1: Premature end of file.
2025-01-27 22:58:51,599 [ERROR] LogOutputStream:75 - [STDERR_REDIRECT] 
2025-01-27 22:58:52,618 [ERROR] LogOutputStream:75 - [STDERR_REDIRECT] [Fatal Error] :1:1: Premature end of file.
2025-01-27 22:58:52,618 [ERROR] LogOutputStream:75 - [STDERR_REDIRECT] 
2025-01-27 22:58:53,609 [ERROR] LogOutputStream:75 - [STDERR_REDIRECT] [Fatal Error] :1:1: Premature end of file.
2025-01-27 22:58:53,609 [ERROR] LogOutputStream:75 - [STDERR_REDIRECT] 
2025-01-27 22:58:54,590 [ERROR] LogOutputStream:75 - [STDERR_REDIRECT] [Fatal Error] :1:1: Premature end of file.
2025-01-27 22:58:54,590 [ERROR] LogOutputStream:75 - [STDERR_REDIRECT] 
2025-01-27 22:58:55,586 [ERROR] LogOutputStream:75 - [STDERR_REDIRECT] [Fatal Error] :1:1: Premature end of file.
2025-01-27 22:58:55,586 [ERROR] LogOutputStream:75 - [STDERR_REDIRECT] 
2025-01-27 22:58:56,597 [ERROR] LogOutputStream:75 - [STDERR_REDIRECT] [Fatal Error] :1:1: Premature end of file.
2025-01-27 22:58:56,597 [ERROR] LogOutputStream:75 - [STDERR_REDIRECT] 
2025-01-27 22:58:57,588 [ERROR] LogOutputStream:75 - [STDERR_REDIRECT] [Fatal Error] :1:1: Premature end of file.
2025-01-27 22:58:57,588 [ERROR] LogOutputStream:75 - [STDERR_REDIRECT] 
2025-01-27 22:58:58,583 [ERROR] LogOutputStream:75 - [STDERR_REDIRECT] [Fatal Error] :1:1: Premature end of file.
2025-01-27 22:58:58,583 [ERROR] LogOutputStream:75 - [STDERR_REDIRECT] 
2025-01-27 22:58:59,590 [ERROR] LogOutputStream:75 - [STDERR_REDIRECT] [Fatal Error] :1:1: Premature end of file.
2025-01-27 22:58:59,590 [ERROR] LogOutputStream:75 - [STDERR_REDIRECT] 
2025-01-27 22:59:00,597 [ERROR] LogOutputStream:75 - [STDERR_REDIRECT] [Fatal Error] :1:1: Premature end of file.
2025-01-27 22:59:00,598 [ERROR] LogOutputStream:75 - [STDERR_REDIRECT] 
2025-01-27 22:59:01,612 [ERROR] LogOutputStream:75 - [STDERR_REDIRECT] [Fatal Error] :1:1: Premature end of file.
2025-01-27 22:59:01,612 [ERROR] LogOutputStream:75 - [STDERR_REDIRECT] 
2025-01-27 22:59:02,600 [ERROR] LogOutputStream:75 - [STDERR_REDIRECT] [Fatal Error] :1:1: Premature end of file.
2025-01-27 22:59:02,600 [ERROR] LogOutputStream:75 - [STDERR_REDIRECT] 
2025-01-27 22:59:03,594 [ERROR] LogOutputStream:75 - [STDERR_REDIRECT] [Fatal Error] :1:1: Premature end of file.
2025-01-27 22:59:03,594 [ERROR] LogOutputStream:75 - [STDERR_REDIRECT] 
2025-01-27 22:59:04,601 [ERROR] LogOutputStream:75 - [STDERR_REDIRECT] [Fatal Error] :1:1: Premature end of file.
2025-01-27 22:59:04,602 [ERROR] LogOutputStream:75 - [STDERR_REDIRECT] 
2025-01-27 22:59:05,613 [ERROR] LogOutputStream:75 - [STDERR_REDIRECT] [Fatal Error] :1:1: Premature end of file.
2025-01-27 22:59:05,613 [ERROR] LogOutputStream:75 - [STDERR_REDIRECT] 
2025-01-27 22:59:06,594 [ERROR] LogOutputStream:75 - [STDERR_REDIRECT] [Fatal Error] :1:1: Premature end of file.
2025-01-27 22:59:06,594 [ERROR] LogOutputStream:75 - [STDERR_REDIRECT] 
2025-01-27 22:59:07,589 [ERROR] LogOutputStream:75 - [STDERR_REDIRECT] [Fatal Error] :1:1: Premature end of file.
2025-01-27 22:59:07,589 [ERROR] LogOutputStream:75 - [STDERR_REDIRECT] 
2025-01-27 22:59:08,599 [ERROR] LogOutputStream:75 - [STDERR_REDIRECT] [Fatal Error] :1:1: Premature end of file.
2025-01-27 22:59:08,599 [ERROR] LogOutputStream:75 - [STDERR_REDIRECT] 
2025-01-27 22:59:09,583 [ERROR] LogOutputStream:75 - [STDERR_REDIRECT] [Fatal Error] :1:1: Premature end of file.
2025-01-27 22:59:09,583 [ERROR] LogOutputStream:75 - [STDERR_REDIRECT] 
2025-01-27 22:59:10,591 [ERROR] LogOutputStream:75 - [STDERR_REDIRECT] [Fatal Error] :1:1: Premature end of file.
2025-01-27 22:59:10,591 [ERROR] LogOutputStream:75 - [STDERR_REDIRECT] 
2025-01-27 22:59:11,597 [ERROR] LogOutputStream:75 - [STDERR_REDIRECT] [Fatal Error] :1:1: Premature end of file.
2025-01-27 22:59:11,597 [ERROR] LogOutputStream:75 - [STDERR_REDIRECT] 
2025-01-27 22:59:12,588 [ERROR] LogOutputStream:75 - [STDERR_REDIRECT] [Fatal Error] :1:1: Premature end of file.
2025-01-27 22:59:12,588 [ERROR] LogOutputStream:75 - [STDERR_REDIRECT] 
2025-01-27 22:59:13,597 [ERROR] LogOutputStream:75 - [STDERR_REDIRECT] [Fatal Error] :1:1: Premature end of file.
2025-01-27 22:59:13,597 [ERROR] LogOutputStream:75 - [STDERR_REDIRECT] 
2025-01-27 22:59:14,599 [ERROR] LogOutputStream:75 - [STDERR_REDIRECT] [Fatal Error] :1:1: Premature end of file.
2025-01-27 22:59:14,599 [ERROR] LogOutputStream:75 - [STDERR_REDIRECT] 
2025-01-27 22:59:15,598 [ERROR] LogOutputStream:75 - [STDERR_REDIRECT] [Fatal Error] :1:1: Premature end of file.
2025-01-27 22:59:15,598 [ERROR] LogOutputStream:75 - [STDERR_REDIRECT] 
2025-01-27 22:59:16,595 [ERROR] LogOutputStream:75 - [STDERR_REDIRECT] [Fatal Error] :1:1: Premature end of file.
2025-01-27 22:59:16,595 [ERROR] LogOutputStream:75 - [STDERR_REDIRECT] 
2025-01-27 22:59:17,604 [ERROR] LogOutputStream:75 - [STDERR_REDIRECT] [Fatal Error] :1:1: Premature end of file.
2025-01-27 22:59:17,604 [ERROR] LogOutputStream:75 - [STDERR_REDIRECT] 
2025-01-27 22:59:18,591 [ERROR] LogOutputStream:75 - [STDERR_REDIRECT] [Fatal Error] :1:1: Premature end of file.
2025-01-27 22:59:18,591 [ERROR] LogOutputStream:75 - [STDERR_REDIRECT] 
2025-01-27 22:59:19,598 [ERROR] LogOutputStream:75 - [STDERR_REDIRECT] [Fatal Error] :1:1: Premature end of file.
2025-01-27 22:59:19,598 [ERROR] LogOutputStream:75 - [STDERR_REDIRECT] 
2025-01-27 22:59:20,595 [ERROR] LogOutputStream:75 - [STDERR_REDIRECT] [Fatal Error] :1:1: Premature end of file.
2025-01-27 22:59:20,595 [ERROR] LogOutputStream:75 - [STDERR_REDIRECT] 
2025-01-27 22:59:21,598 [ERROR] LogOutputStream:75 - [STDERR_REDIRECT] [Fatal Error] :1:1: Premature end of file.
2025-01-27 22:59:21,598 [ERROR] LogOutputStream:75 - [STDERR_REDIRECT] 
2025-01-27 22:59:22,583 [ERROR] LogOutputStream:75 - [STDERR_REDIRECT] [Fatal Error] :1:1: Premature end of file.
2025-01-27 22:59:22,583 [ERROR] LogOutputStream:75 - [STDERR_REDIRECT] 
2025-01-27 22:59:23,582 [ERROR] LogOutputStream:75 - [STDERR_REDIRECT] [Fatal Error] :1:1: Premature end of file.
2025-01-27 22:59:23,582 [ERROR] LogOutputStream:75 - [STDERR_REDIRECT] 
2025-01-27 22:59:24,592 [ERROR] LogOutputStream:75 - [STDERR_REDIRECT] [Fatal Error] :1:1: Premature end of file.
2025-01-27 22:59:24,592 [ERROR] LogOutputStream:75 - [STDERR_REDIRECT] 
2025-01-27 22:59:25,597 [ERROR] LogOutputStream:75 - [STDERR_REDIRECT] [Fatal Error] :1:1: Premature end of file.
2025-01-27 22:59:25,597 [ERROR] LogOutputStream:75 - [STDERR_REDIRECT] 
2025-01-27 22:59:26,581 [ERROR] LogOutputStream:75 - [STDERR_REDIRECT] [Fatal Error] :1:1: Premature end of file.
2025-01-27 22:59:26,581 [ERROR] LogOutputStream:75 - [STDERR_REDIRECT] 
2025-01-27 22:59:27,575 [ERROR] LogOutputStream:75 - [STDERR_REDIRECT] [Fatal Error] :1:1: Premature end of file.
2025-01-27 22:59:27,575 [ERROR] LogOutputStream:75 - [STDERR_REDIRECT] 
2025-01-27 22:59:28,587 [ERROR] LogOutputStream:75 - [STDERR_REDIRECT] [Fatal Error] :1:1: Premature end of file.
2025-01-27 22:59:28,587 [ERROR] LogOutputStream:75 - [STDERR_REDIRECT] 
2025-01-27 22:59:29,597 [ERROR] LogOutputStream:75 - [STDERR_REDIRECT] [Fatal Error] :1:1: Premature end of file.
2025-01-27 22:59:29,597 [ERROR] LogOutputStream:75 - [STDERR_REDIRECT] 
2025-01-27 22:59:30,601 [ERROR] LogOutputStream:75 - [STDERR_REDIRECT] [Fatal Error] :1:1: Premature end of file.
2025-01-27 22:59:30,603 [ERROR] LogOutputStream:75 - [STDERR_REDIRECT] 
2025-01-27 22:59:31,593 [ERROR] LogOutputStream:75 - [STDERR_REDIRECT] [Fatal Error] :1:1: Premature end of file.
2025-01-27 22:59:31,593 [ERROR] LogOutputStream:75 - [STDERR_REDIRECT] 
2025-01-27 22:59:32,602 [ERROR] LogOutputStream:75 - [STDERR_REDIRECT] [Fatal Error] :1:1: Premature end of file.
2025-01-27 22:59:32,602 [ERROR] LogOutputStream:75 - [STDERR_REDIRECT] 
2025-01-27 22:59:33,587 [ERROR] LogOutputStream:75 - [STDERR_REDIRECT] [Fatal Error] :1:1: Premature end of file.
2025-01-27 22:59:33,589 [ERROR] LogOutputStream:75 - [STDERR_REDIRECT] 
2025-01-27 22:59:34,580 [ERROR] LogOutputStream:75 - [STDERR_REDIRECT] [Fatal Error] :1:1: Premature end of file.
2025-01-27 22:59:34,580 [ERROR] LogOutputStream:75 - [STDERR_REDIRECT] 
2025-01-27 22:59:35,598 [ERROR] LogOutputStream:75 - [STDERR_REDIRECT] [Fatal Error] :1:1: Premature end of file.
2025-01-27 22:59:35,598 [ERROR] LogOutputStream:75 - [STDERR_REDIRECT] 
2025-01-27 22:59:36,600 [ERROR] LogOutputStream:75 - [STDERR_REDIRECT] [Fatal Error] :1:1: Premature end of file.
2025-01-27 22:59:36,600 [ERROR] LogOutputStream:75 - [STDERR_REDIRECT] 
2025-01-27 22:59:37,596 [ERROR] LogOutputStream:75 - [STDERR_REDIRECT] [Fatal Error] :1:1: Premature end of file.
2025-01-27 22:59:37,596 [ERROR] LogOutputStream:75 - [STDERR_REDIRECT] 
2025-01-27 22:59:38,596 [ERROR] LogOutputStream:75 - [STDERR_REDIRECT] [Fatal Error] :1:1: Premature end of file.
2025-01-27 22:59:38,596 [ERROR] LogOutputStream:75 - [STDERR_REDIRECT] 
2025-01-27 22:59:39,581 [ERROR] LogOutputStream:75 - [STDERR_REDIRECT] [Fatal Error] :1:1: Premature end of file.
2025-01-27 22:59:39,581 [ERROR] LogOutputStream:75 - [STDERR_REDIRECT] 
2025-01-27 22:59:40,614 [ERROR] LogOutputStream:75 - [STDERR_REDIRECT] [Fatal Error] :1:1: Premature end of file.
2025-01-27 22:59:40,614 [ERROR] LogOutputStream:75 - [STDERR_REDIRECT] 
2025-01-27 22:59:41,605 [ERROR] LogOutputStream:75 - [STDERR_REDIRECT] [Fatal Error] :1:1: Premature end of file.
2025-01-27 22:59:41,605 [ERROR] LogOutputStream:75 - [STDERR_REDIRECT] 
2025-01-27 22:59:42,587 [ERROR] LogOutputStream:75 - [STDERR_REDIRECT] [Fatal Error] :1:1: Premature end of file.
2025-01-27 22:59:42,587 [ERROR] LogOutputStream:75 - [STDERR_REDIRECT] 
2025-01-27 22:59:43,613 [ERROR] LogOutputStream:75 - [STDERR_REDIRECT] [Fatal Error] :1:1: Premature end of file.
2025-01-27 22:59:43,613 [ERROR] LogOutputStream:75 - [STDERR_REDIRECT] 
2025-01-27 22:59:44,591 [ERROR] LogOutputStream:75 - [STDERR_REDIRECT] [Fatal Error] :1:1: Premature end of file.
2025-01-27 22:59:44,591 [ERROR] LogOutputStream:75 - [STDERR_REDIRECT] 
2025-01-27 22:59:45,590 [ERROR] LogOutputStream:75 - [STDERR_REDIRECT] [Fatal Error] :1:1: Premature end of file.
2025-01-27 22:59:45,590 [ERROR] LogOutputStream:75 - [STDERR_REDIRECT] 
2025-01-27 22:59:46,587 [ERROR] LogOutputStream:75 - [STDERR_REDIRECT] [Fatal Error] :1:1: Premature end of file.
2025-01-27 22:59:46,587 [ERROR] LogOutputStream:75 - [STDERR_REDIRECT] 
2025-01-27 22:59:47,591 [ERROR] LogOutputStream:75 - [STDERR_REDIRECT] [Fatal Error] :1:1: Premature end of file.
2025-01-27 22:59:47,591 [ERROR] LogOutputStream:75 - [STDERR_REDIRECT] 
2025-01-27 22:59:48,577 [ERROR] LogOutputStream:75 - [STDERR_REDIRECT] [Fatal Error] :1:1: Premature end of file.
2025-01-27 22:59:48,579 [ERROR] LogOutputStream:75 - [STDERR_REDIRECT] 
2025-01-27 22:59:49,587 [ERROR] LogOutputStream:75 - [STDERR_REDIRECT] [Fatal Error] :1:1: Premature end of file.
2025-01-27 22:59:49,587 [ERROR] LogOutputStream:75 - [STDERR_REDIRECT] 
2025-01-27 22:59:50,589 [ERROR] LogOutputStream:75 - [STDERR_REDIRECT] [Fatal Error] :1:1: Premature end of file.
2025-01-27 22:59:50,589 [ERROR] LogOutputStream:75 - [STDERR_REDIRECT] 
2025-01-27 22:59:51,586 [ERROR] LogOutputStream:75 - [STDERR_REDIRECT] [Fatal Error] :1:1: Premature end of file.
2025-01-27 22:59:51,586 [ERROR] LogOutputStream:75 - [STDERR_REDIRECT] 
2025-01-27 22:59:52,584 [ERROR] LogOutputStream:75 - [STDERR_REDIRECT] [Fatal Error] :1:1: Premature end of file.
2025-01-27 22:59:52,584 [ERROR] LogOutputStream:75 - [STDERR_REDIRECT] 
2025-01-27 22:59:53,577 [ERROR] LogOutputStream:75 - [STDERR_REDIRECT] [Fatal Error] :1:1: Premature end of file.
2025-01-27 22:59:53,577 [ERROR] LogOutputStream:75 - [STDERR_REDIRECT] 
2025-01-27 22:59:54,577 [ERROR] LogOutputStream:75 - [STDERR_REDIRECT] [Fatal Error] :1:1: Premature end of file.
2025-01-27 22:59:54,577 [ERROR] LogOutputStream:75 - [STDERR_REDIRECT] 
2025-01-27 22:59:55,576 [ERROR] LogOutputStream:75 - [STDERR_REDIRECT] [Fatal Error] :1:1: Premature end of file.
2025-01-27 22:59:55,576 [ERROR] LogOutputStream:75 - [STDERR_REDIRECT] 
2025-01-27 22:59:56,582 [ERROR] LogOutputStream:75 - [STDERR_REDIRECT] [Fatal Error] :1:1: Premature end of file.
2025-01-27 22:59:56,584 [ERROR] LogOutputStream:75 - [STDERR_REDIRECT] 
2025-01-27 22:59:57,579 [ERROR] LogOutputStream:75 - [STDERR_REDIRECT] [Fatal Error] :1:1: Premature end of file.
2025-01-27 22:59:57,579 [ERROR] LogOutputStream:75 - [STDERR_REDIRECT] 
2025-01-27 22:59:58,582 [ERROR] LogOutputStream:75 - [STDERR_REDIRECT] [Fatal Error] :1:1: Premature end of file.
2025-01-27 22:59:58,582 [ERROR] LogOutputStream:75 - [STDERR_REDIRECT] 
2025-01-27 22:59:59,593 [ERROR] LogOutputStream:75 - [STDERR_REDIRECT] [Fatal Error] :1:1: Premature end of file.
2025-01-27 22:59:59,593 [ERROR] LogOutputStream:75 - [STDERR_REDIRECT] 
2025-01-27 23:00:00,580 [ERROR] LogOutputStream:75 - [STDERR_REDIRECT] [Fatal Error] :1:1: Premature end of file.
2025-01-27 23:00:00,580 [ERROR] LogOutputStream:75 - [STDERR_REDIRECT] 
2025-01-27 23:00:01,587 [ERROR] LogOutputStream:75 - [STDERR_REDIRECT] [Fatal Error] :1:1: Premature end of file.
2025-01-27 23:00:01,587 [ERROR] LogOutputStream:75 - [STDERR_REDIRECT] 
2025-01-27 23:00:02,604 [ERROR] LogOutputStream:75 - [STDERR_REDIRECT] [Fatal Error] :1:1: Premature end of file.
2025-01-27 23:00:02,604 [ERROR] LogOutputStream:75 - [STDERR_REDIRECT] 
2025-01-27 23:00:03,590 [ERROR] LogOutputStream:75 - [STDERR_REDIRECT] [Fatal Error] :1:1: Premature end of file.
2025-01-27 23:00:03,590 [ERROR] LogOutputStream:75 - [STDERR_REDIRECT] 
2025-01-27 23:00:04,604 [ERROR] LogOutputStream:75 - [STDERR_REDIRECT] [Fatal Error] :1:1: Premature end of file.
2025-01-27 23:00:04,604 [ERROR] LogOutputStream:75 - [STDERR_REDIRECT] 
2025-01-27 23:00:05,589 [ERROR] LogOutputStream:75 - [STDERR_REDIRECT] [Fatal Error] :1:1: Premature end of file.
2025-01-27 23:00:05,589 [ERROR] LogOutputStream:75 - [STDERR_REDIRECT] 
2025-01-27 23:00:06,588 [ERROR] LogOutputStream:75 - [STDERR_REDIRECT] [Fatal Error] :1:1: Premature end of file.
2025-01-27 23:00:06,588 [ERROR] LogOutputStream:75 - [STDERR_REDIRECT] 
2025-01-27 23:00:07,588 [ERROR] LogOutputStream:75 - [STDERR_REDIRECT] [Fatal Error] :1:1: Premature end of file.
2025-01-27 23:00:07,588 [ERROR] LogOutputStream:75 - [STDERR_REDIRECT] 
2025-01-27 23:00:08,593 [ERROR] LogOutputStream:75 - [STDERR_REDIRECT] [Fatal Error] :1:1: Premature end of file.
2025-01-27 23:00:08,593 [ERROR] LogOutputStream:75 - [STDERR_REDIRECT] 
2025-01-27 23:00:09,586 [ERROR] LogOutputStream:75 - [STDERR_REDIRECT] [Fatal Error] :1:1: Premature end of file.
2025-01-27 23:00:09,586 [ERROR] LogOutputStream:75 - [STDERR_REDIRECT] 
2025-01-27 23:00:10,581 [ERROR] LogOutputStream:75 - [STDERR_REDIRECT] [Fatal Error] :1:1: Premature end of file.
2025-01-27 23:00:10,581 [ERROR] LogOutputStream:75 - [STDERR_REDIRECT] 
2025-01-27 23:00:11,577 [ERROR] LogOutputStream:75 - [STDERR_REDIRECT] [Fatal Error] :1:1: Premature end of file.
2025-01-27 23:00:11,577 [ERROR] LogOutputStream:75 - [STDERR_REDIRECT] 
2025-01-27 23:00:12,602 [ERROR] LogOutputStream:75 - [STDERR_REDIRECT] [Fatal Error] :1:1: Premature end of file.
2025-01-27 23:00:12,602 [ERROR] LogOutputStream:75 - [STDERR_REDIRECT] 
2025-01-27 23:00:13,609 [ERROR] LogOutputStream:75 - [STDERR_REDIRECT] [Fatal Error] :1:1: Premature end of file.
2025-01-27 23:00:13,609 [ERROR] LogOutputStream:75 - [STDERR_REDIRECT] 
2025-01-27 23:00:14,590 [ERROR] LogOutputStream:75 - [STDERR_REDIRECT] [Fatal Error] :1:1: Premature end of file.
2025-01-27 23:00:14,592 [ERROR] LogOutputStream:75 - [STDERR_REDIRECT] 
2025-01-27 23:00:15,589 [ERROR] LogOutputStream:75 - [STDERR_REDIRECT] [Fatal Error] :1:1: Premature end of file.
2025-01-27 23:00:15,589 [ERROR] LogOutputStream:75 - [STDERR_REDIRECT] 
2025-01-27 23:00:16,593 [ERROR] LogOutputStream:75 - [STDERR_REDIRECT] [Fatal Error] :1:1: Premature end of file.
2025-01-27 23:00:16,594 [ERROR] LogOutputStream:75 - [STDERR_REDIRECT] 
2025-01-27 23:00:17,600 [ERROR] LogOutputStream:75 - [STDERR_REDIRECT] [Fatal Error] :1:1: Premature end of file.
2025-01-27 23:00:17,600 [ERROR] LogOutputStream:75 - [STDERR_REDIRECT] 
2025-01-27 23:00:18,592 [ERROR] LogOutputStream:75 - [STDERR_REDIRECT] [Fatal Error] :1:1: Premature end of file.
2025-01-27 23:00:18,592 [ERROR] LogOutputStream:75 - [STDERR_REDIRECT] 
2025-01-27 23:00:19,601 [ERROR] LogOutputStream:75 - [STDERR_REDIRECT] [Fatal Error] :1:1: Premature end of file.
2025-01-27 23:00:19,601 [ERROR] LogOutputStream:75 - [STDERR_REDIRECT] 
2025-01-27 23:00:20,591 [ERROR] LogOutputStream:75 - [STDERR_REDIRECT] [Fatal Error] :1:1: Premature end of file.
2025-01-27 23:00:20,591 [ERROR] LogOutputStream:75 - [STDERR_REDIRECT] 
2025-01-27 23:00:21,596 [ERROR] LogOutputStream:75 - [STDERR_REDIRECT] [Fatal Error] :1:1: Premature end of file.
2025-01-27 23:00:21,596 [ERROR] LogOutputStream:75 - [STDERR_REDIRECT] 
2025-01-27 23:00:22,601 [ERROR] LogOutputStream:75 - [STDERR_REDIRECT] [Fatal Error] :1:1: Premature end of file.
2025-01-27 23:00:22,601 [ERROR] LogOutputStream:75 - [STDERR_REDIRECT] 
2025-01-27 23:00:23,591 [ERROR] LogOutputStream:75 - [STDERR_REDIRECT] [Fatal Error] :1:1: Premature end of file.
2025-01-27 23:00:23,591 [ERROR] LogOutputStream:75 - [STDERR_REDIRECT] 
2025-01-27 23:00:24,611 [ERROR] LogOutputStream:75 - [STDERR_REDIRECT] [Fatal Error] :1:1: Premature end of file.
2025-01-27 23:00:24,611 [ERROR] LogOutputStream:75 - [STDERR_REDIRECT] 
2025-01-27 23:00:25,593 [ERROR] LogOutputStream:75 - [STDERR_REDIRECT] [Fatal Error] :1:1: Premature end of file.
2025-01-27 23:00:25,593 [ERROR] LogOutputStream:75 - [STDERR_REDIRECT] 
2025-01-27 23:00:26,585 [ERROR] LogOutputStream:75 - [STDERR_REDIRECT] [Fatal Error] :1:1: Premature end of file.
2025-01-27 23:00:26,585 [ERROR] LogOutputStream:75 - [STDERR_REDIRECT] 
2025-01-27 23:00:27,583 [ERROR] LogOutputStream:75 - [STDERR_REDIRECT] [Fatal Error] :1:1: Premature end of file.
2025-01-27 23:00:27,583 [ERROR] LogOutputStream:75 - [STDERR_REDIRECT] 
2025-01-27 23:00:28,593 [ERROR] LogOutputStream:75 - [STDERR_REDIRECT] [Fatal Error] :1:1: Premature end of file.
2025-01-27 23:00:28,593 [ERROR] LogOutputStream:75 - [STDERR_REDIRECT] 
2025-01-27 23:00:29,593 [ERROR] LogOutputStream:75 - [STDERR_REDIRECT] [Fatal Error] :1:1: Premature end of file.
2025-01-27 23:00:29,593 [ERROR] LogOutputStream:75 - [STDERR_REDIRECT] 
2025-01-27 23:00:30,580 [ERROR] LogOutputStream:75 - [STDERR_REDIRECT] [Fatal Error] :1:1: Premature end of file.
2025-01-27 23:00:30,580 [ERROR] LogOutputStream:75 - [STDERR_REDIRECT] 
2025-01-27 23:00:31,581 [ERROR] LogOutputStream:75 - [STDERR_REDIRECT] [Fatal Error] :1:1: Premature end of file.
2025-01-27 23:00:31,581 [ERROR] LogOutputStream:75 - [STDERR_REDIRECT] 
2025-01-27 23:00:32,603 [ERROR] LogOutputStream:75 - [STDERR_REDIRECT] [Fatal Error] :1:1: Premature end of file.
2025-01-27 23:00:32,603 [ERROR] LogOutputStream:75 - [STDERR_REDIRECT] 
2025-01-27 23:00:33,592 [ERROR] LogOutputStream:75 - [STDERR_REDIRECT] [Fatal Error] :1:1: Premature end of file.
2025-01-27 23:00:33,592 [ERROR] LogOutputStream:75 - [STDERR_REDIRECT] 
2025-01-27 23:00:34,590 [ERROR] LogOutputStream:75 - [STDERR_REDIRECT] [Fatal Error] :1:1: Premature end of file.
2025-01-27 23:00:34,590 [ERROR] LogOutputStream:75 - [STDERR_REDIRECT] 
2025-01-27 23:00:35,599 [ERROR] LogOutputStream:75 - [STDERR_REDIRECT] [Fatal Error] :1:1: Premature end of file.
2025-01-27 23:00:35,599 [ERROR] LogOutputStream:75 - [STDERR_REDIRECT] 
2025-01-27 23:00:36,584 [ERROR] LogOutputStream:75 - [STDERR_REDIRECT] [Fatal Error] :1:1: Premature end of file.
2025-01-27 23:00:36,584 [ERROR] LogOutputStream:75 - [STDERR_REDIRECT] 
2025-01-27 23:00:37,583 [ERROR] LogOutputStream:75 - [STDERR_REDIRECT] [Fatal Error] :1:1: Premature end of file.
2025-01-27 23:00:37,583 [ERROR] LogOutputStream:75 - [STDERR_REDIRECT] 
2025-01-27 23:00:38,594 [ERROR] LogOutputStream:75 - [STDERR_REDIRECT] [Fatal Error] :1:1: Premature end of file.
2025-01-27 23:00:38,594 [ERROR] LogOutputStream:75 - [STDERR_REDIRECT] 
2025-01-27 23:00:39,587 [ERROR] LogOutputStream:75 - [STDERR_REDIRECT] [Fatal Error] :1:1: Premature end of file.
2025-01-27 23:00:39,587 [ERROR] LogOutputStream:75 - [STDERR_REDIRECT] 
2025-01-27 23:00:40,591 [ERROR] LogOutputStream:75 - [STDERR_REDIRECT] [Fatal Error] :1:1: Premature end of file.
2025-01-27 23:00:40,591 [ERROR] LogOutputStream:75 - [STDERR_REDIRECT] 
2025-01-27 23:00:41,595 [ERROR] LogOutputStream:75 - [STDERR_REDIRECT] [Fatal Error] :1:1: Premature end of file.
2025-01-27 23:00:41,595 [ERROR] LogOutputStream:75 - [STDERR_REDIRECT] 
2025-01-27 23:00:42,594 [ERROR] LogOutputStream:75 - [STDERR_REDIRECT] [Fatal Error] :1:1: Premature end of file.
2025-01-27 23:00:42,594 [ERROR] LogOutputStream:75 - [STDERR_REDIRECT] 
2025-01-27 23:00:43,576 [ERROR] LogOutputStream:75 - [STDERR_REDIRECT] [Fatal Error] :1:1: Premature end of file.
2025-01-27 23:00:43,576 [ERROR] LogOutputStream:75 - [STDERR_REDIRECT] 
2025-01-27 23:00:44,590 [ERROR] LogOutputStream:75 - [STDERR_REDIRECT] [Fatal Error] :1:1: Premature end of file.
2025-01-27 23:00:44,590 [ERROR] LogOutputStream:75 - [STDERR_REDIRECT] 
2025-01-27 23:00:45,579 [ERROR] LogOutputStream:75 - [STDERR_REDIRECT] [Fatal Error] :1:1: Premature end of file.
2025-01-27 23:00:45,579 [ERROR] LogOutputStream:75 - [STDERR_REDIRECT] 
2025-01-27 23:00:46,583 [ERROR] LogOutputStream:75 - [STDERR_REDIRECT] [Fatal Error] :1:1: Premature end of file.
2025-01-27 23:00:46,583 [ERROR] LogOutputStream:75 - [STDERR_REDIRECT] 
2025-01-27 23:00:47,596 [ERROR] LogOutputStream:75 - [STDERR_REDIRECT] [Fatal Error] :1:1: Premature end of file.
2025-01-27 23:00:47,596 [ERROR] LogOutputStream:75 - [STDERR_REDIRECT] 
2025-01-27 23:00:48,596 [ERROR] LogOutputStream:75 - [STDERR_REDIRECT] [Fatal Error] :1:1: Premature end of file.
2025-01-27 23:00:48,596 [ERROR] LogOutputStream:75 - [STDERR_REDIRECT] 
2025-01-27 23:00:49,599 [ERROR] LogOutputStream:75 - [STDERR_REDIRECT] [Fatal Error] :1:1: Premature end of file.
2025-01-27 23:00:49,599 [ERROR] LogOutputStream:75 - [STDERR_REDIRECT] 
2025-01-27 23:00:50,597 [ERROR] LogOutputStream:75 - [STDERR_REDIRECT] [Fatal Error] :1:1: Premature end of file.
2025-01-27 23:00:50,597 [ERROR] LogOutputStream:75 - [STDERR_REDIRECT] 
2025-01-27 23:00:51,594 [ERROR] LogOutputStream:75 - [STDERR_REDIRECT] [Fatal Error] :1:1: Premature end of file.
2025-01-27 23:00:51,594 [ERROR] LogOutputStream:75 - [STDERR_REDIRECT] 
2025-01-27 23:00:52,594 [ERROR] LogOutputStream:75 - [STDERR_REDIRECT] [Fatal Error] :1:1: Premature end of file.
2025-01-27 23:00:52,594 [ERROR] LogOutputStream:75 - [STDERR_REDIRECT] 
2025-01-27 23:00:53,604 [ERROR] LogOutputStream:75 - [STDERR_REDIRECT] [Fatal Error] :1:1: Premature end of file.
2025-01-27 23:00:53,604 [ERROR] LogOutputStream:75 - [STDERR_REDIRECT] 
2025-01-27 23:00:54,588 [ERROR] LogOutputStream:75 - [STDERR_REDIRECT] [Fatal Error] :1:1: Premature end of file.
2025-01-27 23:00:54,588 [ERROR] LogOutputStream:75 - [STDERR_REDIRECT] 
2025-01-27 23:00:55,580 [ERROR] LogOutputStream:75 - [STDERR_REDIRECT] [Fatal Error] :1:1: Premature end of file.
2025-01-27 23:00:55,580 [ERROR] LogOutputStream:75 - [STDERR_REDIRECT] 
2025-01-27 23:00:56,611 [ERROR] LogOutputStream:75 - [STDERR_REDIRECT] [Fatal Error] :1:1: Premature end of file.
2025-01-27 23:00:56,611 [ERROR] LogOutputStream:75 - [STDERR_REDIRECT] 
2025-01-27 23:00:57,601 [ERROR] LogOutputStream:75 - [STDERR_REDIRECT] [Fatal Error] :1:1: Premature end of file.
2025-01-27 23:00:57,601 [ERROR] LogOutputStream:75 - [STDERR_REDIRECT] 
2025-01-27 23:00:58,588 [ERROR] LogOutputStream:75 - [STDERR_REDIRECT] [Fatal Error] :1:1: Premature end of file.
2025-01-27 23:00:58,588 [ERROR] LogOutputStream:75 - [STDERR_REDIRECT] 
2025-01-27 23:00:59,596 [ERROR] LogOutputStream:75 - [STDERR_REDIRECT] [Fatal Error] :1:1: Premature end of file.
2025-01-27 23:00:59,596 [ERROR] LogOutputStream:75 - [STDERR_REDIRECT] 
2025-01-27 23:01:00,593 [ERROR] LogOutputStream:75 - [STDERR_REDIRECT] [Fatal Error] :1:1: Premature end of file.
2025-01-27 23:01:00,595 [ERROR] LogOutputStream:75 - [STDERR_REDIRECT] 
2025-01-27 23:01:01,599 [ERROR] LogOutputStream:75 - [STDERR_REDIRECT] [Fatal Error] :1:1: Premature end of file.
2025-01-27 23:01:01,599 [ERROR] LogOutputStream:75 - [STDERR_REDIRECT] 
2025-01-27 23:01:02,600 [ERROR] LogOutputStream:75 - [STDERR_REDIRECT] [Fatal Error] :1:1: Premature end of file.
2025-01-27 23:01:02,600 [ERROR] LogOutputStream:75 - [STDERR_REDIRECT] 
2025-01-27 23:01:03,583 [ERROR] LogOutputStream:75 - [STDERR_REDIRECT] [Fatal Error] :1:1: Premature end of file.
2025-01-27 23:01:03,584 [ERROR] LogOutputStream:75 - [STDERR_REDIRECT] 
2025-01-27 23:01:04,601 [ERROR] LogOutputStream:75 - [STDERR_REDIRECT] [Fatal Error] :1:1: Premature end of file.
2025-01-27 23:01:04,601 [ERROR] LogOutputStream:75 - [STDERR_REDIRECT] 
2025-01-27 23:01:05,598 [ERROR] LogOutputStream:75 - [STDERR_REDIRECT] [Fatal Error] :1:1: Premature end of file.
2025-01-27 23:01:05,598 [ERROR] LogOutputStream:75 - [STDERR_REDIRECT] 
2025-01-27 23:01:06,593 [ERROR] LogOutputStream:75 - [STDERR_REDIRECT] [Fatal Error] :1:1: Premature end of file.
2025-01-27 23:01:06,593 [ERROR] LogOutputStream:75 - [STDERR_REDIRECT] 
2025-01-27 23:01:07,590 [ERROR] LogOutputStream:75 - [STDERR_REDIRECT] [Fatal Error] :1:1: Premature end of file.
2025-01-27 23:01:07,590 [ERROR] LogOutputStream:75 - [STDERR_REDIRECT] 
2025-01-27 23:01:08,590 [ERROR] LogOutputStream:75 - [STDERR_REDIRECT] [Fatal Error] :1:1: Premature end of file.
2025-01-27 23:01:08,590 [ERROR] LogOutputStream:75 - [STDERR_REDIRECT] 
2025-01-27 23:01:09,600 [ERROR] LogOutputStream:75 - [STDERR_REDIRECT] [Fatal Error] :1:1: Premature end of file.
2025-01-27 23:01:09,601 [ERROR] LogOutputStream:75 - [STDERR_REDIRECT] 
2025-01-27 23:01:10,589 [ERROR] LogOutputStream:75 - [STDERR_REDIRECT] [Fatal Error] :1:1: Premature end of file.
2025-01-27 23:01:10,589 [ERROR] LogOutputStream:75 - [STDERR_REDIRECT] 
2025-01-27 23:01:11,586 [ERROR] LogOutputStream:75 - [STDERR_REDIRECT] [Fatal Error] :1:1: Premature end of file.
2025-01-27 23:01:11,586 [ERROR] LogOutputStream:75 - [STDERR_REDIRECT] 
2025-01-27 23:01:12,605 [ERROR] LogOutputStream:75 - [STDERR_REDIRECT] [Fatal Error] :1:1: Premature end of file.
2025-01-27 23:01:12,605 [ERROR] LogOutputStream:75 - [STDERR_REDIRECT] 
2025-01-27 23:01:13,599 [ERROR] LogOutputStream:75 - [STDERR_REDIRECT] [Fatal Error] :1:1: Premature end of file.
2025-01-27 23:01:13,599 [ERROR] LogOutputStream:75 - [STDERR_REDIRECT] 
2025-01-27 23:01:14,597 [ERROR] LogOutputStream:75 - [STDERR_REDIRECT] [Fatal Error] :1:1: Premature end of file.
2025-01-27 23:01:14,597 [ERROR] LogOutputStream:75 - [STDERR_REDIRECT] 
2025-01-27 23:01:15,585 [ERROR] LogOutputStream:75 - [STDERR_REDIRECT] [Fatal Error] :1:1: Premature end of file.
2025-01-27 23:01:15,585 [ERROR] LogOutputStream:75 - [STDERR_REDIRECT] 
2025-01-27 23:01:16,586 [ERROR] LogOutputStream:75 - [STDERR_REDIRECT] [Fatal Error] :1:1: Premature end of file.
2025-01-27 23:01:16,587 [ERROR] LogOutputStream:75 - [STDERR_REDIRECT] 
2025-01-27 23:01:17,613 [ERROR] LogOutputStream:75 - [STDERR_REDIRECT] [Fatal Error] :1:1: Premature end of file.
2025-01-27 23:01:17,613 [ERROR] LogOutputStream:75 - [STDERR_REDIRECT] 
2025-01-27 23:01:18,598 [ERROR] LogOutputStream:75 - [STDERR_REDIRECT] [Fatal Error] :1:1: Premature end of file.
2025-01-27 23:01:18,598 [ERROR] LogOutputStream:75 - [STDERR_REDIRECT] 
2025-01-27 23:01:19,592 [ERROR] LogOutputStream:75 - [STDERR_REDIRECT] [Fatal Error] :1:1: Premature end of file.
2025-01-27 23:01:19,592 [ERROR] LogOutputStream:75 - [STDERR_REDIRECT] 
2025-01-27 23:01:20,593 [ERROR] LogOutputStream:75 - [STDERR_REDIRECT] [Fatal Error] :1:1: Premature end of file.
2025-01-27 23:01:20,593 [ERROR] LogOutputStream:75 - [STDERR_REDIRECT] 
2025-01-27 23:01:21,592 [ERROR] LogOutputStream:75 - [STDERR_REDIRECT] [Fatal Error] :1:1: Premature end of file.
2025-01-27 23:01:21,592 [ERROR] LogOutputStream:75 - [STDERR_REDIRECT] 
2025-01-27 23:01:22,582 [ERROR] LogOutputStream:75 - [STDERR_REDIRECT] [Fatal Error] :1:1: Premature end of file.
2025-01-27 23:01:22,582 [ERROR] LogOutputStream:75 - [STDERR_REDIRECT] 
2025-01-27 23:01:23,590 [ERROR] LogOutputStream:75 - [STDERR_REDIRECT] [Fatal Error] :1:1: Premature end of file.
2025-01-27 23:01:23,590 [ERROR] LogOutputStream:75 - [STDERR_REDIRECT] 
2025-01-27 23:01:24,587 [ERROR] LogOutputStream:75 - [STDERR_REDIRECT] [Fatal Error] :1:1: Premature end of file.
2025-01-27 23:01:24,587 [ERROR] LogOutputStream:75 - [STDERR_REDIRECT] 
2025-01-27 23:01:25,587 [ERROR] LogOutputStream:75 - [STDERR_REDIRECT] [Fatal Error] :1:1: Premature end of file.
2025-01-27 23:01:25,587 [ERROR] LogOutputStream:75 - [STDERR_REDIRECT] 
2025-01-27 23:01:26,596 [ERROR] LogOutputStream:75 - [STDERR_REDIRECT] [Fatal Error] :1:1: Premature end of file.
2025-01-27 23:01:26,596 [ERROR] LogOutputStream:75 - [STDERR_REDIRECT] 
2025-01-27 23:01:27,589 [ERROR] LogOutputStream:75 - [STDERR_REDIRECT] [Fatal Error] :1:1: Premature end of file.
2025-01-27 23:01:27,589 [ERROR] LogOutputStream:75 - [STDERR_REDIRECT] 
2025-01-27 23:01:28,595 [ERROR] LogOutputStream:75 - [STDERR_REDIRECT] [Fatal Error] :1:1: Premature end of file.
2025-01-27 23:01:28,595 [ERROR] LogOutputStream:75 - [STDERR_REDIRECT] 
2025-01-27 23:01:29,600 [ERROR] LogOutputStream:75 - [STDERR_REDIRECT] [Fatal Error] :1:1: Premature end of file.
2025-01-27 23:01:29,601 [ERROR] LogOutputStream:75 - [STDERR_REDIRECT] 
2025-01-27 23:01:30,602 [ERROR] LogOutputStream:75 - [STDERR_REDIRECT] [Fatal Error] :1:1: Premature end of file.
2025-01-27 23:01:30,602 [ERROR] LogOutputStream:75 - [STDERR_REDIRECT] 
2025-01-27 23:01:31,597 [ERROR] LogOutputStream:75 - [STDERR_REDIRECT] [Fatal Error] :1:1: Premature end of file.
2025-01-27 23:01:31,597 [ERROR] LogOutputStream:75 - [STDERR_REDIRECT] 
2025-01-27 23:01:32,596 [ERROR] LogOutputStream:75 - [STDERR_REDIRECT] [Fatal Error] :1:1: Premature end of file.
2025-01-27 23:01:32,596 [ERROR] LogOutputStream:75 - [STDERR_REDIRECT] 
2025-01-27 23:01:33,577 [ERROR] LogOutputStream:75 - [STDERR_REDIRECT] [Fatal Error] :1:1: Premature end of file.
2025-01-27 23:01:33,577 [ERROR] LogOutputStream:75 - [STDERR_REDIRECT] 
2025-01-27 23:01:34,586 [ERROR] LogOutputStream:75 - [STDERR_REDIRECT] [Fatal Error] :1:1: Premature end of file.
2025-01-27 23:01:34,586 [ERROR] LogOutputStream:75 - [STDERR_REDIRECT] 
2025-01-27 23:01:35,596 [ERROR] LogOutputStream:75 - [STDERR_REDIRECT] [Fatal Error] :1:1: Premature end of file.
2025-01-27 23:01:35,597 [ERROR] LogOutputStream:75 - [STDERR_REDIRECT] 
2025-01-27 23:01:36,582 [ERROR] LogOutputStream:75 - [STDERR_REDIRECT] [Fatal Error] :1:1: Premature end of file.
2025-01-27 23:01:36,582 [ERROR] LogOutputStream:75 - [STDERR_REDIRECT] 
2025-01-27 23:01:37,594 [ERROR] LogOutputStream:75 - [STDERR_REDIRECT] [Fatal Error] :1:1: Premature end of file.
2025-01-27 23:01:37,594 [ERROR] LogOutputStream:75 - [STDERR_REDIRECT] 
2025-01-27 23:01:38,606 [ERROR] LogOutputStream:75 - [STDERR_REDIRECT] [Fatal Error] :1:1: Premature end of file.
2025-01-27 23:01:38,608 [ERROR] LogOutputStream:75 - [STDERR_REDIRECT] 
2025-01-27 23:01:39,582 [ERROR] LogOutputStream:75 - [STDERR_REDIRECT] [Fatal Error] :1:1: Premature end of file.
2025-01-27 23:01:39,582 [ERROR] LogOutputStream:75 - [STDERR_REDIRECT] 
2025-01-27 23:01:40,591 [ERROR] LogOutputStream:75 - [STDERR_REDIRECT] [Fatal Error] :1:1: Premature end of file.
2025-01-27 23:01:40,591 [ERROR] LogOutputStream:75 - [STDERR_REDIRECT] 
2025-01-27 23:01:41,595 [ERROR] LogOutputStream:75 - [STDERR_REDIRECT] [Fatal Error] :1:1: Premature end of file.
2025-01-27 23:01:41,595 [ERROR] LogOutputStream:75 - [STDERR_REDIRECT] 
2025-01-27 23:01:42,587 [ERROR] LogOutputStream:75 - [STDERR_REDIRECT] [Fatal Error] :1:1: Premature end of file.
2025-01-27 23:01:42,587 [ERROR] LogOutputStream:75 - [STDERR_REDIRECT] 
2025-01-27 23:01:43,593 [ERROR] LogOutputStream:75 - [STDERR_REDIRECT] [Fatal Error] :1:1: Premature end of file.
2025-01-27 23:01:43,593 [ERROR] LogOutputStream:75 - [STDERR_REDIRECT] 
2025-01-27 23:01:44,574 [ERROR] LogOutputStream:75 - [STDERR_REDIRECT] [Fatal Error] :1:1: Premature end of file.
2025-01-27 23:01:44,576 [ERROR] LogOutputStream:75 - [STDERR_REDIRECT] 
2025-01-27 23:01:45,606 [ERROR] LogOutputStream:75 - [STDERR_REDIRECT] [Fatal Error] :1:1: Premature end of file.
2025-01-27 23:01:45,606 [ERROR] LogOutputStream:75 - [STDERR_REDIRECT] 
2025-01-27 23:01:46,594 [ERROR] LogOutputStream:75 - [STDERR_REDIRECT] [Fatal Error] :1:1: Premature end of file.
2025-01-27 23:01:46,596 [ERROR] LogOutputStream:75 - [STDERR_REDIRECT] 
2025-01-27 23:01:47,600 [ERROR] LogOutputStream:75 - [STDERR_REDIRECT] [Fatal Error] :1:1: Premature end of file.
2025-01-27 23:01:47,600 [ERROR] LogOutputStream:75 - [STDERR_REDIRECT] 
2025-01-27 23:01:48,598 [ERROR] LogOutputStream:75 - [STDERR_REDIRECT] [Fatal Error] :1:1: Premature end of file.
2025-01-27 23:01:48,598 [ERROR] LogOutputStream:75 - [STDERR_REDIRECT] 
2025-01-27 23:01:49,603 [ERROR] LogOutputStream:75 - [STDERR_REDIRECT] [Fatal Error] :1:1: Premature end of file.
2025-01-27 23:01:49,603 [ERROR] LogOutputStream:75 - [STDERR_REDIRECT] 
2025-01-27 23:01:50,598 [ERROR] LogOutputStream:75 - [STDERR_REDIRECT] [Fatal Error] :1:1: Premature end of file.
2025-01-27 23:01:50,598 [ERROR] LogOutputStream:75 - [STDERR_REDIRECT] 
2025-01-27 23:01:51,593 [ERROR] LogOutputStream:75 - [STDERR_REDIRECT] [Fatal Error] :1:1: Premature end of file.
2025-01-27 23:01:51,593 [ERROR] LogOutputStream:75 - [STDERR_REDIRECT] 
2025-01-27 23:01:52,602 [ERROR] LogOutputStream:75 - [STDERR_REDIRECT] [Fatal Error] :1:1: Premature end of file.
2025-01-27 23:01:52,602 [ERROR] LogOutputStream:75 - [STDERR_REDIRECT] 
2025-01-27 23:01:53,597 [ERROR] LogOutputStream:75 - [STDERR_REDIRECT] [Fatal Error] :1:1: Premature end of file.
2025-01-27 23:01:53,597 [ERROR] LogOutputStream:75 - [STDERR_REDIRECT] 
2025-01-27 23:01:54,591 [ERROR] LogOutputStream:75 - [STDERR_REDIRECT] [Fatal Error] :1:1: Premature end of file.
2025-01-27 23:01:54,591 [ERROR] LogOutputStream:75 - [STDERR_REDIRECT] 
2025-01-27 23:01:55,583 [ERROR] LogOutputStream:75 - [STDERR_REDIRECT] [Fatal Error] :1:1: Premature end of file.
2025-01-27 23:01:55,583 [ERROR] LogOutputStream:75 - [STDERR_REDIRECT] 
2025-01-27 23:01:56,601 [ERROR] LogOutputStream:75 - [STDERR_REDIRECT] [Fatal Error] :1:1: Premature end of file.
2025-01-27 23:01:56,601 [ERROR] LogOutputStream:75 - [STDERR_REDIRECT] 
2025-01-27 23:01:57,576 [ERROR] LogOutputStream:75 - [STDERR_REDIRECT] [Fatal Error] :1:1: Premature end of file.
2025-01-27 23:01:57,576 [ERROR] LogOutputStream:75 - [STDERR_REDIRECT] 
2025-01-27 23:01:58,585 [ERROR] LogOutputStream:75 - [STDERR_REDIRECT] [Fatal Error] :1:1: Premature end of file.
2025-01-27 23:01:58,585 [ERROR] LogOutputStream:75 - [STDERR_REDIRECT] 
2025-01-27 23:01:59,594 [ERROR] LogOutputStream:75 - [STDERR_REDIRECT] [Fatal Error] :1:1: Premature end of file.
2025-01-27 23:01:59,594 [ERROR] LogOutputStream:75 - [STDERR_REDIRECT] 
2025-01-27 23:02:00,593 [ERROR] LogOutputStream:75 - [STDERR_REDIRECT] [Fatal Error] :1:1: Premature end of file.
2025-01-27 23:02:00,593 [ERROR] LogOutputStream:75 - [STDERR_REDIRECT] 
2025-01-27 23:02:01,587 [ERROR] LogOutputStream:75 - [STDERR_REDIRECT] [Fatal Error] :1:1: Premature end of file.
2025-01-27 23:02:01,587 [ERROR] LogOutputStream:75 - [STDERR_REDIRECT] 
2025-01-27 23:02:02,594 [ERROR] LogOutputStream:75 - [STDERR_REDIRECT] [Fatal Error] :1:1: Premature end of file.
2025-01-27 23:02:02,595 [ERROR] LogOutputStream:75 - [STDERR_REDIRECT] 
2025-01-27 23:02:03,597 [ERROR] LogOutputStream:75 - [STDERR_REDIRECT] [Fatal Error] :1:1: Premature end of file.
2025-01-27 23:02:03,597 [ERROR] LogOutputStream:75 - [STDERR_REDIRECT] 
2025-01-27 23:02:04,597 [ERROR] LogOutputStream:75 - [STDERR_REDIRECT] [Fatal Error] :1:1: Premature end of file.
2025-01-27 23:02:04,598 [ERROR] LogOutputStream:75 - [STDERR_REDIRECT] 
2025-01-27 23:02:05,592 [ERROR] LogOutputStream:75 - [STDERR_REDIRECT] [Fatal Error] :1:1: Premature end of file.
2025-01-27 23:02:05,592 [ERROR] LogOutputStream:75 - [STDERR_REDIRECT] 
2025-01-27 23:02:06,582 [ERROR] LogOutputStream:75 - [STDERR_REDIRECT] [Fatal Error] :1:1: Premature end of file.
2025-01-27 23:02:06,582 [ERROR] LogOutputStream:75 - [STDERR_REDIRECT] 
2025-01-27 23:02:07,599 [ERROR] LogOutputStream:75 - [STDERR_REDIRECT] [Fatal Error] :1:1: Premature end of file.
2025-01-27 23:02:07,599 [ERROR] LogOutputStream:75 - [STDERR_REDIRECT] 
2025-01-27 23:02:08,594 [ERROR] LogOutputStream:75 - [STDERR_REDIRECT] [Fatal Error] :1:1: Premature end of file.
2025-01-27 23:02:08,594 [ERROR] LogOutputStream:75 - [STDERR_REDIRECT] 
2025-01-27 23:02:09,604 [ERROR] LogOutputStream:75 - [STDERR_REDIRECT] [Fatal Error] :1:1: Premature end of file.
2025-01-27 23:02:09,604 [ERROR] LogOutputStream:75 - [STDERR_REDIRECT] 
2025-01-27 23:02:10,600 [ERROR] LogOutputStream:75 - [STDERR_REDIRECT] [Fatal Error] :1:1: Premature end of file.
2025-01-27 23:02:10,600 [ERROR] LogOutputStream:75 - [STDERR_REDIRECT] 
2025-01-27 23:02:11,596 [ERROR] LogOutputStream:75 - [STDERR_REDIRECT] [Fatal Error] :1:1: Premature end of file.
2025-01-27 23:02:11,596 [ERROR] LogOutputStream:75 - [STDERR_REDIRECT] 
2025-01-27 23:02:12,590 [ERROR] LogOutputStream:75 - [STDERR_REDIRECT] [Fatal Error] :1:1: Premature end of file.
2025-01-27 23:02:12,590 [ERROR] LogOutputStream:75 - [STDERR_REDIRECT] 
2025-01-27 23:02:13,593 [ERROR] LogOutputStream:75 - [STDERR_REDIRECT] [Fatal Error] :1:1: Premature end of file.
2025-01-27 23:02:13,593 [ERROR] LogOutputStream:75 - [STDERR_REDIRECT] 
2025-01-27 23:02:14,589 [ERROR] LogOutputStream:75 - [STDERR_REDIRECT] [Fatal Error] :1:1: Premature end of file.
2025-01-27 23:02:14,591 [ERROR] LogOutputStream:75 - [STDERR_REDIRECT] 
2025-01-27 23:02:15,599 [ERROR] LogOutputStream:75 - [STDERR_REDIRECT] [Fatal Error] :1:1: Premature end of file.
2025-01-27 23:02:15,599 [ERROR] LogOutputStream:75 - [STDERR_REDIRECT] 
2025-01-27 23:02:16,583 [ERROR] LogOutputStream:75 - [STDERR_REDIRECT] [Fatal Error] :1:1: Premature end of file.
2025-01-27 23:02:16,583 [ERROR] LogOutputStream:75 - [STDERR_REDIRECT] 
2025-01-27 23:02:17,606 [ERROR] LogOutputStream:75 - [STDERR_REDIRECT] [Fatal Error] :1:1: Premature end of file.
2025-01-27 23:02:17,606 [ERROR] LogOutputStream:75 - [STDERR_REDIRECT] 
2025-01-27 23:02:18,598 [ERROR] LogOutputStream:75 - [STDERR_REDIRECT] [Fatal Error] :1:1: Premature end of file.
2025-01-27 23:02:18,598 [ERROR] LogOutputStream:75 - [STDERR_REDIRECT] 
2025-01-27 23:02:19,601 [ERROR] LogOutputStream:75 - [STDERR_REDIRECT] [Fatal Error] :1:1: Premature end of file.
2025-01-27 23:02:19,601 [ERROR] LogOutputStream:75 - [STDERR_REDIRECT] 
2025-01-27 23:02:20,593 [ERROR] LogOutputStream:75 - [STDERR_REDIRECT] [Fatal Error] :1:1: Premature end of file.
2025-01-27 23:02:20,593 [ERROR] LogOutputStream:75 - [STDERR_REDIRECT] 
2025-01-27 23:02:21,591 [ERROR] LogOutputStream:75 - [STDERR_REDIRECT] [Fatal Error] :1:1: Premature end of file.
2025-01-27 23:02:21,591 [ERROR] LogOutputStream:75 - [STDERR_REDIRECT] 
2025-01-27 23:02:22,591 [ERROR] LogOutputStream:75 - [STDERR_REDIRECT] [Fatal Error] :1:1: Premature end of file.
2025-01-27 23:02:22,591 [ERROR] LogOutputStream:75 - [STDERR_REDIRECT] 
2025-01-27 23:02:23,600 [ERROR] LogOutputStream:75 - [STDERR_REDIRECT] [Fatal Error] :1:1: Premature end of file.
2025-01-27 23:02:23,600 [ERROR] LogOutputStream:75 - [STDERR_REDIRECT] 
2025-01-27 23:02:24,591 [ERROR] LogOutputStream:75 - [STDERR_REDIRECT] [Fatal Error] :1:1: Premature end of file.
2025-01-27 23:02:24,591 [ERROR] LogOutputStream:75 - [STDERR_REDIRECT] 
2025-01-27 23:02:25,593 [ERROR] LogOutputStream:75 - [STDERR_REDIRECT] [Fatal Error] :1:1: Premature end of file.
2025-01-27 23:02:25,593 [ERROR] LogOutputStream:75 - [STDERR_REDIRECT] 
2025-01-27 23:02:26,604 [ERROR] LogOutputStream:75 - [STDERR_REDIRECT] [Fatal Error] :1:1: Premature end of file.
2025-01-27 23:02:26,604 [ERROR] LogOutputStream:75 - [STDERR_REDIRECT] 
2025-01-27 23:02:27,593 [ERROR] LogOutputStream:75 - [STDERR_REDIRECT] [Fatal Error] :1:1: Premature end of file.
2025-01-27 23:02:27,593 [ERROR] LogOutputStream:75 - [STDERR_REDIRECT] 
2025-01-27 23:02:28,593 [ERROR] LogOutputStream:75 - [STDERR_REDIRECT] [Fatal Error] :1:1: Premature end of file.
2025-01-27 23:02:28,593 [ERROR] LogOutputStream:75 - [STDERR_REDIRECT] 
2025-01-27 23:02:29,591 [ERROR] LogOutputStream:75 - [STDERR_REDIRECT] [Fatal Error] :1:1: Premature end of file.
2025-01-27 23:02:29,591 [ERROR] LogOutputStream:75 - [STDERR_REDIRECT] 
2025-01-27 23:02:30,594 [ERROR] LogOutputStream:75 - [STDERR_REDIRECT] [Fatal Error] :1:1: Premature end of file.
2025-01-27 23:02:30,594 [ERROR] LogOutputStream:75 - [STDERR_REDIRECT] 
2025-01-27 23:02:31,606 [ERROR] LogOutputStream:75 - [STDERR_REDIRECT] [Fatal Error] :1:1: Premature end of file.
2025-01-27 23:02:31,606 [ERROR] LogOutputStream:75 - [STDERR_REDIRECT] 
2025-01-27 23:02:32,599 [ERROR] LogOutputStream:75 - [STDERR_REDIRECT] [Fatal Error] :1:1: Premature end of file.
2025-01-27 23:02:32,599 [ERROR] LogOutputStream:75 - [STDERR_REDIRECT] 
2025-01-27 23:02:33,604 [ERROR] LogOutputStream:75 - [STDERR_REDIRECT] [Fatal Error] :1:1: Premature end of file.
2025-01-27 23:02:33,604 [ERROR] LogOutputStream:75 - [STDERR_REDIRECT] 
2025-01-27 23:02:34,588 [ERROR] LogOutputStream:75 - [STDERR_REDIRECT] [Fatal Error] :1:1: Premature end of file.
2025-01-27 23:02:34,588 [ERROR] LogOutputStream:75 - [STDERR_REDIRECT] 
2025-01-27 23:02:35,594 [ERROR] LogOutputStream:75 - [STDERR_REDIRECT] [Fatal Error] :1:1: Premature end of file.
2025-01-27 23:02:35,594 [ERROR] LogOutputStream:75 - [STDERR_REDIRECT] 
2025-01-27 23:02:36,592 [ERROR] LogOutputStream:75 - [STDERR_REDIRECT] [Fatal Error] :1:1: Premature end of file.
2025-01-27 23:02:36,592 [ERROR] LogOutputStream:75 - [STDERR_REDIRECT] 
2025-01-27 23:02:37,596 [ERROR] LogOutputStream:75 - [STDERR_REDIRECT] [Fatal Error] :1:1: Premature end of file.
2025-01-27 23:02:37,596 [ERROR] LogOutputStream:75 - [STDERR_REDIRECT] 
2025-01-27 23:02:38,580 [ERROR] LogOutputStream:75 - [STDERR_REDIRECT] [Fatal Error] :1:1: Premature end of file.
2025-01-27 23:02:38,581 [ERROR] LogOutputStream:75 - [STDERR_REDIRECT] 
2025-01-27 23:02:39,596 [ERROR] LogOutputStream:75 - [STDERR_REDIRECT] [Fatal Error] :1:1: Premature end of file.
2025-01-27 23:02:39,596 [ERROR] LogOutputStream:75 - [STDERR_REDIRECT] 
2025-01-27 23:02:40,594 [ERROR] LogOutputStream:75 - [STDERR_REDIRECT] [Fatal Error] :1:1: Premature end of file.
2025-01-27 23:02:40,594 [ERROR] LogOutputStream:75 - [STDERR_REDIRECT] 
2025-01-27 23:02:41,586 [ERROR] LogOutputStream:75 - [STDERR_REDIRECT] [Fatal Error] :1:1: Premature end of file.
2025-01-27 23:02:41,586 [ERROR] LogOutputStream:75 - [STDERR_REDIRECT] 
2025-01-27 23:02:42,578 [ERROR] LogOutputStream:75 - [STDERR_REDIRECT] [Fatal Error] :1:1: Premature end of file.
2025-01-27 23:02:42,578 [ERROR] LogOutputStream:75 - [STDERR_REDIRECT] 
2025-01-27 23:02:43,593 [ERROR] LogOutputStream:75 - [STDERR_REDIRECT] [Fatal Error] :1:1: Premature end of file.
2025-01-27 23:02:43,593 [ERROR] LogOutputStream:75 - [STDERR_REDIRECT] 
2025-01-27 23:02:44,599 [ERROR] LogOutputStream:75 - [STDERR_REDIRECT] [Fatal Error] :1:1: Premature end of file.
2025-01-27 23:02:44,599 [ERROR] LogOutputStream:75 - [STDERR_REDIRECT] 
2025-01-27 23:02:45,590 [ERROR] LogOutputStream:75 - [STDERR_REDIRECT] [Fatal Error] :1:1: Premature end of file.
2025-01-27 23:02:45,590 [ERROR] LogOutputStream:75 - [STDERR_REDIRECT] 
2025-01-27 23:02:46,586 [ERROR] LogOutputStream:75 - [STDERR_REDIRECT] [Fatal Error] :1:1: Premature end of file.
2025-01-27 23:02:46,586 [ERROR] LogOutputStream:75 - [STDERR_REDIRECT] 
2025-01-27 23:02:47,597 [ERROR] LogOutputStream:75 - [STDERR_REDIRECT] [Fatal Error] :1:1: Premature end of file.
2025-01-27 23:02:47,597 [ERROR] LogOutputStream:75 - [STDERR_REDIRECT] 
2025-01-27 23:02:48,594 [ERROR] LogOutputStream:75 - [STDERR_REDIRECT] [Fatal Error] :1:1: Premature end of file.
2025-01-27 23:02:48,596 [ERROR] LogOutputStream:75 - [STDERR_REDIRECT] 
2025-01-27 23:02:49,584 [ERROR] LogOutputStream:75 - [STDERR_REDIRECT] [Fatal Error] :1:1: Premature end of file.
2025-01-27 23:02:49,584 [ERROR] LogOutputStream:75 - [STDERR_REDIRECT] 
2025-01-27 23:02:50,597 [ERROR] LogOutputStream:75 - [STDERR_REDIRECT] [Fatal Error] :1:1: Premature end of file.
2025-01-27 23:02:50,597 [ERROR] LogOutputStream:75 - [STDERR_REDIRECT] 
2025-01-27 23:02:51,577 [ERROR] LogOutputStream:75 - [STDERR_REDIRECT] [Fatal Error] :1:1: Premature end of file.
2025-01-27 23:02:51,577 [ERROR] LogOutputStream:75 - [STDERR_REDIRECT] 
2025-01-27 23:02:52,582 [ERROR] LogOutputStream:75 - [STDERR_REDIRECT] [Fatal Error] :1:1: Premature end of file.
2025-01-27 23:02:52,582 [ERROR] LogOutputStream:75 - [STDERR_REDIRECT] 
2025-01-27 23:02:53,598 [ERROR] LogOutputStream:75 - [STDERR_REDIRECT] [Fatal Error] :1:1: Premature end of file.
2025-01-27 23:02:53,598 [ERROR] LogOutputStream:75 - [STDERR_REDIRECT] 
2025-01-27 23:02:54,581 [ERROR] LogOutputStream:75 - [STDERR_REDIRECT] [Fatal Error] :1:1: Premature end of file.
2025-01-27 23:02:54,581 [ERROR] LogOutputStream:75 - [STDERR_REDIRECT] 
2025-01-27 23:02:55,588 [ERROR] LogOutputStream:75 - [STDERR_REDIRECT] [Fatal Error] :1:1: Premature end of file.
2025-01-27 23:02:55,588 [ERROR] LogOutputStream:75 - [STDERR_REDIRECT] 
2025-01-27 23:02:56,599 [ERROR] LogOutputStream:75 - [STDERR_REDIRECT] [Fatal Error] :1:1: Premature end of file.
2025-01-27 23:02:56,599 [ERROR] LogOutputStream:75 - [STDERR_REDIRECT] 
2025-01-27 23:02:57,608 [ERROR] LogOutputStream:75 - [STDERR_REDIRECT] [Fatal Error] :1:1: Premature end of file.
2025-01-27 23:02:57,608 [ERROR] LogOutputStream:75 - [STDERR_REDIRECT] 
2025-01-27 23:02:58,596 [ERROR] LogOutputStream:75 - [STDERR_REDIRECT] [Fatal Error] :1:1: Premature end of file.
2025-01-27 23:02:58,596 [ERROR] LogOutputStream:75 - [STDERR_REDIRECT] 
2025-01-27 23:02:59,596 [ERROR] LogOutputStream:75 - [STDERR_REDIRECT] [Fatal Error] :1:1: Premature end of file.
2025-01-27 23:02:59,596 [ERROR] LogOutputStream:75 - [STDERR_REDIRECT] 
2025-01-27 23:03:00,584 [ERROR] LogOutputStream:75 - [STDERR_REDIRECT] [Fatal Error] :1:1: Premature end of file.
2025-01-27 23:03:00,585 [ERROR] LogOutputStream:75 - [STDERR_REDIRECT] 
2025-01-27 23:03:01,589 [ERROR] LogOutputStream:75 - [STDERR_REDIRECT] [Fatal Error] :1:1: Premature end of file.
2025-01-27 23:03:01,589 [ERROR] LogOutputStream:75 - [STDERR_REDIRECT] 
2025-01-27 23:03:02,596 [ERROR] LogOutputStream:75 - [STDERR_REDIRECT] [Fatal Error] :1:1: Premature end of file.
2025-01-27 23:03:02,596 [ERROR] LogOutputStream:75 - [STDERR_REDIRECT] 
2025-01-27 23:03:03,593 [ERROR] LogOutputStream:75 - [STDERR_REDIRECT] [Fatal Error] :1:1: Premature end of file.
2025-01-27 23:03:03,593 [ERROR] LogOutputStream:75 - [STDERR_REDIRECT] 
2025-01-27 23:03:04,589 [ERROR] LogOutputStream:75 - [STDERR_REDIRECT] [Fatal Error] :1:1: Premature end of file.
2025-01-27 23:03:04,589 [ERROR] LogOutputStream:75 - [STDERR_REDIRECT] 
2025-01-27 23:03:05,595 [ERROR] LogOutputStream:75 - [STDERR_REDIRECT] [Fatal Error] :1:1: Premature end of file.
2025-01-27 23:03:05,595 [ERROR] LogOutputStream:75 - [STDERR_REDIRECT] 
2025-01-27 23:03:06,581 [ERROR] LogOutputStream:75 - [STDERR_REDIRECT] [Fatal Error] :1:1: Premature end of file.
2025-01-27 23:03:06,581 [ERROR] LogOutputStream:75 - [STDERR_REDIRECT] 
2025-01-27 23:03:07,593 [ERROR] LogOutputStream:75 - [STDERR_REDIRECT] [Fatal Error] :1:1: Premature end of file.
2025-01-27 23:03:07,593 [ERROR] LogOutputStream:75 - [STDERR_REDIRECT] 
2025-01-27 23:03:08,589 [ERROR] LogOutputStream:75 - [STDERR_REDIRECT] [Fatal Error] :1:1: Premature end of file.
2025-01-27 23:03:08,589 [ERROR] LogOutputStream:75 - [STDERR_REDIRECT] 
2025-01-27 23:03:09,584 [ERROR] LogOutputStream:75 - [STDERR_REDIRECT] [Fatal Error] :1:1: Premature end of file.
2025-01-27 23:03:09,584 [ERROR] LogOutputStream:75 - [STDERR_REDIRECT] 
2025-01-27 23:03:10,588 [ERROR] LogOutputStream:75 - [STDERR_REDIRECT] [Fatal Error] :1:1: Premature end of file.
2025-01-27 23:03:10,588 [ERROR] LogOutputStream:75 - [STDERR_REDIRECT] 
2025-01-27 23:03:11,591 [ERROR] LogOutputStream:75 - [STDERR_REDIRECT] [Fatal Error] :1:1: Premature end of file.
2025-01-27 23:03:11,591 [ERROR] LogOutputStream:75 - [STDERR_REDIRECT] 
2025-01-27 23:03:12,587 [ERROR] LogOutputStream:75 - [STDERR_REDIRECT] [Fatal Error] :1:1: Premature end of file.
2025-01-27 23:03:12,587 [ERROR] LogOutputStream:75 - [STDERR_REDIRECT] 
2025-01-27 23:03:13,617 [ERROR] LogOutputStream:75 - [STDERR_REDIRECT] [Fatal Error] :1:1: Premature end of file.
2025-01-27 23:03:13,617 [ERROR] LogOutputStream:75 - [STDERR_REDIRECT] 
2025-01-27 23:03:14,573 [ERROR] LogOutputStream:75 - [STDERR_REDIRECT] [Fatal Error] :1:1: Premature end of file.
2025-01-27 23:03:14,573 [ERROR] LogOutputStream:75 - [STDERR_REDIRECT] 
2025-01-27 23:03:15,579 [ERROR] LogOutputStream:75 - [STDERR_REDIRECT] [Fatal Error] :1:1: Premature end of file.
2025-01-27 23:03:15,579 [ERROR] LogOutputStream:75 - [STDERR_REDIRECT] 
2025-01-27 23:03:16,593 [ERROR] LogOutputStream:75 - [STDERR_REDIRECT] [Fatal Error] :1:1: Premature end of file.
2025-01-27 23:03:16,595 [ERROR] LogOutputStream:75 - [STDERR_REDIRECT] 
2025-01-27 23:03:17,600 [ERROR] LogOutputStream:75 - [STDERR_REDIRECT] [Fatal Error] :1:1: Premature end of file.
2025-01-27 23:03:17,600 [ERROR] LogOutputStream:75 - [STDERR_REDIRECT] 
2025-01-27 23:03:18,580 [ERROR] LogOutputStream:75 - [STDERR_REDIRECT] [Fatal Error] :1:1: Premature end of file.
2025-01-27 23:03:18,580 [ERROR] LogOutputStream:75 - [STDERR_REDIRECT] 
2025-01-27 23:03:19,591 [ERROR] LogOutputStream:75 - [STDERR_REDIRECT] [Fatal Error] :1:1: Premature end of file.
2025-01-27 23:03:19,591 [ERROR] LogOutputStream:75 - [STDERR_REDIRECT] 
2025-01-27 23:03:20,574 [ERROR] LogOutputStream:75 - [STDERR_REDIRECT] [Fatal Error] :1:1: Premature end of file.
2025-01-27 23:03:20,574 [ERROR] LogOutputStream:75 - [STDERR_REDIRECT] 
2025-01-27 23:03:21,593 [ERROR] LogOutputStream:75 - [STDERR_REDIRECT] [Fatal Error] :1:1: Premature end of file.
2025-01-27 23:03:21,594 [ERROR] LogOutputStream:75 - [STDERR_REDIRECT] 
2025-01-27 23:03:22,586 [ERROR] LogOutputStream:75 - [STDERR_REDIRECT] [Fatal Error] :1:1: Premature end of file.
2025-01-27 23:03:22,586 [ERROR] LogOutputStream:75 - [STDERR_REDIRECT] 
2025-01-27 23:03:23,598 [ERROR] LogOutputStream:75 - [STDERR_REDIRECT] [Fatal Error] :1:1: Premature end of file.
2025-01-27 23:03:23,598 [ERROR] LogOutputStream:75 - [STDERR_REDIRECT] 
2025-01-27 23:03:24,596 [ERROR] LogOutputStream:75 - [STDERR_REDIRECT] [Fatal Error] :1:1: Premature end of file.
2025-01-27 23:03:24,597 [ERROR] LogOutputStream:75 - [STDERR_REDIRECT] 
2025-01-27 23:03:25,578 [ERROR] LogOutputStream:75 - [STDERR_REDIRECT] [Fatal Error] :1:1: Premature end of file.
2025-01-27 23:03:25,578 [ERROR] LogOutputStream:75 - [STDERR_REDIRECT] 
2025-01-27 23:03:26,581 [ERROR] LogOutputStream:75 - [STDERR_REDIRECT] [Fatal Error] :1:1: Premature end of file.
2025-01-27 23:03:26,581 [ERROR] LogOutputStream:75 - [STDERR_REDIRECT] 
2025-01-27 23:03:27,595 [ERROR] LogOutputStream:75 - [STDERR_REDIRECT] [Fatal Error] :1:1: Premature end of file.
2025-01-27 23:03:27,595 [ERROR] LogOutputStream:75 - [STDERR_REDIRECT] 
2025-01-27 23:03:28,584 [ERROR] LogOutputStream:75 - [STDERR_REDIRECT] [Fatal Error] :1:1: Premature end of file.
2025-01-27 23:03:28,584 [ERROR] LogOutputStream:75 - [STDERR_REDIRECT] 
2025-01-27 23:03:29,598 [ERROR] LogOutputStream:75 - [STDERR_REDIRECT] [Fatal Error] :1:1: Premature end of file.
2025-01-27 23:03:29,598 [ERROR] LogOutputStream:75 - [STDERR_REDIRECT] 
2025-01-27 23:03:30,596 [ERROR] LogOutputStream:75 - [STDERR_REDIRECT] [Fatal Error] :1:1: Premature end of file.
2025-01-27 23:03:30,596 [ERROR] LogOutputStream:75 - [STDERR_REDIRECT] 
2025-01-27 23:03:31,594 [ERROR] LogOutputStream:75 - [STDERR_REDIRECT] [Fatal Error] :1:1: Premature end of file.
2025-01-27 23:03:31,594 [ERROR] LogOutputStream:75 - [STDERR_REDIRECT] 
2025-01-27 23:03:32,598 [ERROR] LogOutputStream:75 - [STDERR_REDIRECT] [Fatal Error] :1:1: Premature end of file.
2025-01-27 23:03:32,598 [ERROR] LogOutputStream:75 - [STDERR_REDIRECT] 
2025-01-27 23:03:33,586 [ERROR] LogOutputStream:75 - [STDERR_REDIRECT] [Fatal Error] :1:1: Premature end of file.
2025-01-27 23:03:33,586 [ERROR] LogOutputStream:75 - [STDERR_REDIRECT] 
2025-01-27 23:03:34,577 [ERROR] LogOutputStream:75 - [STDERR_REDIRECT] [Fatal Error] :1:1: Premature end of file.
2025-01-27 23:03:34,577 [ERROR] LogOutputStream:75 - [STDERR_REDIRECT] 
2025-01-27 23:03:35,596 [ERROR] LogOutputStream:75 - [STDERR_REDIRECT] [Fatal Error] :1:1: Premature end of file.
2025-01-27 23:03:35,596 [ERROR] LogOutputStream:75 - [STDERR_REDIRECT] 
2025-01-27 23:03:36,584 [ERROR] LogOutputStream:75 - [STDERR_REDIRECT] [Fatal Error] :1:1: Premature end of file.
2025-01-27 23:03:36,584 [ERROR] LogOutputStream:75 - [STDERR_REDIRECT] 
2025-01-27 23:03:37,596 [ERROR] LogOutputStream:75 - [STDERR_REDIRECT] [Fatal Error] :1:1: Premature end of file.
2025-01-27 23:03:37,596 [ERROR] LogOutputStream:75 - [STDERR_REDIRECT] 
2025-01-27 23:03:38,577 [ERROR] LogOutputStream:75 - [STDERR_REDIRECT] [Fatal Error] :1:1: Premature end of file.
2025-01-27 23:03:38,577 [ERROR] LogOutputStream:75 - [STDERR_REDIRECT] 
2025-01-27 23:03:39,581 [ERROR] LogOutputStream:75 - [STDERR_REDIRECT] [Fatal Error] :1:1: Premature end of file.
2025-01-27 23:03:39,581 [ERROR] LogOutputStream:75 - [STDERR_REDIRECT] 
2025-01-27 23:03:40,592 [ERROR] LogOutputStream:75 - [STDERR_REDIRECT] [Fatal Error] :1:1: Premature end of file.
2025-01-27 23:03:40,594 [ERROR] LogOutputStream:75 - [STDERR_REDIRECT] 
2025-01-27 23:03:41,596 [ERROR] LogOutputStream:75 - [STDERR_REDIRECT] [Fatal Error] :1:1: Premature end of file.
2025-01-27 23:03:41,596 [ERROR] LogOutputStream:75 - [STDERR_REDIRECT] 
2025-01-27 23:03:42,591 [ERROR] LogOutputStream:75 - [STDERR_REDIRECT] [Fatal Error] :1:1: Premature end of file.
2025-01-27 23:03:42,591 [ERROR] LogOutputStream:75 - [STDERR_REDIRECT] 
2025-01-27 23:03:43,598 [ERROR] LogOutputStream:75 - [STDERR_REDIRECT] [Fatal Error] :1:1: Premature end of file.
2025-01-27 23:03:43,600 [ERROR] LogOutputStream:75 - [STDERR_REDIRECT] 
2025-01-27 23:03:44,621 [ERROR] LogOutputStream:75 - [STDERR_REDIRECT] [Fatal Error] :1:1: Premature end of file.
2025-01-27 23:03:44,621 [ERROR] LogOutputStream:75 - [STDERR_REDIRECT] 
2025-01-27 23:03:45,593 [ERROR] LogOutputStream:75 - [STDERR_REDIRECT] [Fatal Error] :1:1: Premature end of file.
2025-01-27 23:03:45,593 [ERROR] LogOutputStream:75 - [STDERR_REDIRECT] 
2025-01-27 23:03:46,593 [ERROR] LogOutputStream:75 - [STDERR_REDIRECT] [Fatal Error] :1:1: Premature end of file.
2025-01-27 23:03:46,593 [ERROR] LogOutputStream:75 - [STDERR_REDIRECT] 
2025-01-27 23:03:47,592 [ERROR] LogOutputStream:75 - [STDERR_REDIRECT] [Fatal Error] :1:1: Premature end of file.
2025-01-27 23:03:47,592 [ERROR] LogOutputStream:75 - [STDERR_REDIRECT] 
2025-01-27 23:03:48,597 [ERROR] LogOutputStream:75 - [STDERR_REDIRECT] [Fatal Error] :1:1: Premature end of file.
2025-01-27 23:03:48,597 [ERROR] LogOutputStream:75 - [STDERR_REDIRECT] 
2025-01-27 23:03:49,595 [ERROR] LogOutputStream:75 - [STDERR_REDIRECT] [Fatal Error] :1:1: Premature end of file.
2025-01-27 23:03:49,595 [ERROR] LogOutputStream:75 - [STDERR_REDIRECT] 
2025-01-27 23:03:50,608 [ERROR] LogOutputStream:75 - [STDERR_REDIRECT] [Fatal Error] :1:1: Premature end of file.
2025-01-27 23:03:50,608 [ERROR] LogOutputStream:75 - [STDERR_REDIRECT] 
2025-01-27 23:03:51,581 [ERROR] LogOutputStream:75 - [STDERR_REDIRECT] [Fatal Error] :1:1: Premature end of file.
2025-01-27 23:03:51,581 [ERROR] LogOutputStream:75 - [STDERR_REDIRECT] 
2025-01-27 23:03:52,575 [ERROR] LogOutputStream:75 - [STDERR_REDIRECT] [Fatal Error] :1:1: Premature end of file.
2025-01-27 23:03:52,575 [ERROR] LogOutputStream:75 - [STDERR_REDIRECT] 
2025-01-27 23:03:53,592 [ERROR] LogOutputStream:75 - [STDERR_REDIRECT] [Fatal Error] :1:1: Premature end of file.
2025-01-27 23:03:53,592 [ERROR] LogOutputStream:75 - [STDERR_REDIRECT] 
2025-01-27 23:03:54,592 [ERROR] LogOutputStream:75 - [STDERR_REDIRECT] [Fatal Error] :1:1: Premature end of file.
2025-01-27 23:03:54,592 [ERROR] LogOutputStream:75 - [STDERR_REDIRECT] 
2025-01-27 23:03:55,590 [ERROR] LogOutputStream:75 - [STDERR_REDIRECT] [Fatal Error] :1:1: Premature end of file.
2025-01-27 23:03:55,590 [ERROR] LogOutputStream:75 - [STDERR_REDIRECT] 
2025-01-27 23:03:56,578 [ERROR] LogOutputStream:75 - [STDERR_REDIRECT] [Fatal Error] :1:1: Premature end of file.
2025-01-27 23:03:56,578 [ERROR] LogOutputStream:75 - [STDERR_REDIRECT] 
2025-01-27 23:03:57,588 [ERROR] LogOutputStream:75 - [STDERR_REDIRECT] [Fatal Error] :1:1: Premature end of file.
2025-01-27 23:03:57,588 [ERROR] LogOutputStream:75 - [STDERR_REDIRECT] 
2025-01-27 23:03:58,577 [ERROR] LogOutputStream:75 - [STDERR_REDIRECT] [Fatal Error] :1:1: Premature end of file.
2025-01-27 23:03:58,577 [ERROR] LogOutputStream:75 - [STDERR_REDIRECT] 
2025-01-27 23:03:59,589 [ERROR] LogOutputStream:75 - [STDERR_REDIRECT] [Fatal Error] :1:1: Premature end of file.
2025-01-27 23:03:59,589 [ERROR] LogOutputStream:75 - [STDERR_REDIRECT] 
2025-01-27 23:04:00,598 [ERROR] LogOutputStream:75 - [STDERR_REDIRECT] [Fatal Error] :1:1: Premature end of file.
2025-01-27 23:04:00,598 [ERROR] LogOutputStream:75 - [STDERR_REDIRECT] 
2025-01-27 23:04:01,591 [ERROR] LogOutputStream:75 - [STDERR_REDIRECT] [Fatal Error] :1:1: Premature end of file.
2025-01-27 23:04:01,591 [ERROR] LogOutputStream:75 - [STDERR_REDIRECT] 
2025-01-27 23:04:02,608 [ERROR] LogOutputStream:75 - [STDERR_REDIRECT] [Fatal Error] :1:1: Premature end of file.
2025-01-27 23:04:02,608 [ERROR] LogOutputStream:75 - [STDERR_REDIRECT] 
2025-01-27 23:04:03,604 [ERROR] LogOutputStream:75 - [STDERR_REDIRECT] [Fatal Error] :1:1: Premature end of file.
2025-01-27 23:04:03,604 [ERROR] LogOutputStream:75 - [STDERR_REDIRECT] 
2025-01-27 23:04:04,594 [ERROR] LogOutputStream:75 - [STDERR_REDIRECT] [Fatal Error] :1:1: Premature end of file.
2025-01-27 23:04:04,596 [ERROR] LogOutputStream:75 - [STDERR_REDIRECT] 
2025-01-27 23:04:05,592 [ERROR] LogOutputStream:75 - [STDERR_REDIRECT] [Fatal Error] :1:1: Premature end of file.
2025-01-27 23:04:05,592 [ERROR] LogOutputStream:75 - [STDERR_REDIRECT] 
2025-01-27 23:04:06,598 [ERROR] LogOutputStream:75 - [STDERR_REDIRECT] [Fatal Error] :1:1: Premature end of file.
2025-01-27 23:04:06,598 [ERROR] LogOutputStream:75 - [STDERR_REDIRECT] 
2025-01-27 23:04:07,595 [ERROR] LogOutputStream:75 - [STDERR_REDIRECT] [Fatal Error] :1:1: Premature end of file.
2025-01-27 23:04:07,595 [ERROR] LogOutputStream:75 - [STDERR_REDIRECT] 
2025-01-27 23:04:08,577 [ERROR] LogOutputStream:75 - [STDERR_REDIRECT] [Fatal Error] :1:1: Premature end of file.
2025-01-27 23:04:08,577 [ERROR] LogOutputStream:75 - [STDERR_REDIRECT] 
2025-01-27 23:04:09,584 [ERROR] LogOutputStream:75 - [STDERR_REDIRECT] [Fatal Error] :1:1: Premature end of file.
2025-01-27 23:04:09,584 [ERROR] LogOutputStream:75 - [STDERR_REDIRECT] 
2025-01-27 23:04:10,583 [ERROR] LogOutputStream:75 - [STDERR_REDIRECT] [Fatal Error] :1:1: Premature end of file.
2025-01-27 23:04:10,583 [ERROR] LogOutputStream:75 - [STDERR_REDIRECT] 
2025-01-27 23:04:11,590 [ERROR] LogOutputStream:75 - [STDERR_REDIRECT] [Fatal Error] :1:1: Premature end of file.
2025-01-27 23:04:11,592 [ERROR] LogOutputStream:75 - [STDERR_REDIRECT] 
2025-01-27 23:04:12,584 [ERROR] LogOutputStream:75 - [STDERR_REDIRECT] [Fatal Error] :1:1: Premature end of file.
2025-01-27 23:04:12,584 [ERROR] LogOutputStream:75 - [STDERR_REDIRECT] 
2025-01-27 23:04:13,586 [ERROR] LogOutputStream:75 - [STDERR_REDIRECT] [Fatal Error] :1:1: Premature end of file.
2025-01-27 23:04:13,586 [ERROR] LogOutputStream:75 - [STDERR_REDIRECT] 
2025-01-27 23:04:14,580 [ERROR] LogOutputStream:75 - [STDERR_REDIRECT] [Fatal Error] :1:1: Premature end of file.
2025-01-27 23:04:14,580 [ERROR] LogOutputStream:75 - [STDERR_REDIRECT] 
2025-01-27 23:04:15,588 [ERROR] LogOutputStream:75 - [STDERR_REDIRECT] [Fatal Error] :1:1: Premature end of file.
2025-01-27 23:04:15,588 [ERROR] LogOutputStream:75 - [STDERR_REDIRECT] 
2025-01-27 23:04:16,583 [ERROR] LogOutputStream:75 - [STDERR_REDIRECT] [Fatal Error] :1:1: Premature end of file.
2025-01-27 23:04:16,583 [ERROR] LogOutputStream:75 - [STDERR_REDIRECT] 
2025-01-27 23:04:17,597 [ERROR] LogOutputStream:75 - [STDERR_REDIRECT] [Fatal Error] :1:1: Premature end of file.
2025-01-27 23:04:17,597 [ERROR] LogOutputStream:75 - [STDERR_REDIRECT] 
2025-01-27 23:04:18,587 [ERROR] LogOutputStream:75 - [STDERR_REDIRECT] [Fatal Error] :1:1: Premature end of file.
2025-01-27 23:04:18,587 [ERROR] LogOutputStream:75 - [STDERR_REDIRECT] 
2025-01-27 23:04:19,611 [ERROR] LogOutputStream:75 - [STDERR_REDIRECT] [Fatal Error] :1:1: Premature end of file.
2025-01-27 23:04:19,611 [ERROR] LogOutputStream:75 - [STDERR_REDIRECT] 
2025-01-27 23:04:20,591 [ERROR] LogOutputStream:75 - [STDERR_REDIRECT] [Fatal Error] :1:1: Premature end of file.
2025-01-27 23:04:20,591 [ERROR] LogOutputStream:75 - [STDERR_REDIRECT] 
2025-01-27 23:04:21,582 [ERROR] LogOutputStream:75 - [STDERR_REDIRECT] [Fatal Error] :1:1: Premature end of file.
2025-01-27 23:04:21,582 [ERROR] LogOutputStream:75 - [STDERR_REDIRECT] 
2025-01-27 23:04:22,573 [ERROR] LogOutputStream:75 - [STDERR_REDIRECT] [Fatal Error] :1:1: Premature end of file.
2025-01-27 23:04:22,575 [ERROR] LogOutputStream:75 - [STDERR_REDIRECT] 
2025-01-27 23:04:23,593 [ERROR] LogOutputStream:75 - [STDERR_REDIRECT] [Fatal Error] :1:1: Premature end of file.
2025-01-27 23:04:23,595 [ERROR] LogOutputStream:75 - [STDERR_REDIRECT] 
2025-01-27 23:04:24,584 [ERROR] LogOutputStream:75 - [STDERR_REDIRECT] [Fatal Error] :1:1: Premature end of file.
2025-01-27 23:04:24,584 [ERROR] LogOutputStream:75 - [STDERR_REDIRECT] 
2025-01-27 23:04:25,580 [ERROR] LogOutputStream:75 - [STDERR_REDIRECT] [Fatal Error] :1:1: Premature end of file.
2025-01-27 23:04:25,580 [ERROR] LogOutputStream:75 - [STDERR_REDIRECT] 
2025-01-27 23:04:26,578 [ERROR] LogOutputStream:75 - [STDERR_REDIRECT] [Fatal Error] :1:1: Premature end of file.
2025-01-27 23:04:26,578 [ERROR] LogOutputStream:75 - [STDERR_REDIRECT] 
2025-01-27 23:04:27,578 [ERROR] LogOutputStream:75 - [STDERR_REDIRECT] [Fatal Error] :1:1: Premature end of file.
2025-01-27 23:04:27,580 [ERROR] LogOutputStream:75 - [STDERR_REDIRECT] 
2025-01-27 23:04:28,603 [ERROR] LogOutputStream:75 - [STDERR_REDIRECT] [Fatal Error] :1:1: Premature end of file.
2025-01-27 23:04:28,603 [ERROR] LogOutputStream:75 - [STDERR_REDIRECT] 
2025-01-27 23:04:29,604 [ERROR] LogOutputStream:75 - [STDERR_REDIRECT] [Fatal Error] :1:1: Premature end of file.
2025-01-27 23:04:29,604 [ERROR] LogOutputStream:75 - [STDERR_REDIRECT] 
2025-01-27 23:04:30,596 [ERROR] LogOutputStream:75 - [STDERR_REDIRECT] [Fatal Error] :1:1: Premature end of file.
2025-01-27 23:04:30,596 [ERROR] LogOutputStream:75 - [STDERR_REDIRECT] 
2025-01-27 23:04:31,591 [ERROR] LogOutputStream:75 - [STDERR_REDIRECT] [Fatal Error] :1:1: Premature end of file.
2025-01-27 23:04:31,591 [ERROR] LogOutputStream:75 - [STDERR_REDIRECT] 
2025-01-27 23:04:32,603 [ERROR] LogOutputStream:75 - [STDERR_REDIRECT] [Fatal Error] :1:1: Premature end of file.
2025-01-27 23:04:32,603 [ERROR] LogOutputStream:75 - [STDERR_REDIRECT] 
2025-01-27 23:04:33,590 [ERROR] LogOutputStream:75 - [STDERR_REDIRECT] [Fatal Error] :1:1: Premature end of file.
2025-01-27 23:04:33,590 [ERROR] LogOutputStream:75 - [STDERR_REDIRECT] 
2025-01-27 23:04:34,588 [ERROR] LogOutputStream:75 - [STDERR_REDIRECT] [Fatal Error] :1:1: Premature end of file.
2025-01-27 23:04:34,588 [ERROR] LogOutputStream:75 - [STDERR_REDIRECT] 
2025-01-27 23:04:35,585 [ERROR] LogOutputStream:75 - [STDERR_REDIRECT] [Fatal Error] :1:1: Premature end of file.
2025-01-27 23:04:35,585 [ERROR] LogOutputStream:75 - [STDERR_REDIRECT] 
2025-01-27 23:04:36,594 [ERROR] LogOutputStream:75 - [STDERR_REDIRECT] [Fatal Error] :1:1: Premature end of file.
2025-01-27 23:04:36,594 [ERROR] LogOutputStream:75 - [STDERR_REDIRECT] 
2025-01-27 23:04:37,595 [ERROR] LogOutputStream:75 - [STDERR_REDIRECT] [Fatal Error] :1:1: Premature end of file.
2025-01-27 23:04:37,595 [ERROR] LogOutputStream:75 - [STDERR_REDIRECT] 
2025-01-27 23:04:38,594 [ERROR] LogOutputStream:75 - [STDERR_REDIRECT] [Fatal Error] :1:1: Premature end of file.
2025-01-27 23:04:38,594 [ERROR] LogOutputStream:75 - [STDERR_REDIRECT] 
2025-01-27 23:04:39,590 [ERROR] LogOutputStream:75 - [STDERR_REDIRECT] [Fatal Error] :1:1: Premature end of file.
2025-01-27 23:04:39,590 [ERROR] LogOutputStream:75 - [STDERR_REDIRECT] 
2025-01-27 23:04:40,588 [ERROR] LogOutputStream:75 - [STDERR_REDIRECT] [Fatal Error] :1:1: Premature end of file.
2025-01-27 23:04:40,588 [ERROR] LogOutputStream:75 - [STDERR_REDIRECT] 
2025-01-27 23:04:41,586 [ERROR] LogOutputStream:75 - [STDERR_REDIRECT] [Fatal Error] :1:1: Premature end of file.
2025-01-27 23:04:41,586 [ERROR] LogOutputStream:75 - [STDERR_REDIRECT] 
2025-01-27 23:04:42,601 [ERROR] LogOutputStream:75 - [STDERR_REDIRECT] [Fatal Error] :1:1: Premature end of file.
2025-01-27 23:04:42,601 [ERROR] LogOutputStream:75 - [STDERR_REDIRECT] 
2025-01-27 23:04:43,600 [ERROR] LogOutputStream:75 - [STDERR_REDIRECT] [Fatal Error] :1:1: Premature end of file.
2025-01-27 23:04:43,600 [ERROR] LogOutputStream:75 - [STDERR_REDIRECT] 
2025-01-27 23:04:44,586 [ERROR] LogOutputStream:75 - [STDERR_REDIRECT] [Fatal Error] :1:1: Premature end of file.
2025-01-27 23:04:44,586 [ERROR] LogOutputStream:75 - [STDERR_REDIRECT] 
2025-01-27 23:04:45,574 [ERROR] LogOutputStream:75 - [STDERR_REDIRECT] [Fatal Error] :1:1: Premature end of file.
2025-01-27 23:04:45,574 [ERROR] LogOutputStream:75 - [STDERR_REDIRECT] 
2025-01-27 23:04:46,581 [ERROR] LogOutputStream:75 - [STDERR_REDIRECT] [Fatal Error] :1:1: Premature end of file.
2025-01-27 23:04:46,581 [ERROR] LogOutputStream:75 - [STDERR_REDIRECT] 
2025-01-27 23:04:47,598 [ERROR] LogOutputStream:75 - [STDERR_REDIRECT] [Fatal Error] :1:1: Premature end of file.
2025-01-27 23:04:47,598 [ERROR] LogOutputStream:75 - [STDERR_REDIRECT] 
2025-01-27 23:04:48,603 [ERROR] LogOutputStream:75 - [STDERR_REDIRECT] [Fatal Error] :1:1: Premature end of file.
2025-01-27 23:04:48,603 [ERROR] LogOutputStream:75 - [STDERR_REDIRECT] 
2025-01-27 23:04:49,599 [ERROR] LogOutputStream:75 - [STDERR_REDIRECT] [Fatal Error] :1:1: Premature end of file.
2025-01-27 23:04:49,599 [ERROR] LogOutputStream:75 - [STDERR_REDIRECT] 
2025-01-27 23:04:50,596 [ERROR] LogOutputStream:75 - [STDERR_REDIRECT] [Fatal Error] :1:1: Premature end of file.
2025-01-27 23:04:50,596 [ERROR] LogOutputStream:75 - [STDERR_REDIRECT] 
2025-01-27 23:04:51,584 [ERROR] LogOutputStream:75 - [STDERR_REDIRECT] [Fatal Error] :1:1: Premature end of file.
2025-01-27 23:04:51,584 [ERROR] LogOutputStream:75 - [STDERR_REDIRECT] 
2025-01-27 23:04:52,592 [ERROR] LogOutputStream:75 - [STDERR_REDIRECT] [Fatal Error] :1:1: Premature end of file.
2025-01-27 23:04:52,592 [ERROR] LogOutputStream:75 - [STDERR_REDIRECT] 
2025-01-27 23:04:53,601 [ERROR] LogOutputStream:75 - [STDERR_REDIRECT] [Fatal Error] :1:1: Premature end of file.
2025-01-27 23:04:53,601 [ERROR] LogOutputStream:75 - [STDERR_REDIRECT] 
2025-01-27 23:04:54,598 [ERROR] LogOutputStream:75 - [STDERR_REDIRECT] [Fatal Error] :1:1: Premature end of file.
2025-01-27 23:04:54,598 [ERROR] LogOutputStream:75 - [STDERR_REDIRECT] 
2025-01-27 23:04:55,592 [ERROR] LogOutputStream:75 - [STDERR_REDIRECT] [Fatal Error] :1:1: Premature end of file.
2025-01-27 23:04:55,592 [ERROR] LogOutputStream:75 - [STDERR_REDIRECT] 
2025-01-27 23:04:56,585 [ERROR] LogOutputStream:75 - [STDERR_REDIRECT] [Fatal Error] :1:1: Premature end of file.
2025-01-27 23:04:56,586 [ERROR] LogOutputStream:75 - [STDERR_REDIRECT] 
2025-01-27 23:04:57,593 [ERROR] LogOutputStream:75 - [STDERR_REDIRECT] [Fatal Error] :1:1: Premature end of file.
2025-01-27 23:04:57,593 [ERROR] LogOutputStream:75 - [STDERR_REDIRECT] 
2025-01-27 23:04:58,580 [ERROR] LogOutputStream:75 - [STDERR_REDIRECT] [Fatal Error] :1:1: Premature end of file.
2025-01-27 23:04:58,580 [ERROR] LogOutputStream:75 - [STDERR_REDIRECT] 
2025-01-27 23:04:59,595 [ERROR] LogOutputStream:75 - [STDERR_REDIRECT] [Fatal Error] :1:1: Premature end of file.
2025-01-27 23:04:59,595 [ERROR] LogOutputStream:75 - [STDERR_REDIRECT] 
2025-01-27 23:05:00,593 [ERROR] LogOutputStream:75 - [STDERR_REDIRECT] [Fatal Error] :1:1: Premature end of file.
2025-01-27 23:05:00,593 [ERROR] LogOutputStream:75 - [STDERR_REDIRECT] 
2025-01-27 23:05:01,616 [ERROR] LogOutputStream:75 - [STDERR_REDIRECT] [Fatal Error] :1:1: Premature end of file.
2025-01-27 23:05:01,616 [ERROR] LogOutputStream:75 - [STDERR_REDIRECT] 
2025-01-27 23:05:02,581 [ERROR] LogOutputStream:75 - [STDERR_REDIRECT] [Fatal Error] :1:1: Premature end of file.
2025-01-27 23:05:02,583 [ERROR] LogOutputStream:75 - [STDERR_REDIRECT] 
2025-01-27 23:05:03,591 [ERROR] LogOutputStream:75 - [STDERR_REDIRECT] [Fatal Error] :1:1: Premature end of file.
2025-01-27 23:05:03,591 [ERROR] LogOutputStream:75 - [STDERR_REDIRECT] 
2025-01-27 23:05:04,592 [ERROR] LogOutputStream:75 - [STDERR_REDIRECT] [Fatal Error] :1:1: Premature end of file.
2025-01-27 23:05:04,592 [ERROR] LogOutputStream:75 - [STDERR_REDIRECT] 
2025-01-27 23:05:05,582 [ERROR] LogOutputStream:75 - [STDERR_REDIRECT] [Fatal Error] :1:1: Premature end of file.
2025-01-27 23:05:05,584 [ERROR] LogOutputStream:75 - [STDERR_REDIRECT] 
2025-01-27 23:05:06,589 [ERROR] LogOutputStream:75 - [STDERR_REDIRECT] [Fatal Error] :1:1: Premature end of file.
2025-01-27 23:05:06,589 [ERROR] LogOutputStream:75 - [STDERR_REDIRECT] 
2025-01-27 23:05:07,588 [ERROR] LogOutputStream:75 - [STDERR_REDIRECT] [Fatal Error] :1:1: Premature end of file.
2025-01-27 23:05:07,588 [ERROR] LogOutputStream:75 - [STDERR_REDIRECT] 
2025-01-27 23:05:08,589 [ERROR] LogOutputStream:75 - [STDERR_REDIRECT] [Fatal Error] :1:1: Premature end of file.
2025-01-27 23:05:08,589 [ERROR] LogOutputStream:75 - [STDERR_REDIRECT] 
2025-01-27 23:05:09,593 [ERROR] LogOutputStream:75 - [STDERR_REDIRECT] [Fatal Error] :1:1: Premature end of file.
2025-01-27 23:05:09,593 [ERROR] LogOutputStream:75 - [STDERR_REDIRECT] 
2025-01-27 23:05:10,586 [ERROR] LogOutputStream:75 - [STDERR_REDIRECT] [Fatal Error] :1:1: Premature end of file.
2025-01-27 23:05:10,586 [ERROR] LogOutputStream:75 - [STDERR_REDIRECT] 
2025-01-27 23:05:11,596 [ERROR] LogOutputStream:75 - [STDERR_REDIRECT] [Fatal Error] :1:1: Premature end of file.
2025-01-27 23:05:11,596 [ERROR] LogOutputStream:75 - [STDERR_REDIRECT] 
2025-01-27 23:05:12,586 [ERROR] LogOutputStream:75 - [STDERR_REDIRECT] [Fatal Error] :1:1: Premature end of file.
2025-01-27 23:05:12,586 [ERROR] LogOutputStream:75 - [STDERR_REDIRECT] 
2025-01-27 23:05:13,587 [ERROR] LogOutputStream:75 - [STDERR_REDIRECT] [Fatal Error] :1:1: Premature end of file.
2025-01-27 23:05:13,587 [ERROR] LogOutputStream:75 - [STDERR_REDIRECT] 
2025-01-27 23:05:14,604 [ERROR] LogOutputStream:75 - [STDERR_REDIRECT] [Fatal Error] :1:1: Premature end of file.
2025-01-27 23:05:14,604 [ERROR] LogOutputStream:75 - [STDERR_REDIRECT] 
2025-01-27 23:05:15,601 [ERROR] LogOutputStream:75 - [STDERR_REDIRECT] [Fatal Error] :1:1: Premature end of file.
2025-01-27 23:05:15,601 [ERROR] LogOutputStream:75 - [STDERR_REDIRECT] 
2025-01-27 23:05:16,592 [ERROR] LogOutputStream:75 - [STDERR_REDIRECT] [Fatal Error] :1:1: Premature end of file.
2025-01-27 23:05:16,592 [ERROR] LogOutputStream:75 - [STDERR_REDIRECT] 
2025-01-27 23:05:17,601 [ERROR] LogOutputStream:75 - [STDERR_REDIRECT] [Fatal Error] :1:1: Premature end of file.
2025-01-27 23:05:17,601 [ERROR] LogOutputStream:75 - [STDERR_REDIRECT] 
2025-01-27 23:05:18,586 [ERROR] LogOutputStream:75 - [STDERR_REDIRECT] [Fatal Error] :1:1: Premature end of file.
2025-01-27 23:05:18,586 [ERROR] LogOutputStream:75 - [STDERR_REDIRECT] 
2025-01-27 23:05:19,594 [ERROR] LogOutputStream:75 - [STDERR_REDIRECT] [Fatal Error] :1:1: Premature end of file.
2025-01-27 23:05:19,594 [ERROR] LogOutputStream:75 - [STDERR_REDIRECT] 
2025-01-27 23:05:20,593 [ERROR] LogOutputStream:75 - [STDERR_REDIRECT] [Fatal Error] :1:1: Premature end of file.
2025-01-27 23:05:20,593 [ERROR] LogOutputStream:75 - [STDERR_REDIRECT] 
2025-01-27 23:05:21,586 [ERROR] LogOutputStream:75 - [STDERR_REDIRECT] [Fatal Error] :1:1: Premature end of file.
2025-01-27 23:05:21,586 [ERROR] LogOutputStream:75 - [STDERR_REDIRECT] 
2025-01-27 23:05:22,580 [ERROR] LogOutputStream:75 - [STDERR_REDIRECT] [Fatal Error] :1:1: Premature end of file.
2025-01-27 23:05:22,580 [ERROR] LogOutputStream:75 - [STDERR_REDIRECT] 
2025-01-27 23:05:23,596 [ERROR] LogOutputStream:75 - [STDERR_REDIRECT] [Fatal Error] :1:1: Premature end of file.
2025-01-27 23:05:23,596 [ERROR] LogOutputStream:75 - [STDERR_REDIRECT] 
2025-01-27 23:05:24,594 [ERROR] LogOutputStream:75 - [STDERR_REDIRECT] [Fatal Error] :1:1: Premature end of file.
2025-01-27 23:05:24,594 [ERROR] LogOutputStream:75 - [STDERR_REDIRECT] 
2025-01-27 23:05:25,588 [ERROR] LogOutputStream:75 - [STDERR_REDIRECT] [Fatal Error] :1:1: Premature end of file.
2025-01-27 23:05:25,588 [ERROR] LogOutputStream:75 - [STDERR_REDIRECT] 
2025-01-27 23:05:26,598 [ERROR] LogOutputStream:75 - [STDERR_REDIRECT] [Fatal Error] :1:1: Premature end of file.
2025-01-27 23:05:26,598 [ERROR] LogOutputStream:75 - [STDERR_REDIRECT] 
2025-01-27 23:05:27,597 [ERROR] LogOutputStream:75 - [STDERR_REDIRECT] [Fatal Error] :1:1: Premature end of file.
2025-01-27 23:05:27,597 [ERROR] LogOutputStream:75 - [STDERR_REDIRECT] 
2025-01-27 23:05:28,590 [ERROR] LogOutputStream:75 - [STDERR_REDIRECT] [Fatal Error] :1:1: Premature end of file.
2025-01-27 23:05:28,590 [ERROR] LogOutputStream:75 - [STDERR_REDIRECT] 
2025-01-27 23:05:29,613 [ERROR] LogOutputStream:75 - [STDERR_REDIRECT] [Fatal Error] :1:1: Premature end of file.
2025-01-27 23:05:29,613 [ERROR] LogOutputStream:75 - [STDERR_REDIRECT] 
2025-01-27 23:05:30,600 [ERROR] LogOutputStream:75 - [STDERR_REDIRECT] [Fatal Error] :1:1: Premature end of file.
2025-01-27 23:05:30,600 [ERROR] LogOutputStream:75 - [STDERR_REDIRECT] 
2025-01-27 23:05:31,577 [ERROR] LogOutputStream:75 - [STDERR_REDIRECT] [Fatal Error] :1:1: Premature end of file.
2025-01-27 23:05:31,577 [ERROR] LogOutputStream:75 - [STDERR_REDIRECT] 
2025-01-27 23:05:32,601 [ERROR] LogOutputStream:75 - [STDERR_REDIRECT] [Fatal Error] :1:1: Premature end of file.
2025-01-27 23:05:32,601 [ERROR] LogOutputStream:75 - [STDERR_REDIRECT] 
2025-01-27 23:05:33,588 [ERROR] LogOutputStream:75 - [STDERR_REDIRECT] [Fatal Error] :1:1: Premature end of file.
2025-01-27 23:05:33,588 [ERROR] LogOutputStream:75 - [STDERR_REDIRECT] 
2025-01-27 23:05:34,588 [ERROR] LogOutputStream:75 - [STDERR_REDIRECT] [Fatal Error] :1:1: Premature end of file.
2025-01-27 23:05:34,588 [ERROR] LogOutputStream:75 - [STDERR_REDIRECT] 
2025-01-27 23:05:35,582 [ERROR] LogOutputStream:75 - [STDERR_REDIRECT] [Fatal Error] :1:1: Premature end of file.
2025-01-27 23:05:35,582 [ERROR] LogOutputStream:75 - [STDERR_REDIRECT] 
2025-01-27 23:05:36,589 [ERROR] LogOutputStream:75 - [STDERR_REDIRECT] [Fatal Error] :1:1: Premature end of file.
2025-01-27 23:05:36,589 [ERROR] LogOutputStream:75 - [STDERR_REDIRECT] 
2025-01-27 23:05:37,589 [ERROR] LogOutputStream:75 - [STDERR_REDIRECT] [Fatal Error] :1:1: Premature end of file.
2025-01-27 23:05:37,590 [ERROR] LogOutputStream:75 - [STDERR_REDIRECT] 
2025-01-27 23:05:38,576 [ERROR] LogOutputStream:75 - [STDERR_REDIRECT] [Fatal Error] :1:1: Premature end of file.
2025-01-27 23:05:38,576 [ERROR] LogOutputStream:75 - [STDERR_REDIRECT] 
2025-01-27 23:05:39,592 [ERROR] LogOutputStream:75 - [STDERR_REDIRECT] [Fatal Error] :1:1: Premature end of file.
2025-01-27 23:05:39,592 [ERROR] LogOutputStream:75 - [STDERR_REDIRECT] 
2025-01-27 23:05:40,594 [ERROR] LogOutputStream:75 - [STDERR_REDIRECT] [Fatal Error] :1:1: Premature end of file.
2025-01-27 23:05:40,594 [ERROR] LogOutputStream:75 - [STDERR_REDIRECT] 
2025-01-27 23:05:41,591 [ERROR] LogOutputStream:75 - [STDERR_REDIRECT] [Fatal Error] :1:1: Premature end of file.
2025-01-27 23:05:41,591 [ERROR] LogOutputStream:75 - [STDERR_REDIRECT] 
2025-01-27 23:05:42,606 [ERROR] LogOutputStream:75 - [STDERR_REDIRECT] [Fatal Error] :1:1: Premature end of file.
2025-01-27 23:05:42,606 [ERROR] LogOutputStream:75 - [STDERR_REDIRECT] 
2025-01-27 23:05:43,584 [ERROR] LogOutputStream:75 - [STDERR_REDIRECT] [Fatal Error] :1:1: Premature end of file.
2025-01-27 23:05:43,584 [ERROR] LogOutputStream:75 - [STDERR_REDIRECT] 
2025-01-27 23:05:44,589 [ERROR] LogOutputStream:75 - [STDERR_REDIRECT] [Fatal Error] :1:1: Premature end of file.
2025-01-27 23:05:44,589 [ERROR] LogOutputStream:75 - [STDERR_REDIRECT] 
2025-01-27 23:05:45,594 [ERROR] LogOutputStream:75 - [STDERR_REDIRECT] [Fatal Error] :1:1: Premature end of file.
2025-01-27 23:05:45,594 [ERROR] LogOutputStream:75 - [STDERR_REDIRECT] 
2025-01-27 23:05:46,589 [ERROR] LogOutputStream:75 - [STDERR_REDIRECT] [Fatal Error] :1:1: Premature end of file.
2025-01-27 23:05:46,589 [ERROR] LogOutputStream:75 - [STDERR_REDIRECT] 
2025-01-27 23:05:47,595 [ERROR] LogOutputStream:75 - [STDERR_REDIRECT] [Fatal Error] :1:1: Premature end of file.
2025-01-27 23:05:47,595 [ERROR] LogOutputStream:75 - [STDERR_REDIRECT] 
2025-01-27 23:05:48,596 [ERROR] LogOutputStream:75 - [STDERR_REDIRECT] [Fatal Error] :1:1: Premature end of file.
2025-01-27 23:05:48,596 [ERROR] LogOutputStream:75 - [STDERR_REDIRECT] 
2025-01-27 23:05:49,589 [ERROR] LogOutputStream:75 - [STDERR_REDIRECT] [Fatal Error] :1:1: Premature end of file.
2025-01-27 23:05:49,589 [ERROR] LogOutputStream:75 - [STDERR_REDIRECT] 
2025-01-27 23:05:50,592 [ERROR] LogOutputStream:75 - [STDERR_REDIRECT] [Fatal Error] :1:1: Premature end of file.
2025-01-27 23:05:50,592 [ERROR] LogOutputStream:75 - [STDERR_REDIRECT] 
2025-01-27 23:05:51,588 [ERROR] LogOutputStream:75 - [STDERR_REDIRECT] [Fatal Error] :1:1: Premature end of file.
2025-01-27 23:05:51,588 [ERROR] LogOutputStream:75 - [STDERR_REDIRECT] 
2025-01-27 23:05:52,596 [ERROR] LogOutputStream:75 - [STDERR_REDIRECT] [Fatal Error] :1:1: Premature end of file.
2025-01-27 23:05:52,596 [ERROR] LogOutputStream:75 - [STDERR_REDIRECT] 
2025-01-27 23:05:53,579 [ERROR] LogOutputStream:75 - [STDERR_REDIRECT] [Fatal Error] :1:1: Premature end of file.
2025-01-27 23:05:53,579 [ERROR] LogOutputStream:75 - [STDERR_REDIRECT] 
2025-01-27 23:05:54,588 [ERROR] LogOutputStream:75 - [STDERR_REDIRECT] [Fatal Error] :1:1: Premature end of file.
2025-01-27 23:05:54,590 [ERROR] LogOutputStream:75 - [STDERR_REDIRECT] 
2025-01-27 23:05:55,579 [ERROR] LogOutputStream:75 - [STDERR_REDIRECT] [Fatal Error] :1:1: Premature end of file.
2025-01-27 23:05:55,579 [ERROR] LogOutputStream:75 - [STDERR_REDIRECT] 
2025-01-27 23:05:56,607 [ERROR] LogOutputStream:75 - [STDERR_REDIRECT] [Fatal Error] :1:1: Premature end of file.
2025-01-27 23:05:56,607 [ERROR] LogOutputStream:75 - [STDERR_REDIRECT] 
2025-01-27 23:05:57,584 [ERROR] LogOutputStream:75 - [STDERR_REDIRECT] [Fatal Error] :1:1: Premature end of file.
2025-01-27 23:05:57,584 [ERROR] LogOutputStream:75 - [STDERR_REDIRECT] 
2025-01-27 23:05:58,576 [ERROR] LogOutputStream:75 - [STDERR_REDIRECT] [Fatal Error] :1:1: Premature end of file.
2025-01-27 23:05:58,578 [ERROR] LogOutputStream:75 - [STDERR_REDIRECT] 
2025-01-27 23:05:59,595 [ERROR] LogOutputStream:75 - [STDERR_REDIRECT] [Fatal Error] :1:1: Premature end of file.
2025-01-27 23:05:59,595 [ERROR] LogOutputStream:75 - [STDERR_REDIRECT] 
2025-01-27 23:06:00,604 [ERROR] LogOutputStream:75 - [STDERR_REDIRECT] [Fatal Error] :1:1: Premature end of file.
2025-01-27 23:06:00,604 [ERROR] LogOutputStream:75 - [STDERR_REDIRECT] 
2025-01-27 23:06:01,574 [ERROR] LogOutputStream:75 - [STDERR_REDIRECT] [Fatal Error] :1:1: Premature end of file.
2025-01-27 23:06:01,574 [ERROR] LogOutputStream:75 - [STDERR_REDIRECT] 
2025-01-27 23:06:02,583 [ERROR] LogOutputStream:75 - [STDERR_REDIRECT] [Fatal Error] :1:1: Premature end of file.
2025-01-27 23:06:02,583 [ERROR] LogOutputStream:75 - [STDERR_REDIRECT] 
2025-01-27 23:06:03,580 [ERROR] LogOutputStream:75 - [STDERR_REDIRECT] [Fatal Error] :1:1: Premature end of file.
2025-01-27 23:06:03,580 [ERROR] LogOutputStream:75 - [STDERR_REDIRECT] 
2025-01-27 23:06:04,583 [ERROR] LogOutputStream:75 - [STDERR_REDIRECT] [Fatal Error] :1:1: Premature end of file.
2025-01-27 23:06:04,583 [ERROR] LogOutputStream:75 - [STDERR_REDIRECT] 
2025-01-27 23:06:05,587 [ERROR] LogOutputStream:75 - [STDERR_REDIRECT] [Fatal Error] :1:1: Premature end of file.
2025-01-27 23:06:05,587 [ERROR] LogOutputStream:75 - [STDERR_REDIRECT] 
2025-01-27 23:06:06,589 [ERROR] LogOutputStream:75 - [STDERR_REDIRECT] [Fatal Error] :1:1: Premature end of file.
2025-01-27 23:06:06,589 [ERROR] LogOutputStream:75 - [STDERR_REDIRECT] 
2025-01-27 23:06:07,594 [ERROR] LogOutputStream:75 - [STDERR_REDIRECT] [Fatal Error] :1:1: Premature end of file.
2025-01-27 23:06:07,594 [ERROR] LogOutputStream:75 - [STDERR_REDIRECT] 
2025-01-27 23:06:08,596 [ERROR] LogOutputStream:75 - [STDERR_REDIRECT] [Fatal Error] :1:1: Premature end of file.
2025-01-27 23:06:08,596 [ERROR] LogOutputStream:75 - [STDERR_REDIRECT] 
2025-01-27 23:06:09,578 [ERROR] LogOutputStream:75 - [STDERR_REDIRECT] [Fatal Error] :1:1: Premature end of file.
2025-01-27 23:06:09,578 [ERROR] LogOutputStream:75 - [STDERR_REDIRECT] 
2025-01-27 23:06:10,584 [ERROR] LogOutputStream:75 - [STDERR_REDIRECT] [Fatal Error] :1:1: Premature end of file.
2025-01-27 23:06:10,584 [ERROR] LogOutputStream:75 - [STDERR_REDIRECT] 
2025-01-27 23:06:11,598 [ERROR] LogOutputStream:75 - [STDERR_REDIRECT] [Fatal Error] :1:1: Premature end of file.
2025-01-27 23:06:11,599 [ERROR] LogOutputStream:75 - [STDERR_REDIRECT] 
2025-01-27 23:06:12,601 [ERROR] LogOutputStream:75 - [STDERR_REDIRECT] [Fatal Error] :1:1: Premature end of file.
2025-01-27 23:06:12,601 [ERROR] LogOutputStream:75 - [STDERR_REDIRECT] 
2025-01-27 23:06:13,595 [ERROR] LogOutputStream:75 - [STDERR_REDIRECT] [Fatal Error] :1:1: Premature end of file.
2025-01-27 23:06:13,595 [ERROR] LogOutputStream:75 - [STDERR_REDIRECT] 
2025-01-27 23:06:14,588 [ERROR] LogOutputStream:75 - [STDERR_REDIRECT] [Fatal Error] :1:1: Premature end of file.
2025-01-27 23:06:14,588 [ERROR] LogOutputStream:75 - [STDERR_REDIRECT] 
2025-01-27 23:06:15,593 [ERROR] LogOutputStream:75 - [STDERR_REDIRECT] [Fatal Error] :1:1: Premature end of file.
2025-01-27 23:06:15,593 [ERROR] LogOutputStream:75 - [STDERR_REDIRECT] 
2025-01-27 23:06:16,577 [ERROR] LogOutputStream:75 - [STDERR_REDIRECT] [Fatal Error] :1:1: Premature end of file.
2025-01-27 23:06:16,577 [ERROR] LogOutputStream:75 - [STDERR_REDIRECT] 
2025-01-27 23:06:17,598 [ERROR] LogOutputStream:75 - [STDERR_REDIRECT] [Fatal Error] :1:1: Premature end of file.
2025-01-27 23:06:17,598 [ERROR] LogOutputStream:75 - [STDERR_REDIRECT] 
2025-01-27 23:06:18,586 [ERROR] LogOutputStream:75 - [STDERR_REDIRECT] [Fatal Error] :1:1: Premature end of file.
2025-01-27 23:06:18,586 [ERROR] LogOutputStream:75 - [STDERR_REDIRECT] 
2025-01-27 23:06:19,591 [ERROR] LogOutputStream:75 - [STDERR_REDIRECT] [Fatal Error] :1:1: Premature end of file.
2025-01-27 23:06:19,591 [ERROR] LogOutputStream:75 - [STDERR_REDIRECT] 
2025-01-27 23:06:20,610 [ERROR] LogOutputStream:75 - [STDERR_REDIRECT] [Fatal Error] :1:1: Premature end of file.
2025-01-27 23:06:20,610 [ERROR] LogOutputStream:75 - [STDERR_REDIRECT] 
2025-01-27 23:06:21,584 [ERROR] LogOutputStream:75 - [STDERR_REDIRECT] [Fatal Error] :1:1: Premature end of file.
2025-01-27 23:06:21,584 [ERROR] LogOutputStream:75 - [STDERR_REDIRECT] 
2025-01-27 23:06:22,582 [ERROR] LogOutputStream:75 - [STDERR_REDIRECT] [Fatal Error] :1:1: Premature end of file.
2025-01-27 23:06:22,582 [ERROR] LogOutputStream:75 - [STDERR_REDIRECT] 
2025-01-27 23:06:23,576 [ERROR] LogOutputStream:75 - [STDERR_REDIRECT] [Fatal Error] :1:1: Premature end of file.
2025-01-27 23:06:23,576 [ERROR] LogOutputStream:75 - [STDERR_REDIRECT] 
2025-01-27 23:06:24,576 [ERROR] LogOutputStream:75 - [STDERR_REDIRECT] [Fatal Error] :1:1: Premature end of file.
2025-01-27 23:06:24,576 [ERROR] LogOutputStream:75 - [STDERR_REDIRECT] 
2025-01-27 23:06:25,588 [ERROR] LogOutputStream:75 - [STDERR_REDIRECT] [Fatal Error] :1:1: Premature end of file.
2025-01-27 23:06:25,588 [ERROR] LogOutputStream:75 - [STDERR_REDIRECT] 
2025-01-27 23:06:26,585 [ERROR] LogOutputStream:75 - [STDERR_REDIRECT] [Fatal Error] :1:1: Premature end of file.
2025-01-27 23:06:26,585 [ERROR] LogOutputStream:75 - [STDERR_REDIRECT] 
2025-01-27 23:06:27,594 [ERROR] LogOutputStream:75 - [STDERR_REDIRECT] [Fatal Error] :1:1: Premature end of file.
2025-01-27 23:06:27,596 [ERROR] LogOutputStream:75 - [STDERR_REDIRECT] 
2025-01-27 23:06:28,583 [ERROR] LogOutputStream:75 - [STDERR_REDIRECT] [Fatal Error] :1:1: Premature end of file.
2025-01-27 23:06:28,583 [ERROR] LogOutputStream:75 - [STDERR_REDIRECT] 
2025-01-27 23:06:29,593 [ERROR] LogOutputStream:75 - [STDERR_REDIRECT] [Fatal Error] :1:1: Premature end of file.
2025-01-27 23:06:29,593 [ERROR] LogOutputStream:75 - [STDERR_REDIRECT] 
2025-01-27 23:06:30,589 [ERROR] LogOutputStream:75 - [STDERR_REDIRECT] [Fatal Error] :1:1: Premature end of file.
2025-01-27 23:06:30,589 [ERROR] LogOutputStream:75 - [STDERR_REDIRECT] 
2025-01-27 23:06:31,599 [ERROR] LogOutputStream:75 - [STDERR_REDIRECT] [Fatal Error] :1:1: Premature end of file.
2025-01-27 23:06:31,599 [ERROR] LogOutputStream:75 - [STDERR_REDIRECT] 
2025-01-27 23:06:32,583 [ERROR] LogOutputStream:75 - [STDERR_REDIRECT] [Fatal Error] :1:1: Premature end of file.
2025-01-27 23:06:32,583 [ERROR] LogOutputStream:75 - [STDERR_REDIRECT] 
2025-01-27 23:06:33,582 [ERROR] LogOutputStream:75 - [STDERR_REDIRECT] [Fatal Error] :1:1: Premature end of file.
2025-01-27 23:06:33,582 [ERROR] LogOutputStream:75 - [STDERR_REDIRECT] 
2025-01-27 23:06:34,583 [ERROR] LogOutputStream:75 - [STDERR_REDIRECT] [Fatal Error] :1:1: Premature end of file.
2025-01-27 23:06:34,583 [ERROR] LogOutputStream:75 - [STDERR_REDIRECT] 
2025-01-27 23:06:35,590 [ERROR] LogOutputStream:75 - [STDERR_REDIRECT] [Fatal Error] :1:1: Premature end of file.
2025-01-27 23:06:35,590 [ERROR] LogOutputStream:75 - [STDERR_REDIRECT] 
2025-01-27 23:06:36,590 [ERROR] LogOutputStream:75 - [STDERR_REDIRECT] [Fatal Error] :1:1: Premature end of file.
2025-01-27 23:06:36,590 [ERROR] LogOutputStream:75 - [STDERR_REDIRECT] 
2025-01-27 23:06:37,588 [ERROR] LogOutputStream:75 - [STDERR_REDIRECT] [Fatal Error] :1:1: Premature end of file.
2025-01-27 23:06:37,588 [ERROR] LogOutputStream:75 - [STDERR_REDIRECT] 
2025-01-27 23:06:38,580 [ERROR] LogOutputStream:75 - [STDERR_REDIRECT] [Fatal Error] :1:1: Premature end of file.
2025-01-27 23:06:38,580 [ERROR] LogOutputStream:75 - [STDERR_REDIRECT] 
2025-01-27 23:06:39,586 [ERROR] LogOutputStream:75 - [STDERR_REDIRECT] [Fatal Error] :1:1: Premature end of file.
2025-01-27 23:06:39,586 [ERROR] LogOutputStream:75 - [STDERR_REDIRECT] 
2025-01-27 23:06:40,595 [ERROR] LogOutputStream:75 - [STDERR_REDIRECT] [Fatal Error] :1:1: Premature end of file.
2025-01-27 23:06:40,595 [ERROR] LogOutputStream:75 - [STDERR_REDIRECT] 
2025-01-27 23:06:41,596 [ERROR] LogOutputStream:75 - [STDERR_REDIRECT] [Fatal Error] :1:1: Premature end of file.
2025-01-27 23:06:41,596 [ERROR] LogOutputStream:75 - [STDERR_REDIRECT] 
2025-01-27 23:06:42,630 [ERROR] LogOutputStream:75 - [STDERR_REDIRECT] [Fatal Error] :1:1: Premature end of file.
2025-01-27 23:06:42,630 [ERROR] LogOutputStream:75 - [STDERR_REDIRECT] 
2025-01-27 23:06:43,588 [ERROR] LogOutputStream:75 - [STDERR_REDIRECT] [Fatal Error] :1:1: Premature end of file.
2025-01-27 23:06:43,588 [ERROR] LogOutputStream:75 - [STDERR_REDIRECT] 
2025-01-27 23:06:44,591 [ERROR] LogOutputStream:75 - [STDERR_REDIRECT] [Fatal Error] :1:1: Premature end of file.
2025-01-27 23:06:44,591 [ERROR] LogOutputStream:75 - [STDERR_REDIRECT] 
2025-01-27 23:06:45,573 [ERROR] LogOutputStream:75 - [STDERR_REDIRECT] [Fatal Error] :1:1: Premature end of file.
2025-01-27 23:06:45,573 [ERROR] LogOutputStream:75 - [STDERR_REDIRECT] 
2025-01-27 23:06:46,602 [ERROR] LogOutputStream:75 - [STDERR_REDIRECT] [Fatal Error] :1:1: Premature end of file.
2025-01-27 23:06:46,602 [ERROR] LogOutputStream:75 - [STDERR_REDIRECT] 
2025-01-27 23:06:47,586 [ERROR] LogOutputStream:75 - [STDERR_REDIRECT] [Fatal Error] :1:1: Premature end of file.
2025-01-27 23:06:47,586 [ERROR] LogOutputStream:75 - [STDERR_REDIRECT] 
2025-01-27 23:06:48,584 [ERROR] LogOutputStream:75 - [STDERR_REDIRECT] [Fatal Error] :1:1: Premature end of file.
2025-01-27 23:06:48,584 [ERROR] LogOutputStream:75 - [STDERR_REDIRECT] 
2025-01-27 23:06:49,578 [ERROR] LogOutputStream:75 - [STDERR_REDIRECT] [Fatal Error] :1:1: Premature end of file.
2025-01-27 23:06:49,578 [ERROR] LogOutputStream:75 - [STDERR_REDIRECT] 
2025-01-27 23:06:50,590 [ERROR] LogOutputStream:75 - [STDERR_REDIRECT] [Fatal Error] :1:1: Premature end of file.
2025-01-27 23:06:50,590 [ERROR] LogOutputStream:75 - [STDERR_REDIRECT] 
2025-01-27 23:06:51,591 [ERROR] LogOutputStream:75 - [STDERR_REDIRECT] [Fatal Error] :1:1: Premature end of file.
2025-01-27 23:06:51,591 [ERROR] LogOutputStream:75 - [STDERR_REDIRECT] 
2025-01-27 23:06:52,594 [ERROR] LogOutputStream:75 - [STDERR_REDIRECT] [Fatal Error] :1:1: Premature end of file.
2025-01-27 23:06:52,594 [ERROR] LogOutputStream:75 - [STDERR_REDIRECT] 
2025-01-27 23:06:53,590 [ERROR] LogOutputStream:75 - [STDERR_REDIRECT] [Fatal Error] :1:1: Premature end of file.
2025-01-27 23:06:53,590 [ERROR] LogOutputStream:75 - [STDERR_REDIRECT] 
2025-01-27 23:06:54,590 [ERROR] LogOutputStream:75 - [STDERR_REDIRECT] [Fatal Error] :1:1: Premature end of file.
2025-01-27 23:06:54,590 [ERROR] LogOutputStream:75 - [STDERR_REDIRECT] 
2025-01-27 23:06:55,587 [ERROR] LogOutputStream:75 - [STDERR_REDIRECT] [Fatal Error] :1:1: Premature end of file.
2025-01-27 23:06:55,588 [ERROR] LogOutputStream:75 - [STDERR_REDIRECT] 
2025-01-27 23:06:56,582 [ERROR] LogOutputStream:75 - [STDERR_REDIRECT] [Fatal Error] :1:1: Premature end of file.
2025-01-27 23:06:56,582 [ERROR] LogOutputStream:75 - [STDERR_REDIRECT] 
2025-01-27 23:06:57,589 [ERROR] LogOutputStream:75 - [STDERR_REDIRECT] [Fatal Error] :1:1: Premature end of file.
2025-01-27 23:06:57,589 [ERROR] LogOutputStream:75 - [STDERR_REDIRECT] 
2025-01-27 23:06:58,594 [ERROR] LogOutputStream:75 - [STDERR_REDIRECT] [Fatal Error] :1:1: Premature end of file.
2025-01-27 23:06:58,594 [ERROR] LogOutputStream:75 - [STDERR_REDIRECT] 
2025-01-27 23:06:59,598 [ERROR] LogOutputStream:75 - [STDERR_REDIRECT] [Fatal Error] :1:1: Premature end of file.
2025-01-27 23:06:59,598 [ERROR] LogOutputStream:75 - [STDERR_REDIRECT] 
2025-01-27 23:07:00,577 [ERROR] LogOutputStream:75 - [STDERR_REDIRECT] [Fatal Error] :1:1: Premature end of file.
2025-01-27 23:07:00,577 [ERROR] LogOutputStream:75 - [STDERR_REDIRECT] 
2025-01-27 23:07:01,585 [ERROR] LogOutputStream:75 - [STDERR_REDIRECT] [Fatal Error] :1:1: Premature end of file.
2025-01-27 23:07:01,585 [ERROR] LogOutputStream:75 - [STDERR_REDIRECT] 
2025-01-27 23:07:02,579 [ERROR] LogOutputStream:75 - [STDERR_REDIRECT] [Fatal Error] :1:1: Premature end of file.
2025-01-27 23:07:02,579 [ERROR] LogOutputStream:75 - [STDERR_REDIRECT] 
2025-01-27 23:07:03,590 [ERROR] LogOutputStream:75 - [STDERR_REDIRECT] [Fatal Error] :1:1: Premature end of file.
2025-01-27 23:07:03,591 [ERROR] LogOutputStream:75 - [STDERR_REDIRECT] 
2025-01-27 23:07:04,586 [ERROR] LogOutputStream:75 - [STDERR_REDIRECT] [Fatal Error] :1:1: Premature end of file.
2025-01-27 23:07:04,586 [ERROR] LogOutputStream:75 - [STDERR_REDIRECT] 
2025-01-27 23:07:05,596 [ERROR] LogOutputStream:75 - [STDERR_REDIRECT] [Fatal Error] :1:1: Premature end of file.
2025-01-27 23:07:05,596 [ERROR] LogOutputStream:75 - [STDERR_REDIRECT] 
2025-01-27 23:07:06,579 [ERROR] LogOutputStream:75 - [STDERR_REDIRECT] [Fatal Error] :1:1: Premature end of file.
2025-01-27 23:07:06,579 [ERROR] LogOutputStream:75 - [STDERR_REDIRECT] 
2025-01-27 23:07:07,581 [ERROR] LogOutputStream:75 - [STDERR_REDIRECT] [Fatal Error] :1:1: Premature end of file.
2025-01-27 23:07:07,583 [ERROR] LogOutputStream:75 - [STDERR_REDIRECT] 
2025-01-27 23:07:08,578 [ERROR] LogOutputStream:75 - [STDERR_REDIRECT] [Fatal Error] :1:1: Premature end of file.
2025-01-27 23:07:08,578 [ERROR] LogOutputStream:75 - [STDERR_REDIRECT] 
2025-01-27 23:07:09,593 [ERROR] LogOutputStream:75 - [STDERR_REDIRECT] [Fatal Error] :1:1: Premature end of file.
2025-01-27 23:07:09,593 [ERROR] LogOutputStream:75 - [STDERR_REDIRECT] 
2025-01-27 23:07:10,576 [ERROR] LogOutputStream:75 - [STDERR_REDIRECT] [Fatal Error] :1:1: Premature end of file.
2025-01-27 23:07:10,576 [ERROR] LogOutputStream:75 - [STDERR_REDIRECT] 
2025-01-27 23:07:11,576 [ERROR] LogOutputStream:75 - [STDERR_REDIRECT] [Fatal Error] :1:1: Premature end of file.
2025-01-27 23:07:11,576 [ERROR] LogOutputStream:75 - [STDERR_REDIRECT] 
2025-01-27 23:07:12,590 [ERROR] LogOutputStream:75 - [STDERR_REDIRECT] [Fatal Error] :1:1: Premature end of file.
2025-01-27 23:07:12,590 [ERROR] LogOutputStream:75 - [STDERR_REDIRECT] 
2025-01-27 23:07:13,592 [ERROR] LogOutputStream:75 - [STDERR_REDIRECT] [Fatal Error] :1:1: Premature end of file.
2025-01-27 23:07:13,592 [ERROR] LogOutputStream:75 - [STDERR_REDIRECT] 
2025-01-27 23:07:14,585 [ERROR] LogOutputStream:75 - [STDERR_REDIRECT] [Fatal Error] :1:1: Premature end of file.
2025-01-27 23:07:14,585 [ERROR] LogOutputStream:75 - [STDERR_REDIRECT] 
2025-01-27 23:07:15,587 [ERROR] LogOutputStream:75 - [STDERR_REDIRECT] [Fatal Error] :1:1: Premature end of file.
2025-01-27 23:07:15,587 [ERROR] LogOutputStream:75 - [STDERR_REDIRECT] 
2025-01-27 23:07:16,595 [ERROR] LogOutputStream:75 - [STDERR_REDIRECT] [Fatal Error] :1:1: Premature end of file.
2025-01-27 23:07:16,595 [ERROR] LogOutputStream:75 - [STDERR_REDIRECT] 
2025-01-27 23:07:17,581 [ERROR] LogOutputStream:75 - [STDERR_REDIRECT] [Fatal Error] :1:1: Premature end of file.
2025-01-27 23:07:17,581 [ERROR] LogOutputStream:75 - [STDERR_REDIRECT] 
2025-01-27 23:07:18,586 [ERROR] LogOutputStream:75 - [STDERR_REDIRECT] [Fatal Error] :1:1: Premature end of file.
2025-01-27 23:07:18,586 [ERROR] LogOutputStream:75 - [STDERR_REDIRECT] 
2025-01-27 23:07:19,591 [ERROR] LogOutputStream:75 - [STDERR_REDIRECT] [Fatal Error] :1:1: Premature end of file.
2025-01-27 23:07:19,591 [ERROR] LogOutputStream:75 - [STDERR_REDIRECT] 
2025-01-27 23:07:20,592 [ERROR] LogOutputStream:75 - [STDERR_REDIRECT] [Fatal Error] :1:1: Premature end of file.
2025-01-27 23:07:20,592 [ERROR] LogOutputStream:75 - [STDERR_REDIRECT] 
2025-01-27 23:07:21,579 [ERROR] LogOutputStream:75 - [STDERR_REDIRECT] [Fatal Error] :1:1: Premature end of file.
2025-01-27 23:07:21,579 [ERROR] LogOutputStream:75 - [STDERR_REDIRECT] 
2025-01-27 23:07:22,583 [ERROR] LogOutputStream:75 - [STDERR_REDIRECT] [Fatal Error] :1:1: Premature end of file.
2025-01-27 23:07:22,583 [ERROR] LogOutputStream:75 - [STDERR_REDIRECT] 
2025-01-27 23:07:23,597 [ERROR] LogOutputStream:75 - [STDERR_REDIRECT] [Fatal Error] :1:1: Premature end of file.
2025-01-27 23:07:23,597 [ERROR] LogOutputStream:75 - [STDERR_REDIRECT] 
2025-01-27 23:07:24,584 [ERROR] LogOutputStream:75 - [STDERR_REDIRECT] [Fatal Error] :1:1: Premature end of file.
2025-01-27 23:07:24,584 [ERROR] LogOutputStream:75 - [STDERR_REDIRECT] 
2025-01-27 23:07:25,594 [ERROR] LogOutputStream:75 - [STDERR_REDIRECT] [Fatal Error] :1:1: Premature end of file.
2025-01-27 23:07:25,594 [ERROR] LogOutputStream:75 - [STDERR_REDIRECT] 
2025-01-27 23:07:26,600 [ERROR] LogOutputStream:75 - [STDERR_REDIRECT] [Fatal Error] :1:1: Premature end of file.
2025-01-27 23:07:26,600 [ERROR] LogOutputStream:75 - [STDERR_REDIRECT] 
2025-01-27 23:07:27,588 [ERROR] LogOutputStream:75 - [STDERR_REDIRECT] [Fatal Error] :1:1: Premature end of file.
2025-01-27 23:07:27,588 [ERROR] LogOutputStream:75 - [STDERR_REDIRECT] 
2025-01-27 23:07:28,587 [ERROR] LogOutputStream:75 - [STDERR_REDIRECT] [Fatal Error] :1:1: Premature end of file.
2025-01-27 23:07:28,587 [ERROR] LogOutputStream:75 - [STDERR_REDIRECT] 
2025-01-27 23:07:29,611 [ERROR] LogOutputStream:75 - [STDERR_REDIRECT] [Fatal Error] :1:1: Premature end of file.
2025-01-27 23:07:29,612 [ERROR] LogOutputStream:75 - [STDERR_REDIRECT] 
2025-01-27 23:07:30,593 [ERROR] LogOutputStream:75 - [STDERR_REDIRECT] [Fatal Error] :1:1: Premature end of file.
2025-01-27 23:07:30,593 [ERROR] LogOutputStream:75 - [STDERR_REDIRECT] 
2025-01-27 23:07:31,589 [ERROR] LogOutputStream:75 - [STDERR_REDIRECT] [Fatal Error] :1:1: Premature end of file.
2025-01-27 23:07:31,589 [ERROR] LogOutputStream:75 - [STDERR_REDIRECT] 
2025-01-27 23:07:32,581 [ERROR] LogOutputStream:75 - [STDERR_REDIRECT] [Fatal Error] :1:1: Premature end of file.
2025-01-27 23:07:32,581 [ERROR] LogOutputStream:75 - [STDERR_REDIRECT] 
2025-01-27 23:07:33,589 [ERROR] LogOutputStream:75 - [STDERR_REDIRECT] [Fatal Error] :1:1: Premature end of file.
2025-01-27 23:07:33,589 [ERROR] LogOutputStream:75 - [STDERR_REDIRECT] 
2025-01-27 23:07:34,584 [ERROR] LogOutputStream:75 - [STDERR_REDIRECT] [Fatal Error] :1:1: Premature end of file.
2025-01-27 23:07:34,584 [ERROR] LogOutputStream:75 - [STDERR_REDIRECT] 
2025-01-27 23:07:35,588 [ERROR] LogOutputStream:75 - [STDERR_REDIRECT] [Fatal Error] :1:1: Premature end of file.
2025-01-27 23:07:35,588 [ERROR] LogOutputStream:75 - [STDERR_REDIRECT] 
2025-01-27 23:07:36,584 [ERROR] LogOutputStream:75 - [STDERR_REDIRECT] [Fatal Error] :1:1: Premature end of file.
2025-01-27 23:07:36,584 [ERROR] LogOutputStream:75 - [STDERR_REDIRECT] 
2025-01-27 23:07:37,589 [ERROR] LogOutputStream:75 - [STDERR_REDIRECT] [Fatal Error] :1:1: Premature end of file.
2025-01-27 23:07:37,589 [ERROR] LogOutputStream:75 - [STDERR_REDIRECT] 
2025-01-27 23:07:38,598 [ERROR] LogOutputStream:75 - [STDERR_REDIRECT] [Fatal Error] :1:1: Premature end of file.
2025-01-27 23:07:38,598 [ERROR] LogOutputStream:75 - [STDERR_REDIRECT] 
2025-01-27 23:07:39,590 [ERROR] LogOutputStream:75 - [STDERR_REDIRECT] [Fatal Error] :1:1: Premature end of file.
2025-01-27 23:07:39,590 [ERROR] LogOutputStream:75 - [STDERR_REDIRECT] 
2025-01-27 23:07:40,592 [ERROR] LogOutputStream:75 - [STDERR_REDIRECT] [Fatal Error] :1:1: Premature end of file.
2025-01-27 23:07:40,592 [ERROR] LogOutputStream:75 - [STDERR_REDIRECT] 
2025-01-27 23:07:41,588 [ERROR] LogOutputStream:75 - [STDERR_REDIRECT] [Fatal Error] :1:1: Premature end of file.
2025-01-27 23:07:41,588 [ERROR] LogOutputStream:75 - [STDERR_REDIRECT] 
2025-01-27 23:07:42,593 [ERROR] LogOutputStream:75 - [STDERR_REDIRECT] [Fatal Error] :1:1: Premature end of file.
2025-01-27 23:07:42,593 [ERROR] LogOutputStream:75 - [STDERR_REDIRECT] 
2025-01-27 23:07:43,591 [ERROR] LogOutputStream:75 - [STDERR_REDIRECT] [Fatal Error] :1:1: Premature end of file.
2025-01-27 23:07:43,593 [ERROR] LogOutputStream:75 - [STDERR_REDIRECT] 
2025-01-27 23:07:44,583 [ERROR] LogOutputStream:75 - [STDERR_REDIRECT] [Fatal Error] :1:1: Premature end of file.
2025-01-27 23:07:44,583 [ERROR] LogOutputStream:75 - [STDERR_REDIRECT] 
2025-01-27 23:07:45,584 [ERROR] LogOutputStream:75 - [STDERR_REDIRECT] [Fatal Error] :1:1: Premature end of file.
2025-01-27 23:07:45,584 [ERROR] LogOutputStream:75 - [STDERR_REDIRECT] 
2025-01-27 23:07:46,582 [ERROR] LogOutputStream:75 - [STDERR_REDIRECT] [Fatal Error] :1:1: Premature end of file.
2025-01-27 23:07:46,582 [ERROR] LogOutputStream:75 - [STDERR_REDIRECT] 
2025-01-27 23:07:47,589 [ERROR] LogOutputStream:75 - [STDERR_REDIRECT] [Fatal Error] :1:1: Premature end of file.
2025-01-27 23:07:47,589 [ERROR] LogOutputStream:75 - [STDERR_REDIRECT] 
2025-01-27 23:07:48,585 [ERROR] LogOutputStream:75 - [STDERR_REDIRECT] [Fatal Error] :1:1: Premature end of file.
2025-01-27 23:07:48,585 [ERROR] LogOutputStream:75 - [STDERR_REDIRECT] 
2025-01-27 23:07:49,589 [ERROR] LogOutputStream:75 - [STDERR_REDIRECT] [Fatal Error] :1:1: Premature end of file.
2025-01-27 23:07:49,589 [ERROR] LogOutputStream:75 - [STDERR_REDIRECT] 
2025-01-27 23:07:50,584 [ERROR] LogOutputStream:75 - [STDERR_REDIRECT] [Fatal Error] :1:1: Premature end of file.
2025-01-27 23:07:50,584 [ERROR] LogOutputStream:75 - [STDERR_REDIRECT] 
2025-01-27 23:07:51,582 [ERROR] LogOutputStream:75 - [STDERR_REDIRECT] [Fatal Error] :1:1: Premature end of file.
2025-01-27 23:07:51,582 [ERROR] LogOutputStream:75 - [STDERR_REDIRECT] 
2025-01-27 23:07:52,588 [ERROR] LogOutputStream:75 - [STDERR_REDIRECT] [Fatal Error] :1:1: Premature end of file.
2025-01-27 23:07:52,588 [ERROR] LogOutputStream:75 - [STDERR_REDIRECT] 
2025-01-27 23:07:53,575 [ERROR] LogOutputStream:75 - [STDERR_REDIRECT] [Fatal Error] :1:1: Premature end of file.
2025-01-27 23:07:53,575 [ERROR] LogOutputStream:75 - [STDERR_REDIRECT] 
2025-01-27 23:07:54,576 [ERROR] LogOutputStream:75 - [STDERR_REDIRECT] [Fatal Error] :1:1: Premature end of file.
2025-01-27 23:07:54,576 [ERROR] LogOutputStream:75 - [STDERR_REDIRECT] 
2025-01-27 23:07:55,584 [ERROR] LogOutputStream:75 - [STDERR_REDIRECT] [Fatal Error] :1:1: Premature end of file.
2025-01-27 23:07:55,584 [ERROR] LogOutputStream:75 - [STDERR_REDIRECT] 
2025-01-27 23:07:56,586 [ERROR] LogOutputStream:75 - [STDERR_REDIRECT] [Fatal Error] :1:1: Premature end of file.
2025-01-27 23:07:56,586 [ERROR] LogOutputStream:75 - [STDERR_REDIRECT] 
2025-01-27 23:07:57,581 [ERROR] LogOutputStream:75 - [STDERR_REDIRECT] [Fatal Error] :1:1: Premature end of file.
2025-01-27 23:07:57,581 [ERROR] LogOutputStream:75 - [STDERR_REDIRECT] 
2025-01-27 23:07:58,590 [ERROR] LogOutputStream:75 - [STDERR_REDIRECT] [Fatal Error] :1:1: Premature end of file.
2025-01-27 23:07:58,590 [ERROR] LogOutputStream:75 - [STDERR_REDIRECT] 
2025-01-27 23:07:59,600 [ERROR] LogOutputStream:75 - [STDERR_REDIRECT] [Fatal Error] :1:1: Premature end of file.
2025-01-27 23:07:59,600 [ERROR] LogOutputStream:75 - [STDERR_REDIRECT] 
2025-01-27 23:08:00,584 [ERROR] LogOutputStream:75 - [STDERR_REDIRECT] [Fatal Error] :1:1: Premature end of file.
2025-01-27 23:08:00,584 [ERROR] LogOutputStream:75 - [STDERR_REDIRECT] 
2025-01-27 23:08:01,587 [ERROR] LogOutputStream:75 - [STDERR_REDIRECT] [Fatal Error] :1:1: Premature end of file.
2025-01-27 23:08:01,587 [ERROR] LogOutputStream:75 - [STDERR_REDIRECT] 
2025-01-27 23:08:02,585 [ERROR] LogOutputStream:75 - [STDERR_REDIRECT] [Fatal Error] :1:1: Premature end of file.
2025-01-27 23:08:02,585 [ERROR] LogOutputStream:75 - [STDERR_REDIRECT] 
2025-01-27 23:08:03,580 [ERROR] LogOutputStream:75 - [STDERR_REDIRECT] [Fatal Error] :1:1: Premature end of file.
2025-01-27 23:08:03,580 [ERROR] LogOutputStream:75 - [STDERR_REDIRECT] 
2025-01-27 23:08:04,580 [ERROR] LogOutputStream:75 - [STDERR_REDIRECT] [Fatal Error] :1:1: Premature end of file.
2025-01-27 23:08:04,580 [ERROR] LogOutputStream:75 - [STDERR_REDIRECT] 
2025-01-27 23:08:05,596 [ERROR] LogOutputStream:75 - [STDERR_REDIRECT] [Fatal Error] :1:1: Premature end of file.
2025-01-27 23:08:05,596 [ERROR] LogOutputStream:75 - [STDERR_REDIRECT] 
2025-01-27 23:08:06,578 [ERROR] LogOutputStream:75 - [STDERR_REDIRECT] [Fatal Error] :1:1: Premature end of file.
2025-01-27 23:08:06,578 [ERROR] LogOutputStream:75 - [STDERR_REDIRECT] 
2025-01-27 23:08:07,577 [ERROR] LogOutputStream:75 - [STDERR_REDIRECT] [Fatal Error] :1:1: Premature end of file.
2025-01-27 23:08:07,577 [ERROR] LogOutputStream:75 - [STDERR_REDIRECT] 
2025-01-27 23:08:08,576 [ERROR] LogOutputStream:75 - [STDERR_REDIRECT] [Fatal Error] :1:1: Premature end of file.
2025-01-27 23:08:08,576 [ERROR] LogOutputStream:75 - [STDERR_REDIRECT] 
2025-01-27 23:08:09,584 [ERROR] LogOutputStream:75 - [STDERR_REDIRECT] [Fatal Error] :1:1: Premature end of file.
2025-01-27 23:08:09,584 [ERROR] LogOutputStream:75 - [STDERR_REDIRECT] 
2025-01-27 23:08:10,584 [ERROR] LogOutputStream:75 - [STDERR_REDIRECT] [Fatal Error] :1:1: Premature end of file.
2025-01-27 23:08:10,584 [ERROR] LogOutputStream:75 - [STDERR_REDIRECT] 
2025-01-27 23:08:11,596 [ERROR] LogOutputStream:75 - [STDERR_REDIRECT] [Fatal Error] :1:1: Premature end of file.
2025-01-27 23:08:11,596 [ERROR] LogOutputStream:75 - [STDERR_REDIRECT] 
2025-01-27 23:08:12,580 [ERROR] LogOutputStream:75 - [STDERR_REDIRECT] [Fatal Error] :1:1: Premature end of file.
2025-01-27 23:08:12,580 [ERROR] LogOutputStream:75 - [STDERR_REDIRECT] 
2025-01-27 23:08:13,579 [ERROR] LogOutputStream:75 - [STDERR_REDIRECT] [Fatal Error] :1:1: Premature end of file.
2025-01-27 23:08:13,579 [ERROR] LogOutputStream:75 - [STDERR_REDIRECT] 
2025-01-27 23:08:14,597 [ERROR] LogOutputStream:75 - [STDERR_REDIRECT] [Fatal Error] :1:1: Premature end of file.
2025-01-27 23:08:14,597 [ERROR] LogOutputStream:75 - [STDERR_REDIRECT] 
2025-01-27 23:08:15,586 [ERROR] LogOutputStream:75 - [STDERR_REDIRECT] [Fatal Error] :1:1: Premature end of file.
2025-01-27 23:08:15,586 [ERROR] LogOutputStream:75 - [STDERR_REDIRECT] 
2025-01-27 23:08:16,579 [ERROR] LogOutputStream:75 - [STDERR_REDIRECT] [Fatal Error] :1:1: Premature end of file.
2025-01-27 23:08:16,579 [ERROR] LogOutputStream:75 - [STDERR_REDIRECT] 
2025-01-27 23:08:17,590 [ERROR] LogOutputStream:75 - [STDERR_REDIRECT] [Fatal Error] :1:1: Premature end of file.
2025-01-27 23:08:17,590 [ERROR] LogOutputStream:75 - [STDERR_REDIRECT] 
2025-01-27 23:08:18,582 [ERROR] LogOutputStream:75 - [STDERR_REDIRECT] [Fatal Error] :1:1: Premature end of file.
2025-01-27 23:08:18,582 [ERROR] LogOutputStream:75 - [STDERR_REDIRECT] 
2025-01-27 23:08:19,585 [ERROR] LogOutputStream:75 - [STDERR_REDIRECT] [Fatal Error] :1:1: Premature end of file.
2025-01-27 23:08:19,586 [ERROR] LogOutputStream:75 - [STDERR_REDIRECT] 
2025-01-27 23:08:20,581 [ERROR] LogOutputStream:75 - [STDERR_REDIRECT] [Fatal Error] :1:1: Premature end of file.
2025-01-27 23:08:20,582 [ERROR] LogOutputStream:75 - [STDERR_REDIRECT] 
2025-01-27 23:08:21,576 [ERROR] LogOutputStream:75 - [STDERR_REDIRECT] [Fatal Error] :1:1: Premature end of file.
2025-01-27 23:08:21,577 [ERROR] LogOutputStream:75 - [STDERR_REDIRECT] 
2025-01-27 23:08:22,588 [ERROR] LogOutputStream:75 - [STDERR_REDIRECT] [Fatal Error] :1:1: Premature end of file.
2025-01-27 23:08:22,588 [ERROR] LogOutputStream:75 - [STDERR_REDIRECT] 
2025-01-27 23:08:23,614 [ERROR] LogOutputStream:75 - [STDERR_REDIRECT] [Fatal Error] :1:1: Premature end of file.
2025-01-27 23:08:23,614 [ERROR] LogOutputStream:75 - [STDERR_REDIRECT] 
2025-01-27 23:08:24,603 [ERROR] LogOutputStream:75 - [STDERR_REDIRECT] [Fatal Error] :1:1: Premature end of file.
2025-01-27 23:08:24,603 [ERROR] LogOutputStream:75 - [STDERR_REDIRECT] 
2025-01-27 23:08:25,575 [ERROR] LogOutputStream:75 - [STDERR_REDIRECT] [Fatal Error] :1:1: Premature end of file.
2025-01-27 23:08:25,575 [ERROR] LogOutputStream:75 - [STDERR_REDIRECT] 
2025-01-27 23:08:26,577 [ERROR] LogOutputStream:75 - [STDERR_REDIRECT] [Fatal Error] :1:1: Premature end of file.
2025-01-27 23:08:26,577 [ERROR] LogOutputStream:75 - [STDERR_REDIRECT] 
2025-01-27 23:08:27,594 [ERROR] LogOutputStream:75 - [STDERR_REDIRECT] [Fatal Error] :1:1: Premature end of file.
2025-01-27 23:08:27,594 [ERROR] LogOutputStream:75 - [STDERR_REDIRECT] 
2025-01-27 23:08:28,590 [ERROR] LogOutputStream:75 - [STDERR_REDIRECT] [Fatal Error] :1:1: Premature end of file.
2025-01-27 23:08:28,590 [ERROR] LogOutputStream:75 - [STDERR_REDIRECT] 
2025-01-27 23:08:29,596 [ERROR] LogOutputStream:75 - [STDERR_REDIRECT] [Fatal Error] :1:1: Premature end of file.
2025-01-27 23:08:29,596 [ERROR] LogOutputStream:75 - [STDERR_REDIRECT] 
2025-01-27 23:08:30,587 [ERROR] LogOutputStream:75 - [STDERR_REDIRECT] [Fatal Error] :1:1: Premature end of file.
2025-01-27 23:08:30,587 [ERROR] LogOutputStream:75 - [STDERR_REDIRECT] 
2025-01-27 23:08:31,598 [ERROR] LogOutputStream:75 - [STDERR_REDIRECT] [Fatal Error] :1:1: Premature end of file.
2025-01-27 23:08:31,598 [ERROR] LogOutputStream:75 - [STDERR_REDIRECT] 
2025-01-27 23:08:32,594 [ERROR] LogOutputStream:75 - [STDERR_REDIRECT] [Fatal Error] :1:1: Premature end of file.
2025-01-27 23:08:32,594 [ERROR] LogOutputStream:75 - [STDERR_REDIRECT] 
2025-01-27 23:08:33,584 [ERROR] LogOutputStream:75 - [STDERR_REDIRECT] [Fatal Error] :1:1: Premature end of file.
2025-01-27 23:08:33,584 [ERROR] LogOutputStream:75 - [STDERR_REDIRECT] 
2025-01-27 23:08:34,591 [ERROR] LogOutputStream:75 - [STDERR_REDIRECT] [Fatal Error] :1:1: Premature end of file.
2025-01-27 23:08:34,592 [ERROR] LogOutputStream:75 - [STDERR_REDIRECT] 
2025-01-27 23:08:35,582 [ERROR] LogOutputStream:75 - [STDERR_REDIRECT] [Fatal Error] :1:1: Premature end of file.
2025-01-27 23:08:35,582 [ERROR] LogOutputStream:75 - [STDERR_REDIRECT] 
2025-01-27 23:08:36,581 [ERROR] LogOutputStream:75 - [STDERR_REDIRECT] [Fatal Error] :1:1: Premature end of file.
2025-01-27 23:08:36,581 [ERROR] LogOutputStream:75 - [STDERR_REDIRECT] 
2025-01-27 23:08:37,595 [ERROR] LogOutputStream:75 - [STDERR_REDIRECT] [Fatal Error] :1:1: Premature end of file.
2025-01-27 23:08:37,595 [ERROR] LogOutputStream:75 - [STDERR_REDIRECT] 
2025-01-27 23:08:38,578 [ERROR] LogOutputStream:75 - [STDERR_REDIRECT] [Fatal Error] :1:1: Premature end of file.
2025-01-27 23:08:38,578 [ERROR] LogOutputStream:75 - [STDERR_REDIRECT] 
2025-01-27 23:08:39,579 [ERROR] LogOutputStream:75 - [STDERR_REDIRECT] [Fatal Error] :1:1: Premature end of file.
2025-01-27 23:08:39,579 [ERROR] LogOutputStream:75 - [STDERR_REDIRECT] 
2025-01-27 23:08:40,582 [ERROR] LogOutputStream:75 - [STDERR_REDIRECT] [Fatal Error] :1:1: Premature end of file.
2025-01-27 23:08:40,582 [ERROR] LogOutputStream:75 - [STDERR_REDIRECT] 
2025-01-27 23:08:41,590 [ERROR] LogOutputStream:75 - [STDERR_REDIRECT] [Fatal Error] :1:1: Premature end of file.
2025-01-27 23:08:41,590 [ERROR] LogOutputStream:75 - [STDERR_REDIRECT] 
2025-01-27 23:08:42,597 [ERROR] LogOutputStream:75 - [STDERR_REDIRECT] [Fatal Error] :1:1: Premature end of file.
2025-01-27 23:08:42,597 [ERROR] LogOutputStream:75 - [STDERR_REDIRECT] 
2025-01-27 23:08:43,597 [ERROR] LogOutputStream:75 - [STDERR_REDIRECT] [Fatal Error] :1:1: Premature end of file.
2025-01-27 23:08:43,597 [ERROR] LogOutputStream:75 - [STDERR_REDIRECT] 
2025-01-27 23:08:44,581 [ERROR] LogOutputStream:75 - [STDERR_REDIRECT] [Fatal Error] :1:1: Premature end of file.
2025-01-27 23:08:44,581 [ERROR] LogOutputStream:75 - [STDERR_REDIRECT] 
2025-01-27 23:08:45,617 [ERROR] LogOutputStream:75 - [STDERR_REDIRECT] [Fatal Error] :1:1: Premature end of file.
2025-01-27 23:08:45,617 [ERROR] LogOutputStream:75 - [STDERR_REDIRECT] 
2025-01-27 23:08:46,581 [ERROR] LogOutputStream:75 - [STDERR_REDIRECT] [Fatal Error] :1:1: Premature end of file.
2025-01-27 23:08:46,581 [ERROR] LogOutputStream:75 - [STDERR_REDIRECT] 
2025-01-27 23:08:47,586 [ERROR] LogOutputStream:75 - [STDERR_REDIRECT] [Fatal Error] :1:1: Premature end of file.
2025-01-27 23:08:47,587 [ERROR] LogOutputStream:75 - [STDERR_REDIRECT] 
2025-01-27 23:08:48,602 [ERROR] LogOutputStream:75 - [STDERR_REDIRECT] [Fatal Error] :1:1: Premature end of file.
2025-01-27 23:08:48,602 [ERROR] LogOutputStream:75 - [STDERR_REDIRECT] 
2025-01-27 23:08:49,600 [ERROR] LogOutputStream:75 - [STDERR_REDIRECT] [Fatal Error] :1:1: Premature end of file.
2025-01-27 23:08:49,600 [ERROR] LogOutputStream:75 - [STDERR_REDIRECT] 
2025-01-27 23:08:50,594 [ERROR] LogOutputStream:75 - [STDERR_REDIRECT] [Fatal Error] :1:1: Premature end of file.
2025-01-27 23:08:50,594 [ERROR] LogOutputStream:75 - [STDERR_REDIRECT] 
2025-01-27 23:08:51,588 [ERROR] LogOutputStream:75 - [STDERR_REDIRECT] [Fatal Error] :1:1: Premature end of file.
2025-01-27 23:08:51,588 [ERROR] LogOutputStream:75 - [STDERR_REDIRECT] 
2025-01-27 23:08:52,593 [ERROR] LogOutputStream:75 - [STDERR_REDIRECT] [Fatal Error] :1:1: Premature end of file.
2025-01-27 23:08:52,593 [ERROR] LogOutputStream:75 - [STDERR_REDIRECT] 
2025-01-27 23:08:53,586 [ERROR] LogOutputStream:75 - [STDERR_REDIRECT] [Fatal Error] :1:1: Premature end of file.
2025-01-27 23:08:53,586 [ERROR] LogOutputStream:75 - [STDERR_REDIRECT] 
2025-01-27 23:08:54,595 [ERROR] LogOutputStream:75 - [STDERR_REDIRECT] [Fatal Error] :1:1: Premature end of file.
2025-01-27 23:08:54,595 [ERROR] LogOutputStream:75 - [STDERR_REDIRECT] 
2025-01-27 23:08:55,588 [ERROR] LogOutputStream:75 - [STDERR_REDIRECT] [Fatal Error] :1:1: Premature end of file.
2025-01-27 23:08:55,590 [ERROR] LogOutputStream:75 - [STDERR_REDIRECT] 
2025-01-27 23:08:56,591 [ERROR] LogOutputStream:75 - [STDERR_REDIRECT] [Fatal Error] :1:1: Premature end of file.
2025-01-27 23:08:56,591 [ERROR] LogOutputStream:75 - [STDERR_REDIRECT] 
2025-01-27 23:08:57,580 [ERROR] LogOutputStream:75 - [STDERR_REDIRECT] [Fatal Error] :1:1: Premature end of file.
2025-01-27 23:08:57,580 [ERROR] LogOutputStream:75 - [STDERR_REDIRECT] 
2025-01-27 23:08:58,576 [ERROR] LogOutputStream:75 - [STDERR_REDIRECT] [Fatal Error] :1:1: Premature end of file.
2025-01-27 23:08:58,576 [ERROR] LogOutputStream:75 - [STDERR_REDIRECT] 
2025-01-27 23:08:59,593 [ERROR] LogOutputStream:75 - [STDERR_REDIRECT] [Fatal Error] :1:1: Premature end of file.
2025-01-27 23:08:59,594 [ERROR] LogOutputStream:75 - [STDERR_REDIRECT] 
2025-01-27 23:09:00,575 [ERROR] LogOutputStream:75 - [STDERR_REDIRECT] [Fatal Error] :1:1: Premature end of file.
2025-01-27 23:09:00,575 [ERROR] LogOutputStream:75 - [STDERR_REDIRECT] 
2025-01-27 23:09:01,586 [ERROR] LogOutputStream:75 - [STDERR_REDIRECT] [Fatal Error] :1:1: Premature end of file.
2025-01-27 23:09:01,586 [ERROR] LogOutputStream:75 - [STDERR_REDIRECT] 
2025-01-27 23:09:02,596 [ERROR] LogOutputStream:75 - [STDERR_REDIRECT] [Fatal Error] :1:1: Premature end of file.
2025-01-27 23:09:02,596 [ERROR] LogOutputStream:75 - [STDERR_REDIRECT] 
2025-01-27 23:09:03,590 [ERROR] LogOutputStream:75 - [STDERR_REDIRECT] [Fatal Error] :1:1: Premature end of file.
2025-01-27 23:09:03,590 [ERROR] LogOutputStream:75 - [STDERR_REDIRECT] 
2025-01-27 23:09:04,599 [ERROR] LogOutputStream:75 - [STDERR_REDIRECT] [Fatal Error] :1:1: Premature end of file.
2025-01-27 23:09:04,599 [ERROR] LogOutputStream:75 - [STDERR_REDIRECT] 
2025-01-27 23:09:05,582 [ERROR] LogOutputStream:75 - [STDERR_REDIRECT] [Fatal Error] :1:1: Premature end of file.
2025-01-27 23:09:05,582 [ERROR] LogOutputStream:75 - [STDERR_REDIRECT] 
2025-01-27 23:09:06,598 [ERROR] LogOutputStream:75 - [STDERR_REDIRECT] [Fatal Error] :1:1: Premature end of file.
2025-01-27 23:09:06,598 [ERROR] LogOutputStream:75 - [STDERR_REDIRECT] 
2025-01-27 23:09:07,593 [ERROR] LogOutputStream:75 - [STDERR_REDIRECT] [Fatal Error] :1:1: Premature end of file.
2025-01-27 23:09:07,593 [ERROR] LogOutputStream:75 - [STDERR_REDIRECT] 
2025-01-27 23:09:08,593 [ERROR] LogOutputStream:75 - [STDERR_REDIRECT] [Fatal Error] :1:1: Premature end of file.
2025-01-27 23:09:08,593 [ERROR] LogOutputStream:75 - [STDERR_REDIRECT] 
2025-01-27 23:09:09,582 [ERROR] LogOutputStream:75 - [STDERR_REDIRECT] [Fatal Error] :1:1: Premature end of file.
2025-01-27 23:09:09,582 [ERROR] LogOutputStream:75 - [STDERR_REDIRECT] 
2025-01-27 23:09:10,585 [ERROR] LogOutputStream:75 - [STDERR_REDIRECT] [Fatal Error] :1:1: Premature end of file.
2025-01-27 23:09:10,585 [ERROR] LogOutputStream:75 - [STDERR_REDIRECT] 
2025-01-27 23:09:11,591 [ERROR] LogOutputStream:75 - [STDERR_REDIRECT] [Fatal Error] :1:1: Premature end of file.
2025-01-27 23:09:11,591 [ERROR] LogOutputStream:75 - [STDERR_REDIRECT] 
2025-01-27 23:09:12,587 [ERROR] LogOutputStream:75 - [STDERR_REDIRECT] [Fatal Error] :1:1: Premature end of file.
2025-01-27 23:09:12,587 [ERROR] LogOutputStream:75 - [STDERR_REDIRECT] 
2025-01-27 23:09:13,586 [ERROR] LogOutputStream:75 - [STDERR_REDIRECT] [Fatal Error] :1:1: Premature end of file.
2025-01-27 23:09:13,586 [ERROR] LogOutputStream:75 - [STDERR_REDIRECT] 
2025-01-27 23:09:14,585 [ERROR] LogOutputStream:75 - [STDERR_REDIRECT] [Fatal Error] :1:1: Premature end of file.
2025-01-27 23:09:14,585 [ERROR] LogOutputStream:75 - [STDERR_REDIRECT] 
2025-01-27 23:09:15,581 [ERROR] LogOutputStream:75 - [STDERR_REDIRECT] [Fatal Error] :1:1: Premature end of file.
2025-01-27 23:09:15,581 [ERROR] LogOutputStream:75 - [STDERR_REDIRECT] 
2025-01-27 23:09:16,621 [ERROR] LogOutputStream:75 - [STDERR_REDIRECT] [Fatal Error] :1:1: Premature end of file.
2025-01-27 23:09:16,621 [ERROR] LogOutputStream:75 - [STDERR_REDIRECT] 
2025-01-27 23:09:17,580 [ERROR] LogOutputStream:75 - [STDERR_REDIRECT] [Fatal Error] :1:1: Premature end of file.
2025-01-27 23:09:17,580 [ERROR] LogOutputStream:75 - [STDERR_REDIRECT] 
2025-01-27 23:09:18,590 [ERROR] LogOutputStream:75 - [STDERR_REDIRECT] [Fatal Error] :1:1: Premature end of file.
2025-01-27 23:09:18,590 [ERROR] LogOutputStream:75 - [STDERR_REDIRECT] 
2025-01-27 23:09:19,588 [ERROR] LogOutputStream:75 - [STDERR_REDIRECT] [Fatal Error] :1:1: Premature end of file.
2025-01-27 23:09:19,588 [ERROR] LogOutputStream:75 - [STDERR_REDIRECT] 
2025-01-27 23:09:20,609 [ERROR] LogOutputStream:75 - [STDERR_REDIRECT] [Fatal Error] :1:1: Premature end of file.
2025-01-27 23:09:20,609 [ERROR] LogOutputStream:75 - [STDERR_REDIRECT] 
2025-01-27 23:09:21,583 [ERROR] LogOutputStream:75 - [STDERR_REDIRECT] [Fatal Error] :1:1: Premature end of file.
2025-01-27 23:09:21,583 [ERROR] LogOutputStream:75 - [STDERR_REDIRECT] 
2025-01-27 23:09:22,586 [ERROR] LogOutputStream:75 - [STDERR_REDIRECT] [Fatal Error] :1:1: Premature end of file.
2025-01-27 23:09:22,586 [ERROR] LogOutputStream:75 - [STDERR_REDIRECT] 
2025-01-27 23:09:23,602 [ERROR] LogOutputStream:75 - [STDERR_REDIRECT] [Fatal Error] :1:1: Premature end of file.
2025-01-27 23:09:23,602 [ERROR] LogOutputStream:75 - [STDERR_REDIRECT] 
2025-01-27 23:09:24,590 [ERROR] LogOutputStream:75 - [STDERR_REDIRECT] [Fatal Error] :1:1: Premature end of file.
2025-01-27 23:09:24,590 [ERROR] LogOutputStream:75 - [STDERR_REDIRECT] 
2025-01-27 23:09:25,587 [ERROR] LogOutputStream:75 - [STDERR_REDIRECT] [Fatal Error] :1:1: Premature end of file.
2025-01-27 23:09:25,587 [ERROR] LogOutputStream:75 - [STDERR_REDIRECT] 
2025-01-27 23:09:26,587 [ERROR] LogOutputStream:75 - [STDERR_REDIRECT] [Fatal Error] :1:1: Premature end of file.
2025-01-27 23:09:26,587 [ERROR] LogOutputStream:75 - [STDERR_REDIRECT] 
2025-01-27 23:09:27,586 [ERROR] LogOutputStream:75 - [STDERR_REDIRECT] [Fatal Error] :1:1: Premature end of file.
2025-01-27 23:09:27,586 [ERROR] LogOutputStream:75 - [STDERR_REDIRECT] 
2025-01-27 23:09:28,574 [ERROR] LogOutputStream:75 - [STDERR_REDIRECT] [Fatal Error] :1:1: Premature end of file.
2025-01-27 23:09:28,574 [ERROR] LogOutputStream:75 - [STDERR_REDIRECT] 
2025-01-27 23:09:29,596 [ERROR] LogOutputStream:75 - [STDERR_REDIRECT] [Fatal Error] :1:1: Premature end of file.
2025-01-27 23:09:29,596 [ERROR] LogOutputStream:75 - [STDERR_REDIRECT] 
2025-01-27 23:09:30,586 [ERROR] LogOutputStream:75 - [STDERR_REDIRECT] [Fatal Error] :1:1: Premature end of file.
2025-01-27 23:09:30,586 [ERROR] LogOutputStream:75 - [STDERR_REDIRECT] 
2025-01-27 23:09:31,595 [ERROR] LogOutputStream:75 - [STDERR_REDIRECT] [Fatal Error] :1:1: Premature end of file.
2025-01-27 23:09:31,595 [ERROR] LogOutputStream:75 - [STDERR_REDIRECT] 
2025-01-27 23:09:32,601 [ERROR] LogOutputStream:75 - [STDERR_REDIRECT] [Fatal Error] :1:1: Premature end of file.
2025-01-27 23:09:32,601 [ERROR] LogOutputStream:75 - [STDERR_REDIRECT] 
2025-01-27 23:09:33,591 [ERROR] LogOutputStream:75 - [STDERR_REDIRECT] [Fatal Error] :1:1: Premature end of file.
2025-01-27 23:09:33,591 [ERROR] LogOutputStream:75 - [STDERR_REDIRECT] 
2025-01-27 23:09:34,579 [ERROR] LogOutputStream:75 - [STDERR_REDIRECT] [Fatal Error] :1:1: Premature end of file.
2025-01-27 23:09:34,579 [ERROR] LogOutputStream:75 - [STDERR_REDIRECT] 
2025-01-27 23:09:35,597 [ERROR] LogOutputStream:75 - [STDERR_REDIRECT] [Fatal Error] :1:1: Premature end of file.
2025-01-27 23:09:35,597 [ERROR] LogOutputStream:75 - [STDERR_REDIRECT] 
2025-01-27 23:09:36,577 [ERROR] LogOutputStream:75 - [STDERR_REDIRECT] [Fatal Error] :1:1: Premature end of file.
2025-01-27 23:09:36,577 [ERROR] LogOutputStream:75 - [STDERR_REDIRECT] 
2025-01-27 23:09:37,586 [ERROR] LogOutputStream:75 - [STDERR_REDIRECT] [Fatal Error] :1:1: Premature end of file.
2025-01-27 23:09:37,586 [ERROR] LogOutputStream:75 - [STDERR_REDIRECT] 
2025-01-27 23:09:38,602 [ERROR] LogOutputStream:75 - [STDERR_REDIRECT] [Fatal Error] :1:1: Premature end of file.
2025-01-27 23:09:38,602 [ERROR] LogOutputStream:75 - [STDERR_REDIRECT] 
2025-01-27 23:09:39,590 [ERROR] LogOutputStream:75 - [STDERR_REDIRECT] [Fatal Error] :1:1: Premature end of file.
2025-01-27 23:09:39,591 [ERROR] LogOutputStream:75 - [STDERR_REDIRECT] 
2025-01-27 23:09:40,580 [ERROR] LogOutputStream:75 - [STDERR_REDIRECT] [Fatal Error] :1:1: Premature end of file.
2025-01-27 23:09:40,580 [ERROR] LogOutputStream:75 - [STDERR_REDIRECT] 
2025-01-27 23:09:41,584 [ERROR] LogOutputStream:75 - [STDERR_REDIRECT] [Fatal Error] :1:1: Premature end of file.
2025-01-27 23:09:41,584 [ERROR] LogOutputStream:75 - [STDERR_REDIRECT] 
2025-01-27 23:09:42,593 [ERROR] LogOutputStream:75 - [STDERR_REDIRECT] [Fatal Error] :1:1: Premature end of file.
2025-01-27 23:09:42,593 [ERROR] LogOutputStream:75 - [STDERR_REDIRECT] 
2025-01-27 23:09:43,594 [ERROR] LogOutputStream:75 - [STDERR_REDIRECT] [Fatal Error] :1:1: Premature end of file.
2025-01-27 23:09:43,594 [ERROR] LogOutputStream:75 - [STDERR_REDIRECT] 
2025-01-27 23:09:44,577 [ERROR] LogOutputStream:75 - [STDERR_REDIRECT] [Fatal Error] :1:1: Premature end of file.
2025-01-27 23:09:44,577 [ERROR] LogOutputStream:75 - [STDERR_REDIRECT] 
2025-01-27 23:09:45,586 [ERROR] LogOutputStream:75 - [STDERR_REDIRECT] [Fatal Error] :1:1: Premature end of file.
2025-01-27 23:09:45,586 [ERROR] LogOutputStream:75 - [STDERR_REDIRECT] 
2025-01-27 23:09:46,585 [ERROR] LogOutputStream:75 - [STDERR_REDIRECT] [Fatal Error] :1:1: Premature end of file.
2025-01-27 23:09:46,585 [ERROR] LogOutputStream:75 - [STDERR_REDIRECT] 
2025-01-27 23:09:47,589 [ERROR] LogOutputStream:75 - [STDERR_REDIRECT] [Fatal Error] :1:1: Premature end of file.
2025-01-27 23:09:47,589 [ERROR] LogOutputStream:75 - [STDERR_REDIRECT] 
2025-01-27 23:09:48,622 [ERROR] LogOutputStream:75 - [STDERR_REDIRECT] [Fatal Error] :1:1: Premature end of file.
2025-01-27 23:09:48,624 [ERROR] LogOutputStream:75 - [STDERR_REDIRECT] 
2025-01-27 23:09:49,589 [ERROR] LogOutputStream:75 - [STDERR_REDIRECT] [Fatal Error] :1:1: Premature end of file.
2025-01-27 23:09:49,589 [ERROR] LogOutputStream:75 - [STDERR_REDIRECT] 
2025-01-27 23:09:50,599 [ERROR] LogOutputStream:75 - [STDERR_REDIRECT] [Fatal Error] :1:1: Premature end of file.
2025-01-27 23:09:50,599 [ERROR] LogOutputStream:75 - [STDERR_REDIRECT] 
2025-01-27 23:09:51,592 [ERROR] LogOutputStream:75 - [STDERR_REDIRECT] [Fatal Error] :1:1: Premature end of file.
2025-01-27 23:09:51,592 [ERROR] LogOutputStream:75 - [STDERR_REDIRECT] 
2025-01-27 23:09:52,587 [ERROR] LogOutputStream:75 - [STDERR_REDIRECT] [Fatal Error] :1:1: Premature end of file.
2025-01-27 23:09:52,587 [ERROR] LogOutputStream:75 - [STDERR_REDIRECT] 
2025-01-27 23:09:53,592 [ERROR] LogOutputStream:75 - [STDERR_REDIRECT] [Fatal Error] :1:1: Premature end of file.
2025-01-27 23:09:53,592 [ERROR] LogOutputStream:75 - [STDERR_REDIRECT] 
2025-01-27 23:09:54,590 [ERROR] LogOutputStream:75 - [STDERR_REDIRECT] [Fatal Error] :1:1: Premature end of file.
2025-01-27 23:09:54,590 [ERROR] LogOutputStream:75 - [STDERR_REDIRECT] 
2025-01-27 23:09:55,582 [ERROR] LogOutputStream:75 - [STDERR_REDIRECT] [Fatal Error] :1:1: Premature end of file.
2025-01-27 23:09:55,582 [ERROR] LogOutputStream:75 - [STDERR_REDIRECT] 
2025-01-27 23:09:56,591 [ERROR] LogOutputStream:75 - [STDERR_REDIRECT] [Fatal Error] :1:1: Premature end of file.
2025-01-27 23:09:56,591 [ERROR] LogOutputStream:75 - [STDERR_REDIRECT] 
2025-01-27 23:09:57,595 [ERROR] LogOutputStream:75 - [STDERR_REDIRECT] [Fatal Error] :1:1: Premature end of file.
2025-01-27 23:09:57,595 [ERROR] LogOutputStream:75 - [STDERR_REDIRECT] 
2025-01-27 23:09:58,588 [ERROR] LogOutputStream:75 - [STDERR_REDIRECT] [Fatal Error] :1:1: Premature end of file.
2025-01-27 23:09:58,588 [ERROR] LogOutputStream:75 - [STDERR_REDIRECT] 
2025-01-27 23:09:59,597 [ERROR] LogOutputStream:75 - [STDERR_REDIRECT] [Fatal Error] :1:1: Premature end of file.
2025-01-27 23:09:59,597 [ERROR] LogOutputStream:75 - [STDERR_REDIRECT] 
2025-01-27 23:10:00,600 [ERROR] LogOutputStream:75 - [STDERR_REDIRECT] [Fatal Error] :1:1: Premature end of file.
2025-01-27 23:10:00,600 [ERROR] LogOutputStream:75 - [STDERR_REDIRECT] 
2025-01-27 23:10:01,598 [ERROR] LogOutputStream:75 - [STDERR_REDIRECT] [Fatal Error] :1:1: Premature end of file.
2025-01-27 23:10:01,598 [ERROR] LogOutputStream:75 - [STDERR_REDIRECT] 
2025-01-27 23:10:02,585 [ERROR] LogOutputStream:75 - [STDERR_REDIRECT] [Fatal Error] :1:1: Premature end of file.
2025-01-27 23:10:02,585 [ERROR] LogOutputStream:75 - [STDERR_REDIRECT] 
2025-01-27 23:10:03,591 [ERROR] LogOutputStream:75 - [STDERR_REDIRECT] [Fatal Error] :1:1: Premature end of file.
2025-01-27 23:10:03,591 [ERROR] LogOutputStream:75 - [STDERR_REDIRECT] 
2025-01-27 23:10:04,608 [ERROR] LogOutputStream:75 - [STDERR_REDIRECT] [Fatal Error] :1:1: Premature end of file.
2025-01-27 23:10:04,608 [ERROR] LogOutputStream:75 - [STDERR_REDIRECT] 
2025-01-27 23:10:05,592 [ERROR] LogOutputStream:75 - [STDERR_REDIRECT] [Fatal Error] :1:1: Premature end of file.
2025-01-27 23:10:05,592 [ERROR] LogOutputStream:75 - [STDERR_REDIRECT] 
2025-01-27 23:10:06,584 [ERROR] LogOutputStream:75 - [STDERR_REDIRECT] [Fatal Error] :1:1: Premature end of file.
2025-01-27 23:10:06,584 [ERROR] LogOutputStream:75 - [STDERR_REDIRECT] 
2025-01-27 23:10:07,584 [ERROR] LogOutputStream:75 - [STDERR_REDIRECT] [Fatal Error] :1:1: Premature end of file.
2025-01-27 23:10:07,584 [ERROR] LogOutputStream:75 - [STDERR_REDIRECT] 
2025-01-27 23:10:08,582 [ERROR] LogOutputStream:75 - [STDERR_REDIRECT] [Fatal Error] :1:1: Premature end of file.
2025-01-27 23:10:08,582 [ERROR] LogOutputStream:75 - [STDERR_REDIRECT] 
2025-01-27 23:10:09,593 [ERROR] LogOutputStream:75 - [STDERR_REDIRECT] [Fatal Error] :1:1: Premature end of file.
2025-01-27 23:10:09,593 [ERROR] LogOutputStream:75 - [STDERR_REDIRECT] 
2025-01-27 23:10:10,583 [ERROR] LogOutputStream:75 - [STDERR_REDIRECT] [Fatal Error] :1:1: Premature end of file.
2025-01-27 23:10:10,583 [ERROR] LogOutputStream:75 - [STDERR_REDIRECT] 
2025-01-27 23:10:11,588 [ERROR] LogOutputStream:75 - [STDERR_REDIRECT] [Fatal Error] :1:1: Premature end of file.
2025-01-27 23:10:11,588 [ERROR] LogOutputStream:75 - [STDERR_REDIRECT] 
2025-01-27 23:10:12,609 [ERROR] LogOutputStream:75 - [STDERR_REDIRECT] [Fatal Error] :1:1: Premature end of file.
2025-01-27 23:10:12,610 [ERROR] LogOutputStream:75 - [STDERR_REDIRECT] 
2025-01-27 23:10:13,589 [ERROR] LogOutputStream:75 - [STDERR_REDIRECT] [Fatal Error] :1:1: Premature end of file.
2025-01-27 23:10:13,589 [ERROR] LogOutputStream:75 - [STDERR_REDIRECT] 
2025-01-27 23:10:14,597 [ERROR] LogOutputStream:75 - [STDERR_REDIRECT] [Fatal Error] :1:1: Premature end of file.
2025-01-27 23:10:14,597 [ERROR] LogOutputStream:75 - [STDERR_REDIRECT] 
2025-01-27 23:10:15,602 [ERROR] LogOutputStream:75 - [STDERR_REDIRECT] [Fatal Error] :1:1: Premature end of file.
2025-01-27 23:10:15,602 [ERROR] LogOutputStream:75 - [STDERR_REDIRECT] 
2025-01-27 23:10:16,586 [ERROR] LogOutputStream:75 - [STDERR_REDIRECT] [Fatal Error] :1:1: Premature end of file.
2025-01-27 23:10:16,586 [ERROR] LogOutputStream:75 - [STDERR_REDIRECT] 
2025-01-27 23:10:17,609 [ERROR] LogOutputStream:75 - [STDERR_REDIRECT] [Fatal Error] :1:1: Premature end of file.
2025-01-27 23:10:17,609 [ERROR] LogOutputStream:75 - [STDERR_REDIRECT] 
2025-01-27 23:10:18,587 [ERROR] LogOutputStream:75 - [STDERR_REDIRECT] [Fatal Error] :1:1: Premature end of file.
2025-01-27 23:10:18,587 [ERROR] LogOutputStream:75 - [STDERR_REDIRECT] 
2025-01-27 23:10:19,588 [ERROR] LogOutputStream:75 - [STDERR_REDIRECT] [Fatal Error] :1:1: Premature end of file.
2025-01-27 23:10:19,588 [ERROR] LogOutputStream:75 - [STDERR_REDIRECT] 
2025-01-27 23:10:20,582 [ERROR] LogOutputStream:75 - [STDERR_REDIRECT] [Fatal Error] :1:1: Premature end of file.
2025-01-27 23:10:20,582 [ERROR] LogOutputStream:75 - [STDERR_REDIRECT] 
2025-01-27 23:10:21,601 [ERROR] LogOutputStream:75 - [STDERR_REDIRECT] [Fatal Error] :1:1: Premature end of file.
2025-01-27 23:10:21,601 [ERROR] LogOutputStream:75 - [STDERR_REDIRECT] 
2025-01-27 23:10:22,589 [ERROR] LogOutputStream:75 - [STDERR_REDIRECT] [Fatal Error] :1:1: Premature end of file.
2025-01-27 23:10:22,589 [ERROR] LogOutputStream:75 - [STDERR_REDIRECT] 
2025-01-27 23:10:23,593 [ERROR] LogOutputStream:75 - [STDERR_REDIRECT] [Fatal Error] :1:1: Premature end of file.
2025-01-27 23:10:23,593 [ERROR] LogOutputStream:75 - [STDERR_REDIRECT] 
2025-01-27 23:10:24,579 [ERROR] LogOutputStream:75 - [STDERR_REDIRECT] [Fatal Error] :1:1: Premature end of file.
2025-01-27 23:10:24,580 [ERROR] LogOutputStream:75 - [STDERR_REDIRECT] 
2025-01-27 23:10:25,604 [ERROR] LogOutputStream:75 - [STDERR_REDIRECT] [Fatal Error] :1:1: Premature end of file.
2025-01-27 23:10:25,604 [ERROR] LogOutputStream:75 - [STDERR_REDIRECT] 
2025-01-27 23:10:26,599 [ERROR] LogOutputStream:75 - [STDERR_REDIRECT] [Fatal Error] :1:1: Premature end of file.
2025-01-27 23:10:26,599 [ERROR] LogOutputStream:75 - [STDERR_REDIRECT] 
2025-01-27 23:10:27,594 [ERROR] LogOutputStream:75 - [STDERR_REDIRECT] [Fatal Error] :1:1: Premature end of file.
2025-01-27 23:10:27,594 [ERROR] LogOutputStream:75 - [STDERR_REDIRECT] 
2025-01-27 23:10:28,585 [ERROR] LogOutputStream:75 - [STDERR_REDIRECT] [Fatal Error] :1:1: Premature end of file.
2025-01-27 23:10:28,585 [ERROR] LogOutputStream:75 - [STDERR_REDIRECT] 
2025-01-27 23:10:29,594 [ERROR] LogOutputStream:75 - [STDERR_REDIRECT] [Fatal Error] :1:1: Premature end of file.
2025-01-27 23:10:29,594 [ERROR] LogOutputStream:75 - [STDERR_REDIRECT] 
2025-01-27 23:10:30,594 [ERROR] LogOutputStream:75 - [STDERR_REDIRECT] [Fatal Error] :1:1: Premature end of file.
2025-01-27 23:10:30,594 [ERROR] LogOutputStream:75 - [STDERR_REDIRECT] 
2025-01-27 23:10:31,580 [ERROR] LogOutputStream:75 - [STDERR_REDIRECT] [Fatal Error] :1:1: Premature end of file.
2025-01-27 23:10:31,580 [ERROR] LogOutputStream:75 - [STDERR_REDIRECT] 
2025-01-27 23:10:32,582 [ERROR] LogOutputStream:75 - [STDERR_REDIRECT] [Fatal Error] :1:1: Premature end of file.
2025-01-27 23:10:32,583 [ERROR] LogOutputStream:75 - [STDERR_REDIRECT] 
2025-01-27 23:10:33,587 [ERROR] LogOutputStream:75 - [STDERR_REDIRECT] [Fatal Error] :1:1: Premature end of file.
2025-01-27 23:10:33,587 [ERROR] LogOutputStream:75 - [STDERR_REDIRECT] 
2025-01-27 23:10:34,595 [ERROR] LogOutputStream:75 - [STDERR_REDIRECT] [Fatal Error] :1:1: Premature end of file.
2025-01-27 23:10:34,595 [ERROR] LogOutputStream:75 - [STDERR_REDIRECT] 
2025-01-27 23:10:35,597 [ERROR] LogOutputStream:75 - [STDERR_REDIRECT] [Fatal Error] :1:1: Premature end of file.
2025-01-27 23:10:35,597 [ERROR] LogOutputStream:75 - [STDERR_REDIRECT] 
2025-01-27 23:10:36,597 [ERROR] LogOutputStream:75 - [STDERR_REDIRECT] [Fatal Error] :1:1: Premature end of file.
2025-01-27 23:10:36,597 [ERROR] LogOutputStream:75 - [STDERR_REDIRECT] 
2025-01-27 23:10:37,595 [ERROR] LogOutputStream:75 - [STDERR_REDIRECT] [Fatal Error] :1:1: Premature end of file.
2025-01-27 23:10:37,595 [ERROR] LogOutputStream:75 - [STDERR_REDIRECT] 
2025-01-27 23:10:38,576 [ERROR] LogOutputStream:75 - [STDERR_REDIRECT] [Fatal Error] :1:1: Premature end of file.
2025-01-27 23:10:38,576 [ERROR] LogOutputStream:75 - [STDERR_REDIRECT] 
2025-01-27 23:10:39,576 [ERROR] LogOutputStream:75 - [STDERR_REDIRECT] [Fatal Error] :1:1: Premature end of file.
2025-01-27 23:10:39,576 [ERROR] LogOutputStream:75 - [STDERR_REDIRECT] 
2025-01-27 23:10:40,588 [ERROR] LogOutputStream:75 - [STDERR_REDIRECT] [Fatal Error] :1:1: Premature end of file.
2025-01-27 23:10:40,588 [ERROR] LogOutputStream:75 - [STDERR_REDIRECT] 
2025-01-27 23:10:41,584 [ERROR] LogOutputStream:75 - [STDERR_REDIRECT] [Fatal Error] :1:1: Premature end of file.
2025-01-27 23:10:41,584 [ERROR] LogOutputStream:75 - [STDERR_REDIRECT] 
2025-01-27 23:10:42,583 [ERROR] LogOutputStream:75 - [STDERR_REDIRECT] [Fatal Error] :1:1: Premature end of file.
2025-01-27 23:10:42,583 [ERROR] LogOutputStream:75 - [STDERR_REDIRECT] 
2025-01-27 23:10:43,595 [ERROR] LogOutputStream:75 - [STDERR_REDIRECT] [Fatal Error] :1:1: Premature end of file.
2025-01-27 23:10:43,596 [ERROR] LogOutputStream:75 - [STDERR_REDIRECT] 
2025-01-27 23:10:44,613 [ERROR] LogOutputStream:75 - [STDERR_REDIRECT] [Fatal Error] :1:1: Premature end of file.
2025-01-27 23:10:44,613 [ERROR] LogOutputStream:75 - [STDERR_REDIRECT] 
2025-01-27 23:10:45,605 [ERROR] LogOutputStream:75 - [STDERR_REDIRECT] [Fatal Error] :1:1: Premature end of file.
2025-01-27 23:10:45,605 [ERROR] LogOutputStream:75 - [STDERR_REDIRECT] 
2025-01-27 23:10:46,594 [ERROR] LogOutputStream:75 - [STDERR_REDIRECT] [Fatal Error] :1:1: Premature end of file.
2025-01-27 23:10:46,594 [ERROR] LogOutputStream:75 - [STDERR_REDIRECT] 
2025-01-27 23:10:47,615 [ERROR] LogOutputStream:75 - [STDERR_REDIRECT] [Fatal Error] :1:1: Premature end of file.
2025-01-27 23:10:47,615 [ERROR] LogOutputStream:75 - [STDERR_REDIRECT] 
2025-01-27 23:10:48,598 [ERROR] LogOutputStream:75 - [STDERR_REDIRECT] [Fatal Error] :1:1: Premature end of file.
2025-01-27 23:10:48,598 [ERROR] LogOutputStream:75 - [STDERR_REDIRECT] 
2025-01-27 23:10:49,604 [ERROR] LogOutputStream:75 - [STDERR_REDIRECT] [Fatal Error] :1:1: Premature end of file.
2025-01-27 23:10:49,604 [ERROR] LogOutputStream:75 - [STDERR_REDIRECT] 
2025-01-27 23:10:50,591 [ERROR] LogOutputStream:75 - [STDERR_REDIRECT] [Fatal Error] :1:1: Premature end of file.
2025-01-27 23:10:50,591 [ERROR] LogOutputStream:75 - [STDERR_REDIRECT] 
2025-01-27 23:10:51,594 [ERROR] LogOutputStream:75 - [STDERR_REDIRECT] [Fatal Error] :1:1: Premature end of file.
2025-01-27 23:10:51,594 [ERROR] LogOutputStream:75 - [STDERR_REDIRECT] 
2025-01-27 23:10:52,592 [ERROR] LogOutputStream:75 - [STDERR_REDIRECT] [Fatal Error] :1:1: Premature end of file.
2025-01-27 23:10:52,592 [ERROR] LogOutputStream:75 - [STDERR_REDIRECT] 
2025-01-27 23:10:53,591 [ERROR] LogOutputStream:75 - [STDERR_REDIRECT] [Fatal Error] :1:1: Premature end of file.
2025-01-27 23:10:53,591 [ERROR] LogOutputStream:75 - [STDERR_REDIRECT] 
2025-01-27 23:10:54,589 [ERROR] LogOutputStream:75 - [STDERR_REDIRECT] [Fatal Error] :1:1: Premature end of file.
2025-01-27 23:10:54,589 [ERROR] LogOutputStream:75 - [STDERR_REDIRECT] 
2025-01-27 23:10:55,595 [ERROR] LogOutputStream:75 - [STDERR_REDIRECT] [Fatal Error] :1:1: Premature end of file.
2025-01-27 23:10:55,595 [ERROR] LogOutputStream:75 - [STDERR_REDIRECT] 
2025-01-27 23:10:56,591 [ERROR] LogOutputStream:75 - [STDERR_REDIRECT] [Fatal Error] :1:1: Premature end of file.
2025-01-27 23:10:56,591 [ERROR] LogOutputStream:75 - [STDERR_REDIRECT] 
2025-01-27 23:10:57,584 [ERROR] LogOutputStream:75 - [STDERR_REDIRECT] [Fatal Error] :1:1: Premature end of file.
2025-01-27 23:10:57,584 [ERROR] LogOutputStream:75 - [STDERR_REDIRECT] 
2025-01-27 23:10:58,576 [ERROR] LogOutputStream:75 - [STDERR_REDIRECT] [Fatal Error] :1:1: Premature end of file.
2025-01-27 23:10:58,576 [ERROR] LogOutputStream:75 - [STDERR_REDIRECT] 
2025-01-27 23:10:59,586 [ERROR] LogOutputStream:75 - [STDERR_REDIRECT] [Fatal Error] :1:1: Premature end of file.
2025-01-27 23:10:59,586 [ERROR] LogOutputStream:75 - [STDERR_REDIRECT] 
2025-01-27 23:11:00,583 [ERROR] LogOutputStream:75 - [STDERR_REDIRECT] [Fatal Error] :1:1: Premature end of file.
2025-01-27 23:11:00,583 [ERROR] LogOutputStream:75 - [STDERR_REDIRECT] 
2025-01-27 23:11:01,588 [ERROR] LogOutputStream:75 - [STDERR_REDIRECT] [Fatal Error] :1:1: Premature end of file.
2025-01-27 23:11:01,588 [ERROR] LogOutputStream:75 - [STDERR_REDIRECT] 
2025-01-27 23:11:02,623 [ERROR] LogOutputStream:75 - [STDERR_REDIRECT] [Fatal Error] :1:1: Premature end of file.
2025-01-27 23:11:02,623 [ERROR] LogOutputStream:75 - [STDERR_REDIRECT] 
2025-01-27 23:11:03,594 [ERROR] LogOutputStream:75 - [STDERR_REDIRECT] [Fatal Error] :1:1: Premature end of file.
2025-01-27 23:11:03,594 [ERROR] LogOutputStream:75 - [STDERR_REDIRECT] 
2025-01-27 23:11:04,591 [ERROR] LogOutputStream:75 - [STDERR_REDIRECT] [Fatal Error] :1:1: Premature end of file.
2025-01-27 23:11:04,591 [ERROR] LogOutputStream:75 - [STDERR_REDIRECT] 
2025-01-27 23:11:05,594 [ERROR] LogOutputStream:75 - [STDERR_REDIRECT] [Fatal Error] :1:1: Premature end of file.
2025-01-27 23:11:05,594 [ERROR] LogOutputStream:75 - [STDERR_REDIRECT] 
2025-01-27 23:11:06,599 [ERROR] LogOutputStream:75 - [STDERR_REDIRECT] [Fatal Error] :1:1: Premature end of file.
2025-01-27 23:11:06,599 [ERROR] LogOutputStream:75 - [STDERR_REDIRECT] 
2025-01-27 23:11:07,579 [ERROR] LogOutputStream:75 - [STDERR_REDIRECT] [Fatal Error] :1:1: Premature end of file.
2025-01-27 23:11:07,579 [ERROR] LogOutputStream:75 - [STDERR_REDIRECT] 
2025-01-27 23:11:08,592 [ERROR] LogOutputStream:75 - [STDERR_REDIRECT] [Fatal Error] :1:1: Premature end of file.
2025-01-27 23:11:08,592 [ERROR] LogOutputStream:75 - [STDERR_REDIRECT] 
2025-01-27 23:11:09,603 [ERROR] LogOutputStream:75 - [STDERR_REDIRECT] [Fatal Error] :1:1: Premature end of file.
2025-01-27 23:11:09,603 [ERROR] LogOutputStream:75 - [STDERR_REDIRECT] 
2025-01-27 23:11:10,584 [ERROR] LogOutputStream:75 - [STDERR_REDIRECT] [Fatal Error] :1:1: Premature end of file.
2025-01-27 23:11:10,584 [ERROR] LogOutputStream:75 - [STDERR_REDIRECT] 
2025-01-27 23:11:11,578 [ERROR] LogOutputStream:75 - [STDERR_REDIRECT] [Fatal Error] :1:1: Premature end of file.
2025-01-27 23:11:11,578 [ERROR] LogOutputStream:75 - [STDERR_REDIRECT] 
2025-01-27 23:11:12,593 [ERROR] LogOutputStream:75 - [STDERR_REDIRECT] [Fatal Error] :1:1: Premature end of file.
2025-01-27 23:11:12,593 [ERROR] LogOutputStream:75 - [STDERR_REDIRECT] 
2025-01-27 23:11:13,588 [ERROR] LogOutputStream:75 - [STDERR_REDIRECT] [Fatal Error] :1:1: Premature end of file.
2025-01-27 23:11:13,588 [ERROR] LogOutputStream:75 - [STDERR_REDIRECT] 
2025-01-27 23:11:14,583 [ERROR] LogOutputStream:75 - [STDERR_REDIRECT] [Fatal Error] :1:1: Premature end of file.
2025-01-27 23:11:14,585 [ERROR] LogOutputStream:75 - [STDERR_REDIRECT] 
2025-01-27 23:11:15,587 [ERROR] LogOutputStream:75 - [STDERR_REDIRECT] [Fatal Error] :1:1: Premature end of file.
2025-01-27 23:11:15,587 [ERROR] LogOutputStream:75 - [STDERR_REDIRECT] 
2025-01-27 23:11:16,598 [ERROR] LogOutputStream:75 - [STDERR_REDIRECT] [Fatal Error] :1:1: Premature end of file.
2025-01-27 23:11:16,598 [ERROR] LogOutputStream:75 - [STDERR_REDIRECT] 
2025-01-27 23:11:17,596 [ERROR] LogOutputStream:75 - [STDERR_REDIRECT] [Fatal Error] :1:1: Premature end of file.
2025-01-27 23:11:17,596 [ERROR] LogOutputStream:75 - [STDERR_REDIRECT] 
2025-01-27 23:11:18,583 [ERROR] LogOutputStream:75 - [STDERR_REDIRECT] [Fatal Error] :1:1: Premature end of file.
2025-01-27 23:11:18,583 [ERROR] LogOutputStream:75 - [STDERR_REDIRECT] 
2025-01-27 23:11:19,597 [ERROR] LogOutputStream:75 - [STDERR_REDIRECT] [Fatal Error] :1:1: Premature end of file.
2025-01-27 23:11:19,597 [ERROR] LogOutputStream:75 - [STDERR_REDIRECT] 
2025-01-27 23:11:20,618 [ERROR] LogOutputStream:75 - [STDERR_REDIRECT] [Fatal Error] :1:1: Premature end of file.
2025-01-27 23:11:20,618 [ERROR] LogOutputStream:75 - [STDERR_REDIRECT] 
2025-01-27 23:11:21,584 [ERROR] LogOutputStream:75 - [STDERR_REDIRECT] [Fatal Error] :1:1: Premature end of file.
2025-01-27 23:11:21,584 [ERROR] LogOutputStream:75 - [STDERR_REDIRECT] 
2025-01-27 23:11:22,584 [ERROR] LogOutputStream:75 - [STDERR_REDIRECT] [Fatal Error] :1:1: Premature end of file.
2025-01-27 23:11:22,584 [ERROR] LogOutputStream:75 - [STDERR_REDIRECT] 
2025-01-27 23:11:23,599 [ERROR] LogOutputStream:75 - [STDERR_REDIRECT] [Fatal Error] :1:1: Premature end of file.
2025-01-27 23:11:23,601 [ERROR] LogOutputStream:75 - [STDERR_REDIRECT] 
2025-01-27 23:11:24,584 [ERROR] LogOutputStream:75 - [STDERR_REDIRECT] [Fatal Error] :1:1: Premature end of file.
2025-01-27 23:11:24,584 [ERROR] LogOutputStream:75 - [STDERR_REDIRECT] 
2025-01-27 23:11:25,587 [ERROR] LogOutputStream:75 - [STDERR_REDIRECT] [Fatal Error] :1:1: Premature end of file.
2025-01-27 23:11:25,588 [ERROR] LogOutputStream:75 - [STDERR_REDIRECT] 
2025-01-27 23:11:26,584 [ERROR] LogOutputStream:75 - [STDERR_REDIRECT] [Fatal Error] :1:1: Premature end of file.
2025-01-27 23:11:26,584 [ERROR] LogOutputStream:75 - [STDERR_REDIRECT] 
2025-01-27 23:11:27,600 [ERROR] LogOutputStream:75 - [STDERR_REDIRECT] [Fatal Error] :1:1: Premature end of file.
2025-01-27 23:11:27,600 [ERROR] LogOutputStream:75 - [STDERR_REDIRECT] 
2025-01-27 23:11:28,593 [ERROR] LogOutputStream:75 - [STDERR_REDIRECT] [Fatal Error] :1:1: Premature end of file.
2025-01-27 23:11:28,593 [ERROR] LogOutputStream:75 - [STDERR_REDIRECT] 
2025-01-27 23:11:29,610 [ERROR] LogOutputStream:75 - [STDERR_REDIRECT] [Fatal Error] :1:1: Premature end of file.
2025-01-27 23:11:29,610 [ERROR] LogOutputStream:75 - [STDERR_REDIRECT] 
2025-01-27 23:11:30,591 [ERROR] LogOutputStream:75 - [STDERR_REDIRECT] [Fatal Error] :1:1: Premature end of file.
2025-01-27 23:11:30,591 [ERROR] LogOutputStream:75 - [STDERR_REDIRECT] 
2025-01-27 23:11:31,590 [ERROR] LogOutputStream:75 - [STDERR_REDIRECT] [Fatal Error] :1:1: Premature end of file.
2025-01-27 23:11:31,590 [ERROR] LogOutputStream:75 - [STDERR_REDIRECT] 
2025-01-27 23:11:32,587 [ERROR] LogOutputStream:75 - [STDERR_REDIRECT] [Fatal Error] :1:1: Premature end of file.
2025-01-27 23:11:32,587 [ERROR] LogOutputStream:75 - [STDERR_REDIRECT] 
2025-01-27 23:11:33,587 [ERROR] LogOutputStream:75 - [STDERR_REDIRECT] [Fatal Error] :1:1: Premature end of file.
2025-01-27 23:11:33,587 [ERROR] LogOutputStream:75 - [STDERR_REDIRECT] 
2025-01-27 23:11:34,585 [ERROR] LogOutputStream:75 - [STDERR_REDIRECT] [Fatal Error] :1:1: Premature end of file.
2025-01-27 23:11:34,585 [ERROR] LogOutputStream:75 - [STDERR_REDIRECT] 
2025-01-27 23:11:35,593 [ERROR] LogOutputStream:75 - [STDERR_REDIRECT] [Fatal Error] :1:1: Premature end of file.
2025-01-27 23:11:35,593 [ERROR] LogOutputStream:75 - [STDERR_REDIRECT] 
2025-01-27 23:11:36,591 [ERROR] LogOutputStream:75 - [STDERR_REDIRECT] [Fatal Error] :1:1: Premature end of file.
2025-01-27 23:11:36,591 [ERROR] LogOutputStream:75 - [STDERR_REDIRECT] 
2025-01-27 23:11:37,596 [ERROR] LogOutputStream:75 - [STDERR_REDIRECT] [Fatal Error] :1:1: Premature end of file.
2025-01-27 23:11:37,596 [ERROR] LogOutputStream:75 - [STDERR_REDIRECT] 
2025-01-27 23:11:38,595 [ERROR] LogOutputStream:75 - [STDERR_REDIRECT] [Fatal Error] :1:1: Premature end of file.
2025-01-27 23:11:38,595 [ERROR] LogOutputStream:75 - [STDERR_REDIRECT] 
2025-01-27 23:11:39,587 [ERROR] LogOutputStream:75 - [STDERR_REDIRECT] [Fatal Error] :1:1: Premature end of file.
2025-01-27 23:11:39,587 [ERROR] LogOutputStream:75 - [STDERR_REDIRECT] 
2025-01-27 23:11:40,583 [ERROR] LogOutputStream:75 - [STDERR_REDIRECT] [Fatal Error] :1:1: Premature end of file.
2025-01-27 23:11:40,583 [ERROR] LogOutputStream:75 - [STDERR_REDIRECT] 
2025-01-27 23:11:41,589 [ERROR] LogOutputStream:75 - [STDERR_REDIRECT] [Fatal Error] :1:1: Premature end of file.
2025-01-27 23:11:41,589 [ERROR] LogOutputStream:75 - [STDERR_REDIRECT] 
2025-01-27 23:11:42,593 [ERROR] LogOutputStream:75 - [STDERR_REDIRECT] [Fatal Error] :1:1: Premature end of file.
2025-01-27 23:11:42,593 [ERROR] LogOutputStream:75 - [STDERR_REDIRECT] 
2025-01-27 23:11:43,585 [ERROR] LogOutputStream:75 - [STDERR_REDIRECT] [Fatal Error] :1:1: Premature end of file.
2025-01-27 23:11:43,585 [ERROR] LogOutputStream:75 - [STDERR_REDIRECT] 
2025-01-27 23:11:44,584 [ERROR] LogOutputStream:75 - [STDERR_REDIRECT] [Fatal Error] :1:1: Premature end of file.
2025-01-27 23:11:44,584 [ERROR] LogOutputStream:75 - [STDERR_REDIRECT] 
2025-01-27 23:11:45,590 [ERROR] LogOutputStream:75 - [STDERR_REDIRECT] [Fatal Error] :1:1: Premature end of file.
2025-01-27 23:11:45,590 [ERROR] LogOutputStream:75 - [STDERR_REDIRECT] 
2025-01-27 23:11:46,579 [ERROR] LogOutputStream:75 - [STDERR_REDIRECT] [Fatal Error] :1:1: Premature end of file.
2025-01-27 23:11:46,579 [ERROR] LogOutputStream:75 - [STDERR_REDIRECT] 
2025-01-27 23:11:47,583 [ERROR] LogOutputStream:75 - [STDERR_REDIRECT] [Fatal Error] :1:1: Premature end of file.
2025-01-27 23:11:47,583 [ERROR] LogOutputStream:75 - [STDERR_REDIRECT] 
2025-01-27 23:11:48,590 [ERROR] LogOutputStream:75 - [STDERR_REDIRECT] [Fatal Error] :1:1: Premature end of file.
2025-01-27 23:11:48,590 [ERROR] LogOutputStream:75 - [STDERR_REDIRECT] 
2025-01-27 23:11:49,597 [ERROR] LogOutputStream:75 - [STDERR_REDIRECT] [Fatal Error] :1:1: Premature end of file.
2025-01-27 23:11:49,597 [ERROR] LogOutputStream:75 - [STDERR_REDIRECT] 
2025-01-27 23:11:50,577 [ERROR] LogOutputStream:75 - [STDERR_REDIRECT] [Fatal Error] :1:1: Premature end of file.
2025-01-27 23:11:50,577 [ERROR] LogOutputStream:75 - [STDERR_REDIRECT] 
2025-01-27 23:11:51,586 [ERROR] LogOutputStream:75 - [STDERR_REDIRECT] [Fatal Error] :1:1: Premature end of file.
2025-01-27 23:11:51,586 [ERROR] LogOutputStream:75 - [STDERR_REDIRECT] 
2025-01-27 23:11:52,594 [ERROR] LogOutputStream:75 - [STDERR_REDIRECT] [Fatal Error] :1:1: Premature end of file.
2025-01-27 23:11:52,596 [ERROR] LogOutputStream:75 - [STDERR_REDIRECT] 
2025-01-27 23:11:53,575 [ERROR] LogOutputStream:75 - [STDERR_REDIRECT] [Fatal Error] :1:1: Premature end of file.
2025-01-27 23:11:53,575 [ERROR] LogOutputStream:75 - [STDERR_REDIRECT] 
2025-01-27 23:11:54,587 [ERROR] LogOutputStream:75 - [STDERR_REDIRECT] [Fatal Error] :1:1: Premature end of file.
2025-01-27 23:11:54,587 [ERROR] LogOutputStream:75 - [STDERR_REDIRECT] 
2025-01-27 23:11:55,596 [ERROR] LogOutputStream:75 - [STDERR_REDIRECT] [Fatal Error] :1:1: Premature end of file.
2025-01-27 23:11:55,596 [ERROR] LogOutputStream:75 - [STDERR_REDIRECT] 
2025-01-27 23:11:56,588 [ERROR] LogOutputStream:75 - [STDERR_REDIRECT] [Fatal Error] :1:1: Premature end of file.
2025-01-27 23:11:56,588 [ERROR] LogOutputStream:75 - [STDERR_REDIRECT] 
2025-01-27 23:11:57,607 [ERROR] LogOutputStream:75 - [STDERR_REDIRECT] [Fatal Error] :1:1: Premature end of file.
2025-01-27 23:11:57,607 [ERROR] LogOutputStream:75 - [STDERR_REDIRECT] 
2025-01-27 23:11:58,580 [ERROR] LogOutputStream:75 - [STDERR_REDIRECT] [Fatal Error] :1:1: Premature end of file.
2025-01-27 23:11:58,580 [ERROR] LogOutputStream:75 - [STDERR_REDIRECT] 
2025-01-27 23:11:59,608 [ERROR] LogOutputStream:75 - [STDERR_REDIRECT] [Fatal Error] :1:1: Premature end of file.
2025-01-27 23:11:59,608 [ERROR] LogOutputStream:75 - [STDERR_REDIRECT] 
2025-01-27 23:12:00,597 [ERROR] LogOutputStream:75 - [STDERR_REDIRECT] [Fatal Error] :1:1: Premature end of file.
2025-01-27 23:12:00,597 [ERROR] LogOutputStream:75 - [STDERR_REDIRECT] 
2025-01-27 23:12:01,588 [ERROR] LogOutputStream:75 - [STDERR_REDIRECT] [Fatal Error] :1:1: Premature end of file.
2025-01-27 23:12:01,588 [ERROR] LogOutputStream:75 - [STDERR_REDIRECT] 
2025-01-27 23:12:02,586 [ERROR] LogOutputStream:75 - [STDERR_REDIRECT] [Fatal Error] :1:1: Premature end of file.
2025-01-27 23:12:02,586 [ERROR] LogOutputStream:75 - [STDERR_REDIRECT] 
2025-01-27 23:12:03,594 [ERROR] LogOutputStream:75 - [STDERR_REDIRECT] [Fatal Error] :1:1: Premature end of file.
2025-01-27 23:12:03,596 [ERROR] LogOutputStream:75 - [STDERR_REDIRECT] 
2025-01-27 23:12:04,592 [ERROR] LogOutputStream:75 - [STDERR_REDIRECT] [Fatal Error] :1:1: Premature end of file.
2025-01-27 23:12:04,594 [ERROR] LogOutputStream:75 - [STDERR_REDIRECT] 
2025-01-27 23:12:05,582 [ERROR] LogOutputStream:75 - [STDERR_REDIRECT] [Fatal Error] :1:1: Premature end of file.
2025-01-27 23:12:05,582 [ERROR] LogOutputStream:75 - [STDERR_REDIRECT] 
2025-01-27 23:12:06,589 [ERROR] LogOutputStream:75 - [STDERR_REDIRECT] [Fatal Error] :1:1: Premature end of file.
2025-01-27 23:12:06,589 [ERROR] LogOutputStream:75 - [STDERR_REDIRECT] 
2025-01-27 23:12:07,595 [ERROR] LogOutputStream:75 - [STDERR_REDIRECT] [Fatal Error] :1:1: Premature end of file.
2025-01-27 23:12:07,595 [ERROR] LogOutputStream:75 - [STDERR_REDIRECT] 
2025-01-27 23:12:08,601 [ERROR] LogOutputStream:75 - [STDERR_REDIRECT] [Fatal Error] :1:1: Premature end of file.
2025-01-27 23:12:08,601 [ERROR] LogOutputStream:75 - [STDERR_REDIRECT] 
2025-01-27 23:12:09,581 [ERROR] LogOutputStream:75 - [STDERR_REDIRECT] [Fatal Error] :1:1: Premature end of file.
2025-01-27 23:12:09,581 [ERROR] LogOutputStream:75 - [STDERR_REDIRECT] 
2025-01-27 23:12:10,589 [ERROR] LogOutputStream:75 - [STDERR_REDIRECT] [Fatal Error] :1:1: Premature end of file.
2025-01-27 23:12:10,589 [ERROR] LogOutputStream:75 - [STDERR_REDIRECT] 
2025-01-27 23:12:11,577 [ERROR] LogOutputStream:75 - [STDERR_REDIRECT] [Fatal Error] :1:1: Premature end of file.
2025-01-27 23:12:11,577 [ERROR] LogOutputStream:75 - [STDERR_REDIRECT] 
2025-01-27 23:12:12,601 [ERROR] LogOutputStream:75 - [STDERR_REDIRECT] [Fatal Error] :1:1: Premature end of file.
2025-01-27 23:12:12,603 [ERROR] LogOutputStream:75 - [STDERR_REDIRECT] 
2025-01-27 23:12:13,590 [ERROR] LogOutputStream:75 - [STDERR_REDIRECT] [Fatal Error] :1:1: Premature end of file.
2025-01-27 23:12:13,590 [ERROR] LogOutputStream:75 - [STDERR_REDIRECT] 
2025-01-27 23:12:14,584 [ERROR] LogOutputStream:75 - [STDERR_REDIRECT] [Fatal Error] :1:1: Premature end of file.
2025-01-27 23:12:14,584 [ERROR] LogOutputStream:75 - [STDERR_REDIRECT] 
2025-01-27 23:12:15,590 [ERROR] LogOutputStream:75 - [STDERR_REDIRECT] [Fatal Error] :1:1: Premature end of file.
2025-01-27 23:12:15,590 [ERROR] LogOutputStream:75 - [STDERR_REDIRECT] 
2025-01-27 23:12:16,597 [ERROR] LogOutputStream:75 - [STDERR_REDIRECT] [Fatal Error] :1:1: Premature end of file.
2025-01-27 23:12:16,597 [ERROR] LogOutputStream:75 - [STDERR_REDIRECT] 
2025-01-27 23:12:17,611 [ERROR] LogOutputStream:75 - [STDERR_REDIRECT] [Fatal Error] :1:1: Premature end of file.
2025-01-27 23:12:17,613 [ERROR] LogOutputStream:75 - [STDERR_REDIRECT] 
2025-01-27 23:12:18,590 [ERROR] LogOutputStream:75 - [STDERR_REDIRECT] [Fatal Error] :1:1: Premature end of file.
2025-01-27 23:12:18,590 [ERROR] LogOutputStream:75 - [STDERR_REDIRECT] 
2025-01-27 23:12:19,585 [ERROR] LogOutputStream:75 - [STDERR_REDIRECT] [Fatal Error] :1:1: Premature end of file.
2025-01-27 23:12:19,585 [ERROR] LogOutputStream:75 - [STDERR_REDIRECT] 
2025-01-27 23:12:20,576 [ERROR] LogOutputStream:75 - [STDERR_REDIRECT] [Fatal Error] :1:1: Premature end of file.
2025-01-27 23:12:20,576 [ERROR] LogOutputStream:75 - [STDERR_REDIRECT] 
2025-01-27 23:12:21,574 [ERROR] LogOutputStream:75 - [STDERR_REDIRECT] [Fatal Error] :1:1: Premature end of file.
2025-01-27 23:12:21,574 [ERROR] LogOutputStream:75 - [STDERR_REDIRECT] 
2025-01-27 23:12:22,577 [ERROR] LogOutputStream:75 - [STDERR_REDIRECT] [Fatal Error] :1:1: Premature end of file.
2025-01-27 23:12:22,577 [ERROR] LogOutputStream:75 - [STDERR_REDIRECT] 
2025-01-27 23:12:23,574 [ERROR] LogOutputStream:75 - [STDERR_REDIRECT] [Fatal Error] :1:1: Premature end of file.
2025-01-27 23:12:23,574 [ERROR] LogOutputStream:75 - [STDERR_REDIRECT] 
2025-01-27 23:12:24,586 [ERROR] LogOutputStream:75 - [STDERR_REDIRECT] [Fatal Error] :1:1: Premature end of file.
2025-01-27 23:12:24,586 [ERROR] LogOutputStream:75 - [STDERR_REDIRECT] 
2025-01-27 23:12:25,595 [ERROR] LogOutputStream:75 - [STDERR_REDIRECT] [Fatal Error] :1:1: Premature end of file.
2025-01-27 23:12:25,595 [ERROR] LogOutputStream:75 - [STDERR_REDIRECT] 
2025-01-27 23:12:26,588 [ERROR] LogOutputStream:75 - [STDERR_REDIRECT] [Fatal Error] :1:1: Premature end of file.
2025-01-27 23:12:26,588 [ERROR] LogOutputStream:75 - [STDERR_REDIRECT] 
2025-01-27 23:12:27,586 [ERROR] LogOutputStream:75 - [STDERR_REDIRECT] [Fatal Error] :1:1: Premature end of file.
2025-01-27 23:12:27,586 [ERROR] LogOutputStream:75 - [STDERR_REDIRECT] 
2025-01-27 23:12:28,589 [ERROR] LogOutputStream:75 - [STDERR_REDIRECT] [Fatal Error] :1:1: Premature end of file.
2025-01-27 23:12:28,589 [ERROR] LogOutputStream:75 - [STDERR_REDIRECT] 
2025-01-27 23:12:29,591 [ERROR] LogOutputStream:75 - [STDERR_REDIRECT] [Fatal Error] :1:1: Premature end of file.
2025-01-27 23:12:29,591 [ERROR] LogOutputStream:75 - [STDERR_REDIRECT] 
2025-01-27 23:12:30,587 [ERROR] LogOutputStream:75 - [STDERR_REDIRECT] [Fatal Error] :1:1: Premature end of file.
2025-01-27 23:12:30,587 [ERROR] LogOutputStream:75 - [STDERR_REDIRECT] 
2025-01-27 23:12:31,580 [ERROR] LogOutputStream:75 - [STDERR_REDIRECT] [Fatal Error] :1:1: Premature end of file.
2025-01-27 23:12:31,580 [ERROR] LogOutputStream:75 - [STDERR_REDIRECT] 
2025-01-27 23:12:32,587 [ERROR] LogOutputStream:75 - [STDERR_REDIRECT] [Fatal Error] :1:1: Premature end of file.
2025-01-27 23:12:32,587 [ERROR] LogOutputStream:75 - [STDERR_REDIRECT] 
2025-01-27 23:12:33,577 [ERROR] LogOutputStream:75 - [STDERR_REDIRECT] [Fatal Error] :1:1: Premature end of file.
2025-01-27 23:12:33,577 [ERROR] LogOutputStream:75 - [STDERR_REDIRECT] 
2025-01-27 23:12:34,586 [ERROR] LogOutputStream:75 - [STDERR_REDIRECT] [Fatal Error] :1:1: Premature end of file.
2025-01-27 23:12:34,586 [ERROR] LogOutputStream:75 - [STDERR_REDIRECT] 
2025-01-27 23:12:35,595 [ERROR] LogOutputStream:75 - [STDERR_REDIRECT] [Fatal Error] :1:1: Premature end of file.
2025-01-27 23:12:35,595 [ERROR] LogOutputStream:75 - [STDERR_REDIRECT] 
2025-01-27 23:12:36,585 [ERROR] LogOutputStream:75 - [STDERR_REDIRECT] [Fatal Error] :1:1: Premature end of file.
2025-01-27 23:12:36,586 [ERROR] LogOutputStream:75 - [STDERR_REDIRECT] 
2025-01-27 23:12:37,590 [ERROR] LogOutputStream:75 - [STDERR_REDIRECT] [Fatal Error] :1:1: Premature end of file.
2025-01-27 23:12:37,590 [ERROR] LogOutputStream:75 - [STDERR_REDIRECT] 
2025-01-27 23:12:38,589 [ERROR] LogOutputStream:75 - [STDERR_REDIRECT] [Fatal Error] :1:1: Premature end of file.
2025-01-27 23:12:38,589 [ERROR] LogOutputStream:75 - [STDERR_REDIRECT] 
2025-01-27 23:12:39,587 [ERROR] LogOutputStream:75 - [STDERR_REDIRECT] [Fatal Error] :1:1: Premature end of file.
2025-01-27 23:12:39,587 [ERROR] LogOutputStream:75 - [STDERR_REDIRECT] 
2025-01-27 23:12:40,574 [ERROR] LogOutputStream:75 - [STDERR_REDIRECT] [Fatal Error] :1:1: Premature end of file.
2025-01-27 23:12:40,574 [ERROR] LogOutputStream:75 - [STDERR_REDIRECT] 
2025-01-27 23:12:41,577 [ERROR] LogOutputStream:75 - [STDERR_REDIRECT] [Fatal Error] :1:1: Premature end of file.
2025-01-27 23:12:41,577 [ERROR] LogOutputStream:75 - [STDERR_REDIRECT] 
2025-01-27 23:12:42,597 [ERROR] LogOutputStream:75 - [STDERR_REDIRECT] [Fatal Error] :1:1: Premature end of file.
2025-01-27 23:12:42,597 [ERROR] LogOutputStream:75 - [STDERR_REDIRECT] 
2025-01-27 23:12:43,611 [ERROR] LogOutputStream:75 - [STDERR_REDIRECT] [Fatal Error] :1:1: Premature end of file.
2025-01-27 23:12:43,611 [ERROR] LogOutputStream:75 - [STDERR_REDIRECT] 
2025-01-27 23:12:44,597 [ERROR] LogOutputStream:75 - [STDERR_REDIRECT] [Fatal Error] :1:1: Premature end of file.
2025-01-27 23:12:44,597 [ERROR] LogOutputStream:75 - [STDERR_REDIRECT] 
2025-01-27 23:12:45,582 [ERROR] LogOutputStream:75 - [STDERR_REDIRECT] [Fatal Error] :1:1: Premature end of file.
2025-01-27 23:12:45,582 [ERROR] LogOutputStream:75 - [STDERR_REDIRECT] 
2025-01-27 23:12:46,583 [ERROR] LogOutputStream:75 - [STDERR_REDIRECT] [Fatal Error] :1:1: Premature end of file.
2025-01-27 23:12:46,583 [ERROR] LogOutputStream:75 - [STDERR_REDIRECT] 
2025-01-27 23:12:47,585 [ERROR] LogOutputStream:75 - [STDERR_REDIRECT] [Fatal Error] :1:1: Premature end of file.
2025-01-27 23:12:47,585 [ERROR] LogOutputStream:75 - [STDERR_REDIRECT] 
2025-01-27 23:12:48,585 [ERROR] LogOutputStream:75 - [STDERR_REDIRECT] [Fatal Error] :1:1: Premature end of file.
2025-01-27 23:12:48,585 [ERROR] LogOutputStream:75 - [STDERR_REDIRECT] 
2025-01-27 23:12:49,601 [ERROR] LogOutputStream:75 - [STDERR_REDIRECT] [Fatal Error] :1:1: Premature end of file.
2025-01-27 23:12:49,601 [ERROR] LogOutputStream:75 - [STDERR_REDIRECT] 
2025-01-27 23:12:50,587 [ERROR] LogOutputStream:75 - [STDERR_REDIRECT] [Fatal Error] :1:1: Premature end of file.
2025-01-27 23:12:50,587 [ERROR] LogOutputStream:75 - [STDERR_REDIRECT] 
2025-01-27 23:12:51,586 [ERROR] LogOutputStream:75 - [STDERR_REDIRECT] [Fatal Error] :1:1: Premature end of file.
2025-01-27 23:12:51,586 [ERROR] LogOutputStream:75 - [STDERR_REDIRECT] 
2025-01-27 23:12:52,581 [ERROR] LogOutputStream:75 - [STDERR_REDIRECT] [Fatal Error] :1:1: Premature end of file.
2025-01-27 23:12:52,581 [ERROR] LogOutputStream:75 - [STDERR_REDIRECT] 
2025-01-27 23:12:53,592 [ERROR] LogOutputStream:75 - [STDERR_REDIRECT] [Fatal Error] :1:1: Premature end of file.
2025-01-27 23:12:53,592 [ERROR] LogOutputStream:75 - [STDERR_REDIRECT] 
2025-01-27 23:12:54,589 [ERROR] LogOutputStream:75 - [STDERR_REDIRECT] [Fatal Error] :1:1: Premature end of file.
2025-01-27 23:12:54,590 [ERROR] LogOutputStream:75 - [STDERR_REDIRECT] 
2025-01-27 23:12:55,580 [ERROR] LogOutputStream:75 - [STDERR_REDIRECT] [Fatal Error] :1:1: Premature end of file.
2025-01-27 23:12:55,580 [ERROR] LogOutputStream:75 - [STDERR_REDIRECT] 
2025-01-27 23:12:56,588 [ERROR] LogOutputStream:75 - [STDERR_REDIRECT] [Fatal Error] :1:1: Premature end of file.
2025-01-27 23:12:56,588 [ERROR] LogOutputStream:75 - [STDERR_REDIRECT] 
2025-01-27 23:12:57,589 [ERROR] LogOutputStream:75 - [STDERR_REDIRECT] [Fatal Error] :1:1: Premature end of file.
2025-01-27 23:12:57,589 [ERROR] LogOutputStream:75 - [STDERR_REDIRECT] 
2025-01-27 23:12:58,590 [ERROR] LogOutputStream:75 - [STDERR_REDIRECT] [Fatal Error] :1:1: Premature end of file.
2025-01-27 23:12:58,590 [ERROR] LogOutputStream:75 - [STDERR_REDIRECT] 
2025-01-27 23:12:59,583 [ERROR] LogOutputStream:75 - [STDERR_REDIRECT] [Fatal Error] :1:1: Premature end of file.
2025-01-27 23:12:59,583 [ERROR] LogOutputStream:75 - [STDERR_REDIRECT] 
2025-01-27 23:13:00,585 [ERROR] LogOutputStream:75 - [STDERR_REDIRECT] [Fatal Error] :1:1: Premature end of file.
2025-01-27 23:13:00,585 [ERROR] LogOutputStream:75 - [STDERR_REDIRECT] 
2025-01-27 23:13:01,588 [ERROR] LogOutputStream:75 - [STDERR_REDIRECT] [Fatal Error] :1:1: Premature end of file.
2025-01-27 23:13:01,588 [ERROR] LogOutputStream:75 - [STDERR_REDIRECT] 
2025-01-27 23:13:02,597 [ERROR] LogOutputStream:75 - [STDERR_REDIRECT] [Fatal Error] :1:1: Premature end of file.
2025-01-27 23:13:02,597 [ERROR] LogOutputStream:75 - [STDERR_REDIRECT] 
2025-01-27 23:13:03,583 [ERROR] LogOutputStream:75 - [STDERR_REDIRECT] [Fatal Error] :1:1: Premature end of file.
2025-01-27 23:13:03,583 [ERROR] LogOutputStream:75 - [STDERR_REDIRECT] 
2025-01-27 23:13:04,588 [ERROR] LogOutputStream:75 - [STDERR_REDIRECT] [Fatal Error] :1:1: Premature end of file.
2025-01-27 23:13:04,588 [ERROR] LogOutputStream:75 - [STDERR_REDIRECT] 
2025-01-27 23:13:05,590 [ERROR] LogOutputStream:75 - [STDERR_REDIRECT] [Fatal Error] :1:1: Premature end of file.
2025-01-27 23:13:05,590 [ERROR] LogOutputStream:75 - [STDERR_REDIRECT] 
2025-01-27 23:13:06,589 [ERROR] LogOutputStream:75 - [STDERR_REDIRECT] [Fatal Error] :1:1: Premature end of file.
2025-01-27 23:13:06,589 [ERROR] LogOutputStream:75 - [STDERR_REDIRECT] 
2025-01-27 23:13:07,586 [ERROR] LogOutputStream:75 - [STDERR_REDIRECT] [Fatal Error] :1:1: Premature end of file.
2025-01-27 23:13:07,586 [ERROR] LogOutputStream:75 - [STDERR_REDIRECT] 
2025-01-27 23:13:08,589 [ERROR] LogOutputStream:75 - [STDERR_REDIRECT] [Fatal Error] :1:1: Premature end of file.
2025-01-27 23:13:08,589 [ERROR] LogOutputStream:75 - [STDERR_REDIRECT] 
2025-01-27 23:13:09,586 [ERROR] LogOutputStream:75 - [STDERR_REDIRECT] [Fatal Error] :1:1: Premature end of file.
2025-01-27 23:13:09,586 [ERROR] LogOutputStream:75 - [STDERR_REDIRECT] 
2025-01-27 23:13:10,574 [ERROR] LogOutputStream:75 - [STDERR_REDIRECT] [Fatal Error] :1:1: Premature end of file.
2025-01-27 23:13:10,574 [ERROR] LogOutputStream:75 - [STDERR_REDIRECT] 
2025-01-27 23:13:11,590 [ERROR] LogOutputStream:75 - [STDERR_REDIRECT] [Fatal Error] :1:1: Premature end of file.
2025-01-27 23:13:11,590 [ERROR] LogOutputStream:75 - [STDERR_REDIRECT] 
2025-01-27 23:13:12,587 [ERROR] LogOutputStream:75 - [STDERR_REDIRECT] [Fatal Error] :1:1: Premature end of file.
2025-01-27 23:13:12,587 [ERROR] LogOutputStream:75 - [STDERR_REDIRECT] 
2025-01-27 23:13:13,584 [ERROR] LogOutputStream:75 - [STDERR_REDIRECT] [Fatal Error] :1:1: Premature end of file.
2025-01-27 23:13:13,584 [ERROR] LogOutputStream:75 - [STDERR_REDIRECT] 
2025-01-27 23:13:14,585 [ERROR] LogOutputStream:75 - [STDERR_REDIRECT] [Fatal Error] :1:1: Premature end of file.
2025-01-27 23:13:14,585 [ERROR] LogOutputStream:75 - [STDERR_REDIRECT] 
2025-01-27 23:13:15,596 [ERROR] LogOutputStream:75 - [STDERR_REDIRECT] [Fatal Error] :1:1: Premature end of file.
2025-01-27 23:13:15,596 [ERROR] LogOutputStream:75 - [STDERR_REDIRECT] 
2025-01-27 23:13:16,601 [ERROR] LogOutputStream:75 - [STDERR_REDIRECT] [Fatal Error] :1:1: Premature end of file.
2025-01-27 23:13:16,603 [ERROR] LogOutputStream:75 - [STDERR_REDIRECT] 
2025-01-27 23:13:17,584 [ERROR] LogOutputStream:75 - [STDERR_REDIRECT] [Fatal Error] :1:1: Premature end of file.
2025-01-27 23:13:17,584 [ERROR] LogOutputStream:75 - [STDERR_REDIRECT] 
2025-01-27 23:13:18,588 [ERROR] LogOutputStream:75 - [STDERR_REDIRECT] [Fatal Error] :1:1: Premature end of file.
2025-01-27 23:13:18,588 [ERROR] LogOutputStream:75 - [STDERR_REDIRECT] 
2025-01-27 23:13:19,587 [ERROR] LogOutputStream:75 - [STDERR_REDIRECT] [Fatal Error] :1:1: Premature end of file.
2025-01-27 23:13:19,587 [ERROR] LogOutputStream:75 - [STDERR_REDIRECT] 
2025-01-27 23:13:20,594 [ERROR] LogOutputStream:75 - [STDERR_REDIRECT] [Fatal Error] :1:1: Premature end of file.
2025-01-27 23:13:20,594 [ERROR] LogOutputStream:75 - [STDERR_REDIRECT] 
2025-01-27 23:13:21,588 [ERROR] LogOutputStream:75 - [STDERR_REDIRECT] [Fatal Error] :1:1: Premature end of file.
2025-01-27 23:13:21,588 [ERROR] LogOutputStream:75 - [STDERR_REDIRECT] 
2025-01-27 23:13:22,586 [ERROR] LogOutputStream:75 - [STDERR_REDIRECT] [Fatal Error] :1:1: Premature end of file.
2025-01-27 23:13:22,586 [ERROR] LogOutputStream:75 - [STDERR_REDIRECT] 
2025-01-27 23:13:23,583 [ERROR] LogOutputStream:75 - [STDERR_REDIRECT] [Fatal Error] :1:1: Premature end of file.
2025-01-27 23:13:23,583 [ERROR] LogOutputStream:75 - [STDERR_REDIRECT] 
2025-01-27 23:13:24,599 [ERROR] LogOutputStream:75 - [STDERR_REDIRECT] [Fatal Error] :1:1: Premature end of file.
2025-01-27 23:13:24,599 [ERROR] LogOutputStream:75 - [STDERR_REDIRECT] 
2025-01-27 23:13:25,589 [ERROR] LogOutputStream:75 - [STDERR_REDIRECT] [Fatal Error] :1:1: Premature end of file.
2025-01-27 23:13:25,589 [ERROR] LogOutputStream:75 - [STDERR_REDIRECT] 
2025-01-27 23:13:26,589 [ERROR] LogOutputStream:75 - [STDERR_REDIRECT] [Fatal Error] :1:1: Premature end of file.
2025-01-27 23:13:26,589 [ERROR] LogOutputStream:75 - [STDERR_REDIRECT] 
2025-01-27 23:13:27,583 [ERROR] LogOutputStream:75 - [STDERR_REDIRECT] [Fatal Error] :1:1: Premature end of file.
2025-01-27 23:13:27,583 [ERROR] LogOutputStream:75 - [STDERR_REDIRECT] 
2025-01-27 23:13:28,587 [ERROR] LogOutputStream:75 - [STDERR_REDIRECT] [Fatal Error] :1:1: Premature end of file.
2025-01-27 23:13:28,587 [ERROR] LogOutputStream:75 - [STDERR_REDIRECT] 
2025-01-27 23:13:29,595 [ERROR] LogOutputStream:75 - [STDERR_REDIRECT] [Fatal Error] :1:1: Premature end of file.
2025-01-27 23:13:29,595 [ERROR] LogOutputStream:75 - [STDERR_REDIRECT] 
2025-01-27 23:13:30,590 [ERROR] LogOutputStream:75 - [STDERR_REDIRECT] [Fatal Error] :1:1: Premature end of file.
2025-01-27 23:13:30,590 [ERROR] LogOutputStream:75 - [STDERR_REDIRECT] 
2025-01-27 23:13:31,585 [ERROR] LogOutputStream:75 - [STDERR_REDIRECT] [Fatal Error] :1:1: Premature end of file.
2025-01-27 23:13:31,585 [ERROR] LogOutputStream:75 - [STDERR_REDIRECT] 
2025-01-27 23:13:32,581 [ERROR] LogOutputStream:75 - [STDERR_REDIRECT] [Fatal Error] :1:1: Premature end of file.
2025-01-27 23:13:32,581 [ERROR] LogOutputStream:75 - [STDERR_REDIRECT] 
2025-01-27 23:13:33,588 [ERROR] LogOutputStream:75 - [STDERR_REDIRECT] [Fatal Error] :1:1: Premature end of file.
2025-01-27 23:13:33,588 [ERROR] LogOutputStream:75 - [STDERR_REDIRECT] 
2025-01-27 23:13:34,583 [ERROR] LogOutputStream:75 - [STDERR_REDIRECT] [Fatal Error] :1:1: Premature end of file.
2025-01-27 23:13:34,583 [ERROR] LogOutputStream:75 - [STDERR_REDIRECT] 
2025-01-27 23:13:35,592 [ERROR] LogOutputStream:75 - [STDERR_REDIRECT] [Fatal Error] :1:1: Premature end of file.
2025-01-27 23:13:35,592 [ERROR] LogOutputStream:75 - [STDERR_REDIRECT] 
2025-01-27 23:13:36,587 [ERROR] LogOutputStream:75 - [STDERR_REDIRECT] [Fatal Error] :1:1: Premature end of file.
2025-01-27 23:13:36,587 [ERROR] LogOutputStream:75 - [STDERR_REDIRECT] 
2025-01-27 23:13:37,589 [ERROR] LogOutputStream:75 - [STDERR_REDIRECT] [Fatal Error] :1:1: Premature end of file.
2025-01-27 23:13:37,589 [ERROR] LogOutputStream:75 - [STDERR_REDIRECT] 
2025-01-27 23:13:38,589 [ERROR] LogOutputStream:75 - [STDERR_REDIRECT] [Fatal Error] :1:1: Premature end of file.
2025-01-27 23:13:38,589 [ERROR] LogOutputStream:75 - [STDERR_REDIRECT] 
2025-01-27 23:13:39,591 [ERROR] LogOutputStream:75 - [STDERR_REDIRECT] [Fatal Error] :1:1: Premature end of file.
2025-01-27 23:13:39,591 [ERROR] LogOutputStream:75 - [STDERR_REDIRECT] 
2025-01-27 23:13:40,589 [ERROR] LogOutputStream:75 - [STDERR_REDIRECT] [Fatal Error] :1:1: Premature end of file.
2025-01-27 23:13:40,589 [ERROR] LogOutputStream:75 - [STDERR_REDIRECT] 
2025-01-27 23:13:41,599 [ERROR] LogOutputStream:75 - [STDERR_REDIRECT] [Fatal Error] :1:1: Premature end of file.
2025-01-27 23:13:41,599 [ERROR] LogOutputStream:75 - [STDERR_REDIRECT] 
2025-01-27 23:13:42,587 [ERROR] LogOutputStream:75 - [STDERR_REDIRECT] [Fatal Error] :1:1: Premature end of file.
2025-01-27 23:13:42,588 [ERROR] LogOutputStream:75 - [STDERR_REDIRECT] 
2025-01-27 23:13:43,581 [ERROR] LogOutputStream:75 - [STDERR_REDIRECT] [Fatal Error] :1:1: Premature end of file.
2025-01-27 23:13:43,581 [ERROR] LogOutputStream:75 - [STDERR_REDIRECT] 
2025-01-27 23:13:44,597 [ERROR] LogOutputStream:75 - [STDERR_REDIRECT] [Fatal Error] :1:1: Premature end of file.
2025-01-27 23:13:44,597 [ERROR] LogOutputStream:75 - [STDERR_REDIRECT] 
2025-01-27 23:13:45,587 [ERROR] LogOutputStream:75 - [STDERR_REDIRECT] [Fatal Error] :1:1: Premature end of file.
2025-01-27 23:13:45,587 [ERROR] LogOutputStream:75 - [STDERR_REDIRECT] 
2025-01-27 23:13:46,581 [ERROR] LogOutputStream:75 - [STDERR_REDIRECT] [Fatal Error] :1:1: Premature end of file.
2025-01-27 23:13:46,581 [ERROR] LogOutputStream:75 - [STDERR_REDIRECT] 
2025-01-27 23:13:47,598 [ERROR] LogOutputStream:75 - [STDERR_REDIRECT] [Fatal Error] :1:1: Premature end of file.
2025-01-27 23:13:47,598 [ERROR] LogOutputStream:75 - [STDERR_REDIRECT] 
2025-01-27 23:13:48,598 [ERROR] LogOutputStream:75 - [STDERR_REDIRECT] [Fatal Error] :1:1: Premature end of file.
2025-01-27 23:13:48,598 [ERROR] LogOutputStream:75 - [STDERR_REDIRECT] 
2025-01-27 23:13:49,626 [ERROR] LogOutputStream:75 - [STDERR_REDIRECT] [Fatal Error] :1:1: Premature end of file.
2025-01-27 23:13:49,626 [ERROR] LogOutputStream:75 - [STDERR_REDIRECT] 
2025-01-27 23:13:50,590 [ERROR] LogOutputStream:75 - [STDERR_REDIRECT] [Fatal Error] :1:1: Premature end of file.
2025-01-27 23:13:50,590 [ERROR] LogOutputStream:75 - [STDERR_REDIRECT] 
2025-01-27 23:13:51,599 [ERROR] LogOutputStream:75 - [STDERR_REDIRECT] [Fatal Error] :1:1: Premature end of file.
2025-01-27 23:13:51,599 [ERROR] LogOutputStream:75 - [STDERR_REDIRECT] 
2025-01-27 23:13:52,591 [ERROR] LogOutputStream:75 - [STDERR_REDIRECT] [Fatal Error] :1:1: Premature end of file.
2025-01-27 23:13:52,591 [ERROR] LogOutputStream:75 - [STDERR_REDIRECT] 
2025-01-27 23:13:53,586 [ERROR] LogOutputStream:75 - [STDERR_REDIRECT] [Fatal Error] :1:1: Premature end of file.
2025-01-27 23:13:53,586 [ERROR] LogOutputStream:75 - [STDERR_REDIRECT] 
2025-01-27 23:13:54,601 [ERROR] LogOutputStream:75 - [STDERR_REDIRECT] [Fatal Error] :1:1: Premature end of file.
2025-01-27 23:13:54,601 [ERROR] LogOutputStream:75 - [STDERR_REDIRECT] 
2025-01-27 23:13:55,600 [ERROR] LogOutputStream:75 - [STDERR_REDIRECT] [Fatal Error] :1:1: Premature end of file.
2025-01-27 23:13:55,600 [ERROR] LogOutputStream:75 - [STDERR_REDIRECT] 
2025-01-27 23:13:56,596 [ERROR] LogOutputStream:75 - [STDERR_REDIRECT] [Fatal Error] :1:1: Premature end of file.
2025-01-27 23:13:56,596 [ERROR] LogOutputStream:75 - [STDERR_REDIRECT] 
2025-01-27 23:13:57,590 [ERROR] LogOutputStream:75 - [STDERR_REDIRECT] [Fatal Error] :1:1: Premature end of file.
2025-01-27 23:13:57,590 [ERROR] LogOutputStream:75 - [STDERR_REDIRECT] 
2025-01-27 23:13:58,584 [ERROR] LogOutputStream:75 - [STDERR_REDIRECT] [Fatal Error] :1:1: Premature end of file.
2025-01-27 23:13:58,584 [ERROR] LogOutputStream:75 - [STDERR_REDIRECT] 
2025-01-27 23:13:59,589 [ERROR] LogOutputStream:75 - [STDERR_REDIRECT] [Fatal Error] :1:1: Premature end of file.
2025-01-27 23:13:59,589 [ERROR] LogOutputStream:75 - [STDERR_REDIRECT] 
2025-01-27 23:14:00,585 [ERROR] LogOutputStream:75 - [STDERR_REDIRECT] [Fatal Error] :1:1: Premature end of file.
2025-01-27 23:14:00,585 [ERROR] LogOutputStream:75 - [STDERR_REDIRECT] 
2025-01-27 23:14:01,586 [ERROR] LogOutputStream:75 - [STDERR_REDIRECT] [Fatal Error] :1:1: Premature end of file.
2025-01-27 23:14:01,586 [ERROR] LogOutputStream:75 - [STDERR_REDIRECT] 
2025-01-27 23:14:02,589 [ERROR] LogOutputStream:75 - [STDERR_REDIRECT] [Fatal Error] :1:1: Premature end of file.
2025-01-27 23:14:02,589 [ERROR] LogOutputStream:75 - [STDERR_REDIRECT] 
2025-01-27 23:14:03,583 [ERROR] LogOutputStream:75 - [STDERR_REDIRECT] [Fatal Error] :1:1: Premature end of file.
2025-01-27 23:14:03,583 [ERROR] LogOutputStream:75 - [STDERR_REDIRECT] 
2025-01-27 23:14:04,585 [ERROR] LogOutputStream:75 - [STDERR_REDIRECT] [Fatal Error] :1:1: Premature end of file.
2025-01-27 23:14:04,586 [ERROR] LogOutputStream:75 - [STDERR_REDIRECT] 
2025-01-27 23:14:05,599 [ERROR] LogOutputStream:75 - [STDERR_REDIRECT] [Fatal Error] :1:1: Premature end of file.
2025-01-27 23:14:05,599 [ERROR] LogOutputStream:75 - [STDERR_REDIRECT] 
2025-01-27 23:14:06,589 [ERROR] LogOutputStream:75 - [STDERR_REDIRECT] [Fatal Error] :1:1: Premature end of file.
2025-01-27 23:14:06,589 [ERROR] LogOutputStream:75 - [STDERR_REDIRECT] 
2025-01-27 23:14:07,590 [ERROR] LogOutputStream:75 - [STDERR_REDIRECT] [Fatal Error] :1:1: Premature end of file.
2025-01-27 23:14:07,590 [ERROR] LogOutputStream:75 - [STDERR_REDIRECT] 
2025-01-27 23:14:08,581 [ERROR] LogOutputStream:75 - [STDERR_REDIRECT] [Fatal Error] :1:1: Premature end of file.
2025-01-27 23:14:08,581 [ERROR] LogOutputStream:75 - [STDERR_REDIRECT] 
2025-01-27 23:14:09,607 [ERROR] LogOutputStream:75 - [STDERR_REDIRECT] [Fatal Error] :1:1: Premature end of file.
2025-01-27 23:14:09,607 [ERROR] LogOutputStream:75 - [STDERR_REDIRECT] 
2025-01-27 23:14:10,578 [ERROR] LogOutputStream:75 - [STDERR_REDIRECT] [Fatal Error] :1:1: Premature end of file.
2025-01-27 23:14:10,578 [ERROR] LogOutputStream:75 - [STDERR_REDIRECT] 
2025-01-27 23:14:11,590 [ERROR] LogOutputStream:75 - [STDERR_REDIRECT] [Fatal Error] :1:1: Premature end of file.
2025-01-27 23:14:11,590 [ERROR] LogOutputStream:75 - [STDERR_REDIRECT] 
2025-01-27 23:14:12,578 [ERROR] LogOutputStream:75 - [STDERR_REDIRECT] [Fatal Error] :1:1: Premature end of file.
2025-01-27 23:14:12,578 [ERROR] LogOutputStream:75 - [STDERR_REDIRECT] 
2025-01-27 23:14:13,589 [ERROR] LogOutputStream:75 - [STDERR_REDIRECT] [Fatal Error] :1:1: Premature end of file.
2025-01-27 23:14:13,589 [ERROR] LogOutputStream:75 - [STDERR_REDIRECT] 
2025-01-27 23:14:14,593 [ERROR] LogOutputStream:75 - [STDERR_REDIRECT] [Fatal Error] :1:1: Premature end of file.
2025-01-27 23:14:14,593 [ERROR] LogOutputStream:75 - [STDERR_REDIRECT] 
2025-01-27 23:14:15,595 [ERROR] LogOutputStream:75 - [STDERR_REDIRECT] [Fatal Error] :1:1: Premature end of file.
2025-01-27 23:14:15,595 [ERROR] LogOutputStream:75 - [STDERR_REDIRECT] 
2025-01-27 23:14:16,582 [ERROR] LogOutputStream:75 - [STDERR_REDIRECT] [Fatal Error] :1:1: Premature end of file.
2025-01-27 23:14:16,582 [ERROR] LogOutputStream:75 - [STDERR_REDIRECT] 
2025-01-27 23:14:17,582 [ERROR] LogOutputStream:75 - [STDERR_REDIRECT] [Fatal Error] :1:1: Premature end of file.
2025-01-27 23:14:17,582 [ERROR] LogOutputStream:75 - [STDERR_REDIRECT] 
2025-01-27 23:14:18,580 [ERROR] LogOutputStream:75 - [STDERR_REDIRECT] [Fatal Error] :1:1: Premature end of file.
2025-01-27 23:14:18,580 [ERROR] LogOutputStream:75 - [STDERR_REDIRECT] 
2025-01-27 23:14:19,588 [ERROR] LogOutputStream:75 - [STDERR_REDIRECT] [Fatal Error] :1:1: Premature end of file.
2025-01-27 23:14:19,588 [ERROR] LogOutputStream:75 - [STDERR_REDIRECT] 
2025-01-27 23:14:20,592 [ERROR] LogOutputStream:75 - [STDERR_REDIRECT] [Fatal Error] :1:1: Premature end of file.
2025-01-27 23:14:20,592 [ERROR] LogOutputStream:75 - [STDERR_REDIRECT] 
2025-01-27 23:14:21,590 [ERROR] LogOutputStream:75 - [STDERR_REDIRECT] [Fatal Error] :1:1: Premature end of file.
2025-01-27 23:14:21,590 [ERROR] LogOutputStream:75 - [STDERR_REDIRECT] 
2025-01-27 23:14:22,593 [ERROR] LogOutputStream:75 - [STDERR_REDIRECT] [Fatal Error] :1:1: Premature end of file.
2025-01-27 23:14:22,593 [ERROR] LogOutputStream:75 - [STDERR_REDIRECT] 
2025-01-27 23:14:23,606 [ERROR] LogOutputStream:75 - [STDERR_REDIRECT] [Fatal Error] :1:1: Premature end of file.
2025-01-27 23:14:23,606 [ERROR] LogOutputStream:75 - [STDERR_REDIRECT] 
2025-01-27 23:14:24,588 [ERROR] LogOutputStream:75 - [STDERR_REDIRECT] [Fatal Error] :1:1: Premature end of file.
2025-01-27 23:14:24,588 [ERROR] LogOutputStream:75 - [STDERR_REDIRECT] 
2025-01-27 23:14:25,590 [ERROR] LogOutputStream:75 - [STDERR_REDIRECT] [Fatal Error] :1:1: Premature end of file.
2025-01-27 23:14:25,590 [ERROR] LogOutputStream:75 - [STDERR_REDIRECT] 
2025-01-27 23:14:26,584 [ERROR] LogOutputStream:75 - [STDERR_REDIRECT] [Fatal Error] :1:1: Premature end of file.
2025-01-27 23:14:26,584 [ERROR] LogOutputStream:75 - [STDERR_REDIRECT] 
2025-01-27 23:14:27,579 [ERROR] LogOutputStream:75 - [STDERR_REDIRECT] [Fatal Error] :1:1: Premature end of file.
2025-01-27 23:14:27,579 [ERROR] LogOutputStream:75 - [STDERR_REDIRECT] 
2025-01-27 23:14:28,589 [ERROR] LogOutputStream:75 - [STDERR_REDIRECT] [Fatal Error] :1:1: Premature end of file.
2025-01-27 23:14:28,589 [ERROR] LogOutputStream:75 - [STDERR_REDIRECT] 
2025-01-27 23:14:29,590 [ERROR] LogOutputStream:75 - [STDERR_REDIRECT] [Fatal Error] :1:1: Premature end of file.
2025-01-27 23:14:29,590 [ERROR] LogOutputStream:75 - [STDERR_REDIRECT] 
2025-01-27 23:14:30,593 [ERROR] LogOutputStream:75 - [STDERR_REDIRECT] [Fatal Error] :1:1: Premature end of file.
2025-01-27 23:14:30,593 [ERROR] LogOutputStream:75 - [STDERR_REDIRECT] 
2025-01-27 23:14:31,578 [ERROR] LogOutputStream:75 - [STDERR_REDIRECT] [Fatal Error] :1:1: Premature end of file.
2025-01-27 23:14:31,578 [ERROR] LogOutputStream:75 - [STDERR_REDIRECT] 
2025-01-27 23:14:32,603 [ERROR] LogOutputStream:75 - [STDERR_REDIRECT] [Fatal Error] :1:1: Premature end of file.
2025-01-27 23:14:32,603 [ERROR] LogOutputStream:75 - [STDERR_REDIRECT] 
2025-01-27 23:14:33,582 [ERROR] LogOutputStream:75 - [STDERR_REDIRECT] [Fatal Error] :1:1: Premature end of file.
2025-01-27 23:14:33,582 [ERROR] LogOutputStream:75 - [STDERR_REDIRECT] 
2025-01-27 23:14:34,586 [ERROR] LogOutputStream:75 - [STDERR_REDIRECT] [Fatal Error] :1:1: Premature end of file.
2025-01-27 23:14:34,586 [ERROR] LogOutputStream:75 - [STDERR_REDIRECT] 
2025-01-27 23:14:35,594 [ERROR] LogOutputStream:75 - [STDERR_REDIRECT] [Fatal Error] :1:1: Premature end of file.
2025-01-27 23:14:35,594 [ERROR] LogOutputStream:75 - [STDERR_REDIRECT] 
2025-01-27 23:14:36,591 [ERROR] LogOutputStream:75 - [STDERR_REDIRECT] [Fatal Error] :1:1: Premature end of file.
2025-01-27 23:14:36,591 [ERROR] LogOutputStream:75 - [STDERR_REDIRECT] 
2025-01-27 23:14:37,580 [ERROR] LogOutputStream:75 - [STDERR_REDIRECT] [Fatal Error] :1:1: Premature end of file.
2025-01-27 23:14:37,580 [ERROR] LogOutputStream:75 - [STDERR_REDIRECT] 
2025-01-27 23:14:38,587 [ERROR] LogOutputStream:75 - [STDERR_REDIRECT] [Fatal Error] :1:1: Premature end of file.
2025-01-27 23:14:38,588 [ERROR] LogOutputStream:75 - [STDERR_REDIRECT] 
2025-01-27 23:14:39,587 [ERROR] LogOutputStream:75 - [STDERR_REDIRECT] [Fatal Error] :1:1: Premature end of file.
2025-01-27 23:14:39,587 [ERROR] LogOutputStream:75 - [STDERR_REDIRECT] 
2025-01-27 23:14:40,587 [ERROR] LogOutputStream:75 - [STDERR_REDIRECT] [Fatal Error] :1:1: Premature end of file.
2025-01-27 23:14:40,587 [ERROR] LogOutputStream:75 - [STDERR_REDIRECT] 
2025-01-27 23:14:41,602 [ERROR] LogOutputStream:75 - [STDERR_REDIRECT] [Fatal Error] :1:1: Premature end of file.
2025-01-27 23:14:41,602 [ERROR] LogOutputStream:75 - [STDERR_REDIRECT] 
2025-01-27 23:14:42,587 [ERROR] LogOutputStream:75 - [STDERR_REDIRECT] [Fatal Error] :1:1: Premature end of file.
2025-01-27 23:14:42,587 [ERROR] LogOutputStream:75 - [STDERR_REDIRECT] 
2025-01-27 23:14:43,579 [ERROR] LogOutputStream:75 - [STDERR_REDIRECT] [Fatal Error] :1:1: Premature end of file.
2025-01-27 23:14:43,579 [ERROR] LogOutputStream:75 - [STDERR_REDIRECT] 
2025-01-27 23:14:44,598 [ERROR] LogOutputStream:75 - [STDERR_REDIRECT] [Fatal Error] :1:1: Premature end of file.
2025-01-27 23:14:44,598 [ERROR] LogOutputStream:75 - [STDERR_REDIRECT] 
2025-01-27 23:14:45,589 [ERROR] LogOutputStream:75 - [STDERR_REDIRECT] [Fatal Error] :1:1: Premature end of file.
2025-01-27 23:14:45,589 [ERROR] LogOutputStream:75 - [STDERR_REDIRECT] 
2025-01-27 23:14:46,594 [ERROR] LogOutputStream:75 - [STDERR_REDIRECT] [Fatal Error] :1:1: Premature end of file.
2025-01-27 23:14:46,594 [ERROR] LogOutputStream:75 - [STDERR_REDIRECT] 
2025-01-27 23:14:47,583 [ERROR] LogOutputStream:75 - [STDERR_REDIRECT] [Fatal Error] :1:1: Premature end of file.
2025-01-27 23:14:47,583 [ERROR] LogOutputStream:75 - [STDERR_REDIRECT] 
2025-01-27 23:14:48,597 [ERROR] LogOutputStream:75 - [STDERR_REDIRECT] [Fatal Error] :1:1: Premature end of file.
2025-01-27 23:14:48,597 [ERROR] LogOutputStream:75 - [STDERR_REDIRECT] 
2025-01-27 23:14:49,604 [ERROR] LogOutputStream:75 - [STDERR_REDIRECT] [Fatal Error] :1:1: Premature end of file.
2025-01-27 23:14:49,604 [ERROR] LogOutputStream:75 - [STDERR_REDIRECT] 
2025-01-27 23:14:50,592 [ERROR] LogOutputStream:75 - [STDERR_REDIRECT] [Fatal Error] :1:1: Premature end of file.
2025-01-27 23:14:50,592 [ERROR] LogOutputStream:75 - [STDERR_REDIRECT] 
2025-01-27 23:14:51,587 [ERROR] LogOutputStream:75 - [STDERR_REDIRECT] [Fatal Error] :1:1: Premature end of file.
2025-01-27 23:14:51,587 [ERROR] LogOutputStream:75 - [STDERR_REDIRECT] 
2025-01-27 23:14:52,588 [ERROR] LogOutputStream:75 - [STDERR_REDIRECT] [Fatal Error] :1:1: Premature end of file.
2025-01-27 23:14:52,588 [ERROR] LogOutputStream:75 - [STDERR_REDIRECT] 
2025-01-27 23:14:53,595 [ERROR] LogOutputStream:75 - [STDERR_REDIRECT] [Fatal Error] :1:1: Premature end of file.
2025-01-27 23:14:53,595 [ERROR] LogOutputStream:75 - [STDERR_REDIRECT] 
2025-01-27 23:14:54,587 [ERROR] LogOutputStream:75 - [STDERR_REDIRECT] [Fatal Error] :1:1: Premature end of file.
2025-01-27 23:14:54,587 [ERROR] LogOutputStream:75 - [STDERR_REDIRECT] 
2025-01-27 23:14:55,585 [ERROR] LogOutputStream:75 - [STDERR_REDIRECT] [Fatal Error] :1:1: Premature end of file.
2025-01-27 23:14:55,586 [ERROR] LogOutputStream:75 - [STDERR_REDIRECT] 
2025-01-27 23:14:56,594 [ERROR] LogOutputStream:75 - [STDERR_REDIRECT] [Fatal Error] :1:1: Premature end of file.
2025-01-27 23:14:56,594 [ERROR] LogOutputStream:75 - [STDERR_REDIRECT] 
2025-01-27 23:14:57,599 [ERROR] LogOutputStream:75 - [STDERR_REDIRECT] [Fatal Error] :1:1: Premature end of file.
2025-01-27 23:14:57,599 [ERROR] LogOutputStream:75 - [STDERR_REDIRECT] 
2025-01-27 23:14:58,580 [ERROR] LogOutputStream:75 - [STDERR_REDIRECT] [Fatal Error] :1:1: Premature end of file.
2025-01-27 23:14:58,580 [ERROR] LogOutputStream:75 - [STDERR_REDIRECT] 
2025-01-27 23:14:59,589 [ERROR] LogOutputStream:75 - [STDERR_REDIRECT] [Fatal Error] :1:1: Premature end of file.
2025-01-27 23:14:59,589 [ERROR] LogOutputStream:75 - [STDERR_REDIRECT] 
2025-01-27 23:15:00,583 [ERROR] LogOutputStream:75 - [STDERR_REDIRECT] [Fatal Error] :1:1: Premature end of file.
2025-01-27 23:15:00,583 [ERROR] LogOutputStream:75 - [STDERR_REDIRECT] 
2025-01-27 23:15:01,581 [ERROR] LogOutputStream:75 - [STDERR_REDIRECT] [Fatal Error] :1:1: Premature end of file.
2025-01-27 23:15:01,581 [ERROR] LogOutputStream:75 - [STDERR_REDIRECT] 
2025-01-27 23:15:02,583 [ERROR] LogOutputStream:75 - [STDERR_REDIRECT] [Fatal Error] :1:1: Premature end of file.
2025-01-27 23:15:02,585 [ERROR] LogOutputStream:75 - [STDERR_REDIRECT] 
2025-01-27 23:15:03,589 [ERROR] LogOutputStream:75 - [STDERR_REDIRECT] [Fatal Error] :1:1: Premature end of file.
2025-01-27 23:15:03,589 [ERROR] LogOutputStream:75 - [STDERR_REDIRECT] 
2025-01-27 23:15:04,590 [ERROR] LogOutputStream:75 - [STDERR_REDIRECT] [Fatal Error] :1:1: Premature end of file.
2025-01-27 23:15:04,590 [ERROR] LogOutputStream:75 - [STDERR_REDIRECT] 
2025-01-27 23:15:05,586 [ERROR] LogOutputStream:75 - [STDERR_REDIRECT] [Fatal Error] :1:1: Premature end of file.
2025-01-27 23:15:05,587 [ERROR] LogOutputStream:75 - [STDERR_REDIRECT] 
2025-01-27 23:15:06,584 [ERROR] LogOutputStream:75 - [STDERR_REDIRECT] [Fatal Error] :1:1: Premature end of file.
2025-01-27 23:15:06,584 [ERROR] LogOutputStream:75 - [STDERR_REDIRECT] 
2025-01-27 23:15:07,592 [ERROR] LogOutputStream:75 - [STDERR_REDIRECT] [Fatal Error] :1:1: Premature end of file.
2025-01-27 23:15:07,592 [ERROR] LogOutputStream:75 - [STDERR_REDIRECT] 
2025-01-27 23:15:08,593 [ERROR] LogOutputStream:75 - [STDERR_REDIRECT] [Fatal Error] :1:1: Premature end of file.
2025-01-27 23:15:08,593 [ERROR] LogOutputStream:75 - [STDERR_REDIRECT] 
2025-01-27 23:15:09,583 [ERROR] LogOutputStream:75 - [STDERR_REDIRECT] [Fatal Error] :1:1: Premature end of file.
2025-01-27 23:15:09,583 [ERROR] LogOutputStream:75 - [STDERR_REDIRECT] 
2025-01-27 23:15:10,590 [ERROR] LogOutputStream:75 - [STDERR_REDIRECT] [Fatal Error] :1:1: Premature end of file.
2025-01-27 23:15:10,590 [ERROR] LogOutputStream:75 - [STDERR_REDIRECT] 
2025-01-27 23:15:11,580 [ERROR] LogOutputStream:75 - [STDERR_REDIRECT] [Fatal Error] :1:1: Premature end of file.
2025-01-27 23:15:11,580 [ERROR] LogOutputStream:75 - [STDERR_REDIRECT] 
2025-01-27 23:15:12,587 [ERROR] LogOutputStream:75 - [STDERR_REDIRECT] [Fatal Error] :1:1: Premature end of file.
2025-01-27 23:15:12,587 [ERROR] LogOutputStream:75 - [STDERR_REDIRECT] 
2025-01-27 23:15:13,583 [ERROR] LogOutputStream:75 - [STDERR_REDIRECT] [Fatal Error] :1:1: Premature end of file.
2025-01-27 23:15:13,583 [ERROR] LogOutputStream:75 - [STDERR_REDIRECT] 
2025-01-27 23:15:14,579 [ERROR] LogOutputStream:75 - [STDERR_REDIRECT] [Fatal Error] :1:1: Premature end of file.
2025-01-27 23:15:14,579 [ERROR] LogOutputStream:75 - [STDERR_REDIRECT] 
2025-01-27 23:15:15,588 [ERROR] LogOutputStream:75 - [STDERR_REDIRECT] [Fatal Error] :1:1: Premature end of file.
2025-01-27 23:15:15,588 [ERROR] LogOutputStream:75 - [STDERR_REDIRECT] 
2025-01-27 23:15:16,585 [ERROR] LogOutputStream:75 - [STDERR_REDIRECT] [Fatal Error] :1:1: Premature end of file.
2025-01-27 23:15:16,585 [ERROR] LogOutputStream:75 - [STDERR_REDIRECT] 
2025-01-27 23:15:17,592 [ERROR] LogOutputStream:75 - [STDERR_REDIRECT] [Fatal Error] :1:1: Premature end of file.
2025-01-27 23:15:17,592 [ERROR] LogOutputStream:75 - [STDERR_REDIRECT] 
2025-01-27 23:15:18,586 [ERROR] LogOutputStream:75 - [STDERR_REDIRECT] [Fatal Error] :1:1: Premature end of file.
2025-01-27 23:15:18,587 [ERROR] LogOutputStream:75 - [STDERR_REDIRECT] 
2025-01-27 23:15:19,583 [ERROR] LogOutputStream:75 - [STDERR_REDIRECT] [Fatal Error] :1:1: Premature end of file.
2025-01-27 23:15:19,583 [ERROR] LogOutputStream:75 - [STDERR_REDIRECT] 
2025-01-27 23:15:20,587 [ERROR] LogOutputStream:75 - [STDERR_REDIRECT] [Fatal Error] :1:1: Premature end of file.
2025-01-27 23:15:20,587 [ERROR] LogOutputStream:75 - [STDERR_REDIRECT] 
2025-01-27 23:15:21,590 [ERROR] LogOutputStream:75 - [STDERR_REDIRECT] [Fatal Error] :1:1: Premature end of file.
2025-01-27 23:15:21,590 [ERROR] LogOutputStream:75 - [STDERR_REDIRECT] 
2025-01-27 23:15:22,583 [ERROR] LogOutputStream:75 - [STDERR_REDIRECT] [Fatal Error] :1:1: Premature end of file.
2025-01-27 23:15:22,583 [ERROR] LogOutputStream:75 - [STDERR_REDIRECT] 
2025-01-27 23:15:23,583 [ERROR] LogOutputStream:75 - [STDERR_REDIRECT] [Fatal Error] :1:1: Premature end of file.
2025-01-27 23:15:23,583 [ERROR] LogOutputStream:75 - [STDERR_REDIRECT] 
2025-01-27 23:15:24,587 [ERROR] LogOutputStream:75 - [STDERR_REDIRECT] [Fatal Error] :1:1: Premature end of file.
2025-01-27 23:15:24,587 [ERROR] LogOutputStream:75 - [STDERR_REDIRECT] 
2025-01-27 23:15:25,581 [ERROR] LogOutputStream:75 - [STDERR_REDIRECT] [Fatal Error] :1:1: Premature end of file.
2025-01-27 23:15:25,581 [ERROR] LogOutputStream:75 - [STDERR_REDIRECT] 
2025-01-27 23:15:26,588 [ERROR] LogOutputStream:75 - [STDERR_REDIRECT] [Fatal Error] :1:1: Premature end of file.
2025-01-27 23:15:26,590 [ERROR] LogOutputStream:75 - [STDERR_REDIRECT] 
2025-01-27 23:15:27,587 [ERROR] LogOutputStream:75 - [STDERR_REDIRECT] [Fatal Error] :1:1: Premature end of file.
2025-01-27 23:15:27,587 [ERROR] LogOutputStream:75 - [STDERR_REDIRECT] 
2025-01-27 23:15:28,590 [ERROR] LogOutputStream:75 - [STDERR_REDIRECT] [Fatal Error] :1:1: Premature end of file.
2025-01-27 23:15:28,590 [ERROR] LogOutputStream:75 - [STDERR_REDIRECT] 
2025-01-27 23:15:29,585 [ERROR] LogOutputStream:75 - [STDERR_REDIRECT] [Fatal Error] :1:1: Premature end of file.
2025-01-27 23:15:29,585 [ERROR] LogOutputStream:75 - [STDERR_REDIRECT] 
2025-01-27 23:15:30,582 [ERROR] LogOutputStream:75 - [STDERR_REDIRECT] [Fatal Error] :1:1: Premature end of file.
2025-01-27 23:15:30,582 [ERROR] LogOutputStream:75 - [STDERR_REDIRECT] 
2025-01-27 23:15:31,590 [ERROR] LogOutputStream:75 - [STDERR_REDIRECT] [Fatal Error] :1:1: Premature end of file.
2025-01-27 23:15:31,590 [ERROR] LogOutputStream:75 - [STDERR_REDIRECT] 
2025-01-27 23:15:32,575 [ERROR] LogOutputStream:75 - [STDERR_REDIRECT] [Fatal Error] :1:1: Premature end of file.
2025-01-27 23:15:32,577 [ERROR] LogOutputStream:75 - [STDERR_REDIRECT] 
2025-01-27 23:15:33,595 [ERROR] LogOutputStream:75 - [STDERR_REDIRECT] [Fatal Error] :1:1: Premature end of file.
2025-01-27 23:15:33,596 [ERROR] LogOutputStream:75 - [STDERR_REDIRECT] 
2025-01-27 23:15:34,585 [ERROR] LogOutputStream:75 - [STDERR_REDIRECT] [Fatal Error] :1:1: Premature end of file.
2025-01-27 23:15:34,585 [ERROR] LogOutputStream:75 - [STDERR_REDIRECT] 
2025-01-27 23:15:35,587 [ERROR] LogOutputStream:75 - [STDERR_REDIRECT] [Fatal Error] :1:1: Premature end of file.
2025-01-27 23:15:35,587 [ERROR] LogOutputStream:75 - [STDERR_REDIRECT] 
2025-01-27 23:15:36,580 [ERROR] LogOutputStream:75 - [STDERR_REDIRECT] [Fatal Error] :1:1: Premature end of file.
2025-01-27 23:15:36,580 [ERROR] LogOutputStream:75 - [STDERR_REDIRECT] 
2025-01-27 23:15:37,594 [ERROR] LogOutputStream:75 - [STDERR_REDIRECT] [Fatal Error] :1:1: Premature end of file.
2025-01-27 23:15:37,594 [ERROR] LogOutputStream:75 - [STDERR_REDIRECT] 
2025-01-27 23:15:38,586 [ERROR] LogOutputStream:75 - [STDERR_REDIRECT] [Fatal Error] :1:1: Premature end of file.
2025-01-27 23:15:38,588 [ERROR] LogOutputStream:75 - [STDERR_REDIRECT] 
2025-01-27 23:15:39,610 [ERROR] LogOutputStream:75 - [STDERR_REDIRECT] [Fatal Error] :1:1: Premature end of file.
2025-01-27 23:15:39,610 [ERROR] LogOutputStream:75 - [STDERR_REDIRECT] 
2025-01-27 23:15:40,581 [ERROR] LogOutputStream:75 - [STDERR_REDIRECT] [Fatal Error] :1:1: Premature end of file.
2025-01-27 23:15:40,581 [ERROR] LogOutputStream:75 - [STDERR_REDIRECT] 
2025-01-27 23:15:41,593 [ERROR] LogOutputStream:75 - [STDERR_REDIRECT] [Fatal Error] :1:1: Premature end of file.
2025-01-27 23:15:41,593 [ERROR] LogOutputStream:75 - [STDERR_REDIRECT] 
2025-01-27 23:15:42,587 [ERROR] LogOutputStream:75 - [STDERR_REDIRECT] [Fatal Error] :1:1: Premature end of file.
2025-01-27 23:15:42,587 [ERROR] LogOutputStream:75 - [STDERR_REDIRECT] 
2025-01-27 23:15:43,578 [ERROR] LogOutputStream:75 - [STDERR_REDIRECT] [Fatal Error] :1:1: Premature end of file.
2025-01-27 23:15:43,578 [ERROR] LogOutputStream:75 - [STDERR_REDIRECT] 
2025-01-27 23:15:44,597 [ERROR] LogOutputStream:75 - [STDERR_REDIRECT] [Fatal Error] :1:1: Premature end of file.
2025-01-27 23:15:44,597 [ERROR] LogOutputStream:75 - [STDERR_REDIRECT] 
2025-01-27 23:15:45,589 [ERROR] LogOutputStream:75 - [STDERR_REDIRECT] [Fatal Error] :1:1: Premature end of file.
2025-01-27 23:15:45,590 [ERROR] LogOutputStream:75 - [STDERR_REDIRECT] 
2025-01-27 23:15:46,599 [ERROR] LogOutputStream:75 - [STDERR_REDIRECT] [Fatal Error] :1:1: Premature end of file.
2025-01-27 23:15:46,599 [ERROR] LogOutputStream:75 - [STDERR_REDIRECT] 
2025-01-27 23:15:47,595 [ERROR] LogOutputStream:75 - [STDERR_REDIRECT] [Fatal Error] :1:1: Premature end of file.
2025-01-27 23:15:47,596 [ERROR] LogOutputStream:75 - [STDERR_REDIRECT] 
2025-01-27 23:15:48,575 [ERROR] LogOutputStream:75 - [STDERR_REDIRECT] [Fatal Error] :1:1: Premature end of file.
2025-01-27 23:15:48,575 [ERROR] LogOutputStream:75 - [STDERR_REDIRECT] 
2025-01-27 23:15:49,600 [ERROR] LogOutputStream:75 - [STDERR_REDIRECT] [Fatal Error] :1:1: Premature end of file.
2025-01-27 23:15:49,600 [ERROR] LogOutputStream:75 - [STDERR_REDIRECT] 
2025-01-27 23:15:50,601 [ERROR] LogOutputStream:75 - [STDERR_REDIRECT] [Fatal Error] :1:1: Premature end of file.
2025-01-27 23:15:50,601 [ERROR] LogOutputStream:75 - [STDERR_REDIRECT] 
2025-01-27 23:15:51,588 [ERROR] LogOutputStream:75 - [STDERR_REDIRECT] [Fatal Error] :1:1: Premature end of file.
2025-01-27 23:15:51,588 [ERROR] LogOutputStream:75 - [STDERR_REDIRECT] 
2025-01-27 23:15:52,593 [ERROR] LogOutputStream:75 - [STDERR_REDIRECT] [Fatal Error] :1:1: Premature end of file.
2025-01-27 23:15:52,593 [ERROR] LogOutputStream:75 - [STDERR_REDIRECT] 
2025-01-27 23:15:53,587 [ERROR] LogOutputStream:75 - [STDERR_REDIRECT] [Fatal Error] :1:1: Premature end of file.
2025-01-27 23:15:53,587 [ERROR] LogOutputStream:75 - [STDERR_REDIRECT] 
2025-01-27 23:15:54,587 [ERROR] LogOutputStream:75 - [STDERR_REDIRECT] [Fatal Error] :1:1: Premature end of file.
2025-01-27 23:15:54,587 [ERROR] LogOutputStream:75 - [STDERR_REDIRECT] 
2025-01-27 23:15:55,593 [ERROR] LogOutputStream:75 - [STDERR_REDIRECT] [Fatal Error] :1:1: Premature end of file.
2025-01-27 23:15:55,593 [ERROR] LogOutputStream:75 - [STDERR_REDIRECT] 
2025-01-27 23:15:56,582 [ERROR] LogOutputStream:75 - [STDERR_REDIRECT] [Fatal Error] :1:1: Premature end of file.
2025-01-27 23:15:56,582 [ERROR] LogOutputStream:75 - [STDERR_REDIRECT] 
2025-01-27 23:15:57,595 [ERROR] LogOutputStream:75 - [STDERR_REDIRECT] [Fatal Error] :1:1: Premature end of file.
2025-01-27 23:15:57,595 [ERROR] LogOutputStream:75 - [STDERR_REDIRECT] 
2025-01-27 23:15:58,577 [ERROR] LogOutputStream:75 - [STDERR_REDIRECT] [Fatal Error] :1:1: Premature end of file.
2025-01-27 23:15:58,577 [ERROR] LogOutputStream:75 - [STDERR_REDIRECT] 
2025-01-27 23:15:59,587 [ERROR] LogOutputStream:75 - [STDERR_REDIRECT] [Fatal Error] :1:1: Premature end of file.
2025-01-27 23:15:59,587 [ERROR] LogOutputStream:75 - [STDERR_REDIRECT] 
2025-01-27 23:16:00,583 [ERROR] LogOutputStream:75 - [STDERR_REDIRECT] [Fatal Error] :1:1: Premature end of file.
2025-01-27 23:16:00,583 [ERROR] LogOutputStream:75 - [STDERR_REDIRECT] 
2025-01-27 23:16:01,583 [ERROR] LogOutputStream:75 - [STDERR_REDIRECT] [Fatal Error] :1:1: Premature end of file.
2025-01-27 23:16:01,583 [ERROR] LogOutputStream:75 - [STDERR_REDIRECT] 
2025-01-27 23:16:02,597 [ERROR] LogOutputStream:75 - [STDERR_REDIRECT] [Fatal Error] :1:1: Premature end of file.
2025-01-27 23:16:02,597 [ERROR] LogOutputStream:75 - [STDERR_REDIRECT] 
2025-01-27 23:16:03,583 [ERROR] LogOutputStream:75 - [STDERR_REDIRECT] [Fatal Error] :1:1: Premature end of file.
2025-01-27 23:16:03,583 [ERROR] LogOutputStream:75 - [STDERR_REDIRECT] 
2025-01-27 23:16:04,587 [ERROR] LogOutputStream:75 - [STDERR_REDIRECT] [Fatal Error] :1:1: Premature end of file.
2025-01-27 23:16:04,587 [ERROR] LogOutputStream:75 - [STDERR_REDIRECT] 
2025-01-27 23:16:05,584 [ERROR] LogOutputStream:75 - [STDERR_REDIRECT] [Fatal Error] :1:1: Premature end of file.
2025-01-27 23:16:05,584 [ERROR] LogOutputStream:75 - [STDERR_REDIRECT] 
2025-01-27 23:16:06,587 [ERROR] LogOutputStream:75 - [STDERR_REDIRECT] [Fatal Error] :1:1: Premature end of file.
2025-01-27 23:16:06,587 [ERROR] LogOutputStream:75 - [STDERR_REDIRECT] 
2025-01-27 23:16:07,576 [ERROR] LogOutputStream:75 - [STDERR_REDIRECT] [Fatal Error] :1:1: Premature end of file.
2025-01-27 23:16:07,576 [ERROR] LogOutputStream:75 - [STDERR_REDIRECT] 
2025-01-27 23:16:08,587 [ERROR] LogOutputStream:75 - [STDERR_REDIRECT] [Fatal Error] :1:1: Premature end of file.
2025-01-27 23:16:08,587 [ERROR] LogOutputStream:75 - [STDERR_REDIRECT] 
2025-01-27 23:16:09,591 [ERROR] LogOutputStream:75 - [STDERR_REDIRECT] [Fatal Error] :1:1: Premature end of file.
2025-01-27 23:16:09,591 [ERROR] LogOutputStream:75 - [STDERR_REDIRECT] 
2025-01-27 23:16:10,587 [ERROR] LogOutputStream:75 - [STDERR_REDIRECT] [Fatal Error] :1:1: Premature end of file.
2025-01-27 23:16:10,587 [ERROR] LogOutputStream:75 - [STDERR_REDIRECT] 
2025-01-27 23:16:11,583 [ERROR] LogOutputStream:75 - [STDERR_REDIRECT] [Fatal Error] :1:1: Premature end of file.
2025-01-27 23:16:11,583 [ERROR] LogOutputStream:75 - [STDERR_REDIRECT] 
2025-01-27 23:16:12,590 [ERROR] LogOutputStream:75 - [STDERR_REDIRECT] [Fatal Error] :1:1: Premature end of file.
2025-01-27 23:16:12,590 [ERROR] LogOutputStream:75 - [STDERR_REDIRECT] 
2025-01-27 23:16:13,587 [ERROR] LogOutputStream:75 - [STDERR_REDIRECT] [Fatal Error] :1:1: Premature end of file.
2025-01-27 23:16:13,587 [ERROR] LogOutputStream:75 - [STDERR_REDIRECT] 
2025-01-27 23:16:14,587 [ERROR] LogOutputStream:75 - [STDERR_REDIRECT] [Fatal Error] :1:1: Premature end of file.
2025-01-27 23:16:14,588 [ERROR] LogOutputStream:75 - [STDERR_REDIRECT] 
2025-01-27 23:16:15,587 [ERROR] LogOutputStream:75 - [STDERR_REDIRECT] [Fatal Error] :1:1: Premature end of file.
2025-01-27 23:16:15,587 [ERROR] LogOutputStream:75 - [STDERR_REDIRECT] 
2025-01-27 23:16:16,585 [ERROR] LogOutputStream:75 - [STDERR_REDIRECT] [Fatal Error] :1:1: Premature end of file.
2025-01-27 23:16:16,585 [ERROR] LogOutputStream:75 - [STDERR_REDIRECT] 
2025-01-27 23:16:17,581 [ERROR] LogOutputStream:75 - [STDERR_REDIRECT] [Fatal Error] :1:1: Premature end of file.
2025-01-27 23:16:17,581 [ERROR] LogOutputStream:75 - [STDERR_REDIRECT] 
2025-01-27 23:16:18,589 [ERROR] LogOutputStream:75 - [STDERR_REDIRECT] [Fatal Error] :1:1: Premature end of file.
2025-01-27 23:16:18,589 [ERROR] LogOutputStream:75 - [STDERR_REDIRECT] 
2025-01-27 23:16:19,587 [ERROR] LogOutputStream:75 - [STDERR_REDIRECT] [Fatal Error] :1:1: Premature end of file.
2025-01-27 23:16:19,587 [ERROR] LogOutputStream:75 - [STDERR_REDIRECT] 
2025-01-27 23:16:20,584 [ERROR] LogOutputStream:75 - [STDERR_REDIRECT] [Fatal Error] :1:1: Premature end of file.
2025-01-27 23:16:20,584 [ERROR] LogOutputStream:75 - [STDERR_REDIRECT] 
2025-01-27 23:16:21,580 [ERROR] LogOutputStream:75 - [STDERR_REDIRECT] [Fatal Error] :1:1: Premature end of file.
2025-01-27 23:16:21,582 [ERROR] LogOutputStream:75 - [STDERR_REDIRECT] 
2025-01-27 23:16:22,594 [ERROR] LogOutputStream:75 - [STDERR_REDIRECT] [Fatal Error] :1:1: Premature end of file.
2025-01-27 23:16:22,594 [ERROR] LogOutputStream:75 - [STDERR_REDIRECT] 
2025-01-27 23:16:23,591 [ERROR] LogOutputStream:75 - [STDERR_REDIRECT] [Fatal Error] :1:1: Premature end of file.
2025-01-27 23:16:23,591 [ERROR] LogOutputStream:75 - [STDERR_REDIRECT] 
2025-01-27 23:16:24,591 [ERROR] LogOutputStream:75 - [STDERR_REDIRECT] [Fatal Error] :1:1: Premature end of file.
2025-01-27 23:16:24,591 [ERROR] LogOutputStream:75 - [STDERR_REDIRECT] 
2025-01-27 23:16:25,598 [ERROR] LogOutputStream:75 - [STDERR_REDIRECT] [Fatal Error] :1:1: Premature end of file.
2025-01-27 23:16:25,598 [ERROR] LogOutputStream:75 - [STDERR_REDIRECT] 
2025-01-27 23:16:26,582 [ERROR] LogOutputStream:75 - [STDERR_REDIRECT] [Fatal Error] :1:1: Premature end of file.
2025-01-27 23:16:26,582 [ERROR] LogOutputStream:75 - [STDERR_REDIRECT] 
2025-01-27 23:16:27,582 [ERROR] LogOutputStream:75 - [STDERR_REDIRECT] [Fatal Error] :1:1: Premature end of file.
2025-01-27 23:16:27,582 [ERROR] LogOutputStream:75 - [STDERR_REDIRECT] 
2025-01-27 23:16:28,593 [ERROR] LogOutputStream:75 - [STDERR_REDIRECT] [Fatal Error] :1:1: Premature end of file.
2025-01-27 23:16:28,593 [ERROR] LogOutputStream:75 - [STDERR_REDIRECT] 
2025-01-27 23:16:29,589 [ERROR] LogOutputStream:75 - [STDERR_REDIRECT] [Fatal Error] :1:1: Premature end of file.
2025-01-27 23:16:29,589 [ERROR] LogOutputStream:75 - [STDERR_REDIRECT] 
2025-01-27 23:16:30,589 [ERROR] LogOutputStream:75 - [STDERR_REDIRECT] [Fatal Error] :1:1: Premature end of file.
2025-01-27 23:16:30,589 [ERROR] LogOutputStream:75 - [STDERR_REDIRECT] 
2025-01-27 23:16:31,587 [ERROR] LogOutputStream:75 - [STDERR_REDIRECT] [Fatal Error] :1:1: Premature end of file.
2025-01-27 23:16:31,587 [ERROR] LogOutputStream:75 - [STDERR_REDIRECT] 
2025-01-27 23:16:32,597 [ERROR] LogOutputStream:75 - [STDERR_REDIRECT] [Fatal Error] :1:1: Premature end of file.
2025-01-27 23:16:32,597 [ERROR] LogOutputStream:75 - [STDERR_REDIRECT] 
2025-01-27 23:16:33,583 [ERROR] LogOutputStream:75 - [STDERR_REDIRECT] [Fatal Error] :1:1: Premature end of file.
2025-01-27 23:16:33,583 [ERROR] LogOutputStream:75 - [STDERR_REDIRECT] 
2025-01-27 23:16:34,591 [ERROR] LogOutputStream:75 - [STDERR_REDIRECT] [Fatal Error] :1:1: Premature end of file.
2025-01-27 23:16:34,591 [ERROR] LogOutputStream:75 - [STDERR_REDIRECT] 
2025-01-27 23:16:35,590 [ERROR] LogOutputStream:75 - [STDERR_REDIRECT] [Fatal Error] :1:1: Premature end of file.
2025-01-27 23:16:35,590 [ERROR] LogOutputStream:75 - [STDERR_REDIRECT] 
2025-01-27 23:16:36,587 [ERROR] LogOutputStream:75 - [STDERR_REDIRECT] [Fatal Error] :1:1: Premature end of file.
2025-01-27 23:16:36,587 [ERROR] LogOutputStream:75 - [STDERR_REDIRECT] 
2025-01-27 23:16:37,605 [ERROR] LogOutputStream:75 - [STDERR_REDIRECT] [Fatal Error] :1:1: Premature end of file.
2025-01-27 23:16:37,605 [ERROR] LogOutputStream:75 - [STDERR_REDIRECT] 
2025-01-27 23:16:38,585 [ERROR] LogOutputStream:75 - [STDERR_REDIRECT] [Fatal Error] :1:1: Premature end of file.
2025-01-27 23:16:38,585 [ERROR] LogOutputStream:75 - [STDERR_REDIRECT] 
2025-01-27 23:16:39,587 [ERROR] LogOutputStream:75 - [STDERR_REDIRECT] [Fatal Error] :1:1: Premature end of file.
2025-01-27 23:16:39,587 [ERROR] LogOutputStream:75 - [STDERR_REDIRECT] 
2025-01-27 23:16:40,597 [ERROR] LogOutputStream:75 - [STDERR_REDIRECT] [Fatal Error] :1:1: Premature end of file.
2025-01-27 23:16:40,597 [ERROR] LogOutputStream:75 - [STDERR_REDIRECT] 
2025-01-27 23:16:41,597 [ERROR] LogOutputStream:75 - [STDERR_REDIRECT] [Fatal Error] :1:1: Premature end of file.
2025-01-27 23:16:41,597 [ERROR] LogOutputStream:75 - [STDERR_REDIRECT] 
2025-01-27 23:16:42,590 [ERROR] LogOutputStream:75 - [STDERR_REDIRECT] [Fatal Error] :1:1: Premature end of file.
2025-01-27 23:16:42,590 [ERROR] LogOutputStream:75 - [STDERR_REDIRECT] 
2025-01-27 23:16:43,587 [ERROR] LogOutputStream:75 - [STDERR_REDIRECT] [Fatal Error] :1:1: Premature end of file.
2025-01-27 23:16:43,587 [ERROR] LogOutputStream:75 - [STDERR_REDIRECT] 
2025-01-27 23:16:44,587 [ERROR] LogOutputStream:75 - [STDERR_REDIRECT] [Fatal Error] :1:1: Premature end of file.
2025-01-27 23:16:44,589 [ERROR] LogOutputStream:75 - [STDERR_REDIRECT] 
2025-01-27 23:16:45,592 [ERROR] LogOutputStream:75 - [STDERR_REDIRECT] [Fatal Error] :1:1: Premature end of file.
2025-01-27 23:16:45,592 [ERROR] LogOutputStream:75 - [STDERR_REDIRECT] 
2025-01-27 23:16:46,590 [ERROR] LogOutputStream:75 - [STDERR_REDIRECT] [Fatal Error] :1:1: Premature end of file.
2025-01-27 23:16:46,590 [ERROR] LogOutputStream:75 - [STDERR_REDIRECT] 
2025-01-27 23:16:47,580 [ERROR] LogOutputStream:75 - [STDERR_REDIRECT] [Fatal Error] :1:1: Premature end of file.
2025-01-27 23:16:47,580 [ERROR] LogOutputStream:75 - [STDERR_REDIRECT] 
2025-01-27 23:16:48,599 [ERROR] LogOutputStream:75 - [STDERR_REDIRECT] [Fatal Error] :1:1: Premature end of file.
2025-01-27 23:16:48,599 [ERROR] LogOutputStream:75 - [STDERR_REDIRECT] 
2025-01-27 23:16:49,598 [ERROR] LogOutputStream:75 - [STDERR_REDIRECT] [Fatal Error] :1:1: Premature end of file.
2025-01-27 23:16:49,598 [ERROR] LogOutputStream:75 - [STDERR_REDIRECT] 
2025-01-27 23:16:50,593 [ERROR] LogOutputStream:75 - [STDERR_REDIRECT] [Fatal Error] :1:1: Premature end of file.
2025-01-27 23:16:50,593 [ERROR] LogOutputStream:75 - [STDERR_REDIRECT] 
2025-01-27 23:16:51,589 [ERROR] LogOutputStream:75 - [STDERR_REDIRECT] [Fatal Error] :1:1: Premature end of file.
2025-01-27 23:16:51,589 [ERROR] LogOutputStream:75 - [STDERR_REDIRECT] 
2025-01-27 23:16:52,589 [ERROR] LogOutputStream:75 - [STDERR_REDIRECT] [Fatal Error] :1:1: Premature end of file.
2025-01-27 23:16:52,589 [ERROR] LogOutputStream:75 - [STDERR_REDIRECT] 
2025-01-27 23:16:53,586 [ERROR] LogOutputStream:75 - [STDERR_REDIRECT] [Fatal Error] :1:1: Premature end of file.
2025-01-27 23:16:53,586 [ERROR] LogOutputStream:75 - [STDERR_REDIRECT] 
2025-01-27 23:16:54,583 [ERROR] LogOutputStream:75 - [STDERR_REDIRECT] [Fatal Error] :1:1: Premature end of file.
2025-01-27 23:16:54,583 [ERROR] LogOutputStream:75 - [STDERR_REDIRECT] 
2025-01-27 23:16:55,594 [ERROR] LogOutputStream:75 - [STDERR_REDIRECT] [Fatal Error] :1:1: Premature end of file.
2025-01-27 23:16:55,594 [ERROR] LogOutputStream:75 - [STDERR_REDIRECT] 
2025-01-27 23:16:56,582 [ERROR] LogOutputStream:75 - [STDERR_REDIRECT] [Fatal Error] :1:1: Premature end of file.
2025-01-27 23:16:56,582 [ERROR] LogOutputStream:75 - [STDERR_REDIRECT] 
2025-01-27 23:16:57,587 [ERROR] LogOutputStream:75 - [STDERR_REDIRECT] [Fatal Error] :1:1: Premature end of file.
2025-01-27 23:16:57,587 [ERROR] LogOutputStream:75 - [STDERR_REDIRECT] 
2025-01-27 23:16:58,578 [ERROR] LogOutputStream:75 - [STDERR_REDIRECT] [Fatal Error] :1:1: Premature end of file.
2025-01-27 23:16:58,578 [ERROR] LogOutputStream:75 - [STDERR_REDIRECT] 
2025-01-27 23:16:59,588 [ERROR] LogOutputStream:75 - [STDERR_REDIRECT] [Fatal Error] :1:1: Premature end of file.
2025-01-27 23:16:59,588 [ERROR] LogOutputStream:75 - [STDERR_REDIRECT] 
2025-01-27 23:17:00,594 [ERROR] LogOutputStream:75 - [STDERR_REDIRECT] [Fatal Error] :1:1: Premature end of file.
2025-01-27 23:17:00,594 [ERROR] LogOutputStream:75 - [STDERR_REDIRECT] 
2025-01-27 23:17:01,587 [ERROR] LogOutputStream:75 - [STDERR_REDIRECT] [Fatal Error] :1:1: Premature end of file.
2025-01-27 23:17:01,587 [ERROR] LogOutputStream:75 - [STDERR_REDIRECT] 
2025-01-27 23:17:02,604 [ERROR] LogOutputStream:75 - [STDERR_REDIRECT] [Fatal Error] :1:1: Premature end of file.
2025-01-27 23:17:02,604 [ERROR] LogOutputStream:75 - [STDERR_REDIRECT] 
2025-01-27 23:17:03,590 [ERROR] LogOutputStream:75 - [STDERR_REDIRECT] [Fatal Error] :1:1: Premature end of file.
2025-01-27 23:17:03,590 [ERROR] LogOutputStream:75 - [STDERR_REDIRECT] 
2025-01-27 23:17:04,589 [ERROR] LogOutputStream:75 - [STDERR_REDIRECT] [Fatal Error] :1:1: Premature end of file.
2025-01-27 23:17:04,589 [ERROR] LogOutputStream:75 - [STDERR_REDIRECT] 
2025-01-27 23:17:05,584 [ERROR] LogOutputStream:75 - [STDERR_REDIRECT] [Fatal Error] :1:1: Premature end of file.
2025-01-27 23:17:05,585 [ERROR] LogOutputStream:75 - [STDERR_REDIRECT] 
2025-01-27 23:17:06,583 [ERROR] LogOutputStream:75 - [STDERR_REDIRECT] [Fatal Error] :1:1: Premature end of file.
2025-01-27 23:17:06,583 [ERROR] LogOutputStream:75 - [STDERR_REDIRECT] 
2025-01-27 23:17:07,591 [ERROR] LogOutputStream:75 - [STDERR_REDIRECT] [Fatal Error] :1:1: Premature end of file.
2025-01-27 23:17:07,591 [ERROR] LogOutputStream:75 - [STDERR_REDIRECT] 
2025-01-27 23:17:08,585 [ERROR] LogOutputStream:75 - [STDERR_REDIRECT] [Fatal Error] :1:1: Premature end of file.
2025-01-27 23:17:08,585 [ERROR] LogOutputStream:75 - [STDERR_REDIRECT] 
2025-01-27 23:17:09,590 [ERROR] LogOutputStream:75 - [STDERR_REDIRECT] [Fatal Error] :1:1: Premature end of file.
2025-01-27 23:17:09,590 [ERROR] LogOutputStream:75 - [STDERR_REDIRECT] 
2025-01-27 23:17:10,577 [ERROR] LogOutputStream:75 - [STDERR_REDIRECT] [Fatal Error] :1:1: Premature end of file.
2025-01-27 23:17:10,577 [ERROR] LogOutputStream:75 - [STDERR_REDIRECT] 
2025-01-27 23:17:11,593 [ERROR] LogOutputStream:75 - [STDERR_REDIRECT] [Fatal Error] :1:1: Premature end of file.
2025-01-27 23:17:11,593 [ERROR] LogOutputStream:75 - [STDERR_REDIRECT] 
2025-01-27 23:17:12,592 [ERROR] LogOutputStream:75 - [STDERR_REDIRECT] [Fatal Error] :1:1: Premature end of file.
2025-01-27 23:17:12,594 [ERROR] LogOutputStream:75 - [STDERR_REDIRECT] 
2025-01-27 23:17:13,593 [ERROR] LogOutputStream:75 - [STDERR_REDIRECT] [Fatal Error] :1:1: Premature end of file.
2025-01-27 23:17:13,593 [ERROR] LogOutputStream:75 - [STDERR_REDIRECT] 
2025-01-27 23:17:14,591 [ERROR] LogOutputStream:75 - [STDERR_REDIRECT] [Fatal Error] :1:1: Premature end of file.
2025-01-27 23:17:14,591 [ERROR] LogOutputStream:75 - [STDERR_REDIRECT] 
2025-01-27 23:17:15,591 [ERROR] LogOutputStream:75 - [STDERR_REDIRECT] [Fatal Error] :1:1: Premature end of file.
2025-01-27 23:17:15,591 [ERROR] LogOutputStream:75 - [STDERR_REDIRECT] 
2025-01-27 23:17:16,607 [ERROR] LogOutputStream:75 - [STDERR_REDIRECT] [Fatal Error] :1:1: Premature end of file.
2025-01-27 23:17:16,607 [ERROR] LogOutputStream:75 - [STDERR_REDIRECT] 
2025-01-27 23:17:17,589 [ERROR] LogOutputStream:75 - [STDERR_REDIRECT] [Fatal Error] :1:1: Premature end of file.
2025-01-27 23:17:17,589 [ERROR] LogOutputStream:75 - [STDERR_REDIRECT] 
2025-01-27 23:17:18,593 [ERROR] LogOutputStream:75 - [STDERR_REDIRECT] [Fatal Error] :1:1: Premature end of file.
2025-01-27 23:17:18,593 [ERROR] LogOutputStream:75 - [STDERR_REDIRECT] 
2025-01-27 23:17:19,580 [ERROR] LogOutputStream:75 - [STDERR_REDIRECT] [Fatal Error] :1:1: Premature end of file.
2025-01-27 23:17:19,580 [ERROR] LogOutputStream:75 - [STDERR_REDIRECT] 
2025-01-27 23:17:20,598 [ERROR] LogOutputStream:75 - [STDERR_REDIRECT] [Fatal Error] :1:1: Premature end of file.
2025-01-27 23:17:20,598 [ERROR] LogOutputStream:75 - [STDERR_REDIRECT] 
2025-01-27 23:17:21,590 [ERROR] LogOutputStream:75 - [STDERR_REDIRECT] [Fatal Error] :1:1: Premature end of file.
2025-01-27 23:17:21,590 [ERROR] LogOutputStream:75 - [STDERR_REDIRECT] 
2025-01-27 23:17:22,581 [ERROR] LogOutputStream:75 - [STDERR_REDIRECT] [Fatal Error] :1:1: Premature end of file.
2025-01-27 23:17:22,581 [ERROR] LogOutputStream:75 - [STDERR_REDIRECT] 
2025-01-27 23:17:23,583 [ERROR] LogOutputStream:75 - [STDERR_REDIRECT] [Fatal Error] :1:1: Premature end of file.
2025-01-27 23:17:23,583 [ERROR] LogOutputStream:75 - [STDERR_REDIRECT] 
2025-01-27 23:17:24,590 [ERROR] LogOutputStream:75 - [STDERR_REDIRECT] [Fatal Error] :1:1: Premature end of file.
2025-01-27 23:17:24,590 [ERROR] LogOutputStream:75 - [STDERR_REDIRECT] 
2025-01-27 23:17:25,590 [ERROR] LogOutputStream:75 - [STDERR_REDIRECT] [Fatal Error] :1:1: Premature end of file.
2025-01-27 23:17:25,590 [ERROR] LogOutputStream:75 - [STDERR_REDIRECT] 
2025-01-27 23:17:26,587 [ERROR] LogOutputStream:75 - [STDERR_REDIRECT] [Fatal Error] :1:1: Premature end of file.
2025-01-27 23:17:26,589 [ERROR] LogOutputStream:75 - [STDERR_REDIRECT] 
2025-01-27 23:17:27,586 [ERROR] LogOutputStream:75 - [STDERR_REDIRECT] [Fatal Error] :1:1: Premature end of file.
2025-01-27 23:17:27,586 [ERROR] LogOutputStream:75 - [STDERR_REDIRECT] 
2025-01-27 23:17:28,588 [ERROR] LogOutputStream:75 - [STDERR_REDIRECT] [Fatal Error] :1:1: Premature end of file.
2025-01-27 23:17:28,588 [ERROR] LogOutputStream:75 - [STDERR_REDIRECT] 
2025-01-27 23:17:29,586 [ERROR] LogOutputStream:75 - [STDERR_REDIRECT] [Fatal Error] :1:1: Premature end of file.
2025-01-27 23:17:29,587 [ERROR] LogOutputStream:75 - [STDERR_REDIRECT] 
2025-01-27 23:17:30,590 [ERROR] LogOutputStream:75 - [STDERR_REDIRECT] [Fatal Error] :1:1: Premature end of file.
2025-01-27 23:17:30,590 [ERROR] LogOutputStream:75 - [STDERR_REDIRECT] 
2025-01-27 23:17:31,588 [ERROR] LogOutputStream:75 - [STDERR_REDIRECT] [Fatal Error] :1:1: Premature end of file.
2025-01-27 23:17:31,588 [ERROR] LogOutputStream:75 - [STDERR_REDIRECT] 
2025-01-27 23:17:32,588 [ERROR] LogOutputStream:75 - [STDERR_REDIRECT] [Fatal Error] :1:1: Premature end of file.
2025-01-27 23:17:32,590 [ERROR] LogOutputStream:75 - [STDERR_REDIRECT] 
2025-01-27 23:17:33,587 [ERROR] LogOutputStream:75 - [STDERR_REDIRECT] [Fatal Error] :1:1: Premature end of file.
2025-01-27 23:17:33,589 [ERROR] LogOutputStream:75 - [STDERR_REDIRECT] 
2025-01-27 23:17:34,582 [ERROR] LogOutputStream:75 - [STDERR_REDIRECT] [Fatal Error] :1:1: Premature end of file.
2025-01-27 23:17:34,582 [ERROR] LogOutputStream:75 - [STDERR_REDIRECT] 
2025-01-27 23:17:35,591 [ERROR] LogOutputStream:75 - [STDERR_REDIRECT] [Fatal Error] :1:1: Premature end of file.
2025-01-27 23:17:35,591 [ERROR] LogOutputStream:75 - [STDERR_REDIRECT] 
2025-01-27 23:17:36,595 [ERROR] LogOutputStream:75 - [STDERR_REDIRECT] [Fatal Error] :1:1: Premature end of file.
2025-01-27 23:17:36,595 [ERROR] LogOutputStream:75 - [STDERR_REDIRECT] 
2025-01-27 23:17:37,592 [ERROR] LogOutputStream:75 - [STDERR_REDIRECT] [Fatal Error] :1:1: Premature end of file.
2025-01-27 23:17:37,592 [ERROR] LogOutputStream:75 - [STDERR_REDIRECT] 
2025-01-27 23:17:38,590 [ERROR] LogOutputStream:75 - [STDERR_REDIRECT] [Fatal Error] :1:1: Premature end of file.
2025-01-27 23:17:38,590 [ERROR] LogOutputStream:75 - [STDERR_REDIRECT] 
2025-01-27 23:17:39,590 [ERROR] LogOutputStream:75 - [STDERR_REDIRECT] [Fatal Error] :1:1: Premature end of file.
2025-01-27 23:17:39,590 [ERROR] LogOutputStream:75 - [STDERR_REDIRECT] 
2025-01-27 23:17:40,592 [ERROR] LogOutputStream:75 - [STDERR_REDIRECT] [Fatal Error] :1:1: Premature end of file.
2025-01-27 23:17:40,592 [ERROR] LogOutputStream:75 - [STDERR_REDIRECT] 
2025-01-27 23:17:41,586 [ERROR] LogOutputStream:75 - [STDERR_REDIRECT] [Fatal Error] :1:1: Premature end of file.
2025-01-27 23:17:41,586 [ERROR] LogOutputStream:75 - [STDERR_REDIRECT] 
2025-01-27 23:17:42,590 [ERROR] LogOutputStream:75 - [STDERR_REDIRECT] [Fatal Error] :1:1: Premature end of file.
2025-01-27 23:17:42,590 [ERROR] LogOutputStream:75 - [STDERR_REDIRECT] 
2025-01-27 23:17:43,583 [ERROR] LogOutputStream:75 - [STDERR_REDIRECT] [Fatal Error] :1:1: Premature end of file.
2025-01-27 23:17:43,583 [ERROR] LogOutputStream:75 - [STDERR_REDIRECT] 
2025-01-27 23:17:44,589 [ERROR] LogOutputStream:75 - [STDERR_REDIRECT] [Fatal Error] :1:1: Premature end of file.
2025-01-27 23:17:44,589 [ERROR] LogOutputStream:75 - [STDERR_REDIRECT] 
2025-01-27 23:17:45,589 [ERROR] LogOutputStream:75 - [STDERR_REDIRECT] [Fatal Error] :1:1: Premature end of file.
2025-01-27 23:17:45,589 [ERROR] LogOutputStream:75 - [STDERR_REDIRECT] 
2025-01-27 23:17:46,582 [ERROR] LogOutputStream:75 - [STDERR_REDIRECT] [Fatal Error] :1:1: Premature end of file.
2025-01-27 23:17:46,584 [ERROR] LogOutputStream:75 - [STDERR_REDIRECT] 
2025-01-27 23:17:47,587 [ERROR] LogOutputStream:75 - [STDERR_REDIRECT] [Fatal Error] :1:1: Premature end of file.
2025-01-27 23:17:47,587 [ERROR] LogOutputStream:75 - [STDERR_REDIRECT] 
2025-01-27 23:17:48,587 [ERROR] LogOutputStream:75 - [STDERR_REDIRECT] [Fatal Error] :1:1: Premature end of file.
2025-01-27 23:17:48,587 [ERROR] LogOutputStream:75 - [STDERR_REDIRECT] 
2025-01-27 23:17:49,595 [ERROR] LogOutputStream:75 - [STDERR_REDIRECT] [Fatal Error] :1:1: Premature end of file.
2025-01-27 23:17:49,595 [ERROR] LogOutputStream:75 - [STDERR_REDIRECT] 
2025-01-27 23:17:50,593 [ERROR] LogOutputStream:75 - [STDERR_REDIRECT] [Fatal Error] :1:1: Premature end of file.
2025-01-27 23:17:50,595 [ERROR] LogOutputStream:75 - [STDERR_REDIRECT] 
2025-01-27 23:17:51,578 [ERROR] LogOutputStream:75 - [STDERR_REDIRECT] [Fatal Error] :1:1: Premature end of file.
2025-01-27 23:17:51,578 [ERROR] LogOutputStream:75 - [STDERR_REDIRECT] 
2025-01-27 23:17:52,591 [ERROR] LogOutputStream:75 - [STDERR_REDIRECT] [Fatal Error] :1:1: Premature end of file.
2025-01-27 23:17:52,591 [ERROR] LogOutputStream:75 - [STDERR_REDIRECT] 
2025-01-27 23:17:53,590 [ERROR] LogOutputStream:75 - [STDERR_REDIRECT] [Fatal Error] :1:1: Premature end of file.
2025-01-27 23:17:53,590 [ERROR] LogOutputStream:75 - [STDERR_REDIRECT] 
2025-01-27 23:17:54,594 [ERROR] LogOutputStream:75 - [STDERR_REDIRECT] [Fatal Error] :1:1: Premature end of file.
2025-01-27 23:17:54,594 [ERROR] LogOutputStream:75 - [STDERR_REDIRECT] 
2025-01-27 23:17:55,592 [ERROR] LogOutputStream:75 - [STDERR_REDIRECT] [Fatal Error] :1:1: Premature end of file.
2025-01-27 23:17:55,592 [ERROR] LogOutputStream:75 - [STDERR_REDIRECT] 
2025-01-27 23:17:56,597 [ERROR] LogOutputStream:75 - [STDERR_REDIRECT] [Fatal Error] :1:1: Premature end of file.
2025-01-27 23:17:56,597 [ERROR] LogOutputStream:75 - [STDERR_REDIRECT] 
2025-01-27 23:17:57,583 [ERROR] LogOutputStream:75 - [STDERR_REDIRECT] [Fatal Error] :1:1: Premature end of file.
2025-01-27 23:17:57,585 [ERROR] LogOutputStream:75 - [STDERR_REDIRECT] 
2025-01-27 23:17:58,582 [ERROR] LogOutputStream:75 - [STDERR_REDIRECT] [Fatal Error] :1:1: Premature end of file.
2025-01-27 23:17:58,582 [ERROR] LogOutputStream:75 - [STDERR_REDIRECT] 
2025-01-27 23:17:59,594 [ERROR] LogOutputStream:75 - [STDERR_REDIRECT] [Fatal Error] :1:1: Premature end of file.
2025-01-27 23:17:59,594 [ERROR] LogOutputStream:75 - [STDERR_REDIRECT] 
2025-01-27 23:18:00,596 [ERROR] LogOutputStream:75 - [STDERR_REDIRECT] [Fatal Error] :1:1: Premature end of file.
2025-01-27 23:18:00,596 [ERROR] LogOutputStream:75 - [STDERR_REDIRECT] 
2025-01-27 23:18:01,582 [ERROR] LogOutputStream:75 - [STDERR_REDIRECT] [Fatal Error] :1:1: Premature end of file.
2025-01-27 23:18:01,582 [ERROR] LogOutputStream:75 - [STDERR_REDIRECT] 
2025-01-27 23:18:02,586 [ERROR] LogOutputStream:75 - [STDERR_REDIRECT] [Fatal Error] :1:1: Premature end of file.
2025-01-27 23:18:02,586 [ERROR] LogOutputStream:75 - [STDERR_REDIRECT] 
2025-01-27 23:18:03,583 [ERROR] LogOutputStream:75 - [STDERR_REDIRECT] [Fatal Error] :1:1: Premature end of file.
2025-01-27 23:18:03,583 [ERROR] LogOutputStream:75 - [STDERR_REDIRECT] 
2025-01-27 23:18:04,590 [ERROR] LogOutputStream:75 - [STDERR_REDIRECT] [Fatal Error] :1:1: Premature end of file.
2025-01-27 23:18:04,590 [ERROR] LogOutputStream:75 - [STDERR_REDIRECT] 
2025-01-27 23:18:05,597 [ERROR] LogOutputStream:75 - [STDERR_REDIRECT] [Fatal Error] :1:1: Premature end of file.
2025-01-27 23:18:05,598 [ERROR] LogOutputStream:75 - [STDERR_REDIRECT] 
2025-01-27 23:18:06,585 [ERROR] LogOutputStream:75 - [STDERR_REDIRECT] [Fatal Error] :1:1: Premature end of file.
2025-01-27 23:18:06,585 [ERROR] LogOutputStream:75 - [STDERR_REDIRECT] 
2025-01-27 23:18:07,585 [ERROR] LogOutputStream:75 - [STDERR_REDIRECT] [Fatal Error] :1:1: Premature end of file.
2025-01-27 23:18:07,585 [ERROR] LogOutputStream:75 - [STDERR_REDIRECT] 
2025-01-27 23:18:08,592 [ERROR] LogOutputStream:75 - [STDERR_REDIRECT] [Fatal Error] :1:1: Premature end of file.
2025-01-27 23:18:08,592 [ERROR] LogOutputStream:75 - [STDERR_REDIRECT] 
2025-01-27 23:18:09,599 [ERROR] LogOutputStream:75 - [STDERR_REDIRECT] [Fatal Error] :1:1: Premature end of file.
2025-01-27 23:18:09,599 [ERROR] LogOutputStream:75 - [STDERR_REDIRECT] 
2025-01-27 23:18:10,583 [ERROR] LogOutputStream:75 - [STDERR_REDIRECT] [Fatal Error] :1:1: Premature end of file.
2025-01-27 23:18:10,583 [ERROR] LogOutputStream:75 - [STDERR_REDIRECT] 
2025-01-27 23:18:11,587 [ERROR] LogOutputStream:75 - [STDERR_REDIRECT] [Fatal Error] :1:1: Premature end of file.
2025-01-27 23:18:11,587 [ERROR] LogOutputStream:75 - [STDERR_REDIRECT] 
2025-01-27 23:18:12,591 [ERROR] LogOutputStream:75 - [STDERR_REDIRECT] [Fatal Error] :1:1: Premature end of file.
2025-01-27 23:18:12,591 [ERROR] LogOutputStream:75 - [STDERR_REDIRECT] 
2025-01-27 23:18:13,587 [ERROR] LogOutputStream:75 - [STDERR_REDIRECT] [Fatal Error] :1:1: Premature end of file.
2025-01-27 23:18:13,587 [ERROR] LogOutputStream:75 - [STDERR_REDIRECT] 
2025-01-27 23:18:14,596 [ERROR] LogOutputStream:75 - [STDERR_REDIRECT] [Fatal Error] :1:1: Premature end of file.
2025-01-27 23:18:14,596 [ERROR] LogOutputStream:75 - [STDERR_REDIRECT] 
2025-01-27 23:18:15,585 [ERROR] LogOutputStream:75 - [STDERR_REDIRECT] [Fatal Error] :1:1: Premature end of file.
2025-01-27 23:18:15,585 [ERROR] LogOutputStream:75 - [STDERR_REDIRECT] 
2025-01-27 23:18:16,591 [ERROR] LogOutputStream:75 - [STDERR_REDIRECT] [Fatal Error] :1:1: Premature end of file.
2025-01-27 23:18:16,591 [ERROR] LogOutputStream:75 - [STDERR_REDIRECT] 
2025-01-27 23:18:17,595 [ERROR] LogOutputStream:75 - [STDERR_REDIRECT] [Fatal Error] :1:1: Premature end of file.
2025-01-27 23:18:17,595 [ERROR] LogOutputStream:75 - [STDERR_REDIRECT] 
2025-01-27 23:18:18,588 [ERROR] LogOutputStream:75 - [STDERR_REDIRECT] [Fatal Error] :1:1: Premature end of file.
2025-01-27 23:18:18,588 [ERROR] LogOutputStream:75 - [STDERR_REDIRECT] 
2025-01-27 23:18:19,587 [ERROR] LogOutputStream:75 - [STDERR_REDIRECT] [Fatal Error] :1:1: Premature end of file.
2025-01-27 23:18:19,587 [ERROR] LogOutputStream:75 - [STDERR_REDIRECT] 
2025-01-27 23:18:20,591 [ERROR] LogOutputStream:75 - [STDERR_REDIRECT] [Fatal Error] :1:1: Premature end of file.
2025-01-27 23:18:20,591 [ERROR] LogOutputStream:75 - [STDERR_REDIRECT] 
2025-01-27 23:18:21,587 [ERROR] LogOutputStream:75 - [STDERR_REDIRECT] [Fatal Error] :1:1: Premature end of file.
2025-01-27 23:18:21,587 [ERROR] LogOutputStream:75 - [STDERR_REDIRECT] 
2025-01-27 23:18:22,586 [ERROR] LogOutputStream:75 - [STDERR_REDIRECT] [Fatal Error] :1:1: Premature end of file.
2025-01-27 23:18:22,586 [ERROR] LogOutputStream:75 - [STDERR_REDIRECT] 
2025-01-27 23:18:23,580 [ERROR] LogOutputStream:75 - [STDERR_REDIRECT] [Fatal Error] :1:1: Premature end of file.
2025-01-27 23:18:23,582 [ERROR] LogOutputStream:75 - [STDERR_REDIRECT] 
2025-01-27 23:18:24,590 [ERROR] LogOutputStream:75 - [STDERR_REDIRECT] [Fatal Error] :1:1: Premature end of file.
2025-01-27 23:18:24,590 [ERROR] LogOutputStream:75 - [STDERR_REDIRECT] 
2025-01-27 23:18:25,589 [ERROR] LogOutputStream:75 - [STDERR_REDIRECT] [Fatal Error] :1:1: Premature end of file.
2025-01-27 23:18:25,589 [ERROR] LogOutputStream:75 - [STDERR_REDIRECT] 
2025-01-27 23:18:26,584 [ERROR] LogOutputStream:75 - [STDERR_REDIRECT] [Fatal Error] :1:1: Premature end of file.
2025-01-27 23:18:26,585 [ERROR] LogOutputStream:75 - [STDERR_REDIRECT] 
2025-01-27 23:18:27,587 [ERROR] LogOutputStream:75 - [STDERR_REDIRECT] [Fatal Error] :1:1: Premature end of file.
2025-01-27 23:18:27,587 [ERROR] LogOutputStream:75 - [STDERR_REDIRECT] 
2025-01-27 23:18:28,582 [ERROR] LogOutputStream:75 - [STDERR_REDIRECT] [Fatal Error] :1:1: Premature end of file.
2025-01-27 23:18:28,582 [ERROR] LogOutputStream:75 - [STDERR_REDIRECT] 
2025-01-27 23:18:29,593 [ERROR] LogOutputStream:75 - [STDERR_REDIRECT] [Fatal Error] :1:1: Premature end of file.
2025-01-27 23:18:29,593 [ERROR] LogOutputStream:75 - [STDERR_REDIRECT] 
2025-01-27 23:18:30,580 [ERROR] LogOutputStream:75 - [STDERR_REDIRECT] [Fatal Error] :1:1: Premature end of file.
2025-01-27 23:18:30,580 [ERROR] LogOutputStream:75 - [STDERR_REDIRECT] 
2025-01-27 23:18:31,586 [ERROR] LogOutputStream:75 - [STDERR_REDIRECT] [Fatal Error] :1:1: Premature end of file.
2025-01-27 23:18:31,586 [ERROR] LogOutputStream:75 - [STDERR_REDIRECT] 
2025-01-27 23:18:32,592 [ERROR] LogOutputStream:75 - [STDERR_REDIRECT] [Fatal Error] :1:1: Premature end of file.
2025-01-27 23:18:32,592 [ERROR] LogOutputStream:75 - [STDERR_REDIRECT] 
2025-01-27 23:18:33,585 [ERROR] LogOutputStream:75 - [STDERR_REDIRECT] [Fatal Error] :1:1: Premature end of file.
2025-01-27 23:18:33,585 [ERROR] LogOutputStream:75 - [STDERR_REDIRECT] 
2025-01-27 23:18:34,580 [ERROR] LogOutputStream:75 - [STDERR_REDIRECT] [Fatal Error] :1:1: Premature end of file.
2025-01-27 23:18:34,580 [ERROR] LogOutputStream:75 - [STDERR_REDIRECT] 
2025-01-27 23:18:35,582 [ERROR] LogOutputStream:75 - [STDERR_REDIRECT] [Fatal Error] :1:1: Premature end of file.
2025-01-27 23:18:35,582 [ERROR] LogOutputStream:75 - [STDERR_REDIRECT] 
2025-01-27 23:18:36,591 [ERROR] LogOutputStream:75 - [STDERR_REDIRECT] [Fatal Error] :1:1: Premature end of file.
2025-01-27 23:18:36,591 [ERROR] LogOutputStream:75 - [STDERR_REDIRECT] 
2025-01-27 23:18:37,601 [ERROR] LogOutputStream:75 - [STDERR_REDIRECT] [Fatal Error] :1:1: Premature end of file.
2025-01-27 23:18:37,601 [ERROR] LogOutputStream:75 - [STDERR_REDIRECT] 
2025-01-27 23:18:38,588 [ERROR] LogOutputStream:75 - [STDERR_REDIRECT] [Fatal Error] :1:1: Premature end of file.
2025-01-27 23:18:38,588 [ERROR] LogOutputStream:75 - [STDERR_REDIRECT] 
2025-01-27 23:18:39,589 [ERROR] LogOutputStream:75 - [STDERR_REDIRECT] [Fatal Error] :1:1: Premature end of file.
2025-01-27 23:18:39,589 [ERROR] LogOutputStream:75 - [STDERR_REDIRECT] 
2025-01-27 23:18:40,589 [ERROR] LogOutputStream:75 - [STDERR_REDIRECT] [Fatal Error] :1:1: Premature end of file.
2025-01-27 23:18:40,590 [ERROR] LogOutputStream:75 - [STDERR_REDIRECT] 
2025-01-27 23:18:41,591 [ERROR] LogOutputStream:75 - [STDERR_REDIRECT] [Fatal Error] :1:1: Premature end of file.
2025-01-27 23:18:41,591 [ERROR] LogOutputStream:75 - [STDERR_REDIRECT] 
2025-01-27 23:18:42,582 [ERROR] LogOutputStream:75 - [STDERR_REDIRECT] [Fatal Error] :1:1: Premature end of file.
2025-01-27 23:18:42,582 [ERROR] LogOutputStream:75 - [STDERR_REDIRECT] 
2025-01-27 23:18:43,605 [ERROR] LogOutputStream:75 - [STDERR_REDIRECT] [Fatal Error] :1:1: Premature end of file.
2025-01-27 23:18:43,605 [ERROR] LogOutputStream:75 - [STDERR_REDIRECT] 
2025-01-27 23:18:44,587 [ERROR] LogOutputStream:75 - [STDERR_REDIRECT] [Fatal Error] :1:1: Premature end of file.
2025-01-27 23:18:44,587 [ERROR] LogOutputStream:75 - [STDERR_REDIRECT] 
2025-01-27 23:18:45,594 [ERROR] LogOutputStream:75 - [STDERR_REDIRECT] [Fatal Error] :1:1: Premature end of file.
2025-01-27 23:18:45,594 [ERROR] LogOutputStream:75 - [STDERR_REDIRECT] 
2025-01-27 23:18:46,575 [ERROR] LogOutputStream:75 - [STDERR_REDIRECT] [Fatal Error] :1:1: Premature end of file.
2025-01-27 23:18:46,575 [ERROR] LogOutputStream:75 - [STDERR_REDIRECT] 
2025-01-27 23:18:47,590 [ERROR] LogOutputStream:75 - [STDERR_REDIRECT] [Fatal Error] :1:1: Premature end of file.
2025-01-27 23:18:47,590 [ERROR] LogOutputStream:75 - [STDERR_REDIRECT] 
2025-01-27 23:18:48,583 [ERROR] LogOutputStream:75 - [STDERR_REDIRECT] [Fatal Error] :1:1: Premature end of file.
2025-01-27 23:18:48,583 [ERROR] LogOutputStream:75 - [STDERR_REDIRECT] 
2025-01-27 23:18:49,607 [ERROR] LogOutputStream:75 - [STDERR_REDIRECT] [Fatal Error] :1:1: Premature end of file.
2025-01-27 23:18:49,607 [ERROR] LogOutputStream:75 - [STDERR_REDIRECT] 
2025-01-27 23:18:50,585 [ERROR] LogOutputStream:75 - [STDERR_REDIRECT] [Fatal Error] :1:1: Premature end of file.
2025-01-27 23:18:50,585 [ERROR] LogOutputStream:75 - [STDERR_REDIRECT] 
2025-01-27 23:18:51,584 [ERROR] LogOutputStream:75 - [STDERR_REDIRECT] [Fatal Error] :1:1: Premature end of file.
2025-01-27 23:18:51,586 [ERROR] LogOutputStream:75 - [STDERR_REDIRECT] 
2025-01-27 23:18:52,590 [ERROR] LogOutputStream:75 - [STDERR_REDIRECT] [Fatal Error] :1:1: Premature end of file.
2025-01-27 23:18:52,590 [ERROR] LogOutputStream:75 - [STDERR_REDIRECT] 
2025-01-27 23:18:53,586 [ERROR] LogOutputStream:75 - [STDERR_REDIRECT] [Fatal Error] :1:1: Premature end of file.
2025-01-27 23:18:53,586 [ERROR] LogOutputStream:75 - [STDERR_REDIRECT] 
2025-01-27 23:18:54,582 [ERROR] LogOutputStream:75 - [STDERR_REDIRECT] [Fatal Error] :1:1: Premature end of file.
2025-01-27 23:18:54,582 [ERROR] LogOutputStream:75 - [STDERR_REDIRECT] 
2025-01-27 23:18:55,581 [ERROR] LogOutputStream:75 - [STDERR_REDIRECT] [Fatal Error] :1:1: Premature end of file.
2025-01-27 23:18:55,581 [ERROR] LogOutputStream:75 - [STDERR_REDIRECT] 
2025-01-27 23:18:56,592 [ERROR] LogOutputStream:75 - [STDERR_REDIRECT] [Fatal Error] :1:1: Premature end of file.
2025-01-27 23:18:56,592 [ERROR] LogOutputStream:75 - [STDERR_REDIRECT] 
2025-01-27 23:18:57,580 [ERROR] LogOutputStream:75 - [STDERR_REDIRECT] [Fatal Error] :1:1: Premature end of file.
2025-01-27 23:18:57,580 [ERROR] LogOutputStream:75 - [STDERR_REDIRECT] 
2025-01-27 23:18:58,581 [ERROR] LogOutputStream:75 - [STDERR_REDIRECT] [Fatal Error] :1:1: Premature end of file.
2025-01-27 23:18:58,581 [ERROR] LogOutputStream:75 - [STDERR_REDIRECT] 
2025-01-27 23:18:59,600 [ERROR] LogOutputStream:75 - [STDERR_REDIRECT] [Fatal Error] :1:1: Premature end of file.
2025-01-27 23:18:59,600 [ERROR] LogOutputStream:75 - [STDERR_REDIRECT] 
2025-01-27 23:19:00,584 [ERROR] LogOutputStream:75 - [STDERR_REDIRECT] [Fatal Error] :1:1: Premature end of file.
2025-01-27 23:19:00,584 [ERROR] LogOutputStream:75 - [STDERR_REDIRECT] 
2025-01-27 23:19:01,583 [ERROR] LogOutputStream:75 - [STDERR_REDIRECT] [Fatal Error] :1:1: Premature end of file.
2025-01-27 23:19:01,583 [ERROR] LogOutputStream:75 - [STDERR_REDIRECT] 
2025-01-27 23:19:02,589 [ERROR] LogOutputStream:75 - [STDERR_REDIRECT] [Fatal Error] :1:1: Premature end of file.
2025-01-27 23:19:02,589 [ERROR] LogOutputStream:75 - [STDERR_REDIRECT] 
2025-01-27 23:19:03,579 [ERROR] LogOutputStream:75 - [STDERR_REDIRECT] [Fatal Error] :1:1: Premature end of file.
2025-01-27 23:19:03,580 [ERROR] LogOutputStream:75 - [STDERR_REDIRECT] 
2025-01-27 23:19:04,582 [ERROR] LogOutputStream:75 - [STDERR_REDIRECT] [Fatal Error] :1:1: Premature end of file.
2025-01-27 23:19:04,582 [ERROR] LogOutputStream:75 - [STDERR_REDIRECT] 
2025-01-27 23:19:05,581 [ERROR] LogOutputStream:75 - [STDERR_REDIRECT] [Fatal Error] :1:1: Premature end of file.
2025-01-27 23:19:05,581 [ERROR] LogOutputStream:75 - [STDERR_REDIRECT] 
2025-01-27 23:19:06,587 [ERROR] LogOutputStream:75 - [STDERR_REDIRECT] [Fatal Error] :1:1: Premature end of file.
2025-01-27 23:19:06,588 [ERROR] LogOutputStream:75 - [STDERR_REDIRECT] 
2025-01-27 23:19:07,593 [ERROR] LogOutputStream:75 - [STDERR_REDIRECT] [Fatal Error] :1:1: Premature end of file.
2025-01-27 23:19:07,593 [ERROR] LogOutputStream:75 - [STDERR_REDIRECT] 
2025-01-27 23:19:08,580 [ERROR] LogOutputStream:75 - [STDERR_REDIRECT] [Fatal Error] :1:1: Premature end of file.
2025-01-27 23:19:08,580 [ERROR] LogOutputStream:75 - [STDERR_REDIRECT] 
2025-01-27 23:19:09,587 [ERROR] LogOutputStream:75 - [STDERR_REDIRECT] [Fatal Error] :1:1: Premature end of file.
2025-01-27 23:19:09,588 [ERROR] LogOutputStream:75 - [STDERR_REDIRECT] 
2025-01-27 23:19:10,580 [ERROR] LogOutputStream:75 - [STDERR_REDIRECT] [Fatal Error] :1:1: Premature end of file.
2025-01-27 23:19:10,580 [ERROR] LogOutputStream:75 - [STDERR_REDIRECT] 
2025-01-27 23:19:11,585 [ERROR] LogOutputStream:75 - [STDERR_REDIRECT] [Fatal Error] :1:1: Premature end of file.
2025-01-27 23:19:11,585 [ERROR] LogOutputStream:75 - [STDERR_REDIRECT] 
2025-01-27 23:19:12,586 [ERROR] LogOutputStream:75 - [STDERR_REDIRECT] [Fatal Error] :1:1: Premature end of file.
2025-01-27 23:19:12,586 [ERROR] LogOutputStream:75 - [STDERR_REDIRECT] 
2025-01-27 23:19:13,584 [ERROR] LogOutputStream:75 - [STDERR_REDIRECT] [Fatal Error] :1:1: Premature end of file.
2025-01-27 23:19:13,584 [ERROR] LogOutputStream:75 - [STDERR_REDIRECT] 
2025-01-27 23:19:14,588 [ERROR] LogOutputStream:75 - [STDERR_REDIRECT] [Fatal Error] :1:1: Premature end of file.
2025-01-27 23:19:14,588 [ERROR] LogOutputStream:75 - [STDERR_REDIRECT] 
2025-01-27 23:19:15,584 [ERROR] LogOutputStream:75 - [STDERR_REDIRECT] [Fatal Error] :1:1: Premature end of file.
2025-01-27 23:19:15,584 [ERROR] LogOutputStream:75 - [STDERR_REDIRECT] 
2025-01-27 23:19:16,597 [ERROR] LogOutputStream:75 - [STDERR_REDIRECT] [Fatal Error] :1:1: Premature end of file.
2025-01-27 23:19:16,597 [ERROR] LogOutputStream:75 - [STDERR_REDIRECT] 
2025-01-27 23:19:17,592 [ERROR] LogOutputStream:75 - [STDERR_REDIRECT] [Fatal Error] :1:1: Premature end of file.
2025-01-27 23:19:17,592 [ERROR] LogOutputStream:75 - [STDERR_REDIRECT] 
2025-01-27 23:19:18,587 [ERROR] LogOutputStream:75 - [STDERR_REDIRECT] [Fatal Error] :1:1: Premature end of file.
2025-01-27 23:19:18,587 [ERROR] LogOutputStream:75 - [STDERR_REDIRECT] 
2025-01-27 23:19:19,595 [ERROR] LogOutputStream:75 - [STDERR_REDIRECT] [Fatal Error] :1:1: Premature end of file.
2025-01-27 23:19:19,595 [ERROR] LogOutputStream:75 - [STDERR_REDIRECT] 
2025-01-27 23:19:20,595 [ERROR] LogOutputStream:75 - [STDERR_REDIRECT] [Fatal Error] :1:1: Premature end of file.
2025-01-27 23:19:20,595 [ERROR] LogOutputStream:75 - [STDERR_REDIRECT] 
2025-01-27 23:19:21,587 [ERROR] LogOutputStream:75 - [STDERR_REDIRECT] [Fatal Error] :1:1: Premature end of file.
2025-01-27 23:19:21,587 [ERROR] LogOutputStream:75 - [STDERR_REDIRECT] 
2025-01-27 23:19:22,579 [ERROR] LogOutputStream:75 - [STDERR_REDIRECT] [Fatal Error] :1:1: Premature end of file.
2025-01-27 23:19:22,579 [ERROR] LogOutputStream:75 - [STDERR_REDIRECT] 
2025-01-27 23:19:23,587 [ERROR] LogOutputStream:75 - [STDERR_REDIRECT] [Fatal Error] :1:1: Premature end of file.
2025-01-27 23:19:23,588 [ERROR] LogOutputStream:75 - [STDERR_REDIRECT] 
2025-01-27 23:19:24,592 [ERROR] LogOutputStream:75 - [STDERR_REDIRECT] [Fatal Error] :1:1: Premature end of file.
2025-01-27 23:19:24,592 [ERROR] LogOutputStream:75 - [STDERR_REDIRECT] 
2025-01-27 23:19:25,583 [ERROR] LogOutputStream:75 - [STDERR_REDIRECT] [Fatal Error] :1:1: Premature end of file.
2025-01-27 23:19:25,583 [ERROR] LogOutputStream:75 - [STDERR_REDIRECT] 
2025-01-27 23:19:26,577 [ERROR] LogOutputStream:75 - [STDERR_REDIRECT] [Fatal Error] :1:1: Premature end of file.
2025-01-27 23:19:26,578 [ERROR] LogOutputStream:75 - [STDERR_REDIRECT] 
2025-01-27 23:19:27,587 [ERROR] LogOutputStream:75 - [STDERR_REDIRECT] [Fatal Error] :1:1: Premature end of file.
2025-01-27 23:19:27,587 [ERROR] LogOutputStream:75 - [STDERR_REDIRECT] 
2025-01-27 23:19:28,595 [ERROR] LogOutputStream:75 - [STDERR_REDIRECT] [Fatal Error] :1:1: Premature end of file.
2025-01-27 23:19:28,595 [ERROR] LogOutputStream:75 - [STDERR_REDIRECT] 
2025-01-27 23:19:29,582 [ERROR] LogOutputStream:75 - [STDERR_REDIRECT] [Fatal Error] :1:1: Premature end of file.
2025-01-27 23:19:29,582 [ERROR] LogOutputStream:75 - [STDERR_REDIRECT] 
2025-01-27 23:19:30,585 [ERROR] LogOutputStream:75 - [STDERR_REDIRECT] [Fatal Error] :1:1: Premature end of file.
2025-01-27 23:19:30,585 [ERROR] LogOutputStream:75 - [STDERR_REDIRECT] 
2025-01-27 23:19:31,585 [ERROR] LogOutputStream:75 - [STDERR_REDIRECT] [Fatal Error] :1:1: Premature end of file.
2025-01-27 23:19:31,585 [ERROR] LogOutputStream:75 - [STDERR_REDIRECT] 
2025-01-27 23:19:32,585 [ERROR] LogOutputStream:75 - [STDERR_REDIRECT] [Fatal Error] :1:1: Premature end of file.
2025-01-27 23:19:32,585 [ERROR] LogOutputStream:75 - [STDERR_REDIRECT] 
2025-01-27 23:19:33,587 [ERROR] LogOutputStream:75 - [STDERR_REDIRECT] [Fatal Error] :1:1: Premature end of file.
2025-01-27 23:19:33,588 [ERROR] LogOutputStream:75 - [STDERR_REDIRECT] 
2025-01-27 23:19:34,581 [ERROR] LogOutputStream:75 - [STDERR_REDIRECT] [Fatal Error] :1:1: Premature end of file.
2025-01-27 23:19:34,581 [ERROR] LogOutputStream:75 - [STDERR_REDIRECT] 
2025-01-27 23:19:35,587 [ERROR] LogOutputStream:75 - [STDERR_REDIRECT] [Fatal Error] :1:1: Premature end of file.
2025-01-27 23:19:35,587 [ERROR] LogOutputStream:75 - [STDERR_REDIRECT] 
2025-01-27 23:19:36,595 [ERROR] LogOutputStream:75 - [STDERR_REDIRECT] [Fatal Error] :1:1: Premature end of file.
2025-01-27 23:19:36,595 [ERROR] LogOutputStream:75 - [STDERR_REDIRECT] 
2025-01-27 23:19:37,576 [ERROR] LogOutputStream:75 - [STDERR_REDIRECT] [Fatal Error] :1:1: Premature end of file.
2025-01-27 23:19:37,577 [ERROR] LogOutputStream:75 - [STDERR_REDIRECT] 
2025-01-27 23:19:38,583 [ERROR] LogOutputStream:75 - [STDERR_REDIRECT] [Fatal Error] :1:1: Premature end of file.
2025-01-27 23:19:38,583 [ERROR] LogOutputStream:75 - [STDERR_REDIRECT] 
2025-01-27 23:19:39,600 [ERROR] LogOutputStream:75 - [STDERR_REDIRECT] [Fatal Error] :1:1: Premature end of file.
2025-01-27 23:19:39,600 [ERROR] LogOutputStream:75 - [STDERR_REDIRECT] 
2025-01-27 23:19:40,590 [ERROR] LogOutputStream:75 - [STDERR_REDIRECT] [Fatal Error] :1:1: Premature end of file.
2025-01-27 23:19:40,590 [ERROR] LogOutputStream:75 - [STDERR_REDIRECT] 
2025-01-27 23:19:41,590 [ERROR] LogOutputStream:75 - [STDERR_REDIRECT] [Fatal Error] :1:1: Premature end of file.
2025-01-27 23:19:41,590 [ERROR] LogOutputStream:75 - [STDERR_REDIRECT] 
2025-01-27 23:19:42,584 [ERROR] LogOutputStream:75 - [STDERR_REDIRECT] [Fatal Error] :1:1: Premature end of file.
2025-01-27 23:19:42,584 [ERROR] LogOutputStream:75 - [STDERR_REDIRECT] 
2025-01-27 23:19:43,595 [ERROR] LogOutputStream:75 - [STDERR_REDIRECT] [Fatal Error] :1:1: Premature end of file.
2025-01-27 23:19:43,595 [ERROR] LogOutputStream:75 - [STDERR_REDIRECT] 
2025-01-27 23:19:44,588 [ERROR] LogOutputStream:75 - [STDERR_REDIRECT] [Fatal Error] :1:1: Premature end of file.
2025-01-27 23:19:44,588 [ERROR] LogOutputStream:75 - [STDERR_REDIRECT] 
2025-01-27 23:19:45,583 [ERROR] LogOutputStream:75 - [STDERR_REDIRECT] [Fatal Error] :1:1: Premature end of file.
2025-01-27 23:19:45,583 [ERROR] LogOutputStream:75 - [STDERR_REDIRECT] 
2025-01-27 23:19:46,584 [ERROR] LogOutputStream:75 - [STDERR_REDIRECT] [Fatal Error] :1:1: Premature end of file.
2025-01-27 23:19:46,584 [ERROR] LogOutputStream:75 - [STDERR_REDIRECT] 
2025-01-27 23:19:47,587 [ERROR] LogOutputStream:75 - [STDERR_REDIRECT] [Fatal Error] :1:1: Premature end of file.
2025-01-27 23:19:47,589 [ERROR] LogOutputStream:75 - [STDERR_REDIRECT] 
2025-01-27 23:19:48,590 [ERROR] LogOutputStream:75 - [STDERR_REDIRECT] [Fatal Error] :1:1: Premature end of file.
2025-01-27 23:19:48,590 [ERROR] LogOutputStream:75 - [STDERR_REDIRECT] 
2025-01-27 23:19:49,615 [ERROR] LogOutputStream:75 - [STDERR_REDIRECT] [Fatal Error] :1:1: Premature end of file.
2025-01-27 23:19:49,615 [ERROR] LogOutputStream:75 - [STDERR_REDIRECT] 
2025-01-27 23:19:50,590 [ERROR] LogOutputStream:75 - [STDERR_REDIRECT] [Fatal Error] :1:1: Premature end of file.
2025-01-27 23:19:50,590 [ERROR] LogOutputStream:75 - [STDERR_REDIRECT] 
2025-01-27 23:19:51,587 [ERROR] LogOutputStream:75 - [STDERR_REDIRECT] [Fatal Error] :1:1: Premature end of file.
2025-01-27 23:19:51,587 [ERROR] LogOutputStream:75 - [STDERR_REDIRECT] 
2025-01-27 23:19:52,588 [ERROR] LogOutputStream:75 - [STDERR_REDIRECT] [Fatal Error] :1:1: Premature end of file.
2025-01-27 23:19:52,588 [ERROR] LogOutputStream:75 - [STDERR_REDIRECT] 
2025-01-27 23:19:53,605 [ERROR] LogOutputStream:75 - [STDERR_REDIRECT] [Fatal Error] :1:1: Premature end of file.
2025-01-27 23:19:53,605 [ERROR] LogOutputStream:75 - [STDERR_REDIRECT] 
2025-01-27 23:19:54,589 [ERROR] LogOutputStream:75 - [STDERR_REDIRECT] [Fatal Error] :1:1: Premature end of file.
2025-01-27 23:19:54,590 [ERROR] LogOutputStream:75 - [STDERR_REDIRECT] 
2025-01-27 23:19:55,585 [ERROR] LogOutputStream:75 - [STDERR_REDIRECT] [Fatal Error] :1:1: Premature end of file.
2025-01-27 23:19:55,586 [ERROR] LogOutputStream:75 - [STDERR_REDIRECT] 
2025-01-27 23:19:56,596 [ERROR] LogOutputStream:75 - [STDERR_REDIRECT] [Fatal Error] :1:1: Premature end of file.
2025-01-27 23:19:56,596 [ERROR] LogOutputStream:75 - [STDERR_REDIRECT] 
2025-01-27 23:19:57,591 [ERROR] LogOutputStream:75 - [STDERR_REDIRECT] [Fatal Error] :1:1: Premature end of file.
2025-01-27 23:19:57,591 [ERROR] LogOutputStream:75 - [STDERR_REDIRECT] 
2025-01-27 23:19:58,581 [ERROR] LogOutputStream:75 - [STDERR_REDIRECT] [Fatal Error] :1:1: Premature end of file.
2025-01-27 23:19:58,581 [ERROR] LogOutputStream:75 - [STDERR_REDIRECT] 
2025-01-27 23:19:59,591 [ERROR] LogOutputStream:75 - [STDERR_REDIRECT] [Fatal Error] :1:1: Premature end of file.
2025-01-27 23:19:59,591 [ERROR] LogOutputStream:75 - [STDERR_REDIRECT] 
2025-01-27 23:20:00,585 [ERROR] LogOutputStream:75 - [STDERR_REDIRECT] [Fatal Error] :1:1: Premature end of file.
2025-01-27 23:20:00,585 [ERROR] LogOutputStream:75 - [STDERR_REDIRECT] 
2025-01-27 23:20:01,589 [ERROR] LogOutputStream:75 - [STDERR_REDIRECT] [Fatal Error] :1:1: Premature end of file.
2025-01-27 23:20:01,589 [ERROR] LogOutputStream:75 - [STDERR_REDIRECT] 
2025-01-27 23:20:02,587 [ERROR] LogOutputStream:75 - [STDERR_REDIRECT] [Fatal Error] :1:1: Premature end of file.
2025-01-27 23:20:02,587 [ERROR] LogOutputStream:75 - [STDERR_REDIRECT] 
2025-01-27 23:20:03,587 [ERROR] LogOutputStream:75 - [STDERR_REDIRECT] [Fatal Error] :1:1: Premature end of file.
2025-01-27 23:20:03,587 [ERROR] LogOutputStream:75 - [STDERR_REDIRECT] 
2025-01-27 23:20:04,587 [ERROR] LogOutputStream:75 - [STDERR_REDIRECT] [Fatal Error] :1:1: Premature end of file.
2025-01-27 23:20:04,587 [ERROR] LogOutputStream:75 - [STDERR_REDIRECT] 
2025-01-27 23:20:05,591 [ERROR] LogOutputStream:75 - [STDERR_REDIRECT] [Fatal Error] :1:1: Premature end of file.
2025-01-27 23:20:05,591 [ERROR] LogOutputStream:75 - [STDERR_REDIRECT] 
2025-01-27 23:20:06,593 [ERROR] LogOutputStream:75 - [STDERR_REDIRECT] [Fatal Error] :1:1: Premature end of file.
2025-01-27 23:20:06,594 [ERROR] LogOutputStream:75 - [STDERR_REDIRECT] 
2025-01-27 23:20:07,585 [ERROR] LogOutputStream:75 - [STDERR_REDIRECT] [Fatal Error] :1:1: Premature end of file.
2025-01-27 23:20:07,585 [ERROR] LogOutputStream:75 - [STDERR_REDIRECT] 
2025-01-27 23:20:08,595 [ERROR] LogOutputStream:75 - [STDERR_REDIRECT] [Fatal Error] :1:1: Premature end of file.
2025-01-27 23:20:08,595 [ERROR] LogOutputStream:75 - [STDERR_REDIRECT] 
2025-01-27 23:20:09,588 [ERROR] LogOutputStream:75 - [STDERR_REDIRECT] [Fatal Error] :1:1: Premature end of file.
2025-01-27 23:20:09,588 [ERROR] LogOutputStream:75 - [STDERR_REDIRECT] 
2025-01-27 23:20:10,594 [ERROR] LogOutputStream:75 - [STDERR_REDIRECT] [Fatal Error] :1:1: Premature end of file.
2025-01-27 23:20:10,594 [ERROR] LogOutputStream:75 - [STDERR_REDIRECT] 
2025-01-27 23:20:11,588 [ERROR] LogOutputStream:75 - [STDERR_REDIRECT] [Fatal Error] :1:1: Premature end of file.
2025-01-27 23:20:11,588 [ERROR] LogOutputStream:75 - [STDERR_REDIRECT] 
2025-01-27 23:20:12,583 [ERROR] LogOutputStream:75 - [STDERR_REDIRECT] [Fatal Error] :1:1: Premature end of file.
2025-01-27 23:20:12,583 [ERROR] LogOutputStream:75 - [STDERR_REDIRECT] 
2025-01-27 23:20:13,602 [ERROR] LogOutputStream:75 - [STDERR_REDIRECT] [Fatal Error] :1:1: Premature end of file.
2025-01-27 23:20:13,602 [ERROR] LogOutputStream:75 - [STDERR_REDIRECT] 
2025-01-27 23:20:14,590 [ERROR] LogOutputStream:75 - [STDERR_REDIRECT] [Fatal Error] :1:1: Premature end of file.
2025-01-27 23:20:14,590 [ERROR] LogOutputStream:75 - [STDERR_REDIRECT] 
2025-01-27 23:20:15,583 [ERROR] LogOutputStream:75 - [STDERR_REDIRECT] [Fatal Error] :1:1: Premature end of file.
2025-01-27 23:20:15,583 [ERROR] LogOutputStream:75 - [STDERR_REDIRECT] 
2025-01-27 23:20:16,588 [ERROR] LogOutputStream:75 - [STDERR_REDIRECT] [Fatal Error] :1:1: Premature end of file.
2025-01-27 23:20:16,588 [ERROR] LogOutputStream:75 - [STDERR_REDIRECT] 
2025-01-27 23:20:17,581 [ERROR] LogOutputStream:75 - [STDERR_REDIRECT] [Fatal Error] :1:1: Premature end of file.
2025-01-27 23:20:17,581 [ERROR] LogOutputStream:75 - [STDERR_REDIRECT] 
2025-01-27 23:20:18,583 [ERROR] LogOutputStream:75 - [STDERR_REDIRECT] [Fatal Error] :1:1: Premature end of file.
2025-01-27 23:20:18,583 [ERROR] LogOutputStream:75 - [STDERR_REDIRECT] 
2025-01-27 23:20:19,587 [ERROR] LogOutputStream:75 - [STDERR_REDIRECT] [Fatal Error] :1:1: Premature end of file.
2025-01-27 23:20:19,589 [ERROR] LogOutputStream:75 - [STDERR_REDIRECT] 
2025-01-27 23:20:20,591 [ERROR] LogOutputStream:75 - [STDERR_REDIRECT] [Fatal Error] :1:1: Premature end of file.
2025-01-27 23:20:20,591 [ERROR] LogOutputStream:75 - [STDERR_REDIRECT] 
2025-01-27 23:20:21,581 [ERROR] LogOutputStream:75 - [STDERR_REDIRECT] [Fatal Error] :1:1: Premature end of file.
2025-01-27 23:20:21,581 [ERROR] LogOutputStream:75 - [STDERR_REDIRECT] 
2025-01-27 23:20:22,589 [ERROR] LogOutputStream:75 - [STDERR_REDIRECT] [Fatal Error] :1:1: Premature end of file.
2025-01-27 23:20:22,589 [ERROR] LogOutputStream:75 - [STDERR_REDIRECT] 
2025-01-27 23:20:23,597 [ERROR] LogOutputStream:75 - [STDERR_REDIRECT] [Fatal Error] :1:1: Premature end of file.
2025-01-27 23:20:23,597 [ERROR] LogOutputStream:75 - [STDERR_REDIRECT] 
2025-01-27 23:20:24,585 [ERROR] LogOutputStream:75 - [STDERR_REDIRECT] [Fatal Error] :1:1: Premature end of file.
2025-01-27 23:20:24,585 [ERROR] LogOutputStream:75 - [STDERR_REDIRECT] 
2025-01-27 23:20:25,607 [ERROR] LogOutputStream:75 - [STDERR_REDIRECT] [Fatal Error] :1:1: Premature end of file.
2025-01-27 23:20:25,607 [ERROR] LogOutputStream:75 - [STDERR_REDIRECT] 
2025-01-27 23:20:26,605 [ERROR] LogOutputStream:75 - [STDERR_REDIRECT] [Fatal Error] :1:1: Premature end of file.
2025-01-27 23:20:26,606 [ERROR] LogOutputStream:75 - [STDERR_REDIRECT] 
2025-01-27 23:20:27,589 [ERROR] LogOutputStream:75 - [STDERR_REDIRECT] [Fatal Error] :1:1: Premature end of file.
2025-01-27 23:20:27,589 [ERROR] LogOutputStream:75 - [STDERR_REDIRECT] 
2025-01-27 23:20:28,579 [ERROR] LogOutputStream:75 - [STDERR_REDIRECT] [Fatal Error] :1:1: Premature end of file.
2025-01-27 23:20:28,579 [ERROR] LogOutputStream:75 - [STDERR_REDIRECT] 
2025-01-27 23:20:29,590 [ERROR] LogOutputStream:75 - [STDERR_REDIRECT] [Fatal Error] :1:1: Premature end of file.
2025-01-27 23:20:29,590 [ERROR] LogOutputStream:75 - [STDERR_REDIRECT] 
2025-01-27 23:20:30,590 [ERROR] LogOutputStream:75 - [STDERR_REDIRECT] [Fatal Error] :1:1: Premature end of file.
2025-01-27 23:20:30,591 [ERROR] LogOutputStream:75 - [STDERR_REDIRECT] 
2025-01-27 23:20:31,592 [ERROR] LogOutputStream:75 - [STDERR_REDIRECT] [Fatal Error] :1:1: Premature end of file.
2025-01-27 23:20:31,592 [ERROR] LogOutputStream:75 - [STDERR_REDIRECT] 
2025-01-27 23:20:32,582 [ERROR] LogOutputStream:75 - [STDERR_REDIRECT] [Fatal Error] :1:1: Premature end of file.
2025-01-27 23:20:32,582 [ERROR] LogOutputStream:75 - [STDERR_REDIRECT] 
2025-01-27 23:20:33,578 [ERROR] LogOutputStream:75 - [STDERR_REDIRECT] [Fatal Error] :1:1: Premature end of file.
2025-01-27 23:20:33,578 [ERROR] LogOutputStream:75 - [STDERR_REDIRECT] 
2025-01-27 23:20:34,582 [ERROR] LogOutputStream:75 - [STDERR_REDIRECT] [Fatal Error] :1:1: Premature end of file.
2025-01-27 23:20:34,582 [ERROR] LogOutputStream:75 - [STDERR_REDIRECT] 
2025-01-27 23:20:35,604 [ERROR] LogOutputStream:75 - [STDERR_REDIRECT] [Fatal Error] :1:1: Premature end of file.
2025-01-27 23:20:35,604 [ERROR] LogOutputStream:75 - [STDERR_REDIRECT] 
2025-01-27 23:20:36,585 [ERROR] LogOutputStream:75 - [STDERR_REDIRECT] [Fatal Error] :1:1: Premature end of file.
2025-01-27 23:20:36,587 [ERROR] LogOutputStream:75 - [STDERR_REDIRECT] 
2025-01-27 23:20:37,591 [ERROR] LogOutputStream:75 - [STDERR_REDIRECT] [Fatal Error] :1:1: Premature end of file.
2025-01-27 23:20:37,591 [ERROR] LogOutputStream:75 - [STDERR_REDIRECT] 
2025-01-27 23:20:38,587 [ERROR] LogOutputStream:75 - [STDERR_REDIRECT] [Fatal Error] :1:1: Premature end of file.
2025-01-27 23:20:38,587 [ERROR] LogOutputStream:75 - [STDERR_REDIRECT] 
2025-01-27 23:20:39,592 [ERROR] LogOutputStream:75 - [STDERR_REDIRECT] [Fatal Error] :1:1: Premature end of file.
2025-01-27 23:20:39,592 [ERROR] LogOutputStream:75 - [STDERR_REDIRECT] 
2025-01-27 23:20:40,589 [ERROR] LogOutputStream:75 - [STDERR_REDIRECT] [Fatal Error] :1:1: Premature end of file.
2025-01-27 23:20:40,589 [ERROR] LogOutputStream:75 - [STDERR_REDIRECT] 
2025-01-27 23:20:41,589 [ERROR] LogOutputStream:75 - [STDERR_REDIRECT] [Fatal Error] :1:1: Premature end of file.
2025-01-27 23:20:41,589 [ERROR] LogOutputStream:75 - [STDERR_REDIRECT] 
2025-01-27 23:20:42,608 [ERROR] LogOutputStream:75 - [STDERR_REDIRECT] [Fatal Error] :1:1: Premature end of file.
2025-01-27 23:20:42,608 [ERROR] LogOutputStream:75 - [STDERR_REDIRECT] 
2025-01-27 23:20:43,579 [ERROR] LogOutputStream:75 - [STDERR_REDIRECT] [Fatal Error] :1:1: Premature end of file.
2025-01-27 23:20:43,579 [ERROR] LogOutputStream:75 - [STDERR_REDIRECT] 
2025-01-27 23:20:44,575 [ERROR] LogOutputStream:75 - [STDERR_REDIRECT] [Fatal Error] :1:1: Premature end of file.
2025-01-27 23:20:44,575 [ERROR] LogOutputStream:75 - [STDERR_REDIRECT] 
2025-01-27 23:20:45,592 [ERROR] LogOutputStream:75 - [STDERR_REDIRECT] [Fatal Error] :1:1: Premature end of file.
2025-01-27 23:20:45,592 [ERROR] LogOutputStream:75 - [STDERR_REDIRECT] 
2025-01-27 23:20:46,576 [ERROR] LogOutputStream:75 - [STDERR_REDIRECT] [Fatal Error] :1:1: Premature end of file.
2025-01-27 23:20:46,576 [ERROR] LogOutputStream:75 - [STDERR_REDIRECT] 
2025-01-27 23:20:47,583 [ERROR] LogOutputStream:75 - [STDERR_REDIRECT] [Fatal Error] :1:1: Premature end of file.
2025-01-27 23:20:47,583 [ERROR] LogOutputStream:75 - [STDERR_REDIRECT] 
2025-01-27 23:20:48,588 [ERROR] LogOutputStream:75 - [STDERR_REDIRECT] [Fatal Error] :1:1: Premature end of file.
2025-01-27 23:20:48,588 [ERROR] LogOutputStream:75 - [STDERR_REDIRECT] 
2025-01-27 23:20:49,575 [ERROR] LogOutputStream:75 - [STDERR_REDIRECT] [Fatal Error] :1:1: Premature end of file.
2025-01-27 23:20:49,575 [ERROR] LogOutputStream:75 - [STDERR_REDIRECT] 
2025-01-27 23:20:50,587 [ERROR] LogOutputStream:75 - [STDERR_REDIRECT] [Fatal Error] :1:1: Premature end of file.
2025-01-27 23:20:50,587 [ERROR] LogOutputStream:75 - [STDERR_REDIRECT] 
2025-01-27 23:20:51,585 [ERROR] LogOutputStream:75 - [STDERR_REDIRECT] [Fatal Error] :1:1: Premature end of file.
2025-01-27 23:20:51,585 [ERROR] LogOutputStream:75 - [STDERR_REDIRECT] 
2025-01-27 23:20:52,588 [ERROR] LogOutputStream:75 - [STDERR_REDIRECT] [Fatal Error] :1:1: Premature end of file.
2025-01-27 23:20:52,588 [ERROR] LogOutputStream:75 - [STDERR_REDIRECT] 
2025-01-27 23:20:53,584 [ERROR] LogOutputStream:75 - [STDERR_REDIRECT] [Fatal Error] :1:1: Premature end of file.
2025-01-27 23:20:53,584 [ERROR] LogOutputStream:75 - [STDERR_REDIRECT] 
2025-01-27 23:20:54,594 [ERROR] LogOutputStream:75 - [STDERR_REDIRECT] [Fatal Error] :1:1: Premature end of file.
2025-01-27 23:20:54,594 [ERROR] LogOutputStream:75 - [STDERR_REDIRECT] 
2025-01-27 23:20:55,603 [ERROR] LogOutputStream:75 - [STDERR_REDIRECT] [Fatal Error] :1:1: Premature end of file.
2025-01-27 23:20:55,603 [ERROR] LogOutputStream:75 - [STDERR_REDIRECT] 
2025-01-27 23:20:56,597 [ERROR] LogOutputStream:75 - [STDERR_REDIRECT] [Fatal Error] :1:1: Premature end of file.
2025-01-27 23:20:56,597 [ERROR] LogOutputStream:75 - [STDERR_REDIRECT] 
2025-01-27 23:20:57,588 [ERROR] LogOutputStream:75 - [STDERR_REDIRECT] [Fatal Error] :1:1: Premature end of file.
2025-01-27 23:20:57,588 [ERROR] LogOutputStream:75 - [STDERR_REDIRECT] 
2025-01-27 23:20:58,586 [ERROR] LogOutputStream:75 - [STDERR_REDIRECT] [Fatal Error] :1:1: Premature end of file.
2025-01-27 23:20:58,586 [ERROR] LogOutputStream:75 - [STDERR_REDIRECT] 
2025-01-27 23:20:59,584 [ERROR] LogOutputStream:75 - [STDERR_REDIRECT] [Fatal Error] :1:1: Premature end of file.
2025-01-27 23:20:59,584 [ERROR] LogOutputStream:75 - [STDERR_REDIRECT] 
2025-01-27 23:21:00,589 [ERROR] LogOutputStream:75 - [STDERR_REDIRECT] [Fatal Error] :1:1: Premature end of file.
2025-01-27 23:21:00,589 [ERROR] LogOutputStream:75 - [STDERR_REDIRECT] 
2025-01-27 23:21:01,602 [ERROR] LogOutputStream:75 - [STDERR_REDIRECT] [Fatal Error] :1:1: Premature end of file.
2025-01-27 23:21:01,602 [ERROR] LogOutputStream:75 - [STDERR_REDIRECT] 
2025-01-27 23:21:02,597 [ERROR] LogOutputStream:75 - [STDERR_REDIRECT] [Fatal Error] :1:1: Premature end of file.
2025-01-27 23:21:02,597 [ERROR] LogOutputStream:75 - [STDERR_REDIRECT] 
2025-01-27 23:21:03,587 [ERROR] LogOutputStream:75 - [STDERR_REDIRECT] [Fatal Error] :1:1: Premature end of file.
2025-01-27 23:21:03,587 [ERROR] LogOutputStream:75 - [STDERR_REDIRECT] 
2025-01-27 23:21:04,585 [ERROR] LogOutputStream:75 - [STDERR_REDIRECT] [Fatal Error] :1:1: Premature end of file.
2025-01-27 23:21:04,587 [ERROR] LogOutputStream:75 - [STDERR_REDIRECT] 
2025-01-27 23:21:05,592 [ERROR] LogOutputStream:75 - [STDERR_REDIRECT] [Fatal Error] :1:1: Premature end of file.
2025-01-27 23:21:05,592 [ERROR] LogOutputStream:75 - [STDERR_REDIRECT] 
2025-01-27 23:21:06,586 [ERROR] LogOutputStream:75 - [STDERR_REDIRECT] [Fatal Error] :1:1: Premature end of file.
2025-01-27 23:21:06,587 [ERROR] LogOutputStream:75 - [STDERR_REDIRECT] 
2025-01-27 23:21:07,590 [ERROR] LogOutputStream:75 - [STDERR_REDIRECT] [Fatal Error] :1:1: Premature end of file.
2025-01-27 23:21:07,590 [ERROR] LogOutputStream:75 - [STDERR_REDIRECT] 
2025-01-27 23:21:08,593 [ERROR] LogOutputStream:75 - [STDERR_REDIRECT] [Fatal Error] :1:1: Premature end of file.
2025-01-27 23:21:08,593 [ERROR] LogOutputStream:75 - [STDERR_REDIRECT] 
2025-01-27 23:21:09,592 [ERROR] LogOutputStream:75 - [STDERR_REDIRECT] [Fatal Error] :1:1: Premature end of file.
2025-01-27 23:21:09,592 [ERROR] LogOutputStream:75 - [STDERR_REDIRECT] 
2025-01-27 23:21:10,581 [ERROR] LogOutputStream:75 - [STDERR_REDIRECT] [Fatal Error] :1:1: Premature end of file.
2025-01-27 23:21:10,581 [ERROR] LogOutputStream:75 - [STDERR_REDIRECT] 
2025-01-27 23:21:11,593 [ERROR] LogOutputStream:75 - [STDERR_REDIRECT] [Fatal Error] :1:1: Premature end of file.
2025-01-27 23:21:11,593 [ERROR] LogOutputStream:75 - [STDERR_REDIRECT] 
2025-01-27 23:21:12,590 [ERROR] LogOutputStream:75 - [STDERR_REDIRECT] [Fatal Error] :1:1: Premature end of file.
2025-01-27 23:21:12,590 [ERROR] LogOutputStream:75 - [STDERR_REDIRECT] 
2025-01-27 23:21:13,590 [ERROR] LogOutputStream:75 - [STDERR_REDIRECT] [Fatal Error] :1:1: Premature end of file.
2025-01-27 23:21:13,590 [ERROR] LogOutputStream:75 - [STDERR_REDIRECT] 
2025-01-27 23:21:14,591 [ERROR] LogOutputStream:75 - [STDERR_REDIRECT] [Fatal Error] :1:1: Premature end of file.
2025-01-27 23:21:14,591 [ERROR] LogOutputStream:75 - [STDERR_REDIRECT] 
2025-01-27 23:21:15,587 [ERROR] LogOutputStream:75 - [STDERR_REDIRECT] [Fatal Error] :1:1: Premature end of file.
2025-01-27 23:21:15,587 [ERROR] LogOutputStream:75 - [STDERR_REDIRECT] 
2025-01-27 23:21:16,582 [ERROR] LogOutputStream:75 - [STDERR_REDIRECT] [Fatal Error] :1:1: Premature end of file.
2025-01-27 23:21:16,582 [ERROR] LogOutputStream:75 - [STDERR_REDIRECT] 
2025-01-27 23:21:17,590 [ERROR] LogOutputStream:75 - [STDERR_REDIRECT] [Fatal Error] :1:1: Premature end of file.
2025-01-27 23:21:17,590 [ERROR] LogOutputStream:75 - [STDERR_REDIRECT] 
2025-01-27 23:21:18,592 [ERROR] LogOutputStream:75 - [STDERR_REDIRECT] [Fatal Error] :1:1: Premature end of file.
2025-01-27 23:21:18,592 [ERROR] LogOutputStream:75 - [STDERR_REDIRECT] 
2025-01-27 23:21:19,598 [ERROR] LogOutputStream:75 - [STDERR_REDIRECT] [Fatal Error] :1:1: Premature end of file.
2025-01-27 23:21:19,598 [ERROR] LogOutputStream:75 - [STDERR_REDIRECT] 
2025-01-27 23:21:20,599 [ERROR] LogOutputStream:75 - [STDERR_REDIRECT] [Fatal Error] :1:1: Premature end of file.
2025-01-27 23:21:20,599 [ERROR] LogOutputStream:75 - [STDERR_REDIRECT] 
2025-01-27 23:21:21,603 [ERROR] LogOutputStream:75 - [STDERR_REDIRECT] [Fatal Error] :1:1: Premature end of file.
2025-01-27 23:21:21,605 [ERROR] LogOutputStream:75 - [STDERR_REDIRECT] 
2025-01-27 23:21:22,584 [ERROR] LogOutputStream:75 - [STDERR_REDIRECT] [Fatal Error] :1:1: Premature end of file.
2025-01-27 23:21:22,584 [ERROR] LogOutputStream:75 - [STDERR_REDIRECT] 
2025-01-27 23:21:23,587 [ERROR] LogOutputStream:75 - [STDERR_REDIRECT] [Fatal Error] :1:1: Premature end of file.
2025-01-27 23:21:23,587 [ERROR] LogOutputStream:75 - [STDERR_REDIRECT] 
2025-01-27 23:21:24,599 [ERROR] LogOutputStream:75 - [STDERR_REDIRECT] [Fatal Error] :1:1: Premature end of file.
2025-01-27 23:21:24,601 [ERROR] LogOutputStream:75 - [STDERR_REDIRECT] 
2025-01-27 23:21:25,580 [ERROR] LogOutputStream:75 - [STDERR_REDIRECT] [Fatal Error] :1:1: Premature end of file.
2025-01-27 23:21:25,582 [ERROR] LogOutputStream:75 - [STDERR_REDIRECT] 
2025-01-27 23:21:26,595 [ERROR] LogOutputStream:75 - [STDERR_REDIRECT] [Fatal Error] :1:1: Premature end of file.
2025-01-27 23:21:26,595 [ERROR] LogOutputStream:75 - [STDERR_REDIRECT] 
2025-01-27 23:21:27,595 [ERROR] LogOutputStream:75 - [STDERR_REDIRECT] [Fatal Error] :1:1: Premature end of file.
2025-01-27 23:21:27,595 [ERROR] LogOutputStream:75 - [STDERR_REDIRECT] 
2025-01-27 23:21:28,587 [ERROR] LogOutputStream:75 - [STDERR_REDIRECT] [Fatal Error] :1:1: Premature end of file.
2025-01-27 23:21:28,587 [ERROR] LogOutputStream:75 - [STDERR_REDIRECT] 
2025-01-27 23:21:29,592 [ERROR] LogOutputStream:75 - [STDERR_REDIRECT] [Fatal Error] :1:1: Premature end of file.
2025-01-27 23:21:29,592 [ERROR] LogOutputStream:75 - [STDERR_REDIRECT] 
2025-01-27 23:21:30,592 [ERROR] LogOutputStream:75 - [STDERR_REDIRECT] [Fatal Error] :1:1: Premature end of file.
2025-01-27 23:21:30,592 [ERROR] LogOutputStream:75 - [STDERR_REDIRECT] 
2025-01-27 23:21:31,593 [ERROR] LogOutputStream:75 - [STDERR_REDIRECT] [Fatal Error] :1:1: Premature end of file.
2025-01-27 23:21:31,593 [ERROR] LogOutputStream:75 - [STDERR_REDIRECT] 
2025-01-27 23:21:32,590 [ERROR] LogOutputStream:75 - [STDERR_REDIRECT] [Fatal Error] :1:1: Premature end of file.
2025-01-27 23:21:32,590 [ERROR] LogOutputStream:75 - [STDERR_REDIRECT] 
2025-01-27 23:21:33,587 [ERROR] LogOutputStream:75 - [STDERR_REDIRECT] [Fatal Error] :1:1: Premature end of file.
2025-01-27 23:21:33,587 [ERROR] LogOutputStream:75 - [STDERR_REDIRECT] 
2025-01-27 23:21:34,581 [ERROR] LogOutputStream:75 - [STDERR_REDIRECT] [Fatal Error] :1:1: Premature end of file.
2025-01-27 23:21:34,581 [ERROR] LogOutputStream:75 - [STDERR_REDIRECT] 
2025-01-27 23:21:35,593 [ERROR] LogOutputStream:75 - [STDERR_REDIRECT] [Fatal Error] :1:1: Premature end of file.
2025-01-27 23:21:35,593 [ERROR] LogOutputStream:75 - [STDERR_REDIRECT] 
2025-01-27 23:21:36,577 [ERROR] LogOutputStream:75 - [STDERR_REDIRECT] [Fatal Error] :1:1: Premature end of file.
2025-01-27 23:21:36,579 [ERROR] LogOutputStream:75 - [STDERR_REDIRECT] 
2025-01-27 23:21:37,592 [ERROR] LogOutputStream:75 - [STDERR_REDIRECT] [Fatal Error] :1:1: Premature end of file.
2025-01-27 23:21:37,592 [ERROR] LogOutputStream:75 - [STDERR_REDIRECT] 
2025-01-27 23:21:38,599 [ERROR] LogOutputStream:75 - [STDERR_REDIRECT] [Fatal Error] :1:1: Premature end of file.
2025-01-27 23:21:38,599 [ERROR] LogOutputStream:75 - [STDERR_REDIRECT] 
2025-01-27 23:21:39,592 [ERROR] LogOutputStream:75 - [STDERR_REDIRECT] [Fatal Error] :1:1: Premature end of file.
2025-01-27 23:21:39,592 [ERROR] LogOutputStream:75 - [STDERR_REDIRECT] 
2025-01-27 23:21:40,601 [ERROR] LogOutputStream:75 - [STDERR_REDIRECT] [Fatal Error] :1:1: Premature end of file.
2025-01-27 23:21:40,601 [ERROR] LogOutputStream:75 - [STDERR_REDIRECT] 
2025-01-27 23:21:41,594 [ERROR] LogOutputStream:75 - [STDERR_REDIRECT] [Fatal Error] :1:1: Premature end of file.
2025-01-27 23:21:41,594 [ERROR] LogOutputStream:75 - [STDERR_REDIRECT] 
2025-01-27 23:21:42,579 [ERROR] LogOutputStream:75 - [STDERR_REDIRECT] [Fatal Error] :1:1: Premature end of file.
2025-01-27 23:21:42,579 [ERROR] LogOutputStream:75 - [STDERR_REDIRECT] 
2025-01-27 23:21:43,590 [ERROR] LogOutputStream:75 - [STDERR_REDIRECT] [Fatal Error] :1:1: Premature end of file.
2025-01-27 23:21:43,590 [ERROR] LogOutputStream:75 - [STDERR_REDIRECT] 
2025-01-27 23:21:44,591 [ERROR] LogOutputStream:75 - [STDERR_REDIRECT] [Fatal Error] :1:1: Premature end of file.
2025-01-27 23:21:44,591 [ERROR] LogOutputStream:75 - [STDERR_REDIRECT] 
2025-01-27 23:21:45,587 [ERROR] LogOutputStream:75 - [STDERR_REDIRECT] [Fatal Error] :1:1: Premature end of file.
2025-01-27 23:21:45,587 [ERROR] LogOutputStream:75 - [STDERR_REDIRECT] 
2025-01-27 23:21:46,587 [ERROR] LogOutputStream:75 - [STDERR_REDIRECT] [Fatal Error] :1:1: Premature end of file.
2025-01-27 23:21:46,588 [ERROR] LogOutputStream:75 - [STDERR_REDIRECT] 
2025-01-27 23:21:47,592 [ERROR] LogOutputStream:75 - [STDERR_REDIRECT] [Fatal Error] :1:1: Premature end of file.
2025-01-27 23:21:47,592 [ERROR] LogOutputStream:75 - [STDERR_REDIRECT] 
2025-01-27 23:21:48,591 [ERROR] LogOutputStream:75 - [STDERR_REDIRECT] [Fatal Error] :1:1: Premature end of file.
2025-01-27 23:21:48,591 [ERROR] LogOutputStream:75 - [STDERR_REDIRECT] 
2025-01-27 23:21:49,592 [ERROR] LogOutputStream:75 - [STDERR_REDIRECT] [Fatal Error] :1:1: Premature end of file.
2025-01-27 23:21:49,592 [ERROR] LogOutputStream:75 - [STDERR_REDIRECT] 
2025-01-27 23:21:50,594 [ERROR] LogOutputStream:75 - [STDERR_REDIRECT] [Fatal Error] :1:1: Premature end of file.
2025-01-27 23:21:50,594 [ERROR] LogOutputStream:75 - [STDERR_REDIRECT] 
2025-01-27 23:21:51,590 [ERROR] LogOutputStream:75 - [STDERR_REDIRECT] [Fatal Error] :1:1: Premature end of file.
2025-01-27 23:21:51,590 [ERROR] LogOutputStream:75 - [STDERR_REDIRECT] 
2025-01-27 23:21:52,594 [ERROR] LogOutputStream:75 - [STDERR_REDIRECT] [Fatal Error] :1:1: Premature end of file.
2025-01-27 23:21:52,594 [ERROR] LogOutputStream:75 - [STDERR_REDIRECT] 
2025-01-27 23:21:53,593 [ERROR] LogOutputStream:75 - [STDERR_REDIRECT] [Fatal Error] :1:1: Premature end of file.
2025-01-27 23:21:53,593 [ERROR] LogOutputStream:75 - [STDERR_REDIRECT] 
2025-01-27 23:21:54,579 [ERROR] LogOutputStream:75 - [STDERR_REDIRECT] [Fatal Error] :1:1: Premature end of file.
2025-01-27 23:21:54,579 [ERROR] LogOutputStream:75 - [STDERR_REDIRECT] 
2025-01-27 23:21:55,587 [ERROR] LogOutputStream:75 - [STDERR_REDIRECT] [Fatal Error] :1:1: Premature end of file.
2025-01-27 23:21:55,587 [ERROR] LogOutputStream:75 - [STDERR_REDIRECT] 
2025-01-27 23:21:56,591 [ERROR] LogOutputStream:75 - [STDERR_REDIRECT] [Fatal Error] :1:1: Premature end of file.
2025-01-27 23:21:56,591 [ERROR] LogOutputStream:75 - [STDERR_REDIRECT] 
2025-01-27 23:21:57,594 [ERROR] LogOutputStream:75 - [STDERR_REDIRECT] [Fatal Error] :1:1: Premature end of file.
2025-01-27 23:21:57,594 [ERROR] LogOutputStream:75 - [STDERR_REDIRECT] 
2025-01-27 23:21:58,578 [ERROR] LogOutputStream:75 - [STDERR_REDIRECT] [Fatal Error] :1:1: Premature end of file.
2025-01-27 23:21:58,578 [ERROR] LogOutputStream:75 - [STDERR_REDIRECT] 
2025-01-27 23:21:59,592 [ERROR] LogOutputStream:75 - [STDERR_REDIRECT] [Fatal Error] :1:1: Premature end of file.
2025-01-27 23:21:59,592 [ERROR] LogOutputStream:75 - [STDERR_REDIRECT] 
2025-01-27 23:22:00,591 [ERROR] LogOutputStream:75 - [STDERR_REDIRECT] [Fatal Error] :1:1: Premature end of file.
2025-01-27 23:22:00,591 [ERROR] LogOutputStream:75 - [STDERR_REDIRECT] 
2025-01-27 23:22:01,586 [ERROR] LogOutputStream:75 - [STDERR_REDIRECT] [Fatal Error] :1:1: Premature end of file.
2025-01-27 23:22:01,586 [ERROR] LogOutputStream:75 - [STDERR_REDIRECT] 
2025-01-27 23:22:02,590 [ERROR] LogOutputStream:75 - [STDERR_REDIRECT] [Fatal Error] :1:1: Premature end of file.
2025-01-27 23:22:02,590 [ERROR] LogOutputStream:75 - [STDERR_REDIRECT] 
2025-01-27 23:22:03,601 [ERROR] LogOutputStream:75 - [STDERR_REDIRECT] [Fatal Error] :1:1: Premature end of file.
2025-01-27 23:22:03,601 [ERROR] LogOutputStream:75 - [STDERR_REDIRECT] 
2025-01-27 23:22:04,594 [ERROR] LogOutputStream:75 - [STDERR_REDIRECT] [Fatal Error] :1:1: Premature end of file.
2025-01-27 23:22:04,594 [ERROR] LogOutputStream:75 - [STDERR_REDIRECT] 
2025-01-27 23:22:05,582 [ERROR] LogOutputStream:75 - [STDERR_REDIRECT] [Fatal Error] :1:1: Premature end of file.
2025-01-27 23:22:05,582 [ERROR] LogOutputStream:75 - [STDERR_REDIRECT] 
2025-01-27 23:22:06,590 [ERROR] LogOutputStream:75 - [STDERR_REDIRECT] [Fatal Error] :1:1: Premature end of file.
2025-01-27 23:22:06,590 [ERROR] LogOutputStream:75 - [STDERR_REDIRECT] 
2025-01-27 23:22:07,595 [ERROR] LogOutputStream:75 - [STDERR_REDIRECT] [Fatal Error] :1:1: Premature end of file.
2025-01-27 23:22:07,595 [ERROR] LogOutputStream:75 - [STDERR_REDIRECT] 
2025-01-27 23:22:08,589 [ERROR] LogOutputStream:75 - [STDERR_REDIRECT] [Fatal Error] :1:1: Premature end of file.
2025-01-27 23:22:08,589 [ERROR] LogOutputStream:75 - [STDERR_REDIRECT] 
2025-01-27 23:22:09,592 [ERROR] LogOutputStream:75 - [STDERR_REDIRECT] [Fatal Error] :1:1: Premature end of file.
2025-01-27 23:22:09,592 [ERROR] LogOutputStream:75 - [STDERR_REDIRECT] 
2025-01-27 23:22:10,590 [ERROR] LogOutputStream:75 - [STDERR_REDIRECT] [Fatal Error] :1:1: Premature end of file.
2025-01-27 23:22:10,590 [ERROR] LogOutputStream:75 - [STDERR_REDIRECT] 
2025-01-27 23:22:11,589 [ERROR] LogOutputStream:75 - [STDERR_REDIRECT] [Fatal Error] :1:1: Premature end of file.
2025-01-27 23:22:11,589 [ERROR] LogOutputStream:75 - [STDERR_REDIRECT] 
2025-01-27 23:22:12,590 [ERROR] LogOutputStream:75 - [STDERR_REDIRECT] [Fatal Error] :1:1: Premature end of file.
2025-01-27 23:22:12,590 [ERROR] LogOutputStream:75 - [STDERR_REDIRECT] 
2025-01-27 23:22:13,593 [ERROR] LogOutputStream:75 - [STDERR_REDIRECT] [Fatal Error] :1:1: Premature end of file.
2025-01-27 23:22:13,593 [ERROR] LogOutputStream:75 - [STDERR_REDIRECT] 
2025-01-27 23:22:14,588 [ERROR] LogOutputStream:75 - [STDERR_REDIRECT] [Fatal Error] :1:1: Premature end of file.
2025-01-27 23:22:14,588 [ERROR] LogOutputStream:75 - [STDERR_REDIRECT] 
2025-01-27 23:22:15,584 [ERROR] LogOutputStream:75 - [STDERR_REDIRECT] [Fatal Error] :1:1: Premature end of file.
2025-01-27 23:22:15,584 [ERROR] LogOutputStream:75 - [STDERR_REDIRECT] 
2025-01-27 23:22:16,597 [ERROR] LogOutputStream:75 - [STDERR_REDIRECT] [Fatal Error] :1:1: Premature end of file.
2025-01-27 23:22:16,597 [ERROR] LogOutputStream:75 - [STDERR_REDIRECT] 
2025-01-27 23:22:17,601 [ERROR] LogOutputStream:75 - [STDERR_REDIRECT] [Fatal Error] :1:1: Premature end of file.
2025-01-27 23:22:17,601 [ERROR] LogOutputStream:75 - [STDERR_REDIRECT] 
2025-01-27 23:22:18,605 [ERROR] LogOutputStream:75 - [STDERR_REDIRECT] [Fatal Error] :1:1: Premature end of file.
2025-01-27 23:22:18,605 [ERROR] LogOutputStream:75 - [STDERR_REDIRECT] 
2025-01-27 23:22:19,578 [ERROR] LogOutputStream:75 - [STDERR_REDIRECT] [Fatal Error] :1:1: Premature end of file.
2025-01-27 23:22:19,578 [ERROR] LogOutputStream:75 - [STDERR_REDIRECT] 
2025-01-27 23:22:20,580 [ERROR] LogOutputStream:75 - [STDERR_REDIRECT] [Fatal Error] :1:1: Premature end of file.
2025-01-27 23:22:20,580 [ERROR] LogOutputStream:75 - [STDERR_REDIRECT] 
2025-01-27 23:22:21,573 [ERROR] LogOutputStream:75 - [STDERR_REDIRECT] [Fatal Error] :1:1: Premature end of file.
2025-01-27 23:22:21,573 [ERROR] LogOutputStream:75 - [STDERR_REDIRECT] 
2025-01-27 23:22:22,600 [ERROR] LogOutputStream:75 - [STDERR_REDIRECT] [Fatal Error] :1:1: Premature end of file.
2025-01-27 23:22:22,600 [ERROR] LogOutputStream:75 - [STDERR_REDIRECT] 
2025-01-27 23:22:23,583 [ERROR] LogOutputStream:75 - [STDERR_REDIRECT] [Fatal Error] :1:1: Premature end of file.
2025-01-27 23:22:23,583 [ERROR] LogOutputStream:75 - [STDERR_REDIRECT] 
2025-01-27 23:22:24,578 [ERROR] LogOutputStream:75 - [STDERR_REDIRECT] [Fatal Error] :1:1: Premature end of file.
2025-01-27 23:22:24,578 [ERROR] LogOutputStream:75 - [STDERR_REDIRECT] 
2025-01-27 23:22:25,598 [ERROR] LogOutputStream:75 - [STDERR_REDIRECT] [Fatal Error] :1:1: Premature end of file.
2025-01-27 23:22:25,598 [ERROR] LogOutputStream:75 - [STDERR_REDIRECT] 
2025-01-27 23:22:26,592 [ERROR] LogOutputStream:75 - [STDERR_REDIRECT] [Fatal Error] :1:1: Premature end of file.
2025-01-27 23:22:26,592 [ERROR] LogOutputStream:75 - [STDERR_REDIRECT] 
2025-01-27 23:22:27,588 [ERROR] LogOutputStream:75 - [STDERR_REDIRECT] [Fatal Error] :1:1: Premature end of file.
2025-01-27 23:22:27,588 [ERROR] LogOutputStream:75 - [STDERR_REDIRECT] 
2025-01-27 23:22:28,581 [ERROR] LogOutputStream:75 - [STDERR_REDIRECT] [Fatal Error] :1:1: Premature end of file.
2025-01-27 23:22:28,581 [ERROR] LogOutputStream:75 - [STDERR_REDIRECT] 
2025-01-27 23:22:29,591 [ERROR] LogOutputStream:75 - [STDERR_REDIRECT] [Fatal Error] :1:1: Premature end of file.
2025-01-27 23:22:29,591 [ERROR] LogOutputStream:75 - [STDERR_REDIRECT] 
2025-01-27 23:22:30,590 [ERROR] LogOutputStream:75 - [STDERR_REDIRECT] [Fatal Error] :1:1: Premature end of file.
2025-01-27 23:22:30,590 [ERROR] LogOutputStream:75 - [STDERR_REDIRECT] 
2025-01-27 23:22:31,598 [ERROR] LogOutputStream:75 - [STDERR_REDIRECT] [Fatal Error] :1:1: Premature end of file.
2025-01-27 23:22:31,598 [ERROR] LogOutputStream:75 - [STDERR_REDIRECT] 
2025-01-27 23:22:32,595 [ERROR] LogOutputStream:75 - [STDERR_REDIRECT] [Fatal Error] :1:1: Premature end of file.
2025-01-27 23:22:32,596 [ERROR] LogOutputStream:75 - [STDERR_REDIRECT] 
2025-01-27 23:22:33,585 [ERROR] LogOutputStream:75 - [STDERR_REDIRECT] [Fatal Error] :1:1: Premature end of file.
2025-01-27 23:22:33,585 [ERROR] LogOutputStream:75 - [STDERR_REDIRECT] 
2025-01-27 23:22:34,584 [ERROR] LogOutputStream:75 - [STDERR_REDIRECT] [Fatal Error] :1:1: Premature end of file.
2025-01-27 23:22:34,584 [ERROR] LogOutputStream:75 - [STDERR_REDIRECT] 
2025-01-27 23:22:35,592 [ERROR] LogOutputStream:75 - [STDERR_REDIRECT] [Fatal Error] :1:1: Premature end of file.
2025-01-27 23:22:35,592 [ERROR] LogOutputStream:75 - [STDERR_REDIRECT] 
2025-01-27 23:22:36,588 [ERROR] LogOutputStream:75 - [STDERR_REDIRECT] [Fatal Error] :1:1: Premature end of file.
2025-01-27 23:22:36,588 [ERROR] LogOutputStream:75 - [STDERR_REDIRECT] 
2025-01-27 23:22:37,582 [ERROR] LogOutputStream:75 - [STDERR_REDIRECT] [Fatal Error] :1:1: Premature end of file.
2025-01-27 23:22:37,582 [ERROR] LogOutputStream:75 - [STDERR_REDIRECT] 
2025-01-27 23:22:38,591 [ERROR] LogOutputStream:75 - [STDERR_REDIRECT] [Fatal Error] :1:1: Premature end of file.
2025-01-27 23:22:38,591 [ERROR] LogOutputStream:75 - [STDERR_REDIRECT] 
2025-01-27 23:22:39,590 [ERROR] LogOutputStream:75 - [STDERR_REDIRECT] [Fatal Error] :1:1: Premature end of file.
2025-01-27 23:22:39,590 [ERROR] LogOutputStream:75 - [STDERR_REDIRECT] 
2025-01-27 23:22:40,593 [ERROR] LogOutputStream:75 - [STDERR_REDIRECT] [Fatal Error] :1:1: Premature end of file.
2025-01-27 23:22:40,593 [ERROR] LogOutputStream:75 - [STDERR_REDIRECT] 
2025-01-27 23:22:41,590 [ERROR] LogOutputStream:75 - [STDERR_REDIRECT] [Fatal Error] :1:1: Premature end of file.
2025-01-27 23:22:41,590 [ERROR] LogOutputStream:75 - [STDERR_REDIRECT] 
2025-01-27 23:22:42,594 [ERROR] LogOutputStream:75 - [STDERR_REDIRECT] [Fatal Error] :1:1: Premature end of file.
2025-01-27 23:22:42,594 [ERROR] LogOutputStream:75 - [STDERR_REDIRECT] 
2025-01-27 23:22:43,596 [ERROR] LogOutputStream:75 - [STDERR_REDIRECT] [Fatal Error] :1:1: Premature end of file.
2025-01-27 23:22:43,596 [ERROR] LogOutputStream:75 - [STDERR_REDIRECT] 
2025-01-27 23:22:44,594 [ERROR] LogOutputStream:75 - [STDERR_REDIRECT] [Fatal Error] :1:1: Premature end of file.
2025-01-27 23:22:44,594 [ERROR] LogOutputStream:75 - [STDERR_REDIRECT] 
2025-01-27 23:22:45,588 [ERROR] LogOutputStream:75 - [STDERR_REDIRECT] [Fatal Error] :1:1: Premature end of file.
2025-01-27 23:22:45,588 [ERROR] LogOutputStream:75 - [STDERR_REDIRECT] 
2025-01-27 23:22:46,582 [ERROR] LogOutputStream:75 - [STDERR_REDIRECT] [Fatal Error] :1:1: Premature end of file.
2025-01-27 23:22:46,582 [ERROR] LogOutputStream:75 - [STDERR_REDIRECT] 
2025-01-27 23:22:47,594 [ERROR] LogOutputStream:75 - [STDERR_REDIRECT] [Fatal Error] :1:1: Premature end of file.
2025-01-27 23:22:47,594 [ERROR] LogOutputStream:75 - [STDERR_REDIRECT] 
2025-01-27 23:22:48,594 [ERROR] LogOutputStream:75 - [STDERR_REDIRECT] [Fatal Error] :1:1: Premature end of file.
2025-01-27 23:22:48,594 [ERROR] LogOutputStream:75 - [STDERR_REDIRECT] 
2025-01-27 23:22:49,587 [ERROR] LogOutputStream:75 - [STDERR_REDIRECT] [Fatal Error] :1:1: Premature end of file.
2025-01-27 23:22:49,587 [ERROR] LogOutputStream:75 - [STDERR_REDIRECT] 
2025-01-27 23:22:50,583 [ERROR] LogOutputStream:75 - [STDERR_REDIRECT] [Fatal Error] :1:1: Premature end of file.
2025-01-27 23:22:50,583 [ERROR] LogOutputStream:75 - [STDERR_REDIRECT] 
2025-01-27 23:22:51,591 [ERROR] LogOutputStream:75 - [STDERR_REDIRECT] [Fatal Error] :1:1: Premature end of file.
2025-01-27 23:22:51,591 [ERROR] LogOutputStream:75 - [STDERR_REDIRECT] 
2025-01-27 23:22:52,586 [ERROR] LogOutputStream:75 - [STDERR_REDIRECT] [Fatal Error] :1:1: Premature end of file.
2025-01-27 23:22:52,586 [ERROR] LogOutputStream:75 - [STDERR_REDIRECT] 
2025-01-27 23:22:53,596 [ERROR] LogOutputStream:75 - [STDERR_REDIRECT] [Fatal Error] :1:1: Premature end of file.
2025-01-27 23:22:53,596 [ERROR] LogOutputStream:75 - [STDERR_REDIRECT] 
2025-01-27 23:22:54,588 [ERROR] LogOutputStream:75 - [STDERR_REDIRECT] [Fatal Error] :1:1: Premature end of file.
2025-01-27 23:22:54,588 [ERROR] LogOutputStream:75 - [STDERR_REDIRECT] 
2025-01-27 23:22:55,589 [ERROR] LogOutputStream:75 - [STDERR_REDIRECT] [Fatal Error] :1:1: Premature end of file.
2025-01-27 23:22:55,589 [ERROR] LogOutputStream:75 - [STDERR_REDIRECT] 
2025-01-27 23:22:56,593 [ERROR] LogOutputStream:75 - [STDERR_REDIRECT] [Fatal Error] :1:1: Premature end of file.
2025-01-27 23:22:56,593 [ERROR] LogOutputStream:75 - [STDERR_REDIRECT] 
2025-01-27 23:22:57,591 [ERROR] LogOutputStream:75 - [STDERR_REDIRECT] [Fatal Error] :1:1: Premature end of file.
2025-01-27 23:22:57,591 [ERROR] LogOutputStream:75 - [STDERR_REDIRECT] 
2025-01-27 23:22:58,578 [ERROR] LogOutputStream:75 - [STDERR_REDIRECT] [Fatal Error] :1:1: Premature end of file.
2025-01-27 23:22:58,578 [ERROR] LogOutputStream:75 - [STDERR_REDIRECT] 
2025-01-27 23:22:59,592 [ERROR] LogOutputStream:75 - [STDERR_REDIRECT] [Fatal Error] :1:1: Premature end of file.
2025-01-27 23:22:59,592 [ERROR] LogOutputStream:75 - [STDERR_REDIRECT] 
2025-01-27 23:23:00,584 [ERROR] LogOutputStream:75 - [STDERR_REDIRECT] [Fatal Error] :1:1: Premature end of file.
2025-01-27 23:23:00,584 [ERROR] LogOutputStream:75 - [STDERR_REDIRECT] 
2025-01-27 23:23:01,592 [ERROR] LogOutputStream:75 - [STDERR_REDIRECT] [Fatal Error] :1:1: Premature end of file.
2025-01-27 23:23:01,592 [ERROR] LogOutputStream:75 - [STDERR_REDIRECT] 
2025-01-27 23:23:02,589 [ERROR] LogOutputStream:75 - [STDERR_REDIRECT] [Fatal Error] :1:1: Premature end of file.
2025-01-27 23:23:02,590 [ERROR] LogOutputStream:75 - [STDERR_REDIRECT] 
2025-01-27 23:23:03,574 [ERROR] LogOutputStream:75 - [STDERR_REDIRECT] [Fatal Error] :1:1: Premature end of file.
2025-01-27 23:23:03,574 [ERROR] LogOutputStream:75 - [STDERR_REDIRECT] 
2025-01-27 23:23:04,593 [ERROR] LogOutputStream:75 - [STDERR_REDIRECT] [Fatal Error] :1:1: Premature end of file.
2025-01-27 23:23:04,593 [ERROR] LogOutputStream:75 - [STDERR_REDIRECT] 
2025-01-27 23:23:05,580 [ERROR] LogOutputStream:75 - [STDERR_REDIRECT] [Fatal Error] :1:1: Premature end of file.
2025-01-27 23:23:05,582 [ERROR] LogOutputStream:75 - [STDERR_REDIRECT] 
2025-01-27 23:23:06,579 [ERROR] LogOutputStream:75 - [STDERR_REDIRECT] [Fatal Error] :1:1: Premature end of file.
2025-01-27 23:23:06,579 [ERROR] LogOutputStream:75 - [STDERR_REDIRECT] 
2025-01-27 23:23:07,589 [ERROR] LogOutputStream:75 - [STDERR_REDIRECT] [Fatal Error] :1:1: Premature end of file.
2025-01-27 23:23:07,589 [ERROR] LogOutputStream:75 - [STDERR_REDIRECT] 
2025-01-27 23:23:08,592 [ERROR] LogOutputStream:75 - [STDERR_REDIRECT] [Fatal Error] :1:1: Premature end of file.
2025-01-27 23:23:08,592 [ERROR] LogOutputStream:75 - [STDERR_REDIRECT] 
2025-01-27 23:23:09,578 [ERROR] LogOutputStream:75 - [STDERR_REDIRECT] [Fatal Error] :1:1: Premature end of file.
2025-01-27 23:23:09,578 [ERROR] LogOutputStream:75 - [STDERR_REDIRECT] 
2025-01-27 23:23:10,610 [ERROR] LogOutputStream:75 - [STDERR_REDIRECT] [Fatal Error] :1:1: Premature end of file.
2025-01-27 23:23:10,610 [ERROR] LogOutputStream:75 - [STDERR_REDIRECT] 
2025-01-27 23:23:11,591 [ERROR] LogOutputStream:75 - [STDERR_REDIRECT] [Fatal Error] :1:1: Premature end of file.
2025-01-27 23:23:11,591 [ERROR] LogOutputStream:75 - [STDERR_REDIRECT] 
2025-01-27 23:23:12,592 [ERROR] LogOutputStream:75 - [STDERR_REDIRECT] [Fatal Error] :1:1: Premature end of file.
2025-01-27 23:23:12,594 [ERROR] LogOutputStream:75 - [STDERR_REDIRECT] 
2025-01-27 23:23:13,594 [ERROR] LogOutputStream:75 - [STDERR_REDIRECT] [Fatal Error] :1:1: Premature end of file.
2025-01-27 23:23:13,594 [ERROR] LogOutputStream:75 - [STDERR_REDIRECT] 
2025-01-27 23:23:14,579 [ERROR] LogOutputStream:75 - [STDERR_REDIRECT] [Fatal Error] :1:1: Premature end of file.
2025-01-27 23:23:14,579 [ERROR] LogOutputStream:75 - [STDERR_REDIRECT] 
2025-01-27 23:23:15,577 [ERROR] LogOutputStream:75 - [STDERR_REDIRECT] [Fatal Error] :1:1: Premature end of file.
2025-01-27 23:23:15,577 [ERROR] LogOutputStream:75 - [STDERR_REDIRECT] 
2025-01-27 23:23:16,587 [ERROR] LogOutputStream:75 - [STDERR_REDIRECT] [Fatal Error] :1:1: Premature end of file.
2025-01-27 23:23:16,587 [ERROR] LogOutputStream:75 - [STDERR_REDIRECT] 
2025-01-27 23:23:17,579 [ERROR] LogOutputStream:75 - [STDERR_REDIRECT] [Fatal Error] :1:1: Premature end of file.
2025-01-27 23:23:17,579 [ERROR] LogOutputStream:75 - [STDERR_REDIRECT] 
2025-01-27 23:23:18,601 [ERROR] LogOutputStream:75 - [STDERR_REDIRECT] [Fatal Error] :1:1: Premature end of file.
2025-01-27 23:23:18,601 [ERROR] LogOutputStream:75 - [STDERR_REDIRECT] 
2025-01-27 23:23:19,598 [ERROR] LogOutputStream:75 - [STDERR_REDIRECT] [Fatal Error] :1:1: Premature end of file.
2025-01-27 23:23:19,598 [ERROR] LogOutputStream:75 - [STDERR_REDIRECT] 
2025-01-27 23:23:20,599 [ERROR] LogOutputStream:75 - [STDERR_REDIRECT] [Fatal Error] :1:1: Premature end of file.
2025-01-27 23:23:20,599 [ERROR] LogOutputStream:75 - [STDERR_REDIRECT] 
2025-01-27 23:23:21,588 [ERROR] LogOutputStream:75 - [STDERR_REDIRECT] [Fatal Error] :1:1: Premature end of file.
2025-01-27 23:23:21,588 [ERROR] LogOutputStream:75 - [STDERR_REDIRECT] 
2025-01-27 23:23:22,583 [ERROR] LogOutputStream:75 - [STDERR_REDIRECT] [Fatal Error] :1:1: Premature end of file.
2025-01-27 23:23:22,583 [ERROR] LogOutputStream:75 - [STDERR_REDIRECT] 
2025-01-27 23:23:23,582 [ERROR] LogOutputStream:75 - [STDERR_REDIRECT] [Fatal Error] :1:1: Premature end of file.
2025-01-27 23:23:23,582 [ERROR] LogOutputStream:75 - [STDERR_REDIRECT] 
2025-01-27 23:23:24,586 [ERROR] LogOutputStream:75 - [STDERR_REDIRECT] [Fatal Error] :1:1: Premature end of file.
2025-01-27 23:23:24,587 [ERROR] LogOutputStream:75 - [STDERR_REDIRECT] 
2025-01-27 23:23:25,589 [ERROR] LogOutputStream:75 - [STDERR_REDIRECT] [Fatal Error] :1:1: Premature end of file.
2025-01-27 23:23:25,589 [ERROR] LogOutputStream:75 - [STDERR_REDIRECT] 
2025-01-27 23:23:26,588 [ERROR] LogOutputStream:75 - [STDERR_REDIRECT] [Fatal Error] :1:1: Premature end of file.
2025-01-27 23:23:26,588 [ERROR] LogOutputStream:75 - [STDERR_REDIRECT] 
2025-01-27 23:23:27,605 [ERROR] LogOutputStream:75 - [STDERR_REDIRECT] [Fatal Error] :1:1: Premature end of file.
2025-01-27 23:23:27,605 [ERROR] LogOutputStream:75 - [STDERR_REDIRECT] 
2025-01-27 23:23:28,590 [ERROR] LogOutputStream:75 - [STDERR_REDIRECT] [Fatal Error] :1:1: Premature end of file.
2025-01-27 23:23:28,590 [ERROR] LogOutputStream:75 - [STDERR_REDIRECT] 
2025-01-27 23:23:29,579 [ERROR] LogOutputStream:75 - [STDERR_REDIRECT] [Fatal Error] :1:1: Premature end of file.
2025-01-27 23:23:29,579 [ERROR] LogOutputStream:75 - [STDERR_REDIRECT] 
2025-01-27 23:23:30,587 [ERROR] LogOutputStream:75 - [STDERR_REDIRECT] [Fatal Error] :1:1: Premature end of file.
2025-01-27 23:23:30,587 [ERROR] LogOutputStream:75 - [STDERR_REDIRECT] 
2025-01-27 23:23:31,592 [ERROR] LogOutputStream:75 - [STDERR_REDIRECT] [Fatal Error] :1:1: Premature end of file.
2025-01-27 23:23:31,592 [ERROR] LogOutputStream:75 - [STDERR_REDIRECT] 
2025-01-27 23:23:32,592 [ERROR] LogOutputStream:75 - [STDERR_REDIRECT] [Fatal Error] :1:1: Premature end of file.
2025-01-27 23:23:32,592 [ERROR] LogOutputStream:75 - [STDERR_REDIRECT] 
2025-01-27 23:23:33,595 [ERROR] LogOutputStream:75 - [STDERR_REDIRECT] [Fatal Error] :1:1: Premature end of file.
2025-01-27 23:23:33,595 [ERROR] LogOutputStream:75 - [STDERR_REDIRECT] 
2025-01-27 23:23:34,583 [ERROR] LogOutputStream:75 - [STDERR_REDIRECT] [Fatal Error] :1:1: Premature end of file.
2025-01-27 23:23:34,583 [ERROR] LogOutputStream:75 - [STDERR_REDIRECT] 
2025-01-27 23:23:35,593 [ERROR] LogOutputStream:75 - [STDERR_REDIRECT] [Fatal Error] :1:1: Premature end of file.
2025-01-27 23:23:35,593 [ERROR] LogOutputStream:75 - [STDERR_REDIRECT] 
2025-01-27 23:23:36,587 [ERROR] LogOutputStream:75 - [STDERR_REDIRECT] [Fatal Error] :1:1: Premature end of file.
2025-01-27 23:23:36,587 [ERROR] LogOutputStream:75 - [STDERR_REDIRECT] 
2025-01-27 23:23:37,594 [ERROR] LogOutputStream:75 - [STDERR_REDIRECT] [Fatal Error] :1:1: Premature end of file.
2025-01-27 23:23:37,594 [ERROR] LogOutputStream:75 - [STDERR_REDIRECT] 
2025-01-27 23:23:38,595 [ERROR] LogOutputStream:75 - [STDERR_REDIRECT] [Fatal Error] :1:1: Premature end of file.
2025-01-27 23:23:38,597 [ERROR] LogOutputStream:75 - [STDERR_REDIRECT] 
2025-01-27 23:23:39,590 [ERROR] LogOutputStream:75 - [STDERR_REDIRECT] [Fatal Error] :1:1: Premature end of file.
2025-01-27 23:23:39,590 [ERROR] LogOutputStream:75 - [STDERR_REDIRECT] 
2025-01-27 23:23:40,586 [ERROR] LogOutputStream:75 - [STDERR_REDIRECT] [Fatal Error] :1:1: Premature end of file.
2025-01-27 23:23:40,586 [ERROR] LogOutputStream:75 - [STDERR_REDIRECT] 
2025-01-27 23:23:41,590 [ERROR] LogOutputStream:75 - [STDERR_REDIRECT] [Fatal Error] :1:1: Premature end of file.
2025-01-27 23:23:41,590 [ERROR] LogOutputStream:75 - [STDERR_REDIRECT] 
2025-01-27 23:23:42,597 [ERROR] LogOutputStream:75 - [STDERR_REDIRECT] [Fatal Error] :1:1: Premature end of file.
2025-01-27 23:23:42,597 [ERROR] LogOutputStream:75 - [STDERR_REDIRECT] 
2025-01-27 23:23:43,576 [ERROR] LogOutputStream:75 - [STDERR_REDIRECT] [Fatal Error] :1:1: Premature end of file.
2025-01-27 23:23:43,576 [ERROR] LogOutputStream:75 - [STDERR_REDIRECT] 
2025-01-27 23:23:44,594 [ERROR] LogOutputStream:75 - [STDERR_REDIRECT] [Fatal Error] :1:1: Premature end of file.
2025-01-27 23:23:44,594 [ERROR] LogOutputStream:75 - [STDERR_REDIRECT] 
2025-01-27 23:23:45,593 [ERROR] LogOutputStream:75 - [STDERR_REDIRECT] [Fatal Error] :1:1: Premature end of file.
2025-01-27 23:23:45,593 [ERROR] LogOutputStream:75 - [STDERR_REDIRECT] 
2025-01-27 23:23:46,585 [ERROR] LogOutputStream:75 - [STDERR_REDIRECT] [Fatal Error] :1:1: Premature end of file.
2025-01-27 23:23:46,585 [ERROR] LogOutputStream:75 - [STDERR_REDIRECT] 
2025-01-27 23:23:47,592 [ERROR] LogOutputStream:75 - [STDERR_REDIRECT] [Fatal Error] :1:1: Premature end of file.
2025-01-27 23:23:47,592 [ERROR] LogOutputStream:75 - [STDERR_REDIRECT] 
2025-01-27 23:23:48,594 [ERROR] LogOutputStream:75 - [STDERR_REDIRECT] [Fatal Error] :1:1: Premature end of file.
2025-01-27 23:23:48,594 [ERROR] LogOutputStream:75 - [STDERR_REDIRECT] 
2025-01-27 23:23:49,607 [ERROR] LogOutputStream:75 - [STDERR_REDIRECT] [Fatal Error] :1:1: Premature end of file.
2025-01-27 23:23:49,607 [ERROR] LogOutputStream:75 - [STDERR_REDIRECT] 
2025-01-27 23:23:50,593 [ERROR] LogOutputStream:75 - [STDERR_REDIRECT] [Fatal Error] :1:1: Premature end of file.
2025-01-27 23:23:50,593 [ERROR] LogOutputStream:75 - [STDERR_REDIRECT] 
2025-01-27 23:23:51,598 [ERROR] LogOutputStream:75 - [STDERR_REDIRECT] [Fatal Error] :1:1: Premature end of file.
2025-01-27 23:23:51,598 [ERROR] LogOutputStream:75 - [STDERR_REDIRECT] 
2025-01-27 23:23:52,589 [ERROR] LogOutputStream:75 - [STDERR_REDIRECT] [Fatal Error] :1:1: Premature end of file.
2025-01-27 23:23:52,589 [ERROR] LogOutputStream:75 - [STDERR_REDIRECT] 
2025-01-27 23:23:53,598 [ERROR] LogOutputStream:75 - [STDERR_REDIRECT] [Fatal Error] :1:1: Premature end of file.
2025-01-27 23:23:53,598 [ERROR] LogOutputStream:75 - [STDERR_REDIRECT] 
2025-01-27 23:23:54,596 [ERROR] LogOutputStream:75 - [STDERR_REDIRECT] [Fatal Error] :1:1: Premature end of file.
2025-01-27 23:23:54,596 [ERROR] LogOutputStream:75 - [STDERR_REDIRECT] 
2025-01-27 23:23:55,594 [ERROR] LogOutputStream:75 - [STDERR_REDIRECT] [Fatal Error] :1:1: Premature end of file.
2025-01-27 23:23:55,594 [ERROR] LogOutputStream:75 - [STDERR_REDIRECT] 
2025-01-27 23:23:56,595 [ERROR] LogOutputStream:75 - [STDERR_REDIRECT] [Fatal Error] :1:1: Premature end of file.
2025-01-27 23:23:56,595 [ERROR] LogOutputStream:75 - [STDERR_REDIRECT] 
2025-01-27 23:23:57,592 [ERROR] LogOutputStream:75 - [STDERR_REDIRECT] [Fatal Error] :1:1: Premature end of file.
2025-01-27 23:23:57,592 [ERROR] LogOutputStream:75 - [STDERR_REDIRECT] 
2025-01-27 23:23:58,580 [ERROR] LogOutputStream:75 - [STDERR_REDIRECT] [Fatal Error] :1:1: Premature end of file.
2025-01-27 23:23:58,580 [ERROR] LogOutputStream:75 - [STDERR_REDIRECT] 
2025-01-27 23:23:59,592 [ERROR] LogOutputStream:75 - [STDERR_REDIRECT] [Fatal Error] :1:1: Premature end of file.
2025-01-27 23:23:59,592 [ERROR] LogOutputStream:75 - [STDERR_REDIRECT] 
2025-01-27 23:24:00,597 [ERROR] LogOutputStream:75 - [STDERR_REDIRECT] [Fatal Error] :1:1: Premature end of file.
2025-01-27 23:24:00,599 [ERROR] LogOutputStream:75 - [STDERR_REDIRECT] 
2025-01-27 23:24:01,604 [ERROR] LogOutputStream:75 - [STDERR_REDIRECT] [Fatal Error] :1:1: Premature end of file.
2025-01-27 23:24:01,604 [ERROR] LogOutputStream:75 - [STDERR_REDIRECT] 
2025-01-27 23:24:02,591 [ERROR] LogOutputStream:75 - [STDERR_REDIRECT] [Fatal Error] :1:1: Premature end of file.
2025-01-27 23:24:02,592 [ERROR] LogOutputStream:75 - [STDERR_REDIRECT] 
2025-01-27 23:24:03,597 [ERROR] LogOutputStream:75 - [STDERR_REDIRECT] [Fatal Error] :1:1: Premature end of file.
2025-01-27 23:24:03,597 [ERROR] LogOutputStream:75 - [STDERR_REDIRECT] 
2025-01-27 23:24:04,587 [ERROR] LogOutputStream:75 - [STDERR_REDIRECT] [Fatal Error] :1:1: Premature end of file.
2025-01-27 23:24:04,587 [ERROR] LogOutputStream:75 - [STDERR_REDIRECT] 
2025-01-27 23:24:05,614 [ERROR] LogOutputStream:75 - [STDERR_REDIRECT] [Fatal Error] :1:1: Premature end of file.
2025-01-27 23:24:05,614 [ERROR] LogOutputStream:75 - [STDERR_REDIRECT] 
2025-01-27 23:24:06,592 [ERROR] LogOutputStream:75 - [STDERR_REDIRECT] [Fatal Error] :1:1: Premature end of file.
2025-01-27 23:24:06,593 [ERROR] LogOutputStream:75 - [STDERR_REDIRECT] 
2025-01-27 23:24:07,599 [ERROR] LogOutputStream:75 - [STDERR_REDIRECT] [Fatal Error] :1:1: Premature end of file.
2025-01-27 23:24:07,600 [ERROR] LogOutputStream:75 - [STDERR_REDIRECT] 
2025-01-27 23:24:08,593 [ERROR] LogOutputStream:75 - [STDERR_REDIRECT] [Fatal Error] :1:1: Premature end of file.
2025-01-27 23:24:08,593 [ERROR] LogOutputStream:75 - [STDERR_REDIRECT] 
2025-01-27 23:24:09,592 [ERROR] LogOutputStream:75 - [STDERR_REDIRECT] [Fatal Error] :1:1: Premature end of file.
2025-01-27 23:24:09,592 [ERROR] LogOutputStream:75 - [STDERR_REDIRECT] 
2025-01-27 23:24:10,582 [ERROR] LogOutputStream:75 - [STDERR_REDIRECT] [Fatal Error] :1:1: Premature end of file.
2025-01-27 23:24:10,582 [ERROR] LogOutputStream:75 - [STDERR_REDIRECT] 
2025-01-27 23:24:11,595 [ERROR] LogOutputStream:75 - [STDERR_REDIRECT] [Fatal Error] :1:1: Premature end of file.
2025-01-27 23:24:11,595 [ERROR] LogOutputStream:75 - [STDERR_REDIRECT] 
2025-01-27 23:24:12,592 [ERROR] LogOutputStream:75 - [STDERR_REDIRECT] [Fatal Error] :1:1: Premature end of file.
2025-01-27 23:24:12,592 [ERROR] LogOutputStream:75 - [STDERR_REDIRECT] 
2025-01-27 23:24:13,590 [ERROR] LogOutputStream:75 - [STDERR_REDIRECT] [Fatal Error] :1:1: Premature end of file.
2025-01-27 23:24:13,590 [ERROR] LogOutputStream:75 - [STDERR_REDIRECT] 
2025-01-27 23:24:14,579 [ERROR] LogOutputStream:75 - [STDERR_REDIRECT] [Fatal Error] :1:1: Premature end of file.
2025-01-27 23:24:14,579 [ERROR] LogOutputStream:75 - [STDERR_REDIRECT] 
2025-01-27 23:24:15,588 [ERROR] LogOutputStream:75 - [STDERR_REDIRECT] [Fatal Error] :1:1: Premature end of file.
2025-01-27 23:24:15,588 [ERROR] LogOutputStream:75 - [STDERR_REDIRECT] 
2025-01-27 23:24:16,600 [ERROR] LogOutputStream:75 - [STDERR_REDIRECT] [Fatal Error] :1:1: Premature end of file.
2025-01-27 23:24:16,600 [ERROR] LogOutputStream:75 - [STDERR_REDIRECT] 
2025-01-27 23:24:17,605 [ERROR] LogOutputStream:75 - [STDERR_REDIRECT] [Fatal Error] :1:1: Premature end of file.
2025-01-27 23:24:17,605 [ERROR] LogOutputStream:75 - [STDERR_REDIRECT] 
2025-01-27 23:24:18,592 [ERROR] LogOutputStream:75 - [STDERR_REDIRECT] [Fatal Error] :1:1: Premature end of file.
2025-01-27 23:24:18,592 [ERROR] LogOutputStream:75 - [STDERR_REDIRECT] 
2025-01-27 23:24:19,592 [ERROR] LogOutputStream:75 - [STDERR_REDIRECT] [Fatal Error] :1:1: Premature end of file.
2025-01-27 23:24:19,592 [ERROR] LogOutputStream:75 - [STDERR_REDIRECT] 
2025-01-27 23:24:20,595 [ERROR] LogOutputStream:75 - [STDERR_REDIRECT] [Fatal Error] :1:1: Premature end of file.
2025-01-27 23:24:20,595 [ERROR] LogOutputStream:75 - [STDERR_REDIRECT] 
2025-01-27 23:24:21,576 [ERROR] LogOutputStream:75 - [STDERR_REDIRECT] [Fatal Error] :1:1: Premature end of file.
2025-01-27 23:24:21,576 [ERROR] LogOutputStream:75 - [STDERR_REDIRECT] 
2025-01-27 23:24:22,605 [ERROR] LogOutputStream:75 - [STDERR_REDIRECT] [Fatal Error] :1:1: Premature end of file.
2025-01-27 23:24:22,605 [ERROR] LogOutputStream:75 - [STDERR_REDIRECT] 
2025-01-27 23:24:23,592 [ERROR] LogOutputStream:75 - [STDERR_REDIRECT] [Fatal Error] :1:1: Premature end of file.
2025-01-27 23:24:23,592 [ERROR] LogOutputStream:75 - [STDERR_REDIRECT] 
2025-01-27 23:24:24,579 [ERROR] LogOutputStream:75 - [STDERR_REDIRECT] [Fatal Error] :1:1: Premature end of file.
2025-01-27 23:24:24,579 [ERROR] LogOutputStream:75 - [STDERR_REDIRECT] 
2025-01-27 23:24:25,596 [ERROR] LogOutputStream:75 - [STDERR_REDIRECT] [Fatal Error] :1:1: Premature end of file.
2025-01-27 23:24:25,596 [ERROR] LogOutputStream:75 - [STDERR_REDIRECT] 
2025-01-27 23:24:26,579 [ERROR] LogOutputStream:75 - [STDERR_REDIRECT] [Fatal Error] :1:1: Premature end of file.
2025-01-27 23:24:26,579 [ERROR] LogOutputStream:75 - [STDERR_REDIRECT] 
2025-01-27 23:24:27,588 [ERROR] LogOutputStream:75 - [STDERR_REDIRECT] [Fatal Error] :1:1: Premature end of file.
2025-01-27 23:24:27,588 [ERROR] LogOutputStream:75 - [STDERR_REDIRECT] 
2025-01-27 23:24:28,595 [ERROR] LogOutputStream:75 - [STDERR_REDIRECT] [Fatal Error] :1:1: Premature end of file.
2025-01-27 23:24:28,595 [ERROR] LogOutputStream:75 - [STDERR_REDIRECT] 
2025-01-27 23:24:29,589 [ERROR] LogOutputStream:75 - [STDERR_REDIRECT] [Fatal Error] :1:1: Premature end of file.
2025-01-27 23:24:29,589 [ERROR] LogOutputStream:75 - [STDERR_REDIRECT] 
2025-01-27 23:24:30,593 [ERROR] LogOutputStream:75 - [STDERR_REDIRECT] [Fatal Error] :1:1: Premature end of file.
2025-01-27 23:24:30,593 [ERROR] LogOutputStream:75 - [STDERR_REDIRECT] 
2025-01-27 23:24:31,590 [ERROR] LogOutputStream:75 - [STDERR_REDIRECT] [Fatal Error] :1:1: Premature end of file.
2025-01-27 23:24:31,591 [ERROR] LogOutputStream:75 - [STDERR_REDIRECT] 
2025-01-27 23:24:32,590 [ERROR] LogOutputStream:75 - [STDERR_REDIRECT] [Fatal Error] :1:1: Premature end of file.
2025-01-27 23:24:32,590 [ERROR] LogOutputStream:75 - [STDERR_REDIRECT] 
2025-01-27 23:24:33,594 [ERROR] LogOutputStream:75 - [STDERR_REDIRECT] [Fatal Error] :1:1: Premature end of file.
2025-01-27 23:24:33,594 [ERROR] LogOutputStream:75 - [STDERR_REDIRECT] 
2025-01-27 23:24:34,582 [ERROR] LogOutputStream:75 - [STDERR_REDIRECT] [Fatal Error] :1:1: Premature end of file.
2025-01-27 23:24:34,582 [ERROR] LogOutputStream:75 - [STDERR_REDIRECT] 
2025-01-27 23:24:35,589 [ERROR] LogOutputStream:75 - [STDERR_REDIRECT] [Fatal Error] :1:1: Premature end of file.
2025-01-27 23:24:35,589 [ERROR] LogOutputStream:75 - [STDERR_REDIRECT] 
2025-01-27 23:24:36,596 [ERROR] LogOutputStream:75 - [STDERR_REDIRECT] [Fatal Error] :1:1: Premature end of file.
2025-01-27 23:24:36,596 [ERROR] LogOutputStream:75 - [STDERR_REDIRECT] 
2025-01-27 23:24:37,595 [ERROR] LogOutputStream:75 - [STDERR_REDIRECT] [Fatal Error] :1:1: Premature end of file.
2025-01-27 23:24:37,595 [ERROR] LogOutputStream:75 - [STDERR_REDIRECT] 
2025-01-27 23:24:38,597 [ERROR] LogOutputStream:75 - [STDERR_REDIRECT] [Fatal Error] :1:1: Premature end of file.
2025-01-27 23:24:38,598 [ERROR] LogOutputStream:75 - [STDERR_REDIRECT] 
2025-01-27 23:24:39,589 [ERROR] LogOutputStream:75 - [STDERR_REDIRECT] [Fatal Error] :1:1: Premature end of file.
2025-01-27 23:24:39,589 [ERROR] LogOutputStream:75 - [STDERR_REDIRECT] 
2025-01-27 23:24:40,591 [ERROR] LogOutputStream:75 - [STDERR_REDIRECT] [Fatal Error] :1:1: Premature end of file.
2025-01-27 23:24:40,591 [ERROR] LogOutputStream:75 - [STDERR_REDIRECT] 
2025-01-27 23:24:41,592 [ERROR] LogOutputStream:75 - [STDERR_REDIRECT] [Fatal Error] :1:1: Premature end of file.
2025-01-27 23:24:41,592 [ERROR] LogOutputStream:75 - [STDERR_REDIRECT] 
2025-01-27 23:24:42,597 [ERROR] LogOutputStream:75 - [STDERR_REDIRECT] [Fatal Error] :1:1: Premature end of file.
2025-01-27 23:24:42,597 [ERROR] LogOutputStream:75 - [STDERR_REDIRECT] 
2025-01-27 23:24:43,586 [ERROR] LogOutputStream:75 - [STDERR_REDIRECT] [Fatal Error] :1:1: Premature end of file.
2025-01-27 23:24:43,586 [ERROR] LogOutputStream:75 - [STDERR_REDIRECT] 
2025-01-27 23:24:44,580 [ERROR] LogOutputStream:75 - [STDERR_REDIRECT] [Fatal Error] :1:1: Premature end of file.
2025-01-27 23:24:44,580 [ERROR] LogOutputStream:75 - [STDERR_REDIRECT] 
2025-01-27 23:24:45,591 [ERROR] LogOutputStream:75 - [STDERR_REDIRECT] [Fatal Error] :1:1: Premature end of file.
2025-01-27 23:24:45,591 [ERROR] LogOutputStream:75 - [STDERR_REDIRECT] 
2025-01-27 23:24:46,580 [ERROR] LogOutputStream:75 - [STDERR_REDIRECT] [Fatal Error] :1:1: Premature end of file.
2025-01-27 23:24:46,580 [ERROR] LogOutputStream:75 - [STDERR_REDIRECT] 
2025-01-27 23:24:47,589 [ERROR] LogOutputStream:75 - [STDERR_REDIRECT] [Fatal Error] :1:1: Premature end of file.
2025-01-27 23:24:47,589 [ERROR] LogOutputStream:75 - [STDERR_REDIRECT] 
2025-01-27 23:24:48,581 [ERROR] LogOutputStream:75 - [STDERR_REDIRECT] [Fatal Error] :1:1: Premature end of file.
2025-01-27 23:24:48,581 [ERROR] LogOutputStream:75 - [STDERR_REDIRECT] 
2025-01-27 23:24:49,588 [ERROR] LogOutputStream:75 - [STDERR_REDIRECT] [Fatal Error] :1:1: Premature end of file.
2025-01-27 23:24:49,589 [ERROR] LogOutputStream:75 - [STDERR_REDIRECT] 
2025-01-27 23:24:50,587 [ERROR] LogOutputStream:75 - [STDERR_REDIRECT] [Fatal Error] :1:1: Premature end of file.
2025-01-27 23:24:50,587 [ERROR] LogOutputStream:75 - [STDERR_REDIRECT] 
2025-01-27 23:24:51,603 [ERROR] LogOutputStream:75 - [STDERR_REDIRECT] [Fatal Error] :1:1: Premature end of file.
2025-01-27 23:24:51,603 [ERROR] LogOutputStream:75 - [STDERR_REDIRECT] 
2025-01-27 23:24:52,583 [ERROR] LogOutputStream:75 - [STDERR_REDIRECT] [Fatal Error] :1:1: Premature end of file.
2025-01-27 23:24:52,583 [ERROR] LogOutputStream:75 - [STDERR_REDIRECT] 
2025-01-27 23:24:53,593 [ERROR] LogOutputStream:75 - [STDERR_REDIRECT] [Fatal Error] :1:1: Premature end of file.
2025-01-27 23:24:53,593 [ERROR] LogOutputStream:75 - [STDERR_REDIRECT] 
2025-01-27 23:24:54,591 [ERROR] LogOutputStream:75 - [STDERR_REDIRECT] [Fatal Error] :1:1: Premature end of file.
2025-01-27 23:24:54,592 [ERROR] LogOutputStream:75 - [STDERR_REDIRECT] 
2025-01-27 23:24:55,592 [ERROR] LogOutputStream:75 - [STDERR_REDIRECT] [Fatal Error] :1:1: Premature end of file.
2025-01-27 23:24:55,592 [ERROR] LogOutputStream:75 - [STDERR_REDIRECT] 
2025-01-27 23:24:56,587 [ERROR] LogOutputStream:75 - [STDERR_REDIRECT] [Fatal Error] :1:1: Premature end of file.
2025-01-27 23:24:56,587 [ERROR] LogOutputStream:75 - [STDERR_REDIRECT] 
2025-01-27 23:24:57,594 [ERROR] LogOutputStream:75 - [STDERR_REDIRECT] [Fatal Error] :1:1: Premature end of file.
2025-01-27 23:24:57,594 [ERROR] LogOutputStream:75 - [STDERR_REDIRECT] 
2025-01-27 23:24:58,582 [ERROR] LogOutputStream:75 - [STDERR_REDIRECT] [Fatal Error] :1:1: Premature end of file.
2025-01-27 23:24:58,582 [ERROR] LogOutputStream:75 - [STDERR_REDIRECT] 
2025-01-27 23:24:59,584 [ERROR] LogOutputStream:75 - [STDERR_REDIRECT] [Fatal Error] :1:1: Premature end of file.
2025-01-27 23:24:59,584 [ERROR] LogOutputStream:75 - [STDERR_REDIRECT] 
2025-01-27 23:25:00,587 [ERROR] LogOutputStream:75 - [STDERR_REDIRECT] [Fatal Error] :1:1: Premature end of file.
2025-01-27 23:25:00,587 [ERROR] LogOutputStream:75 - [STDERR_REDIRECT] 
2025-01-27 23:25:01,590 [ERROR] LogOutputStream:75 - [STDERR_REDIRECT] [Fatal Error] :1:1: Premature end of file.
2025-01-27 23:25:01,590 [ERROR] LogOutputStream:75 - [STDERR_REDIRECT] 
2025-01-27 23:25:02,577 [ERROR] LogOutputStream:75 - [STDERR_REDIRECT] [Fatal Error] :1:1: Premature end of file.
2025-01-27 23:25:02,577 [ERROR] LogOutputStream:75 - [STDERR_REDIRECT] 
2025-01-27 23:25:03,585 [ERROR] LogOutputStream:75 - [STDERR_REDIRECT] [Fatal Error] :1:1: Premature end of file.
2025-01-27 23:25:03,585 [ERROR] LogOutputStream:75 - [STDERR_REDIRECT] 
2025-01-27 23:25:04,587 [ERROR] LogOutputStream:75 - [STDERR_REDIRECT] [Fatal Error] :1:1: Premature end of file.
2025-01-27 23:25:04,587 [ERROR] LogOutputStream:75 - [STDERR_REDIRECT] 
2025-01-27 23:25:05,599 [ERROR] LogOutputStream:75 - [STDERR_REDIRECT] [Fatal Error] :1:1: Premature end of file.
2025-01-27 23:25:05,599 [ERROR] LogOutputStream:75 - [STDERR_REDIRECT] 
2025-01-27 23:25:06,594 [ERROR] LogOutputStream:75 - [STDERR_REDIRECT] [Fatal Error] :1:1: Premature end of file.
2025-01-27 23:25:06,594 [ERROR] LogOutputStream:75 - [STDERR_REDIRECT] 
2025-01-27 23:25:07,576 [ERROR] LogOutputStream:75 - [STDERR_REDIRECT] [Fatal Error] :1:1: Premature end of file.
2025-01-27 23:25:07,576 [ERROR] LogOutputStream:75 - [STDERR_REDIRECT] 
2025-01-27 23:25:08,599 [ERROR] LogOutputStream:75 - [STDERR_REDIRECT] [Fatal Error] :1:1: Premature end of file.
2025-01-27 23:25:08,601 [ERROR] LogOutputStream:75 - [STDERR_REDIRECT] 
2025-01-27 23:25:09,592 [ERROR] LogOutputStream:75 - [STDERR_REDIRECT] [Fatal Error] :1:1: Premature end of file.
2025-01-27 23:25:09,592 [ERROR] LogOutputStream:75 - [STDERR_REDIRECT] 
2025-01-27 23:25:10,579 [ERROR] LogOutputStream:75 - [STDERR_REDIRECT] [Fatal Error] :1:1: Premature end of file.
2025-01-27 23:25:10,579 [ERROR] LogOutputStream:75 - [STDERR_REDIRECT] 
2025-01-27 23:25:11,600 [ERROR] LogOutputStream:75 - [STDERR_REDIRECT] [Fatal Error] :1:1: Premature end of file.
2025-01-27 23:25:11,600 [ERROR] LogOutputStream:75 - [STDERR_REDIRECT] 
2025-01-27 23:25:12,585 [ERROR] LogOutputStream:75 - [STDERR_REDIRECT] [Fatal Error] :1:1: Premature end of file.
2025-01-27 23:25:12,585 [ERROR] LogOutputStream:75 - [STDERR_REDIRECT] 
2025-01-27 23:25:13,588 [ERROR] LogOutputStream:75 - [STDERR_REDIRECT] [Fatal Error] :1:1: Premature end of file.
2025-01-27 23:25:13,588 [ERROR] LogOutputStream:75 - [STDERR_REDIRECT] 
2025-01-27 23:25:14,589 [ERROR] LogOutputStream:75 - [STDERR_REDIRECT] [Fatal Error] :1:1: Premature end of file.
2025-01-27 23:25:14,589 [ERROR] LogOutputStream:75 - [STDERR_REDIRECT] 
2025-01-27 23:25:15,585 [ERROR] LogOutputStream:75 - [STDERR_REDIRECT] [Fatal Error] :1:1: Premature end of file.
2025-01-27 23:25:15,585 [ERROR] LogOutputStream:75 - [STDERR_REDIRECT] 
2025-01-27 23:25:16,584 [ERROR] LogOutputStream:75 - [STDERR_REDIRECT] [Fatal Error] :1:1: Premature end of file.
2025-01-27 23:25:16,584 [ERROR] LogOutputStream:75 - [STDERR_REDIRECT] 
2025-01-27 23:25:17,580 [ERROR] LogOutputStream:75 - [STDERR_REDIRECT] [Fatal Error] :1:1: Premature end of file.
2025-01-27 23:25:17,580 [ERROR] LogOutputStream:75 - [STDERR_REDIRECT] 
2025-01-27 23:25:18,592 [ERROR] LogOutputStream:75 - [STDERR_REDIRECT] [Fatal Error] :1:1: Premature end of file.
2025-01-27 23:25:18,592 [ERROR] LogOutputStream:75 - [STDERR_REDIRECT] 
2025-01-27 23:25:19,593 [ERROR] LogOutputStream:75 - [STDERR_REDIRECT] [Fatal Error] :1:1: Premature end of file.
2025-01-27 23:25:19,593 [ERROR] LogOutputStream:75 - [STDERR_REDIRECT] 
2025-01-27 23:25:20,590 [ERROR] LogOutputStream:75 - [STDERR_REDIRECT] [Fatal Error] :1:1: Premature end of file.
2025-01-27 23:25:20,590 [ERROR] LogOutputStream:75 - [STDERR_REDIRECT] 
2025-01-27 23:25:21,588 [ERROR] LogOutputStream:75 - [STDERR_REDIRECT] [Fatal Error] :1:1: Premature end of file.
2025-01-27 23:25:21,588 [ERROR] LogOutputStream:75 - [STDERR_REDIRECT] 
2025-01-27 23:25:22,576 [ERROR] LogOutputStream:75 - [STDERR_REDIRECT] [Fatal Error] :1:1: Premature end of file.
2025-01-27 23:25:22,576 [ERROR] LogOutputStream:75 - [STDERR_REDIRECT] 
2025-01-27 23:25:23,603 [ERROR] LogOutputStream:75 - [STDERR_REDIRECT] [Fatal Error] :1:1: Premature end of file.
2025-01-27 23:25:23,603 [ERROR] LogOutputStream:75 - [STDERR_REDIRECT] 
2025-01-27 23:25:24,582 [ERROR] LogOutputStream:75 - [STDERR_REDIRECT] [Fatal Error] :1:1: Premature end of file.
2025-01-27 23:25:24,582 [ERROR] LogOutputStream:75 - [STDERR_REDIRECT] 
2025-01-27 23:25:25,580 [ERROR] LogOutputStream:75 - [STDERR_REDIRECT] [Fatal Error] :1:1: Premature end of file.
2025-01-27 23:25:25,580 [ERROR] LogOutputStream:75 - [STDERR_REDIRECT] 
2025-01-27 23:25:26,595 [ERROR] LogOutputStream:75 - [STDERR_REDIRECT] [Fatal Error] :1:1: Premature end of file.
2025-01-27 23:25:26,595 [ERROR] LogOutputStream:75 - [STDERR_REDIRECT] 
2025-01-27 23:25:27,582 [ERROR] LogOutputStream:75 - [STDERR_REDIRECT] [Fatal Error] :1:1: Premature end of file.
2025-01-27 23:25:27,582 [ERROR] LogOutputStream:75 - [STDERR_REDIRECT] 
2025-01-27 23:25:28,594 [ERROR] LogOutputStream:75 - [STDERR_REDIRECT] [Fatal Error] :1:1: Premature end of file.
2025-01-27 23:25:28,594 [ERROR] LogOutputStream:75 - [STDERR_REDIRECT] 
2025-01-27 23:25:29,595 [ERROR] LogOutputStream:75 - [STDERR_REDIRECT] [Fatal Error] :1:1: Premature end of file.
2025-01-27 23:25:29,595 [ERROR] LogOutputStream:75 - [STDERR_REDIRECT] 
2025-01-27 23:25:30,581 [ERROR] LogOutputStream:75 - [STDERR_REDIRECT] [Fatal Error] :1:1: Premature end of file.
2025-01-27 23:25:30,581 [ERROR] LogOutputStream:75 - [STDERR_REDIRECT] 
2025-01-27 23:25:31,587 [ERROR] LogOutputStream:75 - [STDERR_REDIRECT] [Fatal Error] :1:1: Premature end of file.
2025-01-27 23:25:31,589 [ERROR] LogOutputStream:75 - [STDERR_REDIRECT] 
2025-01-27 23:25:32,583 [ERROR] LogOutputStream:75 - [STDERR_REDIRECT] [Fatal Error] :1:1: Premature end of file.
2025-01-27 23:25:32,583 [ERROR] LogOutputStream:75 - [STDERR_REDIRECT] 
2025-01-27 23:25:33,592 [ERROR] LogOutputStream:75 - [STDERR_REDIRECT] [Fatal Error] :1:1: Premature end of file.
2025-01-27 23:25:33,593 [ERROR] LogOutputStream:75 - [STDERR_REDIRECT] 
2025-01-27 23:25:34,591 [ERROR] LogOutputStream:75 - [STDERR_REDIRECT] [Fatal Error] :1:1: Premature end of file.
2025-01-27 23:25:34,592 [ERROR] LogOutputStream:75 - [STDERR_REDIRECT] 
2025-01-27 23:25:35,591 [ERROR] LogOutputStream:75 - [STDERR_REDIRECT] [Fatal Error] :1:1: Premature end of file.
2025-01-27 23:25:35,591 [ERROR] LogOutputStream:75 - [STDERR_REDIRECT] 
2025-01-27 23:25:36,603 [ERROR] LogOutputStream:75 - [STDERR_REDIRECT] [Fatal Error] :1:1: Premature end of file.
2025-01-27 23:25:36,603 [ERROR] LogOutputStream:75 - [STDERR_REDIRECT] 
2025-01-27 23:25:37,588 [ERROR] LogOutputStream:75 - [STDERR_REDIRECT] [Fatal Error] :1:1: Premature end of file.
2025-01-27 23:25:37,589 [ERROR] LogOutputStream:75 - [STDERR_REDIRECT] 
2025-01-27 23:25:38,595 [ERROR] LogOutputStream:75 - [STDERR_REDIRECT] [Fatal Error] :1:1: Premature end of file.
2025-01-27 23:25:38,595 [ERROR] LogOutputStream:75 - [STDERR_REDIRECT] 
2025-01-27 23:25:39,583 [ERROR] LogOutputStream:75 - [STDERR_REDIRECT] [Fatal Error] :1:1: Premature end of file.
2025-01-27 23:25:39,585 [ERROR] LogOutputStream:75 - [STDERR_REDIRECT] 
2025-01-27 23:25:40,594 [ERROR] LogOutputStream:75 - [STDERR_REDIRECT] [Fatal Error] :1:1: Premature end of file.
2025-01-27 23:25:40,594 [ERROR] LogOutputStream:75 - [STDERR_REDIRECT] 
2025-01-27 23:25:41,607 [ERROR] LogOutputStream:75 - [STDERR_REDIRECT] [Fatal Error] :1:1: Premature end of file.
2025-01-27 23:25:41,607 [ERROR] LogOutputStream:75 - [STDERR_REDIRECT] 
2025-01-27 23:25:42,585 [ERROR] LogOutputStream:75 - [STDERR_REDIRECT] [Fatal Error] :1:1: Premature end of file.
2025-01-27 23:25:42,586 [ERROR] LogOutputStream:75 - [STDERR_REDIRECT] 
2025-01-27 23:25:43,599 [ERROR] LogOutputStream:75 - [STDERR_REDIRECT] [Fatal Error] :1:1: Premature end of file.
2025-01-27 23:25:43,599 [ERROR] LogOutputStream:75 - [STDERR_REDIRECT] 
2025-01-27 23:25:44,592 [ERROR] LogOutputStream:75 - [STDERR_REDIRECT] [Fatal Error] :1:1: Premature end of file.
2025-01-27 23:25:44,592 [ERROR] LogOutputStream:75 - [STDERR_REDIRECT] 
2025-01-27 23:25:45,592 [ERROR] LogOutputStream:75 - [STDERR_REDIRECT] [Fatal Error] :1:1: Premature end of file.
2025-01-27 23:25:45,592 [ERROR] LogOutputStream:75 - [STDERR_REDIRECT] 
2025-01-27 23:25:46,579 [ERROR] LogOutputStream:75 - [STDERR_REDIRECT] [Fatal Error] :1:1: Premature end of file.
2025-01-27 23:25:46,580 [ERROR] LogOutputStream:75 - [STDERR_REDIRECT] 
2025-01-27 23:25:47,579 [ERROR] LogOutputStream:75 - [STDERR_REDIRECT] [Fatal Error] :1:1: Premature end of file.
2025-01-27 23:25:47,579 [ERROR] LogOutputStream:75 - [STDERR_REDIRECT] 
2025-01-27 23:25:48,591 [ERROR] LogOutputStream:75 - [STDERR_REDIRECT] [Fatal Error] :1:1: Premature end of file.
2025-01-27 23:25:48,591 [ERROR] LogOutputStream:75 - [STDERR_REDIRECT] 
2025-01-27 23:25:49,589 [ERROR] LogOutputStream:75 - [STDERR_REDIRECT] [Fatal Error] :1:1: Premature end of file.
2025-01-27 23:25:49,590 [ERROR] LogOutputStream:75 - [STDERR_REDIRECT] 
2025-01-27 23:25:50,593 [ERROR] LogOutputStream:75 - [STDERR_REDIRECT] [Fatal Error] :1:1: Premature end of file.
2025-01-27 23:25:50,593 [ERROR] LogOutputStream:75 - [STDERR_REDIRECT] 
2025-01-27 23:25:51,594 [ERROR] LogOutputStream:75 - [STDERR_REDIRECT] [Fatal Error] :1:1: Premature end of file.
2025-01-27 23:25:51,594 [ERROR] LogOutputStream:75 - [STDERR_REDIRECT] 
2025-01-27 23:25:52,585 [ERROR] LogOutputStream:75 - [STDERR_REDIRECT] [Fatal Error] :1:1: Premature end of file.
2025-01-27 23:25:52,585 [ERROR] LogOutputStream:75 - [STDERR_REDIRECT] 
2025-01-27 23:25:53,592 [ERROR] LogOutputStream:75 - [STDERR_REDIRECT] [Fatal Error] :1:1: Premature end of file.
2025-01-27 23:25:53,592 [ERROR] LogOutputStream:75 - [STDERR_REDIRECT] 
2025-01-27 23:25:54,589 [ERROR] LogOutputStream:75 - [STDERR_REDIRECT] [Fatal Error] :1:1: Premature end of file.
2025-01-27 23:25:54,589 [ERROR] LogOutputStream:75 - [STDERR_REDIRECT] 
2025-01-27 23:25:55,585 [ERROR] LogOutputStream:75 - [STDERR_REDIRECT] [Fatal Error] :1:1: Premature end of file.
2025-01-27 23:25:55,585 [ERROR] LogOutputStream:75 - [STDERR_REDIRECT] 
2025-01-27 23:25:56,585 [ERROR] LogOutputStream:75 - [STDERR_REDIRECT] [Fatal Error] :1:1: Premature end of file.
2025-01-27 23:25:56,585 [ERROR] LogOutputStream:75 - [STDERR_REDIRECT] 
2025-01-27 23:25:57,593 [ERROR] LogOutputStream:75 - [STDERR_REDIRECT] [Fatal Error] :1:1: Premature end of file.
2025-01-27 23:25:57,593 [ERROR] LogOutputStream:75 - [STDERR_REDIRECT] 
2025-01-27 23:25:58,580 [ERROR] LogOutputStream:75 - [STDERR_REDIRECT] [Fatal Error] :1:1: Premature end of file.
2025-01-27 23:25:58,580 [ERROR] LogOutputStream:75 - [STDERR_REDIRECT] 
2025-01-27 23:25:59,588 [ERROR] LogOutputStream:75 - [STDERR_REDIRECT] [Fatal Error] :1:1: Premature end of file.
2025-01-27 23:25:59,588 [ERROR] LogOutputStream:75 - [STDERR_REDIRECT] 
2025-01-27 23:26:00,590 [ERROR] LogOutputStream:75 - [STDERR_REDIRECT] [Fatal Error] :1:1: Premature end of file.
2025-01-27 23:26:00,590 [ERROR] LogOutputStream:75 - [STDERR_REDIRECT] 
2025-01-27 23:26:01,576 [ERROR] LogOutputStream:75 - [STDERR_REDIRECT] [Fatal Error] :1:1: Premature end of file.
2025-01-27 23:26:01,576 [ERROR] LogOutputStream:75 - [STDERR_REDIRECT] 
2025-01-27 23:26:02,584 [ERROR] LogOutputStream:75 - [STDERR_REDIRECT] [Fatal Error] :1:1: Premature end of file.
2025-01-27 23:26:02,584 [ERROR] LogOutputStream:75 - [STDERR_REDIRECT] 
2025-01-27 23:26:03,579 [ERROR] LogOutputStream:75 - [STDERR_REDIRECT] [Fatal Error] :1:1: Premature end of file.
2025-01-27 23:26:03,579 [ERROR] LogOutputStream:75 - [STDERR_REDIRECT] 
2025-01-27 23:26:04,593 [ERROR] LogOutputStream:75 - [STDERR_REDIRECT] [Fatal Error] :1:1: Premature end of file.
2025-01-27 23:26:04,593 [ERROR] LogOutputStream:75 - [STDERR_REDIRECT] 
2025-01-27 23:26:05,593 [ERROR] LogOutputStream:75 - [STDERR_REDIRECT] [Fatal Error] :1:1: Premature end of file.
2025-01-27 23:26:05,593 [ERROR] LogOutputStream:75 - [STDERR_REDIRECT] 
2025-01-27 23:26:06,603 [ERROR] LogOutputStream:75 - [STDERR_REDIRECT] [Fatal Error] :1:1: Premature end of file.
2025-01-27 23:26:06,603 [ERROR] LogOutputStream:75 - [STDERR_REDIRECT] 
2025-01-27 23:26:07,595 [ERROR] LogOutputStream:75 - [STDERR_REDIRECT] [Fatal Error] :1:1: Premature end of file.
2025-01-27 23:26:07,595 [ERROR] LogOutputStream:75 - [STDERR_REDIRECT] 
2025-01-27 23:26:08,592 [ERROR] LogOutputStream:75 - [STDERR_REDIRECT] [Fatal Error] :1:1: Premature end of file.
2025-01-27 23:26:08,592 [ERROR] LogOutputStream:75 - [STDERR_REDIRECT] 
2025-01-27 23:26:09,587 [ERROR] LogOutputStream:75 - [STDERR_REDIRECT] [Fatal Error] :1:1: Premature end of file.
2025-01-27 23:26:09,587 [ERROR] LogOutputStream:75 - [STDERR_REDIRECT] 
2025-01-27 23:26:10,583 [ERROR] LogOutputStream:75 - [STDERR_REDIRECT] [Fatal Error] :1:1: Premature end of file.
2025-01-27 23:26:10,583 [ERROR] LogOutputStream:75 - [STDERR_REDIRECT] 
2025-01-27 23:26:11,598 [ERROR] LogOutputStream:75 - [STDERR_REDIRECT] [Fatal Error] :1:1: Premature end of file.
2025-01-27 23:26:11,598 [ERROR] LogOutputStream:75 - [STDERR_REDIRECT] 
2025-01-27 23:26:12,582 [ERROR] LogOutputStream:75 - [STDERR_REDIRECT] [Fatal Error] :1:1: Premature end of file.
2025-01-27 23:26:12,584 [ERROR] LogOutputStream:75 - [STDERR_REDIRECT] 
2025-01-27 23:26:13,586 [ERROR] LogOutputStream:75 - [STDERR_REDIRECT] [Fatal Error] :1:1: Premature end of file.
2025-01-27 23:26:13,586 [ERROR] LogOutputStream:75 - [STDERR_REDIRECT] 
2025-01-27 23:26:14,578 [ERROR] LogOutputStream:75 - [STDERR_REDIRECT] [Fatal Error] :1:1: Premature end of file.
2025-01-27 23:26:14,578 [ERROR] LogOutputStream:75 - [STDERR_REDIRECT] 
2025-01-27 23:26:15,592 [ERROR] LogOutputStream:75 - [STDERR_REDIRECT] [Fatal Error] :1:1: Premature end of file.
2025-01-27 23:26:15,592 [ERROR] LogOutputStream:75 - [STDERR_REDIRECT] 
2025-01-27 23:26:16,579 [ERROR] LogOutputStream:75 - [STDERR_REDIRECT] [Fatal Error] :1:1: Premature end of file.
2025-01-27 23:26:16,579 [ERROR] LogOutputStream:75 - [STDERR_REDIRECT] 
2025-01-27 23:26:17,590 [ERROR] LogOutputStream:75 - [STDERR_REDIRECT] [Fatal Error] :1:1: Premature end of file.
2025-01-27 23:26:17,590 [ERROR] LogOutputStream:75 - [STDERR_REDIRECT] 
2025-01-27 23:26:18,594 [ERROR] LogOutputStream:75 - [STDERR_REDIRECT] [Fatal Error] :1:1: Premature end of file.
2025-01-27 23:26:18,594 [ERROR] LogOutputStream:75 - [STDERR_REDIRECT] 
2025-01-27 23:26:19,581 [ERROR] LogOutputStream:75 - [STDERR_REDIRECT] [Fatal Error] :1:1: Premature end of file.
2025-01-27 23:26:19,582 [ERROR] LogOutputStream:75 - [STDERR_REDIRECT] 
2025-01-27 23:26:20,584 [ERROR] LogOutputStream:75 - [STDERR_REDIRECT] [Fatal Error] :1:1: Premature end of file.
2025-01-27 23:26:20,584 [ERROR] LogOutputStream:75 - [STDERR_REDIRECT] 
2025-01-27 23:26:21,579 [ERROR] LogOutputStream:75 - [STDERR_REDIRECT] [Fatal Error] :1:1: Premature end of file.
2025-01-27 23:26:21,579 [ERROR] LogOutputStream:75 - [STDERR_REDIRECT] 
2025-01-27 23:26:22,585 [ERROR] LogOutputStream:75 - [STDERR_REDIRECT] [Fatal Error] :1:1: Premature end of file.
2025-01-27 23:26:22,585 [ERROR] LogOutputStream:75 - [STDERR_REDIRECT] 
2025-01-27 23:26:23,598 [ERROR] LogOutputStream:75 - [STDERR_REDIRECT] [Fatal Error] :1:1: Premature end of file.
2025-01-27 23:26:23,598 [ERROR] LogOutputStream:75 - [STDERR_REDIRECT] 
2025-01-27 23:26:24,584 [ERROR] LogOutputStream:75 - [STDERR_REDIRECT] [Fatal Error] :1:1: Premature end of file.
2025-01-27 23:26:24,584 [ERROR] LogOutputStream:75 - [STDERR_REDIRECT] 
2025-01-27 23:26:25,589 [ERROR] LogOutputStream:75 - [STDERR_REDIRECT] [Fatal Error] :1:1: Premature end of file.
2025-01-27 23:26:25,590 [ERROR] LogOutputStream:75 - [STDERR_REDIRECT] 
2025-01-27 23:26:26,591 [ERROR] LogOutputStream:75 - [STDERR_REDIRECT] [Fatal Error] :1:1: Premature end of file.
2025-01-27 23:26:26,591 [ERROR] LogOutputStream:75 - [STDERR_REDIRECT] 
2025-01-27 23:26:27,585 [ERROR] LogOutputStream:75 - [STDERR_REDIRECT] [Fatal Error] :1:1: Premature end of file.
2025-01-27 23:26:27,585 [ERROR] LogOutputStream:75 - [STDERR_REDIRECT] 
2025-01-27 23:26:28,580 [ERROR] LogOutputStream:75 - [STDERR_REDIRECT] [Fatal Error] :1:1: Premature end of file.
2025-01-27 23:26:28,580 [ERROR] LogOutputStream:75 - [STDERR_REDIRECT] 
2025-01-27 23:26:29,594 [ERROR] LogOutputStream:75 - [STDERR_REDIRECT] [Fatal Error] :1:1: Premature end of file.
2025-01-27 23:26:29,594 [ERROR] LogOutputStream:75 - [STDERR_REDIRECT] 
2025-01-27 23:26:30,587 [ERROR] LogOutputStream:75 - [STDERR_REDIRECT] [Fatal Error] :1:1: Premature end of file.
2025-01-27 23:26:30,587 [ERROR] LogOutputStream:75 - [STDERR_REDIRECT] 
2025-01-27 23:26:31,594 [ERROR] LogOutputStream:75 - [STDERR_REDIRECT] [Fatal Error] :1:1: Premature end of file.
2025-01-27 23:26:31,594 [ERROR] LogOutputStream:75 - [STDERR_REDIRECT] 
2025-01-27 23:26:32,579 [ERROR] LogOutputStream:75 - [STDERR_REDIRECT] [Fatal Error] :1:1: Premature end of file.
2025-01-27 23:26:32,579 [ERROR] LogOutputStream:75 - [STDERR_REDIRECT] 
2025-01-27 23:26:33,592 [ERROR] LogOutputStream:75 - [STDERR_REDIRECT] [Fatal Error] :1:1: Premature end of file.
2025-01-27 23:26:33,592 [ERROR] LogOutputStream:75 - [STDERR_REDIRECT] 
2025-01-27 23:26:34,578 [ERROR] LogOutputStream:75 - [STDERR_REDIRECT] [Fatal Error] :1:1: Premature end of file.
2025-01-27 23:26:34,578 [ERROR] LogOutputStream:75 - [STDERR_REDIRECT] 
2025-01-27 23:26:35,582 [ERROR] LogOutputStream:75 - [STDERR_REDIRECT] [Fatal Error] :1:1: Premature end of file.
2025-01-27 23:26:35,582 [ERROR] LogOutputStream:75 - [STDERR_REDIRECT] 
2025-01-27 23:26:36,593 [ERROR] LogOutputStream:75 - [STDERR_REDIRECT] [Fatal Error] :1:1: Premature end of file.
2025-01-27 23:26:36,593 [ERROR] LogOutputStream:75 - [STDERR_REDIRECT] 
2025-01-27 23:26:37,590 [ERROR] LogOutputStream:75 - [STDERR_REDIRECT] [Fatal Error] :1:1: Premature end of file.
2025-01-27 23:26:37,590 [ERROR] LogOutputStream:75 - [STDERR_REDIRECT] 
2025-01-27 23:26:38,588 [ERROR] LogOutputStream:75 - [STDERR_REDIRECT] [Fatal Error] :1:1: Premature end of file.
2025-01-27 23:26:38,588 [ERROR] LogOutputStream:75 - [STDERR_REDIRECT] 
2025-01-27 23:26:39,595 [ERROR] LogOutputStream:75 - [STDERR_REDIRECT] [Fatal Error] :1:1: Premature end of file.
2025-01-27 23:26:39,595 [ERROR] LogOutputStream:75 - [STDERR_REDIRECT] 
2025-01-27 23:26:40,587 [ERROR] LogOutputStream:75 - [STDERR_REDIRECT] [Fatal Error] :1:1: Premature end of file.
2025-01-27 23:26:40,587 [ERROR] LogOutputStream:75 - [STDERR_REDIRECT] 
2025-01-27 23:26:41,582 [ERROR] LogOutputStream:75 - [STDERR_REDIRECT] [Fatal Error] :1:1: Premature end of file.
2025-01-27 23:26:41,582 [ERROR] LogOutputStream:75 - [STDERR_REDIRECT] 
2025-01-27 23:26:42,585 [ERROR] LogOutputStream:75 - [STDERR_REDIRECT] [Fatal Error] :1:1: Premature end of file.
2025-01-27 23:26:42,585 [ERROR] LogOutputStream:75 - [STDERR_REDIRECT] 
2025-01-27 23:26:43,591 [ERROR] LogOutputStream:75 - [STDERR_REDIRECT] [Fatal Error] :1:1: Premature end of file.
2025-01-27 23:26:43,591 [ERROR] LogOutputStream:75 - [STDERR_REDIRECT] 
2025-01-27 23:26:44,598 [ERROR] LogOutputStream:75 - [STDERR_REDIRECT] [Fatal Error] :1:1: Premature end of file.
2025-01-27 23:26:44,598 [ERROR] LogOutputStream:75 - [STDERR_REDIRECT] 
2025-01-27 23:26:45,592 [ERROR] LogOutputStream:75 - [STDERR_REDIRECT] [Fatal Error] :1:1: Premature end of file.
2025-01-27 23:26:45,592 [ERROR] LogOutputStream:75 - [STDERR_REDIRECT] 
2025-01-27 23:26:46,583 [ERROR] LogOutputStream:75 - [STDERR_REDIRECT] [Fatal Error] :1:1: Premature end of file.
2025-01-27 23:26:46,583 [ERROR] LogOutputStream:75 - [STDERR_REDIRECT] 
2025-01-27 23:26:47,585 [ERROR] LogOutputStream:75 - [STDERR_REDIRECT] [Fatal Error] :1:1: Premature end of file.
2025-01-27 23:26:47,585 [ERROR] LogOutputStream:75 - [STDERR_REDIRECT] 
2025-01-27 23:26:48,596 [ERROR] LogOutputStream:75 - [STDERR_REDIRECT] [Fatal Error] :1:1: Premature end of file.
2025-01-27 23:26:48,596 [ERROR] LogOutputStream:75 - [STDERR_REDIRECT] 
2025-01-27 23:26:49,608 [ERROR] LogOutputStream:75 - [STDERR_REDIRECT] [Fatal Error] :1:1: Premature end of file.
2025-01-27 23:26:49,608 [ERROR] LogOutputStream:75 - [STDERR_REDIRECT] 
2025-01-27 23:26:50,592 [ERROR] LogOutputStream:75 - [STDERR_REDIRECT] [Fatal Error] :1:1: Premature end of file.
2025-01-27 23:26:50,592 [ERROR] LogOutputStream:75 - [STDERR_REDIRECT] 
2025-01-27 23:26:51,589 [ERROR] LogOutputStream:75 - [STDERR_REDIRECT] [Fatal Error] :1:1: Premature end of file.
2025-01-27 23:26:51,589 [ERROR] LogOutputStream:75 - [STDERR_REDIRECT] 
2025-01-27 23:26:52,589 [ERROR] LogOutputStream:75 - [STDERR_REDIRECT] [Fatal Error] :1:1: Premature end of file.
2025-01-27 23:26:52,591 [ERROR] LogOutputStream:75 - [STDERR_REDIRECT] 
2025-01-27 23:26:53,590 [ERROR] LogOutputStream:75 - [STDERR_REDIRECT] [Fatal Error] :1:1: Premature end of file.
2025-01-27 23:26:53,590 [ERROR] LogOutputStream:75 - [STDERR_REDIRECT] 
2025-01-27 23:26:54,585 [ERROR] LogOutputStream:75 - [STDERR_REDIRECT] [Fatal Error] :1:1: Premature end of file.
2025-01-27 23:26:54,585 [ERROR] LogOutputStream:75 - [STDERR_REDIRECT] 
2025-01-27 23:26:55,585 [ERROR] LogOutputStream:75 - [STDERR_REDIRECT] [Fatal Error] :1:1: Premature end of file.
2025-01-27 23:26:55,585 [ERROR] LogOutputStream:75 - [STDERR_REDIRECT] 
2025-01-27 23:26:56,585 [ERROR] LogOutputStream:75 - [STDERR_REDIRECT] [Fatal Error] :1:1: Premature end of file.
2025-01-27 23:26:56,586 [ERROR] LogOutputStream:75 - [STDERR_REDIRECT] 
2025-01-27 23:26:57,587 [ERROR] LogOutputStream:75 - [STDERR_REDIRECT] [Fatal Error] :1:1: Premature end of file.
2025-01-27 23:26:57,587 [ERROR] LogOutputStream:75 - [STDERR_REDIRECT] 
2025-01-27 23:26:58,591 [ERROR] LogOutputStream:75 - [STDERR_REDIRECT] [Fatal Error] :1:1: Premature end of file.
2025-01-27 23:26:58,591 [ERROR] LogOutputStream:75 - [STDERR_REDIRECT] 
2025-01-27 23:26:59,577 [ERROR] LogOutputStream:75 - [STDERR_REDIRECT] [Fatal Error] :1:1: Premature end of file.
2025-01-27 23:26:59,577 [ERROR] LogOutputStream:75 - [STDERR_REDIRECT] 
2025-01-27 23:27:00,592 [ERROR] LogOutputStream:75 - [STDERR_REDIRECT] [Fatal Error] :1:1: Premature end of file.
2025-01-27 23:27:00,592 [ERROR] LogOutputStream:75 - [STDERR_REDIRECT] 
2025-01-27 23:27:01,597 [ERROR] LogOutputStream:75 - [STDERR_REDIRECT] [Fatal Error] :1:1: Premature end of file.
2025-01-27 23:27:01,599 [ERROR] LogOutputStream:75 - [STDERR_REDIRECT] 
2025-01-27 23:27:02,584 [ERROR] LogOutputStream:75 - [STDERR_REDIRECT] [Fatal Error] :1:1: Premature end of file.
2025-01-27 23:27:02,584 [ERROR] LogOutputStream:75 - [STDERR_REDIRECT] 
2025-01-27 23:27:03,598 [ERROR] LogOutputStream:75 - [STDERR_REDIRECT] [Fatal Error] :1:1: Premature end of file.
2025-01-27 23:27:03,598 [ERROR] LogOutputStream:75 - [STDERR_REDIRECT] 
2025-01-27 23:27:04,582 [ERROR] LogOutputStream:75 - [STDERR_REDIRECT] [Fatal Error] :1:1: Premature end of file.
2025-01-27 23:27:04,582 [ERROR] LogOutputStream:75 - [STDERR_REDIRECT] 
2025-01-27 23:27:05,578 [ERROR] LogOutputStream:75 - [STDERR_REDIRECT] [Fatal Error] :1:1: Premature end of file.
2025-01-27 23:27:05,578 [ERROR] LogOutputStream:75 - [STDERR_REDIRECT] 
2025-01-27 23:27:06,593 [ERROR] LogOutputStream:75 - [STDERR_REDIRECT] [Fatal Error] :1:1: Premature end of file.
2025-01-27 23:27:06,593 [ERROR] LogOutputStream:75 - [STDERR_REDIRECT] 
2025-01-27 23:27:07,583 [ERROR] LogOutputStream:75 - [STDERR_REDIRECT] [Fatal Error] :1:1: Premature end of file.
2025-01-27 23:27:07,583 [ERROR] LogOutputStream:75 - [STDERR_REDIRECT] 
2025-01-27 23:27:08,582 [ERROR] LogOutputStream:75 - [STDERR_REDIRECT] [Fatal Error] :1:1: Premature end of file.
2025-01-27 23:27:08,582 [ERROR] LogOutputStream:75 - [STDERR_REDIRECT] 
2025-01-27 23:27:09,588 [ERROR] LogOutputStream:75 - [STDERR_REDIRECT] [Fatal Error] :1:1: Premature end of file.
2025-01-27 23:27:09,588 [ERROR] LogOutputStream:75 - [STDERR_REDIRECT] 
2025-01-27 23:27:10,581 [ERROR] LogOutputStream:75 - [STDERR_REDIRECT] [Fatal Error] :1:1: Premature end of file.
2025-01-27 23:27:10,581 [ERROR] LogOutputStream:75 - [STDERR_REDIRECT] 
2025-01-27 23:27:11,584 [ERROR] LogOutputStream:75 - [STDERR_REDIRECT] [Fatal Error] :1:1: Premature end of file.
2025-01-27 23:27:11,584 [ERROR] LogOutputStream:75 - [STDERR_REDIRECT] 
2025-01-27 23:27:12,582 [ERROR] LogOutputStream:75 - [STDERR_REDIRECT] [Fatal Error] :1:1: Premature end of file.
2025-01-27 23:27:12,582 [ERROR] LogOutputStream:75 - [STDERR_REDIRECT] 
2025-01-27 23:27:13,585 [ERROR] LogOutputStream:75 - [STDERR_REDIRECT] [Fatal Error] :1:1: Premature end of file.
2025-01-27 23:27:13,585 [ERROR] LogOutputStream:75 - [STDERR_REDIRECT] 
2025-01-27 23:27:14,584 [ERROR] LogOutputStream:75 - [STDERR_REDIRECT] [Fatal Error] :1:1: Premature end of file.
2025-01-27 23:27:14,584 [ERROR] LogOutputStream:75 - [STDERR_REDIRECT] 
2025-01-27 23:27:15,588 [ERROR] LogOutputStream:75 - [STDERR_REDIRECT] [Fatal Error] :1:1: Premature end of file.
2025-01-27 23:27:15,589 [ERROR] LogOutputStream:75 - [STDERR_REDIRECT] 
2025-01-27 23:27:16,591 [ERROR] LogOutputStream:75 - [STDERR_REDIRECT] [Fatal Error] :1:1: Premature end of file.
2025-01-27 23:27:16,591 [ERROR] LogOutputStream:75 - [STDERR_REDIRECT] 
2025-01-27 23:27:17,585 [ERROR] LogOutputStream:75 - [STDERR_REDIRECT] [Fatal Error] :1:1: Premature end of file.
2025-01-27 23:27:17,585 [ERROR] LogOutputStream:75 - [STDERR_REDIRECT] 
2025-01-27 23:27:18,584 [ERROR] LogOutputStream:75 - [STDERR_REDIRECT] [Fatal Error] :1:1: Premature end of file.
2025-01-27 23:27:18,584 [ERROR] LogOutputStream:75 - [STDERR_REDIRECT] 
2025-01-27 23:27:19,598 [ERROR] LogOutputStream:75 - [STDERR_REDIRECT] [Fatal Error] :1:1: Premature end of file.
2025-01-27 23:27:19,598 [ERROR] LogOutputStream:75 - [STDERR_REDIRECT] 
2025-01-27 23:27:20,590 [ERROR] LogOutputStream:75 - [STDERR_REDIRECT] [Fatal Error] :1:1: Premature end of file.
2025-01-27 23:27:20,590 [ERROR] LogOutputStream:75 - [STDERR_REDIRECT] 
2025-01-27 23:27:21,595 [ERROR] LogOutputStream:75 - [STDERR_REDIRECT] [Fatal Error] :1:1: Premature end of file.
2025-01-27 23:27:21,595 [ERROR] LogOutputStream:75 - [STDERR_REDIRECT] 
2025-01-27 23:27:22,597 [ERROR] LogOutputStream:75 - [STDERR_REDIRECT] [Fatal Error] :1:1: Premature end of file.
2025-01-27 23:27:22,597 [ERROR] LogOutputStream:75 - [STDERR_REDIRECT] 
2025-01-27 23:27:23,592 [ERROR] LogOutputStream:75 - [STDERR_REDIRECT] [Fatal Error] :1:1: Premature end of file.
2025-01-27 23:27:23,592 [ERROR] LogOutputStream:75 - [STDERR_REDIRECT] 
2025-01-27 23:27:24,593 [ERROR] LogOutputStream:75 - [STDERR_REDIRECT] [Fatal Error] :1:1: Premature end of file.
2025-01-27 23:27:24,593 [ERROR] LogOutputStream:75 - [STDERR_REDIRECT] 
2025-01-27 23:27:25,591 [ERROR] LogOutputStream:75 - [STDERR_REDIRECT] [Fatal Error] :1:1: Premature end of file.
2025-01-27 23:27:25,591 [ERROR] LogOutputStream:75 - [STDERR_REDIRECT] 
2025-01-27 23:27:26,588 [ERROR] LogOutputStream:75 - [STDERR_REDIRECT] [Fatal Error] :1:1: Premature end of file.
2025-01-27 23:27:26,588 [ERROR] LogOutputStream:75 - [STDERR_REDIRECT] 
2025-01-27 23:27:27,597 [ERROR] LogOutputStream:75 - [STDERR_REDIRECT] [Fatal Error] :1:1: Premature end of file.
2025-01-27 23:27:27,597 [ERROR] LogOutputStream:75 - [STDERR_REDIRECT] 
2025-01-27 23:27:28,592 [ERROR] LogOutputStream:75 - [STDERR_REDIRECT] [Fatal Error] :1:1: Premature end of file.
2025-01-27 23:27:28,592 [ERROR] LogOutputStream:75 - [STDERR_REDIRECT] 
2025-01-27 23:27:29,587 [ERROR] LogOutputStream:75 - [STDERR_REDIRECT] [Fatal Error] :1:1: Premature end of file.
2025-01-27 23:27:29,587 [ERROR] LogOutputStream:75 - [STDERR_REDIRECT] 
2025-01-27 23:27:30,590 [ERROR] LogOutputStream:75 - [STDERR_REDIRECT] [Fatal Error] :1:1: Premature end of file.
2025-01-27 23:27:30,590 [ERROR] LogOutputStream:75 - [STDERR_REDIRECT] 
2025-01-27 23:27:31,585 [ERROR] LogOutputStream:75 - [STDERR_REDIRECT] [Fatal Error] :1:1: Premature end of file.
2025-01-27 23:27:31,585 [ERROR] LogOutputStream:75 - [STDERR_REDIRECT] 
2025-01-27 23:27:32,583 [ERROR] LogOutputStream:75 - [STDERR_REDIRECT] [Fatal Error] :1:1: Premature end of file.
2025-01-27 23:27:32,583 [ERROR] LogOutputStream:75 - [STDERR_REDIRECT] 
2025-01-27 23:27:33,579 [ERROR] LogOutputStream:75 - [STDERR_REDIRECT] [Fatal Error] :1:1: Premature end of file.
2025-01-27 23:27:33,579 [ERROR] LogOutputStream:75 - [STDERR_REDIRECT] 
2025-01-27 23:27:34,574 [ERROR] LogOutputStream:75 - [STDERR_REDIRECT] [Fatal Error] :1:1: Premature end of file.
2025-01-27 23:27:34,574 [ERROR] LogOutputStream:75 - [STDERR_REDIRECT] 
2025-01-27 23:27:35,582 [ERROR] LogOutputStream:75 - [STDERR_REDIRECT] [Fatal Error] :1:1: Premature end of file.
2025-01-27 23:27:35,582 [ERROR] LogOutputStream:75 - [STDERR_REDIRECT] 
2025-01-27 23:27:36,581 [ERROR] LogOutputStream:75 - [STDERR_REDIRECT] [Fatal Error] :1:1: Premature end of file.
2025-01-27 23:27:36,581 [ERROR] LogOutputStream:75 - [STDERR_REDIRECT] 
2025-01-27 23:27:37,586 [ERROR] LogOutputStream:75 - [STDERR_REDIRECT] [Fatal Error] :1:1: Premature end of file.
2025-01-27 23:27:37,586 [ERROR] LogOutputStream:75 - [STDERR_REDIRECT] 
2025-01-27 23:27:38,592 [ERROR] LogOutputStream:75 - [STDERR_REDIRECT] [Fatal Error] :1:1: Premature end of file.
2025-01-27 23:27:38,592 [ERROR] LogOutputStream:75 - [STDERR_REDIRECT] 
2025-01-27 23:27:39,592 [ERROR] LogOutputStream:75 - [STDERR_REDIRECT] [Fatal Error] :1:1: Premature end of file.
2025-01-27 23:27:39,592 [ERROR] LogOutputStream:75 - [STDERR_REDIRECT] 
2025-01-27 23:27:40,584 [ERROR] LogOutputStream:75 - [STDERR_REDIRECT] [Fatal Error] :1:1: Premature end of file.
2025-01-27 23:27:40,585 [ERROR] LogOutputStream:75 - [STDERR_REDIRECT] 
2025-01-27 23:27:41,588 [ERROR] LogOutputStream:75 - [STDERR_REDIRECT] [Fatal Error] :1:1: Premature end of file.
2025-01-27 23:27:41,588 [ERROR] LogOutputStream:75 - [STDERR_REDIRECT] 
2025-01-27 23:27:42,591 [ERROR] LogOutputStream:75 - [STDERR_REDIRECT] [Fatal Error] :1:1: Premature end of file.
2025-01-27 23:27:42,591 [ERROR] LogOutputStream:75 - [STDERR_REDIRECT] 
2025-01-27 23:27:43,582 [ERROR] LogOutputStream:75 - [STDERR_REDIRECT] [Fatal Error] :1:1: Premature end of file.
2025-01-27 23:27:43,582 [ERROR] LogOutputStream:75 - [STDERR_REDIRECT] 
2025-01-27 23:27:44,582 [ERROR] LogOutputStream:75 - [STDERR_REDIRECT] [Fatal Error] :1:1: Premature end of file.
2025-01-27 23:27:44,584 [ERROR] LogOutputStream:75 - [STDERR_REDIRECT] 
2025-01-27 23:27:45,594 [ERROR] LogOutputStream:75 - [STDERR_REDIRECT] [Fatal Error] :1:1: Premature end of file.
2025-01-27 23:27:45,596 [ERROR] LogOutputStream:75 - [STDERR_REDIRECT] 
2025-01-27 23:27:46,578 [ERROR] LogOutputStream:75 - [STDERR_REDIRECT] [Fatal Error] :1:1: Premature end of file.
2025-01-27 23:27:46,578 [ERROR] LogOutputStream:75 - [STDERR_REDIRECT] 
2025-01-27 23:27:47,589 [ERROR] LogOutputStream:75 - [STDERR_REDIRECT] [Fatal Error] :1:1: Premature end of file.
2025-01-27 23:27:47,589 [ERROR] LogOutputStream:75 - [STDERR_REDIRECT] 
2025-01-27 23:27:48,588 [ERROR] LogOutputStream:75 - [STDERR_REDIRECT] [Fatal Error] :1:1: Premature end of file.
2025-01-27 23:27:48,588 [ERROR] LogOutputStream:75 - [STDERR_REDIRECT] 
2025-01-27 23:27:49,584 [ERROR] LogOutputStream:75 - [STDERR_REDIRECT] [Fatal Error] :1:1: Premature end of file.
2025-01-27 23:27:49,584 [ERROR] LogOutputStream:75 - [STDERR_REDIRECT] 
2025-01-27 23:27:50,589 [ERROR] LogOutputStream:75 - [STDERR_REDIRECT] [Fatal Error] :1:1: Premature end of file.
2025-01-27 23:27:50,589 [ERROR] LogOutputStream:75 - [STDERR_REDIRECT] 
2025-01-27 23:27:51,592 [ERROR] LogOutputStream:75 - [STDERR_REDIRECT] [Fatal Error] :1:1: Premature end of file.
2025-01-27 23:27:51,592 [ERROR] LogOutputStream:75 - [STDERR_REDIRECT] 
2025-01-27 23:27:52,589 [ERROR] LogOutputStream:75 - [STDERR_REDIRECT] [Fatal Error] :1:1: Premature end of file.
2025-01-27 23:27:52,589 [ERROR] LogOutputStream:75 - [STDERR_REDIRECT] 
2025-01-27 23:27:53,591 [ERROR] LogOutputStream:75 - [STDERR_REDIRECT] [Fatal Error] :1:1: Premature end of file.
2025-01-27 23:27:53,591 [ERROR] LogOutputStream:75 - [STDERR_REDIRECT] 
2025-01-27 23:27:54,581 [ERROR] LogOutputStream:75 - [STDERR_REDIRECT] [Fatal Error] :1:1: Premature end of file.
2025-01-27 23:27:54,581 [ERROR] LogOutputStream:75 - [STDERR_REDIRECT] 
2025-01-27 23:27:55,582 [ERROR] LogOutputStream:75 - [STDERR_REDIRECT] [Fatal Error] :1:1: Premature end of file.
2025-01-27 23:27:55,582 [ERROR] LogOutputStream:75 - [STDERR_REDIRECT] 
2025-01-27 23:27:56,595 [ERROR] LogOutputStream:75 - [STDERR_REDIRECT] [Fatal Error] :1:1: Premature end of file.
2025-01-27 23:27:56,595 [ERROR] LogOutputStream:75 - [STDERR_REDIRECT] 
2025-01-27 23:27:57,589 [ERROR] LogOutputStream:75 - [STDERR_REDIRECT] [Fatal Error] :1:1: Premature end of file.
2025-01-27 23:27:57,589 [ERROR] LogOutputStream:75 - [STDERR_REDIRECT] 
2025-01-27 23:27:58,592 [ERROR] LogOutputStream:75 - [STDERR_REDIRECT] [Fatal Error] :1:1: Premature end of file.
2025-01-27 23:27:58,592 [ERROR] LogOutputStream:75 - [STDERR_REDIRECT] 
2025-01-27 23:27:59,591 [ERROR] LogOutputStream:75 - [STDERR_REDIRECT] [Fatal Error] :1:1: Premature end of file.
2025-01-27 23:27:59,591 [ERROR] LogOutputStream:75 - [STDERR_REDIRECT] 
2025-01-27 23:28:00,597 [ERROR] LogOutputStream:75 - [STDERR_REDIRECT] [Fatal Error] :1:1: Premature end of file.
2025-01-27 23:28:00,597 [ERROR] LogOutputStream:75 - [STDERR_REDIRECT] 
2025-01-27 23:28:01,587 [ERROR] LogOutputStream:75 - [STDERR_REDIRECT] [Fatal Error] :1:1: Premature end of file.
2025-01-27 23:28:01,587 [ERROR] LogOutputStream:75 - [STDERR_REDIRECT] 
2025-01-27 23:28:02,600 [ERROR] LogOutputStream:75 - [STDERR_REDIRECT] [Fatal Error] :1:1: Premature end of file.
2025-01-27 23:28:02,600 [ERROR] LogOutputStream:75 - [STDERR_REDIRECT] 
2025-01-27 23:28:03,586 [ERROR] LogOutputStream:75 - [STDERR_REDIRECT] [Fatal Error] :1:1: Premature end of file.
2025-01-27 23:28:03,586 [ERROR] LogOutputStream:75 - [STDERR_REDIRECT] 
2025-01-27 23:28:04,582 [ERROR] LogOutputStream:75 - [STDERR_REDIRECT] [Fatal Error] :1:1: Premature end of file.
2025-01-27 23:28:04,583 [ERROR] LogOutputStream:75 - [STDERR_REDIRECT] 
2025-01-27 23:28:05,575 [ERROR] LogOutputStream:75 - [STDERR_REDIRECT] [Fatal Error] :1:1: Premature end of file.
2025-01-27 23:28:05,575 [ERROR] LogOutputStream:75 - [STDERR_REDIRECT] 
2025-01-27 23:28:06,587 [ERROR] LogOutputStream:75 - [STDERR_REDIRECT] [Fatal Error] :1:1: Premature end of file.
2025-01-27 23:28:06,587 [ERROR] LogOutputStream:75 - [STDERR_REDIRECT] 
2025-01-27 23:28:07,604 [ERROR] LogOutputStream:75 - [STDERR_REDIRECT] [Fatal Error] :1:1: Premature end of file.
2025-01-27 23:28:07,604 [ERROR] LogOutputStream:75 - [STDERR_REDIRECT] 
2025-01-27 23:28:08,592 [ERROR] LogOutputStream:75 - [STDERR_REDIRECT] [Fatal Error] :1:1: Premature end of file.
2025-01-27 23:28:08,592 [ERROR] LogOutputStream:75 - [STDERR_REDIRECT] 
2025-01-27 23:28:09,592 [ERROR] LogOutputStream:75 - [STDERR_REDIRECT] [Fatal Error] :1:1: Premature end of file.
2025-01-27 23:28:09,592 [ERROR] LogOutputStream:75 - [STDERR_REDIRECT] 
2025-01-27 23:28:10,583 [ERROR] LogOutputStream:75 - [STDERR_REDIRECT] [Fatal Error] :1:1: Premature end of file.
2025-01-27 23:28:10,583 [ERROR] LogOutputStream:75 - [STDERR_REDIRECT] 
2025-01-27 23:28:11,596 [ERROR] LogOutputStream:75 - [STDERR_REDIRECT] [Fatal Error] :1:1: Premature end of file.
2025-01-27 23:28:11,596 [ERROR] LogOutputStream:75 - [STDERR_REDIRECT] 
2025-01-27 23:28:12,593 [ERROR] LogOutputStream:75 - [STDERR_REDIRECT] [Fatal Error] :1:1: Premature end of file.
2025-01-27 23:28:12,593 [ERROR] LogOutputStream:75 - [STDERR_REDIRECT] 
2025-01-27 23:28:13,588 [ERROR] LogOutputStream:75 - [STDERR_REDIRECT] [Fatal Error] :1:1: Premature end of file.
2025-01-27 23:28:13,588 [ERROR] LogOutputStream:75 - [STDERR_REDIRECT] 
2025-01-27 23:28:14,592 [ERROR] LogOutputStream:75 - [STDERR_REDIRECT] [Fatal Error] :1:1: Premature end of file.
2025-01-27 23:28:14,592 [ERROR] LogOutputStream:75 - [STDERR_REDIRECT] 
2025-01-27 23:28:15,593 [ERROR] LogOutputStream:75 - [STDERR_REDIRECT] [Fatal Error] :1:1: Premature end of file.
2025-01-27 23:28:15,593 [ERROR] LogOutputStream:75 - [STDERR_REDIRECT] 
2025-01-27 23:28:16,588 [ERROR] LogOutputStream:75 - [STDERR_REDIRECT] [Fatal Error] :1:1: Premature end of file.
2025-01-27 23:28:16,588 [ERROR] LogOutputStream:75 - [STDERR_REDIRECT] 
2025-01-27 23:28:17,604 [ERROR] LogOutputStream:75 - [STDERR_REDIRECT] [Fatal Error] :1:1: Premature end of file.
2025-01-27 23:28:17,604 [ERROR] LogOutputStream:75 - [STDERR_REDIRECT] 
2025-01-27 23:28:18,589 [ERROR] LogOutputStream:75 - [STDERR_REDIRECT] [Fatal Error] :1:1: Premature end of file.
2025-01-27 23:28:18,589 [ERROR] LogOutputStream:75 - [STDERR_REDIRECT] 
2025-01-27 23:28:19,594 [ERROR] LogOutputStream:75 - [STDERR_REDIRECT] [Fatal Error] :1:1: Premature end of file.
2025-01-27 23:28:19,594 [ERROR] LogOutputStream:75 - [STDERR_REDIRECT] 
2025-01-27 23:28:20,594 [ERROR] LogOutputStream:75 - [STDERR_REDIRECT] [Fatal Error] :1:1: Premature end of file.
2025-01-27 23:28:20,594 [ERROR] LogOutputStream:75 - [STDERR_REDIRECT] 
2025-01-27 23:28:21,595 [ERROR] LogOutputStream:75 - [STDERR_REDIRECT] [Fatal Error] :1:1: Premature end of file.
2025-01-27 23:28:21,595 [ERROR] LogOutputStream:75 - [STDERR_REDIRECT] 
2025-01-27 23:28:22,596 [ERROR] LogOutputStream:75 - [STDERR_REDIRECT] [Fatal Error] :1:1: Premature end of file.
2025-01-27 23:28:22,596 [ERROR] LogOutputStream:75 - [STDERR_REDIRECT] 
2025-01-27 23:28:23,592 [ERROR] LogOutputStream:75 - [STDERR_REDIRECT] [Fatal Error] :1:1: Premature end of file.
2025-01-27 23:28:23,592 [ERROR] LogOutputStream:75 - [STDERR_REDIRECT] 
2025-01-27 23:28:24,587 [ERROR] LogOutputStream:75 - [STDERR_REDIRECT] [Fatal Error] :1:1: Premature end of file.
2025-01-27 23:28:24,587 [ERROR] LogOutputStream:75 - [STDERR_REDIRECT] 
2025-01-27 23:28:25,599 [ERROR] LogOutputStream:75 - [STDERR_REDIRECT] [Fatal Error] :1:1: Premature end of file.
2025-01-27 23:28:25,599 [ERROR] LogOutputStream:75 - [STDERR_REDIRECT] 
2025-01-27 23:28:26,599 [ERROR] LogOutputStream:75 - [STDERR_REDIRECT] [Fatal Error] :1:1: Premature end of file.
2025-01-27 23:28:26,599 [ERROR] LogOutputStream:75 - [STDERR_REDIRECT] 
2025-01-27 23:28:27,590 [ERROR] LogOutputStream:75 - [STDERR_REDIRECT] [Fatal Error] :1:1: Premature end of file.
2025-01-27 23:28:27,590 [ERROR] LogOutputStream:75 - [STDERR_REDIRECT] 
2025-01-27 23:28:28,584 [ERROR] LogOutputStream:75 - [STDERR_REDIRECT] [Fatal Error] :1:1: Premature end of file.
2025-01-27 23:28:28,584 [ERROR] LogOutputStream:75 - [STDERR_REDIRECT] 
2025-01-27 23:28:29,589 [ERROR] LogOutputStream:75 - [STDERR_REDIRECT] [Fatal Error] :1:1: Premature end of file.
2025-01-27 23:28:29,589 [ERROR] LogOutputStream:75 - [STDERR_REDIRECT] 
2025-01-27 23:28:30,585 [ERROR] LogOutputStream:75 - [STDERR_REDIRECT] [Fatal Error] :1:1: Premature end of file.
2025-01-27 23:28:30,585 [ERROR] LogOutputStream:75 - [STDERR_REDIRECT] 
2025-01-27 23:28:31,598 [ERROR] LogOutputStream:75 - [STDERR_REDIRECT] [Fatal Error] :1:1: Premature end of file.
2025-01-27 23:28:31,598 [ERROR] LogOutputStream:75 - [STDERR_REDIRECT] 
2025-01-27 23:28:32,586 [ERROR] LogOutputStream:75 - [STDERR_REDIRECT] [Fatal Error] :1:1: Premature end of file.
2025-01-27 23:28:32,586 [ERROR] LogOutputStream:75 - [STDERR_REDIRECT] 
2025-01-27 23:28:33,595 [ERROR] LogOutputStream:75 - [STDERR_REDIRECT] [Fatal Error] :1:1: Premature end of file.
2025-01-27 23:28:33,595 [ERROR] LogOutputStream:75 - [STDERR_REDIRECT] 
2025-01-27 23:28:34,580 [ERROR] LogOutputStream:75 - [STDERR_REDIRECT] [Fatal Error] :1:1: Premature end of file.
2025-01-27 23:28:34,580 [ERROR] LogOutputStream:75 - [STDERR_REDIRECT] 
2025-01-27 23:28:35,584 [ERROR] LogOutputStream:75 - [STDERR_REDIRECT] [Fatal Error] :1:1: Premature end of file.
2025-01-27 23:28:35,584 [ERROR] LogOutputStream:75 - [STDERR_REDIRECT] 
2025-01-27 23:28:36,594 [ERROR] LogOutputStream:75 - [STDERR_REDIRECT] [Fatal Error] :1:1: Premature end of file.
2025-01-27 23:28:36,594 [ERROR] LogOutputStream:75 - [STDERR_REDIRECT] 
2025-01-27 23:28:37,592 [ERROR] LogOutputStream:75 - [STDERR_REDIRECT] [Fatal Error] :1:1: Premature end of file.
2025-01-27 23:28:37,592 [ERROR] LogOutputStream:75 - [STDERR_REDIRECT] 
2025-01-27 23:28:38,594 [ERROR] LogOutputStream:75 - [STDERR_REDIRECT] [Fatal Error] :1:1: Premature end of file.
2025-01-27 23:28:38,594 [ERROR] LogOutputStream:75 - [STDERR_REDIRECT] 
2025-01-27 23:28:39,590 [ERROR] LogOutputStream:75 - [STDERR_REDIRECT] [Fatal Error] :1:1: Premature end of file.
2025-01-27 23:28:39,590 [ERROR] LogOutputStream:75 - [STDERR_REDIRECT] 
2025-01-27 23:28:40,595 [ERROR] LogOutputStream:75 - [STDERR_REDIRECT] [Fatal Error] :1:1: Premature end of file.
2025-01-27 23:28:40,595 [ERROR] LogOutputStream:75 - [STDERR_REDIRECT] 
2025-01-27 23:28:41,605 [ERROR] LogOutputStream:75 - [STDERR_REDIRECT] [Fatal Error] :1:1: Premature end of file.
2025-01-27 23:28:41,605 [ERROR] LogOutputStream:75 - [STDERR_REDIRECT] 
2025-01-27 23:28:42,589 [ERROR] LogOutputStream:75 - [STDERR_REDIRECT] [Fatal Error] :1:1: Premature end of file.
2025-01-27 23:28:42,589 [ERROR] LogOutputStream:75 - [STDERR_REDIRECT] 
2025-01-27 23:28:43,593 [ERROR] LogOutputStream:75 - [STDERR_REDIRECT] [Fatal Error] :1:1: Premature end of file.
2025-01-27 23:28:43,593 [ERROR] LogOutputStream:75 - [STDERR_REDIRECT] 
2025-01-27 23:28:44,595 [ERROR] LogOutputStream:75 - [STDERR_REDIRECT] [Fatal Error] :1:1: Premature end of file.
2025-01-27 23:28:44,595 [ERROR] LogOutputStream:75 - [STDERR_REDIRECT] 
2025-01-27 23:28:45,593 [ERROR] LogOutputStream:75 - [STDERR_REDIRECT] [Fatal Error] :1:1: Premature end of file.
2025-01-27 23:28:45,593 [ERROR] LogOutputStream:75 - [STDERR_REDIRECT] 
2025-01-27 23:28:46,583 [ERROR] LogOutputStream:75 - [STDERR_REDIRECT] [Fatal Error] :1:1: Premature end of file.
2025-01-27 23:28:46,583 [ERROR] LogOutputStream:75 - [STDERR_REDIRECT] 
2025-01-27 23:28:47,591 [ERROR] LogOutputStream:75 - [STDERR_REDIRECT] [Fatal Error] :1:1: Premature end of file.
2025-01-27 23:28:47,591 [ERROR] LogOutputStream:75 - [STDERR_REDIRECT] 
2025-01-27 23:28:48,592 [ERROR] LogOutputStream:75 - [STDERR_REDIRECT] [Fatal Error] :1:1: Premature end of file.
2025-01-27 23:28:48,594 [ERROR] LogOutputStream:75 - [STDERR_REDIRECT] 
2025-01-27 23:28:49,587 [ERROR] LogOutputStream:75 - [STDERR_REDIRECT] [Fatal Error] :1:1: Premature end of file.
2025-01-27 23:28:49,587 [ERROR] LogOutputStream:75 - [STDERR_REDIRECT] 
2025-01-27 23:28:50,591 [ERROR] LogOutputStream:75 - [STDERR_REDIRECT] [Fatal Error] :1:1: Premature end of file.
2025-01-27 23:28:50,591 [ERROR] LogOutputStream:75 - [STDERR_REDIRECT] 
2025-01-27 23:28:51,595 [ERROR] LogOutputStream:75 - [STDERR_REDIRECT] [Fatal Error] :1:1: Premature end of file.
2025-01-27 23:28:51,595 [ERROR] LogOutputStream:75 - [STDERR_REDIRECT] 
2025-01-27 23:28:52,587 [ERROR] LogOutputStream:75 - [STDERR_REDIRECT] [Fatal Error] :1:1: Premature end of file.
2025-01-27 23:28:52,587 [ERROR] LogOutputStream:75 - [STDERR_REDIRECT] 
2025-01-27 23:28:53,589 [ERROR] LogOutputStream:75 - [STDERR_REDIRECT] [Fatal Error] :1:1: Premature end of file.
2025-01-27 23:28:53,589 [ERROR] LogOutputStream:75 - [STDERR_REDIRECT] 
2025-01-27 23:28:54,589 [ERROR] LogOutputStream:75 - [STDERR_REDIRECT] [Fatal Error] :1:1: Premature end of file.
2025-01-27 23:28:54,589 [ERROR] LogOutputStream:75 - [STDERR_REDIRECT] 
2025-01-27 23:28:55,590 [ERROR] LogOutputStream:75 - [STDERR_REDIRECT] [Fatal Error] :1:1: Premature end of file.
2025-01-27 23:28:55,590 [ERROR] LogOutputStream:75 - [STDERR_REDIRECT] 
2025-01-27 23:28:56,585 [ERROR] LogOutputStream:75 - [STDERR_REDIRECT] [Fatal Error] :1:1: Premature end of file.
2025-01-27 23:28:56,585 [ERROR] LogOutputStream:75 - [STDERR_REDIRECT] 
2025-01-27 23:28:57,589 [ERROR] LogOutputStream:75 - [STDERR_REDIRECT] [Fatal Error] :1:1: Premature end of file.
2025-01-27 23:28:57,589 [ERROR] LogOutputStream:75 - [STDERR_REDIRECT] 
2025-01-27 23:28:58,588 [ERROR] LogOutputStream:75 - [STDERR_REDIRECT] [Fatal Error] :1:1: Premature end of file.
2025-01-27 23:28:58,588 [ERROR] LogOutputStream:75 - [STDERR_REDIRECT] 
2025-01-27 23:28:59,592 [ERROR] LogOutputStream:75 - [STDERR_REDIRECT] [Fatal Error] :1:1: Premature end of file.
2025-01-27 23:28:59,592 [ERROR] LogOutputStream:75 - [STDERR_REDIRECT] 
2025-01-27 23:29:00,595 [ERROR] LogOutputStream:75 - [STDERR_REDIRECT] [Fatal Error] :1:1: Premature end of file.
2025-01-27 23:29:00,595 [ERROR] LogOutputStream:75 - [STDERR_REDIRECT] 
2025-01-27 23:29:01,596 [ERROR] LogOutputStream:75 - [STDERR_REDIRECT] [Fatal Error] :1:1: Premature end of file.
2025-01-27 23:29:01,596 [ERROR] LogOutputStream:75 - [STDERR_REDIRECT] 
2025-01-27 23:29:02,593 [ERROR] LogOutputStream:75 - [STDERR_REDIRECT] [Fatal Error] :1:1: Premature end of file.
2025-01-27 23:29:02,593 [ERROR] LogOutputStream:75 - [STDERR_REDIRECT] 
2025-01-27 23:29:03,606 [ERROR] LogOutputStream:75 - [STDERR_REDIRECT] [Fatal Error] :1:1: Premature end of file.
2025-01-27 23:29:03,607 [ERROR] LogOutputStream:75 - [STDERR_REDIRECT] 
2025-01-27 23:29:04,592 [ERROR] LogOutputStream:75 - [STDERR_REDIRECT] [Fatal Error] :1:1: Premature end of file.
2025-01-27 23:29:04,592 [ERROR] LogOutputStream:75 - [STDERR_REDIRECT] 
2025-01-27 23:29:05,592 [ERROR] LogOutputStream:75 - [STDERR_REDIRECT] [Fatal Error] :1:1: Premature end of file.
2025-01-27 23:29:05,592 [ERROR] LogOutputStream:75 - [STDERR_REDIRECT] 
2025-01-27 23:29:06,598 [ERROR] LogOutputStream:75 - [STDERR_REDIRECT] [Fatal Error] :1:1: Premature end of file.
2025-01-27 23:29:06,598 [ERROR] LogOutputStream:75 - [STDERR_REDIRECT] 
2025-01-27 23:29:07,588 [ERROR] LogOutputStream:75 - [STDERR_REDIRECT] [Fatal Error] :1:1: Premature end of file.
2025-01-27 23:29:07,588 [ERROR] LogOutputStream:75 - [STDERR_REDIRECT] 
2025-01-27 23:29:08,587 [ERROR] LogOutputStream:75 - [STDERR_REDIRECT] [Fatal Error] :1:1: Premature end of file.
2025-01-27 23:29:08,587 [ERROR] LogOutputStream:75 - [STDERR_REDIRECT] 
2025-01-27 23:29:09,601 [ERROR] LogOutputStream:75 - [STDERR_REDIRECT] [Fatal Error] :1:1: Premature end of file.
2025-01-27 23:29:09,601 [ERROR] LogOutputStream:75 - [STDERR_REDIRECT] 
2025-01-27 23:29:10,579 [ERROR] LogOutputStream:75 - [STDERR_REDIRECT] [Fatal Error] :1:1: Premature end of file.
2025-01-27 23:29:10,579 [ERROR] LogOutputStream:75 - [STDERR_REDIRECT] 
2025-01-27 23:29:11,598 [ERROR] LogOutputStream:75 - [STDERR_REDIRECT] [Fatal Error] :1:1: Premature end of file.
2025-01-27 23:29:11,598 [ERROR] LogOutputStream:75 - [STDERR_REDIRECT] 
2025-01-27 23:29:12,592 [ERROR] LogOutputStream:75 - [STDERR_REDIRECT] [Fatal Error] :1:1: Premature end of file.
2025-01-27 23:29:12,592 [ERROR] LogOutputStream:75 - [STDERR_REDIRECT] 
2025-01-27 23:29:13,598 [ERROR] LogOutputStream:75 - [STDERR_REDIRECT] [Fatal Error] :1:1: Premature end of file.
2025-01-27 23:29:13,598 [ERROR] LogOutputStream:75 - [STDERR_REDIRECT] 
2025-01-27 23:29:14,587 [ERROR] LogOutputStream:75 - [STDERR_REDIRECT] [Fatal Error] :1:1: Premature end of file.
2025-01-27 23:29:14,587 [ERROR] LogOutputStream:75 - [STDERR_REDIRECT] 
2025-01-27 23:29:15,588 [ERROR] LogOutputStream:75 - [STDERR_REDIRECT] [Fatal Error] :1:1: Premature end of file.
2025-01-27 23:29:15,588 [ERROR] LogOutputStream:75 - [STDERR_REDIRECT] 
2025-01-27 23:29:16,598 [ERROR] LogOutputStream:75 - [STDERR_REDIRECT] [Fatal Error] :1:1: Premature end of file.
2025-01-27 23:29:16,598 [ERROR] LogOutputStream:75 - [STDERR_REDIRECT] 
2025-01-27 23:29:17,594 [ERROR] LogOutputStream:75 - [STDERR_REDIRECT] [Fatal Error] :1:1: Premature end of file.
2025-01-27 23:29:17,594 [ERROR] LogOutputStream:75 - [STDERR_REDIRECT] 
2025-01-27 23:29:18,595 [ERROR] LogOutputStream:75 - [STDERR_REDIRECT] [Fatal Error] :1:1: Premature end of file.
2025-01-27 23:29:18,595 [ERROR] LogOutputStream:75 - [STDERR_REDIRECT] 
2025-01-27 23:29:19,593 [ERROR] LogOutputStream:75 - [STDERR_REDIRECT] [Fatal Error] :1:1: Premature end of file.
2025-01-27 23:29:19,593 [ERROR] LogOutputStream:75 - [STDERR_REDIRECT] 
2025-01-27 23:29:20,597 [ERROR] LogOutputStream:75 - [STDERR_REDIRECT] [Fatal Error] :1:1: Premature end of file.
2025-01-27 23:29:20,597 [ERROR] LogOutputStream:75 - [STDERR_REDIRECT] 
2025-01-27 23:29:21,586 [ERROR] LogOutputStream:75 - [STDERR_REDIRECT] [Fatal Error] :1:1: Premature end of file.
2025-01-27 23:29:21,586 [ERROR] LogOutputStream:75 - [STDERR_REDIRECT] 
2025-01-27 23:29:22,596 [ERROR] LogOutputStream:75 - [STDERR_REDIRECT] [Fatal Error] :1:1: Premature end of file.
2025-01-27 23:29:22,596 [ERROR] LogOutputStream:75 - [STDERR_REDIRECT] 
2025-01-27 23:29:23,599 [ERROR] LogOutputStream:75 - [STDERR_REDIRECT] [Fatal Error] :1:1: Premature end of file.
2025-01-27 23:29:23,599 [ERROR] LogOutputStream:75 - [STDERR_REDIRECT] 
2025-01-27 23:29:24,594 [ERROR] LogOutputStream:75 - [STDERR_REDIRECT] [Fatal Error] :1:1: Premature end of file.
2025-01-27 23:29:24,594 [ERROR] LogOutputStream:75 - [STDERR_REDIRECT] 
2025-01-27 23:29:25,592 [ERROR] LogOutputStream:75 - [STDERR_REDIRECT] [Fatal Error] :1:1: Premature end of file.
2025-01-27 23:29:25,592 [ERROR] LogOutputStream:75 - [STDERR_REDIRECT] 
2025-01-27 23:29:26,597 [ERROR] LogOutputStream:75 - [STDERR_REDIRECT] [Fatal Error] :1:1: Premature end of file.
2025-01-27 23:29:26,597 [ERROR] LogOutputStream:75 - [STDERR_REDIRECT] 
2025-01-27 23:29:27,593 [ERROR] LogOutputStream:75 - [STDERR_REDIRECT] [Fatal Error] :1:1: Premature end of file.
2025-01-27 23:29:27,593 [ERROR] LogOutputStream:75 - [STDERR_REDIRECT] 
2025-01-27 23:29:28,596 [ERROR] LogOutputStream:75 - [STDERR_REDIRECT] [Fatal Error] :1:1: Premature end of file.
2025-01-27 23:29:28,596 [ERROR] LogOutputStream:75 - [STDERR_REDIRECT] 
2025-01-27 23:29:29,597 [ERROR] LogOutputStream:75 - [STDERR_REDIRECT] [Fatal Error] :1:1: Premature end of file.
2025-01-27 23:29:29,597 [ERROR] LogOutputStream:75 - [STDERR_REDIRECT] 
2025-01-27 23:29:30,584 [ERROR] LogOutputStream:75 - [STDERR_REDIRECT] [Fatal Error] :1:1: Premature end of file.
2025-01-27 23:29:30,584 [ERROR] LogOutputStream:75 - [STDERR_REDIRECT] 
2025-01-27 23:29:31,581 [ERROR] LogOutputStream:75 - [STDERR_REDIRECT] [Fatal Error] :1:1: Premature end of file.
2025-01-27 23:29:31,581 [ERROR] LogOutputStream:75 - [STDERR_REDIRECT] 
2025-01-27 23:29:32,581 [ERROR] LogOutputStream:75 - [STDERR_REDIRECT] [Fatal Error] :1:1: Premature end of file.
2025-01-27 23:29:32,581 [ERROR] LogOutputStream:75 - [STDERR_REDIRECT] 
2025-01-27 23:29:33,582 [ERROR] LogOutputStream:75 - [STDERR_REDIRECT] [Fatal Error] :1:1: Premature end of file.
2025-01-27 23:29:33,582 [ERROR] LogOutputStream:75 - [STDERR_REDIRECT] 
2025-01-27 23:29:34,582 [ERROR] LogOutputStream:75 - [STDERR_REDIRECT] [Fatal Error] :1:1: Premature end of file.
2025-01-27 23:29:34,582 [ERROR] LogOutputStream:75 - [STDERR_REDIRECT] 
2025-01-27 23:29:35,612 [ERROR] LogOutputStream:75 - [STDERR_REDIRECT] [Fatal Error] :1:1: Premature end of file.
2025-01-27 23:29:35,612 [ERROR] LogOutputStream:75 - [STDERR_REDIRECT] 
2025-01-27 23:29:36,594 [ERROR] LogOutputStream:75 - [STDERR_REDIRECT] [Fatal Error] :1:1: Premature end of file.
2025-01-27 23:29:36,594 [ERROR] LogOutputStream:75 - [STDERR_REDIRECT] 
2025-01-27 23:29:37,598 [ERROR] LogOutputStream:75 - [STDERR_REDIRECT] [Fatal Error] :1:1: Premature end of file.
2025-01-27 23:29:37,598 [ERROR] LogOutputStream:75 - [STDERR_REDIRECT] 
2025-01-27 23:29:38,587 [ERROR] LogOutputStream:75 - [STDERR_REDIRECT] [Fatal Error] :1:1: Premature end of file.
2025-01-27 23:29:38,587 [ERROR] LogOutputStream:75 - [STDERR_REDIRECT] 
2025-01-27 23:29:39,589 [ERROR] LogOutputStream:75 - [STDERR_REDIRECT] [Fatal Error] :1:1: Premature end of file.
2025-01-27 23:29:39,589 [ERROR] LogOutputStream:75 - [STDERR_REDIRECT] 
2025-01-27 23:29:40,593 [ERROR] LogOutputStream:75 - [STDERR_REDIRECT] [Fatal Error] :1:1: Premature end of file.
2025-01-27 23:29:40,593 [ERROR] LogOutputStream:75 - [STDERR_REDIRECT] 
2025-01-27 23:29:41,593 [ERROR] LogOutputStream:75 - [STDERR_REDIRECT] [Fatal Error] :1:1: Premature end of file.
2025-01-27 23:29:41,593 [ERROR] LogOutputStream:75 - [STDERR_REDIRECT] 
2025-01-27 23:29:42,594 [ERROR] LogOutputStream:75 - [STDERR_REDIRECT] [Fatal Error] :1:1: Premature end of file.
2025-01-27 23:29:42,594 [ERROR] LogOutputStream:75 - [STDERR_REDIRECT] 
2025-01-27 23:29:43,593 [ERROR] LogOutputStream:75 - [STDERR_REDIRECT] [Fatal Error] :1:1: Premature end of file.
2025-01-27 23:29:43,593 [ERROR] LogOutputStream:75 - [STDERR_REDIRECT] 
2025-01-27 23:29:44,596 [ERROR] LogOutputStream:75 - [STDERR_REDIRECT] [Fatal Error] :1:1: Premature end of file.
2025-01-27 23:29:44,596 [ERROR] LogOutputStream:75 - [STDERR_REDIRECT] 
2025-01-27 23:29:45,593 [ERROR] LogOutputStream:75 - [STDERR_REDIRECT] [Fatal Error] :1:1: Premature end of file.
2025-01-27 23:29:45,593 [ERROR] LogOutputStream:75 - [STDERR_REDIRECT] 
2025-01-27 23:29:46,585 [ERROR] LogOutputStream:75 - [STDERR_REDIRECT] [Fatal Error] :1:1: Premature end of file.
2025-01-27 23:29:46,585 [ERROR] LogOutputStream:75 - [STDERR_REDIRECT] 
2025-01-27 23:29:47,582 [ERROR] LogOutputStream:75 - [STDERR_REDIRECT] [Fatal Error] :1:1: Premature end of file.
2025-01-27 23:29:47,582 [ERROR] LogOutputStream:75 - [STDERR_REDIRECT] 
2025-01-27 23:29:48,588 [ERROR] LogOutputStream:75 - [STDERR_REDIRECT] [Fatal Error] :1:1: Premature end of file.
2025-01-27 23:29:48,588 [ERROR] LogOutputStream:75 - [STDERR_REDIRECT] 
2025-01-27 23:29:49,594 [ERROR] LogOutputStream:75 - [STDERR_REDIRECT] [Fatal Error] :1:1: Premature end of file.
2025-01-27 23:29:49,594 [ERROR] LogOutputStream:75 - [STDERR_REDIRECT] 
2025-01-27 23:29:50,586 [ERROR] LogOutputStream:75 - [STDERR_REDIRECT] [Fatal Error] :1:1: Premature end of file.
2025-01-27 23:29:50,586 [ERROR] LogOutputStream:75 - [STDERR_REDIRECT] 
2025-01-27 23:29:51,585 [ERROR] LogOutputStream:75 - [STDERR_REDIRECT] [Fatal Error] :1:1: Premature end of file.
2025-01-27 23:29:51,585 [ERROR] LogOutputStream:75 - [STDERR_REDIRECT] 
2025-01-27 23:29:52,589 [ERROR] LogOutputStream:75 - [STDERR_REDIRECT] [Fatal Error] :1:1: Premature end of file.
2025-01-27 23:29:52,589 [ERROR] LogOutputStream:75 - [STDERR_REDIRECT] 
2025-01-27 23:29:53,588 [ERROR] LogOutputStream:75 - [STDERR_REDIRECT] [Fatal Error] :1:1: Premature end of file.
2025-01-27 23:29:53,588 [ERROR] LogOutputStream:75 - [STDERR_REDIRECT] 
2025-01-27 23:29:54,588 [ERROR] LogOutputStream:75 - [STDERR_REDIRECT] [Fatal Error] :1:1: Premature end of file.
2025-01-27 23:29:54,588 [ERROR] LogOutputStream:75 - [STDERR_REDIRECT] 
2025-01-27 23:29:55,576 [ERROR] LogOutputStream:75 - [STDERR_REDIRECT] [Fatal Error] :1:1: Premature end of file.
2025-01-27 23:29:55,576 [ERROR] LogOutputStream:75 - [STDERR_REDIRECT] 
2025-01-27 23:29:56,591 [ERROR] LogOutputStream:75 - [STDERR_REDIRECT] [Fatal Error] :1:1: Premature end of file.
2025-01-27 23:29:56,591 [ERROR] LogOutputStream:75 - [STDERR_REDIRECT] 
2025-01-27 23:29:57,589 [ERROR] LogOutputStream:75 - [STDERR_REDIRECT] [Fatal Error] :1:1: Premature end of file.
2025-01-27 23:29:57,589 [ERROR] LogOutputStream:75 - [STDERR_REDIRECT] 
2025-01-27 23:29:58,589 [ERROR] LogOutputStream:75 - [STDERR_REDIRECT] [Fatal Error] :1:1: Premature end of file.
2025-01-27 23:29:58,589 [ERROR] LogOutputStream:75 - [STDERR_REDIRECT] 
2025-01-27 23:29:59,586 [ERROR] LogOutputStream:75 - [STDERR_REDIRECT] [Fatal Error] :1:1: Premature end of file.
2025-01-27 23:29:59,586 [ERROR] LogOutputStream:75 - [STDERR_REDIRECT] 
2025-01-27 23:30:00,577 [ERROR] LogOutputStream:75 - [STDERR_REDIRECT] [Fatal Error] :1:1: Premature end of file.
2025-01-27 23:30:00,577 [ERROR] LogOutputStream:75 - [STDERR_REDIRECT] 
2025-01-27 23:30:01,588 [ERROR] LogOutputStream:75 - [STDERR_REDIRECT] [Fatal Error] :1:1: Premature end of file.
2025-01-27 23:30:01,588 [ERROR] LogOutputStream:75 - [STDERR_REDIRECT] 
2025-01-27 23:30:02,579 [ERROR] LogOutputStream:75 - [STDERR_REDIRECT] [Fatal Error] :1:1: Premature end of file.
2025-01-27 23:30:02,579 [ERROR] LogOutputStream:75 - [STDERR_REDIRECT] 
2025-01-27 23:30:03,593 [ERROR] LogOutputStream:75 - [STDERR_REDIRECT] [Fatal Error] :1:1: Premature end of file.
2025-01-27 23:30:03,593 [ERROR] LogOutputStream:75 - [STDERR_REDIRECT] 
2025-01-27 23:30:04,604 [ERROR] LogOutputStream:75 - [STDERR_REDIRECT] [Fatal Error] :1:1: Premature end of file.
2025-01-27 23:30:04,604 [ERROR] LogOutputStream:75 - [STDERR_REDIRECT] 
2025-01-27 23:30:05,590 [ERROR] LogOutputStream:75 - [STDERR_REDIRECT] [Fatal Error] :1:1: Premature end of file.
2025-01-27 23:30:05,591 [ERROR] LogOutputStream:75 - [STDERR_REDIRECT] 
2025-01-27 23:30:06,589 [ERROR] LogOutputStream:75 - [STDERR_REDIRECT] [Fatal Error] :1:1: Premature end of file.
2025-01-27 23:30:06,589 [ERROR] LogOutputStream:75 - [STDERR_REDIRECT] 
2025-01-27 23:30:07,591 [ERROR] LogOutputStream:75 - [STDERR_REDIRECT] [Fatal Error] :1:1: Premature end of file.
2025-01-27 23:30:07,591 [ERROR] LogOutputStream:75 - [STDERR_REDIRECT] 
2025-01-27 23:30:08,586 [ERROR] LogOutputStream:75 - [STDERR_REDIRECT] [Fatal Error] :1:1: Premature end of file.
2025-01-27 23:30:08,586 [ERROR] LogOutputStream:75 - [STDERR_REDIRECT] 
2025-01-27 23:30:09,589 [ERROR] LogOutputStream:75 - [STDERR_REDIRECT] [Fatal Error] :1:1: Premature end of file.
2025-01-27 23:30:09,589 [ERROR] LogOutputStream:75 - [STDERR_REDIRECT] 
2025-01-27 23:30:10,608 [ERROR] LogOutputStream:75 - [STDERR_REDIRECT] [Fatal Error] :1:1: Premature end of file.
2025-01-27 23:30:10,608 [ERROR] LogOutputStream:75 - [STDERR_REDIRECT] 
2025-01-27 23:30:11,594 [ERROR] LogOutputStream:75 - [STDERR_REDIRECT] [Fatal Error] :1:1: Premature end of file.
2025-01-27 23:30:11,594 [ERROR] LogOutputStream:75 - [STDERR_REDIRECT] 
2025-01-27 23:30:12,593 [ERROR] LogOutputStream:75 - [STDERR_REDIRECT] [Fatal Error] :1:1: Premature end of file.
2025-01-27 23:30:12,593 [ERROR] LogOutputStream:75 - [STDERR_REDIRECT] 
2025-01-27 23:30:13,593 [ERROR] LogOutputStream:75 - [STDERR_REDIRECT] [Fatal Error] :1:1: Premature end of file.
2025-01-27 23:30:13,593 [ERROR] LogOutputStream:75 - [STDERR_REDIRECT] 
2025-01-27 23:30:14,592 [ERROR] LogOutputStream:75 - [STDERR_REDIRECT] [Fatal Error] :1:1: Premature end of file.
2025-01-27 23:30:14,592 [ERROR] LogOutputStream:75 - [STDERR_REDIRECT] 
2025-01-27 23:30:15,592 [ERROR] LogOutputStream:75 - [STDERR_REDIRECT] [Fatal Error] :1:1: Premature end of file.
2025-01-27 23:30:15,592 [ERROR] LogOutputStream:75 - [STDERR_REDIRECT] 
2025-01-27 23:30:16,587 [ERROR] LogOutputStream:75 - [STDERR_REDIRECT] [Fatal Error] :1:1: Premature end of file.
2025-01-27 23:30:16,587 [ERROR] LogOutputStream:75 - [STDERR_REDIRECT] 
2025-01-27 23:30:17,595 [ERROR] LogOutputStream:75 - [STDERR_REDIRECT] [Fatal Error] :1:1: Premature end of file.
2025-01-27 23:30:17,595 [ERROR] LogOutputStream:75 - [STDERR_REDIRECT] 
2025-01-27 23:30:18,588 [ERROR] LogOutputStream:75 - [STDERR_REDIRECT] [Fatal Error] :1:1: Premature end of file.
2025-01-27 23:30:18,588 [ERROR] LogOutputStream:75 - [STDERR_REDIRECT] 
2025-01-27 23:30:19,589 [ERROR] LogOutputStream:75 - [STDERR_REDIRECT] [Fatal Error] :1:1: Premature end of file.
2025-01-27 23:30:19,589 [ERROR] LogOutputStream:75 - [STDERR_REDIRECT] 
2025-01-27 23:30:20,589 [ERROR] LogOutputStream:75 - [STDERR_REDIRECT] [Fatal Error] :1:1: Premature end of file.
2025-01-27 23:30:20,591 [ERROR] LogOutputStream:75 - [STDERR_REDIRECT] 
2025-01-27 23:30:21,592 [ERROR] LogOutputStream:75 - [STDERR_REDIRECT] [Fatal Error] :1:1: Premature end of file.
2025-01-27 23:30:21,592 [ERROR] LogOutputStream:75 - [STDERR_REDIRECT] 
2025-01-27 23:30:22,582 [ERROR] LogOutputStream:75 - [STDERR_REDIRECT] [Fatal Error] :1:1: Premature end of file.
2025-01-27 23:30:22,582 [ERROR] LogOutputStream:75 - [STDERR_REDIRECT] 
2025-01-27 23:30:23,598 [ERROR] LogOutputStream:75 - [STDERR_REDIRECT] [Fatal Error] :1:1: Premature end of file.
2025-01-27 23:30:23,598 [ERROR] LogOutputStream:75 - [STDERR_REDIRECT] 
2025-01-27 23:30:24,600 [ERROR] LogOutputStream:75 - [STDERR_REDIRECT] [Fatal Error] :1:1: Premature end of file.
2025-01-27 23:30:24,600 [ERROR] LogOutputStream:75 - [STDERR_REDIRECT] 
2025-01-27 23:30:25,589 [ERROR] LogOutputStream:75 - [STDERR_REDIRECT] [Fatal Error] :1:1: Premature end of file.
2025-01-27 23:30:25,589 [ERROR] LogOutputStream:75 - [STDERR_REDIRECT] 
2025-01-27 23:30:26,589 [ERROR] LogOutputStream:75 - [STDERR_REDIRECT] [Fatal Error] :1:1: Premature end of file.
2025-01-27 23:30:26,589 [ERROR] LogOutputStream:75 - [STDERR_REDIRECT] 
2025-01-27 23:30:27,584 [ERROR] LogOutputStream:75 - [STDERR_REDIRECT] [Fatal Error] :1:1: Premature end of file.
2025-01-27 23:30:27,584 [ERROR] LogOutputStream:75 - [STDERR_REDIRECT] 
2025-01-27 23:30:28,591 [ERROR] LogOutputStream:75 - [STDERR_REDIRECT] [Fatal Error] :1:1: Premature end of file.
2025-01-27 23:30:28,591 [ERROR] LogOutputStream:75 - [STDERR_REDIRECT] 
2025-01-27 23:30:29,592 [ERROR] LogOutputStream:75 - [STDERR_REDIRECT] [Fatal Error] :1:1: Premature end of file.
2025-01-27 23:30:29,592 [ERROR] LogOutputStream:75 - [STDERR_REDIRECT] 
2025-01-27 23:30:30,592 [ERROR] LogOutputStream:75 - [STDERR_REDIRECT] [Fatal Error] :1:1: Premature end of file.
2025-01-27 23:30:30,592 [ERROR] LogOutputStream:75 - [STDERR_REDIRECT] 
2025-01-27 23:30:31,601 [ERROR] LogOutputStream:75 - [STDERR_REDIRECT] [Fatal Error] :1:1: Premature end of file.
2025-01-27 23:30:31,601 [ERROR] LogOutputStream:75 - [STDERR_REDIRECT] 
2025-01-27 23:30:32,635 [ERROR] LogOutputStream:75 - [STDERR_REDIRECT] [Fatal Error] :1:1: Premature end of file.
2025-01-27 23:30:32,635 [ERROR] LogOutputStream:75 - [STDERR_REDIRECT] 
2025-01-27 23:30:33,576 [ERROR] LogOutputStream:75 - [STDERR_REDIRECT] [Fatal Error] :1:1: Premature end of file.
2025-01-27 23:30:33,576 [ERROR] LogOutputStream:75 - [STDERR_REDIRECT] 
2025-01-27 23:30:34,579 [ERROR] LogOutputStream:75 - [STDERR_REDIRECT] [Fatal Error] :1:1: Premature end of file.
2025-01-27 23:30:34,579 [ERROR] LogOutputStream:75 - [STDERR_REDIRECT] 
2025-01-27 23:30:35,593 [ERROR] LogOutputStream:75 - [STDERR_REDIRECT] [Fatal Error] :1:1: Premature end of file.
2025-01-27 23:30:35,593 [ERROR] LogOutputStream:75 - [STDERR_REDIRECT] 
2025-01-27 23:30:36,582 [ERROR] LogOutputStream:75 - [STDERR_REDIRECT] [Fatal Error] :1:1: Premature end of file.
2025-01-27 23:30:36,582 [ERROR] LogOutputStream:75 - [STDERR_REDIRECT] 
2025-01-27 23:30:37,589 [ERROR] LogOutputStream:75 - [STDERR_REDIRECT] [Fatal Error] :1:1: Premature end of file.
2025-01-27 23:30:37,589 [ERROR] LogOutputStream:75 - [STDERR_REDIRECT] 
2025-01-27 23:30:38,597 [ERROR] LogOutputStream:75 - [STDERR_REDIRECT] [Fatal Error] :1:1: Premature end of file.
2025-01-27 23:30:38,597 [ERROR] LogOutputStream:75 - [STDERR_REDIRECT] 
2025-01-27 23:30:39,593 [ERROR] LogOutputStream:75 - [STDERR_REDIRECT] [Fatal Error] :1:1: Premature end of file.
2025-01-27 23:30:39,594 [ERROR] LogOutputStream:75 - [STDERR_REDIRECT] 
2025-01-27 23:30:40,597 [ERROR] LogOutputStream:75 - [STDERR_REDIRECT] [Fatal Error] :1:1: Premature end of file.
2025-01-27 23:30:40,597 [ERROR] LogOutputStream:75 - [STDERR_REDIRECT] 
2025-01-27 23:30:41,598 [ERROR] LogOutputStream:75 - [STDERR_REDIRECT] [Fatal Error] :1:1: Premature end of file.
2025-01-27 23:30:41,598 [ERROR] LogOutputStream:75 - [STDERR_REDIRECT] 
2025-01-27 23:30:42,590 [ERROR] LogOutputStream:75 - [STDERR_REDIRECT] [Fatal Error] :1:1: Premature end of file.
2025-01-27 23:30:42,590 [ERROR] LogOutputStream:75 - [STDERR_REDIRECT] 
2025-01-27 23:30:43,591 [ERROR] LogOutputStream:75 - [STDERR_REDIRECT] [Fatal Error] :1:1: Premature end of file.
2025-01-27 23:30:43,591 [ERROR] LogOutputStream:75 - [STDERR_REDIRECT] 
2025-01-27 23:30:44,597 [ERROR] LogOutputStream:75 - [STDERR_REDIRECT] [Fatal Error] :1:1: Premature end of file.
2025-01-27 23:30:44,597 [ERROR] LogOutputStream:75 - [STDERR_REDIRECT] 
2025-01-27 23:30:45,593 [ERROR] LogOutputStream:75 - [STDERR_REDIRECT] [Fatal Error] :1:1: Premature end of file.
2025-01-27 23:30:45,593 [ERROR] LogOutputStream:75 - [STDERR_REDIRECT] 
2025-01-27 23:30:46,580 [ERROR] LogOutputStream:75 - [STDERR_REDIRECT] [Fatal Error] :1:1: Premature end of file.
2025-01-27 23:30:46,580 [ERROR] LogOutputStream:75 - [STDERR_REDIRECT] 
2025-01-27 23:30:47,592 [ERROR] LogOutputStream:75 - [STDERR_REDIRECT] [Fatal Error] :1:1: Premature end of file.
2025-01-27 23:30:47,594 [ERROR] LogOutputStream:75 - [STDERR_REDIRECT] 
2025-01-27 23:30:48,597 [ERROR] LogOutputStream:75 - [STDERR_REDIRECT] [Fatal Error] :1:1: Premature end of file.
2025-01-27 23:30:48,597 [ERROR] LogOutputStream:75 - [STDERR_REDIRECT] 
2025-01-27 23:30:49,593 [ERROR] LogOutputStream:75 - [STDERR_REDIRECT] [Fatal Error] :1:1: Premature end of file.
2025-01-27 23:30:49,593 [ERROR] LogOutputStream:75 - [STDERR_REDIRECT] 
2025-01-27 23:30:50,606 [ERROR] LogOutputStream:75 - [STDERR_REDIRECT] [Fatal Error] :1:1: Premature end of file.
2025-01-27 23:30:50,606 [ERROR] LogOutputStream:75 - [STDERR_REDIRECT] 
2025-01-27 23:30:51,591 [ERROR] LogOutputStream:75 - [STDERR_REDIRECT] [Fatal Error] :1:1: Premature end of file.
2025-01-27 23:30:51,591 [ERROR] LogOutputStream:75 - [STDERR_REDIRECT] 
2025-01-27 23:30:52,591 [ERROR] LogOutputStream:75 - [STDERR_REDIRECT] [Fatal Error] :1:1: Premature end of file.
2025-01-27 23:30:52,591 [ERROR] LogOutputStream:75 - [STDERR_REDIRECT] 
2025-01-27 23:30:53,597 [ERROR] LogOutputStream:75 - [STDERR_REDIRECT] [Fatal Error] :1:1: Premature end of file.
2025-01-27 23:30:53,597 [ERROR] LogOutputStream:75 - [STDERR_REDIRECT] 
2025-01-27 23:30:54,591 [ERROR] LogOutputStream:75 - [STDERR_REDIRECT] [Fatal Error] :1:1: Premature end of file.
2025-01-27 23:30:54,591 [ERROR] LogOutputStream:75 - [STDERR_REDIRECT] 
2025-01-27 23:30:55,592 [ERROR] LogOutputStream:75 - [STDERR_REDIRECT] [Fatal Error] :1:1: Premature end of file.
2025-01-27 23:30:55,592 [ERROR] LogOutputStream:75 - [STDERR_REDIRECT] 
2025-01-27 23:30:56,596 [ERROR] LogOutputStream:75 - [STDERR_REDIRECT] [Fatal Error] :1:1: Premature end of file.
2025-01-27 23:30:56,596 [ERROR] LogOutputStream:75 - [STDERR_REDIRECT] 
2025-01-27 23:30:57,585 [ERROR] LogOutputStream:75 - [STDERR_REDIRECT] [Fatal Error] :1:1: Premature end of file.
2025-01-27 23:30:57,585 [ERROR] LogOutputStream:75 - [STDERR_REDIRECT] 
2025-01-27 23:30:58,579 [ERROR] LogOutputStream:75 - [STDERR_REDIRECT] [Fatal Error] :1:1: Premature end of file.
2025-01-27 23:30:58,579 [ERROR] LogOutputStream:75 - [STDERR_REDIRECT] 
2025-01-27 23:30:59,589 [ERROR] LogOutputStream:75 - [STDERR_REDIRECT] [Fatal Error] :1:1: Premature end of file.
2025-01-27 23:30:59,589 [ERROR] LogOutputStream:75 - [STDERR_REDIRECT] 
2025-01-27 23:31:00,598 [ERROR] LogOutputStream:75 - [STDERR_REDIRECT] [Fatal Error] :1:1: Premature end of file.
2025-01-27 23:31:00,598 [ERROR] LogOutputStream:75 - [STDERR_REDIRECT] 
2025-01-27 23:31:01,585 [ERROR] LogOutputStream:75 - [STDERR_REDIRECT] [Fatal Error] :1:1: Premature end of file.
2025-01-27 23:31:01,585 [ERROR] LogOutputStream:75 - [STDERR_REDIRECT] 
2025-01-27 23:31:02,585 [ERROR] LogOutputStream:75 - [STDERR_REDIRECT] [Fatal Error] :1:1: Premature end of file.
2025-01-27 23:31:02,586 [ERROR] LogOutputStream:75 - [STDERR_REDIRECT] 
2025-01-27 23:31:03,588 [ERROR] LogOutputStream:75 - [STDERR_REDIRECT] [Fatal Error] :1:1: Premature end of file.
2025-01-27 23:31:03,589 [ERROR] LogOutputStream:75 - [STDERR_REDIRECT] 
2025-01-27 23:31:04,592 [ERROR] LogOutputStream:75 - [STDERR_REDIRECT] [Fatal Error] :1:1: Premature end of file.
2025-01-27 23:31:04,592 [ERROR] LogOutputStream:75 - [STDERR_REDIRECT] 
2025-01-27 23:31:05,592 [ERROR] LogOutputStream:75 - [STDERR_REDIRECT] [Fatal Error] :1:1: Premature end of file.
2025-01-27 23:31:05,592 [ERROR] LogOutputStream:75 - [STDERR_REDIRECT] 
2025-01-27 23:31:06,590 [ERROR] LogOutputStream:75 - [STDERR_REDIRECT] [Fatal Error] :1:1: Premature end of file.
2025-01-27 23:31:06,590 [ERROR] LogOutputStream:75 - [STDERR_REDIRECT] 
2025-01-27 23:31:07,591 [ERROR] LogOutputStream:75 - [STDERR_REDIRECT] [Fatal Error] :1:1: Premature end of file.
2025-01-27 23:31:07,591 [ERROR] LogOutputStream:75 - [STDERR_REDIRECT] 
2025-01-27 23:31:08,589 [ERROR] LogOutputStream:75 - [STDERR_REDIRECT] [Fatal Error] :1:1: Premature end of file.
2025-01-27 23:31:08,589 [ERROR] LogOutputStream:75 - [STDERR_REDIRECT] 
2025-01-27 23:31:09,592 [ERROR] LogOutputStream:75 - [STDERR_REDIRECT] [Fatal Error] :1:1: Premature end of file.
2025-01-27 23:31:09,593 [ERROR] LogOutputStream:75 - [STDERR_REDIRECT] 
2025-01-27 23:31:10,587 [ERROR] LogOutputStream:75 - [STDERR_REDIRECT] [Fatal Error] :1:1: Premature end of file.
2025-01-27 23:31:10,587 [ERROR] LogOutputStream:75 - [STDERR_REDIRECT] 
2025-01-27 23:31:11,589 [ERROR] LogOutputStream:75 - [STDERR_REDIRECT] [Fatal Error] :1:1: Premature end of file.
2025-01-27 23:31:11,589 [ERROR] LogOutputStream:75 - [STDERR_REDIRECT] 
2025-01-27 23:31:12,593 [ERROR] LogOutputStream:75 - [STDERR_REDIRECT] [Fatal Error] :1:1: Premature end of file.
2025-01-27 23:31:12,593 [ERROR] LogOutputStream:75 - [STDERR_REDIRECT] 
2025-01-27 23:31:13,595 [ERROR] LogOutputStream:75 - [STDERR_REDIRECT] [Fatal Error] :1:1: Premature end of file.
2025-01-27 23:31:13,595 [ERROR] LogOutputStream:75 - [STDERR_REDIRECT] 
2025-01-27 23:31:14,598 [ERROR] LogOutputStream:75 - [STDERR_REDIRECT] [Fatal Error] :1:1: Premature end of file.
2025-01-27 23:31:14,598 [ERROR] LogOutputStream:75 - [STDERR_REDIRECT] 
2025-01-27 23:31:15,595 [ERROR] LogOutputStream:75 - [STDERR_REDIRECT] [Fatal Error] :1:1: Premature end of file.
2025-01-27 23:31:15,595 [ERROR] LogOutputStream:75 - [STDERR_REDIRECT] 
2025-01-27 23:31:16,589 [ERROR] LogOutputStream:75 - [STDERR_REDIRECT] [Fatal Error] :1:1: Premature end of file.
2025-01-27 23:31:16,589 [ERROR] LogOutputStream:75 - [STDERR_REDIRECT] 
2025-01-27 23:31:17,593 [ERROR] LogOutputStream:75 - [STDERR_REDIRECT] [Fatal Error] :1:1: Premature end of file.
2025-01-27 23:31:17,593 [ERROR] LogOutputStream:75 - [STDERR_REDIRECT] 
2025-01-27 23:31:18,590 [ERROR] LogOutputStream:75 - [STDERR_REDIRECT] [Fatal Error] :1:1: Premature end of file.
2025-01-27 23:31:18,590 [ERROR] LogOutputStream:75 - [STDERR_REDIRECT] 
2025-01-27 23:31:19,578 [ERROR] LogOutputStream:75 - [STDERR_REDIRECT] [Fatal Error] :1:1: Premature end of file.
2025-01-27 23:31:19,578 [ERROR] LogOutputStream:75 - [STDERR_REDIRECT] 
2025-01-27 23:31:20,577 [ERROR] LogOutputStream:75 - [STDERR_REDIRECT] [Fatal Error] :1:1: Premature end of file.
2025-01-27 23:31:20,577 [ERROR] LogOutputStream:75 - [STDERR_REDIRECT] 
2025-01-27 23:31:21,585 [ERROR] LogOutputStream:75 - [STDERR_REDIRECT] [Fatal Error] :1:1: Premature end of file.
2025-01-27 23:31:21,587 [ERROR] LogOutputStream:75 - [STDERR_REDIRECT] 
2025-01-27 23:31:22,595 [ERROR] LogOutputStream:75 - [STDERR_REDIRECT] [Fatal Error] :1:1: Premature end of file.
2025-01-27 23:31:22,595 [ERROR] LogOutputStream:75 - [STDERR_REDIRECT] 
2025-01-27 23:31:23,586 [ERROR] LogOutputStream:75 - [STDERR_REDIRECT] [Fatal Error] :1:1: Premature end of file.
2025-01-27 23:31:23,586 [ERROR] LogOutputStream:75 - [STDERR_REDIRECT] 
2025-01-27 23:31:24,597 [ERROR] LogOutputStream:75 - [STDERR_REDIRECT] [Fatal Error] :1:1: Premature end of file.
2025-01-27 23:31:24,597 [ERROR] LogOutputStream:75 - [STDERR_REDIRECT] 
2025-01-27 23:31:25,585 [ERROR] LogOutputStream:75 - [STDERR_REDIRECT] [Fatal Error] :1:1: Premature end of file.
2025-01-27 23:31:25,585 [ERROR] LogOutputStream:75 - [STDERR_REDIRECT] 
2025-01-27 23:31:26,592 [ERROR] LogOutputStream:75 - [STDERR_REDIRECT] [Fatal Error] :1:1: Premature end of file.
2025-01-27 23:31:26,592 [ERROR] LogOutputStream:75 - [STDERR_REDIRECT] 
2025-01-27 23:31:27,596 [ERROR] LogOutputStream:75 - [STDERR_REDIRECT] [Fatal Error] :1:1: Premature end of file.
2025-01-27 23:31:27,596 [ERROR] LogOutputStream:75 - [STDERR_REDIRECT] 
2025-01-27 23:31:28,577 [ERROR] LogOutputStream:75 - [STDERR_REDIRECT] [Fatal Error] :1:1: Premature end of file.
2025-01-27 23:31:28,578 [ERROR] LogOutputStream:75 - [STDERR_REDIRECT] 
2025-01-27 23:31:29,589 [ERROR] LogOutputStream:75 - [STDERR_REDIRECT] [Fatal Error] :1:1: Premature end of file.
2025-01-27 23:31:29,589 [ERROR] LogOutputStream:75 - [STDERR_REDIRECT] 
2025-01-27 23:31:30,597 [ERROR] LogOutputStream:75 - [STDERR_REDIRECT] [Fatal Error] :1:1: Premature end of file.
2025-01-27 23:31:30,597 [ERROR] LogOutputStream:75 - [STDERR_REDIRECT] 
2025-01-27 23:31:31,592 [ERROR] LogOutputStream:75 - [STDERR_REDIRECT] [Fatal Error] :1:1: Premature end of file.
2025-01-27 23:31:31,592 [ERROR] LogOutputStream:75 - [STDERR_REDIRECT] 
2025-01-27 23:31:32,593 [ERROR] LogOutputStream:75 - [STDERR_REDIRECT] [Fatal Error] :1:1: Premature end of file.
2025-01-27 23:31:32,593 [ERROR] LogOutputStream:75 - [STDERR_REDIRECT] 
2025-01-27 23:31:33,592 [ERROR] LogOutputStream:75 - [STDERR_REDIRECT] [Fatal Error] :1:1: Premature end of file.
2025-01-27 23:31:33,592 [ERROR] LogOutputStream:75 - [STDERR_REDIRECT] 
2025-01-27 23:31:34,576 [ERROR] LogOutputStream:75 - [STDERR_REDIRECT] [Fatal Error] :1:1: Premature end of file.
2025-01-27 23:31:34,576 [ERROR] LogOutputStream:75 - [STDERR_REDIRECT] 
2025-01-27 23:31:35,594 [ERROR] LogOutputStream:75 - [STDERR_REDIRECT] [Fatal Error] :1:1: Premature end of file.
2025-01-27 23:31:35,595 [ERROR] LogOutputStream:75 - [STDERR_REDIRECT] 
2025-01-27 23:31:36,589 [ERROR] LogOutputStream:75 - [STDERR_REDIRECT] [Fatal Error] :1:1: Premature end of file.
2025-01-27 23:31:36,589 [ERROR] LogOutputStream:75 - [STDERR_REDIRECT] 
2025-01-27 23:31:37,593 [ERROR] LogOutputStream:75 - [STDERR_REDIRECT] [Fatal Error] :1:1: Premature end of file.
2025-01-27 23:31:37,593 [ERROR] LogOutputStream:75 - [STDERR_REDIRECT] 
2025-01-27 23:31:38,596 [ERROR] LogOutputStream:75 - [STDERR_REDIRECT] [Fatal Error] :1:1: Premature end of file.
2025-01-27 23:31:38,596 [ERROR] LogOutputStream:75 - [STDERR_REDIRECT] 
2025-01-27 23:31:39,596 [ERROR] LogOutputStream:75 - [STDERR_REDIRECT] [Fatal Error] :1:1: Premature end of file.
2025-01-27 23:31:39,596 [ERROR] LogOutputStream:75 - [STDERR_REDIRECT] 
2025-01-27 23:31:40,591 [ERROR] LogOutputStream:75 - [STDERR_REDIRECT] [Fatal Error] :1:1: Premature end of file.
2025-01-27 23:31:40,593 [ERROR] LogOutputStream:75 - [STDERR_REDIRECT] 
2025-01-27 23:31:41,590 [ERROR] LogOutputStream:75 - [STDERR_REDIRECT] [Fatal Error] :1:1: Premature end of file.
2025-01-27 23:31:41,590 [ERROR] LogOutputStream:75 - [STDERR_REDIRECT] 
2025-01-27 23:31:42,589 [ERROR] LogOutputStream:75 - [STDERR_REDIRECT] [Fatal Error] :1:1: Premature end of file.
2025-01-27 23:31:42,589 [ERROR] LogOutputStream:75 - [STDERR_REDIRECT] 
2025-01-27 23:31:43,583 [ERROR] LogOutputStream:75 - [STDERR_REDIRECT] [Fatal Error] :1:1: Premature end of file.
2025-01-27 23:31:43,583 [ERROR] LogOutputStream:75 - [STDERR_REDIRECT] 
2025-01-27 23:31:44,589 [ERROR] LogOutputStream:75 - [STDERR_REDIRECT] [Fatal Error] :1:1: Premature end of file.
2025-01-27 23:31:44,589 [ERROR] LogOutputStream:75 - [STDERR_REDIRECT] 
2025-01-27 23:31:45,581 [ERROR] LogOutputStream:75 - [STDERR_REDIRECT] [Fatal Error] :1:1: Premature end of file.
2025-01-27 23:31:45,581 [ERROR] LogOutputStream:75 - [STDERR_REDIRECT] 
2025-01-27 23:31:46,595 [ERROR] LogOutputStream:75 - [STDERR_REDIRECT] [Fatal Error] :1:1: Premature end of file.
2025-01-27 23:31:46,595 [ERROR] LogOutputStream:75 - [STDERR_REDIRECT] 
2025-01-27 23:31:47,590 [ERROR] LogOutputStream:75 - [STDERR_REDIRECT] [Fatal Error] :1:1: Premature end of file.
2025-01-27 23:31:47,590 [ERROR] LogOutputStream:75 - [STDERR_REDIRECT] 
2025-01-27 23:31:48,592 [ERROR] LogOutputStream:75 - [STDERR_REDIRECT] [Fatal Error] :1:1: Premature end of file.
2025-01-27 23:31:48,592 [ERROR] LogOutputStream:75 - [STDERR_REDIRECT] 
2025-01-27 23:31:49,584 [ERROR] LogOutputStream:75 - [STDERR_REDIRECT] [Fatal Error] :1:1: Premature end of file.
2025-01-27 23:31:49,584 [ERROR] LogOutputStream:75 - [STDERR_REDIRECT] 
2025-01-27 23:31:50,592 [ERROR] LogOutputStream:75 - [STDERR_REDIRECT] [Fatal Error] :1:1: Premature end of file.
2025-01-27 23:31:50,592 [ERROR] LogOutputStream:75 - [STDERR_REDIRECT] 
2025-01-27 23:31:51,591 [ERROR] LogOutputStream:75 - [STDERR_REDIRECT] [Fatal Error] :1:1: Premature end of file.
2025-01-27 23:31:51,591 [ERROR] LogOutputStream:75 - [STDERR_REDIRECT] 
2025-01-27 23:31:52,583 [ERROR] LogOutputStream:75 - [STDERR_REDIRECT] [Fatal Error] :1:1: Premature end of file.
2025-01-27 23:31:52,583 [ERROR] LogOutputStream:75 - [STDERR_REDIRECT] 
2025-01-27 23:31:53,600 [ERROR] LogOutputStream:75 - [STDERR_REDIRECT] [Fatal Error] :1:1: Premature end of file.
2025-01-27 23:31:53,600 [ERROR] LogOutputStream:75 - [STDERR_REDIRECT] 
2025-01-27 23:31:54,587 [ERROR] LogOutputStream:75 - [STDERR_REDIRECT] [Fatal Error] :1:1: Premature end of file.
2025-01-27 23:31:54,587 [ERROR] LogOutputStream:75 - [STDERR_REDIRECT] 
2025-01-27 23:31:55,588 [ERROR] LogOutputStream:75 - [STDERR_REDIRECT] [Fatal Error] :1:1: Premature end of file.
2025-01-27 23:31:55,588 [ERROR] LogOutputStream:75 - [STDERR_REDIRECT] 
2025-01-27 23:31:56,576 [ERROR] LogOutputStream:75 - [STDERR_REDIRECT] [Fatal Error] :1:1: Premature end of file.
2025-01-27 23:31:56,576 [ERROR] LogOutputStream:75 - [STDERR_REDIRECT] 
2025-01-27 23:31:57,601 [ERROR] LogOutputStream:75 - [STDERR_REDIRECT] [Fatal Error] :1:1: Premature end of file.
2025-01-27 23:31:57,601 [ERROR] LogOutputStream:75 - [STDERR_REDIRECT] 
2025-01-27 23:31:58,595 [ERROR] LogOutputStream:75 - [STDERR_REDIRECT] [Fatal Error] :1:1: Premature end of file.
2025-01-27 23:31:58,595 [ERROR] LogOutputStream:75 - [STDERR_REDIRECT] 
2025-01-27 23:31:59,586 [ERROR] LogOutputStream:75 - [STDERR_REDIRECT] [Fatal Error] :1:1: Premature end of file.
2025-01-27 23:31:59,586 [ERROR] LogOutputStream:75 - [STDERR_REDIRECT] 
2025-01-27 23:32:00,587 [ERROR] LogOutputStream:75 - [STDERR_REDIRECT] [Fatal Error] :1:1: Premature end of file.
2025-01-27 23:32:00,587 [ERROR] LogOutputStream:75 - [STDERR_REDIRECT] 
2025-01-27 23:32:01,586 [ERROR] LogOutputStream:75 - [STDERR_REDIRECT] [Fatal Error] :1:1: Premature end of file.
2025-01-27 23:32:01,586 [ERROR] LogOutputStream:75 - [STDERR_REDIRECT] 
2025-01-27 23:32:02,597 [ERROR] LogOutputStream:75 - [STDERR_REDIRECT] [Fatal Error] :1:1: Premature end of file.
2025-01-27 23:32:02,597 [ERROR] LogOutputStream:75 - [STDERR_REDIRECT] 
2025-01-27 23:32:03,583 [ERROR] LogOutputStream:75 - [STDERR_REDIRECT] [Fatal Error] :1:1: Premature end of file.
2025-01-27 23:32:03,583 [ERROR] LogOutputStream:75 - [STDERR_REDIRECT] 
2025-01-27 23:32:04,593 [ERROR] LogOutputStream:75 - [STDERR_REDIRECT] [Fatal Error] :1:1: Premature end of file.
2025-01-27 23:32:04,593 [ERROR] LogOutputStream:75 - [STDERR_REDIRECT] 
2025-01-27 23:32:05,592 [ERROR] LogOutputStream:75 - [STDERR_REDIRECT] [Fatal Error] :1:1: Premature end of file.
2025-01-27 23:32:05,592 [ERROR] LogOutputStream:75 - [STDERR_REDIRECT] 
2025-01-27 23:32:06,590 [ERROR] LogOutputStream:75 - [STDERR_REDIRECT] [Fatal Error] :1:1: Premature end of file.
2025-01-27 23:32:06,590 [ERROR] LogOutputStream:75 - [STDERR_REDIRECT] 
2025-01-27 23:32:07,593 [ERROR] LogOutputStream:75 - [STDERR_REDIRECT] [Fatal Error] :1:1: Premature end of file.
2025-01-27 23:32:07,594 [ERROR] LogOutputStream:75 - [STDERR_REDIRECT] 
2025-01-27 23:32:08,595 [ERROR] LogOutputStream:75 - [STDERR_REDIRECT] [Fatal Error] :1:1: Premature end of file.
2025-01-27 23:32:08,595 [ERROR] LogOutputStream:75 - [STDERR_REDIRECT] 
2025-01-27 23:32:09,592 [ERROR] LogOutputStream:75 - [STDERR_REDIRECT] [Fatal Error] :1:1: Premature end of file.
2025-01-27 23:32:09,592 [ERROR] LogOutputStream:75 - [STDERR_REDIRECT] 
2025-01-27 23:32:10,588 [ERROR] LogOutputStream:75 - [STDERR_REDIRECT] [Fatal Error] :1:1: Premature end of file.
2025-01-27 23:32:10,589 [ERROR] LogOutputStream:75 - [STDERR_REDIRECT] 
2025-01-27 23:32:11,590 [ERROR] LogOutputStream:75 - [STDERR_REDIRECT] [Fatal Error] :1:1: Premature end of file.
2025-01-27 23:32:11,590 [ERROR] LogOutputStream:75 - [STDERR_REDIRECT] 
2025-01-27 23:32:12,587 [ERROR] LogOutputStream:75 - [STDERR_REDIRECT] [Fatal Error] :1:1: Premature end of file.
2025-01-27 23:32:12,587 [ERROR] LogOutputStream:75 - [STDERR_REDIRECT] 
2025-01-27 23:32:13,604 [ERROR] LogOutputStream:75 - [STDERR_REDIRECT] [Fatal Error] :1:1: Premature end of file.
2025-01-27 23:32:13,604 [ERROR] LogOutputStream:75 - [STDERR_REDIRECT] 
2025-01-27 23:32:14,592 [ERROR] LogOutputStream:75 - [STDERR_REDIRECT] [Fatal Error] :1:1: Premature end of file.
2025-01-27 23:32:14,592 [ERROR] LogOutputStream:75 - [STDERR_REDIRECT] 
2025-01-27 23:32:15,591 [ERROR] LogOutputStream:75 - [STDERR_REDIRECT] [Fatal Error] :1:1: Premature end of file.
2025-01-27 23:32:15,591 [ERROR] LogOutputStream:75 - [STDERR_REDIRECT] 
2025-01-27 23:32:16,599 [ERROR] LogOutputStream:75 - [STDERR_REDIRECT] [Fatal Error] :1:1: Premature end of file.
2025-01-27 23:32:16,599 [ERROR] LogOutputStream:75 - [STDERR_REDIRECT] 
2025-01-27 23:32:17,602 [ERROR] LogOutputStream:75 - [STDERR_REDIRECT] [Fatal Error] :1:1: Premature end of file.
2025-01-27 23:32:17,602 [ERROR] LogOutputStream:75 - [STDERR_REDIRECT] 
2025-01-27 23:32:18,588 [ERROR] LogOutputStream:75 - [STDERR_REDIRECT] [Fatal Error] :1:1: Premature end of file.
2025-01-27 23:32:18,588 [ERROR] LogOutputStream:75 - [STDERR_REDIRECT] 
2025-01-27 23:32:19,589 [ERROR] LogOutputStream:75 - [STDERR_REDIRECT] [Fatal Error] :1:1: Premature end of file.
2025-01-27 23:32:19,589 [ERROR] LogOutputStream:75 - [STDERR_REDIRECT] 
2025-01-27 23:32:20,598 [ERROR] LogOutputStream:75 - [STDERR_REDIRECT] [Fatal Error] :1:1: Premature end of file.
2025-01-27 23:32:20,598 [ERROR] LogOutputStream:75 - [STDERR_REDIRECT] 
2025-01-27 23:32:21,595 [ERROR] LogOutputStream:75 - [STDERR_REDIRECT] [Fatal Error] :1:1: Premature end of file.
2025-01-27 23:32:21,595 [ERROR] LogOutputStream:75 - [STDERR_REDIRECT] 
2025-01-27 23:32:22,580 [ERROR] LogOutputStream:75 - [STDERR_REDIRECT] [Fatal Error] :1:1: Premature end of file.
2025-01-27 23:32:22,580 [ERROR] LogOutputStream:75 - [STDERR_REDIRECT] 
2025-01-27 23:32:23,592 [ERROR] LogOutputStream:75 - [STDERR_REDIRECT] [Fatal Error] :1:1: Premature end of file.
2025-01-27 23:32:23,592 [ERROR] LogOutputStream:75 - [STDERR_REDIRECT] 
2025-01-27 23:32:24,593 [ERROR] LogOutputStream:75 - [STDERR_REDIRECT] [Fatal Error] :1:1: Premature end of file.
2025-01-27 23:32:24,593 [ERROR] LogOutputStream:75 - [STDERR_REDIRECT] 
2025-01-27 23:32:25,592 [ERROR] LogOutputStream:75 - [STDERR_REDIRECT] [Fatal Error] :1:1: Premature end of file.
2025-01-27 23:32:25,592 [ERROR] LogOutputStream:75 - [STDERR_REDIRECT] 
2025-01-27 23:32:26,586 [ERROR] LogOutputStream:75 - [STDERR_REDIRECT] [Fatal Error] :1:1: Premature end of file.
2025-01-27 23:32:26,586 [ERROR] LogOutputStream:75 - [STDERR_REDIRECT] 
2025-01-27 23:32:27,593 [ERROR] LogOutputStream:75 - [STDERR_REDIRECT] [Fatal Error] :1:1: Premature end of file.
2025-01-27 23:32:27,593 [ERROR] LogOutputStream:75 - [STDERR_REDIRECT] 
2025-01-27 23:32:28,591 [ERROR] LogOutputStream:75 - [STDERR_REDIRECT] [Fatal Error] :1:1: Premature end of file.
2025-01-27 23:32:28,591 [ERROR] LogOutputStream:75 - [STDERR_REDIRECT] 
2025-01-27 23:32:29,590 [ERROR] LogOutputStream:75 - [STDERR_REDIRECT] [Fatal Error] :1:1: Premature end of file.
2025-01-27 23:32:29,590 [ERROR] LogOutputStream:75 - [STDERR_REDIRECT] 
2025-01-27 23:32:30,591 [ERROR] LogOutputStream:75 - [STDERR_REDIRECT] [Fatal Error] :1:1: Premature end of file.
2025-01-27 23:32:30,591 [ERROR] LogOutputStream:75 - [STDERR_REDIRECT] 
2025-01-27 23:32:31,594 [ERROR] LogOutputStream:75 - [STDERR_REDIRECT] [Fatal Error] :1:1: Premature end of file.
2025-01-27 23:32:31,594 [ERROR] LogOutputStream:75 - [STDERR_REDIRECT] 
2025-01-27 23:32:32,587 [ERROR] LogOutputStream:75 - [STDERR_REDIRECT] [Fatal Error] :1:1: Premature end of file.
2025-01-27 23:32:32,587 [ERROR] LogOutputStream:75 - [STDERR_REDIRECT] 
2025-01-27 23:32:33,594 [ERROR] LogOutputStream:75 - [STDERR_REDIRECT] [Fatal Error] :1:1: Premature end of file.
2025-01-27 23:32:33,595 [ERROR] LogOutputStream:75 - [STDERR_REDIRECT] 
2025-01-27 23:32:34,588 [ERROR] LogOutputStream:75 - [STDERR_REDIRECT] [Fatal Error] :1:1: Premature end of file.
2025-01-27 23:32:34,588 [ERROR] LogOutputStream:75 - [STDERR_REDIRECT] 
2025-01-27 23:32:35,594 [ERROR] LogOutputStream:75 - [STDERR_REDIRECT] [Fatal Error] :1:1: Premature end of file.
2025-01-27 23:32:35,594 [ERROR] LogOutputStream:75 - [STDERR_REDIRECT] 
2025-01-27 23:32:36,593 [ERROR] LogOutputStream:75 - [STDERR_REDIRECT] [Fatal Error] :1:1: Premature end of file.
2025-01-27 23:32:36,593 [ERROR] LogOutputStream:75 - [STDERR_REDIRECT] 
2025-01-27 23:32:37,583 [ERROR] LogOutputStream:75 - [STDERR_REDIRECT] [Fatal Error] :1:1: Premature end of file.
2025-01-27 23:32:37,583 [ERROR] LogOutputStream:75 - [STDERR_REDIRECT] 
2025-01-27 23:32:38,589 [ERROR] LogOutputStream:75 - [STDERR_REDIRECT] [Fatal Error] :1:1: Premature end of file.
2025-01-27 23:32:38,589 [ERROR] LogOutputStream:75 - [STDERR_REDIRECT] 
2025-01-27 23:32:39,594 [ERROR] LogOutputStream:75 - [STDERR_REDIRECT] [Fatal Error] :1:1: Premature end of file.
2025-01-27 23:32:39,594 [ERROR] LogOutputStream:75 - [STDERR_REDIRECT] 
2025-01-27 23:32:40,590 [ERROR] LogOutputStream:75 - [STDERR_REDIRECT] [Fatal Error] :1:1: Premature end of file.
2025-01-27 23:32:40,590 [ERROR] LogOutputStream:75 - [STDERR_REDIRECT] 
2025-01-27 23:32:41,587 [ERROR] LogOutputStream:75 - [STDERR_REDIRECT] [Fatal Error] :1:1: Premature end of file.
2025-01-27 23:32:41,587 [ERROR] LogOutputStream:75 - [STDERR_REDIRECT] 
2025-01-27 23:32:42,590 [ERROR] LogOutputStream:75 - [STDERR_REDIRECT] [Fatal Error] :1:1: Premature end of file.
2025-01-27 23:32:42,590 [ERROR] LogOutputStream:75 - [STDERR_REDIRECT] 
2025-01-27 23:32:43,598 [ERROR] LogOutputStream:75 - [STDERR_REDIRECT] [Fatal Error] :1:1: Premature end of file.
2025-01-27 23:32:43,598 [ERROR] LogOutputStream:75 - [STDERR_REDIRECT] 
2025-01-27 23:32:44,585 [ERROR] LogOutputStream:75 - [STDERR_REDIRECT] [Fatal Error] :1:1: Premature end of file.
2025-01-27 23:32:44,585 [ERROR] LogOutputStream:75 - [STDERR_REDIRECT] 
2025-01-27 23:32:45,596 [ERROR] LogOutputStream:75 - [STDERR_REDIRECT] [Fatal Error] :1:1: Premature end of file.
2025-01-27 23:32:45,596 [ERROR] LogOutputStream:75 - [STDERR_REDIRECT] 
2025-01-27 23:32:46,581 [ERROR] LogOutputStream:75 - [STDERR_REDIRECT] [Fatal Error] :1:1: Premature end of file.
2025-01-27 23:32:46,581 [ERROR] LogOutputStream:75 - [STDERR_REDIRECT] 
2025-01-27 23:32:47,595 [ERROR] LogOutputStream:75 - [STDERR_REDIRECT] [Fatal Error] :1:1: Premature end of file.
2025-01-27 23:32:47,595 [ERROR] LogOutputStream:75 - [STDERR_REDIRECT] 
2025-01-27 23:32:48,596 [ERROR] LogOutputStream:75 - [STDERR_REDIRECT] [Fatal Error] :1:1: Premature end of file.
2025-01-27 23:32:48,597 [ERROR] LogOutputStream:75 - [STDERR_REDIRECT] 
2025-01-27 23:32:49,602 [ERROR] LogOutputStream:75 - [STDERR_REDIRECT] [Fatal Error] :1:1: Premature end of file.
2025-01-27 23:32:49,602 [ERROR] LogOutputStream:75 - [STDERR_REDIRECT] 
2025-01-27 23:32:50,595 [ERROR] LogOutputStream:75 - [STDERR_REDIRECT] [Fatal Error] :1:1: Premature end of file.
2025-01-27 23:32:50,595 [ERROR] LogOutputStream:75 - [STDERR_REDIRECT] 
2025-01-27 23:32:51,591 [ERROR] LogOutputStream:75 - [STDERR_REDIRECT] [Fatal Error] :1:1: Premature end of file.
2025-01-27 23:32:51,591 [ERROR] LogOutputStream:75 - [STDERR_REDIRECT] 
2025-01-27 23:32:52,589 [ERROR] LogOutputStream:75 - [STDERR_REDIRECT] [Fatal Error] :1:1: Premature end of file.
2025-01-27 23:32:52,589 [ERROR] LogOutputStream:75 - [STDERR_REDIRECT] 
2025-01-27 23:32:53,596 [ERROR] LogOutputStream:75 - [STDERR_REDIRECT] [Fatal Error] :1:1: Premature end of file.
2025-01-27 23:32:53,596 [ERROR] LogOutputStream:75 - [STDERR_REDIRECT] 
2025-01-27 23:32:54,593 [ERROR] LogOutputStream:75 - [STDERR_REDIRECT] [Fatal Error] :1:1: Premature end of file.
2025-01-27 23:32:54,593 [ERROR] LogOutputStream:75 - [STDERR_REDIRECT] 
2025-01-27 23:32:55,597 [ERROR] LogOutputStream:75 - [STDERR_REDIRECT] [Fatal Error] :1:1: Premature end of file.
2025-01-27 23:32:55,597 [ERROR] LogOutputStream:75 - [STDERR_REDIRECT] 
2025-01-27 23:32:56,600 [ERROR] LogOutputStream:75 - [STDERR_REDIRECT] [Fatal Error] :1:1: Premature end of file.
2025-01-27 23:32:56,600 [ERROR] LogOutputStream:75 - [STDERR_REDIRECT] 
2025-01-27 23:32:57,597 [ERROR] LogOutputStream:75 - [STDERR_REDIRECT] [Fatal Error] :1:1: Premature end of file.
2025-01-27 23:32:57,597 [ERROR] LogOutputStream:75 - [STDERR_REDIRECT] 
2025-01-27 23:32:58,579 [ERROR] LogOutputStream:75 - [STDERR_REDIRECT] [Fatal Error] :1:1: Premature end of file.
2025-01-27 23:32:58,579 [ERROR] LogOutputStream:75 - [STDERR_REDIRECT] 
2025-01-27 23:32:59,590 [ERROR] LogOutputStream:75 - [STDERR_REDIRECT] [Fatal Error] :1:1: Premature end of file.
2025-01-27 23:32:59,590 [ERROR] LogOutputStream:75 - [STDERR_REDIRECT] 
2025-01-27 23:33:00,585 [ERROR] LogOutputStream:75 - [STDERR_REDIRECT] [Fatal Error] :1:1: Premature end of file.
2025-01-27 23:33:00,585 [ERROR] LogOutputStream:75 - [STDERR_REDIRECT] 
2025-01-27 23:33:01,599 [ERROR] LogOutputStream:75 - [STDERR_REDIRECT] [Fatal Error] :1:1: Premature end of file.
2025-01-27 23:33:01,599 [ERROR] LogOutputStream:75 - [STDERR_REDIRECT] 
2025-01-27 23:33:02,594 [ERROR] LogOutputStream:75 - [STDERR_REDIRECT] [Fatal Error] :1:1: Premature end of file.
2025-01-27 23:33:02,594 [ERROR] LogOutputStream:75 - [STDERR_REDIRECT] 
2025-01-27 23:33:03,592 [ERROR] LogOutputStream:75 - [STDERR_REDIRECT] [Fatal Error] :1:1: Premature end of file.
2025-01-27 23:33:03,592 [ERROR] LogOutputStream:75 - [STDERR_REDIRECT] 
2025-01-27 23:33:04,597 [ERROR] LogOutputStream:75 - [STDERR_REDIRECT] [Fatal Error] :1:1: Premature end of file.
2025-01-27 23:33:04,597 [ERROR] LogOutputStream:75 - [STDERR_REDIRECT] 
2025-01-27 23:33:05,597 [ERROR] LogOutputStream:75 - [STDERR_REDIRECT] [Fatal Error] :1:1: Premature end of file.
2025-01-27 23:33:05,597 [ERROR] LogOutputStream:75 - [STDERR_REDIRECT] 
2025-01-27 23:33:06,594 [ERROR] LogOutputStream:75 - [STDERR_REDIRECT] [Fatal Error] :1:1: Premature end of file.
2025-01-27 23:33:06,594 [ERROR] LogOutputStream:75 - [STDERR_REDIRECT] 
2025-01-27 23:33:07,588 [ERROR] LogOutputStream:75 - [STDERR_REDIRECT] [Fatal Error] :1:1: Premature end of file.
2025-01-27 23:33:07,588 [ERROR] LogOutputStream:75 - [STDERR_REDIRECT] 
2025-01-27 23:33:08,583 [ERROR] LogOutputStream:75 - [STDERR_REDIRECT] [Fatal Error] :1:1: Premature end of file.
2025-01-27 23:33:08,583 [ERROR] LogOutputStream:75 - [STDERR_REDIRECT] 
2025-01-27 23:33:09,582 [ERROR] LogOutputStream:75 - [STDERR_REDIRECT] [Fatal Error] :1:1: Premature end of file.
2025-01-27 23:33:09,582 [ERROR] LogOutputStream:75 - [STDERR_REDIRECT] 
2025-01-27 23:33:10,579 [ERROR] LogOutputStream:75 - [STDERR_REDIRECT] [Fatal Error] :1:1: Premature end of file.
2025-01-27 23:33:10,579 [ERROR] LogOutputStream:75 - [STDERR_REDIRECT] 
2025-01-27 23:33:11,592 [ERROR] LogOutputStream:75 - [STDERR_REDIRECT] [Fatal Error] :1:1: Premature end of file.
2025-01-27 23:33:11,594 [ERROR] LogOutputStream:75 - [STDERR_REDIRECT] 
2025-01-27 23:33:12,589 [ERROR] LogOutputStream:75 - [STDERR_REDIRECT] [Fatal Error] :1:1: Premature end of file.
2025-01-27 23:33:12,589 [ERROR] LogOutputStream:75 - [STDERR_REDIRECT] 
2025-01-27 23:33:13,597 [ERROR] LogOutputStream:75 - [STDERR_REDIRECT] [Fatal Error] :1:1: Premature end of file.
2025-01-27 23:33:13,597 [ERROR] LogOutputStream:75 - [STDERR_REDIRECT] 
2025-01-27 23:33:14,592 [ERROR] LogOutputStream:75 - [STDERR_REDIRECT] [Fatal Error] :1:1: Premature end of file.
2025-01-27 23:33:14,592 [ERROR] LogOutputStream:75 - [STDERR_REDIRECT] 
2025-01-27 23:33:15,594 [ERROR] LogOutputStream:75 - [STDERR_REDIRECT] [Fatal Error] :1:1: Premature end of file.
2025-01-27 23:33:15,594 [ERROR] LogOutputStream:75 - [STDERR_REDIRECT] 
2025-01-27 23:33:16,591 [ERROR] LogOutputStream:75 - [STDERR_REDIRECT] [Fatal Error] :1:1: Premature end of file.
2025-01-27 23:33:16,591 [ERROR] LogOutputStream:75 - [STDERR_REDIRECT] 
2025-01-27 23:33:17,594 [ERROR] LogOutputStream:75 - [STDERR_REDIRECT] [Fatal Error] :1:1: Premature end of file.
2025-01-27 23:33:17,594 [ERROR] LogOutputStream:75 - [STDERR_REDIRECT] 
2025-01-27 23:33:18,586 [ERROR] LogOutputStream:75 - [STDERR_REDIRECT] [Fatal Error] :1:1: Premature end of file.
2025-01-27 23:33:18,586 [ERROR] LogOutputStream:75 - [STDERR_REDIRECT] 
2025-01-27 23:33:19,596 [ERROR] LogOutputStream:75 - [STDERR_REDIRECT] [Fatal Error] :1:1: Premature end of file.
2025-01-27 23:33:19,596 [ERROR] LogOutputStream:75 - [STDERR_REDIRECT] 
2025-01-27 23:33:20,596 [ERROR] LogOutputStream:75 - [STDERR_REDIRECT] [Fatal Error] :1:1: Premature end of file.
2025-01-27 23:33:20,596 [ERROR] LogOutputStream:75 - [STDERR_REDIRECT] 
2025-01-27 23:33:21,597 [ERROR] LogOutputStream:75 - [STDERR_REDIRECT] [Fatal Error] :1:1: Premature end of file.
2025-01-27 23:33:21,597 [ERROR] LogOutputStream:75 - [STDERR_REDIRECT] 
2025-01-27 23:33:22,601 [ERROR] LogOutputStream:75 - [STDERR_REDIRECT] [Fatal Error] :1:1: Premature end of file.
2025-01-27 23:33:22,601 [ERROR] LogOutputStream:75 - [STDERR_REDIRECT] 
2025-01-27 23:33:23,597 [ERROR] LogOutputStream:75 - [STDERR_REDIRECT] [Fatal Error] :1:1: Premature end of file.
2025-01-27 23:33:23,597 [ERROR] LogOutputStream:75 - [STDERR_REDIRECT] 
2025-01-27 23:33:24,590 [ERROR] LogOutputStream:75 - [STDERR_REDIRECT] [Fatal Error] :1:1: Premature end of file.
2025-01-27 23:33:24,590 [ERROR] LogOutputStream:75 - [STDERR_REDIRECT] 
2025-01-27 23:33:25,594 [ERROR] LogOutputStream:75 - [STDERR_REDIRECT] [Fatal Error] :1:1: Premature end of file.
2025-01-27 23:33:25,594 [ERROR] LogOutputStream:75 - [STDERR_REDIRECT] 
2025-01-27 23:33:26,590 [ERROR] LogOutputStream:75 - [STDERR_REDIRECT] [Fatal Error] :1:1: Premature end of file.
2025-01-27 23:33:26,590 [ERROR] LogOutputStream:75 - [STDERR_REDIRECT] 
2025-01-27 23:33:27,592 [ERROR] LogOutputStream:75 - [STDERR_REDIRECT] [Fatal Error] :1:1: Premature end of file.
2025-01-27 23:33:27,592 [ERROR] LogOutputStream:75 - [STDERR_REDIRECT] 
2025-01-27 23:33:28,591 [ERROR] LogOutputStream:75 - [STDERR_REDIRECT] [Fatal Error] :1:1: Premature end of file.
2025-01-27 23:33:28,591 [ERROR] LogOutputStream:75 - [STDERR_REDIRECT] 
2025-01-27 23:33:29,593 [ERROR] LogOutputStream:75 - [STDERR_REDIRECT] [Fatal Error] :1:1: Premature end of file.
2025-01-27 23:33:29,593 [ERROR] LogOutputStream:75 - [STDERR_REDIRECT] 
2025-01-27 23:33:30,587 [ERROR] LogOutputStream:75 - [STDERR_REDIRECT] [Fatal Error] :1:1: Premature end of file.
2025-01-27 23:33:30,587 [ERROR] LogOutputStream:75 - [STDERR_REDIRECT] 
2025-01-27 23:33:31,594 [ERROR] LogOutputStream:75 - [STDERR_REDIRECT] [Fatal Error] :1:1: Premature end of file.
2025-01-27 23:33:31,594 [ERROR] LogOutputStream:75 - [STDERR_REDIRECT] 
2025-01-27 23:33:32,592 [ERROR] LogOutputStream:75 - [STDERR_REDIRECT] [Fatal Error] :1:1: Premature end of file.
2025-01-27 23:33:32,592 [ERROR] LogOutputStream:75 - [STDERR_REDIRECT] 
2025-01-27 23:33:33,589 [ERROR] LogOutputStream:75 - [STDERR_REDIRECT] [Fatal Error] :1:1: Premature end of file.
2025-01-27 23:33:33,589 [ERROR] LogOutputStream:75 - [STDERR_REDIRECT] 
2025-01-27 23:33:34,604 [ERROR] LogOutputStream:75 - [STDERR_REDIRECT] [Fatal Error] :1:1: Premature end of file.
2025-01-27 23:33:34,604 [ERROR] LogOutputStream:75 - [STDERR_REDIRECT] 
2025-01-27 23:33:35,588 [ERROR] LogOutputStream:75 - [STDERR_REDIRECT] [Fatal Error] :1:1: Premature end of file.
2025-01-27 23:33:35,588 [ERROR] LogOutputStream:75 - [STDERR_REDIRECT] 
2025-01-27 23:33:36,587 [ERROR] LogOutputStream:75 - [STDERR_REDIRECT] [Fatal Error] :1:1: Premature end of file.
2025-01-27 23:33:36,587 [ERROR] LogOutputStream:75 - [STDERR_REDIRECT] 
2025-01-27 23:33:37,588 [ERROR] LogOutputStream:75 - [STDERR_REDIRECT] [Fatal Error] :1:1: Premature end of file.
2025-01-27 23:33:37,588 [ERROR] LogOutputStream:75 - [STDERR_REDIRECT] 
2025-01-27 23:33:38,593 [ERROR] LogOutputStream:75 - [STDERR_REDIRECT] [Fatal Error] :1:1: Premature end of file.
2025-01-27 23:33:38,593 [ERROR] LogOutputStream:75 - [STDERR_REDIRECT] 
2025-01-27 23:33:39,584 [ERROR] LogOutputStream:75 - [STDERR_REDIRECT] [Fatal Error] :1:1: Premature end of file.
2025-01-27 23:33:39,584 [ERROR] LogOutputStream:75 - [STDERR_REDIRECT] 
2025-01-27 23:33:40,585 [ERROR] LogOutputStream:75 - [STDERR_REDIRECT] [Fatal Error] :1:1: Premature end of file.
2025-01-27 23:33:40,585 [ERROR] LogOutputStream:75 - [STDERR_REDIRECT] 
2025-01-27 23:33:41,585 [ERROR] LogOutputStream:75 - [STDERR_REDIRECT] [Fatal Error] :1:1: Premature end of file.
2025-01-27 23:33:41,587 [ERROR] LogOutputStream:75 - [STDERR_REDIRECT] 
2025-01-27 23:33:42,591 [ERROR] LogOutputStream:75 - [STDERR_REDIRECT] [Fatal Error] :1:1: Premature end of file.
2025-01-27 23:33:42,591 [ERROR] LogOutputStream:75 - [STDERR_REDIRECT] 
2025-01-27 23:33:43,587 [ERROR] LogOutputStream:75 - [STDERR_REDIRECT] [Fatal Error] :1:1: Premature end of file.
2025-01-27 23:33:43,589 [ERROR] LogOutputStream:75 - [STDERR_REDIRECT] 
2025-01-27 23:33:44,588 [ERROR] LogOutputStream:75 - [STDERR_REDIRECT] [Fatal Error] :1:1: Premature end of file.
2025-01-27 23:33:44,588 [ERROR] LogOutputStream:75 - [STDERR_REDIRECT] 
2025-01-27 23:33:45,574 [ERROR] LogOutputStream:75 - [STDERR_REDIRECT] [Fatal Error] :1:1: Premature end of file.
2025-01-27 23:33:45,574 [ERROR] LogOutputStream:75 - [STDERR_REDIRECT] 
2025-01-27 23:33:46,590 [ERROR] LogOutputStream:75 - [STDERR_REDIRECT] [Fatal Error] :1:1: Premature end of file.
2025-01-27 23:33:46,590 [ERROR] LogOutputStream:75 - [STDERR_REDIRECT] 
2025-01-27 23:33:47,589 [ERROR] LogOutputStream:75 - [STDERR_REDIRECT] [Fatal Error] :1:1: Premature end of file.
2025-01-27 23:33:47,589 [ERROR] LogOutputStream:75 - [STDERR_REDIRECT] 
2025-01-27 23:33:48,593 [ERROR] LogOutputStream:75 - [STDERR_REDIRECT] [Fatal Error] :1:1: Premature end of file.
2025-01-27 23:33:48,593 [ERROR] LogOutputStream:75 - [STDERR_REDIRECT] 
2025-01-27 23:33:49,592 [ERROR] LogOutputStream:75 - [STDERR_REDIRECT] [Fatal Error] :1:1: Premature end of file.
2025-01-27 23:33:49,592 [ERROR] LogOutputStream:75 - [STDERR_REDIRECT] 
2025-01-27 23:33:50,595 [ERROR] LogOutputStream:75 - [STDERR_REDIRECT] [Fatal Error] :1:1: Premature end of file.
2025-01-27 23:33:50,595 [ERROR] LogOutputStream:75 - [STDERR_REDIRECT] 
2025-01-27 23:33:51,613 [ERROR] LogOutputStream:75 - [STDERR_REDIRECT] [Fatal Error] :1:1: Premature end of file.
2025-01-27 23:33:51,613 [ERROR] LogOutputStream:75 - [STDERR_REDIRECT] 
2025-01-27 23:33:52,582 [ERROR] LogOutputStream:75 - [STDERR_REDIRECT] [Fatal Error] :1:1: Premature end of file.
2025-01-27 23:33:52,582 [ERROR] LogOutputStream:75 - [STDERR_REDIRECT] 
2025-01-27 23:33:53,591 [ERROR] LogOutputStream:75 - [STDERR_REDIRECT] [Fatal Error] :1:1: Premature end of file.
2025-01-27 23:33:53,591 [ERROR] LogOutputStream:75 - [STDERR_REDIRECT] 
2025-01-27 23:33:54,593 [ERROR] LogOutputStream:75 - [STDERR_REDIRECT] [Fatal Error] :1:1: Premature end of file.
2025-01-27 23:33:54,593 [ERROR] LogOutputStream:75 - [STDERR_REDIRECT] 
2025-01-27 23:33:55,588 [ERROR] LogOutputStream:75 - [STDERR_REDIRECT] [Fatal Error] :1:1: Premature end of file.
2025-01-27 23:33:55,588 [ERROR] LogOutputStream:75 - [STDERR_REDIRECT] 
2025-01-27 23:33:56,594 [ERROR] LogOutputStream:75 - [STDERR_REDIRECT] [Fatal Error] :1:1: Premature end of file.
2025-01-27 23:33:56,594 [ERROR] LogOutputStream:75 - [STDERR_REDIRECT] 
2025-01-27 23:33:57,594 [ERROR] LogOutputStream:75 - [STDERR_REDIRECT] [Fatal Error] :1:1: Premature end of file.
2025-01-27 23:33:57,594 [ERROR] LogOutputStream:75 - [STDERR_REDIRECT] 
2025-01-27 23:33:58,576 [ERROR] LogOutputStream:75 - [STDERR_REDIRECT] [Fatal Error] :1:1: Premature end of file.
2025-01-27 23:33:58,576 [ERROR] LogOutputStream:75 - [STDERR_REDIRECT] 
2025-01-27 23:33:59,596 [ERROR] LogOutputStream:75 - [STDERR_REDIRECT] [Fatal Error] :1:1: Premature end of file.
2025-01-27 23:33:59,596 [ERROR] LogOutputStream:75 - [STDERR_REDIRECT] 
2025-01-27 23:34:00,584 [ERROR] LogOutputStream:75 - [STDERR_REDIRECT] [Fatal Error] :1:1: Premature end of file.
2025-01-27 23:34:00,584 [ERROR] LogOutputStream:75 - [STDERR_REDIRECT] 
2025-01-27 23:34:01,586 [ERROR] LogOutputStream:75 - [STDERR_REDIRECT] [Fatal Error] :1:1: Premature end of file.
2025-01-27 23:34:01,586 [ERROR] LogOutputStream:75 - [STDERR_REDIRECT] 
2025-01-27 23:34:02,584 [ERROR] LogOutputStream:75 - [STDERR_REDIRECT] [Fatal Error] :1:1: Premature end of file.
2025-01-27 23:34:02,584 [ERROR] LogOutputStream:75 - [STDERR_REDIRECT] 
2025-01-27 23:34:03,581 [ERROR] LogOutputStream:75 - [STDERR_REDIRECT] [Fatal Error] :1:1: Premature end of file.
2025-01-27 23:34:03,581 [ERROR] LogOutputStream:75 - [STDERR_REDIRECT] 
2025-01-27 23:34:04,589 [ERROR] LogOutputStream:75 - [STDERR_REDIRECT] [Fatal Error] :1:1: Premature end of file.
2025-01-27 23:34:04,589 [ERROR] LogOutputStream:75 - [STDERR_REDIRECT] 
2025-01-27 23:34:05,582 [ERROR] LogOutputStream:75 - [STDERR_REDIRECT] [Fatal Error] :1:1: Premature end of file.
2025-01-27 23:34:05,582 [ERROR] LogOutputStream:75 - [STDERR_REDIRECT] 
2025-01-27 23:34:06,597 [ERROR] LogOutputStream:75 - [STDERR_REDIRECT] [Fatal Error] :1:1: Premature end of file.
2025-01-27 23:34:06,597 [ERROR] LogOutputStream:75 - [STDERR_REDIRECT] 
2025-01-27 23:34:07,581 [ERROR] LogOutputStream:75 - [STDERR_REDIRECT] [Fatal Error] :1:1: Premature end of file.
2025-01-27 23:34:07,581 [ERROR] LogOutputStream:75 - [STDERR_REDIRECT] 
2025-01-27 23:34:08,600 [ERROR] LogOutputStream:75 - [STDERR_REDIRECT] [Fatal Error] :1:1: Premature end of file.
2025-01-27 23:34:08,600 [ERROR] LogOutputStream:75 - [STDERR_REDIRECT] 
2025-01-27 23:34:09,584 [ERROR] LogOutputStream:75 - [STDERR_REDIRECT] [Fatal Error] :1:1: Premature end of file.
2025-01-27 23:34:09,584 [ERROR] LogOutputStream:75 - [STDERR_REDIRECT] 
2025-01-27 23:34:10,581 [ERROR] LogOutputStream:75 - [STDERR_REDIRECT] [Fatal Error] :1:1: Premature end of file.
2025-01-27 23:34:10,581 [ERROR] LogOutputStream:75 - [STDERR_REDIRECT] 
2025-01-27 23:34:11,579 [ERROR] LogOutputStream:75 - [STDERR_REDIRECT] [Fatal Error] :1:1: Premature end of file.
2025-01-27 23:34:11,579 [ERROR] LogOutputStream:75 - [STDERR_REDIRECT] 
2025-01-27 23:34:12,588 [ERROR] LogOutputStream:75 - [STDERR_REDIRECT] [Fatal Error] :1:1: Premature end of file.
2025-01-27 23:34:12,588 [ERROR] LogOutputStream:75 - [STDERR_REDIRECT] 
2025-01-27 23:34:13,587 [ERROR] LogOutputStream:75 - [STDERR_REDIRECT] [Fatal Error] :1:1: Premature end of file.
2025-01-27 23:34:13,588 [ERROR] LogOutputStream:75 - [STDERR_REDIRECT] 
2025-01-27 23:34:14,588 [ERROR] LogOutputStream:75 - [STDERR_REDIRECT] [Fatal Error] :1:1: Premature end of file.
2025-01-27 23:34:14,588 [ERROR] LogOutputStream:75 - [STDERR_REDIRECT] 
2025-01-27 23:34:15,595 [ERROR] LogOutputStream:75 - [STDERR_REDIRECT] [Fatal Error] :1:1: Premature end of file.
2025-01-27 23:34:15,595 [ERROR] LogOutputStream:75 - [STDERR_REDIRECT] 
2025-01-27 23:34:16,592 [ERROR] LogOutputStream:75 - [STDERR_REDIRECT] [Fatal Error] :1:1: Premature end of file.
2025-01-27 23:34:16,592 [ERROR] LogOutputStream:75 - [STDERR_REDIRECT] 
2025-01-27 23:34:17,579 [ERROR] LogOutputStream:75 - [STDERR_REDIRECT] [Fatal Error] :1:1: Premature end of file.
2025-01-27 23:34:17,579 [ERROR] LogOutputStream:75 - [STDERR_REDIRECT] 
2025-01-27 23:34:18,584 [ERROR] LogOutputStream:75 - [STDERR_REDIRECT] [Fatal Error] :1:1: Premature end of file.
2025-01-27 23:34:18,584 [ERROR] LogOutputStream:75 - [STDERR_REDIRECT] 
2025-01-27 23:34:19,576 [ERROR] LogOutputStream:75 - [STDERR_REDIRECT] [Fatal Error] :1:1: Premature end of file.
2025-01-27 23:34:19,576 [ERROR] LogOutputStream:75 - [STDERR_REDIRECT] 
2025-01-27 23:34:20,601 [ERROR] LogOutputStream:75 - [STDERR_REDIRECT] [Fatal Error] :1:1: Premature end of file.
2025-01-27 23:34:20,601 [ERROR] LogOutputStream:75 - [STDERR_REDIRECT] 
2025-01-27 23:34:21,603 [ERROR] LogOutputStream:75 - [STDERR_REDIRECT] [Fatal Error] :1:1: Premature end of file.
2025-01-27 23:34:21,603 [ERROR] LogOutputStream:75 - [STDERR_REDIRECT] 
2025-01-27 23:34:22,578 [ERROR] LogOutputStream:75 - [STDERR_REDIRECT] [Fatal Error] :1:1: Premature end of file.
2025-01-27 23:34:22,578 [ERROR] LogOutputStream:75 - [STDERR_REDIRECT] 
2025-01-27 23:34:23,579 [ERROR] LogOutputStream:75 - [STDERR_REDIRECT] [Fatal Error] :1:1: Premature end of file.
2025-01-27 23:34:23,579 [ERROR] LogOutputStream:75 - [STDERR_REDIRECT] 
2025-01-27 23:34:24,582 [ERROR] LogOutputStream:75 - [STDERR_REDIRECT] [Fatal Error] :1:1: Premature end of file.
2025-01-27 23:34:24,582 [ERROR] LogOutputStream:75 - [STDERR_REDIRECT] 
2025-01-27 23:34:25,584 [ERROR] LogOutputStream:75 - [STDERR_REDIRECT] [Fatal Error] :1:1: Premature end of file.
2025-01-27 23:34:25,584 [ERROR] LogOutputStream:75 - [STDERR_REDIRECT] 
2025-01-27 23:34:26,594 [ERROR] LogOutputStream:75 - [STDERR_REDIRECT] [Fatal Error] :1:1: Premature end of file.
2025-01-27 23:34:26,594 [ERROR] LogOutputStream:75 - [STDERR_REDIRECT] 
2025-01-27 23:34:27,593 [ERROR] LogOutputStream:75 - [STDERR_REDIRECT] [Fatal Error] :1:1: Premature end of file.
2025-01-27 23:34:27,593 [ERROR] LogOutputStream:75 - [STDERR_REDIRECT] 
2025-01-27 23:34:28,584 [ERROR] LogOutputStream:75 - [STDERR_REDIRECT] [Fatal Error] :1:1: Premature end of file.
2025-01-27 23:34:28,584 [ERROR] LogOutputStream:75 - [STDERR_REDIRECT] 
2025-01-27 23:34:29,589 [ERROR] LogOutputStream:75 - [STDERR_REDIRECT] [Fatal Error] :1:1: Premature end of file.
2025-01-27 23:34:29,589 [ERROR] LogOutputStream:75 - [STDERR_REDIRECT] 
2025-01-27 23:34:30,595 [ERROR] LogOutputStream:75 - [STDERR_REDIRECT] [Fatal Error] :1:1: Premature end of file.
2025-01-27 23:34:30,595 [ERROR] LogOutputStream:75 - [STDERR_REDIRECT] 
2025-01-27 23:34:31,594 [ERROR] LogOutputStream:75 - [STDERR_REDIRECT] [Fatal Error] :1:1: Premature end of file.
2025-01-27 23:34:31,594 [ERROR] LogOutputStream:75 - [STDERR_REDIRECT] 
2025-01-27 23:34:32,589 [ERROR] LogOutputStream:75 - [STDERR_REDIRECT] [Fatal Error] :1:1: Premature end of file.
2025-01-27 23:34:32,589 [ERROR] LogOutputStream:75 - [STDERR_REDIRECT] 
2025-01-27 23:34:33,586 [ERROR] LogOutputStream:75 - [STDERR_REDIRECT] [Fatal Error] :1:1: Premature end of file.
2025-01-27 23:34:33,586 [ERROR] LogOutputStream:75 - [STDERR_REDIRECT] 
2025-01-27 23:34:34,584 [ERROR] LogOutputStream:75 - [STDERR_REDIRECT] [Fatal Error] :1:1: Premature end of file.
2025-01-27 23:34:34,584 [ERROR] LogOutputStream:75 - [STDERR_REDIRECT] 
2025-01-27 23:34:35,597 [ERROR] LogOutputStream:75 - [STDERR_REDIRECT] [Fatal Error] :1:1: Premature end of file.
2025-01-27 23:34:35,597 [ERROR] LogOutputStream:75 - [STDERR_REDIRECT] 
2025-01-27 23:34:36,580 [ERROR] LogOutputStream:75 - [STDERR_REDIRECT] [Fatal Error] :1:1: Premature end of file.
2025-01-27 23:34:36,580 [ERROR] LogOutputStream:75 - [STDERR_REDIRECT] 
2025-01-27 23:34:37,596 [ERROR] LogOutputStream:75 - [STDERR_REDIRECT] [Fatal Error] :1:1: Premature end of file.
2025-01-27 23:34:37,596 [ERROR] LogOutputStream:75 - [STDERR_REDIRECT] 
2025-01-27 23:34:38,588 [ERROR] LogOutputStream:75 - [STDERR_REDIRECT] [Fatal Error] :1:1: Premature end of file.
2025-01-27 23:34:38,588 [ERROR] LogOutputStream:75 - [STDERR_REDIRECT] 
2025-01-27 23:34:39,579 [ERROR] LogOutputStream:75 - [STDERR_REDIRECT] [Fatal Error] :1:1: Premature end of file.
2025-01-27 23:34:39,580 [ERROR] LogOutputStream:75 - [STDERR_REDIRECT] 
2025-01-27 23:34:40,593 [ERROR] LogOutputStream:75 - [STDERR_REDIRECT] [Fatal Error] :1:1: Premature end of file.
2025-01-27 23:34:40,594 [ERROR] LogOutputStream:75 - [STDERR_REDIRECT] 
2025-01-27 23:34:41,595 [ERROR] LogOutputStream:75 - [STDERR_REDIRECT] [Fatal Error] :1:1: Premature end of file.
2025-01-27 23:34:41,595 [ERROR] LogOutputStream:75 - [STDERR_REDIRECT] 
2025-01-27 23:34:42,587 [ERROR] LogOutputStream:75 - [STDERR_REDIRECT] [Fatal Error] :1:1: Premature end of file.
2025-01-27 23:34:42,587 [ERROR] LogOutputStream:75 - [STDERR_REDIRECT] 
2025-01-27 23:34:43,594 [ERROR] LogOutputStream:75 - [STDERR_REDIRECT] [Fatal Error] :1:1: Premature end of file.
2025-01-27 23:34:43,594 [ERROR] LogOutputStream:75 - [STDERR_REDIRECT] 
2025-01-27 23:34:44,586 [ERROR] LogOutputStream:75 - [STDERR_REDIRECT] [Fatal Error] :1:1: Premature end of file.
2025-01-27 23:34:44,586 [ERROR] LogOutputStream:75 - [STDERR_REDIRECT] 
2025-01-27 23:34:45,587 [ERROR] LogOutputStream:75 - [STDERR_REDIRECT] [Fatal Error] :1:1: Premature end of file.
2025-01-27 23:34:45,587 [ERROR] LogOutputStream:75 - [STDERR_REDIRECT] 
2025-01-27 23:34:46,612 [ERROR] LogOutputStream:75 - [STDERR_REDIRECT] [Fatal Error] :1:1: Premature end of file.
2025-01-27 23:34:46,612 [ERROR] LogOutputStream:75 - [STDERR_REDIRECT] 
2025-01-27 23:34:47,584 [ERROR] LogOutputStream:75 - [STDERR_REDIRECT] [Fatal Error] :1:1: Premature end of file.
2025-01-27 23:34:47,584 [ERROR] LogOutputStream:75 - [STDERR_REDIRECT] 
2025-01-27 23:34:48,597 [ERROR] LogOutputStream:75 - [STDERR_REDIRECT] [Fatal Error] :1:1: Premature end of file.
2025-01-27 23:34:48,597 [ERROR] LogOutputStream:75 - [STDERR_REDIRECT] 
2025-01-27 23:34:49,576 [ERROR] LogOutputStream:75 - [STDERR_REDIRECT] [Fatal Error] :1:1: Premature end of file.
2025-01-27 23:34:49,576 [ERROR] LogOutputStream:75 - [STDERR_REDIRECT] 
2025-01-27 23:34:50,582 [ERROR] LogOutputStream:75 - [STDERR_REDIRECT] [Fatal Error] :1:1: Premature end of file.
2025-01-27 23:34:50,582 [ERROR] LogOutputStream:75 - [STDERR_REDIRECT] 
2025-01-27 23:34:51,584 [ERROR] LogOutputStream:75 - [STDERR_REDIRECT] [Fatal Error] :1:1: Premature end of file.
2025-01-27 23:34:51,584 [ERROR] LogOutputStream:75 - [STDERR_REDIRECT] 
2025-01-27 23:34:52,598 [ERROR] LogOutputStream:75 - [STDERR_REDIRECT] [Fatal Error] :1:1: Premature end of file.
2025-01-27 23:34:52,598 [ERROR] LogOutputStream:75 - [STDERR_REDIRECT] 
2025-01-27 23:34:53,592 [ERROR] LogOutputStream:75 - [STDERR_REDIRECT] [Fatal Error] :1:1: Premature end of file.
2025-01-27 23:34:53,592 [ERROR] LogOutputStream:75 - [STDERR_REDIRECT] 
2025-01-27 23:34:54,580 [ERROR] LogOutputStream:75 - [STDERR_REDIRECT] [Fatal Error] :1:1: Premature end of file.
2025-01-27 23:34:54,580 [ERROR] LogOutputStream:75 - [STDERR_REDIRECT] 
2025-01-27 23:34:55,585 [ERROR] LogOutputStream:75 - [STDERR_REDIRECT] [Fatal Error] :1:1: Premature end of file.
2025-01-27 23:34:55,585 [ERROR] LogOutputStream:75 - [STDERR_REDIRECT] 
2025-01-27 23:34:56,579 [ERROR] LogOutputStream:75 - [STDERR_REDIRECT] [Fatal Error] :1:1: Premature end of file.
2025-01-27 23:34:56,579 [ERROR] LogOutputStream:75 - [STDERR_REDIRECT] 
2025-01-27 23:34:57,589 [ERROR] LogOutputStream:75 - [STDERR_REDIRECT] [Fatal Error] :1:1: Premature end of file.
2025-01-27 23:34:57,589 [ERROR] LogOutputStream:75 - [STDERR_REDIRECT] 
2025-01-27 23:34:58,577 [ERROR] LogOutputStream:75 - [STDERR_REDIRECT] [Fatal Error] :1:1: Premature end of file.
2025-01-27 23:34:58,577 [ERROR] LogOutputStream:75 - [STDERR_REDIRECT] 
2025-01-27 23:34:59,582 [ERROR] LogOutputStream:75 - [STDERR_REDIRECT] [Fatal Error] :1:1: Premature end of file.
2025-01-27 23:34:59,582 [ERROR] LogOutputStream:75 - [STDERR_REDIRECT] 
2025-01-27 23:35:00,579 [ERROR] LogOutputStream:75 - [STDERR_REDIRECT] [Fatal Error] :1:1: Premature end of file.
2025-01-27 23:35:00,579 [ERROR] LogOutputStream:75 - [STDERR_REDIRECT] 
2025-01-27 23:35:01,591 [ERROR] LogOutputStream:75 - [STDERR_REDIRECT] [Fatal Error] :1:1: Premature end of file.
2025-01-27 23:35:01,591 [ERROR] LogOutputStream:75 - [STDERR_REDIRECT] 
2025-01-27 23:35:02,580 [ERROR] LogOutputStream:75 - [STDERR_REDIRECT] [Fatal Error] :1:1: Premature end of file.
2025-01-27 23:35:02,581 [ERROR] LogOutputStream:75 - [STDERR_REDIRECT] 
2025-01-27 23:35:03,601 [ERROR] LogOutputStream:75 - [STDERR_REDIRECT] [Fatal Error] :1:1: Premature end of file.
2025-01-27 23:35:03,603 [ERROR] LogOutputStream:75 - [STDERR_REDIRECT] 
2025-01-27 23:35:04,594 [ERROR] LogOutputStream:75 - [STDERR_REDIRECT] [Fatal Error] :1:1: Premature end of file.
2025-01-27 23:35:04,594 [ERROR] LogOutputStream:75 - [STDERR_REDIRECT] 
2025-01-27 23:35:05,588 [ERROR] LogOutputStream:75 - [STDERR_REDIRECT] [Fatal Error] :1:1: Premature end of file.
2025-01-27 23:35:05,590 [ERROR] LogOutputStream:75 - [STDERR_REDIRECT] 
2025-01-27 23:35:06,592 [ERROR] LogOutputStream:75 - [STDERR_REDIRECT] [Fatal Error] :1:1: Premature end of file.
2025-01-27 23:35:06,592 [ERROR] LogOutputStream:75 - [STDERR_REDIRECT] 
2025-01-27 23:35:07,579 [ERROR] LogOutputStream:75 - [STDERR_REDIRECT] [Fatal Error] :1:1: Premature end of file.
2025-01-27 23:35:07,579 [ERROR] LogOutputStream:75 - [STDERR_REDIRECT] 
2025-01-27 23:35:08,582 [ERROR] LogOutputStream:75 - [STDERR_REDIRECT] [Fatal Error] :1:1: Premature end of file.
2025-01-27 23:35:08,582 [ERROR] LogOutputStream:75 - [STDERR_REDIRECT] 
2025-01-27 23:35:09,592 [ERROR] LogOutputStream:75 - [STDERR_REDIRECT] [Fatal Error] :1:1: Premature end of file.
2025-01-27 23:35:09,592 [ERROR] LogOutputStream:75 - [STDERR_REDIRECT] 
2025-01-27 23:35:10,584 [ERROR] LogOutputStream:75 - [STDERR_REDIRECT] [Fatal Error] :1:1: Premature end of file.
2025-01-27 23:35:10,584 [ERROR] LogOutputStream:75 - [STDERR_REDIRECT] 
2025-01-27 23:35:11,591 [ERROR] LogOutputStream:75 - [STDERR_REDIRECT] [Fatal Error] :1:1: Premature end of file.
2025-01-27 23:35:11,591 [ERROR] LogOutputStream:75 - [STDERR_REDIRECT] 
2025-01-27 23:35:12,594 [ERROR] LogOutputStream:75 - [STDERR_REDIRECT] [Fatal Error] :1:1: Premature end of file.
2025-01-27 23:35:12,594 [ERROR] LogOutputStream:75 - [STDERR_REDIRECT] 
2025-01-27 23:35:13,593 [ERROR] LogOutputStream:75 - [STDERR_REDIRECT] [Fatal Error] :1:1: Premature end of file.
2025-01-27 23:35:13,593 [ERROR] LogOutputStream:75 - [STDERR_REDIRECT] 
2025-01-27 23:35:14,591 [ERROR] LogOutputStream:75 - [STDERR_REDIRECT] [Fatal Error] :1:1: Premature end of file.
2025-01-27 23:35:14,591 [ERROR] LogOutputStream:75 - [STDERR_REDIRECT] 
2025-01-27 23:35:15,593 [ERROR] LogOutputStream:75 - [STDERR_REDIRECT] [Fatal Error] :1:1: Premature end of file.
2025-01-27 23:35:15,593 [ERROR] LogOutputStream:75 - [STDERR_REDIRECT] 
2025-01-27 23:35:16,584 [ERROR] LogOutputStream:75 - [STDERR_REDIRECT] [Fatal Error] :1:1: Premature end of file.
2025-01-27 23:35:16,584 [ERROR] LogOutputStream:75 - [STDERR_REDIRECT] 
2025-01-27 23:35:17,591 [ERROR] LogOutputStream:75 - [STDERR_REDIRECT] [Fatal Error] :1:1: Premature end of file.
2025-01-27 23:35:17,591 [ERROR] LogOutputStream:75 - [STDERR_REDIRECT] 
2025-01-27 23:35:18,592 [ERROR] LogOutputStream:75 - [STDERR_REDIRECT] [Fatal Error] :1:1: Premature end of file.
2025-01-27 23:35:18,592 [ERROR] LogOutputStream:75 - [STDERR_REDIRECT] 
2025-01-27 23:35:19,590 [ERROR] LogOutputStream:75 - [STDERR_REDIRECT] [Fatal Error] :1:1: Premature end of file.
2025-01-27 23:35:19,590 [ERROR] LogOutputStream:75 - [STDERR_REDIRECT] 
2025-01-27 23:35:20,594 [ERROR] LogOutputStream:75 - [STDERR_REDIRECT] [Fatal Error] :1:1: Premature end of file.
2025-01-27 23:35:20,594 [ERROR] LogOutputStream:75 - [STDERR_REDIRECT] 
2025-01-27 23:35:21,594 [ERROR] LogOutputStream:75 - [STDERR_REDIRECT] [Fatal Error] :1:1: Premature end of file.
2025-01-27 23:35:21,594 [ERROR] LogOutputStream:75 - [STDERR_REDIRECT] 
2025-01-27 23:35:22,580 [ERROR] LogOutputStream:75 - [STDERR_REDIRECT] [Fatal Error] :1:1: Premature end of file.
2025-01-27 23:35:22,580 [ERROR] LogOutputStream:75 - [STDERR_REDIRECT] 
2025-01-27 23:35:23,602 [ERROR] LogOutputStream:75 - [STDERR_REDIRECT] [Fatal Error] :1:1: Premature end of file.
2025-01-27 23:35:23,602 [ERROR] LogOutputStream:75 - [STDERR_REDIRECT] 
2025-01-27 23:35:24,594 [ERROR] LogOutputStream:75 - [STDERR_REDIRECT] [Fatal Error] :1:1: Premature end of file.
2025-01-27 23:35:24,594 [ERROR] LogOutputStream:75 - [STDERR_REDIRECT] 
2025-01-27 23:35:25,574 [ERROR] LogOutputStream:75 - [STDERR_REDIRECT] [Fatal Error] :1:1: Premature end of file.
2025-01-27 23:35:25,574 [ERROR] LogOutputStream:75 - [STDERR_REDIRECT] 
2025-01-27 23:35:26,600 [ERROR] LogOutputStream:75 - [STDERR_REDIRECT] [Fatal Error] :1:1: Premature end of file.
2025-01-27 23:35:26,600 [ERROR] LogOutputStream:75 - [STDERR_REDIRECT] 
2025-01-27 23:35:27,583 [ERROR] LogOutputStream:75 - [STDERR_REDIRECT] [Fatal Error] :1:1: Premature end of file.
2025-01-27 23:35:27,583 [ERROR] LogOutputStream:75 - [STDERR_REDIRECT] 
2025-01-27 23:35:28,588 [ERROR] LogOutputStream:75 - [STDERR_REDIRECT] [Fatal Error] :1:1: Premature end of file.
2025-01-27 23:35:28,588 [ERROR] LogOutputStream:75 - [STDERR_REDIRECT] 
2025-01-27 23:35:29,586 [ERROR] LogOutputStream:75 - [STDERR_REDIRECT] [Fatal Error] :1:1: Premature end of file.
2025-01-27 23:35:29,586 [ERROR] LogOutputStream:75 - [STDERR_REDIRECT] 
2025-01-27 23:35:30,585 [ERROR] LogOutputStream:75 - [STDERR_REDIRECT] [Fatal Error] :1:1: Premature end of file.
2025-01-27 23:35:30,585 [ERROR] LogOutputStream:75 - [STDERR_REDIRECT] 
2025-01-27 23:35:31,594 [ERROR] LogOutputStream:75 - [STDERR_REDIRECT] [Fatal Error] :1:1: Premature end of file.
2025-01-27 23:35:31,594 [ERROR] LogOutputStream:75 - [STDERR_REDIRECT] 
2025-01-27 23:35:32,585 [ERROR] LogOutputStream:75 - [STDERR_REDIRECT] [Fatal Error] :1:1: Premature end of file.
2025-01-27 23:35:32,585 [ERROR] LogOutputStream:75 - [STDERR_REDIRECT] 
2025-01-27 23:35:33,583 [ERROR] LogOutputStream:75 - [STDERR_REDIRECT] [Fatal Error] :1:1: Premature end of file.
2025-01-27 23:35:33,583 [ERROR] LogOutputStream:75 - [STDERR_REDIRECT] 
2025-01-27 23:35:34,580 [ERROR] LogOutputStream:75 - [STDERR_REDIRECT] [Fatal Error] :1:1: Premature end of file.
2025-01-27 23:35:34,580 [ERROR] LogOutputStream:75 - [STDERR_REDIRECT] 
2025-01-27 23:35:35,603 [ERROR] LogOutputStream:75 - [STDERR_REDIRECT] [Fatal Error] :1:1: Premature end of file.
2025-01-27 23:35:35,603 [ERROR] LogOutputStream:75 - [STDERR_REDIRECT] 
2025-01-27 23:35:36,592 [ERROR] LogOutputStream:75 - [STDERR_REDIRECT] [Fatal Error] :1:1: Premature end of file.
2025-01-27 23:35:36,592 [ERROR] LogOutputStream:75 - [STDERR_REDIRECT] 
2025-01-27 23:35:37,607 [ERROR] LogOutputStream:75 - [STDERR_REDIRECT] [Fatal Error] :1:1: Premature end of file.
2025-01-27 23:35:37,607 [ERROR] LogOutputStream:75 - [STDERR_REDIRECT] 
2025-01-27 23:35:38,596 [ERROR] LogOutputStream:75 - [STDERR_REDIRECT] [Fatal Error] :1:1: Premature end of file.
2025-01-27 23:35:38,596 [ERROR] LogOutputStream:75 - [STDERR_REDIRECT] 
2025-01-27 23:35:39,589 [ERROR] LogOutputStream:75 - [STDERR_REDIRECT] [Fatal Error] :1:1: Premature end of file.
2025-01-27 23:35:39,589 [ERROR] LogOutputStream:75 - [STDERR_REDIRECT] 
2025-01-27 23:35:40,587 [ERROR] LogOutputStream:75 - [STDERR_REDIRECT] [Fatal Error] :1:1: Premature end of file.
2025-01-27 23:35:40,587 [ERROR] LogOutputStream:75 - [STDERR_REDIRECT] 
2025-01-27 23:35:41,593 [ERROR] LogOutputStream:75 - [STDERR_REDIRECT] [Fatal Error] :1:1: Premature end of file.
2025-01-27 23:35:41,593 [ERROR] LogOutputStream:75 - [STDERR_REDIRECT] 
2025-01-27 23:35:42,588 [ERROR] LogOutputStream:75 - [STDERR_REDIRECT] [Fatal Error] :1:1: Premature end of file.
2025-01-27 23:35:42,588 [ERROR] LogOutputStream:75 - [STDERR_REDIRECT] 
2025-01-27 23:35:43,593 [ERROR] LogOutputStream:75 - [STDERR_REDIRECT] [Fatal Error] :1:1: Premature end of file.
2025-01-27 23:35:43,593 [ERROR] LogOutputStream:75 - [STDERR_REDIRECT] 
2025-01-27 23:35:44,593 [ERROR] LogOutputStream:75 - [STDERR_REDIRECT] [Fatal Error] :1:1: Premature end of file.
2025-01-27 23:35:44,593 [ERROR] LogOutputStream:75 - [STDERR_REDIRECT] 
2025-01-27 23:35:45,595 [ERROR] LogOutputStream:75 - [STDERR_REDIRECT] [Fatal Error] :1:1: Premature end of file.
2025-01-27 23:35:45,595 [ERROR] LogOutputStream:75 - [STDERR_REDIRECT] 
2025-01-27 23:35:46,602 [ERROR] LogOutputStream:75 - [STDERR_REDIRECT] [Fatal Error] :1:1: Premature end of file.
2025-01-27 23:35:46,602 [ERROR] LogOutputStream:75 - [STDERR_REDIRECT] 
2025-01-27 23:35:47,601 [ERROR] LogOutputStream:75 - [STDERR_REDIRECT] [Fatal Error] :1:1: Premature end of file.
2025-01-27 23:35:47,601 [ERROR] LogOutputStream:75 - [STDERR_REDIRECT] 
2025-01-27 23:35:48,587 [ERROR] LogOutputStream:75 - [STDERR_REDIRECT] [Fatal Error] :1:1: Premature end of file.
2025-01-27 23:35:48,587 [ERROR] LogOutputStream:75 - [STDERR_REDIRECT] 
2025-01-27 23:35:49,579 [ERROR] LogOutputStream:75 - [STDERR_REDIRECT] [Fatal Error] :1:1: Premature end of file.
2025-01-27 23:35:49,579 [ERROR] LogOutputStream:75 - [STDERR_REDIRECT] 
2025-01-27 23:35:50,598 [ERROR] LogOutputStream:75 - [STDERR_REDIRECT] [Fatal Error] :1:1: Premature end of file.
2025-01-27 23:35:50,598 [ERROR] LogOutputStream:75 - [STDERR_REDIRECT] 
2025-01-27 23:35:51,587 [ERROR] LogOutputStream:75 - [STDERR_REDIRECT] [Fatal Error] :1:1: Premature end of file.
2025-01-27 23:35:51,587 [ERROR] LogOutputStream:75 - [STDERR_REDIRECT] 
2025-01-27 23:35:52,592 [ERROR] LogOutputStream:75 - [STDERR_REDIRECT] [Fatal Error] :1:1: Premature end of file.
2025-01-27 23:35:52,592 [ERROR] LogOutputStream:75 - [STDERR_REDIRECT] 
2025-01-27 23:35:53,598 [ERROR] LogOutputStream:75 - [STDERR_REDIRECT] [Fatal Error] :1:1: Premature end of file.
2025-01-27 23:35:53,598 [ERROR] LogOutputStream:75 - [STDERR_REDIRECT] 
2025-01-27 23:35:54,587 [ERROR] LogOutputStream:75 - [STDERR_REDIRECT] [Fatal Error] :1:1: Premature end of file.
2025-01-27 23:35:54,587 [ERROR] LogOutputStream:75 - [STDERR_REDIRECT] 
2025-01-27 23:35:55,605 [ERROR] LogOutputStream:75 - [STDERR_REDIRECT] [Fatal Error] :1:1: Premature end of file.
2025-01-27 23:35:55,605 [ERROR] LogOutputStream:75 - [STDERR_REDIRECT] 
2025-01-27 23:35:56,595 [ERROR] LogOutputStream:75 - [STDERR_REDIRECT] [Fatal Error] :1:1: Premature end of file.
2025-01-27 23:35:56,595 [ERROR] LogOutputStream:75 - [STDERR_REDIRECT] 
2025-01-27 23:35:57,580 [ERROR] LogOutputStream:75 - [STDERR_REDIRECT] [Fatal Error] :1:1: Premature end of file.
2025-01-27 23:35:57,580 [ERROR] LogOutputStream:75 - [STDERR_REDIRECT] 
2025-01-27 23:35:58,606 [ERROR] LogOutputStream:75 - [STDERR_REDIRECT] [Fatal Error] :1:1: Premature end of file.
2025-01-27 23:35:58,606 [ERROR] LogOutputStream:75 - [STDERR_REDIRECT] 
2025-01-27 23:35:59,596 [ERROR] LogOutputStream:75 - [STDERR_REDIRECT] [Fatal Error] :1:1: Premature end of file.
2025-01-27 23:35:59,596 [ERROR] LogOutputStream:75 - [STDERR_REDIRECT] 
2025-01-27 23:36:00,593 [ERROR] LogOutputStream:75 - [STDERR_REDIRECT] [Fatal Error] :1:1: Premature end of file.
2025-01-27 23:36:00,593 [ERROR] LogOutputStream:75 - [STDERR_REDIRECT] 
2025-01-27 23:36:01,595 [ERROR] LogOutputStream:75 - [STDERR_REDIRECT] [Fatal Error] :1:1: Premature end of file.
2025-01-27 23:36:01,595 [ERROR] LogOutputStream:75 - [STDERR_REDIRECT] 
2025-01-27 23:36:02,589 [ERROR] LogOutputStream:75 - [STDERR_REDIRECT] [Fatal Error] :1:1: Premature end of file.
2025-01-27 23:36:02,589 [ERROR] LogOutputStream:75 - [STDERR_REDIRECT] 
2025-01-27 23:36:03,588 [ERROR] LogOutputStream:75 - [STDERR_REDIRECT] [Fatal Error] :1:1: Premature end of file.
2025-01-27 23:36:03,588 [ERROR] LogOutputStream:75 - [STDERR_REDIRECT] 
2025-01-27 23:36:04,594 [ERROR] LogOutputStream:75 - [STDERR_REDIRECT] [Fatal Error] :1:1: Premature end of file.
2025-01-27 23:36:04,594 [ERROR] LogOutputStream:75 - [STDERR_REDIRECT] 
2025-01-27 23:36:05,575 [ERROR] LogOutputStream:75 - [STDERR_REDIRECT] [Fatal Error] :1:1: Premature end of file.
2025-01-27 23:36:05,575 [ERROR] LogOutputStream:75 - [STDERR_REDIRECT] 
2025-01-27 23:36:06,586 [ERROR] LogOutputStream:75 - [STDERR_REDIRECT] [Fatal Error] :1:1: Premature end of file.
2025-01-27 23:36:06,586 [ERROR] LogOutputStream:75 - [STDERR_REDIRECT] 
2025-01-27 23:36:07,598 [ERROR] LogOutputStream:75 - [STDERR_REDIRECT] [Fatal Error] :1:1: Premature end of file.
2025-01-27 23:36:07,598 [ERROR] LogOutputStream:75 - [STDERR_REDIRECT] 
2025-01-27 23:36:08,599 [ERROR] LogOutputStream:75 - [STDERR_REDIRECT] [Fatal Error] :1:1: Premature end of file.
2025-01-27 23:36:08,599 [ERROR] LogOutputStream:75 - [STDERR_REDIRECT] 
2025-01-27 23:36:09,588 [ERROR] LogOutputStream:75 - [STDERR_REDIRECT] [Fatal Error] :1:1: Premature end of file.
2025-01-27 23:36:09,588 [ERROR] LogOutputStream:75 - [STDERR_REDIRECT] 
2025-01-27 23:36:10,583 [ERROR] LogOutputStream:75 - [STDERR_REDIRECT] [Fatal Error] :1:1: Premature end of file.
2025-01-27 23:36:10,583 [ERROR] LogOutputStream:75 - [STDERR_REDIRECT] 
2025-01-27 23:36:11,591 [ERROR] LogOutputStream:75 - [STDERR_REDIRECT] [Fatal Error] :1:1: Premature end of file.
2025-01-27 23:36:11,592 [ERROR] LogOutputStream:75 - [STDERR_REDIRECT] 
2025-01-27 23:36:12,584 [ERROR] LogOutputStream:75 - [STDERR_REDIRECT] [Fatal Error] :1:1: Premature end of file.
2025-01-27 23:36:12,584 [ERROR] LogOutputStream:75 - [STDERR_REDIRECT] 
2025-01-27 23:36:13,594 [ERROR] LogOutputStream:75 - [STDERR_REDIRECT] [Fatal Error] :1:1: Premature end of file.
2025-01-27 23:36:13,594 [ERROR] LogOutputStream:75 - [STDERR_REDIRECT] 
2025-01-27 23:36:14,594 [ERROR] LogOutputStream:75 - [STDERR_REDIRECT] [Fatal Error] :1:1: Premature end of file.
2025-01-27 23:36:14,594 [ERROR] LogOutputStream:75 - [STDERR_REDIRECT] 
2025-01-27 23:36:15,592 [ERROR] LogOutputStream:75 - [STDERR_REDIRECT] [Fatal Error] :1:1: Premature end of file.
2025-01-27 23:36:15,592 [ERROR] LogOutputStream:75 - [STDERR_REDIRECT] 
2025-01-27 23:36:16,576 [ERROR] LogOutputStream:75 - [STDERR_REDIRECT] [Fatal Error] :1:1: Premature end of file.
2025-01-27 23:36:16,576 [ERROR] LogOutputStream:75 - [STDERR_REDIRECT] 
2025-01-27 23:36:17,598 [ERROR] LogOutputStream:75 - [STDERR_REDIRECT] [Fatal Error] :1:1: Premature end of file.
2025-01-27 23:36:17,598 [ERROR] LogOutputStream:75 - [STDERR_REDIRECT] 
2025-01-27 23:36:18,584 [ERROR] LogOutputStream:75 - [STDERR_REDIRECT] [Fatal Error] :1:1: Premature end of file.
2025-01-27 23:36:18,584 [ERROR] LogOutputStream:75 - [STDERR_REDIRECT] 
2025-01-27 23:36:19,594 [ERROR] LogOutputStream:75 - [STDERR_REDIRECT] [Fatal Error] :1:1: Premature end of file.
2025-01-27 23:36:19,594 [ERROR] LogOutputStream:75 - [STDERR_REDIRECT] 
2025-01-27 23:36:20,593 [ERROR] LogOutputStream:75 - [STDERR_REDIRECT] [Fatal Error] :1:1: Premature end of file.
2025-01-27 23:36:20,593 [ERROR] LogOutputStream:75 - [STDERR_REDIRECT] 
2025-01-27 23:36:21,576 [ERROR] LogOutputStream:75 - [STDERR_REDIRECT] [Fatal Error] :1:1: Premature end of file.
2025-01-27 23:36:21,576 [ERROR] LogOutputStream:75 - [STDERR_REDIRECT] 
2025-01-27 23:36:22,607 [ERROR] LogOutputStream:75 - [STDERR_REDIRECT] [Fatal Error] :1:1: Premature end of file.
2025-01-27 23:36:22,607 [ERROR] LogOutputStream:75 - [STDERR_REDIRECT] 
2025-01-27 23:36:23,591 [ERROR] LogOutputStream:75 - [STDERR_REDIRECT] [Fatal Error] :1:1: Premature end of file.
2025-01-27 23:36:23,593 [ERROR] LogOutputStream:75 - [STDERR_REDIRECT] 
2025-01-27 23:36:24,577 [ERROR] LogOutputStream:75 - [STDERR_REDIRECT] [Fatal Error] :1:1: Premature end of file.
2025-01-27 23:36:24,577 [ERROR] LogOutputStream:75 - [STDERR_REDIRECT] 
2025-01-27 23:36:25,580 [ERROR] LogOutputStream:75 - [STDERR_REDIRECT] [Fatal Error] :1:1: Premature end of file.
2025-01-27 23:36:25,580 [ERROR] LogOutputStream:75 - [STDERR_REDIRECT] 
2025-01-27 23:36:26,591 [ERROR] LogOutputStream:75 - [STDERR_REDIRECT] [Fatal Error] :1:1: Premature end of file.
2025-01-27 23:36:26,591 [ERROR] LogOutputStream:75 - [STDERR_REDIRECT] 
2025-01-27 23:36:27,591 [ERROR] LogOutputStream:75 - [STDERR_REDIRECT] [Fatal Error] :1:1: Premature end of file.
2025-01-27 23:36:27,591 [ERROR] LogOutputStream:75 - [STDERR_REDIRECT] 
2025-01-27 23:36:28,583 [ERROR] LogOutputStream:75 - [STDERR_REDIRECT] [Fatal Error] :1:1: Premature end of file.
2025-01-27 23:36:28,583 [ERROR] LogOutputStream:75 - [STDERR_REDIRECT] 
2025-01-27 23:36:29,579 [ERROR] LogOutputStream:75 - [STDERR_REDIRECT] [Fatal Error] :1:1: Premature end of file.
2025-01-27 23:36:29,579 [ERROR] LogOutputStream:75 - [STDERR_REDIRECT] 
2025-01-27 23:36:30,587 [ERROR] LogOutputStream:75 - [STDERR_REDIRECT] [Fatal Error] :1:1: Premature end of file.
2025-01-27 23:36:30,587 [ERROR] LogOutputStream:75 - [STDERR_REDIRECT] 
2025-01-27 23:36:31,591 [ERROR] LogOutputStream:75 - [STDERR_REDIRECT] [Fatal Error] :1:1: Premature end of file.
2025-01-27 23:36:31,591 [ERROR] LogOutputStream:75 - [STDERR_REDIRECT] 
2025-01-27 23:36:32,586 [ERROR] LogOutputStream:75 - [STDERR_REDIRECT] [Fatal Error] :1:1: Premature end of file.
2025-01-27 23:36:32,586 [ERROR] LogOutputStream:75 - [STDERR_REDIRECT] 
2025-01-27 23:36:33,584 [ERROR] LogOutputStream:75 - [STDERR_REDIRECT] [Fatal Error] :1:1: Premature end of file.
2025-01-27 23:36:33,584 [ERROR] LogOutputStream:75 - [STDERR_REDIRECT] 
2025-01-27 23:36:34,589 [ERROR] LogOutputStream:75 - [STDERR_REDIRECT] [Fatal Error] :1:1: Premature end of file.
2025-01-27 23:36:34,589 [ERROR] LogOutputStream:75 - [STDERR_REDIRECT] 
2025-01-27 23:36:35,595 [ERROR] LogOutputStream:75 - [STDERR_REDIRECT] [Fatal Error] :1:1: Premature end of file.
2025-01-27 23:36:35,595 [ERROR] LogOutputStream:75 - [STDERR_REDIRECT] 
2025-01-27 23:36:36,580 [ERROR] LogOutputStream:75 - [STDERR_REDIRECT] [Fatal Error] :1:1: Premature end of file.
2025-01-27 23:36:36,580 [ERROR] LogOutputStream:75 - [STDERR_REDIRECT] 
2025-01-27 23:36:37,588 [ERROR] LogOutputStream:75 - [STDERR_REDIRECT] [Fatal Error] :1:1: Premature end of file.
2025-01-27 23:36:37,588 [ERROR] LogOutputStream:75 - [STDERR_REDIRECT] 
2025-01-27 23:36:38,584 [ERROR] LogOutputStream:75 - [STDERR_REDIRECT] [Fatal Error] :1:1: Premature end of file.
2025-01-27 23:36:38,584 [ERROR] LogOutputStream:75 - [STDERR_REDIRECT] 
2025-01-27 23:36:39,593 [ERROR] LogOutputStream:75 - [STDERR_REDIRECT] [Fatal Error] :1:1: Premature end of file.
2025-01-27 23:36:39,593 [ERROR] LogOutputStream:75 - [STDERR_REDIRECT] 
2025-01-27 23:36:40,591 [ERROR] LogOutputStream:75 - [STDERR_REDIRECT] [Fatal Error] :1:1: Premature end of file.
2025-01-27 23:36:40,591 [ERROR] LogOutputStream:75 - [STDERR_REDIRECT] 
2025-01-27 23:36:41,601 [ERROR] LogOutputStream:75 - [STDERR_REDIRECT] [Fatal Error] :1:1: Premature end of file.
2025-01-27 23:36:41,601 [ERROR] LogOutputStream:75 - [STDERR_REDIRECT] 
2025-01-27 23:36:42,579 [ERROR] LogOutputStream:75 - [STDERR_REDIRECT] [Fatal Error] :1:1: Premature end of file.
2025-01-27 23:36:42,579 [ERROR] LogOutputStream:75 - [STDERR_REDIRECT] 
2025-01-27 23:36:43,599 [ERROR] LogOutputStream:75 - [STDERR_REDIRECT] [Fatal Error] :1:1: Premature end of file.
2025-01-27 23:36:43,599 [ERROR] LogOutputStream:75 - [STDERR_REDIRECT] 
2025-01-27 23:36:44,592 [ERROR] LogOutputStream:75 - [STDERR_REDIRECT] [Fatal Error] :1:1: Premature end of file.
2025-01-27 23:36:44,592 [ERROR] LogOutputStream:75 - [STDERR_REDIRECT] 
2025-01-27 23:36:45,594 [ERROR] LogOutputStream:75 - [STDERR_REDIRECT] [Fatal Error] :1:1: Premature end of file.
2025-01-27 23:36:45,594 [ERROR] LogOutputStream:75 - [STDERR_REDIRECT] 
2025-01-27 23:36:46,591 [ERROR] LogOutputStream:75 - [STDERR_REDIRECT] [Fatal Error] :1:1: Premature end of file.
2025-01-27 23:36:46,591 [ERROR] LogOutputStream:75 - [STDERR_REDIRECT] 
2025-01-27 23:36:47,589 [ERROR] LogOutputStream:75 - [STDERR_REDIRECT] [Fatal Error] :1:1: Premature end of file.
2025-01-27 23:36:47,589 [ERROR] LogOutputStream:75 - [STDERR_REDIRECT] 
2025-01-27 23:36:48,580 [ERROR] LogOutputStream:75 - [STDERR_REDIRECT] [Fatal Error] :1:1: Premature end of file.
2025-01-27 23:36:48,580 [ERROR] LogOutputStream:75 - [STDERR_REDIRECT] 
2025-01-27 23:36:49,589 [ERROR] LogOutputStream:75 - [STDERR_REDIRECT] [Fatal Error] :1:1: Premature end of file.
2025-01-27 23:36:49,589 [ERROR] LogOutputStream:75 - [STDERR_REDIRECT] 
2025-01-27 23:36:50,585 [ERROR] LogOutputStream:75 - [STDERR_REDIRECT] [Fatal Error] :1:1: Premature end of file.
2025-01-27 23:36:50,585 [ERROR] LogOutputStream:75 - [STDERR_REDIRECT] 
2025-01-27 23:36:51,591 [ERROR] LogOutputStream:75 - [STDERR_REDIRECT] [Fatal Error] :1:1: Premature end of file.
2025-01-27 23:36:51,591 [ERROR] LogOutputStream:75 - [STDERR_REDIRECT] 
2025-01-27 23:36:52,591 [ERROR] LogOutputStream:75 - [STDERR_REDIRECT] [Fatal Error] :1:1: Premature end of file.
2025-01-27 23:36:52,591 [ERROR] LogOutputStream:75 - [STDERR_REDIRECT] 
2025-01-27 23:36:53,594 [ERROR] LogOutputStream:75 - [STDERR_REDIRECT] [Fatal Error] :1:1: Premature end of file.
2025-01-27 23:36:53,594 [ERROR] LogOutputStream:75 - [STDERR_REDIRECT] 
2025-01-27 23:36:54,594 [ERROR] LogOutputStream:75 - [STDERR_REDIRECT] [Fatal Error] :1:1: Premature end of file.
2025-01-27 23:36:54,594 [ERROR] LogOutputStream:75 - [STDERR_REDIRECT] 
2025-01-27 23:36:55,589 [ERROR] LogOutputStream:75 - [STDERR_REDIRECT] [Fatal Error] :1:1: Premature end of file.
2025-01-27 23:36:55,589 [ERROR] LogOutputStream:75 - [STDERR_REDIRECT] 
2025-01-27 23:36:56,609 [ERROR] LogOutputStream:75 - [STDERR_REDIRECT] [Fatal Error] :1:1: Premature end of file.
2025-01-27 23:36:56,610 [ERROR] LogOutputStream:75 - [STDERR_REDIRECT] 
2025-01-27 23:36:57,589 [ERROR] LogOutputStream:75 - [STDERR_REDIRECT] [Fatal Error] :1:1: Premature end of file.
2025-01-27 23:36:57,589 [ERROR] LogOutputStream:75 - [STDERR_REDIRECT] 
2025-01-27 23:36:58,581 [ERROR] LogOutputStream:75 - [STDERR_REDIRECT] [Fatal Error] :1:1: Premature end of file.
2025-01-27 23:36:58,581 [ERROR] LogOutputStream:75 - [STDERR_REDIRECT] 
2025-01-27 23:36:59,586 [ERROR] LogOutputStream:75 - [STDERR_REDIRECT] [Fatal Error] :1:1: Premature end of file.
2025-01-27 23:36:59,586 [ERROR] LogOutputStream:75 - [STDERR_REDIRECT] 
2025-01-27 23:37:00,587 [ERROR] LogOutputStream:75 - [STDERR_REDIRECT] [Fatal Error] :1:1: Premature end of file.
2025-01-27 23:37:00,587 [ERROR] LogOutputStream:75 - [STDERR_REDIRECT] 
2025-01-27 23:37:01,595 [ERROR] LogOutputStream:75 - [STDERR_REDIRECT] [Fatal Error] :1:1: Premature end of file.
2025-01-27 23:37:01,595 [ERROR] LogOutputStream:75 - [STDERR_REDIRECT] 
2025-01-27 23:37:02,584 [ERROR] LogOutputStream:75 - [STDERR_REDIRECT] [Fatal Error] :1:1: Premature end of file.
2025-01-27 23:37:02,584 [ERROR] LogOutputStream:75 - [STDERR_REDIRECT] 
2025-01-27 23:37:03,597 [ERROR] LogOutputStream:75 - [STDERR_REDIRECT] [Fatal Error] :1:1: Premature end of file.
2025-01-27 23:37:03,597 [ERROR] LogOutputStream:75 - [STDERR_REDIRECT] 
2025-01-27 23:37:04,593 [ERROR] LogOutputStream:75 - [STDERR_REDIRECT] [Fatal Error] :1:1: Premature end of file.
2025-01-27 23:37:04,593 [ERROR] LogOutputStream:75 - [STDERR_REDIRECT] 
2025-01-27 23:37:05,583 [ERROR] LogOutputStream:75 - [STDERR_REDIRECT] [Fatal Error] :1:1: Premature end of file.
2025-01-27 23:37:05,583 [ERROR] LogOutputStream:75 - [STDERR_REDIRECT] 
2025-01-27 23:37:06,581 [ERROR] LogOutputStream:75 - [STDERR_REDIRECT] [Fatal Error] :1:1: Premature end of file.
2025-01-27 23:37:06,581 [ERROR] LogOutputStream:75 - [STDERR_REDIRECT] 
2025-01-27 23:37:07,588 [ERROR] LogOutputStream:75 - [STDERR_REDIRECT] [Fatal Error] :1:1: Premature end of file.
2025-01-27 23:37:07,588 [ERROR] LogOutputStream:75 - [STDERR_REDIRECT] 
2025-01-27 23:37:08,595 [ERROR] LogOutputStream:75 - [STDERR_REDIRECT] [Fatal Error] :1:1: Premature end of file.
2025-01-27 23:37:08,595 [ERROR] LogOutputStream:75 - [STDERR_REDIRECT] 
2025-01-27 23:37:09,591 [ERROR] LogOutputStream:75 - [STDERR_REDIRECT] [Fatal Error] :1:1: Premature end of file.
2025-01-27 23:37:09,591 [ERROR] LogOutputStream:75 - [STDERR_REDIRECT] 
2025-01-27 23:37:10,607 [ERROR] LogOutputStream:75 - [STDERR_REDIRECT] [Fatal Error] :1:1: Premature end of file.
2025-01-27 23:37:10,607 [ERROR] LogOutputStream:75 - [STDERR_REDIRECT] 
2025-01-27 23:37:11,598 [ERROR] LogOutputStream:75 - [STDERR_REDIRECT] [Fatal Error] :1:1: Premature end of file.
2025-01-27 23:37:11,598 [ERROR] LogOutputStream:75 - [STDERR_REDIRECT] 
2025-01-27 23:37:12,588 [ERROR] LogOutputStream:75 - [STDERR_REDIRECT] [Fatal Error] :1:1: Premature end of file.
2025-01-27 23:37:12,589 [ERROR] LogOutputStream:75 - [STDERR_REDIRECT] 
2025-01-27 23:37:13,590 [ERROR] LogOutputStream:75 - [STDERR_REDIRECT] [Fatal Error] :1:1: Premature end of file.
2025-01-27 23:37:13,590 [ERROR] LogOutputStream:75 - [STDERR_REDIRECT] 
2025-01-27 23:37:14,589 [ERROR] LogOutputStream:75 - [STDERR_REDIRECT] [Fatal Error] :1:1: Premature end of file.
2025-01-27 23:37:14,589 [ERROR] LogOutputStream:75 - [STDERR_REDIRECT] 
2025-01-27 23:37:15,582 [ERROR] LogOutputStream:75 - [STDERR_REDIRECT] [Fatal Error] :1:1: Premature end of file.
2025-01-27 23:37:15,582 [ERROR] LogOutputStream:75 - [STDERR_REDIRECT] 
2025-01-27 23:37:16,585 [ERROR] LogOutputStream:75 - [STDERR_REDIRECT] [Fatal Error] :1:1: Premature end of file.
2025-01-27 23:37:16,585 [ERROR] LogOutputStream:75 - [STDERR_REDIRECT] 
2025-01-27 23:37:17,590 [ERROR] LogOutputStream:75 - [STDERR_REDIRECT] [Fatal Error] :1:1: Premature end of file.
2025-01-27 23:37:17,590 [ERROR] LogOutputStream:75 - [STDERR_REDIRECT] 
2025-01-27 23:37:18,589 [ERROR] LogOutputStream:75 - [STDERR_REDIRECT] [Fatal Error] :1:1: Premature end of file.
2025-01-27 23:37:18,589 [ERROR] LogOutputStream:75 - [STDERR_REDIRECT] 
2025-01-27 23:37:19,603 [ERROR] LogOutputStream:75 - [STDERR_REDIRECT] [Fatal Error] :1:1: Premature end of file.
2025-01-27 23:37:19,603 [ERROR] LogOutputStream:75 - [STDERR_REDIRECT] 
2025-01-27 23:37:20,584 [ERROR] LogOutputStream:75 - [STDERR_REDIRECT] [Fatal Error] :1:1: Premature end of file.
2025-01-27 23:37:20,584 [ERROR] LogOutputStream:75 - [STDERR_REDIRECT] 
2025-01-27 23:37:21,585 [ERROR] LogOutputStream:75 - [STDERR_REDIRECT] [Fatal Error] :1:1: Premature end of file.
2025-01-27 23:37:21,585 [ERROR] LogOutputStream:75 - [STDERR_REDIRECT] 
2025-01-27 23:37:22,587 [ERROR] LogOutputStream:75 - [STDERR_REDIRECT] [Fatal Error] :1:1: Premature end of file.
2025-01-27 23:37:22,587 [ERROR] LogOutputStream:75 - [STDERR_REDIRECT] 
2025-01-27 23:37:23,599 [ERROR] LogOutputStream:75 - [STDERR_REDIRECT] [Fatal Error] :1:1: Premature end of file.
2025-01-27 23:37:23,599 [ERROR] LogOutputStream:75 - [STDERR_REDIRECT] 
2025-01-27 23:37:24,582 [ERROR] LogOutputStream:75 - [STDERR_REDIRECT] [Fatal Error] :1:1: Premature end of file.
2025-01-27 23:37:24,582 [ERROR] LogOutputStream:75 - [STDERR_REDIRECT] 
2025-01-27 23:37:25,596 [ERROR] LogOutputStream:75 - [STDERR_REDIRECT] [Fatal Error] :1:1: Premature end of file.
2025-01-27 23:37:25,596 [ERROR] LogOutputStream:75 - [STDERR_REDIRECT] 
2025-01-27 23:37:26,594 [ERROR] LogOutputStream:75 - [STDERR_REDIRECT] [Fatal Error] :1:1: Premature end of file.
2025-01-27 23:37:26,594 [ERROR] LogOutputStream:75 - [STDERR_REDIRECT] 
2025-01-27 23:37:27,596 [ERROR] LogOutputStream:75 - [STDERR_REDIRECT] [Fatal Error] :1:1: Premature end of file.
2025-01-27 23:37:27,596 [ERROR] LogOutputStream:75 - [STDERR_REDIRECT] 
2025-01-27 23:37:28,612 [ERROR] LogOutputStream:75 - [STDERR_REDIRECT] [Fatal Error] :1:1: Premature end of file.
2025-01-27 23:37:28,612 [ERROR] LogOutputStream:75 - [STDERR_REDIRECT] 
2025-01-27 23:37:29,588 [ERROR] LogOutputStream:75 - [STDERR_REDIRECT] [Fatal Error] :1:1: Premature end of file.
2025-01-27 23:37:29,588 [ERROR] LogOutputStream:75 - [STDERR_REDIRECT] 
2025-01-27 23:37:30,591 [ERROR] LogOutputStream:75 - [STDERR_REDIRECT] [Fatal Error] :1:1: Premature end of file.
2025-01-27 23:37:30,593 [ERROR] LogOutputStream:75 - [STDERR_REDIRECT] 
2025-01-27 23:37:31,598 [ERROR] LogOutputStream:75 - [STDERR_REDIRECT] [Fatal Error] :1:1: Premature end of file.
2025-01-27 23:37:31,598 [ERROR] LogOutputStream:75 - [STDERR_REDIRECT] 
2025-01-27 23:37:32,587 [ERROR] LogOutputStream:75 - [STDERR_REDIRECT] [Fatal Error] :1:1: Premature end of file.
2025-01-27 23:37:32,587 [ERROR] LogOutputStream:75 - [STDERR_REDIRECT] 
2025-01-27 23:37:33,591 [ERROR] LogOutputStream:75 - [STDERR_REDIRECT] [Fatal Error] :1:1: Premature end of file.
2025-01-27 23:37:33,591 [ERROR] LogOutputStream:75 - [STDERR_REDIRECT] 
2025-01-27 23:37:34,592 [ERROR] LogOutputStream:75 - [STDERR_REDIRECT] [Fatal Error] :1:1: Premature end of file.
2025-01-27 23:37:34,592 [ERROR] LogOutputStream:75 - [STDERR_REDIRECT] 
2025-01-27 23:37:35,593 [ERROR] LogOutputStream:75 - [STDERR_REDIRECT] [Fatal Error] :1:1: Premature end of file.
2025-01-27 23:37:35,593 [ERROR] LogOutputStream:75 - [STDERR_REDIRECT] 
2025-01-27 23:37:36,585 [ERROR] LogOutputStream:75 - [STDERR_REDIRECT] [Fatal Error] :1:1: Premature end of file.
2025-01-27 23:37:36,585 [ERROR] LogOutputStream:75 - [STDERR_REDIRECT] 
2025-01-27 23:37:37,588 [ERROR] LogOutputStream:75 - [STDERR_REDIRECT] [Fatal Error] :1:1: Premature end of file.
2025-01-27 23:37:37,588 [ERROR] LogOutputStream:75 - [STDERR_REDIRECT] 
2025-01-27 23:37:38,588 [ERROR] LogOutputStream:75 - [STDERR_REDIRECT] [Fatal Error] :1:1: Premature end of file.
2025-01-27 23:37:38,588 [ERROR] LogOutputStream:75 - [STDERR_REDIRECT] 
2025-01-27 23:37:39,593 [ERROR] LogOutputStream:75 - [STDERR_REDIRECT] [Fatal Error] :1:1: Premature end of file.
2025-01-27 23:37:39,593 [ERROR] LogOutputStream:75 - [STDERR_REDIRECT] 
2025-01-27 23:37:40,594 [ERROR] LogOutputStream:75 - [STDERR_REDIRECT] [Fatal Error] :1:1: Premature end of file.
2025-01-27 23:37:40,594 [ERROR] LogOutputStream:75 - [STDERR_REDIRECT] 
2025-01-27 23:37:41,586 [ERROR] LogOutputStream:75 - [STDERR_REDIRECT] [Fatal Error] :1:1: Premature end of file.
2025-01-27 23:37:41,586 [ERROR] LogOutputStream:75 - [STDERR_REDIRECT] 
2025-01-27 23:37:42,584 [ERROR] LogOutputStream:75 - [STDERR_REDIRECT] [Fatal Error] :1:1: Premature end of file.
2025-01-27 23:37:42,584 [ERROR] LogOutputStream:75 - [STDERR_REDIRECT] 
2025-01-27 23:37:43,597 [ERROR] LogOutputStream:75 - [STDERR_REDIRECT] [Fatal Error] :1:1: Premature end of file.
2025-01-27 23:37:43,598 [ERROR] LogOutputStream:75 - [STDERR_REDIRECT] 
2025-01-27 23:37:44,581 [ERROR] LogOutputStream:75 - [STDERR_REDIRECT] [Fatal Error] :1:1: Premature end of file.
2025-01-27 23:37:44,581 [ERROR] LogOutputStream:75 - [STDERR_REDIRECT] 
2025-01-27 23:37:45,593 [ERROR] LogOutputStream:75 - [STDERR_REDIRECT] [Fatal Error] :1:1: Premature end of file.
2025-01-27 23:37:45,593 [ERROR] LogOutputStream:75 - [STDERR_REDIRECT] 
2025-01-27 23:37:46,599 [ERROR] LogOutputStream:75 - [STDERR_REDIRECT] [Fatal Error] :1:1: Premature end of file.
2025-01-27 23:37:46,599 [ERROR] LogOutputStream:75 - [STDERR_REDIRECT] 
2025-01-27 23:37:47,595 [ERROR] LogOutputStream:75 - [STDERR_REDIRECT] [Fatal Error] :1:1: Premature end of file.
2025-01-27 23:37:47,595 [ERROR] LogOutputStream:75 - [STDERR_REDIRECT] 
2025-01-27 23:37:48,578 [ERROR] LogOutputStream:75 - [STDERR_REDIRECT] [Fatal Error] :1:1: Premature end of file.
2025-01-27 23:37:48,578 [ERROR] LogOutputStream:75 - [STDERR_REDIRECT] 
2025-01-27 23:37:49,591 [ERROR] LogOutputStream:75 - [STDERR_REDIRECT] [Fatal Error] :1:1: Premature end of file.
2025-01-27 23:37:49,591 [ERROR] LogOutputStream:75 - [STDERR_REDIRECT] 
2025-01-27 23:37:50,596 [ERROR] LogOutputStream:75 - [STDERR_REDIRECT] [Fatal Error] :1:1: Premature end of file.
2025-01-27 23:37:50,596 [ERROR] LogOutputStream:75 - [STDERR_REDIRECT] 
2025-01-27 23:37:51,587 [ERROR] LogOutputStream:75 - [STDERR_REDIRECT] [Fatal Error] :1:1: Premature end of file.
2025-01-27 23:37:51,587 [ERROR] LogOutputStream:75 - [STDERR_REDIRECT] 
2025-01-27 23:37:52,597 [ERROR] LogOutputStream:75 - [STDERR_REDIRECT] [Fatal Error] :1:1: Premature end of file.
2025-01-27 23:37:52,597 [ERROR] LogOutputStream:75 - [STDERR_REDIRECT] 
2025-01-27 23:37:53,600 [ERROR] LogOutputStream:75 - [STDERR_REDIRECT] [Fatal Error] :1:1: Premature end of file.
2025-01-27 23:37:53,600 [ERROR] LogOutputStream:75 - [STDERR_REDIRECT] 
2025-01-27 23:37:54,601 [ERROR] LogOutputStream:75 - [STDERR_REDIRECT] [Fatal Error] :1:1: Premature end of file.
2025-01-27 23:37:54,601 [ERROR] LogOutputStream:75 - [STDERR_REDIRECT] 
2025-01-27 23:37:55,580 [ERROR] LogOutputStream:75 - [STDERR_REDIRECT] [Fatal Error] :1:1: Premature end of file.
2025-01-27 23:37:55,580 [ERROR] LogOutputStream:75 - [STDERR_REDIRECT] 
2025-01-27 23:37:56,584 [ERROR] LogOutputStream:75 - [STDERR_REDIRECT] [Fatal Error] :1:1: Premature end of file.
2025-01-27 23:37:56,584 [ERROR] LogOutputStream:75 - [STDERR_REDIRECT] 
2025-01-27 23:37:57,590 [ERROR] LogOutputStream:75 - [STDERR_REDIRECT] [Fatal Error] :1:1: Premature end of file.
2025-01-27 23:37:57,590 [ERROR] LogOutputStream:75 - [STDERR_REDIRECT] 
2025-01-27 23:37:58,593 [ERROR] LogOutputStream:75 - [STDERR_REDIRECT] [Fatal Error] :1:1: Premature end of file.
2025-01-27 23:37:58,593 [ERROR] LogOutputStream:75 - [STDERR_REDIRECT] 
2025-01-27 23:37:59,598 [ERROR] LogOutputStream:75 - [STDERR_REDIRECT] [Fatal Error] :1:1: Premature end of file.
2025-01-27 23:37:59,598 [ERROR] LogOutputStream:75 - [STDERR_REDIRECT] 
2025-01-27 23:38:00,597 [ERROR] LogOutputStream:75 - [STDERR_REDIRECT] [Fatal Error] :1:1: Premature end of file.
2025-01-27 23:38:00,598 [ERROR] LogOutputStream:75 - [STDERR_REDIRECT] 
2025-01-27 23:38:01,590 [ERROR] LogOutputStream:75 - [STDERR_REDIRECT] [Fatal Error] :1:1: Premature end of file.
2025-01-27 23:38:01,590 [ERROR] LogOutputStream:75 - [STDERR_REDIRECT] 
2025-01-27 23:38:02,598 [ERROR] LogOutputStream:75 - [STDERR_REDIRECT] [Fatal Error] :1:1: Premature end of file.
2025-01-27 23:38:02,600 [ERROR] LogOutputStream:75 - [STDERR_REDIRECT] 
2025-01-27 23:38:03,588 [ERROR] LogOutputStream:75 - [STDERR_REDIRECT] [Fatal Error] :1:1: Premature end of file.
2025-01-27 23:38:03,588 [ERROR] LogOutputStream:75 - [STDERR_REDIRECT] 
2025-01-27 23:38:04,594 [ERROR] LogOutputStream:75 - [STDERR_REDIRECT] [Fatal Error] :1:1: Premature end of file.
2025-01-27 23:38:04,594 [ERROR] LogOutputStream:75 - [STDERR_REDIRECT] 
2025-01-27 23:38:05,589 [ERROR] LogOutputStream:75 - [STDERR_REDIRECT] [Fatal Error] :1:1: Premature end of file.
2025-01-27 23:38:05,589 [ERROR] LogOutputStream:75 - [STDERR_REDIRECT] 
2025-01-27 23:38:06,592 [ERROR] LogOutputStream:75 - [STDERR_REDIRECT] [Fatal Error] :1:1: Premature end of file.
2025-01-27 23:38:06,592 [ERROR] LogOutputStream:75 - [STDERR_REDIRECT] 
2025-01-27 23:38:07,588 [ERROR] LogOutputStream:75 - [STDERR_REDIRECT] [Fatal Error] :1:1: Premature end of file.
2025-01-27 23:38:07,588 [ERROR] LogOutputStream:75 - [STDERR_REDIRECT] 
2025-01-27 23:38:08,604 [ERROR] LogOutputStream:75 - [STDERR_REDIRECT] [Fatal Error] :1:1: Premature end of file.
2025-01-27 23:38:08,604 [ERROR] LogOutputStream:75 - [STDERR_REDIRECT] 
2025-01-27 23:38:09,593 [ERROR] LogOutputStream:75 - [STDERR_REDIRECT] [Fatal Error] :1:1: Premature end of file.
2025-01-27 23:38:09,593 [ERROR] LogOutputStream:75 - [STDERR_REDIRECT] 
2025-01-27 23:38:10,592 [ERROR] LogOutputStream:75 - [STDERR_REDIRECT] [Fatal Error] :1:1: Premature end of file.
2025-01-27 23:38:10,592 [ERROR] LogOutputStream:75 - [STDERR_REDIRECT] 
2025-01-27 23:38:11,593 [ERROR] LogOutputStream:75 - [STDERR_REDIRECT] [Fatal Error] :1:1: Premature end of file.
2025-01-27 23:38:11,593 [ERROR] LogOutputStream:75 - [STDERR_REDIRECT] 
2025-01-27 23:38:12,593 [ERROR] LogOutputStream:75 - [STDERR_REDIRECT] [Fatal Error] :1:1: Premature end of file.
2025-01-27 23:38:12,593 [ERROR] LogOutputStream:75 - [STDERR_REDIRECT] 
2025-01-27 23:38:13,590 [ERROR] LogOutputStream:75 - [STDERR_REDIRECT] [Fatal Error] :1:1: Premature end of file.
2025-01-27 23:38:13,590 [ERROR] LogOutputStream:75 - [STDERR_REDIRECT] 
2025-01-27 23:38:14,602 [ERROR] LogOutputStream:75 - [STDERR_REDIRECT] [Fatal Error] :1:1: Premature end of file.
2025-01-27 23:38:14,604 [ERROR] LogOutputStream:75 - [STDERR_REDIRECT] 
2025-01-27 23:38:15,583 [ERROR] LogOutputStream:75 - [STDERR_REDIRECT] [Fatal Error] :1:1: Premature end of file.
2025-01-27 23:38:15,583 [ERROR] LogOutputStream:75 - [STDERR_REDIRECT] 
2025-01-27 23:38:16,596 [ERROR] LogOutputStream:75 - [STDERR_REDIRECT] [Fatal Error] :1:1: Premature end of file.
2025-01-27 23:38:16,596 [ERROR] LogOutputStream:75 - [STDERR_REDIRECT] 
2025-01-27 23:38:17,619 [ERROR] LogOutputStream:75 - [STDERR_REDIRECT] [Fatal Error] :1:1: Premature end of file.
2025-01-27 23:38:17,619 [ERROR] LogOutputStream:75 - [STDERR_REDIRECT] 
2025-01-27 23:38:18,587 [ERROR] LogOutputStream:75 - [STDERR_REDIRECT] [Fatal Error] :1:1: Premature end of file.
2025-01-27 23:38:18,587 [ERROR] LogOutputStream:75 - [STDERR_REDIRECT] 
2025-01-27 23:38:19,593 [ERROR] LogOutputStream:75 - [STDERR_REDIRECT] [Fatal Error] :1:1: Premature end of file.
2025-01-27 23:38:19,593 [ERROR] LogOutputStream:75 - [STDERR_REDIRECT] 
2025-01-27 23:38:20,590 [ERROR] LogOutputStream:75 - [STDERR_REDIRECT] [Fatal Error] :1:1: Premature end of file.
2025-01-27 23:38:20,590 [ERROR] LogOutputStream:75 - [STDERR_REDIRECT] 
2025-01-27 23:38:21,590 [ERROR] LogOutputStream:75 - [STDERR_REDIRECT] [Fatal Error] :1:1: Premature end of file.
2025-01-27 23:38:21,591 [ERROR] LogOutputStream:75 - [STDERR_REDIRECT] 
2025-01-27 23:38:22,598 [ERROR] LogOutputStream:75 - [STDERR_REDIRECT] [Fatal Error] :1:1: Premature end of file.
2025-01-27 23:38:22,598 [ERROR] LogOutputStream:75 - [STDERR_REDIRECT] 
2025-01-27 23:38:23,597 [ERROR] LogOutputStream:75 - [STDERR_REDIRECT] [Fatal Error] :1:1: Premature end of file.
2025-01-27 23:38:23,597 [ERROR] LogOutputStream:75 - [STDERR_REDIRECT] 
2025-01-27 23:38:24,595 [ERROR] LogOutputStream:75 - [STDERR_REDIRECT] [Fatal Error] :1:1: Premature end of file.
2025-01-27 23:38:24,595 [ERROR] LogOutputStream:75 - [STDERR_REDIRECT] 
2025-01-27 23:38:25,595 [ERROR] LogOutputStream:75 - [STDERR_REDIRECT] [Fatal Error] :1:1: Premature end of file.
2025-01-27 23:38:25,595 [ERROR] LogOutputStream:75 - [STDERR_REDIRECT] 
2025-01-27 23:38:26,596 [ERROR] LogOutputStream:75 - [STDERR_REDIRECT] [Fatal Error] :1:1: Premature end of file.
2025-01-27 23:38:26,596 [ERROR] LogOutputStream:75 - [STDERR_REDIRECT] 
2025-01-27 23:38:27,578 [ERROR] LogOutputStream:75 - [STDERR_REDIRECT] [Fatal Error] :1:1: Premature end of file.
2025-01-27 23:38:27,578 [ERROR] LogOutputStream:75 - [STDERR_REDIRECT] 
2025-01-27 23:38:28,597 [ERROR] LogOutputStream:75 - [STDERR_REDIRECT] [Fatal Error] :1:1: Premature end of file.
2025-01-27 23:38:28,597 [ERROR] LogOutputStream:75 - [STDERR_REDIRECT] 
2025-01-27 23:38:29,599 [ERROR] LogOutputStream:75 - [STDERR_REDIRECT] [Fatal Error] :1:1: Premature end of file.
2025-01-27 23:38:29,599 [ERROR] LogOutputStream:75 - [STDERR_REDIRECT] 
2025-01-27 23:38:30,587 [ERROR] LogOutputStream:75 - [STDERR_REDIRECT] [Fatal Error] :1:1: Premature end of file.
2025-01-27 23:38:30,587 [ERROR] LogOutputStream:75 - [STDERR_REDIRECT] 
2025-01-27 23:38:31,587 [ERROR] LogOutputStream:75 - [STDERR_REDIRECT] [Fatal Error] :1:1: Premature end of file.
2025-01-27 23:38:31,587 [ERROR] LogOutputStream:75 - [STDERR_REDIRECT] 
2025-01-27 23:38:32,601 [ERROR] LogOutputStream:75 - [STDERR_REDIRECT] [Fatal Error] :1:1: Premature end of file.
2025-01-27 23:38:32,601 [ERROR] LogOutputStream:75 - [STDERR_REDIRECT] 
2025-01-27 23:38:33,603 [ERROR] LogOutputStream:75 - [STDERR_REDIRECT] [Fatal Error] :1:1: Premature end of file.
2025-01-27 23:38:33,603 [ERROR] LogOutputStream:75 - [STDERR_REDIRECT] 
2025-01-27 23:38:34,587 [ERROR] LogOutputStream:75 - [STDERR_REDIRECT] [Fatal Error] :1:1: Premature end of file.
2025-01-27 23:38:34,589 [ERROR] LogOutputStream:75 - [STDERR_REDIRECT] 
2025-01-27 23:38:35,595 [ERROR] LogOutputStream:75 - [STDERR_REDIRECT] [Fatal Error] :1:1: Premature end of file.
2025-01-27 23:38:35,595 [ERROR] LogOutputStream:75 - [STDERR_REDIRECT] 
2025-01-27 23:38:36,583 [ERROR] LogOutputStream:75 - [STDERR_REDIRECT] [Fatal Error] :1:1: Premature end of file.
2025-01-27 23:38:36,583 [ERROR] LogOutputStream:75 - [STDERR_REDIRECT] 
2025-01-27 23:38:37,602 [ERROR] LogOutputStream:75 - [STDERR_REDIRECT] [Fatal Error] :1:1: Premature end of file.
2025-01-27 23:38:37,602 [ERROR] LogOutputStream:75 - [STDERR_REDIRECT] 
2025-01-27 23:38:38,595 [ERROR] LogOutputStream:75 - [STDERR_REDIRECT] [Fatal Error] :1:1: Premature end of file.
2025-01-27 23:38:38,595 [ERROR] LogOutputStream:75 - [STDERR_REDIRECT] 
2025-01-27 23:38:39,610 [ERROR] LogOutputStream:75 - [STDERR_REDIRECT] [Fatal Error] :1:1: Premature end of file.
2025-01-27 23:38:39,610 [ERROR] LogOutputStream:75 - [STDERR_REDIRECT] 
2025-01-27 23:38:40,594 [ERROR] LogOutputStream:75 - [STDERR_REDIRECT] [Fatal Error] :1:1: Premature end of file.
2025-01-27 23:38:40,594 [ERROR] LogOutputStream:75 - [STDERR_REDIRECT] 
2025-01-27 23:38:41,599 [ERROR] LogOutputStream:75 - [STDERR_REDIRECT] [Fatal Error] :1:1: Premature end of file.
2025-01-27 23:38:41,599 [ERROR] LogOutputStream:75 - [STDERR_REDIRECT] 
2025-01-27 23:38:42,588 [ERROR] LogOutputStream:75 - [STDERR_REDIRECT] [Fatal Error] :1:1: Premature end of file.
2025-01-27 23:38:42,588 [ERROR] LogOutputStream:75 - [STDERR_REDIRECT] 
2025-01-27 23:38:43,595 [ERROR] LogOutputStream:75 - [STDERR_REDIRECT] [Fatal Error] :1:1: Premature end of file.
2025-01-27 23:38:43,595 [ERROR] LogOutputStream:75 - [STDERR_REDIRECT] 
2025-01-27 23:38:44,599 [ERROR] LogOutputStream:75 - [STDERR_REDIRECT] [Fatal Error] :1:1: Premature end of file.
2025-01-27 23:38:44,599 [ERROR] LogOutputStream:75 - [STDERR_REDIRECT] 
2025-01-27 23:38:45,598 [ERROR] LogOutputStream:75 - [STDERR_REDIRECT] [Fatal Error] :1:1: Premature end of file.
2025-01-27 23:38:45,598 [ERROR] LogOutputStream:75 - [STDERR_REDIRECT] 
2025-01-27 23:38:46,592 [ERROR] LogOutputStream:75 - [STDERR_REDIRECT] [Fatal Error] :1:1: Premature end of file.
2025-01-27 23:38:46,592 [ERROR] LogOutputStream:75 - [STDERR_REDIRECT] 
2025-01-27 23:38:47,593 [ERROR] LogOutputStream:75 - [STDERR_REDIRECT] [Fatal Error] :1:1: Premature end of file.
2025-01-27 23:38:47,593 [ERROR] LogOutputStream:75 - [STDERR_REDIRECT] 
2025-01-27 23:38:48,586 [ERROR] LogOutputStream:75 - [STDERR_REDIRECT] [Fatal Error] :1:1: Premature end of file.
2025-01-27 23:38:48,586 [ERROR] LogOutputStream:75 - [STDERR_REDIRECT] 
2025-01-27 23:38:49,591 [ERROR] LogOutputStream:75 - [STDERR_REDIRECT] [Fatal Error] :1:1: Premature end of file.
2025-01-27 23:38:49,591 [ERROR] LogOutputStream:75 - [STDERR_REDIRECT] 
2025-01-27 23:38:50,591 [ERROR] LogOutputStream:75 - [STDERR_REDIRECT] [Fatal Error] :1:1: Premature end of file.
2025-01-27 23:38:50,591 [ERROR] LogOutputStream:75 - [STDERR_REDIRECT] 
2025-01-27 23:38:51,595 [ERROR] LogOutputStream:75 - [STDERR_REDIRECT] [Fatal Error] :1:1: Premature end of file.
2025-01-27 23:38:51,595 [ERROR] LogOutputStream:75 - [STDERR_REDIRECT] 
2025-01-27 23:38:52,601 [ERROR] LogOutputStream:75 - [STDERR_REDIRECT] [Fatal Error] :1:1: Premature end of file.
2025-01-27 23:38:52,601 [ERROR] LogOutputStream:75 - [STDERR_REDIRECT] 
2025-01-27 23:38:53,597 [ERROR] LogOutputStream:75 - [STDERR_REDIRECT] [Fatal Error] :1:1: Premature end of file.
2025-01-27 23:38:53,597 [ERROR] LogOutputStream:75 - [STDERR_REDIRECT] 
2025-01-27 23:38:54,588 [ERROR] LogOutputStream:75 - [STDERR_REDIRECT] [Fatal Error] :1:1: Premature end of file.
2025-01-27 23:38:54,588 [ERROR] LogOutputStream:75 - [STDERR_REDIRECT] 
2025-01-27 23:38:55,586 [ERROR] LogOutputStream:75 - [STDERR_REDIRECT] [Fatal Error] :1:1: Premature end of file.
2025-01-27 23:38:55,586 [ERROR] LogOutputStream:75 - [STDERR_REDIRECT] 
2025-01-27 23:38:56,588 [ERROR] LogOutputStream:75 - [STDERR_REDIRECT] [Fatal Error] :1:1: Premature end of file.
2025-01-27 23:38:56,588 [ERROR] LogOutputStream:75 - [STDERR_REDIRECT] 
2025-01-27 23:38:57,597 [ERROR] LogOutputStream:75 - [STDERR_REDIRECT] [Fatal Error] :1:1: Premature end of file.
2025-01-27 23:38:57,597 [ERROR] LogOutputStream:75 - [STDERR_REDIRECT] 
2025-01-27 23:38:58,588 [ERROR] LogOutputStream:75 - [STDERR_REDIRECT] [Fatal Error] :1:1: Premature end of file.
2025-01-27 23:38:58,590 [ERROR] LogOutputStream:75 - [STDERR_REDIRECT] 
2025-01-27 23:38:59,588 [ERROR] LogOutputStream:75 - [STDERR_REDIRECT] [Fatal Error] :1:1: Premature end of file.
2025-01-27 23:38:59,588 [ERROR] LogOutputStream:75 - [STDERR_REDIRECT] 
2025-01-27 23:39:00,592 [ERROR] LogOutputStream:75 - [STDERR_REDIRECT] [Fatal Error] :1:1: Premature end of file.
2025-01-27 23:39:00,592 [ERROR] LogOutputStream:75 - [STDERR_REDIRECT] 
2025-01-27 23:39:01,590 [ERROR] LogOutputStream:75 - [STDERR_REDIRECT] [Fatal Error] :1:1: Premature end of file.
2025-01-27 23:39:01,590 [ERROR] LogOutputStream:75 - [STDERR_REDIRECT] 
2025-01-27 23:39:02,573 [ERROR] LogOutputStream:75 - [STDERR_REDIRECT] [Fatal Error] :1:1: Premature end of file.
2025-01-27 23:39:02,573 [ERROR] LogOutputStream:75 - [STDERR_REDIRECT] 
2025-01-27 23:39:03,583 [ERROR] LogOutputStream:75 - [STDERR_REDIRECT] [Fatal Error] :1:1: Premature end of file.
2025-01-27 23:39:03,584 [ERROR] LogOutputStream:75 - [STDERR_REDIRECT] 
2025-01-27 23:39:04,598 [ERROR] LogOutputStream:75 - [STDERR_REDIRECT] [Fatal Error] :1:1: Premature end of file.
2025-01-27 23:39:04,598 [ERROR] LogOutputStream:75 - [STDERR_REDIRECT] 
2025-01-27 23:39:05,593 [ERROR] LogOutputStream:75 - [STDERR_REDIRECT] [Fatal Error] :1:1: Premature end of file.
2025-01-27 23:39:05,593 [ERROR] LogOutputStream:75 - [STDERR_REDIRECT] 
2025-01-27 23:39:06,586 [ERROR] LogOutputStream:75 - [STDERR_REDIRECT] [Fatal Error] :1:1: Premature end of file.
2025-01-27 23:39:06,586 [ERROR] LogOutputStream:75 - [STDERR_REDIRECT] 
2025-01-27 23:39:07,597 [ERROR] LogOutputStream:75 - [STDERR_REDIRECT] [Fatal Error] :1:1: Premature end of file.
2025-01-27 23:39:07,597 [ERROR] LogOutputStream:75 - [STDERR_REDIRECT] 
2025-01-27 23:39:08,585 [ERROR] LogOutputStream:75 - [STDERR_REDIRECT] [Fatal Error] :1:1: Premature end of file.
2025-01-27 23:39:08,587 [ERROR] LogOutputStream:75 - [STDERR_REDIRECT] 
2025-01-27 23:39:09,600 [ERROR] LogOutputStream:75 - [STDERR_REDIRECT] [Fatal Error] :1:1: Premature end of file.
2025-01-27 23:39:09,600 [ERROR] LogOutputStream:75 - [STDERR_REDIRECT] 
2025-01-27 23:39:10,593 [ERROR] LogOutputStream:75 - [STDERR_REDIRECT] [Fatal Error] :1:1: Premature end of file.
2025-01-27 23:39:10,593 [ERROR] LogOutputStream:75 - [STDERR_REDIRECT] 
2025-01-27 23:39:11,602 [ERROR] LogOutputStream:75 - [STDERR_REDIRECT] [Fatal Error] :1:1: Premature end of file.
2025-01-27 23:39:11,602 [ERROR] LogOutputStream:75 - [STDERR_REDIRECT] 
2025-01-27 23:39:12,590 [ERROR] LogOutputStream:75 - [STDERR_REDIRECT] [Fatal Error] :1:1: Premature end of file.
2025-01-27 23:39:12,590 [ERROR] LogOutputStream:75 - [STDERR_REDIRECT] 
2025-01-27 23:39:13,601 [ERROR] LogOutputStream:75 - [STDERR_REDIRECT] [Fatal Error] :1:1: Premature end of file.
2025-01-27 23:39:13,601 [ERROR] LogOutputStream:75 - [STDERR_REDIRECT] 
2025-01-27 23:39:14,597 [ERROR] LogOutputStream:75 - [STDERR_REDIRECT] [Fatal Error] :1:1: Premature end of file.
2025-01-27 23:39:14,597 [ERROR] LogOutputStream:75 - [STDERR_REDIRECT] 
2025-01-27 23:39:15,588 [ERROR] LogOutputStream:75 - [STDERR_REDIRECT] [Fatal Error] :1:1: Premature end of file.
2025-01-27 23:39:15,588 [ERROR] LogOutputStream:75 - [STDERR_REDIRECT] 
2025-01-27 23:39:16,597 [ERROR] LogOutputStream:75 - [STDERR_REDIRECT] [Fatal Error] :1:1: Premature end of file.
2025-01-27 23:39:16,597 [ERROR] LogOutputStream:75 - [STDERR_REDIRECT] 
2025-01-27 23:39:17,618 [ERROR] LogOutputStream:75 - [STDERR_REDIRECT] [Fatal Error] :1:1: Premature end of file.
2025-01-27 23:39:17,619 [ERROR] LogOutputStream:75 - [STDERR_REDIRECT] 
2025-01-27 23:39:18,604 [ERROR] LogOutputStream:75 - [STDERR_REDIRECT] [Fatal Error] :1:1: Premature end of file.
2025-01-27 23:39:18,604 [ERROR] LogOutputStream:75 - [STDERR_REDIRECT] 
2025-01-27 23:39:19,590 [ERROR] LogOutputStream:75 - [STDERR_REDIRECT] [Fatal Error] :1:1: Premature end of file.
2025-01-27 23:39:19,590 [ERROR] LogOutputStream:75 - [STDERR_REDIRECT] 
2025-01-27 23:39:20,589 [ERROR] LogOutputStream:75 - [STDERR_REDIRECT] [Fatal Error] :1:1: Premature end of file.
2025-01-27 23:39:20,589 [ERROR] LogOutputStream:75 - [STDERR_REDIRECT] 
2025-01-27 23:39:21,595 [ERROR] LogOutputStream:75 - [STDERR_REDIRECT] [Fatal Error] :1:1: Premature end of file.
2025-01-27 23:39:21,595 [ERROR] LogOutputStream:75 - [STDERR_REDIRECT] 
2025-01-27 23:39:22,595 [ERROR] LogOutputStream:75 - [STDERR_REDIRECT] [Fatal Error] :1:1: Premature end of file.
2025-01-27 23:39:22,595 [ERROR] LogOutputStream:75 - [STDERR_REDIRECT] 
2025-01-27 23:39:23,587 [ERROR] LogOutputStream:75 - [STDERR_REDIRECT] [Fatal Error] :1:1: Premature end of file.
2025-01-27 23:39:23,587 [ERROR] LogOutputStream:75 - [STDERR_REDIRECT] 
2025-01-27 23:39:24,607 [ERROR] LogOutputStream:75 - [STDERR_REDIRECT] [Fatal Error] :1:1: Premature end of file.
2025-01-27 23:39:24,607 [ERROR] LogOutputStream:75 - [STDERR_REDIRECT] 
2025-01-27 23:39:25,590 [ERROR] LogOutputStream:75 - [STDERR_REDIRECT] [Fatal Error] :1:1: Premature end of file.
2025-01-27 23:39:25,590 [ERROR] LogOutputStream:75 - [STDERR_REDIRECT] 
2025-01-27 23:39:26,598 [ERROR] LogOutputStream:75 - [STDERR_REDIRECT] [Fatal Error] :1:1: Premature end of file.
2025-01-27 23:39:26,598 [ERROR] LogOutputStream:75 - [STDERR_REDIRECT] 
2025-01-27 23:39:27,595 [ERROR] LogOutputStream:75 - [STDERR_REDIRECT] [Fatal Error] :1:1: Premature end of file.
2025-01-27 23:39:27,595 [ERROR] LogOutputStream:75 - [STDERR_REDIRECT] 
2025-01-27 23:39:28,597 [ERROR] LogOutputStream:75 - [STDERR_REDIRECT] [Fatal Error] :1:1: Premature end of file.
2025-01-27 23:39:28,597 [ERROR] LogOutputStream:75 - [STDERR_REDIRECT] 
2025-01-27 23:39:29,597 [ERROR] LogOutputStream:75 - [STDERR_REDIRECT] [Fatal Error] :1:1: Premature end of file.
2025-01-27 23:39:29,597 [ERROR] LogOutputStream:75 - [STDERR_REDIRECT] 
2025-01-27 23:39:30,599 [ERROR] LogOutputStream:75 - [STDERR_REDIRECT] [Fatal Error] :1:1: Premature end of file.
2025-01-27 23:39:30,599 [ERROR] LogOutputStream:75 - [STDERR_REDIRECT] 
2025-01-27 23:39:31,596 [ERROR] LogOutputStream:75 - [STDERR_REDIRECT] [Fatal Error] :1:1: Premature end of file.
2025-01-27 23:39:31,596 [ERROR] LogOutputStream:75 - [STDERR_REDIRECT] 
2025-01-27 23:39:32,600 [ERROR] LogOutputStream:75 - [STDERR_REDIRECT] [Fatal Error] :1:1: Premature end of file.
2025-01-27 23:39:32,600 [ERROR] LogOutputStream:75 - [STDERR_REDIRECT] 
2025-01-27 23:39:33,596 [ERROR] LogOutputStream:75 - [STDERR_REDIRECT] [Fatal Error] :1:1: Premature end of file.
2025-01-27 23:39:33,596 [ERROR] LogOutputStream:75 - [STDERR_REDIRECT] 
2025-01-27 23:39:34,610 [ERROR] LogOutputStream:75 - [STDERR_REDIRECT] [Fatal Error] :1:1: Premature end of file.
2025-01-27 23:39:34,610 [ERROR] LogOutputStream:75 - [STDERR_REDIRECT] 
2025-01-27 23:39:35,591 [ERROR] LogOutputStream:75 - [STDERR_REDIRECT] [Fatal Error] :1:1: Premature end of file.
2025-01-27 23:39:35,591 [ERROR] LogOutputStream:75 - [STDERR_REDIRECT] 
2025-01-27 23:39:36,598 [ERROR] LogOutputStream:75 - [STDERR_REDIRECT] [Fatal Error] :1:1: Premature end of file.
2025-01-27 23:39:36,598 [ERROR] LogOutputStream:75 - [STDERR_REDIRECT] 
2025-01-27 23:39:37,594 [ERROR] LogOutputStream:75 - [STDERR_REDIRECT] [Fatal Error] :1:1: Premature end of file.
2025-01-27 23:39:37,594 [ERROR] LogOutputStream:75 - [STDERR_REDIRECT] 
2025-01-27 23:39:38,599 [ERROR] LogOutputStream:75 - [STDERR_REDIRECT] [Fatal Error] :1:1: Premature end of file.
2025-01-27 23:39:38,599 [ERROR] LogOutputStream:75 - [STDERR_REDIRECT] 
2025-01-27 23:39:39,596 [ERROR] LogOutputStream:75 - [STDERR_REDIRECT] [Fatal Error] :1:1: Premature end of file.
2025-01-27 23:39:39,596 [ERROR] LogOutputStream:75 - [STDERR_REDIRECT] 
2025-01-27 23:39:40,591 [ERROR] LogOutputStream:75 - [STDERR_REDIRECT] [Fatal Error] :1:1: Premature end of file.
2025-01-27 23:39:40,591 [ERROR] LogOutputStream:75 - [STDERR_REDIRECT] 
2025-01-27 23:39:41,603 [ERROR] LogOutputStream:75 - [STDERR_REDIRECT] [Fatal Error] :1:1: Premature end of file.
2025-01-27 23:39:41,603 [ERROR] LogOutputStream:75 - [STDERR_REDIRECT] 
2025-01-27 23:39:42,596 [ERROR] LogOutputStream:75 - [STDERR_REDIRECT] [Fatal Error] :1:1: Premature end of file.
2025-01-27 23:39:42,596 [ERROR] LogOutputStream:75 - [STDERR_REDIRECT] 
2025-01-27 23:39:43,595 [ERROR] LogOutputStream:75 - [STDERR_REDIRECT] [Fatal Error] :1:1: Premature end of file.
2025-01-27 23:39:43,597 [ERROR] LogOutputStream:75 - [STDERR_REDIRECT] 
2025-01-27 23:39:44,578 [ERROR] LogOutputStream:75 - [STDERR_REDIRECT] [Fatal Error] :1:1: Premature end of file.
2025-01-27 23:39:44,578 [ERROR] LogOutputStream:75 - [STDERR_REDIRECT] 
2025-01-27 23:39:45,577 [ERROR] LogOutputStream:75 - [STDERR_REDIRECT] [Fatal Error] :1:1: Premature end of file.
2025-01-27 23:39:45,577 [ERROR] LogOutputStream:75 - [STDERR_REDIRECT] 
2025-01-27 23:39:46,587 [ERROR] LogOutputStream:75 - [STDERR_REDIRECT] [Fatal Error] :1:1: Premature end of file.
2025-01-27 23:39:46,587 [ERROR] LogOutputStream:75 - [STDERR_REDIRECT] 
2025-01-27 23:39:47,590 [ERROR] LogOutputStream:75 - [STDERR_REDIRECT] [Fatal Error] :1:1: Premature end of file.
2025-01-27 23:39:47,590 [ERROR] LogOutputStream:75 - [STDERR_REDIRECT] 
2025-01-27 23:39:48,586 [ERROR] LogOutputStream:75 - [STDERR_REDIRECT] [Fatal Error] :1:1: Premature end of file.
2025-01-27 23:39:48,587 [ERROR] LogOutputStream:75 - [STDERR_REDIRECT] 
2025-01-27 23:39:49,583 [ERROR] LogOutputStream:75 - [STDERR_REDIRECT] [Fatal Error] :1:1: Premature end of file.
2025-01-27 23:39:49,583 [ERROR] LogOutputStream:75 - [STDERR_REDIRECT] 
2025-01-27 23:39:50,598 [ERROR] LogOutputStream:75 - [STDERR_REDIRECT] [Fatal Error] :1:1: Premature end of file.
2025-01-27 23:39:50,598 [ERROR] LogOutputStream:75 - [STDERR_REDIRECT] 
2025-01-27 23:39:51,588 [ERROR] LogOutputStream:75 - [STDERR_REDIRECT] [Fatal Error] :1:1: Premature end of file.
2025-01-27 23:39:51,588 [ERROR] LogOutputStream:75 - [STDERR_REDIRECT] 
2025-01-27 23:39:52,578 [ERROR] LogOutputStream:75 - [STDERR_REDIRECT] [Fatal Error] :1:1: Premature end of file.
2025-01-27 23:39:52,578 [ERROR] LogOutputStream:75 - [STDERR_REDIRECT] 
2025-01-27 23:39:53,585 [ERROR] LogOutputStream:75 - [STDERR_REDIRECT] [Fatal Error] :1:1: Premature end of file.
2025-01-27 23:39:53,585 [ERROR] LogOutputStream:75 - [STDERR_REDIRECT] 
2025-01-27 23:39:54,592 [ERROR] LogOutputStream:75 - [STDERR_REDIRECT] [Fatal Error] :1:1: Premature end of file.
2025-01-27 23:39:54,592 [ERROR] LogOutputStream:75 - [STDERR_REDIRECT] 
2025-01-27 23:39:55,597 [ERROR] LogOutputStream:75 - [STDERR_REDIRECT] [Fatal Error] :1:1: Premature end of file.
2025-01-27 23:39:55,597 [ERROR] LogOutputStream:75 - [STDERR_REDIRECT] 
2025-01-27 23:39:56,593 [ERROR] LogOutputStream:75 - [STDERR_REDIRECT] [Fatal Error] :1:1: Premature end of file.
2025-01-27 23:39:56,594 [ERROR] LogOutputStream:75 - [STDERR_REDIRECT] 
2025-01-27 23:39:57,586 [ERROR] LogOutputStream:75 - [STDERR_REDIRECT] [Fatal Error] :1:1: Premature end of file.
2025-01-27 23:39:57,588 [ERROR] LogOutputStream:75 - [STDERR_REDIRECT] 
2025-01-27 23:39:58,596 [ERROR] LogOutputStream:75 - [STDERR_REDIRECT] [Fatal Error] :1:1: Premature end of file.
2025-01-27 23:39:58,598 [ERROR] LogOutputStream:75 - [STDERR_REDIRECT] 
2025-01-27 23:39:59,602 [ERROR] LogOutputStream:75 - [STDERR_REDIRECT] [Fatal Error] :1:1: Premature end of file.
2025-01-27 23:39:59,602 [ERROR] LogOutputStream:75 - [STDERR_REDIRECT] 
2025-01-27 23:40:00,588 [ERROR] LogOutputStream:75 - [STDERR_REDIRECT] [Fatal Error] :1:1: Premature end of file.
2025-01-27 23:40:00,588 [ERROR] LogOutputStream:75 - [STDERR_REDIRECT] 
2025-01-27 23:40:01,591 [ERROR] LogOutputStream:75 - [STDERR_REDIRECT] [Fatal Error] :1:1: Premature end of file.
2025-01-27 23:40:01,591 [ERROR] LogOutputStream:75 - [STDERR_REDIRECT] 
2025-01-27 23:40:02,597 [ERROR] LogOutputStream:75 - [STDERR_REDIRECT] [Fatal Error] :1:1: Premature end of file.
2025-01-27 23:40:02,597 [ERROR] LogOutputStream:75 - [STDERR_REDIRECT] 
2025-01-27 23:40:03,598 [ERROR] LogOutputStream:75 - [STDERR_REDIRECT] [Fatal Error] :1:1: Premature end of file.
2025-01-27 23:40:03,598 [ERROR] LogOutputStream:75 - [STDERR_REDIRECT] 
2025-01-27 23:40:04,605 [ERROR] LogOutputStream:75 - [STDERR_REDIRECT] [Fatal Error] :1:1: Premature end of file.
2025-01-27 23:40:04,605 [ERROR] LogOutputStream:75 - [STDERR_REDIRECT] 
2025-01-27 23:40:05,592 [ERROR] LogOutputStream:75 - [STDERR_REDIRECT] [Fatal Error] :1:1: Premature end of file.
2025-01-27 23:40:05,592 [ERROR] LogOutputStream:75 - [STDERR_REDIRECT] 
2025-01-27 23:40:06,590 [ERROR] LogOutputStream:75 - [STDERR_REDIRECT] [Fatal Error] :1:1: Premature end of file.
2025-01-27 23:40:06,590 [ERROR] LogOutputStream:75 - [STDERR_REDIRECT] 
2025-01-27 23:40:07,597 [ERROR] LogOutputStream:75 - [STDERR_REDIRECT] [Fatal Error] :1:1: Premature end of file.
2025-01-27 23:40:07,597 [ERROR] LogOutputStream:75 - [STDERR_REDIRECT] 
2025-01-27 23:40:08,601 [ERROR] LogOutputStream:75 - [STDERR_REDIRECT] [Fatal Error] :1:1: Premature end of file.
2025-01-27 23:40:08,601 [ERROR] LogOutputStream:75 - [STDERR_REDIRECT] 
2025-01-27 23:40:09,585 [ERROR] LogOutputStream:75 - [STDERR_REDIRECT] [Fatal Error] :1:1: Premature end of file.
2025-01-27 23:40:09,585 [ERROR] LogOutputStream:75 - [STDERR_REDIRECT] 
2025-01-27 23:40:10,596 [ERROR] LogOutputStream:75 - [STDERR_REDIRECT] [Fatal Error] :1:1: Premature end of file.
2025-01-27 23:40:10,596 [ERROR] LogOutputStream:75 - [STDERR_REDIRECT] 
2025-01-27 23:40:11,597 [ERROR] LogOutputStream:75 - [STDERR_REDIRECT] [Fatal Error] :1:1: Premature end of file.
2025-01-27 23:40:11,597 [ERROR] LogOutputStream:75 - [STDERR_REDIRECT] 
2025-01-27 23:40:12,593 [ERROR] LogOutputStream:75 - [STDERR_REDIRECT] [Fatal Error] :1:1: Premature end of file.
2025-01-27 23:40:12,594 [ERROR] LogOutputStream:75 - [STDERR_REDIRECT] 
2025-01-27 23:40:13,591 [ERROR] LogOutputStream:75 - [STDERR_REDIRECT] [Fatal Error] :1:1: Premature end of file.
2025-01-27 23:40:13,591 [ERROR] LogOutputStream:75 - [STDERR_REDIRECT] 
2025-01-27 23:40:14,598 [ERROR] LogOutputStream:75 - [STDERR_REDIRECT] [Fatal Error] :1:1: Premature end of file.
2025-01-27 23:40:14,598 [ERROR] LogOutputStream:75 - [STDERR_REDIRECT] 
2025-01-27 23:40:15,582 [ERROR] LogOutputStream:75 - [STDERR_REDIRECT] [Fatal Error] :1:1: Premature end of file.
2025-01-27 23:40:15,582 [ERROR] LogOutputStream:75 - [STDERR_REDIRECT] 
2025-01-27 23:40:16,596 [ERROR] LogOutputStream:75 - [STDERR_REDIRECT] [Fatal Error] :1:1: Premature end of file.
2025-01-27 23:40:16,596 [ERROR] LogOutputStream:75 - [STDERR_REDIRECT] 
2025-01-27 23:40:17,590 [ERROR] LogOutputStream:75 - [STDERR_REDIRECT] [Fatal Error] :1:1: Premature end of file.
2025-01-27 23:40:17,590 [ERROR] LogOutputStream:75 - [STDERR_REDIRECT] 
2025-01-27 23:40:18,597 [ERROR] LogOutputStream:75 - [STDERR_REDIRECT] [Fatal Error] :1:1: Premature end of file.
2025-01-27 23:40:18,597 [ERROR] LogOutputStream:75 - [STDERR_REDIRECT] 
2025-01-27 23:40:19,605 [ERROR] LogOutputStream:75 - [STDERR_REDIRECT] [Fatal Error] :1:1: Premature end of file.
2025-01-27 23:40:19,605 [ERROR] LogOutputStream:75 - [STDERR_REDIRECT] 
2025-01-27 23:40:20,598 [ERROR] LogOutputStream:75 - [STDERR_REDIRECT] [Fatal Error] :1:1: Premature end of file.
2025-01-27 23:40:20,598 [ERROR] LogOutputStream:75 - [STDERR_REDIRECT] 
2025-01-27 23:40:21,579 [ERROR] LogOutputStream:75 - [STDERR_REDIRECT] [Fatal Error] :1:1: Premature end of file.
2025-01-27 23:40:21,579 [ERROR] LogOutputStream:75 - [STDERR_REDIRECT] 
2025-01-27 23:40:22,592 [ERROR] LogOutputStream:75 - [STDERR_REDIRECT] [Fatal Error] :1:1: Premature end of file.
2025-01-27 23:40:22,594 [ERROR] LogOutputStream:75 - [STDERR_REDIRECT] 
2025-01-27 23:40:23,599 [ERROR] LogOutputStream:75 - [STDERR_REDIRECT] [Fatal Error] :1:1: Premature end of file.
2025-01-27 23:40:23,599 [ERROR] LogOutputStream:75 - [STDERR_REDIRECT] 
2025-01-27 23:40:24,591 [ERROR] LogOutputStream:75 - [STDERR_REDIRECT] [Fatal Error] :1:1: Premature end of file.
2025-01-27 23:40:24,592 [ERROR] LogOutputStream:75 - [STDERR_REDIRECT] 
2025-01-27 23:40:25,599 [ERROR] LogOutputStream:75 - [STDERR_REDIRECT] [Fatal Error] :1:1: Premature end of file.
2025-01-27 23:40:25,600 [ERROR] LogOutputStream:75 - [STDERR_REDIRECT] 
2025-01-27 23:40:26,596 [ERROR] LogOutputStream:75 - [STDERR_REDIRECT] [Fatal Error] :1:1: Premature end of file.
2025-01-27 23:40:26,596 [ERROR] LogOutputStream:75 - [STDERR_REDIRECT] 
2025-01-27 23:40:27,594 [ERROR] LogOutputStream:75 - [STDERR_REDIRECT] [Fatal Error] :1:1: Premature end of file.
2025-01-27 23:40:27,594 [ERROR] LogOutputStream:75 - [STDERR_REDIRECT] 
2025-01-27 23:40:28,600 [ERROR] LogOutputStream:75 - [STDERR_REDIRECT] [Fatal Error] :1:1: Premature end of file.
2025-01-27 23:40:28,600 [ERROR] LogOutputStream:75 - [STDERR_REDIRECT] 
2025-01-27 23:40:29,576 [ERROR] LogOutputStream:75 - [STDERR_REDIRECT] [Fatal Error] :1:1: Premature end of file.
2025-01-27 23:40:29,576 [ERROR] LogOutputStream:75 - [STDERR_REDIRECT] 
2025-01-27 23:40:30,588 [ERROR] LogOutputStream:75 - [STDERR_REDIRECT] [Fatal Error] :1:1: Premature end of file.
2025-01-27 23:40:30,590 [ERROR] LogOutputStream:75 - [STDERR_REDIRECT] 
2025-01-27 23:40:31,585 [ERROR] LogOutputStream:75 - [STDERR_REDIRECT] [Fatal Error] :1:1: Premature end of file.
2025-01-27 23:40:31,585 [ERROR] LogOutputStream:75 - [STDERR_REDIRECT] 
2025-01-27 23:40:32,586 [ERROR] LogOutputStream:75 - [STDERR_REDIRECT] [Fatal Error] :1:1: Premature end of file.
2025-01-27 23:40:32,586 [ERROR] LogOutputStream:75 - [STDERR_REDIRECT] 
2025-01-27 23:40:33,598 [ERROR] LogOutputStream:75 - [STDERR_REDIRECT] [Fatal Error] :1:1: Premature end of file.
2025-01-27 23:40:33,598 [ERROR] LogOutputStream:75 - [STDERR_REDIRECT] 
2025-01-27 23:40:34,578 [ERROR] LogOutputStream:75 - [STDERR_REDIRECT] [Fatal Error] :1:1: Premature end of file.
2025-01-27 23:40:34,578 [ERROR] LogOutputStream:75 - [STDERR_REDIRECT] 
2025-01-27 23:40:35,584 [ERROR] LogOutputStream:75 - [STDERR_REDIRECT] [Fatal Error] :1:1: Premature end of file.
2025-01-27 23:40:35,584 [ERROR] LogOutputStream:75 - [STDERR_REDIRECT] 
2025-01-27 23:40:36,589 [ERROR] LogOutputStream:75 - [STDERR_REDIRECT] [Fatal Error] :1:1: Premature end of file.
2025-01-27 23:40:36,591 [ERROR] LogOutputStream:75 - [STDERR_REDIRECT] 
2025-01-27 23:40:37,599 [ERROR] LogOutputStream:75 - [STDERR_REDIRECT] [Fatal Error] :1:1: Premature end of file.
2025-01-27 23:40:37,599 [ERROR] LogOutputStream:75 - [STDERR_REDIRECT] 
2025-01-27 23:40:38,599 [ERROR] LogOutputStream:75 - [STDERR_REDIRECT] [Fatal Error] :1:1: Premature end of file.
2025-01-27 23:40:38,599 [ERROR] LogOutputStream:75 - [STDERR_REDIRECT] 
2025-01-27 23:40:39,598 [ERROR] LogOutputStream:75 - [STDERR_REDIRECT] [Fatal Error] :1:1: Premature end of file.
2025-01-27 23:40:39,598 [ERROR] LogOutputStream:75 - [STDERR_REDIRECT] 
2025-01-27 23:40:40,585 [ERROR] LogOutputStream:75 - [STDERR_REDIRECT] [Fatal Error] :1:1: Premature end of file.
2025-01-27 23:40:40,585 [ERROR] LogOutputStream:75 - [STDERR_REDIRECT] 
2025-01-27 23:40:41,587 [ERROR] LogOutputStream:75 - [STDERR_REDIRECT] [Fatal Error] :1:1: Premature end of file.
2025-01-27 23:40:41,587 [ERROR] LogOutputStream:75 - [STDERR_REDIRECT] 
2025-01-27 23:40:42,599 [ERROR] LogOutputStream:75 - [STDERR_REDIRECT] [Fatal Error] :1:1: Premature end of file.
2025-01-27 23:40:42,599 [ERROR] LogOutputStream:75 - [STDERR_REDIRECT] 
2025-01-27 23:40:43,605 [ERROR] LogOutputStream:75 - [STDERR_REDIRECT] [Fatal Error] :1:1: Premature end of file.
2025-01-27 23:40:43,605 [ERROR] LogOutputStream:75 - [STDERR_REDIRECT] 
2025-01-27 23:40:44,600 [ERROR] LogOutputStream:75 - [STDERR_REDIRECT] [Fatal Error] :1:1: Premature end of file.
2025-01-27 23:40:44,600 [ERROR] LogOutputStream:75 - [STDERR_REDIRECT] 
2025-01-27 23:40:45,599 [ERROR] LogOutputStream:75 - [STDERR_REDIRECT] [Fatal Error] :1:1: Premature end of file.
2025-01-27 23:40:45,599 [ERROR] LogOutputStream:75 - [STDERR_REDIRECT] 
2025-01-27 23:40:46,609 [ERROR] LogOutputStream:75 - [STDERR_REDIRECT] [Fatal Error] :1:1: Premature end of file.
2025-01-27 23:40:46,609 [ERROR] LogOutputStream:75 - [STDERR_REDIRECT] 
2025-01-27 23:40:47,598 [ERROR] LogOutputStream:75 - [STDERR_REDIRECT] [Fatal Error] :1:1: Premature end of file.
2025-01-27 23:40:47,598 [ERROR] LogOutputStream:75 - [STDERR_REDIRECT] 
2025-01-27 23:40:48,600 [ERROR] LogOutputStream:75 - [STDERR_REDIRECT] [Fatal Error] :1:1: Premature end of file.
2025-01-27 23:40:48,600 [ERROR] LogOutputStream:75 - [STDERR_REDIRECT] 
2025-01-27 23:40:49,585 [ERROR] LogOutputStream:75 - [STDERR_REDIRECT] [Fatal Error] :1:1: Premature end of file.
2025-01-27 23:40:49,585 [ERROR] LogOutputStream:75 - [STDERR_REDIRECT] 
2025-01-27 23:40:50,591 [ERROR] LogOutputStream:75 - [STDERR_REDIRECT] [Fatal Error] :1:1: Premature end of file.
2025-01-27 23:40:50,593 [ERROR] LogOutputStream:75 - [STDERR_REDIRECT] 
2025-01-27 23:40:51,584 [ERROR] LogOutputStream:75 - [STDERR_REDIRECT] [Fatal Error] :1:1: Premature end of file.
2025-01-27 23:40:51,584 [ERROR] LogOutputStream:75 - [STDERR_REDIRECT] 
2025-01-27 23:40:52,593 [ERROR] LogOutputStream:75 - [STDERR_REDIRECT] [Fatal Error] :1:1: Premature end of file.
2025-01-27 23:40:52,593 [ERROR] LogOutputStream:75 - [STDERR_REDIRECT] 
2025-01-27 23:40:53,597 [ERROR] LogOutputStream:75 - [STDERR_REDIRECT] [Fatal Error] :1:1: Premature end of file.
2025-01-27 23:40:53,597 [ERROR] LogOutputStream:75 - [STDERR_REDIRECT] 
2025-01-27 23:40:54,589 [ERROR] LogOutputStream:75 - [STDERR_REDIRECT] [Fatal Error] :1:1: Premature end of file.
2025-01-27 23:40:54,589 [ERROR] LogOutputStream:75 - [STDERR_REDIRECT] 
2025-01-27 23:40:55,600 [ERROR] LogOutputStream:75 - [STDERR_REDIRECT] [Fatal Error] :1:1: Premature end of file.
2025-01-27 23:40:55,600 [ERROR] LogOutputStream:75 - [STDERR_REDIRECT] 
2025-01-27 23:40:56,591 [ERROR] LogOutputStream:75 - [STDERR_REDIRECT] [Fatal Error] :1:1: Premature end of file.
2025-01-27 23:40:56,592 [ERROR] LogOutputStream:75 - [STDERR_REDIRECT] 
2025-01-27 23:40:57,601 [ERROR] LogOutputStream:75 - [STDERR_REDIRECT] [Fatal Error] :1:1: Premature end of file.
2025-01-27 23:40:57,601 [ERROR] LogOutputStream:75 - [STDERR_REDIRECT] 
2025-01-27 23:40:58,590 [ERROR] LogOutputStream:75 - [STDERR_REDIRECT] [Fatal Error] :1:1: Premature end of file.
2025-01-27 23:40:58,590 [ERROR] LogOutputStream:75 - [STDERR_REDIRECT] 
2025-01-27 23:40:59,609 [ERROR] LogOutputStream:75 - [STDERR_REDIRECT] [Fatal Error] :1:1: Premature end of file.
2025-01-27 23:40:59,609 [ERROR] LogOutputStream:75 - [STDERR_REDIRECT] 
2025-01-27 23:41:00,588 [ERROR] LogOutputStream:75 - [STDERR_REDIRECT] [Fatal Error] :1:1: Premature end of file.
2025-01-27 23:41:00,588 [ERROR] LogOutputStream:75 - [STDERR_REDIRECT] 
2025-01-27 23:41:01,588 [ERROR] LogOutputStream:75 - [STDERR_REDIRECT] [Fatal Error] :1:1: Premature end of file.
2025-01-27 23:41:01,588 [ERROR] LogOutputStream:75 - [STDERR_REDIRECT] 
2025-01-27 23:41:02,602 [ERROR] LogOutputStream:75 - [STDERR_REDIRECT] [Fatal Error] :1:1: Premature end of file.
2025-01-27 23:41:02,602 [ERROR] LogOutputStream:75 - [STDERR_REDIRECT] 
2025-01-27 23:41:03,613 [ERROR] LogOutputStream:75 - [STDERR_REDIRECT] [Fatal Error] :1:1: Premature end of file.
2025-01-27 23:41:03,613 [ERROR] LogOutputStream:75 - [STDERR_REDIRECT] 
2025-01-27 23:41:04,592 [ERROR] LogOutputStream:75 - [STDERR_REDIRECT] [Fatal Error] :1:1: Premature end of file.
2025-01-27 23:41:04,592 [ERROR] LogOutputStream:75 - [STDERR_REDIRECT] 
2025-01-27 23:41:05,593 [ERROR] LogOutputStream:75 - [STDERR_REDIRECT] [Fatal Error] :1:1: Premature end of file.
2025-01-27 23:41:05,593 [ERROR] LogOutputStream:75 - [STDERR_REDIRECT] 
2025-01-27 23:41:06,584 [ERROR] LogOutputStream:75 - [STDERR_REDIRECT] [Fatal Error] :1:1: Premature end of file.
2025-01-27 23:41:06,584 [ERROR] LogOutputStream:75 - [STDERR_REDIRECT] 
2025-01-27 23:41:07,590 [ERROR] LogOutputStream:75 - [STDERR_REDIRECT] [Fatal Error] :1:1: Premature end of file.
2025-01-27 23:41:07,590 [ERROR] LogOutputStream:75 - [STDERR_REDIRECT] 
2025-01-27 23:41:08,602 [ERROR] LogOutputStream:75 - [STDERR_REDIRECT] [Fatal Error] :1:1: Premature end of file.
2025-01-27 23:41:08,602 [ERROR] LogOutputStream:75 - [STDERR_REDIRECT] 
2025-01-27 23:41:09,586 [ERROR] LogOutputStream:75 - [STDERR_REDIRECT] [Fatal Error] :1:1: Premature end of file.
2025-01-27 23:41:09,586 [ERROR] LogOutputStream:75 - [STDERR_REDIRECT] 
2025-01-27 23:41:10,591 [ERROR] LogOutputStream:75 - [STDERR_REDIRECT] [Fatal Error] :1:1: Premature end of file.
2025-01-27 23:41:10,591 [ERROR] LogOutputStream:75 - [STDERR_REDIRECT] 
2025-01-27 23:41:11,593 [ERROR] LogOutputStream:75 - [STDERR_REDIRECT] [Fatal Error] :1:1: Premature end of file.
2025-01-27 23:41:11,593 [ERROR] LogOutputStream:75 - [STDERR_REDIRECT] 
2025-01-27 23:41:12,600 [ERROR] LogOutputStream:75 - [STDERR_REDIRECT] [Fatal Error] :1:1: Premature end of file.
2025-01-27 23:41:12,600 [ERROR] LogOutputStream:75 - [STDERR_REDIRECT] 
2025-01-27 23:41:13,589 [ERROR] LogOutputStream:75 - [STDERR_REDIRECT] [Fatal Error] :1:1: Premature end of file.
2025-01-27 23:41:13,589 [ERROR] LogOutputStream:75 - [STDERR_REDIRECT] 
2025-01-27 23:41:14,598 [ERROR] LogOutputStream:75 - [STDERR_REDIRECT] [Fatal Error] :1:1: Premature end of file.
2025-01-27 23:41:14,598 [ERROR] LogOutputStream:75 - [STDERR_REDIRECT] 
2025-01-27 23:41:15,611 [ERROR] LogOutputStream:75 - [STDERR_REDIRECT] [Fatal Error] :1:1: Premature end of file.
2025-01-27 23:41:15,611 [ERROR] LogOutputStream:75 - [STDERR_REDIRECT] 
2025-01-27 23:41:16,578 [ERROR] LogOutputStream:75 - [STDERR_REDIRECT] [Fatal Error] :1:1: Premature end of file.
2025-01-27 23:41:16,578 [ERROR] LogOutputStream:75 - [STDERR_REDIRECT] 
2025-01-27 23:41:17,601 [ERROR] LogOutputStream:75 - [STDERR_REDIRECT] [Fatal Error] :1:1: Premature end of file.
2025-01-27 23:41:17,603 [ERROR] LogOutputStream:75 - [STDERR_REDIRECT] 
2025-01-27 23:41:18,600 [ERROR] LogOutputStream:75 - [STDERR_REDIRECT] [Fatal Error] :1:1: Premature end of file.
2025-01-27 23:41:18,600 [ERROR] LogOutputStream:75 - [STDERR_REDIRECT] 
2025-01-27 23:41:19,592 [ERROR] LogOutputStream:75 - [STDERR_REDIRECT] [Fatal Error] :1:1: Premature end of file.
2025-01-27 23:41:19,592 [ERROR] LogOutputStream:75 - [STDERR_REDIRECT] 
2025-01-27 23:41:20,598 [ERROR] LogOutputStream:75 - [STDERR_REDIRECT] [Fatal Error] :1:1: Premature end of file.
2025-01-27 23:41:20,598 [ERROR] LogOutputStream:75 - [STDERR_REDIRECT] 
2025-01-27 23:41:21,606 [ERROR] LogOutputStream:75 - [STDERR_REDIRECT] [Fatal Error] :1:1: Premature end of file.
2025-01-27 23:41:21,606 [ERROR] LogOutputStream:75 - [STDERR_REDIRECT] 
2025-01-27 23:41:22,606 [ERROR] LogOutputStream:75 - [STDERR_REDIRECT] [Fatal Error] :1:1: Premature end of file.
2025-01-27 23:41:22,606 [ERROR] LogOutputStream:75 - [STDERR_REDIRECT] 
2025-01-27 23:41:23,588 [ERROR] LogOutputStream:75 - [STDERR_REDIRECT] [Fatal Error] :1:1: Premature end of file.
2025-01-27 23:41:23,588 [ERROR] LogOutputStream:75 - [STDERR_REDIRECT] 
2025-01-27 23:41:24,594 [ERROR] LogOutputStream:75 - [STDERR_REDIRECT] [Fatal Error] :1:1: Premature end of file.
2025-01-27 23:41:24,594 [ERROR] LogOutputStream:75 - [STDERR_REDIRECT] 
2025-01-27 23:41:25,589 [ERROR] LogOutputStream:75 - [STDERR_REDIRECT] [Fatal Error] :1:1: Premature end of file.
2025-01-27 23:41:25,589 [ERROR] LogOutputStream:75 - [STDERR_REDIRECT] 
2025-01-27 23:41:26,595 [ERROR] LogOutputStream:75 - [STDERR_REDIRECT] [Fatal Error] :1:1: Premature end of file.
2025-01-27 23:41:26,595 [ERROR] LogOutputStream:75 - [STDERR_REDIRECT] 
2025-01-27 23:41:27,585 [ERROR] LogOutputStream:75 - [STDERR_REDIRECT] [Fatal Error] :1:1: Premature end of file.
2025-01-27 23:41:27,587 [ERROR] LogOutputStream:75 - [STDERR_REDIRECT] 
2025-01-27 23:41:28,590 [ERROR] LogOutputStream:75 - [STDERR_REDIRECT] [Fatal Error] :1:1: Premature end of file.
2025-01-27 23:41:28,590 [ERROR] LogOutputStream:75 - [STDERR_REDIRECT] 
2025-01-27 23:41:29,581 [ERROR] LogOutputStream:75 - [STDERR_REDIRECT] [Fatal Error] :1:1: Premature end of file.
2025-01-27 23:41:29,581 [ERROR] LogOutputStream:75 - [STDERR_REDIRECT] 
2025-01-27 23:41:30,588 [ERROR] LogOutputStream:75 - [STDERR_REDIRECT] [Fatal Error] :1:1: Premature end of file.
2025-01-27 23:41:30,588 [ERROR] LogOutputStream:75 - [STDERR_REDIRECT] 
2025-01-27 23:41:31,600 [ERROR] LogOutputStream:75 - [STDERR_REDIRECT] [Fatal Error] :1:1: Premature end of file.
2025-01-27 23:41:31,600 [ERROR] LogOutputStream:75 - [STDERR_REDIRECT] 
2025-01-27 23:41:32,602 [ERROR] LogOutputStream:75 - [STDERR_REDIRECT] [Fatal Error] :1:1: Premature end of file.
2025-01-27 23:41:32,602 [ERROR] LogOutputStream:75 - [STDERR_REDIRECT] 
2025-01-27 23:41:33,591 [ERROR] LogOutputStream:75 - [STDERR_REDIRECT] [Fatal Error] :1:1: Premature end of file.
2025-01-27 23:41:33,592 [ERROR] LogOutputStream:75 - [STDERR_REDIRECT] 
2025-01-27 23:41:34,592 [ERROR] LogOutputStream:75 - [STDERR_REDIRECT] [Fatal Error] :1:1: Premature end of file.
2025-01-27 23:41:34,592 [ERROR] LogOutputStream:75 - [STDERR_REDIRECT] 
2025-01-27 23:41:35,587 [ERROR] LogOutputStream:75 - [STDERR_REDIRECT] [Fatal Error] :1:1: Premature end of file.
2025-01-27 23:41:35,587 [ERROR] LogOutputStream:75 - [STDERR_REDIRECT] 
2025-01-27 23:41:36,601 [ERROR] LogOutputStream:75 - [STDERR_REDIRECT] [Fatal Error] :1:1: Premature end of file.
2025-01-27 23:41:36,601 [ERROR] LogOutputStream:75 - [STDERR_REDIRECT] 
2025-01-27 23:41:37,602 [ERROR] LogOutputStream:75 - [STDERR_REDIRECT] [Fatal Error] :1:1: Premature end of file.
2025-01-27 23:41:37,602 [ERROR] LogOutputStream:75 - [STDERR_REDIRECT] 
2025-01-27 23:41:38,600 [ERROR] LogOutputStream:75 - [STDERR_REDIRECT] [Fatal Error] :1:1: Premature end of file.
2025-01-27 23:41:38,600 [ERROR] LogOutputStream:75 - [STDERR_REDIRECT] 
2025-01-27 23:41:39,585 [ERROR] LogOutputStream:75 - [STDERR_REDIRECT] [Fatal Error] :1:1: Premature end of file.
2025-01-27 23:41:39,585 [ERROR] LogOutputStream:75 - [STDERR_REDIRECT] 
2025-01-27 23:41:40,588 [ERROR] LogOutputStream:75 - [STDERR_REDIRECT] [Fatal Error] :1:1: Premature end of file.
2025-01-27 23:41:40,588 [ERROR] LogOutputStream:75 - [STDERR_REDIRECT] 
2025-01-27 23:41:41,599 [ERROR] LogOutputStream:75 - [STDERR_REDIRECT] [Fatal Error] :1:1: Premature end of file.
2025-01-27 23:41:41,599 [ERROR] LogOutputStream:75 - [STDERR_REDIRECT] 
2025-01-27 23:41:42,593 [ERROR] LogOutputStream:75 - [STDERR_REDIRECT] [Fatal Error] :1:1: Premature end of file.
2025-01-27 23:41:42,593 [ERROR] LogOutputStream:75 - [STDERR_REDIRECT] 
2025-01-27 23:41:43,590 [ERROR] LogOutputStream:75 - [STDERR_REDIRECT] [Fatal Error] :1:1: Premature end of file.
2025-01-27 23:41:43,590 [ERROR] LogOutputStream:75 - [STDERR_REDIRECT] 
2025-01-27 23:41:44,593 [ERROR] LogOutputStream:75 - [STDERR_REDIRECT] [Fatal Error] :1:1: Premature end of file.
2025-01-27 23:41:44,593 [ERROR] LogOutputStream:75 - [STDERR_REDIRECT] 
2025-01-27 23:41:45,591 [ERROR] LogOutputStream:75 - [STDERR_REDIRECT] [Fatal Error] :1:1: Premature end of file.
2025-01-27 23:41:45,593 [ERROR] LogOutputStream:75 - [STDERR_REDIRECT] 
2025-01-27 23:41:46,577 [ERROR] LogOutputStream:75 - [STDERR_REDIRECT] [Fatal Error] :1:1: Premature end of file.
2025-01-27 23:41:46,577 [ERROR] LogOutputStream:75 - [STDERR_REDIRECT] 
2025-01-27 23:41:47,595 [ERROR] LogOutputStream:75 - [STDERR_REDIRECT] [Fatal Error] :1:1: Premature end of file.
2025-01-27 23:41:47,595 [ERROR] LogOutputStream:75 - [STDERR_REDIRECT] 
2025-01-27 23:41:48,590 [ERROR] LogOutputStream:75 - [STDERR_REDIRECT] [Fatal Error] :1:1: Premature end of file.
2025-01-27 23:41:48,590 [ERROR] LogOutputStream:75 - [STDERR_REDIRECT] 
2025-01-27 23:41:49,592 [ERROR] LogOutputStream:75 - [STDERR_REDIRECT] [Fatal Error] :1:1: Premature end of file.
2025-01-27 23:41:49,592 [ERROR] LogOutputStream:75 - [STDERR_REDIRECT] 
2025-01-27 23:41:50,604 [ERROR] LogOutputStream:75 - [STDERR_REDIRECT] [Fatal Error] :1:1: Premature end of file.
2025-01-27 23:41:50,604 [ERROR] LogOutputStream:75 - [STDERR_REDIRECT] 
2025-01-27 23:41:51,582 [ERROR] LogOutputStream:75 - [STDERR_REDIRECT] [Fatal Error] :1:1: Premature end of file.
2025-01-27 23:41:51,582 [ERROR] LogOutputStream:75 - [STDERR_REDIRECT] 
2025-01-27 23:41:52,594 [ERROR] LogOutputStream:75 - [STDERR_REDIRECT] [Fatal Error] :1:1: Premature end of file.
2025-01-27 23:41:52,594 [ERROR] LogOutputStream:75 - [STDERR_REDIRECT] 
2025-01-27 23:41:53,597 [ERROR] LogOutputStream:75 - [STDERR_REDIRECT] [Fatal Error] :1:1: Premature end of file.
2025-01-27 23:41:53,597 [ERROR] LogOutputStream:75 - [STDERR_REDIRECT] 
2025-01-27 23:41:54,594 [ERROR] LogOutputStream:75 - [STDERR_REDIRECT] [Fatal Error] :1:1: Premature end of file.
2025-01-27 23:41:54,594 [ERROR] LogOutputStream:75 - [STDERR_REDIRECT] 
2025-01-27 23:41:55,600 [ERROR] LogOutputStream:75 - [STDERR_REDIRECT] [Fatal Error] :1:1: Premature end of file.
2025-01-27 23:41:55,600 [ERROR] LogOutputStream:75 - [STDERR_REDIRECT] 
2025-01-27 23:41:56,577 [ERROR] LogOutputStream:75 - [STDERR_REDIRECT] [Fatal Error] :1:1: Premature end of file.
2025-01-27 23:41:56,577 [ERROR] LogOutputStream:75 - [STDERR_REDIRECT] 
2025-01-27 23:41:57,606 [ERROR] LogOutputStream:75 - [STDERR_REDIRECT] [Fatal Error] :1:1: Premature end of file.
2025-01-27 23:41:57,606 [ERROR] LogOutputStream:75 - [STDERR_REDIRECT] 
2025-01-27 23:41:58,593 [ERROR] LogOutputStream:75 - [STDERR_REDIRECT] [Fatal Error] :1:1: Premature end of file.
2025-01-27 23:41:58,593 [ERROR] LogOutputStream:75 - [STDERR_REDIRECT] 
2025-01-27 23:41:59,600 [ERROR] LogOutputStream:75 - [STDERR_REDIRECT] [Fatal Error] :1:1: Premature end of file.
2025-01-27 23:41:59,600 [ERROR] LogOutputStream:75 - [STDERR_REDIRECT] 
2025-01-27 23:42:00,587 [ERROR] LogOutputStream:75 - [STDERR_REDIRECT] [Fatal Error] :1:1: Premature end of file.
2025-01-27 23:42:00,587 [ERROR] LogOutputStream:75 - [STDERR_REDIRECT] 
2025-01-27 23:42:01,599 [ERROR] LogOutputStream:75 - [STDERR_REDIRECT] [Fatal Error] :1:1: Premature end of file.
2025-01-27 23:42:01,599 [ERROR] LogOutputStream:75 - [STDERR_REDIRECT] 
2025-01-27 23:42:02,611 [ERROR] LogOutputStream:75 - [STDERR_REDIRECT] [Fatal Error] :1:1: Premature end of file.
2025-01-27 23:42:02,611 [ERROR] LogOutputStream:75 - [STDERR_REDIRECT] 
2025-01-27 23:42:03,586 [ERROR] LogOutputStream:75 - [STDERR_REDIRECT] [Fatal Error] :1:1: Premature end of file.
2025-01-27 23:42:03,588 [ERROR] LogOutputStream:75 - [STDERR_REDIRECT] 
2025-01-27 23:42:04,590 [ERROR] LogOutputStream:75 - [STDERR_REDIRECT] [Fatal Error] :1:1: Premature end of file.
2025-01-27 23:42:04,590 [ERROR] LogOutputStream:75 - [STDERR_REDIRECT] 
2025-01-27 23:42:05,594 [ERROR] LogOutputStream:75 - [STDERR_REDIRECT] [Fatal Error] :1:1: Premature end of file.
2025-01-27 23:42:05,594 [ERROR] LogOutputStream:75 - [STDERR_REDIRECT] 
2025-01-27 23:42:06,601 [ERROR] LogOutputStream:75 - [STDERR_REDIRECT] [Fatal Error] :1:1: Premature end of file.
2025-01-27 23:42:06,601 [ERROR] LogOutputStream:75 - [STDERR_REDIRECT] 
2025-01-27 23:42:07,585 [ERROR] LogOutputStream:75 - [STDERR_REDIRECT] [Fatal Error] :1:1: Premature end of file.
2025-01-27 23:42:07,585 [ERROR] LogOutputStream:75 - [STDERR_REDIRECT] 
2025-01-27 23:42:08,588 [ERROR] LogOutputStream:75 - [STDERR_REDIRECT] [Fatal Error] :1:1: Premature end of file.
2025-01-27 23:42:08,588 [ERROR] LogOutputStream:75 - [STDERR_REDIRECT] 
2025-01-27 23:42:09,599 [ERROR] LogOutputStream:75 - [STDERR_REDIRECT] [Fatal Error] :1:1: Premature end of file.
2025-01-27 23:42:09,599 [ERROR] LogOutputStream:75 - [STDERR_REDIRECT] 
2025-01-27 23:42:10,597 [ERROR] LogOutputStream:75 - [STDERR_REDIRECT] [Fatal Error] :1:1: Premature end of file.
2025-01-27 23:42:10,597 [ERROR] LogOutputStream:75 - [STDERR_REDIRECT] 
2025-01-27 23:42:11,589 [ERROR] LogOutputStream:75 - [STDERR_REDIRECT] [Fatal Error] :1:1: Premature end of file.
2025-01-27 23:42:11,589 [ERROR] LogOutputStream:75 - [STDERR_REDIRECT] 
2025-01-27 23:42:12,591 [ERROR] LogOutputStream:75 - [STDERR_REDIRECT] [Fatal Error] :1:1: Premature end of file.
2025-01-27 23:42:12,591 [ERROR] LogOutputStream:75 - [STDERR_REDIRECT] 
2025-01-27 23:42:13,597 [ERROR] LogOutputStream:75 - [STDERR_REDIRECT] [Fatal Error] :1:1: Premature end of file.
2025-01-27 23:42:13,597 [ERROR] LogOutputStream:75 - [STDERR_REDIRECT] 
2025-01-27 23:42:14,592 [ERROR] LogOutputStream:75 - [STDERR_REDIRECT] [Fatal Error] :1:1: Premature end of file.
2025-01-27 23:42:14,592 [ERROR] LogOutputStream:75 - [STDERR_REDIRECT] 
2025-01-27 23:42:15,587 [ERROR] LogOutputStream:75 - [STDERR_REDIRECT] [Fatal Error] :1:1: Premature end of file.
2025-01-27 23:42:15,587 [ERROR] LogOutputStream:75 - [STDERR_REDIRECT] 
2025-01-27 23:42:16,601 [ERROR] LogOutputStream:75 - [STDERR_REDIRECT] [Fatal Error] :1:1: Premature end of file.
2025-01-27 23:42:16,601 [ERROR] LogOutputStream:75 - [STDERR_REDIRECT] 
2025-01-27 23:42:17,602 [ERROR] LogOutputStream:75 - [STDERR_REDIRECT] [Fatal Error] :1:1: Premature end of file.
2025-01-27 23:42:17,602 [ERROR] LogOutputStream:75 - [STDERR_REDIRECT] 
2025-01-27 23:42:18,589 [ERROR] LogOutputStream:75 - [STDERR_REDIRECT] [Fatal Error] :1:1: Premature end of file.
2025-01-27 23:42:18,589 [ERROR] LogOutputStream:75 - [STDERR_REDIRECT] 
2025-01-27 23:42:19,597 [ERROR] LogOutputStream:75 - [STDERR_REDIRECT] [Fatal Error] :1:1: Premature end of file.
2025-01-27 23:42:19,597 [ERROR] LogOutputStream:75 - [STDERR_REDIRECT] 
2025-01-27 23:42:20,590 [ERROR] LogOutputStream:75 - [STDERR_REDIRECT] [Fatal Error] :1:1: Premature end of file.
2025-01-27 23:42:20,590 [ERROR] LogOutputStream:75 - [STDERR_REDIRECT] 
2025-01-27 23:42:21,591 [ERROR] LogOutputStream:75 - [STDERR_REDIRECT] [Fatal Error] :1:1: Premature end of file.
2025-01-27 23:42:21,591 [ERROR] LogOutputStream:75 - [STDERR_REDIRECT] 
2025-01-27 23:42:22,579 [ERROR] LogOutputStream:75 - [STDERR_REDIRECT] [Fatal Error] :1:1: Premature end of file.
2025-01-27 23:42:22,579 [ERROR] LogOutputStream:75 - [STDERR_REDIRECT] 
2025-01-27 23:42:23,595 [ERROR] LogOutputStream:75 - [STDERR_REDIRECT] [Fatal Error] :1:1: Premature end of file.
2025-01-27 23:42:23,595 [ERROR] LogOutputStream:75 - [STDERR_REDIRECT] 
2025-01-27 23:42:24,590 [ERROR] LogOutputStream:75 - [STDERR_REDIRECT] [Fatal Error] :1:1: Premature end of file.
2025-01-27 23:42:24,590 [ERROR] LogOutputStream:75 - [STDERR_REDIRECT] 
2025-01-27 23:42:25,585 [ERROR] LogOutputStream:75 - [STDERR_REDIRECT] [Fatal Error] :1:1: Premature end of file.
2025-01-27 23:42:25,587 [ERROR] LogOutputStream:75 - [STDERR_REDIRECT] 
2025-01-27 23:42:26,581 [ERROR] LogOutputStream:75 - [STDERR_REDIRECT] [Fatal Error] :1:1: Premature end of file.
2025-01-27 23:42:26,581 [ERROR] LogOutputStream:75 - [STDERR_REDIRECT] 
2025-01-27 23:42:27,592 [ERROR] LogOutputStream:75 - [STDERR_REDIRECT] [Fatal Error] :1:1: Premature end of file.
2025-01-27 23:42:27,592 [ERROR] LogOutputStream:75 - [STDERR_REDIRECT] 
2025-01-27 23:42:28,598 [ERROR] LogOutputStream:75 - [STDERR_REDIRECT] [Fatal Error] :1:1: Premature end of file.
2025-01-27 23:42:28,598 [ERROR] LogOutputStream:75 - [STDERR_REDIRECT] 
2025-01-27 23:42:29,599 [ERROR] LogOutputStream:75 - [STDERR_REDIRECT] [Fatal Error] :1:1: Premature end of file.
2025-01-27 23:42:29,599 [ERROR] LogOutputStream:75 - [STDERR_REDIRECT] 
2025-01-27 23:42:30,597 [ERROR] LogOutputStream:75 - [STDERR_REDIRECT] [Fatal Error] :1:1: Premature end of file.
2025-01-27 23:42:30,598 [ERROR] LogOutputStream:75 - [STDERR_REDIRECT] 
2025-01-27 23:42:31,589 [ERROR] LogOutputStream:75 - [STDERR_REDIRECT] [Fatal Error] :1:1: Premature end of file.
2025-01-27 23:42:31,589 [ERROR] LogOutputStream:75 - [STDERR_REDIRECT] 
2025-01-27 23:42:32,608 [ERROR] LogOutputStream:75 - [STDERR_REDIRECT] [Fatal Error] :1:1: Premature end of file.
2025-01-27 23:42:32,608 [ERROR] LogOutputStream:75 - [STDERR_REDIRECT] 
2025-01-27 23:42:33,601 [ERROR] LogOutputStream:75 - [STDERR_REDIRECT] [Fatal Error] :1:1: Premature end of file.
2025-01-27 23:42:33,601 [ERROR] LogOutputStream:75 - [STDERR_REDIRECT] 
2025-01-27 23:42:34,596 [ERROR] LogOutputStream:75 - [STDERR_REDIRECT] [Fatal Error] :1:1: Premature end of file.
2025-01-27 23:42:34,596 [ERROR] LogOutputStream:75 - [STDERR_REDIRECT] 
2025-01-27 23:42:35,600 [ERROR] LogOutputStream:75 - [STDERR_REDIRECT] [Fatal Error] :1:1: Premature end of file.
2025-01-27 23:42:35,600 [ERROR] LogOutputStream:75 - [STDERR_REDIRECT] 
2025-01-27 23:42:36,585 [ERROR] LogOutputStream:75 - [STDERR_REDIRECT] [Fatal Error] :1:1: Premature end of file.
2025-01-27 23:42:36,585 [ERROR] LogOutputStream:75 - [STDERR_REDIRECT] 
2025-01-27 23:42:37,588 [ERROR] LogOutputStream:75 - [STDERR_REDIRECT] [Fatal Error] :1:1: Premature end of file.
2025-01-27 23:42:37,588 [ERROR] LogOutputStream:75 - [STDERR_REDIRECT] 
2025-01-27 23:42:38,590 [ERROR] LogOutputStream:75 - [STDERR_REDIRECT] [Fatal Error] :1:1: Premature end of file.
2025-01-27 23:42:38,590 [ERROR] LogOutputStream:75 - [STDERR_REDIRECT] 
2025-01-27 23:42:39,607 [ERROR] LogOutputStream:75 - [STDERR_REDIRECT] [Fatal Error] :1:1: Premature end of file.
2025-01-27 23:42:39,607 [ERROR] LogOutputStream:75 - [STDERR_REDIRECT] 
2025-01-27 23:42:40,590 [ERROR] LogOutputStream:75 - [STDERR_REDIRECT] [Fatal Error] :1:1: Premature end of file.
2025-01-27 23:42:40,590 [ERROR] LogOutputStream:75 - [STDERR_REDIRECT] 
2025-01-27 23:42:41,583 [ERROR] LogOutputStream:75 - [STDERR_REDIRECT] [Fatal Error] :1:1: Premature end of file.
2025-01-27 23:42:41,583 [ERROR] LogOutputStream:75 - [STDERR_REDIRECT] 
2025-01-27 23:42:42,595 [ERROR] LogOutputStream:75 - [STDERR_REDIRECT] [Fatal Error] :1:1: Premature end of file.
2025-01-27 23:42:42,595 [ERROR] LogOutputStream:75 - [STDERR_REDIRECT] 
2025-01-27 23:42:43,596 [ERROR] LogOutputStream:75 - [STDERR_REDIRECT] [Fatal Error] :1:1: Premature end of file.
2025-01-27 23:42:43,596 [ERROR] LogOutputStream:75 - [STDERR_REDIRECT] 
2025-01-27 23:42:44,588 [ERROR] LogOutputStream:75 - [STDERR_REDIRECT] [Fatal Error] :1:1: Premature end of file.
2025-01-27 23:42:44,588 [ERROR] LogOutputStream:75 - [STDERR_REDIRECT] 
2025-01-27 23:42:45,594 [ERROR] LogOutputStream:75 - [STDERR_REDIRECT] [Fatal Error] :1:1: Premature end of file.
2025-01-27 23:42:45,594 [ERROR] LogOutputStream:75 - [STDERR_REDIRECT] 
2025-01-27 23:42:46,594 [ERROR] LogOutputStream:75 - [STDERR_REDIRECT] [Fatal Error] :1:1: Premature end of file.
2025-01-27 23:42:46,594 [ERROR] LogOutputStream:75 - [STDERR_REDIRECT] 
2025-01-27 23:42:47,579 [ERROR] LogOutputStream:75 - [STDERR_REDIRECT] [Fatal Error] :1:1: Premature end of file.
2025-01-27 23:42:47,581 [ERROR] LogOutputStream:75 - [STDERR_REDIRECT] 
2025-01-27 23:42:48,587 [ERROR] LogOutputStream:75 - [STDERR_REDIRECT] [Fatal Error] :1:1: Premature end of file.
2025-01-27 23:42:48,587 [ERROR] LogOutputStream:75 - [STDERR_REDIRECT] 
2025-01-27 23:42:49,589 [ERROR] LogOutputStream:75 - [STDERR_REDIRECT] [Fatal Error] :1:1: Premature end of file.
2025-01-27 23:42:49,589 [ERROR] LogOutputStream:75 - [STDERR_REDIRECT] 
2025-01-27 23:42:50,574 [ERROR] LogOutputStream:75 - [STDERR_REDIRECT] [Fatal Error] :1:1: Premature end of file.
2025-01-27 23:42:50,574 [ERROR] LogOutputStream:75 - [STDERR_REDIRECT] 
2025-01-27 23:42:51,595 [ERROR] LogOutputStream:75 - [STDERR_REDIRECT] [Fatal Error] :1:1: Premature end of file.
2025-01-27 23:42:51,595 [ERROR] LogOutputStream:75 - [STDERR_REDIRECT] 
2025-01-27 23:42:52,583 [ERROR] LogOutputStream:75 - [STDERR_REDIRECT] [Fatal Error] :1:1: Premature end of file.
2025-01-27 23:42:52,583 [ERROR] LogOutputStream:75 - [STDERR_REDIRECT] 
2025-01-27 23:42:53,596 [ERROR] LogOutputStream:75 - [STDERR_REDIRECT] [Fatal Error] :1:1: Premature end of file.
2025-01-27 23:42:53,596 [ERROR] LogOutputStream:75 - [STDERR_REDIRECT] 
2025-01-27 23:42:54,606 [ERROR] LogOutputStream:75 - [STDERR_REDIRECT] [Fatal Error] :1:1: Premature end of file.
2025-01-27 23:42:54,606 [ERROR] LogOutputStream:75 - [STDERR_REDIRECT] 
2025-01-27 23:42:55,606 [ERROR] LogOutputStream:75 - [STDERR_REDIRECT] [Fatal Error] :1:1: Premature end of file.
2025-01-27 23:42:55,606 [ERROR] LogOutputStream:75 - [STDERR_REDIRECT] 
2025-01-27 23:42:56,591 [ERROR] LogOutputStream:75 - [STDERR_REDIRECT] [Fatal Error] :1:1: Premature end of file.
2025-01-27 23:42:56,591 [ERROR] LogOutputStream:75 - [STDERR_REDIRECT] 
2025-01-27 23:42:57,585 [ERROR] LogOutputStream:75 - [STDERR_REDIRECT] [Fatal Error] :1:1: Premature end of file.
2025-01-27 23:42:57,585 [ERROR] LogOutputStream:75 - [STDERR_REDIRECT] 
2025-01-27 23:42:58,585 [ERROR] LogOutputStream:75 - [STDERR_REDIRECT] [Fatal Error] :1:1: Premature end of file.
2025-01-27 23:42:58,585 [ERROR] LogOutputStream:75 - [STDERR_REDIRECT] 
2025-01-27 23:42:59,594 [ERROR] LogOutputStream:75 - [STDERR_REDIRECT] [Fatal Error] :1:1: Premature end of file.
2025-01-27 23:42:59,594 [ERROR] LogOutputStream:75 - [STDERR_REDIRECT] 
2025-01-27 23:43:00,600 [ERROR] LogOutputStream:75 - [STDERR_REDIRECT] [Fatal Error] :1:1: Premature end of file.
2025-01-27 23:43:00,600 [ERROR] LogOutputStream:75 - [STDERR_REDIRECT] 
2025-01-27 23:43:01,584 [ERROR] LogOutputStream:75 - [STDERR_REDIRECT] [Fatal Error] :1:1: Premature end of file.
2025-01-27 23:43:01,584 [ERROR] LogOutputStream:75 - [STDERR_REDIRECT] 
2025-01-27 23:43:02,606 [ERROR] LogOutputStream:75 - [STDERR_REDIRECT] [Fatal Error] :1:1: Premature end of file.
2025-01-27 23:43:02,606 [ERROR] LogOutputStream:75 - [STDERR_REDIRECT] 
2025-01-27 23:43:03,621 [ERROR] LogOutputStream:75 - [STDERR_REDIRECT] [Fatal Error] :1:1: Premature end of file.
2025-01-27 23:43:03,623 [ERROR] LogOutputStream:75 - [STDERR_REDIRECT] 
2025-01-27 23:43:04,578 [ERROR] LogOutputStream:75 - [STDERR_REDIRECT] [Fatal Error] :1:1: Premature end of file.
2025-01-27 23:43:04,578 [ERROR] LogOutputStream:75 - [STDERR_REDIRECT] 
2025-01-27 23:43:05,579 [ERROR] LogOutputStream:75 - [STDERR_REDIRECT] [Fatal Error] :1:1: Premature end of file.
2025-01-27 23:43:05,579 [ERROR] LogOutputStream:75 - [STDERR_REDIRECT] 
2025-01-27 23:43:06,584 [ERROR] LogOutputStream:75 - [STDERR_REDIRECT] [Fatal Error] :1:1: Premature end of file.
2025-01-27 23:43:06,584 [ERROR] LogOutputStream:75 - [STDERR_REDIRECT] 
2025-01-27 23:43:07,589 [ERROR] LogOutputStream:75 - [STDERR_REDIRECT] [Fatal Error] :1:1: Premature end of file.
2025-01-27 23:43:07,589 [ERROR] LogOutputStream:75 - [STDERR_REDIRECT] 
2025-01-27 23:43:08,583 [ERROR] LogOutputStream:75 - [STDERR_REDIRECT] [Fatal Error] :1:1: Premature end of file.
2025-01-27 23:43:08,583 [ERROR] LogOutputStream:75 - [STDERR_REDIRECT] 
2025-01-27 23:43:09,621 [ERROR] LogOutputStream:75 - [STDERR_REDIRECT] [Fatal Error] :1:1: Premature end of file.
2025-01-27 23:43:09,621 [ERROR] LogOutputStream:75 - [STDERR_REDIRECT] 
2025-01-27 23:43:10,600 [ERROR] LogOutputStream:75 - [STDERR_REDIRECT] [Fatal Error] :1:1: Premature end of file.
2025-01-27 23:43:10,600 [ERROR] LogOutputStream:75 - [STDERR_REDIRECT] 
2025-01-27 23:43:11,585 [ERROR] LogOutputStream:75 - [STDERR_REDIRECT] [Fatal Error] :1:1: Premature end of file.
2025-01-27 23:43:11,585 [ERROR] LogOutputStream:75 - [STDERR_REDIRECT] 
2025-01-27 23:43:12,579 [ERROR] LogOutputStream:75 - [STDERR_REDIRECT] [Fatal Error] :1:1: Premature end of file.
2025-01-27 23:43:12,579 [ERROR] LogOutputStream:75 - [STDERR_REDIRECT] 
2025-01-27 23:43:13,588 [ERROR] LogOutputStream:75 - [STDERR_REDIRECT] [Fatal Error] :1:1: Premature end of file.
2025-01-27 23:43:13,588 [ERROR] LogOutputStream:75 - [STDERR_REDIRECT] 
2025-01-27 23:43:14,585 [ERROR] LogOutputStream:75 - [STDERR_REDIRECT] [Fatal Error] :1:1: Premature end of file.
2025-01-27 23:43:14,585 [ERROR] LogOutputStream:75 - [STDERR_REDIRECT] 
2025-01-27 23:43:15,583 [ERROR] LogOutputStream:75 - [STDERR_REDIRECT] [Fatal Error] :1:1: Premature end of file.
2025-01-27 23:43:15,583 [ERROR] LogOutputStream:75 - [STDERR_REDIRECT] 
2025-01-27 23:43:16,600 [ERROR] LogOutputStream:75 - [STDERR_REDIRECT] [Fatal Error] :1:1: Premature end of file.
2025-01-27 23:43:16,600 [ERROR] LogOutputStream:75 - [STDERR_REDIRECT] 
2025-01-27 23:43:17,579 [ERROR] LogOutputStream:75 - [STDERR_REDIRECT] [Fatal Error] :1:1: Premature end of file.
2025-01-27 23:43:17,579 [ERROR] LogOutputStream:75 - [STDERR_REDIRECT] 
2025-01-27 23:43:18,601 [ERROR] LogOutputStream:75 - [STDERR_REDIRECT] [Fatal Error] :1:1: Premature end of file.
2025-01-27 23:43:18,601 [ERROR] LogOutputStream:75 - [STDERR_REDIRECT] 
2025-01-27 23:43:19,583 [ERROR] LogOutputStream:75 - [STDERR_REDIRECT] [Fatal Error] :1:1: Premature end of file.
2025-01-27 23:43:19,583 [ERROR] LogOutputStream:75 - [STDERR_REDIRECT] 
2025-01-27 23:43:20,597 [ERROR] LogOutputStream:75 - [STDERR_REDIRECT] [Fatal Error] :1:1: Premature end of file.
2025-01-27 23:43:20,597 [ERROR] LogOutputStream:75 - [STDERR_REDIRECT] 
2025-01-27 23:43:21,603 [ERROR] LogOutputStream:75 - [STDERR_REDIRECT] [Fatal Error] :1:1: Premature end of file.
2025-01-27 23:43:21,603 [ERROR] LogOutputStream:75 - [STDERR_REDIRECT] 
2025-01-27 23:43:22,597 [ERROR] LogOutputStream:75 - [STDERR_REDIRECT] [Fatal Error] :1:1: Premature end of file.
2025-01-27 23:43:22,597 [ERROR] LogOutputStream:75 - [STDERR_REDIRECT] 
2025-01-27 23:43:23,575 [ERROR] LogOutputStream:75 - [STDERR_REDIRECT] [Fatal Error] :1:1: Premature end of file.
2025-01-27 23:43:23,575 [ERROR] LogOutputStream:75 - [STDERR_REDIRECT] 
2025-01-27 23:43:24,589 [ERROR] LogOutputStream:75 - [STDERR_REDIRECT] [Fatal Error] :1:1: Premature end of file.
2025-01-27 23:43:24,589 [ERROR] LogOutputStream:75 - [STDERR_REDIRECT] 
2025-01-27 23:43:25,599 [ERROR] LogOutputStream:75 - [STDERR_REDIRECT] [Fatal Error] :1:1: Premature end of file.
2025-01-27 23:43:25,599 [ERROR] LogOutputStream:75 - [STDERR_REDIRECT] 
2025-01-27 23:43:26,602 [ERROR] LogOutputStream:75 - [STDERR_REDIRECT] [Fatal Error] :1:1: Premature end of file.
2025-01-27 23:43:26,602 [ERROR] LogOutputStream:75 - [STDERR_REDIRECT] 
2025-01-27 23:43:27,590 [ERROR] LogOutputStream:75 - [STDERR_REDIRECT] [Fatal Error] :1:1: Premature end of file.
2025-01-27 23:43:27,590 [ERROR] LogOutputStream:75 - [STDERR_REDIRECT] 
2025-01-27 23:43:28,588 [ERROR] LogOutputStream:75 - [STDERR_REDIRECT] [Fatal Error] :1:1: Premature end of file.
2025-01-27 23:43:28,588 [ERROR] LogOutputStream:75 - [STDERR_REDIRECT] 
2025-01-27 23:43:29,593 [ERROR] LogOutputStream:75 - [STDERR_REDIRECT] [Fatal Error] :1:1: Premature end of file.
2025-01-27 23:43:29,593 [ERROR] LogOutputStream:75 - [STDERR_REDIRECT] 
2025-01-27 23:43:30,586 [ERROR] LogOutputStream:75 - [STDERR_REDIRECT] [Fatal Error] :1:1: Premature end of file.
2025-01-27 23:43:30,586 [ERROR] LogOutputStream:75 - [STDERR_REDIRECT] 
2025-01-27 23:43:31,590 [ERROR] LogOutputStream:75 - [STDERR_REDIRECT] [Fatal Error] :1:1: Premature end of file.
2025-01-27 23:43:31,590 [ERROR] LogOutputStream:75 - [STDERR_REDIRECT] 
2025-01-27 23:43:32,587 [ERROR] LogOutputStream:75 - [STDERR_REDIRECT] [Fatal Error] :1:1: Premature end of file.
2025-01-27 23:43:32,587 [ERROR] LogOutputStream:75 - [STDERR_REDIRECT] 
2025-01-27 23:43:33,589 [ERROR] LogOutputStream:75 - [STDERR_REDIRECT] [Fatal Error] :1:1: Premature end of file.
2025-01-27 23:43:33,589 [ERROR] LogOutputStream:75 - [STDERR_REDIRECT] 
2025-01-27 23:43:34,588 [ERROR] LogOutputStream:75 - [STDERR_REDIRECT] [Fatal Error] :1:1: Premature end of file.
2025-01-27 23:43:34,588 [ERROR] LogOutputStream:75 - [STDERR_REDIRECT] 
2025-01-27 23:43:35,604 [ERROR] LogOutputStream:75 - [STDERR_REDIRECT] [Fatal Error] :1:1: Premature end of file.
2025-01-27 23:43:35,604 [ERROR] LogOutputStream:75 - [STDERR_REDIRECT] 
2025-01-27 23:43:36,587 [ERROR] LogOutputStream:75 - [STDERR_REDIRECT] [Fatal Error] :1:1: Premature end of file.
2025-01-27 23:43:36,587 [ERROR] LogOutputStream:75 - [STDERR_REDIRECT] 
2025-01-27 23:43:37,589 [ERROR] LogOutputStream:75 - [STDERR_REDIRECT] [Fatal Error] :1:1: Premature end of file.
2025-01-27 23:43:37,589 [ERROR] LogOutputStream:75 - [STDERR_REDIRECT] 
2025-01-27 23:43:38,619 [ERROR] LogOutputStream:75 - [STDERR_REDIRECT] [Fatal Error] :1:1: Premature end of file.
2025-01-27 23:43:38,619 [ERROR] LogOutputStream:75 - [STDERR_REDIRECT] 
2025-01-27 23:43:39,589 [ERROR] LogOutputStream:75 - [STDERR_REDIRECT] [Fatal Error] :1:1: Premature end of file.
2025-01-27 23:43:39,589 [ERROR] LogOutputStream:75 - [STDERR_REDIRECT] 
2025-01-27 23:43:40,589 [ERROR] LogOutputStream:75 - [STDERR_REDIRECT] [Fatal Error] :1:1: Premature end of file.
2025-01-27 23:43:40,589 [ERROR] LogOutputStream:75 - [STDERR_REDIRECT] 
2025-01-27 23:43:41,589 [ERROR] LogOutputStream:75 - [STDERR_REDIRECT] [Fatal Error] :1:1: Premature end of file.
2025-01-27 23:43:41,589 [ERROR] LogOutputStream:75 - [STDERR_REDIRECT] 
2025-01-27 23:43:42,593 [ERROR] LogOutputStream:75 - [STDERR_REDIRECT] [Fatal Error] :1:1: Premature end of file.
2025-01-27 23:43:42,593 [ERROR] LogOutputStream:75 - [STDERR_REDIRECT] 
2025-01-27 23:43:43,598 [ERROR] LogOutputStream:75 - [STDERR_REDIRECT] [Fatal Error] :1:1: Premature end of file.
2025-01-27 23:43:43,598 [ERROR] LogOutputStream:75 - [STDERR_REDIRECT] 
2025-01-27 23:43:44,592 [ERROR] LogOutputStream:75 - [STDERR_REDIRECT] [Fatal Error] :1:1: Premature end of file.
2025-01-27 23:43:44,592 [ERROR] LogOutputStream:75 - [STDERR_REDIRECT] 
2025-01-27 23:43:45,589 [ERROR] LogOutputStream:75 - [STDERR_REDIRECT] [Fatal Error] :1:1: Premature end of file.
2025-01-27 23:43:45,589 [ERROR] LogOutputStream:75 - [STDERR_REDIRECT] 
2025-01-27 23:43:46,600 [ERROR] LogOutputStream:75 - [STDERR_REDIRECT] [Fatal Error] :1:1: Premature end of file.
2025-01-27 23:43:46,600 [ERROR] LogOutputStream:75 - [STDERR_REDIRECT] 
2025-01-27 23:43:47,595 [ERROR] LogOutputStream:75 - [STDERR_REDIRECT] [Fatal Error] :1:1: Premature end of file.
2025-01-27 23:43:47,595 [ERROR] LogOutputStream:75 - [STDERR_REDIRECT] 
2025-01-27 23:43:48,586 [ERROR] LogOutputStream:75 - [STDERR_REDIRECT] [Fatal Error] :1:1: Premature end of file.
2025-01-27 23:43:48,586 [ERROR] LogOutputStream:75 - [STDERR_REDIRECT] 
2025-01-27 23:43:49,597 [ERROR] LogOutputStream:75 - [STDERR_REDIRECT] [Fatal Error] :1:1: Premature end of file.
2025-01-27 23:43:49,597 [ERROR] LogOutputStream:75 - [STDERR_REDIRECT] 
2025-01-27 23:43:50,608 [ERROR] LogOutputStream:75 - [STDERR_REDIRECT] [Fatal Error] :1:1: Premature end of file.
2025-01-27 23:43:50,608 [ERROR] LogOutputStream:75 - [STDERR_REDIRECT] 
2025-01-27 23:43:51,593 [ERROR] LogOutputStream:75 - [STDERR_REDIRECT] [Fatal Error] :1:1: Premature end of file.
2025-01-27 23:43:51,594 [ERROR] LogOutputStream:75 - [STDERR_REDIRECT] 
2025-01-27 23:43:52,597 [ERROR] LogOutputStream:75 - [STDERR_REDIRECT] [Fatal Error] :1:1: Premature end of file.
2025-01-27 23:43:52,597 [ERROR] LogOutputStream:75 - [STDERR_REDIRECT] 
2025-01-27 23:43:53,588 [ERROR] LogOutputStream:75 - [STDERR_REDIRECT] [Fatal Error] :1:1: Premature end of file.
2025-01-27 23:43:53,588 [ERROR] LogOutputStream:75 - [STDERR_REDIRECT] 
2025-01-27 23:43:54,587 [ERROR] LogOutputStream:75 - [STDERR_REDIRECT] [Fatal Error] :1:1: Premature end of file.
2025-01-27 23:43:54,587 [ERROR] LogOutputStream:75 - [STDERR_REDIRECT] 
2025-01-27 23:43:55,592 [ERROR] LogOutputStream:75 - [STDERR_REDIRECT] [Fatal Error] :1:1: Premature end of file.
2025-01-27 23:43:55,592 [ERROR] LogOutputStream:75 - [STDERR_REDIRECT] 
2025-01-27 23:43:56,592 [ERROR] LogOutputStream:75 - [STDERR_REDIRECT] [Fatal Error] :1:1: Premature end of file.
2025-01-27 23:43:56,592 [ERROR] LogOutputStream:75 - [STDERR_REDIRECT] 
2025-01-27 23:43:57,609 [ERROR] LogOutputStream:75 - [STDERR_REDIRECT] [Fatal Error] :1:1: Premature end of file.
2025-01-27 23:43:57,609 [ERROR] LogOutputStream:75 - [STDERR_REDIRECT] 
2025-01-27 23:43:58,595 [ERROR] LogOutputStream:75 - [STDERR_REDIRECT] [Fatal Error] :1:1: Premature end of file.
2025-01-27 23:43:58,595 [ERROR] LogOutputStream:75 - [STDERR_REDIRECT] 
2025-01-27 23:43:59,594 [ERROR] LogOutputStream:75 - [STDERR_REDIRECT] [Fatal Error] :1:1: Premature end of file.
2025-01-27 23:43:59,594 [ERROR] LogOutputStream:75 - [STDERR_REDIRECT] 
2025-01-27 23:44:00,606 [ERROR] LogOutputStream:75 - [STDERR_REDIRECT] [Fatal Error] :1:1: Premature end of file.
2025-01-27 23:44:00,606 [ERROR] LogOutputStream:75 - [STDERR_REDIRECT] 
2025-01-27 23:44:01,603 [ERROR] LogOutputStream:75 - [STDERR_REDIRECT] [Fatal Error] :1:1: Premature end of file.
2025-01-27 23:44:01,603 [ERROR] LogOutputStream:75 - [STDERR_REDIRECT] 
2025-01-27 23:44:02,597 [ERROR] LogOutputStream:75 - [STDERR_REDIRECT] [Fatal Error] :1:1: Premature end of file.
2025-01-27 23:44:02,597 [ERROR] LogOutputStream:75 - [STDERR_REDIRECT] 
2025-01-27 23:44:03,590 [ERROR] LogOutputStream:75 - [STDERR_REDIRECT] [Fatal Error] :1:1: Premature end of file.
2025-01-27 23:44:03,590 [ERROR] LogOutputStream:75 - [STDERR_REDIRECT] 
2025-01-27 23:44:04,589 [ERROR] LogOutputStream:75 - [STDERR_REDIRECT] [Fatal Error] :1:1: Premature end of file.
2025-01-27 23:44:04,589 [ERROR] LogOutputStream:75 - [STDERR_REDIRECT] 
2025-01-27 23:44:05,598 [ERROR] LogOutputStream:75 - [STDERR_REDIRECT] [Fatal Error] :1:1: Premature end of file.
2025-01-27 23:44:05,598 [ERROR] LogOutputStream:75 - [STDERR_REDIRECT] 
2025-01-27 23:44:06,592 [ERROR] LogOutputStream:75 - [STDERR_REDIRECT] [Fatal Error] :1:1: Premature end of file.
2025-01-27 23:44:06,592 [ERROR] LogOutputStream:75 - [STDERR_REDIRECT] 
2025-01-27 23:44:07,597 [ERROR] LogOutputStream:75 - [STDERR_REDIRECT] [Fatal Error] :1:1: Premature end of file.
2025-01-27 23:44:07,597 [ERROR] LogOutputStream:75 - [STDERR_REDIRECT] 
2025-01-27 23:44:08,597 [ERROR] LogOutputStream:75 - [STDERR_REDIRECT] [Fatal Error] :1:1: Premature end of file.
2025-01-27 23:44:08,597 [ERROR] LogOutputStream:75 - [STDERR_REDIRECT] 
2025-01-27 23:44:09,593 [ERROR] LogOutputStream:75 - [STDERR_REDIRECT] [Fatal Error] :1:1: Premature end of file.
2025-01-27 23:44:09,593 [ERROR] LogOutputStream:75 - [STDERR_REDIRECT] 
2025-01-27 23:44:10,594 [ERROR] LogOutputStream:75 - [STDERR_REDIRECT] [Fatal Error] :1:1: Premature end of file.
2025-01-27 23:44:10,595 [ERROR] LogOutputStream:75 - [STDERR_REDIRECT] 
2025-01-27 23:44:11,600 [ERROR] LogOutputStream:75 - [STDERR_REDIRECT] [Fatal Error] :1:1: Premature end of file.
2025-01-27 23:44:11,600 [ERROR] LogOutputStream:75 - [STDERR_REDIRECT] 
2025-01-27 23:44:12,588 [ERROR] LogOutputStream:75 - [STDERR_REDIRECT] [Fatal Error] :1:1: Premature end of file.
2025-01-27 23:44:12,588 [ERROR] LogOutputStream:75 - [STDERR_REDIRECT] 
2025-01-27 23:44:13,595 [ERROR] LogOutputStream:75 - [STDERR_REDIRECT] [Fatal Error] :1:1: Premature end of file.
2025-01-27 23:44:13,595 [ERROR] LogOutputStream:75 - [STDERR_REDIRECT] 
2025-01-27 23:44:14,606 [ERROR] LogOutputStream:75 - [STDERR_REDIRECT] [Fatal Error] :1:1: Premature end of file.
2025-01-27 23:44:14,606 [ERROR] LogOutputStream:75 - [STDERR_REDIRECT] 
2025-01-27 23:44:15,587 [ERROR] LogOutputStream:75 - [STDERR_REDIRECT] [Fatal Error] :1:1: Premature end of file.
2025-01-27 23:44:15,587 [ERROR] LogOutputStream:75 - [STDERR_REDIRECT] 
2025-01-27 23:44:16,601 [ERROR] LogOutputStream:75 - [STDERR_REDIRECT] [Fatal Error] :1:1: Premature end of file.
2025-01-27 23:44:16,601 [ERROR] LogOutputStream:75 - [STDERR_REDIRECT] 
2025-01-27 23:44:17,580 [ERROR] LogOutputStream:75 - [STDERR_REDIRECT] [Fatal Error] :1:1: Premature end of file.
2025-01-27 23:44:17,580 [ERROR] LogOutputStream:75 - [STDERR_REDIRECT] 
2025-01-27 23:44:18,591 [ERROR] LogOutputStream:75 - [STDERR_REDIRECT] [Fatal Error] :1:1: Premature end of file.
2025-01-27 23:44:18,591 [ERROR] LogOutputStream:75 - [STDERR_REDIRECT] 
2025-01-27 23:44:19,583 [ERROR] LogOutputStream:75 - [STDERR_REDIRECT] [Fatal Error] :1:1: Premature end of file.
2025-01-27 23:44:19,583 [ERROR] LogOutputStream:75 - [STDERR_REDIRECT] 
2025-01-27 23:44:20,588 [ERROR] LogOutputStream:75 - [STDERR_REDIRECT] [Fatal Error] :1:1: Premature end of file.
2025-01-27 23:44:20,588 [ERROR] LogOutputStream:75 - [STDERR_REDIRECT] 
2025-01-27 23:44:21,586 [ERROR] LogOutputStream:75 - [STDERR_REDIRECT] [Fatal Error] :1:1: Premature end of file.
2025-01-27 23:44:21,586 [ERROR] LogOutputStream:75 - [STDERR_REDIRECT] 
2025-01-27 23:44:22,587 [ERROR] LogOutputStream:75 - [STDERR_REDIRECT] [Fatal Error] :1:1: Premature end of file.
2025-01-27 23:44:22,587 [ERROR] LogOutputStream:75 - [STDERR_REDIRECT] 
2025-01-27 23:44:23,595 [ERROR] LogOutputStream:75 - [STDERR_REDIRECT] [Fatal Error] :1:1: Premature end of file.
2025-01-27 23:44:23,595 [ERROR] LogOutputStream:75 - [STDERR_REDIRECT] 
2025-01-27 23:44:24,583 [ERROR] LogOutputStream:75 - [STDERR_REDIRECT] [Fatal Error] :1:1: Premature end of file.
2025-01-27 23:44:24,583 [ERROR] LogOutputStream:75 - [STDERR_REDIRECT] 
2025-01-27 23:44:25,590 [ERROR] LogOutputStream:75 - [STDERR_REDIRECT] [Fatal Error] :1:1: Premature end of file.
2025-01-27 23:44:25,590 [ERROR] LogOutputStream:75 - [STDERR_REDIRECT] 
2025-01-27 23:44:26,591 [ERROR] LogOutputStream:75 - [STDERR_REDIRECT] [Fatal Error] :1:1: Premature end of file.
2025-01-27 23:44:26,591 [ERROR] LogOutputStream:75 - [STDERR_REDIRECT] 
2025-01-27 23:44:27,582 [ERROR] LogOutputStream:75 - [STDERR_REDIRECT] [Fatal Error] :1:1: Premature end of file.
2025-01-27 23:44:27,582 [ERROR] LogOutputStream:75 - [STDERR_REDIRECT] 
2025-01-27 23:44:28,591 [ERROR] LogOutputStream:75 - [STDERR_REDIRECT] [Fatal Error] :1:1: Premature end of file.
2025-01-27 23:44:28,591 [ERROR] LogOutputStream:75 - [STDERR_REDIRECT] 
2025-01-27 23:44:29,590 [ERROR] LogOutputStream:75 - [STDERR_REDIRECT] [Fatal Error] :1:1: Premature end of file.
2025-01-27 23:44:29,590 [ERROR] LogOutputStream:75 - [STDERR_REDIRECT] 
2025-01-27 23:44:30,585 [ERROR] LogOutputStream:75 - [STDERR_REDIRECT] [Fatal Error] :1:1: Premature end of file.
2025-01-27 23:44:30,585 [ERROR] LogOutputStream:75 - [STDERR_REDIRECT] 
2025-01-27 23:44:31,614 [ERROR] LogOutputStream:75 - [STDERR_REDIRECT] [Fatal Error] :1:1: Premature end of file.
2025-01-27 23:44:31,614 [ERROR] LogOutputStream:75 - [STDERR_REDIRECT] 
2025-01-27 23:44:32,587 [ERROR] LogOutputStream:75 - [STDERR_REDIRECT] [Fatal Error] :1:1: Premature end of file.
2025-01-27 23:44:32,587 [ERROR] LogOutputStream:75 - [STDERR_REDIRECT] 
2025-01-27 23:44:33,581 [ERROR] LogOutputStream:75 - [STDERR_REDIRECT] [Fatal Error] :1:1: Premature end of file.
2025-01-27 23:44:33,581 [ERROR] LogOutputStream:75 - [STDERR_REDIRECT] 
2025-01-27 23:44:34,600 [ERROR] LogOutputStream:75 - [STDERR_REDIRECT] [Fatal Error] :1:1: Premature end of file.
2025-01-27 23:44:34,600 [ERROR] LogOutputStream:75 - [STDERR_REDIRECT] 
2025-01-27 23:44:35,601 [ERROR] LogOutputStream:75 - [STDERR_REDIRECT] [Fatal Error] :1:1: Premature end of file.
2025-01-27 23:44:35,601 [ERROR] LogOutputStream:75 - [STDERR_REDIRECT] 
2025-01-27 23:44:36,587 [ERROR] LogOutputStream:75 - [STDERR_REDIRECT] [Fatal Error] :1:1: Premature end of file.
2025-01-27 23:44:36,588 [ERROR] LogOutputStream:75 - [STDERR_REDIRECT] 
2025-01-27 23:44:37,607 [ERROR] LogOutputStream:75 - [STDERR_REDIRECT] [Fatal Error] :1:1: Premature end of file.
2025-01-27 23:44:37,607 [ERROR] LogOutputStream:75 - [STDERR_REDIRECT] 
2025-01-27 23:44:38,600 [ERROR] LogOutputStream:75 - [STDERR_REDIRECT] [Fatal Error] :1:1: Premature end of file.
2025-01-27 23:44:38,600 [ERROR] LogOutputStream:75 - [STDERR_REDIRECT] 
2025-01-27 23:44:39,586 [ERROR] LogOutputStream:75 - [STDERR_REDIRECT] [Fatal Error] :1:1: Premature end of file.
2025-01-27 23:44:39,586 [ERROR] LogOutputStream:75 - [STDERR_REDIRECT] 
2025-01-27 23:44:40,591 [ERROR] LogOutputStream:75 - [STDERR_REDIRECT] [Fatal Error] :1:1: Premature end of file.
2025-01-27 23:44:40,591 [ERROR] LogOutputStream:75 - [STDERR_REDIRECT] 
2025-01-27 23:44:41,605 [ERROR] LogOutputStream:75 - [STDERR_REDIRECT] [Fatal Error] :1:1: Premature end of file.
2025-01-27 23:44:41,605 [ERROR] LogOutputStream:75 - [STDERR_REDIRECT] 
2025-01-27 23:44:42,573 [ERROR] LogOutputStream:75 - [STDERR_REDIRECT] [Fatal Error] :1:1: Premature end of file.
2025-01-27 23:44:42,573 [ERROR] LogOutputStream:75 - [STDERR_REDIRECT] 
2025-01-27 23:44:43,591 [ERROR] LogOutputStream:75 - [STDERR_REDIRECT] [Fatal Error] :1:1: Premature end of file.
2025-01-27 23:44:43,591 [ERROR] LogOutputStream:75 - [STDERR_REDIRECT] 
2025-01-27 23:44:44,598 [ERROR] LogOutputStream:75 - [STDERR_REDIRECT] [Fatal Error] :1:1: Premature end of file.
2025-01-27 23:44:44,598 [ERROR] LogOutputStream:75 - [STDERR_REDIRECT] 
2025-01-27 23:44:45,578 [ERROR] LogOutputStream:75 - [STDERR_REDIRECT] [Fatal Error] :1:1: Premature end of file.
2025-01-27 23:44:45,578 [ERROR] LogOutputStream:75 - [STDERR_REDIRECT] 
2025-01-27 23:44:46,576 [ERROR] LogOutputStream:75 - [STDERR_REDIRECT] [Fatal Error] :1:1: Premature end of file.
2025-01-27 23:44:46,576 [ERROR] LogOutputStream:75 - [STDERR_REDIRECT] 
2025-01-27 23:44:47,592 [ERROR] LogOutputStream:75 - [STDERR_REDIRECT] [Fatal Error] :1:1: Premature end of file.
2025-01-27 23:44:47,592 [ERROR] LogOutputStream:75 - [STDERR_REDIRECT] 
2025-01-27 23:44:48,589 [ERROR] LogOutputStream:75 - [STDERR_REDIRECT] [Fatal Error] :1:1: Premature end of file.
2025-01-27 23:44:48,589 [ERROR] LogOutputStream:75 - [STDERR_REDIRECT] 
2025-01-27 23:44:49,599 [ERROR] LogOutputStream:75 - [STDERR_REDIRECT] [Fatal Error] :1:1: Premature end of file.
2025-01-27 23:44:49,599 [ERROR] LogOutputStream:75 - [STDERR_REDIRECT] 
2025-01-27 23:44:50,607 [ERROR] LogOutputStream:75 - [STDERR_REDIRECT] [Fatal Error] :1:1: Premature end of file.
2025-01-27 23:44:50,607 [ERROR] LogOutputStream:75 - [STDERR_REDIRECT] 
2025-01-27 23:44:51,598 [ERROR] LogOutputStream:75 - [STDERR_REDIRECT] [Fatal Error] :1:1: Premature end of file.
2025-01-27 23:44:51,598 [ERROR] LogOutputStream:75 - [STDERR_REDIRECT] 
2025-01-27 23:44:52,602 [ERROR] LogOutputStream:75 - [STDERR_REDIRECT] [Fatal Error] :1:1: Premature end of file.
2025-01-27 23:44:52,602 [ERROR] LogOutputStream:75 - [STDERR_REDIRECT] 
2025-01-27 23:44:53,584 [ERROR] LogOutputStream:75 - [STDERR_REDIRECT] [Fatal Error] :1:1: Premature end of file.
2025-01-27 23:44:53,584 [ERROR] LogOutputStream:75 - [STDERR_REDIRECT] 
2025-01-27 23:44:54,603 [ERROR] LogOutputStream:75 - [STDERR_REDIRECT] [Fatal Error] :1:1: Premature end of file.
2025-01-27 23:44:54,603 [ERROR] LogOutputStream:75 - [STDERR_REDIRECT] 
2025-01-27 23:44:55,596 [ERROR] LogOutputStream:75 - [STDERR_REDIRECT] [Fatal Error] :1:1: Premature end of file.
2025-01-27 23:44:55,596 [ERROR] LogOutputStream:75 - [STDERR_REDIRECT] 
2025-01-27 23:44:56,605 [ERROR] LogOutputStream:75 - [STDERR_REDIRECT] [Fatal Error] :1:1: Premature end of file.
2025-01-27 23:44:56,605 [ERROR] LogOutputStream:75 - [STDERR_REDIRECT] 
2025-01-27 23:44:57,587 [ERROR] LogOutputStream:75 - [STDERR_REDIRECT] [Fatal Error] :1:1: Premature end of file.
2025-01-27 23:44:57,587 [ERROR] LogOutputStream:75 - [STDERR_REDIRECT] 
2025-01-27 23:44:58,598 [ERROR] LogOutputStream:75 - [STDERR_REDIRECT] [Fatal Error] :1:1: Premature end of file.
2025-01-27 23:44:58,598 [ERROR] LogOutputStream:75 - [STDERR_REDIRECT] 
2025-01-27 23:44:59,596 [ERROR] LogOutputStream:75 - [STDERR_REDIRECT] [Fatal Error] :1:1: Premature end of file.
2025-01-27 23:44:59,598 [ERROR] LogOutputStream:75 - [STDERR_REDIRECT] 
2025-01-27 23:45:00,590 [ERROR] LogOutputStream:75 - [STDERR_REDIRECT] [Fatal Error] :1:1: Premature end of file.
2025-01-27 23:45:00,590 [ERROR] LogOutputStream:75 - [STDERR_REDIRECT] 
2025-01-27 23:45:01,584 [ERROR] LogOutputStream:75 - [STDERR_REDIRECT] [Fatal Error] :1:1: Premature end of file.
2025-01-27 23:45:01,584 [ERROR] LogOutputStream:75 - [STDERR_REDIRECT] 
2025-01-27 23:45:02,587 [ERROR] LogOutputStream:75 - [STDERR_REDIRECT] [Fatal Error] :1:1: Premature end of file.
2025-01-27 23:45:02,587 [ERROR] LogOutputStream:75 - [STDERR_REDIRECT] 
2025-01-27 23:45:03,583 [ERROR] LogOutputStream:75 - [STDERR_REDIRECT] [Fatal Error] :1:1: Premature end of file.
2025-01-27 23:45:03,583 [ERROR] LogOutputStream:75 - [STDERR_REDIRECT] 
2025-01-27 23:45:04,580 [ERROR] LogOutputStream:75 - [STDERR_REDIRECT] [Fatal Error] :1:1: Premature end of file.
2025-01-27 23:45:04,580 [ERROR] LogOutputStream:75 - [STDERR_REDIRECT] 
2025-01-27 23:45:05,584 [ERROR] LogOutputStream:75 - [STDERR_REDIRECT] [Fatal Error] :1:1: Premature end of file.
2025-01-27 23:45:05,584 [ERROR] LogOutputStream:75 - [STDERR_REDIRECT] 
2025-01-27 23:45:06,579 [ERROR] LogOutputStream:75 - [STDERR_REDIRECT] [Fatal Error] :1:1: Premature end of file.
2025-01-27 23:45:06,579 [ERROR] LogOutputStream:75 - [STDERR_REDIRECT] 
2025-01-27 23:45:07,574 [ERROR] LogOutputStream:75 - [STDERR_REDIRECT] [Fatal Error] :1:1: Premature end of file.
2025-01-27 23:45:07,576 [ERROR] LogOutputStream:75 - [STDERR_REDIRECT] 
2025-01-27 23:45:08,592 [ERROR] LogOutputStream:75 - [STDERR_REDIRECT] [Fatal Error] :1:1: Premature end of file.
2025-01-27 23:45:08,592 [ERROR] LogOutputStream:75 - [STDERR_REDIRECT] 
2025-01-27 23:45:09,602 [ERROR] LogOutputStream:75 - [STDERR_REDIRECT] [Fatal Error] :1:1: Premature end of file.
2025-01-27 23:45:09,602 [ERROR] LogOutputStream:75 - [STDERR_REDIRECT] 
2025-01-27 23:45:10,602 [ERROR] LogOutputStream:75 - [STDERR_REDIRECT] [Fatal Error] :1:1: Premature end of file.
2025-01-27 23:45:10,602 [ERROR] LogOutputStream:75 - [STDERR_REDIRECT] 
2025-01-27 23:45:11,587 [ERROR] LogOutputStream:75 - [STDERR_REDIRECT] [Fatal Error] :1:1: Premature end of file.
2025-01-27 23:45:11,587 [ERROR] LogOutputStream:75 - [STDERR_REDIRECT] 
2025-01-27 23:45:12,587 [ERROR] LogOutputStream:75 - [STDERR_REDIRECT] [Fatal Error] :1:1: Premature end of file.
2025-01-27 23:45:12,587 [ERROR] LogOutputStream:75 - [STDERR_REDIRECT] 
2025-01-27 23:45:13,581 [ERROR] LogOutputStream:75 - [STDERR_REDIRECT] [Fatal Error] :1:1: Premature end of file.
2025-01-27 23:45:13,581 [ERROR] LogOutputStream:75 - [STDERR_REDIRECT] 
2025-01-27 23:45:14,590 [ERROR] LogOutputStream:75 - [STDERR_REDIRECT] [Fatal Error] :1:1: Premature end of file.
2025-01-27 23:45:14,590 [ERROR] LogOutputStream:75 - [STDERR_REDIRECT] 
2025-01-27 23:45:15,589 [ERROR] LogOutputStream:75 - [STDERR_REDIRECT] [Fatal Error] :1:1: Premature end of file.
2025-01-27 23:45:15,589 [ERROR] LogOutputStream:75 - [STDERR_REDIRECT] 
2025-01-27 23:45:16,592 [ERROR] LogOutputStream:75 - [STDERR_REDIRECT] [Fatal Error] :1:1: Premature end of file.
2025-01-27 23:45:16,592 [ERROR] LogOutputStream:75 - [STDERR_REDIRECT] 
2025-01-27 23:45:17,601 [ERROR] LogOutputStream:75 - [STDERR_REDIRECT] [Fatal Error] :1:1: Premature end of file.
2025-01-27 23:45:17,601 [ERROR] LogOutputStream:75 - [STDERR_REDIRECT] 
2025-01-27 23:45:18,629 [ERROR] LogOutputStream:75 - [STDERR_REDIRECT] [Fatal Error] :1:1: Premature end of file.
2025-01-27 23:45:18,629 [ERROR] LogOutputStream:75 - [STDERR_REDIRECT] 
2025-01-27 23:45:19,582 [ERROR] LogOutputStream:75 - [STDERR_REDIRECT] [Fatal Error] :1:1: Premature end of file.
2025-01-27 23:45:19,582 [ERROR] LogOutputStream:75 - [STDERR_REDIRECT] 
2025-01-27 23:45:20,595 [ERROR] LogOutputStream:75 - [STDERR_REDIRECT] [Fatal Error] :1:1: Premature end of file.
2025-01-27 23:45:20,595 [ERROR] LogOutputStream:75 - [STDERR_REDIRECT] 
2025-01-27 23:45:21,599 [ERROR] LogOutputStream:75 - [STDERR_REDIRECT] [Fatal Error] :1:1: Premature end of file.
2025-01-27 23:45:21,599 [ERROR] LogOutputStream:75 - [STDERR_REDIRECT] 
2025-01-27 23:45:22,596 [ERROR] LogOutputStream:75 - [STDERR_REDIRECT] [Fatal Error] :1:1: Premature end of file.
2025-01-27 23:45:22,596 [ERROR] LogOutputStream:75 - [STDERR_REDIRECT] 
2025-01-27 23:45:23,593 [ERROR] LogOutputStream:75 - [STDERR_REDIRECT] [Fatal Error] :1:1: Premature end of file.
2025-01-27 23:45:23,593 [ERROR] LogOutputStream:75 - [STDERR_REDIRECT] 
2025-01-27 23:45:24,590 [ERROR] LogOutputStream:75 - [STDERR_REDIRECT] [Fatal Error] :1:1: Premature end of file.
2025-01-27 23:45:24,590 [ERROR] LogOutputStream:75 - [STDERR_REDIRECT] 
2025-01-27 23:45:25,576 [ERROR] LogOutputStream:75 - [STDERR_REDIRECT] [Fatal Error] :1:1: Premature end of file.
2025-01-27 23:45:25,576 [ERROR] LogOutputStream:75 - [STDERR_REDIRECT] 
2025-01-27 23:45:26,612 [ERROR] LogOutputStream:75 - [STDERR_REDIRECT] [Fatal Error] :1:1: Premature end of file.
2025-01-27 23:45:26,612 [ERROR] LogOutputStream:75 - [STDERR_REDIRECT] 
2025-01-27 23:45:27,589 [ERROR] LogOutputStream:75 - [STDERR_REDIRECT] [Fatal Error] :1:1: Premature end of file.
2025-01-27 23:45:27,589 [ERROR] LogOutputStream:75 - [STDERR_REDIRECT] 
2025-01-27 23:45:28,588 [ERROR] LogOutputStream:75 - [STDERR_REDIRECT] [Fatal Error] :1:1: Premature end of file.
2025-01-27 23:45:28,588 [ERROR] LogOutputStream:75 - [STDERR_REDIRECT] 
2025-01-27 23:45:29,577 [ERROR] LogOutputStream:75 - [STDERR_REDIRECT] [Fatal Error] :1:1: Premature end of file.
2025-01-27 23:45:29,577 [ERROR] LogOutputStream:75 - [STDERR_REDIRECT] 
2025-01-27 23:45:30,583 [ERROR] LogOutputStream:75 - [STDERR_REDIRECT] [Fatal Error] :1:1: Premature end of file.
2025-01-27 23:45:30,583 [ERROR] LogOutputStream:75 - [STDERR_REDIRECT] 
2025-01-27 23:45:31,577 [ERROR] LogOutputStream:75 - [STDERR_REDIRECT] [Fatal Error] :1:1: Premature end of file.
2025-01-27 23:45:31,577 [ERROR] LogOutputStream:75 - [STDERR_REDIRECT] 
2025-01-27 23:45:32,596 [ERROR] LogOutputStream:75 - [STDERR_REDIRECT] [Fatal Error] :1:1: Premature end of file.
2025-01-27 23:45:32,597 [ERROR] LogOutputStream:75 - [STDERR_REDIRECT] 
2025-01-27 23:45:33,589 [ERROR] LogOutputStream:75 - [STDERR_REDIRECT] [Fatal Error] :1:1: Premature end of file.
2025-01-27 23:45:33,590 [ERROR] LogOutputStream:75 - [STDERR_REDIRECT] 
2025-01-27 23:45:34,598 [ERROR] LogOutputStream:75 - [STDERR_REDIRECT] [Fatal Error] :1:1: Premature end of file.
2025-01-27 23:45:34,598 [ERROR] LogOutputStream:75 - [STDERR_REDIRECT] 
2025-01-27 23:45:35,593 [ERROR] LogOutputStream:75 - [STDERR_REDIRECT] [Fatal Error] :1:1: Premature end of file.
2025-01-27 23:45:35,593 [ERROR] LogOutputStream:75 - [STDERR_REDIRECT] 
2025-01-27 23:45:36,585 [ERROR] LogOutputStream:75 - [STDERR_REDIRECT] [Fatal Error] :1:1: Premature end of file.
2025-01-27 23:45:36,585 [ERROR] LogOutputStream:75 - [STDERR_REDIRECT] 
2025-01-27 23:45:37,610 [ERROR] LogOutputStream:75 - [STDERR_REDIRECT] [Fatal Error] :1:1: Premature end of file.
2025-01-27 23:45:37,610 [ERROR] LogOutputStream:75 - [STDERR_REDIRECT] 
2025-01-27 23:45:38,588 [ERROR] LogOutputStream:75 - [STDERR_REDIRECT] [Fatal Error] :1:1: Premature end of file.
2025-01-27 23:45:38,588 [ERROR] LogOutputStream:75 - [STDERR_REDIRECT] 
2025-01-27 23:45:39,583 [ERROR] LogOutputStream:75 - [STDERR_REDIRECT] [Fatal Error] :1:1: Premature end of file.
2025-01-27 23:45:39,583 [ERROR] LogOutputStream:75 - [STDERR_REDIRECT] 
2025-01-27 23:45:40,594 [ERROR] LogOutputStream:75 - [STDERR_REDIRECT] [Fatal Error] :1:1: Premature end of file.
2025-01-27 23:45:40,594 [ERROR] LogOutputStream:75 - [STDERR_REDIRECT] 
2025-01-27 23:45:41,593 [ERROR] LogOutputStream:75 - [STDERR_REDIRECT] [Fatal Error] :1:1: Premature end of file.
2025-01-27 23:45:41,593 [ERROR] LogOutputStream:75 - [STDERR_REDIRECT] 
2025-01-27 23:45:42,593 [ERROR] LogOutputStream:75 - [STDERR_REDIRECT] [Fatal Error] :1:1: Premature end of file.
2025-01-27 23:45:42,593 [ERROR] LogOutputStream:75 - [STDERR_REDIRECT] 
2025-01-27 23:45:43,592 [ERROR] LogOutputStream:75 - [STDERR_REDIRECT] [Fatal Error] :1:1: Premature end of file.
2025-01-27 23:45:43,592 [ERROR] LogOutputStream:75 - [STDERR_REDIRECT] 
2025-01-27 23:45:44,585 [ERROR] LogOutputStream:75 - [STDERR_REDIRECT] [Fatal Error] :1:1: Premature end of file.
2025-01-27 23:45:44,585 [ERROR] LogOutputStream:75 - [STDERR_REDIRECT] 
2025-01-27 23:45:45,581 [ERROR] LogOutputStream:75 - [STDERR_REDIRECT] [Fatal Error] :1:1: Premature end of file.
2025-01-27 23:45:45,582 [ERROR] LogOutputStream:75 - [STDERR_REDIRECT] 
2025-01-27 23:45:46,594 [ERROR] LogOutputStream:75 - [STDERR_REDIRECT] [Fatal Error] :1:1: Premature end of file.
2025-01-27 23:45:46,594 [ERROR] LogOutputStream:75 - [STDERR_REDIRECT] 
2025-01-27 23:45:47,590 [ERROR] LogOutputStream:75 - [STDERR_REDIRECT] [Fatal Error] :1:1: Premature end of file.
2025-01-27 23:45:47,590 [ERROR] LogOutputStream:75 - [STDERR_REDIRECT] 
2025-01-27 23:45:48,591 [ERROR] LogOutputStream:75 - [STDERR_REDIRECT] [Fatal Error] :1:1: Premature end of file.
2025-01-27 23:45:48,591 [ERROR] LogOutputStream:75 - [STDERR_REDIRECT] 
2025-01-27 23:45:49,578 [ERROR] LogOutputStream:75 - [STDERR_REDIRECT] [Fatal Error] :1:1: Premature end of file.
2025-01-27 23:45:49,578 [ERROR] LogOutputStream:75 - [STDERR_REDIRECT] 
2025-01-27 23:45:50,579 [ERROR] LogOutputStream:75 - [STDERR_REDIRECT] [Fatal Error] :1:1: Premature end of file.
2025-01-27 23:45:50,579 [ERROR] LogOutputStream:75 - [STDERR_REDIRECT] 
2025-01-27 23:45:51,588 [ERROR] LogOutputStream:75 - [STDERR_REDIRECT] [Fatal Error] :1:1: Premature end of file.
2025-01-27 23:45:51,589 [ERROR] LogOutputStream:75 - [STDERR_REDIRECT] 
2025-01-27 23:45:52,615 [ERROR] LogOutputStream:75 - [STDERR_REDIRECT] [Fatal Error] :1:1: Premature end of file.
2025-01-27 23:45:52,615 [ERROR] LogOutputStream:75 - [STDERR_REDIRECT] 
2025-01-27 23:45:53,579 [ERROR] LogOutputStream:75 - [STDERR_REDIRECT] [Fatal Error] :1:1: Premature end of file.
2025-01-27 23:45:53,579 [ERROR] LogOutputStream:75 - [STDERR_REDIRECT] 
2025-01-27 23:45:54,595 [ERROR] LogOutputStream:75 - [STDERR_REDIRECT] [Fatal Error] :1:1: Premature end of file.
2025-01-27 23:45:54,595 [ERROR] LogOutputStream:75 - [STDERR_REDIRECT] 
2025-01-27 23:45:55,594 [ERROR] LogOutputStream:75 - [STDERR_REDIRECT] [Fatal Error] :1:1: Premature end of file.
2025-01-27 23:45:55,594 [ERROR] LogOutputStream:75 - [STDERR_REDIRECT] 
2025-01-27 23:45:56,604 [ERROR] LogOutputStream:75 - [STDERR_REDIRECT] [Fatal Error] :1:1: Premature end of file.
2025-01-27 23:45:56,604 [ERROR] LogOutputStream:75 - [STDERR_REDIRECT] 
2025-01-27 23:45:57,597 [ERROR] LogOutputStream:75 - [STDERR_REDIRECT] [Fatal Error] :1:1: Premature end of file.
2025-01-27 23:45:57,597 [ERROR] LogOutputStream:75 - [STDERR_REDIRECT] 
2025-01-27 23:45:58,597 [ERROR] LogOutputStream:75 - [STDERR_REDIRECT] [Fatal Error] :1:1: Premature end of file.
2025-01-27 23:45:58,597 [ERROR] LogOutputStream:75 - [STDERR_REDIRECT] 
2025-01-27 23:45:59,604 [ERROR] LogOutputStream:75 - [STDERR_REDIRECT] [Fatal Error] :1:1: Premature end of file.
2025-01-27 23:45:59,604 [ERROR] LogOutputStream:75 - [STDERR_REDIRECT] 
2025-01-27 23:46:00,597 [ERROR] LogOutputStream:75 - [STDERR_REDIRECT] [Fatal Error] :1:1: Premature end of file.
2025-01-27 23:46:00,597 [ERROR] LogOutputStream:75 - [STDERR_REDIRECT] 
2025-01-27 23:46:01,598 [ERROR] LogOutputStream:75 - [STDERR_REDIRECT] [Fatal Error] :1:1: Premature end of file.
2025-01-27 23:46:01,598 [ERROR] LogOutputStream:75 - [STDERR_REDIRECT] 
2025-01-27 23:46:02,592 [ERROR] LogOutputStream:75 - [STDERR_REDIRECT] [Fatal Error] :1:1: Premature end of file.
2025-01-27 23:46:02,592 [ERROR] LogOutputStream:75 - [STDERR_REDIRECT] 
2025-01-27 23:46:03,583 [ERROR] LogOutputStream:75 - [STDERR_REDIRECT] [Fatal Error] :1:1: Premature end of file.
2025-01-27 23:46:03,583 [ERROR] LogOutputStream:75 - [STDERR_REDIRECT] 
2025-01-27 23:46:04,633 [ERROR] LogOutputStream:75 - [STDERR_REDIRECT] [Fatal Error] :1:1: Premature end of file.
2025-01-27 23:46:04,634 [ERROR] LogOutputStream:75 - [STDERR_REDIRECT] 
2025-01-27 23:46:05,592 [ERROR] LogOutputStream:75 - [STDERR_REDIRECT] [Fatal Error] :1:1: Premature end of file.
2025-01-27 23:46:05,592 [ERROR] LogOutputStream:75 - [STDERR_REDIRECT] 
2025-01-27 23:46:06,594 [ERROR] LogOutputStream:75 - [STDERR_REDIRECT] [Fatal Error] :1:1: Premature end of file.
2025-01-27 23:46:06,594 [ERROR] LogOutputStream:75 - [STDERR_REDIRECT] 
2025-01-27 23:46:07,606 [ERROR] LogOutputStream:75 - [STDERR_REDIRECT] [Fatal Error] :1:1: Premature end of file.
2025-01-27 23:46:07,606 [ERROR] LogOutputStream:75 - [STDERR_REDIRECT] 
2025-01-27 23:46:08,599 [ERROR] LogOutputStream:75 - [STDERR_REDIRECT] [Fatal Error] :1:1: Premature end of file.
2025-01-27 23:46:08,599 [ERROR] LogOutputStream:75 - [STDERR_REDIRECT] 
2025-01-27 23:46:09,590 [ERROR] LogOutputStream:75 - [STDERR_REDIRECT] [Fatal Error] :1:1: Premature end of file.
2025-01-27 23:46:09,590 [ERROR] LogOutputStream:75 - [STDERR_REDIRECT] 
2025-01-27 23:46:10,602 [ERROR] LogOutputStream:75 - [STDERR_REDIRECT] [Fatal Error] :1:1: Premature end of file.
2025-01-27 23:46:10,602 [ERROR] LogOutputStream:75 - [STDERR_REDIRECT] 
2025-01-27 23:46:11,599 [ERROR] LogOutputStream:75 - [STDERR_REDIRECT] [Fatal Error] :1:1: Premature end of file.
2025-01-27 23:46:11,599 [ERROR] LogOutputStream:75 - [STDERR_REDIRECT] 
2025-01-27 23:46:12,583 [ERROR] LogOutputStream:75 - [STDERR_REDIRECT] [Fatal Error] :1:1: Premature end of file.
2025-01-27 23:46:12,583 [ERROR] LogOutputStream:75 - [STDERR_REDIRECT] 
2025-01-27 23:46:13,588 [ERROR] LogOutputStream:75 - [STDERR_REDIRECT] [Fatal Error] :1:1: Premature end of file.
2025-01-27 23:46:13,588 [ERROR] LogOutputStream:75 - [STDERR_REDIRECT] 
2025-01-27 23:46:14,598 [ERROR] LogOutputStream:75 - [STDERR_REDIRECT] [Fatal Error] :1:1: Premature end of file.
2025-01-27 23:46:14,598 [ERROR] LogOutputStream:75 - [STDERR_REDIRECT] 
2025-01-27 23:46:15,600 [ERROR] LogOutputStream:75 - [STDERR_REDIRECT] [Fatal Error] :1:1: Premature end of file.
2025-01-27 23:46:15,602 [ERROR] LogOutputStream:75 - [STDERR_REDIRECT] 
2025-01-27 23:46:16,595 [ERROR] LogOutputStream:75 - [STDERR_REDIRECT] [Fatal Error] :1:1: Premature end of file.
2025-01-27 23:46:16,597 [ERROR] LogOutputStream:75 - [STDERR_REDIRECT] 
2025-01-27 23:46:17,598 [ERROR] LogOutputStream:75 - [STDERR_REDIRECT] [Fatal Error] :1:1: Premature end of file.
2025-01-27 23:46:17,598 [ERROR] LogOutputStream:75 - [STDERR_REDIRECT] 
2025-01-27 23:46:18,584 [ERROR] LogOutputStream:75 - [STDERR_REDIRECT] [Fatal Error] :1:1: Premature end of file.
2025-01-27 23:46:18,584 [ERROR] LogOutputStream:75 - [STDERR_REDIRECT] 
2025-01-27 23:46:19,591 [ERROR] LogOutputStream:75 - [STDERR_REDIRECT] [Fatal Error] :1:1: Premature end of file.
2025-01-27 23:46:19,591 [ERROR] LogOutputStream:75 - [STDERR_REDIRECT] 
2025-01-27 23:46:20,575 [ERROR] LogOutputStream:75 - [STDERR_REDIRECT] [Fatal Error] :1:1: Premature end of file.
2025-01-27 23:46:20,575 [ERROR] LogOutputStream:75 - [STDERR_REDIRECT] 
2025-01-27 23:46:21,592 [ERROR] LogOutputStream:75 - [STDERR_REDIRECT] [Fatal Error] :1:1: Premature end of file.
2025-01-27 23:46:21,592 [ERROR] LogOutputStream:75 - [STDERR_REDIRECT] 
2025-01-27 23:46:22,590 [ERROR] LogOutputStream:75 - [STDERR_REDIRECT] [Fatal Error] :1:1: Premature end of file.
2025-01-27 23:46:22,590 [ERROR] LogOutputStream:75 - [STDERR_REDIRECT] 
2025-01-27 23:46:23,578 [ERROR] LogOutputStream:75 - [STDERR_REDIRECT] [Fatal Error] :1:1: Premature end of file.
2025-01-27 23:46:23,578 [ERROR] LogOutputStream:75 - [STDERR_REDIRECT] 
2025-01-27 23:46:24,580 [ERROR] LogOutputStream:75 - [STDERR_REDIRECT] [Fatal Error] :1:1: Premature end of file.
2025-01-27 23:46:24,580 [ERROR] LogOutputStream:75 - [STDERR_REDIRECT] 
2025-01-27 23:46:25,596 [ERROR] LogOutputStream:75 - [STDERR_REDIRECT] [Fatal Error] :1:1: Premature end of file.
2025-01-27 23:46:25,596 [ERROR] LogOutputStream:75 - [STDERR_REDIRECT] 
2025-01-27 23:46:26,594 [ERROR] LogOutputStream:75 - [STDERR_REDIRECT] [Fatal Error] :1:1: Premature end of file.
2025-01-27 23:46:26,594 [ERROR] LogOutputStream:75 - [STDERR_REDIRECT] 
2025-01-27 23:46:27,611 [ERROR] LogOutputStream:75 - [STDERR_REDIRECT] [Fatal Error] :1:1: Premature end of file.
2025-01-27 23:46:27,611 [ERROR] LogOutputStream:75 - [STDERR_REDIRECT] 
2025-01-27 23:46:28,599 [ERROR] LogOutputStream:75 - [STDERR_REDIRECT] [Fatal Error] :1:1: Premature end of file.
2025-01-27 23:46:28,599 [ERROR] LogOutputStream:75 - [STDERR_REDIRECT] 
2025-01-27 23:46:29,602 [ERROR] LogOutputStream:75 - [STDERR_REDIRECT] [Fatal Error] :1:1: Premature end of file.
2025-01-27 23:46:29,602 [ERROR] LogOutputStream:75 - [STDERR_REDIRECT] 
2025-01-27 23:46:30,597 [ERROR] LogOutputStream:75 - [STDERR_REDIRECT] [Fatal Error] :1:1: Premature end of file.
2025-01-27 23:46:30,597 [ERROR] LogOutputStream:75 - [STDERR_REDIRECT] 
2025-01-27 23:46:31,598 [ERROR] LogOutputStream:75 - [STDERR_REDIRECT] [Fatal Error] :1:1: Premature end of file.
2025-01-27 23:46:31,598 [ERROR] LogOutputStream:75 - [STDERR_REDIRECT] 
2025-01-27 23:46:32,592 [ERROR] LogOutputStream:75 - [STDERR_REDIRECT] [Fatal Error] :1:1: Premature end of file.
2025-01-27 23:46:32,592 [ERROR] LogOutputStream:75 - [STDERR_REDIRECT] 
2025-01-27 23:46:33,593 [ERROR] LogOutputStream:75 - [STDERR_REDIRECT] [Fatal Error] :1:1: Premature end of file.
2025-01-27 23:46:33,593 [ERROR] LogOutputStream:75 - [STDERR_REDIRECT] 
2025-01-27 23:46:34,593 [ERROR] LogOutputStream:75 - [STDERR_REDIRECT] [Fatal Error] :1:1: Premature end of file.
2025-01-27 23:46:34,593 [ERROR] LogOutputStream:75 - [STDERR_REDIRECT] 
2025-01-27 23:46:35,601 [ERROR] LogOutputStream:75 - [STDERR_REDIRECT] [Fatal Error] :1:1: Premature end of file.
2025-01-27 23:46:35,601 [ERROR] LogOutputStream:75 - [STDERR_REDIRECT] 
2025-01-27 23:46:36,588 [ERROR] LogOutputStream:75 - [STDERR_REDIRECT] [Fatal Error] :1:1: Premature end of file.
2025-01-27 23:46:36,588 [ERROR] LogOutputStream:75 - [STDERR_REDIRECT] 
2025-01-27 23:46:37,599 [ERROR] LogOutputStream:75 - [STDERR_REDIRECT] [Fatal Error] :1:1: Premature end of file.
2025-01-27 23:46:37,599 [ERROR] LogOutputStream:75 - [STDERR_REDIRECT] 
2025-01-27 23:46:38,596 [ERROR] LogOutputStream:75 - [STDERR_REDIRECT] [Fatal Error] :1:1: Premature end of file.
2025-01-27 23:46:38,596 [ERROR] LogOutputStream:75 - [STDERR_REDIRECT] 
2025-01-27 23:46:39,588 [ERROR] LogOutputStream:75 - [STDERR_REDIRECT] [Fatal Error] :1:1: Premature end of file.
2025-01-27 23:46:39,588 [ERROR] LogOutputStream:75 - [STDERR_REDIRECT] 
2025-01-27 23:46:40,593 [ERROR] LogOutputStream:75 - [STDERR_REDIRECT] [Fatal Error] :1:1: Premature end of file.
2025-01-27 23:46:40,593 [ERROR] LogOutputStream:75 - [STDERR_REDIRECT] 
2025-01-27 23:46:41,596 [ERROR] LogOutputStream:75 - [STDERR_REDIRECT] [Fatal Error] :1:1: Premature end of file.
2025-01-27 23:46:41,596 [ERROR] LogOutputStream:75 - [STDERR_REDIRECT] 
2025-01-27 23:46:42,589 [ERROR] LogOutputStream:75 - [STDERR_REDIRECT] [Fatal Error] :1:1: Premature end of file.
2025-01-27 23:46:42,591 [ERROR] LogOutputStream:75 - [STDERR_REDIRECT] 
2025-01-27 23:46:43,592 [ERROR] LogOutputStream:75 - [STDERR_REDIRECT] [Fatal Error] :1:1: Premature end of file.
2025-01-27 23:46:43,592 [ERROR] LogOutputStream:75 - [STDERR_REDIRECT] 
2025-01-27 23:46:44,602 [ERROR] LogOutputStream:75 - [STDERR_REDIRECT] [Fatal Error] :1:1: Premature end of file.
2025-01-27 23:46:44,602 [ERROR] LogOutputStream:75 - [STDERR_REDIRECT] 
2025-01-27 23:46:45,595 [ERROR] LogOutputStream:75 - [STDERR_REDIRECT] [Fatal Error] :1:1: Premature end of file.
2025-01-27 23:46:45,595 [ERROR] LogOutputStream:75 - [STDERR_REDIRECT] 
2025-01-27 23:46:46,604 [ERROR] LogOutputStream:75 - [STDERR_REDIRECT] [Fatal Error] :1:1: Premature end of file.
2025-01-27 23:46:46,604 [ERROR] LogOutputStream:75 - [STDERR_REDIRECT] 
2025-01-27 23:46:47,574 [ERROR] LogOutputStream:75 - [STDERR_REDIRECT] [Fatal Error] :1:1: Premature end of file.
2025-01-27 23:46:47,574 [ERROR] LogOutputStream:75 - [STDERR_REDIRECT] 
2025-01-27 23:46:48,593 [ERROR] LogOutputStream:75 - [STDERR_REDIRECT] [Fatal Error] :1:1: Premature end of file.
2025-01-27 23:46:48,593 [ERROR] LogOutputStream:75 - [STDERR_REDIRECT] 
2025-01-27 23:46:49,596 [ERROR] LogOutputStream:75 - [STDERR_REDIRECT] [Fatal Error] :1:1: Premature end of file.
2025-01-27 23:46:49,596 [ERROR] LogOutputStream:75 - [STDERR_REDIRECT] 
2025-01-27 23:46:50,610 [ERROR] LogOutputStream:75 - [STDERR_REDIRECT] [Fatal Error] :1:1: Premature end of file.
2025-01-27 23:46:50,610 [ERROR] LogOutputStream:75 - [STDERR_REDIRECT] 
2025-01-27 23:46:51,590 [ERROR] LogOutputStream:75 - [STDERR_REDIRECT] [Fatal Error] :1:1: Premature end of file.
2025-01-27 23:46:51,590 [ERROR] LogOutputStream:75 - [STDERR_REDIRECT] 
2025-01-27 23:46:52,609 [ERROR] LogOutputStream:75 - [STDERR_REDIRECT] [Fatal Error] :1:1: Premature end of file.
2025-01-27 23:46:52,609 [ERROR] LogOutputStream:75 - [STDERR_REDIRECT] 
2025-01-27 23:46:53,577 [ERROR] LogOutputStream:75 - [STDERR_REDIRECT] [Fatal Error] :1:1: Premature end of file.
2025-01-27 23:46:53,577 [ERROR] LogOutputStream:75 - [STDERR_REDIRECT] 
2025-01-27 23:46:54,598 [ERROR] LogOutputStream:75 - [STDERR_REDIRECT] [Fatal Error] :1:1: Premature end of file.
2025-01-27 23:46:54,598 [ERROR] LogOutputStream:75 - [STDERR_REDIRECT] 
2025-01-27 23:46:55,588 [ERROR] LogOutputStream:75 - [STDERR_REDIRECT] [Fatal Error] :1:1: Premature end of file.
2025-01-27 23:46:55,588 [ERROR] LogOutputStream:75 - [STDERR_REDIRECT] 
2025-01-27 23:46:56,582 [ERROR] LogOutputStream:75 - [STDERR_REDIRECT] [Fatal Error] :1:1: Premature end of file.
2025-01-27 23:46:56,582 [ERROR] LogOutputStream:75 - [STDERR_REDIRECT] 
2025-01-27 23:46:57,598 [ERROR] LogOutputStream:75 - [STDERR_REDIRECT] [Fatal Error] :1:1: Premature end of file.
2025-01-27 23:46:57,598 [ERROR] LogOutputStream:75 - [STDERR_REDIRECT] 
2025-01-27 23:46:58,631 [ERROR] LogOutputStream:75 - [STDERR_REDIRECT] [Fatal Error] :1:1: Premature end of file.
2025-01-27 23:46:58,631 [ERROR] LogOutputStream:75 - [STDERR_REDIRECT] 
2025-01-27 23:46:59,613 [ERROR] LogOutputStream:75 - [STDERR_REDIRECT] [Fatal Error] :1:1: Premature end of file.
2025-01-27 23:46:59,613 [ERROR] LogOutputStream:75 - [STDERR_REDIRECT] 
2025-01-27 23:47:00,595 [ERROR] LogOutputStream:75 - [STDERR_REDIRECT] [Fatal Error] :1:1: Premature end of file.
2025-01-27 23:47:00,595 [ERROR] LogOutputStream:75 - [STDERR_REDIRECT] 
2025-01-27 23:47:01,600 [ERROR] LogOutputStream:75 - [STDERR_REDIRECT] [Fatal Error] :1:1: Premature end of file.
2025-01-27 23:47:01,600 [ERROR] LogOutputStream:75 - [STDERR_REDIRECT] 
2025-01-27 23:47:02,585 [ERROR] LogOutputStream:75 - [STDERR_REDIRECT] [Fatal Error] :1:1: Premature end of file.
2025-01-27 23:47:02,585 [ERROR] LogOutputStream:75 - [STDERR_REDIRECT] 
2025-01-27 23:47:03,595 [ERROR] LogOutputStream:75 - [STDERR_REDIRECT] [Fatal Error] :1:1: Premature end of file.
2025-01-27 23:47:03,595 [ERROR] LogOutputStream:75 - [STDERR_REDIRECT] 
2025-01-27 23:47:04,586 [ERROR] LogOutputStream:75 - [STDERR_REDIRECT] [Fatal Error] :1:1: Premature end of file.
2025-01-27 23:47:04,586 [ERROR] LogOutputStream:75 - [STDERR_REDIRECT] 
2025-01-27 23:47:05,589 [ERROR] LogOutputStream:75 - [STDERR_REDIRECT] [Fatal Error] :1:1: Premature end of file.
2025-01-27 23:47:05,589 [ERROR] LogOutputStream:75 - [STDERR_REDIRECT] 
2025-01-27 23:47:06,583 [ERROR] LogOutputStream:75 - [STDERR_REDIRECT] [Fatal Error] :1:1: Premature end of file.
2025-01-27 23:47:06,583 [ERROR] LogOutputStream:75 - [STDERR_REDIRECT] 
2025-01-27 23:47:07,596 [ERROR] LogOutputStream:75 - [STDERR_REDIRECT] [Fatal Error] :1:1: Premature end of file.
2025-01-27 23:47:07,596 [ERROR] LogOutputStream:75 - [STDERR_REDIRECT] 
2025-01-27 23:47:08,591 [ERROR] LogOutputStream:75 - [STDERR_REDIRECT] [Fatal Error] :1:1: Premature end of file.
2025-01-27 23:47:08,591 [ERROR] LogOutputStream:75 - [STDERR_REDIRECT] 
2025-01-27 23:47:09,595 [ERROR] LogOutputStream:75 - [STDERR_REDIRECT] [Fatal Error] :1:1: Premature end of file.
2025-01-27 23:47:09,595 [ERROR] LogOutputStream:75 - [STDERR_REDIRECT] 
2025-01-27 23:47:10,588 [ERROR] LogOutputStream:75 - [STDERR_REDIRECT] [Fatal Error] :1:1: Premature end of file.
2025-01-27 23:47:10,588 [ERROR] LogOutputStream:75 - [STDERR_REDIRECT] 
2025-01-27 23:47:11,600 [ERROR] LogOutputStream:75 - [STDERR_REDIRECT] [Fatal Error] :1:1: Premature end of file.
2025-01-27 23:47:11,600 [ERROR] LogOutputStream:75 - [STDERR_REDIRECT] 
2025-01-27 23:47:12,587 [ERROR] LogOutputStream:75 - [STDERR_REDIRECT] [Fatal Error] :1:1: Premature end of file.
2025-01-27 23:47:12,587 [ERROR] LogOutputStream:75 - [STDERR_REDIRECT] 
2025-01-27 23:47:13,593 [ERROR] LogOutputStream:75 - [STDERR_REDIRECT] [Fatal Error] :1:1: Premature end of file.
2025-01-27 23:47:13,593 [ERROR] LogOutputStream:75 - [STDERR_REDIRECT] 
2025-01-27 23:47:14,580 [ERROR] LogOutputStream:75 - [STDERR_REDIRECT] [Fatal Error] :1:1: Premature end of file.
2025-01-27 23:47:14,580 [ERROR] LogOutputStream:75 - [STDERR_REDIRECT] 
2025-01-27 23:47:15,586 [ERROR] LogOutputStream:75 - [STDERR_REDIRECT] [Fatal Error] :1:1: Premature end of file.
2025-01-27 23:47:15,586 [ERROR] LogOutputStream:75 - [STDERR_REDIRECT] 
2025-01-27 23:47:16,589 [ERROR] LogOutputStream:75 - [STDERR_REDIRECT] [Fatal Error] :1:1: Premature end of file.
2025-01-27 23:47:16,589 [ERROR] LogOutputStream:75 - [STDERR_REDIRECT] 
2025-01-27 23:47:17,581 [ERROR] LogOutputStream:75 - [STDERR_REDIRECT] [Fatal Error] :1:1: Premature end of file.
2025-01-27 23:47:17,581 [ERROR] LogOutputStream:75 - [STDERR_REDIRECT] 
2025-01-27 23:47:18,586 [ERROR] LogOutputStream:75 - [STDERR_REDIRECT] [Fatal Error] :1:1: Premature end of file.
2025-01-27 23:47:18,588 [ERROR] LogOutputStream:75 - [STDERR_REDIRECT] 
2025-01-27 23:47:19,585 [ERROR] LogOutputStream:75 - [STDERR_REDIRECT] [Fatal Error] :1:1: Premature end of file.
2025-01-27 23:47:19,585 [ERROR] LogOutputStream:75 - [STDERR_REDIRECT] 
2025-01-27 23:47:20,600 [ERROR] LogOutputStream:75 - [STDERR_REDIRECT] [Fatal Error] :1:1: Premature end of file.
2025-01-27 23:47:20,600 [ERROR] LogOutputStream:75 - [STDERR_REDIRECT] 
2025-01-27 23:47:21,588 [ERROR] LogOutputStream:75 - [STDERR_REDIRECT] [Fatal Error] :1:1: Premature end of file.
2025-01-27 23:47:21,588 [ERROR] LogOutputStream:75 - [STDERR_REDIRECT] 
2025-01-27 23:47:22,596 [ERROR] LogOutputStream:75 - [STDERR_REDIRECT] [Fatal Error] :1:1: Premature end of file.
2025-01-27 23:47:22,597 [ERROR] LogOutputStream:75 - [STDERR_REDIRECT] 
2025-01-27 23:47:23,585 [ERROR] LogOutputStream:75 - [STDERR_REDIRECT] [Fatal Error] :1:1: Premature end of file.
2025-01-27 23:47:23,585 [ERROR] LogOutputStream:75 - [STDERR_REDIRECT] 
2025-01-27 23:47:24,589 [ERROR] LogOutputStream:75 - [STDERR_REDIRECT] [Fatal Error] :1:1: Premature end of file.
2025-01-27 23:47:24,589 [ERROR] LogOutputStream:75 - [STDERR_REDIRECT] 
2025-01-27 23:47:25,602 [ERROR] LogOutputStream:75 - [STDERR_REDIRECT] [Fatal Error] :1:1: Premature end of file.
2025-01-27 23:47:25,603 [ERROR] LogOutputStream:75 - [STDERR_REDIRECT] 
2025-01-27 23:47:26,575 [ERROR] LogOutputStream:75 - [STDERR_REDIRECT] [Fatal Error] :1:1: Premature end of file.
2025-01-27 23:47:26,577 [ERROR] LogOutputStream:75 - [STDERR_REDIRECT] 
2025-01-27 23:47:27,582 [ERROR] LogOutputStream:75 - [STDERR_REDIRECT] [Fatal Error] :1:1: Premature end of file.
2025-01-27 23:47:27,582 [ERROR] LogOutputStream:75 - [STDERR_REDIRECT] 
2025-01-27 23:47:28,590 [ERROR] LogOutputStream:75 - [STDERR_REDIRECT] [Fatal Error] :1:1: Premature end of file.
2025-01-27 23:47:28,590 [ERROR] LogOutputStream:75 - [STDERR_REDIRECT] 
2025-01-27 23:47:29,578 [ERROR] LogOutputStream:75 - [STDERR_REDIRECT] [Fatal Error] :1:1: Premature end of file.
2025-01-27 23:47:29,578 [ERROR] LogOutputStream:75 - [STDERR_REDIRECT] 
2025-01-27 23:47:30,576 [ERROR] LogOutputStream:75 - [STDERR_REDIRECT] [Fatal Error] :1:1: Premature end of file.
2025-01-27 23:47:30,576 [ERROR] LogOutputStream:75 - [STDERR_REDIRECT] 
2025-01-27 23:47:31,583 [ERROR] LogOutputStream:75 - [STDERR_REDIRECT] [Fatal Error] :1:1: Premature end of file.
2025-01-27 23:47:31,585 [ERROR] LogOutputStream:75 - [STDERR_REDIRECT] 
2025-01-27 23:47:32,583 [ERROR] LogOutputStream:75 - [STDERR_REDIRECT] [Fatal Error] :1:1: Premature end of file.
2025-01-27 23:47:32,583 [ERROR] LogOutputStream:75 - [STDERR_REDIRECT] 
2025-01-27 23:47:33,584 [ERROR] LogOutputStream:75 - [STDERR_REDIRECT] [Fatal Error] :1:1: Premature end of file.
2025-01-27 23:47:33,584 [ERROR] LogOutputStream:75 - [STDERR_REDIRECT] 
2025-01-27 23:47:34,583 [ERROR] LogOutputStream:75 - [STDERR_REDIRECT] [Fatal Error] :1:1: Premature end of file.
2025-01-27 23:47:34,583 [ERROR] LogOutputStream:75 - [STDERR_REDIRECT] 
2025-01-27 23:47:35,594 [ERROR] LogOutputStream:75 - [STDERR_REDIRECT] [Fatal Error] :1:1: Premature end of file.
2025-01-27 23:47:35,594 [ERROR] LogOutputStream:75 - [STDERR_REDIRECT] 
2025-01-27 23:47:36,627 [ERROR] LogOutputStream:75 - [STDERR_REDIRECT] [Fatal Error] :1:1: Premature end of file.
2025-01-27 23:47:36,627 [ERROR] LogOutputStream:75 - [STDERR_REDIRECT] 
2025-01-27 23:47:37,597 [ERROR] LogOutputStream:75 - [STDERR_REDIRECT] [Fatal Error] :1:1: Premature end of file.
2025-01-27 23:47:37,597 [ERROR] LogOutputStream:75 - [STDERR_REDIRECT] 
2025-01-27 23:47:38,582 [ERROR] LogOutputStream:75 - [STDERR_REDIRECT] [Fatal Error] :1:1: Premature end of file.
2025-01-27 23:47:38,582 [ERROR] LogOutputStream:75 - [STDERR_REDIRECT] 
2025-01-27 23:47:39,589 [ERROR] LogOutputStream:75 - [STDERR_REDIRECT] [Fatal Error] :1:1: Premature end of file.
2025-01-27 23:47:39,589 [ERROR] LogOutputStream:75 - [STDERR_REDIRECT] 
2025-01-27 23:47:40,595 [ERROR] LogOutputStream:75 - [STDERR_REDIRECT] [Fatal Error] :1:1: Premature end of file.
2025-01-27 23:47:40,595 [ERROR] LogOutputStream:75 - [STDERR_REDIRECT] 
2025-01-27 23:47:41,599 [ERROR] LogOutputStream:75 - [STDERR_REDIRECT] [Fatal Error] :1:1: Premature end of file.
2025-01-27 23:47:41,599 [ERROR] LogOutputStream:75 - [STDERR_REDIRECT] 
2025-01-27 23:47:42,595 [ERROR] LogOutputStream:75 - [STDERR_REDIRECT] [Fatal Error] :1:1: Premature end of file.
2025-01-27 23:47:42,595 [ERROR] LogOutputStream:75 - [STDERR_REDIRECT] 
2025-01-27 23:47:43,590 [ERROR] LogOutputStream:75 - [STDERR_REDIRECT] [Fatal Error] :1:1: Premature end of file.
2025-01-27 23:47:43,590 [ERROR] LogOutputStream:75 - [STDERR_REDIRECT] 
2025-01-27 23:47:44,592 [ERROR] LogOutputStream:75 - [STDERR_REDIRECT] [Fatal Error] :1:1: Premature end of file.
2025-01-27 23:47:44,592 [ERROR] LogOutputStream:75 - [STDERR_REDIRECT] 
2025-01-27 23:47:45,589 [ERROR] LogOutputStream:75 - [STDERR_REDIRECT] [Fatal Error] :1:1: Premature end of file.
2025-01-27 23:47:45,589 [ERROR] LogOutputStream:75 - [STDERR_REDIRECT] 
2025-01-27 23:47:46,596 [ERROR] LogOutputStream:75 - [STDERR_REDIRECT] [Fatal Error] :1:1: Premature end of file.
2025-01-27 23:47:46,596 [ERROR] LogOutputStream:75 - [STDERR_REDIRECT] 
2025-01-27 23:47:47,605 [ERROR] LogOutputStream:75 - [STDERR_REDIRECT] [Fatal Error] :1:1: Premature end of file.
2025-01-27 23:47:47,605 [ERROR] LogOutputStream:75 - [STDERR_REDIRECT] 
2025-01-27 23:47:48,599 [ERROR] LogOutputStream:75 - [STDERR_REDIRECT] [Fatal Error] :1:1: Premature end of file.
2025-01-27 23:47:48,599 [ERROR] LogOutputStream:75 - [STDERR_REDIRECT] 
2025-01-27 23:47:49,586 [ERROR] LogOutputStream:75 - [STDERR_REDIRECT] [Fatal Error] :1:1: Premature end of file.
2025-01-27 23:47:49,586 [ERROR] LogOutputStream:75 - [STDERR_REDIRECT] 
2025-01-27 23:47:50,599 [ERROR] LogOutputStream:75 - [STDERR_REDIRECT] [Fatal Error] :1:1: Premature end of file.
2025-01-27 23:47:50,599 [ERROR] LogOutputStream:75 - [STDERR_REDIRECT] 
2025-01-27 23:47:51,592 [ERROR] LogOutputStream:75 - [STDERR_REDIRECT] [Fatal Error] :1:1: Premature end of file.
2025-01-27 23:47:51,592 [ERROR] LogOutputStream:75 - [STDERR_REDIRECT] 
2025-01-27 23:47:52,580 [ERROR] LogOutputStream:75 - [STDERR_REDIRECT] [Fatal Error] :1:1: Premature end of file.
2025-01-27 23:47:52,580 [ERROR] LogOutputStream:75 - [STDERR_REDIRECT] 
2025-01-27 23:47:53,584 [ERROR] LogOutputStream:75 - [STDERR_REDIRECT] [Fatal Error] :1:1: Premature end of file.
2025-01-27 23:47:53,584 [ERROR] LogOutputStream:75 - [STDERR_REDIRECT] 
2025-01-27 23:47:54,598 [ERROR] LogOutputStream:75 - [STDERR_REDIRECT] [Fatal Error] :1:1: Premature end of file.
2025-01-27 23:47:54,598 [ERROR] LogOutputStream:75 - [STDERR_REDIRECT] 
2025-01-27 23:47:55,588 [ERROR] LogOutputStream:75 - [STDERR_REDIRECT] [Fatal Error] :1:1: Premature end of file.
2025-01-27 23:47:55,588 [ERROR] LogOutputStream:75 - [STDERR_REDIRECT] 
2025-01-27 23:47:56,594 [ERROR] LogOutputStream:75 - [STDERR_REDIRECT] [Fatal Error] :1:1: Premature end of file.
2025-01-27 23:47:56,594 [ERROR] LogOutputStream:75 - [STDERR_REDIRECT] 
2025-01-27 23:47:57,586 [ERROR] LogOutputStream:75 - [STDERR_REDIRECT] [Fatal Error] :1:1: Premature end of file.
2025-01-27 23:47:57,586 [ERROR] LogOutputStream:75 - [STDERR_REDIRECT] 
2025-01-27 23:47:58,584 [ERROR] LogOutputStream:75 - [STDERR_REDIRECT] [Fatal Error] :1:1: Premature end of file.
2025-01-27 23:47:58,584 [ERROR] LogOutputStream:75 - [STDERR_REDIRECT] 
2025-01-27 23:47:59,597 [ERROR] LogOutputStream:75 - [STDERR_REDIRECT] [Fatal Error] :1:1: Premature end of file.
2025-01-27 23:47:59,597 [ERROR] LogOutputStream:75 - [STDERR_REDIRECT] 
2025-01-27 23:48:00,586 [ERROR] LogOutputStream:75 - [STDERR_REDIRECT] [Fatal Error] :1:1: Premature end of file.
2025-01-27 23:48:00,586 [ERROR] LogOutputStream:75 - [STDERR_REDIRECT] 
2025-01-27 23:48:01,602 [ERROR] LogOutputStream:75 - [STDERR_REDIRECT] [Fatal Error] :1:1: Premature end of file.
2025-01-27 23:48:01,602 [ERROR] LogOutputStream:75 - [STDERR_REDIRECT] 
2025-01-27 23:48:02,585 [ERROR] LogOutputStream:75 - [STDERR_REDIRECT] [Fatal Error] :1:1: Premature end of file.
2025-01-27 23:48:02,585 [ERROR] LogOutputStream:75 - [STDERR_REDIRECT] 
2025-01-27 23:48:03,585 [ERROR] LogOutputStream:75 - [STDERR_REDIRECT] [Fatal Error] :1:1: Premature end of file.
2025-01-27 23:48:03,585 [ERROR] LogOutputStream:75 - [STDERR_REDIRECT] 
2025-01-27 23:48:04,601 [ERROR] LogOutputStream:75 - [STDERR_REDIRECT] [Fatal Error] :1:1: Premature end of file.
2025-01-27 23:48:04,601 [ERROR] LogOutputStream:75 - [STDERR_REDIRECT] 
2025-01-27 23:48:05,588 [ERROR] LogOutputStream:75 - [STDERR_REDIRECT] [Fatal Error] :1:1: Premature end of file.
2025-01-27 23:48:05,588 [ERROR] LogOutputStream:75 - [STDERR_REDIRECT] 
2025-01-27 23:48:06,586 [ERROR] LogOutputStream:75 - [STDERR_REDIRECT] [Fatal Error] :1:1: Premature end of file.
2025-01-27 23:48:06,586 [ERROR] LogOutputStream:75 - [STDERR_REDIRECT] 
2025-01-27 23:48:07,607 [ERROR] LogOutputStream:75 - [STDERR_REDIRECT] [Fatal Error] :1:1: Premature end of file.
2025-01-27 23:48:07,607 [ERROR] LogOutputStream:75 - [STDERR_REDIRECT] 
2025-01-27 23:48:08,593 [ERROR] LogOutputStream:75 - [STDERR_REDIRECT] [Fatal Error] :1:1: Premature end of file.
2025-01-27 23:48:08,593 [ERROR] LogOutputStream:75 - [STDERR_REDIRECT] 
2025-01-27 23:48:09,582 [ERROR] LogOutputStream:75 - [STDERR_REDIRECT] [Fatal Error] :1:1: Premature end of file.
2025-01-27 23:48:09,582 [ERROR] LogOutputStream:75 - [STDERR_REDIRECT] 
2025-01-27 23:48:10,594 [ERROR] LogOutputStream:75 - [STDERR_REDIRECT] [Fatal Error] :1:1: Premature end of file.
2025-01-27 23:48:10,594 [ERROR] LogOutputStream:75 - [STDERR_REDIRECT] 
2025-01-27 23:48:11,592 [ERROR] LogOutputStream:75 - [STDERR_REDIRECT] [Fatal Error] :1:1: Premature end of file.
2025-01-27 23:48:11,592 [ERROR] LogOutputStream:75 - [STDERR_REDIRECT] 
2025-01-27 23:48:12,594 [ERROR] LogOutputStream:75 - [STDERR_REDIRECT] [Fatal Error] :1:1: Premature end of file.
2025-01-27 23:48:12,594 [ERROR] LogOutputStream:75 - [STDERR_REDIRECT] 
2025-01-27 23:48:13,597 [ERROR] LogOutputStream:75 - [STDERR_REDIRECT] [Fatal Error] :1:1: Premature end of file.
2025-01-27 23:48:13,597 [ERROR] LogOutputStream:75 - [STDERR_REDIRECT] 
2025-01-27 23:48:14,593 [ERROR] LogOutputStream:75 - [STDERR_REDIRECT] [Fatal Error] :1:1: Premature end of file.
2025-01-27 23:48:14,593 [ERROR] LogOutputStream:75 - [STDERR_REDIRECT] 
2025-01-27 23:48:15,585 [ERROR] LogOutputStream:75 - [STDERR_REDIRECT] [Fatal Error] :1:1: Premature end of file.
2025-01-27 23:48:15,585 [ERROR] LogOutputStream:75 - [STDERR_REDIRECT] 
2025-01-27 23:48:16,587 [ERROR] LogOutputStream:75 - [STDERR_REDIRECT] [Fatal Error] :1:1: Premature end of file.
2025-01-27 23:48:16,587 [ERROR] LogOutputStream:75 - [STDERR_REDIRECT] 
2025-01-27 23:48:17,588 [ERROR] LogOutputStream:75 - [STDERR_REDIRECT] [Fatal Error] :1:1: Premature end of file.
2025-01-27 23:48:17,588 [ERROR] LogOutputStream:75 - [STDERR_REDIRECT] 
2025-01-27 23:48:18,584 [ERROR] LogOutputStream:75 - [STDERR_REDIRECT] [Fatal Error] :1:1: Premature end of file.
2025-01-27 23:48:18,584 [ERROR] LogOutputStream:75 - [STDERR_REDIRECT] 
2025-01-27 23:48:19,594 [ERROR] LogOutputStream:75 - [STDERR_REDIRECT] [Fatal Error] :1:1: Premature end of file.
2025-01-27 23:48:19,594 [ERROR] LogOutputStream:75 - [STDERR_REDIRECT] 
2025-01-27 23:48:20,587 [ERROR] LogOutputStream:75 - [STDERR_REDIRECT] [Fatal Error] :1:1: Premature end of file.
2025-01-27 23:48:20,587 [ERROR] LogOutputStream:75 - [STDERR_REDIRECT] 
2025-01-27 23:48:21,587 [ERROR] LogOutputStream:75 - [STDERR_REDIRECT] [Fatal Error] :1:1: Premature end of file.
2025-01-27 23:48:21,587 [ERROR] LogOutputStream:75 - [STDERR_REDIRECT] 
2025-01-27 23:48:22,597 [ERROR] LogOutputStream:75 - [STDERR_REDIRECT] [Fatal Error] :1:1: Premature end of file.
2025-01-27 23:48:22,597 [ERROR] LogOutputStream:75 - [STDERR_REDIRECT] 
2025-01-27 23:48:23,581 [ERROR] LogOutputStream:75 - [STDERR_REDIRECT] [Fatal Error] :1:1: Premature end of file.
2025-01-27 23:48:23,582 [ERROR] LogOutputStream:75 - [STDERR_REDIRECT] 
2025-01-27 23:48:24,608 [ERROR] LogOutputStream:75 - [STDERR_REDIRECT] [Fatal Error] :1:1: Premature end of file.
2025-01-27 23:48:24,608 [ERROR] LogOutputStream:75 - [STDERR_REDIRECT] 
2025-01-27 23:48:25,583 [ERROR] LogOutputStream:75 - [STDERR_REDIRECT] [Fatal Error] :1:1: Premature end of file.
2025-01-27 23:48:25,583 [ERROR] LogOutputStream:75 - [STDERR_REDIRECT] 
2025-01-27 23:48:26,585 [ERROR] LogOutputStream:75 - [STDERR_REDIRECT] [Fatal Error] :1:1: Premature end of file.
2025-01-27 23:48:26,585 [ERROR] LogOutputStream:75 - [STDERR_REDIRECT] 
2025-01-27 23:48:27,605 [ERROR] LogOutputStream:75 - [STDERR_REDIRECT] [Fatal Error] :1:1: Premature end of file.
2025-01-27 23:48:27,605 [ERROR] LogOutputStream:75 - [STDERR_REDIRECT] 
2025-01-27 23:48:28,603 [ERROR] LogOutputStream:75 - [STDERR_REDIRECT] [Fatal Error] :1:1: Premature end of file.
2025-01-27 23:48:28,603 [ERROR] LogOutputStream:75 - [STDERR_REDIRECT] 
2025-01-27 23:48:29,585 [ERROR] LogOutputStream:75 - [STDERR_REDIRECT] [Fatal Error] :1:1: Premature end of file.
2025-01-27 23:48:29,585 [ERROR] LogOutputStream:75 - [STDERR_REDIRECT] 
2025-01-27 23:48:30,584 [ERROR] LogOutputStream:75 - [STDERR_REDIRECT] [Fatal Error] :1:1: Premature end of file.
2025-01-27 23:48:30,584 [ERROR] LogOutputStream:75 - [STDERR_REDIRECT] 
2025-01-27 23:48:31,580 [ERROR] LogOutputStream:75 - [STDERR_REDIRECT] [Fatal Error] :1:1: Premature end of file.
2025-01-27 23:48:31,580 [ERROR] LogOutputStream:75 - [STDERR_REDIRECT] 
2025-01-27 23:48:32,590 [ERROR] LogOutputStream:75 - [STDERR_REDIRECT] [Fatal Error] :1:1: Premature end of file.
2025-01-27 23:48:32,590 [ERROR] LogOutputStream:75 - [STDERR_REDIRECT] 
2025-01-27 23:48:33,575 [ERROR] LogOutputStream:75 - [STDERR_REDIRECT] [Fatal Error] :1:1: Premature end of file.
2025-01-27 23:48:33,575 [ERROR] LogOutputStream:75 - [STDERR_REDIRECT] 
2025-01-27 23:48:34,582 [ERROR] LogOutputStream:75 - [STDERR_REDIRECT] [Fatal Error] :1:1: Premature end of file.
2025-01-27 23:48:34,582 [ERROR] LogOutputStream:75 - [STDERR_REDIRECT] 
2025-01-27 23:48:35,589 [ERROR] LogOutputStream:75 - [STDERR_REDIRECT] [Fatal Error] :1:1: Premature end of file.
2025-01-27 23:48:35,589 [ERROR] LogOutputStream:75 - [STDERR_REDIRECT] 
2025-01-27 23:48:36,580 [ERROR] LogOutputStream:75 - [STDERR_REDIRECT] [Fatal Error] :1:1: Premature end of file.
2025-01-27 23:48:36,580 [ERROR] LogOutputStream:75 - [STDERR_REDIRECT] 
2025-01-27 23:48:37,580 [ERROR] LogOutputStream:75 - [STDERR_REDIRECT] [Fatal Error] :1:1: Premature end of file.
2025-01-27 23:48:37,580 [ERROR] LogOutputStream:75 - [STDERR_REDIRECT] 
2025-01-27 23:48:38,579 [ERROR] LogOutputStream:75 - [STDERR_REDIRECT] [Fatal Error] :1:1: Premature end of file.
2025-01-27 23:48:38,579 [ERROR] LogOutputStream:75 - [STDERR_REDIRECT] 
2025-01-27 23:48:39,584 [ERROR] LogOutputStream:75 - [STDERR_REDIRECT] [Fatal Error] :1:1: Premature end of file.
2025-01-27 23:48:39,584 [ERROR] LogOutputStream:75 - [STDERR_REDIRECT] 
2025-01-27 23:48:40,590 [ERROR] LogOutputStream:75 - [STDERR_REDIRECT] [Fatal Error] :1:1: Premature end of file.
2025-01-27 23:48:40,590 [ERROR] LogOutputStream:75 - [STDERR_REDIRECT] 
2025-01-27 23:48:41,576 [ERROR] LogOutputStream:75 - [STDERR_REDIRECT] [Fatal Error] :1:1: Premature end of file.
2025-01-27 23:48:41,576 [ERROR] LogOutputStream:75 - [STDERR_REDIRECT] 
2025-01-27 23:48:42,607 [ERROR] LogOutputStream:75 - [STDERR_REDIRECT] [Fatal Error] :1:1: Premature end of file.
2025-01-27 23:48:42,607 [ERROR] LogOutputStream:75 - [STDERR_REDIRECT] 
2025-01-27 23:48:43,594 [ERROR] LogOutputStream:75 - [STDERR_REDIRECT] [Fatal Error] :1:1: Premature end of file.
2025-01-27 23:48:43,594 [ERROR] LogOutputStream:75 - [STDERR_REDIRECT] 
2025-01-27 23:48:44,592 [ERROR] LogOutputStream:75 - [STDERR_REDIRECT] [Fatal Error] :1:1: Premature end of file.
2025-01-27 23:48:44,592 [ERROR] LogOutputStream:75 - [STDERR_REDIRECT] 
2025-01-27 23:48:45,588 [ERROR] LogOutputStream:75 - [STDERR_REDIRECT] [Fatal Error] :1:1: Premature end of file.
2025-01-27 23:48:45,588 [ERROR] LogOutputStream:75 - [STDERR_REDIRECT] 
2025-01-27 23:48:46,593 [ERROR] LogOutputStream:75 - [STDERR_REDIRECT] [Fatal Error] :1:1: Premature end of file.
2025-01-27 23:48:46,593 [ERROR] LogOutputStream:75 - [STDERR_REDIRECT] 
2025-01-27 23:48:47,590 [ERROR] LogOutputStream:75 - [STDERR_REDIRECT] [Fatal Error] :1:1: Premature end of file.
2025-01-27 23:48:47,590 [ERROR] LogOutputStream:75 - [STDERR_REDIRECT] 
2025-01-27 23:48:48,590 [ERROR] LogOutputStream:75 - [STDERR_REDIRECT] [Fatal Error] :1:1: Premature end of file.
2025-01-27 23:48:48,590 [ERROR] LogOutputStream:75 - [STDERR_REDIRECT] 
2025-01-27 23:48:49,587 [ERROR] LogOutputStream:75 - [STDERR_REDIRECT] [Fatal Error] :1:1: Premature end of file.
2025-01-27 23:48:49,587 [ERROR] LogOutputStream:75 - [STDERR_REDIRECT] 
2025-01-27 23:48:50,613 [ERROR] LogOutputStream:75 - [STDERR_REDIRECT] [Fatal Error] :1:1: Premature end of file.
2025-01-27 23:48:50,613 [ERROR] LogOutputStream:75 - [STDERR_REDIRECT] 
2025-01-27 23:48:51,592 [ERROR] LogOutputStream:75 - [STDERR_REDIRECT] [Fatal Error] :1:1: Premature end of file.
2025-01-27 23:48:51,593 [ERROR] LogOutputStream:75 - [STDERR_REDIRECT] 
2025-01-27 23:48:52,591 [ERROR] LogOutputStream:75 - [STDERR_REDIRECT] [Fatal Error] :1:1: Premature end of file.
2025-01-27 23:48:52,591 [ERROR] LogOutputStream:75 - [STDERR_REDIRECT] 
2025-01-27 23:48:53,590 [ERROR] LogOutputStream:75 - [STDERR_REDIRECT] [Fatal Error] :1:1: Premature end of file.
2025-01-27 23:48:53,590 [ERROR] LogOutputStream:75 - [STDERR_REDIRECT] 
2025-01-27 23:48:54,581 [ERROR] LogOutputStream:75 - [STDERR_REDIRECT] [Fatal Error] :1:1: Premature end of file.
2025-01-27 23:48:54,581 [ERROR] LogOutputStream:75 - [STDERR_REDIRECT] 
2025-01-27 23:48:55,580 [ERROR] LogOutputStream:75 - [STDERR_REDIRECT] [Fatal Error] :1:1: Premature end of file.
2025-01-27 23:48:55,580 [ERROR] LogOutputStream:75 - [STDERR_REDIRECT] 
2025-01-27 23:48:56,595 [ERROR] LogOutputStream:75 - [STDERR_REDIRECT] [Fatal Error] :1:1: Premature end of file.
2025-01-27 23:48:56,596 [ERROR] LogOutputStream:75 - [STDERR_REDIRECT] 
2025-01-27 23:48:57,600 [ERROR] LogOutputStream:75 - [STDERR_REDIRECT] [Fatal Error] :1:1: Premature end of file.
2025-01-27 23:48:57,602 [ERROR] LogOutputStream:75 - [STDERR_REDIRECT] 
2025-01-27 23:48:58,586 [ERROR] LogOutputStream:75 - [STDERR_REDIRECT] [Fatal Error] :1:1: Premature end of file.
2025-01-27 23:48:58,586 [ERROR] LogOutputStream:75 - [STDERR_REDIRECT] 
2025-01-27 23:48:59,579 [ERROR] LogOutputStream:75 - [STDERR_REDIRECT] [Fatal Error] :1:1: Premature end of file.
2025-01-27 23:48:59,579 [ERROR] LogOutputStream:75 - [STDERR_REDIRECT] 
2025-01-27 23:49:00,580 [ERROR] LogOutputStream:75 - [STDERR_REDIRECT] [Fatal Error] :1:1: Premature end of file.
2025-01-27 23:49:00,580 [ERROR] LogOutputStream:75 - [STDERR_REDIRECT] 
2025-01-27 23:49:01,585 [ERROR] LogOutputStream:75 - [STDERR_REDIRECT] [Fatal Error] :1:1: Premature end of file.
2025-01-27 23:49:01,585 [ERROR] LogOutputStream:75 - [STDERR_REDIRECT] 
2025-01-27 23:49:02,575 [ERROR] LogOutputStream:75 - [STDERR_REDIRECT] [Fatal Error] :1:1: Premature end of file.
2025-01-27 23:49:02,576 [ERROR] LogOutputStream:75 - [STDERR_REDIRECT] 
2025-01-27 23:49:03,596 [ERROR] LogOutputStream:75 - [STDERR_REDIRECT] [Fatal Error] :1:1: Premature end of file.
2025-01-27 23:49:03,596 [ERROR] LogOutputStream:75 - [STDERR_REDIRECT] 
2025-01-27 23:49:04,594 [ERROR] LogOutputStream:75 - [STDERR_REDIRECT] [Fatal Error] :1:1: Premature end of file.
2025-01-27 23:49:04,594 [ERROR] LogOutputStream:75 - [STDERR_REDIRECT] 
2025-01-27 23:49:05,587 [ERROR] LogOutputStream:75 - [STDERR_REDIRECT] [Fatal Error] :1:1: Premature end of file.
2025-01-27 23:49:05,587 [ERROR] LogOutputStream:75 - [STDERR_REDIRECT] 
2025-01-27 23:49:06,590 [ERROR] LogOutputStream:75 - [STDERR_REDIRECT] [Fatal Error] :1:1: Premature end of file.
2025-01-27 23:49:06,590 [ERROR] LogOutputStream:75 - [STDERR_REDIRECT] 
2025-01-27 23:49:07,587 [ERROR] LogOutputStream:75 - [STDERR_REDIRECT] [Fatal Error] :1:1: Premature end of file.
2025-01-27 23:49:07,587 [ERROR] LogOutputStream:75 - [STDERR_REDIRECT] 
2025-01-27 23:49:08,579 [ERROR] LogOutputStream:75 - [STDERR_REDIRECT] [Fatal Error] :1:1: Premature end of file.
2025-01-27 23:49:08,579 [ERROR] LogOutputStream:75 - [STDERR_REDIRECT] 
2025-01-27 23:49:09,575 [ERROR] LogOutputStream:75 - [STDERR_REDIRECT] [Fatal Error] :1:1: Premature end of file.
2025-01-27 23:49:09,575 [ERROR] LogOutputStream:75 - [STDERR_REDIRECT] 
2025-01-27 23:49:10,607 [ERROR] LogOutputStream:75 - [STDERR_REDIRECT] [Fatal Error] :1:1: Premature end of file.
2025-01-27 23:49:10,607 [ERROR] LogOutputStream:75 - [STDERR_REDIRECT] 
2025-01-27 23:49:11,580 [ERROR] LogOutputStream:75 - [STDERR_REDIRECT] [Fatal Error] :1:1: Premature end of file.
2025-01-27 23:49:11,580 [ERROR] LogOutputStream:75 - [STDERR_REDIRECT] 
2025-01-27 23:49:12,592 [ERROR] LogOutputStream:75 - [STDERR_REDIRECT] [Fatal Error] :1:1: Premature end of file.
2025-01-27 23:49:12,592 [ERROR] LogOutputStream:75 - [STDERR_REDIRECT] 
2025-01-27 23:49:13,580 [ERROR] LogOutputStream:75 - [STDERR_REDIRECT] [Fatal Error] :1:1: Premature end of file.
2025-01-27 23:49:13,580 [ERROR] LogOutputStream:75 - [STDERR_REDIRECT] 
2025-01-27 23:49:14,583 [ERROR] LogOutputStream:75 - [STDERR_REDIRECT] [Fatal Error] :1:1: Premature end of file.
2025-01-27 23:49:14,583 [ERROR] LogOutputStream:75 - [STDERR_REDIRECT] 
2025-01-27 23:49:15,582 [ERROR] LogOutputStream:75 - [STDERR_REDIRECT] [Fatal Error] :1:1: Premature end of file.
2025-01-27 23:49:15,582 [ERROR] LogOutputStream:75 - [STDERR_REDIRECT] 
2025-01-27 23:49:16,587 [ERROR] LogOutputStream:75 - [STDERR_REDIRECT] [Fatal Error] :1:1: Premature end of file.
2025-01-27 23:49:16,587 [ERROR] LogOutputStream:75 - [STDERR_REDIRECT] 
2025-01-27 23:49:17,578 [ERROR] LogOutputStream:75 - [STDERR_REDIRECT] [Fatal Error] :1:1: Premature end of file.
2025-01-27 23:49:17,578 [ERROR] LogOutputStream:75 - [STDERR_REDIRECT] 
2025-01-27 23:49:18,577 [ERROR] LogOutputStream:75 - [STDERR_REDIRECT] [Fatal Error] :1:1: Premature end of file.
2025-01-27 23:49:18,577 [ERROR] LogOutputStream:75 - [STDERR_REDIRECT] 
2025-01-27 23:49:19,580 [ERROR] LogOutputStream:75 - [STDERR_REDIRECT] [Fatal Error] :1:1: Premature end of file.
2025-01-27 23:49:19,580 [ERROR] LogOutputStream:75 - [STDERR_REDIRECT] 
2025-01-27 23:49:20,584 [ERROR] LogOutputStream:75 - [STDERR_REDIRECT] [Fatal Error] :1:1: Premature end of file.
2025-01-27 23:49:20,584 [ERROR] LogOutputStream:75 - [STDERR_REDIRECT] 
2025-01-27 23:49:21,589 [ERROR] LogOutputStream:75 - [STDERR_REDIRECT] [Fatal Error] :1:1: Premature end of file.
2025-01-27 23:49:21,589 [ERROR] LogOutputStream:75 - [STDERR_REDIRECT] 
2025-01-27 23:49:22,584 [ERROR] LogOutputStream:75 - [STDERR_REDIRECT] [Fatal Error] :1:1: Premature end of file.
2025-01-27 23:49:22,584 [ERROR] LogOutputStream:75 - [STDERR_REDIRECT] 
2025-01-27 23:49:23,609 [ERROR] LogOutputStream:75 - [STDERR_REDIRECT] [Fatal Error] :1:1: Premature end of file.
2025-01-27 23:49:23,609 [ERROR] LogOutputStream:75 - [STDERR_REDIRECT] 
2025-01-27 23:49:24,581 [ERROR] LogOutputStream:75 - [STDERR_REDIRECT] [Fatal Error] :1:1: Premature end of file.
2025-01-27 23:49:24,581 [ERROR] LogOutputStream:75 - [STDERR_REDIRECT] 
2025-01-27 23:49:25,582 [ERROR] LogOutputStream:75 - [STDERR_REDIRECT] [Fatal Error] :1:1: Premature end of file.
2025-01-27 23:49:25,582 [ERROR] LogOutputStream:75 - [STDERR_REDIRECT] 
2025-01-27 23:49:26,580 [ERROR] LogOutputStream:75 - [STDERR_REDIRECT] [Fatal Error] :1:1: Premature end of file.
2025-01-27 23:49:26,580 [ERROR] LogOutputStream:75 - [STDERR_REDIRECT] 
2025-01-27 23:49:27,580 [ERROR] LogOutputStream:75 - [STDERR_REDIRECT] [Fatal Error] :1:1: Premature end of file.
2025-01-27 23:49:27,580 [ERROR] LogOutputStream:75 - [STDERR_REDIRECT] 
2025-01-27 23:49:28,584 [ERROR] LogOutputStream:75 - [STDERR_REDIRECT] [Fatal Error] :1:1: Premature end of file.
2025-01-27 23:49:28,584 [ERROR] LogOutputStream:75 - [STDERR_REDIRECT] 
2025-01-27 23:49:29,576 [ERROR] LogOutputStream:75 - [STDERR_REDIRECT] [Fatal Error] :1:1: Premature end of file.
2025-01-27 23:49:29,576 [ERROR] LogOutputStream:75 - [STDERR_REDIRECT] 
2025-01-27 23:49:30,591 [ERROR] LogOutputStream:75 - [STDERR_REDIRECT] [Fatal Error] :1:1: Premature end of file.
2025-01-27 23:49:30,591 [ERROR] LogOutputStream:75 - [STDERR_REDIRECT] 
2025-01-27 23:49:31,579 [ERROR] LogOutputStream:75 - [STDERR_REDIRECT] [Fatal Error] :1:1: Premature end of file.
2025-01-27 23:49:31,579 [ERROR] LogOutputStream:75 - [STDERR_REDIRECT] 
2025-01-27 23:49:32,579 [ERROR] LogOutputStream:75 - [STDERR_REDIRECT] [Fatal Error] :1:1: Premature end of file.
2025-01-27 23:49:32,579 [ERROR] LogOutputStream:75 - [STDERR_REDIRECT] 
2025-01-27 23:49:33,584 [ERROR] LogOutputStream:75 - [STDERR_REDIRECT] [Fatal Error] :1:1: Premature end of file.
2025-01-27 23:49:33,584 [ERROR] LogOutputStream:75 - [STDERR_REDIRECT] 
2025-01-27 23:49:34,581 [ERROR] LogOutputStream:75 - [STDERR_REDIRECT] [Fatal Error] :1:1: Premature end of file.
2025-01-27 23:49:34,581 [ERROR] LogOutputStream:75 - [STDERR_REDIRECT] 
2025-01-27 23:49:35,586 [ERROR] LogOutputStream:75 - [STDERR_REDIRECT] [Fatal Error] :1:1: Premature end of file.
2025-01-27 23:49:35,586 [ERROR] LogOutputStream:75 - [STDERR_REDIRECT] 
2025-01-27 23:49:36,584 [ERROR] LogOutputStream:75 - [STDERR_REDIRECT] [Fatal Error] :1:1: Premature end of file.
2025-01-27 23:49:36,584 [ERROR] LogOutputStream:75 - [STDERR_REDIRECT] 
2025-01-27 23:49:37,589 [ERROR] LogOutputStream:75 - [STDERR_REDIRECT] [Fatal Error] :1:1: Premature end of file.
2025-01-27 23:49:37,589 [ERROR] LogOutputStream:75 - [STDERR_REDIRECT] 
2025-01-27 23:49:38,584 [ERROR] LogOutputStream:75 - [STDERR_REDIRECT] [Fatal Error] :1:1: Premature end of file.
2025-01-27 23:49:38,584 [ERROR] LogOutputStream:75 - [STDERR_REDIRECT] 
2025-01-27 23:49:39,580 [ERROR] LogOutputStream:75 - [STDERR_REDIRECT] [Fatal Error] :1:1: Premature end of file.
2025-01-27 23:49:39,580 [ERROR] LogOutputStream:75 - [STDERR_REDIRECT] 
2025-01-27 23:49:40,576 [ERROR] LogOutputStream:75 - [STDERR_REDIRECT] [Fatal Error] :1:1: Premature end of file.
2025-01-27 23:49:40,576 [ERROR] LogOutputStream:75 - [STDERR_REDIRECT] 
2025-01-27 23:49:41,580 [ERROR] LogOutputStream:75 - [STDERR_REDIRECT] [Fatal Error] :1:1: Premature end of file.
2025-01-27 23:49:41,580 [ERROR] LogOutputStream:75 - [STDERR_REDIRECT] 
2025-01-27 23:49:42,609 [ERROR] LogOutputStream:75 - [STDERR_REDIRECT] [Fatal Error] :1:1: Premature end of file.
2025-01-27 23:49:42,609 [ERROR] LogOutputStream:75 - [STDERR_REDIRECT] 
2025-01-27 23:49:43,592 [ERROR] LogOutputStream:75 - [STDERR_REDIRECT] [Fatal Error] :1:1: Premature end of file.
2025-01-27 23:49:43,592 [ERROR] LogOutputStream:75 - [STDERR_REDIRECT] 
2025-01-27 23:49:44,589 [ERROR] LogOutputStream:75 - [STDERR_REDIRECT] [Fatal Error] :1:1: Premature end of file.
2025-01-27 23:49:44,589 [ERROR] LogOutputStream:75 - [STDERR_REDIRECT] 
2025-01-27 23:49:45,585 [ERROR] LogOutputStream:75 - [STDERR_REDIRECT] [Fatal Error] :1:1: Premature end of file.
2025-01-27 23:49:45,585 [ERROR] LogOutputStream:75 - [STDERR_REDIRECT] 
2025-01-27 23:49:46,597 [ERROR] LogOutputStream:75 - [STDERR_REDIRECT] [Fatal Error] :1:1: Premature end of file.
2025-01-27 23:49:46,597 [ERROR] LogOutputStream:75 - [STDERR_REDIRECT] 
2025-01-27 23:49:47,585 [ERROR] LogOutputStream:75 - [STDERR_REDIRECT] [Fatal Error] :1:1: Premature end of file.
2025-01-27 23:49:47,585 [ERROR] LogOutputStream:75 - [STDERR_REDIRECT] 
2025-01-27 23:49:48,584 [ERROR] LogOutputStream:75 - [STDERR_REDIRECT] [Fatal Error] :1:1: Premature end of file.
2025-01-27 23:49:48,584 [ERROR] LogOutputStream:75 - [STDERR_REDIRECT] 
2025-01-27 23:49:49,579 [ERROR] LogOutputStream:75 - [STDERR_REDIRECT] [Fatal Error] :1:1: Premature end of file.
2025-01-27 23:49:49,579 [ERROR] LogOutputStream:75 - [STDERR_REDIRECT] 
2025-01-27 23:49:50,579 [ERROR] LogOutputStream:75 - [STDERR_REDIRECT] [Fatal Error] :1:1: Premature end of file.
2025-01-27 23:49:50,579 [ERROR] LogOutputStream:75 - [STDERR_REDIRECT] 
2025-01-27 23:49:51,578 [ERROR] LogOutputStream:75 - [STDERR_REDIRECT] [Fatal Error] :1:1: Premature end of file.
2025-01-27 23:49:51,578 [ERROR] LogOutputStream:75 - [STDERR_REDIRECT] 
2025-01-27 23:49:52,586 [ERROR] LogOutputStream:75 - [STDERR_REDIRECT] [Fatal Error] :1:1: Premature end of file.
2025-01-27 23:49:52,586 [ERROR] LogOutputStream:75 - [STDERR_REDIRECT] 
2025-01-27 23:49:53,603 [ERROR] LogOutputStream:75 - [STDERR_REDIRECT] [Fatal Error] :1:1: Premature end of file.
2025-01-27 23:49:53,603 [ERROR] LogOutputStream:75 - [STDERR_REDIRECT] 
2025-01-27 23:49:54,583 [ERROR] LogOutputStream:75 - [STDERR_REDIRECT] [Fatal Error] :1:1: Premature end of file.
2025-01-27 23:49:54,583 [ERROR] LogOutputStream:75 - [STDERR_REDIRECT] 
2025-01-27 23:49:55,583 [ERROR] LogOutputStream:75 - [STDERR_REDIRECT] [Fatal Error] :1:1: Premature end of file.
2025-01-27 23:49:55,583 [ERROR] LogOutputStream:75 - [STDERR_REDIRECT] 
2025-01-27 23:49:56,585 [ERROR] LogOutputStream:75 - [STDERR_REDIRECT] [Fatal Error] :1:1: Premature end of file.
2025-01-27 23:49:56,585 [ERROR] LogOutputStream:75 - [STDERR_REDIRECT] 
2025-01-27 23:49:57,582 [ERROR] LogOutputStream:75 - [STDERR_REDIRECT] [Fatal Error] :1:1: Premature end of file.
2025-01-27 23:49:57,582 [ERROR] LogOutputStream:75 - [STDERR_REDIRECT] 
2025-01-27 23:49:58,587 [ERROR] LogOutputStream:75 - [STDERR_REDIRECT] [Fatal Error] :1:1: Premature end of file.
2025-01-27 23:49:58,587 [ERROR] LogOutputStream:75 - [STDERR_REDIRECT] 
2025-01-27 23:49:59,579 [ERROR] LogOutputStream:75 - [STDERR_REDIRECT] [Fatal Error] :1:1: Premature end of file.
2025-01-27 23:49:59,579 [ERROR] LogOutputStream:75 - [STDERR_REDIRECT] 
2025-01-27 23:50:00,582 [ERROR] LogOutputStream:75 - [STDERR_REDIRECT] [Fatal Error] :1:1: Premature end of file.
2025-01-27 23:50:00,582 [ERROR] LogOutputStream:75 - [STDERR_REDIRECT] 
2025-01-27 23:50:01,590 [ERROR] LogOutputStream:75 - [STDERR_REDIRECT] [Fatal Error] :1:1: Premature end of file.
2025-01-27 23:50:01,590 [ERROR] LogOutputStream:75 - [STDERR_REDIRECT] 
2025-01-27 23:50:02,578 [ERROR] LogOutputStream:75 - [STDERR_REDIRECT] [Fatal Error] :1:1: Premature end of file.
2025-01-27 23:50:02,579 [ERROR] LogOutputStream:75 - [STDERR_REDIRECT] 
2025-01-27 23:50:03,585 [ERROR] LogOutputStream:75 - [STDERR_REDIRECT] [Fatal Error] :1:1: Premature end of file.
2025-01-27 23:50:03,585 [ERROR] LogOutputStream:75 - [STDERR_REDIRECT] 
2025-01-27 23:50:04,581 [ERROR] LogOutputStream:75 - [STDERR_REDIRECT] [Fatal Error] :1:1: Premature end of file.
2025-01-27 23:50:04,581 [ERROR] LogOutputStream:75 - [STDERR_REDIRECT] 
2025-01-27 23:50:05,588 [ERROR] LogOutputStream:75 - [STDERR_REDIRECT] [Fatal Error] :1:1: Premature end of file.
2025-01-27 23:50:05,588 [ERROR] LogOutputStream:75 - [STDERR_REDIRECT] 
2025-01-27 23:50:06,582 [ERROR] LogOutputStream:75 - [STDERR_REDIRECT] [Fatal Error] :1:1: Premature end of file.
2025-01-27 23:50:06,582 [ERROR] LogOutputStream:75 - [STDERR_REDIRECT] 
2025-01-27 23:50:07,585 [ERROR] LogOutputStream:75 - [STDERR_REDIRECT] [Fatal Error] :1:1: Premature end of file.
2025-01-27 23:50:07,585 [ERROR] LogOutputStream:75 - [STDERR_REDIRECT] 
2025-01-27 23:50:08,585 [ERROR] LogOutputStream:75 - [STDERR_REDIRECT] [Fatal Error] :1:1: Premature end of file.
2025-01-27 23:50:08,585 [ERROR] LogOutputStream:75 - [STDERR_REDIRECT] 
2025-01-27 23:50:09,586 [ERROR] LogOutputStream:75 - [STDERR_REDIRECT] [Fatal Error] :1:1: Premature end of file.
2025-01-27 23:50:09,586 [ERROR] LogOutputStream:75 - [STDERR_REDIRECT] 
2025-01-27 23:50:10,613 [ERROR] LogOutputStream:75 - [STDERR_REDIRECT] [Fatal Error] :1:1: Premature end of file.
2025-01-27 23:50:10,613 [ERROR] LogOutputStream:75 - [STDERR_REDIRECT] 
2025-01-27 23:50:11,599 [ERROR] LogOutputStream:75 - [STDERR_REDIRECT] [Fatal Error] :1:1: Premature end of file.
2025-01-27 23:50:11,601 [ERROR] LogOutputStream:75 - [STDERR_REDIRECT] 
2025-01-27 23:50:12,598 [ERROR] LogOutputStream:75 - [STDERR_REDIRECT] [Fatal Error] :1:1: Premature end of file.
2025-01-27 23:50:12,598 [ERROR] LogOutputStream:75 - [STDERR_REDIRECT] 
2025-01-27 23:50:13,588 [ERROR] LogOutputStream:75 - [STDERR_REDIRECT] [Fatal Error] :1:1: Premature end of file.
2025-01-27 23:50:13,588 [ERROR] LogOutputStream:75 - [STDERR_REDIRECT] 
2025-01-27 23:50:14,591 [ERROR] LogOutputStream:75 - [STDERR_REDIRECT] [Fatal Error] :1:1: Premature end of file.
2025-01-27 23:50:14,591 [ERROR] LogOutputStream:75 - [STDERR_REDIRECT] 
2025-01-27 23:50:15,596 [ERROR] LogOutputStream:75 - [STDERR_REDIRECT] [Fatal Error] :1:1: Premature end of file.
2025-01-27 23:50:15,596 [ERROR] LogOutputStream:75 - [STDERR_REDIRECT] 
2025-01-27 23:50:16,600 [ERROR] LogOutputStream:75 - [STDERR_REDIRECT] [Fatal Error] :1:1: Premature end of file.
2025-01-27 23:50:16,600 [ERROR] LogOutputStream:75 - [STDERR_REDIRECT] 
2025-01-27 23:50:17,598 [ERROR] LogOutputStream:75 - [STDERR_REDIRECT] [Fatal Error] :1:1: Premature end of file.
2025-01-27 23:50:17,598 [ERROR] LogOutputStream:75 - [STDERR_REDIRECT] 
2025-01-27 23:50:18,593 [ERROR] LogOutputStream:75 - [STDERR_REDIRECT] [Fatal Error] :1:1: Premature end of file.
2025-01-27 23:50:18,593 [ERROR] LogOutputStream:75 - [STDERR_REDIRECT] 
2025-01-27 23:50:19,590 [ERROR] LogOutputStream:75 - [STDERR_REDIRECT] [Fatal Error] :1:1: Premature end of file.
2025-01-27 23:50:19,590 [ERROR] LogOutputStream:75 - [STDERR_REDIRECT] 
2025-01-27 23:50:20,601 [ERROR] LogOutputStream:75 - [STDERR_REDIRECT] [Fatal Error] :1:1: Premature end of file.
2025-01-27 23:50:20,601 [ERROR] LogOutputStream:75 - [STDERR_REDIRECT] 
2025-01-27 23:50:21,591 [ERROR] LogOutputStream:75 - [STDERR_REDIRECT] [Fatal Error] :1:1: Premature end of file.
2025-01-27 23:50:21,591 [ERROR] LogOutputStream:75 - [STDERR_REDIRECT] 
2025-01-27 23:50:22,595 [ERROR] LogOutputStream:75 - [STDERR_REDIRECT] [Fatal Error] :1:1: Premature end of file.
2025-01-27 23:50:22,595 [ERROR] LogOutputStream:75 - [STDERR_REDIRECT] 
2025-01-27 23:50:23,614 [ERROR] LogOutputStream:75 - [STDERR_REDIRECT] [Fatal Error] :1:1: Premature end of file.
2025-01-27 23:50:23,614 [ERROR] LogOutputStream:75 - [STDERR_REDIRECT] 
2025-01-27 23:50:24,585 [ERROR] LogOutputStream:75 - [STDERR_REDIRECT] [Fatal Error] :1:1: Premature end of file.
2025-01-27 23:50:24,585 [ERROR] LogOutputStream:75 - [STDERR_REDIRECT] 
2025-01-27 23:50:25,605 [ERROR] LogOutputStream:75 - [STDERR_REDIRECT] [Fatal Error] :1:1: Premature end of file.
2025-01-27 23:50:25,605 [ERROR] LogOutputStream:75 - [STDERR_REDIRECT] 
2025-01-27 23:50:26,618 [ERROR] LogOutputStream:75 - [STDERR_REDIRECT] [Fatal Error] :1:1: Premature end of file.
2025-01-27 23:50:26,618 [ERROR] LogOutputStream:75 - [STDERR_REDIRECT] 
2025-01-27 23:50:27,595 [ERROR] LogOutputStream:75 - [STDERR_REDIRECT] [Fatal Error] :1:1: Premature end of file.
2025-01-27 23:50:27,595 [ERROR] LogOutputStream:75 - [STDERR_REDIRECT] 
2025-01-27 23:50:28,600 [ERROR] LogOutputStream:75 - [STDERR_REDIRECT] [Fatal Error] :1:1: Premature end of file.
2025-01-27 23:50:28,600 [ERROR] LogOutputStream:75 - [STDERR_REDIRECT] 
2025-01-27 23:50:29,594 [ERROR] LogOutputStream:75 - [STDERR_REDIRECT] [Fatal Error] :1:1: Premature end of file.
2025-01-27 23:50:29,594 [ERROR] LogOutputStream:75 - [STDERR_REDIRECT] 
2025-01-27 23:50:30,600 [ERROR] LogOutputStream:75 - [STDERR_REDIRECT] [Fatal Error] :1:1: Premature end of file.
2025-01-27 23:50:30,600 [ERROR] LogOutputStream:75 - [STDERR_REDIRECT] 
2025-01-27 23:50:31,606 [ERROR] LogOutputStream:75 - [STDERR_REDIRECT] [Fatal Error] :1:1: Premature end of file.
2025-01-27 23:50:31,606 [ERROR] LogOutputStream:75 - [STDERR_REDIRECT] 
2025-01-27 23:50:32,604 [ERROR] LogOutputStream:75 - [STDERR_REDIRECT] [Fatal Error] :1:1: Premature end of file.
2025-01-27 23:50:32,604 [ERROR] LogOutputStream:75 - [STDERR_REDIRECT] 
2025-01-27 23:50:33,595 [ERROR] LogOutputStream:75 - [STDERR_REDIRECT] [Fatal Error] :1:1: Premature end of file.
2025-01-27 23:50:33,595 [ERROR] LogOutputStream:75 - [STDERR_REDIRECT] 
2025-01-27 23:50:34,591 [ERROR] LogOutputStream:75 - [STDERR_REDIRECT] [Fatal Error] :1:1: Premature end of file.
2025-01-27 23:50:34,591 [ERROR] LogOutputStream:75 - [STDERR_REDIRECT] 
2025-01-27 23:50:35,579 [ERROR] LogOutputStream:75 - [STDERR_REDIRECT] [Fatal Error] :1:1: Premature end of file.
2025-01-27 23:50:35,579 [ERROR] LogOutputStream:75 - [STDERR_REDIRECT] 
2025-01-27 23:50:36,577 [ERROR] LogOutputStream:75 - [STDERR_REDIRECT] [Fatal Error] :1:1: Premature end of file.
2025-01-27 23:50:36,577 [ERROR] LogOutputStream:75 - [STDERR_REDIRECT] 
2025-01-27 23:50:37,597 [ERROR] LogOutputStream:75 - [STDERR_REDIRECT] [Fatal Error] :1:1: Premature end of file.
2025-01-27 23:50:37,597 [ERROR] LogOutputStream:75 - [STDERR_REDIRECT] 
2025-01-27 23:50:38,590 [ERROR] LogOutputStream:75 - [STDERR_REDIRECT] [Fatal Error] :1:1: Premature end of file.
2025-01-27 23:50:38,590 [ERROR] LogOutputStream:75 - [STDERR_REDIRECT] 
2025-01-27 23:50:39,587 [ERROR] LogOutputStream:75 - [STDERR_REDIRECT] [Fatal Error] :1:1: Premature end of file.
2025-01-27 23:50:39,587 [ERROR] LogOutputStream:75 - [STDERR_REDIRECT] 
2025-01-27 23:50:40,589 [ERROR] LogOutputStream:75 - [STDERR_REDIRECT] [Fatal Error] :1:1: Premature end of file.
2025-01-27 23:50:40,589 [ERROR] LogOutputStream:75 - [STDERR_REDIRECT] 
2025-01-27 23:50:41,605 [ERROR] LogOutputStream:75 - [STDERR_REDIRECT] [Fatal Error] :1:1: Premature end of file.
2025-01-27 23:50:41,605 [ERROR] LogOutputStream:75 - [STDERR_REDIRECT] 
2025-01-27 23:50:42,601 [ERROR] LogOutputStream:75 - [STDERR_REDIRECT] [Fatal Error] :1:1: Premature end of file.
2025-01-27 23:50:42,601 [ERROR] LogOutputStream:75 - [STDERR_REDIRECT] 
2025-01-27 23:50:43,598 [ERROR] LogOutputStream:75 - [STDERR_REDIRECT] [Fatal Error] :1:1: Premature end of file.
2025-01-27 23:50:43,598 [ERROR] LogOutputStream:75 - [STDERR_REDIRECT] 
2025-01-27 23:50:44,598 [ERROR] LogOutputStream:75 - [STDERR_REDIRECT] [Fatal Error] :1:1: Premature end of file.
2025-01-27 23:50:44,598 [ERROR] LogOutputStream:75 - [STDERR_REDIRECT] 
2025-01-27 23:50:45,602 [ERROR] LogOutputStream:75 - [STDERR_REDIRECT] [Fatal Error] :1:1: Premature end of file.
2025-01-27 23:50:45,602 [ERROR] LogOutputStream:75 - [STDERR_REDIRECT] 
2025-01-27 23:50:46,597 [ERROR] LogOutputStream:75 - [STDERR_REDIRECT] [Fatal Error] :1:1: Premature end of file.
2025-01-27 23:50:46,597 [ERROR] LogOutputStream:75 - [STDERR_REDIRECT] 
2025-01-27 23:50:47,592 [ERROR] LogOutputStream:75 - [STDERR_REDIRECT] [Fatal Error] :1:1: Premature end of file.
2025-01-27 23:50:47,592 [ERROR] LogOutputStream:75 - [STDERR_REDIRECT] 
2025-01-27 23:50:48,587 [ERROR] LogOutputStream:75 - [STDERR_REDIRECT] [Fatal Error] :1:1: Premature end of file.
2025-01-27 23:50:48,587 [ERROR] LogOutputStream:75 - [STDERR_REDIRECT] 
2025-01-27 23:50:49,590 [ERROR] LogOutputStream:75 - [STDERR_REDIRECT] [Fatal Error] :1:1: Premature end of file.
2025-01-27 23:50:49,590 [ERROR] LogOutputStream:75 - [STDERR_REDIRECT] 
2025-01-27 23:50:50,598 [ERROR] LogOutputStream:75 - [STDERR_REDIRECT] [Fatal Error] :1:1: Premature end of file.
2025-01-27 23:50:50,598 [ERROR] LogOutputStream:75 - [STDERR_REDIRECT] 
2025-01-27 23:50:51,583 [ERROR] LogOutputStream:75 - [STDERR_REDIRECT] [Fatal Error] :1:1: Premature end of file.
2025-01-27 23:50:51,583 [ERROR] LogOutputStream:75 - [STDERR_REDIRECT] 
2025-01-27 23:50:52,593 [ERROR] LogOutputStream:75 - [STDERR_REDIRECT] [Fatal Error] :1:1: Premature end of file.
2025-01-27 23:50:52,593 [ERROR] LogOutputStream:75 - [STDERR_REDIRECT] 
2025-01-27 23:50:53,606 [ERROR] LogOutputStream:75 - [STDERR_REDIRECT] [Fatal Error] :1:1: Premature end of file.
2025-01-27 23:50:53,606 [ERROR] LogOutputStream:75 - [STDERR_REDIRECT] 
2025-01-27 23:50:54,595 [ERROR] LogOutputStream:75 - [STDERR_REDIRECT] [Fatal Error] :1:1: Premature end of file.
2025-01-27 23:50:54,595 [ERROR] LogOutputStream:75 - [STDERR_REDIRECT] 
2025-01-27 23:50:55,598 [ERROR] LogOutputStream:75 - [STDERR_REDIRECT] [Fatal Error] :1:1: Premature end of file.
2025-01-27 23:50:55,598 [ERROR] LogOutputStream:75 - [STDERR_REDIRECT] 
2025-01-27 23:50:56,608 [ERROR] LogOutputStream:75 - [STDERR_REDIRECT] [Fatal Error] :1:1: Premature end of file.
2025-01-27 23:50:56,608 [ERROR] LogOutputStream:75 - [STDERR_REDIRECT] 
2025-01-27 23:50:57,589 [ERROR] LogOutputStream:75 - [STDERR_REDIRECT] [Fatal Error] :1:1: Premature end of file.
2025-01-27 23:50:57,589 [ERROR] LogOutputStream:75 - [STDERR_REDIRECT] 
2025-01-27 23:50:58,592 [ERROR] LogOutputStream:75 - [STDERR_REDIRECT] [Fatal Error] :1:1: Premature end of file.
2025-01-27 23:50:58,592 [ERROR] LogOutputStream:75 - [STDERR_REDIRECT] 
2025-01-27 23:50:59,580 [ERROR] LogOutputStream:75 - [STDERR_REDIRECT] [Fatal Error] :1:1: Premature end of file.
2025-01-27 23:50:59,581 [ERROR] LogOutputStream:75 - [STDERR_REDIRECT] 
2025-01-27 23:51:00,587 [ERROR] LogOutputStream:75 - [STDERR_REDIRECT] [Fatal Error] :1:1: Premature end of file.
2025-01-27 23:51:00,587 [ERROR] LogOutputStream:75 - [STDERR_REDIRECT] 
2025-01-27 23:51:01,589 [ERROR] LogOutputStream:75 - [STDERR_REDIRECT] [Fatal Error] :1:1: Premature end of file.
2025-01-27 23:51:01,589 [ERROR] LogOutputStream:75 - [STDERR_REDIRECT] 
2025-01-27 23:51:02,597 [ERROR] LogOutputStream:75 - [STDERR_REDIRECT] [Fatal Error] :1:1: Premature end of file.
2025-01-27 23:51:02,597 [ERROR] LogOutputStream:75 - [STDERR_REDIRECT] 
2025-01-27 23:51:03,603 [ERROR] LogOutputStream:75 - [STDERR_REDIRECT] [Fatal Error] :1:1: Premature end of file.
2025-01-27 23:51:03,603 [ERROR] LogOutputStream:75 - [STDERR_REDIRECT] 
2025-01-27 23:51:04,601 [ERROR] LogOutputStream:75 - [STDERR_REDIRECT] [Fatal Error] :1:1: Premature end of file.
2025-01-27 23:51:04,601 [ERROR] LogOutputStream:75 - [STDERR_REDIRECT] 
2025-01-27 23:51:05,606 [ERROR] LogOutputStream:75 - [STDERR_REDIRECT] [Fatal Error] :1:1: Premature end of file.
2025-01-27 23:51:05,606 [ERROR] LogOutputStream:75 - [STDERR_REDIRECT] 
2025-01-27 23:51:06,599 [ERROR] LogOutputStream:75 - [STDERR_REDIRECT] [Fatal Error] :1:1: Premature end of file.
2025-01-27 23:51:06,599 [ERROR] LogOutputStream:75 - [STDERR_REDIRECT] 
2025-01-27 23:51:07,596 [ERROR] LogOutputStream:75 - [STDERR_REDIRECT] [Fatal Error] :1:1: Premature end of file.
2025-01-27 23:51:07,596 [ERROR] LogOutputStream:75 - [STDERR_REDIRECT] 
2025-01-27 23:51:08,600 [ERROR] LogOutputStream:75 - [STDERR_REDIRECT] [Fatal Error] :1:1: Premature end of file.
2025-01-27 23:51:08,600 [ERROR] LogOutputStream:75 - [STDERR_REDIRECT] 
2025-01-27 23:51:09,602 [ERROR] LogOutputStream:75 - [STDERR_REDIRECT] [Fatal Error] :1:1: Premature end of file.
2025-01-27 23:51:09,603 [ERROR] LogOutputStream:75 - [STDERR_REDIRECT] 
2025-01-27 23:51:10,574 [ERROR] LogOutputStream:75 - [STDERR_REDIRECT] [Fatal Error] :1:1: Premature end of file.
2025-01-27 23:51:10,574 [ERROR] LogOutputStream:75 - [STDERR_REDIRECT] 
2025-01-27 23:51:11,602 [ERROR] LogOutputStream:75 - [STDERR_REDIRECT] [Fatal Error] :1:1: Premature end of file.
2025-01-27 23:51:11,602 [ERROR] LogOutputStream:75 - [STDERR_REDIRECT] 
2025-01-27 23:51:12,600 [ERROR] LogOutputStream:75 - [STDERR_REDIRECT] [Fatal Error] :1:1: Premature end of file.
2025-01-27 23:51:12,600 [ERROR] LogOutputStream:75 - [STDERR_REDIRECT] 
2025-01-27 23:51:13,596 [ERROR] LogOutputStream:75 - [STDERR_REDIRECT] [Fatal Error] :1:1: Premature end of file.
2025-01-27 23:51:13,596 [ERROR] LogOutputStream:75 - [STDERR_REDIRECT] 
2025-01-27 23:51:14,612 [ERROR] LogOutputStream:75 - [STDERR_REDIRECT] [Fatal Error] :1:1: Premature end of file.
2025-01-27 23:51:14,613 [ERROR] LogOutputStream:75 - [STDERR_REDIRECT] 
2025-01-27 23:51:15,588 [ERROR] LogOutputStream:75 - [STDERR_REDIRECT] [Fatal Error] :1:1: Premature end of file.
2025-01-27 23:51:15,588 [ERROR] LogOutputStream:75 - [STDERR_REDIRECT] 
2025-01-27 23:51:16,583 [ERROR] LogOutputStream:75 - [STDERR_REDIRECT] [Fatal Error] :1:1: Premature end of file.
2025-01-27 23:51:16,583 [ERROR] LogOutputStream:75 - [STDERR_REDIRECT] 
2025-01-27 23:51:17,593 [ERROR] LogOutputStream:75 - [STDERR_REDIRECT] [Fatal Error] :1:1: Premature end of file.
2025-01-27 23:51:17,593 [ERROR] LogOutputStream:75 - [STDERR_REDIRECT] 
2025-01-27 23:51:18,587 [ERROR] LogOutputStream:75 - [STDERR_REDIRECT] [Fatal Error] :1:1: Premature end of file.
2025-01-27 23:51:18,587 [ERROR] LogOutputStream:75 - [STDERR_REDIRECT] 
2025-01-27 23:51:19,604 [ERROR] LogOutputStream:75 - [STDERR_REDIRECT] [Fatal Error] :1:1: Premature end of file.
2025-01-27 23:51:19,604 [ERROR] LogOutputStream:75 - [STDERR_REDIRECT] 
2025-01-27 23:51:20,597 [ERROR] LogOutputStream:75 - [STDERR_REDIRECT] [Fatal Error] :1:1: Premature end of file.
2025-01-27 23:51:20,597 [ERROR] LogOutputStream:75 - [STDERR_REDIRECT] 
2025-01-27 23:51:21,590 [ERROR] LogOutputStream:75 - [STDERR_REDIRECT] [Fatal Error] :1:1: Premature end of file.
2025-01-27 23:51:21,590 [ERROR] LogOutputStream:75 - [STDERR_REDIRECT] 
2025-01-27 23:51:22,594 [ERROR] LogOutputStream:75 - [STDERR_REDIRECT] [Fatal Error] :1:1: Premature end of file.
2025-01-27 23:51:22,594 [ERROR] LogOutputStream:75 - [STDERR_REDIRECT] 
2025-01-27 23:51:23,599 [ERROR] LogOutputStream:75 - [STDERR_REDIRECT] [Fatal Error] :1:1: Premature end of file.
2025-01-27 23:51:23,599 [ERROR] LogOutputStream:75 - [STDERR_REDIRECT] 
2025-01-27 23:51:24,595 [ERROR] LogOutputStream:75 - [STDERR_REDIRECT] [Fatal Error] :1:1: Premature end of file.
2025-01-27 23:51:24,595 [ERROR] LogOutputStream:75 - [STDERR_REDIRECT] 
2025-01-27 23:51:25,599 [ERROR] LogOutputStream:75 - [STDERR_REDIRECT] [Fatal Error] :1:1: Premature end of file.
2025-01-27 23:51:25,599 [ERROR] LogOutputStream:75 - [STDERR_REDIRECT] 
2025-01-27 23:51:26,594 [ERROR] LogOutputStream:75 - [STDERR_REDIRECT] [Fatal Error] :1:1: Premature end of file.
2025-01-27 23:51:26,594 [ERROR] LogOutputStream:75 - [STDERR_REDIRECT] 
2025-01-27 23:51:27,599 [ERROR] LogOutputStream:75 - [STDERR_REDIRECT] [Fatal Error] :1:1: Premature end of file.
2025-01-27 23:51:27,599 [ERROR] LogOutputStream:75 - [STDERR_REDIRECT] 
2025-01-27 23:51:28,596 [ERROR] LogOutputStream:75 - [STDERR_REDIRECT] [Fatal Error] :1:1: Premature end of file.
2025-01-27 23:51:28,596 [ERROR] LogOutputStream:75 - [STDERR_REDIRECT] 
2025-01-27 23:51:29,596 [ERROR] LogOutputStream:75 - [STDERR_REDIRECT] [Fatal Error] :1:1: Premature end of file.
2025-01-27 23:51:29,596 [ERROR] LogOutputStream:75 - [STDERR_REDIRECT] 
2025-01-27 23:51:30,603 [ERROR] LogOutputStream:75 - [STDERR_REDIRECT] [Fatal Error] :1:1: Premature end of file.
2025-01-27 23:51:30,603 [ERROR] LogOutputStream:75 - [STDERR_REDIRECT] 
2025-01-27 23:51:31,598 [ERROR] LogOutputStream:75 - [STDERR_REDIRECT] [Fatal Error] :1:1: Premature end of file.
2025-01-27 23:51:31,598 [ERROR] LogOutputStream:75 - [STDERR_REDIRECT] 
2025-01-27 23:51:32,593 [ERROR] LogOutputStream:75 - [STDERR_REDIRECT] [Fatal Error] :1:1: Premature end of file.
2025-01-27 23:51:32,595 [ERROR] LogOutputStream:75 - [STDERR_REDIRECT] 
2025-01-27 23:51:33,585 [ERROR] LogOutputStream:75 - [STDERR_REDIRECT] [Fatal Error] :1:1: Premature end of file.
2025-01-27 23:51:33,585 [ERROR] LogOutputStream:75 - [STDERR_REDIRECT] 
2025-01-27 23:51:34,595 [ERROR] LogOutputStream:75 - [STDERR_REDIRECT] [Fatal Error] :1:1: Premature end of file.
2025-01-27 23:51:34,595 [ERROR] LogOutputStream:75 - [STDERR_REDIRECT] 
2025-01-27 23:51:35,597 [ERROR] LogOutputStream:75 - [STDERR_REDIRECT] [Fatal Error] :1:1: Premature end of file.
2025-01-27 23:51:35,597 [ERROR] LogOutputStream:75 - [STDERR_REDIRECT] 
2025-01-27 23:51:36,584 [ERROR] LogOutputStream:75 - [STDERR_REDIRECT] [Fatal Error] :1:1: Premature end of file.
2025-01-27 23:51:36,584 [ERROR] LogOutputStream:75 - [STDERR_REDIRECT] 
2025-01-27 23:51:37,596 [ERROR] LogOutputStream:75 - [STDERR_REDIRECT] [Fatal Error] :1:1: Premature end of file.
2025-01-27 23:51:37,596 [ERROR] LogOutputStream:75 - [STDERR_REDIRECT] 
2025-01-27 23:51:38,599 [ERROR] LogOutputStream:75 - [STDERR_REDIRECT] [Fatal Error] :1:1: Premature end of file.
2025-01-27 23:51:38,599 [ERROR] LogOutputStream:75 - [STDERR_REDIRECT] 
2025-01-27 23:51:39,591 [ERROR] LogOutputStream:75 - [STDERR_REDIRECT] [Fatal Error] :1:1: Premature end of file.
2025-01-27 23:51:39,591 [ERROR] LogOutputStream:75 - [STDERR_REDIRECT] 
2025-01-27 23:51:40,600 [ERROR] LogOutputStream:75 - [STDERR_REDIRECT] [Fatal Error] :1:1: Premature end of file.
2025-01-27 23:51:40,600 [ERROR] LogOutputStream:75 - [STDERR_REDIRECT] 
2025-01-27 23:51:41,593 [ERROR] LogOutputStream:75 - [STDERR_REDIRECT] [Fatal Error] :1:1: Premature end of file.
2025-01-27 23:51:41,593 [ERROR] LogOutputStream:75 - [STDERR_REDIRECT] 
2025-01-27 23:51:42,603 [ERROR] LogOutputStream:75 - [STDERR_REDIRECT] [Fatal Error] :1:1: Premature end of file.
2025-01-27 23:51:42,603 [ERROR] LogOutputStream:75 - [STDERR_REDIRECT] 
2025-01-27 23:51:43,597 [ERROR] LogOutputStream:75 - [STDERR_REDIRECT] [Fatal Error] :1:1: Premature end of file.
2025-01-27 23:51:43,597 [ERROR] LogOutputStream:75 - [STDERR_REDIRECT] 
2025-01-27 23:51:44,606 [ERROR] LogOutputStream:75 - [STDERR_REDIRECT] [Fatal Error] :1:1: Premature end of file.
2025-01-27 23:51:44,606 [ERROR] LogOutputStream:75 - [STDERR_REDIRECT] 
2025-01-27 23:51:45,598 [ERROR] LogOutputStream:75 - [STDERR_REDIRECT] [Fatal Error] :1:1: Premature end of file.
2025-01-27 23:51:45,598 [ERROR] LogOutputStream:75 - [STDERR_REDIRECT] 
2025-01-27 23:51:46,598 [ERROR] LogOutputStream:75 - [STDERR_REDIRECT] [Fatal Error] :1:1: Premature end of file.
2025-01-27 23:51:46,598 [ERROR] LogOutputStream:75 - [STDERR_REDIRECT] 
2025-01-27 23:51:47,582 [ERROR] LogOutputStream:75 - [STDERR_REDIRECT] [Fatal Error] :1:1: Premature end of file.
2025-01-27 23:51:47,582 [ERROR] LogOutputStream:75 - [STDERR_REDIRECT] 
2025-01-27 23:51:48,599 [ERROR] LogOutputStream:75 - [STDERR_REDIRECT] [Fatal Error] :1:1: Premature end of file.
2025-01-27 23:51:48,599 [ERROR] LogOutputStream:75 - [STDERR_REDIRECT] 
2025-01-27 23:51:49,597 [ERROR] LogOutputStream:75 - [STDERR_REDIRECT] [Fatal Error] :1:1: Premature end of file.
2025-01-27 23:51:49,597 [ERROR] LogOutputStream:75 - [STDERR_REDIRECT] 
2025-01-27 23:51:50,600 [ERROR] LogOutputStream:75 - [STDERR_REDIRECT] [Fatal Error] :1:1: Premature end of file.
2025-01-27 23:51:50,600 [ERROR] LogOutputStream:75 - [STDERR_REDIRECT] 
2025-01-27 23:51:51,582 [ERROR] LogOutputStream:75 - [STDERR_REDIRECT] [Fatal Error] :1:1: Premature end of file.
2025-01-27 23:51:51,582 [ERROR] LogOutputStream:75 - [STDERR_REDIRECT] 
2025-01-27 23:51:52,591 [ERROR] LogOutputStream:75 - [STDERR_REDIRECT] [Fatal Error] :1:1: Premature end of file.
2025-01-27 23:51:52,591 [ERROR] LogOutputStream:75 - [STDERR_REDIRECT] 
2025-01-27 23:51:53,611 [ERROR] LogOutputStream:75 - [STDERR_REDIRECT] [Fatal Error] :1:1: Premature end of file.
2025-01-27 23:51:53,611 [ERROR] LogOutputStream:75 - [STDERR_REDIRECT] 
2025-01-27 23:51:54,590 [ERROR] LogOutputStream:75 - [STDERR_REDIRECT] [Fatal Error] :1:1: Premature end of file.
2025-01-27 23:51:54,590 [ERROR] LogOutputStream:75 - [STDERR_REDIRECT] 
2025-01-27 23:51:55,596 [ERROR] LogOutputStream:75 - [STDERR_REDIRECT] [Fatal Error] :1:1: Premature end of file.
2025-01-27 23:51:55,596 [ERROR] LogOutputStream:75 - [STDERR_REDIRECT] 
2025-01-27 23:51:56,603 [ERROR] LogOutputStream:75 - [STDERR_REDIRECT] [Fatal Error] :1:1: Premature end of file.
2025-01-27 23:51:56,603 [ERROR] LogOutputStream:75 - [STDERR_REDIRECT] 
2025-01-27 23:51:57,588 [ERROR] LogOutputStream:75 - [STDERR_REDIRECT] [Fatal Error] :1:1: Premature end of file.
2025-01-27 23:51:57,588 [ERROR] LogOutputStream:75 - [STDERR_REDIRECT] 
2025-01-27 23:51:58,601 [ERROR] LogOutputStream:75 - [STDERR_REDIRECT] [Fatal Error] :1:1: Premature end of file.
2025-01-27 23:51:58,601 [ERROR] LogOutputStream:75 - [STDERR_REDIRECT] 
2025-01-27 23:51:59,595 [ERROR] LogOutputStream:75 - [STDERR_REDIRECT] [Fatal Error] :1:1: Premature end of file.
2025-01-27 23:51:59,595 [ERROR] LogOutputStream:75 - [STDERR_REDIRECT] 
2025-01-27 23:52:00,593 [ERROR] LogOutputStream:75 - [STDERR_REDIRECT] [Fatal Error] :1:1: Premature end of file.
2025-01-27 23:52:00,593 [ERROR] LogOutputStream:75 - [STDERR_REDIRECT] 
2025-01-27 23:52:01,599 [ERROR] LogOutputStream:75 - [STDERR_REDIRECT] [Fatal Error] :1:1: Premature end of file.
2025-01-27 23:52:01,599 [ERROR] LogOutputStream:75 - [STDERR_REDIRECT] 
2025-01-27 23:52:02,599 [ERROR] LogOutputStream:75 - [STDERR_REDIRECT] [Fatal Error] :1:1: Premature end of file.
2025-01-27 23:52:02,599 [ERROR] LogOutputStream:75 - [STDERR_REDIRECT] 
2025-01-27 23:52:03,586 [ERROR] LogOutputStream:75 - [STDERR_REDIRECT] [Fatal Error] :1:1: Premature end of file.
2025-01-27 23:52:03,586 [ERROR] LogOutputStream:75 - [STDERR_REDIRECT] 
2025-01-27 23:52:04,600 [ERROR] LogOutputStream:75 - [STDERR_REDIRECT] [Fatal Error] :1:1: Premature end of file.
2025-01-27 23:52:04,600 [ERROR] LogOutputStream:75 - [STDERR_REDIRECT] 
2025-01-27 23:52:05,596 [ERROR] LogOutputStream:75 - [STDERR_REDIRECT] [Fatal Error] :1:1: Premature end of file.
2025-01-27 23:52:05,596 [ERROR] LogOutputStream:75 - [STDERR_REDIRECT] 
2025-01-27 23:52:06,598 [ERROR] LogOutputStream:75 - [STDERR_REDIRECT] [Fatal Error] :1:1: Premature end of file.
2025-01-27 23:52:06,598 [ERROR] LogOutputStream:75 - [STDERR_REDIRECT] 
2025-01-27 23:52:07,589 [ERROR] LogOutputStream:75 - [STDERR_REDIRECT] [Fatal Error] :1:1: Premature end of file.
2025-01-27 23:52:07,589 [ERROR] LogOutputStream:75 - [STDERR_REDIRECT] 
2025-01-27 23:52:08,599 [ERROR] LogOutputStream:75 - [STDERR_REDIRECT] [Fatal Error] :1:1: Premature end of file.
2025-01-27 23:52:08,599 [ERROR] LogOutputStream:75 - [STDERR_REDIRECT] 
2025-01-27 23:52:09,596 [ERROR] LogOutputStream:75 - [STDERR_REDIRECT] [Fatal Error] :1:1: Premature end of file.
2025-01-27 23:52:09,596 [ERROR] LogOutputStream:75 - [STDERR_REDIRECT] 
2025-01-27 23:52:10,588 [ERROR] LogOutputStream:75 - [STDERR_REDIRECT] [Fatal Error] :1:1: Premature end of file.
2025-01-27 23:52:10,588 [ERROR] LogOutputStream:75 - [STDERR_REDIRECT] 
2025-01-27 23:52:11,591 [ERROR] LogOutputStream:75 - [STDERR_REDIRECT] [Fatal Error] :1:1: Premature end of file.
2025-01-27 23:52:11,591 [ERROR] LogOutputStream:75 - [STDERR_REDIRECT] 
2025-01-27 23:52:12,595 [ERROR] LogOutputStream:75 - [STDERR_REDIRECT] [Fatal Error] :1:1: Premature end of file.
2025-01-27 23:52:12,595 [ERROR] LogOutputStream:75 - [STDERR_REDIRECT] 
2025-01-27 23:52:13,583 [ERROR] LogOutputStream:75 - [STDERR_REDIRECT] [Fatal Error] :1:1: Premature end of file.
2025-01-27 23:52:13,583 [ERROR] LogOutputStream:75 - [STDERR_REDIRECT] 
2025-01-27 23:52:14,601 [ERROR] LogOutputStream:75 - [STDERR_REDIRECT] [Fatal Error] :1:1: Premature end of file.
2025-01-27 23:52:14,601 [ERROR] LogOutputStream:75 - [STDERR_REDIRECT] 
2025-01-27 23:52:15,586 [ERROR] LogOutputStream:75 - [STDERR_REDIRECT] [Fatal Error] :1:1: Premature end of file.
2025-01-27 23:52:15,586 [ERROR] LogOutputStream:75 - [STDERR_REDIRECT] 
2025-01-27 23:52:16,595 [ERROR] LogOutputStream:75 - [STDERR_REDIRECT] [Fatal Error] :1:1: Premature end of file.
2025-01-27 23:52:16,595 [ERROR] LogOutputStream:75 - [STDERR_REDIRECT] 
2025-01-27 23:52:17,581 [ERROR] LogOutputStream:75 - [STDERR_REDIRECT] [Fatal Error] :1:1: Premature end of file.
2025-01-27 23:52:17,583 [ERROR] LogOutputStream:75 - [STDERR_REDIRECT] 
2025-01-27 23:52:18,601 [ERROR] LogOutputStream:75 - [STDERR_REDIRECT] [Fatal Error] :1:1: Premature end of file.
2025-01-27 23:52:18,601 [ERROR] LogOutputStream:75 - [STDERR_REDIRECT] 
2025-01-27 23:52:19,598 [ERROR] LogOutputStream:75 - [STDERR_REDIRECT] [Fatal Error] :1:1: Premature end of file.
2025-01-27 23:52:19,598 [ERROR] LogOutputStream:75 - [STDERR_REDIRECT] 
2025-01-27 23:52:20,594 [ERROR] LogOutputStream:75 - [STDERR_REDIRECT] [Fatal Error] :1:1: Premature end of file.
2025-01-27 23:52:20,594 [ERROR] LogOutputStream:75 - [STDERR_REDIRECT] 
2025-01-27 23:52:21,599 [ERROR] LogOutputStream:75 - [STDERR_REDIRECT] [Fatal Error] :1:1: Premature end of file.
2025-01-27 23:52:21,599 [ERROR] LogOutputStream:75 - [STDERR_REDIRECT] 
2025-01-27 23:52:22,588 [ERROR] LogOutputStream:75 - [STDERR_REDIRECT] [Fatal Error] :1:1: Premature end of file.
2025-01-27 23:52:22,588 [ERROR] LogOutputStream:75 - [STDERR_REDIRECT] 
2025-01-27 23:52:23,592 [ERROR] LogOutputStream:75 - [STDERR_REDIRECT] [Fatal Error] :1:1: Premature end of file.
2025-01-27 23:52:23,593 [ERROR] LogOutputStream:75 - [STDERR_REDIRECT] 
2025-01-27 23:52:24,584 [ERROR] LogOutputStream:75 - [STDERR_REDIRECT] [Fatal Error] :1:1: Premature end of file.
2025-01-27 23:52:24,584 [ERROR] LogOutputStream:75 - [STDERR_REDIRECT] 
2025-01-27 23:52:25,592 [ERROR] LogOutputStream:75 - [STDERR_REDIRECT] [Fatal Error] :1:1: Premature end of file.
2025-01-27 23:52:25,593 [ERROR] LogOutputStream:75 - [STDERR_REDIRECT] 
2025-01-27 23:52:26,598 [ERROR] LogOutputStream:75 - [STDERR_REDIRECT] [Fatal Error] :1:1: Premature end of file.
2025-01-27 23:52:26,599 [ERROR] LogOutputStream:75 - [STDERR_REDIRECT] 
2025-01-27 23:52:27,587 [ERROR] LogOutputStream:75 - [STDERR_REDIRECT] [Fatal Error] :1:1: Premature end of file.
2025-01-27 23:52:27,587 [ERROR] LogOutputStream:75 - [STDERR_REDIRECT] 
2025-01-27 23:52:28,598 [ERROR] LogOutputStream:75 - [STDERR_REDIRECT] [Fatal Error] :1:1: Premature end of file.
2025-01-27 23:52:28,598 [ERROR] LogOutputStream:75 - [STDERR_REDIRECT] 
2025-01-27 23:52:29,601 [ERROR] LogOutputStream:75 - [STDERR_REDIRECT] [Fatal Error] :1:1: Premature end of file.
2025-01-27 23:52:29,601 [ERROR] LogOutputStream:75 - [STDERR_REDIRECT] 
2025-01-27 23:52:30,595 [ERROR] LogOutputStream:75 - [STDERR_REDIRECT] [Fatal Error] :1:1: Premature end of file.
2025-01-27 23:52:30,595 [ERROR] LogOutputStream:75 - [STDERR_REDIRECT] 
2025-01-27 23:52:31,589 [ERROR] LogOutputStream:75 - [STDERR_REDIRECT] [Fatal Error] :1:1: Premature end of file.
2025-01-27 23:52:31,589 [ERROR] LogOutputStream:75 - [STDERR_REDIRECT] 
2025-01-27 23:52:32,599 [ERROR] LogOutputStream:75 - [STDERR_REDIRECT] [Fatal Error] :1:1: Premature end of file.
2025-01-27 23:52:32,599 [ERROR] LogOutputStream:75 - [STDERR_REDIRECT] 
2025-01-27 23:52:33,587 [ERROR] LogOutputStream:75 - [STDERR_REDIRECT] [Fatal Error] :1:1: Premature end of file.
2025-01-27 23:52:33,587 [ERROR] LogOutputStream:75 - [STDERR_REDIRECT] 
2025-01-27 23:52:34,593 [ERROR] LogOutputStream:75 - [STDERR_REDIRECT] [Fatal Error] :1:1: Premature end of file.
2025-01-27 23:52:34,594 [ERROR] LogOutputStream:75 - [STDERR_REDIRECT] 
2025-01-27 23:52:35,606 [ERROR] LogOutputStream:75 - [STDERR_REDIRECT] [Fatal Error] :1:1: Premature end of file.
2025-01-27 23:52:35,606 [ERROR] LogOutputStream:75 - [STDERR_REDIRECT] 
2025-01-27 23:52:36,597 [ERROR] LogOutputStream:75 - [STDERR_REDIRECT] [Fatal Error] :1:1: Premature end of file.
2025-01-27 23:52:36,597 [ERROR] LogOutputStream:75 - [STDERR_REDIRECT] 
2025-01-27 23:52:37,599 [ERROR] LogOutputStream:75 - [STDERR_REDIRECT] [Fatal Error] :1:1: Premature end of file.
2025-01-27 23:52:37,599 [ERROR] LogOutputStream:75 - [STDERR_REDIRECT] 
2025-01-27 23:52:38,603 [ERROR] LogOutputStream:75 - [STDERR_REDIRECT] [Fatal Error] :1:1: Premature end of file.
2025-01-27 23:52:38,603 [ERROR] LogOutputStream:75 - [STDERR_REDIRECT] 
2025-01-27 23:52:39,593 [ERROR] LogOutputStream:75 - [STDERR_REDIRECT] [Fatal Error] :1:1: Premature end of file.
2025-01-27 23:52:39,593 [ERROR] LogOutputStream:75 - [STDERR_REDIRECT] 
2025-01-27 23:52:40,589 [ERROR] LogOutputStream:75 - [STDERR_REDIRECT] [Fatal Error] :1:1: Premature end of file.
2025-01-27 23:52:40,589 [ERROR] LogOutputStream:75 - [STDERR_REDIRECT] 
2025-01-27 23:52:41,601 [ERROR] LogOutputStream:75 - [STDERR_REDIRECT] [Fatal Error] :1:1: Premature end of file.
2025-01-27 23:52:41,601 [ERROR] LogOutputStream:75 - [STDERR_REDIRECT] 
2025-01-27 23:52:42,599 [ERROR] LogOutputStream:75 - [STDERR_REDIRECT] [Fatal Error] :1:1: Premature end of file.
2025-01-27 23:52:42,599 [ERROR] LogOutputStream:75 - [STDERR_REDIRECT] 
2025-01-27 23:52:43,594 [ERROR] LogOutputStream:75 - [STDERR_REDIRECT] [Fatal Error] :1:1: Premature end of file.
2025-01-27 23:52:43,594 [ERROR] LogOutputStream:75 - [STDERR_REDIRECT] 
2025-01-27 23:52:44,597 [ERROR] LogOutputStream:75 - [STDERR_REDIRECT] [Fatal Error] :1:1: Premature end of file.
2025-01-27 23:52:44,597 [ERROR] LogOutputStream:75 - [STDERR_REDIRECT] 
2025-01-27 23:52:45,592 [ERROR] LogOutputStream:75 - [STDERR_REDIRECT] [Fatal Error] :1:1: Premature end of file.
2025-01-27 23:52:45,592 [ERROR] LogOutputStream:75 - [STDERR_REDIRECT] 
2025-01-27 23:52:46,594 [ERROR] LogOutputStream:75 - [STDERR_REDIRECT] [Fatal Error] :1:1: Premature end of file.
2025-01-27 23:52:46,594 [ERROR] LogOutputStream:75 - [STDERR_REDIRECT] 
2025-01-27 23:52:47,597 [ERROR] LogOutputStream:75 - [STDERR_REDIRECT] [Fatal Error] :1:1: Premature end of file.
2025-01-27 23:52:47,597 [ERROR] LogOutputStream:75 - [STDERR_REDIRECT] 
2025-01-27 23:52:48,588 [ERROR] LogOutputStream:75 - [STDERR_REDIRECT] [Fatal Error] :1:1: Premature end of file.
2025-01-27 23:52:48,589 [ERROR] LogOutputStream:75 - [STDERR_REDIRECT] 
2025-01-27 23:52:49,589 [ERROR] LogOutputStream:75 - [STDERR_REDIRECT] [Fatal Error] :1:1: Premature end of file.
2025-01-27 23:52:49,589 [ERROR] LogOutputStream:75 - [STDERR_REDIRECT] 
2025-01-27 23:52:50,595 [ERROR] LogOutputStream:75 - [STDERR_REDIRECT] [Fatal Error] :1:1: Premature end of file.
2025-01-27 23:52:50,595 [ERROR] LogOutputStream:75 - [STDERR_REDIRECT] 
2025-01-27 23:52:51,601 [ERROR] LogOutputStream:75 - [STDERR_REDIRECT] [Fatal Error] :1:1: Premature end of file.
2025-01-27 23:52:51,601 [ERROR] LogOutputStream:75 - [STDERR_REDIRECT] 
2025-01-27 23:52:52,587 [ERROR] LogOutputStream:75 - [STDERR_REDIRECT] [Fatal Error] :1:1: Premature end of file.
2025-01-27 23:52:52,587 [ERROR] LogOutputStream:75 - [STDERR_REDIRECT] 
2025-01-27 23:52:53,600 [ERROR] LogOutputStream:75 - [STDERR_REDIRECT] [Fatal Error] :1:1: Premature end of file.
2025-01-27 23:52:53,600 [ERROR] LogOutputStream:75 - [STDERR_REDIRECT] 
2025-01-27 23:52:54,586 [ERROR] LogOutputStream:75 - [STDERR_REDIRECT] [Fatal Error] :1:1: Premature end of file.
2025-01-27 23:52:54,586 [ERROR] LogOutputStream:75 - [STDERR_REDIRECT] 
2025-01-27 23:52:55,593 [ERROR] LogOutputStream:75 - [STDERR_REDIRECT] [Fatal Error] :1:1: Premature end of file.
2025-01-27 23:52:55,593 [ERROR] LogOutputStream:75 - [STDERR_REDIRECT] 
2025-01-27 23:52:56,593 [ERROR] LogOutputStream:75 - [STDERR_REDIRECT] [Fatal Error] :1:1: Premature end of file.
2025-01-27 23:52:56,593 [ERROR] LogOutputStream:75 - [STDERR_REDIRECT] 
2025-01-27 23:52:57,596 [ERROR] LogOutputStream:75 - [STDERR_REDIRECT] [Fatal Error] :1:1: Premature end of file.
2025-01-27 23:52:57,596 [ERROR] LogOutputStream:75 - [STDERR_REDIRECT] 
2025-01-27 23:52:58,604 [ERROR] LogOutputStream:75 - [STDERR_REDIRECT] [Fatal Error] :1:1: Premature end of file.
2025-01-27 23:52:58,604 [ERROR] LogOutputStream:75 - [STDERR_REDIRECT] 
2025-01-27 23:52:59,597 [ERROR] LogOutputStream:75 - [STDERR_REDIRECT] [Fatal Error] :1:1: Premature end of file.
2025-01-27 23:52:59,597 [ERROR] LogOutputStream:75 - [STDERR_REDIRECT] 
2025-01-27 23:53:00,590 [ERROR] LogOutputStream:75 - [STDERR_REDIRECT] [Fatal Error] :1:1: Premature end of file.
2025-01-27 23:53:00,590 [ERROR] LogOutputStream:75 - [STDERR_REDIRECT] 
2025-01-27 23:53:01,600 [ERROR] LogOutputStream:75 - [STDERR_REDIRECT] [Fatal Error] :1:1: Premature end of file.
2025-01-27 23:53:01,600 [ERROR] LogOutputStream:75 - [STDERR_REDIRECT] 
2025-01-27 23:53:02,600 [ERROR] LogOutputStream:75 - [STDERR_REDIRECT] [Fatal Error] :1:1: Premature end of file.
2025-01-27 23:53:02,600 [ERROR] LogOutputStream:75 - [STDERR_REDIRECT] 
2025-01-27 23:53:03,600 [ERROR] LogOutputStream:75 - [STDERR_REDIRECT] [Fatal Error] :1:1: Premature end of file.
2025-01-27 23:53:03,600 [ERROR] LogOutputStream:75 - [STDERR_REDIRECT] 
2025-01-27 23:53:04,600 [ERROR] LogOutputStream:75 - [STDERR_REDIRECT] [Fatal Error] :1:1: Premature end of file.
2025-01-27 23:53:04,600 [ERROR] LogOutputStream:75 - [STDERR_REDIRECT] 
2025-01-27 23:53:05,590 [ERROR] LogOutputStream:75 - [STDERR_REDIRECT] [Fatal Error] :1:1: Premature end of file.
2025-01-27 23:53:05,590 [ERROR] LogOutputStream:75 - [STDERR_REDIRECT] 
2025-01-27 23:53:06,585 [ERROR] LogOutputStream:75 - [STDERR_REDIRECT] [Fatal Error] :1:1: Premature end of file.
2025-01-27 23:53:06,585 [ERROR] LogOutputStream:75 - [STDERR_REDIRECT] 
2025-01-27 23:53:07,594 [ERROR] LogOutputStream:75 - [STDERR_REDIRECT] [Fatal Error] :1:1: Premature end of file.
2025-01-27 23:53:07,594 [ERROR] LogOutputStream:75 - [STDERR_REDIRECT] 
2025-01-27 23:53:08,604 [ERROR] LogOutputStream:75 - [STDERR_REDIRECT] [Fatal Error] :1:1: Premature end of file.
2025-01-27 23:53:08,604 [ERROR] LogOutputStream:75 - [STDERR_REDIRECT] 
2025-01-27 23:53:09,582 [ERROR] LogOutputStream:75 - [STDERR_REDIRECT] [Fatal Error] :1:1: Premature end of file.
2025-01-27 23:53:09,582 [ERROR] LogOutputStream:75 - [STDERR_REDIRECT] 
2025-01-27 23:53:10,591 [ERROR] LogOutputStream:75 - [STDERR_REDIRECT] [Fatal Error] :1:1: Premature end of file.
2025-01-27 23:53:10,591 [ERROR] LogOutputStream:75 - [STDERR_REDIRECT] 
2025-01-27 23:53:11,601 [ERROR] LogOutputStream:75 - [STDERR_REDIRECT] [Fatal Error] :1:1: Premature end of file.
2025-01-27 23:53:11,601 [ERROR] LogOutputStream:75 - [STDERR_REDIRECT] 
2025-01-27 23:53:12,589 [ERROR] LogOutputStream:75 - [STDERR_REDIRECT] [Fatal Error] :1:1: Premature end of file.
2025-01-27 23:53:12,589 [ERROR] LogOutputStream:75 - [STDERR_REDIRECT] 
2025-01-27 23:53:13,591 [ERROR] LogOutputStream:75 - [STDERR_REDIRECT] [Fatal Error] :1:1: Premature end of file.
2025-01-27 23:53:13,591 [ERROR] LogOutputStream:75 - [STDERR_REDIRECT] 
2025-01-27 23:53:14,599 [ERROR] LogOutputStream:75 - [STDERR_REDIRECT] [Fatal Error] :1:1: Premature end of file.
2025-01-27 23:53:14,599 [ERROR] LogOutputStream:75 - [STDERR_REDIRECT] 
2025-01-27 23:53:15,583 [ERROR] LogOutputStream:75 - [STDERR_REDIRECT] [Fatal Error] :1:1: Premature end of file.
2025-01-27 23:53:15,583 [ERROR] LogOutputStream:75 - [STDERR_REDIRECT] 
2025-01-27 23:53:16,587 [ERROR] LogOutputStream:75 - [STDERR_REDIRECT] [Fatal Error] :1:1: Premature end of file.
2025-01-27 23:53:16,587 [ERROR] LogOutputStream:75 - [STDERR_REDIRECT] 
2025-01-27 23:53:17,599 [ERROR] LogOutputStream:75 - [STDERR_REDIRECT] [Fatal Error] :1:1: Premature end of file.
2025-01-27 23:53:17,599 [ERROR] LogOutputStream:75 - [STDERR_REDIRECT] 
2025-01-27 23:53:18,607 [ERROR] LogOutputStream:75 - [STDERR_REDIRECT] [Fatal Error] :1:1: Premature end of file.
2025-01-27 23:53:18,607 [ERROR] LogOutputStream:75 - [STDERR_REDIRECT] 
2025-01-27 23:53:19,601 [ERROR] LogOutputStream:75 - [STDERR_REDIRECT] [Fatal Error] :1:1: Premature end of file.
2025-01-27 23:53:19,601 [ERROR] LogOutputStream:75 - [STDERR_REDIRECT] 
2025-01-27 23:53:20,592 [ERROR] LogOutputStream:75 - [STDERR_REDIRECT] [Fatal Error] :1:1: Premature end of file.
2025-01-27 23:53:20,593 [ERROR] LogOutputStream:75 - [STDERR_REDIRECT] 
2025-01-27 23:53:21,586 [ERROR] LogOutputStream:75 - [STDERR_REDIRECT] [Fatal Error] :1:1: Premature end of file.
2025-01-27 23:53:21,586 [ERROR] LogOutputStream:75 - [STDERR_REDIRECT] 
2025-01-27 23:53:22,600 [ERROR] LogOutputStream:75 - [STDERR_REDIRECT] [Fatal Error] :1:1: Premature end of file.
2025-01-27 23:53:22,600 [ERROR] LogOutputStream:75 - [STDERR_REDIRECT] 
2025-01-27 23:53:23,598 [ERROR] LogOutputStream:75 - [STDERR_REDIRECT] [Fatal Error] :1:1: Premature end of file.
2025-01-27 23:53:23,598 [ERROR] LogOutputStream:75 - [STDERR_REDIRECT] 
2025-01-27 23:53:24,592 [ERROR] LogOutputStream:75 - [STDERR_REDIRECT] [Fatal Error] :1:1: Premature end of file.
2025-01-27 23:53:24,592 [ERROR] LogOutputStream:75 - [STDERR_REDIRECT] 
2025-01-27 23:53:25,594 [ERROR] LogOutputStream:75 - [STDERR_REDIRECT] [Fatal Error] :1:1: Premature end of file.
2025-01-27 23:53:25,595 [ERROR] LogOutputStream:75 - [STDERR_REDIRECT] 
2025-01-27 23:53:26,599 [ERROR] LogOutputStream:75 - [STDERR_REDIRECT] [Fatal Error] :1:1: Premature end of file.
2025-01-27 23:53:26,599 [ERROR] LogOutputStream:75 - [STDERR_REDIRECT] 
2025-01-27 23:53:27,584 [ERROR] LogOutputStream:75 - [STDERR_REDIRECT] [Fatal Error] :1:1: Premature end of file.
2025-01-27 23:53:27,584 [ERROR] LogOutputStream:75 - [STDERR_REDIRECT] 
2025-01-27 23:53:28,596 [ERROR] LogOutputStream:75 - [STDERR_REDIRECT] [Fatal Error] :1:1: Premature end of file.
2025-01-27 23:53:28,596 [ERROR] LogOutputStream:75 - [STDERR_REDIRECT] 
2025-01-27 23:53:29,599 [ERROR] LogOutputStream:75 - [STDERR_REDIRECT] [Fatal Error] :1:1: Premature end of file.
2025-01-27 23:53:29,599 [ERROR] LogOutputStream:75 - [STDERR_REDIRECT] 
2025-01-27 23:53:30,593 [ERROR] LogOutputStream:75 - [STDERR_REDIRECT] [Fatal Error] :1:1: Premature end of file.
2025-01-27 23:53:30,593 [ERROR] LogOutputStream:75 - [STDERR_REDIRECT] 
2025-01-27 23:53:31,590 [ERROR] LogOutputStream:75 - [STDERR_REDIRECT] [Fatal Error] :1:1: Premature end of file.
2025-01-27 23:53:31,590 [ERROR] LogOutputStream:75 - [STDERR_REDIRECT] 
2025-01-27 23:53:32,596 [ERROR] LogOutputStream:75 - [STDERR_REDIRECT] [Fatal Error] :1:1: Premature end of file.
2025-01-27 23:53:32,596 [ERROR] LogOutputStream:75 - [STDERR_REDIRECT] 
2025-01-27 23:53:33,584 [ERROR] LogOutputStream:75 - [STDERR_REDIRECT] [Fatal Error] :1:1: Premature end of file.
2025-01-27 23:53:33,585 [ERROR] LogOutputStream:75 - [STDERR_REDIRECT] 
2025-01-27 23:53:34,576 [ERROR] LogOutputStream:75 - [STDERR_REDIRECT] [Fatal Error] :1:1: Premature end of file.
2025-01-27 23:53:34,576 [ERROR] LogOutputStream:75 - [STDERR_REDIRECT] 
2025-01-27 23:53:35,578 [ERROR] LogOutputStream:75 - [STDERR_REDIRECT] [Fatal Error] :1:1: Premature end of file.
2025-01-27 23:53:35,578 [ERROR] LogOutputStream:75 - [STDERR_REDIRECT] 
2025-01-27 23:53:36,579 [ERROR] LogOutputStream:75 - [STDERR_REDIRECT] [Fatal Error] :1:1: Premature end of file.
2025-01-27 23:53:36,579 [ERROR] LogOutputStream:75 - [STDERR_REDIRECT] 
2025-01-27 23:53:37,590 [ERROR] LogOutputStream:75 - [STDERR_REDIRECT] [Fatal Error] :1:1: Premature end of file.
2025-01-27 23:53:37,590 [ERROR] LogOutputStream:75 - [STDERR_REDIRECT] 
2025-01-27 23:53:38,593 [ERROR] LogOutputStream:75 - [STDERR_REDIRECT] [Fatal Error] :1:1: Premature end of file.
2025-01-27 23:53:38,593 [ERROR] LogOutputStream:75 - [STDERR_REDIRECT] 
2025-01-27 23:53:39,577 [ERROR] LogOutputStream:75 - [STDERR_REDIRECT] [Fatal Error] :1:1: Premature end of file.
2025-01-27 23:53:39,577 [ERROR] LogOutputStream:75 - [STDERR_REDIRECT] 
2025-01-27 23:53:40,584 [ERROR] LogOutputStream:75 - [STDERR_REDIRECT] [Fatal Error] :1:1: Premature end of file.
2025-01-27 23:53:40,586 [ERROR] LogOutputStream:75 - [STDERR_REDIRECT] 
2025-01-27 23:53:41,601 [ERROR] LogOutputStream:75 - [STDERR_REDIRECT] [Fatal Error] :1:1: Premature end of file.
2025-01-27 23:53:41,601 [ERROR] LogOutputStream:75 - [STDERR_REDIRECT] 
2025-01-27 23:53:42,598 [ERROR] LogOutputStream:75 - [STDERR_REDIRECT] [Fatal Error] :1:1: Premature end of file.
2025-01-27 23:53:42,598 [ERROR] LogOutputStream:75 - [STDERR_REDIRECT] 
2025-01-27 23:53:43,601 [ERROR] LogOutputStream:75 - [STDERR_REDIRECT] [Fatal Error] :1:1: Premature end of file.
2025-01-27 23:53:43,601 [ERROR] LogOutputStream:75 - [STDERR_REDIRECT] 
2025-01-27 23:53:44,620 [ERROR] LogOutputStream:75 - [STDERR_REDIRECT] [Fatal Error] :1:1: Premature end of file.
2025-01-27 23:53:44,620 [ERROR] LogOutputStream:75 - [STDERR_REDIRECT] 
2025-01-27 23:53:45,594 [ERROR] LogOutputStream:75 - [STDERR_REDIRECT] [Fatal Error] :1:1: Premature end of file.
2025-01-27 23:53:45,594 [ERROR] LogOutputStream:75 - [STDERR_REDIRECT] 
2025-01-27 23:53:46,609 [ERROR] LogOutputStream:75 - [STDERR_REDIRECT] [Fatal Error] :1:1: Premature end of file.
2025-01-27 23:53:46,609 [ERROR] LogOutputStream:75 - [STDERR_REDIRECT] 
2025-01-27 23:53:47,601 [ERROR] LogOutputStream:75 - [STDERR_REDIRECT] [Fatal Error] :1:1: Premature end of file.
2025-01-27 23:53:47,601 [ERROR] LogOutputStream:75 - [STDERR_REDIRECT] 
2025-01-27 23:53:48,590 [ERROR] LogOutputStream:75 - [STDERR_REDIRECT] [Fatal Error] :1:1: Premature end of file.
2025-01-27 23:53:48,592 [ERROR] LogOutputStream:75 - [STDERR_REDIRECT] 
2025-01-27 23:53:49,583 [ERROR] LogOutputStream:75 - [STDERR_REDIRECT] [Fatal Error] :1:1: Premature end of file.
2025-01-27 23:53:49,583 [ERROR] LogOutputStream:75 - [STDERR_REDIRECT] 
2025-01-27 23:53:50,599 [ERROR] LogOutputStream:75 - [STDERR_REDIRECT] [Fatal Error] :1:1: Premature end of file.
2025-01-27 23:53:50,600 [ERROR] LogOutputStream:75 - [STDERR_REDIRECT] 
2025-01-27 23:53:51,599 [ERROR] LogOutputStream:75 - [STDERR_REDIRECT] [Fatal Error] :1:1: Premature end of file.
2025-01-27 23:53:51,599 [ERROR] LogOutputStream:75 - [STDERR_REDIRECT] 
2025-01-27 23:53:52,597 [ERROR] LogOutputStream:75 - [STDERR_REDIRECT] [Fatal Error] :1:1: Premature end of file.
2025-01-27 23:53:52,597 [ERROR] LogOutputStream:75 - [STDERR_REDIRECT] 
2025-01-27 23:53:53,598 [ERROR] LogOutputStream:75 - [STDERR_REDIRECT] [Fatal Error] :1:1: Premature end of file.
2025-01-27 23:53:53,598 [ERROR] LogOutputStream:75 - [STDERR_REDIRECT] 
2025-01-27 23:53:54,592 [ERROR] LogOutputStream:75 - [STDERR_REDIRECT] [Fatal Error] :1:1: Premature end of file.
2025-01-27 23:53:54,592 [ERROR] LogOutputStream:75 - [STDERR_REDIRECT] 
2025-01-27 23:53:55,605 [ERROR] LogOutputStream:75 - [STDERR_REDIRECT] [Fatal Error] :1:1: Premature end of file.
2025-01-27 23:53:55,605 [ERROR] LogOutputStream:75 - [STDERR_REDIRECT] 
2025-01-27 23:53:56,587 [ERROR] LogOutputStream:75 - [STDERR_REDIRECT] [Fatal Error] :1:1: Premature end of file.
2025-01-27 23:53:56,587 [ERROR] LogOutputStream:75 - [STDERR_REDIRECT] 
2025-01-27 23:53:57,594 [ERROR] LogOutputStream:75 - [STDERR_REDIRECT] [Fatal Error] :1:1: Premature end of file.
2025-01-27 23:53:57,595 [ERROR] LogOutputStream:75 - [STDERR_REDIRECT] 
2025-01-27 23:53:58,587 [ERROR] LogOutputStream:75 - [STDERR_REDIRECT] [Fatal Error] :1:1: Premature end of file.
2025-01-27 23:53:58,587 [ERROR] LogOutputStream:75 - [STDERR_REDIRECT] 
2025-01-27 23:53:59,611 [ERROR] LogOutputStream:75 - [STDERR_REDIRECT] [Fatal Error] :1:1: Premature end of file.
2025-01-27 23:53:59,611 [ERROR] LogOutputStream:75 - [STDERR_REDIRECT] 
2025-01-27 23:54:00,612 [ERROR] LogOutputStream:75 - [STDERR_REDIRECT] [Fatal Error] :1:1: Premature end of file.
2025-01-27 23:54:00,612 [ERROR] LogOutputStream:75 - [STDERR_REDIRECT] 
2025-01-27 23:54:01,593 [ERROR] LogOutputStream:75 - [STDERR_REDIRECT] [Fatal Error] :1:1: Premature end of file.
2025-01-27 23:54:01,593 [ERROR] LogOutputStream:75 - [STDERR_REDIRECT] 
2025-01-27 23:54:02,622 [ERROR] LogOutputStream:75 - [STDERR_REDIRECT] [Fatal Error] :1:1: Premature end of file.
2025-01-27 23:54:02,622 [ERROR] LogOutputStream:75 - [STDERR_REDIRECT] 
2025-01-27 23:54:03,589 [ERROR] LogOutputStream:75 - [STDERR_REDIRECT] [Fatal Error] :1:1: Premature end of file.
2025-01-27 23:54:03,589 [ERROR] LogOutputStream:75 - [STDERR_REDIRECT] 
2025-01-27 23:54:04,578 [ERROR] LogOutputStream:75 - [STDERR_REDIRECT] [Fatal Error] :1:1: Premature end of file.
2025-01-27 23:54:04,578 [ERROR] LogOutputStream:75 - [STDERR_REDIRECT] 
2025-01-27 23:54:05,598 [ERROR] LogOutputStream:75 - [STDERR_REDIRECT] [Fatal Error] :1:1: Premature end of file.
2025-01-27 23:54:05,598 [ERROR] LogOutputStream:75 - [STDERR_REDIRECT] 
2025-01-27 23:54:06,603 [ERROR] LogOutputStream:75 - [STDERR_REDIRECT] [Fatal Error] :1:1: Premature end of file.
2025-01-27 23:54:06,603 [ERROR] LogOutputStream:75 - [STDERR_REDIRECT] 
2025-01-27 23:54:07,595 [ERROR] LogOutputStream:75 - [STDERR_REDIRECT] [Fatal Error] :1:1: Premature end of file.
2025-01-27 23:54:07,595 [ERROR] LogOutputStream:75 - [STDERR_REDIRECT] 
2025-01-27 23:54:08,594 [ERROR] LogOutputStream:75 - [STDERR_REDIRECT] [Fatal Error] :1:1: Premature end of file.
2025-01-27 23:54:08,594 [ERROR] LogOutputStream:75 - [STDERR_REDIRECT] 
2025-01-27 23:54:09,597 [ERROR] LogOutputStream:75 - [STDERR_REDIRECT] [Fatal Error] :1:1: Premature end of file.
2025-01-27 23:54:09,597 [ERROR] LogOutputStream:75 - [STDERR_REDIRECT] 
2025-01-27 23:54:10,598 [ERROR] LogOutputStream:75 - [STDERR_REDIRECT] [Fatal Error] :1:1: Premature end of file.
2025-01-27 23:54:10,598 [ERROR] LogOutputStream:75 - [STDERR_REDIRECT] 
2025-01-27 23:54:11,607 [ERROR] LogOutputStream:75 - [STDERR_REDIRECT] [Fatal Error] :1:1: Premature end of file.
2025-01-27 23:54:11,607 [ERROR] LogOutputStream:75 - [STDERR_REDIRECT] 
2025-01-27 23:54:12,608 [ERROR] LogOutputStream:75 - [STDERR_REDIRECT] [Fatal Error] :1:1: Premature end of file.
2025-01-27 23:54:12,608 [ERROR] LogOutputStream:75 - [STDERR_REDIRECT] 
2025-01-27 23:54:13,590 [ERROR] LogOutputStream:75 - [STDERR_REDIRECT] [Fatal Error] :1:1: Premature end of file.
2025-01-27 23:54:13,590 [ERROR] LogOutputStream:75 - [STDERR_REDIRECT] 
2025-01-27 23:54:14,596 [ERROR] LogOutputStream:75 - [STDERR_REDIRECT] [Fatal Error] :1:1: Premature end of file.
2025-01-27 23:54:14,596 [ERROR] LogOutputStream:75 - [STDERR_REDIRECT] 
2025-01-27 23:54:15,590 [ERROR] LogOutputStream:75 - [STDERR_REDIRECT] [Fatal Error] :1:1: Premature end of file.
2025-01-27 23:54:15,590 [ERROR] LogOutputStream:75 - [STDERR_REDIRECT] 
2025-01-27 23:54:16,582 [ERROR] LogOutputStream:75 - [STDERR_REDIRECT] [Fatal Error] :1:1: Premature end of file.
2025-01-27 23:54:16,582 [ERROR] LogOutputStream:75 - [STDERR_REDIRECT] 
2025-01-27 23:54:17,598 [ERROR] LogOutputStream:75 - [STDERR_REDIRECT] [Fatal Error] :1:1: Premature end of file.
2025-01-27 23:54:17,598 [ERROR] LogOutputStream:75 - [STDERR_REDIRECT] 
2025-01-27 23:54:18,593 [ERROR] LogOutputStream:75 - [STDERR_REDIRECT] [Fatal Error] :1:1: Premature end of file.
2025-01-27 23:54:18,593 [ERROR] LogOutputStream:75 - [STDERR_REDIRECT] 
2025-01-27 23:54:19,576 [ERROR] LogOutputStream:75 - [STDERR_REDIRECT] [Fatal Error] :1:1: Premature end of file.
2025-01-27 23:54:19,576 [ERROR] LogOutputStream:75 - [STDERR_REDIRECT] 
2025-01-27 23:54:20,597 [ERROR] LogOutputStream:75 - [STDERR_REDIRECT] [Fatal Error] :1:1: Premature end of file.
2025-01-27 23:54:20,597 [ERROR] LogOutputStream:75 - [STDERR_REDIRECT] 
2025-01-27 23:54:21,589 [ERROR] LogOutputStream:75 - [STDERR_REDIRECT] [Fatal Error] :1:1: Premature end of file.
2025-01-27 23:54:21,589 [ERROR] LogOutputStream:75 - [STDERR_REDIRECT] 
2025-01-27 23:54:22,600 [ERROR] LogOutputStream:75 - [STDERR_REDIRECT] [Fatal Error] :1:1: Premature end of file.
2025-01-27 23:54:22,600 [ERROR] LogOutputStream:75 - [STDERR_REDIRECT] 
2025-01-27 23:54:23,592 [ERROR] LogOutputStream:75 - [STDERR_REDIRECT] [Fatal Error] :1:1: Premature end of file.
2025-01-27 23:54:23,592 [ERROR] LogOutputStream:75 - [STDERR_REDIRECT] 
2025-01-27 23:54:24,595 [ERROR] LogOutputStream:75 - [STDERR_REDIRECT] [Fatal Error] :1:1: Premature end of file.
2025-01-27 23:54:24,595 [ERROR] LogOutputStream:75 - [STDERR_REDIRECT] 
2025-01-27 23:54:25,591 [ERROR] LogOutputStream:75 - [STDERR_REDIRECT] [Fatal Error] :1:1: Premature end of file.
2025-01-27 23:54:25,591 [ERROR] LogOutputStream:75 - [STDERR_REDIRECT] 
2025-01-27 23:54:26,588 [ERROR] LogOutputStream:75 - [STDERR_REDIRECT] [Fatal Error] :1:1: Premature end of file.
2025-01-27 23:54:26,588 [ERROR] LogOutputStream:75 - [STDERR_REDIRECT] 
2025-01-27 23:54:27,587 [ERROR] LogOutputStream:75 - [STDERR_REDIRECT] [Fatal Error] :1:1: Premature end of file.
2025-01-27 23:54:27,587 [ERROR] LogOutputStream:75 - [STDERR_REDIRECT] 
2025-01-27 23:54:28,587 [ERROR] LogOutputStream:75 - [STDERR_REDIRECT] [Fatal Error] :1:1: Premature end of file.
2025-01-27 23:54:28,587 [ERROR] LogOutputStream:75 - [STDERR_REDIRECT] 
2025-01-27 23:54:29,591 [ERROR] LogOutputStream:75 - [STDERR_REDIRECT] [Fatal Error] :1:1: Premature end of file.
2025-01-27 23:54:29,591 [ERROR] LogOutputStream:75 - [STDERR_REDIRECT] 
2025-01-27 23:54:30,601 [ERROR] LogOutputStream:75 - [STDERR_REDIRECT] [Fatal Error] :1:1: Premature end of file.
2025-01-27 23:54:30,601 [ERROR] LogOutputStream:75 - [STDERR_REDIRECT] 
2025-01-27 23:54:31,594 [ERROR] LogOutputStream:75 - [STDERR_REDIRECT] [Fatal Error] :1:1: Premature end of file.
2025-01-27 23:54:31,594 [ERROR] LogOutputStream:75 - [STDERR_REDIRECT] 
2025-01-27 23:54:32,605 [ERROR] LogOutputStream:75 - [STDERR_REDIRECT] [Fatal Error] :1:1: Premature end of file.
2025-01-27 23:54:32,605 [ERROR] LogOutputStream:75 - [STDERR_REDIRECT] 
2025-01-27 23:54:33,596 [ERROR] LogOutputStream:75 - [STDERR_REDIRECT] [Fatal Error] :1:1: Premature end of file.
2025-01-27 23:54:33,596 [ERROR] LogOutputStream:75 - [STDERR_REDIRECT] 
2025-01-27 23:54:34,588 [ERROR] LogOutputStream:75 - [STDERR_REDIRECT] [Fatal Error] :1:1: Premature end of file.
2025-01-27 23:54:34,588 [ERROR] LogOutputStream:75 - [STDERR_REDIRECT] 
2025-01-27 23:54:35,586 [ERROR] LogOutputStream:75 - [STDERR_REDIRECT] [Fatal Error] :1:1: Premature end of file.
2025-01-27 23:54:35,586 [ERROR] LogOutputStream:75 - [STDERR_REDIRECT] 
2025-01-27 23:54:36,610 [ERROR] LogOutputStream:75 - [STDERR_REDIRECT] [Fatal Error] :1:1: Premature end of file.
2025-01-27 23:54:36,610 [ERROR] LogOutputStream:75 - [STDERR_REDIRECT] 
2025-01-27 23:54:37,596 [ERROR] LogOutputStream:75 - [STDERR_REDIRECT] [Fatal Error] :1:1: Premature end of file.
2025-01-27 23:54:37,596 [ERROR] LogOutputStream:75 - [STDERR_REDIRECT] 
2025-01-27 23:54:38,594 [ERROR] LogOutputStream:75 - [STDERR_REDIRECT] [Fatal Error] :1:1: Premature end of file.
2025-01-27 23:54:38,594 [ERROR] LogOutputStream:75 - [STDERR_REDIRECT] 
2025-01-27 23:54:39,593 [ERROR] LogOutputStream:75 - [STDERR_REDIRECT] [Fatal Error] :1:1: Premature end of file.
2025-01-27 23:54:39,593 [ERROR] LogOutputStream:75 - [STDERR_REDIRECT] 
2025-01-27 23:54:40,594 [ERROR] LogOutputStream:75 - [STDERR_REDIRECT] [Fatal Error] :1:1: Premature end of file.
2025-01-27 23:54:40,594 [ERROR] LogOutputStream:75 - [STDERR_REDIRECT] 
2025-01-27 23:54:41,592 [ERROR] LogOutputStream:75 - [STDERR_REDIRECT] [Fatal Error] :1:1: Premature end of file.
2025-01-27 23:54:41,592 [ERROR] LogOutputStream:75 - [STDERR_REDIRECT] 
2025-01-27 23:54:42,594 [ERROR] LogOutputStream:75 - [STDERR_REDIRECT] [Fatal Error] :1:1: Premature end of file.
2025-01-27 23:54:42,594 [ERROR] LogOutputStream:75 - [STDERR_REDIRECT] 
2025-01-27 23:54:43,605 [ERROR] LogOutputStream:75 - [STDERR_REDIRECT] [Fatal Error] :1:1: Premature end of file.
2025-01-27 23:54:43,605 [ERROR] LogOutputStream:75 - [STDERR_REDIRECT] 
2025-01-27 23:54:44,591 [ERROR] LogOutputStream:75 - [STDERR_REDIRECT] [Fatal Error] :1:1: Premature end of file.
2025-01-27 23:54:44,591 [ERROR] LogOutputStream:75 - [STDERR_REDIRECT] 
2025-01-27 23:54:45,584 [ERROR] LogOutputStream:75 - [STDERR_REDIRECT] [Fatal Error] :1:1: Premature end of file.
2025-01-27 23:54:45,584 [ERROR] LogOutputStream:75 - [STDERR_REDIRECT] 
2025-01-27 23:54:46,586 [ERROR] LogOutputStream:75 - [STDERR_REDIRECT] [Fatal Error] :1:1: Premature end of file.
2025-01-27 23:54:46,587 [ERROR] LogOutputStream:75 - [STDERR_REDIRECT] 
2025-01-27 23:54:47,587 [ERROR] LogOutputStream:75 - [STDERR_REDIRECT] [Fatal Error] :1:1: Premature end of file.
2025-01-27 23:54:47,587 [ERROR] LogOutputStream:75 - [STDERR_REDIRECT] 
2025-01-27 23:54:48,590 [ERROR] LogOutputStream:75 - [STDERR_REDIRECT] [Fatal Error] :1:1: Premature end of file.
2025-01-27 23:54:48,590 [ERROR] LogOutputStream:75 - [STDERR_REDIRECT] 
2025-01-27 23:54:49,586 [ERROR] LogOutputStream:75 - [STDERR_REDIRECT] [Fatal Error] :1:1: Premature end of file.
2025-01-27 23:54:49,586 [ERROR] LogOutputStream:75 - [STDERR_REDIRECT] 
2025-01-27 23:54:50,590 [ERROR] LogOutputStream:75 - [STDERR_REDIRECT] [Fatal Error] :1:1: Premature end of file.
2025-01-27 23:54:50,590 [ERROR] LogOutputStream:75 - [STDERR_REDIRECT] 
2025-01-27 23:54:51,581 [ERROR] LogOutputStream:75 - [STDERR_REDIRECT] [Fatal Error] :1:1: Premature end of file.
2025-01-27 23:54:51,581 [ERROR] LogOutputStream:75 - [STDERR_REDIRECT] 
2025-01-27 23:54:52,591 [ERROR] LogOutputStream:75 - [STDERR_REDIRECT] [Fatal Error] :1:1: Premature end of file.
2025-01-27 23:54:52,592 [ERROR] LogOutputStream:75 - [STDERR_REDIRECT] 
2025-01-27 23:54:53,590 [ERROR] LogOutputStream:75 - [STDERR_REDIRECT] [Fatal Error] :1:1: Premature end of file.
2025-01-27 23:54:53,590 [ERROR] LogOutputStream:75 - [STDERR_REDIRECT] 
2025-01-27 23:54:54,597 [ERROR] LogOutputStream:75 - [STDERR_REDIRECT] [Fatal Error] :1:1: Premature end of file.
2025-01-27 23:54:54,597 [ERROR] LogOutputStream:75 - [STDERR_REDIRECT] 
2025-01-27 23:54:55,589 [ERROR] LogOutputStream:75 - [STDERR_REDIRECT] [Fatal Error] :1:1: Premature end of file.
2025-01-27 23:54:55,589 [ERROR] LogOutputStream:75 - [STDERR_REDIRECT] 
2025-01-27 23:54:56,588 [ERROR] LogOutputStream:75 - [STDERR_REDIRECT] [Fatal Error] :1:1: Premature end of file.
2025-01-27 23:54:56,588 [ERROR] LogOutputStream:75 - [STDERR_REDIRECT] 
2025-01-27 23:54:57,594 [ERROR] LogOutputStream:75 - [STDERR_REDIRECT] [Fatal Error] :1:1: Premature end of file.
2025-01-27 23:54:57,594 [ERROR] LogOutputStream:75 - [STDERR_REDIRECT] 
2025-01-27 23:54:58,596 [ERROR] LogOutputStream:75 - [STDERR_REDIRECT] [Fatal Error] :1:1: Premature end of file.
2025-01-27 23:54:58,596 [ERROR] LogOutputStream:75 - [STDERR_REDIRECT] 
2025-01-27 23:54:59,606 [ERROR] LogOutputStream:75 - [STDERR_REDIRECT] [Fatal Error] :1:1: Premature end of file.
2025-01-27 23:54:59,606 [ERROR] LogOutputStream:75 - [STDERR_REDIRECT] 
2025-01-27 23:55:00,592 [ERROR] LogOutputStream:75 - [STDERR_REDIRECT] [Fatal Error] :1:1: Premature end of file.
2025-01-27 23:55:00,592 [ERROR] LogOutputStream:75 - [STDERR_REDIRECT] 
2025-01-27 23:55:01,591 [ERROR] LogOutputStream:75 - [STDERR_REDIRECT] [Fatal Error] :1:1: Premature end of file.
2025-01-27 23:55:01,591 [ERROR] LogOutputStream:75 - [STDERR_REDIRECT] 
2025-01-27 23:55:02,587 [ERROR] LogOutputStream:75 - [STDERR_REDIRECT] [Fatal Error] :1:1: Premature end of file.
2025-01-27 23:55:02,587 [ERROR] LogOutputStream:75 - [STDERR_REDIRECT] 
2025-01-27 23:55:03,600 [ERROR] LogOutputStream:75 - [STDERR_REDIRECT] [Fatal Error] :1:1: Premature end of file.
2025-01-27 23:55:03,600 [ERROR] LogOutputStream:75 - [STDERR_REDIRECT] 
2025-01-27 23:55:04,589 [ERROR] LogOutputStream:75 - [STDERR_REDIRECT] [Fatal Error] :1:1: Premature end of file.
2025-01-27 23:55:04,589 [ERROR] LogOutputStream:75 - [STDERR_REDIRECT] 
2025-01-27 23:55:05,591 [ERROR] LogOutputStream:75 - [STDERR_REDIRECT] [Fatal Error] :1:1: Premature end of file.
2025-01-27 23:55:05,591 [ERROR] LogOutputStream:75 - [STDERR_REDIRECT] 
2025-01-27 23:55:06,595 [ERROR] LogOutputStream:75 - [STDERR_REDIRECT] [Fatal Error] :1:1: Premature end of file.
2025-01-27 23:55:06,595 [ERROR] LogOutputStream:75 - [STDERR_REDIRECT] 
2025-01-27 23:55:07,590 [ERROR] LogOutputStream:75 - [STDERR_REDIRECT] [Fatal Error] :1:1: Premature end of file.
2025-01-27 23:55:07,592 [ERROR] LogOutputStream:75 - [STDERR_REDIRECT] 
2025-01-27 23:55:08,585 [ERROR] LogOutputStream:75 - [STDERR_REDIRECT] [Fatal Error] :1:1: Premature end of file.
2025-01-27 23:55:08,585 [ERROR] LogOutputStream:75 - [STDERR_REDIRECT] 
2025-01-27 23:55:09,585 [ERROR] LogOutputStream:75 - [STDERR_REDIRECT] [Fatal Error] :1:1: Premature end of file.
2025-01-27 23:55:09,585 [ERROR] LogOutputStream:75 - [STDERR_REDIRECT] 
2025-01-27 23:55:10,597 [ERROR] LogOutputStream:75 - [STDERR_REDIRECT] [Fatal Error] :1:1: Premature end of file.
2025-01-27 23:55:10,597 [ERROR] LogOutputStream:75 - [STDERR_REDIRECT] 
2025-01-27 23:55:11,593 [ERROR] LogOutputStream:75 - [STDERR_REDIRECT] [Fatal Error] :1:1: Premature end of file.
2025-01-27 23:55:11,593 [ERROR] LogOutputStream:75 - [STDERR_REDIRECT] 
2025-01-27 23:55:12,578 [ERROR] LogOutputStream:75 - [STDERR_REDIRECT] [Fatal Error] :1:1: Premature end of file.
2025-01-27 23:55:12,578 [ERROR] LogOutputStream:75 - [STDERR_REDIRECT] 
2025-01-27 23:55:13,584 [ERROR] LogOutputStream:75 - [STDERR_REDIRECT] [Fatal Error] :1:1: Premature end of file.
2025-01-27 23:55:13,586 [ERROR] LogOutputStream:75 - [STDERR_REDIRECT] 
2025-01-27 23:55:14,600 [ERROR] LogOutputStream:75 - [STDERR_REDIRECT] [Fatal Error] :1:1: Premature end of file.
2025-01-27 23:55:14,600 [ERROR] LogOutputStream:75 - [STDERR_REDIRECT] 
2025-01-27 23:55:15,584 [ERROR] LogOutputStream:75 - [STDERR_REDIRECT] [Fatal Error] :1:1: Premature end of file.
2025-01-27 23:55:15,584 [ERROR] LogOutputStream:75 - [STDERR_REDIRECT] 
2025-01-27 23:55:16,590 [ERROR] LogOutputStream:75 - [STDERR_REDIRECT] [Fatal Error] :1:1: Premature end of file.
2025-01-27 23:55:16,590 [ERROR] LogOutputStream:75 - [STDERR_REDIRECT] 
2025-01-27 23:55:17,586 [ERROR] LogOutputStream:75 - [STDERR_REDIRECT] [Fatal Error] :1:1: Premature end of file.
2025-01-27 23:55:17,586 [ERROR] LogOutputStream:75 - [STDERR_REDIRECT] 
2025-01-27 23:55:18,598 [ERROR] LogOutputStream:75 - [STDERR_REDIRECT] [Fatal Error] :1:1: Premature end of file.
2025-01-27 23:55:18,598 [ERROR] LogOutputStream:75 - [STDERR_REDIRECT] 
2025-01-27 23:55:19,589 [ERROR] LogOutputStream:75 - [STDERR_REDIRECT] [Fatal Error] :1:1: Premature end of file.
2025-01-27 23:55:19,589 [ERROR] LogOutputStream:75 - [STDERR_REDIRECT] 
2025-01-27 23:55:20,595 [ERROR] LogOutputStream:75 - [STDERR_REDIRECT] [Fatal Error] :1:1: Premature end of file.
2025-01-27 23:55:20,595 [ERROR] LogOutputStream:75 - [STDERR_REDIRECT] 
2025-01-27 23:55:21,593 [ERROR] LogOutputStream:75 - [STDERR_REDIRECT] [Fatal Error] :1:1: Premature end of file.
2025-01-27 23:55:21,593 [ERROR] LogOutputStream:75 - [STDERR_REDIRECT] 
2025-01-27 23:55:22,590 [ERROR] LogOutputStream:75 - [STDERR_REDIRECT] [Fatal Error] :1:1: Premature end of file.
2025-01-27 23:55:22,590 [ERROR] LogOutputStream:75 - [STDERR_REDIRECT] 
2025-01-27 23:55:23,597 [ERROR] LogOutputStream:75 - [STDERR_REDIRECT] [Fatal Error] :1:1: Premature end of file.
2025-01-27 23:55:23,597 [ERROR] LogOutputStream:75 - [STDERR_REDIRECT] 
2025-01-27 23:55:24,594 [ERROR] LogOutputStream:75 - [STDERR_REDIRECT] [Fatal Error] :1:1: Premature end of file.
2025-01-27 23:55:24,594 [ERROR] LogOutputStream:75 - [STDERR_REDIRECT] 
2025-01-27 23:55:25,592 [ERROR] LogOutputStream:75 - [STDERR_REDIRECT] [Fatal Error] :1:1: Premature end of file.
2025-01-27 23:55:25,592 [ERROR] LogOutputStream:75 - [STDERR_REDIRECT] 
2025-01-27 23:55:26,595 [ERROR] LogOutputStream:75 - [STDERR_REDIRECT] [Fatal Error] :1:1: Premature end of file.
2025-01-27 23:55:26,595 [ERROR] LogOutputStream:75 - [STDERR_REDIRECT] 
2025-01-27 23:55:27,593 [ERROR] LogOutputStream:75 - [STDERR_REDIRECT] [Fatal Error] :1:1: Premature end of file.
2025-01-27 23:55:27,594 [ERROR] LogOutputStream:75 - [STDERR_REDIRECT] 
2025-01-27 23:55:28,604 [ERROR] LogOutputStream:75 - [STDERR_REDIRECT] [Fatal Error] :1:1: Premature end of file.
2025-01-27 23:55:28,604 [ERROR] LogOutputStream:75 - [STDERR_REDIRECT] 
2025-01-27 23:55:29,596 [ERROR] LogOutputStream:75 - [STDERR_REDIRECT] [Fatal Error] :1:1: Premature end of file.
2025-01-27 23:55:29,596 [ERROR] LogOutputStream:75 - [STDERR_REDIRECT] 
2025-01-27 23:55:30,600 [ERROR] LogOutputStream:75 - [STDERR_REDIRECT] [Fatal Error] :1:1: Premature end of file.
2025-01-27 23:55:30,601 [ERROR] LogOutputStream:75 - [STDERR_REDIRECT] 
2025-01-27 23:55:31,595 [ERROR] LogOutputStream:75 - [STDERR_REDIRECT] [Fatal Error] :1:1: Premature end of file.
2025-01-27 23:55:31,595 [ERROR] LogOutputStream:75 - [STDERR_REDIRECT] 
2025-01-27 23:55:32,593 [ERROR] LogOutputStream:75 - [STDERR_REDIRECT] [Fatal Error] :1:1: Premature end of file.
2025-01-27 23:55:32,593 [ERROR] LogOutputStream:75 - [STDERR_REDIRECT] 
2025-01-27 23:55:33,587 [ERROR] LogOutputStream:75 - [STDERR_REDIRECT] [Fatal Error] :1:1: Premature end of file.
2025-01-27 23:55:33,587 [ERROR] LogOutputStream:75 - [STDERR_REDIRECT] 
2025-01-27 23:55:34,596 [ERROR] LogOutputStream:75 - [STDERR_REDIRECT] [Fatal Error] :1:1: Premature end of file.
2025-01-27 23:55:34,596 [ERROR] LogOutputStream:75 - [STDERR_REDIRECT] 
2025-01-27 23:55:35,590 [ERROR] LogOutputStream:75 - [STDERR_REDIRECT] [Fatal Error] :1:1: Premature end of file.
2025-01-27 23:55:35,592 [ERROR] LogOutputStream:75 - [STDERR_REDIRECT] 
2025-01-27 23:55:36,591 [ERROR] LogOutputStream:75 - [STDERR_REDIRECT] [Fatal Error] :1:1: Premature end of file.
2025-01-27 23:55:36,591 [ERROR] LogOutputStream:75 - [STDERR_REDIRECT] 
2025-01-27 23:55:37,599 [ERROR] LogOutputStream:75 - [STDERR_REDIRECT] [Fatal Error] :1:1: Premature end of file.
2025-01-27 23:55:37,599 [ERROR] LogOutputStream:75 - [STDERR_REDIRECT] 
2025-01-27 23:55:38,598 [ERROR] LogOutputStream:75 - [STDERR_REDIRECT] [Fatal Error] :1:1: Premature end of file.
2025-01-27 23:55:38,598 [ERROR] LogOutputStream:75 - [STDERR_REDIRECT] 
2025-01-27 23:55:39,598 [ERROR] LogOutputStream:75 - [STDERR_REDIRECT] [Fatal Error] :1:1: Premature end of file.
2025-01-27 23:55:39,598 [ERROR] LogOutputStream:75 - [STDERR_REDIRECT] 
2025-01-27 23:55:40,590 [ERROR] LogOutputStream:75 - [STDERR_REDIRECT] [Fatal Error] :1:1: Premature end of file.
2025-01-27 23:55:40,590 [ERROR] LogOutputStream:75 - [STDERR_REDIRECT] 
2025-01-27 23:55:41,594 [ERROR] LogOutputStream:75 - [STDERR_REDIRECT] [Fatal Error] :1:1: Premature end of file.
2025-01-27 23:55:41,594 [ERROR] LogOutputStream:75 - [STDERR_REDIRECT] 
2025-01-27 23:55:42,592 [ERROR] LogOutputStream:75 - [STDERR_REDIRECT] [Fatal Error] :1:1: Premature end of file.
2025-01-27 23:55:42,592 [ERROR] LogOutputStream:75 - [STDERR_REDIRECT] 
2025-01-27 23:55:43,590 [ERROR] LogOutputStream:75 - [STDERR_REDIRECT] [Fatal Error] :1:1: Premature end of file.
2025-01-27 23:55:43,590 [ERROR] LogOutputStream:75 - [STDERR_REDIRECT] 
2025-01-27 23:55:44,592 [ERROR] LogOutputStream:75 - [STDERR_REDIRECT] [Fatal Error] :1:1: Premature end of file.
2025-01-27 23:55:44,592 [ERROR] LogOutputStream:75 - [STDERR_REDIRECT] 
2025-01-27 23:55:45,592 [ERROR] LogOutputStream:75 - [STDERR_REDIRECT] [Fatal Error] :1:1: Premature end of file.
2025-01-27 23:55:45,592 [ERROR] LogOutputStream:75 - [STDERR_REDIRECT] 
2025-01-27 23:55:46,592 [ERROR] LogOutputStream:75 - [STDERR_REDIRECT] [Fatal Error] :1:1: Premature end of file.
2025-01-27 23:55:46,592 [ERROR] LogOutputStream:75 - [STDERR_REDIRECT] 
2025-01-27 23:55:47,597 [ERROR] LogOutputStream:75 - [STDERR_REDIRECT] [Fatal Error] :1:1: Premature end of file.
2025-01-27 23:55:47,597 [ERROR] LogOutputStream:75 - [STDERR_REDIRECT] 
2025-01-27 23:55:48,598 [ERROR] LogOutputStream:75 - [STDERR_REDIRECT] [Fatal Error] :1:1: Premature end of file.
2025-01-27 23:55:48,598 [ERROR] LogOutputStream:75 - [STDERR_REDIRECT] 
2025-01-27 23:55:49,586 [ERROR] LogOutputStream:75 - [STDERR_REDIRECT] [Fatal Error] :1:1: Premature end of file.
2025-01-27 23:55:49,586 [ERROR] LogOutputStream:75 - [STDERR_REDIRECT] 
2025-01-27 23:55:50,591 [ERROR] LogOutputStream:75 - [STDERR_REDIRECT] [Fatal Error] :1:1: Premature end of file.
2025-01-27 23:55:50,591 [ERROR] LogOutputStream:75 - [STDERR_REDIRECT] 
2025-01-27 23:55:51,586 [ERROR] LogOutputStream:75 - [STDERR_REDIRECT] [Fatal Error] :1:1: Premature end of file.
2025-01-27 23:55:51,586 [ERROR] LogOutputStream:75 - [STDERR_REDIRECT] 
2025-01-27 23:55:52,587 [ERROR] LogOutputStream:75 - [STDERR_REDIRECT] [Fatal Error] :1:1: Premature end of file.
2025-01-27 23:55:52,587 [ERROR] LogOutputStream:75 - [STDERR_REDIRECT] 
2025-01-27 23:55:53,595 [ERROR] LogOutputStream:75 - [STDERR_REDIRECT] [Fatal Error] :1:1: Premature end of file.
2025-01-27 23:55:53,595 [ERROR] LogOutputStream:75 - [STDERR_REDIRECT] 
2025-01-27 23:55:54,591 [ERROR] LogOutputStream:75 - [STDERR_REDIRECT] [Fatal Error] :1:1: Premature end of file.
2025-01-27 23:55:54,591 [ERROR] LogOutputStream:75 - [STDERR_REDIRECT] 
2025-01-27 23:55:55,590 [ERROR] LogOutputStream:75 - [STDERR_REDIRECT] [Fatal Error] :1:1: Premature end of file.
2025-01-27 23:55:55,590 [ERROR] LogOutputStream:75 - [STDERR_REDIRECT] 
2025-01-27 23:55:56,592 [ERROR] LogOutputStream:75 - [STDERR_REDIRECT] [Fatal Error] :1:1: Premature end of file.
2025-01-27 23:55:56,592 [ERROR] LogOutputStream:75 - [STDERR_REDIRECT] 
2025-01-27 23:55:57,591 [ERROR] LogOutputStream:75 - [STDERR_REDIRECT] [Fatal Error] :1:1: Premature end of file.
2025-01-27 23:55:57,591 [ERROR] LogOutputStream:75 - [STDERR_REDIRECT] 
2025-01-27 23:55:58,587 [ERROR] LogOutputStream:75 - [STDERR_REDIRECT] [Fatal Error] :1:1: Premature end of file.
2025-01-27 23:55:58,587 [ERROR] LogOutputStream:75 - [STDERR_REDIRECT] 
2025-01-27 23:55:59,589 [ERROR] LogOutputStream:75 - [STDERR_REDIRECT] [Fatal Error] :1:1: Premature end of file.
2025-01-27 23:55:59,589 [ERROR] LogOutputStream:75 - [STDERR_REDIRECT] 
2025-01-27 23:56:00,588 [ERROR] LogOutputStream:75 - [STDERR_REDIRECT] [Fatal Error] :1:1: Premature end of file.
2025-01-27 23:56:00,588 [ERROR] LogOutputStream:75 - [STDERR_REDIRECT] 
2025-01-27 23:56:01,595 [ERROR] LogOutputStream:75 - [STDERR_REDIRECT] [Fatal Error] :1:1: Premature end of file.
2025-01-27 23:56:01,595 [ERROR] LogOutputStream:75 - [STDERR_REDIRECT] 
2025-01-27 23:56:02,595 [ERROR] LogOutputStream:75 - [STDERR_REDIRECT] [Fatal Error] :1:1: Premature end of file.
2025-01-27 23:56:02,595 [ERROR] LogOutputStream:75 - [STDERR_REDIRECT] 
2025-01-27 23:56:03,589 [ERROR] LogOutputStream:75 - [STDERR_REDIRECT] [Fatal Error] :1:1: Premature end of file.
2025-01-27 23:56:03,589 [ERROR] LogOutputStream:75 - [STDERR_REDIRECT] 
2025-01-27 23:56:04,593 [ERROR] LogOutputStream:75 - [STDERR_REDIRECT] [Fatal Error] :1:1: Premature end of file.
2025-01-27 23:56:04,593 [ERROR] LogOutputStream:75 - [STDERR_REDIRECT] 
2025-01-27 23:56:05,593 [ERROR] LogOutputStream:75 - [STDERR_REDIRECT] [Fatal Error] :1:1: Premature end of file.
2025-01-27 23:56:05,593 [ERROR] LogOutputStream:75 - [STDERR_REDIRECT] 
2025-01-27 23:56:06,590 [ERROR] LogOutputStream:75 - [STDERR_REDIRECT] [Fatal Error] :1:1: Premature end of file.
2025-01-27 23:56:06,590 [ERROR] LogOutputStream:75 - [STDERR_REDIRECT] 
2025-01-27 23:56:07,584 [ERROR] LogOutputStream:75 - [STDERR_REDIRECT] [Fatal Error] :1:1: Premature end of file.
2025-01-27 23:56:07,584 [ERROR] LogOutputStream:75 - [STDERR_REDIRECT] 
2025-01-27 23:56:08,575 [ERROR] LogOutputStream:75 - [STDERR_REDIRECT] [Fatal Error] :1:1: Premature end of file.
2025-01-27 23:56:08,575 [ERROR] LogOutputStream:75 - [STDERR_REDIRECT] 
2025-01-27 23:56:09,589 [ERROR] LogOutputStream:75 - [STDERR_REDIRECT] [Fatal Error] :1:1: Premature end of file.
2025-01-27 23:56:09,591 [ERROR] LogOutputStream:75 - [STDERR_REDIRECT] 
2025-01-27 23:56:10,587 [ERROR] LogOutputStream:75 - [STDERR_REDIRECT] [Fatal Error] :1:1: Premature end of file.
2025-01-27 23:56:10,587 [ERROR] LogOutputStream:75 - [STDERR_REDIRECT] 
2025-01-27 23:56:11,585 [ERROR] LogOutputStream:75 - [STDERR_REDIRECT] [Fatal Error] :1:1: Premature end of file.
2025-01-27 23:56:11,585 [ERROR] LogOutputStream:75 - [STDERR_REDIRECT] 
2025-01-27 23:56:12,582 [ERROR] LogOutputStream:75 - [STDERR_REDIRECT] [Fatal Error] :1:1: Premature end of file.
2025-01-27 23:56:12,582 [ERROR] LogOutputStream:75 - [STDERR_REDIRECT] 
2025-01-27 23:56:13,582 [ERROR] LogOutputStream:75 - [STDERR_REDIRECT] [Fatal Error] :1:1: Premature end of file.
2025-01-27 23:56:13,582 [ERROR] LogOutputStream:75 - [STDERR_REDIRECT] 
2025-01-27 23:56:14,579 [ERROR] LogOutputStream:75 - [STDERR_REDIRECT] [Fatal Error] :1:1: Premature end of file.
2025-01-27 23:56:14,579 [ERROR] LogOutputStream:75 - [STDERR_REDIRECT] 
2025-01-27 23:56:15,576 [ERROR] LogOutputStream:75 - [STDERR_REDIRECT] [Fatal Error] :1:1: Premature end of file.
2025-01-27 23:56:15,576 [ERROR] LogOutputStream:75 - [STDERR_REDIRECT] 
2025-01-27 23:56:16,588 [ERROR] LogOutputStream:75 - [STDERR_REDIRECT] [Fatal Error] :1:1: Premature end of file.
2025-01-27 23:56:16,588 [ERROR] LogOutputStream:75 - [STDERR_REDIRECT] 
2025-01-27 23:56:17,582 [ERROR] LogOutputStream:75 - [STDERR_REDIRECT] [Fatal Error] :1:1: Premature end of file.
2025-01-27 23:56:17,582 [ERROR] LogOutputStream:75 - [STDERR_REDIRECT] 
2025-01-27 23:56:18,579 [ERROR] LogOutputStream:75 - [STDERR_REDIRECT] [Fatal Error] :1:1: Premature end of file.
2025-01-27 23:56:18,579 [ERROR] LogOutputStream:75 - [STDERR_REDIRECT] 
2025-01-27 23:56:19,585 [ERROR] LogOutputStream:75 - [STDERR_REDIRECT] [Fatal Error] :1:1: Premature end of file.
2025-01-27 23:56:19,585 [ERROR] LogOutputStream:75 - [STDERR_REDIRECT] 
2025-01-27 23:56:20,578 [ERROR] LogOutputStream:75 - [STDERR_REDIRECT] [Fatal Error] :1:1: Premature end of file.
2025-01-27 23:56:20,580 [ERROR] LogOutputStream:75 - [STDERR_REDIRECT] 
2025-01-27 23:56:21,576 [ERROR] LogOutputStream:75 - [STDERR_REDIRECT] [Fatal Error] :1:1: Premature end of file.
2025-01-27 23:56:21,576 [ERROR] LogOutputStream:75 - [STDERR_REDIRECT] 
2025-01-27 23:56:22,581 [ERROR] LogOutputStream:75 - [STDERR_REDIRECT] [Fatal Error] :1:1: Premature end of file.
2025-01-27 23:56:22,581 [ERROR] LogOutputStream:75 - [STDERR_REDIRECT] 
2025-01-27 23:56:23,575 [ERROR] LogOutputStream:75 - [STDERR_REDIRECT] [Fatal Error] :1:1: Premature end of file.
2025-01-27 23:56:23,575 [ERROR] LogOutputStream:75 - [STDERR_REDIRECT] 
2025-01-27 23:56:24,591 [ERROR] LogOutputStream:75 - [STDERR_REDIRECT] [Fatal Error] :1:1: Premature end of file.
2025-01-27 23:56:24,591 [ERROR] LogOutputStream:75 - [STDERR_REDIRECT] 
2025-01-27 23:56:25,588 [ERROR] LogOutputStream:75 - [STDERR_REDIRECT] [Fatal Error] :1:1: Premature end of file.
2025-01-27 23:56:25,588 [ERROR] LogOutputStream:75 - [STDERR_REDIRECT] 
2025-01-27 23:56:26,585 [ERROR] LogOutputStream:75 - [STDERR_REDIRECT] [Fatal Error] :1:1: Premature end of file.
2025-01-27 23:56:26,585 [ERROR] LogOutputStream:75 - [STDERR_REDIRECT] 
2025-01-27 23:56:27,581 [ERROR] LogOutputStream:75 - [STDERR_REDIRECT] [Fatal Error] :1:1: Premature end of file.
2025-01-27 23:56:27,581 [ERROR] LogOutputStream:75 - [STDERR_REDIRECT] 
2025-01-27 23:56:28,581 [ERROR] LogOutputStream:75 - [STDERR_REDIRECT] [Fatal Error] :1:1: Premature end of file.
2025-01-27 23:56:28,581 [ERROR] LogOutputStream:75 - [STDERR_REDIRECT] 
2025-01-27 23:56:29,580 [ERROR] LogOutputStream:75 - [STDERR_REDIRECT] [Fatal Error] :1:1: Premature end of file.
2025-01-27 23:56:29,580 [ERROR] LogOutputStream:75 - [STDERR_REDIRECT] 
2025-01-27 23:56:30,577 [ERROR] LogOutputStream:75 - [STDERR_REDIRECT] [Fatal Error] :1:1: Premature end of file.
2025-01-27 23:56:30,577 [ERROR] LogOutputStream:75 - [STDERR_REDIRECT] 
2025-01-27 23:56:31,575 [ERROR] LogOutputStream:75 - [STDERR_REDIRECT] [Fatal Error] :1:1: Premature end of file.
2025-01-27 23:56:31,575 [ERROR] LogOutputStream:75 - [STDERR_REDIRECT] 
2025-01-27 23:56:32,590 [ERROR] LogOutputStream:75 - [STDERR_REDIRECT] [Fatal Error] :1:1: Premature end of file.
2025-01-27 23:56:32,590 [ERROR] LogOutputStream:75 - [STDERR_REDIRECT] 
2025-01-27 23:56:33,578 [ERROR] LogOutputStream:75 - [STDERR_REDIRECT] [Fatal Error] :1:1: Premature end of file.
2025-01-27 23:56:33,578 [ERROR] LogOutputStream:75 - [STDERR_REDIRECT] 
2025-01-27 23:56:34,581 [ERROR] LogOutputStream:75 - [STDERR_REDIRECT] [Fatal Error] :1:1: Premature end of file.
2025-01-27 23:56:34,581 [ERROR] LogOutputStream:75 - [STDERR_REDIRECT] 
2025-01-27 23:56:35,579 [ERROR] LogOutputStream:75 - [STDERR_REDIRECT] [Fatal Error] :1:1: Premature end of file.
2025-01-27 23:56:35,579 [ERROR] LogOutputStream:75 - [STDERR_REDIRECT] 
2025-01-27 23:56:36,578 [ERROR] LogOutputStream:75 - [STDERR_REDIRECT] [Fatal Error] :1:1: Premature end of file.
2025-01-27 23:56:36,578 [ERROR] LogOutputStream:75 - [STDERR_REDIRECT] 
2025-01-27 23:56:37,575 [ERROR] LogOutputStream:75 - [STDERR_REDIRECT] [Fatal Error] :1:1: Premature end of file.
2025-01-27 23:56:37,575 [ERROR] LogOutputStream:75 - [STDERR_REDIRECT] 
2025-01-27 23:56:38,590 [ERROR] LogOutputStream:75 - [STDERR_REDIRECT] [Fatal Error] :1:1: Premature end of file.
2025-01-27 23:56:38,590 [ERROR] LogOutputStream:75 - [STDERR_REDIRECT] 
2025-01-27 23:56:39,582 [ERROR] LogOutputStream:75 - [STDERR_REDIRECT] [Fatal Error] :1:1: Premature end of file.
2025-01-27 23:56:39,582 [ERROR] LogOutputStream:75 - [STDERR_REDIRECT] 
2025-01-27 23:56:40,586 [ERROR] LogOutputStream:75 - [STDERR_REDIRECT] [Fatal Error] :1:1: Premature end of file.
2025-01-27 23:56:40,586 [ERROR] LogOutputStream:75 - [STDERR_REDIRECT] 
2025-01-27 23:56:41,576 [ERROR] LogOutputStream:75 - [STDERR_REDIRECT] [Fatal Error] :1:1: Premature end of file.
2025-01-27 23:56:41,576 [ERROR] LogOutputStream:75 - [STDERR_REDIRECT] 
2025-01-27 23:56:42,580 [ERROR] LogOutputStream:75 - [STDERR_REDIRECT] [Fatal Error] :1:1: Premature end of file.
2025-01-27 23:56:42,580 [ERROR] LogOutputStream:75 - [STDERR_REDIRECT] 
2025-01-27 23:56:43,590 [ERROR] LogOutputStream:75 - [STDERR_REDIRECT] [Fatal Error] :1:1: Premature end of file.
2025-01-27 23:56:43,590 [ERROR] LogOutputStream:75 - [STDERR_REDIRECT] 
2025-01-27 23:56:44,583 [ERROR] LogOutputStream:75 - [STDERR_REDIRECT] [Fatal Error] :1:1: Premature end of file.
2025-01-27 23:56:44,583 [ERROR] LogOutputStream:75 - [STDERR_REDIRECT] 
2025-01-27 23:56:45,579 [ERROR] LogOutputStream:75 - [STDERR_REDIRECT] [Fatal Error] :1:1: Premature end of file.
2025-01-27 23:56:45,579 [ERROR] LogOutputStream:75 - [STDERR_REDIRECT] 
2025-01-27 23:56:46,586 [ERROR] LogOutputStream:75 - [STDERR_REDIRECT] [Fatal Error] :1:1: Premature end of file.
2025-01-27 23:56:46,586 [ERROR] LogOutputStream:75 - [STDERR_REDIRECT] 
2025-01-27 23:56:47,575 [ERROR] LogOutputStream:75 - [STDERR_REDIRECT] [Fatal Error] :1:1: Premature end of file.
2025-01-27 23:56:47,575 [ERROR] LogOutputStream:75 - [STDERR_REDIRECT] 
2025-01-27 23:56:48,584 [ERROR] LogOutputStream:75 - [STDERR_REDIRECT] [Fatal Error] :1:1: Premature end of file.
2025-01-27 23:56:48,584 [ERROR] LogOutputStream:75 - [STDERR_REDIRECT] 
2025-01-27 23:56:49,575 [ERROR] LogOutputStream:75 - [STDERR_REDIRECT] [Fatal Error] :1:1: Premature end of file.
2025-01-27 23:56:49,575 [ERROR] LogOutputStream:75 - [STDERR_REDIRECT] 
2025-01-27 23:56:50,579 [ERROR] LogOutputStream:75 - [STDERR_REDIRECT] [Fatal Error] :1:1: Premature end of file.
2025-01-27 23:56:50,579 [ERROR] LogOutputStream:75 - [STDERR_REDIRECT] 
2025-01-27 23:56:51,579 [ERROR] LogOutputStream:75 - [STDERR_REDIRECT] [Fatal Error] :1:1: Premature end of file.
2025-01-27 23:56:51,579 [ERROR] LogOutputStream:75 - [STDERR_REDIRECT] 
2025-01-27 23:56:52,577 [ERROR] LogOutputStream:75 - [STDERR_REDIRECT] [Fatal Error] :1:1: Premature end of file.
2025-01-27 23:56:52,577 [ERROR] LogOutputStream:75 - [STDERR_REDIRECT] 
2025-01-27 23:56:53,576 [ERROR] LogOutputStream:75 - [STDERR_REDIRECT] [Fatal Error] :1:1: Premature end of file.
2025-01-27 23:56:53,576 [ERROR] LogOutputStream:75 - [STDERR_REDIRECT] 
2025-01-27 23:56:54,584 [ERROR] LogOutputStream:75 - [STDERR_REDIRECT] [Fatal Error] :1:1: Premature end of file.
2025-01-27 23:56:54,584 [ERROR] LogOutputStream:75 - [STDERR_REDIRECT] 
2025-01-27 23:56:55,585 [ERROR] LogOutputStream:75 - [STDERR_REDIRECT] [Fatal Error] :1:1: Premature end of file.
2025-01-27 23:56:55,585 [ERROR] LogOutputStream:75 - [STDERR_REDIRECT] 
2025-01-27 23:56:56,577 [ERROR] LogOutputStream:75 - [STDERR_REDIRECT] [Fatal Error] :1:1: Premature end of file.
2025-01-27 23:56:56,577 [ERROR] LogOutputStream:75 - [STDERR_REDIRECT] 
2025-01-27 23:56:57,573 [ERROR] LogOutputStream:75 - [STDERR_REDIRECT] [Fatal Error] :1:1: Premature end of file.
2025-01-27 23:56:57,573 [ERROR] LogOutputStream:75 - [STDERR_REDIRECT] 
2025-01-27 23:56:58,588 [ERROR] LogOutputStream:75 - [STDERR_REDIRECT] [Fatal Error] :1:1: Premature end of file.
2025-01-27 23:56:58,588 [ERROR] LogOutputStream:75 - [STDERR_REDIRECT] 
2025-01-27 23:56:59,589 [ERROR] LogOutputStream:75 - [STDERR_REDIRECT] [Fatal Error] :1:1: Premature end of file.
2025-01-27 23:56:59,589 [ERROR] LogOutputStream:75 - [STDERR_REDIRECT] 
2025-01-27 23:57:00,583 [ERROR] LogOutputStream:75 - [STDERR_REDIRECT] [Fatal Error] :1:1: Premature end of file.
2025-01-27 23:57:00,583 [ERROR] LogOutputStream:75 - [STDERR_REDIRECT] 
2025-01-27 23:57:01,587 [ERROR] LogOutputStream:75 - [STDERR_REDIRECT] [Fatal Error] :1:1: Premature end of file.
2025-01-27 23:57:01,587 [ERROR] LogOutputStream:75 - [STDERR_REDIRECT] 
2025-01-27 23:57:02,577 [ERROR] LogOutputStream:75 - [STDERR_REDIRECT] [Fatal Error] :1:1: Premature end of file.
2025-01-27 23:57:02,577 [ERROR] LogOutputStream:75 - [STDERR_REDIRECT] 
2025-01-27 23:57:03,577 [ERROR] LogOutputStream:75 - [STDERR_REDIRECT] [Fatal Error] :1:1: Premature end of file.
2025-01-27 23:57:03,577 [ERROR] LogOutputStream:75 - [STDERR_REDIRECT] 
2025-01-27 23:57:04,587 [ERROR] LogOutputStream:75 - [STDERR_REDIRECT] [Fatal Error] :1:1: Premature end of file.
2025-01-27 23:57:04,587 [ERROR] LogOutputStream:75 - [STDERR_REDIRECT] 
2025-01-27 23:57:05,576 [ERROR] LogOutputStream:75 - [STDERR_REDIRECT] [Fatal Error] :1:1: Premature end of file.
2025-01-27 23:57:05,576 [ERROR] LogOutputStream:75 - [STDERR_REDIRECT] 
2025-01-27 23:57:06,576 [ERROR] LogOutputStream:75 - [STDERR_REDIRECT] [Fatal Error] :1:1: Premature end of file.
2025-01-27 23:57:06,576 [ERROR] LogOutputStream:75 - [STDERR_REDIRECT] 
2025-01-27 23:57:07,579 [ERROR] LogOutputStream:75 - [STDERR_REDIRECT] [Fatal Error] :1:1: Premature end of file.
2025-01-27 23:57:07,579 [ERROR] LogOutputStream:75 - [STDERR_REDIRECT] 
2025-01-27 23:57:08,576 [ERROR] LogOutputStream:75 - [STDERR_REDIRECT] [Fatal Error] :1:1: Premature end of file.
2025-01-27 23:57:08,576 [ERROR] LogOutputStream:75 - [STDERR_REDIRECT] 
2025-01-27 23:57:09,584 [ERROR] LogOutputStream:75 - [STDERR_REDIRECT] [Fatal Error] :1:1: Premature end of file.
2025-01-27 23:57:09,584 [ERROR] LogOutputStream:75 - [STDERR_REDIRECT] 
2025-01-27 23:57:10,581 [ERROR] LogOutputStream:75 - [STDERR_REDIRECT] [Fatal Error] :1:1: Premature end of file.
2025-01-27 23:57:10,581 [ERROR] LogOutputStream:75 - [STDERR_REDIRECT] 
2025-01-27 23:57:11,573 [ERROR] LogOutputStream:75 - [STDERR_REDIRECT] [Fatal Error] :1:1: Premature end of file.
2025-01-27 23:57:11,573 [ERROR] LogOutputStream:75 - [STDERR_REDIRECT] 
2025-01-27 23:57:12,577 [ERROR] LogOutputStream:75 - [STDERR_REDIRECT] [Fatal Error] :1:1: Premature end of file.
2025-01-27 23:57:12,577 [ERROR] LogOutputStream:75 - [STDERR_REDIRECT] 
2025-01-27 23:57:13,580 [ERROR] LogOutputStream:75 - [STDERR_REDIRECT] [Fatal Error] :1:1: Premature end of file.
2025-01-27 23:57:13,580 [ERROR] LogOutputStream:75 - [STDERR_REDIRECT] 
2025-01-27 23:57:14,577 [ERROR] LogOutputStream:75 - [STDERR_REDIRECT] [Fatal Error] :1:1: Premature end of file.
2025-01-27 23:57:14,577 [ERROR] LogOutputStream:75 - [STDERR_REDIRECT] 
2025-01-27 23:57:15,582 [ERROR] LogOutputStream:75 - [STDERR_REDIRECT] [Fatal Error] :1:1: Premature end of file.
2025-01-27 23:57:15,582 [ERROR] LogOutputStream:75 - [STDERR_REDIRECT] 
2025-01-27 23:57:16,588 [ERROR] LogOutputStream:75 - [STDERR_REDIRECT] [Fatal Error] :1:1: Premature end of file.
2025-01-27 23:57:16,588 [ERROR] LogOutputStream:75 - [STDERR_REDIRECT] 
2025-01-27 23:57:17,576 [ERROR] LogOutputStream:75 - [STDERR_REDIRECT] [Fatal Error] :1:1: Premature end of file.
2025-01-27 23:57:17,576 [ERROR] LogOutputStream:75 - [STDERR_REDIRECT] 
2025-01-27 23:57:18,581 [ERROR] LogOutputStream:75 - [STDERR_REDIRECT] [Fatal Error] :1:1: Premature end of file.
2025-01-27 23:57:18,581 [ERROR] LogOutputStream:75 - [STDERR_REDIRECT] 
2025-01-27 23:57:19,586 [ERROR] LogOutputStream:75 - [STDERR_REDIRECT] [Fatal Error] :1:1: Premature end of file.
2025-01-27 23:57:19,586 [ERROR] LogOutputStream:75 - [STDERR_REDIRECT] 
2025-01-27 23:57:20,593 [ERROR] LogOutputStream:75 - [STDERR_REDIRECT] [Fatal Error] :1:1: Premature end of file.
2025-01-27 23:57:20,593 [ERROR] LogOutputStream:75 - [STDERR_REDIRECT] 
2025-01-27 23:57:21,588 [ERROR] LogOutputStream:75 - [STDERR_REDIRECT] [Fatal Error] :1:1: Premature end of file.
2025-01-27 23:57:21,588 [ERROR] LogOutputStream:75 - [STDERR_REDIRECT] 
2025-01-27 23:57:22,576 [ERROR] LogOutputStream:75 - [STDERR_REDIRECT] [Fatal Error] :1:1: Premature end of file.
2025-01-27 23:57:22,576 [ERROR] LogOutputStream:75 - [STDERR_REDIRECT] 
2025-01-27 23:57:23,593 [ERROR] LogOutputStream:75 - [STDERR_REDIRECT] [Fatal Error] :1:1: Premature end of file.
2025-01-27 23:57:23,593 [ERROR] LogOutputStream:75 - [STDERR_REDIRECT] 
2025-01-27 23:57:24,590 [ERROR] LogOutputStream:75 - [STDERR_REDIRECT] [Fatal Error] :1:1: Premature end of file.
2025-01-27 23:57:24,590 [ERROR] LogOutputStream:75 - [STDERR_REDIRECT] 
2025-01-27 23:57:25,580 [ERROR] LogOutputStream:75 - [STDERR_REDIRECT] [Fatal Error] :1:1: Premature end of file.
2025-01-27 23:57:25,580 [ERROR] LogOutputStream:75 - [STDERR_REDIRECT] 
2025-01-27 23:57:26,590 [ERROR] LogOutputStream:75 - [STDERR_REDIRECT] [Fatal Error] :1:1: Premature end of file.
2025-01-27 23:57:26,590 [ERROR] LogOutputStream:75 - [STDERR_REDIRECT] 
2025-01-27 23:57:27,591 [ERROR] LogOutputStream:75 - [STDERR_REDIRECT] [Fatal Error] :1:1: Premature end of file.
2025-01-27 23:57:27,593 [ERROR] LogOutputStream:75 - [STDERR_REDIRECT] 
2025-01-27 23:57:28,594 [ERROR] LogOutputStream:75 - [STDERR_REDIRECT] [Fatal Error] :1:1: Premature end of file.
2025-01-27 23:57:28,594 [ERROR] LogOutputStream:75 - [STDERR_REDIRECT] 
2025-01-27 23:57:29,590 [ERROR] LogOutputStream:75 - [STDERR_REDIRECT] [Fatal Error] :1:1: Premature end of file.
2025-01-27 23:57:29,590 [ERROR] LogOutputStream:75 - [STDERR_REDIRECT] 
2025-01-27 23:57:30,594 [ERROR] LogOutputStream:75 - [STDERR_REDIRECT] [Fatal Error] :1:1: Premature end of file.
2025-01-27 23:57:30,594 [ERROR] LogOutputStream:75 - [STDERR_REDIRECT] 
2025-01-27 23:57:31,595 [ERROR] LogOutputStream:75 - [STDERR_REDIRECT] [Fatal Error] :1:1: Premature end of file.
2025-01-27 23:57:31,595 [ERROR] LogOutputStream:75 - [STDERR_REDIRECT] 
2025-01-27 23:57:32,589 [ERROR] LogOutputStream:75 - [STDERR_REDIRECT] [Fatal Error] :1:1: Premature end of file.
2025-01-27 23:57:32,589 [ERROR] LogOutputStream:75 - [STDERR_REDIRECT] 
2025-01-27 23:57:33,595 [ERROR] LogOutputStream:75 - [STDERR_REDIRECT] [Fatal Error] :1:1: Premature end of file.
2025-01-27 23:57:33,595 [ERROR] LogOutputStream:75 - [STDERR_REDIRECT] 
2025-01-27 23:57:34,591 [ERROR] LogOutputStream:75 - [STDERR_REDIRECT] [Fatal Error] :1:1: Premature end of file.
2025-01-27 23:57:34,591 [ERROR] LogOutputStream:75 - [STDERR_REDIRECT] 
2025-01-27 23:57:35,586 [ERROR] LogOutputStream:75 - [STDERR_REDIRECT] [Fatal Error] :1:1: Premature end of file.
2025-01-27 23:57:35,586 [ERROR] LogOutputStream:75 - [STDERR_REDIRECT] 
2025-01-27 23:57:36,606 [ERROR] LogOutputStream:75 - [STDERR_REDIRECT] [Fatal Error] :1:1: Premature end of file.
2025-01-27 23:57:36,607 [ERROR] LogOutputStream:75 - [STDERR_REDIRECT] 
2025-01-27 23:57:37,595 [ERROR] LogOutputStream:75 - [STDERR_REDIRECT] [Fatal Error] :1:1: Premature end of file.
2025-01-27 23:57:37,595 [ERROR] LogOutputStream:75 - [STDERR_REDIRECT] 
2025-01-27 23:57:38,593 [ERROR] LogOutputStream:75 - [STDERR_REDIRECT] [Fatal Error] :1:1: Premature end of file.
2025-01-27 23:57:38,593 [ERROR] LogOutputStream:75 - [STDERR_REDIRECT] 
2025-01-27 23:57:39,593 [ERROR] LogOutputStream:75 - [STDERR_REDIRECT] [Fatal Error] :1:1: Premature end of file.
2025-01-27 23:57:39,595 [ERROR] LogOutputStream:75 - [STDERR_REDIRECT] 
2025-01-27 23:57:40,592 [ERROR] LogOutputStream:75 - [STDERR_REDIRECT] [Fatal Error] :1:1: Premature end of file.
2025-01-27 23:57:40,592 [ERROR] LogOutputStream:75 - [STDERR_REDIRECT] 
2025-01-27 23:57:41,591 [ERROR] LogOutputStream:75 - [STDERR_REDIRECT] [Fatal Error] :1:1: Premature end of file.
2025-01-27 23:57:41,592 [ERROR] LogOutputStream:75 - [STDERR_REDIRECT] 
2025-01-27 23:57:42,596 [ERROR] LogOutputStream:75 - [STDERR_REDIRECT] [Fatal Error] :1:1: Premature end of file.
2025-01-27 23:57:42,596 [ERROR] LogOutputStream:75 - [STDERR_REDIRECT] 
2025-01-27 23:57:43,601 [ERROR] LogOutputStream:75 - [STDERR_REDIRECT] [Fatal Error] :1:1: Premature end of file.
2025-01-27 23:57:43,601 [ERROR] LogOutputStream:75 - [STDERR_REDIRECT] 
2025-01-27 23:57:44,594 [ERROR] LogOutputStream:75 - [STDERR_REDIRECT] [Fatal Error] :1:1: Premature end of file.
2025-01-27 23:57:44,594 [ERROR] LogOutputStream:75 - [STDERR_REDIRECT] 
2025-01-27 23:57:45,602 [ERROR] LogOutputStream:75 - [STDERR_REDIRECT] [Fatal Error] :1:1: Premature end of file.
2025-01-27 23:57:45,604 [ERROR] LogOutputStream:75 - [STDERR_REDIRECT] 
2025-01-27 23:57:46,589 [ERROR] LogOutputStream:75 - [STDERR_REDIRECT] [Fatal Error] :1:1: Premature end of file.
2025-01-27 23:57:46,589 [ERROR] LogOutputStream:75 - [STDERR_REDIRECT] 
2025-01-27 23:57:47,590 [ERROR] LogOutputStream:75 - [STDERR_REDIRECT] [Fatal Error] :1:1: Premature end of file.
2025-01-27 23:57:47,590 [ERROR] LogOutputStream:75 - [STDERR_REDIRECT] 
2025-01-27 23:57:48,595 [ERROR] LogOutputStream:75 - [STDERR_REDIRECT] [Fatal Error] :1:1: Premature end of file.
2025-01-27 23:57:48,595 [ERROR] LogOutputStream:75 - [STDERR_REDIRECT] 
2025-01-27 23:57:49,593 [ERROR] LogOutputStream:75 - [STDERR_REDIRECT] [Fatal Error] :1:1: Premature end of file.
2025-01-27 23:57:49,595 [ERROR] LogOutputStream:75 - [STDERR_REDIRECT] 
2025-01-27 23:57:50,589 [ERROR] LogOutputStream:75 - [STDERR_REDIRECT] [Fatal Error] :1:1: Premature end of file.
2025-01-27 23:57:50,589 [ERROR] LogOutputStream:75 - [STDERR_REDIRECT] 
2025-01-27 23:57:51,579 [ERROR] LogOutputStream:75 - [STDERR_REDIRECT] [Fatal Error] :1:1: Premature end of file.
2025-01-27 23:57:51,581 [ERROR] LogOutputStream:75 - [STDERR_REDIRECT] 
2025-01-27 23:57:52,598 [ERROR] LogOutputStream:75 - [STDERR_REDIRECT] [Fatal Error] :1:1: Premature end of file.
2025-01-27 23:57:52,598 [ERROR] LogOutputStream:75 - [STDERR_REDIRECT] 
2025-01-27 23:57:53,591 [ERROR] LogOutputStream:75 - [STDERR_REDIRECT] [Fatal Error] :1:1: Premature end of file.
2025-01-27 23:57:53,591 [ERROR] LogOutputStream:75 - [STDERR_REDIRECT] 
2025-01-27 23:57:54,593 [ERROR] LogOutputStream:75 - [STDERR_REDIRECT] [Fatal Error] :1:1: Premature end of file.
2025-01-27 23:57:54,593 [ERROR] LogOutputStream:75 - [STDERR_REDIRECT] 
2025-01-27 23:57:55,594 [ERROR] LogOutputStream:75 - [STDERR_REDIRECT] [Fatal Error] :1:1: Premature end of file.
2025-01-27 23:57:55,594 [ERROR] LogOutputStream:75 - [STDERR_REDIRECT] 
2025-01-27 23:57:56,590 [ERROR] LogOutputStream:75 - [STDERR_REDIRECT] [Fatal Error] :1:1: Premature end of file.
2025-01-27 23:57:56,590 [ERROR] LogOutputStream:75 - [STDERR_REDIRECT] 
2025-01-27 23:57:57,606 [ERROR] LogOutputStream:75 - [STDERR_REDIRECT] [Fatal Error] :1:1: Premature end of file.
2025-01-27 23:57:57,606 [ERROR] LogOutputStream:75 - [STDERR_REDIRECT] 
2025-01-27 23:57:58,590 [ERROR] LogOutputStream:75 - [STDERR_REDIRECT] [Fatal Error] :1:1: Premature end of file.
2025-01-27 23:57:58,590 [ERROR] LogOutputStream:75 - [STDERR_REDIRECT] 
2025-01-27 23:57:59,597 [ERROR] LogOutputStream:75 - [STDERR_REDIRECT] [Fatal Error] :1:1: Premature end of file.
2025-01-27 23:57:59,597 [ERROR] LogOutputStream:75 - [STDERR_REDIRECT] 
2025-01-27 23:58:00,580 [ERROR] LogOutputStream:75 - [STDERR_REDIRECT] [Fatal Error] :1:1: Premature end of file.
2025-01-27 23:58:00,580 [ERROR] LogOutputStream:75 - [STDERR_REDIRECT] 
2025-01-27 23:58:01,590 [ERROR] LogOutputStream:75 - [STDERR_REDIRECT] [Fatal Error] :1:1: Premature end of file.
2025-01-27 23:58:01,590 [ERROR] LogOutputStream:75 - [STDERR_REDIRECT] 
2025-01-27 23:58:02,594 [ERROR] LogOutputStream:75 - [STDERR_REDIRECT] [Fatal Error] :1:1: Premature end of file.
2025-01-27 23:58:02,594 [ERROR] LogOutputStream:75 - [STDERR_REDIRECT] 
2025-01-27 23:58:03,590 [ERROR] LogOutputStream:75 - [STDERR_REDIRECT] [Fatal Error] :1:1: Premature end of file.
2025-01-27 23:58:03,590 [ERROR] LogOutputStream:75 - [STDERR_REDIRECT] 
2025-01-27 23:58:04,589 [ERROR] LogOutputStream:75 - [STDERR_REDIRECT] [Fatal Error] :1:1: Premature end of file.
2025-01-27 23:58:04,589 [ERROR] LogOutputStream:75 - [STDERR_REDIRECT] 
2025-01-27 23:58:05,594 [ERROR] LogOutputStream:75 - [STDERR_REDIRECT] [Fatal Error] :1:1: Premature end of file.
2025-01-27 23:58:05,594 [ERROR] LogOutputStream:75 - [STDERR_REDIRECT] 
2025-01-27 23:58:06,605 [ERROR] LogOutputStream:75 - [STDERR_REDIRECT] [Fatal Error] :1:1: Premature end of file.
2025-01-27 23:58:06,605 [ERROR] LogOutputStream:75 - [STDERR_REDIRECT] 
2025-01-27 23:58:07,594 [ERROR] LogOutputStream:75 - [STDERR_REDIRECT] [Fatal Error] :1:1: Premature end of file.
2025-01-27 23:58:07,594 [ERROR] LogOutputStream:75 - [STDERR_REDIRECT] 
2025-01-27 23:58:08,593 [ERROR] LogOutputStream:75 - [STDERR_REDIRECT] [Fatal Error] :1:1: Premature end of file.
2025-01-27 23:58:08,593 [ERROR] LogOutputStream:75 - [STDERR_REDIRECT] 
2025-01-27 23:58:09,592 [ERROR] LogOutputStream:75 - [STDERR_REDIRECT] [Fatal Error] :1:1: Premature end of file.
2025-01-27 23:58:09,592 [ERROR] LogOutputStream:75 - [STDERR_REDIRECT] 
2025-01-27 23:58:10,587 [ERROR] LogOutputStream:75 - [STDERR_REDIRECT] [Fatal Error] :1:1: Premature end of file.
2025-01-27 23:58:10,587 [ERROR] LogOutputStream:75 - [STDERR_REDIRECT] 
2025-01-27 23:58:11,588 [ERROR] LogOutputStream:75 - [STDERR_REDIRECT] [Fatal Error] :1:1: Premature end of file.
2025-01-27 23:58:11,588 [ERROR] LogOutputStream:75 - [STDERR_REDIRECT] 
2025-01-27 23:58:12,588 [ERROR] LogOutputStream:75 - [STDERR_REDIRECT] [Fatal Error] :1:1: Premature end of file.
2025-01-27 23:58:12,588 [ERROR] LogOutputStream:75 - [STDERR_REDIRECT] 
2025-01-27 23:58:13,593 [ERROR] LogOutputStream:75 - [STDERR_REDIRECT] [Fatal Error] :1:1: Premature end of file.
2025-01-27 23:58:13,593 [ERROR] LogOutputStream:75 - [STDERR_REDIRECT] 
2025-01-27 23:58:14,593 [ERROR] LogOutputStream:75 - [STDERR_REDIRECT] [Fatal Error] :1:1: Premature end of file.
2025-01-27 23:58:14,593 [ERROR] LogOutputStream:75 - [STDERR_REDIRECT] 
2025-01-27 23:58:15,590 [ERROR] LogOutputStream:75 - [STDERR_REDIRECT] [Fatal Error] :1:1: Premature end of file.
2025-01-27 23:58:15,590 [ERROR] LogOutputStream:75 - [STDERR_REDIRECT] 
2025-01-27 23:58:16,588 [ERROR] LogOutputStream:75 - [STDERR_REDIRECT] [Fatal Error] :1:1: Premature end of file.
2025-01-27 23:58:16,588 [ERROR] LogOutputStream:75 - [STDERR_REDIRECT] 
2025-01-27 23:58:17,594 [ERROR] LogOutputStream:75 - [STDERR_REDIRECT] [Fatal Error] :1:1: Premature end of file.
2025-01-27 23:58:17,594 [ERROR] LogOutputStream:75 - [STDERR_REDIRECT] 
2025-01-27 23:58:18,595 [ERROR] LogOutputStream:75 - [STDERR_REDIRECT] [Fatal Error] :1:1: Premature end of file.
2025-01-27 23:58:18,595 [ERROR] LogOutputStream:75 - [STDERR_REDIRECT] 
2025-01-27 23:58:19,598 [ERROR] LogOutputStream:75 - [STDERR_REDIRECT] [Fatal Error] :1:1: Premature end of file.
2025-01-27 23:58:19,598 [ERROR] LogOutputStream:75 - [STDERR_REDIRECT] 
2025-01-27 23:58:20,595 [ERROR] LogOutputStream:75 - [STDERR_REDIRECT] [Fatal Error] :1:1: Premature end of file.
2025-01-27 23:58:20,595 [ERROR] LogOutputStream:75 - [STDERR_REDIRECT] 
2025-01-27 23:58:21,598 [ERROR] LogOutputStream:75 - [STDERR_REDIRECT] [Fatal Error] :1:1: Premature end of file.
2025-01-27 23:58:21,598 [ERROR] LogOutputStream:75 - [STDERR_REDIRECT] 
2025-01-27 23:58:22,593 [ERROR] LogOutputStream:75 - [STDERR_REDIRECT] [Fatal Error] :1:1: Premature end of file.
2025-01-27 23:58:22,593 [ERROR] LogOutputStream:75 - [STDERR_REDIRECT] 
2025-01-27 23:58:23,590 [ERROR] LogOutputStream:75 - [STDERR_REDIRECT] [Fatal Error] :1:1: Premature end of file.
2025-01-27 23:58:23,591 [ERROR] LogOutputStream:75 - [STDERR_REDIRECT] 
2025-01-27 23:58:24,594 [ERROR] LogOutputStream:75 - [STDERR_REDIRECT] [Fatal Error] :1:1: Premature end of file.
2025-01-27 23:58:24,594 [ERROR] LogOutputStream:75 - [STDERR_REDIRECT] 
2025-01-27 23:58:25,586 [ERROR] LogOutputStream:75 - [STDERR_REDIRECT] [Fatal Error] :1:1: Premature end of file.
2025-01-27 23:58:25,586 [ERROR] LogOutputStream:75 - [STDERR_REDIRECT] 
2025-01-27 23:58:26,617 [ERROR] LogOutputStream:75 - [STDERR_REDIRECT] [Fatal Error] :1:1: Premature end of file.
2025-01-27 23:58:26,617 [ERROR] LogOutputStream:75 - [STDERR_REDIRECT] 
2025-01-27 23:58:27,588 [ERROR] LogOutputStream:75 - [STDERR_REDIRECT] [Fatal Error] :1:1: Premature end of file.
2025-01-27 23:58:27,588 [ERROR] LogOutputStream:75 - [STDERR_REDIRECT] 
2025-01-27 23:58:28,593 [ERROR] LogOutputStream:75 - [STDERR_REDIRECT] [Fatal Error] :1:1: Premature end of file.
2025-01-27 23:58:28,593 [ERROR] LogOutputStream:75 - [STDERR_REDIRECT] 
2025-01-27 23:58:29,591 [ERROR] LogOutputStream:75 - [STDERR_REDIRECT] [Fatal Error] :1:1: Premature end of file.
2025-01-27 23:58:29,591 [ERROR] LogOutputStream:75 - [STDERR_REDIRECT] 
2025-01-27 23:58:30,578 [ERROR] LogOutputStream:75 - [STDERR_REDIRECT] [Fatal Error] :1:1: Premature end of file.
2025-01-27 23:58:30,578 [ERROR] LogOutputStream:75 - [STDERR_REDIRECT] 
2025-01-27 23:58:31,593 [ERROR] LogOutputStream:75 - [STDERR_REDIRECT] [Fatal Error] :1:1: Premature end of file.
2025-01-27 23:58:31,593 [ERROR] LogOutputStream:75 - [STDERR_REDIRECT] 
2025-01-27 23:58:32,594 [ERROR] LogOutputStream:75 - [STDERR_REDIRECT] [Fatal Error] :1:1: Premature end of file.
2025-01-27 23:58:32,594 [ERROR] LogOutputStream:75 - [STDERR_REDIRECT] 
2025-01-27 23:58:33,587 [ERROR] LogOutputStream:75 - [STDERR_REDIRECT] [Fatal Error] :1:1: Premature end of file.
2025-01-27 23:58:33,587 [ERROR] LogOutputStream:75 - [STDERR_REDIRECT] 
2025-01-27 23:58:34,583 [ERROR] LogOutputStream:75 - [STDERR_REDIRECT] [Fatal Error] :1:1: Premature end of file.
2025-01-27 23:58:34,583 [ERROR] LogOutputStream:75 - [STDERR_REDIRECT] 
2025-01-27 23:58:35,594 [ERROR] LogOutputStream:75 - [STDERR_REDIRECT] [Fatal Error] :1:1: Premature end of file.
2025-01-27 23:58:35,594 [ERROR] LogOutputStream:75 - [STDERR_REDIRECT] 
2025-01-27 23:58:36,587 [ERROR] LogOutputStream:75 - [STDERR_REDIRECT] [Fatal Error] :1:1: Premature end of file.
2025-01-27 23:58:36,587 [ERROR] LogOutputStream:75 - [STDERR_REDIRECT] 
2025-01-27 23:58:37,583 [ERROR] LogOutputStream:75 - [STDERR_REDIRECT] [Fatal Error] :1:1: Premature end of file.
2025-01-27 23:58:37,583 [ERROR] LogOutputStream:75 - [STDERR_REDIRECT] 
2025-01-27 23:58:38,592 [ERROR] LogOutputStream:75 - [STDERR_REDIRECT] [Fatal Error] :1:1: Premature end of file.
2025-01-27 23:58:38,592 [ERROR] LogOutputStream:75 - [STDERR_REDIRECT] 
2025-01-27 23:58:39,591 [ERROR] LogOutputStream:75 - [STDERR_REDIRECT] [Fatal Error] :1:1: Premature end of file.
2025-01-27 23:58:39,591 [ERROR] LogOutputStream:75 - [STDERR_REDIRECT] 
2025-01-27 23:58:40,584 [ERROR] LogOutputStream:75 - [STDERR_REDIRECT] [Fatal Error] :1:1: Premature end of file.
2025-01-27 23:58:40,584 [ERROR] LogOutputStream:75 - [STDERR_REDIRECT] 
2025-01-27 23:58:41,588 [ERROR] LogOutputStream:75 - [STDERR_REDIRECT] [Fatal Error] :1:1: Premature end of file.
2025-01-27 23:58:41,588 [ERROR] LogOutputStream:75 - [STDERR_REDIRECT] 
2025-01-27 23:58:42,586 [ERROR] LogOutputStream:75 - [STDERR_REDIRECT] [Fatal Error] :1:1: Premature end of file.
2025-01-27 23:58:42,586 [ERROR] LogOutputStream:75 - [STDERR_REDIRECT] 
2025-01-27 23:58:43,607 [ERROR] LogOutputStream:75 - [STDERR_REDIRECT] [Fatal Error] :1:1: Premature end of file.
2025-01-27 23:58:43,607 [ERROR] LogOutputStream:75 - [STDERR_REDIRECT] 
2025-01-27 23:58:44,593 [ERROR] LogOutputStream:75 - [STDERR_REDIRECT] [Fatal Error] :1:1: Premature end of file.
2025-01-27 23:58:44,593 [ERROR] LogOutputStream:75 - [STDERR_REDIRECT] 
2025-01-27 23:58:45,585 [ERROR] LogOutputStream:75 - [STDERR_REDIRECT] [Fatal Error] :1:1: Premature end of file.
2025-01-27 23:58:45,586 [ERROR] LogOutputStream:75 - [STDERR_REDIRECT] 
2025-01-27 23:58:46,585 [ERROR] LogOutputStream:75 - [STDERR_REDIRECT] [Fatal Error] :1:1: Premature end of file.
2025-01-27 23:58:46,585 [ERROR] LogOutputStream:75 - [STDERR_REDIRECT] 
2025-01-27 23:58:47,577 [ERROR] LogOutputStream:75 - [STDERR_REDIRECT] [Fatal Error] :1:1: Premature end of file.
2025-01-27 23:58:47,577 [ERROR] LogOutputStream:75 - [STDERR_REDIRECT] 
2025-01-27 23:58:48,576 [ERROR] LogOutputStream:75 - [STDERR_REDIRECT] [Fatal Error] :1:1: Premature end of file.
2025-01-27 23:58:48,576 [ERROR] LogOutputStream:75 - [STDERR_REDIRECT] 
2025-01-27 23:58:49,595 [ERROR] LogOutputStream:75 - [STDERR_REDIRECT] [Fatal Error] :1:1: Premature end of file.
2025-01-27 23:58:49,595 [ERROR] LogOutputStream:75 - [STDERR_REDIRECT] 
2025-01-27 23:58:50,589 [ERROR] LogOutputStream:75 - [STDERR_REDIRECT] [Fatal Error] :1:1: Premature end of file.
2025-01-27 23:58:50,589 [ERROR] LogOutputStream:75 - [STDERR_REDIRECT] 
2025-01-27 23:58:51,574 [ERROR] LogOutputStream:75 - [STDERR_REDIRECT] [Fatal Error] :1:1: Premature end of file.
2025-01-27 23:58:51,576 [ERROR] LogOutputStream:75 - [STDERR_REDIRECT] 
2025-01-27 23:58:52,575 [ERROR] LogOutputStream:75 - [STDERR_REDIRECT] [Fatal Error] :1:1: Premature end of file.
2025-01-27 23:58:52,575 [ERROR] LogOutputStream:75 - [STDERR_REDIRECT] 
2025-01-27 23:58:53,577 [ERROR] LogOutputStream:75 - [STDERR_REDIRECT] [Fatal Error] :1:1: Premature end of file.
2025-01-27 23:58:53,577 [ERROR] LogOutputStream:75 - [STDERR_REDIRECT] 
2025-01-27 23:58:54,599 [ERROR] LogOutputStream:75 - [STDERR_REDIRECT] [Fatal Error] :1:1: Premature end of file.
2025-01-27 23:58:54,599 [ERROR] LogOutputStream:75 - [STDERR_REDIRECT] 
2025-01-27 23:58:55,585 [ERROR] LogOutputStream:75 - [STDERR_REDIRECT] [Fatal Error] :1:1: Premature end of file.
2025-01-27 23:58:55,585 [ERROR] LogOutputStream:75 - [STDERR_REDIRECT] 
2025-01-27 23:58:56,582 [ERROR] LogOutputStream:75 - [STDERR_REDIRECT] [Fatal Error] :1:1: Premature end of file.
2025-01-27 23:58:56,582 [ERROR] LogOutputStream:75 - [STDERR_REDIRECT] 
2025-01-27 23:58:57,585 [ERROR] LogOutputStream:75 - [STDERR_REDIRECT] [Fatal Error] :1:1: Premature end of file.
2025-01-27 23:58:57,585 [ERROR] LogOutputStream:75 - [STDERR_REDIRECT] 
2025-01-27 23:58:58,596 [ERROR] LogOutputStream:75 - [STDERR_REDIRECT] [Fatal Error] :1:1: Premature end of file.
2025-01-27 23:58:58,596 [ERROR] LogOutputStream:75 - [STDERR_REDIRECT] 
2025-01-27 23:58:59,599 [ERROR] LogOutputStream:75 - [STDERR_REDIRECT] [Fatal Error] :1:1: Premature end of file.
2025-01-27 23:58:59,599 [ERROR] LogOutputStream:75 - [STDERR_REDIRECT] 
2025-01-27 23:59:00,596 [ERROR] LogOutputStream:75 - [STDERR_REDIRECT] [Fatal Error] :1:1: Premature end of file.
2025-01-27 23:59:00,596 [ERROR] LogOutputStream:75 - [STDERR_REDIRECT] 
2025-01-27 23:59:01,593 [ERROR] LogOutputStream:75 - [STDERR_REDIRECT] [Fatal Error] :1:1: Premature end of file.
2025-01-27 23:59:01,593 [ERROR] LogOutputStream:75 - [STDERR_REDIRECT] 
2025-01-27 23:59:02,590 [ERROR] LogOutputStream:75 - [STDERR_REDIRECT] [Fatal Error] :1:1: Premature end of file.
2025-01-27 23:59:02,590 [ERROR] LogOutputStream:75 - [STDERR_REDIRECT] 
2025-01-27 23:59:03,596 [ERROR] LogOutputStream:75 - [STDERR_REDIRECT] [Fatal Error] :1:1: Premature end of file.
2025-01-27 23:59:03,596 [ERROR] LogOutputStream:75 - [STDERR_REDIRECT] 
2025-01-27 23:59:04,587 [ERROR] LogOutputStream:75 - [STDERR_REDIRECT] [Fatal Error] :1:1: Premature end of file.
2025-01-27 23:59:04,587 [ERROR] LogOutputStream:75 - [STDERR_REDIRECT] 
2025-01-27 23:59:05,587 [ERROR] LogOutputStream:75 - [STDERR_REDIRECT] [Fatal Error] :1:1: Premature end of file.
2025-01-27 23:59:05,587 [ERROR] LogOutputStream:75 - [STDERR_REDIRECT] 
2025-01-27 23:59:06,591 [ERROR] LogOutputStream:75 - [STDERR_REDIRECT] [Fatal Error] :1:1: Premature end of file.
2025-01-27 23:59:06,591 [ERROR] LogOutputStream:75 - [STDERR_REDIRECT] 
2025-01-27 23:59:07,584 [ERROR] LogOutputStream:75 - [STDERR_REDIRECT] [Fatal Error] :1:1: Premature end of file.
2025-01-27 23:59:07,584 [ERROR] LogOutputStream:75 - [STDERR_REDIRECT] 
2025-01-27 23:59:08,591 [ERROR] LogOutputStream:75 - [STDERR_REDIRECT] [Fatal Error] :1:1: Premature end of file.
2025-01-27 23:59:08,591 [ERROR] LogOutputStream:75 - [STDERR_REDIRECT] 
2025-01-27 23:59:09,609 [ERROR] LogOutputStream:75 - [STDERR_REDIRECT] [Fatal Error] :1:1: Premature end of file.
2025-01-27 23:59:09,609 [ERROR] LogOutputStream:75 - [STDERR_REDIRECT] 
2025-01-27 23:59:10,583 [ERROR] LogOutputStream:75 - [STDERR_REDIRECT] [Fatal Error] :1:1: Premature end of file.
2025-01-27 23:59:10,583 [ERROR] LogOutputStream:75 - [STDERR_REDIRECT] 
2025-01-27 23:59:11,597 [ERROR] LogOutputStream:75 - [STDERR_REDIRECT] [Fatal Error] :1:1: Premature end of file.
2025-01-27 23:59:11,597 [ERROR] LogOutputStream:75 - [STDERR_REDIRECT] 
2025-01-27 23:59:12,593 [ERROR] LogOutputStream:75 - [STDERR_REDIRECT] [Fatal Error] :1:1: Premature end of file.
2025-01-27 23:59:12,593 [ERROR] LogOutputStream:75 - [STDERR_REDIRECT] 
2025-01-27 23:59:13,589 [ERROR] LogOutputStream:75 - [STDERR_REDIRECT] [Fatal Error] :1:1: Premature end of file.
2025-01-27 23:59:13,589 [ERROR] LogOutputStream:75 - [STDERR_REDIRECT] 
2025-01-27 23:59:14,593 [ERROR] LogOutputStream:75 - [STDERR_REDIRECT] [Fatal Error] :1:1: Premature end of file.
2025-01-27 23:59:14,593 [ERROR] LogOutputStream:75 - [STDERR_REDIRECT] 
2025-01-27 23:59:15,586 [ERROR] LogOutputStream:75 - [STDERR_REDIRECT] [Fatal Error] :1:1: Premature end of file.
2025-01-27 23:59:15,586 [ERROR] LogOutputStream:75 - [STDERR_REDIRECT] 
2025-01-27 23:59:16,585 [ERROR] LogOutputStream:75 - [STDERR_REDIRECT] [Fatal Error] :1:1: Premature end of file.
2025-01-27 23:59:16,585 [ERROR] LogOutputStream:75 - [STDERR_REDIRECT] 
2025-01-27 23:59:17,586 [ERROR] LogOutputStream:75 - [STDERR_REDIRECT] [Fatal Error] :1:1: Premature end of file.
2025-01-27 23:59:17,586 [ERROR] LogOutputStream:75 - [STDERR_REDIRECT] 
2025-01-27 23:59:18,597 [ERROR] LogOutputStream:75 - [STDERR_REDIRECT] [Fatal Error] :1:1: Premature end of file.
2025-01-27 23:59:18,597 [ERROR] LogOutputStream:75 - [STDERR_REDIRECT] 
2025-01-27 23:59:19,595 [ERROR] LogOutputStream:75 - [STDERR_REDIRECT] [Fatal Error] :1:1: Premature end of file.
2025-01-27 23:59:19,595 [ERROR] LogOutputStream:75 - [STDERR_REDIRECT] 
2025-01-27 23:59:20,577 [ERROR] LogOutputStream:75 - [STDERR_REDIRECT] [Fatal Error] :1:1: Premature end of file.
2025-01-27 23:59:20,577 [ERROR] LogOutputStream:75 - [STDERR_REDIRECT] 
2025-01-27 23:59:21,592 [ERROR] LogOutputStream:75 - [STDERR_REDIRECT] [Fatal Error] :1:1: Premature end of file.
2025-01-27 23:59:21,592 [ERROR] LogOutputStream:75 - [STDERR_REDIRECT] 
2025-01-27 23:59:22,592 [ERROR] LogOutputStream:75 - [STDERR_REDIRECT] [Fatal Error] :1:1: Premature end of file.
2025-01-27 23:59:22,592 [ERROR] LogOutputStream:75 - [STDERR_REDIRECT] 
2025-01-27 23:59:23,592 [ERROR] LogOutputStream:75 - [STDERR_REDIRECT] [Fatal Error] :1:1: Premature end of file.
2025-01-27 23:59:23,592 [ERROR] LogOutputStream:75 - [STDERR_REDIRECT] 
2025-01-27 23:59:24,587 [ERROR] LogOutputStream:75 - [STDERR_REDIRECT] [Fatal Error] :1:1: Premature end of file.
2025-01-27 23:59:24,587 [ERROR] LogOutputStream:75 - [STDERR_REDIRECT] 
2025-01-27 23:59:25,591 [ERROR] LogOutputStream:75 - [STDERR_REDIRECT] [Fatal Error] :1:1: Premature end of file.
2025-01-27 23:59:25,591 [ERROR] LogOutputStream:75 - [STDERR_REDIRECT] 
2025-01-27 23:59:26,586 [ERROR] LogOutputStream:75 - [STDERR_REDIRECT] [Fatal Error] :1:1: Premature end of file.
2025-01-27 23:59:26,586 [ERROR] LogOutputStream:75 - [STDERR_REDIRECT] 
2025-01-27 23:59:27,594 [ERROR] LogOutputStream:75 - [STDERR_REDIRECT] [Fatal Error] :1:1: Premature end of file.
2025-01-27 23:59:27,594 [ERROR] LogOutputStream:75 - [STDERR_REDIRECT] 
2025-01-27 23:59:28,576 [ERROR] LogOutputStream:75 - [STDERR_REDIRECT] [Fatal Error] :1:1: Premature end of file.
2025-01-27 23:59:28,576 [ERROR] LogOutputStream:75 - [STDERR_REDIRECT] 
2025-01-27 23:59:29,579 [ERROR] LogOutputStream:75 - [STDERR_REDIRECT] [Fatal Error] :1:1: Premature end of file.
2025-01-27 23:59:29,579 [ERROR] LogOutputStream:75 - [STDERR_REDIRECT] 
2025-01-27 23:59:30,579 [ERROR] LogOutputStream:75 - [STDERR_REDIRECT] [Fatal Error] :1:1: Premature end of file.
2025-01-27 23:59:30,579 [ERROR] LogOutputStream:75 - [STDERR_REDIRECT] 
2025-01-27 23:59:31,585 [ERROR] LogOutputStream:75 - [STDERR_REDIRECT] [Fatal Error] :1:1: Premature end of file.
2025-01-27 23:59:31,585 [ERROR] LogOutputStream:75 - [STDERR_REDIRECT] 
2025-01-27 23:59:32,596 [ERROR] LogOutputStream:75 - [STDERR_REDIRECT] [Fatal Error] :1:1: Premature end of file.
2025-01-27 23:59:32,598 [ERROR] LogOutputStream:75 - [STDERR_REDIRECT] 
2025-01-27 23:59:33,581 [ERROR] LogOutputStream:75 - [STDERR_REDIRECT] [Fatal Error] :1:1: Premature end of file.
2025-01-27 23:59:33,581 [ERROR] LogOutputStream:75 - [STDERR_REDIRECT] 
2025-01-27 23:59:34,584 [ERROR] LogOutputStream:75 - [STDERR_REDIRECT] [Fatal Error] :1:1: Premature end of file.
2025-01-27 23:59:34,584 [ERROR] LogOutputStream:75 - [STDERR_REDIRECT] 
2025-01-27 23:59:35,578 [ERROR] LogOutputStream:75 - [STDERR_REDIRECT] [Fatal Error] :1:1: Premature end of file.
2025-01-27 23:59:35,578 [ERROR] LogOutputStream:75 - [STDERR_REDIRECT] 
2025-01-27 23:59:36,580 [ERROR] LogOutputStream:75 - [STDERR_REDIRECT] [Fatal Error] :1:1: Premature end of file.
2025-01-27 23:59:36,580 [ERROR] LogOutputStream:75 - [STDERR_REDIRECT] 
2025-01-27 23:59:37,579 [ERROR] LogOutputStream:75 - [STDERR_REDIRECT] [Fatal Error] :1:1: Premature end of file.
2025-01-27 23:59:37,579 [ERROR] LogOutputStream:75 - [STDERR_REDIRECT] 
2025-01-27 23:59:38,582 [ERROR] LogOutputStream:75 - [STDERR_REDIRECT] [Fatal Error] :1:1: Premature end of file.
2025-01-27 23:59:38,582 [ERROR] LogOutputStream:75 - [STDERR_REDIRECT] 
2025-01-27 23:59:39,584 [ERROR] LogOutputStream:75 - [STDERR_REDIRECT] [Fatal Error] :1:1: Premature end of file.
2025-01-27 23:59:39,584 [ERROR] LogOutputStream:75 - [STDERR_REDIRECT] 
2025-01-27 23:59:40,579 [ERROR] LogOutputStream:75 - [STDERR_REDIRECT] [Fatal Error] :1:1: Premature end of file.
2025-01-27 23:59:40,579 [ERROR] LogOutputStream:75 - [STDERR_REDIRECT] 
2025-01-27 23:59:41,578 [ERROR] LogOutputStream:75 - [STDERR_REDIRECT] [Fatal Error] :1:1: Premature end of file.
2025-01-27 23:59:41,578 [ERROR] LogOutputStream:75 - [STDERR_REDIRECT] 
2025-01-27 23:59:42,581 [ERROR] LogOutputStream:75 - [STDERR_REDIRECT] [Fatal Error] :1:1: Premature end of file.
2025-01-27 23:59:42,581 [ERROR] LogOutputStream:75 - [STDERR_REDIRECT] 
2025-01-27 23:59:43,582 [ERROR] LogOutputStream:75 - [STDERR_REDIRECT] [Fatal Error] :1:1: Premature end of file.
2025-01-27 23:59:43,582 [ERROR] LogOutputStream:75 - [STDERR_REDIRECT] 
2025-01-27 23:59:44,585 [ERROR] LogOutputStream:75 - [STDERR_REDIRECT] [Fatal Error] :1:1: Premature end of file.
2025-01-27 23:59:44,585 [ERROR] LogOutputStream:75 - [STDERR_REDIRECT] 
2025-01-27 23:59:45,577 [ERROR] LogOutputStream:75 - [STDERR_REDIRECT] [Fatal Error] :1:1: Premature end of file.
2025-01-27 23:59:45,577 [ERROR] LogOutputStream:75 - [STDERR_REDIRECT] 
2025-01-27 23:59:46,594 [ERROR] LogOutputStream:75 - [STDERR_REDIRECT] [Fatal Error] :1:1: Premature end of file.
2025-01-27 23:59:46,594 [ERROR] LogOutputStream:75 - [STDERR_REDIRECT] 
2025-01-27 23:59:47,594 [ERROR] LogOutputStream:75 - [STDERR_REDIRECT] [Fatal Error] :1:1: Premature end of file.
2025-01-27 23:59:47,594 [ERROR] LogOutputStream:75 - [STDERR_REDIRECT] 
2025-01-27 23:59:48,584 [ERROR] LogOutputStream:75 - [STDERR_REDIRECT] [Fatal Error] :1:1: Premature end of file.
2025-01-27 23:59:48,584 [ERROR] LogOutputStream:75 - [STDERR_REDIRECT] 
2025-01-27 23:59:49,591 [ERROR] LogOutputStream:75 - [STDERR_REDIRECT] [Fatal Error] :1:1: Premature end of file.
2025-01-27 23:59:49,591 [ERROR] LogOutputStream:75 - [STDERR_REDIRECT] 
2025-01-27 23:59:50,594 [ERROR] LogOutputStream:75 - [STDERR_REDIRECT] [Fatal Error] :1:1: Premature end of file.
2025-01-27 23:59:50,594 [ERROR] LogOutputStream:75 - [STDERR_REDIRECT] 
2025-01-27 23:59:51,590 [ERROR] LogOutputStream:75 - [STDERR_REDIRECT] [Fatal Error] :1:1: Premature end of file.
2025-01-27 23:59:51,590 [ERROR] LogOutputStream:75 - [STDERR_REDIRECT] 
2025-01-27 23:59:52,576 [ERROR] LogOutputStream:75 - [STDERR_REDIRECT] [Fatal Error] :1:1: Premature end of file.
2025-01-27 23:59:52,576 [ERROR] LogOutputStream:75 - [STDERR_REDIRECT] 
2025-01-27 23:59:53,600 [ERROR] LogOutputStream:75 - [STDERR_REDIRECT] [Fatal Error] :1:1: Premature end of file.
2025-01-27 23:59:53,600 [ERROR] LogOutputStream:75 - [STDERR_REDIRECT] 
2025-01-27 23:59:54,582 [ERROR] LogOutputStream:75 - [STDERR_REDIRECT] [Fatal Error] :1:1: Premature end of file.
2025-01-27 23:59:54,584 [ERROR] LogOutputStream:75 - [STDERR_REDIRECT] 
2025-01-27 23:59:55,592 [ERROR] LogOutputStream:75 - [STDERR_REDIRECT] [Fatal Error] :1:1: Premature end of file.
2025-01-27 23:59:55,593 [ERROR] LogOutputStream:75 - [STDERR_REDIRECT] 
2025-01-27 23:59:56,594 [ERROR] LogOutputStream:75 - [STDERR_REDIRECT] [Fatal Error] :1:1: Premature end of file.
2025-01-27 23:59:56,594 [ERROR] LogOutputStream:75 - [STDERR_REDIRECT] 
2025-01-27 23:59:57,575 [ERROR] LogOutputStream:75 - [STDERR_REDIRECT] [Fatal Error] :1:1: Premature end of file.
2025-01-27 23:59:57,575 [ERROR] LogOutputStream:75 - [STDERR_REDIRECT] 
2025-01-27 23:59:58,611 [ERROR] LogOutputStream:75 - [STDERR_REDIRECT] [Fatal Error] :1:1: Premature end of file.
2025-01-27 23:59:58,611 [ERROR] LogOutputStream:75 - [STDERR_REDIRECT] 
2025-01-27 23:59:59,592 [ERROR] LogOutputStream:75 - [STDERR_REDIRECT] [Fatal Error] :1:1: Premature end of file.
2025-01-27 23:59:59,592 [ERROR] LogOutputStream:75 - [STDERR_REDIRECT] 
