2025-01-31 17:48:35,949 [INFO] Activator:176 - 


2025-01-31 17:48:35,952 [INFO] Activator:177 - !SESSION log4j initialized
2025-01-31 17:48:40,310 [INFO] LogOutputStream:77 - [STDOUT_REDIRECT] 
2025-01-31 17:48:41,352 [INFO] ApplicationProperties:184 - Using Application install path: C:\ST\STM32CubeIDE_1.17.0\STM32CubeIDE\plugins\com.st.stm32cube.common.mx_6.13.0.202411220809
2025-01-31 17:48:41,362 [INFO] DbMcusXml:78 - Set database path to: C:\ST\STM32CubeIDE_1.17.0\STM32CubeIDE\plugins\com.st.stm32cube.common.mx_6.13.0.202411220809\\db\/mcu/
2025-01-31 17:48:41,362 [INFO] ApiDb:274 - Set plugin database path to: C:\ST\STM32CubeIDE_1.17.0\STM32CubeIDE\plugins\com.st.stm32cube.common.mx_6.13.0.202411220809\\db\/plugins/boardmanager/
2025-01-31 17:48:41,362 [WARN] ApiDb:259 - Overriding images path with different value:  => C:\ST\STM32CubeIDE_1.17.0\STM32CubeIDE\plugins\com.st.stm32cube.common.mx_6.13.0.202411220809\\db\/plugins/mcufinder/images/
2025-01-31 17:48:41,366 [INFO] ApiDb:250 - Set database path to: C:\Users\Admin\.stmcufinder\plugins\mcufinder//mcu/
2025-01-31 17:48:41,368 [INFO] DbMcusAds:125 - Set database path to: C:\Users\Admin\.stmcufinder\plugins\mcufinder//mcu/
2025-01-31 17:48:41,368 [INFO] CrossReferenceDbSqlite:203 - Set database path to: C:\Users\Admin\.stmcufinder\plugins\mcufinder//mcu/cs/
2025-01-31 17:48:41,445 [INFO] RulesReader:64 - Compatibility file has been processed (297 Rules)
2025-01-31 17:48:41,498 [INFO] DbMcusXml:78 - Set database path to: C:\ST\STM32CubeIDE_1.17.0\STM32CubeIDE\plugins\com.st.stm32cube.common.mx_6.13.0.202411220809\\db\/mcu/
2025-01-31 17:48:41,498 [INFO] ApiDb:274 - Set plugin database path to: C:\ST\STM32CubeIDE_1.17.0\STM32CubeIDE\plugins\com.st.stm32cube.common.mx_6.13.0.202411220809\\db\/plugins/boardmanager/
2025-01-31 17:48:41,498 [INFO] ApiDb:261 - Set plugin images path to: C:\ST\STM32CubeIDE_1.17.0\STM32CubeIDE\plugins\com.st.stm32cube.common.mx_6.13.0.202411220809\\db\/plugins/mcufinder/images/
2025-01-31 17:48:41,498 [WARN] DbFile:41 - Overriding database path with different value: C:\Users\Admin\.stmcufinder\plugins\mcufinder/ => C:\Users\Admin\.stmcufinder\plugins\mcufinder
2025-01-31 17:48:41,498 [INFO] ApiDb:250 - Set database path to: C:\Users\Admin\.stmcufinder\plugins\mcufinder//mcu/
2025-01-31 17:48:41,498 [WARN] DbFile:41 - Overriding database path with different value: C:\Users\Admin\.stmcufinder\plugins\mcufinder/ => C:\Users\Admin\.stmcufinder\plugins\mcufinder
2025-01-31 17:48:41,498 [INFO] DbMcusAds:125 - Set database path to: C:\Users\Admin\.stmcufinder\plugins\mcufinder//mcu/
2025-01-31 17:48:41,498 [WARN] DbFile:41 - Overriding database path with different value: C:\Users\Admin\.stmcufinder\plugins\mcufinder/ => C:\Users\Admin\.stmcufinder\plugins\mcufinder
2025-01-31 17:48:41,500 [WARN] DbFile:41 - Overriding database path with different value: C:\Users\Admin\.stmcufinder\plugins\mcufinder/ => C:\Users\Admin\.stmcufinder\plugins\mcufinder
2025-01-31 17:48:41,500 [INFO] CrossReferenceDbSqlite:203 - Set database path to: C:\Users\Admin\.stmcufinder\plugins\mcufinder//mcu/cs/
2025-01-31 17:48:41,548 [INFO] MainPanel:272 - HeapMemory: 268435456
2025-01-31 17:48:41,598 [INFO] DbMcusXml:78 - Set database path to: C:\ST\STM32CubeIDE_1.17.0\STM32CubeIDE\plugins\com.st.stm32cube.common.mx_6.13.0.202411220809\\db\/mcu/
2025-01-31 17:48:41,598 [INFO] ApiDb:274 - Set plugin database path to: C:\ST\STM32CubeIDE_1.17.0\STM32CubeIDE\plugins\com.st.stm32cube.common.mx_6.13.0.202411220809\\db\/plugins/boardmanager/
2025-01-31 17:48:41,598 [INFO] ApiDb:261 - Set plugin images path to: C:\ST\STM32CubeIDE_1.17.0\STM32CubeIDE\plugins\com.st.stm32cube.common.mx_6.13.0.202411220809\\db\/plugins/mcufinder/images/
2025-01-31 17:48:41,598 [WARN] DbFile:41 - Overriding database path with different value: C:\Users\Admin\.stmcufinder\plugins\mcufinder/ => C:\Users\Admin\.stmcufinder\plugins\mcufinder
2025-01-31 17:48:41,598 [INFO] ApiDb:250 - Set database path to: C:\Users\Admin\.stmcufinder\plugins\mcufinder//mcu/
2025-01-31 17:48:41,598 [WARN] DbFile:41 - Overriding database path with different value: C:\Users\Admin\.stmcufinder\plugins\mcufinder/ => C:\Users\Admin\.stmcufinder\plugins\mcufinder
2025-01-31 17:48:41,599 [INFO] DbMcusAds:125 - Set database path to: C:\Users\Admin\.stmcufinder\plugins\mcufinder//mcu/
2025-01-31 17:48:41,599 [WARN] DbFile:41 - Overriding database path with different value: C:\Users\Admin\.stmcufinder\plugins\mcufinder/ => C:\Users\Admin\.stmcufinder\plugins\mcufinder
2025-01-31 17:48:41,599 [WARN] DbFile:41 - Overriding database path with different value: C:\Users\Admin\.stmcufinder\plugins\mcufinder/ => C:\Users\Admin\.stmcufinder\plugins\mcufinder
2025-01-31 17:48:41,599 [INFO] CrossReferenceDbSqlite:203 - Set database path to: C:\Users\Admin\.stmcufinder\plugins\mcufinder//mcu/cs/
2025-01-31 17:48:41,610 [INFO] ApplicationProperties:184 - Using Application install path: C:\ST\STM32CubeIDE_1.17.0\STM32CubeIDE\plugins\com.st.stm32cube.common.mx_6.13.0.202411220809
2025-01-31 17:48:41,611 [INFO] PluginManage:196 - Search for loadable plugins [exclusion list=, ]
2025-01-31 17:48:41,611 [INFO] PluginManage:310 - Check plugin analytics
2025-01-31 17:48:41,719 [INFO] AnalyticsPlugin:253 - Accepted Software Licenses: 
2025-01-31 17:48:41,721 [INFO] AnalyticsPlugin:255 - Accepted CMSIS Pack Licenses: 
2025-01-31 17:48:41,721 [INFO] AnalyticsPlugin:257 - Accepted Firmware Licenses: FW.F7.1.17.0
2025-01-31 17:48:41,722 [INFO] PluginManage:359 - Loaded plugin analytics (category:tool,tabindex:-1)
2025-01-31 17:48:41,722 [INFO] PluginManage:310 - Check plugin cadmodel
2025-01-31 17:48:41,727 [INFO] CADModel:105 - Init CAD model plugin
2025-01-31 17:48:41,727 [INFO] PluginManage:359 - Loaded plugin cadmodel (category:power,tabindex:5)
2025-01-31 17:48:41,727 [INFO] PluginManage:310 - Check plugin clock
2025-01-31 17:48:41,733 [INFO] PluginManage:359 - Loaded plugin clock (category:base,tabindex:2)
2025-01-31 17:48:41,733 [INFO] PluginManage:310 - Check plugin ddr
2025-01-31 17:48:41,734 [INFO] PluginManage:359 - Loaded plugin ddr (category:tool,tabindex:6)
2025-01-31 17:48:41,734 [INFO] PluginManage:310 - Check plugin filemanager
2025-01-31 17:48:41,828 [INFO] PluginManage:359 - Loaded plugin filemanager (category:base,tabindex:10)
2025-01-31 17:48:41,828 [INFO] PluginManage:310 - Check plugin ipmanager
2025-01-31 17:48:41,834 [INFO] PluginManage:359 - Loaded plugin ipmanager (category:base,tabindex:5)
2025-01-31 17:48:41,834 [INFO] PluginManage:310 - Check plugin lpbam
2025-01-31 17:48:41,840 [INFO] PluginManage:359 - Loaded plugin lpbam (category:base,tabindex:0)
2025-01-31 17:48:41,840 [INFO] PluginManage:310 - Check plugin memorymap
2025-01-31 17:48:41,848 [INFO] PluginManage:359 - Loaded plugin memorymap (category:base,tabindex:4)
2025-01-31 17:48:41,848 [INFO] PluginManage:310 - Check plugin pinoutandconfiguration
2025-01-31 17:48:41,854 [INFO] PluginManage:359 - Loaded plugin pinoutandconfiguration (category:base,tabindex:1)
2025-01-31 17:48:41,854 [INFO] PluginManage:310 - Check plugin pinoutconfig
2025-01-31 17:48:41,914 [WARN] SupportedApi:132 - Cannot load RTOS API schema: s4s-elt-must-match.1: The content of 'definitions' must match (annotation?, (simpleType | complexType)?, (unique | key | keyref)*)). A problem was found starting at: attribute.
2025-01-31 17:48:41,999 [INFO] PluginManage:359 - Loaded plugin pinoutconfig (category:base,tabindex:0)
2025-01-31 17:48:41,999 [INFO] PluginManage:310 - Check plugin power
2025-01-31 17:48:42,006 [INFO] PluginManage:359 - Loaded plugin power (category:power,tabindex:4)
2025-01-31 17:48:42,006 [INFO] PluginManage:310 - Check plugin projectmanager
2025-01-31 17:48:42,016 [INFO] PluginManage:359 - Loaded plugin projectmanager (category:projectmanager,tabindex:4)
2025-01-31 17:48:42,016 [INFO] PluginManage:310 - Check plugin rif
2025-01-31 17:48:42,020 [INFO] PluginManage:359 - Loaded plugin rif (category:base,tabindex:3)
2025-01-31 17:48:42,020 [INFO] PluginManage:310 - Check plugin thirdparty
2025-01-31 17:48:42,146 [WARN] IntegrityCheckThread:84 - waiting for thirdparty lock release [integrity check]
2025-01-31 17:48:42,146 [INFO] IntegrityCheckThread:86 - entering critical section [integrity check]
2025-01-31 17:48:42,146 [INFO] PluginManage:359 - Loaded plugin thirdparty (category:base,tabindex:-1)
2025-01-31 17:48:42,146 [INFO] PluginManage:310 - Check plugin tools
2025-01-31 17:48:42,146 [INFO] ThirdPartyUpdaterWithRetryManager:70 - Updater plugin not ready yet. [1/15]
2025-01-31 17:48:42,149 [INFO] PluginManage:359 - Loaded plugin tools (category:base,tabindex:7)
2025-01-31 17:48:42,149 [INFO] PluginManage:310 - Check plugin tutovideos
2025-01-31 17:48:42,268 [INFO] PluginManage:359 - Loaded plugin tutovideos (category:base,tabindex:-1)
2025-01-31 17:48:42,268 [INFO] PluginManage:310 - Check plugin updater
2025-01-31 17:48:42,283 [INFO] PluginManage:359 - Loaded plugin updater (category:base,tabindex:12)
2025-01-31 17:48:42,283 [INFO] PluginManage:310 - Check plugin userauth
2025-01-31 17:48:42,284 [INFO] UserAuth:118 - Init User Auth plugin
2025-01-31 17:48:42,286 [INFO] PluginManage:359 - Loaded plugin userauth (category:base,tabindex:14)
2025-01-31 17:48:42,286 [INFO] PluginManage:283 - PluginManage : Loaded plugins [18]
2025-01-31 17:48:42,424 [INFO] PinOutPanel:1589 - setPackage(No Configuration,No Configuration)
2025-01-31 17:48:42,487 [INFO] CADModel:165 - CPN selected for project level
2025-01-31 17:48:42,489 [INFO] CADModel:114 - Register for checkConnection events
2025-01-31 17:48:42,501 [INFO] IPUIPlugin:80 - create IPUIPlugin
2025-01-31 17:48:42,501 [INFO] PluginManager:220 - loadIPPluginJar : add adc
2025-01-31 17:48:42,503 [INFO] IPUIPlugin:80 - create IPUIPlugin
2025-01-31 17:48:42,503 [INFO] PluginManager:220 - loadIPPluginJar : add aes
2025-01-31 17:48:42,504 [INFO] IPUIPlugin:80 - create IPUIPlugin
2025-01-31 17:48:42,504 [INFO] PluginManager:220 - loadIPPluginJar : add can
2025-01-31 17:48:42,506 [INFO] IPUIPlugin:80 - create IPUIPlugin
2025-01-31 17:48:42,506 [INFO] PluginManager:220 - loadIPPluginJar : add comp
2025-01-31 17:48:42,507 [INFO] IPUIPlugin:80 - create IPUIPlugin
2025-01-31 17:48:42,507 [INFO] PluginManager:220 - loadIPPluginJar : add cryp
2025-01-31 17:48:42,510 [INFO] IPUIPlugin:80 - create IPUIPlugin
2025-01-31 17:48:42,510 [INFO] PluginManager:220 - loadIPPluginJar : add ddr_ctrl_phy
2025-01-31 17:48:42,510 [INFO] IPUIPlugin:80 - create IPUIPlugin
2025-01-31 17:48:42,510 [INFO] PluginManager:220 - loadIPPluginJar : add dfsdm
2025-01-31 17:48:42,515 [INFO] IPUIPlugin:80 - create IPUIPlugin
2025-01-31 17:48:42,515 [INFO] PluginManager:220 - loadIPPluginJar : add dma
2025-01-31 17:48:42,516 [INFO] IPUIPlugin:80 - create IPUIPlugin
2025-01-31 17:48:42,516 [INFO] PluginManager:220 - loadIPPluginJar : add dma3
2025-01-31 17:48:42,518 [INFO] IPUIPlugin:80 - create IPUIPlugin
2025-01-31 17:48:42,518 [INFO] PluginManager:220 - loadIPPluginJar : add extmemmanager
2025-01-31 17:48:42,519 [INFO] IPUIPlugin:80 - create IPUIPlugin
2025-01-31 17:48:42,519 [INFO] PluginManager:220 - loadIPPluginJar : add fatfs
2025-01-31 17:48:42,522 [INFO] IPUIPlugin:80 - create IPUIPlugin
2025-01-31 17:48:42,522 [INFO] PluginManager:220 - loadIPPluginJar : add fmc
2025-01-31 17:48:42,528 [INFO] IPUIPlugin:80 - create IPUIPlugin
2025-01-31 17:48:42,528 [INFO] PluginManager:220 - loadIPPluginJar : add freertos
2025-01-31 17:48:42,528 [INFO] IPUIPlugin:80 - create IPUIPlugin
2025-01-31 17:48:42,528 [INFO] PluginManager:220 - loadIPPluginJar : add genericplugin
2025-01-31 17:48:42,530 [INFO] IPUIPlugin:80 - create IPUIPlugin
2025-01-31 17:48:42,530 [INFO] PluginManager:220 - loadIPPluginJar : add gfxmmu
2025-01-31 17:48:42,534 [INFO] IPUIPlugin:80 - create IPUIPlugin
2025-01-31 17:48:42,534 [INFO] PluginManager:220 - loadIPPluginJar : add gic
2025-01-31 17:48:42,538 [INFO] IPUIPlugin:80 - create IPUIPlugin
2025-01-31 17:48:42,538 [INFO] PluginManager:220 - loadIPPluginJar : add gpio
2025-01-31 17:48:42,541 [INFO] IPUIPlugin:80 - create IPUIPlugin
2025-01-31 17:48:42,541 [INFO] PluginManager:220 - loadIPPluginJar : add gtzc
2025-01-31 17:48:42,542 [INFO] IPUIPlugin:80 - create IPUIPlugin
2025-01-31 17:48:42,542 [INFO] PluginManager:220 - loadIPPluginJar : add hash
2025-01-31 17:48:42,545 [INFO] IPUIPlugin:80 - create IPUIPlugin
2025-01-31 17:48:42,545 [INFO] PluginManager:220 - loadIPPluginJar : add i2c
2025-01-31 17:48:42,547 [INFO] IPUIPlugin:80 - create IPUIPlugin
2025-01-31 17:48:42,547 [INFO] PluginManager:220 - loadIPPluginJar : add i2s
2025-01-31 17:48:42,548 [INFO] IPUIPlugin:80 - create IPUIPlugin
2025-01-31 17:48:42,548 [INFO] PluginManager:220 - loadIPPluginJar : add i3c
2025-01-31 17:48:42,551 [INFO] IPUIPlugin:80 - create IPUIPlugin
2025-01-31 17:48:42,551 [INFO] PluginManager:220 - loadIPPluginJar : add ipddr
2025-01-31 17:48:42,556 [INFO] IPUIPlugin:80 - create IPUIPlugin
2025-01-31 17:48:42,557 [INFO] PluginManager:220 - loadIPPluginJar : add linkedlist
2025-01-31 17:48:42,559 [INFO] IPUIPlugin:80 - create IPUIPlugin
2025-01-31 17:48:42,559 [INFO] PluginManager:220 - loadIPPluginJar : add lorawan
2025-01-31 17:48:42,560 [INFO] IPUIPlugin:80 - create IPUIPlugin
2025-01-31 17:48:42,560 [INFO] PluginManager:220 - loadIPPluginJar : add ltdc
2025-01-31 17:48:42,565 [INFO] IPUIPlugin:80 - create IPUIPlugin
2025-01-31 17:48:42,565 [INFO] PluginManager:220 - loadIPPluginJar : add mdma
2025-01-31 17:48:42,567 [INFO] IPUIPlugin:80 - create IPUIPlugin
2025-01-31 17:48:42,568 [INFO] PluginManager:220 - loadIPPluginJar : add nvic
2025-01-31 17:48:42,570 [INFO] IPUIPlugin:80 - create IPUIPlugin
2025-01-31 17:48:42,570 [INFO] PluginManager:220 - loadIPPluginJar : add opamp
2025-01-31 17:48:42,571 [INFO] IPUIPlugin:80 - create IPUIPlugin
2025-01-31 17:48:42,571 [INFO] PluginManager:220 - loadIPPluginJar : add openamp
2025-01-31 17:48:42,574 [INFO] IPUIPlugin:80 - create IPUIPlugin
2025-01-31 17:48:42,574 [INFO] PluginManager:220 - loadIPPluginJar : add pdm2pcm
2025-01-31 17:48:42,577 [INFO] IPUIPlugin:80 - create IPUIPlugin
2025-01-31 17:48:42,579 [INFO] PluginManager:220 - loadIPPluginJar : add plateformsettings
2025-01-31 17:48:42,580 [INFO] IPUIPlugin:80 - create IPUIPlugin
2025-01-31 17:48:42,580 [INFO] PluginManager:220 - loadIPPluginJar : add quadspi
2025-01-31 17:48:42,582 [INFO] IPUIPlugin:80 - create IPUIPlugin
2025-01-31 17:48:42,582 [INFO] PluginManager:220 - loadIPPluginJar : add radio
2025-01-31 17:48:42,585 [INFO] IPUIPlugin:80 - create IPUIPlugin
2025-01-31 17:48:42,585 [INFO] PluginManager:220 - loadIPPluginJar : add resmgrutility
2025-01-31 17:48:42,586 [INFO] IPUIPlugin:80 - create IPUIPlugin
2025-01-31 17:48:42,586 [INFO] PluginManager:220 - loadIPPluginJar : add sai
2025-01-31 17:48:42,588 [INFO] IPUIPlugin:80 - create IPUIPlugin
2025-01-31 17:48:42,588 [INFO] PluginManager:220 - loadIPPluginJar : add spi
2025-01-31 17:48:42,592 [INFO] IPUIPlugin:80 - create IPUIPlugin
2025-01-31 17:48:42,592 [INFO] PluginManager:220 - loadIPPluginJar : add stm32_wpan
2025-01-31 17:48:42,594 [INFO] IPUIPlugin:80 - create IPUIPlugin
2025-01-31 17:48:42,594 [INFO] PluginManager:220 - loadIPPluginJar : add tim
2025-01-31 17:48:42,595 [INFO] IPUIPlugin:80 - create IPUIPlugin
2025-01-31 17:48:42,595 [INFO] PluginManager:220 - loadIPPluginJar : add touchsensing
2025-01-31 17:48:42,597 [INFO] IPUIPlugin:80 - create IPUIPlugin
2025-01-31 17:48:42,597 [INFO] PluginManager:220 - loadIPPluginJar : add tracer_emb
2025-01-31 17:48:42,598 [INFO] IPUIPlugin:80 - create IPUIPlugin
2025-01-31 17:48:42,598 [INFO] PluginManager:220 - loadIPPluginJar : add ts
2025-01-31 17:48:42,600 [INFO] IPUIPlugin:80 - create IPUIPlugin
2025-01-31 17:48:42,600 [INFO] PluginManager:220 - loadIPPluginJar : add tsc
2025-01-31 17:48:42,602 [INFO] IPUIPlugin:80 - create IPUIPlugin
2025-01-31 17:48:42,602 [INFO] PluginManager:220 - loadIPPluginJar : add ucpd
2025-01-31 17:48:42,605 [INFO] IPUIPlugin:80 - create IPUIPlugin
2025-01-31 17:48:42,605 [INFO] PluginManager:220 - loadIPPluginJar : add usart
2025-01-31 17:48:42,606 [INFO] IPUIPlugin:80 - create IPUIPlugin
2025-01-31 17:48:42,606 [INFO] PluginManager:220 - loadIPPluginJar : add usbx
2025-01-31 17:48:42,718 [FATAL] Updater:351 - Updater called before beeing initialized
2025-01-31 17:48:42,741 [INFO] RulesReader:64 - Compatibility file has been processed (297 Rules)
2025-01-31 17:48:42,747 [INFO] RulesReader:64 - Compatibility file has been processed (297 Rules)
2025-01-31 17:48:42,752 [INFO] CADModel:165 - CPN selected for project level
2025-01-31 17:48:42,752 [INFO] CADModel:114 - Register for checkConnection events
2025-01-31 17:48:42,752 [FATAL] Updater:351 - Updater called before beeing initialized
2025-01-31 17:48:42,752 [ERROR] CADModel:125 - Updater not yet initialized, retry later 
2025-01-31 17:48:42,838 [FATAL] Updater:351 - Updater called before beeing initialized
2025-01-31 17:48:42,839 [INFO] CADModel:165 - CPN selected for project level
2025-01-31 17:48:42,839 [INFO] CADModel:114 - Register for checkConnection events
2025-01-31 17:48:42,839 [FATAL] Updater:351 - Updater called before beeing initialized
2025-01-31 17:48:42,839 [ERROR] CADModel:125 - Updater not yet initialized, retry later 
2025-01-31 17:48:42,842 [FATAL] Updater:351 - Updater called before beeing initialized
2025-01-31 17:48:42,921 [FATAL] Updater:351 - Updater called before beeing initialized
2025-01-31 17:48:42,925 [INFO] DbMcusAds:53 - JSON generation date=Tue Dec 17 23:01:15 ICT 2024 (1734451275111)
2025-01-31 17:48:42,925 [FATAL] Updater:351 - Updater called before beeing initialized
2025-01-31 17:48:42,947 [WARN] DetailPanel:346 - Failed to get advertising image, set to default
2025-01-31 17:48:43,112 [FATAL] Updater:351 - Updater called before beeing initialized
2025-01-31 17:48:43,114 [FATAL] Updater:351 - Updater called before beeing initialized
2025-01-31 17:48:43,114 [FATAL] Updater:351 - Updater called before beeing initialized
2025-01-31 17:48:43,114 [WARN] DetailPanel:346 - Failed to get advertising image, set to default
2025-01-31 17:48:43,114 [FATAL] Updater:351 - Updater called before beeing initialized
2025-01-31 17:48:43,142 [ERROR] Updater:1198 - MainUpdater not yet initialized. External WinMGr cannot be set.
2025-01-31 17:48:43,144 [INFO] Updater:1134 - Updater Version found : 6.13.0
2025-01-31 17:48:43,155 [INFO] ApplicationProperties:184 - Using Application install path: C:\ST\STM32CubeIDE_1.17.0\STM32CubeIDE\plugins\com.st.stm32cube.common.mx_6.13.0.202411220809
2025-01-31 17:48:44,721 [ERROR] LogOutputStream:75 - [STDERR_REDIRECT] Jan 31, 2025 5:48:44 PM java.util.prefs.WindowsPreferences <init>
2025-01-31 17:48:44,723 [ERROR] LogOutputStream:75 - [STDERR_REDIRECT] WARNING: Could not open/create prefs root node Software\JavaSoft\Prefs at root 0xffffffff80000002. Windows RegCreateKeyEx(...) returned error code 5.
2025-01-31 17:48:44,723 [ERROR] LogOutputStream:75 - [STDERR_REDIRECT] 
2025-01-31 17:48:45,059 [INFO] MainUpdater:2872 - connection check result : 10
2025-01-31 17:48:45,061 [INFO] MainUpdater:289 - Updater Check For Update Now.
2025-01-31 17:48:45,061 [INFO] MicroXplorer:498 - Change Database Version : DB.6.0.130
2025-01-31 17:48:45,064 [INFO] McuFinderGlobals:63 - Set McuFinder mode to 2 (CubeIDE integrated)
2025-01-31 17:48:45,064 [INFO] UserAuth:171 - activating auth plugin
2025-01-31 17:48:45,067 [INFO] UserAuth:486 - Internet connection configuration mode: 1
2025-01-31 17:48:45,081 [INFO] JxBrowserEngine:152 - Initiate JxBrowser Engine with user profile folder
2025-01-31 17:48:45,148 [WARN] MainUpdater:1193 - Updater busy. Cannot search thirdparties
2025-01-31 17:48:45,148 [INFO] ThirdPartyUpdaterWithRetryManager:96 - Updater plugin is busy. [1/15]
2025-01-31 17:48:45,219 [INFO] CheckServerUpdateThread:120 - End of CheckServer Thread
2025-01-31 17:48:45,529 [INFO] WebApp:168 - Instantiating new browser for Auth
2025-01-31 17:48:45,970 [INFO] WebApp:449 - Apply proxy settings
2025-01-31 17:48:45,970 [INFO] WebApp:534 - Chromium requires no authentication
2025-01-31 17:48:45,976 [INFO] WebApp:477 - Direct internet connection detected
2025-01-31 17:48:45,989 [INFO] WebApp:880 - Register for checkConnection events
2025-01-31 17:48:45,989 [INFO] WebApp:449 - Apply proxy settings
2025-01-31 17:48:45,989 [INFO] WebApp:534 - Chromium requires no authentication
2025-01-31 17:48:45,989 [INFO] WebApp:477 - Direct internet connection detected
2025-01-31 17:48:46,101 [INFO] WebApp:221 - Starting web application
2025-01-31 17:48:46,103 [INFO] WebApp:579 - Web application path used C:\ST\STM32CubeIDE_1.17.0\STM32CubeIDE\plugins\com.st.stm32cube.common.mx_6.13.0.202411220809\db\plugins\mcufinder\reactClient1\index.html
2025-01-31 17:48:46,252 [ERROR] LogOutputStream:75 - [STDERR_REDIRECT] [Fatal Error] :1:1: Premature end of file.
2025-01-31 17:48:46,252 [ERROR] LogOutputStream:75 - [STDERR_REDIRECT] 
2025-01-31 17:48:46,771 [INFO] WebApp:187 - Connection restablished
2025-01-31 17:48:47,247 [ERROR] LogOutputStream:75 - [STDERR_REDIRECT] [Fatal Error] :1:1: Premature end of file.
2025-01-31 17:48:47,247 [ERROR] LogOutputStream:75 - [STDERR_REDIRECT] 
2025-01-31 17:48:48,242 [ERROR] LogOutputStream:75 - [STDERR_REDIRECT] [Fatal Error] :1:1: Premature end of file.
2025-01-31 17:48:48,242 [ERROR] LogOutputStream:75 - [STDERR_REDIRECT] 
2025-01-31 17:48:48,274 [WARN] PackLoader:240 - Cannot read IP mode file for STMicroelectronics.FP-SNS-MOTENVWB1.1.4.0
2025-01-31 17:48:48,284 [WARN] PackLoader:240 - Cannot read IP mode file for STMicroelectronics.X-CUBE-SMBUS.2.1.0
2025-01-31 17:48:48,292 [WARN] PackLoader:240 - Cannot read IP mode file for STMicroelectronics.X-CUBE-WB05N.1.1.0
2025-01-31 17:48:48,313 [WARN] PackLoader:240 - Cannot read IP mode file for STMicroelectronics.X-CUBE-AZRTOS-F7.1.1.0
2025-01-31 17:48:48,326 [WARN] PackLoader:240 - Cannot read IP mode file for STMicroelectronics.FP-SNS-FLIGHT1.5.0.2
2025-01-31 17:48:48,348 [WARN] PackLoader:240 - Cannot read IP mode file for Infineon.AIROC-Wi-Fi-Bluetooth-STM32.1.7.0
2025-01-31 17:48:48,374 [WARN] PackLoader:240 - Cannot read IP mode file for STMicroelectronics.X-CUBE-DISPLAY.3.0.0
2025-01-31 17:48:48,381 [WARN] PackLoader:240 - Cannot read IP mode file for STMicroelectronics.X-CUBE-BLE1.7.0.0
2025-01-31 17:48:48,387 [WARN] PackLoader:240 - Cannot read IP mode file for STMicroelectronics.X-CUBE-NFC10.1.0.0
2025-01-31 17:48:48,393 [WARN] PackLoader:240 - Cannot read IP mode file for emotas.I-CUBE-CANOPEN.1.3.0
2025-01-31 17:48:48,396 [WARN] PackLoader:240 - Cannot read IP mode file for STMicroelectronics.X-CUBE-AI.10.0.0
2025-01-31 17:48:48,400 [WARN] PackLoader:240 - Cannot read IP mode file for STMicroelectronics.FP-SNS-SMARTAG2.1.2.0
2025-01-31 17:48:48,434 [WARN] PackLoader:240 - Cannot read IP mode file for STMicroelectronics.X-CUBE-MEMS1.11.1.0
2025-01-31 17:48:48,523 [INFO] LogOutputStream:77 - [STDOUT_REDIRECT] 1 : Invalid condition id : UX_CORESTACK_Condition cause : null
2025-01-31 17:48:48,525 [INFO] LogOutputStream:77 - [STDOUT_REDIRECT] 1 : Invalid condition id : UX_CORESTACK_Condition cause : null
2025-01-31 17:48:48,526 [INFO] LogOutputStream:77 - [STDOUT_REDIRECT] 1 : Invalid condition id : UX_CORESTACK_Condition cause : null
2025-01-31 17:48:48,526 [INFO] LogOutputStream:77 - [STDOUT_REDIRECT] 1 : Invalid condition id : UX_CORESTACK_Condition cause : null
2025-01-31 17:48:48,528 [INFO] LogOutputStream:77 - [STDOUT_REDIRECT] 1 : Invalid condition id : UX_CORESTACK_Condition cause : null
2025-01-31 17:48:48,531 [WARN] PackLoader:240 - Cannot read IP mode file for STMicroelectronics.X-CUBE-AZRTOS-WL.2.0.0
2025-01-31 17:48:48,536 [WARN] PackLoader:240 - Cannot read IP mode file for STMicroelectronics.FP-SNS-MOTENV1.5.0.0
2025-01-31 17:48:48,539 [WARN] PackLoader:240 - Cannot read IP mode file for wolfSSL.I-CUBE-wolfMQTT.1.19.0
2025-01-31 17:48:48,545 [WARN] PackLoader:240 - Cannot read IP mode file for WES.I-CUBE-Cesium.1.3.0
2025-01-31 17:48:48,549 [WARN] PackLoader:240 - Cannot read IP mode file for STMicroelectronics.X-CUBE-BLE2.3.3.0
2025-01-31 17:48:48,554 [WARN] PackLoader:240 - Cannot read IP mode file for STMicroelectronics.X-CUBE-NFC9.1.0.0
2025-01-31 17:48:48,561 [WARN] PackLoader:240 - Cannot read IP mode file for STMicroelectronics.X-CUBE-AZRTOS-G0.1.1.0
2025-01-31 17:48:48,566 [WARN] PackLoader:240 - Cannot read IP mode file for STMicroelectronics.X-CUBE-SAFEA1.1.2.2
2025-01-31 17:48:48,569 [WARN] PackLoader:240 - Cannot read IP mode file for STMicroelectronics.X-CUBE-NFC4.3.0.0
2025-01-31 17:48:48,575 [WARN] PackLoader:240 - Cannot read IP mode file for EmbeddedOffice.I-CUBE-FS-RTOS.1.0.1
2025-01-31 17:48:48,578 [WARN] PackLoader:240 - Cannot read IP mode file for STMicroelectronics.X-CUBE-TCPP.4.2.0
2025-01-31 17:48:48,581 [WARN] PackLoader:240 - Cannot read IP mode file for RealThread.X-CUBE-RT-Thread_Nano.4.1.1
2025-01-31 17:48:48,584 [WARN] PackLoader:240 - Cannot read IP mode file for STMicroelectronics.FP-ATR-SIGFOX1.3.2.0
2025-01-31 17:48:48,587 [WARN] ConditionMgr:438 - getConditionDescription Invalid condition id : Cortex-A Device cause : null
2025-01-31 17:48:48,595 [WARN] ConditionMgr:1044 - genDependencies : Invalid condition id : Cortex-A Device cause : null
2025-01-31 17:48:48,595 [WARN] ConditionMgr:1044 - genDependencies : Invalid condition id : Cortex-A Device cause : null
2025-01-31 17:48:48,595 [WARN] ConditionMgr:1044 - genDependencies : Invalid condition id : Cortex-A Device cause : null
2025-01-31 17:48:48,599 [WARN] PackLoader:240 - Cannot read IP mode file for STMicroelectronics.X-CUBE-EEPRMA1.5.1.0
2025-01-31 17:48:48,602 [WARN] PackLoader:240 - Cannot read IP mode file for wolfSSL.I-CUBE-wolfSSL.5.7.6
2025-01-31 17:48:48,607 [WARN] PackLoader:240 - Cannot read IP mode file for ITTIA_DB.I-CUBE-ITTIADB.8.9.0
2025-01-31 17:48:48,628 [WARN] PackLoader:240 - Cannot read IP mode file for SEGGER.I-CUBE-embOS.1.3.1
2025-01-31 17:48:48,655 [WARN] PackLoader:240 - Cannot read IP mode file for STMicroelectronics.X-CUBE-ALGOBUILD.1.4.0
2025-01-31 17:48:48,658 [WARN] PackLoader:240 - Cannot read IP mode file for STMicroelectronics.X-CUBE-AI.9.1.0
2025-01-31 17:48:48,666 [WARN] PackLoader:240 - Cannot read IP mode file for STMicroelectronics.X-CUBE-AZRTOS-F4.1.1.0
2025-01-31 17:48:48,670 [WARN] PackLoader:240 - Cannot read IP mode file for STMicroelectronics.X-CUBE-ISPU.2.1.0
2025-01-31 17:48:48,678 [WARN] PackLoader:240 - Cannot read IP mode file for STMicroelectronics.X-CUBE-AZRTOS-L5.2.0.0
2025-01-31 17:48:48,683 [WARN] PackLoader:240 - Cannot read IP mode file for STMicroelectronics.X-CUBE-NFC6.3.1.0
2025-01-31 17:48:48,687 [WARN] PackLoader:240 - Cannot read IP mode file for STMicroelectronics.X-CUBE-DPower.1.2.0
2025-01-31 17:48:48,690 [WARN] PackLoader:240 - Cannot read IP mode file for STMicroelectronics.X-CUBE-FREERTOS.1.3.0
2025-01-31 17:48:48,693 [WARN] PackLoader:240 - Cannot read IP mode file for STMicroelectronics.X-CUBE-NFC7.1.0.1
2025-01-31 17:48:48,701 [WARN] ConditionMgr:438 - getConditionDescription Invalid condition id : LAN8742 Phy interface Condition cause : null
2025-01-31 17:48:48,701 [WARN] PackLoader:240 - Cannot read IP mode file for STMicroelectronics.X-CUBE-AZRTOS-L4.2.0.0
2025-01-31 17:48:48,702 [WARN] ConditionMgr:1044 - genDependencies : Invalid condition id : LAN8742 Phy interface Condition cause : null
2025-01-31 17:48:48,702 [WARN] ConditionMgr:1044 - genDependencies : Invalid condition id : LAN8742 Phy interface Condition cause : null
2025-01-31 17:48:48,702 [WARN] ConditionMgr:1044 - genDependencies : Invalid condition id : LAN8742 Phy interface Condition cause : null
2025-01-31 17:48:48,707 [WARN] PackLoader:240 - Cannot read IP mode file for STMicroelectronics.X-CUBE-SFXS2LP1.4.0.0
2025-01-31 17:48:48,716 [WARN] PackLoader:240 - Cannot read IP mode file for STMicroelectronics.X-CUBE-AZRTOS-H7.3.3.0
2025-01-31 17:48:48,723 [WARN] ConditionMgr:438 - getConditionDescription Invalid condition id : UX DEVICE CLASS RTOS Condition cause : null
2025-01-31 17:48:48,723 [WARN] ConditionMgr:438 - getConditionDescription Invalid condition id : UX DEVICE CLASS RTOS Condition cause : null
2025-01-31 17:48:48,725 [WARN] PackLoader:240 - Cannot read IP mode file for STMicroelectronics.X-CUBE-AZRTOS-WB.2.0.0
2025-01-31 17:48:48,725 [WARN] ConditionMgr:1044 - genDependencies : Invalid condition id : UX DEVICE CLASS RTOS Condition cause : null
2025-01-31 17:48:48,725 [WARN] ConditionMgr:1044 - genDependencies : Invalid condition id : UX DEVICE CLASS RTOS Condition cause : null
2025-01-31 17:48:48,725 [WARN] ConditionMgr:1044 - genDependencies : Invalid condition id : UX DEVICE CLASS RTOS Condition cause : null
2025-01-31 17:48:48,725 [WARN] ConditionMgr:1044 - genDependencies : Invalid condition id : UX DEVICE CLASS RTOS Condition cause : null
2025-01-31 17:48:48,725 [WARN] ConditionMgr:1044 - genDependencies : Invalid condition id : UX DEVICE CLASS RTOS Condition cause : null
2025-01-31 17:48:48,729 [WARN] PackLoader:240 - Cannot read IP mode file for STMicroelectronics.X-CUBE-GNSS1.7.0.1
2025-01-31 17:48:48,732 [WARN] PackLoader:240 - Cannot read IP mode file for STMicroelectronics.FP-SNS-STBOX1.2.0.0
2025-01-31 17:48:48,740 [WARN] PackLoader:240 - Cannot read IP mode file for STMicroelectronics.X-CUBE-SUBG2.5.0.0
2025-01-31 17:48:48,746 [WARN] PackLoader:240 - Cannot read IP mode file for Cesanta.I-CUBE-Mongoose.7.13.0
2025-01-31 17:48:48,755 [WARN] PackLoader:240 - Cannot read IP mode file for STMicroelectronics.X-CUBE-AZRTOS-G4.2.0.0
2025-01-31 17:48:48,766 [WARN] PackLoader:240 - Cannot read IP mode file for STMicroelectronics.X-CUBE-IPS.3.1.0
2025-01-31 17:48:48,773 [WARN] PackLoader:240 - Cannot read IP mode file for STMicroelectronics.X-CUBE-ALS.1.0.2
2025-01-31 17:48:48,778 [WARN] PackLoader:240 - Cannot read IP mode file for STMicroelectronics.X-CUBE-TOUCHGFX.4.24.2
2025-01-31 17:48:48,796 [WARN] PackLoader:240 - Cannot read IP mode file for wolfSSL.I-CUBE-wolfTPM.3.4.0
2025-01-31 17:48:48,801 [WARN] PackLoader:240 - Cannot read IP mode file for portGmbH.I-Cube-SoM-uGOAL.1.1.0
2025-01-31 17:48:48,817 [WARN] PackLoader:240 - Cannot read IP mode file for STMicroelectronics.X-CUBE-AZRTOS-H7RS.1.0.0
2025-01-31 17:48:48,825 [WARN] PackLoader:240 - Cannot read IP mode file for STMicroelectronics.X-CUBE-TOF1.3.4.2
2025-01-31 17:48:48,832 [WARN] PackLoader:240 - Cannot read IP mode file for wolfSSL.I-CUBE-wolfSSH.1.4.17
2025-01-31 17:48:48,832 [INFO] ThirdParty:978 - Integrity check success = true
2025-01-31 17:48:48,832 [INFO] IntegrityCheckThread:100 - exiting critical section [integrity check]
2025-01-31 17:48:48,832 [INFO] IntegrityCheckThread:103 - End integrity checks thread
2025-01-31 17:48:49,246 [ERROR] LogOutputStream:75 - [STDERR_REDIRECT] [Fatal Error] :1:1: Premature end of file.
2025-01-31 17:48:49,248 [ERROR] LogOutputStream:75 - [STDERR_REDIRECT] 
2025-01-31 17:48:50,245 [ERROR] LogOutputStream:75 - [STDERR_REDIRECT] [Fatal Error] :1:1: Premature end of file.
2025-01-31 17:48:50,245 [ERROR] LogOutputStream:75 - [STDERR_REDIRECT] 
2025-01-31 17:48:51,253 [ERROR] LogOutputStream:75 - [STDERR_REDIRECT] [Fatal Error] :1:1: Premature end of file.
2025-01-31 17:48:51,253 [ERROR] LogOutputStream:75 - [STDERR_REDIRECT] 
2025-01-31 17:48:52,244 [ERROR] LogOutputStream:75 - [STDERR_REDIRECT] [Fatal Error] :1:1: Premature end of file.
2025-01-31 17:48:52,244 [ERROR] LogOutputStream:75 - [STDERR_REDIRECT] 
2025-01-31 17:48:53,250 [ERROR] LogOutputStream:75 - [STDERR_REDIRECT] [Fatal Error] :1:1: Premature end of file.
2025-01-31 17:48:53,250 [ERROR] LogOutputStream:75 - [STDERR_REDIRECT] 
2025-01-31 17:48:54,248 [ERROR] LogOutputStream:75 - [STDERR_REDIRECT] [Fatal Error] :1:1: Premature end of file.
2025-01-31 17:48:54,248 [ERROR] LogOutputStream:75 - [STDERR_REDIRECT] 
2025-01-31 17:48:55,243 [ERROR] LogOutputStream:75 - [STDERR_REDIRECT] [Fatal Error] :1:1: Premature end of file.
2025-01-31 17:48:55,243 [ERROR] LogOutputStream:75 - [STDERR_REDIRECT] 
2025-01-31 17:48:56,249 [ERROR] LogOutputStream:75 - [STDERR_REDIRECT] [Fatal Error] :1:1: Premature end of file.
2025-01-31 17:48:56,249 [ERROR] LogOutputStream:75 - [STDERR_REDIRECT] 
2025-01-31 17:48:57,246 [ERROR] LogOutputStream:75 - [STDERR_REDIRECT] [Fatal Error] :1:1: Premature end of file.
2025-01-31 17:48:57,246 [ERROR] LogOutputStream:75 - [STDERR_REDIRECT] 
2025-01-31 17:48:58,249 [ERROR] LogOutputStream:75 - [STDERR_REDIRECT] [Fatal Error] :1:1: Premature end of file.
2025-01-31 17:48:58,249 [ERROR] LogOutputStream:75 - [STDERR_REDIRECT] 
2025-01-31 17:48:59,246 [ERROR] LogOutputStream:75 - [STDERR_REDIRECT] [Fatal Error] :1:1: Premature end of file.
2025-01-31 17:48:59,246 [ERROR] LogOutputStream:75 - [STDERR_REDIRECT] 
2025-01-31 17:49:00,242 [ERROR] LogOutputStream:75 - [STDERR_REDIRECT] [Fatal Error] :1:1: Premature end of file.
2025-01-31 17:49:00,242 [ERROR] LogOutputStream:75 - [STDERR_REDIRECT] 
2025-01-31 17:49:01,241 [ERROR] LogOutputStream:75 - [STDERR_REDIRECT] [Fatal Error] :1:1: Premature end of file.
2025-01-31 17:49:01,242 [ERROR] LogOutputStream:75 - [STDERR_REDIRECT] 
2025-01-31 17:49:02,244 [ERROR] LogOutputStream:75 - [STDERR_REDIRECT] [Fatal Error] :1:1: Premature end of file.
2025-01-31 17:49:02,244 [ERROR] LogOutputStream:75 - [STDERR_REDIRECT] 
2025-01-31 17:49:03,254 [ERROR] LogOutputStream:75 - [STDERR_REDIRECT] [Fatal Error] :1:1: Premature end of file.
2025-01-31 17:49:03,254 [ERROR] LogOutputStream:75 - [STDERR_REDIRECT] 
2025-01-31 17:49:04,262 [ERROR] LogOutputStream:75 - [STDERR_REDIRECT] [Fatal Error] :1:1: Premature end of file.
2025-01-31 17:49:04,262 [ERROR] LogOutputStream:75 - [STDERR_REDIRECT] 
2025-01-31 17:49:05,242 [ERROR] LogOutputStream:75 - [STDERR_REDIRECT] [Fatal Error] :1:1: Premature end of file.
2025-01-31 17:49:05,242 [ERROR] LogOutputStream:75 - [STDERR_REDIRECT] 
2025-01-31 17:49:06,246 [ERROR] LogOutputStream:75 - [STDERR_REDIRECT] [Fatal Error] :1:1: Premature end of file.
2025-01-31 17:49:06,246 [ERROR] LogOutputStream:75 - [STDERR_REDIRECT] 
2025-01-31 17:49:07,258 [ERROR] LogOutputStream:75 - [STDERR_REDIRECT] [Fatal Error] :1:1: Premature end of file.
2025-01-31 17:49:07,259 [ERROR] LogOutputStream:75 - [STDERR_REDIRECT] 
2025-01-31 17:49:08,244 [ERROR] LogOutputStream:75 - [STDERR_REDIRECT] [Fatal Error] :1:1: Premature end of file.
2025-01-31 17:49:08,244 [ERROR] LogOutputStream:75 - [STDERR_REDIRECT] 
2025-01-31 17:49:09,244 [ERROR] LogOutputStream:75 - [STDERR_REDIRECT] [Fatal Error] :1:1: Premature end of file.
2025-01-31 17:49:09,244 [ERROR] LogOutputStream:75 - [STDERR_REDIRECT] 
2025-01-31 17:49:10,243 [ERROR] LogOutputStream:75 - [STDERR_REDIRECT] [Fatal Error] :1:1: Premature end of file.
2025-01-31 17:49:10,244 [ERROR] LogOutputStream:75 - [STDERR_REDIRECT] 
2025-01-31 17:49:11,252 [ERROR] LogOutputStream:75 - [STDERR_REDIRECT] [Fatal Error] :1:1: Premature end of file.
2025-01-31 17:49:11,254 [ERROR] LogOutputStream:75 - [STDERR_REDIRECT] 
2025-01-31 17:49:12,242 [ERROR] LogOutputStream:75 - [STDERR_REDIRECT] [Fatal Error] :1:1: Premature end of file.
2025-01-31 17:49:12,243 [ERROR] LogOutputStream:75 - [STDERR_REDIRECT] 
2025-01-31 17:49:13,245 [ERROR] LogOutputStream:75 - [STDERR_REDIRECT] [Fatal Error] :1:1: Premature end of file.
2025-01-31 17:49:13,245 [ERROR] LogOutputStream:75 - [STDERR_REDIRECT] 
2025-01-31 17:49:14,245 [ERROR] LogOutputStream:75 - [STDERR_REDIRECT] [Fatal Error] :1:1: Premature end of file.
2025-01-31 17:49:14,245 [ERROR] LogOutputStream:75 - [STDERR_REDIRECT] 
2025-01-31 17:49:15,245 [ERROR] LogOutputStream:75 - [STDERR_REDIRECT] [Fatal Error] :1:1: Premature end of file.
2025-01-31 17:49:15,245 [ERROR] LogOutputStream:75 - [STDERR_REDIRECT] 
2025-01-31 17:49:16,255 [ERROR] LogOutputStream:75 - [STDERR_REDIRECT] [Fatal Error] :1:1: Premature end of file.
2025-01-31 17:49:16,255 [ERROR] LogOutputStream:75 - [STDERR_REDIRECT] 
2025-01-31 17:49:17,259 [ERROR] LogOutputStream:75 - [STDERR_REDIRECT] [Fatal Error] :1:1: Premature end of file.
2025-01-31 17:49:17,259 [ERROR] LogOutputStream:75 - [STDERR_REDIRECT] 
2025-01-31 17:49:18,247 [ERROR] LogOutputStream:75 - [STDERR_REDIRECT] [Fatal Error] :1:1: Premature end of file.
2025-01-31 17:49:18,247 [ERROR] LogOutputStream:75 - [STDERR_REDIRECT] 
2025-01-31 17:49:19,249 [ERROR] LogOutputStream:75 - [STDERR_REDIRECT] [Fatal Error] :1:1: Premature end of file.
2025-01-31 17:49:19,249 [ERROR] LogOutputStream:75 - [STDERR_REDIRECT] 
2025-01-31 17:49:20,249 [ERROR] LogOutputStream:75 - [STDERR_REDIRECT] [Fatal Error] :1:1: Premature end of file.
2025-01-31 17:49:20,249 [ERROR] LogOutputStream:75 - [STDERR_REDIRECT] 
2025-01-31 17:49:21,251 [ERROR] LogOutputStream:75 - [STDERR_REDIRECT] [Fatal Error] :1:1: Premature end of file.
2025-01-31 17:49:21,251 [ERROR] LogOutputStream:75 - [STDERR_REDIRECT] 
2025-01-31 17:49:22,251 [ERROR] LogOutputStream:75 - [STDERR_REDIRECT] [Fatal Error] :1:1: Premature end of file.
2025-01-31 17:49:22,252 [ERROR] LogOutputStream:75 - [STDERR_REDIRECT] 
2025-01-31 17:49:23,256 [ERROR] LogOutputStream:75 - [STDERR_REDIRECT] [Fatal Error] :1:1: Premature end of file.
2025-01-31 17:49:23,256 [ERROR] LogOutputStream:75 - [STDERR_REDIRECT] 
2025-01-31 17:49:24,242 [ERROR] LogOutputStream:75 - [STDERR_REDIRECT] [Fatal Error] :1:1: Premature end of file.
2025-01-31 17:49:24,242 [ERROR] LogOutputStream:75 - [STDERR_REDIRECT] 
2025-01-31 17:49:25,236 [ERROR] LogOutputStream:75 - [STDERR_REDIRECT] [Fatal Error] :1:1: Premature end of file.
2025-01-31 17:49:25,236 [ERROR] LogOutputStream:75 - [STDERR_REDIRECT] 
2025-01-31 17:49:26,247 [ERROR] LogOutputStream:75 - [STDERR_REDIRECT] [Fatal Error] :1:1: Premature end of file.
2025-01-31 17:49:26,247 [ERROR] LogOutputStream:75 - [STDERR_REDIRECT] 
2025-01-31 17:49:27,262 [ERROR] LogOutputStream:75 - [STDERR_REDIRECT] [Fatal Error] :1:1: Premature end of file.
2025-01-31 17:49:27,262 [ERROR] LogOutputStream:75 - [STDERR_REDIRECT] 
2025-01-31 17:49:28,242 [ERROR] LogOutputStream:75 - [STDERR_REDIRECT] [Fatal Error] :1:1: Premature end of file.
2025-01-31 17:49:28,242 [ERROR] LogOutputStream:75 - [STDERR_REDIRECT] 
2025-01-31 17:49:29,244 [ERROR] LogOutputStream:75 - [STDERR_REDIRECT] [Fatal Error] :1:1: Premature end of file.
2025-01-31 17:49:29,244 [ERROR] LogOutputStream:75 - [STDERR_REDIRECT] 
2025-01-31 17:49:30,248 [ERROR] LogOutputStream:75 - [STDERR_REDIRECT] [Fatal Error] :1:1: Premature end of file.
2025-01-31 17:49:30,248 [ERROR] LogOutputStream:75 - [STDERR_REDIRECT] 
2025-01-31 17:49:31,242 [ERROR] LogOutputStream:75 - [STDERR_REDIRECT] [Fatal Error] :1:1: Premature end of file.
2025-01-31 17:49:31,242 [ERROR] LogOutputStream:75 - [STDERR_REDIRECT] 
2025-01-31 17:49:32,258 [ERROR] LogOutputStream:75 - [STDERR_REDIRECT] [Fatal Error] :1:1: Premature end of file.
2025-01-31 17:49:32,258 [ERROR] LogOutputStream:75 - [STDERR_REDIRECT] 
2025-01-31 17:49:33,249 [ERROR] LogOutputStream:75 - [STDERR_REDIRECT] [Fatal Error] :1:1: Premature end of file.
2025-01-31 17:49:33,249 [ERROR] LogOutputStream:75 - [STDERR_REDIRECT] 
2025-01-31 17:49:34,243 [ERROR] LogOutputStream:75 - [STDERR_REDIRECT] [Fatal Error] :1:1: Premature end of file.
2025-01-31 17:49:34,243 [ERROR] LogOutputStream:75 - [STDERR_REDIRECT] 
2025-01-31 17:49:35,255 [ERROR] LogOutputStream:75 - [STDERR_REDIRECT] [Fatal Error] :1:1: Premature end of file.
2025-01-31 17:49:35,257 [ERROR] LogOutputStream:75 - [STDERR_REDIRECT] 
2025-01-31 17:49:36,246 [ERROR] LogOutputStream:75 - [STDERR_REDIRECT] [Fatal Error] :1:1: Premature end of file.
2025-01-31 17:49:36,246 [ERROR] LogOutputStream:75 - [STDERR_REDIRECT] 
2025-01-31 17:49:37,243 [ERROR] LogOutputStream:75 - [STDERR_REDIRECT] [Fatal Error] :1:1: Premature end of file.
2025-01-31 17:49:37,243 [ERROR] LogOutputStream:75 - [STDERR_REDIRECT] 
2025-01-31 17:49:38,243 [ERROR] LogOutputStream:75 - [STDERR_REDIRECT] [Fatal Error] :1:1: Premature end of file.
2025-01-31 17:49:38,243 [ERROR] LogOutputStream:75 - [STDERR_REDIRECT] 
2025-01-31 17:49:39,254 [ERROR] LogOutputStream:75 - [STDERR_REDIRECT] [Fatal Error] :1:1: Premature end of file.
2025-01-31 17:49:39,254 [ERROR] LogOutputStream:75 - [STDERR_REDIRECT] 
2025-01-31 17:49:40,239 [ERROR] LogOutputStream:75 - [STDERR_REDIRECT] [Fatal Error] :1:1: Premature end of file.
2025-01-31 17:49:40,240 [ERROR] LogOutputStream:75 - [STDERR_REDIRECT] 
2025-01-31 17:49:41,248 [ERROR] LogOutputStream:75 - [STDERR_REDIRECT] [Fatal Error] :1:1: Premature end of file.
2025-01-31 17:49:41,248 [ERROR] LogOutputStream:75 - [STDERR_REDIRECT] 
2025-01-31 17:49:42,243 [ERROR] LogOutputStream:75 - [STDERR_REDIRECT] [Fatal Error] :1:1: Premature end of file.
2025-01-31 17:49:42,244 [ERROR] LogOutputStream:75 - [STDERR_REDIRECT] 
2025-01-31 17:49:43,246 [ERROR] LogOutputStream:75 - [STDERR_REDIRECT] [Fatal Error] :1:1: Premature end of file.
2025-01-31 17:49:43,246 [ERROR] LogOutputStream:75 - [STDERR_REDIRECT] 
2025-01-31 17:49:44,242 [ERROR] LogOutputStream:75 - [STDERR_REDIRECT] [Fatal Error] :1:1: Premature end of file.
2025-01-31 17:49:44,244 [ERROR] LogOutputStream:75 - [STDERR_REDIRECT] 
2025-01-31 17:49:45,254 [ERROR] LogOutputStream:75 - [STDERR_REDIRECT] [Fatal Error] :1:1: Premature end of file.
2025-01-31 17:49:45,254 [ERROR] LogOutputStream:75 - [STDERR_REDIRECT] 
2025-01-31 17:49:46,258 [ERROR] LogOutputStream:75 - [STDERR_REDIRECT] [Fatal Error] :1:1: Premature end of file.
2025-01-31 17:49:46,258 [ERROR] LogOutputStream:75 - [STDERR_REDIRECT] 
2025-01-31 17:49:47,257 [ERROR] LogOutputStream:75 - [STDERR_REDIRECT] [Fatal Error] :1:1: Premature end of file.
2025-01-31 17:49:47,257 [ERROR] LogOutputStream:75 - [STDERR_REDIRECT] 
2025-01-31 17:49:48,259 [ERROR] LogOutputStream:75 - [STDERR_REDIRECT] [Fatal Error] :1:1: Premature end of file.
2025-01-31 17:49:48,259 [ERROR] LogOutputStream:75 - [STDERR_REDIRECT] 
2025-01-31 17:49:49,247 [ERROR] LogOutputStream:75 - [STDERR_REDIRECT] [Fatal Error] :1:1: Premature end of file.
2025-01-31 17:49:49,247 [ERROR] LogOutputStream:75 - [STDERR_REDIRECT] 
2025-01-31 17:49:50,242 [ERROR] LogOutputStream:75 - [STDERR_REDIRECT] [Fatal Error] :1:1: Premature end of file.
2025-01-31 17:49:50,242 [ERROR] LogOutputStream:75 - [STDERR_REDIRECT] 
2025-01-31 17:49:51,242 [ERROR] LogOutputStream:75 - [STDERR_REDIRECT] [Fatal Error] :1:1: Premature end of file.
2025-01-31 17:49:51,244 [ERROR] LogOutputStream:75 - [STDERR_REDIRECT] 
2025-01-31 17:49:52,251 [ERROR] LogOutputStream:75 - [STDERR_REDIRECT] [Fatal Error] :1:1: Premature end of file.
2025-01-31 17:49:52,251 [ERROR] LogOutputStream:75 - [STDERR_REDIRECT] 
2025-01-31 17:49:53,243 [ERROR] LogOutputStream:75 - [STDERR_REDIRECT] [Fatal Error] :1:1: Premature end of file.
2025-01-31 17:49:53,243 [ERROR] LogOutputStream:75 - [STDERR_REDIRECT] 
2025-01-31 17:49:54,245 [ERROR] LogOutputStream:75 - [STDERR_REDIRECT] [Fatal Error] :1:1: Premature end of file.
2025-01-31 17:49:54,245 [ERROR] LogOutputStream:75 - [STDERR_REDIRECT] 
2025-01-31 17:49:55,249 [ERROR] LogOutputStream:75 - [STDERR_REDIRECT] [Fatal Error] :1:1: Premature end of file.
2025-01-31 17:49:55,249 [ERROR] LogOutputStream:75 - [STDERR_REDIRECT] 
2025-01-31 17:49:56,238 [ERROR] LogOutputStream:75 - [STDERR_REDIRECT] [Fatal Error] :1:1: Premature end of file.
2025-01-31 17:49:56,239 [ERROR] LogOutputStream:75 - [STDERR_REDIRECT] 
2025-01-31 17:49:57,252 [ERROR] LogOutputStream:75 - [STDERR_REDIRECT] [Fatal Error] :1:1: Premature end of file.
2025-01-31 17:49:57,252 [ERROR] LogOutputStream:75 - [STDERR_REDIRECT] 
2025-01-31 17:49:58,249 [ERROR] LogOutputStream:75 - [STDERR_REDIRECT] [Fatal Error] :1:1: Premature end of file.
2025-01-31 17:49:58,249 [ERROR] LogOutputStream:75 - [STDERR_REDIRECT] 
2025-01-31 17:49:59,251 [ERROR] LogOutputStream:75 - [STDERR_REDIRECT] [Fatal Error] :1:1: Premature end of file.
2025-01-31 17:49:59,251 [ERROR] LogOutputStream:75 - [STDERR_REDIRECT] 
2025-01-31 17:50:00,243 [ERROR] LogOutputStream:75 - [STDERR_REDIRECT] [Fatal Error] :1:1: Premature end of file.
2025-01-31 17:50:00,243 [ERROR] LogOutputStream:75 - [STDERR_REDIRECT] 
2025-01-31 17:50:01,241 [ERROR] LogOutputStream:75 - [STDERR_REDIRECT] [Fatal Error] :1:1: Premature end of file.
2025-01-31 17:50:01,241 [ERROR] LogOutputStream:75 - [STDERR_REDIRECT] 
2025-01-31 17:50:02,248 [ERROR] LogOutputStream:75 - [STDERR_REDIRECT] [Fatal Error] :1:1: Premature end of file.
2025-01-31 17:50:02,248 [ERROR] LogOutputStream:75 - [STDERR_REDIRECT] 
2025-01-31 17:50:03,243 [ERROR] LogOutputStream:75 - [STDERR_REDIRECT] [Fatal Error] :1:1: Premature end of file.
2025-01-31 17:50:03,245 [ERROR] LogOutputStream:75 - [STDERR_REDIRECT] 
2025-01-31 17:50:04,245 [ERROR] LogOutputStream:75 - [STDERR_REDIRECT] [Fatal Error] :1:1: Premature end of file.
2025-01-31 17:50:04,245 [ERROR] LogOutputStream:75 - [STDERR_REDIRECT] 
2025-01-31 17:50:05,254 [ERROR] LogOutputStream:75 - [STDERR_REDIRECT] [Fatal Error] :1:1: Premature end of file.
2025-01-31 17:50:05,254 [ERROR] LogOutputStream:75 - [STDERR_REDIRECT] 
2025-01-31 17:50:06,243 [ERROR] LogOutputStream:75 - [STDERR_REDIRECT] [Fatal Error] :1:1: Premature end of file.
2025-01-31 17:50:06,243 [ERROR] LogOutputStream:75 - [STDERR_REDIRECT] 
2025-01-31 17:50:07,259 [ERROR] LogOutputStream:75 - [STDERR_REDIRECT] [Fatal Error] :1:1: Premature end of file.
2025-01-31 17:50:07,259 [ERROR] LogOutputStream:75 - [STDERR_REDIRECT] 
2025-01-31 17:50:08,243 [ERROR] LogOutputStream:75 - [STDERR_REDIRECT] [Fatal Error] :1:1: Premature end of file.
2025-01-31 17:50:08,243 [ERROR] LogOutputStream:75 - [STDERR_REDIRECT] 
2025-01-31 17:50:09,250 [ERROR] LogOutputStream:75 - [STDERR_REDIRECT] [Fatal Error] :1:1: Premature end of file.
2025-01-31 17:50:09,250 [ERROR] LogOutputStream:75 - [STDERR_REDIRECT] 
2025-01-31 17:50:10,250 [ERROR] LogOutputStream:75 - [STDERR_REDIRECT] [Fatal Error] :1:1: Premature end of file.
2025-01-31 17:50:10,250 [ERROR] LogOutputStream:75 - [STDERR_REDIRECT] 
2025-01-31 17:50:11,263 [ERROR] LogOutputStream:75 - [STDERR_REDIRECT] [Fatal Error] :1:1: Premature end of file.
2025-01-31 17:50:11,264 [ERROR] LogOutputStream:75 - [STDERR_REDIRECT] 
2025-01-31 17:50:12,246 [ERROR] LogOutputStream:75 - [STDERR_REDIRECT] [Fatal Error] :1:1: Premature end of file.
2025-01-31 17:50:12,246 [ERROR] LogOutputStream:75 - [STDERR_REDIRECT] 
2025-01-31 17:50:13,256 [ERROR] LogOutputStream:75 - [STDERR_REDIRECT] [Fatal Error] :1:1: Premature end of file.
2025-01-31 17:50:13,256 [ERROR] LogOutputStream:75 - [STDERR_REDIRECT] 
2025-01-31 17:50:14,248 [ERROR] LogOutputStream:75 - [STDERR_REDIRECT] [Fatal Error] :1:1: Premature end of file.
2025-01-31 17:50:14,248 [ERROR] LogOutputStream:75 - [STDERR_REDIRECT] 
2025-01-31 17:50:15,248 [ERROR] LogOutputStream:75 - [STDERR_REDIRECT] [Fatal Error] :1:1: Premature end of file.
2025-01-31 17:50:15,248 [ERROR] LogOutputStream:75 - [STDERR_REDIRECT] 
2025-01-31 17:50:16,244 [ERROR] LogOutputStream:75 - [STDERR_REDIRECT] [Fatal Error] :1:1: Premature end of file.
2025-01-31 17:50:16,244 [ERROR] LogOutputStream:75 - [STDERR_REDIRECT] 
2025-01-31 17:50:17,249 [ERROR] LogOutputStream:75 - [STDERR_REDIRECT] [Fatal Error] :1:1: Premature end of file.
2025-01-31 17:50:17,249 [ERROR] LogOutputStream:75 - [STDERR_REDIRECT] 
2025-01-31 17:50:18,239 [ERROR] LogOutputStream:75 - [STDERR_REDIRECT] [Fatal Error] :1:1: Premature end of file.
2025-01-31 17:50:18,239 [ERROR] LogOutputStream:75 - [STDERR_REDIRECT] 
2025-01-31 17:50:19,247 [ERROR] LogOutputStream:75 - [STDERR_REDIRECT] [Fatal Error] :1:1: Premature end of file.
2025-01-31 17:50:19,249 [ERROR] LogOutputStream:75 - [STDERR_REDIRECT] 
2025-01-31 17:50:20,248 [ERROR] LogOutputStream:75 - [STDERR_REDIRECT] [Fatal Error] :1:1: Premature end of file.
2025-01-31 17:50:20,248 [ERROR] LogOutputStream:75 - [STDERR_REDIRECT] 
2025-01-31 17:50:21,256 [ERROR] LogOutputStream:75 - [STDERR_REDIRECT] [Fatal Error] :1:1: Premature end of file.
2025-01-31 17:50:21,256 [ERROR] LogOutputStream:75 - [STDERR_REDIRECT] 
2025-01-31 17:50:22,239 [ERROR] LogOutputStream:75 - [STDERR_REDIRECT] [Fatal Error] :1:1: Premature end of file.
2025-01-31 17:50:22,239 [ERROR] LogOutputStream:75 - [STDERR_REDIRECT] 
2025-01-31 17:50:23,243 [ERROR] LogOutputStream:75 - [STDERR_REDIRECT] [Fatal Error] :1:1: Premature end of file.
2025-01-31 17:50:23,243 [ERROR] LogOutputStream:75 - [STDERR_REDIRECT] 
2025-01-31 17:50:24,259 [ERROR] LogOutputStream:75 - [STDERR_REDIRECT] [Fatal Error] :1:1: Premature end of file.
2025-01-31 17:50:24,259 [ERROR] LogOutputStream:75 - [STDERR_REDIRECT] 
2025-01-31 17:50:25,249 [ERROR] LogOutputStream:75 - [STDERR_REDIRECT] [Fatal Error] :1:1: Premature end of file.
2025-01-31 17:50:25,251 [ERROR] LogOutputStream:75 - [STDERR_REDIRECT] 
2025-01-31 17:50:26,247 [ERROR] LogOutputStream:75 - [STDERR_REDIRECT] [Fatal Error] :1:1: Premature end of file.
2025-01-31 17:50:26,248 [ERROR] LogOutputStream:75 - [STDERR_REDIRECT] 
2025-01-31 17:50:27,245 [ERROR] LogOutputStream:75 - [STDERR_REDIRECT] [Fatal Error] :1:1: Premature end of file.
2025-01-31 17:50:27,245 [ERROR] LogOutputStream:75 - [STDERR_REDIRECT] 
2025-01-31 17:50:28,240 [ERROR] LogOutputStream:75 - [STDERR_REDIRECT] [Fatal Error] :1:1: Premature end of file.
2025-01-31 17:50:28,241 [ERROR] LogOutputStream:75 - [STDERR_REDIRECT] 
2025-01-31 17:50:29,246 [ERROR] LogOutputStream:75 - [STDERR_REDIRECT] [Fatal Error] :1:1: Premature end of file.
2025-01-31 17:50:29,246 [ERROR] LogOutputStream:75 - [STDERR_REDIRECT] 
2025-01-31 17:50:30,247 [ERROR] LogOutputStream:75 - [STDERR_REDIRECT] [Fatal Error] :1:1: Premature end of file.
2025-01-31 17:50:30,247 [ERROR] LogOutputStream:75 - [STDERR_REDIRECT] 
2025-01-31 17:50:31,242 [ERROR] LogOutputStream:75 - [STDERR_REDIRECT] [Fatal Error] :1:1: Premature end of file.
2025-01-31 17:50:31,242 [ERROR] LogOutputStream:75 - [STDERR_REDIRECT] 
2025-01-31 17:50:32,247 [ERROR] LogOutputStream:75 - [STDERR_REDIRECT] [Fatal Error] :1:1: Premature end of file.
2025-01-31 17:50:32,247 [ERROR] LogOutputStream:75 - [STDERR_REDIRECT] 
2025-01-31 17:50:33,260 [ERROR] LogOutputStream:75 - [STDERR_REDIRECT] [Fatal Error] :1:1: Premature end of file.
2025-01-31 17:50:33,260 [ERROR] LogOutputStream:75 - [STDERR_REDIRECT] 
2025-01-31 17:50:34,240 [ERROR] LogOutputStream:75 - [STDERR_REDIRECT] [Fatal Error] :1:1: Premature end of file.
2025-01-31 17:50:34,240 [ERROR] LogOutputStream:75 - [STDERR_REDIRECT] 
2025-01-31 17:50:35,245 [ERROR] LogOutputStream:75 - [STDERR_REDIRECT] [Fatal Error] :1:1: Premature end of file.
2025-01-31 17:50:35,245 [ERROR] LogOutputStream:75 - [STDERR_REDIRECT] 
2025-01-31 17:50:36,257 [ERROR] LogOutputStream:75 - [STDERR_REDIRECT] [Fatal Error] :1:1: Premature end of file.
2025-01-31 17:50:36,258 [ERROR] LogOutputStream:75 - [STDERR_REDIRECT] 
2025-01-31 17:50:37,245 [ERROR] LogOutputStream:75 - [STDERR_REDIRECT] [Fatal Error] :1:1: Premature end of file.
2025-01-31 17:50:37,245 [ERROR] LogOutputStream:75 - [STDERR_REDIRECT] 
2025-01-31 17:50:38,247 [ERROR] LogOutputStream:75 - [STDERR_REDIRECT] [Fatal Error] :1:1: Premature end of file.
2025-01-31 17:50:38,247 [ERROR] LogOutputStream:75 - [STDERR_REDIRECT] 
2025-01-31 17:50:39,243 [ERROR] LogOutputStream:75 - [STDERR_REDIRECT] [Fatal Error] :1:1: Premature end of file.
2025-01-31 17:50:39,243 [ERROR] LogOutputStream:75 - [STDERR_REDIRECT] 
2025-01-31 17:50:40,241 [ERROR] LogOutputStream:75 - [STDERR_REDIRECT] [Fatal Error] :1:1: Premature end of file.
2025-01-31 17:50:40,241 [ERROR] LogOutputStream:75 - [STDERR_REDIRECT] 
2025-01-31 17:50:41,246 [ERROR] LogOutputStream:75 - [STDERR_REDIRECT] [Fatal Error] :1:1: Premature end of file.
2025-01-31 17:50:41,246 [ERROR] LogOutputStream:75 - [STDERR_REDIRECT] 
2025-01-31 17:50:42,253 [ERROR] LogOutputStream:75 - [STDERR_REDIRECT] [Fatal Error] :1:1: Premature end of file.
2025-01-31 17:50:42,253 [ERROR] LogOutputStream:75 - [STDERR_REDIRECT] 
2025-01-31 17:50:43,258 [ERROR] LogOutputStream:75 - [STDERR_REDIRECT] [Fatal Error] :1:1: Premature end of file.
2025-01-31 17:50:43,258 [ERROR] LogOutputStream:75 - [STDERR_REDIRECT] 
2025-01-31 17:50:44,251 [ERROR] LogOutputStream:75 - [STDERR_REDIRECT] [Fatal Error] :1:1: Premature end of file.
2025-01-31 17:50:44,251 [ERROR] LogOutputStream:75 - [STDERR_REDIRECT] 
2025-01-31 17:50:45,241 [ERROR] LogOutputStream:75 - [STDERR_REDIRECT] [Fatal Error] :1:1: Premature end of file.
2025-01-31 17:50:45,243 [ERROR] LogOutputStream:75 - [STDERR_REDIRECT] 
2025-01-31 17:50:46,267 [ERROR] LogOutputStream:75 - [STDERR_REDIRECT] [Fatal Error] :1:1: Premature end of file.
2025-01-31 17:50:46,267 [ERROR] LogOutputStream:75 - [STDERR_REDIRECT] 
2025-01-31 17:50:47,266 [ERROR] LogOutputStream:75 - [STDERR_REDIRECT] [Fatal Error] :1:1: Premature end of file.
2025-01-31 17:50:47,266 [ERROR] LogOutputStream:75 - [STDERR_REDIRECT] 
2025-01-31 17:50:48,256 [ERROR] LogOutputStream:75 - [STDERR_REDIRECT] [Fatal Error] :1:1: Premature end of file.
2025-01-31 17:50:48,256 [ERROR] LogOutputStream:75 - [STDERR_REDIRECT] 
2025-01-31 17:50:49,247 [ERROR] LogOutputStream:75 - [STDERR_REDIRECT] [Fatal Error] :1:1: Premature end of file.
2025-01-31 17:50:49,247 [ERROR] LogOutputStream:75 - [STDERR_REDIRECT] 
2025-01-31 17:50:50,261 [ERROR] LogOutputStream:75 - [STDERR_REDIRECT] [Fatal Error] :1:1: Premature end of file.
2025-01-31 17:50:50,261 [ERROR] LogOutputStream:75 - [STDERR_REDIRECT] 
2025-01-31 17:50:51,257 [ERROR] LogOutputStream:75 - [STDERR_REDIRECT] [Fatal Error] :1:1: Premature end of file.
2025-01-31 17:50:51,257 [ERROR] LogOutputStream:75 - [STDERR_REDIRECT] 
2025-01-31 17:50:52,248 [ERROR] LogOutputStream:75 - [STDERR_REDIRECT] [Fatal Error] :1:1: Premature end of file.
2025-01-31 17:50:52,248 [ERROR] LogOutputStream:75 - [STDERR_REDIRECT] 
2025-01-31 17:50:53,246 [ERROR] LogOutputStream:75 - [STDERR_REDIRECT] [Fatal Error] :1:1: Premature end of file.
2025-01-31 17:50:53,246 [ERROR] LogOutputStream:75 - [STDERR_REDIRECT] 
2025-01-31 17:50:54,252 [ERROR] LogOutputStream:75 - [STDERR_REDIRECT] [Fatal Error] :1:1: Premature end of file.
2025-01-31 17:50:54,252 [ERROR] LogOutputStream:75 - [STDERR_REDIRECT] 
2025-01-31 17:50:55,266 [ERROR] LogOutputStream:75 - [STDERR_REDIRECT] [Fatal Error] :1:1: Premature end of file.
2025-01-31 17:50:55,266 [ERROR] LogOutputStream:75 - [STDERR_REDIRECT] 
2025-01-31 17:50:56,255 [ERROR] LogOutputStream:75 - [STDERR_REDIRECT] [Fatal Error] :1:1: Premature end of file.
2025-01-31 17:50:56,256 [ERROR] LogOutputStream:75 - [STDERR_REDIRECT] 
2025-01-31 17:50:57,241 [ERROR] LogOutputStream:75 - [STDERR_REDIRECT] [Fatal Error] :1:1: Premature end of file.
2025-01-31 17:50:57,241 [ERROR] LogOutputStream:75 - [STDERR_REDIRECT] 
2025-01-31 17:50:58,261 [ERROR] LogOutputStream:75 - [STDERR_REDIRECT] [Fatal Error] :1:1: Premature end of file.
2025-01-31 17:50:58,261 [ERROR] LogOutputStream:75 - [STDERR_REDIRECT] 
2025-01-31 17:50:59,239 [ERROR] LogOutputStream:75 - [STDERR_REDIRECT] [Fatal Error] :1:1: Premature end of file.
2025-01-31 17:50:59,239 [ERROR] LogOutputStream:75 - [STDERR_REDIRECT] 
2025-01-31 17:51:00,247 [ERROR] LogOutputStream:75 - [STDERR_REDIRECT] [Fatal Error] :1:1: Premature end of file.
2025-01-31 17:51:00,248 [ERROR] LogOutputStream:75 - [STDERR_REDIRECT] 
2025-01-31 17:51:01,251 [ERROR] LogOutputStream:75 - [STDERR_REDIRECT] [Fatal Error] :1:1: Premature end of file.
2025-01-31 17:51:01,253 [ERROR] LogOutputStream:75 - [STDERR_REDIRECT] 
2025-01-31 17:51:02,248 [ERROR] LogOutputStream:75 - [STDERR_REDIRECT] [Fatal Error] :1:1: Premature end of file.
2025-01-31 17:51:02,248 [ERROR] LogOutputStream:75 - [STDERR_REDIRECT] 
2025-01-31 17:51:03,244 [ERROR] LogOutputStream:75 - [STDERR_REDIRECT] [Fatal Error] :1:1: Premature end of file.
2025-01-31 17:51:03,244 [ERROR] LogOutputStream:75 - [STDERR_REDIRECT] 
2025-01-31 17:51:04,242 [ERROR] LogOutputStream:75 - [STDERR_REDIRECT] [Fatal Error] :1:1: Premature end of file.
2025-01-31 17:51:04,242 [ERROR] LogOutputStream:75 - [STDERR_REDIRECT] 
2025-01-31 17:51:05,262 [ERROR] LogOutputStream:75 - [STDERR_REDIRECT] [Fatal Error] :1:1: Premature end of file.
2025-01-31 17:51:05,264 [ERROR] LogOutputStream:75 - [STDERR_REDIRECT] 
2025-01-31 17:51:06,246 [ERROR] LogOutputStream:75 - [STDERR_REDIRECT] [Fatal Error] :1:1: Premature end of file.
2025-01-31 17:51:06,247 [ERROR] LogOutputStream:75 - [STDERR_REDIRECT] 
2025-01-31 17:51:07,255 [ERROR] LogOutputStream:75 - [STDERR_REDIRECT] [Fatal Error] :1:1: Premature end of file.
2025-01-31 17:51:07,255 [ERROR] LogOutputStream:75 - [STDERR_REDIRECT] 
2025-01-31 17:51:08,259 [ERROR] LogOutputStream:75 - [STDERR_REDIRECT] [Fatal Error] :1:1: Premature end of file.
2025-01-31 17:51:08,261 [ERROR] LogOutputStream:75 - [STDERR_REDIRECT] 
2025-01-31 17:51:09,245 [ERROR] LogOutputStream:75 - [STDERR_REDIRECT] [Fatal Error] :1:1: Premature end of file.
2025-01-31 17:51:09,245 [ERROR] LogOutputStream:75 - [STDERR_REDIRECT] 
2025-01-31 17:51:10,247 [ERROR] LogOutputStream:75 - [STDERR_REDIRECT] [Fatal Error] :1:1: Premature end of file.
2025-01-31 17:51:10,247 [ERROR] LogOutputStream:75 - [STDERR_REDIRECT] 
2025-01-31 17:51:11,251 [ERROR] LogOutputStream:75 - [STDERR_REDIRECT] [Fatal Error] :1:1: Premature end of file.
2025-01-31 17:51:11,251 [ERROR] LogOutputStream:75 - [STDERR_REDIRECT] 
2025-01-31 17:51:12,257 [ERROR] LogOutputStream:75 - [STDERR_REDIRECT] [Fatal Error] :1:1: Premature end of file.
2025-01-31 17:51:12,257 [ERROR] LogOutputStream:75 - [STDERR_REDIRECT] 
2025-01-31 17:51:13,255 [ERROR] LogOutputStream:75 - [STDERR_REDIRECT] [Fatal Error] :1:1: Premature end of file.
2025-01-31 17:51:13,255 [ERROR] LogOutputStream:75 - [STDERR_REDIRECT] 
2025-01-31 17:51:14,249 [ERROR] LogOutputStream:75 - [STDERR_REDIRECT] [Fatal Error] :1:1: Premature end of file.
2025-01-31 17:51:14,249 [ERROR] LogOutputStream:75 - [STDERR_REDIRECT] 
2025-01-31 17:51:15,254 [ERROR] LogOutputStream:75 - [STDERR_REDIRECT] [Fatal Error] :1:1: Premature end of file.
2025-01-31 17:51:15,254 [ERROR] LogOutputStream:75 - [STDERR_REDIRECT] 
2025-01-31 17:51:16,259 [ERROR] LogOutputStream:75 - [STDERR_REDIRECT] [Fatal Error] :1:1: Premature end of file.
2025-01-31 17:51:16,259 [ERROR] LogOutputStream:75 - [STDERR_REDIRECT] 
2025-01-31 17:51:17,256 [ERROR] LogOutputStream:75 - [STDERR_REDIRECT] [Fatal Error] :1:1: Premature end of file.
2025-01-31 17:51:17,256 [ERROR] LogOutputStream:75 - [STDERR_REDIRECT] 
2025-01-31 17:51:18,261 [ERROR] LogOutputStream:75 - [STDERR_REDIRECT] [Fatal Error] :1:1: Premature end of file.
2025-01-31 17:51:18,261 [ERROR] LogOutputStream:75 - [STDERR_REDIRECT] 
2025-01-31 17:51:19,253 [ERROR] LogOutputStream:75 - [STDERR_REDIRECT] [Fatal Error] :1:1: Premature end of file.
2025-01-31 17:51:19,253 [ERROR] LogOutputStream:75 - [STDERR_REDIRECT] 
2025-01-31 17:51:20,254 [ERROR] LogOutputStream:75 - [STDERR_REDIRECT] [Fatal Error] :1:1: Premature end of file.
2025-01-31 17:51:20,254 [ERROR] LogOutputStream:75 - [STDERR_REDIRECT] 
2025-01-31 17:51:21,251 [ERROR] LogOutputStream:75 - [STDERR_REDIRECT] [Fatal Error] :1:1: Premature end of file.
2025-01-31 17:51:21,251 [ERROR] LogOutputStream:75 - [STDERR_REDIRECT] 
2025-01-31 17:51:22,249 [ERROR] LogOutputStream:75 - [STDERR_REDIRECT] [Fatal Error] :1:1: Premature end of file.
2025-01-31 17:51:22,249 [ERROR] LogOutputStream:75 - [STDERR_REDIRECT] 
2025-01-31 17:51:23,253 [ERROR] LogOutputStream:75 - [STDERR_REDIRECT] [Fatal Error] :1:1: Premature end of file.
2025-01-31 17:51:23,253 [ERROR] LogOutputStream:75 - [STDERR_REDIRECT] 
2025-01-31 17:51:24,254 [ERROR] LogOutputStream:75 - [STDERR_REDIRECT] [Fatal Error] :1:1: Premature end of file.
2025-01-31 17:51:24,254 [ERROR] LogOutputStream:75 - [STDERR_REDIRECT] 
2025-01-31 17:51:25,249 [ERROR] LogOutputStream:75 - [STDERR_REDIRECT] [Fatal Error] :1:1: Premature end of file.
2025-01-31 17:51:25,249 [ERROR] LogOutputStream:75 - [STDERR_REDIRECT] 
2025-01-31 17:51:26,250 [ERROR] LogOutputStream:75 - [STDERR_REDIRECT] [Fatal Error] :1:1: Premature end of file.
2025-01-31 17:51:26,250 [ERROR] LogOutputStream:75 - [STDERR_REDIRECT] 
2025-01-31 17:51:27,246 [ERROR] LogOutputStream:75 - [STDERR_REDIRECT] [Fatal Error] :1:1: Premature end of file.
2025-01-31 17:51:27,246 [ERROR] LogOutputStream:75 - [STDERR_REDIRECT] 
2025-01-31 17:51:28,278 [ERROR] LogOutputStream:75 - [STDERR_REDIRECT] [Fatal Error] :1:1: Premature end of file.
2025-01-31 17:51:28,278 [ERROR] LogOutputStream:75 - [STDERR_REDIRECT] 
2025-01-31 17:51:29,248 [ERROR] LogOutputStream:75 - [STDERR_REDIRECT] [Fatal Error] :1:1: Premature end of file.
2025-01-31 17:51:29,248 [ERROR] LogOutputStream:75 - [STDERR_REDIRECT] 
2025-01-31 17:51:30,237 [ERROR] LogOutputStream:75 - [STDERR_REDIRECT] [Fatal Error] :1:1: Premature end of file.
2025-01-31 17:51:30,237 [ERROR] LogOutputStream:75 - [STDERR_REDIRECT] 
2025-01-31 17:51:31,250 [ERROR] LogOutputStream:75 - [STDERR_REDIRECT] [Fatal Error] :1:1: Premature end of file.
2025-01-31 17:51:31,252 [ERROR] LogOutputStream:75 - [STDERR_REDIRECT] 
2025-01-31 17:51:32,256 [ERROR] LogOutputStream:75 - [STDERR_REDIRECT] [Fatal Error] :1:1: Premature end of file.
2025-01-31 17:51:32,256 [ERROR] LogOutputStream:75 - [STDERR_REDIRECT] 
2025-01-31 17:51:33,261 [ERROR] LogOutputStream:75 - [STDERR_REDIRECT] [Fatal Error] :1:1: Premature end of file.
2025-01-31 17:51:33,261 [ERROR] LogOutputStream:75 - [STDERR_REDIRECT] 
2025-01-31 17:51:34,244 [ERROR] LogOutputStream:75 - [STDERR_REDIRECT] [Fatal Error] :1:1: Premature end of file.
2025-01-31 17:51:34,246 [ERROR] LogOutputStream:75 - [STDERR_REDIRECT] 
2025-01-31 17:51:35,251 [ERROR] LogOutputStream:75 - [STDERR_REDIRECT] [Fatal Error] :1:1: Premature end of file.
2025-01-31 17:51:35,251 [ERROR] LogOutputStream:75 - [STDERR_REDIRECT] 
2025-01-31 17:51:36,254 [ERROR] LogOutputStream:75 - [STDERR_REDIRECT] [Fatal Error] :1:1: Premature end of file.
2025-01-31 17:51:36,254 [ERROR] LogOutputStream:75 - [STDERR_REDIRECT] 
2025-01-31 17:51:37,253 [ERROR] LogOutputStream:75 - [STDERR_REDIRECT] [Fatal Error] :1:1: Premature end of file.
2025-01-31 17:51:37,253 [ERROR] LogOutputStream:75 - [STDERR_REDIRECT] 
2025-01-31 17:51:38,260 [ERROR] LogOutputStream:75 - [STDERR_REDIRECT] [Fatal Error] :1:1: Premature end of file.
2025-01-31 17:51:38,260 [ERROR] LogOutputStream:75 - [STDERR_REDIRECT] 
2025-01-31 17:51:39,251 [ERROR] LogOutputStream:75 - [STDERR_REDIRECT] [Fatal Error] :1:1: Premature end of file.
2025-01-31 17:51:39,251 [ERROR] LogOutputStream:75 - [STDERR_REDIRECT] 
2025-01-31 17:51:40,249 [ERROR] LogOutputStream:75 - [STDERR_REDIRECT] [Fatal Error] :1:1: Premature end of file.
2025-01-31 17:51:40,249 [ERROR] LogOutputStream:75 - [STDERR_REDIRECT] 
2025-01-31 17:51:41,252 [ERROR] LogOutputStream:75 - [STDERR_REDIRECT] [Fatal Error] :1:1: Premature end of file.
2025-01-31 17:51:41,252 [ERROR] LogOutputStream:75 - [STDERR_REDIRECT] 
2025-01-31 17:51:42,262 [ERROR] LogOutputStream:75 - [STDERR_REDIRECT] [Fatal Error] :1:1: Premature end of file.
2025-01-31 17:51:42,262 [ERROR] LogOutputStream:75 - [STDERR_REDIRECT] 
2025-01-31 17:51:43,245 [ERROR] LogOutputStream:75 - [STDERR_REDIRECT] [Fatal Error] :1:1: Premature end of file.
2025-01-31 17:51:43,246 [ERROR] LogOutputStream:75 - [STDERR_REDIRECT] 
2025-01-31 17:51:44,267 [ERROR] LogOutputStream:75 - [STDERR_REDIRECT] [Fatal Error] :1:1: Premature end of file.
2025-01-31 17:51:44,267 [ERROR] LogOutputStream:75 - [STDERR_REDIRECT] 
2025-01-31 17:51:45,254 [ERROR] LogOutputStream:75 - [STDERR_REDIRECT] [Fatal Error] :1:1: Premature end of file.
2025-01-31 17:51:45,254 [ERROR] LogOutputStream:75 - [STDERR_REDIRECT] 
2025-01-31 17:51:46,246 [ERROR] LogOutputStream:75 - [STDERR_REDIRECT] [Fatal Error] :1:1: Premature end of file.
2025-01-31 17:51:46,246 [ERROR] LogOutputStream:75 - [STDERR_REDIRECT] 
2025-01-31 17:51:47,249 [ERROR] LogOutputStream:75 - [STDERR_REDIRECT] [Fatal Error] :1:1: Premature end of file.
2025-01-31 17:51:47,249 [ERROR] LogOutputStream:75 - [STDERR_REDIRECT] 
2025-01-31 17:51:48,247 [ERROR] LogOutputStream:75 - [STDERR_REDIRECT] [Fatal Error] :1:1: Premature end of file.
2025-01-31 17:51:48,247 [ERROR] LogOutputStream:75 - [STDERR_REDIRECT] 
2025-01-31 17:51:49,247 [ERROR] LogOutputStream:75 - [STDERR_REDIRECT] [Fatal Error] :1:1: Premature end of file.
2025-01-31 17:51:49,247 [ERROR] LogOutputStream:75 - [STDERR_REDIRECT] 
2025-01-31 17:51:50,270 [ERROR] LogOutputStream:75 - [STDERR_REDIRECT] [Fatal Error] :1:1: Premature end of file.
2025-01-31 17:51:50,270 [ERROR] LogOutputStream:75 - [STDERR_REDIRECT] 
2025-01-31 17:51:51,257 [ERROR] LogOutputStream:75 - [STDERR_REDIRECT] [Fatal Error] :1:1: Premature end of file.
2025-01-31 17:51:51,257 [ERROR] LogOutputStream:75 - [STDERR_REDIRECT] 
2025-01-31 17:51:52,252 [ERROR] LogOutputStream:75 - [STDERR_REDIRECT] [Fatal Error] :1:1: Premature end of file.
2025-01-31 17:51:52,253 [ERROR] LogOutputStream:75 - [STDERR_REDIRECT] 
2025-01-31 17:51:53,252 [ERROR] LogOutputStream:75 - [STDERR_REDIRECT] [Fatal Error] :1:1: Premature end of file.
2025-01-31 17:51:53,252 [ERROR] LogOutputStream:75 - [STDERR_REDIRECT] 
2025-01-31 17:51:54,239 [ERROR] LogOutputStream:75 - [STDERR_REDIRECT] [Fatal Error] :1:1: Premature end of file.
2025-01-31 17:51:54,241 [ERROR] LogOutputStream:75 - [STDERR_REDIRECT] 
2025-01-31 17:51:55,248 [ERROR] LogOutputStream:75 - [STDERR_REDIRECT] [Fatal Error] :1:1: Premature end of file.
2025-01-31 17:51:55,248 [ERROR] LogOutputStream:75 - [STDERR_REDIRECT] 
2025-01-31 17:51:56,250 [ERROR] LogOutputStream:75 - [STDERR_REDIRECT] [Fatal Error] :1:1: Premature end of file.
2025-01-31 17:51:56,252 [ERROR] LogOutputStream:75 - [STDERR_REDIRECT] 
2025-01-31 17:51:57,249 [ERROR] LogOutputStream:75 - [STDERR_REDIRECT] [Fatal Error] :1:1: Premature end of file.
2025-01-31 17:51:57,249 [ERROR] LogOutputStream:75 - [STDERR_REDIRECT] 
2025-01-31 17:51:58,264 [ERROR] LogOutputStream:75 - [STDERR_REDIRECT] [Fatal Error] :1:1: Premature end of file.
2025-01-31 17:51:58,265 [ERROR] LogOutputStream:75 - [STDERR_REDIRECT] 
2025-01-31 17:51:59,277 [ERROR] LogOutputStream:75 - [STDERR_REDIRECT] [Fatal Error] :1:1: Premature end of file.
2025-01-31 17:51:59,277 [ERROR] LogOutputStream:75 - [STDERR_REDIRECT] 
2025-01-31 17:52:00,253 [ERROR] LogOutputStream:75 - [STDERR_REDIRECT] [Fatal Error] :1:1: Premature end of file.
2025-01-31 17:52:00,255 [ERROR] LogOutputStream:75 - [STDERR_REDIRECT] 
2025-01-31 17:52:01,250 [ERROR] LogOutputStream:75 - [STDERR_REDIRECT] [Fatal Error] :1:1: Premature end of file.
2025-01-31 17:52:01,250 [ERROR] LogOutputStream:75 - [STDERR_REDIRECT] 
2025-01-31 17:52:02,248 [ERROR] LogOutputStream:75 - [STDERR_REDIRECT] [Fatal Error] :1:1: Premature end of file.
2025-01-31 17:52:02,248 [ERROR] LogOutputStream:75 - [STDERR_REDIRECT] 
2025-01-31 17:52:03,249 [ERROR] LogOutputStream:75 - [STDERR_REDIRECT] [Fatal Error] :1:1: Premature end of file.
2025-01-31 17:52:03,249 [ERROR] LogOutputStream:75 - [STDERR_REDIRECT] 
2025-01-31 17:52:04,264 [ERROR] LogOutputStream:75 - [STDERR_REDIRECT] [Fatal Error] :1:1: Premature end of file.
2025-01-31 17:52:04,264 [ERROR] LogOutputStream:75 - [STDERR_REDIRECT] 
2025-01-31 17:52:05,270 [ERROR] LogOutputStream:75 - [STDERR_REDIRECT] [Fatal Error] :1:1: Premature end of file.
2025-01-31 17:52:05,270 [ERROR] LogOutputStream:75 - [STDERR_REDIRECT] 
2025-01-31 17:52:06,253 [ERROR] LogOutputStream:75 - [STDERR_REDIRECT] [Fatal Error] :1:1: Premature end of file.
2025-01-31 17:52:06,254 [ERROR] LogOutputStream:75 - [STDERR_REDIRECT] 
2025-01-31 17:52:07,264 [ERROR] LogOutputStream:75 - [STDERR_REDIRECT] [Fatal Error] :1:1: Premature end of file.
2025-01-31 17:52:07,264 [ERROR] LogOutputStream:75 - [STDERR_REDIRECT] 
2025-01-31 17:52:08,256 [ERROR] LogOutputStream:75 - [STDERR_REDIRECT] [Fatal Error] :1:1: Premature end of file.
2025-01-31 17:52:08,256 [ERROR] LogOutputStream:75 - [STDERR_REDIRECT] 
2025-01-31 17:52:09,247 [ERROR] LogOutputStream:75 - [STDERR_REDIRECT] [Fatal Error] :1:1: Premature end of file.
2025-01-31 17:52:09,249 [ERROR] LogOutputStream:75 - [STDERR_REDIRECT] 
2025-01-31 17:52:10,253 [ERROR] LogOutputStream:75 - [STDERR_REDIRECT] [Fatal Error] :1:1: Premature end of file.
2025-01-31 17:52:10,253 [ERROR] LogOutputStream:75 - [STDERR_REDIRECT] 
2025-01-31 17:52:11,261 [ERROR] LogOutputStream:75 - [STDERR_REDIRECT] [Fatal Error] :1:1: Premature end of file.
2025-01-31 17:52:11,261 [ERROR] LogOutputStream:75 - [STDERR_REDIRECT] 
2025-01-31 17:52:12,259 [ERROR] LogOutputStream:75 - [STDERR_REDIRECT] [Fatal Error] :1:1: Premature end of file.
2025-01-31 17:52:12,259 [ERROR] LogOutputStream:75 - [STDERR_REDIRECT] 
2025-01-31 17:52:13,251 [ERROR] LogOutputStream:75 - [STDERR_REDIRECT] [Fatal Error] :1:1: Premature end of file.
2025-01-31 17:52:13,251 [ERROR] LogOutputStream:75 - [STDERR_REDIRECT] 
2025-01-31 17:52:14,250 [ERROR] LogOutputStream:75 - [STDERR_REDIRECT] [Fatal Error] :1:1: Premature end of file.
2025-01-31 17:52:14,250 [ERROR] LogOutputStream:75 - [STDERR_REDIRECT] 
2025-01-31 17:52:15,257 [ERROR] LogOutputStream:75 - [STDERR_REDIRECT] [Fatal Error] :1:1: Premature end of file.
2025-01-31 17:52:15,257 [ERROR] LogOutputStream:75 - [STDERR_REDIRECT] 
2025-01-31 17:52:16,264 [ERROR] LogOutputStream:75 - [STDERR_REDIRECT] [Fatal Error] :1:1: Premature end of file.
2025-01-31 17:52:16,264 [ERROR] LogOutputStream:75 - [STDERR_REDIRECT] 
2025-01-31 17:52:17,258 [ERROR] LogOutputStream:75 - [STDERR_REDIRECT] [Fatal Error] :1:1: Premature end of file.
2025-01-31 17:52:17,258 [ERROR] LogOutputStream:75 - [STDERR_REDIRECT] 
2025-01-31 17:52:18,253 [ERROR] LogOutputStream:75 - [STDERR_REDIRECT] [Fatal Error] :1:1: Premature end of file.
2025-01-31 17:52:18,253 [ERROR] LogOutputStream:75 - [STDERR_REDIRECT] 
2025-01-31 17:52:19,259 [ERROR] LogOutputStream:75 - [STDERR_REDIRECT] [Fatal Error] :1:1: Premature end of file.
2025-01-31 17:52:19,259 [ERROR] LogOutputStream:75 - [STDERR_REDIRECT] 
2025-01-31 17:52:20,254 [ERROR] LogOutputStream:75 - [STDERR_REDIRECT] [Fatal Error] :1:1: Premature end of file.
2025-01-31 17:52:20,254 [ERROR] LogOutputStream:75 - [STDERR_REDIRECT] 
2025-01-31 17:52:21,251 [ERROR] LogOutputStream:75 - [STDERR_REDIRECT] [Fatal Error] :1:1: Premature end of file.
2025-01-31 17:52:21,252 [ERROR] LogOutputStream:75 - [STDERR_REDIRECT] 
2025-01-31 17:52:22,239 [ERROR] LogOutputStream:75 - [STDERR_REDIRECT] [Fatal Error] :1:1: Premature end of file.
2025-01-31 17:52:22,239 [ERROR] LogOutputStream:75 - [STDERR_REDIRECT] 
2025-01-31 17:52:23,244 [ERROR] LogOutputStream:75 - [STDERR_REDIRECT] [Fatal Error] :1:1: Premature end of file.
2025-01-31 17:52:23,244 [ERROR] LogOutputStream:75 - [STDERR_REDIRECT] 
2025-01-31 17:52:24,254 [ERROR] LogOutputStream:75 - [STDERR_REDIRECT] [Fatal Error] :1:1: Premature end of file.
2025-01-31 17:52:24,254 [ERROR] LogOutputStream:75 - [STDERR_REDIRECT] 
2025-01-31 17:52:25,260 [ERROR] LogOutputStream:75 - [STDERR_REDIRECT] [Fatal Error] :1:1: Premature end of file.
2025-01-31 17:52:25,260 [ERROR] LogOutputStream:75 - [STDERR_REDIRECT] 
2025-01-31 17:52:26,252 [ERROR] LogOutputStream:75 - [STDERR_REDIRECT] [Fatal Error] :1:1: Premature end of file.
2025-01-31 17:52:26,252 [ERROR] LogOutputStream:75 - [STDERR_REDIRECT] 
2025-01-31 17:52:27,253 [ERROR] LogOutputStream:75 - [STDERR_REDIRECT] [Fatal Error] :1:1: Premature end of file.
2025-01-31 17:52:27,253 [ERROR] LogOutputStream:75 - [STDERR_REDIRECT] 
2025-01-31 17:52:28,264 [ERROR] LogOutputStream:75 - [STDERR_REDIRECT] [Fatal Error] :1:1: Premature end of file.
2025-01-31 17:52:28,264 [ERROR] LogOutputStream:75 - [STDERR_REDIRECT] 
2025-01-31 17:52:29,252 [ERROR] LogOutputStream:75 - [STDERR_REDIRECT] [Fatal Error] :1:1: Premature end of file.
2025-01-31 17:52:29,254 [ERROR] LogOutputStream:75 - [STDERR_REDIRECT] 
2025-01-31 17:52:30,245 [ERROR] LogOutputStream:75 - [STDERR_REDIRECT] [Fatal Error] :1:1: Premature end of file.
2025-01-31 17:52:30,245 [ERROR] LogOutputStream:75 - [STDERR_REDIRECT] 
2025-01-31 17:52:31,249 [ERROR] LogOutputStream:75 - [STDERR_REDIRECT] [Fatal Error] :1:1: Premature end of file.
2025-01-31 17:52:31,249 [ERROR] LogOutputStream:75 - [STDERR_REDIRECT] 
2025-01-31 17:52:32,255 [ERROR] LogOutputStream:75 - [STDERR_REDIRECT] [Fatal Error] :1:1: Premature end of file.
2025-01-31 17:52:32,255 [ERROR] LogOutputStream:75 - [STDERR_REDIRECT] 
2025-01-31 17:52:33,250 [ERROR] LogOutputStream:75 - [STDERR_REDIRECT] [Fatal Error] :1:1: Premature end of file.
2025-01-31 17:52:33,250 [ERROR] LogOutputStream:75 - [STDERR_REDIRECT] 
2025-01-31 17:52:34,250 [ERROR] LogOutputStream:75 - [STDERR_REDIRECT] [Fatal Error] :1:1: Premature end of file.
2025-01-31 17:52:34,250 [ERROR] LogOutputStream:75 - [STDERR_REDIRECT] 
2025-01-31 17:52:35,254 [ERROR] LogOutputStream:75 - [STDERR_REDIRECT] [Fatal Error] :1:1: Premature end of file.
2025-01-31 17:52:35,254 [ERROR] LogOutputStream:75 - [STDERR_REDIRECT] 
2025-01-31 17:52:36,252 [ERROR] LogOutputStream:75 - [STDERR_REDIRECT] [Fatal Error] :1:1: Premature end of file.
2025-01-31 17:52:36,252 [ERROR] LogOutputStream:75 - [STDERR_REDIRECT] 
2025-01-31 17:52:37,263 [ERROR] LogOutputStream:75 - [STDERR_REDIRECT] [Fatal Error] :1:1: Premature end of file.
2025-01-31 17:52:37,263 [ERROR] LogOutputStream:75 - [STDERR_REDIRECT] 
2025-01-31 17:52:38,269 [ERROR] LogOutputStream:75 - [STDERR_REDIRECT] [Fatal Error] :1:1: Premature end of file.
2025-01-31 17:52:38,269 [ERROR] LogOutputStream:75 - [STDERR_REDIRECT] 
2025-01-31 17:52:39,254 [ERROR] LogOutputStream:75 - [STDERR_REDIRECT] [Fatal Error] :1:1: Premature end of file.
2025-01-31 17:52:39,254 [ERROR] LogOutputStream:75 - [STDERR_REDIRECT] 
2025-01-31 17:52:40,254 [ERROR] LogOutputStream:75 - [STDERR_REDIRECT] [Fatal Error] :1:1: Premature end of file.
2025-01-31 17:52:40,254 [ERROR] LogOutputStream:75 - [STDERR_REDIRECT] 
2025-01-31 17:52:41,254 [ERROR] LogOutputStream:75 - [STDERR_REDIRECT] [Fatal Error] :1:1: Premature end of file.
2025-01-31 17:52:41,254 [ERROR] LogOutputStream:75 - [STDERR_REDIRECT] 
2025-01-31 17:52:42,246 [ERROR] LogOutputStream:75 - [STDERR_REDIRECT] [Fatal Error] :1:1: Premature end of file.
2025-01-31 17:52:42,246 [ERROR] LogOutputStream:75 - [STDERR_REDIRECT] 
2025-01-31 17:52:43,258 [ERROR] LogOutputStream:75 - [STDERR_REDIRECT] [Fatal Error] :1:1: Premature end of file.
2025-01-31 17:52:43,258 [ERROR] LogOutputStream:75 - [STDERR_REDIRECT] 
2025-01-31 17:52:44,268 [ERROR] LogOutputStream:75 - [STDERR_REDIRECT] [Fatal Error] :1:1: Premature end of file.
2025-01-31 17:52:44,270 [ERROR] LogOutputStream:75 - [STDERR_REDIRECT] 
2025-01-31 17:52:45,244 [ERROR] LogOutputStream:75 - [STDERR_REDIRECT] [Fatal Error] :1:1: Premature end of file.
2025-01-31 17:52:45,244 [ERROR] LogOutputStream:75 - [STDERR_REDIRECT] 
2025-01-31 17:52:46,243 [ERROR] LogOutputStream:75 - [STDERR_REDIRECT] [Fatal Error] :1:1: Premature end of file.
2025-01-31 17:52:46,243 [ERROR] LogOutputStream:75 - [STDERR_REDIRECT] 
2025-01-31 17:52:47,252 [ERROR] LogOutputStream:75 - [STDERR_REDIRECT] [Fatal Error] :1:1: Premature end of file.
2025-01-31 17:52:47,252 [ERROR] LogOutputStream:75 - [STDERR_REDIRECT] 
2025-01-31 17:52:48,257 [ERROR] LogOutputStream:75 - [STDERR_REDIRECT] [Fatal Error] :1:1: Premature end of file.
2025-01-31 17:52:48,257 [ERROR] LogOutputStream:75 - [STDERR_REDIRECT] 
2025-01-31 17:52:49,259 [ERROR] LogOutputStream:75 - [STDERR_REDIRECT] [Fatal Error] :1:1: Premature end of file.
2025-01-31 17:52:49,259 [ERROR] LogOutputStream:75 - [STDERR_REDIRECT] 
2025-01-31 17:52:50,267 [ERROR] LogOutputStream:75 - [STDERR_REDIRECT] [Fatal Error] :1:1: Premature end of file.
2025-01-31 17:52:50,269 [ERROR] LogOutputStream:75 - [STDERR_REDIRECT] 
2025-01-31 17:52:51,267 [ERROR] LogOutputStream:75 - [STDERR_REDIRECT] [Fatal Error] :1:1: Premature end of file.
2025-01-31 17:52:51,267 [ERROR] LogOutputStream:75 - [STDERR_REDIRECT] 
2025-01-31 17:52:52,254 [ERROR] LogOutputStream:75 - [STDERR_REDIRECT] [Fatal Error] :1:1: Premature end of file.
2025-01-31 17:52:52,254 [ERROR] LogOutputStream:75 - [STDERR_REDIRECT] 
2025-01-31 17:52:53,268 [ERROR] LogOutputStream:75 - [STDERR_REDIRECT] [Fatal Error] :1:1: Premature end of file.
2025-01-31 17:52:53,270 [ERROR] LogOutputStream:75 - [STDERR_REDIRECT] 
2025-01-31 17:52:54,251 [ERROR] LogOutputStream:75 - [STDERR_REDIRECT] [Fatal Error] :1:1: Premature end of file.
2025-01-31 17:52:54,251 [ERROR] LogOutputStream:75 - [STDERR_REDIRECT] 
2025-01-31 17:52:55,239 [ERROR] LogOutputStream:75 - [STDERR_REDIRECT] [Fatal Error] :1:1: Premature end of file.
2025-01-31 17:52:55,239 [ERROR] LogOutputStream:75 - [STDERR_REDIRECT] 
2025-01-31 17:52:56,242 [ERROR] LogOutputStream:75 - [STDERR_REDIRECT] [Fatal Error] :1:1: Premature end of file.
2025-01-31 17:52:56,244 [ERROR] LogOutputStream:75 - [STDERR_REDIRECT] 
2025-01-31 17:52:57,250 [ERROR] LogOutputStream:75 - [STDERR_REDIRECT] [Fatal Error] :1:1: Premature end of file.
2025-01-31 17:52:57,250 [ERROR] LogOutputStream:75 - [STDERR_REDIRECT] 
2025-01-31 17:52:58,242 [ERROR] LogOutputStream:75 - [STDERR_REDIRECT] [Fatal Error] :1:1: Premature end of file.
2025-01-31 17:52:58,242 [ERROR] LogOutputStream:75 - [STDERR_REDIRECT] 
2025-01-31 17:52:59,249 [ERROR] LogOutputStream:75 - [STDERR_REDIRECT] [Fatal Error] :1:1: Premature end of file.
2025-01-31 17:52:59,251 [ERROR] LogOutputStream:75 - [STDERR_REDIRECT] 
2025-01-31 17:53:00,242 [ERROR] LogOutputStream:75 - [STDERR_REDIRECT] [Fatal Error] :1:1: Premature end of file.
2025-01-31 17:53:00,242 [ERROR] LogOutputStream:75 - [STDERR_REDIRECT] 
2025-01-31 17:53:01,261 [ERROR] LogOutputStream:75 - [STDERR_REDIRECT] [Fatal Error] :1:1: Premature end of file.
2025-01-31 17:53:01,261 [ERROR] LogOutputStream:75 - [STDERR_REDIRECT] 
2025-01-31 17:53:02,252 [ERROR] LogOutputStream:75 - [STDERR_REDIRECT] [Fatal Error] :1:1: Premature end of file.
2025-01-31 17:53:02,252 [ERROR] LogOutputStream:75 - [STDERR_REDIRECT] 
2025-01-31 17:53:03,269 [ERROR] LogOutputStream:75 - [STDERR_REDIRECT] [Fatal Error] :1:1: Premature end of file.
2025-01-31 17:53:03,269 [ERROR] LogOutputStream:75 - [STDERR_REDIRECT] 
2025-01-31 17:53:04,244 [ERROR] LogOutputStream:75 - [STDERR_REDIRECT] [Fatal Error] :1:1: Premature end of file.
2025-01-31 17:53:04,244 [ERROR] LogOutputStream:75 - [STDERR_REDIRECT] 
2025-01-31 17:53:05,256 [ERROR] LogOutputStream:75 - [STDERR_REDIRECT] [Fatal Error] :1:1: Premature end of file.
2025-01-31 17:53:05,258 [ERROR] LogOutputStream:75 - [STDERR_REDIRECT] 
2025-01-31 17:53:06,248 [ERROR] LogOutputStream:75 - [STDERR_REDIRECT] [Fatal Error] :1:1: Premature end of file.
2025-01-31 17:53:06,248 [ERROR] LogOutputStream:75 - [STDERR_REDIRECT] 
2025-01-31 17:53:07,254 [ERROR] LogOutputStream:75 - [STDERR_REDIRECT] [Fatal Error] :1:1: Premature end of file.
2025-01-31 17:53:07,255 [ERROR] LogOutputStream:75 - [STDERR_REDIRECT] 
2025-01-31 17:53:08,254 [ERROR] LogOutputStream:75 - [STDERR_REDIRECT] [Fatal Error] :1:1: Premature end of file.
2025-01-31 17:53:08,254 [ERROR] LogOutputStream:75 - [STDERR_REDIRECT] 
2025-01-31 17:53:09,249 [ERROR] LogOutputStream:75 - [STDERR_REDIRECT] [Fatal Error] :1:1: Premature end of file.
2025-01-31 17:53:09,249 [ERROR] LogOutputStream:75 - [STDERR_REDIRECT] 
2025-01-31 17:53:10,246 [ERROR] LogOutputStream:75 - [STDERR_REDIRECT] [Fatal Error] :1:1: Premature end of file.
2025-01-31 17:53:10,246 [ERROR] LogOutputStream:75 - [STDERR_REDIRECT] 
2025-01-31 17:53:11,255 [ERROR] LogOutputStream:75 - [STDERR_REDIRECT] [Fatal Error] :1:1: Premature end of file.
2025-01-31 17:53:11,255 [ERROR] LogOutputStream:75 - [STDERR_REDIRECT] 
2025-01-31 17:53:12,241 [ERROR] LogOutputStream:75 - [STDERR_REDIRECT] [Fatal Error] :1:1: Premature end of file.
2025-01-31 17:53:12,241 [ERROR] LogOutputStream:75 - [STDERR_REDIRECT] 
2025-01-31 17:53:13,245 [ERROR] LogOutputStream:75 - [STDERR_REDIRECT] [Fatal Error] :1:1: Premature end of file.
2025-01-31 17:53:13,245 [ERROR] LogOutputStream:75 - [STDERR_REDIRECT] 
2025-01-31 17:53:14,263 [ERROR] LogOutputStream:75 - [STDERR_REDIRECT] [Fatal Error] :1:1: Premature end of file.
2025-01-31 17:53:14,263 [ERROR] LogOutputStream:75 - [STDERR_REDIRECT] 
2025-01-31 17:53:15,251 [ERROR] LogOutputStream:75 - [STDERR_REDIRECT] [Fatal Error] :1:1: Premature end of file.
2025-01-31 17:53:15,251 [ERROR] LogOutputStream:75 - [STDERR_REDIRECT] 
2025-01-31 17:53:16,267 [ERROR] LogOutputStream:75 - [STDERR_REDIRECT] [Fatal Error] :1:1: Premature end of file.
2025-01-31 17:53:16,267 [ERROR] LogOutputStream:75 - [STDERR_REDIRECT] 
2025-01-31 17:53:17,241 [ERROR] LogOutputStream:75 - [STDERR_REDIRECT] [Fatal Error] :1:1: Premature end of file.
2025-01-31 17:53:17,241 [ERROR] LogOutputStream:75 - [STDERR_REDIRECT] 
2025-01-31 17:53:18,249 [ERROR] LogOutputStream:75 - [STDERR_REDIRECT] [Fatal Error] :1:1: Premature end of file.
2025-01-31 17:53:18,250 [ERROR] LogOutputStream:75 - [STDERR_REDIRECT] 
2025-01-31 17:53:19,278 [ERROR] LogOutputStream:75 - [STDERR_REDIRECT] [Fatal Error] :1:1: Premature end of file.
2025-01-31 17:53:19,278 [ERROR] LogOutputStream:75 - [STDERR_REDIRECT] 
2025-01-31 17:53:20,242 [ERROR] LogOutputStream:75 - [STDERR_REDIRECT] [Fatal Error] :1:1: Premature end of file.
2025-01-31 17:53:20,242 [ERROR] LogOutputStream:75 - [STDERR_REDIRECT] 
2025-01-31 17:53:21,242 [ERROR] LogOutputStream:75 - [STDERR_REDIRECT] [Fatal Error] :1:1: Premature end of file.
2025-01-31 17:53:21,242 [ERROR] LogOutputStream:75 - [STDERR_REDIRECT] 
2025-01-31 17:53:22,258 [ERROR] LogOutputStream:75 - [STDERR_REDIRECT] [Fatal Error] :1:1: Premature end of file.
2025-01-31 17:53:22,258 [ERROR] LogOutputStream:75 - [STDERR_REDIRECT] 
2025-01-31 17:53:23,238 [ERROR] LogOutputStream:75 - [STDERR_REDIRECT] [Fatal Error] :1:1: Premature end of file.
2025-01-31 17:53:23,238 [ERROR] LogOutputStream:75 - [STDERR_REDIRECT] 
2025-01-31 17:53:24,247 [ERROR] LogOutputStream:75 - [STDERR_REDIRECT] [Fatal Error] :1:1: Premature end of file.
2025-01-31 17:53:24,247 [ERROR] LogOutputStream:75 - [STDERR_REDIRECT] 
2025-01-31 17:53:25,248 [ERROR] LogOutputStream:75 - [STDERR_REDIRECT] [Fatal Error] :1:1: Premature end of file.
2025-01-31 17:53:25,248 [ERROR] LogOutputStream:75 - [STDERR_REDIRECT] 
2025-01-31 17:53:26,257 [ERROR] LogOutputStream:75 - [STDERR_REDIRECT] [Fatal Error] :1:1: Premature end of file.
2025-01-31 17:53:26,257 [ERROR] LogOutputStream:75 - [STDERR_REDIRECT] 
2025-01-31 17:53:27,251 [ERROR] LogOutputStream:75 - [STDERR_REDIRECT] [Fatal Error] :1:1: Premature end of file.
2025-01-31 17:53:27,251 [ERROR] LogOutputStream:75 - [STDERR_REDIRECT] 
2025-01-31 17:53:28,258 [ERROR] LogOutputStream:75 - [STDERR_REDIRECT] [Fatal Error] :1:1: Premature end of file.
2025-01-31 17:53:28,258 [ERROR] LogOutputStream:75 - [STDERR_REDIRECT] 
2025-01-31 17:53:29,241 [ERROR] LogOutputStream:75 - [STDERR_REDIRECT] [Fatal Error] :1:1: Premature end of file.
2025-01-31 17:53:29,241 [ERROR] LogOutputStream:75 - [STDERR_REDIRECT] 
2025-01-31 17:53:30,243 [ERROR] LogOutputStream:75 - [STDERR_REDIRECT] [Fatal Error] :1:1: Premature end of file.
2025-01-31 17:53:30,243 [ERROR] LogOutputStream:75 - [STDERR_REDIRECT] 
2025-01-31 17:53:31,267 [ERROR] LogOutputStream:75 - [STDERR_REDIRECT] [Fatal Error] :1:1: Premature end of file.
2025-01-31 17:53:31,267 [ERROR] LogOutputStream:75 - [STDERR_REDIRECT] 
2025-01-31 17:53:32,253 [ERROR] LogOutputStream:75 - [STDERR_REDIRECT] [Fatal Error] :1:1: Premature end of file.
2025-01-31 17:53:32,255 [ERROR] LogOutputStream:75 - [STDERR_REDIRECT] 
2025-01-31 17:53:33,259 [ERROR] LogOutputStream:75 - [STDERR_REDIRECT] [Fatal Error] :1:1: Premature end of file.
2025-01-31 17:53:33,259 [ERROR] LogOutputStream:75 - [STDERR_REDIRECT] 
2025-01-31 17:53:34,244 [ERROR] LogOutputStream:75 - [STDERR_REDIRECT] [Fatal Error] :1:1: Premature end of file.
2025-01-31 17:53:34,244 [ERROR] LogOutputStream:75 - [STDERR_REDIRECT] 
2025-01-31 17:53:35,245 [ERROR] LogOutputStream:75 - [STDERR_REDIRECT] [Fatal Error] :1:1: Premature end of file.
2025-01-31 17:53:35,245 [ERROR] LogOutputStream:75 - [STDERR_REDIRECT] 
2025-01-31 17:53:36,242 [ERROR] LogOutputStream:75 - [STDERR_REDIRECT] [Fatal Error] :1:1: Premature end of file.
2025-01-31 17:53:36,242 [ERROR] LogOutputStream:75 - [STDERR_REDIRECT] 
2025-01-31 17:53:37,243 [ERROR] LogOutputStream:75 - [STDERR_REDIRECT] [Fatal Error] :1:1: Premature end of file.
2025-01-31 17:53:37,243 [ERROR] LogOutputStream:75 - [STDERR_REDIRECT] 
2025-01-31 17:53:38,242 [ERROR] LogOutputStream:75 - [STDERR_REDIRECT] [Fatal Error] :1:1: Premature end of file.
2025-01-31 17:53:38,242 [ERROR] LogOutputStream:75 - [STDERR_REDIRECT] 
2025-01-31 17:53:39,242 [ERROR] LogOutputStream:75 - [STDERR_REDIRECT] [Fatal Error] :1:1: Premature end of file.
2025-01-31 17:53:39,242 [ERROR] LogOutputStream:75 - [STDERR_REDIRECT] 
2025-01-31 17:53:40,267 [ERROR] LogOutputStream:75 - [STDERR_REDIRECT] [Fatal Error] :1:1: Premature end of file.
2025-01-31 17:53:40,267 [ERROR] LogOutputStream:75 - [STDERR_REDIRECT] 
2025-01-31 17:53:41,248 [ERROR] LogOutputStream:75 - [STDERR_REDIRECT] [Fatal Error] :1:1: Premature end of file.
2025-01-31 17:53:41,248 [ERROR] LogOutputStream:75 - [STDERR_REDIRECT] 
2025-01-31 17:53:42,243 [ERROR] LogOutputStream:75 - [STDERR_REDIRECT] [Fatal Error] :1:1: Premature end of file.
2025-01-31 17:53:42,243 [ERROR] LogOutputStream:75 - [STDERR_REDIRECT] 
2025-01-31 17:53:43,245 [ERROR] LogOutputStream:75 - [STDERR_REDIRECT] [Fatal Error] :1:1: Premature end of file.
2025-01-31 17:53:43,245 [ERROR] LogOutputStream:75 - [STDERR_REDIRECT] 
2025-01-31 17:53:44,246 [ERROR] LogOutputStream:75 - [STDERR_REDIRECT] [Fatal Error] :1:1: Premature end of file.
2025-01-31 17:53:44,246 [ERROR] LogOutputStream:75 - [STDERR_REDIRECT] 
2025-01-31 17:53:45,256 [ERROR] LogOutputStream:75 - [STDERR_REDIRECT] [Fatal Error] :1:1: Premature end of file.
2025-01-31 17:53:45,256 [ERROR] LogOutputStream:75 - [STDERR_REDIRECT] 
2025-01-31 17:53:46,253 [ERROR] LogOutputStream:75 - [STDERR_REDIRECT] [Fatal Error] :1:1: Premature end of file.
2025-01-31 17:53:46,253 [ERROR] LogOutputStream:75 - [STDERR_REDIRECT] 
2025-01-31 17:53:47,243 [ERROR] LogOutputStream:75 - [STDERR_REDIRECT] [Fatal Error] :1:1: Premature end of file.
2025-01-31 17:53:47,243 [ERROR] LogOutputStream:75 - [STDERR_REDIRECT] 
2025-01-31 17:53:48,254 [ERROR] LogOutputStream:75 - [STDERR_REDIRECT] [Fatal Error] :1:1: Premature end of file.
2025-01-31 17:53:48,254 [ERROR] LogOutputStream:75 - [STDERR_REDIRECT] 
2025-01-31 17:53:49,271 [ERROR] LogOutputStream:75 - [STDERR_REDIRECT] [Fatal Error] :1:1: Premature end of file.
2025-01-31 17:53:49,271 [ERROR] LogOutputStream:75 - [STDERR_REDIRECT] 
2025-01-31 17:53:50,253 [ERROR] LogOutputStream:75 - [STDERR_REDIRECT] [Fatal Error] :1:1: Premature end of file.
2025-01-31 17:53:50,253 [ERROR] LogOutputStream:75 - [STDERR_REDIRECT] 
2025-01-31 17:53:51,246 [ERROR] LogOutputStream:75 - [STDERR_REDIRECT] [Fatal Error] :1:1: Premature end of file.
2025-01-31 17:53:51,246 [ERROR] LogOutputStream:75 - [STDERR_REDIRECT] 
2025-01-31 17:53:52,252 [ERROR] LogOutputStream:75 - [STDERR_REDIRECT] [Fatal Error] :1:1: Premature end of file.
2025-01-31 17:53:52,252 [ERROR] LogOutputStream:75 - [STDERR_REDIRECT] 
2025-01-31 17:53:53,244 [ERROR] LogOutputStream:75 - [STDERR_REDIRECT] [Fatal Error] :1:1: Premature end of file.
2025-01-31 17:53:53,246 [ERROR] LogOutputStream:75 - [STDERR_REDIRECT] 
2025-01-31 17:53:54,242 [ERROR] LogOutputStream:75 - [STDERR_REDIRECT] [Fatal Error] :1:1: Premature end of file.
2025-01-31 17:53:54,242 [ERROR] LogOutputStream:75 - [STDERR_REDIRECT] 
2025-01-31 17:53:55,249 [ERROR] LogOutputStream:75 - [STDERR_REDIRECT] [Fatal Error] :1:1: Premature end of file.
2025-01-31 17:53:55,249 [ERROR] LogOutputStream:75 - [STDERR_REDIRECT] 
2025-01-31 17:53:56,257 [ERROR] LogOutputStream:75 - [STDERR_REDIRECT] [Fatal Error] :1:1: Premature end of file.
2025-01-31 17:53:56,257 [ERROR] LogOutputStream:75 - [STDERR_REDIRECT] 
2025-01-31 17:53:57,264 [ERROR] LogOutputStream:75 - [STDERR_REDIRECT] [Fatal Error] :1:1: Premature end of file.
2025-01-31 17:53:57,266 [ERROR] LogOutputStream:75 - [STDERR_REDIRECT] 
2025-01-31 17:53:58,247 [ERROR] LogOutputStream:75 - [STDERR_REDIRECT] [Fatal Error] :1:1: Premature end of file.
2025-01-31 17:53:58,248 [ERROR] LogOutputStream:75 - [STDERR_REDIRECT] 
2025-01-31 17:53:59,261 [ERROR] LogOutputStream:75 - [STDERR_REDIRECT] [Fatal Error] :1:1: Premature end of file.
2025-01-31 17:53:59,261 [ERROR] LogOutputStream:75 - [STDERR_REDIRECT] 
2025-01-31 17:54:00,244 [ERROR] LogOutputStream:75 - [STDERR_REDIRECT] [Fatal Error] :1:1: Premature end of file.
2025-01-31 17:54:00,246 [ERROR] LogOutputStream:75 - [STDERR_REDIRECT] 
2025-01-31 17:54:01,250 [ERROR] LogOutputStream:75 - [STDERR_REDIRECT] [Fatal Error] :1:1: Premature end of file.
2025-01-31 17:54:01,250 [ERROR] LogOutputStream:75 - [STDERR_REDIRECT] 
2025-01-31 17:54:02,248 [ERROR] LogOutputStream:75 - [STDERR_REDIRECT] [Fatal Error] :1:1: Premature end of file.
2025-01-31 17:54:02,248 [ERROR] LogOutputStream:75 - [STDERR_REDIRECT] 
2025-01-31 17:54:03,239 [ERROR] LogOutputStream:75 - [STDERR_REDIRECT] [Fatal Error] :1:1: Premature end of file.
2025-01-31 17:54:03,239 [ERROR] LogOutputStream:75 - [STDERR_REDIRECT] 
2025-01-31 17:54:04,253 [ERROR] LogOutputStream:75 - [STDERR_REDIRECT] [Fatal Error] :1:1: Premature end of file.
2025-01-31 17:54:04,253 [ERROR] LogOutputStream:75 - [STDERR_REDIRECT] 
2025-01-31 17:54:05,257 [ERROR] LogOutputStream:75 - [STDERR_REDIRECT] [Fatal Error] :1:1: Premature end of file.
2025-01-31 17:54:05,257 [ERROR] LogOutputStream:75 - [STDERR_REDIRECT] 
2025-01-31 17:54:06,253 [ERROR] LogOutputStream:75 - [STDERR_REDIRECT] [Fatal Error] :1:1: Premature end of file.
2025-01-31 17:54:06,253 [ERROR] LogOutputStream:75 - [STDERR_REDIRECT] 
2025-01-31 17:54:07,249 [ERROR] LogOutputStream:75 - [STDERR_REDIRECT] [Fatal Error] :1:1: Premature end of file.
2025-01-31 17:54:07,249 [ERROR] LogOutputStream:75 - [STDERR_REDIRECT] 
2025-01-31 17:54:08,244 [ERROR] LogOutputStream:75 - [STDERR_REDIRECT] [Fatal Error] :1:1: Premature end of file.
2025-01-31 17:54:08,244 [ERROR] LogOutputStream:75 - [STDERR_REDIRECT] 
2025-01-31 17:54:09,254 [ERROR] LogOutputStream:75 - [STDERR_REDIRECT] [Fatal Error] :1:1: Premature end of file.
2025-01-31 17:54:09,254 [ERROR] LogOutputStream:75 - [STDERR_REDIRECT] 
2025-01-31 17:54:10,249 [ERROR] LogOutputStream:75 - [STDERR_REDIRECT] [Fatal Error] :1:1: Premature end of file.
2025-01-31 17:54:10,251 [ERROR] LogOutputStream:75 - [STDERR_REDIRECT] 
2025-01-31 17:54:11,257 [ERROR] LogOutputStream:75 - [STDERR_REDIRECT] [Fatal Error] :1:1: Premature end of file.
2025-01-31 17:54:11,257 [ERROR] LogOutputStream:75 - [STDERR_REDIRECT] 
2025-01-31 17:54:12,253 [ERROR] LogOutputStream:75 - [STDERR_REDIRECT] [Fatal Error] :1:1: Premature end of file.
2025-01-31 17:54:12,253 [ERROR] LogOutputStream:75 - [STDERR_REDIRECT] 
2025-01-31 17:54:13,256 [ERROR] LogOutputStream:75 - [STDERR_REDIRECT] [Fatal Error] :1:1: Premature end of file.
2025-01-31 17:54:13,258 [ERROR] LogOutputStream:75 - [STDERR_REDIRECT] 
2025-01-31 17:54:14,243 [ERROR] LogOutputStream:75 - [STDERR_REDIRECT] [Fatal Error] :1:1: Premature end of file.
2025-01-31 17:54:14,243 [ERROR] LogOutputStream:75 - [STDERR_REDIRECT] 
2025-01-31 17:54:15,243 [ERROR] LogOutputStream:75 - [STDERR_REDIRECT] [Fatal Error] :1:1: Premature end of file.
2025-01-31 17:54:15,243 [ERROR] LogOutputStream:75 - [STDERR_REDIRECT] 
2025-01-31 17:54:16,252 [ERROR] LogOutputStream:75 - [STDERR_REDIRECT] [Fatal Error] :1:1: Premature end of file.
2025-01-31 17:54:16,253 [ERROR] LogOutputStream:75 - [STDERR_REDIRECT] 
2025-01-31 17:54:17,253 [ERROR] LogOutputStream:75 - [STDERR_REDIRECT] [Fatal Error] :1:1: Premature end of file.
2025-01-31 17:54:17,253 [ERROR] LogOutputStream:75 - [STDERR_REDIRECT] 
2025-01-31 17:54:18,267 [ERROR] LogOutputStream:75 - [STDERR_REDIRECT] [Fatal Error] :1:1: Premature end of file.
2025-01-31 17:54:18,268 [ERROR] LogOutputStream:75 - [STDERR_REDIRECT] 
2025-01-31 17:54:19,246 [ERROR] LogOutputStream:75 - [STDERR_REDIRECT] [Fatal Error] :1:1: Premature end of file.
2025-01-31 17:54:19,246 [ERROR] LogOutputStream:75 - [STDERR_REDIRECT] 
2025-01-31 17:54:20,242 [ERROR] LogOutputStream:75 - [STDERR_REDIRECT] [Fatal Error] :1:1: Premature end of file.
2025-01-31 17:54:20,242 [ERROR] LogOutputStream:75 - [STDERR_REDIRECT] 
2025-01-31 17:54:21,272 [ERROR] LogOutputStream:75 - [STDERR_REDIRECT] [Fatal Error] :1:1: Premature end of file.
2025-01-31 17:54:21,272 [ERROR] LogOutputStream:75 - [STDERR_REDIRECT] 
2025-01-31 17:54:22,253 [ERROR] LogOutputStream:75 - [STDERR_REDIRECT] [Fatal Error] :1:1: Premature end of file.
2025-01-31 17:54:22,253 [ERROR] LogOutputStream:75 - [STDERR_REDIRECT] 
2025-01-31 17:54:23,253 [ERROR] LogOutputStream:75 - [STDERR_REDIRECT] [Fatal Error] :1:1: Premature end of file.
2025-01-31 17:54:23,253 [ERROR] LogOutputStream:75 - [STDERR_REDIRECT] 
2025-01-31 17:54:24,255 [ERROR] LogOutputStream:75 - [STDERR_REDIRECT] [Fatal Error] :1:1: Premature end of file.
2025-01-31 17:54:24,255 [ERROR] LogOutputStream:75 - [STDERR_REDIRECT] 
2025-01-31 17:54:25,243 [ERROR] LogOutputStream:75 - [STDERR_REDIRECT] [Fatal Error] :1:1: Premature end of file.
2025-01-31 17:54:25,243 [ERROR] LogOutputStream:75 - [STDERR_REDIRECT] 
2025-01-31 17:54:26,263 [ERROR] LogOutputStream:75 - [STDERR_REDIRECT] [Fatal Error] :1:1: Premature end of file.
2025-01-31 17:54:26,263 [ERROR] LogOutputStream:75 - [STDERR_REDIRECT] 
2025-01-31 17:54:27,244 [ERROR] LogOutputStream:75 - [STDERR_REDIRECT] [Fatal Error] :1:1: Premature end of file.
2025-01-31 17:54:27,244 [ERROR] LogOutputStream:75 - [STDERR_REDIRECT] 
2025-01-31 17:54:28,270 [ERROR] LogOutputStream:75 - [STDERR_REDIRECT] [Fatal Error] :1:1: Premature end of file.
2025-01-31 17:54:28,270 [ERROR] LogOutputStream:75 - [STDERR_REDIRECT] 
2025-01-31 17:54:29,246 [ERROR] LogOutputStream:75 - [STDERR_REDIRECT] [Fatal Error] :1:1: Premature end of file.
2025-01-31 17:54:29,247 [ERROR] LogOutputStream:75 - [STDERR_REDIRECT] 
2025-01-31 17:54:30,243 [ERROR] LogOutputStream:75 - [STDERR_REDIRECT] [Fatal Error] :1:1: Premature end of file.
2025-01-31 17:54:30,243 [ERROR] LogOutputStream:75 - [STDERR_REDIRECT] 
2025-01-31 17:54:31,244 [ERROR] LogOutputStream:75 - [STDERR_REDIRECT] [Fatal Error] :1:1: Premature end of file.
2025-01-31 17:54:31,244 [ERROR] LogOutputStream:75 - [STDERR_REDIRECT] 
2025-01-31 17:54:32,242 [ERROR] LogOutputStream:75 - [STDERR_REDIRECT] [Fatal Error] :1:1: Premature end of file.
2025-01-31 17:54:32,242 [ERROR] LogOutputStream:75 - [STDERR_REDIRECT] 
2025-01-31 17:54:33,253 [ERROR] LogOutputStream:75 - [STDERR_REDIRECT] [Fatal Error] :1:1: Premature end of file.
2025-01-31 17:54:33,253 [ERROR] LogOutputStream:75 - [STDERR_REDIRECT] 
2025-01-31 17:54:34,248 [ERROR] LogOutputStream:75 - [STDERR_REDIRECT] [Fatal Error] :1:1: Premature end of file.
2025-01-31 17:54:34,249 [ERROR] LogOutputStream:75 - [STDERR_REDIRECT] 
2025-01-31 17:54:35,255 [ERROR] LogOutputStream:75 - [STDERR_REDIRECT] [Fatal Error] :1:1: Premature end of file.
2025-01-31 17:54:35,255 [ERROR] LogOutputStream:75 - [STDERR_REDIRECT] 
2025-01-31 17:54:36,242 [ERROR] LogOutputStream:75 - [STDERR_REDIRECT] [Fatal Error] :1:1: Premature end of file.
2025-01-31 17:54:36,242 [ERROR] LogOutputStream:75 - [STDERR_REDIRECT] 
2025-01-31 17:54:37,265 [ERROR] LogOutputStream:75 - [STDERR_REDIRECT] [Fatal Error] :1:1: Premature end of file.
2025-01-31 17:54:37,265 [ERROR] LogOutputStream:75 - [STDERR_REDIRECT] 
2025-01-31 17:54:38,240 [ERROR] LogOutputStream:75 - [STDERR_REDIRECT] [Fatal Error] :1:1: Premature end of file.
2025-01-31 17:54:38,240 [ERROR] LogOutputStream:75 - [STDERR_REDIRECT] 
2025-01-31 17:54:39,254 [ERROR] LogOutputStream:75 - [STDERR_REDIRECT] [Fatal Error] :1:1: Premature end of file.
2025-01-31 17:54:39,254 [ERROR] LogOutputStream:75 - [STDERR_REDIRECT] 
2025-01-31 17:54:40,246 [ERROR] LogOutputStream:75 - [STDERR_REDIRECT] [Fatal Error] :1:1: Premature end of file.
2025-01-31 17:54:40,246 [ERROR] LogOutputStream:75 - [STDERR_REDIRECT] 
2025-01-31 17:54:41,251 [ERROR] LogOutputStream:75 - [STDERR_REDIRECT] [Fatal Error] :1:1: Premature end of file.
2025-01-31 17:54:41,251 [ERROR] LogOutputStream:75 - [STDERR_REDIRECT] 
2025-01-31 17:54:42,245 [ERROR] LogOutputStream:75 - [STDERR_REDIRECT] [Fatal Error] :1:1: Premature end of file.
2025-01-31 17:54:42,245 [ERROR] LogOutputStream:75 - [STDERR_REDIRECT] 
2025-01-31 17:54:43,241 [ERROR] LogOutputStream:75 - [STDERR_REDIRECT] [Fatal Error] :1:1: Premature end of file.
2025-01-31 17:54:43,241 [ERROR] LogOutputStream:75 - [STDERR_REDIRECT] 
2025-01-31 17:54:44,252 [ERROR] LogOutputStream:75 - [STDERR_REDIRECT] [Fatal Error] :1:1: Premature end of file.
2025-01-31 17:54:44,252 [ERROR] LogOutputStream:75 - [STDERR_REDIRECT] 
2025-01-31 17:54:45,242 [ERROR] LogOutputStream:75 - [STDERR_REDIRECT] [Fatal Error] :1:1: Premature end of file.
2025-01-31 17:54:45,242 [ERROR] LogOutputStream:75 - [STDERR_REDIRECT] 
2025-01-31 17:54:46,239 [ERROR] LogOutputStream:75 - [STDERR_REDIRECT] [Fatal Error] :1:1: Premature end of file.
2025-01-31 17:54:46,239 [ERROR] LogOutputStream:75 - [STDERR_REDIRECT] 
2025-01-31 17:54:47,247 [ERROR] LogOutputStream:75 - [STDERR_REDIRECT] [Fatal Error] :1:1: Premature end of file.
2025-01-31 17:54:47,247 [ERROR] LogOutputStream:75 - [STDERR_REDIRECT] 
2025-01-31 17:54:48,243 [ERROR] LogOutputStream:75 - [STDERR_REDIRECT] [Fatal Error] :1:1: Premature end of file.
2025-01-31 17:54:48,243 [ERROR] LogOutputStream:75 - [STDERR_REDIRECT] 
2025-01-31 17:54:49,247 [ERROR] LogOutputStream:75 - [STDERR_REDIRECT] [Fatal Error] :1:1: Premature end of file.
2025-01-31 17:54:49,247 [ERROR] LogOutputStream:75 - [STDERR_REDIRECT] 
2025-01-31 17:54:50,253 [ERROR] LogOutputStream:75 - [STDERR_REDIRECT] [Fatal Error] :1:1: Premature end of file.
2025-01-31 17:54:50,253 [ERROR] LogOutputStream:75 - [STDERR_REDIRECT] 
2025-01-31 17:54:51,251 [ERROR] LogOutputStream:75 - [STDERR_REDIRECT] [Fatal Error] :1:1: Premature end of file.
2025-01-31 17:54:51,252 [ERROR] LogOutputStream:75 - [STDERR_REDIRECT] 
2025-01-31 17:54:52,242 [ERROR] LogOutputStream:75 - [STDERR_REDIRECT] [Fatal Error] :1:1: Premature end of file.
2025-01-31 17:54:52,242 [ERROR] LogOutputStream:75 - [STDERR_REDIRECT] 
2025-01-31 17:54:53,242 [ERROR] LogOutputStream:75 - [STDERR_REDIRECT] [Fatal Error] :1:1: Premature end of file.
2025-01-31 17:54:53,243 [ERROR] LogOutputStream:75 - [STDERR_REDIRECT] 
2025-01-31 17:54:54,248 [ERROR] LogOutputStream:75 - [STDERR_REDIRECT] [Fatal Error] :1:1: Premature end of file.
2025-01-31 17:54:54,248 [ERROR] LogOutputStream:75 - [STDERR_REDIRECT] 
2025-01-31 17:54:55,244 [ERROR] LogOutputStream:75 - [STDERR_REDIRECT] [Fatal Error] :1:1: Premature end of file.
2025-01-31 17:54:55,244 [ERROR] LogOutputStream:75 - [STDERR_REDIRECT] 
2025-01-31 17:54:56,251 [ERROR] LogOutputStream:75 - [STDERR_REDIRECT] [Fatal Error] :1:1: Premature end of file.
2025-01-31 17:54:56,251 [ERROR] LogOutputStream:75 - [STDERR_REDIRECT] 
2025-01-31 17:54:57,248 [ERROR] LogOutputStream:75 - [STDERR_REDIRECT] [Fatal Error] :1:1: Premature end of file.
2025-01-31 17:54:57,248 [ERROR] LogOutputStream:75 - [STDERR_REDIRECT] 
2025-01-31 17:54:58,248 [ERROR] LogOutputStream:75 - [STDERR_REDIRECT] [Fatal Error] :1:1: Premature end of file.
2025-01-31 17:54:58,248 [ERROR] LogOutputStream:75 - [STDERR_REDIRECT] 
2025-01-31 17:54:59,242 [ERROR] LogOutputStream:75 - [STDERR_REDIRECT] [Fatal Error] :1:1: Premature end of file.
2025-01-31 17:54:59,242 [ERROR] LogOutputStream:75 - [STDERR_REDIRECT] 
2025-01-31 17:55:00,252 [ERROR] LogOutputStream:75 - [STDERR_REDIRECT] [Fatal Error] :1:1: Premature end of file.
2025-01-31 17:55:00,252 [ERROR] LogOutputStream:75 - [STDERR_REDIRECT] 
2025-01-31 17:55:01,246 [ERROR] LogOutputStream:75 - [STDERR_REDIRECT] [Fatal Error] :1:1: Premature end of file.
2025-01-31 17:55:01,246 [ERROR] LogOutputStream:75 - [STDERR_REDIRECT] 
2025-01-31 17:55:02,242 [ERROR] LogOutputStream:75 - [STDERR_REDIRECT] [Fatal Error] :1:1: Premature end of file.
2025-01-31 17:55:02,242 [ERROR] LogOutputStream:75 - [STDERR_REDIRECT] 
2025-01-31 17:55:03,247 [ERROR] LogOutputStream:75 - [STDERR_REDIRECT] [Fatal Error] :1:1: Premature end of file.
2025-01-31 17:55:03,247 [ERROR] LogOutputStream:75 - [STDERR_REDIRECT] 
2025-01-31 17:55:04,242 [ERROR] LogOutputStream:75 - [STDERR_REDIRECT] [Fatal Error] :1:1: Premature end of file.
2025-01-31 17:55:04,242 [ERROR] LogOutputStream:75 - [STDERR_REDIRECT] 
2025-01-31 17:55:05,253 [ERROR] LogOutputStream:75 - [STDERR_REDIRECT] [Fatal Error] :1:1: Premature end of file.
2025-01-31 17:55:05,253 [ERROR] LogOutputStream:75 - [STDERR_REDIRECT] 
2025-01-31 17:55:06,256 [ERROR] LogOutputStream:75 - [STDERR_REDIRECT] [Fatal Error] :1:1: Premature end of file.
2025-01-31 17:55:06,256 [ERROR] LogOutputStream:75 - [STDERR_REDIRECT] 
2025-01-31 17:55:07,252 [ERROR] LogOutputStream:75 - [STDERR_REDIRECT] [Fatal Error] :1:1: Premature end of file.
2025-01-31 17:55:07,252 [ERROR] LogOutputStream:75 - [STDERR_REDIRECT] 
2025-01-31 17:55:08,244 [ERROR] LogOutputStream:75 - [STDERR_REDIRECT] [Fatal Error] :1:1: Premature end of file.
2025-01-31 17:55:08,244 [ERROR] LogOutputStream:75 - [STDERR_REDIRECT] 
2025-01-31 17:55:09,247 [ERROR] LogOutputStream:75 - [STDERR_REDIRECT] [Fatal Error] :1:1: Premature end of file.
2025-01-31 17:55:09,247 [ERROR] LogOutputStream:75 - [STDERR_REDIRECT] 
2025-01-31 17:55:10,254 [ERROR] LogOutputStream:75 - [STDERR_REDIRECT] [Fatal Error] :1:1: Premature end of file.
2025-01-31 17:55:10,254 [ERROR] LogOutputStream:75 - [STDERR_REDIRECT] 
2025-01-31 17:55:11,245 [ERROR] LogOutputStream:75 - [STDERR_REDIRECT] [Fatal Error] :1:1: Premature end of file.
2025-01-31 17:55:11,245 [ERROR] LogOutputStream:75 - [STDERR_REDIRECT] 
2025-01-31 17:55:12,251 [ERROR] LogOutputStream:75 - [STDERR_REDIRECT] [Fatal Error] :1:1: Premature end of file.
2025-01-31 17:55:12,251 [ERROR] LogOutputStream:75 - [STDERR_REDIRECT] 
2025-01-31 17:55:13,254 [ERROR] LogOutputStream:75 - [STDERR_REDIRECT] [Fatal Error] :1:1: Premature end of file.
2025-01-31 17:55:13,254 [ERROR] LogOutputStream:75 - [STDERR_REDIRECT] 
2025-01-31 17:55:14,244 [ERROR] LogOutputStream:75 - [STDERR_REDIRECT] [Fatal Error] :1:1: Premature end of file.
2025-01-31 17:55:14,244 [ERROR] LogOutputStream:75 - [STDERR_REDIRECT] 
2025-01-31 17:55:15,244 [ERROR] LogOutputStream:75 - [STDERR_REDIRECT] [Fatal Error] :1:1: Premature end of file.
2025-01-31 17:55:15,244 [ERROR] LogOutputStream:75 - [STDERR_REDIRECT] 
2025-01-31 17:55:16,249 [ERROR] LogOutputStream:75 - [STDERR_REDIRECT] [Fatal Error] :1:1: Premature end of file.
2025-01-31 17:55:16,249 [ERROR] LogOutputStream:75 - [STDERR_REDIRECT] 
2025-01-31 17:55:17,245 [ERROR] LogOutputStream:75 - [STDERR_REDIRECT] [Fatal Error] :1:1: Premature end of file.
2025-01-31 17:55:17,245 [ERROR] LogOutputStream:75 - [STDERR_REDIRECT] 
2025-01-31 17:55:18,253 [ERROR] LogOutputStream:75 - [STDERR_REDIRECT] [Fatal Error] :1:1: Premature end of file.
2025-01-31 17:55:18,253 [ERROR] LogOutputStream:75 - [STDERR_REDIRECT] 
2025-01-31 17:55:19,243 [ERROR] LogOutputStream:75 - [STDERR_REDIRECT] [Fatal Error] :1:1: Premature end of file.
2025-01-31 17:55:19,243 [ERROR] LogOutputStream:75 - [STDERR_REDIRECT] 
2025-01-31 17:55:20,240 [ERROR] LogOutputStream:75 - [STDERR_REDIRECT] [Fatal Error] :1:1: Premature end of file.
2025-01-31 17:55:20,240 [ERROR] LogOutputStream:75 - [STDERR_REDIRECT] 
2025-01-31 17:55:21,251 [ERROR] LogOutputStream:75 - [STDERR_REDIRECT] [Fatal Error] :1:1: Premature end of file.
2025-01-31 17:55:21,251 [ERROR] LogOutputStream:75 - [STDERR_REDIRECT] 
2025-01-31 17:55:22,246 [ERROR] LogOutputStream:75 - [STDERR_REDIRECT] [Fatal Error] :1:1: Premature end of file.
2025-01-31 17:55:22,246 [ERROR] LogOutputStream:75 - [STDERR_REDIRECT] 
2025-01-31 17:55:23,245 [ERROR] LogOutputStream:75 - [STDERR_REDIRECT] [Fatal Error] :1:1: Premature end of file.
2025-01-31 17:55:23,245 [ERROR] LogOutputStream:75 - [STDERR_REDIRECT] 
2025-01-31 17:55:24,243 [ERROR] LogOutputStream:75 - [STDERR_REDIRECT] [Fatal Error] :1:1: Premature end of file.
2025-01-31 17:55:24,243 [ERROR] LogOutputStream:75 - [STDERR_REDIRECT] 
2025-01-31 17:55:25,241 [ERROR] LogOutputStream:75 - [STDERR_REDIRECT] [Fatal Error] :1:1: Premature end of file.
2025-01-31 17:55:25,241 [ERROR] LogOutputStream:75 - [STDERR_REDIRECT] 
2025-01-31 17:55:26,256 [ERROR] LogOutputStream:75 - [STDERR_REDIRECT] [Fatal Error] :1:1: Premature end of file.
2025-01-31 17:55:26,256 [ERROR] LogOutputStream:75 - [STDERR_REDIRECT] 
2025-01-31 17:55:27,242 [ERROR] LogOutputStream:75 - [STDERR_REDIRECT] [Fatal Error] :1:1: Premature end of file.
2025-01-31 17:55:27,242 [ERROR] LogOutputStream:75 - [STDERR_REDIRECT] 
2025-01-31 17:55:28,243 [ERROR] LogOutputStream:75 - [STDERR_REDIRECT] [Fatal Error] :1:1: Premature end of file.
2025-01-31 17:55:28,243 [ERROR] LogOutputStream:75 - [STDERR_REDIRECT] 
2025-01-31 17:55:29,250 [ERROR] LogOutputStream:75 - [STDERR_REDIRECT] [Fatal Error] :1:1: Premature end of file.
2025-01-31 17:55:29,252 [ERROR] LogOutputStream:75 - [STDERR_REDIRECT] 
2025-01-31 17:55:30,249 [ERROR] LogOutputStream:75 - [STDERR_REDIRECT] [Fatal Error] :1:1: Premature end of file.
2025-01-31 17:55:30,249 [ERROR] LogOutputStream:75 - [STDERR_REDIRECT] 
2025-01-31 17:55:31,252 [ERROR] LogOutputStream:75 - [STDERR_REDIRECT] [Fatal Error] :1:1: Premature end of file.
2025-01-31 17:55:31,252 [ERROR] LogOutputStream:75 - [STDERR_REDIRECT] 
2025-01-31 17:55:32,249 [ERROR] LogOutputStream:75 - [STDERR_REDIRECT] [Fatal Error] :1:1: Premature end of file.
2025-01-31 17:55:32,249 [ERROR] LogOutputStream:75 - [STDERR_REDIRECT] 
2025-01-31 17:55:33,258 [ERROR] LogOutputStream:75 - [STDERR_REDIRECT] [Fatal Error] :1:1: Premature end of file.
2025-01-31 17:55:33,258 [ERROR] LogOutputStream:75 - [STDERR_REDIRECT] 
2025-01-31 17:55:34,248 [ERROR] LogOutputStream:75 - [STDERR_REDIRECT] [Fatal Error] :1:1: Premature end of file.
2025-01-31 17:55:34,248 [ERROR] LogOutputStream:75 - [STDERR_REDIRECT] 
2025-01-31 17:55:35,253 [ERROR] LogOutputStream:75 - [STDERR_REDIRECT] [Fatal Error] :1:1: Premature end of file.
2025-01-31 17:55:35,253 [ERROR] LogOutputStream:75 - [STDERR_REDIRECT] 
2025-01-31 17:55:36,257 [ERROR] LogOutputStream:75 - [STDERR_REDIRECT] [Fatal Error] :1:1: Premature end of file.
2025-01-31 17:55:36,257 [ERROR] LogOutputStream:75 - [STDERR_REDIRECT] 
2025-01-31 17:55:37,245 [ERROR] LogOutputStream:75 - [STDERR_REDIRECT] [Fatal Error] :1:1: Premature end of file.
2025-01-31 17:55:37,245 [ERROR] LogOutputStream:75 - [STDERR_REDIRECT] 
2025-01-31 17:55:38,252 [ERROR] LogOutputStream:75 - [STDERR_REDIRECT] [Fatal Error] :1:1: Premature end of file.
2025-01-31 17:55:38,252 [ERROR] LogOutputStream:75 - [STDERR_REDIRECT] 
2025-01-31 17:55:39,255 [ERROR] LogOutputStream:75 - [STDERR_REDIRECT] [Fatal Error] :1:1: Premature end of file.
2025-01-31 17:55:39,255 [ERROR] LogOutputStream:75 - [STDERR_REDIRECT] 
2025-01-31 17:55:40,244 [ERROR] LogOutputStream:75 - [STDERR_REDIRECT] [Fatal Error] :1:1: Premature end of file.
2025-01-31 17:55:40,244 [ERROR] LogOutputStream:75 - [STDERR_REDIRECT] 
2025-01-31 17:55:41,242 [ERROR] LogOutputStream:75 - [STDERR_REDIRECT] [Fatal Error] :1:1: Premature end of file.
2025-01-31 17:55:41,242 [ERROR] LogOutputStream:75 - [STDERR_REDIRECT] 
2025-01-31 17:55:42,261 [ERROR] LogOutputStream:75 - [STDERR_REDIRECT] [Fatal Error] :1:1: Premature end of file.
2025-01-31 17:55:42,261 [ERROR] LogOutputStream:75 - [STDERR_REDIRECT] 
2025-01-31 17:55:43,241 [ERROR] LogOutputStream:75 - [STDERR_REDIRECT] [Fatal Error] :1:1: Premature end of file.
2025-01-31 17:55:43,243 [ERROR] LogOutputStream:75 - [STDERR_REDIRECT] 
2025-01-31 17:55:44,247 [ERROR] LogOutputStream:75 - [STDERR_REDIRECT] [Fatal Error] :1:1: Premature end of file.
2025-01-31 17:55:44,249 [ERROR] LogOutputStream:75 - [STDERR_REDIRECT] 
2025-01-31 17:55:45,245 [ERROR] LogOutputStream:75 - [STDERR_REDIRECT] [Fatal Error] :1:1: Premature end of file.
2025-01-31 17:55:45,245 [ERROR] LogOutputStream:75 - [STDERR_REDIRECT] 
2025-01-31 17:55:46,243 [ERROR] LogOutputStream:75 - [STDERR_REDIRECT] [Fatal Error] :1:1: Premature end of file.
2025-01-31 17:55:46,243 [ERROR] LogOutputStream:75 - [STDERR_REDIRECT] 
2025-01-31 17:55:47,243 [ERROR] LogOutputStream:75 - [STDERR_REDIRECT] [Fatal Error] :1:1: Premature end of file.
2025-01-31 17:55:47,243 [ERROR] LogOutputStream:75 - [STDERR_REDIRECT] 
2025-01-31 17:55:48,243 [ERROR] LogOutputStream:75 - [STDERR_REDIRECT] [Fatal Error] :1:1: Premature end of file.
2025-01-31 17:55:48,243 [ERROR] LogOutputStream:75 - [STDERR_REDIRECT] 
2025-01-31 17:55:49,255 [ERROR] LogOutputStream:75 - [STDERR_REDIRECT] [Fatal Error] :1:1: Premature end of file.
2025-01-31 17:55:49,255 [ERROR] LogOutputStream:75 - [STDERR_REDIRECT] 
2025-01-31 17:55:50,257 [ERROR] LogOutputStream:75 - [STDERR_REDIRECT] [Fatal Error] :1:1: Premature end of file.
2025-01-31 17:55:50,257 [ERROR] LogOutputStream:75 - [STDERR_REDIRECT] 
2025-01-31 17:55:51,247 [ERROR] LogOutputStream:75 - [STDERR_REDIRECT] [Fatal Error] :1:1: Premature end of file.
2025-01-31 17:55:51,247 [ERROR] LogOutputStream:75 - [STDERR_REDIRECT] 
2025-01-31 17:55:52,254 [ERROR] LogOutputStream:75 - [STDERR_REDIRECT] [Fatal Error] :1:1: Premature end of file.
2025-01-31 17:55:52,254 [ERROR] LogOutputStream:75 - [STDERR_REDIRECT] 
2025-01-31 17:55:53,239 [ERROR] LogOutputStream:75 - [STDERR_REDIRECT] [Fatal Error] :1:1: Premature end of file.
2025-01-31 17:55:53,239 [ERROR] LogOutputStream:75 - [STDERR_REDIRECT] 
2025-01-31 17:55:54,254 [ERROR] LogOutputStream:75 - [STDERR_REDIRECT] [Fatal Error] :1:1: Premature end of file.
2025-01-31 17:55:54,254 [ERROR] LogOutputStream:75 - [STDERR_REDIRECT] 
2025-01-31 17:55:55,256 [ERROR] LogOutputStream:75 - [STDERR_REDIRECT] [Fatal Error] :1:1: Premature end of file.
2025-01-31 17:55:55,256 [ERROR] LogOutputStream:75 - [STDERR_REDIRECT] 
2025-01-31 17:55:56,254 [ERROR] LogOutputStream:75 - [STDERR_REDIRECT] [Fatal Error] :1:1: Premature end of file.
2025-01-31 17:55:56,254 [ERROR] LogOutputStream:75 - [STDERR_REDIRECT] 
2025-01-31 17:55:57,264 [ERROR] LogOutputStream:75 - [STDERR_REDIRECT] [Fatal Error] :1:1: Premature end of file.
2025-01-31 17:55:57,264 [ERROR] LogOutputStream:75 - [STDERR_REDIRECT] 
2025-01-31 17:55:58,242 [ERROR] LogOutputStream:75 - [STDERR_REDIRECT] [Fatal Error] :1:1: Premature end of file.
2025-01-31 17:55:58,242 [ERROR] LogOutputStream:75 - [STDERR_REDIRECT] 
2025-01-31 17:55:59,246 [ERROR] LogOutputStream:75 - [STDERR_REDIRECT] [Fatal Error] :1:1: Premature end of file.
2025-01-31 17:55:59,247 [ERROR] LogOutputStream:75 - [STDERR_REDIRECT] 
2025-01-31 17:56:00,257 [ERROR] LogOutputStream:75 - [STDERR_REDIRECT] [Fatal Error] :1:1: Premature end of file.
2025-01-31 17:56:00,257 [ERROR] LogOutputStream:75 - [STDERR_REDIRECT] 
2025-01-31 17:56:01,243 [ERROR] LogOutputStream:75 - [STDERR_REDIRECT] [Fatal Error] :1:1: Premature end of file.
2025-01-31 17:56:01,243 [ERROR] LogOutputStream:75 - [STDERR_REDIRECT] 
2025-01-31 17:56:02,244 [ERROR] LogOutputStream:75 - [STDERR_REDIRECT] [Fatal Error] :1:1: Premature end of file.
2025-01-31 17:56:02,244 [ERROR] LogOutputStream:75 - [STDERR_REDIRECT] 
2025-01-31 17:56:03,261 [ERROR] LogOutputStream:75 - [STDERR_REDIRECT] [Fatal Error] :1:1: Premature end of file.
2025-01-31 17:56:03,261 [ERROR] LogOutputStream:75 - [STDERR_REDIRECT] 
2025-01-31 17:56:04,264 [ERROR] LogOutputStream:75 - [STDERR_REDIRECT] [Fatal Error] :1:1: Premature end of file.
2025-01-31 17:56:04,264 [ERROR] LogOutputStream:75 - [STDERR_REDIRECT] 
2025-01-31 17:56:05,256 [ERROR] LogOutputStream:75 - [STDERR_REDIRECT] [Fatal Error] :1:1: Premature end of file.
2025-01-31 17:56:05,256 [ERROR] LogOutputStream:75 - [STDERR_REDIRECT] 
2025-01-31 17:56:06,255 [ERROR] LogOutputStream:75 - [STDERR_REDIRECT] [Fatal Error] :1:1: Premature end of file.
2025-01-31 17:56:06,255 [ERROR] LogOutputStream:75 - [STDERR_REDIRECT] 
2025-01-31 17:56:07,246 [ERROR] LogOutputStream:75 - [STDERR_REDIRECT] [Fatal Error] :1:1: Premature end of file.
2025-01-31 17:56:07,246 [ERROR] LogOutputStream:75 - [STDERR_REDIRECT] 
2025-01-31 17:56:08,245 [ERROR] LogOutputStream:75 - [STDERR_REDIRECT] [Fatal Error] :1:1: Premature end of file.
2025-01-31 17:56:08,246 [ERROR] LogOutputStream:75 - [STDERR_REDIRECT] 
2025-01-31 17:56:09,243 [ERROR] LogOutputStream:75 - [STDERR_REDIRECT] [Fatal Error] :1:1: Premature end of file.
2025-01-31 17:56:09,244 [ERROR] LogOutputStream:75 - [STDERR_REDIRECT] 
2025-01-31 17:56:10,245 [ERROR] LogOutputStream:75 - [STDERR_REDIRECT] [Fatal Error] :1:1: Premature end of file.
2025-01-31 17:56:10,245 [ERROR] LogOutputStream:75 - [STDERR_REDIRECT] 
2025-01-31 17:56:11,249 [ERROR] LogOutputStream:75 - [STDERR_REDIRECT] [Fatal Error] :1:1: Premature end of file.
2025-01-31 17:56:11,249 [ERROR] LogOutputStream:75 - [STDERR_REDIRECT] 
2025-01-31 17:56:12,248 [ERROR] LogOutputStream:75 - [STDERR_REDIRECT] [Fatal Error] :1:1: Premature end of file.
2025-01-31 17:56:12,248 [ERROR] LogOutputStream:75 - [STDERR_REDIRECT] 
2025-01-31 17:56:13,248 [ERROR] LogOutputStream:75 - [STDERR_REDIRECT] [Fatal Error] :1:1: Premature end of file.
2025-01-31 17:56:13,248 [ERROR] LogOutputStream:75 - [STDERR_REDIRECT] 
2025-01-31 17:56:14,243 [ERROR] LogOutputStream:75 - [STDERR_REDIRECT] [Fatal Error] :1:1: Premature end of file.
2025-01-31 17:56:14,243 [ERROR] LogOutputStream:75 - [STDERR_REDIRECT] 
2025-01-31 17:56:15,257 [ERROR] LogOutputStream:75 - [STDERR_REDIRECT] [Fatal Error] :1:1: Premature end of file.
2025-01-31 17:56:15,257 [ERROR] LogOutputStream:75 - [STDERR_REDIRECT] 
2025-01-31 17:56:16,252 [ERROR] LogOutputStream:75 - [STDERR_REDIRECT] [Fatal Error] :1:1: Premature end of file.
2025-01-31 17:56:16,252 [ERROR] LogOutputStream:75 - [STDERR_REDIRECT] 
2025-01-31 17:56:17,257 [ERROR] LogOutputStream:75 - [STDERR_REDIRECT] [Fatal Error] :1:1: Premature end of file.
2025-01-31 17:56:17,257 [ERROR] LogOutputStream:75 - [STDERR_REDIRECT] 
2025-01-31 17:56:18,243 [ERROR] LogOutputStream:75 - [STDERR_REDIRECT] [Fatal Error] :1:1: Premature end of file.
2025-01-31 17:56:18,243 [ERROR] LogOutputStream:75 - [STDERR_REDIRECT] 
2025-01-31 17:56:19,242 [ERROR] LogOutputStream:75 - [STDERR_REDIRECT] [Fatal Error] :1:1: Premature end of file.
2025-01-31 17:56:19,244 [ERROR] LogOutputStream:75 - [STDERR_REDIRECT] 
2025-01-31 17:56:20,257 [ERROR] LogOutputStream:75 - [STDERR_REDIRECT] [Fatal Error] :1:1: Premature end of file.
2025-01-31 17:56:20,257 [ERROR] LogOutputStream:75 - [STDERR_REDIRECT] 
2025-01-31 17:56:21,243 [ERROR] LogOutputStream:75 - [STDERR_REDIRECT] [Fatal Error] :1:1: Premature end of file.
2025-01-31 17:56:21,243 [ERROR] LogOutputStream:75 - [STDERR_REDIRECT] 
2025-01-31 17:56:22,239 [ERROR] LogOutputStream:75 - [STDERR_REDIRECT] [Fatal Error] :1:1: Premature end of file.
2025-01-31 17:56:22,239 [ERROR] LogOutputStream:75 - [STDERR_REDIRECT] 
2025-01-31 17:56:23,239 [ERROR] LogOutputStream:75 - [STDERR_REDIRECT] [Fatal Error] :1:1: Premature end of file.
2025-01-31 17:56:23,239 [ERROR] LogOutputStream:75 - [STDERR_REDIRECT] 
2025-01-31 17:56:24,252 [ERROR] LogOutputStream:75 - [STDERR_REDIRECT] [Fatal Error] :1:1: Premature end of file.
2025-01-31 17:56:24,252 [ERROR] LogOutputStream:75 - [STDERR_REDIRECT] 
2025-01-31 17:56:25,270 [ERROR] LogOutputStream:75 - [STDERR_REDIRECT] [Fatal Error] :1:1: Premature end of file.
2025-01-31 17:56:25,270 [ERROR] LogOutputStream:75 - [STDERR_REDIRECT] 
2025-01-31 17:56:26,265 [ERROR] LogOutputStream:75 - [STDERR_REDIRECT] [Fatal Error] :1:1: Premature end of file.
2025-01-31 17:56:26,265 [ERROR] LogOutputStream:75 - [STDERR_REDIRECT] 
2025-01-31 17:56:27,253 [ERROR] LogOutputStream:75 - [STDERR_REDIRECT] [Fatal Error] :1:1: Premature end of file.
2025-01-31 17:56:27,253 [ERROR] LogOutputStream:75 - [STDERR_REDIRECT] 
2025-01-31 17:56:28,263 [ERROR] LogOutputStream:75 - [STDERR_REDIRECT] [Fatal Error] :1:1: Premature end of file.
2025-01-31 17:56:28,263 [ERROR] LogOutputStream:75 - [STDERR_REDIRECT] 
2025-01-31 17:56:29,257 [ERROR] LogOutputStream:75 - [STDERR_REDIRECT] [Fatal Error] :1:1: Premature end of file.
2025-01-31 17:56:29,257 [ERROR] LogOutputStream:75 - [STDERR_REDIRECT] 
2025-01-31 17:56:30,242 [ERROR] LogOutputStream:75 - [STDERR_REDIRECT] [Fatal Error] :1:1: Premature end of file.
2025-01-31 17:56:30,242 [ERROR] LogOutputStream:75 - [STDERR_REDIRECT] 
2025-01-31 17:56:31,273 [ERROR] LogOutputStream:75 - [STDERR_REDIRECT] [Fatal Error] :1:1: Premature end of file.
2025-01-31 17:56:31,274 [ERROR] LogOutputStream:75 - [STDERR_REDIRECT] 
2025-01-31 17:56:32,258 [ERROR] LogOutputStream:75 - [STDERR_REDIRECT] [Fatal Error] :1:1: Premature end of file.
2025-01-31 17:56:32,258 [ERROR] LogOutputStream:75 - [STDERR_REDIRECT] 
2025-01-31 17:56:33,242 [ERROR] LogOutputStream:75 - [STDERR_REDIRECT] [Fatal Error] :1:1: Premature end of file.
2025-01-31 17:56:33,242 [ERROR] LogOutputStream:75 - [STDERR_REDIRECT] 
2025-01-31 17:56:34,245 [ERROR] LogOutputStream:75 - [STDERR_REDIRECT] [Fatal Error] :1:1: Premature end of file.
2025-01-31 17:56:34,245 [ERROR] LogOutputStream:75 - [STDERR_REDIRECT] 
2025-01-31 17:56:35,242 [ERROR] LogOutputStream:75 - [STDERR_REDIRECT] [Fatal Error] :1:1: Premature end of file.
2025-01-31 17:56:35,242 [ERROR] LogOutputStream:75 - [STDERR_REDIRECT] 
2025-01-31 17:56:36,247 [ERROR] LogOutputStream:75 - [STDERR_REDIRECT] [Fatal Error] :1:1: Premature end of file.
2025-01-31 17:56:36,247 [ERROR] LogOutputStream:75 - [STDERR_REDIRECT] 
2025-01-31 17:56:37,243 [ERROR] LogOutputStream:75 - [STDERR_REDIRECT] [Fatal Error] :1:1: Premature end of file.
2025-01-31 17:56:37,243 [ERROR] LogOutputStream:75 - [STDERR_REDIRECT] 
2025-01-31 17:56:38,243 [ERROR] LogOutputStream:75 - [STDERR_REDIRECT] [Fatal Error] :1:1: Premature end of file.
2025-01-31 17:56:38,243 [ERROR] LogOutputStream:75 - [STDERR_REDIRECT] 
2025-01-31 17:56:39,245 [ERROR] LogOutputStream:75 - [STDERR_REDIRECT] [Fatal Error] :1:1: Premature end of file.
2025-01-31 17:56:39,245 [ERROR] LogOutputStream:75 - [STDERR_REDIRECT] 
2025-01-31 17:56:40,251 [ERROR] LogOutputStream:75 - [STDERR_REDIRECT] [Fatal Error] :1:1: Premature end of file.
2025-01-31 17:56:40,251 [ERROR] LogOutputStream:75 - [STDERR_REDIRECT] 
2025-01-31 17:56:41,246 [ERROR] LogOutputStream:75 - [STDERR_REDIRECT] [Fatal Error] :1:1: Premature end of file.
2025-01-31 17:56:41,246 [ERROR] LogOutputStream:75 - [STDERR_REDIRECT] 
2025-01-31 17:56:42,247 [ERROR] LogOutputStream:75 - [STDERR_REDIRECT] [Fatal Error] :1:1: Premature end of file.
2025-01-31 17:56:42,247 [ERROR] LogOutputStream:75 - [STDERR_REDIRECT] 
2025-01-31 17:56:43,256 [ERROR] LogOutputStream:75 - [STDERR_REDIRECT] [Fatal Error] :1:1: Premature end of file.
2025-01-31 17:56:43,256 [ERROR] LogOutputStream:75 - [STDERR_REDIRECT] 
2025-01-31 17:56:44,243 [ERROR] LogOutputStream:75 - [STDERR_REDIRECT] [Fatal Error] :1:1: Premature end of file.
2025-01-31 17:56:44,243 [ERROR] LogOutputStream:75 - [STDERR_REDIRECT] 
2025-01-31 17:56:45,242 [ERROR] LogOutputStream:75 - [STDERR_REDIRECT] [Fatal Error] :1:1: Premature end of file.
2025-01-31 17:56:45,242 [ERROR] LogOutputStream:75 - [STDERR_REDIRECT] 
2025-01-31 17:56:46,251 [ERROR] LogOutputStream:75 - [STDERR_REDIRECT] [Fatal Error] :1:1: Premature end of file.
2025-01-31 17:56:46,251 [ERROR] LogOutputStream:75 - [STDERR_REDIRECT] 
2025-01-31 17:56:47,259 [ERROR] LogOutputStream:75 - [STDERR_REDIRECT] [Fatal Error] :1:1: Premature end of file.
2025-01-31 17:56:47,259 [ERROR] LogOutputStream:75 - [STDERR_REDIRECT] 
2025-01-31 17:56:48,237 [ERROR] LogOutputStream:75 - [STDERR_REDIRECT] [Fatal Error] :1:1: Premature end of file.
2025-01-31 17:56:48,237 [ERROR] LogOutputStream:75 - [STDERR_REDIRECT] 
2025-01-31 17:56:49,245 [ERROR] LogOutputStream:75 - [STDERR_REDIRECT] [Fatal Error] :1:1: Premature end of file.
2025-01-31 17:56:49,245 [ERROR] LogOutputStream:75 - [STDERR_REDIRECT] 
2025-01-31 17:56:50,260 [ERROR] LogOutputStream:75 - [STDERR_REDIRECT] [Fatal Error] :1:1: Premature end of file.
2025-01-31 17:56:50,260 [ERROR] LogOutputStream:75 - [STDERR_REDIRECT] 
2025-01-31 17:56:51,248 [ERROR] LogOutputStream:75 - [STDERR_REDIRECT] [Fatal Error] :1:1: Premature end of file.
2025-01-31 17:56:51,248 [ERROR] LogOutputStream:75 - [STDERR_REDIRECT] 
2025-01-31 17:56:52,243 [ERROR] LogOutputStream:75 - [STDERR_REDIRECT] [Fatal Error] :1:1: Premature end of file.
2025-01-31 17:56:52,244 [ERROR] LogOutputStream:75 - [STDERR_REDIRECT] 
2025-01-31 17:56:53,243 [ERROR] LogOutputStream:75 - [STDERR_REDIRECT] [Fatal Error] :1:1: Premature end of file.
2025-01-31 17:56:53,243 [ERROR] LogOutputStream:75 - [STDERR_REDIRECT] 
2025-01-31 17:56:54,241 [ERROR] LogOutputStream:75 - [STDERR_REDIRECT] [Fatal Error] :1:1: Premature end of file.
2025-01-31 17:56:54,241 [ERROR] LogOutputStream:75 - [STDERR_REDIRECT] 
2025-01-31 17:56:55,246 [ERROR] LogOutputStream:75 - [STDERR_REDIRECT] [Fatal Error] :1:1: Premature end of file.
2025-01-31 17:56:55,246 [ERROR] LogOutputStream:75 - [STDERR_REDIRECT] 
2025-01-31 17:56:56,244 [ERROR] LogOutputStream:75 - [STDERR_REDIRECT] [Fatal Error] :1:1: Premature end of file.
2025-01-31 17:56:56,244 [ERROR] LogOutputStream:75 - [STDERR_REDIRECT] 
2025-01-31 17:56:57,242 [ERROR] LogOutputStream:75 - [STDERR_REDIRECT] [Fatal Error] :1:1: Premature end of file.
2025-01-31 17:56:57,242 [ERROR] LogOutputStream:75 - [STDERR_REDIRECT] 
2025-01-31 17:56:58,250 [ERROR] LogOutputStream:75 - [STDERR_REDIRECT] [Fatal Error] :1:1: Premature end of file.
2025-01-31 17:56:58,250 [ERROR] LogOutputStream:75 - [STDERR_REDIRECT] 
2025-01-31 17:56:59,260 [ERROR] LogOutputStream:75 - [STDERR_REDIRECT] [Fatal Error] :1:1: Premature end of file.
2025-01-31 17:56:59,260 [ERROR] LogOutputStream:75 - [STDERR_REDIRECT] 
2025-01-31 17:57:00,250 [ERROR] LogOutputStream:75 - [STDERR_REDIRECT] [Fatal Error] :1:1: Premature end of file.
2025-01-31 17:57:00,250 [ERROR] LogOutputStream:75 - [STDERR_REDIRECT] 
2025-01-31 17:57:01,249 [ERROR] LogOutputStream:75 - [STDERR_REDIRECT] [Fatal Error] :1:1: Premature end of file.
2025-01-31 17:57:01,249 [ERROR] LogOutputStream:75 - [STDERR_REDIRECT] 
2025-01-31 17:57:02,243 [ERROR] LogOutputStream:75 - [STDERR_REDIRECT] [Fatal Error] :1:1: Premature end of file.
2025-01-31 17:57:02,243 [ERROR] LogOutputStream:75 - [STDERR_REDIRECT] 
2025-01-31 17:57:03,248 [ERROR] LogOutputStream:75 - [STDERR_REDIRECT] [Fatal Error] :1:1: Premature end of file.
2025-01-31 17:57:03,248 [ERROR] LogOutputStream:75 - [STDERR_REDIRECT] 
2025-01-31 17:57:04,240 [ERROR] LogOutputStream:75 - [STDERR_REDIRECT] [Fatal Error] :1:1: Premature end of file.
2025-01-31 17:57:04,240 [ERROR] LogOutputStream:75 - [STDERR_REDIRECT] 
2025-01-31 17:57:05,265 [ERROR] LogOutputStream:75 - [STDERR_REDIRECT] [Fatal Error] :1:1: Premature end of file.
2025-01-31 17:57:05,265 [ERROR] LogOutputStream:75 - [STDERR_REDIRECT] 
2025-01-31 17:57:06,255 [ERROR] LogOutputStream:75 - [STDERR_REDIRECT] [Fatal Error] :1:1: Premature end of file.
2025-01-31 17:57:06,255 [ERROR] LogOutputStream:75 - [STDERR_REDIRECT] 
2025-01-31 17:57:07,255 [ERROR] LogOutputStream:75 - [STDERR_REDIRECT] [Fatal Error] :1:1: Premature end of file.
2025-01-31 17:57:07,255 [ERROR] LogOutputStream:75 - [STDERR_REDIRECT] 
2025-01-31 17:57:08,249 [ERROR] LogOutputStream:75 - [STDERR_REDIRECT] [Fatal Error] :1:1: Premature end of file.
2025-01-31 17:57:08,250 [ERROR] LogOutputStream:75 - [STDERR_REDIRECT] 
2025-01-31 17:57:09,246 [ERROR] LogOutputStream:75 - [STDERR_REDIRECT] [Fatal Error] :1:1: Premature end of file.
2025-01-31 17:57:09,246 [ERROR] LogOutputStream:75 - [STDERR_REDIRECT] 
2025-01-31 17:57:10,258 [ERROR] LogOutputStream:75 - [STDERR_REDIRECT] [Fatal Error] :1:1: Premature end of file.
2025-01-31 17:57:10,258 [ERROR] LogOutputStream:75 - [STDERR_REDIRECT] 
2025-01-31 17:57:11,242 [ERROR] LogOutputStream:75 - [STDERR_REDIRECT] [Fatal Error] :1:1: Premature end of file.
2025-01-31 17:57:11,242 [ERROR] LogOutputStream:75 - [STDERR_REDIRECT] 
2025-01-31 17:57:12,252 [ERROR] LogOutputStream:75 - [STDERR_REDIRECT] [Fatal Error] :1:1: Premature end of file.
2025-01-31 17:57:12,252 [ERROR] LogOutputStream:75 - [STDERR_REDIRECT] 
2025-01-31 17:57:13,240 [ERROR] LogOutputStream:75 - [STDERR_REDIRECT] [Fatal Error] :1:1: Premature end of file.
2025-01-31 17:57:13,240 [ERROR] LogOutputStream:75 - [STDERR_REDIRECT] 
2025-01-31 17:57:14,245 [ERROR] LogOutputStream:75 - [STDERR_REDIRECT] [Fatal Error] :1:1: Premature end of file.
2025-01-31 17:57:14,245 [ERROR] LogOutputStream:75 - [STDERR_REDIRECT] 
2025-01-31 17:57:15,240 [ERROR] LogOutputStream:75 - [STDERR_REDIRECT] [Fatal Error] :1:1: Premature end of file.
2025-01-31 17:57:15,240 [ERROR] LogOutputStream:75 - [STDERR_REDIRECT] 
2025-01-31 17:57:16,240 [ERROR] LogOutputStream:75 - [STDERR_REDIRECT] [Fatal Error] :1:1: Premature end of file.
2025-01-31 17:57:16,240 [ERROR] LogOutputStream:75 - [STDERR_REDIRECT] 
2025-01-31 17:57:17,244 [ERROR] LogOutputStream:75 - [STDERR_REDIRECT] [Fatal Error] :1:1: Premature end of file.
2025-01-31 17:57:17,244 [ERROR] LogOutputStream:75 - [STDERR_REDIRECT] 
2025-01-31 17:57:18,249 [ERROR] LogOutputStream:75 - [STDERR_REDIRECT] [Fatal Error] :1:1: Premature end of file.
2025-01-31 17:57:18,249 [ERROR] LogOutputStream:75 - [STDERR_REDIRECT] 
2025-01-31 17:57:19,251 [ERROR] LogOutputStream:75 - [STDERR_REDIRECT] [Fatal Error] :1:1: Premature end of file.
2025-01-31 17:57:19,251 [ERROR] LogOutputStream:75 - [STDERR_REDIRECT] 
2025-01-31 17:57:20,258 [ERROR] LogOutputStream:75 - [STDERR_REDIRECT] [Fatal Error] :1:1: Premature end of file.
2025-01-31 17:57:20,258 [ERROR] LogOutputStream:75 - [STDERR_REDIRECT] 
2025-01-31 17:57:21,242 [ERROR] LogOutputStream:75 - [STDERR_REDIRECT] [Fatal Error] :1:1: Premature end of file.
2025-01-31 17:57:21,242 [ERROR] LogOutputStream:75 - [STDERR_REDIRECT] 
2025-01-31 17:57:22,266 [ERROR] LogOutputStream:75 - [STDERR_REDIRECT] [Fatal Error] :1:1: Premature end of file.
2025-01-31 17:57:22,266 [ERROR] LogOutputStream:75 - [STDERR_REDIRECT] 
2025-01-31 17:57:23,242 [ERROR] LogOutputStream:75 - [STDERR_REDIRECT] [Fatal Error] :1:1: Premature end of file.
2025-01-31 17:57:23,242 [ERROR] LogOutputStream:75 - [STDERR_REDIRECT] 
2025-01-31 17:57:24,242 [ERROR] LogOutputStream:75 - [STDERR_REDIRECT] [Fatal Error] :1:1: Premature end of file.
2025-01-31 17:57:24,242 [ERROR] LogOutputStream:75 - [STDERR_REDIRECT] 
2025-01-31 17:57:25,244 [ERROR] LogOutputStream:75 - [STDERR_REDIRECT] [Fatal Error] :1:1: Premature end of file.
2025-01-31 17:57:25,244 [ERROR] LogOutputStream:75 - [STDERR_REDIRECT] 
2025-01-31 17:57:26,244 [ERROR] LogOutputStream:75 - [STDERR_REDIRECT] [Fatal Error] :1:1: Premature end of file.
2025-01-31 17:57:26,244 [ERROR] LogOutputStream:75 - [STDERR_REDIRECT] 
2025-01-31 17:57:27,240 [ERROR] LogOutputStream:75 - [STDERR_REDIRECT] [Fatal Error] :1:1: Premature end of file.
2025-01-31 17:57:27,240 [ERROR] LogOutputStream:75 - [STDERR_REDIRECT] 
2025-01-31 17:57:28,249 [ERROR] LogOutputStream:75 - [STDERR_REDIRECT] [Fatal Error] :1:1: Premature end of file.
2025-01-31 17:57:28,249 [ERROR] LogOutputStream:75 - [STDERR_REDIRECT] 
2025-01-31 17:57:29,243 [ERROR] LogOutputStream:75 - [STDERR_REDIRECT] [Fatal Error] :1:1: Premature end of file.
2025-01-31 17:57:29,243 [ERROR] LogOutputStream:75 - [STDERR_REDIRECT] 
2025-01-31 17:57:30,241 [ERROR] LogOutputStream:75 - [STDERR_REDIRECT] [Fatal Error] :1:1: Premature end of file.
2025-01-31 17:57:30,241 [ERROR] LogOutputStream:75 - [STDERR_REDIRECT] 
2025-01-31 17:57:31,239 [ERROR] LogOutputStream:75 - [STDERR_REDIRECT] [Fatal Error] :1:1: Premature end of file.
2025-01-31 17:57:31,239 [ERROR] LogOutputStream:75 - [STDERR_REDIRECT] 
2025-01-31 17:57:32,282 [ERROR] LogOutputStream:75 - [STDERR_REDIRECT] [Fatal Error] :1:1: Premature end of file.
2025-01-31 17:57:32,282 [ERROR] LogOutputStream:75 - [STDERR_REDIRECT] 
2025-01-31 17:57:33,244 [ERROR] LogOutputStream:75 - [STDERR_REDIRECT] [Fatal Error] :1:1: Premature end of file.
2025-01-31 17:57:33,244 [ERROR] LogOutputStream:75 - [STDERR_REDIRECT] 
2025-01-31 17:57:34,246 [ERROR] LogOutputStream:75 - [STDERR_REDIRECT] [Fatal Error] :1:1: Premature end of file.
2025-01-31 17:57:34,246 [ERROR] LogOutputStream:75 - [STDERR_REDIRECT] 
2025-01-31 17:57:35,247 [ERROR] LogOutputStream:75 - [STDERR_REDIRECT] [Fatal Error] :1:1: Premature end of file.
2025-01-31 17:57:35,247 [ERROR] LogOutputStream:75 - [STDERR_REDIRECT] 
2025-01-31 17:57:36,268 [ERROR] LogOutputStream:75 - [STDERR_REDIRECT] [Fatal Error] :1:1: Premature end of file.
2025-01-31 17:57:36,268 [ERROR] LogOutputStream:75 - [STDERR_REDIRECT] 
2025-01-31 17:57:37,249 [ERROR] LogOutputStream:75 - [STDERR_REDIRECT] [Fatal Error] :1:1: Premature end of file.
2025-01-31 17:57:37,249 [ERROR] LogOutputStream:75 - [STDERR_REDIRECT] 
2025-01-31 17:57:38,255 [ERROR] LogOutputStream:75 - [STDERR_REDIRECT] [Fatal Error] :1:1: Premature end of file.
2025-01-31 17:57:38,255 [ERROR] LogOutputStream:75 - [STDERR_REDIRECT] 
2025-01-31 17:57:39,251 [ERROR] LogOutputStream:75 - [STDERR_REDIRECT] [Fatal Error] :1:1: Premature end of file.
2025-01-31 17:57:39,251 [ERROR] LogOutputStream:75 - [STDERR_REDIRECT] 
2025-01-31 17:57:40,245 [ERROR] LogOutputStream:75 - [STDERR_REDIRECT] [Fatal Error] :1:1: Premature end of file.
2025-01-31 17:57:40,247 [ERROR] LogOutputStream:75 - [STDERR_REDIRECT] 
2025-01-31 17:57:41,245 [ERROR] LogOutputStream:75 - [STDERR_REDIRECT] [Fatal Error] :1:1: Premature end of file.
2025-01-31 17:57:41,245 [ERROR] LogOutputStream:75 - [STDERR_REDIRECT] 
2025-01-31 17:57:42,243 [ERROR] LogOutputStream:75 - [STDERR_REDIRECT] [Fatal Error] :1:1: Premature end of file.
2025-01-31 17:57:42,243 [ERROR] LogOutputStream:75 - [STDERR_REDIRECT] 
2025-01-31 17:57:43,257 [ERROR] LogOutputStream:75 - [STDERR_REDIRECT] [Fatal Error] :1:1: Premature end of file.
2025-01-31 17:57:43,257 [ERROR] LogOutputStream:75 - [STDERR_REDIRECT] 
2025-01-31 17:57:44,251 [ERROR] LogOutputStream:75 - [STDERR_REDIRECT] [Fatal Error] :1:1: Premature end of file.
2025-01-31 17:57:44,251 [ERROR] LogOutputStream:75 - [STDERR_REDIRECT] 
2025-01-31 17:57:45,243 [ERROR] LogOutputStream:75 - [STDERR_REDIRECT] [Fatal Error] :1:1: Premature end of file.
2025-01-31 17:57:45,243 [ERROR] LogOutputStream:75 - [STDERR_REDIRECT] 
2025-01-31 17:57:46,242 [ERROR] LogOutputStream:75 - [STDERR_REDIRECT] [Fatal Error] :1:1: Premature end of file.
2025-01-31 17:57:46,242 [ERROR] LogOutputStream:75 - [STDERR_REDIRECT] 
2025-01-31 17:57:47,265 [ERROR] LogOutputStream:75 - [STDERR_REDIRECT] [Fatal Error] :1:1: Premature end of file.
2025-01-31 17:57:47,265 [ERROR] LogOutputStream:75 - [STDERR_REDIRECT] 
2025-01-31 17:57:48,244 [ERROR] LogOutputStream:75 - [STDERR_REDIRECT] [Fatal Error] :1:1: Premature end of file.
2025-01-31 17:57:48,244 [ERROR] LogOutputStream:75 - [STDERR_REDIRECT] 
2025-01-31 17:57:49,244 [ERROR] LogOutputStream:75 - [STDERR_REDIRECT] [Fatal Error] :1:1: Premature end of file.
2025-01-31 17:57:49,244 [ERROR] LogOutputStream:75 - [STDERR_REDIRECT] 
2025-01-31 17:57:50,265 [ERROR] LogOutputStream:75 - [STDERR_REDIRECT] [Fatal Error] :1:1: Premature end of file.
2025-01-31 17:57:50,265 [ERROR] LogOutputStream:75 - [STDERR_REDIRECT] 
2025-01-31 17:57:51,254 [ERROR] LogOutputStream:75 - [STDERR_REDIRECT] [Fatal Error] :1:1: Premature end of file.
2025-01-31 17:57:51,254 [ERROR] LogOutputStream:75 - [STDERR_REDIRECT] 
2025-01-31 17:57:52,269 [ERROR] LogOutputStream:75 - [STDERR_REDIRECT] [Fatal Error] :1:1: Premature end of file.
2025-01-31 17:57:52,269 [ERROR] LogOutputStream:75 - [STDERR_REDIRECT] 
2025-01-31 17:57:53,241 [ERROR] LogOutputStream:75 - [STDERR_REDIRECT] [Fatal Error] :1:1: Premature end of file.
2025-01-31 17:57:53,241 [ERROR] LogOutputStream:75 - [STDERR_REDIRECT] 
2025-01-31 17:57:54,246 [ERROR] LogOutputStream:75 - [STDERR_REDIRECT] [Fatal Error] :1:1: Premature end of file.
2025-01-31 17:57:54,246 [ERROR] LogOutputStream:75 - [STDERR_REDIRECT] 
2025-01-31 17:57:55,254 [ERROR] LogOutputStream:75 - [STDERR_REDIRECT] [Fatal Error] :1:1: Premature end of file.
2025-01-31 17:57:55,254 [ERROR] LogOutputStream:75 - [STDERR_REDIRECT] 
2025-01-31 17:57:56,255 [ERROR] LogOutputStream:75 - [STDERR_REDIRECT] [Fatal Error] :1:1: Premature end of file.
2025-01-31 17:57:56,255 [ERROR] LogOutputStream:75 - [STDERR_REDIRECT] 
2025-01-31 17:57:57,245 [ERROR] LogOutputStream:75 - [STDERR_REDIRECT] [Fatal Error] :1:1: Premature end of file.
2025-01-31 17:57:57,245 [ERROR] LogOutputStream:75 - [STDERR_REDIRECT] 
2025-01-31 17:57:58,248 [ERROR] LogOutputStream:75 - [STDERR_REDIRECT] [Fatal Error] :1:1: Premature end of file.
2025-01-31 17:57:58,248 [ERROR] LogOutputStream:75 - [STDERR_REDIRECT] 
2025-01-31 17:57:59,254 [ERROR] LogOutputStream:75 - [STDERR_REDIRECT] [Fatal Error] :1:1: Premature end of file.
2025-01-31 17:57:59,254 [ERROR] LogOutputStream:75 - [STDERR_REDIRECT] 
2025-01-31 17:58:00,258 [ERROR] LogOutputStream:75 - [STDERR_REDIRECT] [Fatal Error] :1:1: Premature end of file.
2025-01-31 17:58:00,258 [ERROR] LogOutputStream:75 - [STDERR_REDIRECT] 
2025-01-31 17:58:01,245 [ERROR] LogOutputStream:75 - [STDERR_REDIRECT] [Fatal Error] :1:1: Premature end of file.
2025-01-31 17:58:01,245 [ERROR] LogOutputStream:75 - [STDERR_REDIRECT] 
2025-01-31 17:58:02,257 [ERROR] LogOutputStream:75 - [STDERR_REDIRECT] [Fatal Error] :1:1: Premature end of file.
2025-01-31 17:58:02,257 [ERROR] LogOutputStream:75 - [STDERR_REDIRECT] 
2025-01-31 17:58:03,255 [ERROR] LogOutputStream:75 - [STDERR_REDIRECT] [Fatal Error] :1:1: Premature end of file.
2025-01-31 17:58:03,255 [ERROR] LogOutputStream:75 - [STDERR_REDIRECT] 
2025-01-31 17:58:04,243 [ERROR] LogOutputStream:75 - [STDERR_REDIRECT] [Fatal Error] :1:1: Premature end of file.
2025-01-31 17:58:04,243 [ERROR] LogOutputStream:75 - [STDERR_REDIRECT] 
2025-01-31 17:58:05,244 [ERROR] LogOutputStream:75 - [STDERR_REDIRECT] [Fatal Error] :1:1: Premature end of file.
2025-01-31 17:58:05,246 [ERROR] LogOutputStream:75 - [STDERR_REDIRECT] 
2025-01-31 17:58:06,244 [ERROR] LogOutputStream:75 - [STDERR_REDIRECT] [Fatal Error] :1:1: Premature end of file.
2025-01-31 17:58:06,244 [ERROR] LogOutputStream:75 - [STDERR_REDIRECT] 
2025-01-31 17:58:07,243 [ERROR] LogOutputStream:75 - [STDERR_REDIRECT] [Fatal Error] :1:1: Premature end of file.
2025-01-31 17:58:07,243 [ERROR] LogOutputStream:75 - [STDERR_REDIRECT] 
2025-01-31 17:58:08,245 [ERROR] LogOutputStream:75 - [STDERR_REDIRECT] [Fatal Error] :1:1: Premature end of file.
2025-01-31 17:58:08,245 [ERROR] LogOutputStream:75 - [STDERR_REDIRECT] 
2025-01-31 17:58:09,252 [ERROR] LogOutputStream:75 - [STDERR_REDIRECT] [Fatal Error] :1:1: Premature end of file.
2025-01-31 17:58:09,252 [ERROR] LogOutputStream:75 - [STDERR_REDIRECT] 
2025-01-31 17:58:10,243 [ERROR] LogOutputStream:75 - [STDERR_REDIRECT] [Fatal Error] :1:1: Premature end of file.
2025-01-31 17:58:10,244 [ERROR] LogOutputStream:75 - [STDERR_REDIRECT] 
2025-01-31 17:58:11,250 [ERROR] LogOutputStream:75 - [STDERR_REDIRECT] [Fatal Error] :1:1: Premature end of file.
2025-01-31 17:58:11,251 [ERROR] LogOutputStream:75 - [STDERR_REDIRECT] 
2025-01-31 17:58:12,246 [ERROR] LogOutputStream:75 - [STDERR_REDIRECT] [Fatal Error] :1:1: Premature end of file.
2025-01-31 17:58:12,246 [ERROR] LogOutputStream:75 - [STDERR_REDIRECT] 
2025-01-31 17:58:13,261 [ERROR] LogOutputStream:75 - [STDERR_REDIRECT] [Fatal Error] :1:1: Premature end of file.
2025-01-31 17:58:13,261 [ERROR] LogOutputStream:75 - [STDERR_REDIRECT] 
2025-01-31 17:58:14,242 [ERROR] LogOutputStream:75 - [STDERR_REDIRECT] [Fatal Error] :1:1: Premature end of file.
2025-01-31 17:58:14,242 [ERROR] LogOutputStream:75 - [STDERR_REDIRECT] 
2025-01-31 17:58:15,244 [ERROR] LogOutputStream:75 - [STDERR_REDIRECT] [Fatal Error] :1:1: Premature end of file.
2025-01-31 17:58:15,244 [ERROR] LogOutputStream:75 - [STDERR_REDIRECT] 
2025-01-31 17:58:16,245 [ERROR] LogOutputStream:75 - [STDERR_REDIRECT] [Fatal Error] :1:1: Premature end of file.
2025-01-31 17:58:16,245 [ERROR] LogOutputStream:75 - [STDERR_REDIRECT] 
2025-01-31 17:58:17,245 [ERROR] LogOutputStream:75 - [STDERR_REDIRECT] [Fatal Error] :1:1: Premature end of file.
2025-01-31 17:58:17,245 [ERROR] LogOutputStream:75 - [STDERR_REDIRECT] 
2025-01-31 17:58:18,243 [ERROR] LogOutputStream:75 - [STDERR_REDIRECT] [Fatal Error] :1:1: Premature end of file.
2025-01-31 17:58:18,243 [ERROR] LogOutputStream:75 - [STDERR_REDIRECT] 
2025-01-31 17:58:19,256 [ERROR] LogOutputStream:75 - [STDERR_REDIRECT] [Fatal Error] :1:1: Premature end of file.
2025-01-31 17:58:19,258 [ERROR] LogOutputStream:75 - [STDERR_REDIRECT] 
2025-01-31 17:58:20,243 [ERROR] LogOutputStream:75 - [STDERR_REDIRECT] [Fatal Error] :1:1: Premature end of file.
2025-01-31 17:58:20,243 [ERROR] LogOutputStream:75 - [STDERR_REDIRECT] 
2025-01-31 17:58:21,241 [ERROR] LogOutputStream:75 - [STDERR_REDIRECT] [Fatal Error] :1:1: Premature end of file.
2025-01-31 17:58:21,241 [ERROR] LogOutputStream:75 - [STDERR_REDIRECT] 
2025-01-31 17:58:22,262 [ERROR] LogOutputStream:75 - [STDERR_REDIRECT] [Fatal Error] :1:1: Premature end of file.
2025-01-31 17:58:22,262 [ERROR] LogOutputStream:75 - [STDERR_REDIRECT] 
2025-01-31 17:58:23,244 [ERROR] LogOutputStream:75 - [STDERR_REDIRECT] [Fatal Error] :1:1: Premature end of file.
2025-01-31 17:58:23,244 [ERROR] LogOutputStream:75 - [STDERR_REDIRECT] 
2025-01-31 17:58:24,245 [ERROR] LogOutputStream:75 - [STDERR_REDIRECT] [Fatal Error] :1:1: Premature end of file.
2025-01-31 17:58:24,245 [ERROR] LogOutputStream:75 - [STDERR_REDIRECT] 
2025-01-31 17:58:25,248 [ERROR] LogOutputStream:75 - [STDERR_REDIRECT] [Fatal Error] :1:1: Premature end of file.
2025-01-31 17:58:25,248 [ERROR] LogOutputStream:75 - [STDERR_REDIRECT] 
2025-01-31 17:58:26,250 [ERROR] LogOutputStream:75 - [STDERR_REDIRECT] [Fatal Error] :1:1: Premature end of file.
2025-01-31 17:58:26,250 [ERROR] LogOutputStream:75 - [STDERR_REDIRECT] 
2025-01-31 17:58:27,242 [ERROR] LogOutputStream:75 - [STDERR_REDIRECT] [Fatal Error] :1:1: Premature end of file.
2025-01-31 17:58:27,242 [ERROR] LogOutputStream:75 - [STDERR_REDIRECT] 
2025-01-31 17:58:28,261 [ERROR] LogOutputStream:75 - [STDERR_REDIRECT] [Fatal Error] :1:1: Premature end of file.
2025-01-31 17:58:28,261 [ERROR] LogOutputStream:75 - [STDERR_REDIRECT] 
2025-01-31 17:58:29,246 [ERROR] LogOutputStream:75 - [STDERR_REDIRECT] [Fatal Error] :1:1: Premature end of file.
2025-01-31 17:58:29,246 [ERROR] LogOutputStream:75 - [STDERR_REDIRECT] 
2025-01-31 17:58:30,248 [ERROR] LogOutputStream:75 - [STDERR_REDIRECT] [Fatal Error] :1:1: Premature end of file.
2025-01-31 17:58:30,250 [ERROR] LogOutputStream:75 - [STDERR_REDIRECT] 
2025-01-31 17:58:31,247 [ERROR] LogOutputStream:75 - [STDERR_REDIRECT] [Fatal Error] :1:1: Premature end of file.
2025-01-31 17:58:31,248 [ERROR] LogOutputStream:75 - [STDERR_REDIRECT] 
2025-01-31 17:58:32,254 [ERROR] LogOutputStream:75 - [STDERR_REDIRECT] [Fatal Error] :1:1: Premature end of file.
2025-01-31 17:58:32,254 [ERROR] LogOutputStream:75 - [STDERR_REDIRECT] 
2025-01-31 17:58:33,243 [ERROR] LogOutputStream:75 - [STDERR_REDIRECT] [Fatal Error] :1:1: Premature end of file.
2025-01-31 17:58:33,243 [ERROR] LogOutputStream:75 - [STDERR_REDIRECT] 
2025-01-31 17:58:34,249 [ERROR] LogOutputStream:75 - [STDERR_REDIRECT] [Fatal Error] :1:1: Premature end of file.
2025-01-31 17:58:34,249 [ERROR] LogOutputStream:75 - [STDERR_REDIRECT] 
2025-01-31 17:58:35,241 [ERROR] LogOutputStream:75 - [STDERR_REDIRECT] [Fatal Error] :1:1: Premature end of file.
2025-01-31 17:58:35,241 [ERROR] LogOutputStream:75 - [STDERR_REDIRECT] 
2025-01-31 17:58:36,254 [ERROR] LogOutputStream:75 - [STDERR_REDIRECT] [Fatal Error] :1:1: Premature end of file.
2025-01-31 17:58:36,254 [ERROR] LogOutputStream:75 - [STDERR_REDIRECT] 
2025-01-31 17:58:37,252 [ERROR] LogOutputStream:75 - [STDERR_REDIRECT] [Fatal Error] :1:1: Premature end of file.
2025-01-31 17:58:37,252 [ERROR] LogOutputStream:75 - [STDERR_REDIRECT] 
2025-01-31 17:58:38,247 [ERROR] LogOutputStream:75 - [STDERR_REDIRECT] [Fatal Error] :1:1: Premature end of file.
2025-01-31 17:58:38,247 [ERROR] LogOutputStream:75 - [STDERR_REDIRECT] 
2025-01-31 17:58:39,243 [ERROR] LogOutputStream:75 - [STDERR_REDIRECT] [Fatal Error] :1:1: Premature end of file.
2025-01-31 17:58:39,243 [ERROR] LogOutputStream:75 - [STDERR_REDIRECT] 
2025-01-31 17:58:40,255 [ERROR] LogOutputStream:75 - [STDERR_REDIRECT] [Fatal Error] :1:1: Premature end of file.
2025-01-31 17:58:40,255 [ERROR] LogOutputStream:75 - [STDERR_REDIRECT] 
2025-01-31 17:58:41,241 [ERROR] LogOutputStream:75 - [STDERR_REDIRECT] [Fatal Error] :1:1: Premature end of file.
2025-01-31 17:58:41,241 [ERROR] LogOutputStream:75 - [STDERR_REDIRECT] 
2025-01-31 17:58:42,251 [ERROR] LogOutputStream:75 - [STDERR_REDIRECT] [Fatal Error] :1:1: Premature end of file.
2025-01-31 17:58:42,251 [ERROR] LogOutputStream:75 - [STDERR_REDIRECT] 
2025-01-31 17:58:43,244 [ERROR] LogOutputStream:75 - [STDERR_REDIRECT] [Fatal Error] :1:1: Premature end of file.
2025-01-31 17:58:43,244 [ERROR] LogOutputStream:75 - [STDERR_REDIRECT] 
2025-01-31 17:58:44,240 [ERROR] LogOutputStream:75 - [STDERR_REDIRECT] [Fatal Error] :1:1: Premature end of file.
2025-01-31 17:58:44,240 [ERROR] LogOutputStream:75 - [STDERR_REDIRECT] 
2025-01-31 17:58:45,254 [ERROR] LogOutputStream:75 - [STDERR_REDIRECT] [Fatal Error] :1:1: Premature end of file.
2025-01-31 17:58:45,254 [ERROR] LogOutputStream:75 - [STDERR_REDIRECT] 
2025-01-31 17:58:46,242 [ERROR] LogOutputStream:75 - [STDERR_REDIRECT] [Fatal Error] :1:1: Premature end of file.
2025-01-31 17:58:46,242 [ERROR] LogOutputStream:75 - [STDERR_REDIRECT] 
2025-01-31 17:58:47,245 [ERROR] LogOutputStream:75 - [STDERR_REDIRECT] [Fatal Error] :1:1: Premature end of file.
2025-01-31 17:58:47,245 [ERROR] LogOutputStream:75 - [STDERR_REDIRECT] 
2025-01-31 17:58:48,247 [ERROR] LogOutputStream:75 - [STDERR_REDIRECT] [Fatal Error] :1:1: Premature end of file.
2025-01-31 17:58:48,247 [ERROR] LogOutputStream:75 - [STDERR_REDIRECT] 
2025-01-31 17:58:49,244 [ERROR] LogOutputStream:75 - [STDERR_REDIRECT] [Fatal Error] :1:1: Premature end of file.
2025-01-31 17:58:49,244 [ERROR] LogOutputStream:75 - [STDERR_REDIRECT] 
2025-01-31 17:58:50,255 [ERROR] LogOutputStream:75 - [STDERR_REDIRECT] [Fatal Error] :1:1: Premature end of file.
2025-01-31 17:58:50,255 [ERROR] LogOutputStream:75 - [STDERR_REDIRECT] 
2025-01-31 17:58:51,246 [ERROR] LogOutputStream:75 - [STDERR_REDIRECT] [Fatal Error] :1:1: Premature end of file.
2025-01-31 17:58:51,246 [ERROR] LogOutputStream:75 - [STDERR_REDIRECT] 
2025-01-31 17:58:52,237 [ERROR] LogOutputStream:75 - [STDERR_REDIRECT] [Fatal Error] :1:1: Premature end of file.
2025-01-31 17:58:52,237 [ERROR] LogOutputStream:75 - [STDERR_REDIRECT] 
2025-01-31 17:58:53,244 [ERROR] LogOutputStream:75 - [STDERR_REDIRECT] [Fatal Error] :1:1: Premature end of file.
2025-01-31 17:58:53,244 [ERROR] LogOutputStream:75 - [STDERR_REDIRECT] 
2025-01-31 17:58:54,254 [ERROR] LogOutputStream:75 - [STDERR_REDIRECT] [Fatal Error] :1:1: Premature end of file.
2025-01-31 17:58:54,254 [ERROR] LogOutputStream:75 - [STDERR_REDIRECT] 
2025-01-31 17:58:55,248 [ERROR] LogOutputStream:75 - [STDERR_REDIRECT] [Fatal Error] :1:1: Premature end of file.
2025-01-31 17:58:55,248 [ERROR] LogOutputStream:75 - [STDERR_REDIRECT] 
2025-01-31 17:58:56,244 [ERROR] LogOutputStream:75 - [STDERR_REDIRECT] [Fatal Error] :1:1: Premature end of file.
2025-01-31 17:58:56,244 [ERROR] LogOutputStream:75 - [STDERR_REDIRECT] 
2025-01-31 17:58:57,249 [ERROR] LogOutputStream:75 - [STDERR_REDIRECT] [Fatal Error] :1:1: Premature end of file.
2025-01-31 17:58:57,249 [ERROR] LogOutputStream:75 - [STDERR_REDIRECT] 
2025-01-31 17:58:58,245 [ERROR] LogOutputStream:75 - [STDERR_REDIRECT] [Fatal Error] :1:1: Premature end of file.
2025-01-31 17:58:58,245 [ERROR] LogOutputStream:75 - [STDERR_REDIRECT] 
2025-01-31 17:58:59,260 [ERROR] LogOutputStream:75 - [STDERR_REDIRECT] [Fatal Error] :1:1: Premature end of file.
2025-01-31 17:58:59,260 [ERROR] LogOutputStream:75 - [STDERR_REDIRECT] 
2025-01-31 17:59:00,260 [ERROR] LogOutputStream:75 - [STDERR_REDIRECT] [Fatal Error] :1:1: Premature end of file.
2025-01-31 17:59:00,260 [ERROR] LogOutputStream:75 - [STDERR_REDIRECT] 
2025-01-31 17:59:01,243 [ERROR] LogOutputStream:75 - [STDERR_REDIRECT] [Fatal Error] :1:1: Premature end of file.
2025-01-31 17:59:01,243 [ERROR] LogOutputStream:75 - [STDERR_REDIRECT] 
2025-01-31 17:59:02,242 [ERROR] LogOutputStream:75 - [STDERR_REDIRECT] [Fatal Error] :1:1: Premature end of file.
2025-01-31 17:59:02,242 [ERROR] LogOutputStream:75 - [STDERR_REDIRECT] 
2025-01-31 17:59:03,253 [ERROR] LogOutputStream:75 - [STDERR_REDIRECT] [Fatal Error] :1:1: Premature end of file.
2025-01-31 17:59:03,253 [ERROR] LogOutputStream:75 - [STDERR_REDIRECT] 
2025-01-31 17:59:04,255 [ERROR] LogOutputStream:75 - [STDERR_REDIRECT] [Fatal Error] :1:1: Premature end of file.
2025-01-31 17:59:04,255 [ERROR] LogOutputStream:75 - [STDERR_REDIRECT] 
2025-01-31 17:59:05,252 [ERROR] LogOutputStream:75 - [STDERR_REDIRECT] [Fatal Error] :1:1: Premature end of file.
2025-01-31 17:59:05,252 [ERROR] LogOutputStream:75 - [STDERR_REDIRECT] 
2025-01-31 17:59:06,243 [ERROR] LogOutputStream:75 - [STDERR_REDIRECT] [Fatal Error] :1:1: Premature end of file.
2025-01-31 17:59:06,243 [ERROR] LogOutputStream:75 - [STDERR_REDIRECT] 
2025-01-31 17:59:07,244 [ERROR] LogOutputStream:75 - [STDERR_REDIRECT] [Fatal Error] :1:1: Premature end of file.
2025-01-31 17:59:07,244 [ERROR] LogOutputStream:75 - [STDERR_REDIRECT] 
2025-01-31 17:59:08,258 [ERROR] LogOutputStream:75 - [STDERR_REDIRECT] [Fatal Error] :1:1: Premature end of file.
2025-01-31 17:59:08,258 [ERROR] LogOutputStream:75 - [STDERR_REDIRECT] 
2025-01-31 17:59:09,244 [ERROR] LogOutputStream:75 - [STDERR_REDIRECT] [Fatal Error] :1:1: Premature end of file.
2025-01-31 17:59:09,244 [ERROR] LogOutputStream:75 - [STDERR_REDIRECT] 
2025-01-31 17:59:10,244 [ERROR] LogOutputStream:75 - [STDERR_REDIRECT] [Fatal Error] :1:1: Premature end of file.
2025-01-31 17:59:10,244 [ERROR] LogOutputStream:75 - [STDERR_REDIRECT] 
2025-01-31 17:59:11,262 [ERROR] LogOutputStream:75 - [STDERR_REDIRECT] [Fatal Error] :1:1: Premature end of file.
2025-01-31 17:59:11,262 [ERROR] LogOutputStream:75 - [STDERR_REDIRECT] 
2025-01-31 17:59:12,246 [ERROR] LogOutputStream:75 - [STDERR_REDIRECT] [Fatal Error] :1:1: Premature end of file.
2025-01-31 17:59:12,246 [ERROR] LogOutputStream:75 - [STDERR_REDIRECT] 
2025-01-31 17:59:13,247 [ERROR] LogOutputStream:75 - [STDERR_REDIRECT] [Fatal Error] :1:1: Premature end of file.
2025-01-31 17:59:13,247 [ERROR] LogOutputStream:75 - [STDERR_REDIRECT] 
2025-01-31 17:59:14,248 [ERROR] LogOutputStream:75 - [STDERR_REDIRECT] [Fatal Error] :1:1: Premature end of file.
2025-01-31 17:59:14,248 [ERROR] LogOutputStream:75 - [STDERR_REDIRECT] 
2025-01-31 17:59:15,259 [ERROR] LogOutputStream:75 - [STDERR_REDIRECT] [Fatal Error] :1:1: Premature end of file.
2025-01-31 17:59:15,259 [ERROR] LogOutputStream:75 - [STDERR_REDIRECT] 
2025-01-31 17:59:16,253 [ERROR] LogOutputStream:75 - [STDERR_REDIRECT] [Fatal Error] :1:1: Premature end of file.
2025-01-31 17:59:16,253 [ERROR] LogOutputStream:75 - [STDERR_REDIRECT] 
2025-01-31 17:59:17,246 [ERROR] LogOutputStream:75 - [STDERR_REDIRECT] [Fatal Error] :1:1: Premature end of file.
2025-01-31 17:59:17,246 [ERROR] LogOutputStream:75 - [STDERR_REDIRECT] 
2025-01-31 17:59:18,254 [ERROR] LogOutputStream:75 - [STDERR_REDIRECT] [Fatal Error] :1:1: Premature end of file.
2025-01-31 17:59:18,254 [ERROR] LogOutputStream:75 - [STDERR_REDIRECT] 
2025-01-31 17:59:19,253 [ERROR] LogOutputStream:75 - [STDERR_REDIRECT] [Fatal Error] :1:1: Premature end of file.
2025-01-31 17:59:19,253 [ERROR] LogOutputStream:75 - [STDERR_REDIRECT] 
2025-01-31 17:59:20,247 [ERROR] LogOutputStream:75 - [STDERR_REDIRECT] [Fatal Error] :1:1: Premature end of file.
2025-01-31 17:59:20,247 [ERROR] LogOutputStream:75 - [STDERR_REDIRECT] 
2025-01-31 17:59:21,247 [ERROR] LogOutputStream:75 - [STDERR_REDIRECT] [Fatal Error] :1:1: Premature end of file.
2025-01-31 17:59:21,247 [ERROR] LogOutputStream:75 - [STDERR_REDIRECT] 
2025-01-31 17:59:22,243 [ERROR] LogOutputStream:75 - [STDERR_REDIRECT] [Fatal Error] :1:1: Premature end of file.
2025-01-31 17:59:22,243 [ERROR] LogOutputStream:75 - [STDERR_REDIRECT] 
2025-01-31 17:59:23,242 [ERROR] LogOutputStream:75 - [STDERR_REDIRECT] [Fatal Error] :1:1: Premature end of file.
2025-01-31 17:59:23,242 [ERROR] LogOutputStream:75 - [STDERR_REDIRECT] 
2025-01-31 17:59:24,254 [ERROR] LogOutputStream:75 - [STDERR_REDIRECT] [Fatal Error] :1:1: Premature end of file.
2025-01-31 17:59:24,254 [ERROR] LogOutputStream:75 - [STDERR_REDIRECT] 
2025-01-31 17:59:25,244 [ERROR] LogOutputStream:75 - [STDERR_REDIRECT] [Fatal Error] :1:1: Premature end of file.
2025-01-31 17:59:25,244 [ERROR] LogOutputStream:75 - [STDERR_REDIRECT] 
2025-01-31 17:59:26,245 [ERROR] LogOutputStream:75 - [STDERR_REDIRECT] [Fatal Error] :1:1: Premature end of file.
2025-01-31 17:59:26,245 [ERROR] LogOutputStream:75 - [STDERR_REDIRECT] 
2025-01-31 17:59:27,246 [ERROR] LogOutputStream:75 - [STDERR_REDIRECT] [Fatal Error] :1:1: Premature end of file.
2025-01-31 17:59:27,246 [ERROR] LogOutputStream:75 - [STDERR_REDIRECT] 
2025-01-31 17:59:28,252 [ERROR] LogOutputStream:75 - [STDERR_REDIRECT] [Fatal Error] :1:1: Premature end of file.
2025-01-31 17:59:28,252 [ERROR] LogOutputStream:75 - [STDERR_REDIRECT] 
2025-01-31 17:59:29,255 [ERROR] LogOutputStream:75 - [STDERR_REDIRECT] [Fatal Error] :1:1: Premature end of file.
2025-01-31 17:59:29,255 [ERROR] LogOutputStream:75 - [STDERR_REDIRECT] 
2025-01-31 17:59:30,237 [ERROR] LogOutputStream:75 - [STDERR_REDIRECT] [Fatal Error] :1:1: Premature end of file.
2025-01-31 17:59:30,239 [ERROR] LogOutputStream:75 - [STDERR_REDIRECT] 
2025-01-31 17:59:31,248 [ERROR] LogOutputStream:75 - [STDERR_REDIRECT] [Fatal Error] :1:1: Premature end of file.
2025-01-31 17:59:31,248 [ERROR] LogOutputStream:75 - [STDERR_REDIRECT] 
2025-01-31 17:59:32,254 [ERROR] LogOutputStream:75 - [STDERR_REDIRECT] [Fatal Error] :1:1: Premature end of file.
2025-01-31 17:59:32,254 [ERROR] LogOutputStream:75 - [STDERR_REDIRECT] 
2025-01-31 17:59:33,253 [ERROR] LogOutputStream:75 - [STDERR_REDIRECT] [Fatal Error] :1:1: Premature end of file.
2025-01-31 17:59:33,253 [ERROR] LogOutputStream:75 - [STDERR_REDIRECT] 
2025-01-31 17:59:34,248 [ERROR] LogOutputStream:75 - [STDERR_REDIRECT] [Fatal Error] :1:1: Premature end of file.
2025-01-31 17:59:34,248 [ERROR] LogOutputStream:75 - [STDERR_REDIRECT] 
2025-01-31 17:59:35,241 [ERROR] LogOutputStream:75 - [STDERR_REDIRECT] [Fatal Error] :1:1: Premature end of file.
2025-01-31 17:59:35,241 [ERROR] LogOutputStream:75 - [STDERR_REDIRECT] 
2025-01-31 17:59:36,243 [ERROR] LogOutputStream:75 - [STDERR_REDIRECT] [Fatal Error] :1:1: Premature end of file.
2025-01-31 17:59:36,243 [ERROR] LogOutputStream:75 - [STDERR_REDIRECT] 
2025-01-31 17:59:37,253 [ERROR] LogOutputStream:75 - [STDERR_REDIRECT] [Fatal Error] :1:1: Premature end of file.
2025-01-31 17:59:37,253 [ERROR] LogOutputStream:75 - [STDERR_REDIRECT] 
2025-01-31 17:59:38,254 [ERROR] LogOutputStream:75 - [STDERR_REDIRECT] [Fatal Error] :1:1: Premature end of file.
2025-01-31 17:59:38,254 [ERROR] LogOutputStream:75 - [STDERR_REDIRECT] 
2025-01-31 17:59:39,250 [ERROR] LogOutputStream:75 - [STDERR_REDIRECT] [Fatal Error] :1:1: Premature end of file.
2025-01-31 17:59:39,250 [ERROR] LogOutputStream:75 - [STDERR_REDIRECT] 
2025-01-31 17:59:40,246 [ERROR] LogOutputStream:75 - [STDERR_REDIRECT] [Fatal Error] :1:1: Premature end of file.
2025-01-31 17:59:40,246 [ERROR] LogOutputStream:75 - [STDERR_REDIRECT] 
2025-01-31 17:59:41,248 [ERROR] LogOutputStream:75 - [STDERR_REDIRECT] [Fatal Error] :1:1: Premature end of file.
2025-01-31 17:59:41,248 [ERROR] LogOutputStream:75 - [STDERR_REDIRECT] 
2025-01-31 17:59:42,242 [ERROR] LogOutputStream:75 - [STDERR_REDIRECT] [Fatal Error] :1:1: Premature end of file.
2025-01-31 17:59:42,242 [ERROR] LogOutputStream:75 - [STDERR_REDIRECT] 
2025-01-31 17:59:43,244 [ERROR] LogOutputStream:75 - [STDERR_REDIRECT] [Fatal Error] :1:1: Premature end of file.
2025-01-31 17:59:43,244 [ERROR] LogOutputStream:75 - [STDERR_REDIRECT] 
2025-01-31 17:59:44,259 [ERROR] LogOutputStream:75 - [STDERR_REDIRECT] [Fatal Error] :1:1: Premature end of file.
2025-01-31 17:59:44,259 [ERROR] LogOutputStream:75 - [STDERR_REDIRECT] 
2025-01-31 17:59:45,243 [ERROR] LogOutputStream:75 - [STDERR_REDIRECT] [Fatal Error] :1:1: Premature end of file.
2025-01-31 17:59:45,243 [ERROR] LogOutputStream:75 - [STDERR_REDIRECT] 
2025-01-31 17:59:46,254 [ERROR] LogOutputStream:75 - [STDERR_REDIRECT] [Fatal Error] :1:1: Premature end of file.
2025-01-31 17:59:46,254 [ERROR] LogOutputStream:75 - [STDERR_REDIRECT] 
2025-01-31 17:59:47,246 [ERROR] LogOutputStream:75 - [STDERR_REDIRECT] [Fatal Error] :1:1: Premature end of file.
2025-01-31 17:59:47,246 [ERROR] LogOutputStream:75 - [STDERR_REDIRECT] 
2025-01-31 17:59:48,253 [ERROR] LogOutputStream:75 - [STDERR_REDIRECT] [Fatal Error] :1:1: Premature end of file.
2025-01-31 17:59:48,253 [ERROR] LogOutputStream:75 - [STDERR_REDIRECT] 
2025-01-31 17:59:49,257 [ERROR] LogOutputStream:75 - [STDERR_REDIRECT] [Fatal Error] :1:1: Premature end of file.
2025-01-31 17:59:49,257 [ERROR] LogOutputStream:75 - [STDERR_REDIRECT] 
2025-01-31 17:59:50,244 [ERROR] LogOutputStream:75 - [STDERR_REDIRECT] [Fatal Error] :1:1: Premature end of file.
2025-01-31 17:59:50,244 [ERROR] LogOutputStream:75 - [STDERR_REDIRECT] 
2025-01-31 17:59:51,250 [ERROR] LogOutputStream:75 - [STDERR_REDIRECT] [Fatal Error] :1:1: Premature end of file.
2025-01-31 17:59:51,250 [ERROR] LogOutputStream:75 - [STDERR_REDIRECT] 
2025-01-31 17:59:52,253 [ERROR] LogOutputStream:75 - [STDERR_REDIRECT] [Fatal Error] :1:1: Premature end of file.
2025-01-31 17:59:52,253 [ERROR] LogOutputStream:75 - [STDERR_REDIRECT] 
2025-01-31 17:59:53,245 [ERROR] LogOutputStream:75 - [STDERR_REDIRECT] [Fatal Error] :1:1: Premature end of file.
2025-01-31 17:59:53,245 [ERROR] LogOutputStream:75 - [STDERR_REDIRECT] 
2025-01-31 17:59:54,253 [ERROR] LogOutputStream:75 - [STDERR_REDIRECT] [Fatal Error] :1:1: Premature end of file.
2025-01-31 17:59:54,253 [ERROR] LogOutputStream:75 - [STDERR_REDIRECT] 
2025-01-31 17:59:55,245 [ERROR] LogOutputStream:75 - [STDERR_REDIRECT] [Fatal Error] :1:1: Premature end of file.
2025-01-31 17:59:55,245 [ERROR] LogOutputStream:75 - [STDERR_REDIRECT] 
2025-01-31 17:59:56,246 [ERROR] LogOutputStream:75 - [STDERR_REDIRECT] [Fatal Error] :1:1: Premature end of file.
2025-01-31 17:59:56,246 [ERROR] LogOutputStream:75 - [STDERR_REDIRECT] 
2025-01-31 17:59:57,266 [ERROR] LogOutputStream:75 - [STDERR_REDIRECT] [Fatal Error] :1:1: Premature end of file.
2025-01-31 17:59:57,266 [ERROR] LogOutputStream:75 - [STDERR_REDIRECT] 
2025-01-31 17:59:58,253 [ERROR] LogOutputStream:75 - [STDERR_REDIRECT] [Fatal Error] :1:1: Premature end of file.
2025-01-31 17:59:58,253 [ERROR] LogOutputStream:75 - [STDERR_REDIRECT] 
2025-01-31 17:59:59,244 [ERROR] LogOutputStream:75 - [STDERR_REDIRECT] [Fatal Error] :1:1: Premature end of file.
2025-01-31 17:59:59,244 [ERROR] LogOutputStream:75 - [STDERR_REDIRECT] 
2025-01-31 18:00:00,254 [ERROR] LogOutputStream:75 - [STDERR_REDIRECT] [Fatal Error] :1:1: Premature end of file.
2025-01-31 18:00:00,254 [ERROR] LogOutputStream:75 - [STDERR_REDIRECT] 
2025-01-31 18:00:01,241 [ERROR] LogOutputStream:75 - [STDERR_REDIRECT] [Fatal Error] :1:1: Premature end of file.
2025-01-31 18:00:01,241 [ERROR] LogOutputStream:75 - [STDERR_REDIRECT] 
2025-01-31 18:00:02,239 [ERROR] LogOutputStream:75 - [STDERR_REDIRECT] [Fatal Error] :1:1: Premature end of file.
2025-01-31 18:00:02,239 [ERROR] LogOutputStream:75 - [STDERR_REDIRECT] 
2025-01-31 18:00:03,259 [ERROR] LogOutputStream:75 - [STDERR_REDIRECT] [Fatal Error] :1:1: Premature end of file.
2025-01-31 18:00:03,259 [ERROR] LogOutputStream:75 - [STDERR_REDIRECT] 
2025-01-31 18:00:04,254 [ERROR] LogOutputStream:75 - [STDERR_REDIRECT] [Fatal Error] :1:1: Premature end of file.
2025-01-31 18:00:04,254 [ERROR] LogOutputStream:75 - [STDERR_REDIRECT] 
2025-01-31 18:00:05,252 [ERROR] LogOutputStream:75 - [STDERR_REDIRECT] [Fatal Error] :1:1: Premature end of file.
2025-01-31 18:00:05,252 [ERROR] LogOutputStream:75 - [STDERR_REDIRECT] 
2025-01-31 18:00:06,242 [ERROR] LogOutputStream:75 - [STDERR_REDIRECT] [Fatal Error] :1:1: Premature end of file.
2025-01-31 18:00:06,242 [ERROR] LogOutputStream:75 - [STDERR_REDIRECT] 
2025-01-31 18:00:07,254 [ERROR] LogOutputStream:75 - [STDERR_REDIRECT] [Fatal Error] :1:1: Premature end of file.
2025-01-31 18:00:07,254 [ERROR] LogOutputStream:75 - [STDERR_REDIRECT] 
2025-01-31 18:00:08,252 [ERROR] LogOutputStream:75 - [STDERR_REDIRECT] [Fatal Error] :1:1: Premature end of file.
2025-01-31 18:00:08,252 [ERROR] LogOutputStream:75 - [STDERR_REDIRECT] 
2025-01-31 18:00:09,247 [ERROR] LogOutputStream:75 - [STDERR_REDIRECT] [Fatal Error] :1:1: Premature end of file.
2025-01-31 18:00:09,247 [ERROR] LogOutputStream:75 - [STDERR_REDIRECT] 
2025-01-31 18:00:10,255 [ERROR] LogOutputStream:75 - [STDERR_REDIRECT] [Fatal Error] :1:1: Premature end of file.
2025-01-31 18:00:10,255 [ERROR] LogOutputStream:75 - [STDERR_REDIRECT] 
2025-01-31 18:00:11,249 [ERROR] LogOutputStream:75 - [STDERR_REDIRECT] [Fatal Error] :1:1: Premature end of file.
2025-01-31 18:00:11,249 [ERROR] LogOutputStream:75 - [STDERR_REDIRECT] 
2025-01-31 18:00:12,244 [ERROR] LogOutputStream:75 - [STDERR_REDIRECT] [Fatal Error] :1:1: Premature end of file.
2025-01-31 18:00:12,244 [ERROR] LogOutputStream:75 - [STDERR_REDIRECT] 
2025-01-31 18:00:13,249 [ERROR] LogOutputStream:75 - [STDERR_REDIRECT] [Fatal Error] :1:1: Premature end of file.
2025-01-31 18:00:13,249 [ERROR] LogOutputStream:75 - [STDERR_REDIRECT] 
2025-01-31 18:00:14,243 [ERROR] LogOutputStream:75 - [STDERR_REDIRECT] [Fatal Error] :1:1: Premature end of file.
2025-01-31 18:00:14,243 [ERROR] LogOutputStream:75 - [STDERR_REDIRECT] 
2025-01-31 18:00:15,254 [ERROR] LogOutputStream:75 - [STDERR_REDIRECT] [Fatal Error] :1:1: Premature end of file.
2025-01-31 18:00:15,254 [ERROR] LogOutputStream:75 - [STDERR_REDIRECT] 
2025-01-31 18:00:16,241 [ERROR] LogOutputStream:75 - [STDERR_REDIRECT] [Fatal Error] :1:1: Premature end of file.
2025-01-31 18:00:16,241 [ERROR] LogOutputStream:75 - [STDERR_REDIRECT] 
2025-01-31 18:00:17,245 [ERROR] LogOutputStream:75 - [STDERR_REDIRECT] [Fatal Error] :1:1: Premature end of file.
2025-01-31 18:00:17,245 [ERROR] LogOutputStream:75 - [STDERR_REDIRECT] 
2025-01-31 18:00:18,241 [ERROR] LogOutputStream:75 - [STDERR_REDIRECT] [Fatal Error] :1:1: Premature end of file.
2025-01-31 18:00:18,241 [ERROR] LogOutputStream:75 - [STDERR_REDIRECT] 
2025-01-31 18:00:19,248 [ERROR] LogOutputStream:75 - [STDERR_REDIRECT] [Fatal Error] :1:1: Premature end of file.
2025-01-31 18:00:19,248 [ERROR] LogOutputStream:75 - [STDERR_REDIRECT] 
2025-01-31 18:00:20,252 [ERROR] LogOutputStream:75 - [STDERR_REDIRECT] [Fatal Error] :1:1: Premature end of file.
2025-01-31 18:00:20,252 [ERROR] LogOutputStream:75 - [STDERR_REDIRECT] 
2025-01-31 18:00:21,238 [ERROR] LogOutputStream:75 - [STDERR_REDIRECT] [Fatal Error] :1:1: Premature end of file.
2025-01-31 18:00:21,240 [ERROR] LogOutputStream:75 - [STDERR_REDIRECT] 
2025-01-31 18:00:22,252 [ERROR] LogOutputStream:75 - [STDERR_REDIRECT] [Fatal Error] :1:1: Premature end of file.
2025-01-31 18:00:22,252 [ERROR] LogOutputStream:75 - [STDERR_REDIRECT] 
2025-01-31 18:00:23,253 [ERROR] LogOutputStream:75 - [STDERR_REDIRECT] [Fatal Error] :1:1: Premature end of file.
2025-01-31 18:00:23,253 [ERROR] LogOutputStream:75 - [STDERR_REDIRECT] 
2025-01-31 18:00:24,241 [ERROR] LogOutputStream:75 - [STDERR_REDIRECT] [Fatal Error] :1:1: Premature end of file.
2025-01-31 18:00:24,241 [ERROR] LogOutputStream:75 - [STDERR_REDIRECT] 
2025-01-31 18:00:25,255 [ERROR] LogOutputStream:75 - [STDERR_REDIRECT] [Fatal Error] :1:1: Premature end of file.
2025-01-31 18:00:25,255 [ERROR] LogOutputStream:75 - [STDERR_REDIRECT] 
2025-01-31 18:00:26,253 [ERROR] LogOutputStream:75 - [STDERR_REDIRECT] [Fatal Error] :1:1: Premature end of file.
2025-01-31 18:00:26,253 [ERROR] LogOutputStream:75 - [STDERR_REDIRECT] 
2025-01-31 18:00:27,255 [ERROR] LogOutputStream:75 - [STDERR_REDIRECT] [Fatal Error] :1:1: Premature end of file.
2025-01-31 18:00:27,255 [ERROR] LogOutputStream:75 - [STDERR_REDIRECT] 
2025-01-31 18:00:28,250 [ERROR] LogOutputStream:75 - [STDERR_REDIRECT] [Fatal Error] :1:1: Premature end of file.
2025-01-31 18:00:28,250 [ERROR] LogOutputStream:75 - [STDERR_REDIRECT] 
2025-01-31 18:00:29,245 [ERROR] LogOutputStream:75 - [STDERR_REDIRECT] [Fatal Error] :1:1: Premature end of file.
2025-01-31 18:00:29,245 [ERROR] LogOutputStream:75 - [STDERR_REDIRECT] 
2025-01-31 18:00:30,244 [ERROR] LogOutputStream:75 - [STDERR_REDIRECT] [Fatal Error] :1:1: Premature end of file.
2025-01-31 18:00:30,244 [ERROR] LogOutputStream:75 - [STDERR_REDIRECT] 
2025-01-31 18:00:31,249 [ERROR] LogOutputStream:75 - [STDERR_REDIRECT] [Fatal Error] :1:1: Premature end of file.
2025-01-31 18:00:31,249 [ERROR] LogOutputStream:75 - [STDERR_REDIRECT] 
2025-01-31 18:00:32,246 [ERROR] LogOutputStream:75 - [STDERR_REDIRECT] [Fatal Error] :1:1: Premature end of file.
2025-01-31 18:00:32,246 [ERROR] LogOutputStream:75 - [STDERR_REDIRECT] 
2025-01-31 18:00:33,254 [ERROR] LogOutputStream:75 - [STDERR_REDIRECT] [Fatal Error] :1:1: Premature end of file.
2025-01-31 18:00:33,254 [ERROR] LogOutputStream:75 - [STDERR_REDIRECT] 
2025-01-31 18:00:34,249 [ERROR] LogOutputStream:75 - [STDERR_REDIRECT] [Fatal Error] :1:1: Premature end of file.
2025-01-31 18:00:34,249 [ERROR] LogOutputStream:75 - [STDERR_REDIRECT] 
2025-01-31 18:00:35,245 [ERROR] LogOutputStream:75 - [STDERR_REDIRECT] [Fatal Error] :1:1: Premature end of file.
2025-01-31 18:00:35,245 [ERROR] LogOutputStream:75 - [STDERR_REDIRECT] 
2025-01-31 18:00:36,253 [ERROR] LogOutputStream:75 - [STDERR_REDIRECT] [Fatal Error] :1:1: Premature end of file.
2025-01-31 18:00:36,255 [ERROR] LogOutputStream:75 - [STDERR_REDIRECT] 
2025-01-31 18:00:37,242 [ERROR] LogOutputStream:75 - [STDERR_REDIRECT] [Fatal Error] :1:1: Premature end of file.
2025-01-31 18:00:37,242 [ERROR] LogOutputStream:75 - [STDERR_REDIRECT] 
2025-01-31 18:00:38,251 [ERROR] LogOutputStream:75 - [STDERR_REDIRECT] [Fatal Error] :1:1: Premature end of file.
2025-01-31 18:00:38,251 [ERROR] LogOutputStream:75 - [STDERR_REDIRECT] 
2025-01-31 18:00:39,242 [ERROR] LogOutputStream:75 - [STDERR_REDIRECT] [Fatal Error] :1:1: Premature end of file.
2025-01-31 18:00:39,242 [ERROR] LogOutputStream:75 - [STDERR_REDIRECT] 
2025-01-31 18:00:40,255 [ERROR] LogOutputStream:75 - [STDERR_REDIRECT] [Fatal Error] :1:1: Premature end of file.
2025-01-31 18:00:40,256 [ERROR] LogOutputStream:75 - [STDERR_REDIRECT] 
2025-01-31 18:00:41,253 [ERROR] LogOutputStream:75 - [STDERR_REDIRECT] [Fatal Error] :1:1: Premature end of file.
2025-01-31 18:00:41,253 [ERROR] LogOutputStream:75 - [STDERR_REDIRECT] 
2025-01-31 18:00:42,262 [ERROR] LogOutputStream:75 - [STDERR_REDIRECT] [Fatal Error] :1:1: Premature end of file.
2025-01-31 18:00:42,262 [ERROR] LogOutputStream:75 - [STDERR_REDIRECT] 
2025-01-31 18:00:43,260 [ERROR] LogOutputStream:75 - [STDERR_REDIRECT] [Fatal Error] :1:1: Premature end of file.
2025-01-31 18:00:43,260 [ERROR] LogOutputStream:75 - [STDERR_REDIRECT] 
2025-01-31 18:00:44,247 [ERROR] LogOutputStream:75 - [STDERR_REDIRECT] [Fatal Error] :1:1: Premature end of file.
2025-01-31 18:00:44,247 [ERROR] LogOutputStream:75 - [STDERR_REDIRECT] 
2025-01-31 18:00:45,268 [ERROR] LogOutputStream:75 - [STDERR_REDIRECT] [Fatal Error] :1:1: Premature end of file.
2025-01-31 18:00:45,268 [ERROR] LogOutputStream:75 - [STDERR_REDIRECT] 
2025-01-31 18:00:46,250 [ERROR] LogOutputStream:75 - [STDERR_REDIRECT] [Fatal Error] :1:1: Premature end of file.
2025-01-31 18:00:46,250 [ERROR] LogOutputStream:75 - [STDERR_REDIRECT] 
2025-01-31 18:00:47,270 [ERROR] LogOutputStream:75 - [STDERR_REDIRECT] [Fatal Error] :1:1: Premature end of file.
2025-01-31 18:00:47,271 [ERROR] LogOutputStream:75 - [STDERR_REDIRECT] 
2025-01-31 18:00:48,261 [ERROR] LogOutputStream:75 - [STDERR_REDIRECT] [Fatal Error] :1:1: Premature end of file.
2025-01-31 18:00:48,261 [ERROR] LogOutputStream:75 - [STDERR_REDIRECT] 
2025-01-31 18:00:49,246 [ERROR] LogOutputStream:75 - [STDERR_REDIRECT] [Fatal Error] :1:1: Premature end of file.
2025-01-31 18:00:49,246 [ERROR] LogOutputStream:75 - [STDERR_REDIRECT] 
2025-01-31 18:00:50,245 [ERROR] LogOutputStream:75 - [STDERR_REDIRECT] [Fatal Error] :1:1: Premature end of file.
2025-01-31 18:00:50,246 [ERROR] LogOutputStream:75 - [STDERR_REDIRECT] 
2025-01-31 18:00:51,244 [ERROR] LogOutputStream:75 - [STDERR_REDIRECT] [Fatal Error] :1:1: Premature end of file.
2025-01-31 18:00:51,245 [ERROR] LogOutputStream:75 - [STDERR_REDIRECT] 
2025-01-31 18:00:52,272 [ERROR] LogOutputStream:75 - [STDERR_REDIRECT] [Fatal Error] :1:1: Premature end of file.
2025-01-31 18:00:52,272 [ERROR] LogOutputStream:75 - [STDERR_REDIRECT] 
2025-01-31 18:00:53,248 [ERROR] LogOutputStream:75 - [STDERR_REDIRECT] [Fatal Error] :1:1: Premature end of file.
2025-01-31 18:00:53,250 [ERROR] LogOutputStream:75 - [STDERR_REDIRECT] 
2025-01-31 18:00:54,257 [ERROR] LogOutputStream:75 - [STDERR_REDIRECT] [Fatal Error] :1:1: Premature end of file.
2025-01-31 18:00:54,257 [ERROR] LogOutputStream:75 - [STDERR_REDIRECT] 
2025-01-31 18:00:55,241 [ERROR] LogOutputStream:75 - [STDERR_REDIRECT] [Fatal Error] :1:1: Premature end of file.
2025-01-31 18:00:55,241 [ERROR] LogOutputStream:75 - [STDERR_REDIRECT] 
2025-01-31 18:00:56,243 [ERROR] LogOutputStream:75 - [STDERR_REDIRECT] [Fatal Error] :1:1: Premature end of file.
2025-01-31 18:00:56,243 [ERROR] LogOutputStream:75 - [STDERR_REDIRECT] 
2025-01-31 18:00:57,255 [ERROR] LogOutputStream:75 - [STDERR_REDIRECT] [Fatal Error] :1:1: Premature end of file.
2025-01-31 18:00:57,255 [ERROR] LogOutputStream:75 - [STDERR_REDIRECT] 
2025-01-31 18:00:58,253 [ERROR] LogOutputStream:75 - [STDERR_REDIRECT] [Fatal Error] :1:1: Premature end of file.
2025-01-31 18:00:58,253 [ERROR] LogOutputStream:75 - [STDERR_REDIRECT] 
2025-01-31 18:00:59,247 [ERROR] LogOutputStream:75 - [STDERR_REDIRECT] [Fatal Error] :1:1: Premature end of file.
2025-01-31 18:00:59,247 [ERROR] LogOutputStream:75 - [STDERR_REDIRECT] 
2025-01-31 18:01:00,245 [ERROR] LogOutputStream:75 - [STDERR_REDIRECT] [Fatal Error] :1:1: Premature end of file.
2025-01-31 18:01:00,245 [ERROR] LogOutputStream:75 - [STDERR_REDIRECT] 
2025-01-31 18:01:01,245 [ERROR] LogOutputStream:75 - [STDERR_REDIRECT] [Fatal Error] :1:1: Premature end of file.
2025-01-31 18:01:01,245 [ERROR] LogOutputStream:75 - [STDERR_REDIRECT] 
2025-01-31 18:01:02,246 [ERROR] LogOutputStream:75 - [STDERR_REDIRECT] [Fatal Error] :1:1: Premature end of file.
2025-01-31 18:01:02,246 [ERROR] LogOutputStream:75 - [STDERR_REDIRECT] 
2025-01-31 18:01:03,245 [ERROR] LogOutputStream:75 - [STDERR_REDIRECT] [Fatal Error] :1:1: Premature end of file.
2025-01-31 18:01:03,245 [ERROR] LogOutputStream:75 - [STDERR_REDIRECT] 
2025-01-31 18:01:04,250 [ERROR] LogOutputStream:75 - [STDERR_REDIRECT] [Fatal Error] :1:1: Premature end of file.
2025-01-31 18:01:04,250 [ERROR] LogOutputStream:75 - [STDERR_REDIRECT] 
2025-01-31 18:01:05,246 [ERROR] LogOutputStream:75 - [STDERR_REDIRECT] [Fatal Error] :1:1: Premature end of file.
2025-01-31 18:01:05,246 [ERROR] LogOutputStream:75 - [STDERR_REDIRECT] 
2025-01-31 18:01:06,256 [ERROR] LogOutputStream:75 - [STDERR_REDIRECT] [Fatal Error] :1:1: Premature end of file.
2025-01-31 18:01:06,257 [ERROR] LogOutputStream:75 - [STDERR_REDIRECT] 
2025-01-31 18:01:07,261 [ERROR] LogOutputStream:75 - [STDERR_REDIRECT] [Fatal Error] :1:1: Premature end of file.
2025-01-31 18:01:07,261 [ERROR] LogOutputStream:75 - [STDERR_REDIRECT] 
2025-01-31 18:01:08,258 [ERROR] LogOutputStream:75 - [STDERR_REDIRECT] [Fatal Error] :1:1: Premature end of file.
2025-01-31 18:01:08,258 [ERROR] LogOutputStream:75 - [STDERR_REDIRECT] 
2025-01-31 18:01:09,256 [ERROR] LogOutputStream:75 - [STDERR_REDIRECT] [Fatal Error] :1:1: Premature end of file.
2025-01-31 18:01:09,258 [ERROR] LogOutputStream:75 - [STDERR_REDIRECT] 
2025-01-31 18:01:10,243 [ERROR] LogOutputStream:75 - [STDERR_REDIRECT] [Fatal Error] :1:1: Premature end of file.
2025-01-31 18:01:10,243 [ERROR] LogOutputStream:75 - [STDERR_REDIRECT] 
2025-01-31 18:01:11,242 [ERROR] LogOutputStream:75 - [STDERR_REDIRECT] [Fatal Error] :1:1: Premature end of file.
2025-01-31 18:01:11,242 [ERROR] LogOutputStream:75 - [STDERR_REDIRECT] 
2025-01-31 18:01:12,242 [ERROR] LogOutputStream:75 - [STDERR_REDIRECT] [Fatal Error] :1:1: Premature end of file.
2025-01-31 18:01:12,242 [ERROR] LogOutputStream:75 - [STDERR_REDIRECT] 
2025-01-31 18:01:13,241 [ERROR] LogOutputStream:75 - [STDERR_REDIRECT] [Fatal Error] :1:1: Premature end of file.
2025-01-31 18:01:13,241 [ERROR] LogOutputStream:75 - [STDERR_REDIRECT] 
2025-01-31 18:01:14,241 [ERROR] LogOutputStream:75 - [STDERR_REDIRECT] [Fatal Error] :1:1: Premature end of file.
2025-01-31 18:01:14,241 [ERROR] LogOutputStream:75 - [STDERR_REDIRECT] 
2025-01-31 18:01:15,243 [ERROR] LogOutputStream:75 - [STDERR_REDIRECT] [Fatal Error] :1:1: Premature end of file.
2025-01-31 18:01:15,243 [ERROR] LogOutputStream:75 - [STDERR_REDIRECT] 
2025-01-31 18:01:16,258 [ERROR] LogOutputStream:75 - [STDERR_REDIRECT] [Fatal Error] :1:1: Premature end of file.
2025-01-31 18:01:16,258 [ERROR] LogOutputStream:75 - [STDERR_REDIRECT] 
2025-01-31 18:01:17,249 [ERROR] LogOutputStream:75 - [STDERR_REDIRECT] [Fatal Error] :1:1: Premature end of file.
2025-01-31 18:01:17,249 [ERROR] LogOutputStream:75 - [STDERR_REDIRECT] 
2025-01-31 18:01:18,252 [ERROR] LogOutputStream:75 - [STDERR_REDIRECT] [Fatal Error] :1:1: Premature end of file.
2025-01-31 18:01:18,252 [ERROR] LogOutputStream:75 - [STDERR_REDIRECT] 
2025-01-31 18:01:19,244 [ERROR] LogOutputStream:75 - [STDERR_REDIRECT] [Fatal Error] :1:1: Premature end of file.
2025-01-31 18:01:19,246 [ERROR] LogOutputStream:75 - [STDERR_REDIRECT] 
2025-01-31 18:01:20,256 [ERROR] LogOutputStream:75 - [STDERR_REDIRECT] [Fatal Error] :1:1: Premature end of file.
2025-01-31 18:01:20,256 [ERROR] LogOutputStream:75 - [STDERR_REDIRECT] 
2025-01-31 18:01:21,246 [ERROR] LogOutputStream:75 - [STDERR_REDIRECT] [Fatal Error] :1:1: Premature end of file.
2025-01-31 18:01:21,246 [ERROR] LogOutputStream:75 - [STDERR_REDIRECT] 
2025-01-31 18:01:22,245 [ERROR] LogOutputStream:75 - [STDERR_REDIRECT] [Fatal Error] :1:1: Premature end of file.
2025-01-31 18:01:22,245 [ERROR] LogOutputStream:75 - [STDERR_REDIRECT] 
2025-01-31 18:01:23,260 [ERROR] LogOutputStream:75 - [STDERR_REDIRECT] [Fatal Error] :1:1: Premature end of file.
2025-01-31 18:01:23,260 [ERROR] LogOutputStream:75 - [STDERR_REDIRECT] 
2025-01-31 18:01:24,257 [ERROR] LogOutputStream:75 - [STDERR_REDIRECT] [Fatal Error] :1:1: Premature end of file.
2025-01-31 18:01:24,257 [ERROR] LogOutputStream:75 - [STDERR_REDIRECT] 
2025-01-31 18:01:25,240 [ERROR] LogOutputStream:75 - [STDERR_REDIRECT] [Fatal Error] :1:1: Premature end of file.
2025-01-31 18:01:25,242 [ERROR] LogOutputStream:75 - [STDERR_REDIRECT] 
2025-01-31 18:01:26,250 [ERROR] LogOutputStream:75 - [STDERR_REDIRECT] [Fatal Error] :1:1: Premature end of file.
2025-01-31 18:01:26,250 [ERROR] LogOutputStream:75 - [STDERR_REDIRECT] 
2025-01-31 18:01:27,258 [ERROR] LogOutputStream:75 - [STDERR_REDIRECT] [Fatal Error] :1:1: Premature end of file.
2025-01-31 18:01:27,258 [ERROR] LogOutputStream:75 - [STDERR_REDIRECT] 
2025-01-31 18:01:28,257 [ERROR] LogOutputStream:75 - [STDERR_REDIRECT] [Fatal Error] :1:1: Premature end of file.
2025-01-31 18:01:28,257 [ERROR] LogOutputStream:75 - [STDERR_REDIRECT] 
2025-01-31 18:01:29,254 [ERROR] LogOutputStream:75 - [STDERR_REDIRECT] [Fatal Error] :1:1: Premature end of file.
2025-01-31 18:01:29,254 [ERROR] LogOutputStream:75 - [STDERR_REDIRECT] 
2025-01-31 18:01:30,247 [ERROR] LogOutputStream:75 - [STDERR_REDIRECT] [Fatal Error] :1:1: Premature end of file.
2025-01-31 18:01:30,247 [ERROR] LogOutputStream:75 - [STDERR_REDIRECT] 
2025-01-31 18:01:31,279 [ERROR] LogOutputStream:75 - [STDERR_REDIRECT] [Fatal Error] :1:1: Premature end of file.
2025-01-31 18:01:31,279 [ERROR] LogOutputStream:75 - [STDERR_REDIRECT] 
2025-01-31 18:01:32,241 [ERROR] LogOutputStream:75 - [STDERR_REDIRECT] [Fatal Error] :1:1: Premature end of file.
2025-01-31 18:01:32,241 [ERROR] LogOutputStream:75 - [STDERR_REDIRECT] 
2025-01-31 18:01:33,246 [ERROR] LogOutputStream:75 - [STDERR_REDIRECT] [Fatal Error] :1:1: Premature end of file.
2025-01-31 18:01:33,246 [ERROR] LogOutputStream:75 - [STDERR_REDIRECT] 
2025-01-31 18:01:34,258 [ERROR] LogOutputStream:75 - [STDERR_REDIRECT] [Fatal Error] :1:1: Premature end of file.
2025-01-31 18:01:34,258 [ERROR] LogOutputStream:75 - [STDERR_REDIRECT] 
2025-01-31 18:01:35,253 [ERROR] LogOutputStream:75 - [STDERR_REDIRECT] [Fatal Error] :1:1: Premature end of file.
2025-01-31 18:01:35,253 [ERROR] LogOutputStream:75 - [STDERR_REDIRECT] 
2025-01-31 18:01:36,254 [ERROR] LogOutputStream:75 - [STDERR_REDIRECT] [Fatal Error] :1:1: Premature end of file.
2025-01-31 18:01:36,254 [ERROR] LogOutputStream:75 - [STDERR_REDIRECT] 
2025-01-31 18:01:37,255 [ERROR] LogOutputStream:75 - [STDERR_REDIRECT] [Fatal Error] :1:1: Premature end of file.
2025-01-31 18:01:37,255 [ERROR] LogOutputStream:75 - [STDERR_REDIRECT] 
2025-01-31 18:01:38,259 [ERROR] LogOutputStream:75 - [STDERR_REDIRECT] [Fatal Error] :1:1: Premature end of file.
2025-01-31 18:01:38,259 [ERROR] LogOutputStream:75 - [STDERR_REDIRECT] 
2025-01-31 18:01:39,254 [ERROR] LogOutputStream:75 - [STDERR_REDIRECT] [Fatal Error] :1:1: Premature end of file.
2025-01-31 18:01:39,256 [ERROR] LogOutputStream:75 - [STDERR_REDIRECT] 
2025-01-31 18:01:40,247 [ERROR] LogOutputStream:75 - [STDERR_REDIRECT] [Fatal Error] :1:1: Premature end of file.
2025-01-31 18:01:40,247 [ERROR] LogOutputStream:75 - [STDERR_REDIRECT] 
2025-01-31 18:01:41,242 [ERROR] LogOutputStream:75 - [STDERR_REDIRECT] [Fatal Error] :1:1: Premature end of file.
2025-01-31 18:01:41,242 [ERROR] LogOutputStream:75 - [STDERR_REDIRECT] 
2025-01-31 18:01:42,256 [ERROR] LogOutputStream:75 - [STDERR_REDIRECT] [Fatal Error] :1:1: Premature end of file.
2025-01-31 18:01:42,256 [ERROR] LogOutputStream:75 - [STDERR_REDIRECT] 
2025-01-31 18:01:43,262 [ERROR] LogOutputStream:75 - [STDERR_REDIRECT] [Fatal Error] :1:1: Premature end of file.
2025-01-31 18:01:43,262 [ERROR] LogOutputStream:75 - [STDERR_REDIRECT] 
2025-01-31 18:01:44,259 [ERROR] LogOutputStream:75 - [STDERR_REDIRECT] [Fatal Error] :1:1: Premature end of file.
2025-01-31 18:01:44,259 [ERROR] LogOutputStream:75 - [STDERR_REDIRECT] 
2025-01-31 18:01:45,274 [ERROR] LogOutputStream:75 - [STDERR_REDIRECT] [Fatal Error] :1:1: Premature end of file.
2025-01-31 18:01:45,274 [ERROR] LogOutputStream:75 - [STDERR_REDIRECT] 
2025-01-31 18:01:46,242 [ERROR] LogOutputStream:75 - [STDERR_REDIRECT] [Fatal Error] :1:1: Premature end of file.
2025-01-31 18:01:46,242 [ERROR] LogOutputStream:75 - [STDERR_REDIRECT] 
2025-01-31 18:01:47,254 [ERROR] LogOutputStream:75 - [STDERR_REDIRECT] [Fatal Error] :1:1: Premature end of file.
2025-01-31 18:01:47,254 [ERROR] LogOutputStream:75 - [STDERR_REDIRECT] 
2025-01-31 18:01:48,262 [ERROR] LogOutputStream:75 - [STDERR_REDIRECT] [Fatal Error] :1:1: Premature end of file.
2025-01-31 18:01:48,262 [ERROR] LogOutputStream:75 - [STDERR_REDIRECT] 
2025-01-31 18:01:49,255 [ERROR] LogOutputStream:75 - [STDERR_REDIRECT] [Fatal Error] :1:1: Premature end of file.
2025-01-31 18:01:49,255 [ERROR] LogOutputStream:75 - [STDERR_REDIRECT] 
2025-01-31 18:01:50,260 [ERROR] LogOutputStream:75 - [STDERR_REDIRECT] [Fatal Error] :1:1: Premature end of file.
2025-01-31 18:01:50,260 [ERROR] LogOutputStream:75 - [STDERR_REDIRECT] 
2025-01-31 18:01:51,259 [ERROR] LogOutputStream:75 - [STDERR_REDIRECT] [Fatal Error] :1:1: Premature end of file.
2025-01-31 18:01:51,259 [ERROR] LogOutputStream:75 - [STDERR_REDIRECT] 
2025-01-31 18:01:52,260 [ERROR] LogOutputStream:75 - [STDERR_REDIRECT] [Fatal Error] :1:1: Premature end of file.
2025-01-31 18:01:52,260 [ERROR] LogOutputStream:75 - [STDERR_REDIRECT] 
2025-01-31 18:01:53,252 [ERROR] LogOutputStream:75 - [STDERR_REDIRECT] [Fatal Error] :1:1: Premature end of file.
2025-01-31 18:01:53,252 [ERROR] LogOutputStream:75 - [STDERR_REDIRECT] 
2025-01-31 18:01:54,249 [ERROR] LogOutputStream:75 - [STDERR_REDIRECT] [Fatal Error] :1:1: Premature end of file.
2025-01-31 18:01:54,249 [ERROR] LogOutputStream:75 - [STDERR_REDIRECT] 
2025-01-31 18:01:55,258 [ERROR] LogOutputStream:75 - [STDERR_REDIRECT] [Fatal Error] :1:1: Premature end of file.
2025-01-31 18:01:55,258 [ERROR] LogOutputStream:75 - [STDERR_REDIRECT] 
2025-01-31 18:01:56,254 [ERROR] LogOutputStream:75 - [STDERR_REDIRECT] [Fatal Error] :1:1: Premature end of file.
2025-01-31 18:01:56,254 [ERROR] LogOutputStream:75 - [STDERR_REDIRECT] 
2025-01-31 18:01:57,262 [ERROR] LogOutputStream:75 - [STDERR_REDIRECT] [Fatal Error] :1:1: Premature end of file.
2025-01-31 18:01:57,262 [ERROR] LogOutputStream:75 - [STDERR_REDIRECT] 
2025-01-31 18:01:58,258 [ERROR] LogOutputStream:75 - [STDERR_REDIRECT] [Fatal Error] :1:1: Premature end of file.
2025-01-31 18:01:58,258 [ERROR] LogOutputStream:75 - [STDERR_REDIRECT] 
2025-01-31 18:01:59,256 [ERROR] LogOutputStream:75 - [STDERR_REDIRECT] [Fatal Error] :1:1: Premature end of file.
2025-01-31 18:01:59,256 [ERROR] LogOutputStream:75 - [STDERR_REDIRECT] 
2025-01-31 18:02:00,256 [ERROR] LogOutputStream:75 - [STDERR_REDIRECT] [Fatal Error] :1:1: Premature end of file.
2025-01-31 18:02:00,256 [ERROR] LogOutputStream:75 - [STDERR_REDIRECT] 
2025-01-31 18:02:01,252 [ERROR] LogOutputStream:75 - [STDERR_REDIRECT] [Fatal Error] :1:1: Premature end of file.
2025-01-31 18:02:01,253 [ERROR] LogOutputStream:75 - [STDERR_REDIRECT] 
2025-01-31 18:02:02,258 [ERROR] LogOutputStream:75 - [STDERR_REDIRECT] [Fatal Error] :1:1: Premature end of file.
2025-01-31 18:02:02,260 [ERROR] LogOutputStream:75 - [STDERR_REDIRECT] 
2025-01-31 18:02:03,272 [ERROR] LogOutputStream:75 - [STDERR_REDIRECT] [Fatal Error] :1:1: Premature end of file.
2025-01-31 18:02:03,272 [ERROR] LogOutputStream:75 - [STDERR_REDIRECT] 
2025-01-31 18:02:04,265 [ERROR] LogOutputStream:75 - [STDERR_REDIRECT] [Fatal Error] :1:1: Premature end of file.
2025-01-31 18:02:04,265 [ERROR] LogOutputStream:75 - [STDERR_REDIRECT] 
2025-01-31 18:02:05,250 [ERROR] LogOutputStream:75 - [STDERR_REDIRECT] [Fatal Error] :1:1: Premature end of file.
2025-01-31 18:02:05,250 [ERROR] LogOutputStream:75 - [STDERR_REDIRECT] 
2025-01-31 18:02:06,261 [ERROR] LogOutputStream:75 - [STDERR_REDIRECT] [Fatal Error] :1:1: Premature end of file.
2025-01-31 18:02:06,261 [ERROR] LogOutputStream:75 - [STDERR_REDIRECT] 
2025-01-31 18:02:07,250 [ERROR] LogOutputStream:75 - [STDERR_REDIRECT] [Fatal Error] :1:1: Premature end of file.
2025-01-31 18:02:07,250 [ERROR] LogOutputStream:75 - [STDERR_REDIRECT] 
2025-01-31 18:02:08,258 [ERROR] LogOutputStream:75 - [STDERR_REDIRECT] [Fatal Error] :1:1: Premature end of file.
2025-01-31 18:02:08,258 [ERROR] LogOutputStream:75 - [STDERR_REDIRECT] 
2025-01-31 18:02:09,261 [ERROR] LogOutputStream:75 - [STDERR_REDIRECT] [Fatal Error] :1:1: Premature end of file.
2025-01-31 18:02:09,261 [ERROR] LogOutputStream:75 - [STDERR_REDIRECT] 
2025-01-31 18:02:10,276 [ERROR] LogOutputStream:75 - [STDERR_REDIRECT] [Fatal Error] :1:1: Premature end of file.
2025-01-31 18:02:10,276 [ERROR] LogOutputStream:75 - [STDERR_REDIRECT] 
2025-01-31 18:02:11,250 [ERROR] LogOutputStream:75 - [STDERR_REDIRECT] [Fatal Error] :1:1: Premature end of file.
2025-01-31 18:02:11,250 [ERROR] LogOutputStream:75 - [STDERR_REDIRECT] 
2025-01-31 18:02:12,255 [ERROR] LogOutputStream:75 - [STDERR_REDIRECT] [Fatal Error] :1:1: Premature end of file.
2025-01-31 18:02:12,255 [ERROR] LogOutputStream:75 - [STDERR_REDIRECT] 
2025-01-31 18:02:13,240 [ERROR] LogOutputStream:75 - [STDERR_REDIRECT] [Fatal Error] :1:1: Premature end of file.
2025-01-31 18:02:13,240 [ERROR] LogOutputStream:75 - [STDERR_REDIRECT] 
2025-01-31 18:02:14,251 [ERROR] LogOutputStream:75 - [STDERR_REDIRECT] [Fatal Error] :1:1: Premature end of file.
2025-01-31 18:02:14,251 [ERROR] LogOutputStream:75 - [STDERR_REDIRECT] 
2025-01-31 18:02:15,257 [ERROR] LogOutputStream:75 - [STDERR_REDIRECT] [Fatal Error] :1:1: Premature end of file.
2025-01-31 18:02:15,257 [ERROR] LogOutputStream:75 - [STDERR_REDIRECT] 
2025-01-31 18:02:16,249 [ERROR] LogOutputStream:75 - [STDERR_REDIRECT] [Fatal Error] :1:1: Premature end of file.
2025-01-31 18:02:16,250 [ERROR] LogOutputStream:75 - [STDERR_REDIRECT] 
2025-01-31 18:02:17,262 [ERROR] LogOutputStream:75 - [STDERR_REDIRECT] [Fatal Error] :1:1: Premature end of file.
2025-01-31 18:02:17,262 [ERROR] LogOutputStream:75 - [STDERR_REDIRECT] 
2025-01-31 18:02:18,257 [ERROR] LogOutputStream:75 - [STDERR_REDIRECT] [Fatal Error] :1:1: Premature end of file.
2025-01-31 18:02:18,257 [ERROR] LogOutputStream:75 - [STDERR_REDIRECT] 
2025-01-31 18:02:19,265 [ERROR] LogOutputStream:75 - [STDERR_REDIRECT] [Fatal Error] :1:1: Premature end of file.
2025-01-31 18:02:19,265 [ERROR] LogOutputStream:75 - [STDERR_REDIRECT] 
2025-01-31 18:02:20,258 [ERROR] LogOutputStream:75 - [STDERR_REDIRECT] [Fatal Error] :1:1: Premature end of file.
2025-01-31 18:02:20,258 [ERROR] LogOutputStream:75 - [STDERR_REDIRECT] 
2025-01-31 18:02:21,242 [ERROR] LogOutputStream:75 - [STDERR_REDIRECT] [Fatal Error] :1:1: Premature end of file.
2025-01-31 18:02:21,242 [ERROR] LogOutputStream:75 - [STDERR_REDIRECT] 
2025-01-31 18:02:22,243 [ERROR] LogOutputStream:75 - [STDERR_REDIRECT] [Fatal Error] :1:1: Premature end of file.
2025-01-31 18:02:22,243 [ERROR] LogOutputStream:75 - [STDERR_REDIRECT] 
2025-01-31 18:02:23,242 [ERROR] LogOutputStream:75 - [STDERR_REDIRECT] [Fatal Error] :1:1: Premature end of file.
2025-01-31 18:02:23,242 [ERROR] LogOutputStream:75 - [STDERR_REDIRECT] 
2025-01-31 18:02:24,248 [ERROR] LogOutputStream:75 - [STDERR_REDIRECT] [Fatal Error] :1:1: Premature end of file.
2025-01-31 18:02:24,248 [ERROR] LogOutputStream:75 - [STDERR_REDIRECT] 
2025-01-31 18:02:25,242 [ERROR] LogOutputStream:75 - [STDERR_REDIRECT] [Fatal Error] :1:1: Premature end of file.
2025-01-31 18:02:25,242 [ERROR] LogOutputStream:75 - [STDERR_REDIRECT] 
2025-01-31 18:02:26,244 [ERROR] LogOutputStream:75 - [STDERR_REDIRECT] [Fatal Error] :1:1: Premature end of file.
2025-01-31 18:02:26,244 [ERROR] LogOutputStream:75 - [STDERR_REDIRECT] 
2025-01-31 18:02:27,251 [ERROR] LogOutputStream:75 - [STDERR_REDIRECT] [Fatal Error] :1:1: Premature end of file.
2025-01-31 18:02:27,252 [ERROR] LogOutputStream:75 - [STDERR_REDIRECT] 
2025-01-31 18:02:28,247 [ERROR] LogOutputStream:75 - [STDERR_REDIRECT] [Fatal Error] :1:1: Premature end of file.
2025-01-31 18:02:28,247 [ERROR] LogOutputStream:75 - [STDERR_REDIRECT] 
2025-01-31 18:02:29,244 [ERROR] LogOutputStream:75 - [STDERR_REDIRECT] [Fatal Error] :1:1: Premature end of file.
2025-01-31 18:02:29,244 [ERROR] LogOutputStream:75 - [STDERR_REDIRECT] 
2025-01-31 18:02:30,237 [ERROR] LogOutputStream:75 - [STDERR_REDIRECT] [Fatal Error] :1:1: Premature end of file.
2025-01-31 18:02:30,237 [ERROR] LogOutputStream:75 - [STDERR_REDIRECT] 
2025-01-31 18:02:31,239 [ERROR] LogOutputStream:75 - [STDERR_REDIRECT] [Fatal Error] :1:1: Premature end of file.
2025-01-31 18:02:31,239 [ERROR] LogOutputStream:75 - [STDERR_REDIRECT] 
2025-01-31 18:02:32,239 [ERROR] LogOutputStream:75 - [STDERR_REDIRECT] [Fatal Error] :1:1: Premature end of file.
2025-01-31 18:02:32,239 [ERROR] LogOutputStream:75 - [STDERR_REDIRECT] 
2025-01-31 18:02:33,248 [ERROR] LogOutputStream:75 - [STDERR_REDIRECT] [Fatal Error] :1:1: Premature end of file.
2025-01-31 18:02:33,249 [ERROR] LogOutputStream:75 - [STDERR_REDIRECT] 
2025-01-31 18:02:34,245 [ERROR] LogOutputStream:75 - [STDERR_REDIRECT] [Fatal Error] :1:1: Premature end of file.
2025-01-31 18:02:34,245 [ERROR] LogOutputStream:75 - [STDERR_REDIRECT] 
2025-01-31 18:02:35,244 [ERROR] LogOutputStream:75 - [STDERR_REDIRECT] [Fatal Error] :1:1: Premature end of file.
2025-01-31 18:02:35,246 [ERROR] LogOutputStream:75 - [STDERR_REDIRECT] 
2025-01-31 18:02:36,245 [ERROR] LogOutputStream:75 - [STDERR_REDIRECT] [Fatal Error] :1:1: Premature end of file.
2025-01-31 18:02:36,245 [ERROR] LogOutputStream:75 - [STDERR_REDIRECT] 
2025-01-31 18:02:37,244 [ERROR] LogOutputStream:75 - [STDERR_REDIRECT] [Fatal Error] :1:1: Premature end of file.
2025-01-31 18:02:37,244 [ERROR] LogOutputStream:75 - [STDERR_REDIRECT] 
2025-01-31 18:02:38,238 [ERROR] LogOutputStream:75 - [STDERR_REDIRECT] [Fatal Error] :1:1: Premature end of file.
2025-01-31 18:02:38,238 [ERROR] LogOutputStream:75 - [STDERR_REDIRECT] 
2025-01-31 18:02:39,239 [ERROR] LogOutputStream:75 - [STDERR_REDIRECT] [Fatal Error] :1:1: Premature end of file.
2025-01-31 18:02:39,239 [ERROR] LogOutputStream:75 - [STDERR_REDIRECT] 
2025-01-31 18:02:40,246 [ERROR] LogOutputStream:75 - [STDERR_REDIRECT] [Fatal Error] :1:1: Premature end of file.
2025-01-31 18:02:40,246 [ERROR] LogOutputStream:75 - [STDERR_REDIRECT] 
2025-01-31 18:02:41,238 [ERROR] LogOutputStream:75 - [STDERR_REDIRECT] [Fatal Error] :1:1: Premature end of file.
2025-01-31 18:02:41,238 [ERROR] LogOutputStream:75 - [STDERR_REDIRECT] 
2025-01-31 18:02:42,247 [ERROR] LogOutputStream:75 - [STDERR_REDIRECT] [Fatal Error] :1:1: Premature end of file.
2025-01-31 18:02:42,247 [ERROR] LogOutputStream:75 - [STDERR_REDIRECT] 
2025-01-31 18:02:43,244 [ERROR] LogOutputStream:75 - [STDERR_REDIRECT] [Fatal Error] :1:1: Premature end of file.
2025-01-31 18:02:43,246 [ERROR] LogOutputStream:75 - [STDERR_REDIRECT] 
2025-01-31 18:02:44,248 [ERROR] LogOutputStream:75 - [STDERR_REDIRECT] [Fatal Error] :1:1: Premature end of file.
2025-01-31 18:02:44,249 [ERROR] LogOutputStream:75 - [STDERR_REDIRECT] 
2025-01-31 18:02:45,246 [ERROR] LogOutputStream:75 - [STDERR_REDIRECT] [Fatal Error] :1:1: Premature end of file.
2025-01-31 18:02:45,247 [ERROR] LogOutputStream:75 - [STDERR_REDIRECT] 
2025-01-31 18:02:46,243 [ERROR] LogOutputStream:75 - [STDERR_REDIRECT] [Fatal Error] :1:1: Premature end of file.
2025-01-31 18:02:46,244 [ERROR] LogOutputStream:75 - [STDERR_REDIRECT] 
2025-01-31 18:02:47,244 [ERROR] LogOutputStream:75 - [STDERR_REDIRECT] [Fatal Error] :1:1: Premature end of file.
2025-01-31 18:02:47,244 [ERROR] LogOutputStream:75 - [STDERR_REDIRECT] 
2025-01-31 18:02:48,248 [ERROR] LogOutputStream:75 - [STDERR_REDIRECT] [Fatal Error] :1:1: Premature end of file.
2025-01-31 18:02:48,248 [ERROR] LogOutputStream:75 - [STDERR_REDIRECT] 
2025-01-31 18:02:49,238 [ERROR] LogOutputStream:75 - [STDERR_REDIRECT] [Fatal Error] :1:1: Premature end of file.
2025-01-31 18:02:49,238 [ERROR] LogOutputStream:75 - [STDERR_REDIRECT] 
2025-01-31 18:02:50,244 [ERROR] LogOutputStream:75 - [STDERR_REDIRECT] [Fatal Error] :1:1: Premature end of file.
2025-01-31 18:02:50,244 [ERROR] LogOutputStream:75 - [STDERR_REDIRECT] 
2025-01-31 18:02:51,244 [ERROR] LogOutputStream:75 - [STDERR_REDIRECT] [Fatal Error] :1:1: Premature end of file.
2025-01-31 18:02:51,244 [ERROR] LogOutputStream:75 - [STDERR_REDIRECT] 
2025-01-31 18:02:52,247 [ERROR] LogOutputStream:75 - [STDERR_REDIRECT] [Fatal Error] :1:1: Premature end of file.
2025-01-31 18:02:52,247 [ERROR] LogOutputStream:75 - [STDERR_REDIRECT] 
2025-01-31 18:02:53,254 [ERROR] LogOutputStream:75 - [STDERR_REDIRECT] [Fatal Error] :1:1: Premature end of file.
2025-01-31 18:02:53,254 [ERROR] LogOutputStream:75 - [STDERR_REDIRECT] 
2025-01-31 18:02:54,243 [ERROR] LogOutputStream:75 - [STDERR_REDIRECT] [Fatal Error] :1:1: Premature end of file.
2025-01-31 18:02:54,243 [ERROR] LogOutputStream:75 - [STDERR_REDIRECT] 
2025-01-31 18:02:55,243 [ERROR] LogOutputStream:75 - [STDERR_REDIRECT] [Fatal Error] :1:1: Premature end of file.
2025-01-31 18:02:55,243 [ERROR] LogOutputStream:75 - [STDERR_REDIRECT] 
2025-01-31 18:02:56,242 [ERROR] LogOutputStream:75 - [STDERR_REDIRECT] [Fatal Error] :1:1: Premature end of file.
2025-01-31 18:02:56,244 [ERROR] LogOutputStream:75 - [STDERR_REDIRECT] 
2025-01-31 18:02:57,248 [ERROR] LogOutputStream:75 - [STDERR_REDIRECT] [Fatal Error] :1:1: Premature end of file.
2025-01-31 18:02:57,248 [ERROR] LogOutputStream:75 - [STDERR_REDIRECT] 
2025-01-31 18:02:58,255 [ERROR] LogOutputStream:75 - [STDERR_REDIRECT] [Fatal Error] :1:1: Premature end of file.
2025-01-31 18:02:58,255 [ERROR] LogOutputStream:75 - [STDERR_REDIRECT] 
2025-01-31 18:02:59,243 [ERROR] LogOutputStream:75 - [STDERR_REDIRECT] [Fatal Error] :1:1: Premature end of file.
2025-01-31 18:02:59,243 [ERROR] LogOutputStream:75 - [STDERR_REDIRECT] 
2025-01-31 18:03:00,241 [ERROR] LogOutputStream:75 - [STDERR_REDIRECT] [Fatal Error] :1:1: Premature end of file.
2025-01-31 18:03:00,241 [ERROR] LogOutputStream:75 - [STDERR_REDIRECT] 
2025-01-31 18:03:01,265 [ERROR] LogOutputStream:75 - [STDERR_REDIRECT] [Fatal Error] :1:1: Premature end of file.
2025-01-31 18:03:01,265 [ERROR] LogOutputStream:75 - [STDERR_REDIRECT] 
2025-01-31 18:03:02,253 [ERROR] LogOutputStream:75 - [STDERR_REDIRECT] [Fatal Error] :1:1: Premature end of file.
2025-01-31 18:03:02,253 [ERROR] LogOutputStream:75 - [STDERR_REDIRECT] 
2025-01-31 18:03:03,254 [ERROR] LogOutputStream:75 - [STDERR_REDIRECT] [Fatal Error] :1:1: Premature end of file.
2025-01-31 18:03:03,254 [ERROR] LogOutputStream:75 - [STDERR_REDIRECT] 
2025-01-31 18:03:04,245 [ERROR] LogOutputStream:75 - [STDERR_REDIRECT] [Fatal Error] :1:1: Premature end of file.
2025-01-31 18:03:04,245 [ERROR] LogOutputStream:75 - [STDERR_REDIRECT] 
2025-01-31 18:03:05,243 [ERROR] LogOutputStream:75 - [STDERR_REDIRECT] [Fatal Error] :1:1: Premature end of file.
2025-01-31 18:03:05,244 [ERROR] LogOutputStream:75 - [STDERR_REDIRECT] 
2025-01-31 18:03:06,251 [ERROR] LogOutputStream:75 - [STDERR_REDIRECT] [Fatal Error] :1:1: Premature end of file.
2025-01-31 18:03:06,251 [ERROR] LogOutputStream:75 - [STDERR_REDIRECT] 
2025-01-31 18:03:07,243 [ERROR] LogOutputStream:75 - [STDERR_REDIRECT] [Fatal Error] :1:1: Premature end of file.
2025-01-31 18:03:07,243 [ERROR] LogOutputStream:75 - [STDERR_REDIRECT] 
2025-01-31 18:03:08,244 [ERROR] LogOutputStream:75 - [STDERR_REDIRECT] [Fatal Error] :1:1: Premature end of file.
2025-01-31 18:03:08,244 [ERROR] LogOutputStream:75 - [STDERR_REDIRECT] 
2025-01-31 18:03:09,244 [ERROR] LogOutputStream:75 - [STDERR_REDIRECT] [Fatal Error] :1:1: Premature end of file.
2025-01-31 18:03:09,244 [ERROR] LogOutputStream:75 - [STDERR_REDIRECT] 
2025-01-31 18:03:10,244 [ERROR] LogOutputStream:75 - [STDERR_REDIRECT] [Fatal Error] :1:1: Premature end of file.
2025-01-31 18:03:10,244 [ERROR] LogOutputStream:75 - [STDERR_REDIRECT] 
2025-01-31 18:03:11,245 [ERROR] LogOutputStream:75 - [STDERR_REDIRECT] [Fatal Error] :1:1: Premature end of file.
2025-01-31 18:03:11,246 [ERROR] LogOutputStream:75 - [STDERR_REDIRECT] 
2025-01-31 18:03:12,261 [ERROR] LogOutputStream:75 - [STDERR_REDIRECT] [Fatal Error] :1:1: Premature end of file.
2025-01-31 18:03:12,261 [ERROR] LogOutputStream:75 - [STDERR_REDIRECT] 
2025-01-31 18:03:13,250 [ERROR] LogOutputStream:75 - [STDERR_REDIRECT] [Fatal Error] :1:1: Premature end of file.
2025-01-31 18:03:13,250 [ERROR] LogOutputStream:75 - [STDERR_REDIRECT] 
2025-01-31 18:03:14,255 [ERROR] LogOutputStream:75 - [STDERR_REDIRECT] [Fatal Error] :1:1: Premature end of file.
2025-01-31 18:03:14,255 [ERROR] LogOutputStream:75 - [STDERR_REDIRECT] 
2025-01-31 18:03:15,246 [ERROR] LogOutputStream:75 - [STDERR_REDIRECT] [Fatal Error] :1:1: Premature end of file.
2025-01-31 18:03:15,246 [ERROR] LogOutputStream:75 - [STDERR_REDIRECT] 
2025-01-31 18:03:16,253 [ERROR] LogOutputStream:75 - [STDERR_REDIRECT] [Fatal Error] :1:1: Premature end of file.
2025-01-31 18:03:16,253 [ERROR] LogOutputStream:75 - [STDERR_REDIRECT] 
2025-01-31 18:03:17,243 [ERROR] LogOutputStream:75 - [STDERR_REDIRECT] [Fatal Error] :1:1: Premature end of file.
2025-01-31 18:03:17,243 [ERROR] LogOutputStream:75 - [STDERR_REDIRECT] 
2025-01-31 18:03:18,249 [ERROR] LogOutputStream:75 - [STDERR_REDIRECT] [Fatal Error] :1:1: Premature end of file.
2025-01-31 18:03:18,251 [ERROR] LogOutputStream:75 - [STDERR_REDIRECT] 
2025-01-31 18:03:19,256 [ERROR] LogOutputStream:75 - [STDERR_REDIRECT] [Fatal Error] :1:1: Premature end of file.
2025-01-31 18:03:19,256 [ERROR] LogOutputStream:75 - [STDERR_REDIRECT] 
2025-01-31 18:03:20,255 [ERROR] LogOutputStream:75 - [STDERR_REDIRECT] [Fatal Error] :1:1: Premature end of file.
2025-01-31 18:03:20,255 [ERROR] LogOutputStream:75 - [STDERR_REDIRECT] 
2025-01-31 18:03:21,258 [ERROR] LogOutputStream:75 - [STDERR_REDIRECT] [Fatal Error] :1:1: Premature end of file.
2025-01-31 18:03:21,258 [ERROR] LogOutputStream:75 - [STDERR_REDIRECT] 
2025-01-31 18:03:22,272 [ERROR] LogOutputStream:75 - [STDERR_REDIRECT] [Fatal Error] :1:1: Premature end of file.
2025-01-31 18:03:22,272 [ERROR] LogOutputStream:75 - [STDERR_REDIRECT] 
2025-01-31 18:03:23,255 [ERROR] LogOutputStream:75 - [STDERR_REDIRECT] [Fatal Error] :1:1: Premature end of file.
2025-01-31 18:03:23,255 [ERROR] LogOutputStream:75 - [STDERR_REDIRECT] 
2025-01-31 18:03:24,251 [ERROR] LogOutputStream:75 - [STDERR_REDIRECT] [Fatal Error] :1:1: Premature end of file.
2025-01-31 18:03:24,253 [ERROR] LogOutputStream:75 - [STDERR_REDIRECT] 
2025-01-31 18:03:25,254 [ERROR] LogOutputStream:75 - [STDERR_REDIRECT] [Fatal Error] :1:1: Premature end of file.
2025-01-31 18:03:25,254 [ERROR] LogOutputStream:75 - [STDERR_REDIRECT] 
2025-01-31 18:03:26,259 [ERROR] LogOutputStream:75 - [STDERR_REDIRECT] [Fatal Error] :1:1: Premature end of file.
2025-01-31 18:03:26,259 [ERROR] LogOutputStream:75 - [STDERR_REDIRECT] 
2025-01-31 18:03:27,260 [ERROR] LogOutputStream:75 - [STDERR_REDIRECT] [Fatal Error] :1:1: Premature end of file.
2025-01-31 18:03:27,260 [ERROR] LogOutputStream:75 - [STDERR_REDIRECT] 
2025-01-31 18:03:28,237 [ERROR] LogOutputStream:75 - [STDERR_REDIRECT] [Fatal Error] :1:1: Premature end of file.
2025-01-31 18:03:28,237 [ERROR] LogOutputStream:75 - [STDERR_REDIRECT] 
2025-01-31 18:03:29,248 [ERROR] LogOutputStream:75 - [STDERR_REDIRECT] [Fatal Error] :1:1: Premature end of file.
2025-01-31 18:03:29,248 [ERROR] LogOutputStream:75 - [STDERR_REDIRECT] 
2025-01-31 18:03:30,244 [ERROR] LogOutputStream:75 - [STDERR_REDIRECT] [Fatal Error] :1:1: Premature end of file.
2025-01-31 18:03:30,244 [ERROR] LogOutputStream:75 - [STDERR_REDIRECT] 
2025-01-31 18:03:31,258 [ERROR] LogOutputStream:75 - [STDERR_REDIRECT] [Fatal Error] :1:1: Premature end of file.
2025-01-31 18:03:31,258 [ERROR] LogOutputStream:75 - [STDERR_REDIRECT] 
2025-01-31 18:03:32,243 [ERROR] LogOutputStream:75 - [STDERR_REDIRECT] [Fatal Error] :1:1: Premature end of file.
2025-01-31 18:03:32,243 [ERROR] LogOutputStream:75 - [STDERR_REDIRECT] 
2025-01-31 18:03:33,247 [ERROR] LogOutputStream:75 - [STDERR_REDIRECT] [Fatal Error] :1:1: Premature end of file.
2025-01-31 18:03:33,247 [ERROR] LogOutputStream:75 - [STDERR_REDIRECT] 
2025-01-31 18:03:34,246 [ERROR] LogOutputStream:75 - [STDERR_REDIRECT] [Fatal Error] :1:1: Premature end of file.
2025-01-31 18:03:34,246 [ERROR] LogOutputStream:75 - [STDERR_REDIRECT] 
2025-01-31 18:03:35,253 [ERROR] LogOutputStream:75 - [STDERR_REDIRECT] [Fatal Error] :1:1: Premature end of file.
2025-01-31 18:03:35,253 [ERROR] LogOutputStream:75 - [STDERR_REDIRECT] 
2025-01-31 18:03:36,249 [ERROR] LogOutputStream:75 - [STDERR_REDIRECT] [Fatal Error] :1:1: Premature end of file.
2025-01-31 18:03:36,249 [ERROR] LogOutputStream:75 - [STDERR_REDIRECT] 
2025-01-31 18:03:37,244 [ERROR] LogOutputStream:75 - [STDERR_REDIRECT] [Fatal Error] :1:1: Premature end of file.
2025-01-31 18:03:37,244 [ERROR] LogOutputStream:75 - [STDERR_REDIRECT] 
2025-01-31 18:03:38,242 [ERROR] LogOutputStream:75 - [STDERR_REDIRECT] [Fatal Error] :1:1: Premature end of file.
2025-01-31 18:03:38,242 [ERROR] LogOutputStream:75 - [STDERR_REDIRECT] 
2025-01-31 18:03:39,248 [ERROR] LogOutputStream:75 - [STDERR_REDIRECT] [Fatal Error] :1:1: Premature end of file.
2025-01-31 18:03:39,248 [ERROR] LogOutputStream:75 - [STDERR_REDIRECT] 
2025-01-31 18:03:40,252 [ERROR] LogOutputStream:75 - [STDERR_REDIRECT] [Fatal Error] :1:1: Premature end of file.
2025-01-31 18:03:40,252 [ERROR] LogOutputStream:75 - [STDERR_REDIRECT] 
2025-01-31 18:03:41,252 [ERROR] LogOutputStream:75 - [STDERR_REDIRECT] [Fatal Error] :1:1: Premature end of file.
2025-01-31 18:03:41,252 [ERROR] LogOutputStream:75 - [STDERR_REDIRECT] 
2025-01-31 18:03:42,244 [ERROR] LogOutputStream:75 - [STDERR_REDIRECT] [Fatal Error] :1:1: Premature end of file.
2025-01-31 18:03:42,244 [ERROR] LogOutputStream:75 - [STDERR_REDIRECT] 
2025-01-31 18:03:43,242 [ERROR] LogOutputStream:75 - [STDERR_REDIRECT] [Fatal Error] :1:1: Premature end of file.
2025-01-31 18:03:43,242 [ERROR] LogOutputStream:75 - [STDERR_REDIRECT] 
2025-01-31 18:03:44,254 [ERROR] LogOutputStream:75 - [STDERR_REDIRECT] [Fatal Error] :1:1: Premature end of file.
2025-01-31 18:03:44,254 [ERROR] LogOutputStream:75 - [STDERR_REDIRECT] 
2025-01-31 18:03:45,267 [ERROR] LogOutputStream:75 - [STDERR_REDIRECT] [Fatal Error] :1:1: Premature end of file.
2025-01-31 18:03:45,267 [ERROR] LogOutputStream:75 - [STDERR_REDIRECT] 
2025-01-31 18:03:46,253 [ERROR] LogOutputStream:75 - [STDERR_REDIRECT] [Fatal Error] :1:1: Premature end of file.
2025-01-31 18:03:46,253 [ERROR] LogOutputStream:75 - [STDERR_REDIRECT] 
2025-01-31 18:03:47,246 [ERROR] LogOutputStream:75 - [STDERR_REDIRECT] [Fatal Error] :1:1: Premature end of file.
2025-01-31 18:03:47,248 [ERROR] LogOutputStream:75 - [STDERR_REDIRECT] 
2025-01-31 18:03:48,238 [ERROR] LogOutputStream:75 - [STDERR_REDIRECT] [Fatal Error] :1:1: Premature end of file.
2025-01-31 18:03:48,238 [ERROR] LogOutputStream:75 - [STDERR_REDIRECT] 
2025-01-31 18:03:49,248 [ERROR] LogOutputStream:75 - [STDERR_REDIRECT] [Fatal Error] :1:1: Premature end of file.
2025-01-31 18:03:49,248 [ERROR] LogOutputStream:75 - [STDERR_REDIRECT] 
2025-01-31 18:03:50,255 [ERROR] LogOutputStream:75 - [STDERR_REDIRECT] [Fatal Error] :1:1: Premature end of file.
2025-01-31 18:03:50,255 [ERROR] LogOutputStream:75 - [STDERR_REDIRECT] 
2025-01-31 18:03:51,251 [ERROR] LogOutputStream:75 - [STDERR_REDIRECT] [Fatal Error] :1:1: Premature end of file.
2025-01-31 18:03:51,251 [ERROR] LogOutputStream:75 - [STDERR_REDIRECT] 
2025-01-31 18:03:52,246 [ERROR] LogOutputStream:75 - [STDERR_REDIRECT] [Fatal Error] :1:1: Premature end of file.
2025-01-31 18:03:52,246 [ERROR] LogOutputStream:75 - [STDERR_REDIRECT] 
2025-01-31 18:03:53,258 [ERROR] LogOutputStream:75 - [STDERR_REDIRECT] [Fatal Error] :1:1: Premature end of file.
2025-01-31 18:03:53,258 [ERROR] LogOutputStream:75 - [STDERR_REDIRECT] 
2025-01-31 18:03:54,239 [ERROR] LogOutputStream:75 - [STDERR_REDIRECT] [Fatal Error] :1:1: Premature end of file.
2025-01-31 18:03:54,239 [ERROR] LogOutputStream:75 - [STDERR_REDIRECT] 
2025-01-31 18:03:55,254 [ERROR] LogOutputStream:75 - [STDERR_REDIRECT] [Fatal Error] :1:1: Premature end of file.
2025-01-31 18:03:55,256 [ERROR] LogOutputStream:75 - [STDERR_REDIRECT] 
2025-01-31 18:03:56,251 [ERROR] LogOutputStream:75 - [STDERR_REDIRECT] [Fatal Error] :1:1: Premature end of file.
2025-01-31 18:03:56,251 [ERROR] LogOutputStream:75 - [STDERR_REDIRECT] 
2025-01-31 18:03:57,245 [ERROR] LogOutputStream:75 - [STDERR_REDIRECT] [Fatal Error] :1:1: Premature end of file.
2025-01-31 18:03:57,245 [ERROR] LogOutputStream:75 - [STDERR_REDIRECT] 
2025-01-31 18:03:58,249 [ERROR] LogOutputStream:75 - [STDERR_REDIRECT] [Fatal Error] :1:1: Premature end of file.
2025-01-31 18:03:58,249 [ERROR] LogOutputStream:75 - [STDERR_REDIRECT] 
2025-01-31 18:03:59,242 [ERROR] LogOutputStream:75 - [STDERR_REDIRECT] [Fatal Error] :1:1: Premature end of file.
2025-01-31 18:03:59,242 [ERROR] LogOutputStream:75 - [STDERR_REDIRECT] 
2025-01-31 18:04:00,246 [ERROR] LogOutputStream:75 - [STDERR_REDIRECT] [Fatal Error] :1:1: Premature end of file.
2025-01-31 18:04:00,246 [ERROR] LogOutputStream:75 - [STDERR_REDIRECT] 
2025-01-31 18:04:01,254 [ERROR] LogOutputStream:75 - [STDERR_REDIRECT] [Fatal Error] :1:1: Premature end of file.
2025-01-31 18:04:01,254 [ERROR] LogOutputStream:75 - [STDERR_REDIRECT] 
2025-01-31 18:04:02,245 [ERROR] LogOutputStream:75 - [STDERR_REDIRECT] [Fatal Error] :1:1: Premature end of file.
2025-01-31 18:04:02,245 [ERROR] LogOutputStream:75 - [STDERR_REDIRECT] 
2025-01-31 18:04:03,242 [ERROR] LogOutputStream:75 - [STDERR_REDIRECT] [Fatal Error] :1:1: Premature end of file.
2025-01-31 18:04:03,242 [ERROR] LogOutputStream:75 - [STDERR_REDIRECT] 
2025-01-31 18:04:04,244 [ERROR] LogOutputStream:75 - [STDERR_REDIRECT] [Fatal Error] :1:1: Premature end of file.
2025-01-31 18:04:04,244 [ERROR] LogOutputStream:75 - [STDERR_REDIRECT] 
2025-01-31 18:04:05,257 [ERROR] LogOutputStream:75 - [STDERR_REDIRECT] [Fatal Error] :1:1: Premature end of file.
2025-01-31 18:04:05,257 [ERROR] LogOutputStream:75 - [STDERR_REDIRECT] 
2025-01-31 18:04:06,245 [ERROR] LogOutputStream:75 - [STDERR_REDIRECT] [Fatal Error] :1:1: Premature end of file.
2025-01-31 18:04:06,245 [ERROR] LogOutputStream:75 - [STDERR_REDIRECT] 
2025-01-31 18:04:07,252 [ERROR] LogOutputStream:75 - [STDERR_REDIRECT] [Fatal Error] :1:1: Premature end of file.
2025-01-31 18:04:07,252 [ERROR] LogOutputStream:75 - [STDERR_REDIRECT] 
2025-01-31 18:04:08,257 [ERROR] LogOutputStream:75 - [STDERR_REDIRECT] [Fatal Error] :1:1: Premature end of file.
2025-01-31 18:04:08,257 [ERROR] LogOutputStream:75 - [STDERR_REDIRECT] 
2025-01-31 18:04:09,243 [ERROR] LogOutputStream:75 - [STDERR_REDIRECT] [Fatal Error] :1:1: Premature end of file.
2025-01-31 18:04:09,243 [ERROR] LogOutputStream:75 - [STDERR_REDIRECT] 
2025-01-31 18:04:10,244 [ERROR] LogOutputStream:75 - [STDERR_REDIRECT] [Fatal Error] :1:1: Premature end of file.
2025-01-31 18:04:10,244 [ERROR] LogOutputStream:75 - [STDERR_REDIRECT] 
2025-01-31 18:04:11,251 [ERROR] LogOutputStream:75 - [STDERR_REDIRECT] [Fatal Error] :1:1: Premature end of file.
2025-01-31 18:04:11,253 [ERROR] LogOutputStream:75 - [STDERR_REDIRECT] 
2025-01-31 18:04:12,244 [ERROR] LogOutputStream:75 - [STDERR_REDIRECT] [Fatal Error] :1:1: Premature end of file.
2025-01-31 18:04:12,244 [ERROR] LogOutputStream:75 - [STDERR_REDIRECT] 
2025-01-31 18:04:13,253 [ERROR] LogOutputStream:75 - [STDERR_REDIRECT] [Fatal Error] :1:1: Premature end of file.
2025-01-31 18:04:13,253 [ERROR] LogOutputStream:75 - [STDERR_REDIRECT] 
2025-01-31 18:04:14,249 [ERROR] LogOutputStream:75 - [STDERR_REDIRECT] [Fatal Error] :1:1: Premature end of file.
2025-01-31 18:04:14,249 [ERROR] LogOutputStream:75 - [STDERR_REDIRECT] 
2025-01-31 18:04:15,261 [ERROR] LogOutputStream:75 - [STDERR_REDIRECT] [Fatal Error] :1:1: Premature end of file.
2025-01-31 18:04:15,261 [ERROR] LogOutputStream:75 - [STDERR_REDIRECT] 
2025-01-31 18:04:16,255 [ERROR] LogOutputStream:75 - [STDERR_REDIRECT] [Fatal Error] :1:1: Premature end of file.
2025-01-31 18:04:16,255 [ERROR] LogOutputStream:75 - [STDERR_REDIRECT] 
2025-01-31 18:04:17,243 [ERROR] LogOutputStream:75 - [STDERR_REDIRECT] [Fatal Error] :1:1: Premature end of file.
2025-01-31 18:04:17,243 [ERROR] LogOutputStream:75 - [STDERR_REDIRECT] 
2025-01-31 18:04:18,246 [ERROR] LogOutputStream:75 - [STDERR_REDIRECT] [Fatal Error] :1:1: Premature end of file.
2025-01-31 18:04:18,246 [ERROR] LogOutputStream:75 - [STDERR_REDIRECT] 
2025-01-31 18:04:19,253 [ERROR] LogOutputStream:75 - [STDERR_REDIRECT] [Fatal Error] :1:1: Premature end of file.
2025-01-31 18:04:19,253 [ERROR] LogOutputStream:75 - [STDERR_REDIRECT] 
2025-01-31 18:04:20,242 [ERROR] LogOutputStream:75 - [STDERR_REDIRECT] [Fatal Error] :1:1: Premature end of file.
2025-01-31 18:04:20,242 [ERROR] LogOutputStream:75 - [STDERR_REDIRECT] 
2025-01-31 18:04:21,254 [ERROR] LogOutputStream:75 - [STDERR_REDIRECT] [Fatal Error] :1:1: Premature end of file.
2025-01-31 18:04:21,254 [ERROR] LogOutputStream:75 - [STDERR_REDIRECT] 
2025-01-31 18:04:22,240 [ERROR] LogOutputStream:75 - [STDERR_REDIRECT] [Fatal Error] :1:1: Premature end of file.
2025-01-31 18:04:22,240 [ERROR] LogOutputStream:75 - [STDERR_REDIRECT] 
2025-01-31 18:04:23,253 [ERROR] LogOutputStream:75 - [STDERR_REDIRECT] [Fatal Error] :1:1: Premature end of file.
2025-01-31 18:04:23,253 [ERROR] LogOutputStream:75 - [STDERR_REDIRECT] 
2025-01-31 18:04:24,244 [ERROR] LogOutputStream:75 - [STDERR_REDIRECT] [Fatal Error] :1:1: Premature end of file.
2025-01-31 18:04:24,244 [ERROR] LogOutputStream:75 - [STDERR_REDIRECT] 
2025-01-31 18:04:25,261 [ERROR] LogOutputStream:75 - [STDERR_REDIRECT] [Fatal Error] :1:1: Premature end of file.
2025-01-31 18:04:25,261 [ERROR] LogOutputStream:75 - [STDERR_REDIRECT] 
2025-01-31 18:04:26,244 [ERROR] LogOutputStream:75 - [STDERR_REDIRECT] [Fatal Error] :1:1: Premature end of file.
2025-01-31 18:04:26,244 [ERROR] LogOutputStream:75 - [STDERR_REDIRECT] 
2025-01-31 18:04:27,243 [ERROR] LogOutputStream:75 - [STDERR_REDIRECT] [Fatal Error] :1:1: Premature end of file.
2025-01-31 18:04:27,243 [ERROR] LogOutputStream:75 - [STDERR_REDIRECT] 
2025-01-31 18:04:28,251 [ERROR] LogOutputStream:75 - [STDERR_REDIRECT] [Fatal Error] :1:1: Premature end of file.
2025-01-31 18:04:28,251 [ERROR] LogOutputStream:75 - [STDERR_REDIRECT] 
2025-01-31 18:04:29,243 [ERROR] LogOutputStream:75 - [STDERR_REDIRECT] [Fatal Error] :1:1: Premature end of file.
2025-01-31 18:04:29,243 [ERROR] LogOutputStream:75 - [STDERR_REDIRECT] 
2025-01-31 18:04:30,241 [ERROR] LogOutputStream:75 - [STDERR_REDIRECT] [Fatal Error] :1:1: Premature end of file.
2025-01-31 18:04:30,241 [ERROR] LogOutputStream:75 - [STDERR_REDIRECT] 
2025-01-31 18:04:31,241 [ERROR] LogOutputStream:75 - [STDERR_REDIRECT] [Fatal Error] :1:1: Premature end of file.
2025-01-31 18:04:31,241 [ERROR] LogOutputStream:75 - [STDERR_REDIRECT] 
2025-01-31 18:04:32,244 [ERROR] LogOutputStream:75 - [STDERR_REDIRECT] [Fatal Error] :1:1: Premature end of file.
2025-01-31 18:04:32,244 [ERROR] LogOutputStream:75 - [STDERR_REDIRECT] 
2025-01-31 18:04:33,246 [ERROR] LogOutputStream:75 - [STDERR_REDIRECT] [Fatal Error] :1:1: Premature end of file.
2025-01-31 18:04:33,246 [ERROR] LogOutputStream:75 - [STDERR_REDIRECT] 
2025-01-31 18:04:34,253 [ERROR] LogOutputStream:75 - [STDERR_REDIRECT] [Fatal Error] :1:1: Premature end of file.
2025-01-31 18:04:34,253 [ERROR] LogOutputStream:75 - [STDERR_REDIRECT] 
2025-01-31 18:04:35,248 [ERROR] LogOutputStream:75 - [STDERR_REDIRECT] [Fatal Error] :1:1: Premature end of file.
2025-01-31 18:04:35,248 [ERROR] LogOutputStream:75 - [STDERR_REDIRECT] 
2025-01-31 18:04:36,264 [ERROR] LogOutputStream:75 - [STDERR_REDIRECT] [Fatal Error] :1:1: Premature end of file.
2025-01-31 18:04:36,264 [ERROR] LogOutputStream:75 - [STDERR_REDIRECT] 
2025-01-31 18:04:37,252 [ERROR] LogOutputStream:75 - [STDERR_REDIRECT] [Fatal Error] :1:1: Premature end of file.
2025-01-31 18:04:37,252 [ERROR] LogOutputStream:75 - [STDERR_REDIRECT] 
2025-01-31 18:04:38,244 [ERROR] LogOutputStream:75 - [STDERR_REDIRECT] [Fatal Error] :1:1: Premature end of file.
2025-01-31 18:04:38,244 [ERROR] LogOutputStream:75 - [STDERR_REDIRECT] 
2025-01-31 18:04:39,243 [ERROR] LogOutputStream:75 - [STDERR_REDIRECT] [Fatal Error] :1:1: Premature end of file.
2025-01-31 18:04:39,243 [ERROR] LogOutputStream:75 - [STDERR_REDIRECT] 
2025-01-31 18:04:40,250 [ERROR] LogOutputStream:75 - [STDERR_REDIRECT] [Fatal Error] :1:1: Premature end of file.
2025-01-31 18:04:40,250 [ERROR] LogOutputStream:75 - [STDERR_REDIRECT] 
2025-01-31 18:04:41,254 [ERROR] LogOutputStream:75 - [STDERR_REDIRECT] [Fatal Error] :1:1: Premature end of file.
2025-01-31 18:04:41,254 [ERROR] LogOutputStream:75 - [STDERR_REDIRECT] 
2025-01-31 18:04:42,255 [ERROR] LogOutputStream:75 - [STDERR_REDIRECT] [Fatal Error] :1:1: Premature end of file.
2025-01-31 18:04:42,255 [ERROR] LogOutputStream:75 - [STDERR_REDIRECT] 
2025-01-31 18:04:43,249 [ERROR] LogOutputStream:75 - [STDERR_REDIRECT] [Fatal Error] :1:1: Premature end of file.
2025-01-31 18:04:43,249 [ERROR] LogOutputStream:75 - [STDERR_REDIRECT] 
2025-01-31 18:04:44,253 [ERROR] LogOutputStream:75 - [STDERR_REDIRECT] [Fatal Error] :1:1: Premature end of file.
2025-01-31 18:04:44,253 [ERROR] LogOutputStream:75 - [STDERR_REDIRECT] 
2025-01-31 18:04:45,251 [ERROR] LogOutputStream:75 - [STDERR_REDIRECT] [Fatal Error] :1:1: Premature end of file.
2025-01-31 18:04:45,251 [ERROR] LogOutputStream:75 - [STDERR_REDIRECT] 
2025-01-31 18:04:46,251 [ERROR] LogOutputStream:75 - [STDERR_REDIRECT] [Fatal Error] :1:1: Premature end of file.
2025-01-31 18:04:46,251 [ERROR] LogOutputStream:75 - [STDERR_REDIRECT] 
2025-01-31 18:04:47,243 [ERROR] LogOutputStream:75 - [STDERR_REDIRECT] [Fatal Error] :1:1: Premature end of file.
2025-01-31 18:04:47,243 [ERROR] LogOutputStream:75 - [STDERR_REDIRECT] 
2025-01-31 18:04:48,243 [ERROR] LogOutputStream:75 - [STDERR_REDIRECT] [Fatal Error] :1:1: Premature end of file.
2025-01-31 18:04:48,243 [ERROR] LogOutputStream:75 - [STDERR_REDIRECT] 
2025-01-31 18:04:49,242 [ERROR] LogOutputStream:75 - [STDERR_REDIRECT] [Fatal Error] :1:1: Premature end of file.
2025-01-31 18:04:49,242 [ERROR] LogOutputStream:75 - [STDERR_REDIRECT] 
2025-01-31 18:04:50,255 [ERROR] LogOutputStream:75 - [STDERR_REDIRECT] [Fatal Error] :1:1: Premature end of file.
2025-01-31 18:04:50,255 [ERROR] LogOutputStream:75 - [STDERR_REDIRECT] 
2025-01-31 18:04:51,240 [ERROR] LogOutputStream:75 - [STDERR_REDIRECT] [Fatal Error] :1:1: Premature end of file.
2025-01-31 18:04:51,241 [ERROR] LogOutputStream:75 - [STDERR_REDIRECT] 
2025-01-31 18:04:52,251 [ERROR] LogOutputStream:75 - [STDERR_REDIRECT] [Fatal Error] :1:1: Premature end of file.
2025-01-31 18:04:52,251 [ERROR] LogOutputStream:75 - [STDERR_REDIRECT] 
2025-01-31 18:04:53,249 [ERROR] LogOutputStream:75 - [STDERR_REDIRECT] [Fatal Error] :1:1: Premature end of file.
2025-01-31 18:04:53,249 [ERROR] LogOutputStream:75 - [STDERR_REDIRECT] 
2025-01-31 18:04:54,249 [ERROR] LogOutputStream:75 - [STDERR_REDIRECT] [Fatal Error] :1:1: Premature end of file.
2025-01-31 18:04:54,249 [ERROR] LogOutputStream:75 - [STDERR_REDIRECT] 
2025-01-31 18:04:55,243 [ERROR] LogOutputStream:75 - [STDERR_REDIRECT] [Fatal Error] :1:1: Premature end of file.
2025-01-31 18:04:55,243 [ERROR] LogOutputStream:75 - [STDERR_REDIRECT] 
2025-01-31 18:04:56,244 [ERROR] LogOutputStream:75 - [STDERR_REDIRECT] [Fatal Error] :1:1: Premature end of file.
2025-01-31 18:04:56,244 [ERROR] LogOutputStream:75 - [STDERR_REDIRECT] 
2025-01-31 18:04:57,257 [ERROR] LogOutputStream:75 - [STDERR_REDIRECT] [Fatal Error] :1:1: Premature end of file.
2025-01-31 18:04:57,257 [ERROR] LogOutputStream:75 - [STDERR_REDIRECT] 
2025-01-31 18:04:58,254 [ERROR] LogOutputStream:75 - [STDERR_REDIRECT] [Fatal Error] :1:1: Premature end of file.
2025-01-31 18:04:58,254 [ERROR] LogOutputStream:75 - [STDERR_REDIRECT] 
2025-01-31 18:04:59,243 [ERROR] LogOutputStream:75 - [STDERR_REDIRECT] [Fatal Error] :1:1: Premature end of file.
2025-01-31 18:04:59,243 [ERROR] LogOutputStream:75 - [STDERR_REDIRECT] 
2025-01-31 18:05:00,243 [ERROR] LogOutputStream:75 - [STDERR_REDIRECT] [Fatal Error] :1:1: Premature end of file.
2025-01-31 18:05:00,243 [ERROR] LogOutputStream:75 - [STDERR_REDIRECT] 
2025-01-31 18:05:01,243 [ERROR] LogOutputStream:75 - [STDERR_REDIRECT] [Fatal Error] :1:1: Premature end of file.
2025-01-31 18:05:01,243 [ERROR] LogOutputStream:75 - [STDERR_REDIRECT] 
2025-01-31 18:05:02,251 [ERROR] LogOutputStream:75 - [STDERR_REDIRECT] [Fatal Error] :1:1: Premature end of file.
2025-01-31 18:05:02,251 [ERROR] LogOutputStream:75 - [STDERR_REDIRECT] 
2025-01-31 18:05:03,250 [ERROR] LogOutputStream:75 - [STDERR_REDIRECT] [Fatal Error] :1:1: Premature end of file.
2025-01-31 18:05:03,250 [ERROR] LogOutputStream:75 - [STDERR_REDIRECT] 
2025-01-31 18:05:04,243 [ERROR] LogOutputStream:75 - [STDERR_REDIRECT] [Fatal Error] :1:1: Premature end of file.
2025-01-31 18:05:04,243 [ERROR] LogOutputStream:75 - [STDERR_REDIRECT] 
2025-01-31 18:05:05,250 [ERROR] LogOutputStream:75 - [STDERR_REDIRECT] [Fatal Error] :1:1: Premature end of file.
2025-01-31 18:05:05,250 [ERROR] LogOutputStream:75 - [STDERR_REDIRECT] 
2025-01-31 18:05:06,258 [ERROR] LogOutputStream:75 - [STDERR_REDIRECT] [Fatal Error] :1:1: Premature end of file.
2025-01-31 18:05:06,258 [ERROR] LogOutputStream:75 - [STDERR_REDIRECT] 
2025-01-31 18:05:07,243 [ERROR] LogOutputStream:75 - [STDERR_REDIRECT] [Fatal Error] :1:1: Premature end of file.
2025-01-31 18:05:07,243 [ERROR] LogOutputStream:75 - [STDERR_REDIRECT] 
2025-01-31 18:05:08,241 [ERROR] LogOutputStream:75 - [STDERR_REDIRECT] [Fatal Error] :1:1: Premature end of file.
2025-01-31 18:05:08,241 [ERROR] LogOutputStream:75 - [STDERR_REDIRECT] 
2025-01-31 18:05:09,243 [ERROR] LogOutputStream:75 - [STDERR_REDIRECT] [Fatal Error] :1:1: Premature end of file.
2025-01-31 18:05:09,243 [ERROR] LogOutputStream:75 - [STDERR_REDIRECT] 
2025-01-31 18:05:10,245 [ERROR] LogOutputStream:75 - [STDERR_REDIRECT] [Fatal Error] :1:1: Premature end of file.
2025-01-31 18:05:10,245 [ERROR] LogOutputStream:75 - [STDERR_REDIRECT] 
2025-01-31 18:05:11,244 [ERROR] LogOutputStream:75 - [STDERR_REDIRECT] [Fatal Error] :1:1: Premature end of file.
2025-01-31 18:05:11,244 [ERROR] LogOutputStream:75 - [STDERR_REDIRECT] 
2025-01-31 18:05:12,254 [ERROR] LogOutputStream:75 - [STDERR_REDIRECT] [Fatal Error] :1:1: Premature end of file.
2025-01-31 18:05:12,256 [ERROR] LogOutputStream:75 - [STDERR_REDIRECT] 
2025-01-31 18:05:13,244 [ERROR] LogOutputStream:75 - [STDERR_REDIRECT] [Fatal Error] :1:1: Premature end of file.
2025-01-31 18:05:13,244 [ERROR] LogOutputStream:75 - [STDERR_REDIRECT] 
2025-01-31 18:05:14,245 [ERROR] LogOutputStream:75 - [STDERR_REDIRECT] [Fatal Error] :1:1: Premature end of file.
2025-01-31 18:05:14,245 [ERROR] LogOutputStream:75 - [STDERR_REDIRECT] 
2025-01-31 18:05:15,256 [ERROR] LogOutputStream:75 - [STDERR_REDIRECT] [Fatal Error] :1:1: Premature end of file.
2025-01-31 18:05:15,256 [ERROR] LogOutputStream:75 - [STDERR_REDIRECT] 
2025-01-31 18:05:16,239 [ERROR] LogOutputStream:75 - [STDERR_REDIRECT] [Fatal Error] :1:1: Premature end of file.
2025-01-31 18:05:16,239 [ERROR] LogOutputStream:75 - [STDERR_REDIRECT] 
2025-01-31 18:05:17,243 [ERROR] LogOutputStream:75 - [STDERR_REDIRECT] [Fatal Error] :1:1: Premature end of file.
2025-01-31 18:05:17,243 [ERROR] LogOutputStream:75 - [STDERR_REDIRECT] 
2025-01-31 18:05:18,254 [ERROR] LogOutputStream:75 - [STDERR_REDIRECT] [Fatal Error] :1:1: Premature end of file.
2025-01-31 18:05:18,256 [ERROR] LogOutputStream:75 - [STDERR_REDIRECT] 
2025-01-31 18:05:19,242 [ERROR] LogOutputStream:75 - [STDERR_REDIRECT] [Fatal Error] :1:1: Premature end of file.
2025-01-31 18:05:19,242 [ERROR] LogOutputStream:75 - [STDERR_REDIRECT] 
2025-01-31 18:05:20,246 [ERROR] LogOutputStream:75 - [STDERR_REDIRECT] [Fatal Error] :1:1: Premature end of file.
2025-01-31 18:05:20,246 [ERROR] LogOutputStream:75 - [STDERR_REDIRECT] 
2025-01-31 18:05:21,244 [ERROR] LogOutputStream:75 - [STDERR_REDIRECT] [Fatal Error] :1:1: Premature end of file.
2025-01-31 18:05:21,244 [ERROR] LogOutputStream:75 - [STDERR_REDIRECT] 
2025-01-31 18:05:22,242 [ERROR] LogOutputStream:75 - [STDERR_REDIRECT] [Fatal Error] :1:1: Premature end of file.
2025-01-31 18:05:22,242 [ERROR] LogOutputStream:75 - [STDERR_REDIRECT] 
2025-01-31 18:05:23,243 [ERROR] LogOutputStream:75 - [STDERR_REDIRECT] [Fatal Error] :1:1: Premature end of file.
2025-01-31 18:05:23,243 [ERROR] LogOutputStream:75 - [STDERR_REDIRECT] 
2025-01-31 18:05:24,251 [ERROR] LogOutputStream:75 - [STDERR_REDIRECT] [Fatal Error] :1:1: Premature end of file.
2025-01-31 18:05:24,251 [ERROR] LogOutputStream:75 - [STDERR_REDIRECT] 
2025-01-31 18:05:25,247 [ERROR] LogOutputStream:75 - [STDERR_REDIRECT] [Fatal Error] :1:1: Premature end of file.
2025-01-31 18:05:25,247 [ERROR] LogOutputStream:75 - [STDERR_REDIRECT] 
2025-01-31 18:05:26,256 [ERROR] LogOutputStream:75 - [STDERR_REDIRECT] [Fatal Error] :1:1: Premature end of file.
2025-01-31 18:05:26,256 [ERROR] LogOutputStream:75 - [STDERR_REDIRECT] 
2025-01-31 18:05:27,244 [ERROR] LogOutputStream:75 - [STDERR_REDIRECT] [Fatal Error] :1:1: Premature end of file.
2025-01-31 18:05:27,245 [ERROR] LogOutputStream:75 - [STDERR_REDIRECT] 
2025-01-31 18:05:28,255 [ERROR] LogOutputStream:75 - [STDERR_REDIRECT] [Fatal Error] :1:1: Premature end of file.
2025-01-31 18:05:28,255 [ERROR] LogOutputStream:75 - [STDERR_REDIRECT] 
2025-01-31 18:05:29,245 [ERROR] LogOutputStream:75 - [STDERR_REDIRECT] [Fatal Error] :1:1: Premature end of file.
2025-01-31 18:05:29,245 [ERROR] LogOutputStream:75 - [STDERR_REDIRECT] 
2025-01-31 18:05:30,241 [ERROR] LogOutputStream:75 - [STDERR_REDIRECT] [Fatal Error] :1:1: Premature end of file.
2025-01-31 18:05:30,241 [ERROR] LogOutputStream:75 - [STDERR_REDIRECT] 
2025-01-31 18:05:31,254 [ERROR] LogOutputStream:75 - [STDERR_REDIRECT] [Fatal Error] :1:1: Premature end of file.
2025-01-31 18:05:31,254 [ERROR] LogOutputStream:75 - [STDERR_REDIRECT] 
2025-01-31 18:05:32,254 [ERROR] LogOutputStream:75 - [STDERR_REDIRECT] [Fatal Error] :1:1: Premature end of file.
2025-01-31 18:05:32,254 [ERROR] LogOutputStream:75 - [STDERR_REDIRECT] 
2025-01-31 18:05:33,248 [ERROR] LogOutputStream:75 - [STDERR_REDIRECT] [Fatal Error] :1:1: Premature end of file.
2025-01-31 18:05:33,248 [ERROR] LogOutputStream:75 - [STDERR_REDIRECT] 
2025-01-31 18:05:34,255 [ERROR] LogOutputStream:75 - [STDERR_REDIRECT] [Fatal Error] :1:1: Premature end of file.
2025-01-31 18:05:34,255 [ERROR] LogOutputStream:75 - [STDERR_REDIRECT] 
2025-01-31 18:05:35,240 [ERROR] LogOutputStream:75 - [STDERR_REDIRECT] [Fatal Error] :1:1: Premature end of file.
2025-01-31 18:05:35,240 [ERROR] LogOutputStream:75 - [STDERR_REDIRECT] 
2025-01-31 18:05:36,241 [ERROR] LogOutputStream:75 - [STDERR_REDIRECT] [Fatal Error] :1:1: Premature end of file.
2025-01-31 18:05:36,241 [ERROR] LogOutputStream:75 - [STDERR_REDIRECT] 
2025-01-31 18:05:37,251 [ERROR] LogOutputStream:75 - [STDERR_REDIRECT] [Fatal Error] :1:1: Premature end of file.
2025-01-31 18:05:37,252 [ERROR] LogOutputStream:75 - [STDERR_REDIRECT] 
2025-01-31 18:05:38,244 [ERROR] LogOutputStream:75 - [STDERR_REDIRECT] [Fatal Error] :1:1: Premature end of file.
2025-01-31 18:05:38,244 [ERROR] LogOutputStream:75 - [STDERR_REDIRECT] 
2025-01-31 18:05:39,246 [ERROR] LogOutputStream:75 - [STDERR_REDIRECT] [Fatal Error] :1:1: Premature end of file.
2025-01-31 18:05:39,246 [ERROR] LogOutputStream:75 - [STDERR_REDIRECT] 
2025-01-31 18:05:40,255 [ERROR] LogOutputStream:75 - [STDERR_REDIRECT] [Fatal Error] :1:1: Premature end of file.
2025-01-31 18:05:40,255 [ERROR] LogOutputStream:75 - [STDERR_REDIRECT] 
2025-01-31 18:05:41,255 [ERROR] LogOutputStream:75 - [STDERR_REDIRECT] [Fatal Error] :1:1: Premature end of file.
2025-01-31 18:05:41,255 [ERROR] LogOutputStream:75 - [STDERR_REDIRECT] 
2025-01-31 18:05:42,245 [ERROR] LogOutputStream:75 - [STDERR_REDIRECT] [Fatal Error] :1:1: Premature end of file.
2025-01-31 18:05:42,245 [ERROR] LogOutputStream:75 - [STDERR_REDIRECT] 
2025-01-31 18:05:43,243 [ERROR] LogOutputStream:75 - [STDERR_REDIRECT] [Fatal Error] :1:1: Premature end of file.
2025-01-31 18:05:43,243 [ERROR] LogOutputStream:75 - [STDERR_REDIRECT] 
2025-01-31 18:05:44,244 [ERROR] LogOutputStream:75 - [STDERR_REDIRECT] [Fatal Error] :1:1: Premature end of file.
2025-01-31 18:05:44,244 [ERROR] LogOutputStream:75 - [STDERR_REDIRECT] 
2025-01-31 18:05:45,243 [ERROR] LogOutputStream:75 - [STDERR_REDIRECT] [Fatal Error] :1:1: Premature end of file.
2025-01-31 18:05:45,243 [ERROR] LogOutputStream:75 - [STDERR_REDIRECT] 
2025-01-31 18:05:46,243 [ERROR] LogOutputStream:75 - [STDERR_REDIRECT] [Fatal Error] :1:1: Premature end of file.
2025-01-31 18:05:46,243 [ERROR] LogOutputStream:75 - [STDERR_REDIRECT] 
2025-01-31 18:05:47,246 [ERROR] LogOutputStream:75 - [STDERR_REDIRECT] [Fatal Error] :1:1: Premature end of file.
2025-01-31 18:05:47,246 [ERROR] LogOutputStream:75 - [STDERR_REDIRECT] 
2025-01-31 18:05:48,247 [ERROR] LogOutputStream:75 - [STDERR_REDIRECT] [Fatal Error] :1:1: Premature end of file.
2025-01-31 18:05:48,247 [ERROR] LogOutputStream:75 - [STDERR_REDIRECT] 
2025-01-31 18:05:49,245 [ERROR] LogOutputStream:75 - [STDERR_REDIRECT] [Fatal Error] :1:1: Premature end of file.
2025-01-31 18:05:49,245 [ERROR] LogOutputStream:75 - [STDERR_REDIRECT] 
2025-01-31 18:05:50,245 [ERROR] LogOutputStream:75 - [STDERR_REDIRECT] [Fatal Error] :1:1: Premature end of file.
2025-01-31 18:05:50,245 [ERROR] LogOutputStream:75 - [STDERR_REDIRECT] 
2025-01-31 18:05:51,243 [ERROR] LogOutputStream:75 - [STDERR_REDIRECT] [Fatal Error] :1:1: Premature end of file.
2025-01-31 18:05:51,243 [ERROR] LogOutputStream:75 - [STDERR_REDIRECT] 
2025-01-31 18:05:52,253 [ERROR] LogOutputStream:75 - [STDERR_REDIRECT] [Fatal Error] :1:1: Premature end of file.
2025-01-31 18:05:52,253 [ERROR] LogOutputStream:75 - [STDERR_REDIRECT] 
2025-01-31 18:05:53,243 [ERROR] LogOutputStream:75 - [STDERR_REDIRECT] [Fatal Error] :1:1: Premature end of file.
2025-01-31 18:05:53,243 [ERROR] LogOutputStream:75 - [STDERR_REDIRECT] 
2025-01-31 18:05:54,244 [ERROR] LogOutputStream:75 - [STDERR_REDIRECT] [Fatal Error] :1:1: Premature end of file.
2025-01-31 18:05:54,244 [ERROR] LogOutputStream:75 - [STDERR_REDIRECT] 
2025-01-31 18:05:55,247 [ERROR] LogOutputStream:75 - [STDERR_REDIRECT] [Fatal Error] :1:1: Premature end of file.
2025-01-31 18:05:55,249 [ERROR] LogOutputStream:75 - [STDERR_REDIRECT] 
2025-01-31 18:05:56,255 [ERROR] LogOutputStream:75 - [STDERR_REDIRECT] [Fatal Error] :1:1: Premature end of file.
2025-01-31 18:05:56,255 [ERROR] LogOutputStream:75 - [STDERR_REDIRECT] 
2025-01-31 18:05:57,243 [ERROR] LogOutputStream:75 - [STDERR_REDIRECT] [Fatal Error] :1:1: Premature end of file.
2025-01-31 18:05:57,243 [ERROR] LogOutputStream:75 - [STDERR_REDIRECT] 
2025-01-31 18:05:58,243 [ERROR] LogOutputStream:75 - [STDERR_REDIRECT] [Fatal Error] :1:1: Premature end of file.
2025-01-31 18:05:58,243 [ERROR] LogOutputStream:75 - [STDERR_REDIRECT] 
2025-01-31 18:05:59,252 [ERROR] LogOutputStream:75 - [STDERR_REDIRECT] [Fatal Error] :1:1: Premature end of file.
2025-01-31 18:05:59,252 [ERROR] LogOutputStream:75 - [STDERR_REDIRECT] 
2025-01-31 18:06:00,245 [ERROR] LogOutputStream:75 - [STDERR_REDIRECT] [Fatal Error] :1:1: Premature end of file.
2025-01-31 18:06:00,246 [ERROR] LogOutputStream:75 - [STDERR_REDIRECT] 
2025-01-31 18:06:01,243 [ERROR] LogOutputStream:75 - [STDERR_REDIRECT] [Fatal Error] :1:1: Premature end of file.
2025-01-31 18:06:01,243 [ERROR] LogOutputStream:75 - [STDERR_REDIRECT] 
2025-01-31 18:06:02,255 [ERROR] LogOutputStream:75 - [STDERR_REDIRECT] [Fatal Error] :1:1: Premature end of file.
2025-01-31 18:06:02,255 [ERROR] LogOutputStream:75 - [STDERR_REDIRECT] 
2025-01-31 18:06:03,243 [ERROR] LogOutputStream:75 - [STDERR_REDIRECT] [Fatal Error] :1:1: Premature end of file.
2025-01-31 18:06:03,243 [ERROR] LogOutputStream:75 - [STDERR_REDIRECT] 
2025-01-31 18:06:04,254 [ERROR] LogOutputStream:75 - [STDERR_REDIRECT] [Fatal Error] :1:1: Premature end of file.
2025-01-31 18:06:04,254 [ERROR] LogOutputStream:75 - [STDERR_REDIRECT] 
2025-01-31 18:06:05,242 [ERROR] LogOutputStream:75 - [STDERR_REDIRECT] [Fatal Error] :1:1: Premature end of file.
2025-01-31 18:06:05,242 [ERROR] LogOutputStream:75 - [STDERR_REDIRECT] 
2025-01-31 18:06:06,242 [ERROR] LogOutputStream:75 - [STDERR_REDIRECT] [Fatal Error] :1:1: Premature end of file.
2025-01-31 18:06:06,242 [ERROR] LogOutputStream:75 - [STDERR_REDIRECT] 
2025-01-31 18:06:07,244 [ERROR] LogOutputStream:75 - [STDERR_REDIRECT] [Fatal Error] :1:1: Premature end of file.
2025-01-31 18:06:07,244 [ERROR] LogOutputStream:75 - [STDERR_REDIRECT] 
2025-01-31 18:06:08,252 [ERROR] LogOutputStream:75 - [STDERR_REDIRECT] [Fatal Error] :1:1: Premature end of file.
2025-01-31 18:06:08,252 [ERROR] LogOutputStream:75 - [STDERR_REDIRECT] 
2025-01-31 18:06:09,242 [ERROR] LogOutputStream:75 - [STDERR_REDIRECT] [Fatal Error] :1:1: Premature end of file.
2025-01-31 18:06:09,243 [ERROR] LogOutputStream:75 - [STDERR_REDIRECT] 
2025-01-31 18:06:10,245 [ERROR] LogOutputStream:75 - [STDERR_REDIRECT] [Fatal Error] :1:1: Premature end of file.
2025-01-31 18:06:10,245 [ERROR] LogOutputStream:75 - [STDERR_REDIRECT] 
2025-01-31 18:06:11,245 [ERROR] LogOutputStream:75 - [STDERR_REDIRECT] [Fatal Error] :1:1: Premature end of file.
2025-01-31 18:06:11,245 [ERROR] LogOutputStream:75 - [STDERR_REDIRECT] 
2025-01-31 18:06:12,253 [ERROR] LogOutputStream:75 - [STDERR_REDIRECT] [Fatal Error] :1:1: Premature end of file.
2025-01-31 18:06:12,253 [ERROR] LogOutputStream:75 - [STDERR_REDIRECT] 
2025-01-31 18:06:13,241 [ERROR] LogOutputStream:75 - [STDERR_REDIRECT] [Fatal Error] :1:1: Premature end of file.
2025-01-31 18:06:13,241 [ERROR] LogOutputStream:75 - [STDERR_REDIRECT] 
2025-01-31 18:06:14,254 [ERROR] LogOutputStream:75 - [STDERR_REDIRECT] [Fatal Error] :1:1: Premature end of file.
2025-01-31 18:06:14,254 [ERROR] LogOutputStream:75 - [STDERR_REDIRECT] 
2025-01-31 18:06:15,247 [ERROR] LogOutputStream:75 - [STDERR_REDIRECT] [Fatal Error] :1:1: Premature end of file.
2025-01-31 18:06:15,247 [ERROR] LogOutputStream:75 - [STDERR_REDIRECT] 
2025-01-31 18:06:16,251 [ERROR] LogOutputStream:75 - [STDERR_REDIRECT] [Fatal Error] :1:1: Premature end of file.
2025-01-31 18:06:16,251 [ERROR] LogOutputStream:75 - [STDERR_REDIRECT] 
2025-01-31 18:06:17,238 [ERROR] LogOutputStream:75 - [STDERR_REDIRECT] [Fatal Error] :1:1: Premature end of file.
2025-01-31 18:06:17,238 [ERROR] LogOutputStream:75 - [STDERR_REDIRECT] 
2025-01-31 18:06:18,252 [ERROR] LogOutputStream:75 - [STDERR_REDIRECT] [Fatal Error] :1:1: Premature end of file.
2025-01-31 18:06:18,253 [ERROR] LogOutputStream:75 - [STDERR_REDIRECT] 
2025-01-31 18:06:19,250 [ERROR] LogOutputStream:75 - [STDERR_REDIRECT] [Fatal Error] :1:1: Premature end of file.
2025-01-31 18:06:19,250 [ERROR] LogOutputStream:75 - [STDERR_REDIRECT] 
2025-01-31 18:06:20,244 [ERROR] LogOutputStream:75 - [STDERR_REDIRECT] [Fatal Error] :1:1: Premature end of file.
2025-01-31 18:06:20,244 [ERROR] LogOutputStream:75 - [STDERR_REDIRECT] 
2025-01-31 18:06:21,242 [ERROR] LogOutputStream:75 - [STDERR_REDIRECT] [Fatal Error] :1:1: Premature end of file.
2025-01-31 18:06:21,242 [ERROR] LogOutputStream:75 - [STDERR_REDIRECT] 
2025-01-31 18:06:22,239 [ERROR] LogOutputStream:75 - [STDERR_REDIRECT] [Fatal Error] :1:1: Premature end of file.
2025-01-31 18:06:22,239 [ERROR] LogOutputStream:75 - [STDERR_REDIRECT] 
2025-01-31 18:06:23,242 [ERROR] LogOutputStream:75 - [STDERR_REDIRECT] [Fatal Error] :1:1: Premature end of file.
2025-01-31 18:06:23,242 [ERROR] LogOutputStream:75 - [STDERR_REDIRECT] 
2025-01-31 18:06:24,242 [ERROR] LogOutputStream:75 - [STDERR_REDIRECT] [Fatal Error] :1:1: Premature end of file.
2025-01-31 18:06:24,242 [ERROR] LogOutputStream:75 - [STDERR_REDIRECT] 
2025-01-31 18:06:25,243 [ERROR] LogOutputStream:75 - [STDERR_REDIRECT] [Fatal Error] :1:1: Premature end of file.
2025-01-31 18:06:25,243 [ERROR] LogOutputStream:75 - [STDERR_REDIRECT] 
2025-01-31 18:06:26,251 [ERROR] LogOutputStream:75 - [STDERR_REDIRECT] [Fatal Error] :1:1: Premature end of file.
2025-01-31 18:06:26,251 [ERROR] LogOutputStream:75 - [STDERR_REDIRECT] 
2025-01-31 18:06:27,247 [ERROR] LogOutputStream:75 - [STDERR_REDIRECT] [Fatal Error] :1:1: Premature end of file.
2025-01-31 18:06:27,247 [ERROR] LogOutputStream:75 - [STDERR_REDIRECT] 
2025-01-31 18:06:28,251 [ERROR] LogOutputStream:75 - [STDERR_REDIRECT] [Fatal Error] :1:1: Premature end of file.
2025-01-31 18:06:28,251 [ERROR] LogOutputStream:75 - [STDERR_REDIRECT] 
2025-01-31 18:06:29,247 [ERROR] LogOutputStream:75 - [STDERR_REDIRECT] [Fatal Error] :1:1: Premature end of file.
2025-01-31 18:06:29,247 [ERROR] LogOutputStream:75 - [STDERR_REDIRECT] 
2025-01-31 18:06:30,244 [ERROR] LogOutputStream:75 - [STDERR_REDIRECT] [Fatal Error] :1:1: Premature end of file.
2025-01-31 18:06:30,246 [ERROR] LogOutputStream:75 - [STDERR_REDIRECT] 
2025-01-31 18:06:31,252 [ERROR] LogOutputStream:75 - [STDERR_REDIRECT] [Fatal Error] :1:1: Premature end of file.
2025-01-31 18:06:31,252 [ERROR] LogOutputStream:75 - [STDERR_REDIRECT] 
2025-01-31 18:06:32,244 [ERROR] LogOutputStream:75 - [STDERR_REDIRECT] [Fatal Error] :1:1: Premature end of file.
2025-01-31 18:06:32,244 [ERROR] LogOutputStream:75 - [STDERR_REDIRECT] 
2025-01-31 18:06:33,242 [ERROR] LogOutputStream:75 - [STDERR_REDIRECT] [Fatal Error] :1:1: Premature end of file.
2025-01-31 18:06:33,244 [ERROR] LogOutputStream:75 - [STDERR_REDIRECT] 
2025-01-31 18:06:34,244 [ERROR] LogOutputStream:75 - [STDERR_REDIRECT] [Fatal Error] :1:1: Premature end of file.
2025-01-31 18:06:34,244 [ERROR] LogOutputStream:75 - [STDERR_REDIRECT] 
2025-01-31 18:06:35,242 [ERROR] LogOutputStream:75 - [STDERR_REDIRECT] [Fatal Error] :1:1: Premature end of file.
2025-01-31 18:06:35,244 [ERROR] LogOutputStream:75 - [STDERR_REDIRECT] 
2025-01-31 18:06:36,241 [ERROR] LogOutputStream:75 - [STDERR_REDIRECT] [Fatal Error] :1:1: Premature end of file.
2025-01-31 18:06:36,241 [ERROR] LogOutputStream:75 - [STDERR_REDIRECT] 
2025-01-31 18:06:37,246 [ERROR] LogOutputStream:75 - [STDERR_REDIRECT] [Fatal Error] :1:1: Premature end of file.
2025-01-31 18:06:37,246 [ERROR] LogOutputStream:75 - [STDERR_REDIRECT] 
2025-01-31 18:06:38,244 [ERROR] LogOutputStream:75 - [STDERR_REDIRECT] [Fatal Error] :1:1: Premature end of file.
2025-01-31 18:06:38,244 [ERROR] LogOutputStream:75 - [STDERR_REDIRECT] 
2025-01-31 18:06:39,242 [ERROR] LogOutputStream:75 - [STDERR_REDIRECT] [Fatal Error] :1:1: Premature end of file.
2025-01-31 18:06:39,242 [ERROR] LogOutputStream:75 - [STDERR_REDIRECT] 
2025-01-31 18:06:40,253 [ERROR] LogOutputStream:75 - [STDERR_REDIRECT] [Fatal Error] :1:1: Premature end of file.
2025-01-31 18:06:40,253 [ERROR] LogOutputStream:75 - [STDERR_REDIRECT] 
2025-01-31 18:06:41,240 [ERROR] LogOutputStream:75 - [STDERR_REDIRECT] [Fatal Error] :1:1: Premature end of file.
2025-01-31 18:06:41,241 [ERROR] LogOutputStream:75 - [STDERR_REDIRECT] 
2025-01-31 18:06:42,243 [ERROR] LogOutputStream:75 - [STDERR_REDIRECT] [Fatal Error] :1:1: Premature end of file.
2025-01-31 18:06:42,244 [ERROR] LogOutputStream:75 - [STDERR_REDIRECT] 
2025-01-31 18:06:43,245 [ERROR] LogOutputStream:75 - [STDERR_REDIRECT] [Fatal Error] :1:1: Premature end of file.
2025-01-31 18:06:43,245 [ERROR] LogOutputStream:75 - [STDERR_REDIRECT] 
2025-01-31 18:06:44,243 [ERROR] LogOutputStream:75 - [STDERR_REDIRECT] [Fatal Error] :1:1: Premature end of file.
2025-01-31 18:06:44,243 [ERROR] LogOutputStream:75 - [STDERR_REDIRECT] 
2025-01-31 18:06:45,266 [ERROR] LogOutputStream:75 - [STDERR_REDIRECT] [Fatal Error] :1:1: Premature end of file.
2025-01-31 18:06:45,266 [ERROR] LogOutputStream:75 - [STDERR_REDIRECT] 
2025-01-31 18:06:46,241 [ERROR] LogOutputStream:75 - [STDERR_REDIRECT] [Fatal Error] :1:1: Premature end of file.
2025-01-31 18:06:46,242 [ERROR] LogOutputStream:75 - [STDERR_REDIRECT] 
2025-01-31 18:06:47,243 [ERROR] LogOutputStream:75 - [STDERR_REDIRECT] [Fatal Error] :1:1: Premature end of file.
2025-01-31 18:06:47,245 [ERROR] LogOutputStream:75 - [STDERR_REDIRECT] 
2025-01-31 18:06:48,241 [ERROR] LogOutputStream:75 - [STDERR_REDIRECT] [Fatal Error] :1:1: Premature end of file.
2025-01-31 18:06:48,241 [ERROR] LogOutputStream:75 - [STDERR_REDIRECT] 
2025-01-31 18:06:49,240 [ERROR] LogOutputStream:75 - [STDERR_REDIRECT] [Fatal Error] :1:1: Premature end of file.
2025-01-31 18:06:49,240 [ERROR] LogOutputStream:75 - [STDERR_REDIRECT] 
2025-01-31 18:06:50,254 [ERROR] LogOutputStream:75 - [STDERR_REDIRECT] [Fatal Error] :1:1: Premature end of file.
2025-01-31 18:06:50,254 [ERROR] LogOutputStream:75 - [STDERR_REDIRECT] 
2025-01-31 18:06:51,246 [ERROR] LogOutputStream:75 - [STDERR_REDIRECT] [Fatal Error] :1:1: Premature end of file.
2025-01-31 18:06:51,246 [ERROR] LogOutputStream:75 - [STDERR_REDIRECT] 
2025-01-31 18:06:52,261 [ERROR] LogOutputStream:75 - [STDERR_REDIRECT] [Fatal Error] :1:1: Premature end of file.
2025-01-31 18:06:52,261 [ERROR] LogOutputStream:75 - [STDERR_REDIRECT] 
2025-01-31 18:06:53,255 [ERROR] LogOutputStream:75 - [STDERR_REDIRECT] [Fatal Error] :1:1: Premature end of file.
2025-01-31 18:06:53,255 [ERROR] LogOutputStream:75 - [STDERR_REDIRECT] 
2025-01-31 18:06:54,243 [ERROR] LogOutputStream:75 - [STDERR_REDIRECT] [Fatal Error] :1:1: Premature end of file.
2025-01-31 18:06:54,243 [ERROR] LogOutputStream:75 - [STDERR_REDIRECT] 
2025-01-31 18:06:55,251 [ERROR] LogOutputStream:75 - [STDERR_REDIRECT] [Fatal Error] :1:1: Premature end of file.
2025-01-31 18:06:55,251 [ERROR] LogOutputStream:75 - [STDERR_REDIRECT] 
2025-01-31 18:06:56,241 [ERROR] LogOutputStream:75 - [STDERR_REDIRECT] [Fatal Error] :1:1: Premature end of file.
2025-01-31 18:06:56,241 [ERROR] LogOutputStream:75 - [STDERR_REDIRECT] 
2025-01-31 18:06:57,244 [ERROR] LogOutputStream:75 - [STDERR_REDIRECT] [Fatal Error] :1:1: Premature end of file.
2025-01-31 18:06:57,244 [ERROR] LogOutputStream:75 - [STDERR_REDIRECT] 
2025-01-31 18:06:58,240 [ERROR] LogOutputStream:75 - [STDERR_REDIRECT] [Fatal Error] :1:1: Premature end of file.
2025-01-31 18:06:58,240 [ERROR] LogOutputStream:75 - [STDERR_REDIRECT] 
2025-01-31 18:06:59,243 [ERROR] LogOutputStream:75 - [STDERR_REDIRECT] [Fatal Error] :1:1: Premature end of file.
2025-01-31 18:06:59,243 [ERROR] LogOutputStream:75 - [STDERR_REDIRECT] 
2025-01-31 18:07:00,249 [ERROR] LogOutputStream:75 - [STDERR_REDIRECT] [Fatal Error] :1:1: Premature end of file.
2025-01-31 18:07:00,250 [ERROR] LogOutputStream:75 - [STDERR_REDIRECT] 
2025-01-31 18:07:01,243 [ERROR] LogOutputStream:75 - [STDERR_REDIRECT] [Fatal Error] :1:1: Premature end of file.
2025-01-31 18:07:01,243 [ERROR] LogOutputStream:75 - [STDERR_REDIRECT] 
2025-01-31 18:07:02,242 [ERROR] LogOutputStream:75 - [STDERR_REDIRECT] [Fatal Error] :1:1: Premature end of file.
2025-01-31 18:07:02,242 [ERROR] LogOutputStream:75 - [STDERR_REDIRECT] 
2025-01-31 18:07:03,253 [ERROR] LogOutputStream:75 - [STDERR_REDIRECT] [Fatal Error] :1:1: Premature end of file.
2025-01-31 18:07:03,253 [ERROR] LogOutputStream:75 - [STDERR_REDIRECT] 
2025-01-31 18:07:04,259 [ERROR] LogOutputStream:75 - [STDERR_REDIRECT] [Fatal Error] :1:1: Premature end of file.
2025-01-31 18:07:04,259 [ERROR] LogOutputStream:75 - [STDERR_REDIRECT] 
2025-01-31 18:07:05,246 [ERROR] LogOutputStream:75 - [STDERR_REDIRECT] [Fatal Error] :1:1: Premature end of file.
2025-01-31 18:07:05,246 [ERROR] LogOutputStream:75 - [STDERR_REDIRECT] 
2025-01-31 18:07:06,243 [ERROR] LogOutputStream:75 - [STDERR_REDIRECT] [Fatal Error] :1:1: Premature end of file.
2025-01-31 18:07:06,243 [ERROR] LogOutputStream:75 - [STDERR_REDIRECT] 
2025-01-31 18:07:07,237 [ERROR] LogOutputStream:75 - [STDERR_REDIRECT] [Fatal Error] :1:1: Premature end of file.
2025-01-31 18:07:07,237 [ERROR] LogOutputStream:75 - [STDERR_REDIRECT] 
2025-01-31 18:07:08,239 [ERROR] LogOutputStream:75 - [STDERR_REDIRECT] [Fatal Error] :1:1: Premature end of file.
2025-01-31 18:07:08,239 [ERROR] LogOutputStream:75 - [STDERR_REDIRECT] 
2025-01-31 18:07:09,243 [ERROR] LogOutputStream:75 - [STDERR_REDIRECT] [Fatal Error] :1:1: Premature end of file.
2025-01-31 18:07:09,243 [ERROR] LogOutputStream:75 - [STDERR_REDIRECT] 
2025-01-31 18:07:10,237 [ERROR] LogOutputStream:75 - [STDERR_REDIRECT] [Fatal Error] :1:1: Premature end of file.
2025-01-31 18:07:10,237 [ERROR] LogOutputStream:75 - [STDERR_REDIRECT] 
2025-01-31 18:07:11,240 [ERROR] LogOutputStream:75 - [STDERR_REDIRECT] [Fatal Error] :1:1: Premature end of file.
2025-01-31 18:07:11,240 [ERROR] LogOutputStream:75 - [STDERR_REDIRECT] 
2025-01-31 18:07:12,243 [ERROR] LogOutputStream:75 - [STDERR_REDIRECT] [Fatal Error] :1:1: Premature end of file.
2025-01-31 18:07:12,244 [ERROR] LogOutputStream:75 - [STDERR_REDIRECT] 
2025-01-31 18:07:13,245 [ERROR] LogOutputStream:75 - [STDERR_REDIRECT] [Fatal Error] :1:1: Premature end of file.
2025-01-31 18:07:13,245 [ERROR] LogOutputStream:75 - [STDERR_REDIRECT] 
2025-01-31 18:07:14,241 [ERROR] LogOutputStream:75 - [STDERR_REDIRECT] [Fatal Error] :1:1: Premature end of file.
2025-01-31 18:07:14,241 [ERROR] LogOutputStream:75 - [STDERR_REDIRECT] 
2025-01-31 18:07:15,243 [ERROR] LogOutputStream:75 - [STDERR_REDIRECT] [Fatal Error] :1:1: Premature end of file.
2025-01-31 18:07:15,243 [ERROR] LogOutputStream:75 - [STDERR_REDIRECT] 
2025-01-31 18:07:16,245 [ERROR] LogOutputStream:75 - [STDERR_REDIRECT] [Fatal Error] :1:1: Premature end of file.
2025-01-31 18:07:16,246 [ERROR] LogOutputStream:75 - [STDERR_REDIRECT] 
2025-01-31 18:07:17,243 [ERROR] LogOutputStream:75 - [STDERR_REDIRECT] [Fatal Error] :1:1: Premature end of file.
2025-01-31 18:07:17,243 [ERROR] LogOutputStream:75 - [STDERR_REDIRECT] 
2025-01-31 18:07:18,238 [ERROR] LogOutputStream:75 - [STDERR_REDIRECT] [Fatal Error] :1:1: Premature end of file.
2025-01-31 18:07:18,238 [ERROR] LogOutputStream:75 - [STDERR_REDIRECT] 
2025-01-31 18:07:19,241 [ERROR] LogOutputStream:75 - [STDERR_REDIRECT] [Fatal Error] :1:1: Premature end of file.
2025-01-31 18:07:19,241 [ERROR] LogOutputStream:75 - [STDERR_REDIRECT] 
2025-01-31 18:07:20,245 [ERROR] LogOutputStream:75 - [STDERR_REDIRECT] [Fatal Error] :1:1: Premature end of file.
2025-01-31 18:07:20,245 [ERROR] LogOutputStream:75 - [STDERR_REDIRECT] 
2025-01-31 18:07:21,246 [ERROR] LogOutputStream:75 - [STDERR_REDIRECT] [Fatal Error] :1:1: Premature end of file.
2025-01-31 18:07:21,246 [ERROR] LogOutputStream:75 - [STDERR_REDIRECT] 
2025-01-31 18:07:22,246 [ERROR] LogOutputStream:75 - [STDERR_REDIRECT] [Fatal Error] :1:1: Premature end of file.
2025-01-31 18:07:22,248 [ERROR] LogOutputStream:75 - [STDERR_REDIRECT] 
2025-01-31 18:07:23,241 [ERROR] LogOutputStream:75 - [STDERR_REDIRECT] [Fatal Error] :1:1: Premature end of file.
2025-01-31 18:07:23,241 [ERROR] LogOutputStream:75 - [STDERR_REDIRECT] 
2025-01-31 18:07:24,248 [ERROR] LogOutputStream:75 - [STDERR_REDIRECT] [Fatal Error] :1:1: Premature end of file.
2025-01-31 18:07:24,248 [ERROR] LogOutputStream:75 - [STDERR_REDIRECT] 
2025-01-31 18:07:25,243 [ERROR] LogOutputStream:75 - [STDERR_REDIRECT] [Fatal Error] :1:1: Premature end of file.
2025-01-31 18:07:25,243 [ERROR] LogOutputStream:75 - [STDERR_REDIRECT] 
2025-01-31 18:07:26,239 [ERROR] LogOutputStream:75 - [STDERR_REDIRECT] [Fatal Error] :1:1: Premature end of file.
2025-01-31 18:07:26,239 [ERROR] LogOutputStream:75 - [STDERR_REDIRECT] 
2025-01-31 18:07:27,240 [ERROR] LogOutputStream:75 - [STDERR_REDIRECT] [Fatal Error] :1:1: Premature end of file.
2025-01-31 18:07:27,240 [ERROR] LogOutputStream:75 - [STDERR_REDIRECT] 
2025-01-31 18:07:28,246 [ERROR] LogOutputStream:75 - [STDERR_REDIRECT] [Fatal Error] :1:1: Premature end of file.
2025-01-31 18:07:28,246 [ERROR] LogOutputStream:75 - [STDERR_REDIRECT] 
2025-01-31 18:07:29,246 [ERROR] LogOutputStream:75 - [STDERR_REDIRECT] [Fatal Error] :1:1: Premature end of file.
2025-01-31 18:07:29,246 [ERROR] LogOutputStream:75 - [STDERR_REDIRECT] 
2025-01-31 18:07:30,243 [ERROR] LogOutputStream:75 - [STDERR_REDIRECT] [Fatal Error] :1:1: Premature end of file.
2025-01-31 18:07:30,243 [ERROR] LogOutputStream:75 - [STDERR_REDIRECT] 
2025-01-31 18:07:31,245 [ERROR] LogOutputStream:75 - [STDERR_REDIRECT] [Fatal Error] :1:1: Premature end of file.
2025-01-31 18:07:31,245 [ERROR] LogOutputStream:75 - [STDERR_REDIRECT] 
2025-01-31 18:07:32,246 [ERROR] LogOutputStream:75 - [STDERR_REDIRECT] [Fatal Error] :1:1: Premature end of file.
2025-01-31 18:07:32,246 [ERROR] LogOutputStream:75 - [STDERR_REDIRECT] 
2025-01-31 18:07:33,241 [ERROR] LogOutputStream:75 - [STDERR_REDIRECT] [Fatal Error] :1:1: Premature end of file.
2025-01-31 18:07:33,241 [ERROR] LogOutputStream:75 - [STDERR_REDIRECT] 
2025-01-31 18:07:34,238 [ERROR] LogOutputStream:75 - [STDERR_REDIRECT] [Fatal Error] :1:1: Premature end of file.
2025-01-31 18:07:34,239 [ERROR] LogOutputStream:75 - [STDERR_REDIRECT] 
2025-01-31 18:07:35,244 [ERROR] LogOutputStream:75 - [STDERR_REDIRECT] [Fatal Error] :1:1: Premature end of file.
2025-01-31 18:07:35,244 [ERROR] LogOutputStream:75 - [STDERR_REDIRECT] 
2025-01-31 18:07:36,246 [ERROR] LogOutputStream:75 - [STDERR_REDIRECT] [Fatal Error] :1:1: Premature end of file.
2025-01-31 18:07:36,246 [ERROR] LogOutputStream:75 - [STDERR_REDIRECT] 
2025-01-31 18:07:37,244 [ERROR] LogOutputStream:75 - [STDERR_REDIRECT] [Fatal Error] :1:1: Premature end of file.
2025-01-31 18:07:37,244 [ERROR] LogOutputStream:75 - [STDERR_REDIRECT] 
2025-01-31 18:07:38,241 [ERROR] LogOutputStream:75 - [STDERR_REDIRECT] [Fatal Error] :1:1: Premature end of file.
2025-01-31 18:07:38,241 [ERROR] LogOutputStream:75 - [STDERR_REDIRECT] 
2025-01-31 18:07:39,239 [ERROR] LogOutputStream:75 - [STDERR_REDIRECT] [Fatal Error] :1:1: Premature end of file.
2025-01-31 18:07:39,239 [ERROR] LogOutputStream:75 - [STDERR_REDIRECT] 
2025-01-31 18:07:40,236 [ERROR] LogOutputStream:75 - [STDERR_REDIRECT] [Fatal Error] :1:1: Premature end of file.
2025-01-31 18:07:40,236 [ERROR] LogOutputStream:75 - [STDERR_REDIRECT] 
2025-01-31 18:07:41,242 [ERROR] LogOutputStream:75 - [STDERR_REDIRECT] [Fatal Error] :1:1: Premature end of file.
2025-01-31 18:07:41,242 [ERROR] LogOutputStream:75 - [STDERR_REDIRECT] 
2025-01-31 18:07:42,238 [ERROR] LogOutputStream:75 - [STDERR_REDIRECT] [Fatal Error] :1:1: Premature end of file.
2025-01-31 18:07:42,238 [ERROR] LogOutputStream:75 - [STDERR_REDIRECT] 
2025-01-31 18:07:43,245 [ERROR] LogOutputStream:75 - [STDERR_REDIRECT] [Fatal Error] :1:1: Premature end of file.
2025-01-31 18:07:43,245 [ERROR] LogOutputStream:75 - [STDERR_REDIRECT] 
2025-01-31 18:07:44,244 [ERROR] LogOutputStream:75 - [STDERR_REDIRECT] [Fatal Error] :1:1: Premature end of file.
2025-01-31 18:07:44,244 [ERROR] LogOutputStream:75 - [STDERR_REDIRECT] 
2025-01-31 18:07:45,244 [ERROR] LogOutputStream:75 - [STDERR_REDIRECT] [Fatal Error] :1:1: Premature end of file.
2025-01-31 18:07:45,244 [ERROR] LogOutputStream:75 - [STDERR_REDIRECT] 
2025-01-31 18:07:46,245 [ERROR] LogOutputStream:75 - [STDERR_REDIRECT] [Fatal Error] :1:1: Premature end of file.
2025-01-31 18:07:46,245 [ERROR] LogOutputStream:75 - [STDERR_REDIRECT] 
2025-01-31 18:07:47,243 [ERROR] LogOutputStream:75 - [STDERR_REDIRECT] [Fatal Error] :1:1: Premature end of file.
2025-01-31 18:07:47,243 [ERROR] LogOutputStream:75 - [STDERR_REDIRECT] 
2025-01-31 18:07:48,244 [ERROR] LogOutputStream:75 - [STDERR_REDIRECT] [Fatal Error] :1:1: Premature end of file.
2025-01-31 18:07:48,244 [ERROR] LogOutputStream:75 - [STDERR_REDIRECT] 
2025-01-31 18:07:49,241 [ERROR] LogOutputStream:75 - [STDERR_REDIRECT] [Fatal Error] :1:1: Premature end of file.
2025-01-31 18:07:49,241 [ERROR] LogOutputStream:75 - [STDERR_REDIRECT] 
2025-01-31 18:07:50,243 [ERROR] LogOutputStream:75 - [STDERR_REDIRECT] [Fatal Error] :1:1: Premature end of file.
2025-01-31 18:07:50,243 [ERROR] LogOutputStream:75 - [STDERR_REDIRECT] 
2025-01-31 18:07:51,242 [ERROR] LogOutputStream:75 - [STDERR_REDIRECT] [Fatal Error] :1:1: Premature end of file.
2025-01-31 18:07:51,242 [ERROR] LogOutputStream:75 - [STDERR_REDIRECT] 
2025-01-31 18:07:52,245 [ERROR] LogOutputStream:75 - [STDERR_REDIRECT] [Fatal Error] :1:1: Premature end of file.
2025-01-31 18:07:52,245 [ERROR] LogOutputStream:75 - [STDERR_REDIRECT] 
2025-01-31 18:07:53,244 [ERROR] LogOutputStream:75 - [STDERR_REDIRECT] [Fatal Error] :1:1: Premature end of file.
2025-01-31 18:07:53,244 [ERROR] LogOutputStream:75 - [STDERR_REDIRECT] 
2025-01-31 18:07:54,241 [ERROR] LogOutputStream:75 - [STDERR_REDIRECT] [Fatal Error] :1:1: Premature end of file.
2025-01-31 18:07:54,241 [ERROR] LogOutputStream:75 - [STDERR_REDIRECT] 
2025-01-31 18:07:55,243 [ERROR] LogOutputStream:75 - [STDERR_REDIRECT] [Fatal Error] :1:1: Premature end of file.
2025-01-31 18:07:55,243 [ERROR] LogOutputStream:75 - [STDERR_REDIRECT] 
2025-01-31 18:07:56,237 [ERROR] LogOutputStream:75 - [STDERR_REDIRECT] [Fatal Error] :1:1: Premature end of file.
2025-01-31 18:07:56,237 [ERROR] LogOutputStream:75 - [STDERR_REDIRECT] 
2025-01-31 18:07:57,237 [ERROR] LogOutputStream:75 - [STDERR_REDIRECT] [Fatal Error] :1:1: Premature end of file.
2025-01-31 18:07:57,237 [ERROR] LogOutputStream:75 - [STDERR_REDIRECT] 
2025-01-31 18:07:58,241 [ERROR] LogOutputStream:75 - [STDERR_REDIRECT] [Fatal Error] :1:1: Premature end of file.
2025-01-31 18:07:58,241 [ERROR] LogOutputStream:75 - [STDERR_REDIRECT] 
2025-01-31 18:07:59,246 [ERROR] LogOutputStream:75 - [STDERR_REDIRECT] [Fatal Error] :1:1: Premature end of file.
2025-01-31 18:07:59,246 [ERROR] LogOutputStream:75 - [STDERR_REDIRECT] 
2025-01-31 18:08:00,242 [ERROR] LogOutputStream:75 - [STDERR_REDIRECT] [Fatal Error] :1:1: Premature end of file.
2025-01-31 18:08:00,244 [ERROR] LogOutputStream:75 - [STDERR_REDIRECT] 
2025-01-31 18:08:01,244 [ERROR] LogOutputStream:75 - [STDERR_REDIRECT] [Fatal Error] :1:1: Premature end of file.
2025-01-31 18:08:01,244 [ERROR] LogOutputStream:75 - [STDERR_REDIRECT] 
2025-01-31 18:08:02,240 [ERROR] LogOutputStream:75 - [STDERR_REDIRECT] [Fatal Error] :1:1: Premature end of file.
2025-01-31 18:08:02,240 [ERROR] LogOutputStream:75 - [STDERR_REDIRECT] 
2025-01-31 18:08:03,247 [ERROR] LogOutputStream:75 - [STDERR_REDIRECT] [Fatal Error] :1:1: Premature end of file.
2025-01-31 18:08:03,247 [ERROR] LogOutputStream:75 - [STDERR_REDIRECT] 
2025-01-31 18:08:04,246 [ERROR] LogOutputStream:75 - [STDERR_REDIRECT] [Fatal Error] :1:1: Premature end of file.
2025-01-31 18:08:04,246 [ERROR] LogOutputStream:75 - [STDERR_REDIRECT] 
2025-01-31 18:08:05,245 [ERROR] LogOutputStream:75 - [STDERR_REDIRECT] [Fatal Error] :1:1: Premature end of file.
2025-01-31 18:08:05,245 [ERROR] LogOutputStream:75 - [STDERR_REDIRECT] 
2025-01-31 18:08:06,246 [ERROR] LogOutputStream:75 - [STDERR_REDIRECT] [Fatal Error] :1:1: Premature end of file.
2025-01-31 18:08:06,246 [ERROR] LogOutputStream:75 - [STDERR_REDIRECT] 
2025-01-31 18:08:07,243 [ERROR] LogOutputStream:75 - [STDERR_REDIRECT] [Fatal Error] :1:1: Premature end of file.
2025-01-31 18:08:07,243 [ERROR] LogOutputStream:75 - [STDERR_REDIRECT] 
2025-01-31 18:08:08,246 [ERROR] LogOutputStream:75 - [STDERR_REDIRECT] [Fatal Error] :1:1: Premature end of file.
2025-01-31 18:08:08,246 [ERROR] LogOutputStream:75 - [STDERR_REDIRECT] 
2025-01-31 18:08:09,244 [ERROR] LogOutputStream:75 - [STDERR_REDIRECT] [Fatal Error] :1:1: Premature end of file.
2025-01-31 18:08:09,244 [ERROR] LogOutputStream:75 - [STDERR_REDIRECT] 
2025-01-31 18:08:10,241 [ERROR] LogOutputStream:75 - [STDERR_REDIRECT] [Fatal Error] :1:1: Premature end of file.
2025-01-31 18:08:10,241 [ERROR] LogOutputStream:75 - [STDERR_REDIRECT] 
2025-01-31 18:08:11,242 [ERROR] LogOutputStream:75 - [STDERR_REDIRECT] [Fatal Error] :1:1: Premature end of file.
2025-01-31 18:08:11,242 [ERROR] LogOutputStream:75 - [STDERR_REDIRECT] 
2025-01-31 18:08:12,244 [ERROR] LogOutputStream:75 - [STDERR_REDIRECT] [Fatal Error] :1:1: Premature end of file.
2025-01-31 18:08:12,244 [ERROR] LogOutputStream:75 - [STDERR_REDIRECT] 
2025-01-31 18:08:13,238 [ERROR] LogOutputStream:75 - [STDERR_REDIRECT] [Fatal Error] :1:1: Premature end of file.
2025-01-31 18:08:13,240 [ERROR] LogOutputStream:75 - [STDERR_REDIRECT] 
2025-01-31 18:08:14,240 [ERROR] LogOutputStream:75 - [STDERR_REDIRECT] [Fatal Error] :1:1: Premature end of file.
2025-01-31 18:08:14,240 [ERROR] LogOutputStream:75 - [STDERR_REDIRECT] 
2025-01-31 18:08:15,236 [ERROR] LogOutputStream:75 - [STDERR_REDIRECT] [Fatal Error] :1:1: Premature end of file.
2025-01-31 18:08:15,236 [ERROR] LogOutputStream:75 - [STDERR_REDIRECT] 
2025-01-31 18:08:16,243 [ERROR] LogOutputStream:75 - [STDERR_REDIRECT] [Fatal Error] :1:1: Premature end of file.
2025-01-31 18:08:16,243 [ERROR] LogOutputStream:75 - [STDERR_REDIRECT] 
2025-01-31 18:08:17,243 [ERROR] LogOutputStream:75 - [STDERR_REDIRECT] [Fatal Error] :1:1: Premature end of file.
2025-01-31 18:08:17,243 [ERROR] LogOutputStream:75 - [STDERR_REDIRECT] 
2025-01-31 18:08:18,252 [ERROR] LogOutputStream:75 - [STDERR_REDIRECT] [Fatal Error] :1:1: Premature end of file.
2025-01-31 18:08:18,252 [ERROR] LogOutputStream:75 - [STDERR_REDIRECT] 
2025-01-31 18:08:19,242 [ERROR] LogOutputStream:75 - [STDERR_REDIRECT] [Fatal Error] :1:1: Premature end of file.
2025-01-31 18:08:19,244 [ERROR] LogOutputStream:75 - [STDERR_REDIRECT] 
2025-01-31 18:08:20,245 [ERROR] LogOutputStream:75 - [STDERR_REDIRECT] [Fatal Error] :1:1: Premature end of file.
2025-01-31 18:08:20,247 [ERROR] LogOutputStream:75 - [STDERR_REDIRECT] 
2025-01-31 18:08:21,242 [ERROR] LogOutputStream:75 - [STDERR_REDIRECT] [Fatal Error] :1:1: Premature end of file.
2025-01-31 18:08:21,242 [ERROR] LogOutputStream:75 - [STDERR_REDIRECT] 
2025-01-31 18:08:22,246 [ERROR] LogOutputStream:75 - [STDERR_REDIRECT] [Fatal Error] :1:1: Premature end of file.
2025-01-31 18:08:22,246 [ERROR] LogOutputStream:75 - [STDERR_REDIRECT] 
2025-01-31 18:08:23,243 [ERROR] LogOutputStream:75 - [STDERR_REDIRECT] [Fatal Error] :1:1: Premature end of file.
2025-01-31 18:08:23,243 [ERROR] LogOutputStream:75 - [STDERR_REDIRECT] 
2025-01-31 18:08:24,239 [ERROR] LogOutputStream:75 - [STDERR_REDIRECT] [Fatal Error] :1:1: Premature end of file.
2025-01-31 18:08:24,239 [ERROR] LogOutputStream:75 - [STDERR_REDIRECT] 
2025-01-31 18:08:25,246 [ERROR] LogOutputStream:75 - [STDERR_REDIRECT] [Fatal Error] :1:1: Premature end of file.
2025-01-31 18:08:25,246 [ERROR] LogOutputStream:75 - [STDERR_REDIRECT] 
2025-01-31 18:08:26,242 [ERROR] LogOutputStream:75 - [STDERR_REDIRECT] [Fatal Error] :1:1: Premature end of file.
2025-01-31 18:08:26,242 [ERROR] LogOutputStream:75 - [STDERR_REDIRECT] 
2025-01-31 18:08:27,240 [ERROR] LogOutputStream:75 - [STDERR_REDIRECT] [Fatal Error] :1:1: Premature end of file.
2025-01-31 18:08:27,240 [ERROR] LogOutputStream:75 - [STDERR_REDIRECT] 
2025-01-31 18:08:28,246 [ERROR] LogOutputStream:75 - [STDERR_REDIRECT] [Fatal Error] :1:1: Premature end of file.
2025-01-31 18:08:28,246 [ERROR] LogOutputStream:75 - [STDERR_REDIRECT] 
2025-01-31 18:08:29,242 [ERROR] LogOutputStream:75 - [STDERR_REDIRECT] [Fatal Error] :1:1: Premature end of file.
2025-01-31 18:08:29,242 [ERROR] LogOutputStream:75 - [STDERR_REDIRECT] 
2025-01-31 18:08:30,243 [ERROR] LogOutputStream:75 - [STDERR_REDIRECT] [Fatal Error] :1:1: Premature end of file.
2025-01-31 18:08:30,243 [ERROR] LogOutputStream:75 - [STDERR_REDIRECT] 
2025-01-31 18:08:31,249 [ERROR] LogOutputStream:75 - [STDERR_REDIRECT] [Fatal Error] :1:1: Premature end of file.
2025-01-31 18:08:31,249 [ERROR] LogOutputStream:75 - [STDERR_REDIRECT] 
2025-01-31 18:08:32,237 [ERROR] LogOutputStream:75 - [STDERR_REDIRECT] [Fatal Error] :1:1: Premature end of file.
2025-01-31 18:08:32,237 [ERROR] LogOutputStream:75 - [STDERR_REDIRECT] 
2025-01-31 18:08:33,240 [ERROR] LogOutputStream:75 - [STDERR_REDIRECT] [Fatal Error] :1:1: Premature end of file.
2025-01-31 18:08:33,240 [ERROR] LogOutputStream:75 - [STDERR_REDIRECT] 
2025-01-31 18:08:34,247 [ERROR] LogOutputStream:75 - [STDERR_REDIRECT] [Fatal Error] :1:1: Premature end of file.
2025-01-31 18:08:34,247 [ERROR] LogOutputStream:75 - [STDERR_REDIRECT] 
2025-01-31 18:08:35,242 [ERROR] LogOutputStream:75 - [STDERR_REDIRECT] [Fatal Error] :1:1: Premature end of file.
2025-01-31 18:08:35,242 [ERROR] LogOutputStream:75 - [STDERR_REDIRECT] 
2025-01-31 18:08:36,239 [ERROR] LogOutputStream:75 - [STDERR_REDIRECT] [Fatal Error] :1:1: Premature end of file.
2025-01-31 18:08:36,239 [ERROR] LogOutputStream:75 - [STDERR_REDIRECT] 
2025-01-31 18:08:37,240 [ERROR] LogOutputStream:75 - [STDERR_REDIRECT] [Fatal Error] :1:1: Premature end of file.
2025-01-31 18:08:37,240 [ERROR] LogOutputStream:75 - [STDERR_REDIRECT] 
2025-01-31 18:08:38,254 [ERROR] LogOutputStream:75 - [STDERR_REDIRECT] [Fatal Error] :1:1: Premature end of file.
2025-01-31 18:08:38,254 [ERROR] LogOutputStream:75 - [STDERR_REDIRECT] 
2025-01-31 18:08:39,247 [ERROR] LogOutputStream:75 - [STDERR_REDIRECT] [Fatal Error] :1:1: Premature end of file.
2025-01-31 18:08:39,247 [ERROR] LogOutputStream:75 - [STDERR_REDIRECT] 
2025-01-31 18:08:40,240 [ERROR] LogOutputStream:75 - [STDERR_REDIRECT] [Fatal Error] :1:1: Premature end of file.
2025-01-31 18:08:40,240 [ERROR] LogOutputStream:75 - [STDERR_REDIRECT] 
2025-01-31 18:08:41,241 [ERROR] LogOutputStream:75 - [STDERR_REDIRECT] [Fatal Error] :1:1: Premature end of file.
2025-01-31 18:08:41,241 [ERROR] LogOutputStream:75 - [STDERR_REDIRECT] 
2025-01-31 18:08:42,249 [ERROR] LogOutputStream:75 - [STDERR_REDIRECT] [Fatal Error] :1:1: Premature end of file.
2025-01-31 18:08:42,249 [ERROR] LogOutputStream:75 - [STDERR_REDIRECT] 
2025-01-31 18:08:43,239 [ERROR] LogOutputStream:75 - [STDERR_REDIRECT] [Fatal Error] :1:1: Premature end of file.
2025-01-31 18:08:43,239 [ERROR] LogOutputStream:75 - [STDERR_REDIRECT] 
2025-01-31 18:08:44,245 [ERROR] LogOutputStream:75 - [STDERR_REDIRECT] [Fatal Error] :1:1: Premature end of file.
2025-01-31 18:08:44,245 [ERROR] LogOutputStream:75 - [STDERR_REDIRECT] 
2025-01-31 18:08:45,244 [ERROR] LogOutputStream:75 - [STDERR_REDIRECT] [Fatal Error] :1:1: Premature end of file.
2025-01-31 18:08:45,244 [ERROR] LogOutputStream:75 - [STDERR_REDIRECT] 
2025-01-31 18:08:46,244 [ERROR] LogOutputStream:75 - [STDERR_REDIRECT] [Fatal Error] :1:1: Premature end of file.
2025-01-31 18:08:46,244 [ERROR] LogOutputStream:75 - [STDERR_REDIRECT] 
2025-01-31 18:08:47,244 [ERROR] LogOutputStream:75 - [STDERR_REDIRECT] [Fatal Error] :1:1: Premature end of file.
2025-01-31 18:08:47,244 [ERROR] LogOutputStream:75 - [STDERR_REDIRECT] 
2025-01-31 18:08:48,249 [ERROR] LogOutputStream:75 - [STDERR_REDIRECT] [Fatal Error] :1:1: Premature end of file.
2025-01-31 18:08:48,249 [ERROR] LogOutputStream:75 - [STDERR_REDIRECT] 
2025-01-31 18:08:49,247 [ERROR] LogOutputStream:75 - [STDERR_REDIRECT] [Fatal Error] :1:1: Premature end of file.
2025-01-31 18:08:49,247 [ERROR] LogOutputStream:75 - [STDERR_REDIRECT] 
2025-01-31 18:08:50,248 [ERROR] LogOutputStream:75 - [STDERR_REDIRECT] [Fatal Error] :1:1: Premature end of file.
2025-01-31 18:08:50,249 [ERROR] LogOutputStream:75 - [STDERR_REDIRECT] 
2025-01-31 18:08:51,258 [ERROR] LogOutputStream:75 - [STDERR_REDIRECT] [Fatal Error] :1:1: Premature end of file.
2025-01-31 18:08:51,258 [ERROR] LogOutputStream:75 - [STDERR_REDIRECT] 
2025-01-31 18:08:52,252 [ERROR] LogOutputStream:75 - [STDERR_REDIRECT] [Fatal Error] :1:1: Premature end of file.
2025-01-31 18:08:52,252 [ERROR] LogOutputStream:75 - [STDERR_REDIRECT] 
2025-01-31 18:08:53,249 [ERROR] LogOutputStream:75 - [STDERR_REDIRECT] [Fatal Error] :1:1: Premature end of file.
2025-01-31 18:08:53,249 [ERROR] LogOutputStream:75 - [STDERR_REDIRECT] 
2025-01-31 18:08:54,243 [ERROR] LogOutputStream:75 - [STDERR_REDIRECT] [Fatal Error] :1:1: Premature end of file.
2025-01-31 18:08:54,243 [ERROR] LogOutputStream:75 - [STDERR_REDIRECT] 
2025-01-31 18:08:55,262 [ERROR] LogOutputStream:75 - [STDERR_REDIRECT] [Fatal Error] :1:1: Premature end of file.
2025-01-31 18:08:55,262 [ERROR] LogOutputStream:75 - [STDERR_REDIRECT] 
2025-01-31 18:08:56,253 [ERROR] LogOutputStream:75 - [STDERR_REDIRECT] [Fatal Error] :1:1: Premature end of file.
2025-01-31 18:08:56,255 [ERROR] LogOutputStream:75 - [STDERR_REDIRECT] 
2025-01-31 18:08:57,258 [ERROR] LogOutputStream:75 - [STDERR_REDIRECT] [Fatal Error] :1:1: Premature end of file.
2025-01-31 18:08:57,259 [ERROR] LogOutputStream:75 - [STDERR_REDIRECT] 
2025-01-31 18:08:58,251 [ERROR] LogOutputStream:75 - [STDERR_REDIRECT] [Fatal Error] :1:1: Premature end of file.
2025-01-31 18:08:58,251 [ERROR] LogOutputStream:75 - [STDERR_REDIRECT] 
2025-01-31 18:08:59,258 [ERROR] LogOutputStream:75 - [STDERR_REDIRECT] [Fatal Error] :1:1: Premature end of file.
2025-01-31 18:08:59,258 [ERROR] LogOutputStream:75 - [STDERR_REDIRECT] 
2025-01-31 18:09:00,259 [ERROR] LogOutputStream:75 - [STDERR_REDIRECT] [Fatal Error] :1:1: Premature end of file.
2025-01-31 18:09:00,261 [ERROR] LogOutputStream:75 - [STDERR_REDIRECT] 
2025-01-31 18:09:01,261 [ERROR] LogOutputStream:75 - [STDERR_REDIRECT] [Fatal Error] :1:1: Premature end of file.
2025-01-31 18:09:01,261 [ERROR] LogOutputStream:75 - [STDERR_REDIRECT] 
2025-01-31 18:09:02,251 [ERROR] LogOutputStream:75 - [STDERR_REDIRECT] [Fatal Error] :1:1: Premature end of file.
2025-01-31 18:09:02,251 [ERROR] LogOutputStream:75 - [STDERR_REDIRECT] 
2025-01-31 18:09:03,240 [ERROR] LogOutputStream:75 - [STDERR_REDIRECT] [Fatal Error] :1:1: Premature end of file.
2025-01-31 18:09:03,240 [ERROR] LogOutputStream:75 - [STDERR_REDIRECT] 
2025-01-31 18:09:04,255 [ERROR] LogOutputStream:75 - [STDERR_REDIRECT] [Fatal Error] :1:1: Premature end of file.
2025-01-31 18:09:04,256 [ERROR] LogOutputStream:75 - [STDERR_REDIRECT] 
2025-01-31 18:09:05,258 [ERROR] LogOutputStream:75 - [STDERR_REDIRECT] [Fatal Error] :1:1: Premature end of file.
2025-01-31 18:09:05,258 [ERROR] LogOutputStream:75 - [STDERR_REDIRECT] 
2025-01-31 18:09:06,252 [ERROR] LogOutputStream:75 - [STDERR_REDIRECT] [Fatal Error] :1:1: Premature end of file.
2025-01-31 18:09:06,252 [ERROR] LogOutputStream:75 - [STDERR_REDIRECT] 
2025-01-31 18:09:07,261 [ERROR] LogOutputStream:75 - [STDERR_REDIRECT] [Fatal Error] :1:1: Premature end of file.
2025-01-31 18:09:07,261 [ERROR] LogOutputStream:75 - [STDERR_REDIRECT] 
2025-01-31 18:09:08,258 [ERROR] LogOutputStream:75 - [STDERR_REDIRECT] [Fatal Error] :1:1: Premature end of file.
2025-01-31 18:09:08,258 [ERROR] LogOutputStream:75 - [STDERR_REDIRECT] 
2025-01-31 18:09:09,247 [ERROR] LogOutputStream:75 - [STDERR_REDIRECT] [Fatal Error] :1:1: Premature end of file.
2025-01-31 18:09:09,247 [ERROR] LogOutputStream:75 - [STDERR_REDIRECT] 
2025-01-31 18:09:10,251 [ERROR] LogOutputStream:75 - [STDERR_REDIRECT] [Fatal Error] :1:1: Premature end of file.
2025-01-31 18:09:10,251 [ERROR] LogOutputStream:75 - [STDERR_REDIRECT] 
2025-01-31 18:09:11,265 [ERROR] LogOutputStream:75 - [STDERR_REDIRECT] [Fatal Error] :1:1: Premature end of file.
2025-01-31 18:09:11,265 [ERROR] LogOutputStream:75 - [STDERR_REDIRECT] 
2025-01-31 18:09:12,261 [ERROR] LogOutputStream:75 - [STDERR_REDIRECT] [Fatal Error] :1:1: Premature end of file.
2025-01-31 18:09:12,261 [ERROR] LogOutputStream:75 - [STDERR_REDIRECT] 
2025-01-31 18:09:13,291 [ERROR] LogOutputStream:75 - [STDERR_REDIRECT] [Fatal Error] :1:1: Premature end of file.
2025-01-31 18:09:13,292 [ERROR] LogOutputStream:75 - [STDERR_REDIRECT] 
2025-01-31 18:09:14,257 [ERROR] LogOutputStream:75 - [STDERR_REDIRECT] [Fatal Error] :1:1: Premature end of file.
2025-01-31 18:09:14,257 [ERROR] LogOutputStream:75 - [STDERR_REDIRECT] 
2025-01-31 18:09:15,257 [ERROR] LogOutputStream:75 - [STDERR_REDIRECT] [Fatal Error] :1:1: Premature end of file.
2025-01-31 18:09:15,257 [ERROR] LogOutputStream:75 - [STDERR_REDIRECT] 
2025-01-31 18:09:16,255 [ERROR] LogOutputStream:75 - [STDERR_REDIRECT] [Fatal Error] :1:1: Premature end of file.
2025-01-31 18:09:16,255 [ERROR] LogOutputStream:75 - [STDERR_REDIRECT] 
2025-01-31 18:09:17,251 [ERROR] LogOutputStream:75 - [STDERR_REDIRECT] [Fatal Error] :1:1: Premature end of file.
2025-01-31 18:09:17,251 [ERROR] LogOutputStream:75 - [STDERR_REDIRECT] 
2025-01-31 18:09:18,260 [ERROR] LogOutputStream:75 - [STDERR_REDIRECT] [Fatal Error] :1:1: Premature end of file.
2025-01-31 18:09:18,260 [ERROR] LogOutputStream:75 - [STDERR_REDIRECT] 
2025-01-31 18:09:19,248 [ERROR] LogOutputStream:75 - [STDERR_REDIRECT] [Fatal Error] :1:1: Premature end of file.
2025-01-31 18:09:19,248 [ERROR] LogOutputStream:75 - [STDERR_REDIRECT] 
2025-01-31 18:09:20,237 [ERROR] LogOutputStream:75 - [STDERR_REDIRECT] [Fatal Error] :1:1: Premature end of file.
2025-01-31 18:09:20,237 [ERROR] LogOutputStream:75 - [STDERR_REDIRECT] 
2025-01-31 18:09:21,265 [ERROR] LogOutputStream:75 - [STDERR_REDIRECT] [Fatal Error] :1:1: Premature end of file.
2025-01-31 18:09:21,265 [ERROR] LogOutputStream:75 - [STDERR_REDIRECT] 
2025-01-31 18:09:22,259 [ERROR] LogOutputStream:75 - [STDERR_REDIRECT] [Fatal Error] :1:1: Premature end of file.
2025-01-31 18:09:22,259 [ERROR] LogOutputStream:75 - [STDERR_REDIRECT] 
2025-01-31 18:09:23,238 [ERROR] LogOutputStream:75 - [STDERR_REDIRECT] [Fatal Error] :1:1: Premature end of file.
2025-01-31 18:09:23,238 [ERROR] LogOutputStream:75 - [STDERR_REDIRECT] 
2025-01-31 18:09:24,258 [ERROR] LogOutputStream:75 - [STDERR_REDIRECT] [Fatal Error] :1:1: Premature end of file.
2025-01-31 18:09:24,258 [ERROR] LogOutputStream:75 - [STDERR_REDIRECT] 
2025-01-31 18:09:25,276 [ERROR] LogOutputStream:75 - [STDERR_REDIRECT] [Fatal Error] :1:1: Premature end of file.
2025-01-31 18:09:25,276 [ERROR] LogOutputStream:75 - [STDERR_REDIRECT] 
2025-01-31 18:09:26,258 [ERROR] LogOutputStream:75 - [STDERR_REDIRECT] [Fatal Error] :1:1: Premature end of file.
2025-01-31 18:09:26,260 [ERROR] LogOutputStream:75 - [STDERR_REDIRECT] 
2025-01-31 18:09:27,263 [ERROR] LogOutputStream:75 - [STDERR_REDIRECT] [Fatal Error] :1:1: Premature end of file.
2025-01-31 18:09:27,263 [ERROR] LogOutputStream:75 - [STDERR_REDIRECT] 
2025-01-31 18:09:28,263 [ERROR] LogOutputStream:75 - [STDERR_REDIRECT] [Fatal Error] :1:1: Premature end of file.
2025-01-31 18:09:28,263 [ERROR] LogOutputStream:75 - [STDERR_REDIRECT] 
2025-01-31 18:09:29,263 [ERROR] LogOutputStream:75 - [STDERR_REDIRECT] [Fatal Error] :1:1: Premature end of file.
2025-01-31 18:09:29,263 [ERROR] LogOutputStream:75 - [STDERR_REDIRECT] 
2025-01-31 18:09:30,251 [ERROR] LogOutputStream:75 - [STDERR_REDIRECT] [Fatal Error] :1:1: Premature end of file.
2025-01-31 18:09:30,253 [ERROR] LogOutputStream:75 - [STDERR_REDIRECT] 
2025-01-31 18:09:31,249 [ERROR] LogOutputStream:75 - [STDERR_REDIRECT] [Fatal Error] :1:1: Premature end of file.
2025-01-31 18:09:31,249 [ERROR] LogOutputStream:75 - [STDERR_REDIRECT] 
2025-01-31 18:09:32,251 [ERROR] LogOutputStream:75 - [STDERR_REDIRECT] [Fatal Error] :1:1: Premature end of file.
2025-01-31 18:09:32,251 [ERROR] LogOutputStream:75 - [STDERR_REDIRECT] 
2025-01-31 18:09:33,257 [ERROR] LogOutputStream:75 - [STDERR_REDIRECT] [Fatal Error] :1:1: Premature end of file.
2025-01-31 18:09:33,257 [ERROR] LogOutputStream:75 - [STDERR_REDIRECT] 
2025-01-31 18:09:34,256 [ERROR] LogOutputStream:75 - [STDERR_REDIRECT] [Fatal Error] :1:1: Premature end of file.
2025-01-31 18:09:34,256 [ERROR] LogOutputStream:75 - [STDERR_REDIRECT] 
2025-01-31 18:09:35,259 [ERROR] LogOutputStream:75 - [STDERR_REDIRECT] [Fatal Error] :1:1: Premature end of file.
2025-01-31 18:09:35,259 [ERROR] LogOutputStream:75 - [STDERR_REDIRECT] 
2025-01-31 18:09:36,266 [ERROR] LogOutputStream:75 - [STDERR_REDIRECT] [Fatal Error] :1:1: Premature end of file.
2025-01-31 18:09:36,266 [ERROR] LogOutputStream:75 - [STDERR_REDIRECT] 
2025-01-31 18:09:37,259 [ERROR] LogOutputStream:75 - [STDERR_REDIRECT] [Fatal Error] :1:1: Premature end of file.
2025-01-31 18:09:37,259 [ERROR] LogOutputStream:75 - [STDERR_REDIRECT] 
2025-01-31 18:09:38,260 [ERROR] LogOutputStream:75 - [STDERR_REDIRECT] [Fatal Error] :1:1: Premature end of file.
2025-01-31 18:09:38,260 [ERROR] LogOutputStream:75 - [STDERR_REDIRECT] 
2025-01-31 18:09:39,260 [ERROR] LogOutputStream:75 - [STDERR_REDIRECT] [Fatal Error] :1:1: Premature end of file.
2025-01-31 18:09:39,260 [ERROR] LogOutputStream:75 - [STDERR_REDIRECT] 
2025-01-31 18:09:40,251 [ERROR] LogOutputStream:75 - [STDERR_REDIRECT] [Fatal Error] :1:1: Premature end of file.
2025-01-31 18:09:40,251 [ERROR] LogOutputStream:75 - [STDERR_REDIRECT] 
2025-01-31 18:09:41,257 [ERROR] LogOutputStream:75 - [STDERR_REDIRECT] [Fatal Error] :1:1: Premature end of file.
2025-01-31 18:09:41,257 [ERROR] LogOutputStream:75 - [STDERR_REDIRECT] 
2025-01-31 18:09:42,247 [ERROR] LogOutputStream:75 - [STDERR_REDIRECT] [Fatal Error] :1:1: Premature end of file.
2025-01-31 18:09:42,247 [ERROR] LogOutputStream:75 - [STDERR_REDIRECT] 
2025-01-31 18:09:43,256 [ERROR] LogOutputStream:75 - [STDERR_REDIRECT] [Fatal Error] :1:1: Premature end of file.
2025-01-31 18:09:43,256 [ERROR] LogOutputStream:75 - [STDERR_REDIRECT] 
2025-01-31 18:09:44,245 [ERROR] LogOutputStream:75 - [STDERR_REDIRECT] [Fatal Error] :1:1: Premature end of file.
2025-01-31 18:09:44,245 [ERROR] LogOutputStream:75 - [STDERR_REDIRECT] 
2025-01-31 18:09:45,249 [ERROR] LogOutputStream:75 - [STDERR_REDIRECT] [Fatal Error] :1:1: Premature end of file.
2025-01-31 18:09:45,249 [ERROR] LogOutputStream:75 - [STDERR_REDIRECT] 
2025-01-31 18:09:46,247 [ERROR] LogOutputStream:75 - [STDERR_REDIRECT] [Fatal Error] :1:1: Premature end of file.
2025-01-31 18:09:46,247 [ERROR] LogOutputStream:75 - [STDERR_REDIRECT] 
2025-01-31 18:09:47,245 [ERROR] LogOutputStream:75 - [STDERR_REDIRECT] [Fatal Error] :1:1: Premature end of file.
2025-01-31 18:09:47,245 [ERROR] LogOutputStream:75 - [STDERR_REDIRECT] 
2025-01-31 18:09:48,248 [ERROR] LogOutputStream:75 - [STDERR_REDIRECT] [Fatal Error] :1:1: Premature end of file.
2025-01-31 18:09:48,248 [ERROR] LogOutputStream:75 - [STDERR_REDIRECT] 
2025-01-31 18:09:49,252 [ERROR] LogOutputStream:75 - [STDERR_REDIRECT] [Fatal Error] :1:1: Premature end of file.
2025-01-31 18:09:49,252 [ERROR] LogOutputStream:75 - [STDERR_REDIRECT] 
2025-01-31 18:09:50,239 [ERROR] LogOutputStream:75 - [STDERR_REDIRECT] [Fatal Error] :1:1: Premature end of file.
2025-01-31 18:09:50,239 [ERROR] LogOutputStream:75 - [STDERR_REDIRECT] 
2025-01-31 18:09:51,253 [ERROR] LogOutputStream:75 - [STDERR_REDIRECT] [Fatal Error] :1:1: Premature end of file.
2025-01-31 18:09:51,253 [ERROR] LogOutputStream:75 - [STDERR_REDIRECT] 
2025-01-31 18:09:52,248 [ERROR] LogOutputStream:75 - [STDERR_REDIRECT] [Fatal Error] :1:1: Premature end of file.
2025-01-31 18:09:52,248 [ERROR] LogOutputStream:75 - [STDERR_REDIRECT] 
2025-01-31 18:09:53,253 [ERROR] LogOutputStream:75 - [STDERR_REDIRECT] [Fatal Error] :1:1: Premature end of file.
2025-01-31 18:09:53,253 [ERROR] LogOutputStream:75 - [STDERR_REDIRECT] 
2025-01-31 18:09:54,253 [ERROR] LogOutputStream:75 - [STDERR_REDIRECT] [Fatal Error] :1:1: Premature end of file.
2025-01-31 18:09:54,253 [ERROR] LogOutputStream:75 - [STDERR_REDIRECT] 
2025-01-31 18:09:55,258 [ERROR] LogOutputStream:75 - [STDERR_REDIRECT] [Fatal Error] :1:1: Premature end of file.
2025-01-31 18:09:55,258 [ERROR] LogOutputStream:75 - [STDERR_REDIRECT] 
2025-01-31 18:09:56,245 [ERROR] LogOutputStream:75 - [STDERR_REDIRECT] [Fatal Error] :1:1: Premature end of file.
2025-01-31 18:09:56,247 [ERROR] LogOutputStream:75 - [STDERR_REDIRECT] 
2025-01-31 18:09:57,250 [ERROR] LogOutputStream:75 - [STDERR_REDIRECT] [Fatal Error] :1:1: Premature end of file.
2025-01-31 18:09:57,251 [ERROR] LogOutputStream:75 - [STDERR_REDIRECT] 
2025-01-31 18:09:58,255 [ERROR] LogOutputStream:75 - [STDERR_REDIRECT] [Fatal Error] :1:1: Premature end of file.
2025-01-31 18:09:58,255 [ERROR] LogOutputStream:75 - [STDERR_REDIRECT] 
2025-01-31 18:09:59,261 [ERROR] LogOutputStream:75 - [STDERR_REDIRECT] [Fatal Error] :1:1: Premature end of file.
2025-01-31 18:09:59,261 [ERROR] LogOutputStream:75 - [STDERR_REDIRECT] 
2025-01-31 18:10:00,258 [ERROR] LogOutputStream:75 - [STDERR_REDIRECT] [Fatal Error] :1:1: Premature end of file.
2025-01-31 18:10:00,258 [ERROR] LogOutputStream:75 - [STDERR_REDIRECT] 
2025-01-31 18:10:01,260 [ERROR] LogOutputStream:75 - [STDERR_REDIRECT] [Fatal Error] :1:1: Premature end of file.
2025-01-31 18:10:01,260 [ERROR] LogOutputStream:75 - [STDERR_REDIRECT] 
2025-01-31 18:10:02,256 [ERROR] LogOutputStream:75 - [STDERR_REDIRECT] [Fatal Error] :1:1: Premature end of file.
2025-01-31 18:10:02,256 [ERROR] LogOutputStream:75 - [STDERR_REDIRECT] 
2025-01-31 18:10:03,254 [ERROR] LogOutputStream:75 - [STDERR_REDIRECT] [Fatal Error] :1:1: Premature end of file.
2025-01-31 18:10:03,254 [ERROR] LogOutputStream:75 - [STDERR_REDIRECT] 
2025-01-31 18:10:04,251 [ERROR] LogOutputStream:75 - [STDERR_REDIRECT] [Fatal Error] :1:1: Premature end of file.
2025-01-31 18:10:04,251 [ERROR] LogOutputStream:75 - [STDERR_REDIRECT] 
2025-01-31 18:10:05,256 [ERROR] LogOutputStream:75 - [STDERR_REDIRECT] [Fatal Error] :1:1: Premature end of file.
2025-01-31 18:10:05,256 [ERROR] LogOutputStream:75 - [STDERR_REDIRECT] 
2025-01-31 18:10:06,250 [ERROR] LogOutputStream:75 - [STDERR_REDIRECT] [Fatal Error] :1:1: Premature end of file.
2025-01-31 18:10:06,250 [ERROR] LogOutputStream:75 - [STDERR_REDIRECT] 
2025-01-31 18:10:07,260 [ERROR] LogOutputStream:75 - [STDERR_REDIRECT] [Fatal Error] :1:1: Premature end of file.
2025-01-31 18:10:07,260 [ERROR] LogOutputStream:75 - [STDERR_REDIRECT] 
2025-01-31 18:10:08,248 [ERROR] LogOutputStream:75 - [STDERR_REDIRECT] [Fatal Error] :1:1: Premature end of file.
2025-01-31 18:10:08,248 [ERROR] LogOutputStream:75 - [STDERR_REDIRECT] 
2025-01-31 18:10:09,260 [ERROR] LogOutputStream:75 - [STDERR_REDIRECT] [Fatal Error] :1:1: Premature end of file.
2025-01-31 18:10:09,260 [ERROR] LogOutputStream:75 - [STDERR_REDIRECT] 
2025-01-31 18:10:10,254 [ERROR] LogOutputStream:75 - [STDERR_REDIRECT] [Fatal Error] :1:1: Premature end of file.
2025-01-31 18:10:10,254 [ERROR] LogOutputStream:75 - [STDERR_REDIRECT] 
2025-01-31 18:10:11,246 [ERROR] LogOutputStream:75 - [STDERR_REDIRECT] [Fatal Error] :1:1: Premature end of file.
2025-01-31 18:10:11,246 [ERROR] LogOutputStream:75 - [STDERR_REDIRECT] 
2025-01-31 18:10:12,259 [ERROR] LogOutputStream:75 - [STDERR_REDIRECT] [Fatal Error] :1:1: Premature end of file.
2025-01-31 18:10:12,259 [ERROR] LogOutputStream:75 - [STDERR_REDIRECT] 
2025-01-31 18:10:13,259 [ERROR] LogOutputStream:75 - [STDERR_REDIRECT] [Fatal Error] :1:1: Premature end of file.
2025-01-31 18:10:13,259 [ERROR] LogOutputStream:75 - [STDERR_REDIRECT] 
2025-01-31 18:10:14,254 [ERROR] LogOutputStream:75 - [STDERR_REDIRECT] [Fatal Error] :1:1: Premature end of file.
2025-01-31 18:10:14,254 [ERROR] LogOutputStream:75 - [STDERR_REDIRECT] 
2025-01-31 18:10:15,250 [ERROR] LogOutputStream:75 - [STDERR_REDIRECT] [Fatal Error] :1:1: Premature end of file.
2025-01-31 18:10:15,250 [ERROR] LogOutputStream:75 - [STDERR_REDIRECT] 
2025-01-31 18:10:16,247 [ERROR] LogOutputStream:75 - [STDERR_REDIRECT] [Fatal Error] :1:1: Premature end of file.
2025-01-31 18:10:16,247 [ERROR] LogOutputStream:75 - [STDERR_REDIRECT] 
2025-01-31 18:10:17,252 [ERROR] LogOutputStream:75 - [STDERR_REDIRECT] [Fatal Error] :1:1: Premature end of file.
2025-01-31 18:10:17,252 [ERROR] LogOutputStream:75 - [STDERR_REDIRECT] 
2025-01-31 18:10:18,250 [ERROR] LogOutputStream:75 - [STDERR_REDIRECT] [Fatal Error] :1:1: Premature end of file.
2025-01-31 18:10:18,250 [ERROR] LogOutputStream:75 - [STDERR_REDIRECT] 
2025-01-31 18:10:19,249 [ERROR] LogOutputStream:75 - [STDERR_REDIRECT] [Fatal Error] :1:1: Premature end of file.
2025-01-31 18:10:19,249 [ERROR] LogOutputStream:75 - [STDERR_REDIRECT] 
2025-01-31 18:10:20,249 [ERROR] LogOutputStream:75 - [STDERR_REDIRECT] [Fatal Error] :1:1: Premature end of file.
2025-01-31 18:10:20,249 [ERROR] LogOutputStream:75 - [STDERR_REDIRECT] 
2025-01-31 18:10:21,246 [ERROR] LogOutputStream:75 - [STDERR_REDIRECT] [Fatal Error] :1:1: Premature end of file.
2025-01-31 18:10:21,246 [ERROR] LogOutputStream:75 - [STDERR_REDIRECT] 
2025-01-31 18:10:22,253 [ERROR] LogOutputStream:75 - [STDERR_REDIRECT] [Fatal Error] :1:1: Premature end of file.
2025-01-31 18:10:22,253 [ERROR] LogOutputStream:75 - [STDERR_REDIRECT] 
2025-01-31 18:10:23,248 [ERROR] LogOutputStream:75 - [STDERR_REDIRECT] [Fatal Error] :1:1: Premature end of file.
2025-01-31 18:10:23,248 [ERROR] LogOutputStream:75 - [STDERR_REDIRECT] 
2025-01-31 18:10:24,248 [ERROR] LogOutputStream:75 - [STDERR_REDIRECT] [Fatal Error] :1:1: Premature end of file.
2025-01-31 18:10:24,248 [ERROR] LogOutputStream:75 - [STDERR_REDIRECT] 
2025-01-31 18:10:25,243 [ERROR] LogOutputStream:75 - [STDERR_REDIRECT] [Fatal Error] :1:1: Premature end of file.
2025-01-31 18:10:25,243 [ERROR] LogOutputStream:75 - [STDERR_REDIRECT] 
2025-01-31 18:10:26,250 [ERROR] LogOutputStream:75 - [STDERR_REDIRECT] [Fatal Error] :1:1: Premature end of file.
2025-01-31 18:10:26,250 [ERROR] LogOutputStream:75 - [STDERR_REDIRECT] 
2025-01-31 18:10:27,242 [ERROR] LogOutputStream:75 - [STDERR_REDIRECT] [Fatal Error] :1:1: Premature end of file.
2025-01-31 18:10:27,242 [ERROR] LogOutputStream:75 - [STDERR_REDIRECT] 
2025-01-31 18:10:28,239 [ERROR] LogOutputStream:75 - [STDERR_REDIRECT] [Fatal Error] :1:1: Premature end of file.
2025-01-31 18:10:28,239 [ERROR] LogOutputStream:75 - [STDERR_REDIRECT] 
2025-01-31 18:10:29,251 [ERROR] LogOutputStream:75 - [STDERR_REDIRECT] [Fatal Error] :1:1: Premature end of file.
2025-01-31 18:10:29,251 [ERROR] LogOutputStream:75 - [STDERR_REDIRECT] 
2025-01-31 18:10:30,254 [ERROR] LogOutputStream:75 - [STDERR_REDIRECT] [Fatal Error] :1:1: Premature end of file.
2025-01-31 18:10:30,254 [ERROR] LogOutputStream:75 - [STDERR_REDIRECT] 
2025-01-31 18:10:31,251 [ERROR] LogOutputStream:75 - [STDERR_REDIRECT] [Fatal Error] :1:1: Premature end of file.
2025-01-31 18:10:31,251 [ERROR] LogOutputStream:75 - [STDERR_REDIRECT] 
2025-01-31 18:10:32,251 [ERROR] LogOutputStream:75 - [STDERR_REDIRECT] [Fatal Error] :1:1: Premature end of file.
2025-01-31 18:10:32,251 [ERROR] LogOutputStream:75 - [STDERR_REDIRECT] 
2025-01-31 18:10:33,258 [ERROR] LogOutputStream:75 - [STDERR_REDIRECT] [Fatal Error] :1:1: Premature end of file.
2025-01-31 18:10:33,258 [ERROR] LogOutputStream:75 - [STDERR_REDIRECT] 
2025-01-31 18:10:34,255 [ERROR] LogOutputStream:75 - [STDERR_REDIRECT] [Fatal Error] :1:1: Premature end of file.
2025-01-31 18:10:34,255 [ERROR] LogOutputStream:75 - [STDERR_REDIRECT] 
2025-01-31 18:10:35,250 [ERROR] LogOutputStream:75 - [STDERR_REDIRECT] [Fatal Error] :1:1: Premature end of file.
2025-01-31 18:10:35,250 [ERROR] LogOutputStream:75 - [STDERR_REDIRECT] 
2025-01-31 18:10:36,259 [ERROR] LogOutputStream:75 - [STDERR_REDIRECT] [Fatal Error] :1:1: Premature end of file.
2025-01-31 18:10:36,259 [ERROR] LogOutputStream:75 - [STDERR_REDIRECT] 
2025-01-31 18:10:37,250 [ERROR] LogOutputStream:75 - [STDERR_REDIRECT] [Fatal Error] :1:1: Premature end of file.
2025-01-31 18:10:37,250 [ERROR] LogOutputStream:75 - [STDERR_REDIRECT] 
2025-01-31 18:10:38,250 [ERROR] LogOutputStream:75 - [STDERR_REDIRECT] [Fatal Error] :1:1: Premature end of file.
2025-01-31 18:10:38,250 [ERROR] LogOutputStream:75 - [STDERR_REDIRECT] 
2025-01-31 18:10:39,277 [ERROR] LogOutputStream:75 - [STDERR_REDIRECT] [Fatal Error] :1:1: Premature end of file.
2025-01-31 18:10:39,277 [ERROR] LogOutputStream:75 - [STDERR_REDIRECT] 
2025-01-31 18:10:40,252 [ERROR] LogOutputStream:75 - [STDERR_REDIRECT] [Fatal Error] :1:1: Premature end of file.
2025-01-31 18:10:40,252 [ERROR] LogOutputStream:75 - [STDERR_REDIRECT] 
2025-01-31 18:10:41,239 [ERROR] LogOutputStream:75 - [STDERR_REDIRECT] [Fatal Error] :1:1: Premature end of file.
2025-01-31 18:10:41,239 [ERROR] LogOutputStream:75 - [STDERR_REDIRECT] 
2025-01-31 18:10:42,240 [ERROR] LogOutputStream:75 - [STDERR_REDIRECT] [Fatal Error] :1:1: Premature end of file.
2025-01-31 18:10:42,240 [ERROR] LogOutputStream:75 - [STDERR_REDIRECT] 
2025-01-31 18:10:43,282 [ERROR] LogOutputStream:75 - [STDERR_REDIRECT] [Fatal Error] :1:1: Premature end of file.
2025-01-31 18:10:43,282 [ERROR] LogOutputStream:75 - [STDERR_REDIRECT] 
2025-01-31 18:10:44,239 [ERROR] LogOutputStream:75 - [STDERR_REDIRECT] [Fatal Error] :1:1: Premature end of file.
2025-01-31 18:10:44,239 [ERROR] LogOutputStream:75 - [STDERR_REDIRECT] 
2025-01-31 18:10:45,241 [ERROR] LogOutputStream:75 - [STDERR_REDIRECT] [Fatal Error] :1:1: Premature end of file.
2025-01-31 18:10:45,241 [ERROR] LogOutputStream:75 - [STDERR_REDIRECT] 
2025-01-31 18:10:46,251 [ERROR] LogOutputStream:75 - [STDERR_REDIRECT] [Fatal Error] :1:1: Premature end of file.
2025-01-31 18:10:46,251 [ERROR] LogOutputStream:75 - [STDERR_REDIRECT] 
2025-01-31 18:10:47,254 [ERROR] LogOutputStream:75 - [STDERR_REDIRECT] [Fatal Error] :1:1: Premature end of file.
2025-01-31 18:10:47,254 [ERROR] LogOutputStream:75 - [STDERR_REDIRECT] 
2025-01-31 18:10:48,263 [ERROR] LogOutputStream:75 - [STDERR_REDIRECT] [Fatal Error] :1:1: Premature end of file.
2025-01-31 18:10:48,263 [ERROR] LogOutputStream:75 - [STDERR_REDIRECT] 
2025-01-31 18:10:49,249 [ERROR] LogOutputStream:75 - [STDERR_REDIRECT] [Fatal Error] :1:1: Premature end of file.
2025-01-31 18:10:49,250 [ERROR] LogOutputStream:75 - [STDERR_REDIRECT] 
2025-01-31 18:10:50,258 [ERROR] LogOutputStream:75 - [STDERR_REDIRECT] [Fatal Error] :1:1: Premature end of file.
2025-01-31 18:10:50,258 [ERROR] LogOutputStream:75 - [STDERR_REDIRECT] 
2025-01-31 18:10:51,245 [ERROR] LogOutputStream:75 - [STDERR_REDIRECT] [Fatal Error] :1:1: Premature end of file.
2025-01-31 18:10:51,245 [ERROR] LogOutputStream:75 - [STDERR_REDIRECT] 
2025-01-31 18:10:52,255 [ERROR] LogOutputStream:75 - [STDERR_REDIRECT] [Fatal Error] :1:1: Premature end of file.
2025-01-31 18:10:52,255 [ERROR] LogOutputStream:75 - [STDERR_REDIRECT] 
2025-01-31 18:10:53,254 [ERROR] LogOutputStream:75 - [STDERR_REDIRECT] [Fatal Error] :1:1: Premature end of file.
2025-01-31 18:10:53,254 [ERROR] LogOutputStream:75 - [STDERR_REDIRECT] 
2025-01-31 18:10:54,254 [ERROR] LogOutputStream:75 - [STDERR_REDIRECT] [Fatal Error] :1:1: Premature end of file.
2025-01-31 18:10:54,254 [ERROR] LogOutputStream:75 - [STDERR_REDIRECT] 
2025-01-31 18:10:55,259 [ERROR] LogOutputStream:75 - [STDERR_REDIRECT] [Fatal Error] :1:1: Premature end of file.
2025-01-31 18:10:55,259 [ERROR] LogOutputStream:75 - [STDERR_REDIRECT] 
2025-01-31 18:10:56,247 [ERROR] LogOutputStream:75 - [STDERR_REDIRECT] [Fatal Error] :1:1: Premature end of file.
2025-01-31 18:10:56,247 [ERROR] LogOutputStream:75 - [STDERR_REDIRECT] 
2025-01-31 18:10:57,255 [ERROR] LogOutputStream:75 - [STDERR_REDIRECT] [Fatal Error] :1:1: Premature end of file.
2025-01-31 18:10:57,255 [ERROR] LogOutputStream:75 - [STDERR_REDIRECT] 
2025-01-31 18:10:58,256 [ERROR] LogOutputStream:75 - [STDERR_REDIRECT] [Fatal Error] :1:1: Premature end of file.
2025-01-31 18:10:58,256 [ERROR] LogOutputStream:75 - [STDERR_REDIRECT] 
2025-01-31 18:10:59,243 [ERROR] LogOutputStream:75 - [STDERR_REDIRECT] [Fatal Error] :1:1: Premature end of file.
2025-01-31 18:10:59,243 [ERROR] LogOutputStream:75 - [STDERR_REDIRECT] 
2025-01-31 18:11:00,254 [ERROR] LogOutputStream:75 - [STDERR_REDIRECT] [Fatal Error] :1:1: Premature end of file.
2025-01-31 18:11:00,254 [ERROR] LogOutputStream:75 - [STDERR_REDIRECT] 
2025-01-31 18:11:01,249 [ERROR] LogOutputStream:75 - [STDERR_REDIRECT] [Fatal Error] :1:1: Premature end of file.
2025-01-31 18:11:01,249 [ERROR] LogOutputStream:75 - [STDERR_REDIRECT] 
2025-01-31 18:11:02,253 [ERROR] LogOutputStream:75 - [STDERR_REDIRECT] [Fatal Error] :1:1: Premature end of file.
2025-01-31 18:11:02,253 [ERROR] LogOutputStream:75 - [STDERR_REDIRECT] 
2025-01-31 18:11:03,243 [ERROR] LogOutputStream:75 - [STDERR_REDIRECT] [Fatal Error] :1:1: Premature end of file.
2025-01-31 18:11:03,243 [ERROR] LogOutputStream:75 - [STDERR_REDIRECT] 
2025-01-31 18:11:04,253 [ERROR] LogOutputStream:75 - [STDERR_REDIRECT] [Fatal Error] :1:1: Premature end of file.
2025-01-31 18:11:04,253 [ERROR] LogOutputStream:75 - [STDERR_REDIRECT] 
2025-01-31 18:11:05,251 [ERROR] LogOutputStream:75 - [STDERR_REDIRECT] [Fatal Error] :1:1: Premature end of file.
2025-01-31 18:11:05,251 [ERROR] LogOutputStream:75 - [STDERR_REDIRECT] 
2025-01-31 18:11:06,255 [ERROR] LogOutputStream:75 - [STDERR_REDIRECT] [Fatal Error] :1:1: Premature end of file.
2025-01-31 18:11:06,255 [ERROR] LogOutputStream:75 - [STDERR_REDIRECT] 
2025-01-31 18:11:07,251 [ERROR] LogOutputStream:75 - [STDERR_REDIRECT] [Fatal Error] :1:1: Premature end of file.
2025-01-31 18:11:07,251 [ERROR] LogOutputStream:75 - [STDERR_REDIRECT] 
2025-01-31 18:11:08,247 [ERROR] LogOutputStream:75 - [STDERR_REDIRECT] [Fatal Error] :1:1: Premature end of file.
2025-01-31 18:11:08,247 [ERROR] LogOutputStream:75 - [STDERR_REDIRECT] 
2025-01-31 18:11:09,263 [ERROR] LogOutputStream:75 - [STDERR_REDIRECT] [Fatal Error] :1:1: Premature end of file.
2025-01-31 18:11:09,263 [ERROR] LogOutputStream:75 - [STDERR_REDIRECT] 
2025-01-31 18:11:10,240 [ERROR] LogOutputStream:75 - [STDERR_REDIRECT] [Fatal Error] :1:1: Premature end of file.
2025-01-31 18:11:10,240 [ERROR] LogOutputStream:75 - [STDERR_REDIRECT] 
2025-01-31 18:11:11,253 [ERROR] LogOutputStream:75 - [STDERR_REDIRECT] [Fatal Error] :1:1: Premature end of file.
2025-01-31 18:11:11,253 [ERROR] LogOutputStream:75 - [STDERR_REDIRECT] 
2025-01-31 18:11:12,249 [ERROR] LogOutputStream:75 - [STDERR_REDIRECT] [Fatal Error] :1:1: Premature end of file.
2025-01-31 18:11:12,249 [ERROR] LogOutputStream:75 - [STDERR_REDIRECT] 
2025-01-31 18:11:13,243 [ERROR] LogOutputStream:75 - [STDERR_REDIRECT] [Fatal Error] :1:1: Premature end of file.
2025-01-31 18:11:13,243 [ERROR] LogOutputStream:75 - [STDERR_REDIRECT] 
2025-01-31 18:11:14,254 [ERROR] LogOutputStream:75 - [STDERR_REDIRECT] [Fatal Error] :1:1: Premature end of file.
2025-01-31 18:11:14,254 [ERROR] LogOutputStream:75 - [STDERR_REDIRECT] 
2025-01-31 18:11:15,242 [ERROR] LogOutputStream:75 - [STDERR_REDIRECT] [Fatal Error] :1:1: Premature end of file.
2025-01-31 18:11:15,242 [ERROR] LogOutputStream:75 - [STDERR_REDIRECT] 
2025-01-31 18:11:16,243 [ERROR] LogOutputStream:75 - [STDERR_REDIRECT] [Fatal Error] :1:1: Premature end of file.
2025-01-31 18:11:16,243 [ERROR] LogOutputStream:75 - [STDERR_REDIRECT] 
2025-01-31 18:11:17,253 [ERROR] LogOutputStream:75 - [STDERR_REDIRECT] [Fatal Error] :1:1: Premature end of file.
2025-01-31 18:11:17,253 [ERROR] LogOutputStream:75 - [STDERR_REDIRECT] 
2025-01-31 18:11:18,256 [ERROR] LogOutputStream:75 - [STDERR_REDIRECT] [Fatal Error] :1:1: Premature end of file.
2025-01-31 18:11:18,256 [ERROR] LogOutputStream:75 - [STDERR_REDIRECT] 
2025-01-31 18:11:19,254 [ERROR] LogOutputStream:75 - [STDERR_REDIRECT] [Fatal Error] :1:1: Premature end of file.
2025-01-31 18:11:19,254 [ERROR] LogOutputStream:75 - [STDERR_REDIRECT] 
2025-01-31 18:11:20,248 [ERROR] LogOutputStream:75 - [STDERR_REDIRECT] [Fatal Error] :1:1: Premature end of file.
2025-01-31 18:11:20,248 [ERROR] LogOutputStream:75 - [STDERR_REDIRECT] 
2025-01-31 18:11:21,252 [ERROR] LogOutputStream:75 - [STDERR_REDIRECT] [Fatal Error] :1:1: Premature end of file.
2025-01-31 18:11:21,252 [ERROR] LogOutputStream:75 - [STDERR_REDIRECT] 
2025-01-31 18:11:22,251 [ERROR] LogOutputStream:75 - [STDERR_REDIRECT] [Fatal Error] :1:1: Premature end of file.
2025-01-31 18:11:22,251 [ERROR] LogOutputStream:75 - [STDERR_REDIRECT] 
2025-01-31 18:11:23,245 [ERROR] LogOutputStream:75 - [STDERR_REDIRECT] [Fatal Error] :1:1: Premature end of file.
2025-01-31 18:11:23,245 [ERROR] LogOutputStream:75 - [STDERR_REDIRECT] 
2025-01-31 18:11:24,249 [ERROR] LogOutputStream:75 - [STDERR_REDIRECT] [Fatal Error] :1:1: Premature end of file.
2025-01-31 18:11:24,249 [ERROR] LogOutputStream:75 - [STDERR_REDIRECT] 
2025-01-31 18:11:25,254 [ERROR] LogOutputStream:75 - [STDERR_REDIRECT] [Fatal Error] :1:1: Premature end of file.
2025-01-31 18:11:25,254 [ERROR] LogOutputStream:75 - [STDERR_REDIRECT] 
2025-01-31 18:11:26,248 [ERROR] LogOutputStream:75 - [STDERR_REDIRECT] [Fatal Error] :1:1: Premature end of file.
2025-01-31 18:11:26,248 [ERROR] LogOutputStream:75 - [STDERR_REDIRECT] 
2025-01-31 18:11:27,247 [ERROR] LogOutputStream:75 - [STDERR_REDIRECT] [Fatal Error] :1:1: Premature end of file.
2025-01-31 18:11:27,247 [ERROR] LogOutputStream:75 - [STDERR_REDIRECT] 
2025-01-31 18:11:28,262 [ERROR] LogOutputStream:75 - [STDERR_REDIRECT] [Fatal Error] :1:1: Premature end of file.
2025-01-31 18:11:28,262 [ERROR] LogOutputStream:75 - [STDERR_REDIRECT] 
2025-01-31 18:11:29,257 [ERROR] LogOutputStream:75 - [STDERR_REDIRECT] [Fatal Error] :1:1: Premature end of file.
2025-01-31 18:11:29,257 [ERROR] LogOutputStream:75 - [STDERR_REDIRECT] 
2025-01-31 18:11:30,250 [ERROR] LogOutputStream:75 - [STDERR_REDIRECT] [Fatal Error] :1:1: Premature end of file.
2025-01-31 18:11:30,250 [ERROR] LogOutputStream:75 - [STDERR_REDIRECT] 
2025-01-31 18:11:31,259 [ERROR] LogOutputStream:75 - [STDERR_REDIRECT] [Fatal Error] :1:1: Premature end of file.
2025-01-31 18:11:31,259 [ERROR] LogOutputStream:75 - [STDERR_REDIRECT] 
2025-01-31 18:11:32,259 [ERROR] LogOutputStream:75 - [STDERR_REDIRECT] [Fatal Error] :1:1: Premature end of file.
2025-01-31 18:11:32,259 [ERROR] LogOutputStream:75 - [STDERR_REDIRECT] 
2025-01-31 18:11:33,260 [ERROR] LogOutputStream:75 - [STDERR_REDIRECT] [Fatal Error] :1:1: Premature end of file.
2025-01-31 18:11:33,260 [ERROR] LogOutputStream:75 - [STDERR_REDIRECT] 
2025-01-31 18:11:34,255 [ERROR] LogOutputStream:75 - [STDERR_REDIRECT] [Fatal Error] :1:1: Premature end of file.
2025-01-31 18:11:34,255 [ERROR] LogOutputStream:75 - [STDERR_REDIRECT] 
2025-01-31 18:11:35,252 [ERROR] LogOutputStream:75 - [STDERR_REDIRECT] [Fatal Error] :1:1: Premature end of file.
2025-01-31 18:11:35,252 [ERROR] LogOutputStream:75 - [STDERR_REDIRECT] 
2025-01-31 18:11:36,258 [ERROR] LogOutputStream:75 - [STDERR_REDIRECT] [Fatal Error] :1:1: Premature end of file.
2025-01-31 18:11:36,258 [ERROR] LogOutputStream:75 - [STDERR_REDIRECT] 
2025-01-31 18:11:37,252 [ERROR] LogOutputStream:75 - [STDERR_REDIRECT] [Fatal Error] :1:1: Premature end of file.
2025-01-31 18:11:37,252 [ERROR] LogOutputStream:75 - [STDERR_REDIRECT] 
2025-01-31 18:11:38,252 [ERROR] LogOutputStream:75 - [STDERR_REDIRECT] [Fatal Error] :1:1: Premature end of file.
2025-01-31 18:11:38,252 [ERROR] LogOutputStream:75 - [STDERR_REDIRECT] 
2025-01-31 18:11:39,252 [ERROR] LogOutputStream:75 - [STDERR_REDIRECT] [Fatal Error] :1:1: Premature end of file.
2025-01-31 18:11:39,253 [ERROR] LogOutputStream:75 - [STDERR_REDIRECT] 
2025-01-31 18:11:40,269 [ERROR] LogOutputStream:75 - [STDERR_REDIRECT] [Fatal Error] :1:1: Premature end of file.
2025-01-31 18:11:40,269 [ERROR] LogOutputStream:75 - [STDERR_REDIRECT] 
2025-01-31 18:11:41,247 [ERROR] LogOutputStream:75 - [STDERR_REDIRECT] [Fatal Error] :1:1: Premature end of file.
2025-01-31 18:11:41,247 [ERROR] LogOutputStream:75 - [STDERR_REDIRECT] 
2025-01-31 18:11:42,253 [ERROR] LogOutputStream:75 - [STDERR_REDIRECT] [Fatal Error] :1:1: Premature end of file.
2025-01-31 18:11:42,253 [ERROR] LogOutputStream:75 - [STDERR_REDIRECT] 
2025-01-31 18:11:43,244 [ERROR] LogOutputStream:75 - [STDERR_REDIRECT] [Fatal Error] :1:1: Premature end of file.
2025-01-31 18:11:43,244 [ERROR] LogOutputStream:75 - [STDERR_REDIRECT] 
2025-01-31 18:11:44,248 [ERROR] LogOutputStream:75 - [STDERR_REDIRECT] [Fatal Error] :1:1: Premature end of file.
2025-01-31 18:11:44,248 [ERROR] LogOutputStream:75 - [STDERR_REDIRECT] 
2025-01-31 18:11:45,253 [ERROR] LogOutputStream:75 - [STDERR_REDIRECT] [Fatal Error] :1:1: Premature end of file.
2025-01-31 18:11:45,253 [ERROR] LogOutputStream:75 - [STDERR_REDIRECT] 
2025-01-31 18:11:46,252 [ERROR] LogOutputStream:75 - [STDERR_REDIRECT] [Fatal Error] :1:1: Premature end of file.
2025-01-31 18:11:46,252 [ERROR] LogOutputStream:75 - [STDERR_REDIRECT] 
2025-01-31 18:11:47,249 [ERROR] LogOutputStream:75 - [STDERR_REDIRECT] [Fatal Error] :1:1: Premature end of file.
2025-01-31 18:11:47,249 [ERROR] LogOutputStream:75 - [STDERR_REDIRECT] 
2025-01-31 18:11:48,247 [ERROR] LogOutputStream:75 - [STDERR_REDIRECT] [Fatal Error] :1:1: Premature end of file.
2025-01-31 18:11:48,247 [ERROR] LogOutputStream:75 - [STDERR_REDIRECT] 
2025-01-31 18:11:49,256 [ERROR] LogOutputStream:75 - [STDERR_REDIRECT] [Fatal Error] :1:1: Premature end of file.
2025-01-31 18:11:49,256 [ERROR] LogOutputStream:75 - [STDERR_REDIRECT] 
2025-01-31 18:11:50,251 [ERROR] LogOutputStream:75 - [STDERR_REDIRECT] [Fatal Error] :1:1: Premature end of file.
2025-01-31 18:11:50,252 [ERROR] LogOutputStream:75 - [STDERR_REDIRECT] 
2025-01-31 18:11:51,250 [ERROR] LogOutputStream:75 - [STDERR_REDIRECT] [Fatal Error] :1:1: Premature end of file.
2025-01-31 18:11:51,250 [ERROR] LogOutputStream:75 - [STDERR_REDIRECT] 
2025-01-31 18:11:52,253 [ERROR] LogOutputStream:75 - [STDERR_REDIRECT] [Fatal Error] :1:1: Premature end of file.
2025-01-31 18:11:52,255 [ERROR] LogOutputStream:75 - [STDERR_REDIRECT] 
2025-01-31 18:11:53,246 [ERROR] LogOutputStream:75 - [STDERR_REDIRECT] [Fatal Error] :1:1: Premature end of file.
2025-01-31 18:11:53,246 [ERROR] LogOutputStream:75 - [STDERR_REDIRECT] 
2025-01-31 18:11:54,260 [ERROR] LogOutputStream:75 - [STDERR_REDIRECT] [Fatal Error] :1:1: Premature end of file.
2025-01-31 18:11:54,260 [ERROR] LogOutputStream:75 - [STDERR_REDIRECT] 
2025-01-31 18:11:55,245 [ERROR] LogOutputStream:75 - [STDERR_REDIRECT] [Fatal Error] :1:1: Premature end of file.
2025-01-31 18:11:55,245 [ERROR] LogOutputStream:75 - [STDERR_REDIRECT] 
2025-01-31 18:11:56,249 [ERROR] LogOutputStream:75 - [STDERR_REDIRECT] [Fatal Error] :1:1: Premature end of file.
2025-01-31 18:11:56,249 [ERROR] LogOutputStream:75 - [STDERR_REDIRECT] 
2025-01-31 18:11:57,251 [ERROR] LogOutputStream:75 - [STDERR_REDIRECT] [Fatal Error] :1:1: Premature end of file.
2025-01-31 18:11:57,251 [ERROR] LogOutputStream:75 - [STDERR_REDIRECT] 
2025-01-31 18:11:58,250 [ERROR] LogOutputStream:75 - [STDERR_REDIRECT] [Fatal Error] :1:1: Premature end of file.
2025-01-31 18:11:58,250 [ERROR] LogOutputStream:75 - [STDERR_REDIRECT] 
2025-01-31 18:11:59,254 [ERROR] LogOutputStream:75 - [STDERR_REDIRECT] [Fatal Error] :1:1: Premature end of file.
2025-01-31 18:11:59,254 [ERROR] LogOutputStream:75 - [STDERR_REDIRECT] 
2025-01-31 18:12:00,236 [ERROR] LogOutputStream:75 - [STDERR_REDIRECT] [Fatal Error] :1:1: Premature end of file.
2025-01-31 18:12:00,236 [ERROR] LogOutputStream:75 - [STDERR_REDIRECT] 
2025-01-31 18:12:01,251 [ERROR] LogOutputStream:75 - [STDERR_REDIRECT] [Fatal Error] :1:1: Premature end of file.
2025-01-31 18:12:01,252 [ERROR] LogOutputStream:75 - [STDERR_REDIRECT] 
2025-01-31 18:12:02,267 [ERROR] LogOutputStream:75 - [STDERR_REDIRECT] [Fatal Error] :1:1: Premature end of file.
2025-01-31 18:12:02,267 [ERROR] LogOutputStream:75 - [STDERR_REDIRECT] 
2025-01-31 18:12:03,250 [ERROR] LogOutputStream:75 - [STDERR_REDIRECT] [Fatal Error] :1:1: Premature end of file.
2025-01-31 18:12:03,250 [ERROR] LogOutputStream:75 - [STDERR_REDIRECT] 
2025-01-31 18:12:04,239 [ERROR] LogOutputStream:75 - [STDERR_REDIRECT] [Fatal Error] :1:1: Premature end of file.
2025-01-31 18:12:04,239 [ERROR] LogOutputStream:75 - [STDERR_REDIRECT] 
2025-01-31 18:12:05,255 [ERROR] LogOutputStream:75 - [STDERR_REDIRECT] [Fatal Error] :1:1: Premature end of file.
2025-01-31 18:12:05,255 [ERROR] LogOutputStream:75 - [STDERR_REDIRECT] 
2025-01-31 18:12:06,248 [ERROR] LogOutputStream:75 - [STDERR_REDIRECT] [Fatal Error] :1:1: Premature end of file.
2025-01-31 18:12:06,248 [ERROR] LogOutputStream:75 - [STDERR_REDIRECT] 
2025-01-31 18:12:07,263 [ERROR] LogOutputStream:75 - [STDERR_REDIRECT] [Fatal Error] :1:1: Premature end of file.
2025-01-31 18:12:07,263 [ERROR] LogOutputStream:75 - [STDERR_REDIRECT] 
2025-01-31 18:12:08,254 [ERROR] LogOutputStream:75 - [STDERR_REDIRECT] [Fatal Error] :1:1: Premature end of file.
2025-01-31 18:12:08,254 [ERROR] LogOutputStream:75 - [STDERR_REDIRECT] 
2025-01-31 18:12:09,248 [ERROR] LogOutputStream:75 - [STDERR_REDIRECT] [Fatal Error] :1:1: Premature end of file.
2025-01-31 18:12:09,248 [ERROR] LogOutputStream:75 - [STDERR_REDIRECT] 
2025-01-31 18:12:10,251 [ERROR] LogOutputStream:75 - [STDERR_REDIRECT] [Fatal Error] :1:1: Premature end of file.
2025-01-31 18:12:10,251 [ERROR] LogOutputStream:75 - [STDERR_REDIRECT] 
2025-01-31 18:12:11,253 [ERROR] LogOutputStream:75 - [STDERR_REDIRECT] [Fatal Error] :1:1: Premature end of file.
2025-01-31 18:12:11,253 [ERROR] LogOutputStream:75 - [STDERR_REDIRECT] 
2025-01-31 18:12:12,254 [ERROR] LogOutputStream:75 - [STDERR_REDIRECT] [Fatal Error] :1:1: Premature end of file.
2025-01-31 18:12:12,254 [ERROR] LogOutputStream:75 - [STDERR_REDIRECT] 
2025-01-31 18:12:13,257 [ERROR] LogOutputStream:75 - [STDERR_REDIRECT] [Fatal Error] :1:1: Premature end of file.
2025-01-31 18:12:13,257 [ERROR] LogOutputStream:75 - [STDERR_REDIRECT] 
2025-01-31 18:12:14,250 [ERROR] LogOutputStream:75 - [STDERR_REDIRECT] [Fatal Error] :1:1: Premature end of file.
2025-01-31 18:12:14,252 [ERROR] LogOutputStream:75 - [STDERR_REDIRECT] 
2025-01-31 18:12:15,262 [ERROR] LogOutputStream:75 - [STDERR_REDIRECT] [Fatal Error] :1:1: Premature end of file.
2025-01-31 18:12:15,262 [ERROR] LogOutputStream:75 - [STDERR_REDIRECT] 
2025-01-31 18:12:16,260 [ERROR] LogOutputStream:75 - [STDERR_REDIRECT] [Fatal Error] :1:1: Premature end of file.
2025-01-31 18:12:16,260 [ERROR] LogOutputStream:75 - [STDERR_REDIRECT] 
2025-01-31 18:12:17,245 [ERROR] LogOutputStream:75 - [STDERR_REDIRECT] [Fatal Error] :1:1: Premature end of file.
2025-01-31 18:12:17,245 [ERROR] LogOutputStream:75 - [STDERR_REDIRECT] 
2025-01-31 18:12:18,256 [ERROR] LogOutputStream:75 - [STDERR_REDIRECT] [Fatal Error] :1:1: Premature end of file.
2025-01-31 18:12:18,258 [ERROR] LogOutputStream:75 - [STDERR_REDIRECT] 
2025-01-31 18:12:19,250 [ERROR] LogOutputStream:75 - [STDERR_REDIRECT] [Fatal Error] :1:1: Premature end of file.
2025-01-31 18:12:19,250 [ERROR] LogOutputStream:75 - [STDERR_REDIRECT] 
2025-01-31 18:12:20,256 [ERROR] LogOutputStream:75 - [STDERR_REDIRECT] [Fatal Error] :1:1: Premature end of file.
2025-01-31 18:12:20,256 [ERROR] LogOutputStream:75 - [STDERR_REDIRECT] 
2025-01-31 18:12:21,253 [ERROR] LogOutputStream:75 - [STDERR_REDIRECT] [Fatal Error] :1:1: Premature end of file.
2025-01-31 18:12:21,253 [ERROR] LogOutputStream:75 - [STDERR_REDIRECT] 
2025-01-31 18:12:22,265 [ERROR] LogOutputStream:75 - [STDERR_REDIRECT] [Fatal Error] :1:1: Premature end of file.
2025-01-31 18:12:22,265 [ERROR] LogOutputStream:75 - [STDERR_REDIRECT] 
2025-01-31 18:12:23,254 [ERROR] LogOutputStream:75 - [STDERR_REDIRECT] [Fatal Error] :1:1: Premature end of file.
2025-01-31 18:12:23,254 [ERROR] LogOutputStream:75 - [STDERR_REDIRECT] 
2025-01-31 18:12:24,248 [ERROR] LogOutputStream:75 - [STDERR_REDIRECT] [Fatal Error] :1:1: Premature end of file.
2025-01-31 18:12:24,250 [ERROR] LogOutputStream:75 - [STDERR_REDIRECT] 
2025-01-31 18:12:25,254 [ERROR] LogOutputStream:75 - [STDERR_REDIRECT] [Fatal Error] :1:1: Premature end of file.
2025-01-31 18:12:25,254 [ERROR] LogOutputStream:75 - [STDERR_REDIRECT] 
2025-01-31 18:12:26,245 [ERROR] LogOutputStream:75 - [STDERR_REDIRECT] [Fatal Error] :1:1: Premature end of file.
2025-01-31 18:12:26,245 [ERROR] LogOutputStream:75 - [STDERR_REDIRECT] 
2025-01-31 18:12:27,253 [ERROR] LogOutputStream:75 - [STDERR_REDIRECT] [Fatal Error] :1:1: Premature end of file.
2025-01-31 18:12:27,255 [ERROR] LogOutputStream:75 - [STDERR_REDIRECT] 
2025-01-31 18:12:28,272 [ERROR] LogOutputStream:75 - [STDERR_REDIRECT] [Fatal Error] :1:1: Premature end of file.
2025-01-31 18:12:28,272 [ERROR] LogOutputStream:75 - [STDERR_REDIRECT] 
2025-01-31 18:12:29,242 [ERROR] LogOutputStream:75 - [STDERR_REDIRECT] [Fatal Error] :1:1: Premature end of file.
2025-01-31 18:12:29,242 [ERROR] LogOutputStream:75 - [STDERR_REDIRECT] 
2025-01-31 18:12:30,246 [ERROR] LogOutputStream:75 - [STDERR_REDIRECT] [Fatal Error] :1:1: Premature end of file.
2025-01-31 18:12:30,246 [ERROR] LogOutputStream:75 - [STDERR_REDIRECT] 
2025-01-31 18:12:31,249 [ERROR] LogOutputStream:75 - [STDERR_REDIRECT] [Fatal Error] :1:1: Premature end of file.
2025-01-31 18:12:31,249 [ERROR] LogOutputStream:75 - [STDERR_REDIRECT] 
2025-01-31 18:12:32,266 [ERROR] LogOutputStream:75 - [STDERR_REDIRECT] [Fatal Error] :1:1: Premature end of file.
2025-01-31 18:12:32,266 [ERROR] LogOutputStream:75 - [STDERR_REDIRECT] 
2025-01-31 18:12:33,253 [ERROR] LogOutputStream:75 - [STDERR_REDIRECT] [Fatal Error] :1:1: Premature end of file.
2025-01-31 18:12:33,253 [ERROR] LogOutputStream:75 - [STDERR_REDIRECT] 
2025-01-31 18:12:34,264 [ERROR] LogOutputStream:75 - [STDERR_REDIRECT] [Fatal Error] :1:1: Premature end of file.
2025-01-31 18:12:34,264 [ERROR] LogOutputStream:75 - [STDERR_REDIRECT] 
2025-01-31 18:12:35,249 [ERROR] LogOutputStream:75 - [STDERR_REDIRECT] [Fatal Error] :1:1: Premature end of file.
2025-01-31 18:12:35,249 [ERROR] LogOutputStream:75 - [STDERR_REDIRECT] 
2025-01-31 18:12:36,259 [ERROR] LogOutputStream:75 - [STDERR_REDIRECT] [Fatal Error] :1:1: Premature end of file.
2025-01-31 18:12:36,259 [ERROR] LogOutputStream:75 - [STDERR_REDIRECT] 
2025-01-31 18:12:37,253 [ERROR] LogOutputStream:75 - [STDERR_REDIRECT] [Fatal Error] :1:1: Premature end of file.
2025-01-31 18:12:37,253 [ERROR] LogOutputStream:75 - [STDERR_REDIRECT] 
2025-01-31 18:12:38,268 [ERROR] LogOutputStream:75 - [STDERR_REDIRECT] [Fatal Error] :1:1: Premature end of file.
2025-01-31 18:12:38,268 [ERROR] LogOutputStream:75 - [STDERR_REDIRECT] 
2025-01-31 18:12:39,265 [ERROR] LogOutputStream:75 - [STDERR_REDIRECT] [Fatal Error] :1:1: Premature end of file.
2025-01-31 18:12:39,267 [ERROR] LogOutputStream:75 - [STDERR_REDIRECT] 
2025-01-31 18:12:40,255 [ERROR] LogOutputStream:75 - [STDERR_REDIRECT] [Fatal Error] :1:1: Premature end of file.
2025-01-31 18:12:40,255 [ERROR] LogOutputStream:75 - [STDERR_REDIRECT] 
2025-01-31 18:12:41,256 [ERROR] LogOutputStream:75 - [STDERR_REDIRECT] [Fatal Error] :1:1: Premature end of file.
2025-01-31 18:12:41,256 [ERROR] LogOutputStream:75 - [STDERR_REDIRECT] 
2025-01-31 18:12:42,252 [ERROR] LogOutputStream:75 - [STDERR_REDIRECT] [Fatal Error] :1:1: Premature end of file.
2025-01-31 18:12:42,253 [ERROR] LogOutputStream:75 - [STDERR_REDIRECT] 
2025-01-31 18:12:43,256 [ERROR] LogOutputStream:75 - [STDERR_REDIRECT] [Fatal Error] :1:1: Premature end of file.
2025-01-31 18:12:43,257 [ERROR] LogOutputStream:75 - [STDERR_REDIRECT] 
2025-01-31 18:12:44,271 [ERROR] LogOutputStream:75 - [STDERR_REDIRECT] [Fatal Error] :1:1: Premature end of file.
2025-01-31 18:12:44,271 [ERROR] LogOutputStream:75 - [STDERR_REDIRECT] 
2025-01-31 18:12:45,254 [ERROR] LogOutputStream:75 - [STDERR_REDIRECT] [Fatal Error] :1:1: Premature end of file.
2025-01-31 18:12:45,254 [ERROR] LogOutputStream:75 - [STDERR_REDIRECT] 
2025-01-31 18:12:46,246 [ERROR] LogOutputStream:75 - [STDERR_REDIRECT] [Fatal Error] :1:1: Premature end of file.
2025-01-31 18:12:46,246 [ERROR] LogOutputStream:75 - [STDERR_REDIRECT] 
2025-01-31 18:12:47,261 [ERROR] LogOutputStream:75 - [STDERR_REDIRECT] [Fatal Error] :1:1: Premature end of file.
2025-01-31 18:12:47,261 [ERROR] LogOutputStream:75 - [STDERR_REDIRECT] 
2025-01-31 18:12:48,250 [ERROR] LogOutputStream:75 - [STDERR_REDIRECT] [Fatal Error] :1:1: Premature end of file.
2025-01-31 18:12:48,250 [ERROR] LogOutputStream:75 - [STDERR_REDIRECT] 
2025-01-31 18:12:49,255 [ERROR] LogOutputStream:75 - [STDERR_REDIRECT] [Fatal Error] :1:1: Premature end of file.
2025-01-31 18:12:49,256 [ERROR] LogOutputStream:75 - [STDERR_REDIRECT] 
2025-01-31 18:12:50,249 [ERROR] LogOutputStream:75 - [STDERR_REDIRECT] [Fatal Error] :1:1: Premature end of file.
2025-01-31 18:12:50,249 [ERROR] LogOutputStream:75 - [STDERR_REDIRECT] 
2025-01-31 18:12:51,258 [ERROR] LogOutputStream:75 - [STDERR_REDIRECT] [Fatal Error] :1:1: Premature end of file.
2025-01-31 18:12:51,258 [ERROR] LogOutputStream:75 - [STDERR_REDIRECT] 
2025-01-31 18:12:52,261 [ERROR] LogOutputStream:75 - [STDERR_REDIRECT] [Fatal Error] :1:1: Premature end of file.
2025-01-31 18:12:52,261 [ERROR] LogOutputStream:75 - [STDERR_REDIRECT] 
2025-01-31 18:12:53,257 [ERROR] LogOutputStream:75 - [STDERR_REDIRECT] [Fatal Error] :1:1: Premature end of file.
2025-01-31 18:12:53,257 [ERROR] LogOutputStream:75 - [STDERR_REDIRECT] 
2025-01-31 18:12:54,257 [ERROR] LogOutputStream:75 - [STDERR_REDIRECT] [Fatal Error] :1:1: Premature end of file.
2025-01-31 18:12:54,257 [ERROR] LogOutputStream:75 - [STDERR_REDIRECT] 
2025-01-31 18:12:55,279 [ERROR] LogOutputStream:75 - [STDERR_REDIRECT] [Fatal Error] :1:1: Premature end of file.
2025-01-31 18:12:55,279 [ERROR] LogOutputStream:75 - [STDERR_REDIRECT] 
2025-01-31 18:12:56,247 [ERROR] LogOutputStream:75 - [STDERR_REDIRECT] [Fatal Error] :1:1: Premature end of file.
2025-01-31 18:12:56,247 [ERROR] LogOutputStream:75 - [STDERR_REDIRECT] 
2025-01-31 18:12:57,242 [ERROR] LogOutputStream:75 - [STDERR_REDIRECT] [Fatal Error] :1:1: Premature end of file.
2025-01-31 18:12:57,244 [ERROR] LogOutputStream:75 - [STDERR_REDIRECT] 
2025-01-31 18:12:58,251 [ERROR] LogOutputStream:75 - [STDERR_REDIRECT] [Fatal Error] :1:1: Premature end of file.
2025-01-31 18:12:58,251 [ERROR] LogOutputStream:75 - [STDERR_REDIRECT] 
2025-01-31 18:12:59,262 [ERROR] LogOutputStream:75 - [STDERR_REDIRECT] [Fatal Error] :1:1: Premature end of file.
2025-01-31 18:12:59,262 [ERROR] LogOutputStream:75 - [STDERR_REDIRECT] 
2025-01-31 18:13:00,244 [ERROR] LogOutputStream:75 - [STDERR_REDIRECT] [Fatal Error] :1:1: Premature end of file.
2025-01-31 18:13:00,244 [ERROR] LogOutputStream:75 - [STDERR_REDIRECT] 
2025-01-31 18:13:01,269 [ERROR] LogOutputStream:75 - [STDERR_REDIRECT] [Fatal Error] :1:1: Premature end of file.
2025-01-31 18:13:01,269 [ERROR] LogOutputStream:75 - [STDERR_REDIRECT] 
2025-01-31 18:13:02,247 [ERROR] LogOutputStream:75 - [STDERR_REDIRECT] [Fatal Error] :1:1: Premature end of file.
2025-01-31 18:13:02,248 [ERROR] LogOutputStream:75 - [STDERR_REDIRECT] 
2025-01-31 18:13:03,255 [ERROR] LogOutputStream:75 - [STDERR_REDIRECT] [Fatal Error] :1:1: Premature end of file.
2025-01-31 18:13:03,255 [ERROR] LogOutputStream:75 - [STDERR_REDIRECT] 
2025-01-31 18:13:04,259 [ERROR] LogOutputStream:75 - [STDERR_REDIRECT] [Fatal Error] :1:1: Premature end of file.
2025-01-31 18:13:04,259 [ERROR] LogOutputStream:75 - [STDERR_REDIRECT] 
2025-01-31 18:13:05,241 [ERROR] LogOutputStream:75 - [STDERR_REDIRECT] [Fatal Error] :1:1: Premature end of file.
2025-01-31 18:13:05,241 [ERROR] LogOutputStream:75 - [STDERR_REDIRECT] 
2025-01-31 18:13:06,254 [ERROR] LogOutputStream:75 - [STDERR_REDIRECT] [Fatal Error] :1:1: Premature end of file.
2025-01-31 18:13:06,256 [ERROR] LogOutputStream:75 - [STDERR_REDIRECT] 
2025-01-31 18:13:07,246 [ERROR] LogOutputStream:75 - [STDERR_REDIRECT] [Fatal Error] :1:1: Premature end of file.
2025-01-31 18:13:07,246 [ERROR] LogOutputStream:75 - [STDERR_REDIRECT] 
2025-01-31 18:13:08,261 [ERROR] LogOutputStream:75 - [STDERR_REDIRECT] [Fatal Error] :1:1: Premature end of file.
2025-01-31 18:13:08,261 [ERROR] LogOutputStream:75 - [STDERR_REDIRECT] 
2025-01-31 18:13:09,253 [ERROR] LogOutputStream:75 - [STDERR_REDIRECT] [Fatal Error] :1:1: Premature end of file.
2025-01-31 18:13:09,253 [ERROR] LogOutputStream:75 - [STDERR_REDIRECT] 
2025-01-31 18:13:10,269 [ERROR] LogOutputStream:75 - [STDERR_REDIRECT] [Fatal Error] :1:1: Premature end of file.
2025-01-31 18:13:10,269 [ERROR] LogOutputStream:75 - [STDERR_REDIRECT] 
2025-01-31 18:13:11,259 [ERROR] LogOutputStream:75 - [STDERR_REDIRECT] [Fatal Error] :1:1: Premature end of file.
2025-01-31 18:13:11,259 [ERROR] LogOutputStream:75 - [STDERR_REDIRECT] 
2025-01-31 18:13:12,250 [ERROR] LogOutputStream:75 - [STDERR_REDIRECT] [Fatal Error] :1:1: Premature end of file.
2025-01-31 18:13:12,250 [ERROR] LogOutputStream:75 - [STDERR_REDIRECT] 
2025-01-31 18:13:13,249 [ERROR] LogOutputStream:75 - [STDERR_REDIRECT] [Fatal Error] :1:1: Premature end of file.
2025-01-31 18:13:13,249 [ERROR] LogOutputStream:75 - [STDERR_REDIRECT] 
2025-01-31 18:13:14,258 [ERROR] LogOutputStream:75 - [STDERR_REDIRECT] [Fatal Error] :1:1: Premature end of file.
2025-01-31 18:13:14,258 [ERROR] LogOutputStream:75 - [STDERR_REDIRECT] 
2025-01-31 18:13:15,262 [ERROR] LogOutputStream:75 - [STDERR_REDIRECT] [Fatal Error] :1:1: Premature end of file.
2025-01-31 18:13:15,262 [ERROR] LogOutputStream:75 - [STDERR_REDIRECT] 
2025-01-31 18:13:16,267 [ERROR] LogOutputStream:75 - [STDERR_REDIRECT] [Fatal Error] :1:1: Premature end of file.
2025-01-31 18:13:16,267 [ERROR] LogOutputStream:75 - [STDERR_REDIRECT] 
2025-01-31 18:13:17,245 [ERROR] LogOutputStream:75 - [STDERR_REDIRECT] [Fatal Error] :1:1: Premature end of file.
2025-01-31 18:13:17,245 [ERROR] LogOutputStream:75 - [STDERR_REDIRECT] 
2025-01-31 18:13:18,250 [ERROR] LogOutputStream:75 - [STDERR_REDIRECT] [Fatal Error] :1:1: Premature end of file.
2025-01-31 18:13:18,250 [ERROR] LogOutputStream:75 - [STDERR_REDIRECT] 
2025-01-31 18:13:19,254 [ERROR] LogOutputStream:75 - [STDERR_REDIRECT] [Fatal Error] :1:1: Premature end of file.
2025-01-31 18:13:19,254 [ERROR] LogOutputStream:75 - [STDERR_REDIRECT] 
2025-01-31 18:13:20,266 [ERROR] LogOutputStream:75 - [STDERR_REDIRECT] [Fatal Error] :1:1: Premature end of file.
2025-01-31 18:13:20,266 [ERROR] LogOutputStream:75 - [STDERR_REDIRECT] 
2025-01-31 18:13:21,263 [ERROR] LogOutputStream:75 - [STDERR_REDIRECT] [Fatal Error] :1:1: Premature end of file.
2025-01-31 18:13:21,263 [ERROR] LogOutputStream:75 - [STDERR_REDIRECT] 
2025-01-31 18:13:22,264 [ERROR] LogOutputStream:75 - [STDERR_REDIRECT] [Fatal Error] :1:1: Premature end of file.
2025-01-31 18:13:22,264 [ERROR] LogOutputStream:75 - [STDERR_REDIRECT] 
2025-01-31 18:13:23,252 [ERROR] LogOutputStream:75 - [STDERR_REDIRECT] [Fatal Error] :1:1: Premature end of file.
2025-01-31 18:13:23,252 [ERROR] LogOutputStream:75 - [STDERR_REDIRECT] 
2025-01-31 18:13:24,243 [ERROR] LogOutputStream:75 - [STDERR_REDIRECT] [Fatal Error] :1:1: Premature end of file.
2025-01-31 18:13:24,243 [ERROR] LogOutputStream:75 - [STDERR_REDIRECT] 
2025-01-31 18:13:25,256 [ERROR] LogOutputStream:75 - [STDERR_REDIRECT] [Fatal Error] :1:1: Premature end of file.
2025-01-31 18:13:25,256 [ERROR] LogOutputStream:75 - [STDERR_REDIRECT] 
2025-01-31 18:13:26,253 [ERROR] LogOutputStream:75 - [STDERR_REDIRECT] [Fatal Error] :1:1: Premature end of file.
2025-01-31 18:13:26,253 [ERROR] LogOutputStream:75 - [STDERR_REDIRECT] 
2025-01-31 18:13:27,253 [ERROR] LogOutputStream:75 - [STDERR_REDIRECT] [Fatal Error] :1:1: Premature end of file.
2025-01-31 18:13:27,253 [ERROR] LogOutputStream:75 - [STDERR_REDIRECT] 
2025-01-31 18:13:28,245 [ERROR] LogOutputStream:75 - [STDERR_REDIRECT] [Fatal Error] :1:1: Premature end of file.
2025-01-31 18:13:28,247 [ERROR] LogOutputStream:75 - [STDERR_REDIRECT] 
2025-01-31 18:13:29,241 [ERROR] LogOutputStream:75 - [STDERR_REDIRECT] [Fatal Error] :1:1: Premature end of file.
2025-01-31 18:13:29,242 [ERROR] LogOutputStream:75 - [STDERR_REDIRECT] 
2025-01-31 18:13:30,267 [ERROR] LogOutputStream:75 - [STDERR_REDIRECT] [Fatal Error] :1:1: Premature end of file.
2025-01-31 18:13:30,268 [ERROR] LogOutputStream:75 - [STDERR_REDIRECT] 
2025-01-31 18:13:31,250 [ERROR] LogOutputStream:75 - [STDERR_REDIRECT] [Fatal Error] :1:1: Premature end of file.
2025-01-31 18:13:31,250 [ERROR] LogOutputStream:75 - [STDERR_REDIRECT] 
2025-01-31 18:13:32,241 [ERROR] LogOutputStream:75 - [STDERR_REDIRECT] [Fatal Error] :1:1: Premature end of file.
2025-01-31 18:13:32,243 [ERROR] LogOutputStream:75 - [STDERR_REDIRECT] 
2025-01-31 18:13:33,262 [ERROR] LogOutputStream:75 - [STDERR_REDIRECT] [Fatal Error] :1:1: Premature end of file.
2025-01-31 18:13:33,262 [ERROR] LogOutputStream:75 - [STDERR_REDIRECT] 
2025-01-31 18:13:34,266 [ERROR] LogOutputStream:75 - [STDERR_REDIRECT] [Fatal Error] :1:1: Premature end of file.
2025-01-31 18:13:34,266 [ERROR] LogOutputStream:75 - [STDERR_REDIRECT] 
2025-01-31 18:13:35,248 [ERROR] LogOutputStream:75 - [STDERR_REDIRECT] [Fatal Error] :1:1: Premature end of file.
2025-01-31 18:13:35,248 [ERROR] LogOutputStream:75 - [STDERR_REDIRECT] 
2025-01-31 18:13:36,263 [ERROR] LogOutputStream:75 - [STDERR_REDIRECT] [Fatal Error] :1:1: Premature end of file.
2025-01-31 18:13:36,263 [ERROR] LogOutputStream:75 - [STDERR_REDIRECT] 
2025-01-31 18:13:37,248 [ERROR] LogOutputStream:75 - [STDERR_REDIRECT] [Fatal Error] :1:1: Premature end of file.
2025-01-31 18:13:37,248 [ERROR] LogOutputStream:75 - [STDERR_REDIRECT] 
2025-01-31 18:13:38,250 [ERROR] LogOutputStream:75 - [STDERR_REDIRECT] [Fatal Error] :1:1: Premature end of file.
2025-01-31 18:13:38,250 [ERROR] LogOutputStream:75 - [STDERR_REDIRECT] 
2025-01-31 18:13:39,252 [ERROR] LogOutputStream:75 - [STDERR_REDIRECT] [Fatal Error] :1:1: Premature end of file.
2025-01-31 18:13:39,252 [ERROR] LogOutputStream:75 - [STDERR_REDIRECT] 
2025-01-31 18:13:40,242 [ERROR] LogOutputStream:75 - [STDERR_REDIRECT] [Fatal Error] :1:1: Premature end of file.
2025-01-31 18:13:40,242 [ERROR] LogOutputStream:75 - [STDERR_REDIRECT] 
2025-01-31 18:13:41,247 [ERROR] LogOutputStream:75 - [STDERR_REDIRECT] [Fatal Error] :1:1: Premature end of file.
2025-01-31 18:13:41,247 [ERROR] LogOutputStream:75 - [STDERR_REDIRECT] 
2025-01-31 18:13:42,247 [ERROR] LogOutputStream:75 - [STDERR_REDIRECT] [Fatal Error] :1:1: Premature end of file.
2025-01-31 18:13:42,247 [ERROR] LogOutputStream:75 - [STDERR_REDIRECT] 
2025-01-31 18:13:43,252 [ERROR] LogOutputStream:75 - [STDERR_REDIRECT] [Fatal Error] :1:1: Premature end of file.
2025-01-31 18:13:43,252 [ERROR] LogOutputStream:75 - [STDERR_REDIRECT] 
2025-01-31 18:13:44,247 [ERROR] LogOutputStream:75 - [STDERR_REDIRECT] [Fatal Error] :1:1: Premature end of file.
2025-01-31 18:13:44,248 [ERROR] LogOutputStream:75 - [STDERR_REDIRECT] 
2025-01-31 18:13:45,257 [ERROR] LogOutputStream:75 - [STDERR_REDIRECT] [Fatal Error] :1:1: Premature end of file.
2025-01-31 18:13:45,259 [ERROR] LogOutputStream:75 - [STDERR_REDIRECT] 
2025-01-31 18:13:46,249 [ERROR] LogOutputStream:75 - [STDERR_REDIRECT] [Fatal Error] :1:1: Premature end of file.
2025-01-31 18:13:46,249 [ERROR] LogOutputStream:75 - [STDERR_REDIRECT] 
2025-01-31 18:13:47,248 [ERROR] LogOutputStream:75 - [STDERR_REDIRECT] [Fatal Error] :1:1: Premature end of file.
2025-01-31 18:13:47,250 [ERROR] LogOutputStream:75 - [STDERR_REDIRECT] 
2025-01-31 18:13:48,245 [ERROR] LogOutputStream:75 - [STDERR_REDIRECT] [Fatal Error] :1:1: Premature end of file.
2025-01-31 18:13:48,245 [ERROR] LogOutputStream:75 - [STDERR_REDIRECT] 
2025-01-31 18:13:49,251 [ERROR] LogOutputStream:75 - [STDERR_REDIRECT] [Fatal Error] :1:1: Premature end of file.
2025-01-31 18:13:49,251 [ERROR] LogOutputStream:75 - [STDERR_REDIRECT] 
2025-01-31 18:13:50,248 [ERROR] LogOutputStream:75 - [STDERR_REDIRECT] [Fatal Error] :1:1: Premature end of file.
2025-01-31 18:13:50,248 [ERROR] LogOutputStream:75 - [STDERR_REDIRECT] 
2025-01-31 18:13:51,244 [ERROR] LogOutputStream:75 - [STDERR_REDIRECT] [Fatal Error] :1:1: Premature end of file.
2025-01-31 18:13:51,244 [ERROR] LogOutputStream:75 - [STDERR_REDIRECT] 
2025-01-31 18:13:52,245 [ERROR] LogOutputStream:75 - [STDERR_REDIRECT] [Fatal Error] :1:1: Premature end of file.
2025-01-31 18:13:52,245 [ERROR] LogOutputStream:75 - [STDERR_REDIRECT] 
2025-01-31 18:13:53,247 [ERROR] LogOutputStream:75 - [STDERR_REDIRECT] [Fatal Error] :1:1: Premature end of file.
2025-01-31 18:13:53,249 [ERROR] LogOutputStream:75 - [STDERR_REDIRECT] 
2025-01-31 18:13:54,249 [ERROR] LogOutputStream:75 - [STDERR_REDIRECT] [Fatal Error] :1:1: Premature end of file.
2025-01-31 18:13:54,249 [ERROR] LogOutputStream:75 - [STDERR_REDIRECT] 
2025-01-31 18:13:55,252 [ERROR] LogOutputStream:75 - [STDERR_REDIRECT] [Fatal Error] :1:1: Premature end of file.
2025-01-31 18:13:55,252 [ERROR] LogOutputStream:75 - [STDERR_REDIRECT] 
2025-01-31 18:13:56,252 [ERROR] LogOutputStream:75 - [STDERR_REDIRECT] [Fatal Error] :1:1: Premature end of file.
2025-01-31 18:13:56,252 [ERROR] LogOutputStream:75 - [STDERR_REDIRECT] 
2025-01-31 18:13:57,256 [ERROR] LogOutputStream:75 - [STDERR_REDIRECT] [Fatal Error] :1:1: Premature end of file.
2025-01-31 18:13:57,256 [ERROR] LogOutputStream:75 - [STDERR_REDIRECT] 
2025-01-31 18:13:58,245 [ERROR] LogOutputStream:75 - [STDERR_REDIRECT] [Fatal Error] :1:1: Premature end of file.
2025-01-31 18:13:58,245 [ERROR] LogOutputStream:75 - [STDERR_REDIRECT] 
2025-01-31 18:13:59,251 [ERROR] LogOutputStream:75 - [STDERR_REDIRECT] [Fatal Error] :1:1: Premature end of file.
2025-01-31 18:13:59,251 [ERROR] LogOutputStream:75 - [STDERR_REDIRECT] 
2025-01-31 18:14:00,280 [ERROR] LogOutputStream:75 - [STDERR_REDIRECT] [Fatal Error] :1:1: Premature end of file.
2025-01-31 18:14:00,280 [ERROR] LogOutputStream:75 - [STDERR_REDIRECT] 
2025-01-31 18:14:01,251 [ERROR] LogOutputStream:75 - [STDERR_REDIRECT] [Fatal Error] :1:1: Premature end of file.
2025-01-31 18:14:01,251 [ERROR] LogOutputStream:75 - [STDERR_REDIRECT] 
2025-01-31 18:14:02,254 [ERROR] LogOutputStream:75 - [STDERR_REDIRECT] [Fatal Error] :1:1: Premature end of file.
2025-01-31 18:14:02,254 [ERROR] LogOutputStream:75 - [STDERR_REDIRECT] 
2025-01-31 18:14:03,250 [ERROR] LogOutputStream:75 - [STDERR_REDIRECT] [Fatal Error] :1:1: Premature end of file.
2025-01-31 18:14:03,250 [ERROR] LogOutputStream:75 - [STDERR_REDIRECT] 
2025-01-31 18:14:04,247 [ERROR] LogOutputStream:75 - [STDERR_REDIRECT] [Fatal Error] :1:1: Premature end of file.
2025-01-31 18:14:04,247 [ERROR] LogOutputStream:75 - [STDERR_REDIRECT] 
2025-01-31 18:14:05,254 [ERROR] LogOutputStream:75 - [STDERR_REDIRECT] [Fatal Error] :1:1: Premature end of file.
2025-01-31 18:14:05,254 [ERROR] LogOutputStream:75 - [STDERR_REDIRECT] 
2025-01-31 18:14:06,248 [ERROR] LogOutputStream:75 - [STDERR_REDIRECT] [Fatal Error] :1:1: Premature end of file.
2025-01-31 18:14:06,248 [ERROR] LogOutputStream:75 - [STDERR_REDIRECT] 
2025-01-31 18:14:07,251 [ERROR] LogOutputStream:75 - [STDERR_REDIRECT] [Fatal Error] :1:1: Premature end of file.
2025-01-31 18:14:07,251 [ERROR] LogOutputStream:75 - [STDERR_REDIRECT] 
2025-01-31 18:14:08,251 [ERROR] LogOutputStream:75 - [STDERR_REDIRECT] [Fatal Error] :1:1: Premature end of file.
2025-01-31 18:14:08,251 [ERROR] LogOutputStream:75 - [STDERR_REDIRECT] 
2025-01-31 18:14:09,268 [ERROR] LogOutputStream:75 - [STDERR_REDIRECT] [Fatal Error] :1:1: Premature end of file.
2025-01-31 18:14:09,270 [ERROR] LogOutputStream:75 - [STDERR_REDIRECT] 
2025-01-31 18:14:10,253 [ERROR] LogOutputStream:75 - [STDERR_REDIRECT] [Fatal Error] :1:1: Premature end of file.
2025-01-31 18:14:10,253 [ERROR] LogOutputStream:75 - [STDERR_REDIRECT] 
2025-01-31 18:14:11,249 [ERROR] LogOutputStream:75 - [STDERR_REDIRECT] [Fatal Error] :1:1: Premature end of file.
2025-01-31 18:14:11,251 [ERROR] LogOutputStream:75 - [STDERR_REDIRECT] 
2025-01-31 18:14:12,248 [ERROR] LogOutputStream:75 - [STDERR_REDIRECT] [Fatal Error] :1:1: Premature end of file.
2025-01-31 18:14:12,248 [ERROR] LogOutputStream:75 - [STDERR_REDIRECT] 
2025-01-31 18:14:13,250 [ERROR] LogOutputStream:75 - [STDERR_REDIRECT] [Fatal Error] :1:1: Premature end of file.
2025-01-31 18:14:13,250 [ERROR] LogOutputStream:75 - [STDERR_REDIRECT] 
2025-01-31 18:14:14,242 [ERROR] LogOutputStream:75 - [STDERR_REDIRECT] [Fatal Error] :1:1: Premature end of file.
2025-01-31 18:14:14,242 [ERROR] LogOutputStream:75 - [STDERR_REDIRECT] 
2025-01-31 18:14:15,251 [ERROR] LogOutputStream:75 - [STDERR_REDIRECT] [Fatal Error] :1:1: Premature end of file.
2025-01-31 18:14:15,251 [ERROR] LogOutputStream:75 - [STDERR_REDIRECT] 
2025-01-31 18:14:16,247 [ERROR] LogOutputStream:75 - [STDERR_REDIRECT] [Fatal Error] :1:1: Premature end of file.
2025-01-31 18:14:16,247 [ERROR] LogOutputStream:75 - [STDERR_REDIRECT] 
2025-01-31 18:14:17,247 [ERROR] LogOutputStream:75 - [STDERR_REDIRECT] [Fatal Error] :1:1: Premature end of file.
2025-01-31 18:14:17,247 [ERROR] LogOutputStream:75 - [STDERR_REDIRECT] 
2025-01-31 18:14:18,254 [ERROR] LogOutputStream:75 - [STDERR_REDIRECT] [Fatal Error] :1:1: Premature end of file.
2025-01-31 18:14:18,254 [ERROR] LogOutputStream:75 - [STDERR_REDIRECT] 
2025-01-31 18:14:19,255 [ERROR] LogOutputStream:75 - [STDERR_REDIRECT] [Fatal Error] :1:1: Premature end of file.
2025-01-31 18:14:19,255 [ERROR] LogOutputStream:75 - [STDERR_REDIRECT] 
2025-01-31 18:14:20,278 [ERROR] LogOutputStream:75 - [STDERR_REDIRECT] [Fatal Error] :1:1: Premature end of file.
2025-01-31 18:14:20,278 [ERROR] LogOutputStream:75 - [STDERR_REDIRECT] 
2025-01-31 18:14:21,243 [ERROR] LogOutputStream:75 - [STDERR_REDIRECT] [Fatal Error] :1:1: Premature end of file.
2025-01-31 18:14:21,243 [ERROR] LogOutputStream:75 - [STDERR_REDIRECT] 
2025-01-31 18:14:22,256 [ERROR] LogOutputStream:75 - [STDERR_REDIRECT] [Fatal Error] :1:1: Premature end of file.
2025-01-31 18:14:22,256 [ERROR] LogOutputStream:75 - [STDERR_REDIRECT] 
2025-01-31 18:14:23,271 [ERROR] LogOutputStream:75 - [STDERR_REDIRECT] [Fatal Error] :1:1: Premature end of file.
2025-01-31 18:14:23,271 [ERROR] LogOutputStream:75 - [STDERR_REDIRECT] 
2025-01-31 18:14:24,260 [ERROR] LogOutputStream:75 - [STDERR_REDIRECT] [Fatal Error] :1:1: Premature end of file.
2025-01-31 18:14:24,260 [ERROR] LogOutputStream:75 - [STDERR_REDIRECT] 
2025-01-31 18:14:25,250 [ERROR] LogOutputStream:75 - [STDERR_REDIRECT] [Fatal Error] :1:1: Premature end of file.
2025-01-31 18:14:25,250 [ERROR] LogOutputStream:75 - [STDERR_REDIRECT] 
2025-01-31 18:14:26,251 [ERROR] LogOutputStream:75 - [STDERR_REDIRECT] [Fatal Error] :1:1: Premature end of file.
2025-01-31 18:14:26,251 [ERROR] LogOutputStream:75 - [STDERR_REDIRECT] 
2025-01-31 18:14:27,252 [ERROR] LogOutputStream:75 - [STDERR_REDIRECT] [Fatal Error] :1:1: Premature end of file.
2025-01-31 18:14:27,252 [ERROR] LogOutputStream:75 - [STDERR_REDIRECT] 
2025-01-31 18:14:28,261 [ERROR] LogOutputStream:75 - [STDERR_REDIRECT] [Fatal Error] :1:1: Premature end of file.
2025-01-31 18:14:28,261 [ERROR] LogOutputStream:75 - [STDERR_REDIRECT] 
2025-01-31 18:14:29,254 [ERROR] LogOutputStream:75 - [STDERR_REDIRECT] [Fatal Error] :1:1: Premature end of file.
2025-01-31 18:14:29,254 [ERROR] LogOutputStream:75 - [STDERR_REDIRECT] 
2025-01-31 18:14:30,244 [ERROR] LogOutputStream:75 - [STDERR_REDIRECT] [Fatal Error] :1:1: Premature end of file.
2025-01-31 18:14:30,244 [ERROR] LogOutputStream:75 - [STDERR_REDIRECT] 
2025-01-31 18:14:31,265 [ERROR] LogOutputStream:75 - [STDERR_REDIRECT] [Fatal Error] :1:1: Premature end of file.
2025-01-31 18:14:31,265 [ERROR] LogOutputStream:75 - [STDERR_REDIRECT] 
2025-01-31 18:14:32,261 [ERROR] LogOutputStream:75 - [STDERR_REDIRECT] [Fatal Error] :1:1: Premature end of file.
2025-01-31 18:14:32,262 [ERROR] LogOutputStream:75 - [STDERR_REDIRECT] 
2025-01-31 18:14:33,256 [ERROR] LogOutputStream:75 - [STDERR_REDIRECT] [Fatal Error] :1:1: Premature end of file.
2025-01-31 18:14:33,256 [ERROR] LogOutputStream:75 - [STDERR_REDIRECT] 
2025-01-31 18:14:34,261 [ERROR] LogOutputStream:75 - [STDERR_REDIRECT] [Fatal Error] :1:1: Premature end of file.
2025-01-31 18:14:34,261 [ERROR] LogOutputStream:75 - [STDERR_REDIRECT] 
2025-01-31 18:14:35,263 [ERROR] LogOutputStream:75 - [STDERR_REDIRECT] [Fatal Error] :1:1: Premature end of file.
2025-01-31 18:14:35,263 [ERROR] LogOutputStream:75 - [STDERR_REDIRECT] 
2025-01-31 18:14:36,258 [ERROR] LogOutputStream:75 - [STDERR_REDIRECT] [Fatal Error] :1:1: Premature end of file.
2025-01-31 18:14:36,258 [ERROR] LogOutputStream:75 - [STDERR_REDIRECT] 
2025-01-31 18:14:37,243 [ERROR] LogOutputStream:75 - [STDERR_REDIRECT] [Fatal Error] :1:1: Premature end of file.
2025-01-31 18:14:37,243 [ERROR] LogOutputStream:75 - [STDERR_REDIRECT] 
2025-01-31 18:14:38,253 [ERROR] LogOutputStream:75 - [STDERR_REDIRECT] [Fatal Error] :1:1: Premature end of file.
2025-01-31 18:14:38,253 [ERROR] LogOutputStream:75 - [STDERR_REDIRECT] 
2025-01-31 18:14:39,251 [ERROR] LogOutputStream:75 - [STDERR_REDIRECT] [Fatal Error] :1:1: Premature end of file.
2025-01-31 18:14:39,251 [ERROR] LogOutputStream:75 - [STDERR_REDIRECT] 
2025-01-31 18:14:40,259 [ERROR] LogOutputStream:75 - [STDERR_REDIRECT] [Fatal Error] :1:1: Premature end of file.
2025-01-31 18:14:40,259 [ERROR] LogOutputStream:75 - [STDERR_REDIRECT] 
2025-01-31 18:14:41,264 [ERROR] LogOutputStream:75 - [STDERR_REDIRECT] [Fatal Error] :1:1: Premature end of file.
2025-01-31 18:14:41,264 [ERROR] LogOutputStream:75 - [STDERR_REDIRECT] 
2025-01-31 18:14:42,244 [ERROR] LogOutputStream:75 - [STDERR_REDIRECT] [Fatal Error] :1:1: Premature end of file.
2025-01-31 18:14:42,246 [ERROR] LogOutputStream:75 - [STDERR_REDIRECT] 
2025-01-31 18:14:43,253 [ERROR] LogOutputStream:75 - [STDERR_REDIRECT] [Fatal Error] :1:1: Premature end of file.
2025-01-31 18:14:43,253 [ERROR] LogOutputStream:75 - [STDERR_REDIRECT] 
2025-01-31 18:14:44,257 [ERROR] LogOutputStream:75 - [STDERR_REDIRECT] [Fatal Error] :1:1: Premature end of file.
2025-01-31 18:14:44,257 [ERROR] LogOutputStream:75 - [STDERR_REDIRECT] 
2025-01-31 18:14:45,251 [ERROR] LogOutputStream:75 - [STDERR_REDIRECT] [Fatal Error] :1:1: Premature end of file.
2025-01-31 18:14:45,251 [ERROR] LogOutputStream:75 - [STDERR_REDIRECT] 
2025-01-31 18:14:46,255 [ERROR] LogOutputStream:75 - [STDERR_REDIRECT] [Fatal Error] :1:1: Premature end of file.
2025-01-31 18:14:46,255 [ERROR] LogOutputStream:75 - [STDERR_REDIRECT] 
2025-01-31 18:14:47,252 [ERROR] LogOutputStream:75 - [STDERR_REDIRECT] [Fatal Error] :1:1: Premature end of file.
2025-01-31 18:14:47,252 [ERROR] LogOutputStream:75 - [STDERR_REDIRECT] 
2025-01-31 18:14:48,243 [ERROR] LogOutputStream:75 - [STDERR_REDIRECT] [Fatal Error] :1:1: Premature end of file.
2025-01-31 18:14:48,243 [ERROR] LogOutputStream:75 - [STDERR_REDIRECT] 
2025-01-31 18:14:49,247 [ERROR] LogOutputStream:75 - [STDERR_REDIRECT] [Fatal Error] :1:1: Premature end of file.
2025-01-31 18:14:49,247 [ERROR] LogOutputStream:75 - [STDERR_REDIRECT] 
2025-01-31 18:14:50,252 [ERROR] LogOutputStream:75 - [STDERR_REDIRECT] [Fatal Error] :1:1: Premature end of file.
2025-01-31 18:14:50,252 [ERROR] LogOutputStream:75 - [STDERR_REDIRECT] 
2025-01-31 18:14:51,244 [ERROR] LogOutputStream:75 - [STDERR_REDIRECT] [Fatal Error] :1:1: Premature end of file.
2025-01-31 18:14:51,244 [ERROR] LogOutputStream:75 - [STDERR_REDIRECT] 
2025-01-31 18:14:52,245 [ERROR] LogOutputStream:75 - [STDERR_REDIRECT] [Fatal Error] :1:1: Premature end of file.
2025-01-31 18:14:52,247 [ERROR] LogOutputStream:75 - [STDERR_REDIRECT] 
2025-01-31 18:14:53,259 [ERROR] LogOutputStream:75 - [STDERR_REDIRECT] [Fatal Error] :1:1: Premature end of file.
2025-01-31 18:14:53,259 [ERROR] LogOutputStream:75 - [STDERR_REDIRECT] 
2025-01-31 18:14:54,257 [ERROR] LogOutputStream:75 - [STDERR_REDIRECT] [Fatal Error] :1:1: Premature end of file.
2025-01-31 18:14:54,257 [ERROR] LogOutputStream:75 - [STDERR_REDIRECT] 
2025-01-31 18:14:55,248 [ERROR] LogOutputStream:75 - [STDERR_REDIRECT] [Fatal Error] :1:1: Premature end of file.
2025-01-31 18:14:55,248 [ERROR] LogOutputStream:75 - [STDERR_REDIRECT] 
2025-01-31 18:14:56,263 [ERROR] LogOutputStream:75 - [STDERR_REDIRECT] [Fatal Error] :1:1: Premature end of file.
2025-01-31 18:14:56,263 [ERROR] LogOutputStream:75 - [STDERR_REDIRECT] 
2025-01-31 18:14:57,261 [ERROR] LogOutputStream:75 - [STDERR_REDIRECT] [Fatal Error] :1:1: Premature end of file.
2025-01-31 18:14:57,261 [ERROR] LogOutputStream:75 - [STDERR_REDIRECT] 
2025-01-31 18:14:58,240 [ERROR] LogOutputStream:75 - [STDERR_REDIRECT] [Fatal Error] :1:1: Premature end of file.
2025-01-31 18:14:58,240 [ERROR] LogOutputStream:75 - [STDERR_REDIRECT] 
2025-01-31 18:14:59,239 [ERROR] LogOutputStream:75 - [STDERR_REDIRECT] [Fatal Error] :1:1: Premature end of file.
2025-01-31 18:14:59,239 [ERROR] LogOutputStream:75 - [STDERR_REDIRECT] 
2025-01-31 18:15:00,249 [ERROR] LogOutputStream:75 - [STDERR_REDIRECT] [Fatal Error] :1:1: Premature end of file.
2025-01-31 18:15:00,249 [ERROR] LogOutputStream:75 - [STDERR_REDIRECT] 
2025-01-31 18:15:01,249 [ERROR] LogOutputStream:75 - [STDERR_REDIRECT] [Fatal Error] :1:1: Premature end of file.
2025-01-31 18:15:01,249 [ERROR] LogOutputStream:75 - [STDERR_REDIRECT] 
2025-01-31 18:15:02,249 [ERROR] LogOutputStream:75 - [STDERR_REDIRECT] [Fatal Error] :1:1: Premature end of file.
2025-01-31 18:15:02,249 [ERROR] LogOutputStream:75 - [STDERR_REDIRECT] 
2025-01-31 18:15:03,262 [ERROR] LogOutputStream:75 - [STDERR_REDIRECT] [Fatal Error] :1:1: Premature end of file.
2025-01-31 18:15:03,262 [ERROR] LogOutputStream:75 - [STDERR_REDIRECT] 
2025-01-31 18:15:04,252 [ERROR] LogOutputStream:75 - [STDERR_REDIRECT] [Fatal Error] :1:1: Premature end of file.
2025-01-31 18:15:04,252 [ERROR] LogOutputStream:75 - [STDERR_REDIRECT] 
2025-01-31 18:15:05,252 [ERROR] LogOutputStream:75 - [STDERR_REDIRECT] [Fatal Error] :1:1: Premature end of file.
2025-01-31 18:15:05,252 [ERROR] LogOutputStream:75 - [STDERR_REDIRECT] 
2025-01-31 18:15:06,253 [ERROR] LogOutputStream:75 - [STDERR_REDIRECT] [Fatal Error] :1:1: Premature end of file.
2025-01-31 18:15:06,253 [ERROR] LogOutputStream:75 - [STDERR_REDIRECT] 
2025-01-31 18:15:07,243 [ERROR] LogOutputStream:75 - [STDERR_REDIRECT] [Fatal Error] :1:1: Premature end of file.
2025-01-31 18:15:07,243 [ERROR] LogOutputStream:75 - [STDERR_REDIRECT] 
2025-01-31 18:15:08,257 [ERROR] LogOutputStream:75 - [STDERR_REDIRECT] [Fatal Error] :1:1: Premature end of file.
2025-01-31 18:15:08,257 [ERROR] LogOutputStream:75 - [STDERR_REDIRECT] 
2025-01-31 18:15:09,252 [ERROR] LogOutputStream:75 - [STDERR_REDIRECT] [Fatal Error] :1:1: Premature end of file.
2025-01-31 18:15:09,252 [ERROR] LogOutputStream:75 - [STDERR_REDIRECT] 
2025-01-31 18:15:10,262 [ERROR] LogOutputStream:75 - [STDERR_REDIRECT] [Fatal Error] :1:1: Premature end of file.
2025-01-31 18:15:10,262 [ERROR] LogOutputStream:75 - [STDERR_REDIRECT] 
2025-01-31 18:15:11,249 [ERROR] LogOutputStream:75 - [STDERR_REDIRECT] [Fatal Error] :1:1: Premature end of file.
2025-01-31 18:15:11,249 [ERROR] LogOutputStream:75 - [STDERR_REDIRECT] 
2025-01-31 18:15:12,243 [ERROR] LogOutputStream:75 - [STDERR_REDIRECT] [Fatal Error] :1:1: Premature end of file.
2025-01-31 18:15:12,243 [ERROR] LogOutputStream:75 - [STDERR_REDIRECT] 
2025-01-31 18:15:13,254 [ERROR] LogOutputStream:75 - [STDERR_REDIRECT] [Fatal Error] :1:1: Premature end of file.
2025-01-31 18:15:13,254 [ERROR] LogOutputStream:75 - [STDERR_REDIRECT] 
2025-01-31 18:15:14,255 [ERROR] LogOutputStream:75 - [STDERR_REDIRECT] [Fatal Error] :1:1: Premature end of file.
2025-01-31 18:15:14,255 [ERROR] LogOutputStream:75 - [STDERR_REDIRECT] 
2025-01-31 18:15:15,260 [ERROR] LogOutputStream:75 - [STDERR_REDIRECT] [Fatal Error] :1:1: Premature end of file.
2025-01-31 18:15:15,262 [ERROR] LogOutputStream:75 - [STDERR_REDIRECT] 
2025-01-31 18:15:16,270 [ERROR] LogOutputStream:75 - [STDERR_REDIRECT] [Fatal Error] :1:1: Premature end of file.
2025-01-31 18:15:16,270 [ERROR] LogOutputStream:75 - [STDERR_REDIRECT] 
2025-01-31 18:15:17,258 [ERROR] LogOutputStream:75 - [STDERR_REDIRECT] [Fatal Error] :1:1: Premature end of file.
2025-01-31 18:15:17,258 [ERROR] LogOutputStream:75 - [STDERR_REDIRECT] 
2025-01-31 18:15:18,261 [ERROR] LogOutputStream:75 - [STDERR_REDIRECT] [Fatal Error] :1:1: Premature end of file.
2025-01-31 18:15:18,261 [ERROR] LogOutputStream:75 - [STDERR_REDIRECT] 
2025-01-31 18:15:19,255 [ERROR] LogOutputStream:75 - [STDERR_REDIRECT] [Fatal Error] :1:1: Premature end of file.
2025-01-31 18:15:19,255 [ERROR] LogOutputStream:75 - [STDERR_REDIRECT] 
2025-01-31 18:15:20,278 [ERROR] LogOutputStream:75 - [STDERR_REDIRECT] [Fatal Error] :1:1: Premature end of file.
2025-01-31 18:15:20,278 [ERROR] LogOutputStream:75 - [STDERR_REDIRECT] 
2025-01-31 18:15:21,251 [ERROR] LogOutputStream:75 - [STDERR_REDIRECT] [Fatal Error] :1:1: Premature end of file.
2025-01-31 18:15:21,251 [ERROR] LogOutputStream:75 - [STDERR_REDIRECT] 
2025-01-31 18:15:22,276 [ERROR] LogOutputStream:75 - [STDERR_REDIRECT] [Fatal Error] :1:1: Premature end of file.
2025-01-31 18:15:22,276 [ERROR] LogOutputStream:75 - [STDERR_REDIRECT] 
2025-01-31 18:15:23,291 [ERROR] LogOutputStream:75 - [STDERR_REDIRECT] [Fatal Error] :1:1: Premature end of file.
2025-01-31 18:15:23,291 [ERROR] LogOutputStream:75 - [STDERR_REDIRECT] 
2025-01-31 18:15:24,246 [ERROR] LogOutputStream:75 - [STDERR_REDIRECT] [Fatal Error] :1:1: Premature end of file.
2025-01-31 18:15:24,246 [ERROR] LogOutputStream:75 - [STDERR_REDIRECT] 
2025-01-31 18:15:25,239 [ERROR] LogOutputStream:75 - [STDERR_REDIRECT] [Fatal Error] :1:1: Premature end of file.
2025-01-31 18:15:25,239 [ERROR] LogOutputStream:75 - [STDERR_REDIRECT] 
2025-01-31 18:15:26,258 [ERROR] LogOutputStream:75 - [STDERR_REDIRECT] [Fatal Error] :1:1: Premature end of file.
2025-01-31 18:15:26,258 [ERROR] LogOutputStream:75 - [STDERR_REDIRECT] 
2025-01-31 18:15:27,265 [ERROR] LogOutputStream:75 - [STDERR_REDIRECT] [Fatal Error] :1:1: Premature end of file.
2025-01-31 18:15:27,266 [ERROR] LogOutputStream:75 - [STDERR_REDIRECT] 
2025-01-31 18:15:28,277 [ERROR] LogOutputStream:75 - [STDERR_REDIRECT] [Fatal Error] :1:1: Premature end of file.
2025-01-31 18:15:28,277 [ERROR] LogOutputStream:75 - [STDERR_REDIRECT] 
2025-01-31 18:15:29,249 [ERROR] LogOutputStream:75 - [STDERR_REDIRECT] [Fatal Error] :1:1: Premature end of file.
2025-01-31 18:15:29,249 [ERROR] LogOutputStream:75 - [STDERR_REDIRECT] 
2025-01-31 18:15:30,251 [ERROR] LogOutputStream:75 - [STDERR_REDIRECT] [Fatal Error] :1:1: Premature end of file.
2025-01-31 18:15:30,251 [ERROR] LogOutputStream:75 - [STDERR_REDIRECT] 
2025-01-31 18:15:31,243 [ERROR] LogOutputStream:75 - [STDERR_REDIRECT] [Fatal Error] :1:1: Premature end of file.
2025-01-31 18:15:31,243 [ERROR] LogOutputStream:75 - [STDERR_REDIRECT] 
2025-01-31 18:15:32,257 [ERROR] LogOutputStream:75 - [STDERR_REDIRECT] [Fatal Error] :1:1: Premature end of file.
2025-01-31 18:15:32,257 [ERROR] LogOutputStream:75 - [STDERR_REDIRECT] 
2025-01-31 18:15:33,255 [ERROR] LogOutputStream:75 - [STDERR_REDIRECT] [Fatal Error] :1:1: Premature end of file.
2025-01-31 18:15:33,255 [ERROR] LogOutputStream:75 - [STDERR_REDIRECT] 
2025-01-31 18:15:34,248 [ERROR] LogOutputStream:75 - [STDERR_REDIRECT] [Fatal Error] :1:1: Premature end of file.
2025-01-31 18:15:34,249 [ERROR] LogOutputStream:75 - [STDERR_REDIRECT] 
2025-01-31 18:15:35,256 [ERROR] LogOutputStream:75 - [STDERR_REDIRECT] [Fatal Error] :1:1: Premature end of file.
2025-01-31 18:15:35,256 [ERROR] LogOutputStream:75 - [STDERR_REDIRECT] 
2025-01-31 18:15:36,254 [ERROR] LogOutputStream:75 - [STDERR_REDIRECT] [Fatal Error] :1:1: Premature end of file.
2025-01-31 18:15:36,254 [ERROR] LogOutputStream:75 - [STDERR_REDIRECT] 
2025-01-31 18:15:37,248 [ERROR] LogOutputStream:75 - [STDERR_REDIRECT] [Fatal Error] :1:1: Premature end of file.
2025-01-31 18:15:37,248 [ERROR] LogOutputStream:75 - [STDERR_REDIRECT] 
2025-01-31 18:15:38,245 [ERROR] LogOutputStream:75 - [STDERR_REDIRECT] [Fatal Error] :1:1: Premature end of file.
2025-01-31 18:15:38,245 [ERROR] LogOutputStream:75 - [STDERR_REDIRECT] 
2025-01-31 18:15:39,262 [ERROR] LogOutputStream:75 - [STDERR_REDIRECT] [Fatal Error] :1:1: Premature end of file.
2025-01-31 18:15:39,263 [ERROR] LogOutputStream:75 - [STDERR_REDIRECT] 
2025-01-31 18:15:40,243 [ERROR] LogOutputStream:75 - [STDERR_REDIRECT] [Fatal Error] :1:1: Premature end of file.
2025-01-31 18:15:40,243 [ERROR] LogOutputStream:75 - [STDERR_REDIRECT] 
2025-01-31 18:15:41,269 [ERROR] LogOutputStream:75 - [STDERR_REDIRECT] [Fatal Error] :1:1: Premature end of file.
2025-01-31 18:15:41,269 [ERROR] LogOutputStream:75 - [STDERR_REDIRECT] 
2025-01-31 18:15:42,253 [ERROR] LogOutputStream:75 - [STDERR_REDIRECT] [Fatal Error] :1:1: Premature end of file.
2025-01-31 18:15:42,253 [ERROR] LogOutputStream:75 - [STDERR_REDIRECT] 
2025-01-31 18:15:43,245 [ERROR] LogOutputStream:75 - [STDERR_REDIRECT] [Fatal Error] :1:1: Premature end of file.
2025-01-31 18:15:43,245 [ERROR] LogOutputStream:75 - [STDERR_REDIRECT] 
2025-01-31 18:15:44,254 [ERROR] LogOutputStream:75 - [STDERR_REDIRECT] [Fatal Error] :1:1: Premature end of file.
2025-01-31 18:15:44,254 [ERROR] LogOutputStream:75 - [STDERR_REDIRECT] 
2025-01-31 18:15:45,269 [ERROR] LogOutputStream:75 - [STDERR_REDIRECT] [Fatal Error] :1:1: Premature end of file.
2025-01-31 18:15:45,269 [ERROR] LogOutputStream:75 - [STDERR_REDIRECT] 
2025-01-31 18:15:46,275 [ERROR] LogOutputStream:75 - [STDERR_REDIRECT] [Fatal Error] :1:1: Premature end of file.
2025-01-31 18:15:46,275 [ERROR] LogOutputStream:75 - [STDERR_REDIRECT] 
2025-01-31 18:15:47,254 [ERROR] LogOutputStream:75 - [STDERR_REDIRECT] [Fatal Error] :1:1: Premature end of file.
2025-01-31 18:15:47,254 [ERROR] LogOutputStream:75 - [STDERR_REDIRECT] 
2025-01-31 18:15:48,251 [ERROR] LogOutputStream:75 - [STDERR_REDIRECT] [Fatal Error] :1:1: Premature end of file.
2025-01-31 18:15:48,251 [ERROR] LogOutputStream:75 - [STDERR_REDIRECT] 
2025-01-31 18:15:49,263 [ERROR] LogOutputStream:75 - [STDERR_REDIRECT] [Fatal Error] :1:1: Premature end of file.
2025-01-31 18:15:49,263 [ERROR] LogOutputStream:75 - [STDERR_REDIRECT] 
2025-01-31 18:15:50,269 [ERROR] LogOutputStream:75 - [STDERR_REDIRECT] [Fatal Error] :1:1: Premature end of file.
2025-01-31 18:15:50,269 [ERROR] LogOutputStream:75 - [STDERR_REDIRECT] 
2025-01-31 18:15:51,275 [ERROR] LogOutputStream:75 - [STDERR_REDIRECT] [Fatal Error] :1:1: Premature end of file.
2025-01-31 18:15:51,275 [ERROR] LogOutputStream:75 - [STDERR_REDIRECT] 
2025-01-31 18:15:52,255 [ERROR] LogOutputStream:75 - [STDERR_REDIRECT] [Fatal Error] :1:1: Premature end of file.
2025-01-31 18:15:52,255 [ERROR] LogOutputStream:75 - [STDERR_REDIRECT] 
2025-01-31 18:15:53,245 [ERROR] LogOutputStream:75 - [STDERR_REDIRECT] [Fatal Error] :1:1: Premature end of file.
2025-01-31 18:15:53,245 [ERROR] LogOutputStream:75 - [STDERR_REDIRECT] 
2025-01-31 18:15:54,238 [ERROR] LogOutputStream:75 - [STDERR_REDIRECT] [Fatal Error] :1:1: Premature end of file.
2025-01-31 18:15:54,238 [ERROR] LogOutputStream:75 - [STDERR_REDIRECT] 
2025-01-31 18:15:55,260 [ERROR] LogOutputStream:75 - [STDERR_REDIRECT] [Fatal Error] :1:1: Premature end of file.
2025-01-31 18:15:55,260 [ERROR] LogOutputStream:75 - [STDERR_REDIRECT] 
2025-01-31 18:15:56,242 [ERROR] LogOutputStream:75 - [STDERR_REDIRECT] [Fatal Error] :1:1: Premature end of file.
2025-01-31 18:15:56,242 [ERROR] LogOutputStream:75 - [STDERR_REDIRECT] 
2025-01-31 18:15:57,258 [ERROR] LogOutputStream:75 - [STDERR_REDIRECT] [Fatal Error] :1:1: Premature end of file.
2025-01-31 18:15:57,258 [ERROR] LogOutputStream:75 - [STDERR_REDIRECT] 
2025-01-31 18:15:58,256 [ERROR] LogOutputStream:75 - [STDERR_REDIRECT] [Fatal Error] :1:1: Premature end of file.
2025-01-31 18:15:58,256 [ERROR] LogOutputStream:75 - [STDERR_REDIRECT] 
2025-01-31 18:15:59,253 [ERROR] LogOutputStream:75 - [STDERR_REDIRECT] [Fatal Error] :1:1: Premature end of file.
2025-01-31 18:15:59,253 [ERROR] LogOutputStream:75 - [STDERR_REDIRECT] 
2025-01-31 18:16:00,252 [ERROR] LogOutputStream:75 - [STDERR_REDIRECT] [Fatal Error] :1:1: Premature end of file.
2025-01-31 18:16:00,252 [ERROR] LogOutputStream:75 - [STDERR_REDIRECT] 
2025-01-31 18:16:01,263 [ERROR] LogOutputStream:75 - [STDERR_REDIRECT] [Fatal Error] :1:1: Premature end of file.
2025-01-31 18:16:01,263 [ERROR] LogOutputStream:75 - [STDERR_REDIRECT] 
2025-01-31 18:16:02,261 [ERROR] LogOutputStream:75 - [STDERR_REDIRECT] [Fatal Error] :1:1: Premature end of file.
2025-01-31 18:16:02,261 [ERROR] LogOutputStream:75 - [STDERR_REDIRECT] 
2025-01-31 18:16:03,246 [ERROR] LogOutputStream:75 - [STDERR_REDIRECT] [Fatal Error] :1:1: Premature end of file.
2025-01-31 18:16:03,246 [ERROR] LogOutputStream:75 - [STDERR_REDIRECT] 
2025-01-31 18:16:04,256 [ERROR] LogOutputStream:75 - [STDERR_REDIRECT] [Fatal Error] :1:1: Premature end of file.
2025-01-31 18:16:04,256 [ERROR] LogOutputStream:75 - [STDERR_REDIRECT] 
2025-01-31 18:16:05,250 [ERROR] LogOutputStream:75 - [STDERR_REDIRECT] [Fatal Error] :1:1: Premature end of file.
2025-01-31 18:16:05,250 [ERROR] LogOutputStream:75 - [STDERR_REDIRECT] 
2025-01-31 18:16:06,254 [ERROR] LogOutputStream:75 - [STDERR_REDIRECT] [Fatal Error] :1:1: Premature end of file.
2025-01-31 18:16:06,254 [ERROR] LogOutputStream:75 - [STDERR_REDIRECT] 
2025-01-31 18:16:07,253 [ERROR] LogOutputStream:75 - [STDERR_REDIRECT] [Fatal Error] :1:1: Premature end of file.
2025-01-31 18:16:07,253 [ERROR] LogOutputStream:75 - [STDERR_REDIRECT] 
2025-01-31 18:16:08,261 [ERROR] LogOutputStream:75 - [STDERR_REDIRECT] [Fatal Error] :1:1: Premature end of file.
2025-01-31 18:16:08,261 [ERROR] LogOutputStream:75 - [STDERR_REDIRECT] 
2025-01-31 18:16:09,253 [ERROR] LogOutputStream:75 - [STDERR_REDIRECT] [Fatal Error] :1:1: Premature end of file.
2025-01-31 18:16:09,254 [ERROR] LogOutputStream:75 - [STDERR_REDIRECT] 
2025-01-31 18:16:10,255 [ERROR] LogOutputStream:75 - [STDERR_REDIRECT] [Fatal Error] :1:1: Premature end of file.
2025-01-31 18:16:10,257 [ERROR] LogOutputStream:75 - [STDERR_REDIRECT] 
2025-01-31 18:16:11,247 [ERROR] LogOutputStream:75 - [STDERR_REDIRECT] [Fatal Error] :1:1: Premature end of file.
2025-01-31 18:16:11,247 [ERROR] LogOutputStream:75 - [STDERR_REDIRECT] 
2025-01-31 18:16:12,248 [ERROR] LogOutputStream:75 - [STDERR_REDIRECT] [Fatal Error] :1:1: Premature end of file.
2025-01-31 18:16:12,248 [ERROR] LogOutputStream:75 - [STDERR_REDIRECT] 
2025-01-31 18:16:13,246 [ERROR] LogOutputStream:75 - [STDERR_REDIRECT] [Fatal Error] :1:1: Premature end of file.
2025-01-31 18:16:13,246 [ERROR] LogOutputStream:75 - [STDERR_REDIRECT] 
2025-01-31 18:16:14,247 [ERROR] LogOutputStream:75 - [STDERR_REDIRECT] [Fatal Error] :1:1: Premature end of file.
2025-01-31 18:16:14,247 [ERROR] LogOutputStream:75 - [STDERR_REDIRECT] 
2025-01-31 18:16:15,256 [ERROR] LogOutputStream:75 - [STDERR_REDIRECT] [Fatal Error] :1:1: Premature end of file.
2025-01-31 18:16:15,257 [ERROR] LogOutputStream:75 - [STDERR_REDIRECT] 
2025-01-31 18:16:16,259 [ERROR] LogOutputStream:75 - [STDERR_REDIRECT] [Fatal Error] :1:1: Premature end of file.
2025-01-31 18:16:16,259 [ERROR] LogOutputStream:75 - [STDERR_REDIRECT] 
2025-01-31 18:16:17,253 [ERROR] LogOutputStream:75 - [STDERR_REDIRECT] [Fatal Error] :1:1: Premature end of file.
2025-01-31 18:16:17,253 [ERROR] LogOutputStream:75 - [STDERR_REDIRECT] 
2025-01-31 18:16:18,258 [ERROR] LogOutputStream:75 - [STDERR_REDIRECT] [Fatal Error] :1:1: Premature end of file.
2025-01-31 18:16:18,258 [ERROR] LogOutputStream:75 - [STDERR_REDIRECT] 
2025-01-31 18:16:19,249 [ERROR] LogOutputStream:75 - [STDERR_REDIRECT] [Fatal Error] :1:1: Premature end of file.
2025-01-31 18:16:19,249 [ERROR] LogOutputStream:75 - [STDERR_REDIRECT] 
2025-01-31 18:16:20,237 [ERROR] LogOutputStream:75 - [STDERR_REDIRECT] [Fatal Error] :1:1: Premature end of file.
2025-01-31 18:16:20,237 [ERROR] LogOutputStream:75 - [STDERR_REDIRECT] 
2025-01-31 18:16:21,253 [ERROR] LogOutputStream:75 - [STDERR_REDIRECT] [Fatal Error] :1:1: Premature end of file.
2025-01-31 18:16:21,253 [ERROR] LogOutputStream:75 - [STDERR_REDIRECT] 
2025-01-31 18:16:22,255 [ERROR] LogOutputStream:75 - [STDERR_REDIRECT] [Fatal Error] :1:1: Premature end of file.
2025-01-31 18:16:22,255 [ERROR] LogOutputStream:75 - [STDERR_REDIRECT] 
2025-01-31 18:16:23,259 [ERROR] LogOutputStream:75 - [STDERR_REDIRECT] [Fatal Error] :1:1: Premature end of file.
2025-01-31 18:16:23,259 [ERROR] LogOutputStream:75 - [STDERR_REDIRECT] 
2025-01-31 18:16:24,252 [ERROR] LogOutputStream:75 - [STDERR_REDIRECT] [Fatal Error] :1:1: Premature end of file.
2025-01-31 18:16:24,252 [ERROR] LogOutputStream:75 - [STDERR_REDIRECT] 
2025-01-31 18:16:25,258 [ERROR] LogOutputStream:75 - [STDERR_REDIRECT] [Fatal Error] :1:1: Premature end of file.
2025-01-31 18:16:25,258 [ERROR] LogOutputStream:75 - [STDERR_REDIRECT] 
2025-01-31 18:16:26,256 [ERROR] LogOutputStream:75 - [STDERR_REDIRECT] [Fatal Error] :1:1: Premature end of file.
2025-01-31 18:16:26,256 [ERROR] LogOutputStream:75 - [STDERR_REDIRECT] 
2025-01-31 18:16:27,262 [ERROR] LogOutputStream:75 - [STDERR_REDIRECT] [Fatal Error] :1:1: Premature end of file.
2025-01-31 18:16:27,262 [ERROR] LogOutputStream:75 - [STDERR_REDIRECT] 
2025-01-31 18:16:28,257 [ERROR] LogOutputStream:75 - [STDERR_REDIRECT] [Fatal Error] :1:1: Premature end of file.
2025-01-31 18:16:28,257 [ERROR] LogOutputStream:75 - [STDERR_REDIRECT] 
2025-01-31 18:16:29,247 [ERROR] LogOutputStream:75 - [STDERR_REDIRECT] [Fatal Error] :1:1: Premature end of file.
2025-01-31 18:16:29,247 [ERROR] LogOutputStream:75 - [STDERR_REDIRECT] 
2025-01-31 18:16:30,250 [ERROR] LogOutputStream:75 - [STDERR_REDIRECT] [Fatal Error] :1:1: Premature end of file.
2025-01-31 18:16:30,250 [ERROR] LogOutputStream:75 - [STDERR_REDIRECT] 
2025-01-31 18:16:31,251 [ERROR] LogOutputStream:75 - [STDERR_REDIRECT] [Fatal Error] :1:1: Premature end of file.
2025-01-31 18:16:31,251 [ERROR] LogOutputStream:75 - [STDERR_REDIRECT] 
2025-01-31 18:16:32,254 [ERROR] LogOutputStream:75 - [STDERR_REDIRECT] [Fatal Error] :1:1: Premature end of file.
2025-01-31 18:16:32,254 [ERROR] LogOutputStream:75 - [STDERR_REDIRECT] 
2025-01-31 18:16:33,246 [ERROR] LogOutputStream:75 - [STDERR_REDIRECT] [Fatal Error] :1:1: Premature end of file.
2025-01-31 18:16:33,246 [ERROR] LogOutputStream:75 - [STDERR_REDIRECT] 
2025-01-31 18:16:34,248 [ERROR] LogOutputStream:75 - [STDERR_REDIRECT] [Fatal Error] :1:1: Premature end of file.
2025-01-31 18:16:34,248 [ERROR] LogOutputStream:75 - [STDERR_REDIRECT] 
2025-01-31 18:16:35,244 [ERROR] LogOutputStream:75 - [STDERR_REDIRECT] [Fatal Error] :1:1: Premature end of file.
2025-01-31 18:16:35,244 [ERROR] LogOutputStream:75 - [STDERR_REDIRECT] 
2025-01-31 18:16:36,244 [ERROR] LogOutputStream:75 - [STDERR_REDIRECT] [Fatal Error] :1:1: Premature end of file.
2025-01-31 18:16:36,244 [ERROR] LogOutputStream:75 - [STDERR_REDIRECT] 
2025-01-31 18:16:37,244 [ERROR] LogOutputStream:75 - [STDERR_REDIRECT] [Fatal Error] :1:1: Premature end of file.
2025-01-31 18:16:37,244 [ERROR] LogOutputStream:75 - [STDERR_REDIRECT] 
2025-01-31 18:16:38,266 [ERROR] LogOutputStream:75 - [STDERR_REDIRECT] [Fatal Error] :1:1: Premature end of file.
2025-01-31 18:16:38,266 [ERROR] LogOutputStream:75 - [STDERR_REDIRECT] 
2025-01-31 18:16:39,244 [ERROR] LogOutputStream:75 - [STDERR_REDIRECT] [Fatal Error] :1:1: Premature end of file.
2025-01-31 18:16:39,244 [ERROR] LogOutputStream:75 - [STDERR_REDIRECT] 
2025-01-31 18:16:40,250 [ERROR] LogOutputStream:75 - [STDERR_REDIRECT] [Fatal Error] :1:1: Premature end of file.
2025-01-31 18:16:40,250 [ERROR] LogOutputStream:75 - [STDERR_REDIRECT] 
2025-01-31 18:16:41,244 [ERROR] LogOutputStream:75 - [STDERR_REDIRECT] [Fatal Error] :1:1: Premature end of file.
2025-01-31 18:16:41,244 [ERROR] LogOutputStream:75 - [STDERR_REDIRECT] 
2025-01-31 18:16:42,242 [ERROR] LogOutputStream:75 - [STDERR_REDIRECT] [Fatal Error] :1:1: Premature end of file.
2025-01-31 18:16:42,242 [ERROR] LogOutputStream:75 - [STDERR_REDIRECT] 
2025-01-31 18:16:43,241 [ERROR] LogOutputStream:75 - [STDERR_REDIRECT] [Fatal Error] :1:1: Premature end of file.
2025-01-31 18:16:43,241 [ERROR] LogOutputStream:75 - [STDERR_REDIRECT] 
2025-01-31 18:16:44,260 [ERROR] LogOutputStream:75 - [STDERR_REDIRECT] [Fatal Error] :1:1: Premature end of file.
2025-01-31 18:16:44,260 [ERROR] LogOutputStream:75 - [STDERR_REDIRECT] 
2025-01-31 18:16:45,263 [ERROR] LogOutputStream:75 - [STDERR_REDIRECT] [Fatal Error] :1:1: Premature end of file.
2025-01-31 18:16:45,263 [ERROR] LogOutputStream:75 - [STDERR_REDIRECT] 
2025-01-31 18:16:46,238 [ERROR] LogOutputStream:75 - [STDERR_REDIRECT] [Fatal Error] :1:1: Premature end of file.
2025-01-31 18:16:46,238 [ERROR] LogOutputStream:75 - [STDERR_REDIRECT] 
2025-01-31 18:16:47,261 [ERROR] LogOutputStream:75 - [STDERR_REDIRECT] [Fatal Error] :1:1: Premature end of file.
2025-01-31 18:16:47,261 [ERROR] LogOutputStream:75 - [STDERR_REDIRECT] 
2025-01-31 18:16:48,246 [ERROR] LogOutputStream:75 - [STDERR_REDIRECT] [Fatal Error] :1:1: Premature end of file.
2025-01-31 18:16:48,246 [ERROR] LogOutputStream:75 - [STDERR_REDIRECT] 
2025-01-31 18:16:49,242 [ERROR] LogOutputStream:75 - [STDERR_REDIRECT] [Fatal Error] :1:1: Premature end of file.
2025-01-31 18:16:49,242 [ERROR] LogOutputStream:75 - [STDERR_REDIRECT] 
2025-01-31 18:16:50,248 [ERROR] LogOutputStream:75 - [STDERR_REDIRECT] [Fatal Error] :1:1: Premature end of file.
2025-01-31 18:16:50,248 [ERROR] LogOutputStream:75 - [STDERR_REDIRECT] 
2025-01-31 18:16:51,258 [ERROR] LogOutputStream:75 - [STDERR_REDIRECT] [Fatal Error] :1:1: Premature end of file.
2025-01-31 18:16:51,260 [ERROR] LogOutputStream:75 - [STDERR_REDIRECT] 
2025-01-31 18:16:52,245 [ERROR] LogOutputStream:75 - [STDERR_REDIRECT] [Fatal Error] :1:1: Premature end of file.
2025-01-31 18:16:52,245 [ERROR] LogOutputStream:75 - [STDERR_REDIRECT] 
2025-01-31 18:16:53,243 [ERROR] LogOutputStream:75 - [STDERR_REDIRECT] [Fatal Error] :1:1: Premature end of file.
2025-01-31 18:16:53,243 [ERROR] LogOutputStream:75 - [STDERR_REDIRECT] 
2025-01-31 18:16:54,257 [ERROR] LogOutputStream:75 - [STDERR_REDIRECT] [Fatal Error] :1:1: Premature end of file.
2025-01-31 18:16:54,257 [ERROR] LogOutputStream:75 - [STDERR_REDIRECT] 
2025-01-31 18:16:55,242 [ERROR] LogOutputStream:75 - [STDERR_REDIRECT] [Fatal Error] :1:1: Premature end of file.
2025-01-31 18:16:55,244 [ERROR] LogOutputStream:75 - [STDERR_REDIRECT] 
2025-01-31 18:16:56,234 [ERROR] LogOutputStream:75 - [STDERR_REDIRECT] [Fatal Error] :1:1: Premature end of file.
2025-01-31 18:16:56,235 [ERROR] LogOutputStream:75 - [STDERR_REDIRECT] 
2025-01-31 18:16:57,249 [ERROR] LogOutputStream:75 - [STDERR_REDIRECT] [Fatal Error] :1:1: Premature end of file.
2025-01-31 18:16:57,249 [ERROR] LogOutputStream:75 - [STDERR_REDIRECT] 
2025-01-31 18:16:58,258 [ERROR] LogOutputStream:75 - [STDERR_REDIRECT] [Fatal Error] :1:1: Premature end of file.
2025-01-31 18:16:58,258 [ERROR] LogOutputStream:75 - [STDERR_REDIRECT] 
2025-01-31 18:16:59,253 [ERROR] LogOutputStream:75 - [STDERR_REDIRECT] [Fatal Error] :1:1: Premature end of file.
2025-01-31 18:16:59,253 [ERROR] LogOutputStream:75 - [STDERR_REDIRECT] 
2025-01-31 18:17:00,250 [ERROR] LogOutputStream:75 - [STDERR_REDIRECT] [Fatal Error] :1:1: Premature end of file.
2025-01-31 18:17:00,250 [ERROR] LogOutputStream:75 - [STDERR_REDIRECT] 
2025-01-31 18:17:01,238 [ERROR] LogOutputStream:75 - [STDERR_REDIRECT] [Fatal Error] :1:1: Premature end of file.
2025-01-31 18:17:01,238 [ERROR] LogOutputStream:75 - [STDERR_REDIRECT] 
2025-01-31 18:17:02,271 [ERROR] LogOutputStream:75 - [STDERR_REDIRECT] [Fatal Error] :1:1: Premature end of file.
2025-01-31 18:17:02,271 [ERROR] LogOutputStream:75 - [STDERR_REDIRECT] 
2025-01-31 18:17:03,256 [ERROR] LogOutputStream:75 - [STDERR_REDIRECT] [Fatal Error] :1:1: Premature end of file.
2025-01-31 18:17:03,256 [ERROR] LogOutputStream:75 - [STDERR_REDIRECT] 
2025-01-31 18:17:04,254 [ERROR] LogOutputStream:75 - [STDERR_REDIRECT] [Fatal Error] :1:1: Premature end of file.
2025-01-31 18:17:04,254 [ERROR] LogOutputStream:75 - [STDERR_REDIRECT] 
2025-01-31 18:17:05,263 [ERROR] LogOutputStream:75 - [STDERR_REDIRECT] [Fatal Error] :1:1: Premature end of file.
2025-01-31 18:17:05,265 [ERROR] LogOutputStream:75 - [STDERR_REDIRECT] 
2025-01-31 18:17:06,262 [ERROR] LogOutputStream:75 - [STDERR_REDIRECT] [Fatal Error] :1:1: Premature end of file.
2025-01-31 18:17:06,262 [ERROR] LogOutputStream:75 - [STDERR_REDIRECT] 
2025-01-31 18:17:07,260 [ERROR] LogOutputStream:75 - [STDERR_REDIRECT] [Fatal Error] :1:1: Premature end of file.
2025-01-31 18:17:07,260 [ERROR] LogOutputStream:75 - [STDERR_REDIRECT] 
2025-01-31 18:17:08,261 [ERROR] LogOutputStream:75 - [STDERR_REDIRECT] [Fatal Error] :1:1: Premature end of file.
2025-01-31 18:17:08,261 [ERROR] LogOutputStream:75 - [STDERR_REDIRECT] 
2025-01-31 18:17:09,261 [ERROR] LogOutputStream:75 - [STDERR_REDIRECT] [Fatal Error] :1:1: Premature end of file.
2025-01-31 18:17:09,261 [ERROR] LogOutputStream:75 - [STDERR_REDIRECT] 
2025-01-31 18:17:10,243 [ERROR] LogOutputStream:75 - [STDERR_REDIRECT] [Fatal Error] :1:1: Premature end of file.
2025-01-31 18:17:10,243 [ERROR] LogOutputStream:75 - [STDERR_REDIRECT] 
2025-01-31 18:17:11,247 [ERROR] LogOutputStream:75 - [STDERR_REDIRECT] [Fatal Error] :1:1: Premature end of file.
2025-01-31 18:17:11,247 [ERROR] LogOutputStream:75 - [STDERR_REDIRECT] 
2025-01-31 18:17:12,245 [ERROR] LogOutputStream:75 - [STDERR_REDIRECT] [Fatal Error] :1:1: Premature end of file.
2025-01-31 18:17:12,245 [ERROR] LogOutputStream:75 - [STDERR_REDIRECT] 
2025-01-31 18:17:13,243 [ERROR] LogOutputStream:75 - [STDERR_REDIRECT] [Fatal Error] :1:1: Premature end of file.
2025-01-31 18:17:13,243 [ERROR] LogOutputStream:75 - [STDERR_REDIRECT] 
2025-01-31 18:17:14,263 [ERROR] LogOutputStream:75 - [STDERR_REDIRECT] [Fatal Error] :1:1: Premature end of file.
2025-01-31 18:17:14,263 [ERROR] LogOutputStream:75 - [STDERR_REDIRECT] 
2025-01-31 18:17:15,246 [ERROR] LogOutputStream:75 - [STDERR_REDIRECT] [Fatal Error] :1:1: Premature end of file.
2025-01-31 18:17:15,246 [ERROR] LogOutputStream:75 - [STDERR_REDIRECT] 
2025-01-31 18:17:16,271 [ERROR] LogOutputStream:75 - [STDERR_REDIRECT] [Fatal Error] :1:1: Premature end of file.
2025-01-31 18:17:16,271 [ERROR] LogOutputStream:75 - [STDERR_REDIRECT] 
2025-01-31 18:17:17,247 [ERROR] LogOutputStream:75 - [STDERR_REDIRECT] [Fatal Error] :1:1: Premature end of file.
2025-01-31 18:17:17,247 [ERROR] LogOutputStream:75 - [STDERR_REDIRECT] 
2025-01-31 18:17:18,246 [ERROR] LogOutputStream:75 - [STDERR_REDIRECT] [Fatal Error] :1:1: Premature end of file.
2025-01-31 18:17:18,246 [ERROR] LogOutputStream:75 - [STDERR_REDIRECT] 
2025-01-31 18:17:19,256 [ERROR] LogOutputStream:75 - [STDERR_REDIRECT] [Fatal Error] :1:1: Premature end of file.
2025-01-31 18:17:19,256 [ERROR] LogOutputStream:75 - [STDERR_REDIRECT] 
2025-01-31 18:17:20,251 [ERROR] LogOutputStream:75 - [STDERR_REDIRECT] [Fatal Error] :1:1: Premature end of file.
2025-01-31 18:17:20,251 [ERROR] LogOutputStream:75 - [STDERR_REDIRECT] 
2025-01-31 18:17:21,254 [ERROR] LogOutputStream:75 - [STDERR_REDIRECT] [Fatal Error] :1:1: Premature end of file.
2025-01-31 18:17:21,255 [ERROR] LogOutputStream:75 - [STDERR_REDIRECT] 
2025-01-31 18:17:22,247 [ERROR] LogOutputStream:75 - [STDERR_REDIRECT] [Fatal Error] :1:1: Premature end of file.
2025-01-31 18:17:22,247 [ERROR] LogOutputStream:75 - [STDERR_REDIRECT] 
2025-01-31 18:17:23,251 [ERROR] LogOutputStream:75 - [STDERR_REDIRECT] [Fatal Error] :1:1: Premature end of file.
2025-01-31 18:17:23,251 [ERROR] LogOutputStream:75 - [STDERR_REDIRECT] 
2025-01-31 18:17:24,255 [ERROR] LogOutputStream:75 - [STDERR_REDIRECT] [Fatal Error] :1:1: Premature end of file.
2025-01-31 18:17:24,255 [ERROR] LogOutputStream:75 - [STDERR_REDIRECT] 
2025-01-31 18:17:25,258 [ERROR] LogOutputStream:75 - [STDERR_REDIRECT] [Fatal Error] :1:1: Premature end of file.
2025-01-31 18:17:25,258 [ERROR] LogOutputStream:75 - [STDERR_REDIRECT] 
2025-01-31 18:17:26,250 [ERROR] LogOutputStream:75 - [STDERR_REDIRECT] [Fatal Error] :1:1: Premature end of file.
2025-01-31 18:17:26,250 [ERROR] LogOutputStream:75 - [STDERR_REDIRECT] 
2025-01-31 18:17:27,256 [ERROR] LogOutputStream:75 - [STDERR_REDIRECT] [Fatal Error] :1:1: Premature end of file.
2025-01-31 18:17:27,256 [ERROR] LogOutputStream:75 - [STDERR_REDIRECT] 
2025-01-31 18:17:28,262 [ERROR] LogOutputStream:75 - [STDERR_REDIRECT] [Fatal Error] :1:1: Premature end of file.
2025-01-31 18:17:28,262 [ERROR] LogOutputStream:75 - [STDERR_REDIRECT] 
2025-01-31 18:17:29,245 [ERROR] LogOutputStream:75 - [STDERR_REDIRECT] [Fatal Error] :1:1: Premature end of file.
2025-01-31 18:17:29,245 [ERROR] LogOutputStream:75 - [STDERR_REDIRECT] 
2025-01-31 18:17:30,253 [ERROR] LogOutputStream:75 - [STDERR_REDIRECT] [Fatal Error] :1:1: Premature end of file.
2025-01-31 18:17:30,253 [ERROR] LogOutputStream:75 - [STDERR_REDIRECT] 
2025-01-31 18:17:31,271 [ERROR] LogOutputStream:75 - [STDERR_REDIRECT] [Fatal Error] :1:1: Premature end of file.
2025-01-31 18:17:31,271 [ERROR] LogOutputStream:75 - [STDERR_REDIRECT] 
2025-01-31 18:17:32,248 [ERROR] LogOutputStream:75 - [STDERR_REDIRECT] [Fatal Error] :1:1: Premature end of file.
2025-01-31 18:17:32,248 [ERROR] LogOutputStream:75 - [STDERR_REDIRECT] 
2025-01-31 18:17:33,251 [ERROR] LogOutputStream:75 - [STDERR_REDIRECT] [Fatal Error] :1:1: Premature end of file.
2025-01-31 18:17:33,251 [ERROR] LogOutputStream:75 - [STDERR_REDIRECT] 
2025-01-31 18:17:34,253 [ERROR] LogOutputStream:75 - [STDERR_REDIRECT] [Fatal Error] :1:1: Premature end of file.
2025-01-31 18:17:34,253 [ERROR] LogOutputStream:75 - [STDERR_REDIRECT] 
2025-01-31 18:17:35,259 [ERROR] LogOutputStream:75 - [STDERR_REDIRECT] [Fatal Error] :1:1: Premature end of file.
2025-01-31 18:17:35,259 [ERROR] LogOutputStream:75 - [STDERR_REDIRECT] 
2025-01-31 18:17:36,247 [ERROR] LogOutputStream:75 - [STDERR_REDIRECT] [Fatal Error] :1:1: Premature end of file.
2025-01-31 18:17:36,247 [ERROR] LogOutputStream:75 - [STDERR_REDIRECT] 
2025-01-31 18:17:37,252 [ERROR] LogOutputStream:75 - [STDERR_REDIRECT] [Fatal Error] :1:1: Premature end of file.
2025-01-31 18:17:37,252 [ERROR] LogOutputStream:75 - [STDERR_REDIRECT] 
2025-01-31 18:17:38,251 [ERROR] LogOutputStream:75 - [STDERR_REDIRECT] [Fatal Error] :1:1: Premature end of file.
2025-01-31 18:17:38,251 [ERROR] LogOutputStream:75 - [STDERR_REDIRECT] 
2025-01-31 18:17:39,264 [ERROR] LogOutputStream:75 - [STDERR_REDIRECT] [Fatal Error] :1:1: Premature end of file.
2025-01-31 18:17:39,266 [ERROR] LogOutputStream:75 - [STDERR_REDIRECT] 
2025-01-31 18:17:40,268 [ERROR] LogOutputStream:75 - [STDERR_REDIRECT] [Fatal Error] :1:1: Premature end of file.
2025-01-31 18:17:40,268 [ERROR] LogOutputStream:75 - [STDERR_REDIRECT] 
2025-01-31 18:17:41,247 [ERROR] LogOutputStream:75 - [STDERR_REDIRECT] [Fatal Error] :1:1: Premature end of file.
2025-01-31 18:17:41,247 [ERROR] LogOutputStream:75 - [STDERR_REDIRECT] 
2025-01-31 18:17:42,256 [ERROR] LogOutputStream:75 - [STDERR_REDIRECT] [Fatal Error] :1:1: Premature end of file.
2025-01-31 18:17:42,256 [ERROR] LogOutputStream:75 - [STDERR_REDIRECT] 
2025-01-31 18:17:43,257 [ERROR] LogOutputStream:75 - [STDERR_REDIRECT] [Fatal Error] :1:1: Premature end of file.
2025-01-31 18:17:43,257 [ERROR] LogOutputStream:75 - [STDERR_REDIRECT] 
2025-01-31 18:17:44,246 [ERROR] LogOutputStream:75 - [STDERR_REDIRECT] [Fatal Error] :1:1: Premature end of file.
2025-01-31 18:17:44,246 [ERROR] LogOutputStream:75 - [STDERR_REDIRECT] 
2025-01-31 18:17:45,247 [ERROR] LogOutputStream:75 - [STDERR_REDIRECT] [Fatal Error] :1:1: Premature end of file.
2025-01-31 18:17:45,247 [ERROR] LogOutputStream:75 - [STDERR_REDIRECT] 
2025-01-31 18:17:46,260 [ERROR] LogOutputStream:75 - [STDERR_REDIRECT] [Fatal Error] :1:1: Premature end of file.
2025-01-31 18:17:46,260 [ERROR] LogOutputStream:75 - [STDERR_REDIRECT] 
2025-01-31 18:17:47,250 [ERROR] LogOutputStream:75 - [STDERR_REDIRECT] [Fatal Error] :1:1: Premature end of file.
2025-01-31 18:17:47,250 [ERROR] LogOutputStream:75 - [STDERR_REDIRECT] 
2025-01-31 18:17:48,253 [ERROR] LogOutputStream:75 - [STDERR_REDIRECT] [Fatal Error] :1:1: Premature end of file.
2025-01-31 18:17:48,253 [ERROR] LogOutputStream:75 - [STDERR_REDIRECT] 
2025-01-31 18:17:49,243 [ERROR] LogOutputStream:75 - [STDERR_REDIRECT] [Fatal Error] :1:1: Premature end of file.
2025-01-31 18:17:49,243 [ERROR] LogOutputStream:75 - [STDERR_REDIRECT] 
2025-01-31 18:17:50,256 [ERROR] LogOutputStream:75 - [STDERR_REDIRECT] [Fatal Error] :1:1: Premature end of file.
2025-01-31 18:17:50,256 [ERROR] LogOutputStream:75 - [STDERR_REDIRECT] 
2025-01-31 18:17:51,252 [ERROR] LogOutputStream:75 - [STDERR_REDIRECT] [Fatal Error] :1:1: Premature end of file.
2025-01-31 18:17:51,252 [ERROR] LogOutputStream:75 - [STDERR_REDIRECT] 
2025-01-31 18:17:52,248 [ERROR] LogOutputStream:75 - [STDERR_REDIRECT] [Fatal Error] :1:1: Premature end of file.
2025-01-31 18:17:52,248 [ERROR] LogOutputStream:75 - [STDERR_REDIRECT] 
2025-01-31 18:17:53,243 [ERROR] LogOutputStream:75 - [STDERR_REDIRECT] [Fatal Error] :1:1: Premature end of file.
2025-01-31 18:17:53,243 [ERROR] LogOutputStream:75 - [STDERR_REDIRECT] 
2025-01-31 18:17:54,261 [ERROR] LogOutputStream:75 - [STDERR_REDIRECT] [Fatal Error] :1:1: Premature end of file.
2025-01-31 18:17:54,261 [ERROR] LogOutputStream:75 - [STDERR_REDIRECT] 
2025-01-31 18:17:55,250 [ERROR] LogOutputStream:75 - [STDERR_REDIRECT] [Fatal Error] :1:1: Premature end of file.
2025-01-31 18:17:55,251 [ERROR] LogOutputStream:75 - [STDERR_REDIRECT] 
2025-01-31 18:17:56,263 [ERROR] LogOutputStream:75 - [STDERR_REDIRECT] [Fatal Error] :1:1: Premature end of file.
2025-01-31 18:17:56,263 [ERROR] LogOutputStream:75 - [STDERR_REDIRECT] 
2025-01-31 18:17:57,264 [ERROR] LogOutputStream:75 - [STDERR_REDIRECT] [Fatal Error] :1:1: Premature end of file.
2025-01-31 18:17:57,264 [ERROR] LogOutputStream:75 - [STDERR_REDIRECT] 
2025-01-31 18:17:58,265 [ERROR] LogOutputStream:75 - [STDERR_REDIRECT] [Fatal Error] :1:1: Premature end of file.
2025-01-31 18:17:58,265 [ERROR] LogOutputStream:75 - [STDERR_REDIRECT] 
2025-01-31 18:17:59,259 [ERROR] LogOutputStream:75 - [STDERR_REDIRECT] [Fatal Error] :1:1: Premature end of file.
2025-01-31 18:17:59,259 [ERROR] LogOutputStream:75 - [STDERR_REDIRECT] 
2025-01-31 18:18:00,247 [ERROR] LogOutputStream:75 - [STDERR_REDIRECT] [Fatal Error] :1:1: Premature end of file.
2025-01-31 18:18:00,247 [ERROR] LogOutputStream:75 - [STDERR_REDIRECT] 
2025-01-31 18:18:01,250 [ERROR] LogOutputStream:75 - [STDERR_REDIRECT] [Fatal Error] :1:1: Premature end of file.
2025-01-31 18:18:01,252 [ERROR] LogOutputStream:75 - [STDERR_REDIRECT] 
2025-01-31 18:18:02,263 [ERROR] LogOutputStream:75 - [STDERR_REDIRECT] [Fatal Error] :1:1: Premature end of file.
2025-01-31 18:18:02,263 [ERROR] LogOutputStream:75 - [STDERR_REDIRECT] 
2025-01-31 18:18:03,250 [ERROR] LogOutputStream:75 - [STDERR_REDIRECT] [Fatal Error] :1:1: Premature end of file.
2025-01-31 18:18:03,250 [ERROR] LogOutputStream:75 - [STDERR_REDIRECT] 
2025-01-31 18:18:04,245 [ERROR] LogOutputStream:75 - [STDERR_REDIRECT] [Fatal Error] :1:1: Premature end of file.
2025-01-31 18:18:04,245 [ERROR] LogOutputStream:75 - [STDERR_REDIRECT] 
2025-01-31 18:18:05,250 [ERROR] LogOutputStream:75 - [STDERR_REDIRECT] [Fatal Error] :1:1: Premature end of file.
2025-01-31 18:18:05,250 [ERROR] LogOutputStream:75 - [STDERR_REDIRECT] 
2025-01-31 18:18:06,246 [ERROR] LogOutputStream:75 - [STDERR_REDIRECT] [Fatal Error] :1:1: Premature end of file.
2025-01-31 18:18:06,246 [ERROR] LogOutputStream:75 - [STDERR_REDIRECT] 
2025-01-31 18:18:07,251 [ERROR] LogOutputStream:75 - [STDERR_REDIRECT] [Fatal Error] :1:1: Premature end of file.
2025-01-31 18:18:07,251 [ERROR] LogOutputStream:75 - [STDERR_REDIRECT] 
2025-01-31 18:18:08,245 [ERROR] LogOutputStream:75 - [STDERR_REDIRECT] [Fatal Error] :1:1: Premature end of file.
2025-01-31 18:18:08,245 [ERROR] LogOutputStream:75 - [STDERR_REDIRECT] 
2025-01-31 18:18:09,244 [ERROR] LogOutputStream:75 - [STDERR_REDIRECT] [Fatal Error] :1:1: Premature end of file.
2025-01-31 18:18:09,244 [ERROR] LogOutputStream:75 - [STDERR_REDIRECT] 
2025-01-31 18:18:10,248 [ERROR] LogOutputStream:75 - [STDERR_REDIRECT] [Fatal Error] :1:1: Premature end of file.
2025-01-31 18:18:10,248 [ERROR] LogOutputStream:75 - [STDERR_REDIRECT] 
2025-01-31 18:18:11,246 [ERROR] LogOutputStream:75 - [STDERR_REDIRECT] [Fatal Error] :1:1: Premature end of file.
2025-01-31 18:18:11,246 [ERROR] LogOutputStream:75 - [STDERR_REDIRECT] 
2025-01-31 18:18:12,251 [ERROR] LogOutputStream:75 - [STDERR_REDIRECT] [Fatal Error] :1:1: Premature end of file.
2025-01-31 18:18:12,251 [ERROR] LogOutputStream:75 - [STDERR_REDIRECT] 
2025-01-31 18:18:13,262 [ERROR] LogOutputStream:75 - [STDERR_REDIRECT] [Fatal Error] :1:1: Premature end of file.
2025-01-31 18:18:13,264 [ERROR] LogOutputStream:75 - [STDERR_REDIRECT] 
2025-01-31 18:18:14,280 [ERROR] LogOutputStream:75 - [STDERR_REDIRECT] [Fatal Error] :1:1: Premature end of file.
2025-01-31 18:18:14,280 [ERROR] LogOutputStream:75 - [STDERR_REDIRECT] 
2025-01-31 18:18:15,261 [ERROR] LogOutputStream:75 - [STDERR_REDIRECT] [Fatal Error] :1:1: Premature end of file.
2025-01-31 18:18:15,261 [ERROR] LogOutputStream:75 - [STDERR_REDIRECT] 
2025-01-31 18:18:16,260 [ERROR] LogOutputStream:75 - [STDERR_REDIRECT] [Fatal Error] :1:1: Premature end of file.
2025-01-31 18:18:16,260 [ERROR] LogOutputStream:75 - [STDERR_REDIRECT] 
2025-01-31 18:18:17,259 [ERROR] LogOutputStream:75 - [STDERR_REDIRECT] [Fatal Error] :1:1: Premature end of file.
2025-01-31 18:18:17,259 [ERROR] LogOutputStream:75 - [STDERR_REDIRECT] 
2025-01-31 18:18:18,255 [ERROR] LogOutputStream:75 - [STDERR_REDIRECT] [Fatal Error] :1:1: Premature end of file.
2025-01-31 18:18:18,255 [ERROR] LogOutputStream:75 - [STDERR_REDIRECT] 
2025-01-31 18:18:19,260 [ERROR] LogOutputStream:75 - [STDERR_REDIRECT] [Fatal Error] :1:1: Premature end of file.
2025-01-31 18:18:19,260 [ERROR] LogOutputStream:75 - [STDERR_REDIRECT] 
2025-01-31 18:18:20,265 [ERROR] LogOutputStream:75 - [STDERR_REDIRECT] [Fatal Error] :1:1: Premature end of file.
2025-01-31 18:18:20,265 [ERROR] LogOutputStream:75 - [STDERR_REDIRECT] 
2025-01-31 18:18:21,262 [ERROR] LogOutputStream:75 - [STDERR_REDIRECT] [Fatal Error] :1:1: Premature end of file.
2025-01-31 18:18:21,262 [ERROR] LogOutputStream:75 - [STDERR_REDIRECT] 
2025-01-31 18:18:22,261 [ERROR] LogOutputStream:75 - [STDERR_REDIRECT] [Fatal Error] :1:1: Premature end of file.
2025-01-31 18:18:22,261 [ERROR] LogOutputStream:75 - [STDERR_REDIRECT] 
2025-01-31 18:18:23,266 [ERROR] LogOutputStream:75 - [STDERR_REDIRECT] [Fatal Error] :1:1: Premature end of file.
2025-01-31 18:18:23,266 [ERROR] LogOutputStream:75 - [STDERR_REDIRECT] 
2025-01-31 18:18:24,256 [ERROR] LogOutputStream:75 - [STDERR_REDIRECT] [Fatal Error] :1:1: Premature end of file.
2025-01-31 18:18:24,256 [ERROR] LogOutputStream:75 - [STDERR_REDIRECT] 
2025-01-31 18:18:25,267 [ERROR] LogOutputStream:75 - [STDERR_REDIRECT] [Fatal Error] :1:1: Premature end of file.
2025-01-31 18:18:25,267 [ERROR] LogOutputStream:75 - [STDERR_REDIRECT] 
2025-01-31 18:18:26,268 [ERROR] LogOutputStream:75 - [STDERR_REDIRECT] [Fatal Error] :1:1: Premature end of file.
2025-01-31 18:18:26,268 [ERROR] LogOutputStream:75 - [STDERR_REDIRECT] 
2025-01-31 18:18:27,259 [ERROR] LogOutputStream:75 - [STDERR_REDIRECT] [Fatal Error] :1:1: Premature end of file.
2025-01-31 18:18:27,260 [ERROR] LogOutputStream:75 - [STDERR_REDIRECT] 
2025-01-31 18:18:28,243 [ERROR] LogOutputStream:75 - [STDERR_REDIRECT] [Fatal Error] :1:1: Premature end of file.
2025-01-31 18:18:28,243 [ERROR] LogOutputStream:75 - [STDERR_REDIRECT] 
2025-01-31 18:18:29,261 [ERROR] LogOutputStream:75 - [STDERR_REDIRECT] [Fatal Error] :1:1: Premature end of file.
2025-01-31 18:18:29,261 [ERROR] LogOutputStream:75 - [STDERR_REDIRECT] 
2025-01-31 18:18:30,246 [ERROR] LogOutputStream:75 - [STDERR_REDIRECT] [Fatal Error] :1:1: Premature end of file.
2025-01-31 18:18:30,246 [ERROR] LogOutputStream:75 - [STDERR_REDIRECT] 
2025-01-31 18:18:31,244 [ERROR] LogOutputStream:75 - [STDERR_REDIRECT] [Fatal Error] :1:1: Premature end of file.
2025-01-31 18:18:31,244 [ERROR] LogOutputStream:75 - [STDERR_REDIRECT] 
2025-01-31 18:18:32,248 [ERROR] LogOutputStream:75 - [STDERR_REDIRECT] [Fatal Error] :1:1: Premature end of file.
2025-01-31 18:18:32,248 [ERROR] LogOutputStream:75 - [STDERR_REDIRECT] 
2025-01-31 18:18:33,251 [ERROR] LogOutputStream:75 - [STDERR_REDIRECT] [Fatal Error] :1:1: Premature end of file.
2025-01-31 18:18:33,252 [ERROR] LogOutputStream:75 - [STDERR_REDIRECT] 
2025-01-31 18:18:34,280 [ERROR] LogOutputStream:75 - [STDERR_REDIRECT] [Fatal Error] :1:1: Premature end of file.
2025-01-31 18:18:34,280 [ERROR] LogOutputStream:75 - [STDERR_REDIRECT] 
2025-01-31 18:18:35,254 [ERROR] LogOutputStream:75 - [STDERR_REDIRECT] [Fatal Error] :1:1: Premature end of file.
2025-01-31 18:18:35,254 [ERROR] LogOutputStream:75 - [STDERR_REDIRECT] 
2025-01-31 18:18:36,258 [ERROR] LogOutputStream:75 - [STDERR_REDIRECT] [Fatal Error] :1:1: Premature end of file.
2025-01-31 18:18:36,258 [ERROR] LogOutputStream:75 - [STDERR_REDIRECT] 
2025-01-31 18:18:37,260 [ERROR] LogOutputStream:75 - [STDERR_REDIRECT] [Fatal Error] :1:1: Premature end of file.
2025-01-31 18:18:37,260 [ERROR] LogOutputStream:75 - [STDERR_REDIRECT] 
2025-01-31 18:18:38,248 [ERROR] LogOutputStream:75 - [STDERR_REDIRECT] [Fatal Error] :1:1: Premature end of file.
2025-01-31 18:18:38,248 [ERROR] LogOutputStream:75 - [STDERR_REDIRECT] 
2025-01-31 18:18:38,550 [ERROR] LogOutputStream:75 - [STDERR_REDIRECT] 
