2025-01-29 22:53:06,007 [INFO] Activator:176 - 


2025-01-29 22:53:06,010 [INFO] Activator:177 - !SESSION log4j initialized
2025-01-29 22:53:10,130 [INFO] LogOutputStream:77 - [STDOUT_REDIRECT] 
2025-01-29 22:53:10,918 [INFO] ApplicationProperties:184 - Using Application install path: C:\ST\STM32CubeIDE_1.17.0\STM32CubeIDE\plugins\com.st.stm32cube.common.mx_6.13.0.202411220809
2025-01-29 22:53:10,930 [INFO] DbMcusXml:78 - Set database path to: C:\ST\STM32CubeIDE_1.17.0\STM32CubeIDE\plugins\com.st.stm32cube.common.mx_6.13.0.202411220809\\db\/mcu/
2025-01-29 22:53:10,930 [INFO] ApiDb:274 - Set plugin database path to: C:\ST\STM32CubeIDE_1.17.0\STM32CubeIDE\plugins\com.st.stm32cube.common.mx_6.13.0.202411220809\\db\/plugins/boardmanager/
2025-01-29 22:53:10,930 [WARN] ApiDb:259 - Overriding images path with different value:  => C:\ST\STM32CubeIDE_1.17.0\STM32CubeIDE\plugins\com.st.stm32cube.common.mx_6.13.0.202411220809\\db\/plugins/mcufinder/images/
2025-01-29 22:53:10,938 [INFO] ApiDb:250 - Set database path to: C:\Users\Admin\.stmcufinder\plugins\mcufinder//mcu/
2025-01-29 22:53:10,939 [INFO] DbMcusAds:125 - Set database path to: C:\Users\Admin\.stmcufinder\plugins\mcufinder//mcu/
2025-01-29 22:53:10,941 [INFO] CrossReferenceDbSqlite:203 - Set database path to: C:\Users\Admin\.stmcufinder\plugins\mcufinder//mcu/cs/
2025-01-29 22:53:11,027 [INFO] RulesReader:64 - Compatibility file has been processed (297 Rules)
2025-01-29 22:53:11,087 [INFO] DbMcusXml:78 - Set database path to: C:\ST\STM32CubeIDE_1.17.0\STM32CubeIDE\plugins\com.st.stm32cube.common.mx_6.13.0.202411220809\\db\/mcu/
2025-01-29 22:53:11,087 [INFO] ApiDb:274 - Set plugin database path to: C:\ST\STM32CubeIDE_1.17.0\STM32CubeIDE\plugins\com.st.stm32cube.common.mx_6.13.0.202411220809\\db\/plugins/boardmanager/
2025-01-29 22:53:11,087 [INFO] ApiDb:261 - Set plugin images path to: C:\ST\STM32CubeIDE_1.17.0\STM32CubeIDE\plugins\com.st.stm32cube.common.mx_6.13.0.202411220809\\db\/plugins/mcufinder/images/
2025-01-29 22:53:11,087 [WARN] DbFile:41 - Overriding database path with different value: C:\Users\Admin\.stmcufinder\plugins\mcufinder/ => C:\Users\Admin\.stmcufinder\plugins\mcufinder
2025-01-29 22:53:11,087 [INFO] ApiDb:250 - Set database path to: C:\Users\Admin\.stmcufinder\plugins\mcufinder//mcu/
2025-01-29 22:53:11,087 [WARN] DbFile:41 - Overriding database path with different value: C:\Users\Admin\.stmcufinder\plugins\mcufinder/ => C:\Users\Admin\.stmcufinder\plugins\mcufinder
2025-01-29 22:53:11,087 [INFO] DbMcusAds:125 - Set database path to: C:\Users\Admin\.stmcufinder\plugins\mcufinder//mcu/
2025-01-29 22:53:11,087 [WARN] DbFile:41 - Overriding database path with different value: C:\Users\Admin\.stmcufinder\plugins\mcufinder/ => C:\Users\Admin\.stmcufinder\plugins\mcufinder
2025-01-29 22:53:11,087 [WARN] DbFile:41 - Overriding database path with different value: C:\Users\Admin\.stmcufinder\plugins\mcufinder/ => C:\Users\Admin\.stmcufinder\plugins\mcufinder
2025-01-29 22:53:11,087 [INFO] CrossReferenceDbSqlite:203 - Set database path to: C:\Users\Admin\.stmcufinder\plugins\mcufinder//mcu/cs/
2025-01-29 22:53:11,149 [INFO] MainPanel:272 - HeapMemory: 268435456
2025-01-29 22:53:11,219 [INFO] DbMcusXml:78 - Set database path to: C:\ST\STM32CubeIDE_1.17.0\STM32CubeIDE\plugins\com.st.stm32cube.common.mx_6.13.0.202411220809\\db\/mcu/
2025-01-29 22:53:11,221 [INFO] ApiDb:274 - Set plugin database path to: C:\ST\STM32CubeIDE_1.17.0\STM32CubeIDE\plugins\com.st.stm32cube.common.mx_6.13.0.202411220809\\db\/plugins/boardmanager/
2025-01-29 22:53:11,221 [INFO] ApiDb:261 - Set plugin images path to: C:\ST\STM32CubeIDE_1.17.0\STM32CubeIDE\plugins\com.st.stm32cube.common.mx_6.13.0.202411220809\\db\/plugins/mcufinder/images/
2025-01-29 22:53:11,221 [WARN] DbFile:41 - Overriding database path with different value: C:\Users\Admin\.stmcufinder\plugins\mcufinder/ => C:\Users\Admin\.stmcufinder\plugins\mcufinder
2025-01-29 22:53:11,221 [INFO] ApiDb:250 - Set database path to: C:\Users\Admin\.stmcufinder\plugins\mcufinder//mcu/
2025-01-29 22:53:11,221 [WARN] DbFile:41 - Overriding database path with different value: C:\Users\Admin\.stmcufinder\plugins\mcufinder/ => C:\Users\Admin\.stmcufinder\plugins\mcufinder
2025-01-29 22:53:11,221 [INFO] DbMcusAds:125 - Set database path to: C:\Users\Admin\.stmcufinder\plugins\mcufinder//mcu/
2025-01-29 22:53:11,221 [WARN] DbFile:41 - Overriding database path with different value: C:\Users\Admin\.stmcufinder\plugins\mcufinder/ => C:\Users\Admin\.stmcufinder\plugins\mcufinder
2025-01-29 22:53:11,221 [WARN] DbFile:41 - Overriding database path with different value: C:\Users\Admin\.stmcufinder\plugins\mcufinder/ => C:\Users\Admin\.stmcufinder\plugins\mcufinder
2025-01-29 22:53:11,221 [INFO] CrossReferenceDbSqlite:203 - Set database path to: C:\Users\Admin\.stmcufinder\plugins\mcufinder//mcu/cs/
2025-01-29 22:53:11,235 [INFO] ApplicationProperties:184 - Using Application install path: C:\ST\STM32CubeIDE_1.17.0\STM32CubeIDE\plugins\com.st.stm32cube.common.mx_6.13.0.202411220809
2025-01-29 22:53:11,236 [INFO] PluginManage:196 - Search for loadable plugins [exclusion list=, ]
2025-01-29 22:53:11,236 [INFO] PluginManage:310 - Check plugin analytics
2025-01-29 22:53:11,359 [INFO] AnalyticsPlugin:253 - Accepted Software Licenses: 
2025-01-29 22:53:11,359 [INFO] AnalyticsPlugin:255 - Accepted CMSIS Pack Licenses: 
2025-01-29 22:53:11,361 [INFO] AnalyticsPlugin:257 - Accepted Firmware Licenses: FW.F7.1.17.0
2025-01-29 22:53:11,364 [INFO] PluginManage:359 - Loaded plugin analytics (category:tool,tabindex:-1)
2025-01-29 22:53:11,364 [INFO] PluginManage:310 - Check plugin cadmodel
2025-01-29 22:53:11,368 [INFO] CADModel:105 - Init CAD model plugin
2025-01-29 22:53:11,368 [INFO] PluginManage:359 - Loaded plugin cadmodel (category:power,tabindex:5)
2025-01-29 22:53:11,368 [INFO] PluginManage:310 - Check plugin clock
2025-01-29 22:53:11,375 [INFO] PluginManage:359 - Loaded plugin clock (category:base,tabindex:2)
2025-01-29 22:53:11,375 [INFO] PluginManage:310 - Check plugin ddr
2025-01-29 22:53:11,377 [INFO] PluginManage:359 - Loaded plugin ddr (category:tool,tabindex:6)
2025-01-29 22:53:11,377 [INFO] PluginManage:310 - Check plugin filemanager
2025-01-29 22:53:11,477 [INFO] PluginManage:359 - Loaded plugin filemanager (category:base,tabindex:10)
2025-01-29 22:53:11,477 [INFO] PluginManage:310 - Check plugin ipmanager
2025-01-29 22:53:11,484 [INFO] PluginManage:359 - Loaded plugin ipmanager (category:base,tabindex:5)
2025-01-29 22:53:11,484 [INFO] PluginManage:310 - Check plugin lpbam
2025-01-29 22:53:11,491 [INFO] PluginManage:359 - Loaded plugin lpbam (category:base,tabindex:0)
2025-01-29 22:53:11,491 [INFO] PluginManage:310 - Check plugin memorymap
2025-01-29 22:53:11,500 [INFO] PluginManage:359 - Loaded plugin memorymap (category:base,tabindex:4)
2025-01-29 22:53:11,500 [INFO] PluginManage:310 - Check plugin pinoutandconfiguration
2025-01-29 22:53:11,506 [INFO] PluginManage:359 - Loaded plugin pinoutandconfiguration (category:base,tabindex:1)
2025-01-29 22:53:11,506 [INFO] PluginManage:310 - Check plugin pinoutconfig
2025-01-29 22:53:11,567 [WARN] SupportedApi:132 - Cannot load RTOS API schema: s4s-elt-must-match.1: The content of 'definitions' must match (annotation?, (simpleType | complexType)?, (unique | key | keyref)*)). A problem was found starting at: attribute.
2025-01-29 22:53:11,660 [INFO] PluginManage:359 - Loaded plugin pinoutconfig (category:base,tabindex:0)
2025-01-29 22:53:11,660 [INFO] PluginManage:310 - Check plugin power
2025-01-29 22:53:11,666 [INFO] PluginManage:359 - Loaded plugin power (category:power,tabindex:4)
2025-01-29 22:53:11,666 [INFO] PluginManage:310 - Check plugin projectmanager
2025-01-29 22:53:11,678 [INFO] PluginManage:359 - Loaded plugin projectmanager (category:projectmanager,tabindex:4)
2025-01-29 22:53:11,680 [INFO] PluginManage:310 - Check plugin rif
2025-01-29 22:53:11,684 [INFO] PluginManage:359 - Loaded plugin rif (category:base,tabindex:3)
2025-01-29 22:53:11,684 [INFO] PluginManage:310 - Check plugin thirdparty
2025-01-29 22:53:11,787 [WARN] IntegrityCheckThread:84 - waiting for thirdparty lock release [integrity check]
2025-01-29 22:53:11,787 [INFO] PluginManage:359 - Loaded plugin thirdparty (category:base,tabindex:-1)
2025-01-29 22:53:11,787 [INFO] IntegrityCheckThread:86 - entering critical section [integrity check]
2025-01-29 22:53:11,787 [INFO] PluginManage:310 - Check plugin tools
2025-01-29 22:53:11,789 [INFO] ThirdPartyUpdaterWithRetryManager:70 - Updater plugin not ready yet. [1/15]
2025-01-29 22:53:11,790 [INFO] PluginManage:359 - Loaded plugin tools (category:base,tabindex:7)
2025-01-29 22:53:11,790 [INFO] PluginManage:310 - Check plugin tutovideos
2025-01-29 22:53:11,926 [INFO] PluginManage:359 - Loaded plugin tutovideos (category:base,tabindex:-1)
2025-01-29 22:53:11,926 [INFO] PluginManage:310 - Check plugin updater
2025-01-29 22:53:11,941 [INFO] PluginManage:359 - Loaded plugin updater (category:base,tabindex:12)
2025-01-29 22:53:11,941 [INFO] PluginManage:310 - Check plugin userauth
2025-01-29 22:53:11,944 [INFO] UserAuth:118 - Init User Auth plugin
2025-01-29 22:53:11,945 [INFO] PluginManage:359 - Loaded plugin userauth (category:base,tabindex:14)
2025-01-29 22:53:11,945 [INFO] PluginManage:283 - PluginManage : Loaded plugins [18]
2025-01-29 22:53:12,091 [INFO] PinOutPanel:1589 - setPackage(No Configuration,No Configuration)
2025-01-29 22:53:12,161 [INFO] CADModel:165 - CPN selected for project level
2025-01-29 22:53:12,162 [INFO] CADModel:114 - Register for checkConnection events
2025-01-29 22:53:12,175 [INFO] IPUIPlugin:80 - create IPUIPlugin
2025-01-29 22:53:12,175 [INFO] PluginManager:220 - loadIPPluginJar : add adc
2025-01-29 22:53:12,178 [INFO] IPUIPlugin:80 - create IPUIPlugin
2025-01-29 22:53:12,178 [INFO] PluginManager:220 - loadIPPluginJar : add aes
2025-01-29 22:53:12,180 [INFO] IPUIPlugin:80 - create IPUIPlugin
2025-01-29 22:53:12,180 [INFO] PluginManager:220 - loadIPPluginJar : add can
2025-01-29 22:53:12,181 [INFO] IPUIPlugin:80 - create IPUIPlugin
2025-01-29 22:53:12,181 [INFO] PluginManager:220 - loadIPPluginJar : add comp
2025-01-29 22:53:12,184 [INFO] IPUIPlugin:80 - create IPUIPlugin
2025-01-29 22:53:12,184 [INFO] PluginManager:220 - loadIPPluginJar : add cryp
2025-01-29 22:53:12,186 [INFO] IPUIPlugin:80 - create IPUIPlugin
2025-01-29 22:53:12,186 [INFO] PluginManager:220 - loadIPPluginJar : add ddr_ctrl_phy
2025-01-29 22:53:12,189 [INFO] IPUIPlugin:80 - create IPUIPlugin
2025-01-29 22:53:12,189 [INFO] PluginManager:220 - loadIPPluginJar : add dfsdm
2025-01-29 22:53:12,193 [INFO] IPUIPlugin:80 - create IPUIPlugin
2025-01-29 22:53:12,193 [INFO] PluginManager:220 - loadIPPluginJar : add dma
2025-01-29 22:53:12,195 [INFO] IPUIPlugin:80 - create IPUIPlugin
2025-01-29 22:53:12,195 [INFO] PluginManager:220 - loadIPPluginJar : add dma3
2025-01-29 22:53:12,198 [INFO] IPUIPlugin:80 - create IPUIPlugin
2025-01-29 22:53:12,198 [INFO] PluginManager:220 - loadIPPluginJar : add extmemmanager
2025-01-29 22:53:12,200 [INFO] IPUIPlugin:80 - create IPUIPlugin
2025-01-29 22:53:12,200 [INFO] PluginManager:220 - loadIPPluginJar : add fatfs
2025-01-29 22:53:12,203 [INFO] IPUIPlugin:80 - create IPUIPlugin
2025-01-29 22:53:12,203 [INFO] PluginManager:220 - loadIPPluginJar : add fmc
2025-01-29 22:53:12,206 [INFO] IPUIPlugin:80 - create IPUIPlugin
2025-01-29 22:53:12,207 [INFO] PluginManager:220 - loadIPPluginJar : add freertos
2025-01-29 22:53:12,207 [INFO] IPUIPlugin:80 - create IPUIPlugin
2025-01-29 22:53:12,207 [INFO] PluginManager:220 - loadIPPluginJar : add genericplugin
2025-01-29 22:53:12,209 [INFO] IPUIPlugin:80 - create IPUIPlugin
2025-01-29 22:53:12,209 [INFO] PluginManager:220 - loadIPPluginJar : add gfxmmu
2025-01-29 22:53:12,213 [INFO] IPUIPlugin:80 - create IPUIPlugin
2025-01-29 22:53:12,213 [INFO] PluginManager:220 - loadIPPluginJar : add gic
2025-01-29 22:53:12,216 [INFO] IPUIPlugin:80 - create IPUIPlugin
2025-01-29 22:53:12,216 [INFO] PluginManager:220 - loadIPPluginJar : add gpio
2025-01-29 22:53:12,218 [INFO] IPUIPlugin:80 - create IPUIPlugin
2025-01-29 22:53:12,218 [INFO] PluginManager:220 - loadIPPluginJar : add gtzc
2025-01-29 22:53:12,219 [INFO] IPUIPlugin:80 - create IPUIPlugin
2025-01-29 22:53:12,219 [INFO] PluginManager:220 - loadIPPluginJar : add hash
2025-01-29 22:53:12,222 [INFO] IPUIPlugin:80 - create IPUIPlugin
2025-01-29 22:53:12,222 [INFO] PluginManager:220 - loadIPPluginJar : add i2c
2025-01-29 22:53:12,224 [INFO] IPUIPlugin:80 - create IPUIPlugin
2025-01-29 22:53:12,224 [INFO] PluginManager:220 - loadIPPluginJar : add i2s
2025-01-29 22:53:12,227 [INFO] IPUIPlugin:80 - create IPUIPlugin
2025-01-29 22:53:12,227 [INFO] PluginManager:220 - loadIPPluginJar : add i3c
2025-01-29 22:53:12,230 [INFO] IPUIPlugin:80 - create IPUIPlugin
2025-01-29 22:53:12,230 [INFO] PluginManager:220 - loadIPPluginJar : add ipddr
2025-01-29 22:53:12,235 [INFO] IPUIPlugin:80 - create IPUIPlugin
2025-01-29 22:53:12,235 [INFO] PluginManager:220 - loadIPPluginJar : add linkedlist
2025-01-29 22:53:12,236 [INFO] IPUIPlugin:80 - create IPUIPlugin
2025-01-29 22:53:12,236 [INFO] PluginManager:220 - loadIPPluginJar : add lorawan
2025-01-29 22:53:12,238 [INFO] IPUIPlugin:80 - create IPUIPlugin
2025-01-29 22:53:12,238 [INFO] PluginManager:220 - loadIPPluginJar : add ltdc
2025-01-29 22:53:12,242 [INFO] IPUIPlugin:80 - create IPUIPlugin
2025-01-29 22:53:12,242 [INFO] PluginManager:220 - loadIPPluginJar : add mdma
2025-01-29 22:53:12,245 [INFO] IPUIPlugin:80 - create IPUIPlugin
2025-01-29 22:53:12,245 [INFO] PluginManager:220 - loadIPPluginJar : add nvic
2025-01-29 22:53:12,248 [INFO] IPUIPlugin:80 - create IPUIPlugin
2025-01-29 22:53:12,248 [INFO] PluginManager:220 - loadIPPluginJar : add opamp
2025-01-29 22:53:12,251 [INFO] IPUIPlugin:80 - create IPUIPlugin
2025-01-29 22:53:12,251 [INFO] PluginManager:220 - loadIPPluginJar : add openamp
2025-01-29 22:53:12,253 [INFO] IPUIPlugin:80 - create IPUIPlugin
2025-01-29 22:53:12,253 [INFO] PluginManager:220 - loadIPPluginJar : add pdm2pcm
2025-01-29 22:53:12,259 [INFO] IPUIPlugin:80 - create IPUIPlugin
2025-01-29 22:53:12,260 [INFO] PluginManager:220 - loadIPPluginJar : add plateformsettings
2025-01-29 22:53:12,262 [INFO] IPUIPlugin:80 - create IPUIPlugin
2025-01-29 22:53:12,262 [INFO] PluginManager:220 - loadIPPluginJar : add quadspi
2025-01-29 22:53:12,263 [INFO] IPUIPlugin:80 - create IPUIPlugin
2025-01-29 22:53:12,265 [INFO] PluginManager:220 - loadIPPluginJar : add radio
2025-01-29 22:53:12,266 [INFO] IPUIPlugin:80 - create IPUIPlugin
2025-01-29 22:53:12,268 [INFO] PluginManager:220 - loadIPPluginJar : add resmgrutility
2025-01-29 22:53:12,269 [INFO] IPUIPlugin:80 - create IPUIPlugin
2025-01-29 22:53:12,269 [INFO] PluginManager:220 - loadIPPluginJar : add sai
2025-01-29 22:53:12,272 [INFO] IPUIPlugin:80 - create IPUIPlugin
2025-01-29 22:53:12,272 [INFO] PluginManager:220 - loadIPPluginJar : add spi
2025-01-29 22:53:12,275 [INFO] IPUIPlugin:80 - create IPUIPlugin
2025-01-29 22:53:12,275 [INFO] PluginManager:220 - loadIPPluginJar : add stm32_wpan
2025-01-29 22:53:12,276 [INFO] IPUIPlugin:80 - create IPUIPlugin
2025-01-29 22:53:12,276 [INFO] PluginManager:220 - loadIPPluginJar : add tim
2025-01-29 22:53:12,279 [INFO] IPUIPlugin:80 - create IPUIPlugin
2025-01-29 22:53:12,279 [INFO] PluginManager:220 - loadIPPluginJar : add touchsensing
2025-01-29 22:53:12,281 [INFO] IPUIPlugin:80 - create IPUIPlugin
2025-01-29 22:53:12,281 [INFO] PluginManager:220 - loadIPPluginJar : add tracer_emb
2025-01-29 22:53:12,282 [INFO] IPUIPlugin:80 - create IPUIPlugin
2025-01-29 22:53:12,282 [INFO] PluginManager:220 - loadIPPluginJar : add ts
2025-01-29 22:53:12,282 [INFO] IPUIPlugin:80 - create IPUIPlugin
2025-01-29 22:53:12,284 [INFO] PluginManager:220 - loadIPPluginJar : add tsc
2025-01-29 22:53:12,284 [INFO] IPUIPlugin:80 - create IPUIPlugin
2025-01-29 22:53:12,285 [INFO] PluginManager:220 - loadIPPluginJar : add ucpd
2025-01-29 22:53:12,287 [INFO] IPUIPlugin:80 - create IPUIPlugin
2025-01-29 22:53:12,287 [INFO] PluginManager:220 - loadIPPluginJar : add usart
2025-01-29 22:53:12,288 [INFO] IPUIPlugin:80 - create IPUIPlugin
2025-01-29 22:53:12,288 [INFO] PluginManager:220 - loadIPPluginJar : add usbx
2025-01-29 22:53:12,401 [FATAL] Updater:351 - Updater called before beeing initialized
2025-01-29 22:53:12,435 [INFO] RulesReader:64 - Compatibility file has been processed (297 Rules)
2025-01-29 22:53:12,441 [INFO] RulesReader:64 - Compatibility file has been processed (297 Rules)
2025-01-29 22:53:12,445 [INFO] CADModel:165 - CPN selected for project level
2025-01-29 22:53:12,445 [INFO] CADModel:114 - Register for checkConnection events
2025-01-29 22:53:12,445 [FATAL] Updater:351 - Updater called before beeing initialized
2025-01-29 22:53:12,445 [ERROR] CADModel:125 - Updater not yet initialized, retry later 
2025-01-29 22:53:12,538 [FATAL] Updater:351 - Updater called before beeing initialized
2025-01-29 22:53:12,539 [INFO] CADModel:165 - CPN selected for project level
2025-01-29 22:53:12,539 [INFO] CADModel:114 - Register for checkConnection events
2025-01-29 22:53:12,539 [FATAL] Updater:351 - Updater called before beeing initialized
2025-01-29 22:53:12,539 [ERROR] CADModel:125 - Updater not yet initialized, retry later 
2025-01-29 22:53:12,542 [FATAL] Updater:351 - Updater called before beeing initialized
2025-01-29 22:53:12,623 [FATAL] Updater:351 - Updater called before beeing initialized
2025-01-29 22:53:12,626 [INFO] DbMcusAds:53 - JSON generation date=Tue Dec 17 23:01:15 ICT 2024 (1734451275111)
2025-01-29 22:53:12,626 [FATAL] Updater:351 - Updater called before beeing initialized
2025-01-29 22:53:12,654 [WARN] DetailPanel:346 - Failed to get advertising image, set to default
2025-01-29 22:53:12,830 [FATAL] Updater:351 - Updater called before beeing initialized
2025-01-29 22:53:12,832 [FATAL] Updater:351 - Updater called before beeing initialized
2025-01-29 22:53:12,832 [FATAL] Updater:351 - Updater called before beeing initialized
2025-01-29 22:53:12,832 [WARN] DetailPanel:346 - Failed to get advertising image, set to default
2025-01-29 22:53:12,835 [FATAL] Updater:351 - Updater called before beeing initialized
2025-01-29 22:53:12,877 [ERROR] Updater:1198 - MainUpdater not yet initialized. External WinMGr cannot be set.
2025-01-29 22:53:12,879 [INFO] Updater:1134 - Updater Version found : 6.13.0
2025-01-29 22:53:12,894 [INFO] ApplicationProperties:184 - Using Application install path: C:\ST\STM32CubeIDE_1.17.0\STM32CubeIDE\plugins\com.st.stm32cube.common.mx_6.13.0.202411220809
2025-01-29 22:53:14,472 [ERROR] LogOutputStream:75 - [STDERR_REDIRECT] Jan 29, 2025 10:53:14 PM java.util.prefs.WindowsPreferences <init>
2025-01-29 22:53:14,475 [ERROR] LogOutputStream:75 - [STDERR_REDIRECT] WARNING: Could not open/create prefs root node Software\JavaSoft\Prefs at root 0xffffffff80000002. Windows RegCreateKeyEx(...) returned error code 5.
2025-01-29 22:53:14,475 [ERROR] LogOutputStream:75 - [STDERR_REDIRECT] 
2025-01-29 22:53:14,790 [INFO] ThirdPartyUpdaterWithRetryManager:70 - Updater plugin not ready yet. [2/15]
2025-01-29 22:53:14,890 [INFO] MainUpdater:2872 - connection check result : 10
2025-01-29 22:53:14,891 [INFO] MainUpdater:3566 - Updater definition file requires update
2025-01-29 22:53:14,893 [INFO] MainUpdater:289 - Updater Check For Update Now.
2025-01-29 22:53:14,893 [INFO] MicroXplorer:498 - Change Database Version : DB.6.0.130
2025-01-29 22:53:14,899 [INFO] McuFinderGlobals:63 - Set McuFinder mode to 2 (CubeIDE integrated)
2025-01-29 22:53:14,901 [INFO] UserAuth:171 - activating auth plugin
2025-01-29 22:53:14,903 [INFO] UserAuth:486 - Internet connection configuration mode: 1
2025-01-29 22:53:14,915 [INFO] JxBrowserEngine:152 - Initiate JxBrowser Engine with user profile folder
2025-01-29 22:53:14,986 [INFO] ServerAccessManage:473 - Download File updaters.zip
2025-01-29 22:53:15,174 [INFO] FileExtend:240 - Unzip File : updaters.zip
2025-01-29 22:53:15,176 [INFO] FileExtend:255 - Standard Zip Deflate
2025-01-29 22:53:15,586 [INFO] WebApp:168 - Instantiating new browser for Auth
2025-01-29 22:53:15,744 [INFO] ServerAccessManage:473 - Download File PacksControlFlags.xml
2025-01-29 22:53:15,852 [INFO] ServerAccessManage:473 - Download File cubemx.pidx
2025-01-29 22:53:15,931 [INFO] LoadServerUpdatesThread:375 - End of LoadServerUpdate Thread
2025-01-29 22:53:16,079 [INFO] CheckServerUpdateThread:120 - End of CheckServer Thread
2025-01-29 22:53:16,155 [INFO] WebApp:449 - Apply proxy settings
2025-01-29 22:53:16,155 [INFO] WebApp:534 - Chromium requires no authentication
2025-01-29 22:53:16,161 [INFO] WebApp:477 - Direct internet connection detected
2025-01-29 22:53:16,177 [INFO] WebApp:880 - Register for checkConnection events
2025-01-29 22:53:16,177 [INFO] WebApp:449 - Apply proxy settings
2025-01-29 22:53:16,177 [INFO] WebApp:534 - Chromium requires no authentication
2025-01-29 22:53:16,178 [INFO] WebApp:477 - Direct internet connection detected
2025-01-29 22:53:16,294 [INFO] WebApp:221 - Starting web application
2025-01-29 22:53:16,295 [INFO] WebApp:579 - Web application path used C:\ST\STM32CubeIDE_1.17.0\STM32CubeIDE\plugins\com.st.stm32cube.common.mx_6.13.0.202411220809\db\plugins\mcufinder\reactClient1\index.html
2025-01-29 22:53:16,464 [ERROR] LogOutputStream:75 - [STDERR_REDIRECT] [Fatal Error] :1:1: Premature end of file.
2025-01-29 22:53:16,464 [ERROR] LogOutputStream:75 - [STDERR_REDIRECT] 
2025-01-29 22:53:16,556 [INFO] WebApp:187 - Connection restablished
2025-01-29 22:53:17,455 [ERROR] LogOutputStream:75 - [STDERR_REDIRECT] [Fatal Error] :1:1: Premature end of file.
2025-01-29 22:53:17,456 [ERROR] LogOutputStream:75 - [STDERR_REDIRECT] 
2025-01-29 22:53:17,950 [WARN] PackLoader:240 - Cannot read IP mode file for STMicroelectronics.FP-SNS-MOTENVWB1.1.4.0
2025-01-29 22:53:17,961 [WARN] PackLoader:240 - Cannot read IP mode file for STMicroelectronics.X-CUBE-SMBUS.2.1.0
2025-01-29 22:53:17,967 [WARN] PackLoader:240 - Cannot read IP mode file for STMicroelectronics.X-CUBE-WB05N.1.1.0
2025-01-29 22:53:17,983 [WARN] PackLoader:240 - Cannot read IP mode file for STMicroelectronics.X-CUBE-AZRTOS-F7.1.1.0
2025-01-29 22:53:17,989 [WARN] PackLoader:240 - Cannot read IP mode file for STMicroelectronics.FP-SNS-FLIGHT1.5.0.2
2025-01-29 22:53:18,003 [WARN] PackLoader:240 - Cannot read IP mode file for Infineon.AIROC-Wi-Fi-Bluetooth-STM32.1.7.0
2025-01-29 22:53:18,012 [WARN] PackLoader:240 - Cannot read IP mode file for STMicroelectronics.X-CUBE-DISPLAY.3.0.0
2025-01-29 22:53:18,021 [WARN] PackLoader:240 - Cannot read IP mode file for STMicroelectronics.X-CUBE-BLE1.7.0.0
2025-01-29 22:53:18,027 [WARN] PackLoader:240 - Cannot read IP mode file for STMicroelectronics.X-CUBE-NFC10.1.0.0
2025-01-29 22:53:18,032 [WARN] PackLoader:240 - Cannot read IP mode file for emotas.I-CUBE-CANOPEN.1.3.0
2025-01-29 22:53:18,035 [WARN] PackLoader:240 - Cannot read IP mode file for STMicroelectronics.X-CUBE-AI.10.0.0
2025-01-29 22:53:18,038 [WARN] PackLoader:240 - Cannot read IP mode file for STMicroelectronics.FP-SNS-SMARTAG2.1.2.0
2025-01-29 22:53:18,073 [WARN] PackLoader:240 - Cannot read IP mode file for STMicroelectronics.X-CUBE-MEMS1.11.1.0
2025-01-29 22:53:18,152 [INFO] LogOutputStream:77 - [STDOUT_REDIRECT] 1 : Invalid condition id : UX_CORESTACK_Condition cause : null
2025-01-29 22:53:18,152 [INFO] LogOutputStream:77 - [STDOUT_REDIRECT] 1 : Invalid condition id : UX_CORESTACK_Condition cause : null
2025-01-29 22:53:18,153 [INFO] LogOutputStream:77 - [STDOUT_REDIRECT] 1 : Invalid condition id : UX_CORESTACK_Condition cause : null
2025-01-29 22:53:18,153 [INFO] LogOutputStream:77 - [STDOUT_REDIRECT] 1 : Invalid condition id : UX_CORESTACK_Condition cause : null
2025-01-29 22:53:18,153 [INFO] LogOutputStream:77 - [STDOUT_REDIRECT] 1 : Invalid condition id : UX_CORESTACK_Condition cause : null
2025-01-29 22:53:18,155 [WARN] PackLoader:240 - Cannot read IP mode file for STMicroelectronics.X-CUBE-AZRTOS-WL.2.0.0
2025-01-29 22:53:18,159 [WARN] PackLoader:240 - Cannot read IP mode file for STMicroelectronics.FP-SNS-MOTENV1.5.0.0
2025-01-29 22:53:18,162 [WARN] PackLoader:240 - Cannot read IP mode file for wolfSSL.I-CUBE-wolfMQTT.1.19.0
2025-01-29 22:53:18,167 [WARN] PackLoader:240 - Cannot read IP mode file for WES.I-CUBE-Cesium.1.3.0
2025-01-29 22:53:18,171 [WARN] PackLoader:240 - Cannot read IP mode file for STMicroelectronics.X-CUBE-BLE2.3.3.0
2025-01-29 22:53:18,174 [WARN] PackLoader:240 - Cannot read IP mode file for STMicroelectronics.X-CUBE-NFC9.1.0.0
2025-01-29 22:53:18,183 [WARN] PackLoader:240 - Cannot read IP mode file for STMicroelectronics.X-CUBE-AZRTOS-G0.1.1.0
2025-01-29 22:53:18,188 [WARN] PackLoader:240 - Cannot read IP mode file for STMicroelectronics.X-CUBE-SAFEA1.1.2.2
2025-01-29 22:53:18,193 [WARN] PackLoader:240 - Cannot read IP mode file for STMicroelectronics.X-CUBE-NFC4.3.0.0
2025-01-29 22:53:18,197 [WARN] PackLoader:240 - Cannot read IP mode file for EmbeddedOffice.I-CUBE-FS-RTOS.1.0.1
2025-01-29 22:53:18,202 [WARN] PackLoader:240 - Cannot read IP mode file for STMicroelectronics.X-CUBE-TCPP.4.2.0
2025-01-29 22:53:18,205 [WARN] PackLoader:240 - Cannot read IP mode file for RealThread.X-CUBE-RT-Thread_Nano.4.1.1
2025-01-29 22:53:18,208 [WARN] PackLoader:240 - Cannot read IP mode file for STMicroelectronics.FP-ATR-SIGFOX1.3.2.0
2025-01-29 22:53:18,211 [WARN] ConditionMgr:438 - getConditionDescription Invalid condition id : Cortex-A Device cause : null
2025-01-29 22:53:18,218 [WARN] ConditionMgr:1044 - genDependencies : Invalid condition id : Cortex-A Device cause : null
2025-01-29 22:53:18,218 [WARN] ConditionMgr:1044 - genDependencies : Invalid condition id : Cortex-A Device cause : null
2025-01-29 22:53:18,218 [WARN] ConditionMgr:1044 - genDependencies : Invalid condition id : Cortex-A Device cause : null
2025-01-29 22:53:18,221 [WARN] PackLoader:240 - Cannot read IP mode file for STMicroelectronics.X-CUBE-EEPRMA1.5.1.0
2025-01-29 22:53:18,226 [WARN] PackLoader:240 - Cannot read IP mode file for wolfSSL.I-CUBE-wolfSSL.5.7.6
2025-01-29 22:53:18,231 [WARN] PackLoader:240 - Cannot read IP mode file for ITTIA_DB.I-CUBE-ITTIADB.8.9.0
2025-01-29 22:53:18,244 [WARN] PackLoader:240 - Cannot read IP mode file for SEGGER.I-CUBE-embOS.1.3.1
2025-01-29 22:53:18,279 [WARN] PackLoader:240 - Cannot read IP mode file for STMicroelectronics.X-CUBE-ALGOBUILD.1.4.0
2025-01-29 22:53:18,282 [WARN] PackLoader:240 - Cannot read IP mode file for STMicroelectronics.X-CUBE-AI.9.1.0
2025-01-29 22:53:18,289 [WARN] PackLoader:240 - Cannot read IP mode file for STMicroelectronics.X-CUBE-AZRTOS-F4.1.1.0
2025-01-29 22:53:18,292 [WARN] PackLoader:240 - Cannot read IP mode file for STMicroelectronics.X-CUBE-ISPU.2.1.0
2025-01-29 22:53:18,300 [WARN] PackLoader:240 - Cannot read IP mode file for STMicroelectronics.X-CUBE-AZRTOS-L5.2.0.0
2025-01-29 22:53:18,306 [WARN] PackLoader:240 - Cannot read IP mode file for STMicroelectronics.X-CUBE-NFC6.3.1.0
2025-01-29 22:53:18,309 [WARN] PackLoader:240 - Cannot read IP mode file for STMicroelectronics.X-CUBE-DPower.1.2.0
2025-01-29 22:53:18,312 [WARN] PackLoader:240 - Cannot read IP mode file for STMicroelectronics.X-CUBE-FREERTOS.1.3.0
2025-01-29 22:53:18,315 [WARN] PackLoader:240 - Cannot read IP mode file for STMicroelectronics.X-CUBE-NFC7.1.0.1
2025-01-29 22:53:18,324 [WARN] ConditionMgr:438 - getConditionDescription Invalid condition id : LAN8742 Phy interface Condition cause : null
2025-01-29 22:53:18,324 [WARN] PackLoader:240 - Cannot read IP mode file for STMicroelectronics.X-CUBE-AZRTOS-L4.2.0.0
2025-01-29 22:53:18,324 [WARN] ConditionMgr:1044 - genDependencies : Invalid condition id : LAN8742 Phy interface Condition cause : null
2025-01-29 22:53:18,325 [WARN] ConditionMgr:1044 - genDependencies : Invalid condition id : LAN8742 Phy interface Condition cause : null
2025-01-29 22:53:18,325 [WARN] ConditionMgr:1044 - genDependencies : Invalid condition id : LAN8742 Phy interface Condition cause : null
2025-01-29 22:53:18,328 [WARN] PackLoader:240 - Cannot read IP mode file for STMicroelectronics.X-CUBE-SFXS2LP1.4.0.0
2025-01-29 22:53:18,337 [WARN] PackLoader:240 - Cannot read IP mode file for STMicroelectronics.X-CUBE-AZRTOS-H7.3.3.0
2025-01-29 22:53:18,345 [WARN] ConditionMgr:438 - getConditionDescription Invalid condition id : UX DEVICE CLASS RTOS Condition cause : null
2025-01-29 22:53:18,345 [WARN] ConditionMgr:438 - getConditionDescription Invalid condition id : UX DEVICE CLASS RTOS Condition cause : null
2025-01-29 22:53:18,347 [WARN] PackLoader:240 - Cannot read IP mode file for STMicroelectronics.X-CUBE-AZRTOS-WB.2.0.0
2025-01-29 22:53:18,347 [WARN] ConditionMgr:1044 - genDependencies : Invalid condition id : UX DEVICE CLASS RTOS Condition cause : null
2025-01-29 22:53:18,347 [WARN] ConditionMgr:1044 - genDependencies : Invalid condition id : UX DEVICE CLASS RTOS Condition cause : null
2025-01-29 22:53:18,347 [WARN] ConditionMgr:1044 - genDependencies : Invalid condition id : UX DEVICE CLASS RTOS Condition cause : null
2025-01-29 22:53:18,347 [WARN] ConditionMgr:1044 - genDependencies : Invalid condition id : UX DEVICE CLASS RTOS Condition cause : null
2025-01-29 22:53:18,347 [WARN] ConditionMgr:1044 - genDependencies : Invalid condition id : UX DEVICE CLASS RTOS Condition cause : null
2025-01-29 22:53:18,351 [WARN] PackLoader:240 - Cannot read IP mode file for STMicroelectronics.X-CUBE-GNSS1.7.0.1
2025-01-29 22:53:18,354 [WARN] PackLoader:240 - Cannot read IP mode file for STMicroelectronics.FP-SNS-STBOX1.2.0.0
2025-01-29 22:53:18,360 [WARN] PackLoader:240 - Cannot read IP mode file for STMicroelectronics.X-CUBE-SUBG2.5.0.0
2025-01-29 22:53:18,365 [WARN] PackLoader:240 - Cannot read IP mode file for Cesanta.I-CUBE-Mongoose.7.13.0
2025-01-29 22:53:18,372 [WARN] PackLoader:240 - Cannot read IP mode file for STMicroelectronics.X-CUBE-AZRTOS-G4.2.0.0
2025-01-29 22:53:18,383 [WARN] PackLoader:240 - Cannot read IP mode file for STMicroelectronics.X-CUBE-IPS.3.1.0
2025-01-29 22:53:18,389 [WARN] PackLoader:240 - Cannot read IP mode file for STMicroelectronics.X-CUBE-ALS.1.0.2
2025-01-29 22:53:18,392 [WARN] PackLoader:240 - Cannot read IP mode file for STMicroelectronics.X-CUBE-TOUCHGFX.4.24.2
2025-01-29 22:53:18,396 [WARN] PackLoader:240 - Cannot read IP mode file for wolfSSL.I-CUBE-wolfTPM.3.4.0
2025-01-29 22:53:18,399 [WARN] PackLoader:240 - Cannot read IP mode file for portGmbH.I-Cube-SoM-uGOAL.1.1.0
2025-01-29 22:53:18,410 [WARN] PackLoader:240 - Cannot read IP mode file for STMicroelectronics.X-CUBE-AZRTOS-H7RS.1.0.0
2025-01-29 22:53:18,417 [WARN] PackLoader:240 - Cannot read IP mode file for STMicroelectronics.X-CUBE-TOF1.3.4.2
2025-01-29 22:53:18,425 [WARN] PackLoader:240 - Cannot read IP mode file for wolfSSL.I-CUBE-wolfSSH.1.4.17
2025-01-29 22:53:18,425 [INFO] ThirdParty:978 - Integrity check success = true
2025-01-29 22:53:18,425 [INFO] IntegrityCheckThread:100 - exiting critical section [integrity check]
2025-01-29 22:53:18,425 [INFO] IntegrityCheckThread:103 - End integrity checks thread
2025-01-29 22:53:18,452 [ERROR] LogOutputStream:75 - [STDERR_REDIRECT] [Fatal Error] :1:1: Premature end of file.
2025-01-29 22:53:18,452 [ERROR] LogOutputStream:75 - [STDERR_REDIRECT] 
2025-01-29 22:53:19,464 [ERROR] LogOutputStream:75 - [STDERR_REDIRECT] [Fatal Error] :1:1: Premature end of file.
2025-01-29 22:53:19,464 [ERROR] LogOutputStream:75 - [STDERR_REDIRECT] 
2025-01-29 22:53:20,464 [ERROR] LogOutputStream:75 - [STDERR_REDIRECT] [Fatal Error] :1:1: Premature end of file.
2025-01-29 22:53:20,465 [ERROR] LogOutputStream:75 - [STDERR_REDIRECT] 
2025-01-29 22:53:21,474 [ERROR] LogOutputStream:75 - [STDERR_REDIRECT] [Fatal Error] :1:1: Premature end of file.
2025-01-29 22:53:21,474 [ERROR] LogOutputStream:75 - [STDERR_REDIRECT] 
2025-01-29 22:53:22,459 [ERROR] LogOutputStream:75 - [STDERR_REDIRECT] [Fatal Error] :1:1: Premature end of file.
2025-01-29 22:53:22,459 [ERROR] LogOutputStream:75 - [STDERR_REDIRECT] 
2025-01-29 22:53:23,469 [ERROR] LogOutputStream:75 - [STDERR_REDIRECT] [Fatal Error] :1:1: Premature end of file.
2025-01-29 22:53:23,469 [ERROR] LogOutputStream:75 - [STDERR_REDIRECT] 
2025-01-29 22:53:24,463 [ERROR] LogOutputStream:75 - [STDERR_REDIRECT] [Fatal Error] :1:1: Premature end of file.
2025-01-29 22:53:24,463 [ERROR] LogOutputStream:75 - [STDERR_REDIRECT] 
2025-01-29 22:53:25,451 [ERROR] LogOutputStream:75 - [STDERR_REDIRECT] [Fatal Error] :1:1: Premature end of file.
2025-01-29 22:53:25,453 [ERROR] LogOutputStream:75 - [STDERR_REDIRECT] 
2025-01-29 22:53:26,470 [ERROR] LogOutputStream:75 - [STDERR_REDIRECT] [Fatal Error] :1:1: Premature end of file.
2025-01-29 22:53:26,470 [ERROR] LogOutputStream:75 - [STDERR_REDIRECT] 
2025-01-29 22:53:27,465 [ERROR] LogOutputStream:75 - [STDERR_REDIRECT] [Fatal Error] :1:1: Premature end of file.
2025-01-29 22:53:27,465 [ERROR] LogOutputStream:75 - [STDERR_REDIRECT] 
2025-01-29 22:53:28,472 [ERROR] LogOutputStream:75 - [STDERR_REDIRECT] [Fatal Error] :1:1: Premature end of file.
2025-01-29 22:53:28,472 [ERROR] LogOutputStream:75 - [STDERR_REDIRECT] 
2025-01-29 22:53:29,469 [ERROR] LogOutputStream:75 - [STDERR_REDIRECT] [Fatal Error] :1:1: Premature end of file.
2025-01-29 22:53:29,469 [ERROR] LogOutputStream:75 - [STDERR_REDIRECT] 
2025-01-29 22:53:30,467 [ERROR] LogOutputStream:75 - [STDERR_REDIRECT] [Fatal Error] :1:1: Premature end of file.
2025-01-29 22:53:30,467 [ERROR] LogOutputStream:75 - [STDERR_REDIRECT] 
2025-01-29 22:53:31,472 [ERROR] LogOutputStream:75 - [STDERR_REDIRECT] [Fatal Error] :1:1: Premature end of file.
2025-01-29 22:53:31,472 [ERROR] LogOutputStream:75 - [STDERR_REDIRECT] 
2025-01-29 22:53:32,465 [ERROR] LogOutputStream:75 - [STDERR_REDIRECT] [Fatal Error] :1:1: Premature end of file.
2025-01-29 22:53:32,465 [ERROR] LogOutputStream:75 - [STDERR_REDIRECT] 
2025-01-29 22:53:33,460 [ERROR] LogOutputStream:75 - [STDERR_REDIRECT] [Fatal Error] :1:1: Premature end of file.
2025-01-29 22:53:33,462 [ERROR] LogOutputStream:75 - [STDERR_REDIRECT] 
2025-01-29 22:53:34,462 [ERROR] LogOutputStream:75 - [STDERR_REDIRECT] [Fatal Error] :1:1: Premature end of file.
2025-01-29 22:53:34,462 [ERROR] LogOutputStream:75 - [STDERR_REDIRECT] 
2025-01-29 22:53:35,465 [ERROR] LogOutputStream:75 - [STDERR_REDIRECT] [Fatal Error] :1:1: Premature end of file.
2025-01-29 22:53:35,465 [ERROR] LogOutputStream:75 - [STDERR_REDIRECT] 
2025-01-29 22:53:36,461 [ERROR] LogOutputStream:75 - [STDERR_REDIRECT] [Fatal Error] :1:1: Premature end of file.
2025-01-29 22:53:36,461 [ERROR] LogOutputStream:75 - [STDERR_REDIRECT] 
2025-01-29 22:53:37,468 [ERROR] LogOutputStream:75 - [STDERR_REDIRECT] [Fatal Error] :1:1: Premature end of file.
2025-01-29 22:53:37,468 [ERROR] LogOutputStream:75 - [STDERR_REDIRECT] 
2025-01-29 22:53:38,485 [ERROR] LogOutputStream:75 - [STDERR_REDIRECT] [Fatal Error] :1:1: Premature end of file.
2025-01-29 22:53:38,485 [ERROR] LogOutputStream:75 - [STDERR_REDIRECT] 
2025-01-29 22:53:39,463 [ERROR] LogOutputStream:75 - [STDERR_REDIRECT] [Fatal Error] :1:1: Premature end of file.
2025-01-29 22:53:39,463 [ERROR] LogOutputStream:75 - [STDERR_REDIRECT] 
2025-01-29 22:53:40,458 [ERROR] LogOutputStream:75 - [STDERR_REDIRECT] [Fatal Error] :1:1: Premature end of file.
2025-01-29 22:53:40,458 [ERROR] LogOutputStream:75 - [STDERR_REDIRECT] 
2025-01-29 22:53:41,480 [ERROR] LogOutputStream:75 - [STDERR_REDIRECT] [Fatal Error] :1:1: Premature end of file.
2025-01-29 22:53:41,480 [ERROR] LogOutputStream:75 - [STDERR_REDIRECT] 
2025-01-29 22:53:42,472 [ERROR] LogOutputStream:75 - [STDERR_REDIRECT] [Fatal Error] :1:1: Premature end of file.
2025-01-29 22:53:42,472 [ERROR] LogOutputStream:75 - [STDERR_REDIRECT] 
2025-01-29 22:53:43,471 [ERROR] LogOutputStream:75 - [STDERR_REDIRECT] [Fatal Error] :1:1: Premature end of file.
2025-01-29 22:53:43,471 [ERROR] LogOutputStream:75 - [STDERR_REDIRECT] 
2025-01-29 22:53:44,453 [ERROR] LogOutputStream:75 - [STDERR_REDIRECT] [Fatal Error] :1:1: Premature end of file.
2025-01-29 22:53:44,453 [ERROR] LogOutputStream:75 - [STDERR_REDIRECT] 
2025-01-29 22:53:45,509 [ERROR] LogOutputStream:75 - [STDERR_REDIRECT] [Fatal Error] :1:1: Premature end of file.
2025-01-29 22:53:45,509 [ERROR] LogOutputStream:75 - [STDERR_REDIRECT] 
2025-01-29 22:53:46,493 [ERROR] LogOutputStream:75 - [STDERR_REDIRECT] [Fatal Error] :1:1: Premature end of file.
2025-01-29 22:53:46,495 [ERROR] LogOutputStream:75 - [STDERR_REDIRECT] 
2025-01-29 22:53:47,476 [ERROR] LogOutputStream:75 - [STDERR_REDIRECT] [Fatal Error] :1:1: Premature end of file.
2025-01-29 22:53:47,478 [ERROR] LogOutputStream:75 - [STDERR_REDIRECT] 
2025-01-29 22:53:48,466 [ERROR] LogOutputStream:75 - [STDERR_REDIRECT] [Fatal Error] :1:1: Premature end of file.
2025-01-29 22:53:48,466 [ERROR] LogOutputStream:75 - [STDERR_REDIRECT] 
2025-01-29 22:53:49,464 [ERROR] LogOutputStream:75 - [STDERR_REDIRECT] [Fatal Error] :1:1: Premature end of file.
2025-01-29 22:53:49,464 [ERROR] LogOutputStream:75 - [STDERR_REDIRECT] 
2025-01-29 22:53:50,451 [ERROR] LogOutputStream:75 - [STDERR_REDIRECT] [Fatal Error] :1:1: Premature end of file.
2025-01-29 22:53:50,451 [ERROR] LogOutputStream:75 - [STDERR_REDIRECT] 
2025-01-29 22:53:51,455 [ERROR] LogOutputStream:75 - [STDERR_REDIRECT] [Fatal Error] :1:1: Premature end of file.
2025-01-29 22:53:51,457 [ERROR] LogOutputStream:75 - [STDERR_REDIRECT] 
2025-01-29 22:53:52,474 [ERROR] LogOutputStream:75 - [STDERR_REDIRECT] [Fatal Error] :1:1: Premature end of file.
2025-01-29 22:53:52,474 [ERROR] LogOutputStream:75 - [STDERR_REDIRECT] 
2025-01-29 22:53:53,472 [ERROR] LogOutputStream:75 - [STDERR_REDIRECT] [Fatal Error] :1:1: Premature end of file.
2025-01-29 22:53:53,472 [ERROR] LogOutputStream:75 - [STDERR_REDIRECT] 
2025-01-29 22:53:54,473 [ERROR] LogOutputStream:75 - [STDERR_REDIRECT] [Fatal Error] :1:1: Premature end of file.
2025-01-29 22:53:54,474 [ERROR] LogOutputStream:75 - [STDERR_REDIRECT] 
2025-01-29 22:53:55,465 [ERROR] LogOutputStream:75 - [STDERR_REDIRECT] [Fatal Error] :1:1: Premature end of file.
2025-01-29 22:53:55,465 [ERROR] LogOutputStream:75 - [STDERR_REDIRECT] 
2025-01-29 22:53:56,464 [ERROR] LogOutputStream:75 - [STDERR_REDIRECT] [Fatal Error] :1:1: Premature end of file.
2025-01-29 22:53:56,464 [ERROR] LogOutputStream:75 - [STDERR_REDIRECT] 
2025-01-29 22:53:57,452 [ERROR] LogOutputStream:75 - [STDERR_REDIRECT] [Fatal Error] :1:1: Premature end of file.
2025-01-29 22:53:57,452 [ERROR] LogOutputStream:75 - [STDERR_REDIRECT] 
2025-01-29 22:53:58,466 [ERROR] LogOutputStream:75 - [STDERR_REDIRECT] [Fatal Error] :1:1: Premature end of file.
2025-01-29 22:53:58,466 [ERROR] LogOutputStream:75 - [STDERR_REDIRECT] 
2025-01-29 22:53:59,457 [ERROR] LogOutputStream:75 - [STDERR_REDIRECT] [Fatal Error] :1:1: Premature end of file.
2025-01-29 22:53:59,457 [ERROR] LogOutputStream:75 - [STDERR_REDIRECT] 
2025-01-29 22:54:00,456 [ERROR] LogOutputStream:75 - [STDERR_REDIRECT] [Fatal Error] :1:1: Premature end of file.
2025-01-29 22:54:00,456 [ERROR] LogOutputStream:75 - [STDERR_REDIRECT] 
2025-01-29 22:54:01,469 [ERROR] LogOutputStream:75 - [STDERR_REDIRECT] [Fatal Error] :1:1: Premature end of file.
2025-01-29 22:54:01,470 [ERROR] LogOutputStream:75 - [STDERR_REDIRECT] 
2025-01-29 22:54:02,450 [ERROR] LogOutputStream:75 - [STDERR_REDIRECT] [Fatal Error] :1:1: Premature end of file.
2025-01-29 22:54:02,450 [ERROR] LogOutputStream:75 - [STDERR_REDIRECT] 
2025-01-29 22:54:03,477 [ERROR] LogOutputStream:75 - [STDERR_REDIRECT] [Fatal Error] :1:1: Premature end of file.
2025-01-29 22:54:03,477 [ERROR] LogOutputStream:75 - [STDERR_REDIRECT] 
2025-01-29 22:54:04,471 [ERROR] LogOutputStream:75 - [STDERR_REDIRECT] [Fatal Error] :1:1: Premature end of file.
2025-01-29 22:54:04,471 [ERROR] LogOutputStream:75 - [STDERR_REDIRECT] 
2025-01-29 22:54:05,468 [ERROR] LogOutputStream:75 - [STDERR_REDIRECT] [Fatal Error] :1:1: Premature end of file.
2025-01-29 22:54:05,468 [ERROR] LogOutputStream:75 - [STDERR_REDIRECT] 
2025-01-29 22:54:06,467 [ERROR] LogOutputStream:75 - [STDERR_REDIRECT] [Fatal Error] :1:1: Premature end of file.
2025-01-29 22:54:06,467 [ERROR] LogOutputStream:75 - [STDERR_REDIRECT] 
2025-01-29 22:54:07,467 [ERROR] LogOutputStream:75 - [STDERR_REDIRECT] [Fatal Error] :1:1: Premature end of file.
2025-01-29 22:54:07,467 [ERROR] LogOutputStream:75 - [STDERR_REDIRECT] 
2025-01-29 22:54:08,468 [ERROR] LogOutputStream:75 - [STDERR_REDIRECT] [Fatal Error] :1:1: Premature end of file.
2025-01-29 22:54:08,468 [ERROR] LogOutputStream:75 - [STDERR_REDIRECT] 
2025-01-29 22:54:09,479 [ERROR] LogOutputStream:75 - [STDERR_REDIRECT] [Fatal Error] :1:1: Premature end of file.
2025-01-29 22:54:09,479 [ERROR] LogOutputStream:75 - [STDERR_REDIRECT] 
2025-01-29 22:54:10,468 [ERROR] LogOutputStream:75 - [STDERR_REDIRECT] [Fatal Error] :1:1: Premature end of file.
2025-01-29 22:54:10,468 [ERROR] LogOutputStream:75 - [STDERR_REDIRECT] 
2025-01-29 22:54:11,453 [ERROR] LogOutputStream:75 - [STDERR_REDIRECT] [Fatal Error] :1:1: Premature end of file.
2025-01-29 22:54:11,453 [ERROR] LogOutputStream:75 - [STDERR_REDIRECT] 
2025-01-29 22:54:12,465 [ERROR] LogOutputStream:75 - [STDERR_REDIRECT] [Fatal Error] :1:1: Premature end of file.
2025-01-29 22:54:12,465 [ERROR] LogOutputStream:75 - [STDERR_REDIRECT] 
2025-01-29 22:54:13,467 [ERROR] LogOutputStream:75 - [STDERR_REDIRECT] [Fatal Error] :1:1: Premature end of file.
2025-01-29 22:54:13,467 [ERROR] LogOutputStream:75 - [STDERR_REDIRECT] 
2025-01-29 22:54:14,476 [ERROR] LogOutputStream:75 - [STDERR_REDIRECT] [Fatal Error] :1:1: Premature end of file.
2025-01-29 22:54:14,476 [ERROR] LogOutputStream:75 - [STDERR_REDIRECT] 
2025-01-29 22:54:15,477 [ERROR] LogOutputStream:75 - [STDERR_REDIRECT] [Fatal Error] :1:1: Premature end of file.
2025-01-29 22:54:15,477 [ERROR] LogOutputStream:75 - [STDERR_REDIRECT] 
2025-01-29 22:54:16,451 [ERROR] LogOutputStream:75 - [STDERR_REDIRECT] [Fatal Error] :1:1: Premature end of file.
2025-01-29 22:54:16,452 [ERROR] LogOutputStream:75 - [STDERR_REDIRECT] 
2025-01-29 22:54:17,467 [ERROR] LogOutputStream:75 - [STDERR_REDIRECT] [Fatal Error] :1:1: Premature end of file.
2025-01-29 22:54:17,467 [ERROR] LogOutputStream:75 - [STDERR_REDIRECT] 
2025-01-29 22:54:18,465 [ERROR] LogOutputStream:75 - [STDERR_REDIRECT] [Fatal Error] :1:1: Premature end of file.
2025-01-29 22:54:18,465 [ERROR] LogOutputStream:75 - [STDERR_REDIRECT] 
2025-01-29 22:54:19,470 [ERROR] LogOutputStream:75 - [STDERR_REDIRECT] [Fatal Error] :1:1: Premature end of file.
2025-01-29 22:54:19,470 [ERROR] LogOutputStream:75 - [STDERR_REDIRECT] 
2025-01-29 22:54:20,480 [ERROR] LogOutputStream:75 - [STDERR_REDIRECT] [Fatal Error] :1:1: Premature end of file.
2025-01-29 22:54:20,480 [ERROR] LogOutputStream:75 - [STDERR_REDIRECT] 
2025-01-29 22:54:21,461 [ERROR] LogOutputStream:75 - [STDERR_REDIRECT] [Fatal Error] :1:1: Premature end of file.
2025-01-29 22:54:21,461 [ERROR] LogOutputStream:75 - [STDERR_REDIRECT] 
2025-01-29 22:54:22,466 [ERROR] LogOutputStream:75 - [STDERR_REDIRECT] [Fatal Error] :1:1: Premature end of file.
2025-01-29 22:54:22,466 [ERROR] LogOutputStream:75 - [STDERR_REDIRECT] 
2025-01-29 22:54:23,471 [ERROR] LogOutputStream:75 - [STDERR_REDIRECT] [Fatal Error] :1:1: Premature end of file.
2025-01-29 22:54:23,471 [ERROR] LogOutputStream:75 - [STDERR_REDIRECT] 
2025-01-29 22:54:24,464 [ERROR] LogOutputStream:75 - [STDERR_REDIRECT] [Fatal Error] :1:1: Premature end of file.
2025-01-29 22:54:24,464 [ERROR] LogOutputStream:75 - [STDERR_REDIRECT] 
2025-01-29 22:54:25,464 [ERROR] LogOutputStream:75 - [STDERR_REDIRECT] [Fatal Error] :1:1: Premature end of file.
2025-01-29 22:54:25,464 [ERROR] LogOutputStream:75 - [STDERR_REDIRECT] 
2025-01-29 22:54:26,466 [ERROR] LogOutputStream:75 - [STDERR_REDIRECT] [Fatal Error] :1:1: Premature end of file.
2025-01-29 22:54:26,466 [ERROR] LogOutputStream:75 - [STDERR_REDIRECT] 
2025-01-29 22:54:27,470 [ERROR] LogOutputStream:75 - [STDERR_REDIRECT] [Fatal Error] :1:1: Premature end of file.
2025-01-29 22:54:27,470 [ERROR] LogOutputStream:75 - [STDERR_REDIRECT] 
2025-01-29 22:54:28,481 [ERROR] LogOutputStream:75 - [STDERR_REDIRECT] [Fatal Error] :1:1: Premature end of file.
2025-01-29 22:54:28,481 [ERROR] LogOutputStream:75 - [STDERR_REDIRECT] 
2025-01-29 22:54:29,465 [ERROR] LogOutputStream:75 - [STDERR_REDIRECT] [Fatal Error] :1:1: Premature end of file.
2025-01-29 22:54:29,465 [ERROR] LogOutputStream:75 - [STDERR_REDIRECT] 
2025-01-29 22:54:30,464 [ERROR] LogOutputStream:75 - [STDERR_REDIRECT] [Fatal Error] :1:1: Premature end of file.
2025-01-29 22:54:30,465 [ERROR] LogOutputStream:75 - [STDERR_REDIRECT] 
2025-01-29 22:54:31,467 [ERROR] LogOutputStream:75 - [STDERR_REDIRECT] [Fatal Error] :1:1: Premature end of file.
2025-01-29 22:54:31,469 [ERROR] LogOutputStream:75 - [STDERR_REDIRECT] 
2025-01-29 22:54:32,473 [ERROR] LogOutputStream:75 - [STDERR_REDIRECT] [Fatal Error] :1:1: Premature end of file.
2025-01-29 22:54:32,473 [ERROR] LogOutputStream:75 - [STDERR_REDIRECT] 
2025-01-29 22:54:33,469 [ERROR] LogOutputStream:75 - [STDERR_REDIRECT] [Fatal Error] :1:1: Premature end of file.
2025-01-29 22:54:33,469 [ERROR] LogOutputStream:75 - [STDERR_REDIRECT] 
2025-01-29 22:54:34,468 [ERROR] LogOutputStream:75 - [STDERR_REDIRECT] [Fatal Error] :1:1: Premature end of file.
2025-01-29 22:54:34,468 [ERROR] LogOutputStream:75 - [STDERR_REDIRECT] 
2025-01-29 22:54:35,467 [ERROR] LogOutputStream:75 - [STDERR_REDIRECT] [Fatal Error] :1:1: Premature end of file.
2025-01-29 22:54:35,467 [ERROR] LogOutputStream:75 - [STDERR_REDIRECT] 
2025-01-29 22:54:36,457 [ERROR] LogOutputStream:75 - [STDERR_REDIRECT] [Fatal Error] :1:1: Premature end of file.
2025-01-29 22:54:36,459 [ERROR] LogOutputStream:75 - [STDERR_REDIRECT] 
2025-01-29 22:54:37,454 [ERROR] LogOutputStream:75 - [STDERR_REDIRECT] [Fatal Error] :1:1: Premature end of file.
2025-01-29 22:54:37,454 [ERROR] LogOutputStream:75 - [STDERR_REDIRECT] 
2025-01-29 22:54:38,463 [ERROR] LogOutputStream:75 - [STDERR_REDIRECT] [Fatal Error] :1:1: Premature end of file.
2025-01-29 22:54:38,464 [ERROR] LogOutputStream:75 - [STDERR_REDIRECT] 
2025-01-29 22:54:39,476 [ERROR] LogOutputStream:75 - [STDERR_REDIRECT] [Fatal Error] :1:1: Premature end of file.
2025-01-29 22:54:39,476 [ERROR] LogOutputStream:75 - [STDERR_REDIRECT] 
2025-01-29 22:54:40,459 [ERROR] LogOutputStream:75 - [STDERR_REDIRECT] [Fatal Error] :1:1: Premature end of file.
2025-01-29 22:54:40,459 [ERROR] LogOutputStream:75 - [STDERR_REDIRECT] 
2025-01-29 22:54:41,466 [ERROR] LogOutputStream:75 - [STDERR_REDIRECT] [Fatal Error] :1:1: Premature end of file.
2025-01-29 22:54:41,466 [ERROR] LogOutputStream:75 - [STDERR_REDIRECT] 
2025-01-29 22:54:42,470 [ERROR] LogOutputStream:75 - [STDERR_REDIRECT] [Fatal Error] :1:1: Premature end of file.
2025-01-29 22:54:42,470 [ERROR] LogOutputStream:75 - [STDERR_REDIRECT] 
2025-01-29 22:54:43,484 [ERROR] LogOutputStream:75 - [STDERR_REDIRECT] [Fatal Error] :1:1: Premature end of file.
2025-01-29 22:54:43,484 [ERROR] LogOutputStream:75 - [STDERR_REDIRECT] 
2025-01-29 22:54:44,463 [ERROR] LogOutputStream:75 - [STDERR_REDIRECT] [Fatal Error] :1:1: Premature end of file.
2025-01-29 22:54:44,465 [ERROR] LogOutputStream:75 - [STDERR_REDIRECT] 
2025-01-29 22:54:45,468 [ERROR] LogOutputStream:75 - [STDERR_REDIRECT] [Fatal Error] :1:1: Premature end of file.
2025-01-29 22:54:45,469 [ERROR] LogOutputStream:75 - [STDERR_REDIRECT] 
2025-01-29 22:54:46,476 [ERROR] LogOutputStream:75 - [STDERR_REDIRECT] [Fatal Error] :1:1: Premature end of file.
2025-01-29 22:54:46,476 [ERROR] LogOutputStream:75 - [STDERR_REDIRECT] 
2025-01-29 22:54:47,463 [ERROR] LogOutputStream:75 - [STDERR_REDIRECT] [Fatal Error] :1:1: Premature end of file.
2025-01-29 22:54:47,463 [ERROR] LogOutputStream:75 - [STDERR_REDIRECT] 
2025-01-29 22:54:48,463 [ERROR] LogOutputStream:75 - [STDERR_REDIRECT] [Fatal Error] :1:1: Premature end of file.
2025-01-29 22:54:48,463 [ERROR] LogOutputStream:75 - [STDERR_REDIRECT] 
2025-01-29 22:54:49,469 [ERROR] LogOutputStream:75 - [STDERR_REDIRECT] [Fatal Error] :1:1: Premature end of file.
2025-01-29 22:54:49,469 [ERROR] LogOutputStream:75 - [STDERR_REDIRECT] 
2025-01-29 22:54:50,464 [ERROR] LogOutputStream:75 - [STDERR_REDIRECT] [Fatal Error] :1:1: Premature end of file.
2025-01-29 22:54:50,466 [ERROR] LogOutputStream:75 - [STDERR_REDIRECT] 
2025-01-29 22:54:51,473 [ERROR] LogOutputStream:75 - [STDERR_REDIRECT] [Fatal Error] :1:1: Premature end of file.
2025-01-29 22:54:51,473 [ERROR] LogOutputStream:75 - [STDERR_REDIRECT] 
2025-01-29 22:54:52,485 [ERROR] LogOutputStream:75 - [STDERR_REDIRECT] [Fatal Error] :1:1: Premature end of file.
2025-01-29 22:54:52,485 [ERROR] LogOutputStream:75 - [STDERR_REDIRECT] 
2025-01-29 22:54:53,471 [ERROR] LogOutputStream:75 - [STDERR_REDIRECT] [Fatal Error] :1:1: Premature end of file.
2025-01-29 22:54:53,471 [ERROR] LogOutputStream:75 - [STDERR_REDIRECT] 
2025-01-29 22:54:54,466 [ERROR] LogOutputStream:75 - [STDERR_REDIRECT] [Fatal Error] :1:1: Premature end of file.
2025-01-29 22:54:54,466 [ERROR] LogOutputStream:75 - [STDERR_REDIRECT] 
2025-01-29 22:54:55,466 [ERROR] LogOutputStream:75 - [STDERR_REDIRECT] [Fatal Error] :1:1: Premature end of file.
2025-01-29 22:54:55,466 [ERROR] LogOutputStream:75 - [STDERR_REDIRECT] 
2025-01-29 22:54:56,469 [ERROR] LogOutputStream:75 - [STDERR_REDIRECT] [Fatal Error] :1:1: Premature end of file.
2025-01-29 22:54:56,469 [ERROR] LogOutputStream:75 - [STDERR_REDIRECT] 
2025-01-29 22:54:57,452 [ERROR] LogOutputStream:75 - [STDERR_REDIRECT] [Fatal Error] :1:1: Premature end of file.
2025-01-29 22:54:57,452 [ERROR] LogOutputStream:75 - [STDERR_REDIRECT] 
2025-01-29 22:54:58,463 [ERROR] LogOutputStream:75 - [STDERR_REDIRECT] [Fatal Error] :1:1: Premature end of file.
2025-01-29 22:54:58,463 [ERROR] LogOutputStream:75 - [STDERR_REDIRECT] 
2025-01-29 22:54:59,450 [ERROR] LogOutputStream:75 - [STDERR_REDIRECT] [Fatal Error] :1:1: Premature end of file.
2025-01-29 22:54:59,450 [ERROR] LogOutputStream:75 - [STDERR_REDIRECT] 
2025-01-29 22:55:00,464 [ERROR] LogOutputStream:75 - [STDERR_REDIRECT] [Fatal Error] :1:1: Premature end of file.
2025-01-29 22:55:00,464 [ERROR] LogOutputStream:75 - [STDERR_REDIRECT] 
2025-01-29 22:55:01,456 [ERROR] LogOutputStream:75 - [STDERR_REDIRECT] [Fatal Error] :1:1: Premature end of file.
2025-01-29 22:55:01,456 [ERROR] LogOutputStream:75 - [STDERR_REDIRECT] 
2025-01-29 22:55:02,467 [ERROR] LogOutputStream:75 - [STDERR_REDIRECT] [Fatal Error] :1:1: Premature end of file.
2025-01-29 22:55:02,467 [ERROR] LogOutputStream:75 - [STDERR_REDIRECT] 
2025-01-29 22:55:03,464 [ERROR] LogOutputStream:75 - [STDERR_REDIRECT] [Fatal Error] :1:1: Premature end of file.
2025-01-29 22:55:03,464 [ERROR] LogOutputStream:75 - [STDERR_REDIRECT] 
2025-01-29 22:55:04,455 [ERROR] LogOutputStream:75 - [STDERR_REDIRECT] [Fatal Error] :1:1: Premature end of file.
2025-01-29 22:55:04,455 [ERROR] LogOutputStream:75 - [STDERR_REDIRECT] 
2025-01-29 22:55:05,461 [ERROR] LogOutputStream:75 - [STDERR_REDIRECT] [Fatal Error] :1:1: Premature end of file.
2025-01-29 22:55:05,463 [ERROR] LogOutputStream:75 - [STDERR_REDIRECT] 
2025-01-29 22:55:06,460 [ERROR] LogOutputStream:75 - [STDERR_REDIRECT] [Fatal Error] :1:1: Premature end of file.
2025-01-29 22:55:06,462 [ERROR] LogOutputStream:75 - [STDERR_REDIRECT] 
2025-01-29 22:55:07,462 [ERROR] LogOutputStream:75 - [STDERR_REDIRECT] [Fatal Error] :1:1: Premature end of file.
2025-01-29 22:55:07,462 [ERROR] LogOutputStream:75 - [STDERR_REDIRECT] 
2025-01-29 22:55:08,472 [ERROR] LogOutputStream:75 - [STDERR_REDIRECT] [Fatal Error] :1:1: Premature end of file.
2025-01-29 22:55:08,472 [ERROR] LogOutputStream:75 - [STDERR_REDIRECT] 
2025-01-29 22:55:09,470 [ERROR] LogOutputStream:75 - [STDERR_REDIRECT] [Fatal Error] :1:1: Premature end of file.
2025-01-29 22:55:09,470 [ERROR] LogOutputStream:75 - [STDERR_REDIRECT] 
2025-01-29 22:55:10,465 [ERROR] LogOutputStream:75 - [STDERR_REDIRECT] [Fatal Error] :1:1: Premature end of file.
2025-01-29 22:55:10,465 [ERROR] LogOutputStream:75 - [STDERR_REDIRECT] 
2025-01-29 22:55:11,450 [ERROR] LogOutputStream:75 - [STDERR_REDIRECT] [Fatal Error] :1:1: Premature end of file.
2025-01-29 22:55:11,452 [ERROR] LogOutputStream:75 - [STDERR_REDIRECT] 
2025-01-29 22:55:12,471 [ERROR] LogOutputStream:75 - [STDERR_REDIRECT] [Fatal Error] :1:1: Premature end of file.
2025-01-29 22:55:12,471 [ERROR] LogOutputStream:75 - [STDERR_REDIRECT] 
2025-01-29 22:55:13,451 [ERROR] LogOutputStream:75 - [STDERR_REDIRECT] [Fatal Error] :1:1: Premature end of file.
2025-01-29 22:55:13,451 [ERROR] LogOutputStream:75 - [STDERR_REDIRECT] 
2025-01-29 22:55:14,454 [ERROR] LogOutputStream:75 - [STDERR_REDIRECT] [Fatal Error] :1:1: Premature end of file.
2025-01-29 22:55:14,454 [ERROR] LogOutputStream:75 - [STDERR_REDIRECT] 
2025-01-29 22:55:15,454 [ERROR] LogOutputStream:75 - [STDERR_REDIRECT] [Fatal Error] :1:1: Premature end of file.
2025-01-29 22:55:15,454 [ERROR] LogOutputStream:75 - [STDERR_REDIRECT] 
2025-01-29 22:55:16,459 [ERROR] LogOutputStream:75 - [STDERR_REDIRECT] [Fatal Error] :1:1: Premature end of file.
2025-01-29 22:55:16,459 [ERROR] LogOutputStream:75 - [STDERR_REDIRECT] 
2025-01-29 22:55:17,469 [ERROR] LogOutputStream:75 - [STDERR_REDIRECT] [Fatal Error] :1:1: Premature end of file.
2025-01-29 22:55:17,469 [ERROR] LogOutputStream:75 - [STDERR_REDIRECT] 
2025-01-29 22:55:18,465 [ERROR] LogOutputStream:75 - [STDERR_REDIRECT] [Fatal Error] :1:1: Premature end of file.
2025-01-29 22:55:18,465 [ERROR] LogOutputStream:75 - [STDERR_REDIRECT] 
2025-01-29 22:55:19,448 [ERROR] LogOutputStream:75 - [STDERR_REDIRECT] [Fatal Error] :1:1: Premature end of file.
2025-01-29 22:55:19,448 [ERROR] LogOutputStream:75 - [STDERR_REDIRECT] 
2025-01-29 22:55:20,456 [ERROR] LogOutputStream:75 - [STDERR_REDIRECT] [Fatal Error] :1:1: Premature end of file.
2025-01-29 22:55:20,456 [ERROR] LogOutputStream:75 - [STDERR_REDIRECT] 
2025-01-29 22:55:21,470 [ERROR] LogOutputStream:75 - [STDERR_REDIRECT] [Fatal Error] :1:1: Premature end of file.
2025-01-29 22:55:21,470 [ERROR] LogOutputStream:75 - [STDERR_REDIRECT] 
2025-01-29 22:55:22,487 [ERROR] LogOutputStream:75 - [STDERR_REDIRECT] [Fatal Error] :1:1: Premature end of file.
2025-01-29 22:55:22,487 [ERROR] LogOutputStream:75 - [STDERR_REDIRECT] 
2025-01-29 22:55:23,477 [ERROR] LogOutputStream:75 - [STDERR_REDIRECT] [Fatal Error] :1:1: Premature end of file.
2025-01-29 22:55:23,477 [ERROR] LogOutputStream:75 - [STDERR_REDIRECT] 
2025-01-29 22:55:24,453 [ERROR] LogOutputStream:75 - [STDERR_REDIRECT] [Fatal Error] :1:1: Premature end of file.
2025-01-29 22:55:24,453 [ERROR] LogOutputStream:75 - [STDERR_REDIRECT] 
2025-01-29 22:55:25,464 [ERROR] LogOutputStream:75 - [STDERR_REDIRECT] [Fatal Error] :1:1: Premature end of file.
2025-01-29 22:55:25,464 [ERROR] LogOutputStream:75 - [STDERR_REDIRECT] 
2025-01-29 22:55:26,466 [ERROR] LogOutputStream:75 - [STDERR_REDIRECT] [Fatal Error] :1:1: Premature end of file.
2025-01-29 22:55:26,466 [ERROR] LogOutputStream:75 - [STDERR_REDIRECT] 
2025-01-29 22:55:27,462 [ERROR] LogOutputStream:75 - [STDERR_REDIRECT] [Fatal Error] :1:1: Premature end of file.
2025-01-29 22:55:27,462 [ERROR] LogOutputStream:75 - [STDERR_REDIRECT] 
2025-01-29 22:55:28,457 [ERROR] LogOutputStream:75 - [STDERR_REDIRECT] [Fatal Error] :1:1: Premature end of file.
2025-01-29 22:55:28,457 [ERROR] LogOutputStream:75 - [STDERR_REDIRECT] 
2025-01-29 22:55:29,465 [ERROR] LogOutputStream:75 - [STDERR_REDIRECT] [Fatal Error] :1:1: Premature end of file.
2025-01-29 22:55:29,467 [ERROR] LogOutputStream:75 - [STDERR_REDIRECT] 
2025-01-29 22:55:30,470 [ERROR] LogOutputStream:75 - [STDERR_REDIRECT] [Fatal Error] :1:1: Premature end of file.
2025-01-29 22:55:30,471 [ERROR] LogOutputStream:75 - [STDERR_REDIRECT] 
2025-01-29 22:55:31,475 [ERROR] LogOutputStream:75 - [STDERR_REDIRECT] [Fatal Error] :1:1: Premature end of file.
2025-01-29 22:55:31,475 [ERROR] LogOutputStream:75 - [STDERR_REDIRECT] 
2025-01-29 22:55:32,475 [ERROR] LogOutputStream:75 - [STDERR_REDIRECT] [Fatal Error] :1:1: Premature end of file.
2025-01-29 22:55:32,475 [ERROR] LogOutputStream:75 - [STDERR_REDIRECT] 
2025-01-29 22:55:33,478 [ERROR] LogOutputStream:75 - [STDERR_REDIRECT] [Fatal Error] :1:1: Premature end of file.
2025-01-29 22:55:33,478 [ERROR] LogOutputStream:75 - [STDERR_REDIRECT] 
2025-01-29 22:55:34,462 [ERROR] LogOutputStream:75 - [STDERR_REDIRECT] [Fatal Error] :1:1: Premature end of file.
2025-01-29 22:55:34,462 [ERROR] LogOutputStream:75 - [STDERR_REDIRECT] 
2025-01-29 22:55:35,464 [ERROR] LogOutputStream:75 - [STDERR_REDIRECT] [Fatal Error] :1:1: Premature end of file.
2025-01-29 22:55:35,464 [ERROR] LogOutputStream:75 - [STDERR_REDIRECT] 
2025-01-29 22:55:36,470 [ERROR] LogOutputStream:75 - [STDERR_REDIRECT] [Fatal Error] :1:1: Premature end of file.
2025-01-29 22:55:36,470 [ERROR] LogOutputStream:75 - [STDERR_REDIRECT] 
2025-01-29 22:55:37,482 [ERROR] LogOutputStream:75 - [STDERR_REDIRECT] [Fatal Error] :1:1: Premature end of file.
2025-01-29 22:55:37,482 [ERROR] LogOutputStream:75 - [STDERR_REDIRECT] 
2025-01-29 22:55:38,465 [ERROR] LogOutputStream:75 - [STDERR_REDIRECT] [Fatal Error] :1:1: Premature end of file.
2025-01-29 22:55:38,466 [ERROR] LogOutputStream:75 - [STDERR_REDIRECT] 
2025-01-29 22:55:39,450 [ERROR] LogOutputStream:75 - [STDERR_REDIRECT] [Fatal Error] :1:1: Premature end of file.
2025-01-29 22:55:39,450 [ERROR] LogOutputStream:75 - [STDERR_REDIRECT] 
2025-01-29 22:55:40,476 [ERROR] LogOutputStream:75 - [STDERR_REDIRECT] [Fatal Error] :1:1: Premature end of file.
2025-01-29 22:55:40,476 [ERROR] LogOutputStream:75 - [STDERR_REDIRECT] 
2025-01-29 22:55:41,467 [ERROR] LogOutputStream:75 - [STDERR_REDIRECT] [Fatal Error] :1:1: Premature end of file.
2025-01-29 22:55:41,467 [ERROR] LogOutputStream:75 - [STDERR_REDIRECT] 
2025-01-29 22:55:42,465 [ERROR] LogOutputStream:75 - [STDERR_REDIRECT] [Fatal Error] :1:1: Premature end of file.
2025-01-29 22:55:42,465 [ERROR] LogOutputStream:75 - [STDERR_REDIRECT] 
2025-01-29 22:55:43,472 [ERROR] LogOutputStream:75 - [STDERR_REDIRECT] [Fatal Error] :1:1: Premature end of file.
2025-01-29 22:55:43,472 [ERROR] LogOutputStream:75 - [STDERR_REDIRECT] 
2025-01-29 22:55:44,485 [ERROR] LogOutputStream:75 - [STDERR_REDIRECT] [Fatal Error] :1:1: Premature end of file.
2025-01-29 22:55:44,485 [ERROR] LogOutputStream:75 - [STDERR_REDIRECT] 
2025-01-29 22:55:45,467 [ERROR] LogOutputStream:75 - [STDERR_REDIRECT] [Fatal Error] :1:1: Premature end of file.
2025-01-29 22:55:45,467 [ERROR] LogOutputStream:75 - [STDERR_REDIRECT] 
2025-01-29 22:55:46,467 [ERROR] LogOutputStream:75 - [STDERR_REDIRECT] [Fatal Error] :1:1: Premature end of file.
2025-01-29 22:55:46,469 [ERROR] LogOutputStream:75 - [STDERR_REDIRECT] 
2025-01-29 22:55:47,478 [ERROR] LogOutputStream:75 - [STDERR_REDIRECT] [Fatal Error] :1:1: Premature end of file.
2025-01-29 22:55:47,478 [ERROR] LogOutputStream:75 - [STDERR_REDIRECT] 
2025-01-29 22:55:48,465 [ERROR] LogOutputStream:75 - [STDERR_REDIRECT] [Fatal Error] :1:1: Premature end of file.
2025-01-29 22:55:48,465 [ERROR] LogOutputStream:75 - [STDERR_REDIRECT] 
2025-01-29 22:55:49,465 [ERROR] LogOutputStream:75 - [STDERR_REDIRECT] [Fatal Error] :1:1: Premature end of file.
2025-01-29 22:55:49,465 [ERROR] LogOutputStream:75 - [STDERR_REDIRECT] 
2025-01-29 22:55:50,455 [ERROR] LogOutputStream:75 - [STDERR_REDIRECT] [Fatal Error] :1:1: Premature end of file.
2025-01-29 22:55:50,455 [ERROR] LogOutputStream:75 - [STDERR_REDIRECT] 
2025-01-29 22:55:51,470 [ERROR] LogOutputStream:75 - [STDERR_REDIRECT] [Fatal Error] :1:1: Premature end of file.
2025-01-29 22:55:51,470 [ERROR] LogOutputStream:75 - [STDERR_REDIRECT] 
2025-01-29 22:55:52,468 [ERROR] LogOutputStream:75 - [STDERR_REDIRECT] [Fatal Error] :1:1: Premature end of file.
2025-01-29 22:55:52,468 [ERROR] LogOutputStream:75 - [STDERR_REDIRECT] 
2025-01-29 22:55:53,462 [ERROR] LogOutputStream:75 - [STDERR_REDIRECT] [Fatal Error] :1:1: Premature end of file.
2025-01-29 22:55:53,462 [ERROR] LogOutputStream:75 - [STDERR_REDIRECT] 
2025-01-29 22:55:54,462 [ERROR] LogOutputStream:75 - [STDERR_REDIRECT] [Fatal Error] :1:1: Premature end of file.
2025-01-29 22:55:54,462 [ERROR] LogOutputStream:75 - [STDERR_REDIRECT] 
2025-01-29 22:55:55,459 [ERROR] LogOutputStream:75 - [STDERR_REDIRECT] [Fatal Error] :1:1: Premature end of file.
2025-01-29 22:55:55,459 [ERROR] LogOutputStream:75 - [STDERR_REDIRECT] 
2025-01-29 22:55:56,450 [ERROR] LogOutputStream:75 - [STDERR_REDIRECT] [Fatal Error] :1:1: Premature end of file.
2025-01-29 22:55:56,450 [ERROR] LogOutputStream:75 - [STDERR_REDIRECT] 
2025-01-29 22:55:57,472 [ERROR] LogOutputStream:75 - [STDERR_REDIRECT] [Fatal Error] :1:1: Premature end of file.
2025-01-29 22:55:57,472 [ERROR] LogOutputStream:75 - [STDERR_REDIRECT] 
2025-01-29 22:55:58,464 [ERROR] LogOutputStream:75 - [STDERR_REDIRECT] [Fatal Error] :1:1: Premature end of file.
2025-01-29 22:55:58,464 [ERROR] LogOutputStream:75 - [STDERR_REDIRECT] 
2025-01-29 22:55:59,462 [ERROR] LogOutputStream:75 - [STDERR_REDIRECT] [Fatal Error] :1:1: Premature end of file.
2025-01-29 22:55:59,462 [ERROR] LogOutputStream:75 - [STDERR_REDIRECT] 
2025-01-29 22:56:00,452 [ERROR] LogOutputStream:75 - [STDERR_REDIRECT] [Fatal Error] :1:1: Premature end of file.
2025-01-29 22:56:00,452 [ERROR] LogOutputStream:75 - [STDERR_REDIRECT] 
2025-01-29 22:56:01,455 [ERROR] LogOutputStream:75 - [STDERR_REDIRECT] [Fatal Error] :1:1: Premature end of file.
2025-01-29 22:56:01,455 [ERROR] LogOutputStream:75 - [STDERR_REDIRECT] 
2025-01-29 22:56:02,449 [ERROR] LogOutputStream:75 - [STDERR_REDIRECT] [Fatal Error] :1:1: Premature end of file.
2025-01-29 22:56:02,449 [ERROR] LogOutputStream:75 - [STDERR_REDIRECT] 
2025-01-29 22:56:03,485 [ERROR] LogOutputStream:75 - [STDERR_REDIRECT] [Fatal Error] :1:1: Premature end of file.
2025-01-29 22:56:03,485 [ERROR] LogOutputStream:75 - [STDERR_REDIRECT] 
2025-01-29 22:56:04,450 [ERROR] LogOutputStream:75 - [STDERR_REDIRECT] [Fatal Error] :1:1: Premature end of file.
2025-01-29 22:56:04,450 [ERROR] LogOutputStream:75 - [STDERR_REDIRECT] 
2025-01-29 22:56:05,454 [ERROR] LogOutputStream:75 - [STDERR_REDIRECT] [Fatal Error] :1:1: Premature end of file.
2025-01-29 22:56:05,454 [ERROR] LogOutputStream:75 - [STDERR_REDIRECT] 
2025-01-29 22:56:06,458 [ERROR] LogOutputStream:75 - [STDERR_REDIRECT] [Fatal Error] :1:1: Premature end of file.
2025-01-29 22:56:06,458 [ERROR] LogOutputStream:75 - [STDERR_REDIRECT] 
2025-01-29 22:56:07,448 [ERROR] LogOutputStream:75 - [STDERR_REDIRECT] [Fatal Error] :1:1: Premature end of file.
2025-01-29 22:56:07,448 [ERROR] LogOutputStream:75 - [STDERR_REDIRECT] 
2025-01-29 22:56:08,449 [ERROR] LogOutputStream:75 - [STDERR_REDIRECT] [Fatal Error] :1:1: Premature end of file.
2025-01-29 22:56:08,449 [ERROR] LogOutputStream:75 - [STDERR_REDIRECT] 
2025-01-29 22:56:09,458 [ERROR] LogOutputStream:75 - [STDERR_REDIRECT] [Fatal Error] :1:1: Premature end of file.
2025-01-29 22:56:09,458 [ERROR] LogOutputStream:75 - [STDERR_REDIRECT] 
2025-01-29 22:56:10,472 [ERROR] LogOutputStream:75 - [STDERR_REDIRECT] [Fatal Error] :1:1: Premature end of file.
2025-01-29 22:56:10,472 [ERROR] LogOutputStream:75 - [STDERR_REDIRECT] 
2025-01-29 22:56:11,466 [ERROR] LogOutputStream:75 - [STDERR_REDIRECT] [Fatal Error] :1:1: Premature end of file.
2025-01-29 22:56:11,468 [ERROR] LogOutputStream:75 - [STDERR_REDIRECT] 
2025-01-29 22:56:12,464 [ERROR] LogOutputStream:75 - [STDERR_REDIRECT] [Fatal Error] :1:1: Premature end of file.
2025-01-29 22:56:12,464 [ERROR] LogOutputStream:75 - [STDERR_REDIRECT] 
2025-01-29 22:56:13,476 [ERROR] LogOutputStream:75 - [STDERR_REDIRECT] [Fatal Error] :1:1: Premature end of file.
2025-01-29 22:56:13,478 [ERROR] LogOutputStream:75 - [STDERR_REDIRECT] 
2025-01-29 22:56:14,455 [ERROR] LogOutputStream:75 - [STDERR_REDIRECT] [Fatal Error] :1:1: Premature end of file.
2025-01-29 22:56:14,455 [ERROR] LogOutputStream:75 - [STDERR_REDIRECT] 
2025-01-29 22:56:15,453 [ERROR] LogOutputStream:75 - [STDERR_REDIRECT] [Fatal Error] :1:1: Premature end of file.
2025-01-29 22:56:15,453 [ERROR] LogOutputStream:75 - [STDERR_REDIRECT] 
2025-01-29 22:56:16,457 [ERROR] LogOutputStream:75 - [STDERR_REDIRECT] [Fatal Error] :1:1: Premature end of file.
2025-01-29 22:56:16,457 [ERROR] LogOutputStream:75 - [STDERR_REDIRECT] 
2025-01-29 22:56:17,477 [ERROR] LogOutputStream:75 - [STDERR_REDIRECT] [Fatal Error] :1:1: Premature end of file.
2025-01-29 22:56:17,477 [ERROR] LogOutputStream:75 - [STDERR_REDIRECT] 
2025-01-29 22:56:18,480 [ERROR] LogOutputStream:75 - [STDERR_REDIRECT] [Fatal Error] :1:1: Premature end of file.
2025-01-29 22:56:18,480 [ERROR] LogOutputStream:75 - [STDERR_REDIRECT] 
2025-01-29 22:56:19,461 [ERROR] LogOutputStream:75 - [STDERR_REDIRECT] [Fatal Error] :1:1: Premature end of file.
2025-01-29 22:56:19,461 [ERROR] LogOutputStream:75 - [STDERR_REDIRECT] 
2025-01-29 22:56:20,465 [ERROR] LogOutputStream:75 - [STDERR_REDIRECT] [Fatal Error] :1:1: Premature end of file.
2025-01-29 22:56:20,465 [ERROR] LogOutputStream:75 - [STDERR_REDIRECT] 
2025-01-29 22:56:21,469 [ERROR] LogOutputStream:75 - [STDERR_REDIRECT] [Fatal Error] :1:1: Premature end of file.
2025-01-29 22:56:21,469 [ERROR] LogOutputStream:75 - [STDERR_REDIRECT] 
2025-01-29 22:56:22,474 [ERROR] LogOutputStream:75 - [STDERR_REDIRECT] [Fatal Error] :1:1: Premature end of file.
2025-01-29 22:56:22,474 [ERROR] LogOutputStream:75 - [STDERR_REDIRECT] 
2025-01-29 22:56:23,453 [ERROR] LogOutputStream:75 - [STDERR_REDIRECT] [Fatal Error] :1:1: Premature end of file.
2025-01-29 22:56:23,453 [ERROR] LogOutputStream:75 - [STDERR_REDIRECT] 
2025-01-29 22:56:24,462 [ERROR] LogOutputStream:75 - [STDERR_REDIRECT] [Fatal Error] :1:1: Premature end of file.
2025-01-29 22:56:24,462 [ERROR] LogOutputStream:75 - [STDERR_REDIRECT] 
2025-01-29 22:56:25,466 [ERROR] LogOutputStream:75 - [STDERR_REDIRECT] [Fatal Error] :1:1: Premature end of file.
2025-01-29 22:56:25,466 [ERROR] LogOutputStream:75 - [STDERR_REDIRECT] 
2025-01-29 22:56:26,468 [ERROR] LogOutputStream:75 - [STDERR_REDIRECT] [Fatal Error] :1:1: Premature end of file.
2025-01-29 22:56:26,468 [ERROR] LogOutputStream:75 - [STDERR_REDIRECT] 
2025-01-29 22:56:27,467 [ERROR] LogOutputStream:75 - [STDERR_REDIRECT] [Fatal Error] :1:1: Premature end of file.
2025-01-29 22:56:27,468 [ERROR] LogOutputStream:75 - [STDERR_REDIRECT] 
2025-01-29 22:56:28,449 [ERROR] LogOutputStream:75 - [STDERR_REDIRECT] [Fatal Error] :1:1: Premature end of file.
2025-01-29 22:56:28,449 [ERROR] LogOutputStream:75 - [STDERR_REDIRECT] 
2025-01-29 22:56:29,471 [ERROR] LogOutputStream:75 - [STDERR_REDIRECT] [Fatal Error] :1:1: Premature end of file.
2025-01-29 22:56:29,471 [ERROR] LogOutputStream:75 - [STDERR_REDIRECT] 
2025-01-29 22:56:30,456 [ERROR] LogOutputStream:75 - [STDERR_REDIRECT] [Fatal Error] :1:1: Premature end of file.
2025-01-29 22:56:30,456 [ERROR] LogOutputStream:75 - [STDERR_REDIRECT] 
2025-01-29 22:56:31,468 [ERROR] LogOutputStream:75 - [STDERR_REDIRECT] [Fatal Error] :1:1: Premature end of file.
2025-01-29 22:56:31,468 [ERROR] LogOutputStream:75 - [STDERR_REDIRECT] 
2025-01-29 22:56:32,465 [ERROR] LogOutputStream:75 - [STDERR_REDIRECT] [Fatal Error] :1:1: Premature end of file.
2025-01-29 22:56:32,465 [ERROR] LogOutputStream:75 - [STDERR_REDIRECT] 
2025-01-29 22:56:33,450 [ERROR] LogOutputStream:75 - [STDERR_REDIRECT] [Fatal Error] :1:1: Premature end of file.
2025-01-29 22:56:33,450 [ERROR] LogOutputStream:75 - [STDERR_REDIRECT] 
2025-01-29 22:56:34,466 [ERROR] LogOutputStream:75 - [STDERR_REDIRECT] [Fatal Error] :1:1: Premature end of file.
2025-01-29 22:56:34,466 [ERROR] LogOutputStream:75 - [STDERR_REDIRECT] 
2025-01-29 22:56:35,466 [ERROR] LogOutputStream:75 - [STDERR_REDIRECT] [Fatal Error] :1:1: Premature end of file.
2025-01-29 22:56:35,466 [ERROR] LogOutputStream:75 - [STDERR_REDIRECT] 
2025-01-29 22:56:36,467 [ERROR] LogOutputStream:75 - [STDERR_REDIRECT] [Fatal Error] :1:1: Premature end of file.
2025-01-29 22:56:36,467 [ERROR] LogOutputStream:75 - [STDERR_REDIRECT] 
2025-01-29 22:56:37,456 [ERROR] LogOutputStream:75 - [STDERR_REDIRECT] [Fatal Error] :1:1: Premature end of file.
2025-01-29 22:56:37,456 [ERROR] LogOutputStream:75 - [STDERR_REDIRECT] 
2025-01-29 22:56:38,491 [ERROR] LogOutputStream:75 - [STDERR_REDIRECT] [Fatal Error] :1:1: Premature end of file.
2025-01-29 22:56:38,491 [ERROR] LogOutputStream:75 - [STDERR_REDIRECT] 
2025-01-29 22:56:39,466 [ERROR] LogOutputStream:75 - [STDERR_REDIRECT] [Fatal Error] :1:1: Premature end of file.
2025-01-29 22:56:39,468 [ERROR] LogOutputStream:75 - [STDERR_REDIRECT] 
2025-01-29 22:56:40,447 [ERROR] LogOutputStream:75 - [STDERR_REDIRECT] [Fatal Error] :1:1: Premature end of file.
2025-01-29 22:56:40,448 [ERROR] LogOutputStream:75 - [STDERR_REDIRECT] 
2025-01-29 22:56:41,473 [ERROR] LogOutputStream:75 - [STDERR_REDIRECT] [Fatal Error] :1:1: Premature end of file.
2025-01-29 22:56:41,473 [ERROR] LogOutputStream:75 - [STDERR_REDIRECT] 
2025-01-29 22:56:42,470 [ERROR] LogOutputStream:75 - [STDERR_REDIRECT] [Fatal Error] :1:1: Premature end of file.
2025-01-29 22:56:42,470 [ERROR] LogOutputStream:75 - [STDERR_REDIRECT] 
2025-01-29 22:56:43,466 [ERROR] LogOutputStream:75 - [STDERR_REDIRECT] [Fatal Error] :1:1: Premature end of file.
2025-01-29 22:56:43,466 [ERROR] LogOutputStream:75 - [STDERR_REDIRECT] 
2025-01-29 22:56:44,478 [ERROR] LogOutputStream:75 - [STDERR_REDIRECT] [Fatal Error] :1:1: Premature end of file.
2025-01-29 22:56:44,478 [ERROR] LogOutputStream:75 - [STDERR_REDIRECT] 
2025-01-29 22:56:45,471 [ERROR] LogOutputStream:75 - [STDERR_REDIRECT] [Fatal Error] :1:1: Premature end of file.
2025-01-29 22:56:45,471 [ERROR] LogOutputStream:75 - [STDERR_REDIRECT] 
2025-01-29 22:56:46,461 [ERROR] LogOutputStream:75 - [STDERR_REDIRECT] [Fatal Error] :1:1: Premature end of file.
2025-01-29 22:56:46,461 [ERROR] LogOutputStream:75 - [STDERR_REDIRECT] 
2025-01-29 22:56:47,471 [ERROR] LogOutputStream:75 - [STDERR_REDIRECT] [Fatal Error] :1:1: Premature end of file.
2025-01-29 22:56:47,471 [ERROR] LogOutputStream:75 - [STDERR_REDIRECT] 
2025-01-29 22:56:48,453 [ERROR] LogOutputStream:75 - [STDERR_REDIRECT] [Fatal Error] :1:1: Premature end of file.
2025-01-29 22:56:48,453 [ERROR] LogOutputStream:75 - [STDERR_REDIRECT] 
2025-01-29 22:56:49,467 [ERROR] LogOutputStream:75 - [STDERR_REDIRECT] [Fatal Error] :1:1: Premature end of file.
2025-01-29 22:56:49,467 [ERROR] LogOutputStream:75 - [STDERR_REDIRECT] 
2025-01-29 22:56:50,468 [ERROR] LogOutputStream:75 - [STDERR_REDIRECT] [Fatal Error] :1:1: Premature end of file.
2025-01-29 22:56:50,468 [ERROR] LogOutputStream:75 - [STDERR_REDIRECT] 
2025-01-29 22:56:51,463 [ERROR] LogOutputStream:75 - [STDERR_REDIRECT] [Fatal Error] :1:1: Premature end of file.
2025-01-29 22:56:51,463 [ERROR] LogOutputStream:75 - [STDERR_REDIRECT] 
2025-01-29 22:56:52,470 [ERROR] LogOutputStream:75 - [STDERR_REDIRECT] [Fatal Error] :1:1: Premature end of file.
2025-01-29 22:56:52,471 [ERROR] LogOutputStream:75 - [STDERR_REDIRECT] 
2025-01-29 22:56:53,461 [ERROR] LogOutputStream:75 - [STDERR_REDIRECT] [Fatal Error] :1:1: Premature end of file.
2025-01-29 22:56:53,461 [ERROR] LogOutputStream:75 - [STDERR_REDIRECT] 
2025-01-29 22:56:54,465 [ERROR] LogOutputStream:75 - [STDERR_REDIRECT] [Fatal Error] :1:1: Premature end of file.
2025-01-29 22:56:54,465 [ERROR] LogOutputStream:75 - [STDERR_REDIRECT] 
2025-01-29 22:56:55,465 [ERROR] LogOutputStream:75 - [STDERR_REDIRECT] [Fatal Error] :1:1: Premature end of file.
2025-01-29 22:56:55,465 [ERROR] LogOutputStream:75 - [STDERR_REDIRECT] 
2025-01-29 22:56:56,450 [ERROR] LogOutputStream:75 - [STDERR_REDIRECT] [Fatal Error] :1:1: Premature end of file.
2025-01-29 22:56:56,450 [ERROR] LogOutputStream:75 - [STDERR_REDIRECT] 
2025-01-29 22:56:57,473 [ERROR] LogOutputStream:75 - [STDERR_REDIRECT] [Fatal Error] :1:1: Premature end of file.
2025-01-29 22:56:57,473 [ERROR] LogOutputStream:75 - [STDERR_REDIRECT] 
2025-01-29 22:56:58,467 [ERROR] LogOutputStream:75 - [STDERR_REDIRECT] [Fatal Error] :1:1: Premature end of file.
2025-01-29 22:56:58,467 [ERROR] LogOutputStream:75 - [STDERR_REDIRECT] 
2025-01-29 22:56:59,468 [ERROR] LogOutputStream:75 - [STDERR_REDIRECT] [Fatal Error] :1:1: Premature end of file.
2025-01-29 22:56:59,468 [ERROR] LogOutputStream:75 - [STDERR_REDIRECT] 
2025-01-29 22:57:00,470 [ERROR] LogOutputStream:75 - [STDERR_REDIRECT] [Fatal Error] :1:1: Premature end of file.
2025-01-29 22:57:00,470 [ERROR] LogOutputStream:75 - [STDERR_REDIRECT] 
2025-01-29 22:57:01,460 [ERROR] LogOutputStream:75 - [STDERR_REDIRECT] [Fatal Error] :1:1: Premature end of file.
2025-01-29 22:57:01,460 [ERROR] LogOutputStream:75 - [STDERR_REDIRECT] 
2025-01-29 22:57:02,469 [ERROR] LogOutputStream:75 - [STDERR_REDIRECT] [Fatal Error] :1:1: Premature end of file.
2025-01-29 22:57:02,469 [ERROR] LogOutputStream:75 - [STDERR_REDIRECT] 
2025-01-29 22:57:03,471 [ERROR] LogOutputStream:75 - [STDERR_REDIRECT] [Fatal Error] :1:1: Premature end of file.
2025-01-29 22:57:03,471 [ERROR] LogOutputStream:75 - [STDERR_REDIRECT] 
2025-01-29 22:57:04,453 [ERROR] LogOutputStream:75 - [STDERR_REDIRECT] [Fatal Error] :1:1: Premature end of file.
2025-01-29 22:57:04,453 [ERROR] LogOutputStream:75 - [STDERR_REDIRECT] 
2025-01-29 22:57:05,471 [ERROR] LogOutputStream:75 - [STDERR_REDIRECT] [Fatal Error] :1:1: Premature end of file.
2025-01-29 22:57:05,471 [ERROR] LogOutputStream:75 - [STDERR_REDIRECT] 
2025-01-29 22:57:06,472 [ERROR] LogOutputStream:75 - [STDERR_REDIRECT] [Fatal Error] :1:1: Premature end of file.
2025-01-29 22:57:06,472 [ERROR] LogOutputStream:75 - [STDERR_REDIRECT] 
2025-01-29 22:57:07,460 [ERROR] LogOutputStream:75 - [STDERR_REDIRECT] [Fatal Error] :1:1: Premature end of file.
2025-01-29 22:57:07,461 [ERROR] LogOutputStream:75 - [STDERR_REDIRECT] 
2025-01-29 22:57:08,487 [ERROR] LogOutputStream:75 - [STDERR_REDIRECT] [Fatal Error] :1:1: Premature end of file.
2025-01-29 22:57:08,487 [ERROR] LogOutputStream:75 - [STDERR_REDIRECT] 
2025-01-29 22:57:09,464 [ERROR] LogOutputStream:75 - [STDERR_REDIRECT] [Fatal Error] :1:1: Premature end of file.
2025-01-29 22:57:09,464 [ERROR] LogOutputStream:75 - [STDERR_REDIRECT] 
2025-01-29 22:57:10,472 [ERROR] LogOutputStream:75 - [STDERR_REDIRECT] [Fatal Error] :1:1: Premature end of file.
2025-01-29 22:57:10,472 [ERROR] LogOutputStream:75 - [STDERR_REDIRECT] 
2025-01-29 22:57:11,458 [ERROR] LogOutputStream:75 - [STDERR_REDIRECT] [Fatal Error] :1:1: Premature end of file.
2025-01-29 22:57:11,458 [ERROR] LogOutputStream:75 - [STDERR_REDIRECT] 
2025-01-29 22:57:12,476 [ERROR] LogOutputStream:75 - [STDERR_REDIRECT] [Fatal Error] :1:1: Premature end of file.
2025-01-29 22:57:12,476 [ERROR] LogOutputStream:75 - [STDERR_REDIRECT] 
2025-01-29 22:57:13,466 [ERROR] LogOutputStream:75 - [STDERR_REDIRECT] [Fatal Error] :1:1: Premature end of file.
2025-01-29 22:57:13,468 [ERROR] LogOutputStream:75 - [STDERR_REDIRECT] 
2025-01-29 22:57:14,472 [ERROR] LogOutputStream:75 - [STDERR_REDIRECT] [Fatal Error] :1:1: Premature end of file.
2025-01-29 22:57:14,472 [ERROR] LogOutputStream:75 - [STDERR_REDIRECT] 
2025-01-29 22:57:15,466 [ERROR] LogOutputStream:75 - [STDERR_REDIRECT] [Fatal Error] :1:1: Premature end of file.
2025-01-29 22:57:15,466 [ERROR] LogOutputStream:75 - [STDERR_REDIRECT] 
2025-01-29 22:57:16,465 [ERROR] LogOutputStream:75 - [STDERR_REDIRECT] [Fatal Error] :1:1: Premature end of file.
2025-01-29 22:57:16,465 [ERROR] LogOutputStream:75 - [STDERR_REDIRECT] 
2025-01-29 22:57:17,462 [ERROR] LogOutputStream:75 - [STDERR_REDIRECT] [Fatal Error] :1:1: Premature end of file.
2025-01-29 22:57:17,462 [ERROR] LogOutputStream:75 - [STDERR_REDIRECT] 
2025-01-29 22:57:18,470 [ERROR] LogOutputStream:75 - [STDERR_REDIRECT] [Fatal Error] :1:1: Premature end of file.
2025-01-29 22:57:18,470 [ERROR] LogOutputStream:75 - [STDERR_REDIRECT] 
2025-01-29 22:57:19,458 [ERROR] LogOutputStream:75 - [STDERR_REDIRECT] [Fatal Error] :1:1: Premature end of file.
2025-01-29 22:57:19,458 [ERROR] LogOutputStream:75 - [STDERR_REDIRECT] 
2025-01-29 22:57:20,461 [ERROR] LogOutputStream:75 - [STDERR_REDIRECT] [Fatal Error] :1:1: Premature end of file.
2025-01-29 22:57:20,461 [ERROR] LogOutputStream:75 - [STDERR_REDIRECT] 
2025-01-29 22:57:21,461 [ERROR] LogOutputStream:75 - [STDERR_REDIRECT] [Fatal Error] :1:1: Premature end of file.
2025-01-29 22:57:21,463 [ERROR] LogOutputStream:75 - [STDERR_REDIRECT] 
2025-01-29 22:57:22,452 [ERROR] LogOutputStream:75 - [STDERR_REDIRECT] [Fatal Error] :1:1: Premature end of file.
2025-01-29 22:57:22,452 [ERROR] LogOutputStream:75 - [STDERR_REDIRECT] 
2025-01-29 22:57:23,466 [ERROR] LogOutputStream:75 - [STDERR_REDIRECT] [Fatal Error] :1:1: Premature end of file.
2025-01-29 22:57:23,466 [ERROR] LogOutputStream:75 - [STDERR_REDIRECT] 
2025-01-29 22:57:24,472 [ERROR] LogOutputStream:75 - [STDERR_REDIRECT] [Fatal Error] :1:1: Premature end of file.
2025-01-29 22:57:24,472 [ERROR] LogOutputStream:75 - [STDERR_REDIRECT] 
2025-01-29 22:57:25,469 [ERROR] LogOutputStream:75 - [STDERR_REDIRECT] [Fatal Error] :1:1: Premature end of file.
2025-01-29 22:57:25,469 [ERROR] LogOutputStream:75 - [STDERR_REDIRECT] 
2025-01-29 22:57:26,463 [ERROR] LogOutputStream:75 - [STDERR_REDIRECT] [Fatal Error] :1:1: Premature end of file.
2025-01-29 22:57:26,463 [ERROR] LogOutputStream:75 - [STDERR_REDIRECT] 
2025-01-29 22:57:27,471 [ERROR] LogOutputStream:75 - [STDERR_REDIRECT] [Fatal Error] :1:1: Premature end of file.
2025-01-29 22:57:27,471 [ERROR] LogOutputStream:75 - [STDERR_REDIRECT] 
2025-01-29 22:57:28,475 [ERROR] LogOutputStream:75 - [STDERR_REDIRECT] [Fatal Error] :1:1: Premature end of file.
2025-01-29 22:57:28,475 [ERROR] LogOutputStream:75 - [STDERR_REDIRECT] 
2025-01-29 22:57:29,468 [ERROR] LogOutputStream:75 - [STDERR_REDIRECT] [Fatal Error] :1:1: Premature end of file.
2025-01-29 22:57:29,468 [ERROR] LogOutputStream:75 - [STDERR_REDIRECT] 
2025-01-29 22:57:30,477 [ERROR] LogOutputStream:75 - [STDERR_REDIRECT] [Fatal Error] :1:1: Premature end of file.
2025-01-29 22:57:30,477 [ERROR] LogOutputStream:75 - [STDERR_REDIRECT] 
2025-01-29 22:57:31,470 [ERROR] LogOutputStream:75 - [STDERR_REDIRECT] [Fatal Error] :1:1: Premature end of file.
2025-01-29 22:57:31,470 [ERROR] LogOutputStream:75 - [STDERR_REDIRECT] 
2025-01-29 22:57:32,470 [ERROR] LogOutputStream:75 - [STDERR_REDIRECT] [Fatal Error] :1:1: Premature end of file.
2025-01-29 22:57:32,470 [ERROR] LogOutputStream:75 - [STDERR_REDIRECT] 
2025-01-29 22:57:33,469 [ERROR] LogOutputStream:75 - [STDERR_REDIRECT] [Fatal Error] :1:1: Premature end of file.
2025-01-29 22:57:33,469 [ERROR] LogOutputStream:75 - [STDERR_REDIRECT] 
2025-01-29 22:57:34,471 [ERROR] LogOutputStream:75 - [STDERR_REDIRECT] [Fatal Error] :1:1: Premature end of file.
2025-01-29 22:57:34,471 [ERROR] LogOutputStream:75 - [STDERR_REDIRECT] 
2025-01-29 22:57:35,469 [ERROR] LogOutputStream:75 - [STDERR_REDIRECT] [Fatal Error] :1:1: Premature end of file.
2025-01-29 22:57:35,469 [ERROR] LogOutputStream:75 - [STDERR_REDIRECT] 
2025-01-29 22:57:36,464 [ERROR] LogOutputStream:75 - [STDERR_REDIRECT] [Fatal Error] :1:1: Premature end of file.
2025-01-29 22:57:36,464 [ERROR] LogOutputStream:75 - [STDERR_REDIRECT] 
2025-01-29 22:57:37,469 [ERROR] LogOutputStream:75 - [STDERR_REDIRECT] [Fatal Error] :1:1: Premature end of file.
2025-01-29 22:57:37,469 [ERROR] LogOutputStream:75 - [STDERR_REDIRECT] 
2025-01-29 22:57:38,471 [ERROR] LogOutputStream:75 - [STDERR_REDIRECT] [Fatal Error] :1:1: Premature end of file.
2025-01-29 22:57:38,471 [ERROR] LogOutputStream:75 - [STDERR_REDIRECT] 
2025-01-29 22:57:39,469 [ERROR] LogOutputStream:75 - [STDERR_REDIRECT] [Fatal Error] :1:1: Premature end of file.
2025-01-29 22:57:39,470 [ERROR] LogOutputStream:75 - [STDERR_REDIRECT] 
2025-01-29 22:57:40,460 [ERROR] LogOutputStream:75 - [STDERR_REDIRECT] [Fatal Error] :1:1: Premature end of file.
2025-01-29 22:57:40,460 [ERROR] LogOutputStream:75 - [STDERR_REDIRECT] 
2025-01-29 22:57:41,472 [ERROR] LogOutputStream:75 - [STDERR_REDIRECT] [Fatal Error] :1:1: Premature end of file.
2025-01-29 22:57:41,472 [ERROR] LogOutputStream:75 - [STDERR_REDIRECT] 
2025-01-29 22:57:42,464 [ERROR] LogOutputStream:75 - [STDERR_REDIRECT] [Fatal Error] :1:1: Premature end of file.
2025-01-29 22:57:42,464 [ERROR] LogOutputStream:75 - [STDERR_REDIRECT] 
2025-01-29 22:57:43,458 [ERROR] LogOutputStream:75 - [STDERR_REDIRECT] [Fatal Error] :1:1: Premature end of file.
2025-01-29 22:57:43,460 [ERROR] LogOutputStream:75 - [STDERR_REDIRECT] 
2025-01-29 22:57:44,467 [ERROR] LogOutputStream:75 - [STDERR_REDIRECT] [Fatal Error] :1:1: Premature end of file.
2025-01-29 22:57:44,467 [ERROR] LogOutputStream:75 - [STDERR_REDIRECT] 
2025-01-29 22:57:45,473 [ERROR] LogOutputStream:75 - [STDERR_REDIRECT] [Fatal Error] :1:1: Premature end of file.
2025-01-29 22:57:45,473 [ERROR] LogOutputStream:75 - [STDERR_REDIRECT] 
2025-01-29 22:57:46,462 [ERROR] LogOutputStream:75 - [STDERR_REDIRECT] [Fatal Error] :1:1: Premature end of file.
2025-01-29 22:57:46,462 [ERROR] LogOutputStream:75 - [STDERR_REDIRECT] 
2025-01-29 22:57:47,466 [ERROR] LogOutputStream:75 - [STDERR_REDIRECT] [Fatal Error] :1:1: Premature end of file.
2025-01-29 22:57:47,466 [ERROR] LogOutputStream:75 - [STDERR_REDIRECT] 
2025-01-29 22:57:48,483 [ERROR] LogOutputStream:75 - [STDERR_REDIRECT] [Fatal Error] :1:1: Premature end of file.
2025-01-29 22:57:48,485 [ERROR] LogOutputStream:75 - [STDERR_REDIRECT] 
2025-01-29 22:57:49,446 [ERROR] LogOutputStream:75 - [STDERR_REDIRECT] [Fatal Error] :1:1: Premature end of file.
2025-01-29 22:57:49,446 [ERROR] LogOutputStream:75 - [STDERR_REDIRECT] 
2025-01-29 22:57:50,473 [ERROR] LogOutputStream:75 - [STDERR_REDIRECT] [Fatal Error] :1:1: Premature end of file.
2025-01-29 22:57:50,473 [ERROR] LogOutputStream:75 - [STDERR_REDIRECT] 
2025-01-29 22:57:51,472 [ERROR] LogOutputStream:75 - [STDERR_REDIRECT] [Fatal Error] :1:1: Premature end of file.
2025-01-29 22:57:51,472 [ERROR] LogOutputStream:75 - [STDERR_REDIRECT] 
2025-01-29 22:57:52,471 [ERROR] LogOutputStream:75 - [STDERR_REDIRECT] [Fatal Error] :1:1: Premature end of file.
2025-01-29 22:57:52,471 [ERROR] LogOutputStream:75 - [STDERR_REDIRECT] 
2025-01-29 22:57:53,469 [ERROR] LogOutputStream:75 - [STDERR_REDIRECT] [Fatal Error] :1:1: Premature end of file.
2025-01-29 22:57:53,469 [ERROR] LogOutputStream:75 - [STDERR_REDIRECT] 
2025-01-29 22:57:54,469 [ERROR] LogOutputStream:75 - [STDERR_REDIRECT] [Fatal Error] :1:1: Premature end of file.
2025-01-29 22:57:54,471 [ERROR] LogOutputStream:75 - [STDERR_REDIRECT] 
2025-01-29 22:57:55,464 [ERROR] LogOutputStream:75 - [STDERR_REDIRECT] [Fatal Error] :1:1: Premature end of file.
2025-01-29 22:57:55,464 [ERROR] LogOutputStream:75 - [STDERR_REDIRECT] 
2025-01-29 22:57:56,460 [ERROR] LogOutputStream:75 - [STDERR_REDIRECT] [Fatal Error] :1:1: Premature end of file.
2025-01-29 22:57:56,460 [ERROR] LogOutputStream:75 - [STDERR_REDIRECT] 
2025-01-29 22:57:57,467 [ERROR] LogOutputStream:75 - [STDERR_REDIRECT] [Fatal Error] :1:1: Premature end of file.
2025-01-29 22:57:57,467 [ERROR] LogOutputStream:75 - [STDERR_REDIRECT] 
2025-01-29 22:57:58,473 [ERROR] LogOutputStream:75 - [STDERR_REDIRECT] [Fatal Error] :1:1: Premature end of file.
2025-01-29 22:57:58,473 [ERROR] LogOutputStream:75 - [STDERR_REDIRECT] 
2025-01-29 22:57:59,458 [ERROR] LogOutputStream:75 - [STDERR_REDIRECT] [Fatal Error] :1:1: Premature end of file.
2025-01-29 22:57:59,458 [ERROR] LogOutputStream:75 - [STDERR_REDIRECT] 
2025-01-29 22:58:00,471 [ERROR] LogOutputStream:75 - [STDERR_REDIRECT] [Fatal Error] :1:1: Premature end of file.
2025-01-29 22:58:00,471 [ERROR] LogOutputStream:75 - [STDERR_REDIRECT] 
2025-01-29 22:58:01,460 [ERROR] LogOutputStream:75 - [STDERR_REDIRECT] [Fatal Error] :1:1: Premature end of file.
2025-01-29 22:58:01,461 [ERROR] LogOutputStream:75 - [STDERR_REDIRECT] 
2025-01-29 22:58:02,468 [ERROR] LogOutputStream:75 - [STDERR_REDIRECT] [Fatal Error] :1:1: Premature end of file.
2025-01-29 22:58:02,468 [ERROR] LogOutputStream:75 - [STDERR_REDIRECT] 
2025-01-29 22:58:03,453 [ERROR] LogOutputStream:75 - [STDERR_REDIRECT] [Fatal Error] :1:1: Premature end of file.
2025-01-29 22:58:03,453 [ERROR] LogOutputStream:75 - [STDERR_REDIRECT] 
2025-01-29 22:58:04,497 [ERROR] LogOutputStream:75 - [STDERR_REDIRECT] [Fatal Error] :1:1: Premature end of file.
2025-01-29 22:58:04,497 [ERROR] LogOutputStream:75 - [STDERR_REDIRECT] 
2025-01-29 22:58:05,466 [ERROR] LogOutputStream:75 - [STDERR_REDIRECT] [Fatal Error] :1:1: Premature end of file.
2025-01-29 22:58:05,467 [ERROR] LogOutputStream:75 - [STDERR_REDIRECT] 
2025-01-29 22:58:06,470 [ERROR] LogOutputStream:75 - [STDERR_REDIRECT] [Fatal Error] :1:1: Premature end of file.
2025-01-29 22:58:06,470 [ERROR] LogOutputStream:75 - [STDERR_REDIRECT] 
2025-01-29 22:58:07,467 [ERROR] LogOutputStream:75 - [STDERR_REDIRECT] [Fatal Error] :1:1: Premature end of file.
2025-01-29 22:58:07,467 [ERROR] LogOutputStream:75 - [STDERR_REDIRECT] 
2025-01-29 22:58:08,462 [ERROR] LogOutputStream:75 - [STDERR_REDIRECT] [Fatal Error] :1:1: Premature end of file.
2025-01-29 22:58:08,463 [ERROR] LogOutputStream:75 - [STDERR_REDIRECT] 
2025-01-29 22:58:09,471 [ERROR] LogOutputStream:75 - [STDERR_REDIRECT] [Fatal Error] :1:1: Premature end of file.
2025-01-29 22:58:09,471 [ERROR] LogOutputStream:75 - [STDERR_REDIRECT] 
2025-01-29 22:58:10,461 [ERROR] LogOutputStream:75 - [STDERR_REDIRECT] [Fatal Error] :1:1: Premature end of file.
2025-01-29 22:58:10,461 [ERROR] LogOutputStream:75 - [STDERR_REDIRECT] 
2025-01-29 22:58:11,478 [ERROR] LogOutputStream:75 - [STDERR_REDIRECT] [Fatal Error] :1:1: Premature end of file.
2025-01-29 22:58:11,478 [ERROR] LogOutputStream:75 - [STDERR_REDIRECT] 
2025-01-29 22:58:12,471 [ERROR] LogOutputStream:75 - [STDERR_REDIRECT] [Fatal Error] :1:1: Premature end of file.
2025-01-29 22:58:12,471 [ERROR] LogOutputStream:75 - [STDERR_REDIRECT] 
2025-01-29 22:58:13,469 [ERROR] LogOutputStream:75 - [STDERR_REDIRECT] [Fatal Error] :1:1: Premature end of file.
2025-01-29 22:58:13,469 [ERROR] LogOutputStream:75 - [STDERR_REDIRECT] 
2025-01-29 22:58:14,479 [ERROR] LogOutputStream:75 - [STDERR_REDIRECT] [Fatal Error] :1:1: Premature end of file.
2025-01-29 22:58:14,479 [ERROR] LogOutputStream:75 - [STDERR_REDIRECT] 
2025-01-29 22:58:15,477 [ERROR] LogOutputStream:75 - [STDERR_REDIRECT] [Fatal Error] :1:1: Premature end of file.
2025-01-29 22:58:15,477 [ERROR] LogOutputStream:75 - [STDERR_REDIRECT] 
2025-01-29 22:58:16,476 [ERROR] LogOutputStream:75 - [STDERR_REDIRECT] [Fatal Error] :1:1: Premature end of file.
2025-01-29 22:58:16,476 [ERROR] LogOutputStream:75 - [STDERR_REDIRECT] 
2025-01-29 22:58:17,455 [ERROR] LogOutputStream:75 - [STDERR_REDIRECT] [Fatal Error] :1:1: Premature end of file.
2025-01-29 22:58:17,455 [ERROR] LogOutputStream:75 - [STDERR_REDIRECT] 
2025-01-29 22:58:18,471 [ERROR] LogOutputStream:75 - [STDERR_REDIRECT] [Fatal Error] :1:1: Premature end of file.
2025-01-29 22:58:18,471 [ERROR] LogOutputStream:75 - [STDERR_REDIRECT] 
2025-01-29 22:58:19,459 [ERROR] LogOutputStream:75 - [STDERR_REDIRECT] [Fatal Error] :1:1: Premature end of file.
2025-01-29 22:58:19,461 [ERROR] LogOutputStream:75 - [STDERR_REDIRECT] 
2025-01-29 22:58:20,473 [ERROR] LogOutputStream:75 - [STDERR_REDIRECT] [Fatal Error] :1:1: Premature end of file.
2025-01-29 22:58:20,473 [ERROR] LogOutputStream:75 - [STDERR_REDIRECT] 
2025-01-29 22:58:21,479 [ERROR] LogOutputStream:75 - [STDERR_REDIRECT] [Fatal Error] :1:1: Premature end of file.
2025-01-29 22:58:21,479 [ERROR] LogOutputStream:75 - [STDERR_REDIRECT] 
2025-01-29 22:58:22,465 [ERROR] LogOutputStream:75 - [STDERR_REDIRECT] [Fatal Error] :1:1: Premature end of file.
2025-01-29 22:58:22,466 [ERROR] LogOutputStream:75 - [STDERR_REDIRECT] 
2025-01-29 22:58:23,465 [ERROR] LogOutputStream:75 - [STDERR_REDIRECT] [Fatal Error] :1:1: Premature end of file.
2025-01-29 22:58:23,465 [ERROR] LogOutputStream:75 - [STDERR_REDIRECT] 
2025-01-29 22:58:24,470 [ERROR] LogOutputStream:75 - [STDERR_REDIRECT] [Fatal Error] :1:1: Premature end of file.
2025-01-29 22:58:24,470 [ERROR] LogOutputStream:75 - [STDERR_REDIRECT] 
2025-01-29 22:58:25,468 [ERROR] LogOutputStream:75 - [STDERR_REDIRECT] [Fatal Error] :1:1: Premature end of file.
2025-01-29 22:58:25,468 [ERROR] LogOutputStream:75 - [STDERR_REDIRECT] 
2025-01-29 22:58:26,478 [ERROR] LogOutputStream:75 - [STDERR_REDIRECT] [Fatal Error] :1:1: Premature end of file.
2025-01-29 22:58:26,478 [ERROR] LogOutputStream:75 - [STDERR_REDIRECT] 
2025-01-29 22:58:27,470 [ERROR] LogOutputStream:75 - [STDERR_REDIRECT] [Fatal Error] :1:1: Premature end of file.
2025-01-29 22:58:27,470 [ERROR] LogOutputStream:75 - [STDERR_REDIRECT] 
2025-01-29 22:58:28,458 [ERROR] LogOutputStream:75 - [STDERR_REDIRECT] [Fatal Error] :1:1: Premature end of file.
2025-01-29 22:58:28,459 [ERROR] LogOutputStream:75 - [STDERR_REDIRECT] 
2025-01-29 22:58:29,475 [ERROR] LogOutputStream:75 - [STDERR_REDIRECT] [Fatal Error] :1:1: Premature end of file.
2025-01-29 22:58:29,475 [ERROR] LogOutputStream:75 - [STDERR_REDIRECT] 
2025-01-29 22:58:30,472 [ERROR] LogOutputStream:75 - [STDERR_REDIRECT] [Fatal Error] :1:1: Premature end of file.
2025-01-29 22:58:30,472 [ERROR] LogOutputStream:75 - [STDERR_REDIRECT] 
2025-01-29 22:58:31,466 [ERROR] LogOutputStream:75 - [STDERR_REDIRECT] [Fatal Error] :1:1: Premature end of file.
2025-01-29 22:58:31,466 [ERROR] LogOutputStream:75 - [STDERR_REDIRECT] 
2025-01-29 22:58:32,472 [ERROR] LogOutputStream:75 - [STDERR_REDIRECT] [Fatal Error] :1:1: Premature end of file.
2025-01-29 22:58:32,474 [ERROR] LogOutputStream:75 - [STDERR_REDIRECT] 
2025-01-29 22:58:33,446 [ERROR] LogOutputStream:75 - [STDERR_REDIRECT] [Fatal Error] :1:1: Premature end of file.
2025-01-29 22:58:33,446 [ERROR] LogOutputStream:75 - [STDERR_REDIRECT] 
2025-01-29 22:58:34,464 [ERROR] LogOutputStream:75 - [STDERR_REDIRECT] [Fatal Error] :1:1: Premature end of file.
2025-01-29 22:58:34,464 [ERROR] LogOutputStream:75 - [STDERR_REDIRECT] 
2025-01-29 22:58:35,453 [ERROR] LogOutputStream:75 - [STDERR_REDIRECT] [Fatal Error] :1:1: Premature end of file.
2025-01-29 22:58:35,453 [ERROR] LogOutputStream:75 - [STDERR_REDIRECT] 
2025-01-29 22:58:36,472 [ERROR] LogOutputStream:75 - [STDERR_REDIRECT] [Fatal Error] :1:1: Premature end of file.
2025-01-29 22:58:36,472 [ERROR] LogOutputStream:75 - [STDERR_REDIRECT] 
2025-01-29 22:58:37,447 [ERROR] LogOutputStream:75 - [STDERR_REDIRECT] [Fatal Error] :1:1: Premature end of file.
2025-01-29 22:58:37,447 [ERROR] LogOutputStream:75 - [STDERR_REDIRECT] 
2025-01-29 22:58:38,467 [ERROR] LogOutputStream:75 - [STDERR_REDIRECT] [Fatal Error] :1:1: Premature end of file.
2025-01-29 22:58:38,467 [ERROR] LogOutputStream:75 - [STDERR_REDIRECT] 
2025-01-29 22:58:39,470 [ERROR] LogOutputStream:75 - [STDERR_REDIRECT] [Fatal Error] :1:1: Premature end of file.
2025-01-29 22:58:39,471 [ERROR] LogOutputStream:75 - [STDERR_REDIRECT] 
2025-01-29 22:58:40,460 [ERROR] LogOutputStream:75 - [STDERR_REDIRECT] [Fatal Error] :1:1: Premature end of file.
2025-01-29 22:58:40,460 [ERROR] LogOutputStream:75 - [STDERR_REDIRECT] 
2025-01-29 22:58:41,472 [ERROR] LogOutputStream:75 - [STDERR_REDIRECT] [Fatal Error] :1:1: Premature end of file.
2025-01-29 22:58:41,472 [ERROR] LogOutputStream:75 - [STDERR_REDIRECT] 
2025-01-29 22:58:42,471 [ERROR] LogOutputStream:75 - [STDERR_REDIRECT] [Fatal Error] :1:1: Premature end of file.
2025-01-29 22:58:42,471 [ERROR] LogOutputStream:75 - [STDERR_REDIRECT] 
2025-01-29 22:58:43,470 [ERROR] LogOutputStream:75 - [STDERR_REDIRECT] [Fatal Error] :1:1: Premature end of file.
2025-01-29 22:58:43,470 [ERROR] LogOutputStream:75 - [STDERR_REDIRECT] 
2025-01-29 22:58:44,469 [ERROR] LogOutputStream:75 - [STDERR_REDIRECT] [Fatal Error] :1:1: Premature end of file.
2025-01-29 22:58:44,469 [ERROR] LogOutputStream:75 - [STDERR_REDIRECT] 
2025-01-29 22:58:45,477 [ERROR] LogOutputStream:75 - [STDERR_REDIRECT] [Fatal Error] :1:1: Premature end of file.
2025-01-29 22:58:45,477 [ERROR] LogOutputStream:75 - [STDERR_REDIRECT] 
2025-01-29 22:58:46,466 [ERROR] LogOutputStream:75 - [STDERR_REDIRECT] [Fatal Error] :1:1: Premature end of file.
2025-01-29 22:58:46,466 [ERROR] LogOutputStream:75 - [STDERR_REDIRECT] 
2025-01-29 22:58:47,471 [ERROR] LogOutputStream:75 - [STDERR_REDIRECT] [Fatal Error] :1:1: Premature end of file.
2025-01-29 22:58:47,471 [ERROR] LogOutputStream:75 - [STDERR_REDIRECT] 
2025-01-29 22:58:48,467 [ERROR] LogOutputStream:75 - [STDERR_REDIRECT] [Fatal Error] :1:1: Premature end of file.
2025-01-29 22:58:48,467 [ERROR] LogOutputStream:75 - [STDERR_REDIRECT] 
2025-01-29 22:58:49,462 [ERROR] LogOutputStream:75 - [STDERR_REDIRECT] [Fatal Error] :1:1: Premature end of file.
2025-01-29 22:58:49,462 [ERROR] LogOutputStream:75 - [STDERR_REDIRECT] 
2025-01-29 22:58:50,472 [ERROR] LogOutputStream:75 - [STDERR_REDIRECT] [Fatal Error] :1:1: Premature end of file.
2025-01-29 22:58:50,472 [ERROR] LogOutputStream:75 - [STDERR_REDIRECT] 
2025-01-29 22:58:51,468 [ERROR] LogOutputStream:75 - [STDERR_REDIRECT] [Fatal Error] :1:1: Premature end of file.
2025-01-29 22:58:51,468 [ERROR] LogOutputStream:75 - [STDERR_REDIRECT] 
2025-01-29 22:58:52,465 [ERROR] LogOutputStream:75 - [STDERR_REDIRECT] [Fatal Error] :1:1: Premature end of file.
2025-01-29 22:58:52,465 [ERROR] LogOutputStream:75 - [STDERR_REDIRECT] 
2025-01-29 22:58:53,469 [ERROR] LogOutputStream:75 - [STDERR_REDIRECT] [Fatal Error] :1:1: Premature end of file.
2025-01-29 22:58:53,470 [ERROR] LogOutputStream:75 - [STDERR_REDIRECT] 
2025-01-29 22:58:54,458 [ERROR] LogOutputStream:75 - [STDERR_REDIRECT] [Fatal Error] :1:1: Premature end of file.
2025-01-29 22:58:54,458 [ERROR] LogOutputStream:75 - [STDERR_REDIRECT] 
2025-01-29 22:58:55,463 [ERROR] LogOutputStream:75 - [STDERR_REDIRECT] [Fatal Error] :1:1: Premature end of file.
2025-01-29 22:58:55,465 [ERROR] LogOutputStream:75 - [STDERR_REDIRECT] 
2025-01-29 22:58:56,468 [ERROR] LogOutputStream:75 - [STDERR_REDIRECT] [Fatal Error] :1:1: Premature end of file.
2025-01-29 22:58:56,469 [ERROR] LogOutputStream:75 - [STDERR_REDIRECT] 
2025-01-29 22:58:57,465 [ERROR] LogOutputStream:75 - [STDERR_REDIRECT] [Fatal Error] :1:1: Premature end of file.
2025-01-29 22:58:57,465 [ERROR] LogOutputStream:75 - [STDERR_REDIRECT] 
2025-01-29 22:58:58,465 [ERROR] LogOutputStream:75 - [STDERR_REDIRECT] [Fatal Error] :1:1: Premature end of file.
2025-01-29 22:58:58,465 [ERROR] LogOutputStream:75 - [STDERR_REDIRECT] 
2025-01-29 22:58:59,472 [ERROR] LogOutputStream:75 - [STDERR_REDIRECT] [Fatal Error] :1:1: Premature end of file.
2025-01-29 22:58:59,472 [ERROR] LogOutputStream:75 - [STDERR_REDIRECT] 
2025-01-29 22:59:00,464 [ERROR] LogOutputStream:75 - [STDERR_REDIRECT] [Fatal Error] :1:1: Premature end of file.
2025-01-29 22:59:00,464 [ERROR] LogOutputStream:75 - [STDERR_REDIRECT] 
2025-01-29 22:59:01,460 [ERROR] LogOutputStream:75 - [STDERR_REDIRECT] [Fatal Error] :1:1: Premature end of file.
2025-01-29 22:59:01,460 [ERROR] LogOutputStream:75 - [STDERR_REDIRECT] 
2025-01-29 22:59:02,464 [ERROR] LogOutputStream:75 - [STDERR_REDIRECT] [Fatal Error] :1:1: Premature end of file.
2025-01-29 22:59:02,464 [ERROR] LogOutputStream:75 - [STDERR_REDIRECT] 
2025-01-29 22:59:03,474 [ERROR] LogOutputStream:75 - [STDERR_REDIRECT] [Fatal Error] :1:1: Premature end of file.
2025-01-29 22:59:03,474 [ERROR] LogOutputStream:75 - [STDERR_REDIRECT] 
2025-01-29 22:59:04,466 [ERROR] LogOutputStream:75 - [STDERR_REDIRECT] [Fatal Error] :1:1: Premature end of file.
2025-01-29 22:59:04,466 [ERROR] LogOutputStream:75 - [STDERR_REDIRECT] 
2025-01-29 22:59:05,486 [ERROR] LogOutputStream:75 - [STDERR_REDIRECT] [Fatal Error] :1:1: Premature end of file.
2025-01-29 22:59:05,486 [ERROR] LogOutputStream:75 - [STDERR_REDIRECT] 
2025-01-29 22:59:06,477 [ERROR] LogOutputStream:75 - [STDERR_REDIRECT] [Fatal Error] :1:1: Premature end of file.
2025-01-29 22:59:06,477 [ERROR] LogOutputStream:75 - [STDERR_REDIRECT] 
2025-01-29 22:59:07,463 [ERROR] LogOutputStream:75 - [STDERR_REDIRECT] [Fatal Error] :1:1: Premature end of file.
2025-01-29 22:59:07,463 [ERROR] LogOutputStream:75 - [STDERR_REDIRECT] 
2025-01-29 22:59:08,467 [ERROR] LogOutputStream:75 - [STDERR_REDIRECT] [Fatal Error] :1:1: Premature end of file.
2025-01-29 22:59:08,467 [ERROR] LogOutputStream:75 - [STDERR_REDIRECT] 
2025-01-29 22:59:09,470 [ERROR] LogOutputStream:75 - [STDERR_REDIRECT] [Fatal Error] :1:1: Premature end of file.
2025-01-29 22:59:09,470 [ERROR] LogOutputStream:75 - [STDERR_REDIRECT] 
2025-01-29 22:59:10,467 [ERROR] LogOutputStream:75 - [STDERR_REDIRECT] [Fatal Error] :1:1: Premature end of file.
2025-01-29 22:59:10,467 [ERROR] LogOutputStream:75 - [STDERR_REDIRECT] 
2025-01-29 22:59:11,462 [ERROR] LogOutputStream:75 - [STDERR_REDIRECT] [Fatal Error] :1:1: Premature end of file.
2025-01-29 22:59:11,462 [ERROR] LogOutputStream:75 - [STDERR_REDIRECT] 
2025-01-29 22:59:12,472 [ERROR] LogOutputStream:75 - [STDERR_REDIRECT] [Fatal Error] :1:1: Premature end of file.
2025-01-29 22:59:12,472 [ERROR] LogOutputStream:75 - [STDERR_REDIRECT] 
2025-01-29 22:59:13,461 [ERROR] LogOutputStream:75 - [STDERR_REDIRECT] [Fatal Error] :1:1: Premature end of file.
2025-01-29 22:59:13,461 [ERROR] LogOutputStream:75 - [STDERR_REDIRECT] 
2025-01-29 22:59:14,476 [ERROR] LogOutputStream:75 - [STDERR_REDIRECT] [Fatal Error] :1:1: Premature end of file.
2025-01-29 22:59:14,476 [ERROR] LogOutputStream:75 - [STDERR_REDIRECT] 
2025-01-29 22:59:15,467 [ERROR] LogOutputStream:75 - [STDERR_REDIRECT] [Fatal Error] :1:1: Premature end of file.
2025-01-29 22:59:15,467 [ERROR] LogOutputStream:75 - [STDERR_REDIRECT] 
2025-01-29 22:59:16,472 [ERROR] LogOutputStream:75 - [STDERR_REDIRECT] [Fatal Error] :1:1: Premature end of file.
2025-01-29 22:59:16,472 [ERROR] LogOutputStream:75 - [STDERR_REDIRECT] 
2025-01-29 22:59:17,459 [ERROR] LogOutputStream:75 - [STDERR_REDIRECT] [Fatal Error] :1:1: Premature end of file.
2025-01-29 22:59:17,459 [ERROR] LogOutputStream:75 - [STDERR_REDIRECT] 
2025-01-29 22:59:18,468 [ERROR] LogOutputStream:75 - [STDERR_REDIRECT] [Fatal Error] :1:1: Premature end of file.
2025-01-29 22:59:18,468 [ERROR] LogOutputStream:75 - [STDERR_REDIRECT] 
2025-01-29 22:59:19,472 [ERROR] LogOutputStream:75 - [STDERR_REDIRECT] [Fatal Error] :1:1: Premature end of file.
2025-01-29 22:59:19,472 [ERROR] LogOutputStream:75 - [STDERR_REDIRECT] 
2025-01-29 22:59:20,461 [ERROR] LogOutputStream:75 - [STDERR_REDIRECT] [Fatal Error] :1:1: Premature end of file.
2025-01-29 22:59:20,462 [ERROR] LogOutputStream:75 - [STDERR_REDIRECT] 
2025-01-29 22:59:21,467 [ERROR] LogOutputStream:75 - [STDERR_REDIRECT] [Fatal Error] :1:1: Premature end of file.
2025-01-29 22:59:21,467 [ERROR] LogOutputStream:75 - [STDERR_REDIRECT] 
2025-01-29 22:59:22,468 [ERROR] LogOutputStream:75 - [STDERR_REDIRECT] [Fatal Error] :1:1: Premature end of file.
2025-01-29 22:59:22,468 [ERROR] LogOutputStream:75 - [STDERR_REDIRECT] 
2025-01-29 22:59:23,476 [ERROR] LogOutputStream:75 - [STDERR_REDIRECT] [Fatal Error] :1:1: Premature end of file.
2025-01-29 22:59:23,476 [ERROR] LogOutputStream:75 - [STDERR_REDIRECT] 
2025-01-29 22:59:24,468 [ERROR] LogOutputStream:75 - [STDERR_REDIRECT] [Fatal Error] :1:1: Premature end of file.
2025-01-29 22:59:24,468 [ERROR] LogOutputStream:75 - [STDERR_REDIRECT] 
2025-01-29 22:59:25,467 [ERROR] LogOutputStream:75 - [STDERR_REDIRECT] [Fatal Error] :1:1: Premature end of file.
2025-01-29 22:59:25,467 [ERROR] LogOutputStream:75 - [STDERR_REDIRECT] 
2025-01-29 22:59:26,468 [ERROR] LogOutputStream:75 - [STDERR_REDIRECT] [Fatal Error] :1:1: Premature end of file.
2025-01-29 22:59:26,468 [ERROR] LogOutputStream:75 - [STDERR_REDIRECT] 
2025-01-29 22:59:27,459 [ERROR] LogOutputStream:75 - [STDERR_REDIRECT] [Fatal Error] :1:1: Premature end of file.
2025-01-29 22:59:27,460 [ERROR] LogOutputStream:75 - [STDERR_REDIRECT] 
2025-01-29 22:59:28,474 [ERROR] LogOutputStream:75 - [STDERR_REDIRECT] [Fatal Error] :1:1: Premature end of file.
2025-01-29 22:59:28,474 [ERROR] LogOutputStream:75 - [STDERR_REDIRECT] 
2025-01-29 22:59:29,471 [ERROR] LogOutputStream:75 - [STDERR_REDIRECT] [Fatal Error] :1:1: Premature end of file.
2025-01-29 22:59:29,471 [ERROR] LogOutputStream:75 - [STDERR_REDIRECT] 
2025-01-29 22:59:30,467 [ERROR] LogOutputStream:75 - [STDERR_REDIRECT] [Fatal Error] :1:1: Premature end of file.
2025-01-29 22:59:30,467 [ERROR] LogOutputStream:75 - [STDERR_REDIRECT] 
2025-01-29 22:59:31,474 [ERROR] LogOutputStream:75 - [STDERR_REDIRECT] [Fatal Error] :1:1: Premature end of file.
2025-01-29 22:59:31,474 [ERROR] LogOutputStream:75 - [STDERR_REDIRECT] 
2025-01-29 22:59:32,478 [ERROR] LogOutputStream:75 - [STDERR_REDIRECT] [Fatal Error] :1:1: Premature end of file.
2025-01-29 22:59:32,478 [ERROR] LogOutputStream:75 - [STDERR_REDIRECT] 
2025-01-29 22:59:33,461 [ERROR] LogOutputStream:75 - [STDERR_REDIRECT] [Fatal Error] :1:1: Premature end of file.
2025-01-29 22:59:33,461 [ERROR] LogOutputStream:75 - [STDERR_REDIRECT] 
2025-01-29 22:59:34,462 [ERROR] LogOutputStream:75 - [STDERR_REDIRECT] [Fatal Error] :1:1: Premature end of file.
2025-01-29 22:59:34,463 [ERROR] LogOutputStream:75 - [STDERR_REDIRECT] 
2025-01-29 22:59:35,477 [ERROR] LogOutputStream:75 - [STDERR_REDIRECT] [Fatal Error] :1:1: Premature end of file.
2025-01-29 22:59:35,477 [ERROR] LogOutputStream:75 - [STDERR_REDIRECT] 
2025-01-29 22:59:36,463 [ERROR] LogOutputStream:75 - [STDERR_REDIRECT] [Fatal Error] :1:1: Premature end of file.
2025-01-29 22:59:36,463 [ERROR] LogOutputStream:75 - [STDERR_REDIRECT] 
2025-01-29 22:59:37,464 [ERROR] LogOutputStream:75 - [STDERR_REDIRECT] [Fatal Error] :1:1: Premature end of file.
2025-01-29 22:59:37,464 [ERROR] LogOutputStream:75 - [STDERR_REDIRECT] 
2025-01-29 22:59:38,460 [ERROR] LogOutputStream:75 - [STDERR_REDIRECT] [Fatal Error] :1:1: Premature end of file.
2025-01-29 22:59:38,460 [ERROR] LogOutputStream:75 - [STDERR_REDIRECT] 
2025-01-29 22:59:39,460 [ERROR] LogOutputStream:75 - [STDERR_REDIRECT] [Fatal Error] :1:1: Premature end of file.
2025-01-29 22:59:39,460 [ERROR] LogOutputStream:75 - [STDERR_REDIRECT] 
2025-01-29 22:59:40,466 [ERROR] LogOutputStream:75 - [STDERR_REDIRECT] [Fatal Error] :1:1: Premature end of file.
2025-01-29 22:59:40,466 [ERROR] LogOutputStream:75 - [STDERR_REDIRECT] 
2025-01-29 22:59:41,470 [ERROR] LogOutputStream:75 - [STDERR_REDIRECT] [Fatal Error] :1:1: Premature end of file.
2025-01-29 22:59:41,470 [ERROR] LogOutputStream:75 - [STDERR_REDIRECT] 
2025-01-29 22:59:42,459 [ERROR] LogOutputStream:75 - [STDERR_REDIRECT] [Fatal Error] :1:1: Premature end of file.
2025-01-29 22:59:42,459 [ERROR] LogOutputStream:75 - [STDERR_REDIRECT] 
2025-01-29 22:59:43,472 [ERROR] LogOutputStream:75 - [STDERR_REDIRECT] [Fatal Error] :1:1: Premature end of file.
2025-01-29 22:59:43,472 [ERROR] LogOutputStream:75 - [STDERR_REDIRECT] 
2025-01-29 22:59:44,473 [ERROR] LogOutputStream:75 - [STDERR_REDIRECT] [Fatal Error] :1:1: Premature end of file.
2025-01-29 22:59:44,475 [ERROR] LogOutputStream:75 - [STDERR_REDIRECT] 
2025-01-29 22:59:45,466 [ERROR] LogOutputStream:75 - [STDERR_REDIRECT] [Fatal Error] :1:1: Premature end of file.
2025-01-29 22:59:45,466 [ERROR] LogOutputStream:75 - [STDERR_REDIRECT] 
2025-01-29 22:59:46,461 [ERROR] LogOutputStream:75 - [STDERR_REDIRECT] [Fatal Error] :1:1: Premature end of file.
2025-01-29 22:59:46,461 [ERROR] LogOutputStream:75 - [STDERR_REDIRECT] 
2025-01-29 22:59:47,470 [ERROR] LogOutputStream:75 - [STDERR_REDIRECT] [Fatal Error] :1:1: Premature end of file.
2025-01-29 22:59:47,470 [ERROR] LogOutputStream:75 - [STDERR_REDIRECT] 
2025-01-29 22:59:48,475 [ERROR] LogOutputStream:75 - [STDERR_REDIRECT] [Fatal Error] :1:1: Premature end of file.
2025-01-29 22:59:48,475 [ERROR] LogOutputStream:75 - [STDERR_REDIRECT] 
2025-01-29 22:59:49,468 [ERROR] LogOutputStream:75 - [STDERR_REDIRECT] [Fatal Error] :1:1: Premature end of file.
2025-01-29 22:59:49,468 [ERROR] LogOutputStream:75 - [STDERR_REDIRECT] 
2025-01-29 22:59:50,472 [ERROR] LogOutputStream:75 - [STDERR_REDIRECT] [Fatal Error] :1:1: Premature end of file.
2025-01-29 22:59:50,472 [ERROR] LogOutputStream:75 - [STDERR_REDIRECT] 
2025-01-29 22:59:51,474 [ERROR] LogOutputStream:75 - [STDERR_REDIRECT] [Fatal Error] :1:1: Premature end of file.
2025-01-29 22:59:51,474 [ERROR] LogOutputStream:75 - [STDERR_REDIRECT] 
2025-01-29 22:59:52,481 [ERROR] LogOutputStream:75 - [STDERR_REDIRECT] [Fatal Error] :1:1: Premature end of file.
2025-01-29 22:59:52,481 [ERROR] LogOutputStream:75 - [STDERR_REDIRECT] 
2025-01-29 22:59:53,466 [ERROR] LogOutputStream:75 - [STDERR_REDIRECT] [Fatal Error] :1:1: Premature end of file.
2025-01-29 22:59:53,466 [ERROR] LogOutputStream:75 - [STDERR_REDIRECT] 
2025-01-29 22:59:54,465 [ERROR] LogOutputStream:75 - [STDERR_REDIRECT] [Fatal Error] :1:1: Premature end of file.
2025-01-29 22:59:54,467 [ERROR] LogOutputStream:75 - [STDERR_REDIRECT] 
2025-01-29 22:59:55,465 [ERROR] LogOutputStream:75 - [STDERR_REDIRECT] [Fatal Error] :1:1: Premature end of file.
2025-01-29 22:59:55,465 [ERROR] LogOutputStream:75 - [STDERR_REDIRECT] 
2025-01-29 22:59:56,467 [ERROR] LogOutputStream:75 - [STDERR_REDIRECT] [Fatal Error] :1:1: Premature end of file.
2025-01-29 22:59:56,467 [ERROR] LogOutputStream:75 - [STDERR_REDIRECT] 
2025-01-29 22:59:57,469 [ERROR] LogOutputStream:75 - [STDERR_REDIRECT] [Fatal Error] :1:1: Premature end of file.
2025-01-29 22:59:57,469 [ERROR] LogOutputStream:75 - [STDERR_REDIRECT] 
2025-01-29 22:59:58,460 [ERROR] LogOutputStream:75 - [STDERR_REDIRECT] [Fatal Error] :1:1: Premature end of file.
2025-01-29 22:59:58,460 [ERROR] LogOutputStream:75 - [STDERR_REDIRECT] 
2025-01-29 22:59:59,458 [ERROR] LogOutputStream:75 - [STDERR_REDIRECT] [Fatal Error] :1:1: Premature end of file.
2025-01-29 22:59:59,458 [ERROR] LogOutputStream:75 - [STDERR_REDIRECT] 
2025-01-29 23:00:00,460 [ERROR] LogOutputStream:75 - [STDERR_REDIRECT] [Fatal Error] :1:1: Premature end of file.
2025-01-29 23:00:00,460 [ERROR] LogOutputStream:75 - [STDERR_REDIRECT] 
2025-01-29 23:00:01,465 [ERROR] LogOutputStream:75 - [STDERR_REDIRECT] [Fatal Error] :1:1: Premature end of file.
2025-01-29 23:00:01,465 [ERROR] LogOutputStream:75 - [STDERR_REDIRECT] 
2025-01-29 23:00:02,460 [ERROR] LogOutputStream:75 - [STDERR_REDIRECT] [Fatal Error] :1:1: Premature end of file.
2025-01-29 23:00:02,460 [ERROR] LogOutputStream:75 - [STDERR_REDIRECT] 
2025-01-29 23:00:03,448 [ERROR] LogOutputStream:75 - [STDERR_REDIRECT] [Fatal Error] :1:1: Premature end of file.
2025-01-29 23:00:03,448 [ERROR] LogOutputStream:75 - [STDERR_REDIRECT] 
2025-01-29 23:00:04,481 [ERROR] LogOutputStream:75 - [STDERR_REDIRECT] [Fatal Error] :1:1: Premature end of file.
2025-01-29 23:00:04,481 [ERROR] LogOutputStream:75 - [STDERR_REDIRECT] 
2025-01-29 23:00:05,473 [ERROR] LogOutputStream:75 - [STDERR_REDIRECT] [Fatal Error] :1:1: Premature end of file.
2025-01-29 23:00:05,473 [ERROR] LogOutputStream:75 - [STDERR_REDIRECT] 
2025-01-29 23:00:06,467 [ERROR] LogOutputStream:75 - [STDERR_REDIRECT] [Fatal Error] :1:1: Premature end of file.
2025-01-29 23:00:06,467 [ERROR] LogOutputStream:75 - [STDERR_REDIRECT] 
2025-01-29 23:00:07,470 [ERROR] LogOutputStream:75 - [STDERR_REDIRECT] [Fatal Error] :1:1: Premature end of file.
2025-01-29 23:00:07,470 [ERROR] LogOutputStream:75 - [STDERR_REDIRECT] 
2025-01-29 23:00:08,461 [ERROR] LogOutputStream:75 - [STDERR_REDIRECT] [Fatal Error] :1:1: Premature end of file.
2025-01-29 23:00:08,461 [ERROR] LogOutputStream:75 - [STDERR_REDIRECT] 
2025-01-29 23:00:09,450 [ERROR] LogOutputStream:75 - [STDERR_REDIRECT] [Fatal Error] :1:1: Premature end of file.
2025-01-29 23:00:09,450 [ERROR] LogOutputStream:75 - [STDERR_REDIRECT] 
2025-01-29 23:00:10,466 [ERROR] LogOutputStream:75 - [STDERR_REDIRECT] [Fatal Error] :1:1: Premature end of file.
2025-01-29 23:00:10,466 [ERROR] LogOutputStream:75 - [STDERR_REDIRECT] 
2025-01-29 23:00:11,482 [ERROR] LogOutputStream:75 - [STDERR_REDIRECT] [Fatal Error] :1:1: Premature end of file.
2025-01-29 23:00:11,482 [ERROR] LogOutputStream:75 - [STDERR_REDIRECT] 
2025-01-29 23:00:12,465 [ERROR] LogOutputStream:75 - [STDERR_REDIRECT] [Fatal Error] :1:1: Premature end of file.
2025-01-29 23:00:12,465 [ERROR] LogOutputStream:75 - [STDERR_REDIRECT] 
2025-01-29 23:00:13,481 [ERROR] LogOutputStream:75 - [STDERR_REDIRECT] [Fatal Error] :1:1: Premature end of file.
2025-01-29 23:00:13,481 [ERROR] LogOutputStream:75 - [STDERR_REDIRECT] 
2025-01-29 23:00:14,459 [ERROR] LogOutputStream:75 - [STDERR_REDIRECT] [Fatal Error] :1:1: Premature end of file.
2025-01-29 23:00:14,459 [ERROR] LogOutputStream:75 - [STDERR_REDIRECT] 
2025-01-29 23:00:15,449 [ERROR] LogOutputStream:75 - [STDERR_REDIRECT] [Fatal Error] :1:1: Premature end of file.
2025-01-29 23:00:15,449 [ERROR] LogOutputStream:75 - [STDERR_REDIRECT] 
2025-01-29 23:00:16,448 [ERROR] LogOutputStream:75 - [STDERR_REDIRECT] [Fatal Error] :1:1: Premature end of file.
2025-01-29 23:00:16,448 [ERROR] LogOutputStream:75 - [STDERR_REDIRECT] 
2025-01-29 23:00:17,463 [ERROR] LogOutputStream:75 - [STDERR_REDIRECT] [Fatal Error] :1:1: Premature end of file.
2025-01-29 23:00:17,463 [ERROR] LogOutputStream:75 - [STDERR_REDIRECT] 
2025-01-29 23:00:18,463 [ERROR] LogOutputStream:75 - [STDERR_REDIRECT] [Fatal Error] :1:1: Premature end of file.
2025-01-29 23:00:18,463 [ERROR] LogOutputStream:75 - [STDERR_REDIRECT] 
2025-01-29 23:00:19,450 [ERROR] LogOutputStream:75 - [STDERR_REDIRECT] [Fatal Error] :1:1: Premature end of file.
2025-01-29 23:00:19,450 [ERROR] LogOutputStream:75 - [STDERR_REDIRECT] 
2025-01-29 23:00:20,464 [ERROR] LogOutputStream:75 - [STDERR_REDIRECT] [Fatal Error] :1:1: Premature end of file.
2025-01-29 23:00:20,464 [ERROR] LogOutputStream:75 - [STDERR_REDIRECT] 
2025-01-29 23:00:21,469 [ERROR] LogOutputStream:75 - [STDERR_REDIRECT] [Fatal Error] :1:1: Premature end of file.
2025-01-29 23:00:21,469 [ERROR] LogOutputStream:75 - [STDERR_REDIRECT] 
2025-01-29 23:00:22,474 [ERROR] LogOutputStream:75 - [STDERR_REDIRECT] [Fatal Error] :1:1: Premature end of file.
2025-01-29 23:00:22,474 [ERROR] LogOutputStream:75 - [STDERR_REDIRECT] 
2025-01-29 23:00:23,457 [ERROR] LogOutputStream:75 - [STDERR_REDIRECT] [Fatal Error] :1:1: Premature end of file.
2025-01-29 23:00:23,457 [ERROR] LogOutputStream:75 - [STDERR_REDIRECT] 
2025-01-29 23:00:24,469 [ERROR] LogOutputStream:75 - [STDERR_REDIRECT] [Fatal Error] :1:1: Premature end of file.
2025-01-29 23:00:24,469 [ERROR] LogOutputStream:75 - [STDERR_REDIRECT] 
2025-01-29 23:00:25,474 [ERROR] LogOutputStream:75 - [STDERR_REDIRECT] [Fatal Error] :1:1: Premature end of file.
2025-01-29 23:00:25,474 [ERROR] LogOutputStream:75 - [STDERR_REDIRECT] 
2025-01-29 23:00:26,472 [ERROR] LogOutputStream:75 - [STDERR_REDIRECT] [Fatal Error] :1:1: Premature end of file.
2025-01-29 23:00:26,472 [ERROR] LogOutputStream:75 - [STDERR_REDIRECT] 
2025-01-29 23:00:27,469 [ERROR] LogOutputStream:75 - [STDERR_REDIRECT] [Fatal Error] :1:1: Premature end of file.
2025-01-29 23:00:27,469 [ERROR] LogOutputStream:75 - [STDERR_REDIRECT] 
2025-01-29 23:00:28,488 [ERROR] LogOutputStream:75 - [STDERR_REDIRECT] [Fatal Error] :1:1: Premature end of file.
2025-01-29 23:00:28,488 [ERROR] LogOutputStream:75 - [STDERR_REDIRECT] 
2025-01-29 23:00:29,466 [ERROR] LogOutputStream:75 - [STDERR_REDIRECT] [Fatal Error] :1:1: Premature end of file.
2025-01-29 23:00:29,466 [ERROR] LogOutputStream:75 - [STDERR_REDIRECT] 
2025-01-29 23:00:30,461 [ERROR] LogOutputStream:75 - [STDERR_REDIRECT] [Fatal Error] :1:1: Premature end of file.
2025-01-29 23:00:30,461 [ERROR] LogOutputStream:75 - [STDERR_REDIRECT] 
2025-01-29 23:00:31,459 [ERROR] LogOutputStream:75 - [STDERR_REDIRECT] [Fatal Error] :1:1: Premature end of file.
2025-01-29 23:00:31,459 [ERROR] LogOutputStream:75 - [STDERR_REDIRECT] 
2025-01-29 23:00:32,475 [ERROR] LogOutputStream:75 - [STDERR_REDIRECT] [Fatal Error] :1:1: Premature end of file.
2025-01-29 23:00:32,475 [ERROR] LogOutputStream:75 - [STDERR_REDIRECT] 
2025-01-29 23:00:33,454 [ERROR] LogOutputStream:75 - [STDERR_REDIRECT] [Fatal Error] :1:1: Premature end of file.
2025-01-29 23:00:33,454 [ERROR] LogOutputStream:75 - [STDERR_REDIRECT] 
2025-01-29 23:00:34,460 [ERROR] LogOutputStream:75 - [STDERR_REDIRECT] [Fatal Error] :1:1: Premature end of file.
2025-01-29 23:00:34,460 [ERROR] LogOutputStream:75 - [STDERR_REDIRECT] 
2025-01-29 23:00:35,469 [ERROR] LogOutputStream:75 - [STDERR_REDIRECT] [Fatal Error] :1:1: Premature end of file.
2025-01-29 23:00:35,469 [ERROR] LogOutputStream:75 - [STDERR_REDIRECT] 
2025-01-29 23:00:36,469 [ERROR] LogOutputStream:75 - [STDERR_REDIRECT] [Fatal Error] :1:1: Premature end of file.
2025-01-29 23:00:36,469 [ERROR] LogOutputStream:75 - [STDERR_REDIRECT] 
2025-01-29 23:00:37,470 [ERROR] LogOutputStream:75 - [STDERR_REDIRECT] [Fatal Error] :1:1: Premature end of file.
2025-01-29 23:00:37,470 [ERROR] LogOutputStream:75 - [STDERR_REDIRECT] 
2025-01-29 23:00:38,469 [ERROR] LogOutputStream:75 - [STDERR_REDIRECT] [Fatal Error] :1:1: Premature end of file.
2025-01-29 23:00:38,469 [ERROR] LogOutputStream:75 - [STDERR_REDIRECT] 
2025-01-29 23:00:39,457 [ERROR] LogOutputStream:75 - [STDERR_REDIRECT] [Fatal Error] :1:1: Premature end of file.
2025-01-29 23:00:39,457 [ERROR] LogOutputStream:75 - [STDERR_REDIRECT] 
2025-01-29 23:00:40,481 [ERROR] LogOutputStream:75 - [STDERR_REDIRECT] [Fatal Error] :1:1: Premature end of file.
2025-01-29 23:00:40,482 [ERROR] LogOutputStream:75 - [STDERR_REDIRECT] 
2025-01-29 23:00:41,474 [ERROR] LogOutputStream:75 - [STDERR_REDIRECT] [Fatal Error] :1:1: Premature end of file.
2025-01-29 23:00:41,474 [ERROR] LogOutputStream:75 - [STDERR_REDIRECT] 
2025-01-29 23:00:42,475 [ERROR] LogOutputStream:75 - [STDERR_REDIRECT] [Fatal Error] :1:1: Premature end of file.
2025-01-29 23:00:42,475 [ERROR] LogOutputStream:75 - [STDERR_REDIRECT] 
2025-01-29 23:00:43,464 [ERROR] LogOutputStream:75 - [STDERR_REDIRECT] [Fatal Error] :1:1: Premature end of file.
2025-01-29 23:00:43,464 [ERROR] LogOutputStream:75 - [STDERR_REDIRECT] 
2025-01-29 23:00:44,449 [ERROR] LogOutputStream:75 - [STDERR_REDIRECT] [Fatal Error] :1:1: Premature end of file.
2025-01-29 23:00:44,449 [ERROR] LogOutputStream:75 - [STDERR_REDIRECT] 
2025-01-29 23:00:45,469 [ERROR] LogOutputStream:75 - [STDERR_REDIRECT] [Fatal Error] :1:1: Premature end of file.
2025-01-29 23:00:45,469 [ERROR] LogOutputStream:75 - [STDERR_REDIRECT] 
2025-01-29 23:00:46,473 [ERROR] LogOutputStream:75 - [STDERR_REDIRECT] [Fatal Error] :1:1: Premature end of file.
2025-01-29 23:00:46,473 [ERROR] LogOutputStream:75 - [STDERR_REDIRECT] 
2025-01-29 23:00:47,467 [ERROR] LogOutputStream:75 - [STDERR_REDIRECT] [Fatal Error] :1:1: Premature end of file.
2025-01-29 23:00:47,467 [ERROR] LogOutputStream:75 - [STDERR_REDIRECT] 
2025-01-29 23:00:48,488 [ERROR] LogOutputStream:75 - [STDERR_REDIRECT] [Fatal Error] :1:1: Premature end of file.
2025-01-29 23:00:48,488 [ERROR] LogOutputStream:75 - [STDERR_REDIRECT] 
2025-01-29 23:00:49,480 [ERROR] LogOutputStream:75 - [STDERR_REDIRECT] [Fatal Error] :1:1: Premature end of file.
2025-01-29 23:00:49,480 [ERROR] LogOutputStream:75 - [STDERR_REDIRECT] 
2025-01-29 23:00:50,468 [ERROR] LogOutputStream:75 - [STDERR_REDIRECT] [Fatal Error] :1:1: Premature end of file.
2025-01-29 23:00:50,468 [ERROR] LogOutputStream:75 - [STDERR_REDIRECT] 
2025-01-29 23:00:51,460 [ERROR] LogOutputStream:75 - [STDERR_REDIRECT] [Fatal Error] :1:1: Premature end of file.
2025-01-29 23:00:51,460 [ERROR] LogOutputStream:75 - [STDERR_REDIRECT] 
2025-01-29 23:00:52,474 [ERROR] LogOutputStream:75 - [STDERR_REDIRECT] [Fatal Error] :1:1: Premature end of file.
2025-01-29 23:00:52,474 [ERROR] LogOutputStream:75 - [STDERR_REDIRECT] 
2025-01-29 23:00:53,472 [ERROR] LogOutputStream:75 - [STDERR_REDIRECT] [Fatal Error] :1:1: Premature end of file.
2025-01-29 23:00:53,472 [ERROR] LogOutputStream:75 - [STDERR_REDIRECT] 
2025-01-29 23:00:54,468 [ERROR] LogOutputStream:75 - [STDERR_REDIRECT] [Fatal Error] :1:1: Premature end of file.
2025-01-29 23:00:54,468 [ERROR] LogOutputStream:75 - [STDERR_REDIRECT] 
2025-01-29 23:00:55,468 [ERROR] LogOutputStream:75 - [STDERR_REDIRECT] [Fatal Error] :1:1: Premature end of file.
2025-01-29 23:00:55,468 [ERROR] LogOutputStream:75 - [STDERR_REDIRECT] 
2025-01-29 23:00:56,466 [ERROR] LogOutputStream:75 - [STDERR_REDIRECT] [Fatal Error] :1:1: Premature end of file.
2025-01-29 23:00:56,466 [ERROR] LogOutputStream:75 - [STDERR_REDIRECT] 
2025-01-29 23:00:57,468 [ERROR] LogOutputStream:75 - [STDERR_REDIRECT] [Fatal Error] :1:1: Premature end of file.
2025-01-29 23:00:57,468 [ERROR] LogOutputStream:75 - [STDERR_REDIRECT] 
2025-01-29 23:00:58,463 [ERROR] LogOutputStream:75 - [STDERR_REDIRECT] [Fatal Error] :1:1: Premature end of file.
2025-01-29 23:00:58,463 [ERROR] LogOutputStream:75 - [STDERR_REDIRECT] 
2025-01-29 23:00:59,452 [ERROR] LogOutputStream:75 - [STDERR_REDIRECT] [Fatal Error] :1:1: Premature end of file.
2025-01-29 23:00:59,452 [ERROR] LogOutputStream:75 - [STDERR_REDIRECT] 
2025-01-29 23:01:00,465 [ERROR] LogOutputStream:75 - [STDERR_REDIRECT] [Fatal Error] :1:1: Premature end of file.
2025-01-29 23:01:00,465 [ERROR] LogOutputStream:75 - [STDERR_REDIRECT] 
2025-01-29 23:01:01,464 [ERROR] LogOutputStream:75 - [STDERR_REDIRECT] [Fatal Error] :1:1: Premature end of file.
2025-01-29 23:01:01,464 [ERROR] LogOutputStream:75 - [STDERR_REDIRECT] 
2025-01-29 23:01:02,472 [ERROR] LogOutputStream:75 - [STDERR_REDIRECT] [Fatal Error] :1:1: Premature end of file.
2025-01-29 23:01:02,472 [ERROR] LogOutputStream:75 - [STDERR_REDIRECT] 
2025-01-29 23:01:03,480 [ERROR] LogOutputStream:75 - [STDERR_REDIRECT] [Fatal Error] :1:1: Premature end of file.
2025-01-29 23:01:03,480 [ERROR] LogOutputStream:75 - [STDERR_REDIRECT] 
2025-01-29 23:01:04,447 [ERROR] LogOutputStream:75 - [STDERR_REDIRECT] [Fatal Error] :1:1: Premature end of file.
2025-01-29 23:01:04,447 [ERROR] LogOutputStream:75 - [STDERR_REDIRECT] 
2025-01-29 23:01:05,474 [ERROR] LogOutputStream:75 - [STDERR_REDIRECT] [Fatal Error] :1:1: Premature end of file.
2025-01-29 23:01:05,474 [ERROR] LogOutputStream:75 - [STDERR_REDIRECT] 
2025-01-29 23:01:06,473 [ERROR] LogOutputStream:75 - [STDERR_REDIRECT] [Fatal Error] :1:1: Premature end of file.
2025-01-29 23:01:06,473 [ERROR] LogOutputStream:75 - [STDERR_REDIRECT] 
2025-01-29 23:01:07,456 [ERROR] LogOutputStream:75 - [STDERR_REDIRECT] [Fatal Error] :1:1: Premature end of file.
2025-01-29 23:01:07,456 [ERROR] LogOutputStream:75 - [STDERR_REDIRECT] 
2025-01-29 23:01:08,451 [ERROR] LogOutputStream:75 - [STDERR_REDIRECT] [Fatal Error] :1:1: Premature end of file.
2025-01-29 23:01:08,451 [ERROR] LogOutputStream:75 - [STDERR_REDIRECT] 
2025-01-29 23:01:09,450 [ERROR] LogOutputStream:75 - [STDERR_REDIRECT] [Fatal Error] :1:1: Premature end of file.
2025-01-29 23:01:09,450 [ERROR] LogOutputStream:75 - [STDERR_REDIRECT] 
2025-01-29 23:01:10,485 [ERROR] LogOutputStream:75 - [STDERR_REDIRECT] [Fatal Error] :1:1: Premature end of file.
2025-01-29 23:01:10,485 [ERROR] LogOutputStream:75 - [STDERR_REDIRECT] 
2025-01-29 23:01:11,448 [ERROR] LogOutputStream:75 - [STDERR_REDIRECT] [Fatal Error] :1:1: Premature end of file.
2025-01-29 23:01:11,448 [ERROR] LogOutputStream:75 - [STDERR_REDIRECT] 
2025-01-29 23:01:12,452 [ERROR] LogOutputStream:75 - [STDERR_REDIRECT] [Fatal Error] :1:1: Premature end of file.
2025-01-29 23:01:12,452 [ERROR] LogOutputStream:75 - [STDERR_REDIRECT] 
2025-01-29 23:01:13,460 [ERROR] LogOutputStream:75 - [STDERR_REDIRECT] [Fatal Error] :1:1: Premature end of file.
2025-01-29 23:01:13,460 [ERROR] LogOutputStream:75 - [STDERR_REDIRECT] 
2025-01-29 23:01:14,461 [ERROR] LogOutputStream:75 - [STDERR_REDIRECT] [Fatal Error] :1:1: Premature end of file.
2025-01-29 23:01:14,461 [ERROR] LogOutputStream:75 - [STDERR_REDIRECT] 
2025-01-29 23:01:15,494 [ERROR] LogOutputStream:75 - [STDERR_REDIRECT] [Fatal Error] :1:1: Premature end of file.
2025-01-29 23:01:15,494 [ERROR] LogOutputStream:75 - [STDERR_REDIRECT] 
2025-01-29 23:01:16,453 [ERROR] LogOutputStream:75 - [STDERR_REDIRECT] [Fatal Error] :1:1: Premature end of file.
2025-01-29 23:01:16,453 [ERROR] LogOutputStream:75 - [STDERR_REDIRECT] 
2025-01-29 23:01:17,454 [ERROR] LogOutputStream:75 - [STDERR_REDIRECT] [Fatal Error] :1:1: Premature end of file.
2025-01-29 23:01:17,454 [ERROR] LogOutputStream:75 - [STDERR_REDIRECT] 
2025-01-29 23:01:18,464 [ERROR] LogOutputStream:75 - [STDERR_REDIRECT] [Fatal Error] :1:1: Premature end of file.
2025-01-29 23:01:18,464 [ERROR] LogOutputStream:75 - [STDERR_REDIRECT] 
2025-01-29 23:01:19,468 [ERROR] LogOutputStream:75 - [STDERR_REDIRECT] [Fatal Error] :1:1: Premature end of file.
2025-01-29 23:01:19,468 [ERROR] LogOutputStream:75 - [STDERR_REDIRECT] 
2025-01-29 23:01:20,447 [ERROR] LogOutputStream:75 - [STDERR_REDIRECT] [Fatal Error] :1:1: Premature end of file.
2025-01-29 23:01:20,447 [ERROR] LogOutputStream:75 - [STDERR_REDIRECT] 
2025-01-29 23:01:21,466 [ERROR] LogOutputStream:75 - [STDERR_REDIRECT] [Fatal Error] :1:1: Premature end of file.
2025-01-29 23:01:21,466 [ERROR] LogOutputStream:75 - [STDERR_REDIRECT] 
2025-01-29 23:01:22,467 [ERROR] LogOutputStream:75 - [STDERR_REDIRECT] [Fatal Error] :1:1: Premature end of file.
2025-01-29 23:01:22,467 [ERROR] LogOutputStream:75 - [STDERR_REDIRECT] 
2025-01-29 23:01:23,466 [ERROR] LogOutputStream:75 - [STDERR_REDIRECT] [Fatal Error] :1:1: Premature end of file.
2025-01-29 23:01:23,466 [ERROR] LogOutputStream:75 - [STDERR_REDIRECT] 
2025-01-29 23:01:24,462 [ERROR] LogOutputStream:75 - [STDERR_REDIRECT] [Fatal Error] :1:1: Premature end of file.
2025-01-29 23:01:24,462 [ERROR] LogOutputStream:75 - [STDERR_REDIRECT] 
2025-01-29 23:01:25,466 [ERROR] LogOutputStream:75 - [STDERR_REDIRECT] [Fatal Error] :1:1: Premature end of file.
2025-01-29 23:01:25,466 [ERROR] LogOutputStream:75 - [STDERR_REDIRECT] 
2025-01-29 23:01:26,475 [ERROR] LogOutputStream:75 - [STDERR_REDIRECT] [Fatal Error] :1:1: Premature end of file.
2025-01-29 23:01:26,475 [ERROR] LogOutputStream:75 - [STDERR_REDIRECT] 
2025-01-29 23:01:27,459 [ERROR] LogOutputStream:75 - [STDERR_REDIRECT] [Fatal Error] :1:1: Premature end of file.
2025-01-29 23:01:27,459 [ERROR] LogOutputStream:75 - [STDERR_REDIRECT] 
2025-01-29 23:01:28,464 [ERROR] LogOutputStream:75 - [STDERR_REDIRECT] [Fatal Error] :1:1: Premature end of file.
2025-01-29 23:01:28,464 [ERROR] LogOutputStream:75 - [STDERR_REDIRECT] 
2025-01-29 23:01:29,464 [ERROR] LogOutputStream:75 - [STDERR_REDIRECT] [Fatal Error] :1:1: Premature end of file.
2025-01-29 23:01:29,464 [ERROR] LogOutputStream:75 - [STDERR_REDIRECT] 
2025-01-29 23:01:30,455 [ERROR] LogOutputStream:75 - [STDERR_REDIRECT] [Fatal Error] :1:1: Premature end of file.
2025-01-29 23:01:30,455 [ERROR] LogOutputStream:75 - [STDERR_REDIRECT] 
2025-01-29 23:01:31,468 [ERROR] LogOutputStream:75 - [STDERR_REDIRECT] [Fatal Error] :1:1: Premature end of file.
2025-01-29 23:01:31,470 [ERROR] LogOutputStream:75 - [STDERR_REDIRECT] 
2025-01-29 23:01:32,468 [ERROR] LogOutputStream:75 - [STDERR_REDIRECT] [Fatal Error] :1:1: Premature end of file.
2025-01-29 23:01:32,468 [ERROR] LogOutputStream:75 - [STDERR_REDIRECT] 
2025-01-29 23:01:33,459 [ERROR] LogOutputStream:75 - [STDERR_REDIRECT] [Fatal Error] :1:1: Premature end of file.
2025-01-29 23:01:33,459 [ERROR] LogOutputStream:75 - [STDERR_REDIRECT] 
2025-01-29 23:01:34,462 [ERROR] LogOutputStream:75 - [STDERR_REDIRECT] [Fatal Error] :1:1: Premature end of file.
2025-01-29 23:01:34,463 [ERROR] LogOutputStream:75 - [STDERR_REDIRECT] 
2025-01-29 23:01:35,464 [ERROR] LogOutputStream:75 - [STDERR_REDIRECT] [Fatal Error] :1:1: Premature end of file.
2025-01-29 23:01:35,464 [ERROR] LogOutputStream:75 - [STDERR_REDIRECT] 
2025-01-29 23:01:36,450 [ERROR] LogOutputStream:75 - [STDERR_REDIRECT] [Fatal Error] :1:1: Premature end of file.
2025-01-29 23:01:36,451 [ERROR] LogOutputStream:75 - [STDERR_REDIRECT] 
2025-01-29 23:01:37,466 [ERROR] LogOutputStream:75 - [STDERR_REDIRECT] [Fatal Error] :1:1: Premature end of file.
2025-01-29 23:01:37,466 [ERROR] LogOutputStream:75 - [STDERR_REDIRECT] 
2025-01-29 23:01:38,468 [ERROR] LogOutputStream:75 - [STDERR_REDIRECT] [Fatal Error] :1:1: Premature end of file.
2025-01-29 23:01:38,468 [ERROR] LogOutputStream:75 - [STDERR_REDIRECT] 
2025-01-29 23:01:39,459 [ERROR] LogOutputStream:75 - [STDERR_REDIRECT] [Fatal Error] :1:1: Premature end of file.
2025-01-29 23:01:39,459 [ERROR] LogOutputStream:75 - [STDERR_REDIRECT] 
2025-01-29 23:01:40,476 [ERROR] LogOutputStream:75 - [STDERR_REDIRECT] [Fatal Error] :1:1: Premature end of file.
2025-01-29 23:01:40,476 [ERROR] LogOutputStream:75 - [STDERR_REDIRECT] 
2025-01-29 23:01:41,461 [ERROR] LogOutputStream:75 - [STDERR_REDIRECT] [Fatal Error] :1:1: Premature end of file.
2025-01-29 23:01:41,461 [ERROR] LogOutputStream:75 - [STDERR_REDIRECT] 
2025-01-29 23:01:42,475 [ERROR] LogOutputStream:75 - [STDERR_REDIRECT] [Fatal Error] :1:1: Premature end of file.
2025-01-29 23:01:42,475 [ERROR] LogOutputStream:75 - [STDERR_REDIRECT] 
2025-01-29 23:01:43,469 [ERROR] LogOutputStream:75 - [STDERR_REDIRECT] [Fatal Error] :1:1: Premature end of file.
2025-01-29 23:01:43,469 [ERROR] LogOutputStream:75 - [STDERR_REDIRECT] 
2025-01-29 23:01:44,457 [ERROR] LogOutputStream:75 - [STDERR_REDIRECT] [Fatal Error] :1:1: Premature end of file.
2025-01-29 23:01:44,458 [ERROR] LogOutputStream:75 - [STDERR_REDIRECT] 
2025-01-29 23:01:45,465 [ERROR] LogOutputStream:75 - [STDERR_REDIRECT] [Fatal Error] :1:1: Premature end of file.
2025-01-29 23:01:45,465 [ERROR] LogOutputStream:75 - [STDERR_REDIRECT] 
2025-01-29 23:01:46,465 [ERROR] LogOutputStream:75 - [STDERR_REDIRECT] [Fatal Error] :1:1: Premature end of file.
2025-01-29 23:01:46,465 [ERROR] LogOutputStream:75 - [STDERR_REDIRECT] 
2025-01-29 23:01:47,466 [ERROR] LogOutputStream:75 - [STDERR_REDIRECT] [Fatal Error] :1:1: Premature end of file.
2025-01-29 23:01:47,466 [ERROR] LogOutputStream:75 - [STDERR_REDIRECT] 
2025-01-29 23:01:48,467 [ERROR] LogOutputStream:75 - [STDERR_REDIRECT] [Fatal Error] :1:1: Premature end of file.
2025-01-29 23:01:48,467 [ERROR] LogOutputStream:75 - [STDERR_REDIRECT] 
2025-01-29 23:01:49,459 [ERROR] LogOutputStream:75 - [STDERR_REDIRECT] [Fatal Error] :1:1: Premature end of file.
2025-01-29 23:01:49,459 [ERROR] LogOutputStream:75 - [STDERR_REDIRECT] 
2025-01-29 23:01:50,474 [ERROR] LogOutputStream:75 - [STDERR_REDIRECT] [Fatal Error] :1:1: Premature end of file.
2025-01-29 23:01:50,474 [ERROR] LogOutputStream:75 - [STDERR_REDIRECT] 
2025-01-29 23:01:51,461 [ERROR] LogOutputStream:75 - [STDERR_REDIRECT] [Fatal Error] :1:1: Premature end of file.
2025-01-29 23:01:51,461 [ERROR] LogOutputStream:75 - [STDERR_REDIRECT] 
2025-01-29 23:01:52,464 [ERROR] LogOutputStream:75 - [STDERR_REDIRECT] [Fatal Error] :1:1: Premature end of file.
2025-01-29 23:01:52,464 [ERROR] LogOutputStream:75 - [STDERR_REDIRECT] 
2025-01-29 23:01:53,465 [ERROR] LogOutputStream:75 - [STDERR_REDIRECT] [Fatal Error] :1:1: Premature end of file.
2025-01-29 23:01:53,465 [ERROR] LogOutputStream:75 - [STDERR_REDIRECT] 
2025-01-29 23:01:54,465 [ERROR] LogOutputStream:75 - [STDERR_REDIRECT] [Fatal Error] :1:1: Premature end of file.
2025-01-29 23:01:54,465 [ERROR] LogOutputStream:75 - [STDERR_REDIRECT] 
2025-01-29 23:01:55,464 [ERROR] LogOutputStream:75 - [STDERR_REDIRECT] [Fatal Error] :1:1: Premature end of file.
2025-01-29 23:01:55,464 [ERROR] LogOutputStream:75 - [STDERR_REDIRECT] 
2025-01-29 23:01:56,464 [ERROR] LogOutputStream:75 - [STDERR_REDIRECT] [Fatal Error] :1:1: Premature end of file.
2025-01-29 23:01:56,464 [ERROR] LogOutputStream:75 - [STDERR_REDIRECT] 
2025-01-29 23:01:57,459 [ERROR] LogOutputStream:75 - [STDERR_REDIRECT] [Fatal Error] :1:1: Premature end of file.
2025-01-29 23:01:57,459 [ERROR] LogOutputStream:75 - [STDERR_REDIRECT] 
2025-01-29 23:01:58,479 [ERROR] LogOutputStream:75 - [STDERR_REDIRECT] [Fatal Error] :1:1: Premature end of file.
2025-01-29 23:01:58,479 [ERROR] LogOutputStream:75 - [STDERR_REDIRECT] 
2025-01-29 23:01:59,461 [ERROR] LogOutputStream:75 - [STDERR_REDIRECT] [Fatal Error] :1:1: Premature end of file.
2025-01-29 23:01:59,461 [ERROR] LogOutputStream:75 - [STDERR_REDIRECT] 
2025-01-29 23:02:00,462 [ERROR] LogOutputStream:75 - [STDERR_REDIRECT] [Fatal Error] :1:1: Premature end of file.
2025-01-29 23:02:00,463 [ERROR] LogOutputStream:75 - [STDERR_REDIRECT] 
2025-01-29 23:02:01,472 [ERROR] LogOutputStream:75 - [STDERR_REDIRECT] [Fatal Error] :1:1: Premature end of file.
2025-01-29 23:02:01,474 [ERROR] LogOutputStream:75 - [STDERR_REDIRECT] 
2025-01-29 23:02:02,460 [ERROR] LogOutputStream:75 - [STDERR_REDIRECT] [Fatal Error] :1:1: Premature end of file.
2025-01-29 23:02:02,460 [ERROR] LogOutputStream:75 - [STDERR_REDIRECT] 
2025-01-29 23:02:03,463 [ERROR] LogOutputStream:75 - [STDERR_REDIRECT] [Fatal Error] :1:1: Premature end of file.
2025-01-29 23:02:03,463 [ERROR] LogOutputStream:75 - [STDERR_REDIRECT] 
2025-01-29 23:02:04,462 [ERROR] LogOutputStream:75 - [STDERR_REDIRECT] [Fatal Error] :1:1: Premature end of file.
2025-01-29 23:02:04,462 [ERROR] LogOutputStream:75 - [STDERR_REDIRECT] 
2025-01-29 23:02:05,458 [ERROR] LogOutputStream:75 - [STDERR_REDIRECT] [Fatal Error] :1:1: Premature end of file.
2025-01-29 23:02:05,459 [ERROR] LogOutputStream:75 - [STDERR_REDIRECT] 
2025-01-29 23:02:06,460 [ERROR] LogOutputStream:75 - [STDERR_REDIRECT] [Fatal Error] :1:1: Premature end of file.
2025-01-29 23:02:06,460 [ERROR] LogOutputStream:75 - [STDERR_REDIRECT] 
2025-01-29 23:02:07,459 [ERROR] LogOutputStream:75 - [STDERR_REDIRECT] [Fatal Error] :1:1: Premature end of file.
2025-01-29 23:02:07,460 [ERROR] LogOutputStream:75 - [STDERR_REDIRECT] 
2025-01-29 23:02:08,463 [ERROR] LogOutputStream:75 - [STDERR_REDIRECT] [Fatal Error] :1:1: Premature end of file.
2025-01-29 23:02:08,463 [ERROR] LogOutputStream:75 - [STDERR_REDIRECT] 
2025-01-29 23:02:09,465 [ERROR] LogOutputStream:75 - [STDERR_REDIRECT] [Fatal Error] :1:1: Premature end of file.
2025-01-29 23:02:09,467 [ERROR] LogOutputStream:75 - [STDERR_REDIRECT] 
2025-01-29 23:02:10,459 [ERROR] LogOutputStream:75 - [STDERR_REDIRECT] [Fatal Error] :1:1: Premature end of file.
2025-01-29 23:02:10,459 [ERROR] LogOutputStream:75 - [STDERR_REDIRECT] 
2025-01-29 23:02:11,461 [ERROR] LogOutputStream:75 - [STDERR_REDIRECT] [Fatal Error] :1:1: Premature end of file.
2025-01-29 23:02:11,461 [ERROR] LogOutputStream:75 - [STDERR_REDIRECT] 
2025-01-29 23:02:12,466 [ERROR] LogOutputStream:75 - [STDERR_REDIRECT] [Fatal Error] :1:1: Premature end of file.
2025-01-29 23:02:12,466 [ERROR] LogOutputStream:75 - [STDERR_REDIRECT] 
2025-01-29 23:02:13,455 [ERROR] LogOutputStream:75 - [STDERR_REDIRECT] [Fatal Error] :1:1: Premature end of file.
2025-01-29 23:02:13,455 [ERROR] LogOutputStream:75 - [STDERR_REDIRECT] 
2025-01-29 23:02:14,459 [ERROR] LogOutputStream:75 - [STDERR_REDIRECT] [Fatal Error] :1:1: Premature end of file.
2025-01-29 23:02:14,459 [ERROR] LogOutputStream:75 - [STDERR_REDIRECT] 
2025-01-29 23:02:15,459 [ERROR] LogOutputStream:75 - [STDERR_REDIRECT] [Fatal Error] :1:1: Premature end of file.
2025-01-29 23:02:15,459 [ERROR] LogOutputStream:75 - [STDERR_REDIRECT] 
2025-01-29 23:02:16,463 [ERROR] LogOutputStream:75 - [STDERR_REDIRECT] [Fatal Error] :1:1: Premature end of file.
2025-01-29 23:02:16,463 [ERROR] LogOutputStream:75 - [STDERR_REDIRECT] 
2025-01-29 23:02:17,463 [ERROR] LogOutputStream:75 - [STDERR_REDIRECT] [Fatal Error] :1:1: Premature end of file.
2025-01-29 23:02:17,463 [ERROR] LogOutputStream:75 - [STDERR_REDIRECT] 
2025-01-29 23:02:18,458 [ERROR] LogOutputStream:75 - [STDERR_REDIRECT] [Fatal Error] :1:1: Premature end of file.
2025-01-29 23:02:18,458 [ERROR] LogOutputStream:75 - [STDERR_REDIRECT] 
2025-01-29 23:02:19,462 [ERROR] LogOutputStream:75 - [STDERR_REDIRECT] [Fatal Error] :1:1: Premature end of file.
2025-01-29 23:02:19,462 [ERROR] LogOutputStream:75 - [STDERR_REDIRECT] 
2025-01-29 23:02:20,463 [ERROR] LogOutputStream:75 - [STDERR_REDIRECT] [Fatal Error] :1:1: Premature end of file.
2025-01-29 23:02:20,463 [ERROR] LogOutputStream:75 - [STDERR_REDIRECT] 
2025-01-29 23:02:21,463 [ERROR] LogOutputStream:75 - [STDERR_REDIRECT] [Fatal Error] :1:1: Premature end of file.
2025-01-29 23:02:21,463 [ERROR] LogOutputStream:75 - [STDERR_REDIRECT] 
2025-01-29 23:02:22,462 [ERROR] LogOutputStream:75 - [STDERR_REDIRECT] [Fatal Error] :1:1: Premature end of file.
2025-01-29 23:02:22,462 [ERROR] LogOutputStream:75 - [STDERR_REDIRECT] 
2025-01-29 23:02:23,464 [ERROR] LogOutputStream:75 - [STDERR_REDIRECT] [Fatal Error] :1:1: Premature end of file.
2025-01-29 23:02:23,464 [ERROR] LogOutputStream:75 - [STDERR_REDIRECT] 
2025-01-29 23:02:24,473 [ERROR] LogOutputStream:75 - [STDERR_REDIRECT] [Fatal Error] :1:1: Premature end of file.
2025-01-29 23:02:24,473 [ERROR] LogOutputStream:75 - [STDERR_REDIRECT] 
2025-01-29 23:02:25,455 [ERROR] LogOutputStream:75 - [STDERR_REDIRECT] [Fatal Error] :1:1: Premature end of file.
2025-01-29 23:02:25,455 [ERROR] LogOutputStream:75 - [STDERR_REDIRECT] 
2025-01-29 23:02:26,459 [ERROR] LogOutputStream:75 - [STDERR_REDIRECT] [Fatal Error] :1:1: Premature end of file.
2025-01-29 23:02:26,459 [ERROR] LogOutputStream:75 - [STDERR_REDIRECT] 
2025-01-29 23:02:27,466 [ERROR] LogOutputStream:75 - [STDERR_REDIRECT] [Fatal Error] :1:1: Premature end of file.
2025-01-29 23:02:27,466 [ERROR] LogOutputStream:75 - [STDERR_REDIRECT] 
2025-01-29 23:02:28,463 [ERROR] LogOutputStream:75 - [STDERR_REDIRECT] [Fatal Error] :1:1: Premature end of file.
2025-01-29 23:02:28,463 [ERROR] LogOutputStream:75 - [STDERR_REDIRECT] 
2025-01-29 23:02:29,467 [ERROR] LogOutputStream:75 - [STDERR_REDIRECT] [Fatal Error] :1:1: Premature end of file.
2025-01-29 23:02:29,467 [ERROR] LogOutputStream:75 - [STDERR_REDIRECT] 
2025-01-29 23:02:30,465 [ERROR] LogOutputStream:75 - [STDERR_REDIRECT] [Fatal Error] :1:1: Premature end of file.
2025-01-29 23:02:30,465 [ERROR] LogOutputStream:75 - [STDERR_REDIRECT] 
2025-01-29 23:02:31,459 [ERROR] LogOutputStream:75 - [STDERR_REDIRECT] [Fatal Error] :1:1: Premature end of file.
2025-01-29 23:02:31,459 [ERROR] LogOutputStream:75 - [STDERR_REDIRECT] 
2025-01-29 23:02:32,461 [ERROR] LogOutputStream:75 - [STDERR_REDIRECT] [Fatal Error] :1:1: Premature end of file.
2025-01-29 23:02:32,461 [ERROR] LogOutputStream:75 - [STDERR_REDIRECT] 
2025-01-29 23:02:33,459 [ERROR] LogOutputStream:75 - [STDERR_REDIRECT] [Fatal Error] :1:1: Premature end of file.
2025-01-29 23:02:33,459 [ERROR] LogOutputStream:75 - [STDERR_REDIRECT] 
2025-01-29 23:02:34,473 [ERROR] LogOutputStream:75 - [STDERR_REDIRECT] [Fatal Error] :1:1: Premature end of file.
2025-01-29 23:02:34,473 [ERROR] LogOutputStream:75 - [STDERR_REDIRECT] 
2025-01-29 23:02:35,458 [ERROR] LogOutputStream:75 - [STDERR_REDIRECT] [Fatal Error] :1:1: Premature end of file.
2025-01-29 23:02:35,460 [ERROR] LogOutputStream:75 - [STDERR_REDIRECT] 
2025-01-29 23:02:36,454 [ERROR] LogOutputStream:75 - [STDERR_REDIRECT] [Fatal Error] :1:1: Premature end of file.
2025-01-29 23:02:36,454 [ERROR] LogOutputStream:75 - [STDERR_REDIRECT] 
2025-01-29 23:02:37,460 [ERROR] LogOutputStream:75 - [STDERR_REDIRECT] [Fatal Error] :1:1: Premature end of file.
2025-01-29 23:02:37,460 [ERROR] LogOutputStream:75 - [STDERR_REDIRECT] 
2025-01-29 23:02:38,459 [ERROR] LogOutputStream:75 - [STDERR_REDIRECT] [Fatal Error] :1:1: Premature end of file.
2025-01-29 23:02:38,460 [ERROR] LogOutputStream:75 - [STDERR_REDIRECT] 
2025-01-29 23:02:39,452 [ERROR] LogOutputStream:75 - [STDERR_REDIRECT] [Fatal Error] :1:1: Premature end of file.
2025-01-29 23:02:39,452 [ERROR] LogOutputStream:75 - [STDERR_REDIRECT] 
2025-01-29 23:02:40,458 [ERROR] LogOutputStream:75 - [STDERR_REDIRECT] [Fatal Error] :1:1: Premature end of file.
2025-01-29 23:02:40,458 [ERROR] LogOutputStream:75 - [STDERR_REDIRECT] 
2025-01-29 23:02:41,470 [ERROR] LogOutputStream:75 - [STDERR_REDIRECT] [Fatal Error] :1:1: Premature end of file.
2025-01-29 23:02:41,470 [ERROR] LogOutputStream:75 - [STDERR_REDIRECT] 
2025-01-29 23:02:42,458 [ERROR] LogOutputStream:75 - [STDERR_REDIRECT] [Fatal Error] :1:1: Premature end of file.
2025-01-29 23:02:42,458 [ERROR] LogOutputStream:75 - [STDERR_REDIRECT] 
2025-01-29 23:02:43,468 [ERROR] LogOutputStream:75 - [STDERR_REDIRECT] [Fatal Error] :1:1: Premature end of file.
2025-01-29 23:02:43,468 [ERROR] LogOutputStream:75 - [STDERR_REDIRECT] 
2025-01-29 23:02:44,466 [ERROR] LogOutputStream:75 - [STDERR_REDIRECT] [Fatal Error] :1:1: Premature end of file.
2025-01-29 23:02:44,466 [ERROR] LogOutputStream:75 - [STDERR_REDIRECT] 
2025-01-29 23:02:45,461 [ERROR] LogOutputStream:75 - [STDERR_REDIRECT] [Fatal Error] :1:1: Premature end of file.
2025-01-29 23:02:45,461 [ERROR] LogOutputStream:75 - [STDERR_REDIRECT] 
2025-01-29 23:02:46,463 [ERROR] LogOutputStream:75 - [STDERR_REDIRECT] [Fatal Error] :1:1: Premature end of file.
2025-01-29 23:02:46,463 [ERROR] LogOutputStream:75 - [STDERR_REDIRECT] 
2025-01-29 23:02:47,460 [ERROR] LogOutputStream:75 - [STDERR_REDIRECT] [Fatal Error] :1:1: Premature end of file.
2025-01-29 23:02:47,460 [ERROR] LogOutputStream:75 - [STDERR_REDIRECT] 
2025-01-29 23:02:48,461 [ERROR] LogOutputStream:75 - [STDERR_REDIRECT] [Fatal Error] :1:1: Premature end of file.
2025-01-29 23:02:48,461 [ERROR] LogOutputStream:75 - [STDERR_REDIRECT] 
2025-01-29 23:02:49,463 [ERROR] LogOutputStream:75 - [STDERR_REDIRECT] [Fatal Error] :1:1: Premature end of file.
2025-01-29 23:02:49,463 [ERROR] LogOutputStream:75 - [STDERR_REDIRECT] 
2025-01-29 23:02:50,455 [ERROR] LogOutputStream:75 - [STDERR_REDIRECT] [Fatal Error] :1:1: Premature end of file.
2025-01-29 23:02:50,455 [ERROR] LogOutputStream:75 - [STDERR_REDIRECT] 
2025-01-29 23:02:51,461 [ERROR] LogOutputStream:75 - [STDERR_REDIRECT] [Fatal Error] :1:1: Premature end of file.
2025-01-29 23:02:51,461 [ERROR] LogOutputStream:75 - [STDERR_REDIRECT] 
2025-01-29 23:02:52,466 [ERROR] LogOutputStream:75 - [STDERR_REDIRECT] [Fatal Error] :1:1: Premature end of file.
2025-01-29 23:02:52,466 [ERROR] LogOutputStream:75 - [STDERR_REDIRECT] 
2025-01-29 23:02:53,455 [ERROR] LogOutputStream:75 - [STDERR_REDIRECT] [Fatal Error] :1:1: Premature end of file.
2025-01-29 23:02:53,455 [ERROR] LogOutputStream:75 - [STDERR_REDIRECT] 
2025-01-29 23:02:54,465 [ERROR] LogOutputStream:75 - [STDERR_REDIRECT] [Fatal Error] :1:1: Premature end of file.
2025-01-29 23:02:54,465 [ERROR] LogOutputStream:75 - [STDERR_REDIRECT] 
2025-01-29 23:02:55,472 [ERROR] LogOutputStream:75 - [STDERR_REDIRECT] [Fatal Error] :1:1: Premature end of file.
2025-01-29 23:02:55,472 [ERROR] LogOutputStream:75 - [STDERR_REDIRECT] 
2025-01-29 23:02:56,467 [ERROR] LogOutputStream:75 - [STDERR_REDIRECT] [Fatal Error] :1:1: Premature end of file.
2025-01-29 23:02:56,467 [ERROR] LogOutputStream:75 - [STDERR_REDIRECT] 
2025-01-29 23:02:57,466 [ERROR] LogOutputStream:75 - [STDERR_REDIRECT] [Fatal Error] :1:1: Premature end of file.
2025-01-29 23:02:57,466 [ERROR] LogOutputStream:75 - [STDERR_REDIRECT] 
2025-01-29 23:02:58,460 [ERROR] LogOutputStream:75 - [STDERR_REDIRECT] [Fatal Error] :1:1: Premature end of file.
2025-01-29 23:02:58,460 [ERROR] LogOutputStream:75 - [STDERR_REDIRECT] 
2025-01-29 23:02:59,454 [ERROR] LogOutputStream:75 - [STDERR_REDIRECT] [Fatal Error] :1:1: Premature end of file.
2025-01-29 23:02:59,454 [ERROR] LogOutputStream:75 - [STDERR_REDIRECT] 
2025-01-29 23:03:00,457 [ERROR] LogOutputStream:75 - [STDERR_REDIRECT] [Fatal Error] :1:1: Premature end of file.
2025-01-29 23:03:00,457 [ERROR] LogOutputStream:75 - [STDERR_REDIRECT] 
2025-01-29 23:03:01,463 [ERROR] LogOutputStream:75 - [STDERR_REDIRECT] [Fatal Error] :1:1: Premature end of file.
2025-01-29 23:03:01,465 [ERROR] LogOutputStream:75 - [STDERR_REDIRECT] 
2025-01-29 23:03:02,466 [ERROR] LogOutputStream:75 - [STDERR_REDIRECT] [Fatal Error] :1:1: Premature end of file.
2025-01-29 23:03:02,467 [ERROR] LogOutputStream:75 - [STDERR_REDIRECT] 
2025-01-29 23:03:03,460 [ERROR] LogOutputStream:75 - [STDERR_REDIRECT] [Fatal Error] :1:1: Premature end of file.
2025-01-29 23:03:03,460 [ERROR] LogOutputStream:75 - [STDERR_REDIRECT] 
2025-01-29 23:03:04,477 [ERROR] LogOutputStream:75 - [STDERR_REDIRECT] [Fatal Error] :1:1: Premature end of file.
2025-01-29 23:03:04,477 [ERROR] LogOutputStream:75 - [STDERR_REDIRECT] 
2025-01-29 23:03:05,465 [ERROR] LogOutputStream:75 - [STDERR_REDIRECT] [Fatal Error] :1:1: Premature end of file.
2025-01-29 23:03:05,465 [ERROR] LogOutputStream:75 - [STDERR_REDIRECT] 
2025-01-29 23:03:06,458 [ERROR] LogOutputStream:75 - [STDERR_REDIRECT] [Fatal Error] :1:1: Premature end of file.
2025-01-29 23:03:06,458 [ERROR] LogOutputStream:75 - [STDERR_REDIRECT] 
2025-01-29 23:03:07,463 [ERROR] LogOutputStream:75 - [STDERR_REDIRECT] [Fatal Error] :1:1: Premature end of file.
2025-01-29 23:03:07,463 [ERROR] LogOutputStream:75 - [STDERR_REDIRECT] 
2025-01-29 23:03:08,452 [ERROR] LogOutputStream:75 - [STDERR_REDIRECT] [Fatal Error] :1:1: Premature end of file.
2025-01-29 23:03:08,452 [ERROR] LogOutputStream:75 - [STDERR_REDIRECT] 
2025-01-29 23:03:09,463 [ERROR] LogOutputStream:75 - [STDERR_REDIRECT] [Fatal Error] :1:1: Premature end of file.
2025-01-29 23:03:09,463 [ERROR] LogOutputStream:75 - [STDERR_REDIRECT] 
2025-01-29 23:03:10,467 [ERROR] LogOutputStream:75 - [STDERR_REDIRECT] [Fatal Error] :1:1: Premature end of file.
2025-01-29 23:03:10,467 [ERROR] LogOutputStream:75 - [STDERR_REDIRECT] 
2025-01-29 23:03:11,466 [ERROR] LogOutputStream:75 - [STDERR_REDIRECT] [Fatal Error] :1:1: Premature end of file.
2025-01-29 23:03:11,466 [ERROR] LogOutputStream:75 - [STDERR_REDIRECT] 
2025-01-29 23:03:12,465 [ERROR] LogOutputStream:75 - [STDERR_REDIRECT] [Fatal Error] :1:1: Premature end of file.
2025-01-29 23:03:12,465 [ERROR] LogOutputStream:75 - [STDERR_REDIRECT] 
2025-01-29 23:03:13,466 [ERROR] LogOutputStream:75 - [STDERR_REDIRECT] [Fatal Error] :1:1: Premature end of file.
2025-01-29 23:03:13,466 [ERROR] LogOutputStream:75 - [STDERR_REDIRECT] 
2025-01-29 23:03:14,460 [ERROR] LogOutputStream:75 - [STDERR_REDIRECT] [Fatal Error] :1:1: Premature end of file.
2025-01-29 23:03:14,460 [ERROR] LogOutputStream:75 - [STDERR_REDIRECT] 
2025-01-29 23:03:15,466 [ERROR] LogOutputStream:75 - [STDERR_REDIRECT] [Fatal Error] :1:1: Premature end of file.
2025-01-29 23:03:15,466 [ERROR] LogOutputStream:75 - [STDERR_REDIRECT] 
2025-01-29 23:03:16,465 [ERROR] LogOutputStream:75 - [STDERR_REDIRECT] [Fatal Error] :1:1: Premature end of file.
2025-01-29 23:03:16,465 [ERROR] LogOutputStream:75 - [STDERR_REDIRECT] 
2025-01-29 23:03:17,467 [ERROR] LogOutputStream:75 - [STDERR_REDIRECT] [Fatal Error] :1:1: Premature end of file.
2025-01-29 23:03:17,467 [ERROR] LogOutputStream:75 - [STDERR_REDIRECT] 
2025-01-29 23:03:18,480 [ERROR] LogOutputStream:75 - [STDERR_REDIRECT] [Fatal Error] :1:1: Premature end of file.
2025-01-29 23:03:18,480 [ERROR] LogOutputStream:75 - [STDERR_REDIRECT] 
2025-01-29 23:03:19,463 [ERROR] LogOutputStream:75 - [STDERR_REDIRECT] [Fatal Error] :1:1: Premature end of file.
2025-01-29 23:03:19,464 [ERROR] LogOutputStream:75 - [STDERR_REDIRECT] 
2025-01-29 23:03:20,469 [ERROR] LogOutputStream:75 - [STDERR_REDIRECT] [Fatal Error] :1:1: Premature end of file.
2025-01-29 23:03:20,469 [ERROR] LogOutputStream:75 - [STDERR_REDIRECT] 
2025-01-29 23:03:21,456 [ERROR] LogOutputStream:75 - [STDERR_REDIRECT] [Fatal Error] :1:1: Premature end of file.
2025-01-29 23:03:21,456 [ERROR] LogOutputStream:75 - [STDERR_REDIRECT] 
2025-01-29 23:03:22,463 [ERROR] LogOutputStream:75 - [STDERR_REDIRECT] [Fatal Error] :1:1: Premature end of file.
2025-01-29 23:03:22,464 [ERROR] LogOutputStream:75 - [STDERR_REDIRECT] 
2025-01-29 23:03:23,460 [ERROR] LogOutputStream:75 - [STDERR_REDIRECT] [Fatal Error] :1:1: Premature end of file.
2025-01-29 23:03:23,460 [ERROR] LogOutputStream:75 - [STDERR_REDIRECT] 
2025-01-29 23:03:24,465 [ERROR] LogOutputStream:75 - [STDERR_REDIRECT] [Fatal Error] :1:1: Premature end of file.
2025-01-29 23:03:24,465 [ERROR] LogOutputStream:75 - [STDERR_REDIRECT] 
2025-01-29 23:03:25,466 [ERROR] LogOutputStream:75 - [STDERR_REDIRECT] [Fatal Error] :1:1: Premature end of file.
2025-01-29 23:03:25,467 [ERROR] LogOutputStream:75 - [STDERR_REDIRECT] 
2025-01-29 23:03:26,456 [ERROR] LogOutputStream:75 - [STDERR_REDIRECT] [Fatal Error] :1:1: Premature end of file.
2025-01-29 23:03:26,456 [ERROR] LogOutputStream:75 - [STDERR_REDIRECT] 
2025-01-29 23:03:27,459 [ERROR] LogOutputStream:75 - [STDERR_REDIRECT] [Fatal Error] :1:1: Premature end of file.
2025-01-29 23:03:27,459 [ERROR] LogOutputStream:75 - [STDERR_REDIRECT] 
2025-01-29 23:03:28,471 [ERROR] LogOutputStream:75 - [STDERR_REDIRECT] [Fatal Error] :1:1: Premature end of file.
2025-01-29 23:03:28,471 [ERROR] LogOutputStream:75 - [STDERR_REDIRECT] 
2025-01-29 23:03:29,462 [ERROR] LogOutputStream:75 - [STDERR_REDIRECT] [Fatal Error] :1:1: Premature end of file.
2025-01-29 23:03:29,462 [ERROR] LogOutputStream:75 - [STDERR_REDIRECT] 
2025-01-29 23:03:30,476 [ERROR] LogOutputStream:75 - [STDERR_REDIRECT] [Fatal Error] :1:1: Premature end of file.
2025-01-29 23:03:30,476 [ERROR] LogOutputStream:75 - [STDERR_REDIRECT] 
2025-01-29 23:03:31,463 [ERROR] LogOutputStream:75 - [STDERR_REDIRECT] [Fatal Error] :1:1: Premature end of file.
2025-01-29 23:03:31,463 [ERROR] LogOutputStream:75 - [STDERR_REDIRECT] 
2025-01-29 23:03:32,479 [ERROR] LogOutputStream:75 - [STDERR_REDIRECT] [Fatal Error] :1:1: Premature end of file.
2025-01-29 23:03:32,479 [ERROR] LogOutputStream:75 - [STDERR_REDIRECT] 
2025-01-29 23:03:33,476 [ERROR] LogOutputStream:75 - [STDERR_REDIRECT] [Fatal Error] :1:1: Premature end of file.
2025-01-29 23:03:33,476 [ERROR] LogOutputStream:75 - [STDERR_REDIRECT] 
2025-01-29 23:03:34,461 [ERROR] LogOutputStream:75 - [STDERR_REDIRECT] [Fatal Error] :1:1: Premature end of file.
2025-01-29 23:03:34,461 [ERROR] LogOutputStream:75 - [STDERR_REDIRECT] 
2025-01-29 23:03:35,464 [ERROR] LogOutputStream:75 - [STDERR_REDIRECT] [Fatal Error] :1:1: Premature end of file.
2025-01-29 23:03:35,464 [ERROR] LogOutputStream:75 - [STDERR_REDIRECT] 
2025-01-29 23:03:36,456 [ERROR] LogOutputStream:75 - [STDERR_REDIRECT] [Fatal Error] :1:1: Premature end of file.
2025-01-29 23:03:36,456 [ERROR] LogOutputStream:75 - [STDERR_REDIRECT] 
2025-01-29 23:03:37,468 [ERROR] LogOutputStream:75 - [STDERR_REDIRECT] [Fatal Error] :1:1: Premature end of file.
2025-01-29 23:03:37,468 [ERROR] LogOutputStream:75 - [STDERR_REDIRECT] 
2025-01-29 23:03:38,455 [ERROR] LogOutputStream:75 - [STDERR_REDIRECT] [Fatal Error] :1:1: Premature end of file.
2025-01-29 23:03:38,455 [ERROR] LogOutputStream:75 - [STDERR_REDIRECT] 
2025-01-29 23:03:39,460 [ERROR] LogOutputStream:75 - [STDERR_REDIRECT] [Fatal Error] :1:1: Premature end of file.
2025-01-29 23:03:39,460 [ERROR] LogOutputStream:75 - [STDERR_REDIRECT] 
2025-01-29 23:03:40,476 [ERROR] LogOutputStream:75 - [STDERR_REDIRECT] [Fatal Error] :1:1: Premature end of file.
2025-01-29 23:03:40,476 [ERROR] LogOutputStream:75 - [STDERR_REDIRECT] 
2025-01-29 23:03:41,456 [ERROR] LogOutputStream:75 - [STDERR_REDIRECT] [Fatal Error] :1:1: Premature end of file.
2025-01-29 23:03:41,456 [ERROR] LogOutputStream:75 - [STDERR_REDIRECT] 
2025-01-29 23:03:42,469 [ERROR] LogOutputStream:75 - [STDERR_REDIRECT] [Fatal Error] :1:1: Premature end of file.
2025-01-29 23:03:42,469 [ERROR] LogOutputStream:75 - [STDERR_REDIRECT] 
2025-01-29 23:03:43,459 [ERROR] LogOutputStream:75 - [STDERR_REDIRECT] [Fatal Error] :1:1: Premature end of file.
2025-01-29 23:03:43,459 [ERROR] LogOutputStream:75 - [STDERR_REDIRECT] 
2025-01-29 23:03:44,462 [ERROR] LogOutputStream:75 - [STDERR_REDIRECT] [Fatal Error] :1:1: Premature end of file.
2025-01-29 23:03:44,462 [ERROR] LogOutputStream:75 - [STDERR_REDIRECT] 
2025-01-29 23:03:45,452 [ERROR] LogOutputStream:75 - [STDERR_REDIRECT] [Fatal Error] :1:1: Premature end of file.
2025-01-29 23:03:45,452 [ERROR] LogOutputStream:75 - [STDERR_REDIRECT] 
2025-01-29 23:03:46,458 [ERROR] LogOutputStream:75 - [STDERR_REDIRECT] [Fatal Error] :1:1: Premature end of file.
2025-01-29 23:03:46,458 [ERROR] LogOutputStream:75 - [STDERR_REDIRECT] 
2025-01-29 23:03:47,462 [ERROR] LogOutputStream:75 - [STDERR_REDIRECT] [Fatal Error] :1:1: Premature end of file.
2025-01-29 23:03:47,462 [ERROR] LogOutputStream:75 - [STDERR_REDIRECT] 
2025-01-29 23:03:48,464 [ERROR] LogOutputStream:75 - [STDERR_REDIRECT] [Fatal Error] :1:1: Premature end of file.
2025-01-29 23:03:48,464 [ERROR] LogOutputStream:75 - [STDERR_REDIRECT] 
2025-01-29 23:03:49,464 [ERROR] LogOutputStream:75 - [STDERR_REDIRECT] [Fatal Error] :1:1: Premature end of file.
2025-01-29 23:03:49,464 [ERROR] LogOutputStream:75 - [STDERR_REDIRECT] 
2025-01-29 23:03:50,456 [ERROR] LogOutputStream:75 - [STDERR_REDIRECT] [Fatal Error] :1:1: Premature end of file.
2025-01-29 23:03:50,457 [ERROR] LogOutputStream:75 - [STDERR_REDIRECT] 
2025-01-29 23:03:51,463 [ERROR] LogOutputStream:75 - [STDERR_REDIRECT] [Fatal Error] :1:1: Premature end of file.
2025-01-29 23:03:51,463 [ERROR] LogOutputStream:75 - [STDERR_REDIRECT] 
2025-01-29 23:03:52,451 [ERROR] LogOutputStream:75 - [STDERR_REDIRECT] [Fatal Error] :1:1: Premature end of file.
2025-01-29 23:03:52,451 [ERROR] LogOutputStream:75 - [STDERR_REDIRECT] 
2025-01-29 23:03:53,464 [ERROR] LogOutputStream:75 - [STDERR_REDIRECT] [Fatal Error] :1:1: Premature end of file.
2025-01-29 23:03:53,464 [ERROR] LogOutputStream:75 - [STDERR_REDIRECT] 
2025-01-29 23:03:54,463 [ERROR] LogOutputStream:75 - [STDERR_REDIRECT] [Fatal Error] :1:1: Premature end of file.
2025-01-29 23:03:54,464 [ERROR] LogOutputStream:75 - [STDERR_REDIRECT] 
2025-01-29 23:03:55,470 [ERROR] LogOutputStream:75 - [STDERR_REDIRECT] [Fatal Error] :1:1: Premature end of file.
2025-01-29 23:03:55,470 [ERROR] LogOutputStream:75 - [STDERR_REDIRECT] 
2025-01-29 23:03:56,463 [ERROR] LogOutputStream:75 - [STDERR_REDIRECT] [Fatal Error] :1:1: Premature end of file.
2025-01-29 23:03:56,463 [ERROR] LogOutputStream:75 - [STDERR_REDIRECT] 
2025-01-29 23:03:57,463 [ERROR] LogOutputStream:75 - [STDERR_REDIRECT] [Fatal Error] :1:1: Premature end of file.
2025-01-29 23:03:57,463 [ERROR] LogOutputStream:75 - [STDERR_REDIRECT] 
2025-01-29 23:03:58,463 [ERROR] LogOutputStream:75 - [STDERR_REDIRECT] [Fatal Error] :1:1: Premature end of file.
2025-01-29 23:03:58,463 [ERROR] LogOutputStream:75 - [STDERR_REDIRECT] 
2025-01-29 23:03:59,448 [ERROR] LogOutputStream:75 - [STDERR_REDIRECT] [Fatal Error] :1:1: Premature end of file.
2025-01-29 23:03:59,450 [ERROR] LogOutputStream:75 - [STDERR_REDIRECT] 
2025-01-29 23:04:00,467 [ERROR] LogOutputStream:75 - [STDERR_REDIRECT] [Fatal Error] :1:1: Premature end of file.
2025-01-29 23:04:00,467 [ERROR] LogOutputStream:75 - [STDERR_REDIRECT] 
2025-01-29 23:04:01,461 [ERROR] LogOutputStream:75 - [STDERR_REDIRECT] [Fatal Error] :1:1: Premature end of file.
2025-01-29 23:04:01,461 [ERROR] LogOutputStream:75 - [STDERR_REDIRECT] 
2025-01-29 23:04:02,466 [ERROR] LogOutputStream:75 - [STDERR_REDIRECT] [Fatal Error] :1:1: Premature end of file.
2025-01-29 23:04:02,466 [ERROR] LogOutputStream:75 - [STDERR_REDIRECT] 
2025-01-29 23:04:03,470 [ERROR] LogOutputStream:75 - [STDERR_REDIRECT] [Fatal Error] :1:1: Premature end of file.
2025-01-29 23:04:03,470 [ERROR] LogOutputStream:75 - [STDERR_REDIRECT] 
2025-01-29 23:04:04,462 [ERROR] LogOutputStream:75 - [STDERR_REDIRECT] [Fatal Error] :1:1: Premature end of file.
2025-01-29 23:04:04,462 [ERROR] LogOutputStream:75 - [STDERR_REDIRECT] 
2025-01-29 23:04:05,463 [ERROR] LogOutputStream:75 - [STDERR_REDIRECT] [Fatal Error] :1:1: Premature end of file.
2025-01-29 23:04:05,463 [ERROR] LogOutputStream:75 - [STDERR_REDIRECT] 
2025-01-29 23:04:06,460 [ERROR] LogOutputStream:75 - [STDERR_REDIRECT] [Fatal Error] :1:1: Premature end of file.
2025-01-29 23:04:06,460 [ERROR] LogOutputStream:75 - [STDERR_REDIRECT] 
2025-01-29 23:04:07,463 [ERROR] LogOutputStream:75 - [STDERR_REDIRECT] [Fatal Error] :1:1: Premature end of file.
2025-01-29 23:04:07,463 [ERROR] LogOutputStream:75 - [STDERR_REDIRECT] 
2025-01-29 23:04:08,460 [ERROR] LogOutputStream:75 - [STDERR_REDIRECT] [Fatal Error] :1:1: Premature end of file.
2025-01-29 23:04:08,460 [ERROR] LogOutputStream:75 - [STDERR_REDIRECT] 
2025-01-29 23:04:09,460 [ERROR] LogOutputStream:75 - [STDERR_REDIRECT] [Fatal Error] :1:1: Premature end of file.
2025-01-29 23:04:09,460 [ERROR] LogOutputStream:75 - [STDERR_REDIRECT] 
2025-01-29 23:04:10,458 [ERROR] LogOutputStream:75 - [STDERR_REDIRECT] [Fatal Error] :1:1: Premature end of file.
2025-01-29 23:04:10,458 [ERROR] LogOutputStream:75 - [STDERR_REDIRECT] 
2025-01-29 23:04:11,460 [ERROR] LogOutputStream:75 - [STDERR_REDIRECT] [Fatal Error] :1:1: Premature end of file.
2025-01-29 23:04:11,460 [ERROR] LogOutputStream:75 - [STDERR_REDIRECT] 
2025-01-29 23:04:12,463 [ERROR] LogOutputStream:75 - [STDERR_REDIRECT] [Fatal Error] :1:1: Premature end of file.
2025-01-29 23:04:12,463 [ERROR] LogOutputStream:75 - [STDERR_REDIRECT] 
2025-01-29 23:04:13,456 [ERROR] LogOutputStream:75 - [STDERR_REDIRECT] [Fatal Error] :1:1: Premature end of file.
2025-01-29 23:04:13,456 [ERROR] LogOutputStream:75 - [STDERR_REDIRECT] 
2025-01-29 23:04:14,462 [ERROR] LogOutputStream:75 - [STDERR_REDIRECT] [Fatal Error] :1:1: Premature end of file.
2025-01-29 23:04:14,464 [ERROR] LogOutputStream:75 - [STDERR_REDIRECT] 
2025-01-29 23:04:15,463 [ERROR] LogOutputStream:75 - [STDERR_REDIRECT] [Fatal Error] :1:1: Premature end of file.
2025-01-29 23:04:15,463 [ERROR] LogOutputStream:75 - [STDERR_REDIRECT] 
2025-01-29 23:04:16,464 [ERROR] LogOutputStream:75 - [STDERR_REDIRECT] [Fatal Error] :1:1: Premature end of file.
2025-01-29 23:04:16,464 [ERROR] LogOutputStream:75 - [STDERR_REDIRECT] 
2025-01-29 23:04:17,463 [ERROR] LogOutputStream:75 - [STDERR_REDIRECT] [Fatal Error] :1:1: Premature end of file.
2025-01-29 23:04:17,463 [ERROR] LogOutputStream:75 - [STDERR_REDIRECT] 
2025-01-29 23:04:18,461 [ERROR] LogOutputStream:75 - [STDERR_REDIRECT] [Fatal Error] :1:1: Premature end of file.
2025-01-29 23:04:18,461 [ERROR] LogOutputStream:75 - [STDERR_REDIRECT] 
2025-01-29 23:04:19,459 [ERROR] LogOutputStream:75 - [STDERR_REDIRECT] [Fatal Error] :1:1: Premature end of file.
2025-01-29 23:04:19,459 [ERROR] LogOutputStream:75 - [STDERR_REDIRECT] 
2025-01-29 23:04:20,490 [ERROR] LogOutputStream:75 - [STDERR_REDIRECT] [Fatal Error] :1:1: Premature end of file.
2025-01-29 23:04:20,490 [ERROR] LogOutputStream:75 - [STDERR_REDIRECT] 
2025-01-29 23:04:21,463 [ERROR] LogOutputStream:75 - [STDERR_REDIRECT] [Fatal Error] :1:1: Premature end of file.
2025-01-29 23:04:21,463 [ERROR] LogOutputStream:75 - [STDERR_REDIRECT] 
2025-01-29 23:04:22,469 [ERROR] LogOutputStream:75 - [STDERR_REDIRECT] [Fatal Error] :1:1: Premature end of file.
2025-01-29 23:04:22,469 [ERROR] LogOutputStream:75 - [STDERR_REDIRECT] 
2025-01-29 23:04:23,486 [ERROR] LogOutputStream:75 - [STDERR_REDIRECT] [Fatal Error] :1:1: Premature end of file.
2025-01-29 23:04:23,486 [ERROR] LogOutputStream:75 - [STDERR_REDIRECT] 
2025-01-29 23:04:24,450 [ERROR] LogOutputStream:75 - [STDERR_REDIRECT] [Fatal Error] :1:1: Premature end of file.
2025-01-29 23:04:24,450 [ERROR] LogOutputStream:75 - [STDERR_REDIRECT] 
2025-01-29 23:04:25,471 [ERROR] LogOutputStream:75 - [STDERR_REDIRECT] [Fatal Error] :1:1: Premature end of file.
2025-01-29 23:04:25,471 [ERROR] LogOutputStream:75 - [STDERR_REDIRECT] 
2025-01-29 23:04:26,466 [ERROR] LogOutputStream:75 - [STDERR_REDIRECT] [Fatal Error] :1:1: Premature end of file.
2025-01-29 23:04:26,466 [ERROR] LogOutputStream:75 - [STDERR_REDIRECT] 
2025-01-29 23:04:27,462 [ERROR] LogOutputStream:75 - [STDERR_REDIRECT] [Fatal Error] :1:1: Premature end of file.
2025-01-29 23:04:27,462 [ERROR] LogOutputStream:75 - [STDERR_REDIRECT] 
2025-01-29 23:04:28,456 [ERROR] LogOutputStream:75 - [STDERR_REDIRECT] [Fatal Error] :1:1: Premature end of file.
2025-01-29 23:04:28,456 [ERROR] LogOutputStream:75 - [STDERR_REDIRECT] 
2025-01-29 23:04:29,461 [ERROR] LogOutputStream:75 - [STDERR_REDIRECT] [Fatal Error] :1:1: Premature end of file.
2025-01-29 23:04:29,461 [ERROR] LogOutputStream:75 - [STDERR_REDIRECT] 
2025-01-29 23:04:30,460 [ERROR] LogOutputStream:75 - [STDERR_REDIRECT] [Fatal Error] :1:1: Premature end of file.
2025-01-29 23:04:30,460 [ERROR] LogOutputStream:75 - [STDERR_REDIRECT] 
2025-01-29 23:04:31,463 [ERROR] LogOutputStream:75 - [STDERR_REDIRECT] [Fatal Error] :1:1: Premature end of file.
2025-01-29 23:04:31,464 [ERROR] LogOutputStream:75 - [STDERR_REDIRECT] 
2025-01-29 23:04:32,464 [ERROR] LogOutputStream:75 - [STDERR_REDIRECT] [Fatal Error] :1:1: Premature end of file.
2025-01-29 23:04:32,464 [ERROR] LogOutputStream:75 - [STDERR_REDIRECT] 
2025-01-29 23:04:33,471 [ERROR] LogOutputStream:75 - [STDERR_REDIRECT] [Fatal Error] :1:1: Premature end of file.
2025-01-29 23:04:33,471 [ERROR] LogOutputStream:75 - [STDERR_REDIRECT] 
2025-01-29 23:04:34,455 [ERROR] LogOutputStream:75 - [STDERR_REDIRECT] [Fatal Error] :1:1: Premature end of file.
2025-01-29 23:04:34,455 [ERROR] LogOutputStream:75 - [STDERR_REDIRECT] 
2025-01-29 23:04:35,466 [ERROR] LogOutputStream:75 - [STDERR_REDIRECT] [Fatal Error] :1:1: Premature end of file.
2025-01-29 23:04:35,467 [ERROR] LogOutputStream:75 - [STDERR_REDIRECT] 
2025-01-29 23:04:36,465 [ERROR] LogOutputStream:75 - [STDERR_REDIRECT] [Fatal Error] :1:1: Premature end of file.
2025-01-29 23:04:36,465 [ERROR] LogOutputStream:75 - [STDERR_REDIRECT] 
2025-01-29 23:04:37,454 [ERROR] LogOutputStream:75 - [STDERR_REDIRECT] [Fatal Error] :1:1: Premature end of file.
2025-01-29 23:04:37,454 [ERROR] LogOutputStream:75 - [STDERR_REDIRECT] 
2025-01-29 23:04:38,464 [ERROR] LogOutputStream:75 - [STDERR_REDIRECT] [Fatal Error] :1:1: Premature end of file.
2025-01-29 23:04:38,464 [ERROR] LogOutputStream:75 - [STDERR_REDIRECT] 
2025-01-29 23:04:39,465 [ERROR] LogOutputStream:75 - [STDERR_REDIRECT] [Fatal Error] :1:1: Premature end of file.
2025-01-29 23:04:39,465 [ERROR] LogOutputStream:75 - [STDERR_REDIRECT] 
2025-01-29 23:04:40,460 [ERROR] LogOutputStream:75 - [STDERR_REDIRECT] [Fatal Error] :1:1: Premature end of file.
2025-01-29 23:04:40,460 [ERROR] LogOutputStream:75 - [STDERR_REDIRECT] 
2025-01-29 23:04:41,471 [ERROR] LogOutputStream:75 - [STDERR_REDIRECT] [Fatal Error] :1:1: Premature end of file.
2025-01-29 23:04:41,471 [ERROR] LogOutputStream:75 - [STDERR_REDIRECT] 
2025-01-29 23:04:42,463 [ERROR] LogOutputStream:75 - [STDERR_REDIRECT] [Fatal Error] :1:1: Premature end of file.
2025-01-29 23:04:42,463 [ERROR] LogOutputStream:75 - [STDERR_REDIRECT] 
2025-01-29 23:04:43,454 [ERROR] LogOutputStream:75 - [STDERR_REDIRECT] [Fatal Error] :1:1: Premature end of file.
2025-01-29 23:04:43,454 [ERROR] LogOutputStream:75 - [STDERR_REDIRECT] 
2025-01-29 23:04:44,467 [ERROR] LogOutputStream:75 - [STDERR_REDIRECT] [Fatal Error] :1:1: Premature end of file.
2025-01-29 23:04:44,467 [ERROR] LogOutputStream:75 - [STDERR_REDIRECT] 
2025-01-29 23:04:45,464 [ERROR] LogOutputStream:75 - [STDERR_REDIRECT] [Fatal Error] :1:1: Premature end of file.
2025-01-29 23:04:45,464 [ERROR] LogOutputStream:75 - [STDERR_REDIRECT] 
2025-01-29 23:04:46,462 [ERROR] LogOutputStream:75 - [STDERR_REDIRECT] [Fatal Error] :1:1: Premature end of file.
2025-01-29 23:04:46,462 [ERROR] LogOutputStream:75 - [STDERR_REDIRECT] 
2025-01-29 23:04:47,461 [ERROR] LogOutputStream:75 - [STDERR_REDIRECT] [Fatal Error] :1:1: Premature end of file.
2025-01-29 23:04:47,461 [ERROR] LogOutputStream:75 - [STDERR_REDIRECT] 
2025-01-29 23:04:48,466 [ERROR] LogOutputStream:75 - [STDERR_REDIRECT] [Fatal Error] :1:1: Premature end of file.
2025-01-29 23:04:48,466 [ERROR] LogOutputStream:75 - [STDERR_REDIRECT] 
2025-01-29 23:04:49,466 [ERROR] LogOutputStream:75 - [STDERR_REDIRECT] [Fatal Error] :1:1: Premature end of file.
2025-01-29 23:04:49,466 [ERROR] LogOutputStream:75 - [STDERR_REDIRECT] 
2025-01-29 23:04:50,460 [ERROR] LogOutputStream:75 - [STDERR_REDIRECT] [Fatal Error] :1:1: Premature end of file.
2025-01-29 23:04:50,460 [ERROR] LogOutputStream:75 - [STDERR_REDIRECT] 
2025-01-29 23:04:51,467 [ERROR] LogOutputStream:75 - [STDERR_REDIRECT] [Fatal Error] :1:1: Premature end of file.
2025-01-29 23:04:51,467 [ERROR] LogOutputStream:75 - [STDERR_REDIRECT] 
2025-01-29 23:04:52,450 [ERROR] LogOutputStream:75 - [STDERR_REDIRECT] [Fatal Error] :1:1: Premature end of file.
2025-01-29 23:04:52,450 [ERROR] LogOutputStream:75 - [STDERR_REDIRECT] 
2025-01-29 23:04:53,471 [ERROR] LogOutputStream:75 - [STDERR_REDIRECT] [Fatal Error] :1:1: Premature end of file.
2025-01-29 23:04:53,472 [ERROR] LogOutputStream:75 - [STDERR_REDIRECT] 
2025-01-29 23:04:54,462 [ERROR] LogOutputStream:75 - [STDERR_REDIRECT] [Fatal Error] :1:1: Premature end of file.
2025-01-29 23:04:54,462 [ERROR] LogOutputStream:75 - [STDERR_REDIRECT] 
2025-01-29 23:04:55,470 [ERROR] LogOutputStream:75 - [STDERR_REDIRECT] [Fatal Error] :1:1: Premature end of file.
2025-01-29 23:04:55,470 [ERROR] LogOutputStream:75 - [STDERR_REDIRECT] 
2025-01-29 23:04:56,461 [ERROR] LogOutputStream:75 - [STDERR_REDIRECT] [Fatal Error] :1:1: Premature end of file.
2025-01-29 23:04:56,463 [ERROR] LogOutputStream:75 - [STDERR_REDIRECT] 
2025-01-29 23:04:57,472 [ERROR] LogOutputStream:75 - [STDERR_REDIRECT] [Fatal Error] :1:1: Premature end of file.
2025-01-29 23:04:57,473 [ERROR] LogOutputStream:75 - [STDERR_REDIRECT] 
2025-01-29 23:04:58,466 [ERROR] LogOutputStream:75 - [STDERR_REDIRECT] [Fatal Error] :1:1: Premature end of file.
2025-01-29 23:04:58,466 [ERROR] LogOutputStream:75 - [STDERR_REDIRECT] 
2025-01-29 23:04:59,458 [ERROR] LogOutputStream:75 - [STDERR_REDIRECT] [Fatal Error] :1:1: Premature end of file.
2025-01-29 23:04:59,458 [ERROR] LogOutputStream:75 - [STDERR_REDIRECT] 
2025-01-29 23:05:00,466 [ERROR] LogOutputStream:75 - [STDERR_REDIRECT] [Fatal Error] :1:1: Premature end of file.
2025-01-29 23:05:00,466 [ERROR] LogOutputStream:75 - [STDERR_REDIRECT] 
2025-01-29 23:05:01,466 [ERROR] LogOutputStream:75 - [STDERR_REDIRECT] [Fatal Error] :1:1: Premature end of file.
2025-01-29 23:05:01,466 [ERROR] LogOutputStream:75 - [STDERR_REDIRECT] 
2025-01-29 23:05:02,455 [ERROR] LogOutputStream:75 - [STDERR_REDIRECT] [Fatal Error] :1:1: Premature end of file.
2025-01-29 23:05:02,457 [ERROR] LogOutputStream:75 - [STDERR_REDIRECT] 
2025-01-29 23:05:03,468 [ERROR] LogOutputStream:75 - [STDERR_REDIRECT] [Fatal Error] :1:1: Premature end of file.
2025-01-29 23:05:03,468 [ERROR] LogOutputStream:75 - [STDERR_REDIRECT] 
2025-01-29 23:05:04,479 [ERROR] LogOutputStream:75 - [STDERR_REDIRECT] [Fatal Error] :1:1: Premature end of file.
2025-01-29 23:05:04,479 [ERROR] LogOutputStream:75 - [STDERR_REDIRECT] 
2025-01-29 23:05:05,475 [ERROR] LogOutputStream:75 - [STDERR_REDIRECT] [Fatal Error] :1:1: Premature end of file.
2025-01-29 23:05:05,477 [ERROR] LogOutputStream:75 - [STDERR_REDIRECT] 
2025-01-29 23:05:06,469 [ERROR] LogOutputStream:75 - [STDERR_REDIRECT] [Fatal Error] :1:1: Premature end of file.
2025-01-29 23:05:06,469 [ERROR] LogOutputStream:75 - [STDERR_REDIRECT] 
2025-01-29 23:05:07,465 [ERROR] LogOutputStream:75 - [STDERR_REDIRECT] [Fatal Error] :1:1: Premature end of file.
2025-01-29 23:05:07,465 [ERROR] LogOutputStream:75 - [STDERR_REDIRECT] 
2025-01-29 23:05:08,470 [ERROR] LogOutputStream:75 - [STDERR_REDIRECT] [Fatal Error] :1:1: Premature end of file.
2025-01-29 23:05:08,470 [ERROR] LogOutputStream:75 - [STDERR_REDIRECT] 
2025-01-29 23:05:09,479 [ERROR] LogOutputStream:75 - [STDERR_REDIRECT] [Fatal Error] :1:1: Premature end of file.
2025-01-29 23:05:09,479 [ERROR] LogOutputStream:75 - [STDERR_REDIRECT] 
2025-01-29 23:05:10,459 [ERROR] LogOutputStream:75 - [STDERR_REDIRECT] [Fatal Error] :1:1: Premature end of file.
2025-01-29 23:05:10,459 [ERROR] LogOutputStream:75 - [STDERR_REDIRECT] 
2025-01-29 23:05:11,468 [ERROR] LogOutputStream:75 - [STDERR_REDIRECT] [Fatal Error] :1:1: Premature end of file.
2025-01-29 23:05:11,468 [ERROR] LogOutputStream:75 - [STDERR_REDIRECT] 
2025-01-29 23:05:12,470 [ERROR] LogOutputStream:75 - [STDERR_REDIRECT] [Fatal Error] :1:1: Premature end of file.
2025-01-29 23:05:12,470 [ERROR] LogOutputStream:75 - [STDERR_REDIRECT] 
2025-01-29 23:05:13,461 [ERROR] LogOutputStream:75 - [STDERR_REDIRECT] [Fatal Error] :1:1: Premature end of file.
2025-01-29 23:05:13,461 [ERROR] LogOutputStream:75 - [STDERR_REDIRECT] 
2025-01-29 23:05:14,459 [ERROR] LogOutputStream:75 - [STDERR_REDIRECT] [Fatal Error] :1:1: Premature end of file.
2025-01-29 23:05:14,459 [ERROR] LogOutputStream:75 - [STDERR_REDIRECT] 
2025-01-29 23:05:15,474 [ERROR] LogOutputStream:75 - [STDERR_REDIRECT] [Fatal Error] :1:1: Premature end of file.
2025-01-29 23:05:15,474 [ERROR] LogOutputStream:75 - [STDERR_REDIRECT] 
2025-01-29 23:05:16,465 [ERROR] LogOutputStream:75 - [STDERR_REDIRECT] [Fatal Error] :1:1: Premature end of file.
2025-01-29 23:05:16,465 [ERROR] LogOutputStream:75 - [STDERR_REDIRECT] 
2025-01-29 23:05:17,458 [ERROR] LogOutputStream:75 - [STDERR_REDIRECT] [Fatal Error] :1:1: Premature end of file.
2025-01-29 23:05:17,458 [ERROR] LogOutputStream:75 - [STDERR_REDIRECT] 
2025-01-29 23:05:18,461 [ERROR] LogOutputStream:75 - [STDERR_REDIRECT] [Fatal Error] :1:1: Premature end of file.
2025-01-29 23:05:18,461 [ERROR] LogOutputStream:75 - [STDERR_REDIRECT] 
2025-01-29 23:05:19,449 [ERROR] LogOutputStream:75 - [STDERR_REDIRECT] [Fatal Error] :1:1: Premature end of file.
2025-01-29 23:05:19,449 [ERROR] LogOutputStream:75 - [STDERR_REDIRECT] 
2025-01-29 23:05:20,460 [ERROR] LogOutputStream:75 - [STDERR_REDIRECT] [Fatal Error] :1:1: Premature end of file.
2025-01-29 23:05:20,460 [ERROR] LogOutputStream:75 - [STDERR_REDIRECT] 
2025-01-29 23:05:21,456 [ERROR] LogOutputStream:75 - [STDERR_REDIRECT] [Fatal Error] :1:1: Premature end of file.
2025-01-29 23:05:21,456 [ERROR] LogOutputStream:75 - [STDERR_REDIRECT] 
2025-01-29 23:05:22,455 [ERROR] LogOutputStream:75 - [STDERR_REDIRECT] [Fatal Error] :1:1: Premature end of file.
2025-01-29 23:05:22,455 [ERROR] LogOutputStream:75 - [STDERR_REDIRECT] 
2025-01-29 23:05:23,457 [ERROR] LogOutputStream:75 - [STDERR_REDIRECT] [Fatal Error] :1:1: Premature end of file.
2025-01-29 23:05:23,457 [ERROR] LogOutputStream:75 - [STDERR_REDIRECT] 
2025-01-29 23:05:24,481 [ERROR] LogOutputStream:75 - [STDERR_REDIRECT] [Fatal Error] :1:1: Premature end of file.
2025-01-29 23:05:24,481 [ERROR] LogOutputStream:75 - [STDERR_REDIRECT] 
2025-01-29 23:05:25,460 [ERROR] LogOutputStream:75 - [STDERR_REDIRECT] [Fatal Error] :1:1: Premature end of file.
2025-01-29 23:05:25,460 [ERROR] LogOutputStream:75 - [STDERR_REDIRECT] 
2025-01-29 23:05:26,470 [ERROR] LogOutputStream:75 - [STDERR_REDIRECT] [Fatal Error] :1:1: Premature end of file.
2025-01-29 23:05:26,471 [ERROR] LogOutputStream:75 - [STDERR_REDIRECT] 
2025-01-29 23:05:27,462 [ERROR] LogOutputStream:75 - [STDERR_REDIRECT] [Fatal Error] :1:1: Premature end of file.
2025-01-29 23:05:27,462 [ERROR] LogOutputStream:75 - [STDERR_REDIRECT] 
2025-01-29 23:05:28,456 [ERROR] LogOutputStream:75 - [STDERR_REDIRECT] [Fatal Error] :1:1: Premature end of file.
2025-01-29 23:05:28,456 [ERROR] LogOutputStream:75 - [STDERR_REDIRECT] 
2025-01-29 23:05:29,467 [ERROR] LogOutputStream:75 - [STDERR_REDIRECT] [Fatal Error] :1:1: Premature end of file.
2025-01-29 23:05:29,467 [ERROR] LogOutputStream:75 - [STDERR_REDIRECT] 
2025-01-29 23:05:30,473 [ERROR] LogOutputStream:75 - [STDERR_REDIRECT] [Fatal Error] :1:1: Premature end of file.
2025-01-29 23:05:30,473 [ERROR] LogOutputStream:75 - [STDERR_REDIRECT] 
2025-01-29 23:05:31,454 [ERROR] LogOutputStream:75 - [STDERR_REDIRECT] [Fatal Error] :1:1: Premature end of file.
2025-01-29 23:05:31,456 [ERROR] LogOutputStream:75 - [STDERR_REDIRECT] 
2025-01-29 23:05:32,464 [ERROR] LogOutputStream:75 - [STDERR_REDIRECT] [Fatal Error] :1:1: Premature end of file.
2025-01-29 23:05:32,464 [ERROR] LogOutputStream:75 - [STDERR_REDIRECT] 
2025-01-29 23:05:33,468 [ERROR] LogOutputStream:75 - [STDERR_REDIRECT] [Fatal Error] :1:1: Premature end of file.
2025-01-29 23:05:33,468 [ERROR] LogOutputStream:75 - [STDERR_REDIRECT] 
2025-01-29 23:05:34,456 [ERROR] LogOutputStream:75 - [STDERR_REDIRECT] [Fatal Error] :1:1: Premature end of file.
2025-01-29 23:05:34,456 [ERROR] LogOutputStream:75 - [STDERR_REDIRECT] 
2025-01-29 23:05:35,473 [ERROR] LogOutputStream:75 - [STDERR_REDIRECT] [Fatal Error] :1:1: Premature end of file.
2025-01-29 23:05:35,473 [ERROR] LogOutputStream:75 - [STDERR_REDIRECT] 
2025-01-29 23:05:36,472 [ERROR] LogOutputStream:75 - [STDERR_REDIRECT] [Fatal Error] :1:1: Premature end of file.
2025-01-29 23:05:36,472 [ERROR] LogOutputStream:75 - [STDERR_REDIRECT] 
2025-01-29 23:05:37,466 [ERROR] LogOutputStream:75 - [STDERR_REDIRECT] [Fatal Error] :1:1: Premature end of file.
2025-01-29 23:05:37,466 [ERROR] LogOutputStream:75 - [STDERR_REDIRECT] 
2025-01-29 23:05:38,453 [ERROR] LogOutputStream:75 - [STDERR_REDIRECT] [Fatal Error] :1:1: Premature end of file.
2025-01-29 23:05:38,453 [ERROR] LogOutputStream:75 - [STDERR_REDIRECT] 
2025-01-29 23:05:39,462 [ERROR] LogOutputStream:75 - [STDERR_REDIRECT] [Fatal Error] :1:1: Premature end of file.
2025-01-29 23:05:39,462 [ERROR] LogOutputStream:75 - [STDERR_REDIRECT] 
2025-01-29 23:05:40,465 [ERROR] LogOutputStream:75 - [STDERR_REDIRECT] [Fatal Error] :1:1: Premature end of file.
2025-01-29 23:05:40,465 [ERROR] LogOutputStream:75 - [STDERR_REDIRECT] 
2025-01-29 23:05:41,463 [ERROR] LogOutputStream:75 - [STDERR_REDIRECT] [Fatal Error] :1:1: Premature end of file.
2025-01-29 23:05:41,463 [ERROR] LogOutputStream:75 - [STDERR_REDIRECT] 
2025-01-29 23:05:42,460 [ERROR] LogOutputStream:75 - [STDERR_REDIRECT] [Fatal Error] :1:1: Premature end of file.
2025-01-29 23:05:42,460 [ERROR] LogOutputStream:75 - [STDERR_REDIRECT] 
2025-01-29 23:05:43,465 [ERROR] LogOutputStream:75 - [STDERR_REDIRECT] [Fatal Error] :1:1: Premature end of file.
2025-01-29 23:05:43,465 [ERROR] LogOutputStream:75 - [STDERR_REDIRECT] 
2025-01-29 23:05:44,452 [ERROR] LogOutputStream:75 - [STDERR_REDIRECT] [Fatal Error] :1:1: Premature end of file.
2025-01-29 23:05:44,452 [ERROR] LogOutputStream:75 - [STDERR_REDIRECT] 
2025-01-29 23:05:45,457 [ERROR] LogOutputStream:75 - [STDERR_REDIRECT] [Fatal Error] :1:1: Premature end of file.
2025-01-29 23:05:45,457 [ERROR] LogOutputStream:75 - [STDERR_REDIRECT] 
2025-01-29 23:05:46,466 [ERROR] LogOutputStream:75 - [STDERR_REDIRECT] [Fatal Error] :1:1: Premature end of file.
2025-01-29 23:05:46,466 [ERROR] LogOutputStream:75 - [STDERR_REDIRECT] 
2025-01-29 23:05:47,471 [ERROR] LogOutputStream:75 - [STDERR_REDIRECT] [Fatal Error] :1:1: Premature end of file.
2025-01-29 23:05:47,471 [ERROR] LogOutputStream:75 - [STDERR_REDIRECT] 
2025-01-29 23:05:48,459 [ERROR] LogOutputStream:75 - [STDERR_REDIRECT] [Fatal Error] :1:1: Premature end of file.
2025-01-29 23:05:48,460 [ERROR] LogOutputStream:75 - [STDERR_REDIRECT] 
2025-01-29 23:05:49,465 [ERROR] LogOutputStream:75 - [STDERR_REDIRECT] [Fatal Error] :1:1: Premature end of file.
2025-01-29 23:05:49,465 [ERROR] LogOutputStream:75 - [STDERR_REDIRECT] 
2025-01-29 23:05:50,467 [ERROR] LogOutputStream:75 - [STDERR_REDIRECT] [Fatal Error] :1:1: Premature end of file.
2025-01-29 23:05:50,467 [ERROR] LogOutputStream:75 - [STDERR_REDIRECT] 
2025-01-29 23:05:51,458 [ERROR] LogOutputStream:75 - [STDERR_REDIRECT] [Fatal Error] :1:1: Premature end of file.
2025-01-29 23:05:51,458 [ERROR] LogOutputStream:75 - [STDERR_REDIRECT] 
2025-01-29 23:05:52,463 [ERROR] LogOutputStream:75 - [STDERR_REDIRECT] [Fatal Error] :1:1: Premature end of file.
2025-01-29 23:05:52,463 [ERROR] LogOutputStream:75 - [STDERR_REDIRECT] 
2025-01-29 23:05:53,455 [ERROR] LogOutputStream:75 - [STDERR_REDIRECT] [Fatal Error] :1:1: Premature end of file.
2025-01-29 23:05:53,455 [ERROR] LogOutputStream:75 - [STDERR_REDIRECT] 
2025-01-29 23:05:54,460 [ERROR] LogOutputStream:75 - [STDERR_REDIRECT] [Fatal Error] :1:1: Premature end of file.
2025-01-29 23:05:54,460 [ERROR] LogOutputStream:75 - [STDERR_REDIRECT] 
2025-01-29 23:05:55,473 [ERROR] LogOutputStream:75 - [STDERR_REDIRECT] [Fatal Error] :1:1: Premature end of file.
2025-01-29 23:05:55,473 [ERROR] LogOutputStream:75 - [STDERR_REDIRECT] 
2025-01-29 23:05:56,452 [ERROR] LogOutputStream:75 - [STDERR_REDIRECT] [Fatal Error] :1:1: Premature end of file.
2025-01-29 23:05:56,452 [ERROR] LogOutputStream:75 - [STDERR_REDIRECT] 
2025-01-29 23:05:57,457 [ERROR] LogOutputStream:75 - [STDERR_REDIRECT] [Fatal Error] :1:1: Premature end of file.
2025-01-29 23:05:57,457 [ERROR] LogOutputStream:75 - [STDERR_REDIRECT] 
2025-01-29 23:05:58,460 [ERROR] LogOutputStream:75 - [STDERR_REDIRECT] [Fatal Error] :1:1: Premature end of file.
2025-01-29 23:05:58,460 [ERROR] LogOutputStream:75 - [STDERR_REDIRECT] 
2025-01-29 23:05:59,454 [ERROR] LogOutputStream:75 - [STDERR_REDIRECT] [Fatal Error] :1:1: Premature end of file.
2025-01-29 23:05:59,454 [ERROR] LogOutputStream:75 - [STDERR_REDIRECT] 
2025-01-29 23:06:00,461 [ERROR] LogOutputStream:75 - [STDERR_REDIRECT] [Fatal Error] :1:1: Premature end of file.
2025-01-29 23:06:00,461 [ERROR] LogOutputStream:75 - [STDERR_REDIRECT] 
2025-01-29 23:06:01,451 [ERROR] LogOutputStream:75 - [STDERR_REDIRECT] [Fatal Error] :1:1: Premature end of file.
2025-01-29 23:06:01,451 [ERROR] LogOutputStream:75 - [STDERR_REDIRECT] 
2025-01-29 23:06:02,463 [ERROR] LogOutputStream:75 - [STDERR_REDIRECT] [Fatal Error] :1:1: Premature end of file.
2025-01-29 23:06:02,463 [ERROR] LogOutputStream:75 - [STDERR_REDIRECT] 
2025-01-29 23:06:03,446 [ERROR] LogOutputStream:75 - [STDERR_REDIRECT] [Fatal Error] :1:1: Premature end of file.
2025-01-29 23:06:03,446 [ERROR] LogOutputStream:75 - [STDERR_REDIRECT] 
2025-01-29 23:06:04,462 [ERROR] LogOutputStream:75 - [STDERR_REDIRECT] [Fatal Error] :1:1: Premature end of file.
2025-01-29 23:06:04,462 [ERROR] LogOutputStream:75 - [STDERR_REDIRECT] 
2025-01-29 23:06:05,451 [ERROR] LogOutputStream:75 - [STDERR_REDIRECT] [Fatal Error] :1:1: Premature end of file.
2025-01-29 23:06:05,451 [ERROR] LogOutputStream:75 - [STDERR_REDIRECT] 
2025-01-29 23:06:06,454 [ERROR] LogOutputStream:75 - [STDERR_REDIRECT] [Fatal Error] :1:1: Premature end of file.
2025-01-29 23:06:06,456 [ERROR] LogOutputStream:75 - [STDERR_REDIRECT] 
2025-01-29 23:06:07,467 [ERROR] LogOutputStream:75 - [STDERR_REDIRECT] [Fatal Error] :1:1: Premature end of file.
2025-01-29 23:06:07,468 [ERROR] LogOutputStream:75 - [STDERR_REDIRECT] 
2025-01-29 23:06:08,455 [ERROR] LogOutputStream:75 - [STDERR_REDIRECT] [Fatal Error] :1:1: Premature end of file.
2025-01-29 23:06:08,455 [ERROR] LogOutputStream:75 - [STDERR_REDIRECT] 
2025-01-29 23:06:09,452 [ERROR] LogOutputStream:75 - [STDERR_REDIRECT] [Fatal Error] :1:1: Premature end of file.
2025-01-29 23:06:09,452 [ERROR] LogOutputStream:75 - [STDERR_REDIRECT] 
2025-01-29 23:06:10,452 [ERROR] LogOutputStream:75 - [STDERR_REDIRECT] [Fatal Error] :1:1: Premature end of file.
2025-01-29 23:06:10,452 [ERROR] LogOutputStream:75 - [STDERR_REDIRECT] 
2025-01-29 23:06:11,460 [ERROR] LogOutputStream:75 - [STDERR_REDIRECT] [Fatal Error] :1:1: Premature end of file.
2025-01-29 23:06:11,460 [ERROR] LogOutputStream:75 - [STDERR_REDIRECT] 
2025-01-29 23:06:12,447 [ERROR] LogOutputStream:75 - [STDERR_REDIRECT] [Fatal Error] :1:1: Premature end of file.
2025-01-29 23:06:12,447 [ERROR] LogOutputStream:75 - [STDERR_REDIRECT] 
2025-01-29 23:06:13,448 [ERROR] LogOutputStream:75 - [STDERR_REDIRECT] [Fatal Error] :1:1: Premature end of file.
2025-01-29 23:06:13,448 [ERROR] LogOutputStream:75 - [STDERR_REDIRECT] 
2025-01-29 23:06:14,465 [ERROR] LogOutputStream:75 - [STDERR_REDIRECT] [Fatal Error] :1:1: Premature end of file.
2025-01-29 23:06:14,465 [ERROR] LogOutputStream:75 - [STDERR_REDIRECT] 
2025-01-29 23:06:15,450 [ERROR] LogOutputStream:75 - [STDERR_REDIRECT] [Fatal Error] :1:1: Premature end of file.
2025-01-29 23:06:15,452 [ERROR] LogOutputStream:75 - [STDERR_REDIRECT] 
2025-01-29 23:06:16,451 [ERROR] LogOutputStream:75 - [STDERR_REDIRECT] [Fatal Error] :1:1: Premature end of file.
2025-01-29 23:06:16,451 [ERROR] LogOutputStream:75 - [STDERR_REDIRECT] 
2025-01-29 23:06:17,453 [ERROR] LogOutputStream:75 - [STDERR_REDIRECT] [Fatal Error] :1:1: Premature end of file.
2025-01-29 23:06:17,453 [ERROR] LogOutputStream:75 - [STDERR_REDIRECT] 
2025-01-29 23:06:18,453 [ERROR] LogOutputStream:75 - [STDERR_REDIRECT] [Fatal Error] :1:1: Premature end of file.
2025-01-29 23:06:18,453 [ERROR] LogOutputStream:75 - [STDERR_REDIRECT] 
2025-01-29 23:06:19,459 [ERROR] LogOutputStream:75 - [STDERR_REDIRECT] [Fatal Error] :1:1: Premature end of file.
2025-01-29 23:06:19,459 [ERROR] LogOutputStream:75 - [STDERR_REDIRECT] 
2025-01-29 23:06:20,465 [ERROR] LogOutputStream:75 - [STDERR_REDIRECT] [Fatal Error] :1:1: Premature end of file.
2025-01-29 23:06:20,465 [ERROR] LogOutputStream:75 - [STDERR_REDIRECT] 
2025-01-29 23:06:21,451 [ERROR] LogOutputStream:75 - [STDERR_REDIRECT] [Fatal Error] :1:1: Premature end of file.
2025-01-29 23:06:21,451 [ERROR] LogOutputStream:75 - [STDERR_REDIRECT] 
2025-01-29 23:06:22,450 [ERROR] LogOutputStream:75 - [STDERR_REDIRECT] [Fatal Error] :1:1: Premature end of file.
2025-01-29 23:06:22,450 [ERROR] LogOutputStream:75 - [STDERR_REDIRECT] 
2025-01-29 23:06:23,450 [ERROR] LogOutputStream:75 - [STDERR_REDIRECT] [Fatal Error] :1:1: Premature end of file.
2025-01-29 23:06:23,450 [ERROR] LogOutputStream:75 - [STDERR_REDIRECT] 
2025-01-29 23:06:24,450 [ERROR] LogOutputStream:75 - [STDERR_REDIRECT] [Fatal Error] :1:1: Premature end of file.
2025-01-29 23:06:24,450 [ERROR] LogOutputStream:75 - [STDERR_REDIRECT] 
2025-01-29 23:06:25,452 [ERROR] LogOutputStream:75 - [STDERR_REDIRECT] [Fatal Error] :1:1: Premature end of file.
2025-01-29 23:06:25,452 [ERROR] LogOutputStream:75 - [STDERR_REDIRECT] 
2025-01-29 23:06:26,451 [ERROR] LogOutputStream:75 - [STDERR_REDIRECT] [Fatal Error] :1:1: Premature end of file.
2025-01-29 23:06:26,451 [ERROR] LogOutputStream:75 - [STDERR_REDIRECT] 
2025-01-29 23:06:27,456 [ERROR] LogOutputStream:75 - [STDERR_REDIRECT] [Fatal Error] :1:1: Premature end of file.
2025-01-29 23:06:27,456 [ERROR] LogOutputStream:75 - [STDERR_REDIRECT] 
2025-01-29 23:06:28,452 [ERROR] LogOutputStream:75 - [STDERR_REDIRECT] [Fatal Error] :1:1: Premature end of file.
2025-01-29 23:06:28,452 [ERROR] LogOutputStream:75 - [STDERR_REDIRECT] 
2025-01-29 23:06:29,466 [ERROR] LogOutputStream:75 - [STDERR_REDIRECT] [Fatal Error] :1:1: Premature end of file.
2025-01-29 23:06:29,466 [ERROR] LogOutputStream:75 - [STDERR_REDIRECT] 
2025-01-29 23:06:30,454 [ERROR] LogOutputStream:75 - [STDERR_REDIRECT] [Fatal Error] :1:1: Premature end of file.
2025-01-29 23:06:30,454 [ERROR] LogOutputStream:75 - [STDERR_REDIRECT] 
2025-01-29 23:06:31,462 [ERROR] LogOutputStream:75 - [STDERR_REDIRECT] [Fatal Error] :1:1: Premature end of file.
2025-01-29 23:06:31,462 [ERROR] LogOutputStream:75 - [STDERR_REDIRECT] 
2025-01-29 23:06:32,460 [ERROR] LogOutputStream:75 - [STDERR_REDIRECT] [Fatal Error] :1:1: Premature end of file.
2025-01-29 23:06:32,460 [ERROR] LogOutputStream:75 - [STDERR_REDIRECT] 
2025-01-29 23:06:33,473 [ERROR] LogOutputStream:75 - [STDERR_REDIRECT] [Fatal Error] :1:1: Premature end of file.
2025-01-29 23:06:33,473 [ERROR] LogOutputStream:75 - [STDERR_REDIRECT] 
2025-01-29 23:06:34,473 [ERROR] LogOutputStream:75 - [STDERR_REDIRECT] [Fatal Error] :1:1: Premature end of file.
2025-01-29 23:06:34,473 [ERROR] LogOutputStream:75 - [STDERR_REDIRECT] 
2025-01-29 23:06:35,466 [ERROR] LogOutputStream:75 - [STDERR_REDIRECT] [Fatal Error] :1:1: Premature end of file.
2025-01-29 23:06:35,466 [ERROR] LogOutputStream:75 - [STDERR_REDIRECT] 
2025-01-29 23:06:36,467 [ERROR] LogOutputStream:75 - [STDERR_REDIRECT] [Fatal Error] :1:1: Premature end of file.
2025-01-29 23:06:36,467 [ERROR] LogOutputStream:75 - [STDERR_REDIRECT] 
2025-01-29 23:06:37,471 [ERROR] LogOutputStream:75 - [STDERR_REDIRECT] [Fatal Error] :1:1: Premature end of file.
2025-01-29 23:06:37,471 [ERROR] LogOutputStream:75 - [STDERR_REDIRECT] 
2025-01-29 23:06:38,461 [ERROR] LogOutputStream:75 - [STDERR_REDIRECT] [Fatal Error] :1:1: Premature end of file.
2025-01-29 23:06:38,461 [ERROR] LogOutputStream:75 - [STDERR_REDIRECT] 
2025-01-29 23:06:39,461 [ERROR] LogOutputStream:75 - [STDERR_REDIRECT] [Fatal Error] :1:1: Premature end of file.
2025-01-29 23:06:39,461 [ERROR] LogOutputStream:75 - [STDERR_REDIRECT] 
2025-01-29 23:06:40,462 [ERROR] LogOutputStream:75 - [STDERR_REDIRECT] [Fatal Error] :1:1: Premature end of file.
2025-01-29 23:06:40,462 [ERROR] LogOutputStream:75 - [STDERR_REDIRECT] 
2025-01-29 23:06:41,457 [ERROR] LogOutputStream:75 - [STDERR_REDIRECT] [Fatal Error] :1:1: Premature end of file.
2025-01-29 23:06:41,457 [ERROR] LogOutputStream:75 - [STDERR_REDIRECT] 
2025-01-29 23:06:42,457 [ERROR] LogOutputStream:75 - [STDERR_REDIRECT] [Fatal Error] :1:1: Premature end of file.
2025-01-29 23:06:42,457 [ERROR] LogOutputStream:75 - [STDERR_REDIRECT] 
2025-01-29 23:06:43,467 [ERROR] LogOutputStream:75 - [STDERR_REDIRECT] [Fatal Error] :1:1: Premature end of file.
2025-01-29 23:06:43,467 [ERROR] LogOutputStream:75 - [STDERR_REDIRECT] 
2025-01-29 23:06:44,456 [ERROR] LogOutputStream:75 - [STDERR_REDIRECT] [Fatal Error] :1:1: Premature end of file.
2025-01-29 23:06:44,457 [ERROR] LogOutputStream:75 - [STDERR_REDIRECT] 
2025-01-29 23:06:45,456 [ERROR] LogOutputStream:75 - [STDERR_REDIRECT] [Fatal Error] :1:1: Premature end of file.
2025-01-29 23:06:45,456 [ERROR] LogOutputStream:75 - [STDERR_REDIRECT] 
2025-01-29 23:06:46,456 [ERROR] LogOutputStream:75 - [STDERR_REDIRECT] [Fatal Error] :1:1: Premature end of file.
2025-01-29 23:06:46,456 [ERROR] LogOutputStream:75 - [STDERR_REDIRECT] 
2025-01-29 23:06:47,461 [ERROR] LogOutputStream:75 - [STDERR_REDIRECT] [Fatal Error] :1:1: Premature end of file.
2025-01-29 23:06:47,461 [ERROR] LogOutputStream:75 - [STDERR_REDIRECT] 
2025-01-29 23:06:48,469 [ERROR] LogOutputStream:75 - [STDERR_REDIRECT] [Fatal Error] :1:1: Premature end of file.
2025-01-29 23:06:48,469 [ERROR] LogOutputStream:75 - [STDERR_REDIRECT] 
2025-01-29 23:06:49,469 [ERROR] LogOutputStream:75 - [STDERR_REDIRECT] [Fatal Error] :1:1: Premature end of file.
2025-01-29 23:06:49,469 [ERROR] LogOutputStream:75 - [STDERR_REDIRECT] 
2025-01-29 23:06:50,462 [ERROR] LogOutputStream:75 - [STDERR_REDIRECT] [Fatal Error] :1:1: Premature end of file.
2025-01-29 23:06:50,462 [ERROR] LogOutputStream:75 - [STDERR_REDIRECT] 
2025-01-29 23:06:51,459 [ERROR] LogOutputStream:75 - [STDERR_REDIRECT] [Fatal Error] :1:1: Premature end of file.
2025-01-29 23:06:51,459 [ERROR] LogOutputStream:75 - [STDERR_REDIRECT] 
2025-01-29 23:06:52,465 [ERROR] LogOutputStream:75 - [STDERR_REDIRECT] [Fatal Error] :1:1: Premature end of file.
2025-01-29 23:06:52,465 [ERROR] LogOutputStream:75 - [STDERR_REDIRECT] 
2025-01-29 23:06:53,457 [ERROR] LogOutputStream:75 - [STDERR_REDIRECT] [Fatal Error] :1:1: Premature end of file.
2025-01-29 23:06:53,457 [ERROR] LogOutputStream:75 - [STDERR_REDIRECT] 
2025-01-29 23:06:54,466 [ERROR] LogOutputStream:75 - [STDERR_REDIRECT] [Fatal Error] :1:1: Premature end of file.
2025-01-29 23:06:54,466 [ERROR] LogOutputStream:75 - [STDERR_REDIRECT] 
2025-01-29 23:06:55,461 [ERROR] LogOutputStream:75 - [STDERR_REDIRECT] [Fatal Error] :1:1: Premature end of file.
2025-01-29 23:06:55,461 [ERROR] LogOutputStream:75 - [STDERR_REDIRECT] 
2025-01-29 23:06:56,460 [ERROR] LogOutputStream:75 - [STDERR_REDIRECT] [Fatal Error] :1:1: Premature end of file.
2025-01-29 23:06:56,462 [ERROR] LogOutputStream:75 - [STDERR_REDIRECT] 
2025-01-29 23:06:57,450 [ERROR] LogOutputStream:75 - [STDERR_REDIRECT] [Fatal Error] :1:1: Premature end of file.
2025-01-29 23:06:57,450 [ERROR] LogOutputStream:75 - [STDERR_REDIRECT] 
2025-01-29 23:06:58,462 [ERROR] LogOutputStream:75 - [STDERR_REDIRECT] [Fatal Error] :1:1: Premature end of file.
2025-01-29 23:06:58,462 [ERROR] LogOutputStream:75 - [STDERR_REDIRECT] 
2025-01-29 23:06:59,451 [ERROR] LogOutputStream:75 - [STDERR_REDIRECT] [Fatal Error] :1:1: Premature end of file.
2025-01-29 23:06:59,451 [ERROR] LogOutputStream:75 - [STDERR_REDIRECT] 
2025-01-29 23:07:00,458 [ERROR] LogOutputStream:75 - [STDERR_REDIRECT] [Fatal Error] :1:1: Premature end of file.
2025-01-29 23:07:00,458 [ERROR] LogOutputStream:75 - [STDERR_REDIRECT] 
2025-01-29 23:07:01,483 [ERROR] LogOutputStream:75 - [STDERR_REDIRECT] [Fatal Error] :1:1: Premature end of file.
2025-01-29 23:07:01,483 [ERROR] LogOutputStream:75 - [STDERR_REDIRECT] 
2025-01-29 23:07:02,454 [ERROR] LogOutputStream:75 - [STDERR_REDIRECT] [Fatal Error] :1:1: Premature end of file.
2025-01-29 23:07:02,454 [ERROR] LogOutputStream:75 - [STDERR_REDIRECT] 
2025-01-29 23:07:03,465 [ERROR] LogOutputStream:75 - [STDERR_REDIRECT] [Fatal Error] :1:1: Premature end of file.
2025-01-29 23:07:03,465 [ERROR] LogOutputStream:75 - [STDERR_REDIRECT] 
2025-01-29 23:07:04,459 [ERROR] LogOutputStream:75 - [STDERR_REDIRECT] [Fatal Error] :1:1: Premature end of file.
2025-01-29 23:07:04,459 [ERROR] LogOutputStream:75 - [STDERR_REDIRECT] 
2025-01-29 23:07:05,469 [ERROR] LogOutputStream:75 - [STDERR_REDIRECT] [Fatal Error] :1:1: Premature end of file.
2025-01-29 23:07:05,469 [ERROR] LogOutputStream:75 - [STDERR_REDIRECT] 
2025-01-29 23:07:06,475 [ERROR] LogOutputStream:75 - [STDERR_REDIRECT] [Fatal Error] :1:1: Premature end of file.
2025-01-29 23:07:06,475 [ERROR] LogOutputStream:75 - [STDERR_REDIRECT] 
2025-01-29 23:07:07,464 [ERROR] LogOutputStream:75 - [STDERR_REDIRECT] [Fatal Error] :1:1: Premature end of file.
2025-01-29 23:07:07,464 [ERROR] LogOutputStream:75 - [STDERR_REDIRECT] 
2025-01-29 23:07:08,461 [ERROR] LogOutputStream:75 - [STDERR_REDIRECT] [Fatal Error] :1:1: Premature end of file.
2025-01-29 23:07:08,461 [ERROR] LogOutputStream:75 - [STDERR_REDIRECT] 
2025-01-29 23:07:09,466 [ERROR] LogOutputStream:75 - [STDERR_REDIRECT] [Fatal Error] :1:1: Premature end of file.
2025-01-29 23:07:09,466 [ERROR] LogOutputStream:75 - [STDERR_REDIRECT] 
2025-01-29 23:07:10,468 [ERROR] LogOutputStream:75 - [STDERR_REDIRECT] [Fatal Error] :1:1: Premature end of file.
2025-01-29 23:07:10,468 [ERROR] LogOutputStream:75 - [STDERR_REDIRECT] 
2025-01-29 23:07:11,460 [ERROR] LogOutputStream:75 - [STDERR_REDIRECT] [Fatal Error] :1:1: Premature end of file.
2025-01-29 23:07:11,460 [ERROR] LogOutputStream:75 - [STDERR_REDIRECT] 
2025-01-29 23:07:12,466 [ERROR] LogOutputStream:75 - [STDERR_REDIRECT] [Fatal Error] :1:1: Premature end of file.
2025-01-29 23:07:12,466 [ERROR] LogOutputStream:75 - [STDERR_REDIRECT] 
2025-01-29 23:07:13,456 [ERROR] LogOutputStream:75 - [STDERR_REDIRECT] [Fatal Error] :1:1: Premature end of file.
2025-01-29 23:07:13,456 [ERROR] LogOutputStream:75 - [STDERR_REDIRECT] 
2025-01-29 23:07:14,466 [ERROR] LogOutputStream:75 - [STDERR_REDIRECT] [Fatal Error] :1:1: Premature end of file.
2025-01-29 23:07:14,466 [ERROR] LogOutputStream:75 - [STDERR_REDIRECT] 
2025-01-29 23:07:15,470 [ERROR] LogOutputStream:75 - [STDERR_REDIRECT] [Fatal Error] :1:1: Premature end of file.
2025-01-29 23:07:15,470 [ERROR] LogOutputStream:75 - [STDERR_REDIRECT] 
2025-01-29 23:07:16,461 [ERROR] LogOutputStream:75 - [STDERR_REDIRECT] [Fatal Error] :1:1: Premature end of file.
2025-01-29 23:07:16,463 [ERROR] LogOutputStream:75 - [STDERR_REDIRECT] 
2025-01-29 23:07:17,460 [ERROR] LogOutputStream:75 - [STDERR_REDIRECT] [Fatal Error] :1:1: Premature end of file.
2025-01-29 23:07:17,460 [ERROR] LogOutputStream:75 - [STDERR_REDIRECT] 
2025-01-29 23:07:18,460 [ERROR] LogOutputStream:75 - [STDERR_REDIRECT] [Fatal Error] :1:1: Premature end of file.
2025-01-29 23:07:18,460 [ERROR] LogOutputStream:75 - [STDERR_REDIRECT] 
2025-01-29 23:07:19,461 [ERROR] LogOutputStream:75 - [STDERR_REDIRECT] [Fatal Error] :1:1: Premature end of file.
2025-01-29 23:07:19,461 [ERROR] LogOutputStream:75 - [STDERR_REDIRECT] 
2025-01-29 23:07:20,469 [ERROR] LogOutputStream:75 - [STDERR_REDIRECT] [Fatal Error] :1:1: Premature end of file.
2025-01-29 23:07:20,469 [ERROR] LogOutputStream:75 - [STDERR_REDIRECT] 
2025-01-29 23:07:21,461 [ERROR] LogOutputStream:75 - [STDERR_REDIRECT] [Fatal Error] :1:1: Premature end of file.
2025-01-29 23:07:21,461 [ERROR] LogOutputStream:75 - [STDERR_REDIRECT] 
2025-01-29 23:07:22,457 [ERROR] LogOutputStream:75 - [STDERR_REDIRECT] [Fatal Error] :1:1: Premature end of file.
2025-01-29 23:07:22,457 [ERROR] LogOutputStream:75 - [STDERR_REDIRECT] 
2025-01-29 23:07:23,459 [ERROR] LogOutputStream:75 - [STDERR_REDIRECT] [Fatal Error] :1:1: Premature end of file.
2025-01-29 23:07:23,459 [ERROR] LogOutputStream:75 - [STDERR_REDIRECT] 
2025-01-29 23:07:24,459 [ERROR] LogOutputStream:75 - [STDERR_REDIRECT] [Fatal Error] :1:1: Premature end of file.
2025-01-29 23:07:24,459 [ERROR] LogOutputStream:75 - [STDERR_REDIRECT] 
2025-01-29 23:07:25,464 [ERROR] LogOutputStream:75 - [STDERR_REDIRECT] [Fatal Error] :1:1: Premature end of file.
2025-01-29 23:07:25,464 [ERROR] LogOutputStream:75 - [STDERR_REDIRECT] 
2025-01-29 23:07:26,461 [ERROR] LogOutputStream:75 - [STDERR_REDIRECT] [Fatal Error] :1:1: Premature end of file.
2025-01-29 23:07:26,461 [ERROR] LogOutputStream:75 - [STDERR_REDIRECT] 
2025-01-29 23:07:27,464 [ERROR] LogOutputStream:75 - [STDERR_REDIRECT] [Fatal Error] :1:1: Premature end of file.
2025-01-29 23:07:27,464 [ERROR] LogOutputStream:75 - [STDERR_REDIRECT] 
2025-01-29 23:07:28,463 [ERROR] LogOutputStream:75 - [STDERR_REDIRECT] [Fatal Error] :1:1: Premature end of file.
2025-01-29 23:07:28,463 [ERROR] LogOutputStream:75 - [STDERR_REDIRECT] 
2025-01-29 23:07:29,471 [ERROR] LogOutputStream:75 - [STDERR_REDIRECT] [Fatal Error] :1:1: Premature end of file.
2025-01-29 23:07:29,471 [ERROR] LogOutputStream:75 - [STDERR_REDIRECT] 
2025-01-29 23:07:30,456 [ERROR] LogOutputStream:75 - [STDERR_REDIRECT] [Fatal Error] :1:1: Premature end of file.
2025-01-29 23:07:30,456 [ERROR] LogOutputStream:75 - [STDERR_REDIRECT] 
2025-01-29 23:07:31,460 [ERROR] LogOutputStream:75 - [STDERR_REDIRECT] [Fatal Error] :1:1: Premature end of file.
2025-01-29 23:07:31,460 [ERROR] LogOutputStream:75 - [STDERR_REDIRECT] 
2025-01-29 23:07:32,458 [ERROR] LogOutputStream:75 - [STDERR_REDIRECT] [Fatal Error] :1:1: Premature end of file.
2025-01-29 23:07:32,458 [ERROR] LogOutputStream:75 - [STDERR_REDIRECT] 
2025-01-29 23:07:33,462 [ERROR] LogOutputStream:75 - [STDERR_REDIRECT] [Fatal Error] :1:1: Premature end of file.
2025-01-29 23:07:33,462 [ERROR] LogOutputStream:75 - [STDERR_REDIRECT] 
2025-01-29 23:07:34,456 [ERROR] LogOutputStream:75 - [STDERR_REDIRECT] [Fatal Error] :1:1: Premature end of file.
2025-01-29 23:07:34,458 [ERROR] LogOutputStream:75 - [STDERR_REDIRECT] 
2025-01-29 23:07:35,457 [ERROR] LogOutputStream:75 - [STDERR_REDIRECT] [Fatal Error] :1:1: Premature end of file.
2025-01-29 23:07:35,458 [ERROR] LogOutputStream:75 - [STDERR_REDIRECT] 
2025-01-29 23:07:36,457 [ERROR] LogOutputStream:75 - [STDERR_REDIRECT] [Fatal Error] :1:1: Premature end of file.
2025-01-29 23:07:36,457 [ERROR] LogOutputStream:75 - [STDERR_REDIRECT] 
2025-01-29 23:07:37,461 [ERROR] LogOutputStream:75 - [STDERR_REDIRECT] [Fatal Error] :1:1: Premature end of file.
2025-01-29 23:07:37,461 [ERROR] LogOutputStream:75 - [STDERR_REDIRECT] 
2025-01-29 23:07:38,467 [ERROR] LogOutputStream:75 - [STDERR_REDIRECT] [Fatal Error] :1:1: Premature end of file.
2025-01-29 23:07:38,468 [ERROR] LogOutputStream:75 - [STDERR_REDIRECT] 
2025-01-29 23:07:39,470 [ERROR] LogOutputStream:75 - [STDERR_REDIRECT] [Fatal Error] :1:1: Premature end of file.
2025-01-29 23:07:39,470 [ERROR] LogOutputStream:75 - [STDERR_REDIRECT] 
2025-01-29 23:07:40,463 [ERROR] LogOutputStream:75 - [STDERR_REDIRECT] [Fatal Error] :1:1: Premature end of file.
2025-01-29 23:07:40,463 [ERROR] LogOutputStream:75 - [STDERR_REDIRECT] 
2025-01-29 23:07:41,457 [ERROR] LogOutputStream:75 - [STDERR_REDIRECT] [Fatal Error] :1:1: Premature end of file.
2025-01-29 23:07:41,457 [ERROR] LogOutputStream:75 - [STDERR_REDIRECT] 
2025-01-29 23:07:42,463 [ERROR] LogOutputStream:75 - [STDERR_REDIRECT] [Fatal Error] :1:1: Premature end of file.
2025-01-29 23:07:42,463 [ERROR] LogOutputStream:75 - [STDERR_REDIRECT] 
2025-01-29 23:07:43,465 [ERROR] LogOutputStream:75 - [STDERR_REDIRECT] [Fatal Error] :1:1: Premature end of file.
2025-01-29 23:07:43,465 [ERROR] LogOutputStream:75 - [STDERR_REDIRECT] 
2025-01-29 23:07:44,459 [ERROR] LogOutputStream:75 - [STDERR_REDIRECT] [Fatal Error] :1:1: Premature end of file.
2025-01-29 23:07:44,459 [ERROR] LogOutputStream:75 - [STDERR_REDIRECT] 
2025-01-29 23:07:45,468 [ERROR] LogOutputStream:75 - [STDERR_REDIRECT] [Fatal Error] :1:1: Premature end of file.
2025-01-29 23:07:45,468 [ERROR] LogOutputStream:75 - [STDERR_REDIRECT] 
2025-01-29 23:07:46,468 [ERROR] LogOutputStream:75 - [STDERR_REDIRECT] [Fatal Error] :1:1: Premature end of file.
2025-01-29 23:07:46,468 [ERROR] LogOutputStream:75 - [STDERR_REDIRECT] 
2025-01-29 23:07:47,462 [ERROR] LogOutputStream:75 - [STDERR_REDIRECT] [Fatal Error] :1:1: Premature end of file.
2025-01-29 23:07:47,463 [ERROR] LogOutputStream:75 - [STDERR_REDIRECT] 
2025-01-29 23:07:48,461 [ERROR] LogOutputStream:75 - [STDERR_REDIRECT] [Fatal Error] :1:1: Premature end of file.
2025-01-29 23:07:48,461 [ERROR] LogOutputStream:75 - [STDERR_REDIRECT] 
2025-01-29 23:07:49,465 [ERROR] LogOutputStream:75 - [STDERR_REDIRECT] [Fatal Error] :1:1: Premature end of file.
2025-01-29 23:07:49,465 [ERROR] LogOutputStream:75 - [STDERR_REDIRECT] 
2025-01-29 23:07:50,462 [ERROR] LogOutputStream:75 - [STDERR_REDIRECT] [Fatal Error] :1:1: Premature end of file.
2025-01-29 23:07:50,462 [ERROR] LogOutputStream:75 - [STDERR_REDIRECT] 
2025-01-29 23:07:51,463 [ERROR] LogOutputStream:75 - [STDERR_REDIRECT] [Fatal Error] :1:1: Premature end of file.
2025-01-29 23:07:51,463 [ERROR] LogOutputStream:75 - [STDERR_REDIRECT] 
2025-01-29 23:07:52,452 [ERROR] LogOutputStream:75 - [STDERR_REDIRECT] [Fatal Error] :1:1: Premature end of file.
2025-01-29 23:07:52,452 [ERROR] LogOutputStream:75 - [STDERR_REDIRECT] 
2025-01-29 23:07:53,462 [ERROR] LogOutputStream:75 - [STDERR_REDIRECT] [Fatal Error] :1:1: Premature end of file.
2025-01-29 23:07:53,462 [ERROR] LogOutputStream:75 - [STDERR_REDIRECT] 
2025-01-29 23:07:54,460 [ERROR] LogOutputStream:75 - [STDERR_REDIRECT] [Fatal Error] :1:1: Premature end of file.
2025-01-29 23:07:54,460 [ERROR] LogOutputStream:75 - [STDERR_REDIRECT] 
2025-01-29 23:07:55,464 [ERROR] LogOutputStream:75 - [STDERR_REDIRECT] [Fatal Error] :1:1: Premature end of file.
2025-01-29 23:07:55,464 [ERROR] LogOutputStream:75 - [STDERR_REDIRECT] 
2025-01-29 23:07:56,459 [ERROR] LogOutputStream:75 - [STDERR_REDIRECT] [Fatal Error] :1:1: Premature end of file.
2025-01-29 23:07:56,459 [ERROR] LogOutputStream:75 - [STDERR_REDIRECT] 
2025-01-29 23:07:57,469 [ERROR] LogOutputStream:75 - [STDERR_REDIRECT] [Fatal Error] :1:1: Premature end of file.
2025-01-29 23:07:57,469 [ERROR] LogOutputStream:75 - [STDERR_REDIRECT] 
2025-01-29 23:07:58,463 [ERROR] LogOutputStream:75 - [STDERR_REDIRECT] [Fatal Error] :1:1: Premature end of file.
2025-01-29 23:07:58,463 [ERROR] LogOutputStream:75 - [STDERR_REDIRECT] 
2025-01-29 23:07:59,462 [ERROR] LogOutputStream:75 - [STDERR_REDIRECT] [Fatal Error] :1:1: Premature end of file.
2025-01-29 23:07:59,462 [ERROR] LogOutputStream:75 - [STDERR_REDIRECT] 
2025-01-29 23:08:00,457 [ERROR] LogOutputStream:75 - [STDERR_REDIRECT] [Fatal Error] :1:1: Premature end of file.
2025-01-29 23:08:00,457 [ERROR] LogOutputStream:75 - [STDERR_REDIRECT] 
2025-01-29 23:08:01,459 [ERROR] LogOutputStream:75 - [STDERR_REDIRECT] [Fatal Error] :1:1: Premature end of file.
2025-01-29 23:08:01,459 [ERROR] LogOutputStream:75 - [STDERR_REDIRECT] 
2025-01-29 23:08:02,475 [ERROR] LogOutputStream:75 - [STDERR_REDIRECT] [Fatal Error] :1:1: Premature end of file.
2025-01-29 23:08:02,475 [ERROR] LogOutputStream:75 - [STDERR_REDIRECT] 
2025-01-29 23:08:03,460 [ERROR] LogOutputStream:75 - [STDERR_REDIRECT] [Fatal Error] :1:1: Premature end of file.
2025-01-29 23:08:03,460 [ERROR] LogOutputStream:75 - [STDERR_REDIRECT] 
2025-01-29 23:08:04,487 [ERROR] LogOutputStream:75 - [STDERR_REDIRECT] [Fatal Error] :1:1: Premature end of file.
2025-01-29 23:08:04,487 [ERROR] LogOutputStream:75 - [STDERR_REDIRECT] 
2025-01-29 23:08:05,465 [ERROR] LogOutputStream:75 - [STDERR_REDIRECT] [Fatal Error] :1:1: Premature end of file.
2025-01-29 23:08:05,465 [ERROR] LogOutputStream:75 - [STDERR_REDIRECT] 
2025-01-29 23:08:06,464 [ERROR] LogOutputStream:75 - [STDERR_REDIRECT] [Fatal Error] :1:1: Premature end of file.
2025-01-29 23:08:06,464 [ERROR] LogOutputStream:75 - [STDERR_REDIRECT] 
2025-01-29 23:08:07,463 [ERROR] LogOutputStream:75 - [STDERR_REDIRECT] [Fatal Error] :1:1: Premature end of file.
2025-01-29 23:08:07,463 [ERROR] LogOutputStream:75 - [STDERR_REDIRECT] 
2025-01-29 23:08:08,464 [ERROR] LogOutputStream:75 - [STDERR_REDIRECT] [Fatal Error] :1:1: Premature end of file.
2025-01-29 23:08:08,464 [ERROR] LogOutputStream:75 - [STDERR_REDIRECT] 
2025-01-29 23:08:09,464 [ERROR] LogOutputStream:75 - [STDERR_REDIRECT] [Fatal Error] :1:1: Premature end of file.
2025-01-29 23:08:09,464 [ERROR] LogOutputStream:75 - [STDERR_REDIRECT] 
2025-01-29 23:08:10,472 [ERROR] LogOutputStream:75 - [STDERR_REDIRECT] [Fatal Error] :1:1: Premature end of file.
2025-01-29 23:08:10,472 [ERROR] LogOutputStream:75 - [STDERR_REDIRECT] 
2025-01-29 23:08:11,465 [ERROR] LogOutputStream:75 - [STDERR_REDIRECT] [Fatal Error] :1:1: Premature end of file.
2025-01-29 23:08:11,465 [ERROR] LogOutputStream:75 - [STDERR_REDIRECT] 
2025-01-29 23:08:12,469 [ERROR] LogOutputStream:75 - [STDERR_REDIRECT] [Fatal Error] :1:1: Premature end of file.
2025-01-29 23:08:12,469 [ERROR] LogOutputStream:75 - [STDERR_REDIRECT] 
2025-01-29 23:08:13,452 [ERROR] LogOutputStream:75 - [STDERR_REDIRECT] [Fatal Error] :1:1: Premature end of file.
2025-01-29 23:08:13,452 [ERROR] LogOutputStream:75 - [STDERR_REDIRECT] 
2025-01-29 23:08:14,464 [ERROR] LogOutputStream:75 - [STDERR_REDIRECT] [Fatal Error] :1:1: Premature end of file.
2025-01-29 23:08:14,464 [ERROR] LogOutputStream:75 - [STDERR_REDIRECT] 
2025-01-29 23:08:15,471 [ERROR] LogOutputStream:75 - [STDERR_REDIRECT] [Fatal Error] :1:1: Premature end of file.
2025-01-29 23:08:15,471 [ERROR] LogOutputStream:75 - [STDERR_REDIRECT] 
2025-01-29 23:08:16,462 [ERROR] LogOutputStream:75 - [STDERR_REDIRECT] [Fatal Error] :1:1: Premature end of file.
2025-01-29 23:08:16,462 [ERROR] LogOutputStream:75 - [STDERR_REDIRECT] 
2025-01-29 23:08:17,460 [ERROR] LogOutputStream:75 - [STDERR_REDIRECT] [Fatal Error] :1:1: Premature end of file.
2025-01-29 23:08:17,460 [ERROR] LogOutputStream:75 - [STDERR_REDIRECT] 
2025-01-29 23:08:18,461 [ERROR] LogOutputStream:75 - [STDERR_REDIRECT] [Fatal Error] :1:1: Premature end of file.
2025-01-29 23:08:18,461 [ERROR] LogOutputStream:75 - [STDERR_REDIRECT] 
2025-01-29 23:08:19,458 [ERROR] LogOutputStream:75 - [STDERR_REDIRECT] [Fatal Error] :1:1: Premature end of file.
2025-01-29 23:08:19,458 [ERROR] LogOutputStream:75 - [STDERR_REDIRECT] 
2025-01-29 23:08:20,449 [ERROR] LogOutputStream:75 - [STDERR_REDIRECT] [Fatal Error] :1:1: Premature end of file.
2025-01-29 23:08:20,449 [ERROR] LogOutputStream:75 - [STDERR_REDIRECT] 
2025-01-29 23:08:21,478 [ERROR] LogOutputStream:75 - [STDERR_REDIRECT] [Fatal Error] :1:1: Premature end of file.
2025-01-29 23:08:21,478 [ERROR] LogOutputStream:75 - [STDERR_REDIRECT] 
2025-01-29 23:08:22,472 [ERROR] LogOutputStream:75 - [STDERR_REDIRECT] [Fatal Error] :1:1: Premature end of file.
2025-01-29 23:08:22,472 [ERROR] LogOutputStream:75 - [STDERR_REDIRECT] 
2025-01-29 23:08:23,457 [ERROR] LogOutputStream:75 - [STDERR_REDIRECT] [Fatal Error] :1:1: Premature end of file.
2025-01-29 23:08:23,457 [ERROR] LogOutputStream:75 - [STDERR_REDIRECT] 
2025-01-29 23:08:24,463 [ERROR] LogOutputStream:75 - [STDERR_REDIRECT] [Fatal Error] :1:1: Premature end of file.
2025-01-29 23:08:24,465 [ERROR] LogOutputStream:75 - [STDERR_REDIRECT] 
2025-01-29 23:08:25,467 [ERROR] LogOutputStream:75 - [STDERR_REDIRECT] [Fatal Error] :1:1: Premature end of file.
2025-01-29 23:08:25,467 [ERROR] LogOutputStream:75 - [STDERR_REDIRECT] 
2025-01-29 23:08:26,461 [ERROR] LogOutputStream:75 - [STDERR_REDIRECT] [Fatal Error] :1:1: Premature end of file.
2025-01-29 23:08:26,461 [ERROR] LogOutputStream:75 - [STDERR_REDIRECT] 
2025-01-29 23:08:27,470 [ERROR] LogOutputStream:75 - [STDERR_REDIRECT] [Fatal Error] :1:1: Premature end of file.
2025-01-29 23:08:27,470 [ERROR] LogOutputStream:75 - [STDERR_REDIRECT] 
2025-01-29 23:08:28,455 [ERROR] LogOutputStream:75 - [STDERR_REDIRECT] [Fatal Error] :1:1: Premature end of file.
2025-01-29 23:08:28,455 [ERROR] LogOutputStream:75 - [STDERR_REDIRECT] 
2025-01-29 23:08:29,468 [ERROR] LogOutputStream:75 - [STDERR_REDIRECT] [Fatal Error] :1:1: Premature end of file.
2025-01-29 23:08:29,469 [ERROR] LogOutputStream:75 - [STDERR_REDIRECT] 
2025-01-29 23:08:30,480 [ERROR] LogOutputStream:75 - [STDERR_REDIRECT] [Fatal Error] :1:1: Premature end of file.
2025-01-29 23:08:30,480 [ERROR] LogOutputStream:75 - [STDERR_REDIRECT] 
2025-01-29 23:08:31,467 [ERROR] LogOutputStream:75 - [STDERR_REDIRECT] [Fatal Error] :1:1: Premature end of file.
2025-01-29 23:08:31,467 [ERROR] LogOutputStream:75 - [STDERR_REDIRECT] 
2025-01-29 23:08:32,458 [ERROR] LogOutputStream:75 - [STDERR_REDIRECT] [Fatal Error] :1:1: Premature end of file.
2025-01-29 23:08:32,458 [ERROR] LogOutputStream:75 - [STDERR_REDIRECT] 
2025-01-29 23:08:33,469 [ERROR] LogOutputStream:75 - [STDERR_REDIRECT] [Fatal Error] :1:1: Premature end of file.
2025-01-29 23:08:33,469 [ERROR] LogOutputStream:75 - [STDERR_REDIRECT] 
2025-01-29 23:08:34,469 [ERROR] LogOutputStream:75 - [STDERR_REDIRECT] [Fatal Error] :1:1: Premature end of file.
2025-01-29 23:08:34,469 [ERROR] LogOutputStream:75 - [STDERR_REDIRECT] 
2025-01-29 23:08:35,477 [ERROR] LogOutputStream:75 - [STDERR_REDIRECT] [Fatal Error] :1:1: Premature end of file.
2025-01-29 23:08:35,477 [ERROR] LogOutputStream:75 - [STDERR_REDIRECT] 
2025-01-29 23:08:36,474 [ERROR] LogOutputStream:75 - [STDERR_REDIRECT] [Fatal Error] :1:1: Premature end of file.
2025-01-29 23:08:36,474 [ERROR] LogOutputStream:75 - [STDERR_REDIRECT] 
2025-01-29 23:08:37,468 [ERROR] LogOutputStream:75 - [STDERR_REDIRECT] [Fatal Error] :1:1: Premature end of file.
2025-01-29 23:08:37,468 [ERROR] LogOutputStream:75 - [STDERR_REDIRECT] 
2025-01-29 23:08:38,467 [ERROR] LogOutputStream:75 - [STDERR_REDIRECT] [Fatal Error] :1:1: Premature end of file.
2025-01-29 23:08:38,467 [ERROR] LogOutputStream:75 - [STDERR_REDIRECT] 
2025-01-29 23:08:39,474 [ERROR] LogOutputStream:75 - [STDERR_REDIRECT] [Fatal Error] :1:1: Premature end of file.
2025-01-29 23:08:39,474 [ERROR] LogOutputStream:75 - [STDERR_REDIRECT] 
2025-01-29 23:08:40,459 [ERROR] LogOutputStream:75 - [STDERR_REDIRECT] [Fatal Error] :1:1: Premature end of file.
2025-01-29 23:08:40,459 [ERROR] LogOutputStream:75 - [STDERR_REDIRECT] 
2025-01-29 23:08:41,475 [ERROR] LogOutputStream:75 - [STDERR_REDIRECT] [Fatal Error] :1:1: Premature end of file.
2025-01-29 23:08:41,475 [ERROR] LogOutputStream:75 - [STDERR_REDIRECT] 
2025-01-29 23:08:42,468 [ERROR] LogOutputStream:75 - [STDERR_REDIRECT] [Fatal Error] :1:1: Premature end of file.
2025-01-29 23:08:42,468 [ERROR] LogOutputStream:75 - [STDERR_REDIRECT] 
2025-01-29 23:08:43,461 [ERROR] LogOutputStream:75 - [STDERR_REDIRECT] [Fatal Error] :1:1: Premature end of file.
2025-01-29 23:08:43,461 [ERROR] LogOutputStream:75 - [STDERR_REDIRECT] 
2025-01-29 23:08:44,472 [ERROR] LogOutputStream:75 - [STDERR_REDIRECT] [Fatal Error] :1:1: Premature end of file.
2025-01-29 23:08:44,474 [ERROR] LogOutputStream:75 - [STDERR_REDIRECT] 
2025-01-29 23:08:45,461 [ERROR] LogOutputStream:75 - [STDERR_REDIRECT] [Fatal Error] :1:1: Premature end of file.
2025-01-29 23:08:45,461 [ERROR] LogOutputStream:75 - [STDERR_REDIRECT] 
2025-01-29 23:08:46,466 [ERROR] LogOutputStream:75 - [STDERR_REDIRECT] [Fatal Error] :1:1: Premature end of file.
2025-01-29 23:08:46,466 [ERROR] LogOutputStream:75 - [STDERR_REDIRECT] 
2025-01-29 23:08:47,481 [ERROR] LogOutputStream:75 - [STDERR_REDIRECT] [Fatal Error] :1:1: Premature end of file.
2025-01-29 23:08:47,481 [ERROR] LogOutputStream:75 - [STDERR_REDIRECT] 
2025-01-29 23:08:48,465 [ERROR] LogOutputStream:75 - [STDERR_REDIRECT] [Fatal Error] :1:1: Premature end of file.
2025-01-29 23:08:48,465 [ERROR] LogOutputStream:75 - [STDERR_REDIRECT] 
2025-01-29 23:08:49,456 [ERROR] LogOutputStream:75 - [STDERR_REDIRECT] [Fatal Error] :1:1: Premature end of file.
2025-01-29 23:08:49,456 [ERROR] LogOutputStream:75 - [STDERR_REDIRECT] 
2025-01-29 23:08:50,462 [ERROR] LogOutputStream:75 - [STDERR_REDIRECT] [Fatal Error] :1:1: Premature end of file.
2025-01-29 23:08:50,462 [ERROR] LogOutputStream:75 - [STDERR_REDIRECT] 
2025-01-29 23:08:51,470 [ERROR] LogOutputStream:75 - [STDERR_REDIRECT] [Fatal Error] :1:1: Premature end of file.
2025-01-29 23:08:51,470 [ERROR] LogOutputStream:75 - [STDERR_REDIRECT] 
2025-01-29 23:08:52,455 [ERROR] LogOutputStream:75 - [STDERR_REDIRECT] [Fatal Error] :1:1: Premature end of file.
2025-01-29 23:08:52,455 [ERROR] LogOutputStream:75 - [STDERR_REDIRECT] 
2025-01-29 23:08:53,469 [ERROR] LogOutputStream:75 - [STDERR_REDIRECT] [Fatal Error] :1:1: Premature end of file.
2025-01-29 23:08:53,469 [ERROR] LogOutputStream:75 - [STDERR_REDIRECT] 
2025-01-29 23:08:54,478 [ERROR] LogOutputStream:75 - [STDERR_REDIRECT] [Fatal Error] :1:1: Premature end of file.
2025-01-29 23:08:54,478 [ERROR] LogOutputStream:75 - [STDERR_REDIRECT] 
2025-01-29 23:08:55,469 [ERROR] LogOutputStream:75 - [STDERR_REDIRECT] [Fatal Error] :1:1: Premature end of file.
2025-01-29 23:08:55,469 [ERROR] LogOutputStream:75 - [STDERR_REDIRECT] 
2025-01-29 23:08:56,484 [ERROR] LogOutputStream:75 - [STDERR_REDIRECT] [Fatal Error] :1:1: Premature end of file.
2025-01-29 23:08:56,484 [ERROR] LogOutputStream:75 - [STDERR_REDIRECT] 
2025-01-29 23:08:57,471 [ERROR] LogOutputStream:75 - [STDERR_REDIRECT] [Fatal Error] :1:1: Premature end of file.
2025-01-29 23:08:57,471 [ERROR] LogOutputStream:75 - [STDERR_REDIRECT] 
2025-01-29 23:08:58,471 [ERROR] LogOutputStream:75 - [STDERR_REDIRECT] [Fatal Error] :1:1: Premature end of file.
2025-01-29 23:08:58,471 [ERROR] LogOutputStream:75 - [STDERR_REDIRECT] 
2025-01-29 23:08:59,467 [ERROR] LogOutputStream:75 - [STDERR_REDIRECT] [Fatal Error] :1:1: Premature end of file.
2025-01-29 23:08:59,467 [ERROR] LogOutputStream:75 - [STDERR_REDIRECT] 
2025-01-29 23:09:00,470 [ERROR] LogOutputStream:75 - [STDERR_REDIRECT] [Fatal Error] :1:1: Premature end of file.
2025-01-29 23:09:00,471 [ERROR] LogOutputStream:75 - [STDERR_REDIRECT] 
2025-01-29 23:09:01,490 [ERROR] LogOutputStream:75 - [STDERR_REDIRECT] [Fatal Error] :1:1: Premature end of file.
2025-01-29 23:09:01,490 [ERROR] LogOutputStream:75 - [STDERR_REDIRECT] 
2025-01-29 23:09:02,472 [ERROR] LogOutputStream:75 - [STDERR_REDIRECT] [Fatal Error] :1:1: Premature end of file.
2025-01-29 23:09:02,472 [ERROR] LogOutputStream:75 - [STDERR_REDIRECT] 
2025-01-29 23:09:03,470 [ERROR] LogOutputStream:75 - [STDERR_REDIRECT] [Fatal Error] :1:1: Premature end of file.
2025-01-29 23:09:03,470 [ERROR] LogOutputStream:75 - [STDERR_REDIRECT] 
2025-01-29 23:09:04,472 [ERROR] LogOutputStream:75 - [STDERR_REDIRECT] [Fatal Error] :1:1: Premature end of file.
2025-01-29 23:09:04,472 [ERROR] LogOutputStream:75 - [STDERR_REDIRECT] 
2025-01-29 23:09:05,472 [ERROR] LogOutputStream:75 - [STDERR_REDIRECT] [Fatal Error] :1:1: Premature end of file.
2025-01-29 23:09:05,472 [ERROR] LogOutputStream:75 - [STDERR_REDIRECT] 
2025-01-29 23:09:06,490 [ERROR] LogOutputStream:75 - [STDERR_REDIRECT] [Fatal Error] :1:1: Premature end of file.
2025-01-29 23:09:06,490 [ERROR] LogOutputStream:75 - [STDERR_REDIRECT] 
2025-01-29 23:09:07,471 [ERROR] LogOutputStream:75 - [STDERR_REDIRECT] [Fatal Error] :1:1: Premature end of file.
2025-01-29 23:09:07,472 [ERROR] LogOutputStream:75 - [STDERR_REDIRECT] 
2025-01-29 23:09:08,477 [ERROR] LogOutputStream:75 - [STDERR_REDIRECT] [Fatal Error] :1:1: Premature end of file.
2025-01-29 23:09:08,477 [ERROR] LogOutputStream:75 - [STDERR_REDIRECT] 
2025-01-29 23:09:09,473 [ERROR] LogOutputStream:75 - [STDERR_REDIRECT] [Fatal Error] :1:1: Premature end of file.
2025-01-29 23:09:09,473 [ERROR] LogOutputStream:75 - [STDERR_REDIRECT] 
2025-01-29 23:09:10,459 [ERROR] LogOutputStream:75 - [STDERR_REDIRECT] [Fatal Error] :1:1: Premature end of file.
2025-01-29 23:09:10,459 [ERROR] LogOutputStream:75 - [STDERR_REDIRECT] 
2025-01-29 23:09:11,475 [ERROR] LogOutputStream:75 - [STDERR_REDIRECT] [Fatal Error] :1:1: Premature end of file.
2025-01-29 23:09:11,475 [ERROR] LogOutputStream:75 - [STDERR_REDIRECT] 
2025-01-29 23:09:12,469 [ERROR] LogOutputStream:75 - [STDERR_REDIRECT] [Fatal Error] :1:1: Premature end of file.
2025-01-29 23:09:12,471 [ERROR] LogOutputStream:75 - [STDERR_REDIRECT] 
2025-01-29 23:09:13,459 [ERROR] LogOutputStream:75 - [STDERR_REDIRECT] [Fatal Error] :1:1: Premature end of file.
2025-01-29 23:09:13,459 [ERROR] LogOutputStream:75 - [STDERR_REDIRECT] 
2025-01-29 23:09:14,469 [ERROR] LogOutputStream:75 - [STDERR_REDIRECT] [Fatal Error] :1:1: Premature end of file.
2025-01-29 23:09:14,469 [ERROR] LogOutputStream:75 - [STDERR_REDIRECT] 
2025-01-29 23:09:15,470 [ERROR] LogOutputStream:75 - [STDERR_REDIRECT] [Fatal Error] :1:1: Premature end of file.
2025-01-29 23:09:15,470 [ERROR] LogOutputStream:75 - [STDERR_REDIRECT] 
2025-01-29 23:09:16,472 [ERROR] LogOutputStream:75 - [STDERR_REDIRECT] [Fatal Error] :1:1: Premature end of file.
2025-01-29 23:09:16,472 [ERROR] LogOutputStream:75 - [STDERR_REDIRECT] 
2025-01-29 23:09:17,469 [ERROR] LogOutputStream:75 - [STDERR_REDIRECT] [Fatal Error] :1:1: Premature end of file.
2025-01-29 23:09:17,469 [ERROR] LogOutputStream:75 - [STDERR_REDIRECT] 
2025-01-29 23:09:18,489 [ERROR] LogOutputStream:75 - [STDERR_REDIRECT] [Fatal Error] :1:1: Premature end of file.
2025-01-29 23:09:18,491 [ERROR] LogOutputStream:75 - [STDERR_REDIRECT] 
2025-01-29 23:09:19,464 [ERROR] LogOutputStream:75 - [STDERR_REDIRECT] [Fatal Error] :1:1: Premature end of file.
2025-01-29 23:09:19,464 [ERROR] LogOutputStream:75 - [STDERR_REDIRECT] 
2025-01-29 23:09:20,470 [ERROR] LogOutputStream:75 - [STDERR_REDIRECT] [Fatal Error] :1:1: Premature end of file.
2025-01-29 23:09:20,472 [ERROR] LogOutputStream:75 - [STDERR_REDIRECT] 
2025-01-29 23:09:21,476 [ERROR] LogOutputStream:75 - [STDERR_REDIRECT] [Fatal Error] :1:1: Premature end of file.
2025-01-29 23:09:21,476 [ERROR] LogOutputStream:75 - [STDERR_REDIRECT] 
2025-01-29 23:09:22,475 [ERROR] LogOutputStream:75 - [STDERR_REDIRECT] [Fatal Error] :1:1: Premature end of file.
2025-01-29 23:09:22,475 [ERROR] LogOutputStream:75 - [STDERR_REDIRECT] 
2025-01-29 23:09:23,472 [ERROR] LogOutputStream:75 - [STDERR_REDIRECT] [Fatal Error] :1:1: Premature end of file.
2025-01-29 23:09:23,472 [ERROR] LogOutputStream:75 - [STDERR_REDIRECT] 
2025-01-29 23:09:24,474 [ERROR] LogOutputStream:75 - [STDERR_REDIRECT] [Fatal Error] :1:1: Premature end of file.
2025-01-29 23:09:24,474 [ERROR] LogOutputStream:75 - [STDERR_REDIRECT] 
2025-01-29 23:09:25,465 [ERROR] LogOutputStream:75 - [STDERR_REDIRECT] [Fatal Error] :1:1: Premature end of file.
2025-01-29 23:09:25,465 [ERROR] LogOutputStream:75 - [STDERR_REDIRECT] 
2025-01-29 23:09:26,464 [ERROR] LogOutputStream:75 - [STDERR_REDIRECT] [Fatal Error] :1:1: Premature end of file.
2025-01-29 23:09:26,464 [ERROR] LogOutputStream:75 - [STDERR_REDIRECT] 
2025-01-29 23:09:27,467 [ERROR] LogOutputStream:75 - [STDERR_REDIRECT] [Fatal Error] :1:1: Premature end of file.
2025-01-29 23:09:27,469 [ERROR] LogOutputStream:75 - [STDERR_REDIRECT] 
2025-01-29 23:09:28,483 [ERROR] LogOutputStream:75 - [STDERR_REDIRECT] [Fatal Error] :1:1: Premature end of file.
2025-01-29 23:09:28,483 [ERROR] LogOutputStream:75 - [STDERR_REDIRECT] 
2025-01-29 23:09:29,468 [ERROR] LogOutputStream:75 - [STDERR_REDIRECT] [Fatal Error] :1:1: Premature end of file.
2025-01-29 23:09:29,468 [ERROR] LogOutputStream:75 - [STDERR_REDIRECT] 
2025-01-29 23:09:30,476 [ERROR] LogOutputStream:75 - [STDERR_REDIRECT] [Fatal Error] :1:1: Premature end of file.
2025-01-29 23:09:30,476 [ERROR] LogOutputStream:75 - [STDERR_REDIRECT] 
2025-01-29 23:09:31,468 [ERROR] LogOutputStream:75 - [STDERR_REDIRECT] [Fatal Error] :1:1: Premature end of file.
2025-01-29 23:09:31,468 [ERROR] LogOutputStream:75 - [STDERR_REDIRECT] 
2025-01-29 23:09:32,469 [ERROR] LogOutputStream:75 - [STDERR_REDIRECT] [Fatal Error] :1:1: Premature end of file.
2025-01-29 23:09:32,469 [ERROR] LogOutputStream:75 - [STDERR_REDIRECT] 
2025-01-29 23:09:33,458 [ERROR] LogOutputStream:75 - [STDERR_REDIRECT] [Fatal Error] :1:1: Premature end of file.
2025-01-29 23:09:33,458 [ERROR] LogOutputStream:75 - [STDERR_REDIRECT] 
2025-01-29 23:09:34,471 [ERROR] LogOutputStream:75 - [STDERR_REDIRECT] [Fatal Error] :1:1: Premature end of file.
2025-01-29 23:09:34,471 [ERROR] LogOutputStream:75 - [STDERR_REDIRECT] 
2025-01-29 23:09:35,463 [ERROR] LogOutputStream:75 - [STDERR_REDIRECT] [Fatal Error] :1:1: Premature end of file.
2025-01-29 23:09:35,463 [ERROR] LogOutputStream:75 - [STDERR_REDIRECT] 
2025-01-29 23:09:36,466 [ERROR] LogOutputStream:75 - [STDERR_REDIRECT] [Fatal Error] :1:1: Premature end of file.
2025-01-29 23:09:36,466 [ERROR] LogOutputStream:75 - [STDERR_REDIRECT] 
2025-01-29 23:09:37,468 [ERROR] LogOutputStream:75 - [STDERR_REDIRECT] [Fatal Error] :1:1: Premature end of file.
2025-01-29 23:09:37,468 [ERROR] LogOutputStream:75 - [STDERR_REDIRECT] 
2025-01-29 23:09:38,468 [ERROR] LogOutputStream:75 - [STDERR_REDIRECT] [Fatal Error] :1:1: Premature end of file.
2025-01-29 23:09:38,468 [ERROR] LogOutputStream:75 - [STDERR_REDIRECT] 
2025-01-29 23:09:39,473 [ERROR] LogOutputStream:75 - [STDERR_REDIRECT] [Fatal Error] :1:1: Premature end of file.
2025-01-29 23:09:39,473 [ERROR] LogOutputStream:75 - [STDERR_REDIRECT] 
2025-01-29 23:09:40,482 [ERROR] LogOutputStream:75 - [STDERR_REDIRECT] [Fatal Error] :1:1: Premature end of file.
2025-01-29 23:09:40,482 [ERROR] LogOutputStream:75 - [STDERR_REDIRECT] 
2025-01-29 23:09:41,469 [ERROR] LogOutputStream:75 - [STDERR_REDIRECT] [Fatal Error] :1:1: Premature end of file.
2025-01-29 23:09:41,469 [ERROR] LogOutputStream:75 - [STDERR_REDIRECT] 
2025-01-29 23:09:42,490 [ERROR] LogOutputStream:75 - [STDERR_REDIRECT] [Fatal Error] :1:1: Premature end of file.
2025-01-29 23:09:42,490 [ERROR] LogOutputStream:75 - [STDERR_REDIRECT] 
2025-01-29 23:09:43,464 [ERROR] LogOutputStream:75 - [STDERR_REDIRECT] [Fatal Error] :1:1: Premature end of file.
2025-01-29 23:09:43,464 [ERROR] LogOutputStream:75 - [STDERR_REDIRECT] 
2025-01-29 23:09:44,472 [ERROR] LogOutputStream:75 - [STDERR_REDIRECT] [Fatal Error] :1:1: Premature end of file.
2025-01-29 23:09:44,472 [ERROR] LogOutputStream:75 - [STDERR_REDIRECT] 
2025-01-29 23:09:45,471 [ERROR] LogOutputStream:75 - [STDERR_REDIRECT] [Fatal Error] :1:1: Premature end of file.
2025-01-29 23:09:45,471 [ERROR] LogOutputStream:75 - [STDERR_REDIRECT] 
2025-01-29 23:09:46,467 [ERROR] LogOutputStream:75 - [STDERR_REDIRECT] [Fatal Error] :1:1: Premature end of file.
2025-01-29 23:09:46,467 [ERROR] LogOutputStream:75 - [STDERR_REDIRECT] 
2025-01-29 23:09:47,464 [ERROR] LogOutputStream:75 - [STDERR_REDIRECT] [Fatal Error] :1:1: Premature end of file.
2025-01-29 23:09:47,464 [ERROR] LogOutputStream:75 - [STDERR_REDIRECT] 
2025-01-29 23:09:48,474 [ERROR] LogOutputStream:75 - [STDERR_REDIRECT] [Fatal Error] :1:1: Premature end of file.
2025-01-29 23:09:48,474 [ERROR] LogOutputStream:75 - [STDERR_REDIRECT] 
2025-01-29 23:09:49,468 [ERROR] LogOutputStream:75 - [STDERR_REDIRECT] [Fatal Error] :1:1: Premature end of file.
2025-01-29 23:09:49,468 [ERROR] LogOutputStream:75 - [STDERR_REDIRECT] 
2025-01-29 23:09:50,467 [ERROR] LogOutputStream:75 - [STDERR_REDIRECT] [Fatal Error] :1:1: Premature end of file.
2025-01-29 23:09:50,467 [ERROR] LogOutputStream:75 - [STDERR_REDIRECT] 
2025-01-29 23:09:51,474 [ERROR] LogOutputStream:75 - [STDERR_REDIRECT] [Fatal Error] :1:1: Premature end of file.
2025-01-29 23:09:51,474 [ERROR] LogOutputStream:75 - [STDERR_REDIRECT] 
2025-01-29 23:09:52,469 [ERROR] LogOutputStream:75 - [STDERR_REDIRECT] [Fatal Error] :1:1: Premature end of file.
2025-01-29 23:09:52,469 [ERROR] LogOutputStream:75 - [STDERR_REDIRECT] 
2025-01-29 23:09:53,478 [ERROR] LogOutputStream:75 - [STDERR_REDIRECT] [Fatal Error] :1:1: Premature end of file.
2025-01-29 23:09:53,478 [ERROR] LogOutputStream:75 - [STDERR_REDIRECT] 
2025-01-29 23:09:54,474 [ERROR] LogOutputStream:75 - [STDERR_REDIRECT] [Fatal Error] :1:1: Premature end of file.
2025-01-29 23:09:54,475 [ERROR] LogOutputStream:75 - [STDERR_REDIRECT] 
2025-01-29 23:09:55,461 [ERROR] LogOutputStream:75 - [STDERR_REDIRECT] [Fatal Error] :1:1: Premature end of file.
2025-01-29 23:09:55,461 [ERROR] LogOutputStream:75 - [STDERR_REDIRECT] 
2025-01-29 23:09:56,467 [ERROR] LogOutputStream:75 - [STDERR_REDIRECT] [Fatal Error] :1:1: Premature end of file.
2025-01-29 23:09:56,467 [ERROR] LogOutputStream:75 - [STDERR_REDIRECT] 
2025-01-29 23:09:57,477 [ERROR] LogOutputStream:75 - [STDERR_REDIRECT] [Fatal Error] :1:1: Premature end of file.
2025-01-29 23:09:57,479 [ERROR] LogOutputStream:75 - [STDERR_REDIRECT] 
2025-01-29 23:09:58,484 [ERROR] LogOutputStream:75 - [STDERR_REDIRECT] [Fatal Error] :1:1: Premature end of file.
2025-01-29 23:09:58,484 [ERROR] LogOutputStream:75 - [STDERR_REDIRECT] 
2025-01-29 23:09:59,464 [ERROR] LogOutputStream:75 - [STDERR_REDIRECT] [Fatal Error] :1:1: Premature end of file.
2025-01-29 23:09:59,464 [ERROR] LogOutputStream:75 - [STDERR_REDIRECT] 
2025-01-29 23:10:00,468 [ERROR] LogOutputStream:75 - [STDERR_REDIRECT] [Fatal Error] :1:1: Premature end of file.
2025-01-29 23:10:00,468 [ERROR] LogOutputStream:75 - [STDERR_REDIRECT] 
2025-01-29 23:10:01,472 [ERROR] LogOutputStream:75 - [STDERR_REDIRECT] [Fatal Error] :1:1: Premature end of file.
2025-01-29 23:10:01,472 [ERROR] LogOutputStream:75 - [STDERR_REDIRECT] 
2025-01-29 23:10:02,460 [ERROR] LogOutputStream:75 - [STDERR_REDIRECT] [Fatal Error] :1:1: Premature end of file.
2025-01-29 23:10:02,460 [ERROR] LogOutputStream:75 - [STDERR_REDIRECT] 
2025-01-29 23:10:03,465 [ERROR] LogOutputStream:75 - [STDERR_REDIRECT] [Fatal Error] :1:1: Premature end of file.
2025-01-29 23:10:03,465 [ERROR] LogOutputStream:75 - [STDERR_REDIRECT] 
2025-01-29 23:10:04,478 [ERROR] LogOutputStream:75 - [STDERR_REDIRECT] [Fatal Error] :1:1: Premature end of file.
2025-01-29 23:10:04,478 [ERROR] LogOutputStream:75 - [STDERR_REDIRECT] 
2025-01-29 23:10:05,472 [ERROR] LogOutputStream:75 - [STDERR_REDIRECT] [Fatal Error] :1:1: Premature end of file.
2025-01-29 23:10:05,472 [ERROR] LogOutputStream:75 - [STDERR_REDIRECT] 
2025-01-29 23:10:06,467 [ERROR] LogOutputStream:75 - [STDERR_REDIRECT] [Fatal Error] :1:1: Premature end of file.
2025-01-29 23:10:06,467 [ERROR] LogOutputStream:75 - [STDERR_REDIRECT] 
2025-01-29 23:10:07,463 [ERROR] LogOutputStream:75 - [STDERR_REDIRECT] [Fatal Error] :1:1: Premature end of file.
2025-01-29 23:10:07,465 [ERROR] LogOutputStream:75 - [STDERR_REDIRECT] 
2025-01-29 23:10:08,470 [ERROR] LogOutputStream:75 - [STDERR_REDIRECT] [Fatal Error] :1:1: Premature end of file.
2025-01-29 23:10:08,470 [ERROR] LogOutputStream:75 - [STDERR_REDIRECT] 
2025-01-29 23:10:09,468 [ERROR] LogOutputStream:75 - [STDERR_REDIRECT] [Fatal Error] :1:1: Premature end of file.
2025-01-29 23:10:09,468 [ERROR] LogOutputStream:75 - [STDERR_REDIRECT] 
2025-01-29 23:10:10,456 [ERROR] LogOutputStream:75 - [STDERR_REDIRECT] [Fatal Error] :1:1: Premature end of file.
2025-01-29 23:10:10,456 [ERROR] LogOutputStream:75 - [STDERR_REDIRECT] 
2025-01-29 23:10:11,464 [ERROR] LogOutputStream:75 - [STDERR_REDIRECT] [Fatal Error] :1:1: Premature end of file.
2025-01-29 23:10:11,464 [ERROR] LogOutputStream:75 - [STDERR_REDIRECT] 
2025-01-29 23:10:12,466 [ERROR] LogOutputStream:75 - [STDERR_REDIRECT] [Fatal Error] :1:1: Premature end of file.
2025-01-29 23:10:12,466 [ERROR] LogOutputStream:75 - [STDERR_REDIRECT] 
2025-01-29 23:10:13,462 [ERROR] LogOutputStream:75 - [STDERR_REDIRECT] [Fatal Error] :1:1: Premature end of file.
2025-01-29 23:10:13,462 [ERROR] LogOutputStream:75 - [STDERR_REDIRECT] 
2025-01-29 23:10:14,456 [ERROR] LogOutputStream:75 - [STDERR_REDIRECT] [Fatal Error] :1:1: Premature end of file.
2025-01-29 23:10:14,457 [ERROR] LogOutputStream:75 - [STDERR_REDIRECT] 
2025-01-29 23:10:15,479 [ERROR] LogOutputStream:75 - [STDERR_REDIRECT] [Fatal Error] :1:1: Premature end of file.
2025-01-29 23:10:15,479 [ERROR] LogOutputStream:75 - [STDERR_REDIRECT] 
2025-01-29 23:10:16,470 [ERROR] LogOutputStream:75 - [STDERR_REDIRECT] [Fatal Error] :1:1: Premature end of file.
2025-01-29 23:10:16,470 [ERROR] LogOutputStream:75 - [STDERR_REDIRECT] 
2025-01-29 23:10:17,474 [ERROR] LogOutputStream:75 - [STDERR_REDIRECT] [Fatal Error] :1:1: Premature end of file.
2025-01-29 23:10:17,474 [ERROR] LogOutputStream:75 - [STDERR_REDIRECT] 
2025-01-29 23:10:18,465 [ERROR] LogOutputStream:75 - [STDERR_REDIRECT] [Fatal Error] :1:1: Premature end of file.
2025-01-29 23:10:18,465 [ERROR] LogOutputStream:75 - [STDERR_REDIRECT] 
2025-01-29 23:10:19,458 [ERROR] LogOutputStream:75 - [STDERR_REDIRECT] [Fatal Error] :1:1: Premature end of file.
2025-01-29 23:10:19,459 [ERROR] LogOutputStream:75 - [STDERR_REDIRECT] 
2025-01-29 23:10:20,477 [ERROR] LogOutputStream:75 - [STDERR_REDIRECT] [Fatal Error] :1:1: Premature end of file.
2025-01-29 23:10:20,477 [ERROR] LogOutputStream:75 - [STDERR_REDIRECT] 
2025-01-29 23:10:21,484 [ERROR] LogOutputStream:75 - [STDERR_REDIRECT] [Fatal Error] :1:1: Premature end of file.
2025-01-29 23:10:21,484 [ERROR] LogOutputStream:75 - [STDERR_REDIRECT] 
2025-01-29 23:10:22,472 [ERROR] LogOutputStream:75 - [STDERR_REDIRECT] [Fatal Error] :1:1: Premature end of file.
2025-01-29 23:10:22,472 [ERROR] LogOutputStream:75 - [STDERR_REDIRECT] 
2025-01-29 23:10:23,480 [ERROR] LogOutputStream:75 - [STDERR_REDIRECT] [Fatal Error] :1:1: Premature end of file.
2025-01-29 23:10:23,480 [ERROR] LogOutputStream:75 - [STDERR_REDIRECT] 
2025-01-29 23:10:24,463 [ERROR] LogOutputStream:75 - [STDERR_REDIRECT] [Fatal Error] :1:1: Premature end of file.
2025-01-29 23:10:24,463 [ERROR] LogOutputStream:75 - [STDERR_REDIRECT] 
2025-01-29 23:10:25,466 [ERROR] LogOutputStream:75 - [STDERR_REDIRECT] [Fatal Error] :1:1: Premature end of file.
2025-01-29 23:10:25,466 [ERROR] LogOutputStream:75 - [STDERR_REDIRECT] 
2025-01-29 23:10:26,470 [ERROR] LogOutputStream:75 - [STDERR_REDIRECT] [Fatal Error] :1:1: Premature end of file.
2025-01-29 23:10:26,470 [ERROR] LogOutputStream:75 - [STDERR_REDIRECT] 
2025-01-29 23:10:27,475 [ERROR] LogOutputStream:75 - [STDERR_REDIRECT] [Fatal Error] :1:1: Premature end of file.
2025-01-29 23:10:27,475 [ERROR] LogOutputStream:75 - [STDERR_REDIRECT] 
2025-01-29 23:10:28,468 [ERROR] LogOutputStream:75 - [STDERR_REDIRECT] [Fatal Error] :1:1: Premature end of file.
2025-01-29 23:10:28,468 [ERROR] LogOutputStream:75 - [STDERR_REDIRECT] 
2025-01-29 23:10:29,466 [ERROR] LogOutputStream:75 - [STDERR_REDIRECT] [Fatal Error] :1:1: Premature end of file.
2025-01-29 23:10:29,466 [ERROR] LogOutputStream:75 - [STDERR_REDIRECT] 
2025-01-29 23:10:30,472 [ERROR] LogOutputStream:75 - [STDERR_REDIRECT] [Fatal Error] :1:1: Premature end of file.
2025-01-29 23:10:30,472 [ERROR] LogOutputStream:75 - [STDERR_REDIRECT] 
2025-01-29 23:10:31,462 [ERROR] LogOutputStream:75 - [STDERR_REDIRECT] [Fatal Error] :1:1: Premature end of file.
2025-01-29 23:10:31,462 [ERROR] LogOutputStream:75 - [STDERR_REDIRECT] 
2025-01-29 23:10:32,461 [ERROR] LogOutputStream:75 - [STDERR_REDIRECT] [Fatal Error] :1:1: Premature end of file.
2025-01-29 23:10:32,461 [ERROR] LogOutputStream:75 - [STDERR_REDIRECT] 
2025-01-29 23:10:33,479 [ERROR] LogOutputStream:75 - [STDERR_REDIRECT] [Fatal Error] :1:1: Premature end of file.
2025-01-29 23:10:33,479 [ERROR] LogOutputStream:75 - [STDERR_REDIRECT] 
2025-01-29 23:10:34,472 [ERROR] LogOutputStream:75 - [STDERR_REDIRECT] [Fatal Error] :1:1: Premature end of file.
2025-01-29 23:10:34,472 [ERROR] LogOutputStream:75 - [STDERR_REDIRECT] 
2025-01-29 23:10:35,475 [ERROR] LogOutputStream:75 - [STDERR_REDIRECT] [Fatal Error] :1:1: Premature end of file.
2025-01-29 23:10:35,475 [ERROR] LogOutputStream:75 - [STDERR_REDIRECT] 
2025-01-29 23:10:36,474 [ERROR] LogOutputStream:75 - [STDERR_REDIRECT] [Fatal Error] :1:1: Premature end of file.
2025-01-29 23:10:36,474 [ERROR] LogOutputStream:75 - [STDERR_REDIRECT] 
2025-01-29 23:10:37,468 [ERROR] LogOutputStream:75 - [STDERR_REDIRECT] [Fatal Error] :1:1: Premature end of file.
2025-01-29 23:10:37,468 [ERROR] LogOutputStream:75 - [STDERR_REDIRECT] 
2025-01-29 23:10:38,467 [ERROR] LogOutputStream:75 - [STDERR_REDIRECT] [Fatal Error] :1:1: Premature end of file.
2025-01-29 23:10:38,468 [ERROR] LogOutputStream:75 - [STDERR_REDIRECT] 
2025-01-29 23:10:39,471 [ERROR] LogOutputStream:75 - [STDERR_REDIRECT] [Fatal Error] :1:1: Premature end of file.
2025-01-29 23:10:39,471 [ERROR] LogOutputStream:75 - [STDERR_REDIRECT] 
2025-01-29 23:10:40,471 [ERROR] LogOutputStream:75 - [STDERR_REDIRECT] [Fatal Error] :1:1: Premature end of file.
2025-01-29 23:10:40,471 [ERROR] LogOutputStream:75 - [STDERR_REDIRECT] 
2025-01-29 23:10:41,468 [ERROR] LogOutputStream:75 - [STDERR_REDIRECT] [Fatal Error] :1:1: Premature end of file.
2025-01-29 23:10:41,468 [ERROR] LogOutputStream:75 - [STDERR_REDIRECT] 
2025-01-29 23:10:42,463 [ERROR] LogOutputStream:75 - [STDERR_REDIRECT] [Fatal Error] :1:1: Premature end of file.
2025-01-29 23:10:42,463 [ERROR] LogOutputStream:75 - [STDERR_REDIRECT] 
2025-01-29 23:10:43,462 [ERROR] LogOutputStream:75 - [STDERR_REDIRECT] [Fatal Error] :1:1: Premature end of file.
2025-01-29 23:10:43,464 [ERROR] LogOutputStream:75 - [STDERR_REDIRECT] 
2025-01-29 23:10:44,471 [ERROR] LogOutputStream:75 - [STDERR_REDIRECT] [Fatal Error] :1:1: Premature end of file.
2025-01-29 23:10:44,473 [ERROR] LogOutputStream:75 - [STDERR_REDIRECT] 
2025-01-29 23:10:45,473 [ERROR] LogOutputStream:75 - [STDERR_REDIRECT] [Fatal Error] :1:1: Premature end of file.
2025-01-29 23:10:45,473 [ERROR] LogOutputStream:75 - [STDERR_REDIRECT] 
2025-01-29 23:10:46,464 [ERROR] LogOutputStream:75 - [STDERR_REDIRECT] [Fatal Error] :1:1: Premature end of file.
2025-01-29 23:10:46,465 [ERROR] LogOutputStream:75 - [STDERR_REDIRECT] 
2025-01-29 23:10:47,470 [ERROR] LogOutputStream:75 - [STDERR_REDIRECT] [Fatal Error] :1:1: Premature end of file.
2025-01-29 23:10:47,470 [ERROR] LogOutputStream:75 - [STDERR_REDIRECT] 
2025-01-29 23:10:48,464 [ERROR] LogOutputStream:75 - [STDERR_REDIRECT] [Fatal Error] :1:1: Premature end of file.
2025-01-29 23:10:48,464 [ERROR] LogOutputStream:75 - [STDERR_REDIRECT] 
2025-01-29 23:10:49,466 [ERROR] LogOutputStream:75 - [STDERR_REDIRECT] [Fatal Error] :1:1: Premature end of file.
2025-01-29 23:10:49,468 [ERROR] LogOutputStream:75 - [STDERR_REDIRECT] 
2025-01-29 23:10:50,471 [ERROR] LogOutputStream:75 - [STDERR_REDIRECT] [Fatal Error] :1:1: Premature end of file.
2025-01-29 23:10:50,471 [ERROR] LogOutputStream:75 - [STDERR_REDIRECT] 
2025-01-29 23:10:51,489 [ERROR] LogOutputStream:75 - [STDERR_REDIRECT] [Fatal Error] :1:1: Premature end of file.
2025-01-29 23:10:51,489 [ERROR] LogOutputStream:75 - [STDERR_REDIRECT] 
2025-01-29 23:10:52,462 [ERROR] LogOutputStream:75 - [STDERR_REDIRECT] [Fatal Error] :1:1: Premature end of file.
2025-01-29 23:10:52,462 [ERROR] LogOutputStream:75 - [STDERR_REDIRECT] 
2025-01-29 23:10:53,460 [ERROR] LogOutputStream:75 - [STDERR_REDIRECT] [Fatal Error] :1:1: Premature end of file.
2025-01-29 23:10:53,460 [ERROR] LogOutputStream:75 - [STDERR_REDIRECT] 
2025-01-29 23:10:54,465 [ERROR] LogOutputStream:75 - [STDERR_REDIRECT] [Fatal Error] :1:1: Premature end of file.
2025-01-29 23:10:54,465 [ERROR] LogOutputStream:75 - [STDERR_REDIRECT] 
2025-01-29 23:10:55,465 [ERROR] LogOutputStream:75 - [STDERR_REDIRECT] [Fatal Error] :1:1: Premature end of file.
2025-01-29 23:10:55,466 [ERROR] LogOutputStream:75 - [STDERR_REDIRECT] 
2025-01-29 23:10:56,449 [ERROR] LogOutputStream:75 - [STDERR_REDIRECT] [Fatal Error] :1:1: Premature end of file.
2025-01-29 23:10:56,449 [ERROR] LogOutputStream:75 - [STDERR_REDIRECT] 
2025-01-29 23:10:57,468 [ERROR] LogOutputStream:75 - [STDERR_REDIRECT] [Fatal Error] :1:1: Premature end of file.
2025-01-29 23:10:57,468 [ERROR] LogOutputStream:75 - [STDERR_REDIRECT] 
2025-01-29 23:10:58,458 [ERROR] LogOutputStream:75 - [STDERR_REDIRECT] [Fatal Error] :1:1: Premature end of file.
2025-01-29 23:10:58,458 [ERROR] LogOutputStream:75 - [STDERR_REDIRECT] 
2025-01-29 23:10:59,476 [ERROR] LogOutputStream:75 - [STDERR_REDIRECT] [Fatal Error] :1:1: Premature end of file.
2025-01-29 23:10:59,476 [ERROR] LogOutputStream:75 - [STDERR_REDIRECT] 
2025-01-29 23:11:00,464 [ERROR] LogOutputStream:75 - [STDERR_REDIRECT] [Fatal Error] :1:1: Premature end of file.
2025-01-29 23:11:00,464 [ERROR] LogOutputStream:75 - [STDERR_REDIRECT] 
2025-01-29 23:11:01,465 [ERROR] LogOutputStream:75 - [STDERR_REDIRECT] [Fatal Error] :1:1: Premature end of file.
2025-01-29 23:11:01,465 [ERROR] LogOutputStream:75 - [STDERR_REDIRECT] 
2025-01-29 23:11:02,475 [ERROR] LogOutputStream:75 - [STDERR_REDIRECT] [Fatal Error] :1:1: Premature end of file.
2025-01-29 23:11:02,475 [ERROR] LogOutputStream:75 - [STDERR_REDIRECT] 
2025-01-29 23:11:03,474 [ERROR] LogOutputStream:75 - [STDERR_REDIRECT] [Fatal Error] :1:1: Premature end of file.
2025-01-29 23:11:03,474 [ERROR] LogOutputStream:75 - [STDERR_REDIRECT] 
2025-01-29 23:11:04,472 [ERROR] LogOutputStream:75 - [STDERR_REDIRECT] [Fatal Error] :1:1: Premature end of file.
2025-01-29 23:11:04,472 [ERROR] LogOutputStream:75 - [STDERR_REDIRECT] 
2025-01-29 23:11:05,468 [ERROR] LogOutputStream:75 - [STDERR_REDIRECT] [Fatal Error] :1:1: Premature end of file.
2025-01-29 23:11:05,468 [ERROR] LogOutputStream:75 - [STDERR_REDIRECT] 
2025-01-29 23:11:06,465 [ERROR] LogOutputStream:75 - [STDERR_REDIRECT] [Fatal Error] :1:1: Premature end of file.
2025-01-29 23:11:06,465 [ERROR] LogOutputStream:75 - [STDERR_REDIRECT] 
2025-01-29 23:11:07,473 [ERROR] LogOutputStream:75 - [STDERR_REDIRECT] [Fatal Error] :1:1: Premature end of file.
2025-01-29 23:11:07,473 [ERROR] LogOutputStream:75 - [STDERR_REDIRECT] 
2025-01-29 23:11:08,454 [ERROR] LogOutputStream:75 - [STDERR_REDIRECT] [Fatal Error] :1:1: Premature end of file.
2025-01-29 23:11:08,454 [ERROR] LogOutputStream:75 - [STDERR_REDIRECT] 
2025-01-29 23:11:09,474 [ERROR] LogOutputStream:75 - [STDERR_REDIRECT] [Fatal Error] :1:1: Premature end of file.
2025-01-29 23:11:09,474 [ERROR] LogOutputStream:75 - [STDERR_REDIRECT] 
2025-01-29 23:11:10,471 [ERROR] LogOutputStream:75 - [STDERR_REDIRECT] [Fatal Error] :1:1: Premature end of file.
2025-01-29 23:11:10,471 [ERROR] LogOutputStream:75 - [STDERR_REDIRECT] 
2025-01-29 23:11:11,463 [ERROR] LogOutputStream:75 - [STDERR_REDIRECT] [Fatal Error] :1:1: Premature end of file.
2025-01-29 23:11:11,463 [ERROR] LogOutputStream:75 - [STDERR_REDIRECT] 
2025-01-29 23:11:12,467 [ERROR] LogOutputStream:75 - [STDERR_REDIRECT] [Fatal Error] :1:1: Premature end of file.
2025-01-29 23:11:12,468 [ERROR] LogOutputStream:75 - [STDERR_REDIRECT] 
2025-01-29 23:11:13,472 [ERROR] LogOutputStream:75 - [STDERR_REDIRECT] [Fatal Error] :1:1: Premature end of file.
2025-01-29 23:11:13,472 [ERROR] LogOutputStream:75 - [STDERR_REDIRECT] 
2025-01-29 23:11:14,469 [ERROR] LogOutputStream:75 - [STDERR_REDIRECT] [Fatal Error] :1:1: Premature end of file.
2025-01-29 23:11:14,469 [ERROR] LogOutputStream:75 - [STDERR_REDIRECT] 
2025-01-29 23:11:15,468 [ERROR] LogOutputStream:75 - [STDERR_REDIRECT] [Fatal Error] :1:1: Premature end of file.
2025-01-29 23:11:15,468 [ERROR] LogOutputStream:75 - [STDERR_REDIRECT] 
2025-01-29 23:11:16,473 [ERROR] LogOutputStream:75 - [STDERR_REDIRECT] [Fatal Error] :1:1: Premature end of file.
2025-01-29 23:11:16,473 [ERROR] LogOutputStream:75 - [STDERR_REDIRECT] 
2025-01-29 23:11:17,463 [ERROR] LogOutputStream:75 - [STDERR_REDIRECT] [Fatal Error] :1:1: Premature end of file.
2025-01-29 23:11:17,463 [ERROR] LogOutputStream:75 - [STDERR_REDIRECT] 
2025-01-29 23:11:18,473 [ERROR] LogOutputStream:75 - [STDERR_REDIRECT] [Fatal Error] :1:1: Premature end of file.
2025-01-29 23:11:18,473 [ERROR] LogOutputStream:75 - [STDERR_REDIRECT] 
2025-01-29 23:11:19,461 [ERROR] LogOutputStream:75 - [STDERR_REDIRECT] [Fatal Error] :1:1: Premature end of file.
2025-01-29 23:11:19,462 [ERROR] LogOutputStream:75 - [STDERR_REDIRECT] 
2025-01-29 23:11:20,466 [ERROR] LogOutputStream:75 - [STDERR_REDIRECT] [Fatal Error] :1:1: Premature end of file.
2025-01-29 23:11:20,466 [ERROR] LogOutputStream:75 - [STDERR_REDIRECT] 
2025-01-29 23:11:21,459 [ERROR] LogOutputStream:75 - [STDERR_REDIRECT] [Fatal Error] :1:1: Premature end of file.
2025-01-29 23:11:21,459 [ERROR] LogOutputStream:75 - [STDERR_REDIRECT] 
2025-01-29 23:11:22,483 [ERROR] LogOutputStream:75 - [STDERR_REDIRECT] [Fatal Error] :1:1: Premature end of file.
2025-01-29 23:11:22,483 [ERROR] LogOutputStream:75 - [STDERR_REDIRECT] 
2025-01-29 23:11:23,458 [ERROR] LogOutputStream:75 - [STDERR_REDIRECT] [Fatal Error] :1:1: Premature end of file.
2025-01-29 23:11:23,458 [ERROR] LogOutputStream:75 - [STDERR_REDIRECT] 
2025-01-29 23:11:24,472 [ERROR] LogOutputStream:75 - [STDERR_REDIRECT] [Fatal Error] :1:1: Premature end of file.
2025-01-29 23:11:24,472 [ERROR] LogOutputStream:75 - [STDERR_REDIRECT] 
2025-01-29 23:11:25,471 [ERROR] LogOutputStream:75 - [STDERR_REDIRECT] [Fatal Error] :1:1: Premature end of file.
2025-01-29 23:11:25,471 [ERROR] LogOutputStream:75 - [STDERR_REDIRECT] 
2025-01-29 23:11:26,471 [ERROR] LogOutputStream:75 - [STDERR_REDIRECT] [Fatal Error] :1:1: Premature end of file.
2025-01-29 23:11:26,471 [ERROR] LogOutputStream:75 - [STDERR_REDIRECT] 
2025-01-29 23:11:27,472 [ERROR] LogOutputStream:75 - [STDERR_REDIRECT] [Fatal Error] :1:1: Premature end of file.
2025-01-29 23:11:27,473 [ERROR] LogOutputStream:75 - [STDERR_REDIRECT] 
2025-01-29 23:11:28,467 [ERROR] LogOutputStream:75 - [STDERR_REDIRECT] [Fatal Error] :1:1: Premature end of file.
2025-01-29 23:11:28,467 [ERROR] LogOutputStream:75 - [STDERR_REDIRECT] 
2025-01-29 23:11:29,463 [ERROR] LogOutputStream:75 - [STDERR_REDIRECT] [Fatal Error] :1:1: Premature end of file.
2025-01-29 23:11:29,463 [ERROR] LogOutputStream:75 - [STDERR_REDIRECT] 
2025-01-29 23:11:30,464 [ERROR] LogOutputStream:75 - [STDERR_REDIRECT] [Fatal Error] :1:1: Premature end of file.
2025-01-29 23:11:30,464 [ERROR] LogOutputStream:75 - [STDERR_REDIRECT] 
2025-01-29 23:11:31,470 [ERROR] LogOutputStream:75 - [STDERR_REDIRECT] [Fatal Error] :1:1: Premature end of file.
2025-01-29 23:11:31,470 [ERROR] LogOutputStream:75 - [STDERR_REDIRECT] 
2025-01-29 23:11:32,475 [ERROR] LogOutputStream:75 - [STDERR_REDIRECT] [Fatal Error] :1:1: Premature end of file.
2025-01-29 23:11:32,475 [ERROR] LogOutputStream:75 - [STDERR_REDIRECT] 
2025-01-29 23:11:33,466 [ERROR] LogOutputStream:75 - [STDERR_REDIRECT] [Fatal Error] :1:1: Premature end of file.
2025-01-29 23:11:33,466 [ERROR] LogOutputStream:75 - [STDERR_REDIRECT] 
2025-01-29 23:11:34,460 [ERROR] LogOutputStream:75 - [STDERR_REDIRECT] [Fatal Error] :1:1: Premature end of file.
2025-01-29 23:11:34,460 [ERROR] LogOutputStream:75 - [STDERR_REDIRECT] 
2025-01-29 23:11:35,487 [ERROR] LogOutputStream:75 - [STDERR_REDIRECT] [Fatal Error] :1:1: Premature end of file.
2025-01-29 23:11:35,487 [ERROR] LogOutputStream:75 - [STDERR_REDIRECT] 
2025-01-29 23:11:36,485 [ERROR] LogOutputStream:75 - [STDERR_REDIRECT] [Fatal Error] :1:1: Premature end of file.
2025-01-29 23:11:36,485 [ERROR] LogOutputStream:75 - [STDERR_REDIRECT] 
2025-01-29 23:11:37,459 [ERROR] LogOutputStream:75 - [STDERR_REDIRECT] [Fatal Error] :1:1: Premature end of file.
2025-01-29 23:11:37,459 [ERROR] LogOutputStream:75 - [STDERR_REDIRECT] 
2025-01-29 23:11:38,460 [ERROR] LogOutputStream:75 - [STDERR_REDIRECT] [Fatal Error] :1:1: Premature end of file.
2025-01-29 23:11:38,460 [ERROR] LogOutputStream:75 - [STDERR_REDIRECT] 
2025-01-29 23:11:39,467 [ERROR] LogOutputStream:75 - [STDERR_REDIRECT] [Fatal Error] :1:1: Premature end of file.
2025-01-29 23:11:39,467 [ERROR] LogOutputStream:75 - [STDERR_REDIRECT] 
2025-01-29 23:11:40,455 [ERROR] LogOutputStream:75 - [STDERR_REDIRECT] [Fatal Error] :1:1: Premature end of file.
2025-01-29 23:11:40,455 [ERROR] LogOutputStream:75 - [STDERR_REDIRECT] 
2025-01-29 23:11:41,470 [ERROR] LogOutputStream:75 - [STDERR_REDIRECT] [Fatal Error] :1:1: Premature end of file.
2025-01-29 23:11:41,470 [ERROR] LogOutputStream:75 - [STDERR_REDIRECT] 
2025-01-29 23:11:42,465 [ERROR] LogOutputStream:75 - [STDERR_REDIRECT] [Fatal Error] :1:1: Premature end of file.
2025-01-29 23:11:42,465 [ERROR] LogOutputStream:75 - [STDERR_REDIRECT] 
2025-01-29 23:11:43,470 [ERROR] LogOutputStream:75 - [STDERR_REDIRECT] [Fatal Error] :1:1: Premature end of file.
2025-01-29 23:11:43,470 [ERROR] LogOutputStream:75 - [STDERR_REDIRECT] 
2025-01-29 23:11:44,474 [ERROR] LogOutputStream:75 - [STDERR_REDIRECT] [Fatal Error] :1:1: Premature end of file.
2025-01-29 23:11:44,474 [ERROR] LogOutputStream:75 - [STDERR_REDIRECT] 
2025-01-29 23:11:45,468 [ERROR] LogOutputStream:75 - [STDERR_REDIRECT] [Fatal Error] :1:1: Premature end of file.
2025-01-29 23:11:45,468 [ERROR] LogOutputStream:75 - [STDERR_REDIRECT] 
2025-01-29 23:11:46,458 [ERROR] LogOutputStream:75 - [STDERR_REDIRECT] [Fatal Error] :1:1: Premature end of file.
2025-01-29 23:11:46,458 [ERROR] LogOutputStream:75 - [STDERR_REDIRECT] 
2025-01-29 23:11:47,470 [ERROR] LogOutputStream:75 - [STDERR_REDIRECT] [Fatal Error] :1:1: Premature end of file.
2025-01-29 23:11:47,470 [ERROR] LogOutputStream:75 - [STDERR_REDIRECT] 
2025-01-29 23:11:48,475 [ERROR] LogOutputStream:75 - [STDERR_REDIRECT] [Fatal Error] :1:1: Premature end of file.
2025-01-29 23:11:48,475 [ERROR] LogOutputStream:75 - [STDERR_REDIRECT] 
2025-01-29 23:11:49,463 [ERROR] LogOutputStream:75 - [STDERR_REDIRECT] [Fatal Error] :1:1: Premature end of file.
2025-01-29 23:11:49,463 [ERROR] LogOutputStream:75 - [STDERR_REDIRECT] 
2025-01-29 23:11:50,456 [ERROR] LogOutputStream:75 - [STDERR_REDIRECT] [Fatal Error] :1:1: Premature end of file.
2025-01-29 23:11:50,456 [ERROR] LogOutputStream:75 - [STDERR_REDIRECT] 
2025-01-29 23:11:51,456 [ERROR] LogOutputStream:75 - [STDERR_REDIRECT] [Fatal Error] :1:1: Premature end of file.
2025-01-29 23:11:51,458 [ERROR] LogOutputStream:75 - [STDERR_REDIRECT] 
2025-01-29 23:11:52,465 [ERROR] LogOutputStream:75 - [STDERR_REDIRECT] [Fatal Error] :1:1: Premature end of file.
2025-01-29 23:11:52,466 [ERROR] LogOutputStream:75 - [STDERR_REDIRECT] 
2025-01-29 23:11:53,458 [ERROR] LogOutputStream:75 - [STDERR_REDIRECT] [Fatal Error] :1:1: Premature end of file.
2025-01-29 23:11:53,460 [ERROR] LogOutputStream:75 - [STDERR_REDIRECT] 
2025-01-29 23:11:54,474 [ERROR] LogOutputStream:75 - [STDERR_REDIRECT] [Fatal Error] :1:1: Premature end of file.
2025-01-29 23:11:54,474 [ERROR] LogOutputStream:75 - [STDERR_REDIRECT] 
2025-01-29 23:11:55,471 [ERROR] LogOutputStream:75 - [STDERR_REDIRECT] [Fatal Error] :1:1: Premature end of file.
2025-01-29 23:11:55,471 [ERROR] LogOutputStream:75 - [STDERR_REDIRECT] 
2025-01-29 23:11:56,468 [ERROR] LogOutputStream:75 - [STDERR_REDIRECT] [Fatal Error] :1:1: Premature end of file.
2025-01-29 23:11:56,468 [ERROR] LogOutputStream:75 - [STDERR_REDIRECT] 
2025-01-29 23:11:57,464 [ERROR] LogOutputStream:75 - [STDERR_REDIRECT] [Fatal Error] :1:1: Premature end of file.
2025-01-29 23:11:57,464 [ERROR] LogOutputStream:75 - [STDERR_REDIRECT] 
2025-01-29 23:11:58,488 [ERROR] LogOutputStream:75 - [STDERR_REDIRECT] [Fatal Error] :1:1: Premature end of file.
2025-01-29 23:11:58,488 [ERROR] LogOutputStream:75 - [STDERR_REDIRECT] 
2025-01-29 23:11:59,459 [ERROR] LogOutputStream:75 - [STDERR_REDIRECT] [Fatal Error] :1:1: Premature end of file.
2025-01-29 23:11:59,459 [ERROR] LogOutputStream:75 - [STDERR_REDIRECT] 
2025-01-29 23:12:00,487 [ERROR] LogOutputStream:75 - [STDERR_REDIRECT] [Fatal Error] :1:1: Premature end of file.
2025-01-29 23:12:00,487 [ERROR] LogOutputStream:75 - [STDERR_REDIRECT] 
2025-01-29 23:12:01,460 [ERROR] LogOutputStream:75 - [STDERR_REDIRECT] [Fatal Error] :1:1: Premature end of file.
2025-01-29 23:12:01,460 [ERROR] LogOutputStream:75 - [STDERR_REDIRECT] 
2025-01-29 23:12:02,466 [ERROR] LogOutputStream:75 - [STDERR_REDIRECT] [Fatal Error] :1:1: Premature end of file.
2025-01-29 23:12:02,466 [ERROR] LogOutputStream:75 - [STDERR_REDIRECT] 
2025-01-29 23:12:03,473 [ERROR] LogOutputStream:75 - [STDERR_REDIRECT] [Fatal Error] :1:1: Premature end of file.
2025-01-29 23:12:03,473 [ERROR] LogOutputStream:75 - [STDERR_REDIRECT] 
2025-01-29 23:12:04,463 [ERROR] LogOutputStream:75 - [STDERR_REDIRECT] [Fatal Error] :1:1: Premature end of file.
2025-01-29 23:12:04,463 [ERROR] LogOutputStream:75 - [STDERR_REDIRECT] 
2025-01-29 23:12:05,466 [ERROR] LogOutputStream:75 - [STDERR_REDIRECT] [Fatal Error] :1:1: Premature end of file.
2025-01-29 23:12:05,466 [ERROR] LogOutputStream:75 - [STDERR_REDIRECT] 
2025-01-29 23:12:06,466 [ERROR] LogOutputStream:75 - [STDERR_REDIRECT] [Fatal Error] :1:1: Premature end of file.
2025-01-29 23:12:06,466 [ERROR] LogOutputStream:75 - [STDERR_REDIRECT] 
2025-01-29 23:12:07,452 [ERROR] LogOutputStream:75 - [STDERR_REDIRECT] [Fatal Error] :1:1: Premature end of file.
2025-01-29 23:12:07,452 [ERROR] LogOutputStream:75 - [STDERR_REDIRECT] 
2025-01-29 23:12:08,465 [ERROR] LogOutputStream:75 - [STDERR_REDIRECT] [Fatal Error] :1:1: Premature end of file.
2025-01-29 23:12:08,465 [ERROR] LogOutputStream:75 - [STDERR_REDIRECT] 
2025-01-29 23:12:09,467 [ERROR] LogOutputStream:75 - [STDERR_REDIRECT] [Fatal Error] :1:1: Premature end of file.
2025-01-29 23:12:09,467 [ERROR] LogOutputStream:75 - [STDERR_REDIRECT] 
2025-01-29 23:12:10,462 [ERROR] LogOutputStream:75 - [STDERR_REDIRECT] [Fatal Error] :1:1: Premature end of file.
2025-01-29 23:12:10,464 [ERROR] LogOutputStream:75 - [STDERR_REDIRECT] 
2025-01-29 23:12:11,465 [ERROR] LogOutputStream:75 - [STDERR_REDIRECT] [Fatal Error] :1:1: Premature end of file.
2025-01-29 23:12:11,465 [ERROR] LogOutputStream:75 - [STDERR_REDIRECT] 
2025-01-29 23:12:12,474 [ERROR] LogOutputStream:75 - [STDERR_REDIRECT] [Fatal Error] :1:1: Premature end of file.
2025-01-29 23:12:12,474 [ERROR] LogOutputStream:75 - [STDERR_REDIRECT] 
2025-01-29 23:12:13,472 [ERROR] LogOutputStream:75 - [STDERR_REDIRECT] [Fatal Error] :1:1: Premature end of file.
2025-01-29 23:12:13,472 [ERROR] LogOutputStream:75 - [STDERR_REDIRECT] 
2025-01-29 23:12:14,464 [ERROR] LogOutputStream:75 - [STDERR_REDIRECT] [Fatal Error] :1:1: Premature end of file.
2025-01-29 23:12:14,464 [ERROR] LogOutputStream:75 - [STDERR_REDIRECT] 
2025-01-29 23:12:15,446 [ERROR] LogOutputStream:75 - [STDERR_REDIRECT] [Fatal Error] :1:1: Premature end of file.
2025-01-29 23:12:15,446 [ERROR] LogOutputStream:75 - [STDERR_REDIRECT] 
2025-01-29 23:12:16,471 [ERROR] LogOutputStream:75 - [STDERR_REDIRECT] [Fatal Error] :1:1: Premature end of file.
2025-01-29 23:12:16,471 [ERROR] LogOutputStream:75 - [STDERR_REDIRECT] 
2025-01-29 23:12:17,469 [ERROR] LogOutputStream:75 - [STDERR_REDIRECT] [Fatal Error] :1:1: Premature end of file.
2025-01-29 23:12:17,469 [ERROR] LogOutputStream:75 - [STDERR_REDIRECT] 
2025-01-29 23:12:18,465 [ERROR] LogOutputStream:75 - [STDERR_REDIRECT] [Fatal Error] :1:1: Premature end of file.
2025-01-29 23:12:18,465 [ERROR] LogOutputStream:75 - [STDERR_REDIRECT] 
2025-01-29 23:12:19,457 [ERROR] LogOutputStream:75 - [STDERR_REDIRECT] [Fatal Error] :1:1: Premature end of file.
2025-01-29 23:12:19,457 [ERROR] LogOutputStream:75 - [STDERR_REDIRECT] 
2025-01-29 23:12:20,471 [ERROR] LogOutputStream:75 - [STDERR_REDIRECT] [Fatal Error] :1:1: Premature end of file.
2025-01-29 23:12:20,471 [ERROR] LogOutputStream:75 - [STDERR_REDIRECT] 
2025-01-29 23:12:21,466 [ERROR] LogOutputStream:75 - [STDERR_REDIRECT] [Fatal Error] :1:1: Premature end of file.
2025-01-29 23:12:21,466 [ERROR] LogOutputStream:75 - [STDERR_REDIRECT] 
2025-01-29 23:12:22,471 [ERROR] LogOutputStream:75 - [STDERR_REDIRECT] [Fatal Error] :1:1: Premature end of file.
2025-01-29 23:12:22,471 [ERROR] LogOutputStream:75 - [STDERR_REDIRECT] 
2025-01-29 23:12:23,467 [ERROR] LogOutputStream:75 - [STDERR_REDIRECT] [Fatal Error] :1:1: Premature end of file.
2025-01-29 23:12:23,467 [ERROR] LogOutputStream:75 - [STDERR_REDIRECT] 
2025-01-29 23:12:24,469 [ERROR] LogOutputStream:75 - [STDERR_REDIRECT] [Fatal Error] :1:1: Premature end of file.
2025-01-29 23:12:24,469 [ERROR] LogOutputStream:75 - [STDERR_REDIRECT] 
2025-01-29 23:12:25,480 [ERROR] LogOutputStream:75 - [STDERR_REDIRECT] [Fatal Error] :1:1: Premature end of file.
2025-01-29 23:12:25,480 [ERROR] LogOutputStream:75 - [STDERR_REDIRECT] 
2025-01-29 23:12:26,471 [ERROR] LogOutputStream:75 - [STDERR_REDIRECT] [Fatal Error] :1:1: Premature end of file.
2025-01-29 23:12:26,471 [ERROR] LogOutputStream:75 - [STDERR_REDIRECT] 
2025-01-29 23:12:27,464 [ERROR] LogOutputStream:75 - [STDERR_REDIRECT] [Fatal Error] :1:1: Premature end of file.
2025-01-29 23:12:27,464 [ERROR] LogOutputStream:75 - [STDERR_REDIRECT] 
2025-01-29 23:12:28,459 [ERROR] LogOutputStream:75 - [STDERR_REDIRECT] [Fatal Error] :1:1: Premature end of file.
2025-01-29 23:12:28,459 [ERROR] LogOutputStream:75 - [STDERR_REDIRECT] 
2025-01-29 23:12:29,455 [ERROR] LogOutputStream:75 - [STDERR_REDIRECT] [Fatal Error] :1:1: Premature end of file.
2025-01-29 23:12:29,455 [ERROR] LogOutputStream:75 - [STDERR_REDIRECT] 
2025-01-29 23:12:30,469 [ERROR] LogOutputStream:75 - [STDERR_REDIRECT] [Fatal Error] :1:1: Premature end of file.
2025-01-29 23:12:30,469 [ERROR] LogOutputStream:75 - [STDERR_REDIRECT] 
2025-01-29 23:12:31,472 [ERROR] LogOutputStream:75 - [STDERR_REDIRECT] [Fatal Error] :1:1: Premature end of file.
2025-01-29 23:12:31,472 [ERROR] LogOutputStream:75 - [STDERR_REDIRECT] 
2025-01-29 23:12:32,473 [ERROR] LogOutputStream:75 - [STDERR_REDIRECT] [Fatal Error] :1:1: Premature end of file.
2025-01-29 23:12:32,473 [ERROR] LogOutputStream:75 - [STDERR_REDIRECT] 
2025-01-29 23:12:33,471 [ERROR] LogOutputStream:75 - [STDERR_REDIRECT] [Fatal Error] :1:1: Premature end of file.
2025-01-29 23:12:33,471 [ERROR] LogOutputStream:75 - [STDERR_REDIRECT] 
2025-01-29 23:12:34,466 [ERROR] LogOutputStream:75 - [STDERR_REDIRECT] [Fatal Error] :1:1: Premature end of file.
2025-01-29 23:12:34,466 [ERROR] LogOutputStream:75 - [STDERR_REDIRECT] 
2025-01-29 23:12:35,467 [ERROR] LogOutputStream:75 - [STDERR_REDIRECT] [Fatal Error] :1:1: Premature end of file.
2025-01-29 23:12:35,467 [ERROR] LogOutputStream:75 - [STDERR_REDIRECT] 
2025-01-29 23:12:36,470 [ERROR] LogOutputStream:75 - [STDERR_REDIRECT] [Fatal Error] :1:1: Premature end of file.
2025-01-29 23:12:36,470 [ERROR] LogOutputStream:75 - [STDERR_REDIRECT] 
2025-01-29 23:12:37,463 [ERROR] LogOutputStream:75 - [STDERR_REDIRECT] [Fatal Error] :1:1: Premature end of file.
2025-01-29 23:12:37,463 [ERROR] LogOutputStream:75 - [STDERR_REDIRECT] 
2025-01-29 23:12:38,467 [ERROR] LogOutputStream:75 - [STDERR_REDIRECT] [Fatal Error] :1:1: Premature end of file.
2025-01-29 23:12:38,467 [ERROR] LogOutputStream:75 - [STDERR_REDIRECT] 
2025-01-29 23:12:39,453 [ERROR] LogOutputStream:75 - [STDERR_REDIRECT] [Fatal Error] :1:1: Premature end of file.
2025-01-29 23:12:39,453 [ERROR] LogOutputStream:75 - [STDERR_REDIRECT] 
2025-01-29 23:12:40,463 [ERROR] LogOutputStream:75 - [STDERR_REDIRECT] [Fatal Error] :1:1: Premature end of file.
2025-01-29 23:12:40,463 [ERROR] LogOutputStream:75 - [STDERR_REDIRECT] 
2025-01-29 23:12:41,460 [ERROR] LogOutputStream:75 - [STDERR_REDIRECT] [Fatal Error] :1:1: Premature end of file.
2025-01-29 23:12:41,460 [ERROR] LogOutputStream:75 - [STDERR_REDIRECT] 
2025-01-29 23:12:42,451 [ERROR] LogOutputStream:75 - [STDERR_REDIRECT] [Fatal Error] :1:1: Premature end of file.
2025-01-29 23:12:42,451 [ERROR] LogOutputStream:75 - [STDERR_REDIRECT] 
2025-01-29 23:12:43,459 [ERROR] LogOutputStream:75 - [STDERR_REDIRECT] [Fatal Error] :1:1: Premature end of file.
2025-01-29 23:12:43,460 [ERROR] LogOutputStream:75 - [STDERR_REDIRECT] 
2025-01-29 23:12:44,463 [ERROR] LogOutputStream:75 - [STDERR_REDIRECT] [Fatal Error] :1:1: Premature end of file.
2025-01-29 23:12:44,463 [ERROR] LogOutputStream:75 - [STDERR_REDIRECT] 
2025-01-29 23:12:45,475 [ERROR] LogOutputStream:75 - [STDERR_REDIRECT] [Fatal Error] :1:1: Premature end of file.
2025-01-29 23:12:45,475 [ERROR] LogOutputStream:75 - [STDERR_REDIRECT] 
2025-01-29 23:12:46,453 [ERROR] LogOutputStream:75 - [STDERR_REDIRECT] [Fatal Error] :1:1: Premature end of file.
2025-01-29 23:12:46,454 [ERROR] LogOutputStream:75 - [STDERR_REDIRECT] 
2025-01-29 23:12:47,467 [ERROR] LogOutputStream:75 - [STDERR_REDIRECT] [Fatal Error] :1:1: Premature end of file.
2025-01-29 23:12:47,467 [ERROR] LogOutputStream:75 - [STDERR_REDIRECT] 
2025-01-29 23:12:48,468 [ERROR] LogOutputStream:75 - [STDERR_REDIRECT] [Fatal Error] :1:1: Premature end of file.
2025-01-29 23:12:48,468 [ERROR] LogOutputStream:75 - [STDERR_REDIRECT] 
2025-01-29 23:12:49,469 [ERROR] LogOutputStream:75 - [STDERR_REDIRECT] [Fatal Error] :1:1: Premature end of file.
2025-01-29 23:12:49,469 [ERROR] LogOutputStream:75 - [STDERR_REDIRECT] 
2025-01-29 23:12:50,449 [ERROR] LogOutputStream:75 - [STDERR_REDIRECT] [Fatal Error] :1:1: Premature end of file.
2025-01-29 23:12:50,449 [ERROR] LogOutputStream:75 - [STDERR_REDIRECT] 
2025-01-29 23:12:51,468 [ERROR] LogOutputStream:75 - [STDERR_REDIRECT] [Fatal Error] :1:1: Premature end of file.
2025-01-29 23:12:51,468 [ERROR] LogOutputStream:75 - [STDERR_REDIRECT] 
2025-01-29 23:12:52,466 [ERROR] LogOutputStream:75 - [STDERR_REDIRECT] [Fatal Error] :1:1: Premature end of file.
2025-01-29 23:12:52,466 [ERROR] LogOutputStream:75 - [STDERR_REDIRECT] 
2025-01-29 23:12:53,463 [ERROR] LogOutputStream:75 - [STDERR_REDIRECT] [Fatal Error] :1:1: Premature end of file.
2025-01-29 23:12:53,463 [ERROR] LogOutputStream:75 - [STDERR_REDIRECT] 
2025-01-29 23:12:54,472 [ERROR] LogOutputStream:75 - [STDERR_REDIRECT] [Fatal Error] :1:1: Premature end of file.
2025-01-29 23:12:54,472 [ERROR] LogOutputStream:75 - [STDERR_REDIRECT] 
2025-01-29 23:12:55,454 [ERROR] LogOutputStream:75 - [STDERR_REDIRECT] [Fatal Error] :1:1: Premature end of file.
2025-01-29 23:12:55,454 [ERROR] LogOutputStream:75 - [STDERR_REDIRECT] 
2025-01-29 23:12:56,468 [ERROR] LogOutputStream:75 - [STDERR_REDIRECT] [Fatal Error] :1:1: Premature end of file.
2025-01-29 23:12:56,468 [ERROR] LogOutputStream:75 - [STDERR_REDIRECT] 
2025-01-29 23:12:57,470 [ERROR] LogOutputStream:75 - [STDERR_REDIRECT] [Fatal Error] :1:1: Premature end of file.
2025-01-29 23:12:57,470 [ERROR] LogOutputStream:75 - [STDERR_REDIRECT] 
2025-01-29 23:12:58,469 [ERROR] LogOutputStream:75 - [STDERR_REDIRECT] [Fatal Error] :1:1: Premature end of file.
2025-01-29 23:12:58,469 [ERROR] LogOutputStream:75 - [STDERR_REDIRECT] 
2025-01-29 23:12:59,462 [ERROR] LogOutputStream:75 - [STDERR_REDIRECT] [Fatal Error] :1:1: Premature end of file.
2025-01-29 23:12:59,462 [ERROR] LogOutputStream:75 - [STDERR_REDIRECT] 
2025-01-29 23:13:00,461 [ERROR] LogOutputStream:75 - [STDERR_REDIRECT] [Fatal Error] :1:1: Premature end of file.
2025-01-29 23:13:00,463 [ERROR] LogOutputStream:75 - [STDERR_REDIRECT] 
2025-01-29 23:13:01,459 [ERROR] LogOutputStream:75 - [STDERR_REDIRECT] [Fatal Error] :1:1: Premature end of file.
2025-01-29 23:13:01,461 [ERROR] LogOutputStream:75 - [STDERR_REDIRECT] 
2025-01-29 23:13:02,468 [ERROR] LogOutputStream:75 - [STDERR_REDIRECT] [Fatal Error] :1:1: Premature end of file.
2025-01-29 23:13:02,468 [ERROR] LogOutputStream:75 - [STDERR_REDIRECT] 
2025-01-29 23:13:03,470 [ERROR] LogOutputStream:75 - [STDERR_REDIRECT] [Fatal Error] :1:1: Premature end of file.
2025-01-29 23:13:03,470 [ERROR] LogOutputStream:75 - [STDERR_REDIRECT] 
2025-01-29 23:13:04,472 [ERROR] LogOutputStream:75 - [STDERR_REDIRECT] [Fatal Error] :1:1: Premature end of file.
2025-01-29 23:13:04,472 [ERROR] LogOutputStream:75 - [STDERR_REDIRECT] 
2025-01-29 23:13:05,461 [ERROR] LogOutputStream:75 - [STDERR_REDIRECT] [Fatal Error] :1:1: Premature end of file.
2025-01-29 23:13:05,462 [ERROR] LogOutputStream:75 - [STDERR_REDIRECT] 
2025-01-29 23:13:06,463 [ERROR] LogOutputStream:75 - [STDERR_REDIRECT] [Fatal Error] :1:1: Premature end of file.
2025-01-29 23:13:06,463 [ERROR] LogOutputStream:75 - [STDERR_REDIRECT] 
2025-01-29 23:13:07,469 [ERROR] LogOutputStream:75 - [STDERR_REDIRECT] [Fatal Error] :1:1: Premature end of file.
2025-01-29 23:13:07,469 [ERROR] LogOutputStream:75 - [STDERR_REDIRECT] 
2025-01-29 23:13:08,479 [ERROR] LogOutputStream:75 - [STDERR_REDIRECT] [Fatal Error] :1:1: Premature end of file.
2025-01-29 23:13:08,479 [ERROR] LogOutputStream:75 - [STDERR_REDIRECT] 
2025-01-29 23:13:09,480 [ERROR] LogOutputStream:75 - [STDERR_REDIRECT] [Fatal Error] :1:1: Premature end of file.
2025-01-29 23:13:09,480 [ERROR] LogOutputStream:75 - [STDERR_REDIRECT] 
2025-01-29 23:13:10,466 [ERROR] LogOutputStream:75 - [STDERR_REDIRECT] [Fatal Error] :1:1: Premature end of file.
2025-01-29 23:13:10,466 [ERROR] LogOutputStream:75 - [STDERR_REDIRECT] 
2025-01-29 23:13:11,449 [ERROR] LogOutputStream:75 - [STDERR_REDIRECT] [Fatal Error] :1:1: Premature end of file.
2025-01-29 23:13:11,449 [ERROR] LogOutputStream:75 - [STDERR_REDIRECT] 
2025-01-29 23:13:12,467 [ERROR] LogOutputStream:75 - [STDERR_REDIRECT] [Fatal Error] :1:1: Premature end of file.
2025-01-29 23:13:12,467 [ERROR] LogOutputStream:75 - [STDERR_REDIRECT] 
2025-01-29 23:13:13,459 [ERROR] LogOutputStream:75 - [STDERR_REDIRECT] [Fatal Error] :1:1: Premature end of file.
2025-01-29 23:13:13,461 [ERROR] LogOutputStream:75 - [STDERR_REDIRECT] 
2025-01-29 23:13:14,468 [ERROR] LogOutputStream:75 - [STDERR_REDIRECT] [Fatal Error] :1:1: Premature end of file.
2025-01-29 23:13:14,468 [ERROR] LogOutputStream:75 - [STDERR_REDIRECT] 
2025-01-29 23:13:15,466 [ERROR] LogOutputStream:75 - [STDERR_REDIRECT] [Fatal Error] :1:1: Premature end of file.
2025-01-29 23:13:15,466 [ERROR] LogOutputStream:75 - [STDERR_REDIRECT] 
2025-01-29 23:13:16,462 [ERROR] LogOutputStream:75 - [STDERR_REDIRECT] [Fatal Error] :1:1: Premature end of file.
2025-01-29 23:13:16,462 [ERROR] LogOutputStream:75 - [STDERR_REDIRECT] 
2025-01-29 23:13:17,472 [ERROR] LogOutputStream:75 - [STDERR_REDIRECT] [Fatal Error] :1:1: Premature end of file.
2025-01-29 23:13:17,472 [ERROR] LogOutputStream:75 - [STDERR_REDIRECT] 
2025-01-29 23:13:18,470 [ERROR] LogOutputStream:75 - [STDERR_REDIRECT] [Fatal Error] :1:1: Premature end of file.
2025-01-29 23:13:18,470 [ERROR] LogOutputStream:75 - [STDERR_REDIRECT] 
2025-01-29 23:13:19,473 [ERROR] LogOutputStream:75 - [STDERR_REDIRECT] [Fatal Error] :1:1: Premature end of file.
2025-01-29 23:13:19,473 [ERROR] LogOutputStream:75 - [STDERR_REDIRECT] 
2025-01-29 23:13:20,471 [ERROR] LogOutputStream:75 - [STDERR_REDIRECT] [Fatal Error] :1:1: Premature end of file.
2025-01-29 23:13:20,471 [ERROR] LogOutputStream:75 - [STDERR_REDIRECT] 
2025-01-29 23:13:21,468 [ERROR] LogOutputStream:75 - [STDERR_REDIRECT] [Fatal Error] :1:1: Premature end of file.
2025-01-29 23:13:21,468 [ERROR] LogOutputStream:75 - [STDERR_REDIRECT] 
2025-01-29 23:13:22,469 [ERROR] LogOutputStream:75 - [STDERR_REDIRECT] [Fatal Error] :1:1: Premature end of file.
2025-01-29 23:13:22,471 [ERROR] LogOutputStream:75 - [STDERR_REDIRECT] 
2025-01-29 23:13:23,465 [ERROR] LogOutputStream:75 - [STDERR_REDIRECT] [Fatal Error] :1:1: Premature end of file.
2025-01-29 23:13:23,465 [ERROR] LogOutputStream:75 - [STDERR_REDIRECT] 
2025-01-29 23:13:24,471 [ERROR] LogOutputStream:75 - [STDERR_REDIRECT] [Fatal Error] :1:1: Premature end of file.
2025-01-29 23:13:24,471 [ERROR] LogOutputStream:75 - [STDERR_REDIRECT] 
2025-01-29 23:13:25,464 [ERROR] LogOutputStream:75 - [STDERR_REDIRECT] [Fatal Error] :1:1: Premature end of file.
2025-01-29 23:13:25,464 [ERROR] LogOutputStream:75 - [STDERR_REDIRECT] 
2025-01-29 23:13:26,468 [ERROR] LogOutputStream:75 - [STDERR_REDIRECT] [Fatal Error] :1:1: Premature end of file.
2025-01-29 23:13:26,468 [ERROR] LogOutputStream:75 - [STDERR_REDIRECT] 
2025-01-29 23:13:27,484 [ERROR] LogOutputStream:75 - [STDERR_REDIRECT] [Fatal Error] :1:1: Premature end of file.
2025-01-29 23:13:27,484 [ERROR] LogOutputStream:75 - [STDERR_REDIRECT] 
2025-01-29 23:13:28,467 [ERROR] LogOutputStream:75 - [STDERR_REDIRECT] [Fatal Error] :1:1: Premature end of file.
2025-01-29 23:13:28,467 [ERROR] LogOutputStream:75 - [STDERR_REDIRECT] 
2025-01-29 23:13:29,465 [ERROR] LogOutputStream:75 - [STDERR_REDIRECT] [Fatal Error] :1:1: Premature end of file.
2025-01-29 23:13:29,465 [ERROR] LogOutputStream:75 - [STDERR_REDIRECT] 
2025-01-29 23:13:30,464 [ERROR] LogOutputStream:75 - [STDERR_REDIRECT] [Fatal Error] :1:1: Premature end of file.
2025-01-29 23:13:30,464 [ERROR] LogOutputStream:75 - [STDERR_REDIRECT] 
2025-01-29 23:13:31,470 [ERROR] LogOutputStream:75 - [STDERR_REDIRECT] [Fatal Error] :1:1: Premature end of file.
2025-01-29 23:13:31,470 [ERROR] LogOutputStream:75 - [STDERR_REDIRECT] 
2025-01-29 23:13:32,468 [ERROR] LogOutputStream:75 - [STDERR_REDIRECT] [Fatal Error] :1:1: Premature end of file.
2025-01-29 23:13:32,468 [ERROR] LogOutputStream:75 - [STDERR_REDIRECT] 
2025-01-29 23:13:33,471 [ERROR] LogOutputStream:75 - [STDERR_REDIRECT] [Fatal Error] :1:1: Premature end of file.
2025-01-29 23:13:33,471 [ERROR] LogOutputStream:75 - [STDERR_REDIRECT] 
2025-01-29 23:13:34,470 [ERROR] LogOutputStream:75 - [STDERR_REDIRECT] [Fatal Error] :1:1: Premature end of file.
2025-01-29 23:13:34,471 [ERROR] LogOutputStream:75 - [STDERR_REDIRECT] 
2025-01-29 23:13:35,466 [ERROR] LogOutputStream:75 - [STDERR_REDIRECT] [Fatal Error] :1:1: Premature end of file.
2025-01-29 23:13:35,466 [ERROR] LogOutputStream:75 - [STDERR_REDIRECT] 
2025-01-29 23:13:36,469 [ERROR] LogOutputStream:75 - [STDERR_REDIRECT] [Fatal Error] :1:1: Premature end of file.
2025-01-29 23:13:36,469 [ERROR] LogOutputStream:75 - [STDERR_REDIRECT] 
2025-01-29 23:13:37,462 [ERROR] LogOutputStream:75 - [STDERR_REDIRECT] [Fatal Error] :1:1: Premature end of file.
2025-01-29 23:13:37,462 [ERROR] LogOutputStream:75 - [STDERR_REDIRECT] 
2025-01-29 23:13:38,455 [ERROR] LogOutputStream:75 - [STDERR_REDIRECT] [Fatal Error] :1:1: Premature end of file.
2025-01-29 23:13:38,455 [ERROR] LogOutputStream:75 - [STDERR_REDIRECT] 
2025-01-29 23:13:39,463 [ERROR] LogOutputStream:75 - [STDERR_REDIRECT] [Fatal Error] :1:1: Premature end of file.
2025-01-29 23:13:39,463 [ERROR] LogOutputStream:75 - [STDERR_REDIRECT] 
2025-01-29 23:13:40,467 [ERROR] LogOutputStream:75 - [STDERR_REDIRECT] [Fatal Error] :1:1: Premature end of file.
2025-01-29 23:13:40,467 [ERROR] LogOutputStream:75 - [STDERR_REDIRECT] 
2025-01-29 23:13:41,474 [ERROR] LogOutputStream:75 - [STDERR_REDIRECT] [Fatal Error] :1:1: Premature end of file.
2025-01-29 23:13:41,474 [ERROR] LogOutputStream:75 - [STDERR_REDIRECT] 
2025-01-29 23:13:42,475 [ERROR] LogOutputStream:75 - [STDERR_REDIRECT] [Fatal Error] :1:1: Premature end of file.
2025-01-29 23:13:42,475 [ERROR] LogOutputStream:75 - [STDERR_REDIRECT] 
2025-01-29 23:13:43,471 [ERROR] LogOutputStream:75 - [STDERR_REDIRECT] [Fatal Error] :1:1: Premature end of file.
2025-01-29 23:13:43,471 [ERROR] LogOutputStream:75 - [STDERR_REDIRECT] 
2025-01-29 23:13:44,469 [ERROR] LogOutputStream:75 - [STDERR_REDIRECT] [Fatal Error] :1:1: Premature end of file.
2025-01-29 23:13:44,469 [ERROR] LogOutputStream:75 - [STDERR_REDIRECT] 
2025-01-29 23:13:45,475 [ERROR] LogOutputStream:75 - [STDERR_REDIRECT] [Fatal Error] :1:1: Premature end of file.
2025-01-29 23:13:45,475 [ERROR] LogOutputStream:75 - [STDERR_REDIRECT] 
2025-01-29 23:13:46,475 [ERROR] LogOutputStream:75 - [STDERR_REDIRECT] [Fatal Error] :1:1: Premature end of file.
2025-01-29 23:13:46,475 [ERROR] LogOutputStream:75 - [STDERR_REDIRECT] 
2025-01-29 23:13:47,486 [ERROR] LogOutputStream:75 - [STDERR_REDIRECT] [Fatal Error] :1:1: Premature end of file.
2025-01-29 23:13:47,486 [ERROR] LogOutputStream:75 - [STDERR_REDIRECT] 
2025-01-29 23:13:48,469 [ERROR] LogOutputStream:75 - [STDERR_REDIRECT] [Fatal Error] :1:1: Premature end of file.
2025-01-29 23:13:48,469 [ERROR] LogOutputStream:75 - [STDERR_REDIRECT] 
2025-01-29 23:13:49,474 [ERROR] LogOutputStream:75 - [STDERR_REDIRECT] [Fatal Error] :1:1: Premature end of file.
2025-01-29 23:13:49,474 [ERROR] LogOutputStream:75 - [STDERR_REDIRECT] 
2025-01-29 23:13:50,472 [ERROR] LogOutputStream:75 - [STDERR_REDIRECT] [Fatal Error] :1:1: Premature end of file.
2025-01-29 23:13:50,472 [ERROR] LogOutputStream:75 - [STDERR_REDIRECT] 
2025-01-29 23:13:51,466 [ERROR] LogOutputStream:75 - [STDERR_REDIRECT] [Fatal Error] :1:1: Premature end of file.
2025-01-29 23:13:51,466 [ERROR] LogOutputStream:75 - [STDERR_REDIRECT] 
2025-01-29 23:13:52,455 [ERROR] LogOutputStream:75 - [STDERR_REDIRECT] [Fatal Error] :1:1: Premature end of file.
2025-01-29 23:13:52,455 [ERROR] LogOutputStream:75 - [STDERR_REDIRECT] 
2025-01-29 23:13:53,464 [ERROR] LogOutputStream:75 - [STDERR_REDIRECT] [Fatal Error] :1:1: Premature end of file.
2025-01-29 23:13:53,464 [ERROR] LogOutputStream:75 - [STDERR_REDIRECT] 
2025-01-29 23:13:54,474 [ERROR] LogOutputStream:75 - [STDERR_REDIRECT] [Fatal Error] :1:1: Premature end of file.
2025-01-29 23:13:54,474 [ERROR] LogOutputStream:75 - [STDERR_REDIRECT] 
2025-01-29 23:13:55,464 [ERROR] LogOutputStream:75 - [STDERR_REDIRECT] [Fatal Error] :1:1: Premature end of file.
2025-01-29 23:13:55,464 [ERROR] LogOutputStream:75 - [STDERR_REDIRECT] 
2025-01-29 23:13:56,470 [ERROR] LogOutputStream:75 - [STDERR_REDIRECT] [Fatal Error] :1:1: Premature end of file.
2025-01-29 23:13:56,470 [ERROR] LogOutputStream:75 - [STDERR_REDIRECT] 
2025-01-29 23:13:57,468 [ERROR] LogOutputStream:75 - [STDERR_REDIRECT] [Fatal Error] :1:1: Premature end of file.
2025-01-29 23:13:57,468 [ERROR] LogOutputStream:75 - [STDERR_REDIRECT] 
2025-01-29 23:13:58,477 [ERROR] LogOutputStream:75 - [STDERR_REDIRECT] [Fatal Error] :1:1: Premature end of file.
2025-01-29 23:13:58,477 [ERROR] LogOutputStream:75 - [STDERR_REDIRECT] 
2025-01-29 23:13:59,477 [ERROR] LogOutputStream:75 - [STDERR_REDIRECT] [Fatal Error] :1:1: Premature end of file.
2025-01-29 23:13:59,477 [ERROR] LogOutputStream:75 - [STDERR_REDIRECT] 
2025-01-29 23:14:00,473 [ERROR] LogOutputStream:75 - [STDERR_REDIRECT] [Fatal Error] :1:1: Premature end of file.
2025-01-29 23:14:00,473 [ERROR] LogOutputStream:75 - [STDERR_REDIRECT] 
2025-01-29 23:14:01,464 [ERROR] LogOutputStream:75 - [STDERR_REDIRECT] [Fatal Error] :1:1: Premature end of file.
2025-01-29 23:14:01,466 [ERROR] LogOutputStream:75 - [STDERR_REDIRECT] 
2025-01-29 23:14:02,469 [ERROR] LogOutputStream:75 - [STDERR_REDIRECT] [Fatal Error] :1:1: Premature end of file.
2025-01-29 23:14:02,469 [ERROR] LogOutputStream:75 - [STDERR_REDIRECT] 
2025-01-29 23:14:03,492 [ERROR] LogOutputStream:75 - [STDERR_REDIRECT] [Fatal Error] :1:1: Premature end of file.
2025-01-29 23:14:03,492 [ERROR] LogOutputStream:75 - [STDERR_REDIRECT] 
2025-01-29 23:14:04,481 [ERROR] LogOutputStream:75 - [STDERR_REDIRECT] [Fatal Error] :1:1: Premature end of file.
2025-01-29 23:14:04,481 [ERROR] LogOutputStream:75 - [STDERR_REDIRECT] 
2025-01-29 23:14:05,472 [ERROR] LogOutputStream:75 - [STDERR_REDIRECT] [Fatal Error] :1:1: Premature end of file.
2025-01-29 23:14:05,472 [ERROR] LogOutputStream:75 - [STDERR_REDIRECT] 
2025-01-29 23:14:06,468 [ERROR] LogOutputStream:75 - [STDERR_REDIRECT] [Fatal Error] :1:1: Premature end of file.
2025-01-29 23:14:06,468 [ERROR] LogOutputStream:75 - [STDERR_REDIRECT] 
2025-01-29 23:14:07,476 [ERROR] LogOutputStream:75 - [STDERR_REDIRECT] [Fatal Error] :1:1: Premature end of file.
2025-01-29 23:14:07,476 [ERROR] LogOutputStream:75 - [STDERR_REDIRECT] 
2025-01-29 23:14:08,469 [ERROR] LogOutputStream:75 - [STDERR_REDIRECT] [Fatal Error] :1:1: Premature end of file.
2025-01-29 23:14:08,469 [ERROR] LogOutputStream:75 - [STDERR_REDIRECT] 
2025-01-29 23:14:09,478 [ERROR] LogOutputStream:75 - [STDERR_REDIRECT] [Fatal Error] :1:1: Premature end of file.
2025-01-29 23:14:09,478 [ERROR] LogOutputStream:75 - [STDERR_REDIRECT] 
2025-01-29 23:14:10,474 [ERROR] LogOutputStream:75 - [STDERR_REDIRECT] [Fatal Error] :1:1: Premature end of file.
2025-01-29 23:14:10,474 [ERROR] LogOutputStream:75 - [STDERR_REDIRECT] 
2025-01-29 23:14:11,468 [ERROR] LogOutputStream:75 - [STDERR_REDIRECT] [Fatal Error] :1:1: Premature end of file.
2025-01-29 23:14:11,468 [ERROR] LogOutputStream:75 - [STDERR_REDIRECT] 
2025-01-29 23:14:12,472 [ERROR] LogOutputStream:75 - [STDERR_REDIRECT] [Fatal Error] :1:1: Premature end of file.
2025-01-29 23:14:12,472 [ERROR] LogOutputStream:75 - [STDERR_REDIRECT] 
2025-01-29 23:14:13,466 [ERROR] LogOutputStream:75 - [STDERR_REDIRECT] [Fatal Error] :1:1: Premature end of file.
2025-01-29 23:14:13,466 [ERROR] LogOutputStream:75 - [STDERR_REDIRECT] 
2025-01-29 23:14:14,464 [ERROR] LogOutputStream:75 - [STDERR_REDIRECT] [Fatal Error] :1:1: Premature end of file.
2025-01-29 23:14:14,464 [ERROR] LogOutputStream:75 - [STDERR_REDIRECT] 
2025-01-29 23:14:15,465 [ERROR] LogOutputStream:75 - [STDERR_REDIRECT] [Fatal Error] :1:1: Premature end of file.
2025-01-29 23:14:15,467 [ERROR] LogOutputStream:75 - [STDERR_REDIRECT] 
2025-01-29 23:14:16,450 [ERROR] LogOutputStream:75 - [STDERR_REDIRECT] [Fatal Error] :1:1: Premature end of file.
2025-01-29 23:14:16,450 [ERROR] LogOutputStream:75 - [STDERR_REDIRECT] 
2025-01-29 23:14:17,470 [ERROR] LogOutputStream:75 - [STDERR_REDIRECT] [Fatal Error] :1:1: Premature end of file.
2025-01-29 23:14:17,470 [ERROR] LogOutputStream:75 - [STDERR_REDIRECT] 
2025-01-29 23:14:18,476 [ERROR] LogOutputStream:75 - [STDERR_REDIRECT] [Fatal Error] :1:1: Premature end of file.
2025-01-29 23:14:18,476 [ERROR] LogOutputStream:75 - [STDERR_REDIRECT] 
2025-01-29 23:14:19,458 [ERROR] LogOutputStream:75 - [STDERR_REDIRECT] [Fatal Error] :1:1: Premature end of file.
2025-01-29 23:14:19,458 [ERROR] LogOutputStream:75 - [STDERR_REDIRECT] 
2025-01-29 23:14:20,476 [ERROR] LogOutputStream:75 - [STDERR_REDIRECT] [Fatal Error] :1:1: Premature end of file.
2025-01-29 23:14:20,476 [ERROR] LogOutputStream:75 - [STDERR_REDIRECT] 
2025-01-29 23:14:21,476 [ERROR] LogOutputStream:75 - [STDERR_REDIRECT] [Fatal Error] :1:1: Premature end of file.
2025-01-29 23:14:21,476 [ERROR] LogOutputStream:75 - [STDERR_REDIRECT] 
2025-01-29 23:14:22,468 [ERROR] LogOutputStream:75 - [STDERR_REDIRECT] [Fatal Error] :1:1: Premature end of file.
2025-01-29 23:14:22,468 [ERROR] LogOutputStream:75 - [STDERR_REDIRECT] 
2025-01-29 23:14:23,466 [ERROR] LogOutputStream:75 - [STDERR_REDIRECT] [Fatal Error] :1:1: Premature end of file.
2025-01-29 23:14:23,466 [ERROR] LogOutputStream:75 - [STDERR_REDIRECT] 
2025-01-29 23:14:24,455 [ERROR] LogOutputStream:75 - [STDERR_REDIRECT] [Fatal Error] :1:1: Premature end of file.
2025-01-29 23:14:24,455 [ERROR] LogOutputStream:75 - [STDERR_REDIRECT] 
2025-01-29 23:14:25,461 [ERROR] LogOutputStream:75 - [STDERR_REDIRECT] [Fatal Error] :1:1: Premature end of file.
2025-01-29 23:14:25,461 [ERROR] LogOutputStream:75 - [STDERR_REDIRECT] 
2025-01-29 23:14:26,470 [ERROR] LogOutputStream:75 - [STDERR_REDIRECT] [Fatal Error] :1:1: Premature end of file.
2025-01-29 23:14:26,470 [ERROR] LogOutputStream:75 - [STDERR_REDIRECT] 
2025-01-29 23:14:27,475 [ERROR] LogOutputStream:75 - [STDERR_REDIRECT] [Fatal Error] :1:1: Premature end of file.
2025-01-29 23:14:27,475 [ERROR] LogOutputStream:75 - [STDERR_REDIRECT] 
2025-01-29 23:14:28,465 [ERROR] LogOutputStream:75 - [STDERR_REDIRECT] [Fatal Error] :1:1: Premature end of file.
2025-01-29 23:14:28,465 [ERROR] LogOutputStream:75 - [STDERR_REDIRECT] 
2025-01-29 23:14:29,467 [ERROR] LogOutputStream:75 - [STDERR_REDIRECT] [Fatal Error] :1:1: Premature end of file.
2025-01-29 23:14:29,467 [ERROR] LogOutputStream:75 - [STDERR_REDIRECT] 
2025-01-29 23:14:30,467 [ERROR] LogOutputStream:75 - [STDERR_REDIRECT] [Fatal Error] :1:1: Premature end of file.
2025-01-29 23:14:30,467 [ERROR] LogOutputStream:75 - [STDERR_REDIRECT] 
2025-01-29 23:14:31,466 [ERROR] LogOutputStream:75 - [STDERR_REDIRECT] [Fatal Error] :1:1: Premature end of file.
2025-01-29 23:14:31,466 [ERROR] LogOutputStream:75 - [STDERR_REDIRECT] 
2025-01-29 23:14:32,469 [ERROR] LogOutputStream:75 - [STDERR_REDIRECT] [Fatal Error] :1:1: Premature end of file.
2025-01-29 23:14:32,469 [ERROR] LogOutputStream:75 - [STDERR_REDIRECT] 
2025-01-29 23:14:33,473 [ERROR] LogOutputStream:75 - [STDERR_REDIRECT] [Fatal Error] :1:1: Premature end of file.
2025-01-29 23:14:33,473 [ERROR] LogOutputStream:75 - [STDERR_REDIRECT] 
2025-01-29 23:14:34,461 [ERROR] LogOutputStream:75 - [STDERR_REDIRECT] [Fatal Error] :1:1: Premature end of file.
2025-01-29 23:14:34,461 [ERROR] LogOutputStream:75 - [STDERR_REDIRECT] 
2025-01-29 23:14:35,455 [ERROR] LogOutputStream:75 - [STDERR_REDIRECT] [Fatal Error] :1:1: Premature end of file.
2025-01-29 23:14:35,455 [ERROR] LogOutputStream:75 - [STDERR_REDIRECT] 
2025-01-29 23:14:36,473 [ERROR] LogOutputStream:75 - [STDERR_REDIRECT] [Fatal Error] :1:1: Premature end of file.
2025-01-29 23:14:36,473 [ERROR] LogOutputStream:75 - [STDERR_REDIRECT] 
2025-01-29 23:14:37,466 [ERROR] LogOutputStream:75 - [STDERR_REDIRECT] [Fatal Error] :1:1: Premature end of file.
2025-01-29 23:14:37,466 [ERROR] LogOutputStream:75 - [STDERR_REDIRECT] 
2025-01-29 23:14:38,473 [ERROR] LogOutputStream:75 - [STDERR_REDIRECT] [Fatal Error] :1:1: Premature end of file.
2025-01-29 23:14:38,473 [ERROR] LogOutputStream:75 - [STDERR_REDIRECT] 
2025-01-29 23:14:39,467 [ERROR] LogOutputStream:75 - [STDERR_REDIRECT] [Fatal Error] :1:1: Premature end of file.
2025-01-29 23:14:39,469 [ERROR] LogOutputStream:75 - [STDERR_REDIRECT] 
2025-01-29 23:14:40,481 [ERROR] LogOutputStream:75 - [STDERR_REDIRECT] [Fatal Error] :1:1: Premature end of file.
2025-01-29 23:14:40,481 [ERROR] LogOutputStream:75 - [STDERR_REDIRECT] 
2025-01-29 23:14:41,474 [ERROR] LogOutputStream:75 - [STDERR_REDIRECT] [Fatal Error] :1:1: Premature end of file.
2025-01-29 23:14:41,476 [ERROR] LogOutputStream:75 - [STDERR_REDIRECT] 
2025-01-29 23:14:42,469 [ERROR] LogOutputStream:75 - [STDERR_REDIRECT] [Fatal Error] :1:1: Premature end of file.
2025-01-29 23:14:42,469 [ERROR] LogOutputStream:75 - [STDERR_REDIRECT] 
2025-01-29 23:14:43,471 [ERROR] LogOutputStream:75 - [STDERR_REDIRECT] [Fatal Error] :1:1: Premature end of file.
2025-01-29 23:14:43,471 [ERROR] LogOutputStream:75 - [STDERR_REDIRECT] 
2025-01-29 23:14:44,471 [ERROR] LogOutputStream:75 - [STDERR_REDIRECT] [Fatal Error] :1:1: Premature end of file.
2025-01-29 23:14:44,471 [ERROR] LogOutputStream:75 - [STDERR_REDIRECT] 
2025-01-29 23:14:45,469 [ERROR] LogOutputStream:75 - [STDERR_REDIRECT] [Fatal Error] :1:1: Premature end of file.
2025-01-29 23:14:45,469 [ERROR] LogOutputStream:75 - [STDERR_REDIRECT] 
2025-01-29 23:14:46,466 [ERROR] LogOutputStream:75 - [STDERR_REDIRECT] [Fatal Error] :1:1: Premature end of file.
2025-01-29 23:14:46,466 [ERROR] LogOutputStream:75 - [STDERR_REDIRECT] 
2025-01-29 23:14:47,468 [ERROR] LogOutputStream:75 - [STDERR_REDIRECT] [Fatal Error] :1:1: Premature end of file.
2025-01-29 23:14:47,468 [ERROR] LogOutputStream:75 - [STDERR_REDIRECT] 
2025-01-29 23:14:48,474 [ERROR] LogOutputStream:75 - [STDERR_REDIRECT] [Fatal Error] :1:1: Premature end of file.
2025-01-29 23:14:48,474 [ERROR] LogOutputStream:75 - [STDERR_REDIRECT] 
2025-01-29 23:14:49,466 [ERROR] LogOutputStream:75 - [STDERR_REDIRECT] [Fatal Error] :1:1: Premature end of file.
2025-01-29 23:14:49,466 [ERROR] LogOutputStream:75 - [STDERR_REDIRECT] 
2025-01-29 23:14:50,471 [ERROR] LogOutputStream:75 - [STDERR_REDIRECT] [Fatal Error] :1:1: Premature end of file.
2025-01-29 23:14:50,471 [ERROR] LogOutputStream:75 - [STDERR_REDIRECT] 
2025-01-29 23:14:51,473 [ERROR] LogOutputStream:75 - [STDERR_REDIRECT] [Fatal Error] :1:1: Premature end of file.
2025-01-29 23:14:51,473 [ERROR] LogOutputStream:75 - [STDERR_REDIRECT] 
2025-01-29 23:14:52,465 [ERROR] LogOutputStream:75 - [STDERR_REDIRECT] [Fatal Error] :1:1: Premature end of file.
2025-01-29 23:14:52,465 [ERROR] LogOutputStream:75 - [STDERR_REDIRECT] 
2025-01-29 23:14:53,468 [ERROR] LogOutputStream:75 - [STDERR_REDIRECT] [Fatal Error] :1:1: Premature end of file.
2025-01-29 23:14:53,468 [ERROR] LogOutputStream:75 - [STDERR_REDIRECT] 
2025-01-29 23:14:54,459 [ERROR] LogOutputStream:75 - [STDERR_REDIRECT] [Fatal Error] :1:1: Premature end of file.
2025-01-29 23:14:54,459 [ERROR] LogOutputStream:75 - [STDERR_REDIRECT] 
2025-01-29 23:14:55,474 [ERROR] LogOutputStream:75 - [STDERR_REDIRECT] [Fatal Error] :1:1: Premature end of file.
2025-01-29 23:14:55,474 [ERROR] LogOutputStream:75 - [STDERR_REDIRECT] 
2025-01-29 23:14:56,476 [ERROR] LogOutputStream:75 - [STDERR_REDIRECT] [Fatal Error] :1:1: Premature end of file.
2025-01-29 23:14:56,476 [ERROR] LogOutputStream:75 - [STDERR_REDIRECT] 
2025-01-29 23:14:57,472 [ERROR] LogOutputStream:75 - [STDERR_REDIRECT] [Fatal Error] :1:1: Premature end of file.
2025-01-29 23:14:57,472 [ERROR] LogOutputStream:75 - [STDERR_REDIRECT] 
2025-01-29 23:14:58,470 [ERROR] LogOutputStream:75 - [STDERR_REDIRECT] [Fatal Error] :1:1: Premature end of file.
2025-01-29 23:14:58,470 [ERROR] LogOutputStream:75 - [STDERR_REDIRECT] 
2025-01-29 23:14:59,462 [ERROR] LogOutputStream:75 - [STDERR_REDIRECT] [Fatal Error] :1:1: Premature end of file.
2025-01-29 23:14:59,462 [ERROR] LogOutputStream:75 - [STDERR_REDIRECT] 
2025-01-29 23:15:00,470 [ERROR] LogOutputStream:75 - [STDERR_REDIRECT] [Fatal Error] :1:1: Premature end of file.
2025-01-29 23:15:00,470 [ERROR] LogOutputStream:75 - [STDERR_REDIRECT] 
2025-01-29 23:15:01,455 [ERROR] LogOutputStream:75 - [STDERR_REDIRECT] [Fatal Error] :1:1: Premature end of file.
2025-01-29 23:15:01,455 [ERROR] LogOutputStream:75 - [STDERR_REDIRECT] 
2025-01-29 23:15:02,478 [ERROR] LogOutputStream:75 - [STDERR_REDIRECT] [Fatal Error] :1:1: Premature end of file.
2025-01-29 23:15:02,478 [ERROR] LogOutputStream:75 - [STDERR_REDIRECT] 
2025-01-29 23:15:03,471 [ERROR] LogOutputStream:75 - [STDERR_REDIRECT] [Fatal Error] :1:1: Premature end of file.
2025-01-29 23:15:03,471 [ERROR] LogOutputStream:75 - [STDERR_REDIRECT] 
2025-01-29 23:15:04,465 [ERROR] LogOutputStream:75 - [STDERR_REDIRECT] [Fatal Error] :1:1: Premature end of file.
2025-01-29 23:15:04,465 [ERROR] LogOutputStream:75 - [STDERR_REDIRECT] 
2025-01-29 23:15:05,465 [ERROR] LogOutputStream:75 - [STDERR_REDIRECT] [Fatal Error] :1:1: Premature end of file.
2025-01-29 23:15:05,465 [ERROR] LogOutputStream:75 - [STDERR_REDIRECT] 
2025-01-29 23:15:06,469 [ERROR] LogOutputStream:75 - [STDERR_REDIRECT] [Fatal Error] :1:1: Premature end of file.
2025-01-29 23:15:06,469 [ERROR] LogOutputStream:75 - [STDERR_REDIRECT] 
2025-01-29 23:15:07,465 [ERROR] LogOutputStream:75 - [STDERR_REDIRECT] [Fatal Error] :1:1: Premature end of file.
2025-01-29 23:15:07,465 [ERROR] LogOutputStream:75 - [STDERR_REDIRECT] 
2025-01-29 23:15:08,466 [ERROR] LogOutputStream:75 - [STDERR_REDIRECT] [Fatal Error] :1:1: Premature end of file.
2025-01-29 23:15:08,466 [ERROR] LogOutputStream:75 - [STDERR_REDIRECT] 
2025-01-29 23:15:09,467 [ERROR] LogOutputStream:75 - [STDERR_REDIRECT] [Fatal Error] :1:1: Premature end of file.
2025-01-29 23:15:09,467 [ERROR] LogOutputStream:75 - [STDERR_REDIRECT] 
2025-01-29 23:15:10,484 [ERROR] LogOutputStream:75 - [STDERR_REDIRECT] [Fatal Error] :1:1: Premature end of file.
2025-01-29 23:15:10,484 [ERROR] LogOutputStream:75 - [STDERR_REDIRECT] 
2025-01-29 23:15:11,458 [ERROR] LogOutputStream:75 - [STDERR_REDIRECT] [Fatal Error] :1:1: Premature end of file.
2025-01-29 23:15:11,458 [ERROR] LogOutputStream:75 - [STDERR_REDIRECT] 
2025-01-29 23:15:12,474 [ERROR] LogOutputStream:75 - [STDERR_REDIRECT] [Fatal Error] :1:1: Premature end of file.
2025-01-29 23:15:12,474 [ERROR] LogOutputStream:75 - [STDERR_REDIRECT] 
2025-01-29 23:15:13,461 [ERROR] LogOutputStream:75 - [STDERR_REDIRECT] [Fatal Error] :1:1: Premature end of file.
2025-01-29 23:15:13,461 [ERROR] LogOutputStream:75 - [STDERR_REDIRECT] 
2025-01-29 23:15:14,465 [ERROR] LogOutputStream:75 - [STDERR_REDIRECT] [Fatal Error] :1:1: Premature end of file.
2025-01-29 23:15:14,465 [ERROR] LogOutputStream:75 - [STDERR_REDIRECT] 
2025-01-29 23:15:15,472 [ERROR] LogOutputStream:75 - [STDERR_REDIRECT] [Fatal Error] :1:1: Premature end of file.
2025-01-29 23:15:15,472 [ERROR] LogOutputStream:75 - [STDERR_REDIRECT] 
2025-01-29 23:15:16,472 [ERROR] LogOutputStream:75 - [STDERR_REDIRECT] [Fatal Error] :1:1: Premature end of file.
2025-01-29 23:15:16,472 [ERROR] LogOutputStream:75 - [STDERR_REDIRECT] 
2025-01-29 23:15:17,473 [ERROR] LogOutputStream:75 - [STDERR_REDIRECT] [Fatal Error] :1:1: Premature end of file.
2025-01-29 23:15:17,473 [ERROR] LogOutputStream:75 - [STDERR_REDIRECT] 
2025-01-29 23:15:18,477 [ERROR] LogOutputStream:75 - [STDERR_REDIRECT] [Fatal Error] :1:1: Premature end of file.
2025-01-29 23:15:18,477 [ERROR] LogOutputStream:75 - [STDERR_REDIRECT] 
2025-01-29 23:15:19,475 [ERROR] LogOutputStream:75 - [STDERR_REDIRECT] [Fatal Error] :1:1: Premature end of file.
2025-01-29 23:15:19,475 [ERROR] LogOutputStream:75 - [STDERR_REDIRECT] 
2025-01-29 23:15:20,460 [ERROR] LogOutputStream:75 - [STDERR_REDIRECT] [Fatal Error] :1:1: Premature end of file.
2025-01-29 23:15:20,460 [ERROR] LogOutputStream:75 - [STDERR_REDIRECT] 
2025-01-29 23:15:21,467 [ERROR] LogOutputStream:75 - [STDERR_REDIRECT] [Fatal Error] :1:1: Premature end of file.
2025-01-29 23:15:21,467 [ERROR] LogOutputStream:75 - [STDERR_REDIRECT] 
2025-01-29 23:15:22,485 [ERROR] LogOutputStream:75 - [STDERR_REDIRECT] [Fatal Error] :1:1: Premature end of file.
2025-01-29 23:15:22,485 [ERROR] LogOutputStream:75 - [STDERR_REDIRECT] 
2025-01-29 23:15:23,469 [ERROR] LogOutputStream:75 - [STDERR_REDIRECT] [Fatal Error] :1:1: Premature end of file.
2025-01-29 23:15:23,469 [ERROR] LogOutputStream:75 - [STDERR_REDIRECT] 
2025-01-29 23:15:24,484 [ERROR] LogOutputStream:75 - [STDERR_REDIRECT] [Fatal Error] :1:1: Premature end of file.
2025-01-29 23:15:24,484 [ERROR] LogOutputStream:75 - [STDERR_REDIRECT] 
2025-01-29 23:15:25,477 [ERROR] LogOutputStream:75 - [STDERR_REDIRECT] [Fatal Error] :1:1: Premature end of file.
2025-01-29 23:15:25,479 [ERROR] LogOutputStream:75 - [STDERR_REDIRECT] 
2025-01-29 23:15:26,483 [ERROR] LogOutputStream:75 - [STDERR_REDIRECT] [Fatal Error] :1:1: Premature end of file.
2025-01-29 23:15:26,483 [ERROR] LogOutputStream:75 - [STDERR_REDIRECT] 
2025-01-29 23:15:27,485 [ERROR] LogOutputStream:75 - [STDERR_REDIRECT] [Fatal Error] :1:1: Premature end of file.
2025-01-29 23:15:27,485 [ERROR] LogOutputStream:75 - [STDERR_REDIRECT] 
2025-01-29 23:15:28,468 [ERROR] LogOutputStream:75 - [STDERR_REDIRECT] [Fatal Error] :1:1: Premature end of file.
2025-01-29 23:15:28,468 [ERROR] LogOutputStream:75 - [STDERR_REDIRECT] 
2025-01-29 23:15:29,456 [ERROR] LogOutputStream:75 - [STDERR_REDIRECT] [Fatal Error] :1:1: Premature end of file.
2025-01-29 23:15:29,456 [ERROR] LogOutputStream:75 - [STDERR_REDIRECT] 
2025-01-29 23:15:30,456 [ERROR] LogOutputStream:75 - [STDERR_REDIRECT] [Fatal Error] :1:1: Premature end of file.
2025-01-29 23:15:30,458 [ERROR] LogOutputStream:75 - [STDERR_REDIRECT] 
2025-01-29 23:15:31,466 [ERROR] LogOutputStream:75 - [STDERR_REDIRECT] [Fatal Error] :1:1: Premature end of file.
2025-01-29 23:15:31,466 [ERROR] LogOutputStream:75 - [STDERR_REDIRECT] 
2025-01-29 23:15:32,472 [ERROR] LogOutputStream:75 - [STDERR_REDIRECT] [Fatal Error] :1:1: Premature end of file.
2025-01-29 23:15:32,472 [ERROR] LogOutputStream:75 - [STDERR_REDIRECT] 
2025-01-29 23:15:33,476 [ERROR] LogOutputStream:75 - [STDERR_REDIRECT] [Fatal Error] :1:1: Premature end of file.
2025-01-29 23:15:33,476 [ERROR] LogOutputStream:75 - [STDERR_REDIRECT] 
2025-01-29 23:15:34,459 [ERROR] LogOutputStream:75 - [STDERR_REDIRECT] [Fatal Error] :1:1: Premature end of file.
2025-01-29 23:15:34,459 [ERROR] LogOutputStream:75 - [STDERR_REDIRECT] 
2025-01-29 23:15:35,470 [ERROR] LogOutputStream:75 - [STDERR_REDIRECT] [Fatal Error] :1:1: Premature end of file.
2025-01-29 23:15:35,470 [ERROR] LogOutputStream:75 - [STDERR_REDIRECT] 
2025-01-29 23:15:36,472 [ERROR] LogOutputStream:75 - [STDERR_REDIRECT] [Fatal Error] :1:1: Premature end of file.
2025-01-29 23:15:36,472 [ERROR] LogOutputStream:75 - [STDERR_REDIRECT] 
2025-01-29 23:15:37,475 [ERROR] LogOutputStream:75 - [STDERR_REDIRECT] [Fatal Error] :1:1: Premature end of file.
2025-01-29 23:15:37,475 [ERROR] LogOutputStream:75 - [STDERR_REDIRECT] 
2025-01-29 23:15:38,465 [ERROR] LogOutputStream:75 - [STDERR_REDIRECT] [Fatal Error] :1:1: Premature end of file.
2025-01-29 23:15:38,465 [ERROR] LogOutputStream:75 - [STDERR_REDIRECT] 
2025-01-29 23:15:39,465 [ERROR] LogOutputStream:75 - [STDERR_REDIRECT] [Fatal Error] :1:1: Premature end of file.
2025-01-29 23:15:39,466 [ERROR] LogOutputStream:75 - [STDERR_REDIRECT] 
2025-01-29 23:15:40,458 [ERROR] LogOutputStream:75 - [STDERR_REDIRECT] [Fatal Error] :1:1: Premature end of file.
2025-01-29 23:15:40,458 [ERROR] LogOutputStream:75 - [STDERR_REDIRECT] 
2025-01-29 23:15:41,477 [ERROR] LogOutputStream:75 - [STDERR_REDIRECT] [Fatal Error] :1:1: Premature end of file.
2025-01-29 23:15:41,477 [ERROR] LogOutputStream:75 - [STDERR_REDIRECT] 
2025-01-29 23:15:42,474 [ERROR] LogOutputStream:75 - [STDERR_REDIRECT] [Fatal Error] :1:1: Premature end of file.
2025-01-29 23:15:42,474 [ERROR] LogOutputStream:75 - [STDERR_REDIRECT] 
2025-01-29 23:15:43,476 [ERROR] LogOutputStream:75 - [STDERR_REDIRECT] [Fatal Error] :1:1: Premature end of file.
2025-01-29 23:15:43,476 [ERROR] LogOutputStream:75 - [STDERR_REDIRECT] 
2025-01-29 23:15:44,468 [ERROR] LogOutputStream:75 - [STDERR_REDIRECT] [Fatal Error] :1:1: Premature end of file.
2025-01-29 23:15:44,468 [ERROR] LogOutputStream:75 - [STDERR_REDIRECT] 
2025-01-29 23:15:45,472 [ERROR] LogOutputStream:75 - [STDERR_REDIRECT] [Fatal Error] :1:1: Premature end of file.
2025-01-29 23:15:45,472 [ERROR] LogOutputStream:75 - [STDERR_REDIRECT] 
2025-01-29 23:15:46,467 [ERROR] LogOutputStream:75 - [STDERR_REDIRECT] [Fatal Error] :1:1: Premature end of file.
2025-01-29 23:15:46,467 [ERROR] LogOutputStream:75 - [STDERR_REDIRECT] 
2025-01-29 23:15:47,467 [ERROR] LogOutputStream:75 - [STDERR_REDIRECT] [Fatal Error] :1:1: Premature end of file.
2025-01-29 23:15:47,467 [ERROR] LogOutputStream:75 - [STDERR_REDIRECT] 
2025-01-29 23:15:48,473 [ERROR] LogOutputStream:75 - [STDERR_REDIRECT] [Fatal Error] :1:1: Premature end of file.
2025-01-29 23:15:48,473 [ERROR] LogOutputStream:75 - [STDERR_REDIRECT] 
2025-01-29 23:15:49,460 [ERROR] LogOutputStream:75 - [STDERR_REDIRECT] [Fatal Error] :1:1: Premature end of file.
2025-01-29 23:15:49,460 [ERROR] LogOutputStream:75 - [STDERR_REDIRECT] 
2025-01-29 23:15:50,466 [ERROR] LogOutputStream:75 - [STDERR_REDIRECT] [Fatal Error] :1:1: Premature end of file.
2025-01-29 23:15:50,466 [ERROR] LogOutputStream:75 - [STDERR_REDIRECT] 
2025-01-29 23:15:51,473 [ERROR] LogOutputStream:75 - [STDERR_REDIRECT] [Fatal Error] :1:1: Premature end of file.
2025-01-29 23:15:51,473 [ERROR] LogOutputStream:75 - [STDERR_REDIRECT] 
2025-01-29 23:15:52,477 [ERROR] LogOutputStream:75 - [STDERR_REDIRECT] [Fatal Error] :1:1: Premature end of file.
2025-01-29 23:15:52,477 [ERROR] LogOutputStream:75 - [STDERR_REDIRECT] 
2025-01-29 23:15:53,469 [ERROR] LogOutputStream:75 - [STDERR_REDIRECT] [Fatal Error] :1:1: Premature end of file.
2025-01-29 23:15:53,469 [ERROR] LogOutputStream:75 - [STDERR_REDIRECT] 
2025-01-29 23:15:54,481 [ERROR] LogOutputStream:75 - [STDERR_REDIRECT] [Fatal Error] :1:1: Premature end of file.
2025-01-29 23:15:54,481 [ERROR] LogOutputStream:75 - [STDERR_REDIRECT] 
2025-01-29 23:15:55,471 [ERROR] LogOutputStream:75 - [STDERR_REDIRECT] [Fatal Error] :1:1: Premature end of file.
2025-01-29 23:15:55,471 [ERROR] LogOutputStream:75 - [STDERR_REDIRECT] 
2025-01-29 23:15:56,466 [ERROR] LogOutputStream:75 - [STDERR_REDIRECT] [Fatal Error] :1:1: Premature end of file.
2025-01-29 23:15:56,466 [ERROR] LogOutputStream:75 - [STDERR_REDIRECT] 
2025-01-29 23:15:57,471 [ERROR] LogOutputStream:75 - [STDERR_REDIRECT] [Fatal Error] :1:1: Premature end of file.
2025-01-29 23:15:57,471 [ERROR] LogOutputStream:75 - [STDERR_REDIRECT] 
2025-01-29 23:15:58,469 [ERROR] LogOutputStream:75 - [STDERR_REDIRECT] [Fatal Error] :1:1: Premature end of file.
2025-01-29 23:15:58,469 [ERROR] LogOutputStream:75 - [STDERR_REDIRECT] 
2025-01-29 23:15:59,476 [ERROR] LogOutputStream:75 - [STDERR_REDIRECT] [Fatal Error] :1:1: Premature end of file.
2025-01-29 23:15:59,476 [ERROR] LogOutputStream:75 - [STDERR_REDIRECT] 
2025-01-29 23:16:00,459 [ERROR] LogOutputStream:75 - [STDERR_REDIRECT] [Fatal Error] :1:1: Premature end of file.
2025-01-29 23:16:00,459 [ERROR] LogOutputStream:75 - [STDERR_REDIRECT] 
2025-01-29 23:16:01,472 [ERROR] LogOutputStream:75 - [STDERR_REDIRECT] [Fatal Error] :1:1: Premature end of file.
2025-01-29 23:16:01,472 [ERROR] LogOutputStream:75 - [STDERR_REDIRECT] 
2025-01-29 23:16:02,462 [ERROR] LogOutputStream:75 - [STDERR_REDIRECT] [Fatal Error] :1:1: Premature end of file.
2025-01-29 23:16:02,462 [ERROR] LogOutputStream:75 - [STDERR_REDIRECT] 
2025-01-29 23:16:03,470 [ERROR] LogOutputStream:75 - [STDERR_REDIRECT] [Fatal Error] :1:1: Premature end of file.
2025-01-29 23:16:03,470 [ERROR] LogOutputStream:75 - [STDERR_REDIRECT] 
2025-01-29 23:16:04,460 [ERROR] LogOutputStream:75 - [STDERR_REDIRECT] [Fatal Error] :1:1: Premature end of file.
2025-01-29 23:16:04,460 [ERROR] LogOutputStream:75 - [STDERR_REDIRECT] 
2025-01-29 23:16:05,471 [ERROR] LogOutputStream:75 - [STDERR_REDIRECT] [Fatal Error] :1:1: Premature end of file.
2025-01-29 23:16:05,471 [ERROR] LogOutputStream:75 - [STDERR_REDIRECT] 
2025-01-29 23:16:06,475 [ERROR] LogOutputStream:75 - [STDERR_REDIRECT] [Fatal Error] :1:1: Premature end of file.
2025-01-29 23:16:06,475 [ERROR] LogOutputStream:75 - [STDERR_REDIRECT] 
2025-01-29 23:16:07,467 [ERROR] LogOutputStream:75 - [STDERR_REDIRECT] [Fatal Error] :1:1: Premature end of file.
2025-01-29 23:16:07,467 [ERROR] LogOutputStream:75 - [STDERR_REDIRECT] 
2025-01-29 23:16:08,460 [ERROR] LogOutputStream:75 - [STDERR_REDIRECT] [Fatal Error] :1:1: Premature end of file.
2025-01-29 23:16:08,460 [ERROR] LogOutputStream:75 - [STDERR_REDIRECT] 
2025-01-29 23:16:09,469 [ERROR] LogOutputStream:75 - [STDERR_REDIRECT] [Fatal Error] :1:1: Premature end of file.
2025-01-29 23:16:09,469 [ERROR] LogOutputStream:75 - [STDERR_REDIRECT] 
2025-01-29 23:16:10,484 [ERROR] LogOutputStream:75 - [STDERR_REDIRECT] [Fatal Error] :1:1: Premature end of file.
2025-01-29 23:16:10,484 [ERROR] LogOutputStream:75 - [STDERR_REDIRECT] 
2025-01-29 23:16:11,475 [ERROR] LogOutputStream:75 - [STDERR_REDIRECT] [Fatal Error] :1:1: Premature end of file.
2025-01-29 23:16:11,475 [ERROR] LogOutputStream:75 - [STDERR_REDIRECT] 
2025-01-29 23:16:12,472 [ERROR] LogOutputStream:75 - [STDERR_REDIRECT] [Fatal Error] :1:1: Premature end of file.
2025-01-29 23:16:12,472 [ERROR] LogOutputStream:75 - [STDERR_REDIRECT] 
2025-01-29 23:16:13,460 [ERROR] LogOutputStream:75 - [STDERR_REDIRECT] [Fatal Error] :1:1: Premature end of file.
2025-01-29 23:16:13,460 [ERROR] LogOutputStream:75 - [STDERR_REDIRECT] 
2025-01-29 23:16:14,476 [ERROR] LogOutputStream:75 - [STDERR_REDIRECT] [Fatal Error] :1:1: Premature end of file.
2025-01-29 23:16:14,476 [ERROR] LogOutputStream:75 - [STDERR_REDIRECT] 
2025-01-29 23:16:15,470 [ERROR] LogOutputStream:75 - [STDERR_REDIRECT] [Fatal Error] :1:1: Premature end of file.
2025-01-29 23:16:15,470 [ERROR] LogOutputStream:75 - [STDERR_REDIRECT] 
2025-01-29 23:16:16,463 [ERROR] LogOutputStream:75 - [STDERR_REDIRECT] [Fatal Error] :1:1: Premature end of file.
2025-01-29 23:16:16,464 [ERROR] LogOutputStream:75 - [STDERR_REDIRECT] 
2025-01-29 23:16:17,458 [ERROR] LogOutputStream:75 - [STDERR_REDIRECT] [Fatal Error] :1:1: Premature end of file.
2025-01-29 23:16:17,458 [ERROR] LogOutputStream:75 - [STDERR_REDIRECT] 
2025-01-29 23:16:18,493 [ERROR] LogOutputStream:75 - [STDERR_REDIRECT] [Fatal Error] :1:1: Premature end of file.
2025-01-29 23:16:18,493 [ERROR] LogOutputStream:75 - [STDERR_REDIRECT] 
2025-01-29 23:16:19,466 [ERROR] LogOutputStream:75 - [STDERR_REDIRECT] [Fatal Error] :1:1: Premature end of file.
2025-01-29 23:16:19,466 [ERROR] LogOutputStream:75 - [STDERR_REDIRECT] 
2025-01-29 23:16:20,472 [ERROR] LogOutputStream:75 - [STDERR_REDIRECT] [Fatal Error] :1:1: Premature end of file.
2025-01-29 23:16:20,472 [ERROR] LogOutputStream:75 - [STDERR_REDIRECT] 
2025-01-29 23:16:21,468 [ERROR] LogOutputStream:75 - [STDERR_REDIRECT] [Fatal Error] :1:1: Premature end of file.
2025-01-29 23:16:21,470 [ERROR] LogOutputStream:75 - [STDERR_REDIRECT] 
2025-01-29 23:16:22,460 [ERROR] LogOutputStream:75 - [STDERR_REDIRECT] [Fatal Error] :1:1: Premature end of file.
2025-01-29 23:16:22,460 [ERROR] LogOutputStream:75 - [STDERR_REDIRECT] 
2025-01-29 23:16:23,463 [ERROR] LogOutputStream:75 - [STDERR_REDIRECT] [Fatal Error] :1:1: Premature end of file.
2025-01-29 23:16:23,463 [ERROR] LogOutputStream:75 - [STDERR_REDIRECT] 
2025-01-29 23:16:24,480 [ERROR] LogOutputStream:75 - [STDERR_REDIRECT] [Fatal Error] :1:1: Premature end of file.
2025-01-29 23:16:24,480 [ERROR] LogOutputStream:75 - [STDERR_REDIRECT] 
2025-01-29 23:16:25,470 [ERROR] LogOutputStream:75 - [STDERR_REDIRECT] [Fatal Error] :1:1: Premature end of file.
2025-01-29 23:16:25,471 [ERROR] LogOutputStream:75 - [STDERR_REDIRECT] 
2025-01-29 23:16:26,469 [ERROR] LogOutputStream:75 - [STDERR_REDIRECT] [Fatal Error] :1:1: Premature end of file.
2025-01-29 23:16:26,469 [ERROR] LogOutputStream:75 - [STDERR_REDIRECT] 
2025-01-29 23:16:27,466 [ERROR] LogOutputStream:75 - [STDERR_REDIRECT] [Fatal Error] :1:1: Premature end of file.
2025-01-29 23:16:27,467 [ERROR] LogOutputStream:75 - [STDERR_REDIRECT] 
2025-01-29 23:16:28,475 [ERROR] LogOutputStream:75 - [STDERR_REDIRECT] [Fatal Error] :1:1: Premature end of file.
2025-01-29 23:16:28,475 [ERROR] LogOutputStream:75 - [STDERR_REDIRECT] 
2025-01-29 23:16:29,468 [ERROR] LogOutputStream:75 - [STDERR_REDIRECT] [Fatal Error] :1:1: Premature end of file.
2025-01-29 23:16:29,468 [ERROR] LogOutputStream:75 - [STDERR_REDIRECT] 
2025-01-29 23:16:30,474 [ERROR] LogOutputStream:75 - [STDERR_REDIRECT] [Fatal Error] :1:1: Premature end of file.
2025-01-29 23:16:30,474 [ERROR] LogOutputStream:75 - [STDERR_REDIRECT] 
2025-01-29 23:16:31,461 [ERROR] LogOutputStream:75 - [STDERR_REDIRECT] [Fatal Error] :1:1: Premature end of file.
2025-01-29 23:16:31,461 [ERROR] LogOutputStream:75 - [STDERR_REDIRECT] 
2025-01-29 23:16:32,464 [ERROR] LogOutputStream:75 - [STDERR_REDIRECT] [Fatal Error] :1:1: Premature end of file.
2025-01-29 23:16:32,464 [ERROR] LogOutputStream:75 - [STDERR_REDIRECT] 
2025-01-29 23:16:33,479 [ERROR] LogOutputStream:75 - [STDERR_REDIRECT] [Fatal Error] :1:1: Premature end of file.
2025-01-29 23:16:33,479 [ERROR] LogOutputStream:75 - [STDERR_REDIRECT] 
2025-01-29 23:16:34,459 [ERROR] LogOutputStream:75 - [STDERR_REDIRECT] [Fatal Error] :1:1: Premature end of file.
2025-01-29 23:16:34,459 [ERROR] LogOutputStream:75 - [STDERR_REDIRECT] 
2025-01-29 23:16:35,470 [ERROR] LogOutputStream:75 - [STDERR_REDIRECT] [Fatal Error] :1:1: Premature end of file.
2025-01-29 23:16:35,470 [ERROR] LogOutputStream:75 - [STDERR_REDIRECT] 
2025-01-29 23:16:36,474 [ERROR] LogOutputStream:75 - [STDERR_REDIRECT] [Fatal Error] :1:1: Premature end of file.
2025-01-29 23:16:36,474 [ERROR] LogOutputStream:75 - [STDERR_REDIRECT] 
2025-01-29 23:16:37,459 [ERROR] LogOutputStream:75 - [STDERR_REDIRECT] [Fatal Error] :1:1: Premature end of file.
2025-01-29 23:16:37,459 [ERROR] LogOutputStream:75 - [STDERR_REDIRECT] 
2025-01-29 23:16:38,464 [ERROR] LogOutputStream:75 - [STDERR_REDIRECT] [Fatal Error] :1:1: Premature end of file.
2025-01-29 23:16:38,464 [ERROR] LogOutputStream:75 - [STDERR_REDIRECT] 
2025-01-29 23:16:39,458 [ERROR] LogOutputStream:75 - [STDERR_REDIRECT] [Fatal Error] :1:1: Premature end of file.
2025-01-29 23:16:39,458 [ERROR] LogOutputStream:75 - [STDERR_REDIRECT] 
2025-01-29 23:16:40,462 [ERROR] LogOutputStream:75 - [STDERR_REDIRECT] [Fatal Error] :1:1: Premature end of file.
2025-01-29 23:16:40,462 [ERROR] LogOutputStream:75 - [STDERR_REDIRECT] 
2025-01-29 23:16:41,470 [ERROR] LogOutputStream:75 - [STDERR_REDIRECT] [Fatal Error] :1:1: Premature end of file.
2025-01-29 23:16:41,470 [ERROR] LogOutputStream:75 - [STDERR_REDIRECT] 
2025-01-29 23:16:42,468 [ERROR] LogOutputStream:75 - [STDERR_REDIRECT] [Fatal Error] :1:1: Premature end of file.
2025-01-29 23:16:42,468 [ERROR] LogOutputStream:75 - [STDERR_REDIRECT] 
2025-01-29 23:16:43,470 [ERROR] LogOutputStream:75 - [STDERR_REDIRECT] [Fatal Error] :1:1: Premature end of file.
2025-01-29 23:16:43,471 [ERROR] LogOutputStream:75 - [STDERR_REDIRECT] 
2025-01-29 23:16:44,469 [ERROR] LogOutputStream:75 - [STDERR_REDIRECT] [Fatal Error] :1:1: Premature end of file.
2025-01-29 23:16:44,471 [ERROR] LogOutputStream:75 - [STDERR_REDIRECT] 
2025-01-29 23:16:45,469 [ERROR] LogOutputStream:75 - [STDERR_REDIRECT] [Fatal Error] :1:1: Premature end of file.
2025-01-29 23:16:45,469 [ERROR] LogOutputStream:75 - [STDERR_REDIRECT] 
2025-01-29 23:16:46,479 [ERROR] LogOutputStream:75 - [STDERR_REDIRECT] [Fatal Error] :1:1: Premature end of file.
2025-01-29 23:16:46,479 [ERROR] LogOutputStream:75 - [STDERR_REDIRECT] 
2025-01-29 23:16:47,478 [ERROR] LogOutputStream:75 - [STDERR_REDIRECT] [Fatal Error] :1:1: Premature end of file.
2025-01-29 23:16:47,478 [ERROR] LogOutputStream:75 - [STDERR_REDIRECT] 
2025-01-29 23:16:48,469 [ERROR] LogOutputStream:75 - [STDERR_REDIRECT] [Fatal Error] :1:1: Premature end of file.
2025-01-29 23:16:48,469 [ERROR] LogOutputStream:75 - [STDERR_REDIRECT] 
2025-01-29 23:16:49,476 [ERROR] LogOutputStream:75 - [STDERR_REDIRECT] [Fatal Error] :1:1: Premature end of file.
2025-01-29 23:16:49,476 [ERROR] LogOutputStream:75 - [STDERR_REDIRECT] 
2025-01-29 23:16:50,465 [ERROR] LogOutputStream:75 - [STDERR_REDIRECT] [Fatal Error] :1:1: Premature end of file.
2025-01-29 23:16:50,466 [ERROR] LogOutputStream:75 - [STDERR_REDIRECT] 
2025-01-29 23:16:51,464 [ERROR] LogOutputStream:75 - [STDERR_REDIRECT] [Fatal Error] :1:1: Premature end of file.
2025-01-29 23:16:51,464 [ERROR] LogOutputStream:75 - [STDERR_REDIRECT] 
2025-01-29 23:16:52,466 [ERROR] LogOutputStream:75 - [STDERR_REDIRECT] [Fatal Error] :1:1: Premature end of file.
2025-01-29 23:16:52,466 [ERROR] LogOutputStream:75 - [STDERR_REDIRECT] 
2025-01-29 23:16:53,466 [ERROR] LogOutputStream:75 - [STDERR_REDIRECT] [Fatal Error] :1:1: Premature end of file.
2025-01-29 23:16:53,466 [ERROR] LogOutputStream:75 - [STDERR_REDIRECT] 
2025-01-29 23:16:54,476 [ERROR] LogOutputStream:75 - [STDERR_REDIRECT] [Fatal Error] :1:1: Premature end of file.
2025-01-29 23:16:54,476 [ERROR] LogOutputStream:75 - [STDERR_REDIRECT] 
2025-01-29 23:16:55,473 [ERROR] LogOutputStream:75 - [STDERR_REDIRECT] [Fatal Error] :1:1: Premature end of file.
2025-01-29 23:16:55,473 [ERROR] LogOutputStream:75 - [STDERR_REDIRECT] 
2025-01-29 23:16:56,464 [ERROR] LogOutputStream:75 - [STDERR_REDIRECT] [Fatal Error] :1:1: Premature end of file.
2025-01-29 23:16:56,464 [ERROR] LogOutputStream:75 - [STDERR_REDIRECT] 
2025-01-29 23:16:57,461 [ERROR] LogOutputStream:75 - [STDERR_REDIRECT] [Fatal Error] :1:1: Premature end of file.
2025-01-29 23:16:57,463 [ERROR] LogOutputStream:75 - [STDERR_REDIRECT] 
2025-01-29 23:16:58,463 [ERROR] LogOutputStream:75 - [STDERR_REDIRECT] [Fatal Error] :1:1: Premature end of file.
2025-01-29 23:16:58,463 [ERROR] LogOutputStream:75 - [STDERR_REDIRECT] 
2025-01-29 23:16:59,472 [ERROR] LogOutputStream:75 - [STDERR_REDIRECT] [Fatal Error] :1:1: Premature end of file.
2025-01-29 23:16:59,472 [ERROR] LogOutputStream:75 - [STDERR_REDIRECT] 
2025-01-29 23:17:00,475 [ERROR] LogOutputStream:75 - [STDERR_REDIRECT] [Fatal Error] :1:1: Premature end of file.
2025-01-29 23:17:00,475 [ERROR] LogOutputStream:75 - [STDERR_REDIRECT] 
2025-01-29 23:17:01,464 [ERROR] LogOutputStream:75 - [STDERR_REDIRECT] [Fatal Error] :1:1: Premature end of file.
2025-01-29 23:17:01,465 [ERROR] LogOutputStream:75 - [STDERR_REDIRECT] 
2025-01-29 23:17:02,469 [ERROR] LogOutputStream:75 - [STDERR_REDIRECT] [Fatal Error] :1:1: Premature end of file.
2025-01-29 23:17:02,469 [ERROR] LogOutputStream:75 - [STDERR_REDIRECT] 
2025-01-29 23:17:03,477 [ERROR] LogOutputStream:75 - [STDERR_REDIRECT] [Fatal Error] :1:1: Premature end of file.
2025-01-29 23:17:03,477 [ERROR] LogOutputStream:75 - [STDERR_REDIRECT] 
2025-01-29 23:17:04,471 [ERROR] LogOutputStream:75 - [STDERR_REDIRECT] [Fatal Error] :1:1: Premature end of file.
2025-01-29 23:17:04,471 [ERROR] LogOutputStream:75 - [STDERR_REDIRECT] 
2025-01-29 23:17:05,483 [ERROR] LogOutputStream:75 - [STDERR_REDIRECT] [Fatal Error] :1:1: Premature end of file.
2025-01-29 23:17:05,483 [ERROR] LogOutputStream:75 - [STDERR_REDIRECT] 
2025-01-29 23:17:06,476 [ERROR] LogOutputStream:75 - [STDERR_REDIRECT] [Fatal Error] :1:1: Premature end of file.
2025-01-29 23:17:06,476 [ERROR] LogOutputStream:75 - [STDERR_REDIRECT] 
2025-01-29 23:17:07,464 [ERROR] LogOutputStream:75 - [STDERR_REDIRECT] [Fatal Error] :1:1: Premature end of file.
2025-01-29 23:17:07,464 [ERROR] LogOutputStream:75 - [STDERR_REDIRECT] 
2025-01-29 23:17:08,467 [ERROR] LogOutputStream:75 - [STDERR_REDIRECT] [Fatal Error] :1:1: Premature end of file.
2025-01-29 23:17:08,467 [ERROR] LogOutputStream:75 - [STDERR_REDIRECT] 
2025-01-29 23:17:09,482 [ERROR] LogOutputStream:75 - [STDERR_REDIRECT] [Fatal Error] :1:1: Premature end of file.
2025-01-29 23:17:09,482 [ERROR] LogOutputStream:75 - [STDERR_REDIRECT] 
2025-01-29 23:17:10,471 [ERROR] LogOutputStream:75 - [STDERR_REDIRECT] [Fatal Error] :1:1: Premature end of file.
2025-01-29 23:17:10,471 [ERROR] LogOutputStream:75 - [STDERR_REDIRECT] 
2025-01-29 23:17:11,468 [ERROR] LogOutputStream:75 - [STDERR_REDIRECT] [Fatal Error] :1:1: Premature end of file.
2025-01-29 23:17:11,468 [ERROR] LogOutputStream:75 - [STDERR_REDIRECT] 
2025-01-29 23:17:12,467 [ERROR] LogOutputStream:75 - [STDERR_REDIRECT] [Fatal Error] :1:1: Premature end of file.
2025-01-29 23:17:12,467 [ERROR] LogOutputStream:75 - [STDERR_REDIRECT] 
2025-01-29 23:17:13,487 [ERROR] LogOutputStream:75 - [STDERR_REDIRECT] [Fatal Error] :1:1: Premature end of file.
2025-01-29 23:17:13,487 [ERROR] LogOutputStream:75 - [STDERR_REDIRECT] 
2025-01-29 23:17:14,480 [ERROR] LogOutputStream:75 - [STDERR_REDIRECT] [Fatal Error] :1:1: Premature end of file.
2025-01-29 23:17:14,480 [ERROR] LogOutputStream:75 - [STDERR_REDIRECT] 
2025-01-29 23:17:15,473 [ERROR] LogOutputStream:75 - [STDERR_REDIRECT] [Fatal Error] :1:1: Premature end of file.
2025-01-29 23:17:15,473 [ERROR] LogOutputStream:75 - [STDERR_REDIRECT] 
2025-01-29 23:17:16,463 [ERROR] LogOutputStream:75 - [STDERR_REDIRECT] [Fatal Error] :1:1: Premature end of file.
2025-01-29 23:17:16,463 [ERROR] LogOutputStream:75 - [STDERR_REDIRECT] 
2025-01-29 23:17:17,465 [ERROR] LogOutputStream:75 - [STDERR_REDIRECT] [Fatal Error] :1:1: Premature end of file.
2025-01-29 23:17:17,465 [ERROR] LogOutputStream:75 - [STDERR_REDIRECT] 
2025-01-29 23:17:18,468 [ERROR] LogOutputStream:75 - [STDERR_REDIRECT] [Fatal Error] :1:1: Premature end of file.
2025-01-29 23:17:18,468 [ERROR] LogOutputStream:75 - [STDERR_REDIRECT] 
2025-01-29 23:17:19,461 [ERROR] LogOutputStream:75 - [STDERR_REDIRECT] [Fatal Error] :1:1: Premature end of file.
2025-01-29 23:17:19,461 [ERROR] LogOutputStream:75 - [STDERR_REDIRECT] 
2025-01-29 23:17:20,458 [ERROR] LogOutputStream:75 - [STDERR_REDIRECT] [Fatal Error] :1:1: Premature end of file.
2025-01-29 23:17:20,458 [ERROR] LogOutputStream:75 - [STDERR_REDIRECT] 
2025-01-29 23:17:21,478 [ERROR] LogOutputStream:75 - [STDERR_REDIRECT] [Fatal Error] :1:1: Premature end of file.
2025-01-29 23:17:21,478 [ERROR] LogOutputStream:75 - [STDERR_REDIRECT] 
2025-01-29 23:17:22,466 [ERROR] LogOutputStream:75 - [STDERR_REDIRECT] [Fatal Error] :1:1: Premature end of file.
2025-01-29 23:17:22,466 [ERROR] LogOutputStream:75 - [STDERR_REDIRECT] 
2025-01-29 23:17:23,472 [ERROR] LogOutputStream:75 - [STDERR_REDIRECT] [Fatal Error] :1:1: Premature end of file.
2025-01-29 23:17:23,472 [ERROR] LogOutputStream:75 - [STDERR_REDIRECT] 
2025-01-29 23:17:24,465 [ERROR] LogOutputStream:75 - [STDERR_REDIRECT] [Fatal Error] :1:1: Premature end of file.
2025-01-29 23:17:24,465 [ERROR] LogOutputStream:75 - [STDERR_REDIRECT] 
2025-01-29 23:17:25,469 [ERROR] LogOutputStream:75 - [STDERR_REDIRECT] [Fatal Error] :1:1: Premature end of file.
2025-01-29 23:17:25,469 [ERROR] LogOutputStream:75 - [STDERR_REDIRECT] 
2025-01-29 23:17:26,472 [ERROR] LogOutputStream:75 - [STDERR_REDIRECT] [Fatal Error] :1:1: Premature end of file.
2025-01-29 23:17:26,472 [ERROR] LogOutputStream:75 - [STDERR_REDIRECT] 
2025-01-29 23:17:27,469 [ERROR] LogOutputStream:75 - [STDERR_REDIRECT] [Fatal Error] :1:1: Premature end of file.
2025-01-29 23:17:27,469 [ERROR] LogOutputStream:75 - [STDERR_REDIRECT] 
2025-01-29 23:17:28,462 [ERROR] LogOutputStream:75 - [STDERR_REDIRECT] [Fatal Error] :1:1: Premature end of file.
2025-01-29 23:17:28,462 [ERROR] LogOutputStream:75 - [STDERR_REDIRECT] 
2025-01-29 23:17:29,467 [ERROR] LogOutputStream:75 - [STDERR_REDIRECT] [Fatal Error] :1:1: Premature end of file.
2025-01-29 23:17:29,467 [ERROR] LogOutputStream:75 - [STDERR_REDIRECT] 
2025-01-29 23:17:30,466 [ERROR] LogOutputStream:75 - [STDERR_REDIRECT] [Fatal Error] :1:1: Premature end of file.
2025-01-29 23:17:30,466 [ERROR] LogOutputStream:75 - [STDERR_REDIRECT] 
2025-01-29 23:17:31,464 [ERROR] LogOutputStream:75 - [STDERR_REDIRECT] [Fatal Error] :1:1: Premature end of file.
2025-01-29 23:17:31,464 [ERROR] LogOutputStream:75 - [STDERR_REDIRECT] 
2025-01-29 23:17:32,468 [ERROR] LogOutputStream:75 - [STDERR_REDIRECT] [Fatal Error] :1:1: Premature end of file.
2025-01-29 23:17:32,468 [ERROR] LogOutputStream:75 - [STDERR_REDIRECT] 
2025-01-29 23:17:33,468 [ERROR] LogOutputStream:75 - [STDERR_REDIRECT] [Fatal Error] :1:1: Premature end of file.
2025-01-29 23:17:33,468 [ERROR] LogOutputStream:75 - [STDERR_REDIRECT] 
2025-01-29 23:17:34,471 [ERROR] LogOutputStream:75 - [STDERR_REDIRECT] [Fatal Error] :1:1: Premature end of file.
2025-01-29 23:17:34,471 [ERROR] LogOutputStream:75 - [STDERR_REDIRECT] 
2025-01-29 23:17:35,469 [ERROR] LogOutputStream:75 - [STDERR_REDIRECT] [Fatal Error] :1:1: Premature end of file.
2025-01-29 23:17:35,469 [ERROR] LogOutputStream:75 - [STDERR_REDIRECT] 
2025-01-29 23:17:36,469 [ERROR] LogOutputStream:75 - [STDERR_REDIRECT] [Fatal Error] :1:1: Premature end of file.
2025-01-29 23:17:36,469 [ERROR] LogOutputStream:75 - [STDERR_REDIRECT] 
2025-01-29 23:17:37,468 [ERROR] LogOutputStream:75 - [STDERR_REDIRECT] [Fatal Error] :1:1: Premature end of file.
2025-01-29 23:17:37,468 [ERROR] LogOutputStream:75 - [STDERR_REDIRECT] 
2025-01-29 23:17:38,466 [ERROR] LogOutputStream:75 - [STDERR_REDIRECT] [Fatal Error] :1:1: Premature end of file.
2025-01-29 23:17:38,466 [ERROR] LogOutputStream:75 - [STDERR_REDIRECT] 
2025-01-29 23:17:39,473 [ERROR] LogOutputStream:75 - [STDERR_REDIRECT] [Fatal Error] :1:1: Premature end of file.
2025-01-29 23:17:39,473 [ERROR] LogOutputStream:75 - [STDERR_REDIRECT] 
2025-01-29 23:17:40,468 [ERROR] LogOutputStream:75 - [STDERR_REDIRECT] [Fatal Error] :1:1: Premature end of file.
2025-01-29 23:17:40,468 [ERROR] LogOutputStream:75 - [STDERR_REDIRECT] 
2025-01-29 23:17:41,456 [ERROR] LogOutputStream:75 - [STDERR_REDIRECT] [Fatal Error] :1:1: Premature end of file.
2025-01-29 23:17:41,456 [ERROR] LogOutputStream:75 - [STDERR_REDIRECT] 
2025-01-29 23:17:42,484 [ERROR] LogOutputStream:75 - [STDERR_REDIRECT] [Fatal Error] :1:1: Premature end of file.
2025-01-29 23:17:42,484 [ERROR] LogOutputStream:75 - [STDERR_REDIRECT] 
2025-01-29 23:17:43,451 [ERROR] LogOutputStream:75 - [STDERR_REDIRECT] [Fatal Error] :1:1: Premature end of file.
2025-01-29 23:17:43,451 [ERROR] LogOutputStream:75 - [STDERR_REDIRECT] 
2025-01-29 23:17:44,466 [ERROR] LogOutputStream:75 - [STDERR_REDIRECT] [Fatal Error] :1:1: Premature end of file.
2025-01-29 23:17:44,466 [ERROR] LogOutputStream:75 - [STDERR_REDIRECT] 
2025-01-29 23:17:45,459 [ERROR] LogOutputStream:75 - [STDERR_REDIRECT] [Fatal Error] :1:1: Premature end of file.
2025-01-29 23:17:45,459 [ERROR] LogOutputStream:75 - [STDERR_REDIRECT] 
2025-01-29 23:17:46,451 [ERROR] LogOutputStream:75 - [STDERR_REDIRECT] [Fatal Error] :1:1: Premature end of file.
2025-01-29 23:17:46,451 [ERROR] LogOutputStream:75 - [STDERR_REDIRECT] 
2025-01-29 23:17:47,461 [ERROR] LogOutputStream:75 - [STDERR_REDIRECT] [Fatal Error] :1:1: Premature end of file.
2025-01-29 23:17:47,462 [ERROR] LogOutputStream:75 - [STDERR_REDIRECT] 
2025-01-29 23:17:48,461 [ERROR] LogOutputStream:75 - [STDERR_REDIRECT] [Fatal Error] :1:1: Premature end of file.
2025-01-29 23:17:48,461 [ERROR] LogOutputStream:75 - [STDERR_REDIRECT] 
2025-01-29 23:17:49,461 [ERROR] LogOutputStream:75 - [STDERR_REDIRECT] [Fatal Error] :1:1: Premature end of file.
2025-01-29 23:17:49,461 [ERROR] LogOutputStream:75 - [STDERR_REDIRECT] 
2025-01-29 23:17:50,471 [ERROR] LogOutputStream:75 - [STDERR_REDIRECT] [Fatal Error] :1:1: Premature end of file.
2025-01-29 23:17:50,471 [ERROR] LogOutputStream:75 - [STDERR_REDIRECT] 
2025-01-29 23:17:51,469 [ERROR] LogOutputStream:75 - [STDERR_REDIRECT] [Fatal Error] :1:1: Premature end of file.
2025-01-29 23:17:51,471 [ERROR] LogOutputStream:75 - [STDERR_REDIRECT] 
2025-01-29 23:17:52,474 [ERROR] LogOutputStream:75 - [STDERR_REDIRECT] [Fatal Error] :1:1: Premature end of file.
2025-01-29 23:17:52,474 [ERROR] LogOutputStream:75 - [STDERR_REDIRECT] 
2025-01-29 23:17:53,471 [ERROR] LogOutputStream:75 - [STDERR_REDIRECT] [Fatal Error] :1:1: Premature end of file.
2025-01-29 23:17:53,471 [ERROR] LogOutputStream:75 - [STDERR_REDIRECT] 
2025-01-29 23:17:54,475 [ERROR] LogOutputStream:75 - [STDERR_REDIRECT] [Fatal Error] :1:1: Premature end of file.
2025-01-29 23:17:54,475 [ERROR] LogOutputStream:75 - [STDERR_REDIRECT] 
2025-01-29 23:17:55,469 [ERROR] LogOutputStream:75 - [STDERR_REDIRECT] [Fatal Error] :1:1: Premature end of file.
2025-01-29 23:17:55,469 [ERROR] LogOutputStream:75 - [STDERR_REDIRECT] 
2025-01-29 23:17:56,469 [ERROR] LogOutputStream:75 - [STDERR_REDIRECT] [Fatal Error] :1:1: Premature end of file.
2025-01-29 23:17:56,469 [ERROR] LogOutputStream:75 - [STDERR_REDIRECT] 
2025-01-29 23:17:57,471 [ERROR] LogOutputStream:75 - [STDERR_REDIRECT] [Fatal Error] :1:1: Premature end of file.
2025-01-29 23:17:57,471 [ERROR] LogOutputStream:75 - [STDERR_REDIRECT] 
2025-01-29 23:17:58,474 [ERROR] LogOutputStream:75 - [STDERR_REDIRECT] [Fatal Error] :1:1: Premature end of file.
2025-01-29 23:17:58,474 [ERROR] LogOutputStream:75 - [STDERR_REDIRECT] 
2025-01-29 23:17:59,466 [ERROR] LogOutputStream:75 - [STDERR_REDIRECT] [Fatal Error] :1:1: Premature end of file.
2025-01-29 23:17:59,466 [ERROR] LogOutputStream:75 - [STDERR_REDIRECT] 
2025-01-29 23:18:00,467 [ERROR] LogOutputStream:75 - [STDERR_REDIRECT] [Fatal Error] :1:1: Premature end of file.
2025-01-29 23:18:00,467 [ERROR] LogOutputStream:75 - [STDERR_REDIRECT] 
2025-01-29 23:18:01,474 [ERROR] LogOutputStream:75 - [STDERR_REDIRECT] [Fatal Error] :1:1: Premature end of file.
2025-01-29 23:18:01,474 [ERROR] LogOutputStream:75 - [STDERR_REDIRECT] 
2025-01-29 23:18:02,462 [ERROR] LogOutputStream:75 - [STDERR_REDIRECT] [Fatal Error] :1:1: Premature end of file.
2025-01-29 23:18:02,463 [ERROR] LogOutputStream:75 - [STDERR_REDIRECT] 
2025-01-29 23:18:03,472 [ERROR] LogOutputStream:75 - [STDERR_REDIRECT] [Fatal Error] :1:1: Premature end of file.
2025-01-29 23:18:03,472 [ERROR] LogOutputStream:75 - [STDERR_REDIRECT] 
2025-01-29 23:18:04,468 [ERROR] LogOutputStream:75 - [STDERR_REDIRECT] [Fatal Error] :1:1: Premature end of file.
2025-01-29 23:18:04,468 [ERROR] LogOutputStream:75 - [STDERR_REDIRECT] 
2025-01-29 23:18:05,450 [ERROR] LogOutputStream:75 - [STDERR_REDIRECT] [Fatal Error] :1:1: Premature end of file.
2025-01-29 23:18:05,450 [ERROR] LogOutputStream:75 - [STDERR_REDIRECT] 
2025-01-29 23:18:06,467 [ERROR] LogOutputStream:75 - [STDERR_REDIRECT] [Fatal Error] :1:1: Premature end of file.
2025-01-29 23:18:06,467 [ERROR] LogOutputStream:75 - [STDERR_REDIRECT] 
2025-01-29 23:18:07,478 [ERROR] LogOutputStream:75 - [STDERR_REDIRECT] [Fatal Error] :1:1: Premature end of file.
2025-01-29 23:18:07,478 [ERROR] LogOutputStream:75 - [STDERR_REDIRECT] 
2025-01-29 23:18:08,468 [ERROR] LogOutputStream:75 - [STDERR_REDIRECT] [Fatal Error] :1:1: Premature end of file.
2025-01-29 23:18:08,468 [ERROR] LogOutputStream:75 - [STDERR_REDIRECT] 
2025-01-29 23:18:09,472 [ERROR] LogOutputStream:75 - [STDERR_REDIRECT] [Fatal Error] :1:1: Premature end of file.
2025-01-29 23:18:09,472 [ERROR] LogOutputStream:75 - [STDERR_REDIRECT] 
2025-01-29 23:18:10,469 [ERROR] LogOutputStream:75 - [STDERR_REDIRECT] [Fatal Error] :1:1: Premature end of file.
2025-01-29 23:18:10,469 [ERROR] LogOutputStream:75 - [STDERR_REDIRECT] 
2025-01-29 23:18:11,467 [ERROR] LogOutputStream:75 - [STDERR_REDIRECT] [Fatal Error] :1:1: Premature end of file.
2025-01-29 23:18:11,467 [ERROR] LogOutputStream:75 - [STDERR_REDIRECT] 
2025-01-29 23:18:12,470 [ERROR] LogOutputStream:75 - [STDERR_REDIRECT] [Fatal Error] :1:1: Premature end of file.
2025-01-29 23:18:12,470 [ERROR] LogOutputStream:75 - [STDERR_REDIRECT] 
2025-01-29 23:18:13,466 [ERROR] LogOutputStream:75 - [STDERR_REDIRECT] [Fatal Error] :1:1: Premature end of file.
2025-01-29 23:18:13,466 [ERROR] LogOutputStream:75 - [STDERR_REDIRECT] 
2025-01-29 23:18:14,475 [ERROR] LogOutputStream:75 - [STDERR_REDIRECT] [Fatal Error] :1:1: Premature end of file.
2025-01-29 23:18:14,475 [ERROR] LogOutputStream:75 - [STDERR_REDIRECT] 
2025-01-29 23:18:15,464 [ERROR] LogOutputStream:75 - [STDERR_REDIRECT] [Fatal Error] :1:1: Premature end of file.
2025-01-29 23:18:15,464 [ERROR] LogOutputStream:75 - [STDERR_REDIRECT] 
2025-01-29 23:18:16,461 [ERROR] LogOutputStream:75 - [STDERR_REDIRECT] [Fatal Error] :1:1: Premature end of file.
2025-01-29 23:18:16,461 [ERROR] LogOutputStream:75 - [STDERR_REDIRECT] 
2025-01-29 23:18:17,460 [ERROR] LogOutputStream:75 - [STDERR_REDIRECT] [Fatal Error] :1:1: Premature end of file.
2025-01-29 23:18:17,460 [ERROR] LogOutputStream:75 - [STDERR_REDIRECT] 
2025-01-29 23:18:18,467 [ERROR] LogOutputStream:75 - [STDERR_REDIRECT] [Fatal Error] :1:1: Premature end of file.
2025-01-29 23:18:18,467 [ERROR] LogOutputStream:75 - [STDERR_REDIRECT] 
2025-01-29 23:18:19,467 [ERROR] LogOutputStream:75 - [STDERR_REDIRECT] [Fatal Error] :1:1: Premature end of file.
2025-01-29 23:18:19,467 [ERROR] LogOutputStream:75 - [STDERR_REDIRECT] 
2025-01-29 23:18:20,474 [ERROR] LogOutputStream:75 - [STDERR_REDIRECT] [Fatal Error] :1:1: Premature end of file.
2025-01-29 23:18:20,474 [ERROR] LogOutputStream:75 - [STDERR_REDIRECT] 
2025-01-29 23:18:21,463 [ERROR] LogOutputStream:75 - [STDERR_REDIRECT] [Fatal Error] :1:1: Premature end of file.
2025-01-29 23:18:21,463 [ERROR] LogOutputStream:75 - [STDERR_REDIRECT] 
2025-01-29 23:18:22,466 [ERROR] LogOutputStream:75 - [STDERR_REDIRECT] [Fatal Error] :1:1: Premature end of file.
2025-01-29 23:18:22,466 [ERROR] LogOutputStream:75 - [STDERR_REDIRECT] 
2025-01-29 23:18:23,470 [ERROR] LogOutputStream:75 - [STDERR_REDIRECT] [Fatal Error] :1:1: Premature end of file.
2025-01-29 23:18:23,470 [ERROR] LogOutputStream:75 - [STDERR_REDIRECT] 
2025-01-29 23:18:24,471 [ERROR] LogOutputStream:75 - [STDERR_REDIRECT] [Fatal Error] :1:1: Premature end of file.
2025-01-29 23:18:24,471 [ERROR] LogOutputStream:75 - [STDERR_REDIRECT] 
2025-01-29 23:18:25,467 [ERROR] LogOutputStream:75 - [STDERR_REDIRECT] [Fatal Error] :1:1: Premature end of file.
2025-01-29 23:18:25,467 [ERROR] LogOutputStream:75 - [STDERR_REDIRECT] 
2025-01-29 23:18:26,476 [ERROR] LogOutputStream:75 - [STDERR_REDIRECT] [Fatal Error] :1:1: Premature end of file.
2025-01-29 23:18:26,476 [ERROR] LogOutputStream:75 - [STDERR_REDIRECT] 
2025-01-29 23:18:27,479 [ERROR] LogOutputStream:75 - [STDERR_REDIRECT] [Fatal Error] :1:1: Premature end of file.
2025-01-29 23:18:27,479 [ERROR] LogOutputStream:75 - [STDERR_REDIRECT] 
2025-01-29 23:18:28,470 [ERROR] LogOutputStream:75 - [STDERR_REDIRECT] [Fatal Error] :1:1: Premature end of file.
2025-01-29 23:18:28,472 [ERROR] LogOutputStream:75 - [STDERR_REDIRECT] 
2025-01-29 23:18:29,471 [ERROR] LogOutputStream:75 - [STDERR_REDIRECT] [Fatal Error] :1:1: Premature end of file.
2025-01-29 23:18:29,473 [ERROR] LogOutputStream:75 - [STDERR_REDIRECT] 
2025-01-29 23:18:30,477 [ERROR] LogOutputStream:75 - [STDERR_REDIRECT] [Fatal Error] :1:1: Premature end of file.
2025-01-29 23:18:30,477 [ERROR] LogOutputStream:75 - [STDERR_REDIRECT] 
2025-01-29 23:18:31,462 [ERROR] LogOutputStream:75 - [STDERR_REDIRECT] [Fatal Error] :1:1: Premature end of file.
2025-01-29 23:18:31,462 [ERROR] LogOutputStream:75 - [STDERR_REDIRECT] 
2025-01-29 23:18:32,477 [ERROR] LogOutputStream:75 - [STDERR_REDIRECT] [Fatal Error] :1:1: Premature end of file.
2025-01-29 23:18:32,477 [ERROR] LogOutputStream:75 - [STDERR_REDIRECT] 
2025-01-29 23:18:33,473 [ERROR] LogOutputStream:75 - [STDERR_REDIRECT] [Fatal Error] :1:1: Premature end of file.
2025-01-29 23:18:33,473 [ERROR] LogOutputStream:75 - [STDERR_REDIRECT] 
2025-01-29 23:18:34,469 [ERROR] LogOutputStream:75 - [STDERR_REDIRECT] [Fatal Error] :1:1: Premature end of file.
2025-01-29 23:18:34,469 [ERROR] LogOutputStream:75 - [STDERR_REDIRECT] 
2025-01-29 23:18:35,470 [ERROR] LogOutputStream:75 - [STDERR_REDIRECT] [Fatal Error] :1:1: Premature end of file.
2025-01-29 23:18:35,470 [ERROR] LogOutputStream:75 - [STDERR_REDIRECT] 
2025-01-29 23:18:36,478 [ERROR] LogOutputStream:75 - [STDERR_REDIRECT] [Fatal Error] :1:1: Premature end of file.
2025-01-29 23:18:36,478 [ERROR] LogOutputStream:75 - [STDERR_REDIRECT] 
2025-01-29 23:18:37,462 [ERROR] LogOutputStream:75 - [STDERR_REDIRECT] [Fatal Error] :1:1: Premature end of file.
2025-01-29 23:18:37,462 [ERROR] LogOutputStream:75 - [STDERR_REDIRECT] 
2025-01-29 23:18:38,467 [ERROR] LogOutputStream:75 - [STDERR_REDIRECT] [Fatal Error] :1:1: Premature end of file.
2025-01-29 23:18:38,467 [ERROR] LogOutputStream:75 - [STDERR_REDIRECT] 
2025-01-29 23:18:39,469 [ERROR] LogOutputStream:75 - [STDERR_REDIRECT] [Fatal Error] :1:1: Premature end of file.
2025-01-29 23:18:39,469 [ERROR] LogOutputStream:75 - [STDERR_REDIRECT] 
2025-01-29 23:18:40,478 [ERROR] LogOutputStream:75 - [STDERR_REDIRECT] [Fatal Error] :1:1: Premature end of file.
2025-01-29 23:18:40,478 [ERROR] LogOutputStream:75 - [STDERR_REDIRECT] 
2025-01-29 23:18:41,467 [ERROR] LogOutputStream:75 - [STDERR_REDIRECT] [Fatal Error] :1:1: Premature end of file.
2025-01-29 23:18:41,467 [ERROR] LogOutputStream:75 - [STDERR_REDIRECT] 
2025-01-29 23:18:42,476 [ERROR] LogOutputStream:75 - [STDERR_REDIRECT] [Fatal Error] :1:1: Premature end of file.
2025-01-29 23:18:42,476 [ERROR] LogOutputStream:75 - [STDERR_REDIRECT] 
2025-01-29 23:18:43,461 [ERROR] LogOutputStream:75 - [STDERR_REDIRECT] [Fatal Error] :1:1: Premature end of file.
2025-01-29 23:18:43,461 [ERROR] LogOutputStream:75 - [STDERR_REDIRECT] 
2025-01-29 23:18:44,470 [ERROR] LogOutputStream:75 - [STDERR_REDIRECT] [Fatal Error] :1:1: Premature end of file.
2025-01-29 23:18:44,470 [ERROR] LogOutputStream:75 - [STDERR_REDIRECT] 
2025-01-29 23:18:45,457 [ERROR] LogOutputStream:75 - [STDERR_REDIRECT] [Fatal Error] :1:1: Premature end of file.
2025-01-29 23:18:45,457 [ERROR] LogOutputStream:75 - [STDERR_REDIRECT] 
2025-01-29 23:18:46,465 [ERROR] LogOutputStream:75 - [STDERR_REDIRECT] [Fatal Error] :1:1: Premature end of file.
2025-01-29 23:18:46,465 [ERROR] LogOutputStream:75 - [STDERR_REDIRECT] 
2025-01-29 23:18:47,463 [ERROR] LogOutputStream:75 - [STDERR_REDIRECT] [Fatal Error] :1:1: Premature end of file.
2025-01-29 23:18:47,463 [ERROR] LogOutputStream:75 - [STDERR_REDIRECT] 
2025-01-29 23:18:48,467 [ERROR] LogOutputStream:75 - [STDERR_REDIRECT] [Fatal Error] :1:1: Premature end of file.
2025-01-29 23:18:48,467 [ERROR] LogOutputStream:75 - [STDERR_REDIRECT] 
2025-01-29 23:18:49,482 [ERROR] LogOutputStream:75 - [STDERR_REDIRECT] [Fatal Error] :1:1: Premature end of file.
2025-01-29 23:18:49,482 [ERROR] LogOutputStream:75 - [STDERR_REDIRECT] 
2025-01-29 23:18:50,474 [ERROR] LogOutputStream:75 - [STDERR_REDIRECT] [Fatal Error] :1:1: Premature end of file.
2025-01-29 23:18:50,474 [ERROR] LogOutputStream:75 - [STDERR_REDIRECT] 
2025-01-29 23:18:51,459 [ERROR] LogOutputStream:75 - [STDERR_REDIRECT] [Fatal Error] :1:1: Premature end of file.
2025-01-29 23:18:51,460 [ERROR] LogOutputStream:75 - [STDERR_REDIRECT] 
2025-01-29 23:18:52,482 [ERROR] LogOutputStream:75 - [STDERR_REDIRECT] [Fatal Error] :1:1: Premature end of file.
2025-01-29 23:18:52,482 [ERROR] LogOutputStream:75 - [STDERR_REDIRECT] 
2025-01-29 23:18:53,471 [ERROR] LogOutputStream:75 - [STDERR_REDIRECT] [Fatal Error] :1:1: Premature end of file.
2025-01-29 23:18:53,471 [ERROR] LogOutputStream:75 - [STDERR_REDIRECT] 
2025-01-29 23:18:54,460 [ERROR] LogOutputStream:75 - [STDERR_REDIRECT] [Fatal Error] :1:1: Premature end of file.
2025-01-29 23:18:54,461 [ERROR] LogOutputStream:75 - [STDERR_REDIRECT] 
2025-01-29 23:18:55,472 [ERROR] LogOutputStream:75 - [STDERR_REDIRECT] [Fatal Error] :1:1: Premature end of file.
2025-01-29 23:18:55,472 [ERROR] LogOutputStream:75 - [STDERR_REDIRECT] 
2025-01-29 23:18:56,474 [ERROR] LogOutputStream:75 - [STDERR_REDIRECT] [Fatal Error] :1:1: Premature end of file.
2025-01-29 23:18:56,474 [ERROR] LogOutputStream:75 - [STDERR_REDIRECT] 
2025-01-29 23:18:57,469 [ERROR] LogOutputStream:75 - [STDERR_REDIRECT] [Fatal Error] :1:1: Premature end of file.
2025-01-29 23:18:57,469 [ERROR] LogOutputStream:75 - [STDERR_REDIRECT] 
2025-01-29 23:18:58,478 [ERROR] LogOutputStream:75 - [STDERR_REDIRECT] [Fatal Error] :1:1: Premature end of file.
2025-01-29 23:18:58,478 [ERROR] LogOutputStream:75 - [STDERR_REDIRECT] 
2025-01-29 23:18:59,473 [ERROR] LogOutputStream:75 - [STDERR_REDIRECT] [Fatal Error] :1:1: Premature end of file.
2025-01-29 23:18:59,474 [ERROR] LogOutputStream:75 - [STDERR_REDIRECT] 
2025-01-29 23:19:00,469 [ERROR] LogOutputStream:75 - [STDERR_REDIRECT] [Fatal Error] :1:1: Premature end of file.
2025-01-29 23:19:00,469 [ERROR] LogOutputStream:75 - [STDERR_REDIRECT] 
2025-01-29 23:19:01,466 [ERROR] LogOutputStream:75 - [STDERR_REDIRECT] [Fatal Error] :1:1: Premature end of file.
2025-01-29 23:19:01,466 [ERROR] LogOutputStream:75 - [STDERR_REDIRECT] 
2025-01-29 23:19:02,482 [ERROR] LogOutputStream:75 - [STDERR_REDIRECT] [Fatal Error] :1:1: Premature end of file.
2025-01-29 23:19:02,482 [ERROR] LogOutputStream:75 - [STDERR_REDIRECT] 
2025-01-29 23:19:03,467 [ERROR] LogOutputStream:75 - [STDERR_REDIRECT] [Fatal Error] :1:1: Premature end of file.
2025-01-29 23:19:03,467 [ERROR] LogOutputStream:75 - [STDERR_REDIRECT] 
2025-01-29 23:19:04,469 [ERROR] LogOutputStream:75 - [STDERR_REDIRECT] [Fatal Error] :1:1: Premature end of file.
2025-01-29 23:19:04,469 [ERROR] LogOutputStream:75 - [STDERR_REDIRECT] 
2025-01-29 23:19:05,466 [ERROR] LogOutputStream:75 - [STDERR_REDIRECT] [Fatal Error] :1:1: Premature end of file.
2025-01-29 23:19:05,466 [ERROR] LogOutputStream:75 - [STDERR_REDIRECT] 
2025-01-29 23:19:06,470 [ERROR] LogOutputStream:75 - [STDERR_REDIRECT] [Fatal Error] :1:1: Premature end of file.
2025-01-29 23:19:06,470 [ERROR] LogOutputStream:75 - [STDERR_REDIRECT] 
2025-01-29 23:19:07,470 [ERROR] LogOutputStream:75 - [STDERR_REDIRECT] [Fatal Error] :1:1: Premature end of file.
2025-01-29 23:19:07,470 [ERROR] LogOutputStream:75 - [STDERR_REDIRECT] 
2025-01-29 23:19:08,474 [ERROR] LogOutputStream:75 - [STDERR_REDIRECT] [Fatal Error] :1:1: Premature end of file.
2025-01-29 23:19:08,474 [ERROR] LogOutputStream:75 - [STDERR_REDIRECT] 
2025-01-29 23:19:09,475 [ERROR] LogOutputStream:75 - [STDERR_REDIRECT] [Fatal Error] :1:1: Premature end of file.
2025-01-29 23:19:09,475 [ERROR] LogOutputStream:75 - [STDERR_REDIRECT] 
2025-01-29 23:19:10,479 [ERROR] LogOutputStream:75 - [STDERR_REDIRECT] [Fatal Error] :1:1: Premature end of file.
2025-01-29 23:19:10,479 [ERROR] LogOutputStream:75 - [STDERR_REDIRECT] 
2025-01-29 23:19:11,467 [ERROR] LogOutputStream:75 - [STDERR_REDIRECT] [Fatal Error] :1:1: Premature end of file.
2025-01-29 23:19:11,467 [ERROR] LogOutputStream:75 - [STDERR_REDIRECT] 
2025-01-29 23:19:12,473 [ERROR] LogOutputStream:75 - [STDERR_REDIRECT] [Fatal Error] :1:1: Premature end of file.
2025-01-29 23:19:12,475 [ERROR] LogOutputStream:75 - [STDERR_REDIRECT] 
2025-01-29 23:19:13,461 [ERROR] LogOutputStream:75 - [STDERR_REDIRECT] [Fatal Error] :1:1: Premature end of file.
2025-01-29 23:19:13,461 [ERROR] LogOutputStream:75 - [STDERR_REDIRECT] 
2025-01-29 23:19:14,466 [ERROR] LogOutputStream:75 - [STDERR_REDIRECT] [Fatal Error] :1:1: Premature end of file.
2025-01-29 23:19:14,466 [ERROR] LogOutputStream:75 - [STDERR_REDIRECT] 
2025-01-29 23:19:15,470 [ERROR] LogOutputStream:75 - [STDERR_REDIRECT] [Fatal Error] :1:1: Premature end of file.
2025-01-29 23:19:15,470 [ERROR] LogOutputStream:75 - [STDERR_REDIRECT] 
2025-01-29 23:19:16,485 [ERROR] LogOutputStream:75 - [STDERR_REDIRECT] [Fatal Error] :1:1: Premature end of file.
2025-01-29 23:19:16,485 [ERROR] LogOutputStream:75 - [STDERR_REDIRECT] 
2025-01-29 23:19:17,466 [ERROR] LogOutputStream:75 - [STDERR_REDIRECT] [Fatal Error] :1:1: Premature end of file.
2025-01-29 23:19:17,466 [ERROR] LogOutputStream:75 - [STDERR_REDIRECT] 
2025-01-29 23:19:18,477 [ERROR] LogOutputStream:75 - [STDERR_REDIRECT] [Fatal Error] :1:1: Premature end of file.
2025-01-29 23:19:18,477 [ERROR] LogOutputStream:75 - [STDERR_REDIRECT] 
2025-01-29 23:19:19,476 [ERROR] LogOutputStream:75 - [STDERR_REDIRECT] [Fatal Error] :1:1: Premature end of file.
2025-01-29 23:19:19,476 [ERROR] LogOutputStream:75 - [STDERR_REDIRECT] 
2025-01-29 23:19:20,473 [ERROR] LogOutputStream:75 - [STDERR_REDIRECT] [Fatal Error] :1:1: Premature end of file.
2025-01-29 23:19:20,473 [ERROR] LogOutputStream:75 - [STDERR_REDIRECT] 
2025-01-29 23:19:21,468 [ERROR] LogOutputStream:75 - [STDERR_REDIRECT] [Fatal Error] :1:1: Premature end of file.
2025-01-29 23:19:21,468 [ERROR] LogOutputStream:75 - [STDERR_REDIRECT] 
2025-01-29 23:19:22,466 [ERROR] LogOutputStream:75 - [STDERR_REDIRECT] [Fatal Error] :1:1: Premature end of file.
2025-01-29 23:19:22,466 [ERROR] LogOutputStream:75 - [STDERR_REDIRECT] 
2025-01-29 23:19:23,461 [ERROR] LogOutputStream:75 - [STDERR_REDIRECT] [Fatal Error] :1:1: Premature end of file.
2025-01-29 23:19:23,461 [ERROR] LogOutputStream:75 - [STDERR_REDIRECT] 
2025-01-29 23:19:24,474 [ERROR] LogOutputStream:75 - [STDERR_REDIRECT] [Fatal Error] :1:1: Premature end of file.
2025-01-29 23:19:24,474 [ERROR] LogOutputStream:75 - [STDERR_REDIRECT] 
2025-01-29 23:19:25,475 [ERROR] LogOutputStream:75 - [STDERR_REDIRECT] [Fatal Error] :1:1: Premature end of file.
2025-01-29 23:19:25,475 [ERROR] LogOutputStream:75 - [STDERR_REDIRECT] 
2025-01-29 23:19:26,462 [ERROR] LogOutputStream:75 - [STDERR_REDIRECT] [Fatal Error] :1:1: Premature end of file.
2025-01-29 23:19:26,462 [ERROR] LogOutputStream:75 - [STDERR_REDIRECT] 
2025-01-29 23:19:27,470 [ERROR] LogOutputStream:75 - [STDERR_REDIRECT] [Fatal Error] :1:1: Premature end of file.
2025-01-29 23:19:27,470 [ERROR] LogOutputStream:75 - [STDERR_REDIRECT] 
2025-01-29 23:19:28,461 [ERROR] LogOutputStream:75 - [STDERR_REDIRECT] [Fatal Error] :1:1: Premature end of file.
2025-01-29 23:19:28,463 [ERROR] LogOutputStream:75 - [STDERR_REDIRECT] 
2025-01-29 23:19:29,466 [ERROR] LogOutputStream:75 - [STDERR_REDIRECT] [Fatal Error] :1:1: Premature end of file.
2025-01-29 23:19:29,466 [ERROR] LogOutputStream:75 - [STDERR_REDIRECT] 
2025-01-29 23:19:30,468 [ERROR] LogOutputStream:75 - [STDERR_REDIRECT] [Fatal Error] :1:1: Premature end of file.
2025-01-29 23:19:30,468 [ERROR] LogOutputStream:75 - [STDERR_REDIRECT] 
2025-01-29 23:19:31,476 [ERROR] LogOutputStream:75 - [STDERR_REDIRECT] [Fatal Error] :1:1: Premature end of file.
2025-01-29 23:19:31,476 [ERROR] LogOutputStream:75 - [STDERR_REDIRECT] 
2025-01-29 23:19:32,464 [ERROR] LogOutputStream:75 - [STDERR_REDIRECT] [Fatal Error] :1:1: Premature end of file.
2025-01-29 23:19:32,464 [ERROR] LogOutputStream:75 - [STDERR_REDIRECT] 
2025-01-29 23:19:33,475 [ERROR] LogOutputStream:75 - [STDERR_REDIRECT] [Fatal Error] :1:1: Premature end of file.
2025-01-29 23:19:33,475 [ERROR] LogOutputStream:75 - [STDERR_REDIRECT] 
2025-01-29 23:19:34,449 [ERROR] LogOutputStream:75 - [STDERR_REDIRECT] [Fatal Error] :1:1: Premature end of file.
2025-01-29 23:19:34,449 [ERROR] LogOutputStream:75 - [STDERR_REDIRECT] 
2025-01-29 23:19:35,477 [ERROR] LogOutputStream:75 - [STDERR_REDIRECT] [Fatal Error] :1:1: Premature end of file.
2025-01-29 23:19:35,477 [ERROR] LogOutputStream:75 - [STDERR_REDIRECT] 
2025-01-29 23:19:36,469 [ERROR] LogOutputStream:75 - [STDERR_REDIRECT] [Fatal Error] :1:1: Premature end of file.
2025-01-29 23:19:36,469 [ERROR] LogOutputStream:75 - [STDERR_REDIRECT] 
2025-01-29 23:19:37,470 [ERROR] LogOutputStream:75 - [STDERR_REDIRECT] [Fatal Error] :1:1: Premature end of file.
2025-01-29 23:19:37,470 [ERROR] LogOutputStream:75 - [STDERR_REDIRECT] 
2025-01-29 23:19:38,460 [ERROR] LogOutputStream:75 - [STDERR_REDIRECT] [Fatal Error] :1:1: Premature end of file.
2025-01-29 23:19:38,460 [ERROR] LogOutputStream:75 - [STDERR_REDIRECT] 
2025-01-29 23:19:39,465 [ERROR] LogOutputStream:75 - [STDERR_REDIRECT] [Fatal Error] :1:1: Premature end of file.
2025-01-29 23:19:39,465 [ERROR] LogOutputStream:75 - [STDERR_REDIRECT] 
2025-01-29 23:19:40,456 [ERROR] LogOutputStream:75 - [STDERR_REDIRECT] [Fatal Error] :1:1: Premature end of file.
2025-01-29 23:19:40,456 [ERROR] LogOutputStream:75 - [STDERR_REDIRECT] 
2025-01-29 23:19:41,461 [ERROR] LogOutputStream:75 - [STDERR_REDIRECT] [Fatal Error] :1:1: Premature end of file.
2025-01-29 23:19:41,461 [ERROR] LogOutputStream:75 - [STDERR_REDIRECT] 
2025-01-29 23:19:42,473 [ERROR] LogOutputStream:75 - [STDERR_REDIRECT] [Fatal Error] :1:1: Premature end of file.
2025-01-29 23:19:42,473 [ERROR] LogOutputStream:75 - [STDERR_REDIRECT] 
2025-01-29 23:19:43,479 [ERROR] LogOutputStream:75 - [STDERR_REDIRECT] [Fatal Error] :1:1: Premature end of file.
2025-01-29 23:19:43,479 [ERROR] LogOutputStream:75 - [STDERR_REDIRECT] 
2025-01-29 23:19:44,485 [ERROR] LogOutputStream:75 - [STDERR_REDIRECT] [Fatal Error] :1:1: Premature end of file.
2025-01-29 23:19:44,485 [ERROR] LogOutputStream:75 - [STDERR_REDIRECT] 
2025-01-29 23:19:45,457 [ERROR] LogOutputStream:75 - [STDERR_REDIRECT] [Fatal Error] :1:1: Premature end of file.
2025-01-29 23:19:45,457 [ERROR] LogOutputStream:75 - [STDERR_REDIRECT] 
2025-01-29 23:19:46,466 [ERROR] LogOutputStream:75 - [STDERR_REDIRECT] [Fatal Error] :1:1: Premature end of file.
2025-01-29 23:19:46,466 [ERROR] LogOutputStream:75 - [STDERR_REDIRECT] 
2025-01-29 23:19:47,470 [ERROR] LogOutputStream:75 - [STDERR_REDIRECT] [Fatal Error] :1:1: Premature end of file.
2025-01-29 23:19:47,470 [ERROR] LogOutputStream:75 - [STDERR_REDIRECT] 
2025-01-29 23:19:48,468 [ERROR] LogOutputStream:75 - [STDERR_REDIRECT] [Fatal Error] :1:1: Premature end of file.
2025-01-29 23:19:48,468 [ERROR] LogOutputStream:75 - [STDERR_REDIRECT] 
2025-01-29 23:19:49,466 [ERROR] LogOutputStream:75 - [STDERR_REDIRECT] [Fatal Error] :1:1: Premature end of file.
2025-01-29 23:19:49,466 [ERROR] LogOutputStream:75 - [STDERR_REDIRECT] 
2025-01-29 23:19:50,464 [ERROR] LogOutputStream:75 - [STDERR_REDIRECT] [Fatal Error] :1:1: Premature end of file.
2025-01-29 23:19:50,464 [ERROR] LogOutputStream:75 - [STDERR_REDIRECT] 
2025-01-29 23:19:51,476 [ERROR] LogOutputStream:75 - [STDERR_REDIRECT] [Fatal Error] :1:1: Premature end of file.
2025-01-29 23:19:51,476 [ERROR] LogOutputStream:75 - [STDERR_REDIRECT] 
2025-01-29 23:19:52,459 [ERROR] LogOutputStream:75 - [STDERR_REDIRECT] [Fatal Error] :1:1: Premature end of file.
2025-01-29 23:19:52,459 [ERROR] LogOutputStream:75 - [STDERR_REDIRECT] 
2025-01-29 23:19:53,463 [ERROR] LogOutputStream:75 - [STDERR_REDIRECT] [Fatal Error] :1:1: Premature end of file.
2025-01-29 23:19:53,463 [ERROR] LogOutputStream:75 - [STDERR_REDIRECT] 
2025-01-29 23:19:54,461 [ERROR] LogOutputStream:75 - [STDERR_REDIRECT] [Fatal Error] :1:1: Premature end of file.
2025-01-29 23:19:54,461 [ERROR] LogOutputStream:75 - [STDERR_REDIRECT] 
2025-01-29 23:19:55,460 [ERROR] LogOutputStream:75 - [STDERR_REDIRECT] [Fatal Error] :1:1: Premature end of file.
2025-01-29 23:19:55,460 [ERROR] LogOutputStream:75 - [STDERR_REDIRECT] 
2025-01-29 23:19:56,465 [ERROR] LogOutputStream:75 - [STDERR_REDIRECT] [Fatal Error] :1:1: Premature end of file.
2025-01-29 23:19:56,465 [ERROR] LogOutputStream:75 - [STDERR_REDIRECT] 
2025-01-29 23:19:57,474 [ERROR] LogOutputStream:75 - [STDERR_REDIRECT] [Fatal Error] :1:1: Premature end of file.
2025-01-29 23:19:57,474 [ERROR] LogOutputStream:75 - [STDERR_REDIRECT] 
2025-01-29 23:19:58,463 [ERROR] LogOutputStream:75 - [STDERR_REDIRECT] [Fatal Error] :1:1: Premature end of file.
2025-01-29 23:19:58,463 [ERROR] LogOutputStream:75 - [STDERR_REDIRECT] 
2025-01-29 23:19:59,469 [ERROR] LogOutputStream:75 - [STDERR_REDIRECT] [Fatal Error] :1:1: Premature end of file.
2025-01-29 23:19:59,469 [ERROR] LogOutputStream:75 - [STDERR_REDIRECT] 
2025-01-29 23:20:00,477 [ERROR] LogOutputStream:75 - [STDERR_REDIRECT] [Fatal Error] :1:1: Premature end of file.
2025-01-29 23:20:00,479 [ERROR] LogOutputStream:75 - [STDERR_REDIRECT] 
2025-01-29 23:20:01,463 [ERROR] LogOutputStream:75 - [STDERR_REDIRECT] [Fatal Error] :1:1: Premature end of file.
2025-01-29 23:20:01,463 [ERROR] LogOutputStream:75 - [STDERR_REDIRECT] 
2025-01-29 23:20:02,472 [ERROR] LogOutputStream:75 - [STDERR_REDIRECT] [Fatal Error] :1:1: Premature end of file.
2025-01-29 23:20:02,473 [ERROR] LogOutputStream:75 - [STDERR_REDIRECT] 
2025-01-29 23:20:03,456 [ERROR] LogOutputStream:75 - [STDERR_REDIRECT] [Fatal Error] :1:1: Premature end of file.
2025-01-29 23:20:03,456 [ERROR] LogOutputStream:75 - [STDERR_REDIRECT] 
2025-01-29 23:20:04,466 [ERROR] LogOutputStream:75 - [STDERR_REDIRECT] [Fatal Error] :1:1: Premature end of file.
2025-01-29 23:20:04,466 [ERROR] LogOutputStream:75 - [STDERR_REDIRECT] 
2025-01-29 23:20:05,463 [ERROR] LogOutputStream:75 - [STDERR_REDIRECT] [Fatal Error] :1:1: Premature end of file.
2025-01-29 23:20:05,463 [ERROR] LogOutputStream:75 - [STDERR_REDIRECT] 
2025-01-29 23:20:06,469 [ERROR] LogOutputStream:75 - [STDERR_REDIRECT] [Fatal Error] :1:1: Premature end of file.
2025-01-29 23:20:06,469 [ERROR] LogOutputStream:75 - [STDERR_REDIRECT] 
2025-01-29 23:20:07,487 [ERROR] LogOutputStream:75 - [STDERR_REDIRECT] [Fatal Error] :1:1: Premature end of file.
2025-01-29 23:20:07,487 [ERROR] LogOutputStream:75 - [STDERR_REDIRECT] 
2025-01-29 23:20:08,468 [ERROR] LogOutputStream:75 - [STDERR_REDIRECT] [Fatal Error] :1:1: Premature end of file.
2025-01-29 23:20:08,468 [ERROR] LogOutputStream:75 - [STDERR_REDIRECT] 
2025-01-29 23:20:09,467 [ERROR] LogOutputStream:75 - [STDERR_REDIRECT] [Fatal Error] :1:1: Premature end of file.
2025-01-29 23:20:09,467 [ERROR] LogOutputStream:75 - [STDERR_REDIRECT] 
2025-01-29 23:20:10,475 [ERROR] LogOutputStream:75 - [STDERR_REDIRECT] [Fatal Error] :1:1: Premature end of file.
2025-01-29 23:20:10,475 [ERROR] LogOutputStream:75 - [STDERR_REDIRECT] 
2025-01-29 23:20:11,470 [ERROR] LogOutputStream:75 - [STDERR_REDIRECT] [Fatal Error] :1:1: Premature end of file.
2025-01-29 23:20:11,470 [ERROR] LogOutputStream:75 - [STDERR_REDIRECT] 
2025-01-29 23:20:12,458 [ERROR] LogOutputStream:75 - [STDERR_REDIRECT] [Fatal Error] :1:1: Premature end of file.
2025-01-29 23:20:12,460 [ERROR] LogOutputStream:75 - [STDERR_REDIRECT] 
2025-01-29 23:20:13,472 [ERROR] LogOutputStream:75 - [STDERR_REDIRECT] [Fatal Error] :1:1: Premature end of file.
2025-01-29 23:20:13,472 [ERROR] LogOutputStream:75 - [STDERR_REDIRECT] 
2025-01-29 23:20:14,466 [ERROR] LogOutputStream:75 - [STDERR_REDIRECT] [Fatal Error] :1:1: Premature end of file.
2025-01-29 23:20:14,466 [ERROR] LogOutputStream:75 - [STDERR_REDIRECT] 
2025-01-29 23:20:15,475 [ERROR] LogOutputStream:75 - [STDERR_REDIRECT] [Fatal Error] :1:1: Premature end of file.
2025-01-29 23:20:15,475 [ERROR] LogOutputStream:75 - [STDERR_REDIRECT] 
2025-01-29 23:20:16,456 [ERROR] LogOutputStream:75 - [STDERR_REDIRECT] [Fatal Error] :1:1: Premature end of file.
2025-01-29 23:20:16,456 [ERROR] LogOutputStream:75 - [STDERR_REDIRECT] 
2025-01-29 23:20:17,468 [ERROR] LogOutputStream:75 - [STDERR_REDIRECT] [Fatal Error] :1:1: Premature end of file.
2025-01-29 23:20:17,468 [ERROR] LogOutputStream:75 - [STDERR_REDIRECT] 
2025-01-29 23:20:18,467 [ERROR] LogOutputStream:75 - [STDERR_REDIRECT] [Fatal Error] :1:1: Premature end of file.
2025-01-29 23:20:18,467 [ERROR] LogOutputStream:75 - [STDERR_REDIRECT] 
2025-01-29 23:20:19,469 [ERROR] LogOutputStream:75 - [STDERR_REDIRECT] [Fatal Error] :1:1: Premature end of file.
2025-01-29 23:20:19,471 [ERROR] LogOutputStream:75 - [STDERR_REDIRECT] 
2025-01-29 23:20:20,469 [ERROR] LogOutputStream:75 - [STDERR_REDIRECT] [Fatal Error] :1:1: Premature end of file.
2025-01-29 23:20:20,469 [ERROR] LogOutputStream:75 - [STDERR_REDIRECT] 
2025-01-29 23:20:21,474 [ERROR] LogOutputStream:75 - [STDERR_REDIRECT] [Fatal Error] :1:1: Premature end of file.
2025-01-29 23:20:21,474 [ERROR] LogOutputStream:75 - [STDERR_REDIRECT] 
2025-01-29 23:20:22,469 [ERROR] LogOutputStream:75 - [STDERR_REDIRECT] [Fatal Error] :1:1: Premature end of file.
2025-01-29 23:20:22,471 [ERROR] LogOutputStream:75 - [STDERR_REDIRECT] 
2025-01-29 23:20:23,466 [ERROR] LogOutputStream:75 - [STDERR_REDIRECT] [Fatal Error] :1:1: Premature end of file.
2025-01-29 23:20:23,466 [ERROR] LogOutputStream:75 - [STDERR_REDIRECT] 
2025-01-29 23:20:24,473 [ERROR] LogOutputStream:75 - [STDERR_REDIRECT] [Fatal Error] :1:1: Premature end of file.
2025-01-29 23:20:24,473 [ERROR] LogOutputStream:75 - [STDERR_REDIRECT] 
2025-01-29 23:20:25,473 [ERROR] LogOutputStream:75 - [STDERR_REDIRECT] [Fatal Error] :1:1: Premature end of file.
2025-01-29 23:20:25,473 [ERROR] LogOutputStream:75 - [STDERR_REDIRECT] 
2025-01-29 23:20:26,473 [ERROR] LogOutputStream:75 - [STDERR_REDIRECT] [Fatal Error] :1:1: Premature end of file.
2025-01-29 23:20:26,473 [ERROR] LogOutputStream:75 - [STDERR_REDIRECT] 
2025-01-29 23:20:27,477 [ERROR] LogOutputStream:75 - [STDERR_REDIRECT] [Fatal Error] :1:1: Premature end of file.
2025-01-29 23:20:27,477 [ERROR] LogOutputStream:75 - [STDERR_REDIRECT] 
2025-01-29 23:20:28,462 [ERROR] LogOutputStream:75 - [STDERR_REDIRECT] [Fatal Error] :1:1: Premature end of file.
2025-01-29 23:20:28,462 [ERROR] LogOutputStream:75 - [STDERR_REDIRECT] 
2025-01-29 23:20:29,469 [ERROR] LogOutputStream:75 - [STDERR_REDIRECT] [Fatal Error] :1:1: Premature end of file.
2025-01-29 23:20:29,469 [ERROR] LogOutputStream:75 - [STDERR_REDIRECT] 
2025-01-29 23:20:30,477 [ERROR] LogOutputStream:75 - [STDERR_REDIRECT] [Fatal Error] :1:1: Premature end of file.
2025-01-29 23:20:30,477 [ERROR] LogOutputStream:75 - [STDERR_REDIRECT] 
2025-01-29 23:20:31,464 [ERROR] LogOutputStream:75 - [STDERR_REDIRECT] [Fatal Error] :1:1: Premature end of file.
2025-01-29 23:20:31,464 [ERROR] LogOutputStream:75 - [STDERR_REDIRECT] 
2025-01-29 23:20:32,459 [ERROR] LogOutputStream:75 - [STDERR_REDIRECT] [Fatal Error] :1:1: Premature end of file.
2025-01-29 23:20:32,459 [ERROR] LogOutputStream:75 - [STDERR_REDIRECT] 
2025-01-29 23:20:33,465 [ERROR] LogOutputStream:75 - [STDERR_REDIRECT] [Fatal Error] :1:1: Premature end of file.
2025-01-29 23:20:33,465 [ERROR] LogOutputStream:75 - [STDERR_REDIRECT] 
2025-01-29 23:20:34,459 [ERROR] LogOutputStream:75 - [STDERR_REDIRECT] [Fatal Error] :1:1: Premature end of file.
2025-01-29 23:20:34,459 [ERROR] LogOutputStream:75 - [STDERR_REDIRECT] 
2025-01-29 23:20:35,471 [ERROR] LogOutputStream:75 - [STDERR_REDIRECT] [Fatal Error] :1:1: Premature end of file.
2025-01-29 23:20:35,471 [ERROR] LogOutputStream:75 - [STDERR_REDIRECT] 
2025-01-29 23:20:36,463 [ERROR] LogOutputStream:75 - [STDERR_REDIRECT] [Fatal Error] :1:1: Premature end of file.
2025-01-29 23:20:36,463 [ERROR] LogOutputStream:75 - [STDERR_REDIRECT] 
2025-01-29 23:20:37,472 [ERROR] LogOutputStream:75 - [STDERR_REDIRECT] [Fatal Error] :1:1: Premature end of file.
2025-01-29 23:20:37,472 [ERROR] LogOutputStream:75 - [STDERR_REDIRECT] 
2025-01-29 23:20:38,466 [ERROR] LogOutputStream:75 - [STDERR_REDIRECT] [Fatal Error] :1:1: Premature end of file.
2025-01-29 23:20:38,466 [ERROR] LogOutputStream:75 - [STDERR_REDIRECT] 
2025-01-29 23:20:39,480 [ERROR] LogOutputStream:75 - [STDERR_REDIRECT] [Fatal Error] :1:1: Premature end of file.
2025-01-29 23:20:39,480 [ERROR] LogOutputStream:75 - [STDERR_REDIRECT] 
2025-01-29 23:20:40,460 [ERROR] LogOutputStream:75 - [STDERR_REDIRECT] [Fatal Error] :1:1: Premature end of file.
2025-01-29 23:20:40,460 [ERROR] LogOutputStream:75 - [STDERR_REDIRECT] 
2025-01-29 23:20:41,471 [ERROR] LogOutputStream:75 - [STDERR_REDIRECT] [Fatal Error] :1:1: Premature end of file.
2025-01-29 23:20:41,471 [ERROR] LogOutputStream:75 - [STDERR_REDIRECT] 
2025-01-29 23:20:42,479 [ERROR] LogOutputStream:75 - [STDERR_REDIRECT] [Fatal Error] :1:1: Premature end of file.
2025-01-29 23:20:42,479 [ERROR] LogOutputStream:75 - [STDERR_REDIRECT] 
2025-01-29 23:20:43,483 [ERROR] LogOutputStream:75 - [STDERR_REDIRECT] [Fatal Error] :1:1: Premature end of file.
2025-01-29 23:20:43,483 [ERROR] LogOutputStream:75 - [STDERR_REDIRECT] 
2025-01-29 23:20:44,482 [ERROR] LogOutputStream:75 - [STDERR_REDIRECT] [Fatal Error] :1:1: Premature end of file.
2025-01-29 23:20:44,482 [ERROR] LogOutputStream:75 - [STDERR_REDIRECT] 
2025-01-29 23:20:45,477 [ERROR] LogOutputStream:75 - [STDERR_REDIRECT] [Fatal Error] :1:1: Premature end of file.
2025-01-29 23:20:45,477 [ERROR] LogOutputStream:75 - [STDERR_REDIRECT] 
2025-01-29 23:20:46,481 [ERROR] LogOutputStream:75 - [STDERR_REDIRECT] [Fatal Error] :1:1: Premature end of file.
2025-01-29 23:20:46,482 [ERROR] LogOutputStream:75 - [STDERR_REDIRECT] 
2025-01-29 23:20:47,470 [ERROR] LogOutputStream:75 - [STDERR_REDIRECT] [Fatal Error] :1:1: Premature end of file.
2025-01-29 23:20:47,470 [ERROR] LogOutputStream:75 - [STDERR_REDIRECT] 
2025-01-29 23:20:48,465 [ERROR] LogOutputStream:75 - [STDERR_REDIRECT] [Fatal Error] :1:1: Premature end of file.
2025-01-29 23:20:48,465 [ERROR] LogOutputStream:75 - [STDERR_REDIRECT] 
2025-01-29 23:20:49,455 [ERROR] LogOutputStream:75 - [STDERR_REDIRECT] [Fatal Error] :1:1: Premature end of file.
2025-01-29 23:20:49,455 [ERROR] LogOutputStream:75 - [STDERR_REDIRECT] 
2025-01-29 23:20:50,469 [ERROR] LogOutputStream:75 - [STDERR_REDIRECT] [Fatal Error] :1:1: Premature end of file.
2025-01-29 23:20:50,469 [ERROR] LogOutputStream:75 - [STDERR_REDIRECT] 
2025-01-29 23:20:51,485 [ERROR] LogOutputStream:75 - [STDERR_REDIRECT] [Fatal Error] :1:1: Premature end of file.
2025-01-29 23:20:51,485 [ERROR] LogOutputStream:75 - [STDERR_REDIRECT] 
2025-01-29 23:20:52,467 [ERROR] LogOutputStream:75 - [STDERR_REDIRECT] [Fatal Error] :1:1: Premature end of file.
2025-01-29 23:20:52,467 [ERROR] LogOutputStream:75 - [STDERR_REDIRECT] 
2025-01-29 23:20:53,468 [ERROR] LogOutputStream:75 - [STDERR_REDIRECT] [Fatal Error] :1:1: Premature end of file.
2025-01-29 23:20:53,468 [ERROR] LogOutputStream:75 - [STDERR_REDIRECT] 
2025-01-29 23:20:54,469 [ERROR] LogOutputStream:75 - [STDERR_REDIRECT] [Fatal Error] :1:1: Premature end of file.
2025-01-29 23:20:54,469 [ERROR] LogOutputStream:75 - [STDERR_REDIRECT] 
2025-01-29 23:20:55,467 [ERROR] LogOutputStream:75 - [STDERR_REDIRECT] [Fatal Error] :1:1: Premature end of file.
2025-01-29 23:20:55,467 [ERROR] LogOutputStream:75 - [STDERR_REDIRECT] 
2025-01-29 23:20:56,479 [ERROR] LogOutputStream:75 - [STDERR_REDIRECT] [Fatal Error] :1:1: Premature end of file.
2025-01-29 23:20:56,479 [ERROR] LogOutputStream:75 - [STDERR_REDIRECT] 
2025-01-29 23:20:57,473 [ERROR] LogOutputStream:75 - [STDERR_REDIRECT] [Fatal Error] :1:1: Premature end of file.
2025-01-29 23:20:57,473 [ERROR] LogOutputStream:75 - [STDERR_REDIRECT] 
2025-01-29 23:20:58,467 [ERROR] LogOutputStream:75 - [STDERR_REDIRECT] [Fatal Error] :1:1: Premature end of file.
2025-01-29 23:20:58,467 [ERROR] LogOutputStream:75 - [STDERR_REDIRECT] 
2025-01-29 23:20:59,491 [ERROR] LogOutputStream:75 - [STDERR_REDIRECT] [Fatal Error] :1:1: Premature end of file.
2025-01-29 23:20:59,491 [ERROR] LogOutputStream:75 - [STDERR_REDIRECT] 
2025-01-29 23:21:00,465 [ERROR] LogOutputStream:75 - [STDERR_REDIRECT] [Fatal Error] :1:1: Premature end of file.
2025-01-29 23:21:00,465 [ERROR] LogOutputStream:75 - [STDERR_REDIRECT] 
2025-01-29 23:21:01,461 [ERROR] LogOutputStream:75 - [STDERR_REDIRECT] [Fatal Error] :1:1: Premature end of file.
2025-01-29 23:21:01,461 [ERROR] LogOutputStream:75 - [STDERR_REDIRECT] 
2025-01-29 23:21:02,458 [ERROR] LogOutputStream:75 - [STDERR_REDIRECT] [Fatal Error] :1:1: Premature end of file.
2025-01-29 23:21:02,458 [ERROR] LogOutputStream:75 - [STDERR_REDIRECT] 
2025-01-29 23:21:03,477 [ERROR] LogOutputStream:75 - [STDERR_REDIRECT] [Fatal Error] :1:1: Premature end of file.
2025-01-29 23:21:03,477 [ERROR] LogOutputStream:75 - [STDERR_REDIRECT] 
2025-01-29 23:21:04,471 [ERROR] LogOutputStream:75 - [STDERR_REDIRECT] [Fatal Error] :1:1: Premature end of file.
2025-01-29 23:21:04,471 [ERROR] LogOutputStream:75 - [STDERR_REDIRECT] 
2025-01-29 23:21:05,472 [ERROR] LogOutputStream:75 - [STDERR_REDIRECT] [Fatal Error] :1:1: Premature end of file.
2025-01-29 23:21:05,472 [ERROR] LogOutputStream:75 - [STDERR_REDIRECT] 
2025-01-29 23:21:06,467 [ERROR] LogOutputStream:75 - [STDERR_REDIRECT] [Fatal Error] :1:1: Premature end of file.
2025-01-29 23:21:06,467 [ERROR] LogOutputStream:75 - [STDERR_REDIRECT] 
2025-01-29 23:21:07,457 [ERROR] LogOutputStream:75 - [STDERR_REDIRECT] [Fatal Error] :1:1: Premature end of file.
2025-01-29 23:21:07,457 [ERROR] LogOutputStream:75 - [STDERR_REDIRECT] 
2025-01-29 23:21:08,482 [ERROR] LogOutputStream:75 - [STDERR_REDIRECT] [Fatal Error] :1:1: Premature end of file.
2025-01-29 23:21:08,482 [ERROR] LogOutputStream:75 - [STDERR_REDIRECT] 
2025-01-29 23:21:09,460 [ERROR] LogOutputStream:75 - [STDERR_REDIRECT] [Fatal Error] :1:1: Premature end of file.
2025-01-29 23:21:09,460 [ERROR] LogOutputStream:75 - [STDERR_REDIRECT] 
2025-01-29 23:21:10,474 [ERROR] LogOutputStream:75 - [STDERR_REDIRECT] [Fatal Error] :1:1: Premature end of file.
2025-01-29 23:21:10,474 [ERROR] LogOutputStream:75 - [STDERR_REDIRECT] 
2025-01-29 23:21:11,493 [ERROR] LogOutputStream:75 - [STDERR_REDIRECT] [Fatal Error] :1:1: Premature end of file.
2025-01-29 23:21:11,493 [ERROR] LogOutputStream:75 - [STDERR_REDIRECT] 
2025-01-29 23:21:12,467 [ERROR] LogOutputStream:75 - [STDERR_REDIRECT] [Fatal Error] :1:1: Premature end of file.
2025-01-29 23:21:12,467 [ERROR] LogOutputStream:75 - [STDERR_REDIRECT] 
2025-01-29 23:21:13,468 [ERROR] LogOutputStream:75 - [STDERR_REDIRECT] [Fatal Error] :1:1: Premature end of file.
2025-01-29 23:21:13,468 [ERROR] LogOutputStream:75 - [STDERR_REDIRECT] 
2025-01-29 23:21:14,473 [ERROR] LogOutputStream:75 - [STDERR_REDIRECT] [Fatal Error] :1:1: Premature end of file.
2025-01-29 23:21:14,473 [ERROR] LogOutputStream:75 - [STDERR_REDIRECT] 
2025-01-29 23:21:15,458 [ERROR] LogOutputStream:75 - [STDERR_REDIRECT] [Fatal Error] :1:1: Premature end of file.
2025-01-29 23:21:15,458 [ERROR] LogOutputStream:75 - [STDERR_REDIRECT] 
2025-01-29 23:21:16,473 [ERROR] LogOutputStream:75 - [STDERR_REDIRECT] [Fatal Error] :1:1: Premature end of file.
2025-01-29 23:21:16,473 [ERROR] LogOutputStream:75 - [STDERR_REDIRECT] 
2025-01-29 23:21:17,470 [ERROR] LogOutputStream:75 - [STDERR_REDIRECT] [Fatal Error] :1:1: Premature end of file.
2025-01-29 23:21:17,470 [ERROR] LogOutputStream:75 - [STDERR_REDIRECT] 
2025-01-29 23:21:18,475 [ERROR] LogOutputStream:75 - [STDERR_REDIRECT] [Fatal Error] :1:1: Premature end of file.
2025-01-29 23:21:18,476 [ERROR] LogOutputStream:75 - [STDERR_REDIRECT] 
2025-01-29 23:21:19,465 [ERROR] LogOutputStream:75 - [STDERR_REDIRECT] [Fatal Error] :1:1: Premature end of file.
2025-01-29 23:21:19,467 [ERROR] LogOutputStream:75 - [STDERR_REDIRECT] 
2025-01-29 23:21:20,469 [ERROR] LogOutputStream:75 - [STDERR_REDIRECT] [Fatal Error] :1:1: Premature end of file.
2025-01-29 23:21:20,469 [ERROR] LogOutputStream:75 - [STDERR_REDIRECT] 
2025-01-29 23:21:21,471 [ERROR] LogOutputStream:75 - [STDERR_REDIRECT] [Fatal Error] :1:1: Premature end of file.
2025-01-29 23:21:21,471 [ERROR] LogOutputStream:75 - [STDERR_REDIRECT] 
2025-01-29 23:21:22,467 [ERROR] LogOutputStream:75 - [STDERR_REDIRECT] [Fatal Error] :1:1: Premature end of file.
2025-01-29 23:21:22,467 [ERROR] LogOutputStream:75 - [STDERR_REDIRECT] 
2025-01-29 23:21:23,458 [ERROR] LogOutputStream:75 - [STDERR_REDIRECT] [Fatal Error] :1:1: Premature end of file.
2025-01-29 23:21:23,458 [ERROR] LogOutputStream:75 - [STDERR_REDIRECT] 
2025-01-29 23:21:24,468 [ERROR] LogOutputStream:75 - [STDERR_REDIRECT] [Fatal Error] :1:1: Premature end of file.
2025-01-29 23:21:24,470 [ERROR] LogOutputStream:75 - [STDERR_REDIRECT] 
2025-01-29 23:21:25,460 [ERROR] LogOutputStream:75 - [STDERR_REDIRECT] [Fatal Error] :1:1: Premature end of file.
2025-01-29 23:21:25,460 [ERROR] LogOutputStream:75 - [STDERR_REDIRECT] 
2025-01-29 23:21:26,468 [ERROR] LogOutputStream:75 - [STDERR_REDIRECT] [Fatal Error] :1:1: Premature end of file.
2025-01-29 23:21:26,468 [ERROR] LogOutputStream:75 - [STDERR_REDIRECT] 
2025-01-29 23:21:27,465 [ERROR] LogOutputStream:75 - [STDERR_REDIRECT] [Fatal Error] :1:1: Premature end of file.
2025-01-29 23:21:27,465 [ERROR] LogOutputStream:75 - [STDERR_REDIRECT] 
2025-01-29 23:21:28,464 [ERROR] LogOutputStream:75 - [STDERR_REDIRECT] [Fatal Error] :1:1: Premature end of file.
2025-01-29 23:21:28,464 [ERROR] LogOutputStream:75 - [STDERR_REDIRECT] 
2025-01-29 23:21:29,464 [ERROR] LogOutputStream:75 - [STDERR_REDIRECT] [Fatal Error] :1:1: Premature end of file.
2025-01-29 23:21:29,464 [ERROR] LogOutputStream:75 - [STDERR_REDIRECT] 
2025-01-29 23:21:30,471 [ERROR] LogOutputStream:75 - [STDERR_REDIRECT] [Fatal Error] :1:1: Premature end of file.
2025-01-29 23:21:30,471 [ERROR] LogOutputStream:75 - [STDERR_REDIRECT] 
2025-01-29 23:21:31,469 [ERROR] LogOutputStream:75 - [STDERR_REDIRECT] [Fatal Error] :1:1: Premature end of file.
2025-01-29 23:21:31,469 [ERROR] LogOutputStream:75 - [STDERR_REDIRECT] 
2025-01-29 23:21:32,448 [ERROR] LogOutputStream:75 - [STDERR_REDIRECT] [Fatal Error] :1:1: Premature end of file.
2025-01-29 23:21:32,448 [ERROR] LogOutputStream:75 - [STDERR_REDIRECT] 
2025-01-29 23:21:33,466 [ERROR] LogOutputStream:75 - [STDERR_REDIRECT] [Fatal Error] :1:1: Premature end of file.
2025-01-29 23:21:33,466 [ERROR] LogOutputStream:75 - [STDERR_REDIRECT] 
2025-01-29 23:21:34,474 [ERROR] LogOutputStream:75 - [STDERR_REDIRECT] [Fatal Error] :1:1: Premature end of file.
2025-01-29 23:21:34,474 [ERROR] LogOutputStream:75 - [STDERR_REDIRECT] 
2025-01-29 23:21:35,457 [ERROR] LogOutputStream:75 - [STDERR_REDIRECT] [Fatal Error] :1:1: Premature end of file.
2025-01-29 23:21:35,457 [ERROR] LogOutputStream:75 - [STDERR_REDIRECT] 
2025-01-29 23:21:36,474 [ERROR] LogOutputStream:75 - [STDERR_REDIRECT] [Fatal Error] :1:1: Premature end of file.
2025-01-29 23:21:36,476 [ERROR] LogOutputStream:75 - [STDERR_REDIRECT] 
2025-01-29 23:21:37,491 [ERROR] LogOutputStream:75 - [STDERR_REDIRECT] [Fatal Error] :1:1: Premature end of file.
2025-01-29 23:21:37,491 [ERROR] LogOutputStream:75 - [STDERR_REDIRECT] 
2025-01-29 23:21:38,474 [ERROR] LogOutputStream:75 - [STDERR_REDIRECT] [Fatal Error] :1:1: Premature end of file.
2025-01-29 23:21:38,476 [ERROR] LogOutputStream:75 - [STDERR_REDIRECT] 
2025-01-29 23:21:39,472 [ERROR] LogOutputStream:75 - [STDERR_REDIRECT] [Fatal Error] :1:1: Premature end of file.
2025-01-29 23:21:39,472 [ERROR] LogOutputStream:75 - [STDERR_REDIRECT] 
2025-01-29 23:21:40,476 [ERROR] LogOutputStream:75 - [STDERR_REDIRECT] [Fatal Error] :1:1: Premature end of file.
2025-01-29 23:21:40,476 [ERROR] LogOutputStream:75 - [STDERR_REDIRECT] 
2025-01-29 23:21:41,472 [ERROR] LogOutputStream:75 - [STDERR_REDIRECT] [Fatal Error] :1:1: Premature end of file.
2025-01-29 23:21:41,472 [ERROR] LogOutputStream:75 - [STDERR_REDIRECT] 
2025-01-29 23:21:42,472 [ERROR] LogOutputStream:75 - [STDERR_REDIRECT] [Fatal Error] :1:1: Premature end of file.
2025-01-29 23:21:42,472 [ERROR] LogOutputStream:75 - [STDERR_REDIRECT] 
2025-01-29 23:21:43,471 [ERROR] LogOutputStream:75 - [STDERR_REDIRECT] [Fatal Error] :1:1: Premature end of file.
2025-01-29 23:21:43,471 [ERROR] LogOutputStream:75 - [STDERR_REDIRECT] 
2025-01-29 23:21:44,469 [ERROR] LogOutputStream:75 - [STDERR_REDIRECT] [Fatal Error] :1:1: Premature end of file.
2025-01-29 23:21:44,469 [ERROR] LogOutputStream:75 - [STDERR_REDIRECT] 
2025-01-29 23:21:45,476 [ERROR] LogOutputStream:75 - [STDERR_REDIRECT] [Fatal Error] :1:1: Premature end of file.
2025-01-29 23:21:45,476 [ERROR] LogOutputStream:75 - [STDERR_REDIRECT] 
2025-01-29 23:21:46,480 [ERROR] LogOutputStream:75 - [STDERR_REDIRECT] [Fatal Error] :1:1: Premature end of file.
2025-01-29 23:21:46,480 [ERROR] LogOutputStream:75 - [STDERR_REDIRECT] 
2025-01-29 23:21:47,449 [ERROR] LogOutputStream:75 - [STDERR_REDIRECT] [Fatal Error] :1:1: Premature end of file.
2025-01-29 23:21:47,449 [ERROR] LogOutputStream:75 - [STDERR_REDIRECT] 
2025-01-29 23:21:48,458 [ERROR] LogOutputStream:75 - [STDERR_REDIRECT] [Fatal Error] :1:1: Premature end of file.
2025-01-29 23:21:48,458 [ERROR] LogOutputStream:75 - [STDERR_REDIRECT] 
2025-01-29 23:21:49,478 [ERROR] LogOutputStream:75 - [STDERR_REDIRECT] [Fatal Error] :1:1: Premature end of file.
2025-01-29 23:21:49,478 [ERROR] LogOutputStream:75 - [STDERR_REDIRECT] 
2025-01-29 23:21:50,468 [ERROR] LogOutputStream:75 - [STDERR_REDIRECT] [Fatal Error] :1:1: Premature end of file.
2025-01-29 23:21:50,468 [ERROR] LogOutputStream:75 - [STDERR_REDIRECT] 
2025-01-29 23:21:51,474 [ERROR] LogOutputStream:75 - [STDERR_REDIRECT] [Fatal Error] :1:1: Premature end of file.
2025-01-29 23:21:51,474 [ERROR] LogOutputStream:75 - [STDERR_REDIRECT] 
2025-01-29 23:21:52,459 [ERROR] LogOutputStream:75 - [STDERR_REDIRECT] [Fatal Error] :1:1: Premature end of file.
2025-01-29 23:21:52,459 [ERROR] LogOutputStream:75 - [STDERR_REDIRECT] 
2025-01-29 23:21:53,464 [ERROR] LogOutputStream:75 - [STDERR_REDIRECT] [Fatal Error] :1:1: Premature end of file.
2025-01-29 23:21:53,464 [ERROR] LogOutputStream:75 - [STDERR_REDIRECT] 
2025-01-29 23:21:54,451 [ERROR] LogOutputStream:75 - [STDERR_REDIRECT] [Fatal Error] :1:1: Premature end of file.
2025-01-29 23:21:54,451 [ERROR] LogOutputStream:75 - [STDERR_REDIRECT] 
2025-01-29 23:21:55,464 [ERROR] LogOutputStream:75 - [STDERR_REDIRECT] [Fatal Error] :1:1: Premature end of file.
2025-01-29 23:21:55,464 [ERROR] LogOutputStream:75 - [STDERR_REDIRECT] 
2025-01-29 23:21:56,464 [ERROR] LogOutputStream:75 - [STDERR_REDIRECT] [Fatal Error] :1:1: Premature end of file.
2025-01-29 23:21:56,464 [ERROR] LogOutputStream:75 - [STDERR_REDIRECT] 
2025-01-29 23:21:57,457 [ERROR] LogOutputStream:75 - [STDERR_REDIRECT] [Fatal Error] :1:1: Premature end of file.
2025-01-29 23:21:57,457 [ERROR] LogOutputStream:75 - [STDERR_REDIRECT] 
2025-01-29 23:21:58,451 [ERROR] LogOutputStream:75 - [STDERR_REDIRECT] [Fatal Error] :1:1: Premature end of file.
2025-01-29 23:21:58,453 [ERROR] LogOutputStream:75 - [STDERR_REDIRECT] 
2025-01-29 23:21:59,469 [ERROR] LogOutputStream:75 - [STDERR_REDIRECT] [Fatal Error] :1:1: Premature end of file.
2025-01-29 23:21:59,469 [ERROR] LogOutputStream:75 - [STDERR_REDIRECT] 
2025-01-29 23:22:00,467 [ERROR] LogOutputStream:75 - [STDERR_REDIRECT] [Fatal Error] :1:1: Premature end of file.
2025-01-29 23:22:00,467 [ERROR] LogOutputStream:75 - [STDERR_REDIRECT] 
2025-01-29 23:22:01,448 [ERROR] LogOutputStream:75 - [STDERR_REDIRECT] [Fatal Error] :1:1: Premature end of file.
2025-01-29 23:22:01,448 [ERROR] LogOutputStream:75 - [STDERR_REDIRECT] 
2025-01-29 23:22:02,503 [ERROR] LogOutputStream:75 - [STDERR_REDIRECT] [Fatal Error] :1:1: Premature end of file.
2025-01-29 23:22:02,505 [ERROR] LogOutputStream:75 - [STDERR_REDIRECT] 
2025-01-29 23:22:03,449 [ERROR] LogOutputStream:75 - [STDERR_REDIRECT] [Fatal Error] :1:1: Premature end of file.
2025-01-29 23:22:03,449 [ERROR] LogOutputStream:75 - [STDERR_REDIRECT] 
2025-01-29 23:22:04,459 [ERROR] LogOutputStream:75 - [STDERR_REDIRECT] [Fatal Error] :1:1: Premature end of file.
2025-01-29 23:22:04,459 [ERROR] LogOutputStream:75 - [STDERR_REDIRECT] 
2025-01-29 23:22:05,474 [ERROR] LogOutputStream:75 - [STDERR_REDIRECT] [Fatal Error] :1:1: Premature end of file.
2025-01-29 23:22:05,474 [ERROR] LogOutputStream:75 - [STDERR_REDIRECT] 
2025-01-29 23:22:06,447 [ERROR] LogOutputStream:75 - [STDERR_REDIRECT] [Fatal Error] :1:1: Premature end of file.
2025-01-29 23:22:06,447 [ERROR] LogOutputStream:75 - [STDERR_REDIRECT] 
2025-01-29 23:22:07,457 [ERROR] LogOutputStream:75 - [STDERR_REDIRECT] [Fatal Error] :1:1: Premature end of file.
2025-01-29 23:22:07,457 [ERROR] LogOutputStream:75 - [STDERR_REDIRECT] 
2025-01-29 23:22:08,467 [ERROR] LogOutputStream:75 - [STDERR_REDIRECT] [Fatal Error] :1:1: Premature end of file.
2025-01-29 23:22:08,467 [ERROR] LogOutputStream:75 - [STDERR_REDIRECT] 
2025-01-29 23:22:09,459 [ERROR] LogOutputStream:75 - [STDERR_REDIRECT] [Fatal Error] :1:1: Premature end of file.
2025-01-29 23:22:09,459 [ERROR] LogOutputStream:75 - [STDERR_REDIRECT] 
2025-01-29 23:22:10,460 [ERROR] LogOutputStream:75 - [STDERR_REDIRECT] [Fatal Error] :1:1: Premature end of file.
2025-01-29 23:22:10,460 [ERROR] LogOutputStream:75 - [STDERR_REDIRECT] 
2025-01-29 23:22:11,461 [ERROR] LogOutputStream:75 - [STDERR_REDIRECT] [Fatal Error] :1:1: Premature end of file.
2025-01-29 23:22:11,461 [ERROR] LogOutputStream:75 - [STDERR_REDIRECT] 
2025-01-29 23:22:12,462 [ERROR] LogOutputStream:75 - [STDERR_REDIRECT] [Fatal Error] :1:1: Premature end of file.
2025-01-29 23:22:12,463 [ERROR] LogOutputStream:75 - [STDERR_REDIRECT] 
2025-01-29 23:22:13,453 [ERROR] LogOutputStream:75 - [STDERR_REDIRECT] [Fatal Error] :1:1: Premature end of file.
2025-01-29 23:22:13,453 [ERROR] LogOutputStream:75 - [STDERR_REDIRECT] 
2025-01-29 23:22:14,460 [ERROR] LogOutputStream:75 - [STDERR_REDIRECT] [Fatal Error] :1:1: Premature end of file.
2025-01-29 23:22:14,460 [ERROR] LogOutputStream:75 - [STDERR_REDIRECT] 
2025-01-29 23:22:15,453 [ERROR] LogOutputStream:75 - [STDERR_REDIRECT] [Fatal Error] :1:1: Premature end of file.
2025-01-29 23:22:15,454 [ERROR] LogOutputStream:75 - [STDERR_REDIRECT] 
2025-01-29 23:22:16,459 [ERROR] LogOutputStream:75 - [STDERR_REDIRECT] [Fatal Error] :1:1: Premature end of file.
2025-01-29 23:22:16,461 [ERROR] LogOutputStream:75 - [STDERR_REDIRECT] 
2025-01-29 23:22:17,457 [ERROR] LogOutputStream:75 - [STDERR_REDIRECT] [Fatal Error] :1:1: Premature end of file.
2025-01-29 23:22:17,457 [ERROR] LogOutputStream:75 - [STDERR_REDIRECT] 
2025-01-29 23:22:18,477 [ERROR] LogOutputStream:75 - [STDERR_REDIRECT] [Fatal Error] :1:1: Premature end of file.
2025-01-29 23:22:18,477 [ERROR] LogOutputStream:75 - [STDERR_REDIRECT] 
2025-01-29 23:22:19,468 [ERROR] LogOutputStream:75 - [STDERR_REDIRECT] [Fatal Error] :1:1: Premature end of file.
2025-01-29 23:22:19,468 [ERROR] LogOutputStream:75 - [STDERR_REDIRECT] 
2025-01-29 23:22:20,467 [ERROR] LogOutputStream:75 - [STDERR_REDIRECT] [Fatal Error] :1:1: Premature end of file.
2025-01-29 23:22:20,467 [ERROR] LogOutputStream:75 - [STDERR_REDIRECT] 
2025-01-29 23:22:21,465 [ERROR] LogOutputStream:75 - [STDERR_REDIRECT] [Fatal Error] :1:1: Premature end of file.
2025-01-29 23:22:21,465 [ERROR] LogOutputStream:75 - [STDERR_REDIRECT] 
2025-01-29 23:22:22,458 [ERROR] LogOutputStream:75 - [STDERR_REDIRECT] [Fatal Error] :1:1: Premature end of file.
2025-01-29 23:22:22,458 [ERROR] LogOutputStream:75 - [STDERR_REDIRECT] 
2025-01-29 23:22:23,463 [ERROR] LogOutputStream:75 - [STDERR_REDIRECT] [Fatal Error] :1:1: Premature end of file.
2025-01-29 23:22:23,463 [ERROR] LogOutputStream:75 - [STDERR_REDIRECT] 
2025-01-29 23:22:24,453 [ERROR] LogOutputStream:75 - [STDERR_REDIRECT] [Fatal Error] :1:1: Premature end of file.
2025-01-29 23:22:24,453 [ERROR] LogOutputStream:75 - [STDERR_REDIRECT] 
2025-01-29 23:22:25,453 [ERROR] LogOutputStream:75 - [STDERR_REDIRECT] [Fatal Error] :1:1: Premature end of file.
2025-01-29 23:22:25,453 [ERROR] LogOutputStream:75 - [STDERR_REDIRECT] 
2025-01-29 23:22:26,453 [ERROR] LogOutputStream:75 - [STDERR_REDIRECT] [Fatal Error] :1:1: Premature end of file.
2025-01-29 23:22:26,453 [ERROR] LogOutputStream:75 - [STDERR_REDIRECT] 
2025-01-29 23:22:27,466 [ERROR] LogOutputStream:75 - [STDERR_REDIRECT] [Fatal Error] :1:1: Premature end of file.
2025-01-29 23:22:27,466 [ERROR] LogOutputStream:75 - [STDERR_REDIRECT] 
2025-01-29 23:22:28,463 [ERROR] LogOutputStream:75 - [STDERR_REDIRECT] [Fatal Error] :1:1: Premature end of file.
2025-01-29 23:22:28,463 [ERROR] LogOutputStream:75 - [STDERR_REDIRECT] 
2025-01-29 23:22:29,465 [ERROR] LogOutputStream:75 - [STDERR_REDIRECT] [Fatal Error] :1:1: Premature end of file.
2025-01-29 23:22:29,465 [ERROR] LogOutputStream:75 - [STDERR_REDIRECT] 
2025-01-29 23:22:30,473 [ERROR] LogOutputStream:75 - [STDERR_REDIRECT] [Fatal Error] :1:1: Premature end of file.
2025-01-29 23:22:30,473 [ERROR] LogOutputStream:75 - [STDERR_REDIRECT] 
2025-01-29 23:22:31,469 [ERROR] LogOutputStream:75 - [STDERR_REDIRECT] [Fatal Error] :1:1: Premature end of file.
2025-01-29 23:22:31,469 [ERROR] LogOutputStream:75 - [STDERR_REDIRECT] 
2025-01-29 23:22:32,469 [ERROR] LogOutputStream:75 - [STDERR_REDIRECT] [Fatal Error] :1:1: Premature end of file.
2025-01-29 23:22:32,470 [ERROR] LogOutputStream:75 - [STDERR_REDIRECT] 
2025-01-29 23:22:33,472 [ERROR] LogOutputStream:75 - [STDERR_REDIRECT] [Fatal Error] :1:1: Premature end of file.
2025-01-29 23:22:33,472 [ERROR] LogOutputStream:75 - [STDERR_REDIRECT] 
2025-01-29 23:22:34,460 [ERROR] LogOutputStream:75 - [STDERR_REDIRECT] [Fatal Error] :1:1: Premature end of file.
2025-01-29 23:22:34,460 [ERROR] LogOutputStream:75 - [STDERR_REDIRECT] 
2025-01-29 23:22:35,462 [ERROR] LogOutputStream:75 - [STDERR_REDIRECT] [Fatal Error] :1:1: Premature end of file.
2025-01-29 23:22:35,462 [ERROR] LogOutputStream:75 - [STDERR_REDIRECT] 
2025-01-29 23:22:36,465 [ERROR] LogOutputStream:75 - [STDERR_REDIRECT] [Fatal Error] :1:1: Premature end of file.
2025-01-29 23:22:36,465 [ERROR] LogOutputStream:75 - [STDERR_REDIRECT] 
2025-01-29 23:22:37,482 [ERROR] LogOutputStream:75 - [STDERR_REDIRECT] [Fatal Error] :1:1: Premature end of file.
2025-01-29 23:22:37,482 [ERROR] LogOutputStream:75 - [STDERR_REDIRECT] 
2025-01-29 23:22:38,472 [ERROR] LogOutputStream:75 - [STDERR_REDIRECT] [Fatal Error] :1:1: Premature end of file.
2025-01-29 23:22:38,472 [ERROR] LogOutputStream:75 - [STDERR_REDIRECT] 
2025-01-29 23:22:39,469 [ERROR] LogOutputStream:75 - [STDERR_REDIRECT] [Fatal Error] :1:1: Premature end of file.
2025-01-29 23:22:39,469 [ERROR] LogOutputStream:75 - [STDERR_REDIRECT] 
2025-01-29 23:22:40,498 [ERROR] LogOutputStream:75 - [STDERR_REDIRECT] [Fatal Error] :1:1: Premature end of file.
2025-01-29 23:22:40,498 [ERROR] LogOutputStream:75 - [STDERR_REDIRECT] 
2025-01-29 23:22:41,458 [ERROR] LogOutputStream:75 - [STDERR_REDIRECT] [Fatal Error] :1:1: Premature end of file.
2025-01-29 23:22:41,458 [ERROR] LogOutputStream:75 - [STDERR_REDIRECT] 
2025-01-29 23:22:42,465 [ERROR] LogOutputStream:75 - [STDERR_REDIRECT] [Fatal Error] :1:1: Premature end of file.
2025-01-29 23:22:42,467 [ERROR] LogOutputStream:75 - [STDERR_REDIRECT] 
2025-01-29 23:22:43,482 [ERROR] LogOutputStream:75 - [STDERR_REDIRECT] [Fatal Error] :1:1: Premature end of file.
2025-01-29 23:22:43,482 [ERROR] LogOutputStream:75 - [STDERR_REDIRECT] 
2025-01-29 23:22:44,475 [ERROR] LogOutputStream:75 - [STDERR_REDIRECT] [Fatal Error] :1:1: Premature end of file.
2025-01-29 23:22:44,475 [ERROR] LogOutputStream:75 - [STDERR_REDIRECT] 
2025-01-29 23:22:45,465 [ERROR] LogOutputStream:75 - [STDERR_REDIRECT] [Fatal Error] :1:1: Premature end of file.
2025-01-29 23:22:45,465 [ERROR] LogOutputStream:75 - [STDERR_REDIRECT] 
2025-01-29 23:22:46,464 [ERROR] LogOutputStream:75 - [STDERR_REDIRECT] [Fatal Error] :1:1: Premature end of file.
2025-01-29 23:22:46,464 [ERROR] LogOutputStream:75 - [STDERR_REDIRECT] 
2025-01-29 23:22:47,456 [ERROR] LogOutputStream:75 - [STDERR_REDIRECT] [Fatal Error] :1:1: Premature end of file.
2025-01-29 23:22:47,456 [ERROR] LogOutputStream:75 - [STDERR_REDIRECT] 
2025-01-29 23:22:48,469 [ERROR] LogOutputStream:75 - [STDERR_REDIRECT] [Fatal Error] :1:1: Premature end of file.
2025-01-29 23:22:48,469 [ERROR] LogOutputStream:75 - [STDERR_REDIRECT] 
2025-01-29 23:22:49,450 [ERROR] LogOutputStream:75 - [STDERR_REDIRECT] [Fatal Error] :1:1: Premature end of file.
2025-01-29 23:22:49,450 [ERROR] LogOutputStream:75 - [STDERR_REDIRECT] 
2025-01-29 23:22:50,450 [ERROR] LogOutputStream:75 - [STDERR_REDIRECT] [Fatal Error] :1:1: Premature end of file.
2025-01-29 23:22:50,451 [ERROR] LogOutputStream:75 - [STDERR_REDIRECT] 
2025-01-29 23:22:51,452 [ERROR] LogOutputStream:75 - [STDERR_REDIRECT] [Fatal Error] :1:1: Premature end of file.
2025-01-29 23:22:51,452 [ERROR] LogOutputStream:75 - [STDERR_REDIRECT] 
2025-01-29 23:22:52,462 [ERROR] LogOutputStream:75 - [STDERR_REDIRECT] [Fatal Error] :1:1: Premature end of file.
2025-01-29 23:22:52,462 [ERROR] LogOutputStream:75 - [STDERR_REDIRECT] 
2025-01-29 23:22:53,467 [ERROR] LogOutputStream:75 - [STDERR_REDIRECT] [Fatal Error] :1:1: Premature end of file.
2025-01-29 23:22:53,467 [ERROR] LogOutputStream:75 - [STDERR_REDIRECT] 
2025-01-29 23:22:54,456 [ERROR] LogOutputStream:75 - [STDERR_REDIRECT] [Fatal Error] :1:1: Premature end of file.
2025-01-29 23:22:54,456 [ERROR] LogOutputStream:75 - [STDERR_REDIRECT] 
2025-01-29 23:22:55,461 [ERROR] LogOutputStream:75 - [STDERR_REDIRECT] [Fatal Error] :1:1: Premature end of file.
2025-01-29 23:22:55,461 [ERROR] LogOutputStream:75 - [STDERR_REDIRECT] 
2025-01-29 23:22:56,473 [ERROR] LogOutputStream:75 - [STDERR_REDIRECT] [Fatal Error] :1:1: Premature end of file.
2025-01-29 23:22:56,473 [ERROR] LogOutputStream:75 - [STDERR_REDIRECT] 
2025-01-29 23:22:57,457 [ERROR] LogOutputStream:75 - [STDERR_REDIRECT] [Fatal Error] :1:1: Premature end of file.
2025-01-29 23:22:57,457 [ERROR] LogOutputStream:75 - [STDERR_REDIRECT] 
2025-01-29 23:22:58,460 [ERROR] LogOutputStream:75 - [STDERR_REDIRECT] [Fatal Error] :1:1: Premature end of file.
2025-01-29 23:22:58,460 [ERROR] LogOutputStream:75 - [STDERR_REDIRECT] 
2025-01-29 23:22:59,460 [ERROR] LogOutputStream:75 - [STDERR_REDIRECT] [Fatal Error] :1:1: Premature end of file.
2025-01-29 23:22:59,460 [ERROR] LogOutputStream:75 - [STDERR_REDIRECT] 
2025-01-29 23:23:00,452 [ERROR] LogOutputStream:75 - [STDERR_REDIRECT] [Fatal Error] :1:1: Premature end of file.
2025-01-29 23:23:00,452 [ERROR] LogOutputStream:75 - [STDERR_REDIRECT] 
2025-01-29 23:23:01,466 [ERROR] LogOutputStream:75 - [STDERR_REDIRECT] [Fatal Error] :1:1: Premature end of file.
2025-01-29 23:23:01,466 [ERROR] LogOutputStream:75 - [STDERR_REDIRECT] 
2025-01-29 23:23:02,460 [ERROR] LogOutputStream:75 - [STDERR_REDIRECT] [Fatal Error] :1:1: Premature end of file.
2025-01-29 23:23:02,460 [ERROR] LogOutputStream:75 - [STDERR_REDIRECT] 
2025-01-29 23:23:03,464 [ERROR] LogOutputStream:75 - [STDERR_REDIRECT] [Fatal Error] :1:1: Premature end of file.
2025-01-29 23:23:03,464 [ERROR] LogOutputStream:75 - [STDERR_REDIRECT] 
2025-01-29 23:23:04,455 [ERROR] LogOutputStream:75 - [STDERR_REDIRECT] [Fatal Error] :1:1: Premature end of file.
2025-01-29 23:23:04,455 [ERROR] LogOutputStream:75 - [STDERR_REDIRECT] 
2025-01-29 23:23:05,464 [ERROR] LogOutputStream:75 - [STDERR_REDIRECT] [Fatal Error] :1:1: Premature end of file.
2025-01-29 23:23:05,464 [ERROR] LogOutputStream:75 - [STDERR_REDIRECT] 
2025-01-29 23:23:06,452 [ERROR] LogOutputStream:75 - [STDERR_REDIRECT] [Fatal Error] :1:1: Premature end of file.
2025-01-29 23:23:06,452 [ERROR] LogOutputStream:75 - [STDERR_REDIRECT] 
2025-01-29 23:23:07,461 [ERROR] LogOutputStream:75 - [STDERR_REDIRECT] [Fatal Error] :1:1: Premature end of file.
2025-01-29 23:23:07,462 [ERROR] LogOutputStream:75 - [STDERR_REDIRECT] 
2025-01-29 23:23:08,469 [ERROR] LogOutputStream:75 - [STDERR_REDIRECT] [Fatal Error] :1:1: Premature end of file.
2025-01-29 23:23:08,471 [ERROR] LogOutputStream:75 - [STDERR_REDIRECT] 
2025-01-29 23:23:09,457 [ERROR] LogOutputStream:75 - [STDERR_REDIRECT] [Fatal Error] :1:1: Premature end of file.
2025-01-29 23:23:09,457 [ERROR] LogOutputStream:75 - [STDERR_REDIRECT] 
2025-01-29 23:23:10,465 [ERROR] LogOutputStream:75 - [STDERR_REDIRECT] [Fatal Error] :1:1: Premature end of file.
2025-01-29 23:23:10,467 [ERROR] LogOutputStream:75 - [STDERR_REDIRECT] 
2025-01-29 23:23:11,461 [ERROR] LogOutputStream:75 - [STDERR_REDIRECT] [Fatal Error] :1:1: Premature end of file.
2025-01-29 23:23:11,461 [ERROR] LogOutputStream:75 - [STDERR_REDIRECT] 
2025-01-29 23:23:12,470 [ERROR] LogOutputStream:75 - [STDERR_REDIRECT] [Fatal Error] :1:1: Premature end of file.
2025-01-29 23:23:12,470 [ERROR] LogOutputStream:75 - [STDERR_REDIRECT] 
2025-01-29 23:23:13,461 [ERROR] LogOutputStream:75 - [STDERR_REDIRECT] [Fatal Error] :1:1: Premature end of file.
2025-01-29 23:23:13,463 [ERROR] LogOutputStream:75 - [STDERR_REDIRECT] 
2025-01-29 23:23:14,462 [ERROR] LogOutputStream:75 - [STDERR_REDIRECT] [Fatal Error] :1:1: Premature end of file.
2025-01-29 23:23:14,462 [ERROR] LogOutputStream:75 - [STDERR_REDIRECT] 
2025-01-29 23:23:15,464 [ERROR] LogOutputStream:75 - [STDERR_REDIRECT] [Fatal Error] :1:1: Premature end of file.
2025-01-29 23:23:15,464 [ERROR] LogOutputStream:75 - [STDERR_REDIRECT] 
2025-01-29 23:23:16,460 [ERROR] LogOutputStream:75 - [STDERR_REDIRECT] [Fatal Error] :1:1: Premature end of file.
2025-01-29 23:23:16,460 [ERROR] LogOutputStream:75 - [STDERR_REDIRECT] 
2025-01-29 23:23:17,461 [ERROR] LogOutputStream:75 - [STDERR_REDIRECT] [Fatal Error] :1:1: Premature end of file.
2025-01-29 23:23:17,461 [ERROR] LogOutputStream:75 - [STDERR_REDIRECT] 
2025-01-29 23:23:18,472 [ERROR] LogOutputStream:75 - [STDERR_REDIRECT] [Fatal Error] :1:1: Premature end of file.
2025-01-29 23:23:18,472 [ERROR] LogOutputStream:75 - [STDERR_REDIRECT] 
2025-01-29 23:23:19,462 [ERROR] LogOutputStream:75 - [STDERR_REDIRECT] [Fatal Error] :1:1: Premature end of file.
2025-01-29 23:23:19,462 [ERROR] LogOutputStream:75 - [STDERR_REDIRECT] 
2025-01-29 23:23:20,458 [ERROR] LogOutputStream:75 - [STDERR_REDIRECT] [Fatal Error] :1:1: Premature end of file.
2025-01-29 23:23:20,458 [ERROR] LogOutputStream:75 - [STDERR_REDIRECT] 
2025-01-29 23:23:21,478 [ERROR] LogOutputStream:75 - [STDERR_REDIRECT] [Fatal Error] :1:1: Premature end of file.
2025-01-29 23:23:21,478 [ERROR] LogOutputStream:75 - [STDERR_REDIRECT] 
2025-01-29 23:23:22,457 [ERROR] LogOutputStream:75 - [STDERR_REDIRECT] [Fatal Error] :1:1: Premature end of file.
2025-01-29 23:23:22,458 [ERROR] LogOutputStream:75 - [STDERR_REDIRECT] 
2025-01-29 23:23:23,458 [ERROR] LogOutputStream:75 - [STDERR_REDIRECT] [Fatal Error] :1:1: Premature end of file.
2025-01-29 23:23:23,458 [ERROR] LogOutputStream:75 - [STDERR_REDIRECT] 
2025-01-29 23:23:24,469 [ERROR] LogOutputStream:75 - [STDERR_REDIRECT] [Fatal Error] :1:1: Premature end of file.
2025-01-29 23:23:24,469 [ERROR] LogOutputStream:75 - [STDERR_REDIRECT] 
2025-01-29 23:23:25,460 [ERROR] LogOutputStream:75 - [STDERR_REDIRECT] [Fatal Error] :1:1: Premature end of file.
2025-01-29 23:23:25,460 [ERROR] LogOutputStream:75 - [STDERR_REDIRECT] 
2025-01-29 23:23:26,484 [ERROR] LogOutputStream:75 - [STDERR_REDIRECT] [Fatal Error] :1:1: Premature end of file.
2025-01-29 23:23:26,484 [ERROR] LogOutputStream:75 - [STDERR_REDIRECT] 
2025-01-29 23:23:27,466 [ERROR] LogOutputStream:75 - [STDERR_REDIRECT] [Fatal Error] :1:1: Premature end of file.
2025-01-29 23:23:27,466 [ERROR] LogOutputStream:75 - [STDERR_REDIRECT] 
2025-01-29 23:23:28,458 [ERROR] LogOutputStream:75 - [STDERR_REDIRECT] [Fatal Error] :1:1: Premature end of file.
2025-01-29 23:23:28,458 [ERROR] LogOutputStream:75 - [STDERR_REDIRECT] 
2025-01-29 23:23:29,463 [ERROR] LogOutputStream:75 - [STDERR_REDIRECT] [Fatal Error] :1:1: Premature end of file.
2025-01-29 23:23:29,463 [ERROR] LogOutputStream:75 - [STDERR_REDIRECT] 
2025-01-29 23:23:30,458 [ERROR] LogOutputStream:75 - [STDERR_REDIRECT] [Fatal Error] :1:1: Premature end of file.
2025-01-29 23:23:30,458 [ERROR] LogOutputStream:75 - [STDERR_REDIRECT] 
2025-01-29 23:23:31,466 [ERROR] LogOutputStream:75 - [STDERR_REDIRECT] [Fatal Error] :1:1: Premature end of file.
2025-01-29 23:23:31,466 [ERROR] LogOutputStream:75 - [STDERR_REDIRECT] 
2025-01-29 23:23:32,464 [ERROR] LogOutputStream:75 - [STDERR_REDIRECT] [Fatal Error] :1:1: Premature end of file.
2025-01-29 23:23:32,464 [ERROR] LogOutputStream:75 - [STDERR_REDIRECT] 
2025-01-29 23:23:33,459 [ERROR] LogOutputStream:75 - [STDERR_REDIRECT] [Fatal Error] :1:1: Premature end of file.
2025-01-29 23:23:33,459 [ERROR] LogOutputStream:75 - [STDERR_REDIRECT] 
2025-01-29 23:23:34,468 [ERROR] LogOutputStream:75 - [STDERR_REDIRECT] [Fatal Error] :1:1: Premature end of file.
2025-01-29 23:23:34,470 [ERROR] LogOutputStream:75 - [STDERR_REDIRECT] 
2025-01-29 23:23:35,455 [ERROR] LogOutputStream:75 - [STDERR_REDIRECT] [Fatal Error] :1:1: Premature end of file.
2025-01-29 23:23:35,455 [ERROR] LogOutputStream:75 - [STDERR_REDIRECT] 
2025-01-29 23:23:36,462 [ERROR] LogOutputStream:75 - [STDERR_REDIRECT] [Fatal Error] :1:1: Premature end of file.
2025-01-29 23:23:36,462 [ERROR] LogOutputStream:75 - [STDERR_REDIRECT] 
2025-01-29 23:23:37,455 [ERROR] LogOutputStream:75 - [STDERR_REDIRECT] [Fatal Error] :1:1: Premature end of file.
2025-01-29 23:23:37,455 [ERROR] LogOutputStream:75 - [STDERR_REDIRECT] 
2025-01-29 23:23:38,453 [ERROR] LogOutputStream:75 - [STDERR_REDIRECT] [Fatal Error] :1:1: Premature end of file.
2025-01-29 23:23:38,453 [ERROR] LogOutputStream:75 - [STDERR_REDIRECT] 
2025-01-29 23:23:39,462 [ERROR] LogOutputStream:75 - [STDERR_REDIRECT] [Fatal Error] :1:1: Premature end of file.
2025-01-29 23:23:39,462 [ERROR] LogOutputStream:75 - [STDERR_REDIRECT] 
2025-01-29 23:23:40,458 [ERROR] LogOutputStream:75 - [STDERR_REDIRECT] [Fatal Error] :1:1: Premature end of file.
2025-01-29 23:23:40,458 [ERROR] LogOutputStream:75 - [STDERR_REDIRECT] 
2025-01-29 23:23:41,457 [ERROR] LogOutputStream:75 - [STDERR_REDIRECT] [Fatal Error] :1:1: Premature end of file.
2025-01-29 23:23:41,457 [ERROR] LogOutputStream:75 - [STDERR_REDIRECT] 
2025-01-29 23:23:42,467 [ERROR] LogOutputStream:75 - [STDERR_REDIRECT] [Fatal Error] :1:1: Premature end of file.
2025-01-29 23:23:42,467 [ERROR] LogOutputStream:75 - [STDERR_REDIRECT] 
2025-01-29 23:23:43,463 [ERROR] LogOutputStream:75 - [STDERR_REDIRECT] [Fatal Error] :1:1: Premature end of file.
2025-01-29 23:23:43,463 [ERROR] LogOutputStream:75 - [STDERR_REDIRECT] 
2025-01-29 23:23:44,459 [ERROR] LogOutputStream:75 - [STDERR_REDIRECT] [Fatal Error] :1:1: Premature end of file.
2025-01-29 23:23:44,459 [ERROR] LogOutputStream:75 - [STDERR_REDIRECT] 
2025-01-29 23:23:45,462 [ERROR] LogOutputStream:75 - [STDERR_REDIRECT] [Fatal Error] :1:1: Premature end of file.
2025-01-29 23:23:45,462 [ERROR] LogOutputStream:75 - [STDERR_REDIRECT] 
2025-01-29 23:23:46,463 [ERROR] LogOutputStream:75 - [STDERR_REDIRECT] [Fatal Error] :1:1: Premature end of file.
2025-01-29 23:23:46,465 [ERROR] LogOutputStream:75 - [STDERR_REDIRECT] 
2025-01-29 23:23:47,468 [ERROR] LogOutputStream:75 - [STDERR_REDIRECT] [Fatal Error] :1:1: Premature end of file.
2025-01-29 23:23:47,468 [ERROR] LogOutputStream:75 - [STDERR_REDIRECT] 
2025-01-29 23:23:48,472 [ERROR] LogOutputStream:75 - [STDERR_REDIRECT] [Fatal Error] :1:1: Premature end of file.
2025-01-29 23:23:48,472 [ERROR] LogOutputStream:75 - [STDERR_REDIRECT] 
2025-01-29 23:23:49,460 [ERROR] LogOutputStream:75 - [STDERR_REDIRECT] [Fatal Error] :1:1: Premature end of file.
2025-01-29 23:23:49,460 [ERROR] LogOutputStream:75 - [STDERR_REDIRECT] 
2025-01-29 23:23:50,467 [ERROR] LogOutputStream:75 - [STDERR_REDIRECT] [Fatal Error] :1:1: Premature end of file.
2025-01-29 23:23:50,467 [ERROR] LogOutputStream:75 - [STDERR_REDIRECT] 
2025-01-29 23:23:51,465 [ERROR] LogOutputStream:75 - [STDERR_REDIRECT] [Fatal Error] :1:1: Premature end of file.
2025-01-29 23:23:51,465 [ERROR] LogOutputStream:75 - [STDERR_REDIRECT] 
2025-01-29 23:23:52,460 [ERROR] LogOutputStream:75 - [STDERR_REDIRECT] [Fatal Error] :1:1: Premature end of file.
2025-01-29 23:23:52,460 [ERROR] LogOutputStream:75 - [STDERR_REDIRECT] 
2025-01-29 23:23:53,494 [ERROR] LogOutputStream:75 - [STDERR_REDIRECT] [Fatal Error] :1:1: Premature end of file.
2025-01-29 23:23:53,494 [ERROR] LogOutputStream:75 - [STDERR_REDIRECT] 
2025-01-29 23:23:54,467 [ERROR] LogOutputStream:75 - [STDERR_REDIRECT] [Fatal Error] :1:1: Premature end of file.
2025-01-29 23:23:54,467 [ERROR] LogOutputStream:75 - [STDERR_REDIRECT] 
2025-01-29 23:23:55,468 [ERROR] LogOutputStream:75 - [STDERR_REDIRECT] [Fatal Error] :1:1: Premature end of file.
2025-01-29 23:23:55,468 [ERROR] LogOutputStream:75 - [STDERR_REDIRECT] 
2025-01-29 23:23:56,450 [ERROR] LogOutputStream:75 - [STDERR_REDIRECT] [Fatal Error] :1:1: Premature end of file.
2025-01-29 23:23:56,450 [ERROR] LogOutputStream:75 - [STDERR_REDIRECT] 
2025-01-29 23:23:57,464 [ERROR] LogOutputStream:75 - [STDERR_REDIRECT] [Fatal Error] :1:1: Premature end of file.
2025-01-29 23:23:57,464 [ERROR] LogOutputStream:75 - [STDERR_REDIRECT] 
2025-01-29 23:23:58,456 [ERROR] LogOutputStream:75 - [STDERR_REDIRECT] [Fatal Error] :1:1: Premature end of file.
2025-01-29 23:23:58,456 [ERROR] LogOutputStream:75 - [STDERR_REDIRECT] 
2025-01-29 23:23:59,462 [ERROR] LogOutputStream:75 - [STDERR_REDIRECT] [Fatal Error] :1:1: Premature end of file.
2025-01-29 23:23:59,462 [ERROR] LogOutputStream:75 - [STDERR_REDIRECT] 
2025-01-29 23:24:00,454 [ERROR] LogOutputStream:75 - [STDERR_REDIRECT] [Fatal Error] :1:1: Premature end of file.
2025-01-29 23:24:00,454 [ERROR] LogOutputStream:75 - [STDERR_REDIRECT] 
2025-01-29 23:24:01,460 [ERROR] LogOutputStream:75 - [STDERR_REDIRECT] [Fatal Error] :1:1: Premature end of file.
2025-01-29 23:24:01,462 [ERROR] LogOutputStream:75 - [STDERR_REDIRECT] 
2025-01-29 23:24:02,458 [ERROR] LogOutputStream:75 - [STDERR_REDIRECT] [Fatal Error] :1:1: Premature end of file.
2025-01-29 23:24:02,458 [ERROR] LogOutputStream:75 - [STDERR_REDIRECT] 
2025-01-29 23:24:03,447 [ERROR] LogOutputStream:75 - [STDERR_REDIRECT] [Fatal Error] :1:1: Premature end of file.
2025-01-29 23:24:03,447 [ERROR] LogOutputStream:75 - [STDERR_REDIRECT] 
2025-01-29 23:24:04,484 [ERROR] LogOutputStream:75 - [STDERR_REDIRECT] [Fatal Error] :1:1: Premature end of file.
2025-01-29 23:24:04,484 [ERROR] LogOutputStream:75 - [STDERR_REDIRECT] 
2025-01-29 23:24:05,471 [ERROR] LogOutputStream:75 - [STDERR_REDIRECT] [Fatal Error] :1:1: Premature end of file.
2025-01-29 23:24:05,471 [ERROR] LogOutputStream:75 - [STDERR_REDIRECT] 
2025-01-29 23:24:06,460 [ERROR] LogOutputStream:75 - [STDERR_REDIRECT] [Fatal Error] :1:1: Premature end of file.
2025-01-29 23:24:06,460 [ERROR] LogOutputStream:75 - [STDERR_REDIRECT] 
2025-01-29 23:24:07,465 [ERROR] LogOutputStream:75 - [STDERR_REDIRECT] [Fatal Error] :1:1: Premature end of file.
2025-01-29 23:24:07,465 [ERROR] LogOutputStream:75 - [STDERR_REDIRECT] 
2025-01-29 23:24:08,462 [ERROR] LogOutputStream:75 - [STDERR_REDIRECT] [Fatal Error] :1:1: Premature end of file.
2025-01-29 23:24:08,462 [ERROR] LogOutputStream:75 - [STDERR_REDIRECT] 
2025-01-29 23:24:09,450 [ERROR] LogOutputStream:75 - [STDERR_REDIRECT] [Fatal Error] :1:1: Premature end of file.
2025-01-29 23:24:09,450 [ERROR] LogOutputStream:75 - [STDERR_REDIRECT] 
2025-01-29 23:24:10,468 [ERROR] LogOutputStream:75 - [STDERR_REDIRECT] [Fatal Error] :1:1: Premature end of file.
2025-01-29 23:24:10,468 [ERROR] LogOutputStream:75 - [STDERR_REDIRECT] 
2025-01-29 23:24:11,464 [ERROR] LogOutputStream:75 - [STDERR_REDIRECT] [Fatal Error] :1:1: Premature end of file.
2025-01-29 23:24:11,464 [ERROR] LogOutputStream:75 - [STDERR_REDIRECT] 
2025-01-29 23:24:12,468 [ERROR] LogOutputStream:75 - [STDERR_REDIRECT] [Fatal Error] :1:1: Premature end of file.
2025-01-29 23:24:12,468 [ERROR] LogOutputStream:75 - [STDERR_REDIRECT] 
2025-01-29 23:24:13,469 [ERROR] LogOutputStream:75 - [STDERR_REDIRECT] [Fatal Error] :1:1: Premature end of file.
2025-01-29 23:24:13,469 [ERROR] LogOutputStream:75 - [STDERR_REDIRECT] 
2025-01-29 23:24:14,474 [ERROR] LogOutputStream:75 - [STDERR_REDIRECT] [Fatal Error] :1:1: Premature end of file.
2025-01-29 23:24:14,474 [ERROR] LogOutputStream:75 - [STDERR_REDIRECT] 
2025-01-29 23:24:15,470 [ERROR] LogOutputStream:75 - [STDERR_REDIRECT] [Fatal Error] :1:1: Premature end of file.
2025-01-29 23:24:15,471 [ERROR] LogOutputStream:75 - [STDERR_REDIRECT] 
2025-01-29 23:24:16,463 [ERROR] LogOutputStream:75 - [STDERR_REDIRECT] [Fatal Error] :1:1: Premature end of file.
2025-01-29 23:24:16,463 [ERROR] LogOutputStream:75 - [STDERR_REDIRECT] 
2025-01-29 23:24:17,480 [ERROR] LogOutputStream:75 - [STDERR_REDIRECT] [Fatal Error] :1:1: Premature end of file.
2025-01-29 23:24:17,480 [ERROR] LogOutputStream:75 - [STDERR_REDIRECT] 
2025-01-29 23:24:18,466 [ERROR] LogOutputStream:75 - [STDERR_REDIRECT] [Fatal Error] :1:1: Premature end of file.
2025-01-29 23:24:18,466 [ERROR] LogOutputStream:75 - [STDERR_REDIRECT] 
2025-01-29 23:24:19,467 [ERROR] LogOutputStream:75 - [STDERR_REDIRECT] [Fatal Error] :1:1: Premature end of file.
2025-01-29 23:24:19,467 [ERROR] LogOutputStream:75 - [STDERR_REDIRECT] 
2025-01-29 23:24:20,459 [ERROR] LogOutputStream:75 - [STDERR_REDIRECT] [Fatal Error] :1:1: Premature end of file.
2025-01-29 23:24:20,459 [ERROR] LogOutputStream:75 - [STDERR_REDIRECT] 
2025-01-29 23:24:21,479 [ERROR] LogOutputStream:75 - [STDERR_REDIRECT] [Fatal Error] :1:1: Premature end of file.
2025-01-29 23:24:21,479 [ERROR] LogOutputStream:75 - [STDERR_REDIRECT] 
2025-01-29 23:24:22,479 [ERROR] LogOutputStream:75 - [STDERR_REDIRECT] [Fatal Error] :1:1: Premature end of file.
2025-01-29 23:24:22,479 [ERROR] LogOutputStream:75 - [STDERR_REDIRECT] 
2025-01-29 23:24:23,482 [ERROR] LogOutputStream:75 - [STDERR_REDIRECT] [Fatal Error] :1:1: Premature end of file.
2025-01-29 23:24:23,482 [ERROR] LogOutputStream:75 - [STDERR_REDIRECT] 
2025-01-29 23:24:24,457 [ERROR] LogOutputStream:75 - [STDERR_REDIRECT] [Fatal Error] :1:1: Premature end of file.
2025-01-29 23:24:24,457 [ERROR] LogOutputStream:75 - [STDERR_REDIRECT] 
2025-01-29 23:24:25,468 [ERROR] LogOutputStream:75 - [STDERR_REDIRECT] [Fatal Error] :1:1: Premature end of file.
2025-01-29 23:24:25,468 [ERROR] LogOutputStream:75 - [STDERR_REDIRECT] 
2025-01-29 23:24:26,465 [ERROR] LogOutputStream:75 - [STDERR_REDIRECT] [Fatal Error] :1:1: Premature end of file.
2025-01-29 23:24:26,465 [ERROR] LogOutputStream:75 - [STDERR_REDIRECT] 
2025-01-29 23:24:27,471 [ERROR] LogOutputStream:75 - [STDERR_REDIRECT] [Fatal Error] :1:1: Premature end of file.
2025-01-29 23:24:27,471 [ERROR] LogOutputStream:75 - [STDERR_REDIRECT] 
2025-01-29 23:24:28,465 [ERROR] LogOutputStream:75 - [STDERR_REDIRECT] [Fatal Error] :1:1: Premature end of file.
2025-01-29 23:24:28,466 [ERROR] LogOutputStream:75 - [STDERR_REDIRECT] 
2025-01-29 23:24:29,479 [ERROR] LogOutputStream:75 - [STDERR_REDIRECT] [Fatal Error] :1:1: Premature end of file.
2025-01-29 23:24:29,479 [ERROR] LogOutputStream:75 - [STDERR_REDIRECT] 
2025-01-29 23:24:30,478 [ERROR] LogOutputStream:75 - [STDERR_REDIRECT] [Fatal Error] :1:1: Premature end of file.
2025-01-29 23:24:30,478 [ERROR] LogOutputStream:75 - [STDERR_REDIRECT] 
2025-01-29 23:24:31,472 [ERROR] LogOutputStream:75 - [STDERR_REDIRECT] [Fatal Error] :1:1: Premature end of file.
2025-01-29 23:24:31,472 [ERROR] LogOutputStream:75 - [STDERR_REDIRECT] 
2025-01-29 23:24:32,471 [ERROR] LogOutputStream:75 - [STDERR_REDIRECT] [Fatal Error] :1:1: Premature end of file.
2025-01-29 23:24:32,471 [ERROR] LogOutputStream:75 - [STDERR_REDIRECT] 
2025-01-29 23:24:33,468 [ERROR] LogOutputStream:75 - [STDERR_REDIRECT] [Fatal Error] :1:1: Premature end of file.
2025-01-29 23:24:33,468 [ERROR] LogOutputStream:75 - [STDERR_REDIRECT] 
2025-01-29 23:24:34,462 [ERROR] LogOutputStream:75 - [STDERR_REDIRECT] [Fatal Error] :1:1: Premature end of file.
2025-01-29 23:24:34,462 [ERROR] LogOutputStream:75 - [STDERR_REDIRECT] 
2025-01-29 23:24:35,459 [ERROR] LogOutputStream:75 - [STDERR_REDIRECT] [Fatal Error] :1:1: Premature end of file.
2025-01-29 23:24:35,461 [ERROR] LogOutputStream:75 - [STDERR_REDIRECT] 
2025-01-29 23:24:36,467 [ERROR] LogOutputStream:75 - [STDERR_REDIRECT] [Fatal Error] :1:1: Premature end of file.
2025-01-29 23:24:36,467 [ERROR] LogOutputStream:75 - [STDERR_REDIRECT] 
2025-01-29 23:24:37,468 [ERROR] LogOutputStream:75 - [STDERR_REDIRECT] [Fatal Error] :1:1: Premature end of file.
2025-01-29 23:24:37,468 [ERROR] LogOutputStream:75 - [STDERR_REDIRECT] 
2025-01-29 23:24:38,470 [ERROR] LogOutputStream:75 - [STDERR_REDIRECT] [Fatal Error] :1:1: Premature end of file.
2025-01-29 23:24:38,470 [ERROR] LogOutputStream:75 - [STDERR_REDIRECT] 
2025-01-29 23:24:39,457 [ERROR] LogOutputStream:75 - [STDERR_REDIRECT] [Fatal Error] :1:1: Premature end of file.
2025-01-29 23:24:39,457 [ERROR] LogOutputStream:75 - [STDERR_REDIRECT] 
2025-01-29 23:24:40,479 [ERROR] LogOutputStream:75 - [STDERR_REDIRECT] [Fatal Error] :1:1: Premature end of file.
2025-01-29 23:24:40,479 [ERROR] LogOutputStream:75 - [STDERR_REDIRECT] 
2025-01-29 23:24:41,469 [ERROR] LogOutputStream:75 - [STDERR_REDIRECT] [Fatal Error] :1:1: Premature end of file.
2025-01-29 23:24:41,469 [ERROR] LogOutputStream:75 - [STDERR_REDIRECT] 
2025-01-29 23:24:42,468 [ERROR] LogOutputStream:75 - [STDERR_REDIRECT] [Fatal Error] :1:1: Premature end of file.
2025-01-29 23:24:42,468 [ERROR] LogOutputStream:75 - [STDERR_REDIRECT] 
2025-01-29 23:24:43,478 [ERROR] LogOutputStream:75 - [STDERR_REDIRECT] [Fatal Error] :1:1: Premature end of file.
2025-01-29 23:24:43,478 [ERROR] LogOutputStream:75 - [STDERR_REDIRECT] 
2025-01-29 23:24:44,482 [ERROR] LogOutputStream:75 - [STDERR_REDIRECT] [Fatal Error] :1:1: Premature end of file.
2025-01-29 23:24:44,482 [ERROR] LogOutputStream:75 - [STDERR_REDIRECT] 
2025-01-29 23:24:45,460 [ERROR] LogOutputStream:75 - [STDERR_REDIRECT] [Fatal Error] :1:1: Premature end of file.
2025-01-29 23:24:45,460 [ERROR] LogOutputStream:75 - [STDERR_REDIRECT] 
2025-01-29 23:24:46,462 [ERROR] LogOutputStream:75 - [STDERR_REDIRECT] [Fatal Error] :1:1: Premature end of file.
2025-01-29 23:24:46,463 [ERROR] LogOutputStream:75 - [STDERR_REDIRECT] 
2025-01-29 23:24:47,462 [ERROR] LogOutputStream:75 - [STDERR_REDIRECT] [Fatal Error] :1:1: Premature end of file.
2025-01-29 23:24:47,462 [ERROR] LogOutputStream:75 - [STDERR_REDIRECT] 
2025-01-29 23:24:48,463 [ERROR] LogOutputStream:75 - [STDERR_REDIRECT] [Fatal Error] :1:1: Premature end of file.
2025-01-29 23:24:48,463 [ERROR] LogOutputStream:75 - [STDERR_REDIRECT] 
2025-01-29 23:24:49,473 [ERROR] LogOutputStream:75 - [STDERR_REDIRECT] [Fatal Error] :1:1: Premature end of file.
2025-01-29 23:24:49,473 [ERROR] LogOutputStream:75 - [STDERR_REDIRECT] 
2025-01-29 23:24:50,467 [ERROR] LogOutputStream:75 - [STDERR_REDIRECT] [Fatal Error] :1:1: Premature end of file.
2025-01-29 23:24:50,467 [ERROR] LogOutputStream:75 - [STDERR_REDIRECT] 
2025-01-29 23:24:51,477 [ERROR] LogOutputStream:75 - [STDERR_REDIRECT] [Fatal Error] :1:1: Premature end of file.
2025-01-29 23:24:51,477 [ERROR] LogOutputStream:75 - [STDERR_REDIRECT] 
2025-01-29 23:24:52,472 [ERROR] LogOutputStream:75 - [STDERR_REDIRECT] [Fatal Error] :1:1: Premature end of file.
2025-01-29 23:24:52,472 [ERROR] LogOutputStream:75 - [STDERR_REDIRECT] 
2025-01-29 23:24:53,461 [ERROR] LogOutputStream:75 - [STDERR_REDIRECT] [Fatal Error] :1:1: Premature end of file.
2025-01-29 23:24:53,461 [ERROR] LogOutputStream:75 - [STDERR_REDIRECT] 
2025-01-29 23:24:54,468 [ERROR] LogOutputStream:75 - [STDERR_REDIRECT] [Fatal Error] :1:1: Premature end of file.
2025-01-29 23:24:54,468 [ERROR] LogOutputStream:75 - [STDERR_REDIRECT] 
2025-01-29 23:24:55,457 [ERROR] LogOutputStream:75 - [STDERR_REDIRECT] [Fatal Error] :1:1: Premature end of file.
2025-01-29 23:24:55,457 [ERROR] LogOutputStream:75 - [STDERR_REDIRECT] 
2025-01-29 23:24:56,469 [ERROR] LogOutputStream:75 - [STDERR_REDIRECT] [Fatal Error] :1:1: Premature end of file.
2025-01-29 23:24:56,469 [ERROR] LogOutputStream:75 - [STDERR_REDIRECT] 
2025-01-29 23:24:57,461 [ERROR] LogOutputStream:75 - [STDERR_REDIRECT] [Fatal Error] :1:1: Premature end of file.
2025-01-29 23:24:57,461 [ERROR] LogOutputStream:75 - [STDERR_REDIRECT] 
2025-01-29 23:24:58,452 [ERROR] LogOutputStream:75 - [STDERR_REDIRECT] [Fatal Error] :1:1: Premature end of file.
2025-01-29 23:24:58,452 [ERROR] LogOutputStream:75 - [STDERR_REDIRECT] 
2025-01-29 23:24:59,450 [ERROR] LogOutputStream:75 - [STDERR_REDIRECT] [Fatal Error] :1:1: Premature end of file.
2025-01-29 23:24:59,450 [ERROR] LogOutputStream:75 - [STDERR_REDIRECT] 
2025-01-29 23:25:00,460 [ERROR] LogOutputStream:75 - [STDERR_REDIRECT] [Fatal Error] :1:1: Premature end of file.
2025-01-29 23:25:00,460 [ERROR] LogOutputStream:75 - [STDERR_REDIRECT] 
2025-01-29 23:25:01,473 [ERROR] LogOutputStream:75 - [STDERR_REDIRECT] [Fatal Error] :1:1: Premature end of file.
2025-01-29 23:25:01,473 [ERROR] LogOutputStream:75 - [STDERR_REDIRECT] 
2025-01-29 23:25:02,473 [ERROR] LogOutputStream:75 - [STDERR_REDIRECT] [Fatal Error] :1:1: Premature end of file.
2025-01-29 23:25:02,475 [ERROR] LogOutputStream:75 - [STDERR_REDIRECT] 
2025-01-29 23:25:03,470 [ERROR] LogOutputStream:75 - [STDERR_REDIRECT] [Fatal Error] :1:1: Premature end of file.
2025-01-29 23:25:03,470 [ERROR] LogOutputStream:75 - [STDERR_REDIRECT] 
2025-01-29 23:25:04,467 [ERROR] LogOutputStream:75 - [STDERR_REDIRECT] [Fatal Error] :1:1: Premature end of file.
2025-01-29 23:25:04,467 [ERROR] LogOutputStream:75 - [STDERR_REDIRECT] 
2025-01-29 23:25:05,467 [ERROR] LogOutputStream:75 - [STDERR_REDIRECT] [Fatal Error] :1:1: Premature end of file.
2025-01-29 23:25:05,467 [ERROR] LogOutputStream:75 - [STDERR_REDIRECT] 
2025-01-29 23:25:06,464 [ERROR] LogOutputStream:75 - [STDERR_REDIRECT] [Fatal Error] :1:1: Premature end of file.
2025-01-29 23:25:06,464 [ERROR] LogOutputStream:75 - [STDERR_REDIRECT] 
2025-01-29 23:25:07,445 [ERROR] LogOutputStream:75 - [STDERR_REDIRECT] [Fatal Error] :1:1: Premature end of file.
2025-01-29 23:25:07,445 [ERROR] LogOutputStream:75 - [STDERR_REDIRECT] 
2025-01-29 23:25:08,472 [ERROR] LogOutputStream:75 - [STDERR_REDIRECT] [Fatal Error] :1:1: Premature end of file.
2025-01-29 23:25:08,472 [ERROR] LogOutputStream:75 - [STDERR_REDIRECT] 
2025-01-29 23:25:09,468 [ERROR] LogOutputStream:75 - [STDERR_REDIRECT] [Fatal Error] :1:1: Premature end of file.
2025-01-29 23:25:09,468 [ERROR] LogOutputStream:75 - [STDERR_REDIRECT] 
2025-01-29 23:25:10,467 [ERROR] LogOutputStream:75 - [STDERR_REDIRECT] [Fatal Error] :1:1: Premature end of file.
2025-01-29 23:25:10,467 [ERROR] LogOutputStream:75 - [STDERR_REDIRECT] 
2025-01-29 23:25:11,468 [ERROR] LogOutputStream:75 - [STDERR_REDIRECT] [Fatal Error] :1:1: Premature end of file.
2025-01-29 23:25:11,468 [ERROR] LogOutputStream:75 - [STDERR_REDIRECT] 
2025-01-29 23:25:12,499 [ERROR] LogOutputStream:75 - [STDERR_REDIRECT] [Fatal Error] :1:1: Premature end of file.
2025-01-29 23:25:12,499 [ERROR] LogOutputStream:75 - [STDERR_REDIRECT] 
2025-01-29 23:25:13,457 [ERROR] LogOutputStream:75 - [STDERR_REDIRECT] [Fatal Error] :1:1: Premature end of file.
2025-01-29 23:25:13,459 [ERROR] LogOutputStream:75 - [STDERR_REDIRECT] 
2025-01-29 23:25:14,472 [ERROR] LogOutputStream:75 - [STDERR_REDIRECT] [Fatal Error] :1:1: Premature end of file.
2025-01-29 23:25:14,472 [ERROR] LogOutputStream:75 - [STDERR_REDIRECT] 
2025-01-29 23:25:15,482 [ERROR] LogOutputStream:75 - [STDERR_REDIRECT] [Fatal Error] :1:1: Premature end of file.
2025-01-29 23:25:15,482 [ERROR] LogOutputStream:75 - [STDERR_REDIRECT] 
2025-01-29 23:25:16,456 [ERROR] LogOutputStream:75 - [STDERR_REDIRECT] [Fatal Error] :1:1: Premature end of file.
2025-01-29 23:25:16,456 [ERROR] LogOutputStream:75 - [STDERR_REDIRECT] 
2025-01-29 23:25:17,487 [ERROR] LogOutputStream:75 - [STDERR_REDIRECT] [Fatal Error] :1:1: Premature end of file.
2025-01-29 23:25:17,487 [ERROR] LogOutputStream:75 - [STDERR_REDIRECT] 
2025-01-29 23:25:18,465 [ERROR] LogOutputStream:75 - [STDERR_REDIRECT] [Fatal Error] :1:1: Premature end of file.
2025-01-29 23:25:18,467 [ERROR] LogOutputStream:75 - [STDERR_REDIRECT] 
2025-01-29 23:25:19,465 [ERROR] LogOutputStream:75 - [STDERR_REDIRECT] [Fatal Error] :1:1: Premature end of file.
2025-01-29 23:25:19,465 [ERROR] LogOutputStream:75 - [STDERR_REDIRECT] 
2025-01-29 23:25:20,471 [ERROR] LogOutputStream:75 - [STDERR_REDIRECT] [Fatal Error] :1:1: Premature end of file.
2025-01-29 23:25:20,471 [ERROR] LogOutputStream:75 - [STDERR_REDIRECT] 
2025-01-29 23:25:21,455 [ERROR] LogOutputStream:75 - [STDERR_REDIRECT] [Fatal Error] :1:1: Premature end of file.
2025-01-29 23:25:21,455 [ERROR] LogOutputStream:75 - [STDERR_REDIRECT] 
2025-01-29 23:25:22,467 [ERROR] LogOutputStream:75 - [STDERR_REDIRECT] [Fatal Error] :1:1: Premature end of file.
2025-01-29 23:25:22,467 [ERROR] LogOutputStream:75 - [STDERR_REDIRECT] 
2025-01-29 23:25:23,458 [ERROR] LogOutputStream:75 - [STDERR_REDIRECT] [Fatal Error] :1:1: Premature end of file.
2025-01-29 23:25:23,458 [ERROR] LogOutputStream:75 - [STDERR_REDIRECT] 
2025-01-29 23:25:24,480 [ERROR] LogOutputStream:75 - [STDERR_REDIRECT] [Fatal Error] :1:1: Premature end of file.
2025-01-29 23:25:24,480 [ERROR] LogOutputStream:75 - [STDERR_REDIRECT] 
2025-01-29 23:25:25,455 [ERROR] LogOutputStream:75 - [STDERR_REDIRECT] [Fatal Error] :1:1: Premature end of file.
2025-01-29 23:25:25,455 [ERROR] LogOutputStream:75 - [STDERR_REDIRECT] 
2025-01-29 23:25:26,468 [ERROR] LogOutputStream:75 - [STDERR_REDIRECT] [Fatal Error] :1:1: Premature end of file.
2025-01-29 23:25:26,468 [ERROR] LogOutputStream:75 - [STDERR_REDIRECT] 
2025-01-29 23:25:27,468 [ERROR] LogOutputStream:75 - [STDERR_REDIRECT] [Fatal Error] :1:1: Premature end of file.
2025-01-29 23:25:27,468 [ERROR] LogOutputStream:75 - [STDERR_REDIRECT] 
2025-01-29 23:25:28,480 [ERROR] LogOutputStream:75 - [STDERR_REDIRECT] [Fatal Error] :1:1: Premature end of file.
2025-01-29 23:25:28,480 [ERROR] LogOutputStream:75 - [STDERR_REDIRECT] 
2025-01-29 23:25:29,462 [ERROR] LogOutputStream:75 - [STDERR_REDIRECT] [Fatal Error] :1:1: Premature end of file.
2025-01-29 23:25:29,462 [ERROR] LogOutputStream:75 - [STDERR_REDIRECT] 
2025-01-29 23:25:30,466 [ERROR] LogOutputStream:75 - [STDERR_REDIRECT] [Fatal Error] :1:1: Premature end of file.
2025-01-29 23:25:30,466 [ERROR] LogOutputStream:75 - [STDERR_REDIRECT] 
2025-01-29 23:25:31,460 [ERROR] LogOutputStream:75 - [STDERR_REDIRECT] [Fatal Error] :1:1: Premature end of file.
2025-01-29 23:25:31,460 [ERROR] LogOutputStream:75 - [STDERR_REDIRECT] 
2025-01-29 23:25:32,475 [ERROR] LogOutputStream:75 - [STDERR_REDIRECT] [Fatal Error] :1:1: Premature end of file.
2025-01-29 23:25:32,477 [ERROR] LogOutputStream:75 - [STDERR_REDIRECT] 
2025-01-29 23:25:33,472 [ERROR] LogOutputStream:75 - [STDERR_REDIRECT] [Fatal Error] :1:1: Premature end of file.
2025-01-29 23:25:33,472 [ERROR] LogOutputStream:75 - [STDERR_REDIRECT] 
2025-01-29 23:25:34,475 [ERROR] LogOutputStream:75 - [STDERR_REDIRECT] [Fatal Error] :1:1: Premature end of file.
2025-01-29 23:25:34,475 [ERROR] LogOutputStream:75 - [STDERR_REDIRECT] 
2025-01-29 23:25:35,468 [ERROR] LogOutputStream:75 - [STDERR_REDIRECT] [Fatal Error] :1:1: Premature end of file.
2025-01-29 23:25:35,468 [ERROR] LogOutputStream:75 - [STDERR_REDIRECT] 
2025-01-29 23:25:36,485 [ERROR] LogOutputStream:75 - [STDERR_REDIRECT] [Fatal Error] :1:1: Premature end of file.
2025-01-29 23:25:36,485 [ERROR] LogOutputStream:75 - [STDERR_REDIRECT] 
2025-01-29 23:25:37,492 [ERROR] LogOutputStream:75 - [STDERR_REDIRECT] [Fatal Error] :1:1: Premature end of file.
2025-01-29 23:25:37,492 [ERROR] LogOutputStream:75 - [STDERR_REDIRECT] 
2025-01-29 23:25:38,465 [ERROR] LogOutputStream:75 - [STDERR_REDIRECT] [Fatal Error] :1:1: Premature end of file.
2025-01-29 23:25:38,465 [ERROR] LogOutputStream:75 - [STDERR_REDIRECT] 
2025-01-29 23:25:39,475 [ERROR] LogOutputStream:75 - [STDERR_REDIRECT] [Fatal Error] :1:1: Premature end of file.
2025-01-29 23:25:39,475 [ERROR] LogOutputStream:75 - [STDERR_REDIRECT] 
2025-01-29 23:25:40,471 [ERROR] LogOutputStream:75 - [STDERR_REDIRECT] [Fatal Error] :1:1: Premature end of file.
2025-01-29 23:25:40,471 [ERROR] LogOutputStream:75 - [STDERR_REDIRECT] 
2025-01-29 23:25:41,458 [ERROR] LogOutputStream:75 - [STDERR_REDIRECT] [Fatal Error] :1:1: Premature end of file.
2025-01-29 23:25:41,458 [ERROR] LogOutputStream:75 - [STDERR_REDIRECT] 
2025-01-29 23:25:42,480 [ERROR] LogOutputStream:75 - [STDERR_REDIRECT] [Fatal Error] :1:1: Premature end of file.
2025-01-29 23:25:42,480 [ERROR] LogOutputStream:75 - [STDERR_REDIRECT] 
2025-01-29 23:25:43,462 [ERROR] LogOutputStream:75 - [STDERR_REDIRECT] [Fatal Error] :1:1: Premature end of file.
2025-01-29 23:25:43,462 [ERROR] LogOutputStream:75 - [STDERR_REDIRECT] 
2025-01-29 23:25:44,467 [ERROR] LogOutputStream:75 - [STDERR_REDIRECT] [Fatal Error] :1:1: Premature end of file.
2025-01-29 23:25:44,467 [ERROR] LogOutputStream:75 - [STDERR_REDIRECT] 
2025-01-29 23:25:45,468 [ERROR] LogOutputStream:75 - [STDERR_REDIRECT] [Fatal Error] :1:1: Premature end of file.
2025-01-29 23:25:45,468 [ERROR] LogOutputStream:75 - [STDERR_REDIRECT] 
2025-01-29 23:25:46,468 [ERROR] LogOutputStream:75 - [STDERR_REDIRECT] [Fatal Error] :1:1: Premature end of file.
2025-01-29 23:25:46,468 [ERROR] LogOutputStream:75 - [STDERR_REDIRECT] 
2025-01-29 23:25:47,483 [ERROR] LogOutputStream:75 - [STDERR_REDIRECT] [Fatal Error] :1:1: Premature end of file.
2025-01-29 23:25:47,483 [ERROR] LogOutputStream:75 - [STDERR_REDIRECT] 
2025-01-29 23:25:48,462 [ERROR] LogOutputStream:75 - [STDERR_REDIRECT] [Fatal Error] :1:1: Premature end of file.
2025-01-29 23:25:48,462 [ERROR] LogOutputStream:75 - [STDERR_REDIRECT] 
2025-01-29 23:25:49,446 [ERROR] LogOutputStream:75 - [STDERR_REDIRECT] [Fatal Error] :1:1: Premature end of file.
2025-01-29 23:25:49,447 [ERROR] LogOutputStream:75 - [STDERR_REDIRECT] 
2025-01-29 23:25:50,461 [ERROR] LogOutputStream:75 - [STDERR_REDIRECT] [Fatal Error] :1:1: Premature end of file.
2025-01-29 23:25:50,461 [ERROR] LogOutputStream:75 - [STDERR_REDIRECT] 
2025-01-29 23:25:51,451 [ERROR] LogOutputStream:75 - [STDERR_REDIRECT] [Fatal Error] :1:1: Premature end of file.
2025-01-29 23:25:51,451 [ERROR] LogOutputStream:75 - [STDERR_REDIRECT] 
2025-01-29 23:25:52,448 [ERROR] LogOutputStream:75 - [STDERR_REDIRECT] [Fatal Error] :1:1: Premature end of file.
2025-01-29 23:25:52,448 [ERROR] LogOutputStream:75 - [STDERR_REDIRECT] 
2025-01-29 23:25:53,467 [ERROR] LogOutputStream:75 - [STDERR_REDIRECT] [Fatal Error] :1:1: Premature end of file.
2025-01-29 23:25:53,469 [ERROR] LogOutputStream:75 - [STDERR_REDIRECT] 
2025-01-29 23:25:54,478 [ERROR] LogOutputStream:75 - [STDERR_REDIRECT] [Fatal Error] :1:1: Premature end of file.
2025-01-29 23:25:54,478 [ERROR] LogOutputStream:75 - [STDERR_REDIRECT] 
2025-01-29 23:25:55,477 [ERROR] LogOutputStream:75 - [STDERR_REDIRECT] [Fatal Error] :1:1: Premature end of file.
2025-01-29 23:25:55,477 [ERROR] LogOutputStream:75 - [STDERR_REDIRECT] 
2025-01-29 23:25:56,467 [ERROR] LogOutputStream:75 - [STDERR_REDIRECT] [Fatal Error] :1:1: Premature end of file.
2025-01-29 23:25:56,467 [ERROR] LogOutputStream:75 - [STDERR_REDIRECT] 
2025-01-29 23:25:57,451 [ERROR] LogOutputStream:75 - [STDERR_REDIRECT] [Fatal Error] :1:1: Premature end of file.
2025-01-29 23:25:57,451 [ERROR] LogOutputStream:75 - [STDERR_REDIRECT] 
2025-01-29 23:25:58,468 [ERROR] LogOutputStream:75 - [STDERR_REDIRECT] [Fatal Error] :1:1: Premature end of file.
2025-01-29 23:25:58,468 [ERROR] LogOutputStream:75 - [STDERR_REDIRECT] 
2025-01-29 23:25:59,468 [ERROR] LogOutputStream:75 - [STDERR_REDIRECT] [Fatal Error] :1:1: Premature end of file.
2025-01-29 23:25:59,468 [ERROR] LogOutputStream:75 - [STDERR_REDIRECT] 
2025-01-29 23:26:00,472 [ERROR] LogOutputStream:75 - [STDERR_REDIRECT] [Fatal Error] :1:1: Premature end of file.
2025-01-29 23:26:00,472 [ERROR] LogOutputStream:75 - [STDERR_REDIRECT] 
2025-01-29 23:26:01,468 [ERROR] LogOutputStream:75 - [STDERR_REDIRECT] [Fatal Error] :1:1: Premature end of file.
2025-01-29 23:26:01,468 [ERROR] LogOutputStream:75 - [STDERR_REDIRECT] 
2025-01-29 23:26:02,479 [ERROR] LogOutputStream:75 - [STDERR_REDIRECT] [Fatal Error] :1:1: Premature end of file.
2025-01-29 23:26:02,479 [ERROR] LogOutputStream:75 - [STDERR_REDIRECT] 
2025-01-29 23:26:03,465 [ERROR] LogOutputStream:75 - [STDERR_REDIRECT] [Fatal Error] :1:1: Premature end of file.
2025-01-29 23:26:03,465 [ERROR] LogOutputStream:75 - [STDERR_REDIRECT] 
2025-01-29 23:26:04,474 [ERROR] LogOutputStream:75 - [STDERR_REDIRECT] [Fatal Error] :1:1: Premature end of file.
2025-01-29 23:26:04,474 [ERROR] LogOutputStream:75 - [STDERR_REDIRECT] 
2025-01-29 23:26:05,485 [ERROR] LogOutputStream:75 - [STDERR_REDIRECT] [Fatal Error] :1:1: Premature end of file.
2025-01-29 23:26:05,485 [ERROR] LogOutputStream:75 - [STDERR_REDIRECT] 
2025-01-29 23:26:06,464 [ERROR] LogOutputStream:75 - [STDERR_REDIRECT] [Fatal Error] :1:1: Premature end of file.
2025-01-29 23:26:06,464 [ERROR] LogOutputStream:75 - [STDERR_REDIRECT] 
2025-01-29 23:26:07,462 [ERROR] LogOutputStream:75 - [STDERR_REDIRECT] [Fatal Error] :1:1: Premature end of file.
2025-01-29 23:26:07,462 [ERROR] LogOutputStream:75 - [STDERR_REDIRECT] 
2025-01-29 23:26:08,465 [ERROR] LogOutputStream:75 - [STDERR_REDIRECT] [Fatal Error] :1:1: Premature end of file.
2025-01-29 23:26:08,466 [ERROR] LogOutputStream:75 - [STDERR_REDIRECT] 
2025-01-29 23:26:09,469 [ERROR] LogOutputStream:75 - [STDERR_REDIRECT] [Fatal Error] :1:1: Premature end of file.
2025-01-29 23:26:09,469 [ERROR] LogOutputStream:75 - [STDERR_REDIRECT] 
2025-01-29 23:26:10,478 [ERROR] LogOutputStream:75 - [STDERR_REDIRECT] [Fatal Error] :1:1: Premature end of file.
2025-01-29 23:26:10,480 [ERROR] LogOutputStream:75 - [STDERR_REDIRECT] 
2025-01-29 23:26:11,462 [ERROR] LogOutputStream:75 - [STDERR_REDIRECT] [Fatal Error] :1:1: Premature end of file.
2025-01-29 23:26:11,464 [ERROR] LogOutputStream:75 - [STDERR_REDIRECT] 
2025-01-29 23:26:12,463 [ERROR] LogOutputStream:75 - [STDERR_REDIRECT] [Fatal Error] :1:1: Premature end of file.
2025-01-29 23:26:12,463 [ERROR] LogOutputStream:75 - [STDERR_REDIRECT] 
2025-01-29 23:26:13,465 [ERROR] LogOutputStream:75 - [STDERR_REDIRECT] [Fatal Error] :1:1: Premature end of file.
2025-01-29 23:26:13,465 [ERROR] LogOutputStream:75 - [STDERR_REDIRECT] 
2025-01-29 23:26:14,471 [ERROR] LogOutputStream:75 - [STDERR_REDIRECT] [Fatal Error] :1:1: Premature end of file.
2025-01-29 23:26:14,471 [ERROR] LogOutputStream:75 - [STDERR_REDIRECT] 
2025-01-29 23:26:15,459 [ERROR] LogOutputStream:75 - [STDERR_REDIRECT] [Fatal Error] :1:1: Premature end of file.
2025-01-29 23:26:15,459 [ERROR] LogOutputStream:75 - [STDERR_REDIRECT] 
2025-01-29 23:26:16,482 [ERROR] LogOutputStream:75 - [STDERR_REDIRECT] [Fatal Error] :1:1: Premature end of file.
2025-01-29 23:26:16,482 [ERROR] LogOutputStream:75 - [STDERR_REDIRECT] 
2025-01-29 23:26:17,472 [ERROR] LogOutputStream:75 - [STDERR_REDIRECT] [Fatal Error] :1:1: Premature end of file.
2025-01-29 23:26:17,472 [ERROR] LogOutputStream:75 - [STDERR_REDIRECT] 
2025-01-29 23:26:18,469 [ERROR] LogOutputStream:75 - [STDERR_REDIRECT] [Fatal Error] :1:1: Premature end of file.
2025-01-29 23:26:18,469 [ERROR] LogOutputStream:75 - [STDERR_REDIRECT] 
2025-01-29 23:26:19,472 [ERROR] LogOutputStream:75 - [STDERR_REDIRECT] [Fatal Error] :1:1: Premature end of file.
2025-01-29 23:26:19,472 [ERROR] LogOutputStream:75 - [STDERR_REDIRECT] 
2025-01-29 23:26:20,459 [ERROR] LogOutputStream:75 - [STDERR_REDIRECT] [Fatal Error] :1:1: Premature end of file.
2025-01-29 23:26:20,459 [ERROR] LogOutputStream:75 - [STDERR_REDIRECT] 
2025-01-29 23:26:21,466 [ERROR] LogOutputStream:75 - [STDERR_REDIRECT] [Fatal Error] :1:1: Premature end of file.
2025-01-29 23:26:21,466 [ERROR] LogOutputStream:75 - [STDERR_REDIRECT] 
2025-01-29 23:26:22,452 [ERROR] LogOutputStream:75 - [STDERR_REDIRECT] [Fatal Error] :1:1: Premature end of file.
2025-01-29 23:26:22,452 [ERROR] LogOutputStream:75 - [STDERR_REDIRECT] 
2025-01-29 23:26:23,461 [ERROR] LogOutputStream:75 - [STDERR_REDIRECT] [Fatal Error] :1:1: Premature end of file.
2025-01-29 23:26:23,462 [ERROR] LogOutputStream:75 - [STDERR_REDIRECT] 
2025-01-29 23:26:24,462 [ERROR] LogOutputStream:75 - [STDERR_REDIRECT] [Fatal Error] :1:1: Premature end of file.
2025-01-29 23:26:24,462 [ERROR] LogOutputStream:75 - [STDERR_REDIRECT] 
2025-01-29 23:26:25,459 [ERROR] LogOutputStream:75 - [STDERR_REDIRECT] [Fatal Error] :1:1: Premature end of file.
2025-01-29 23:26:25,459 [ERROR] LogOutputStream:75 - [STDERR_REDIRECT] 
2025-01-29 23:26:26,457 [ERROR] LogOutputStream:75 - [STDERR_REDIRECT] [Fatal Error] :1:1: Premature end of file.
2025-01-29 23:26:26,457 [ERROR] LogOutputStream:75 - [STDERR_REDIRECT] 
2025-01-29 23:26:27,470 [ERROR] LogOutputStream:75 - [STDERR_REDIRECT] [Fatal Error] :1:1: Premature end of file.
2025-01-29 23:26:27,470 [ERROR] LogOutputStream:75 - [STDERR_REDIRECT] 
2025-01-29 23:26:28,465 [ERROR] LogOutputStream:75 - [STDERR_REDIRECT] [Fatal Error] :1:1: Premature end of file.
2025-01-29 23:26:28,465 [ERROR] LogOutputStream:75 - [STDERR_REDIRECT] 
2025-01-29 23:26:29,472 [ERROR] LogOutputStream:75 - [STDERR_REDIRECT] [Fatal Error] :1:1: Premature end of file.
2025-01-29 23:26:29,472 [ERROR] LogOutputStream:75 - [STDERR_REDIRECT] 
2025-01-29 23:26:30,475 [ERROR] LogOutputStream:75 - [STDERR_REDIRECT] [Fatal Error] :1:1: Premature end of file.
2025-01-29 23:26:30,475 [ERROR] LogOutputStream:75 - [STDERR_REDIRECT] 
2025-01-29 23:26:31,464 [ERROR] LogOutputStream:75 - [STDERR_REDIRECT] [Fatal Error] :1:1: Premature end of file.
2025-01-29 23:26:31,464 [ERROR] LogOutputStream:75 - [STDERR_REDIRECT] 
2025-01-29 23:26:32,467 [ERROR] LogOutputStream:75 - [STDERR_REDIRECT] [Fatal Error] :1:1: Premature end of file.
2025-01-29 23:26:32,467 [ERROR] LogOutputStream:75 - [STDERR_REDIRECT] 
2025-01-29 23:26:33,477 [ERROR] LogOutputStream:75 - [STDERR_REDIRECT] [Fatal Error] :1:1: Premature end of file.
2025-01-29 23:26:33,477 [ERROR] LogOutputStream:75 - [STDERR_REDIRECT] 
2025-01-29 23:26:34,472 [ERROR] LogOutputStream:75 - [STDERR_REDIRECT] [Fatal Error] :1:1: Premature end of file.
2025-01-29 23:26:34,472 [ERROR] LogOutputStream:75 - [STDERR_REDIRECT] 
2025-01-29 23:26:35,463 [ERROR] LogOutputStream:75 - [STDERR_REDIRECT] [Fatal Error] :1:1: Premature end of file.
2025-01-29 23:26:35,463 [ERROR] LogOutputStream:75 - [STDERR_REDIRECT] 
2025-01-29 23:26:36,472 [ERROR] LogOutputStream:75 - [STDERR_REDIRECT] [Fatal Error] :1:1: Premature end of file.
2025-01-29 23:26:36,472 [ERROR] LogOutputStream:75 - [STDERR_REDIRECT] 
2025-01-29 23:26:37,468 [ERROR] LogOutputStream:75 - [STDERR_REDIRECT] [Fatal Error] :1:1: Premature end of file.
2025-01-29 23:26:37,468 [ERROR] LogOutputStream:75 - [STDERR_REDIRECT] 
2025-01-29 23:26:38,462 [ERROR] LogOutputStream:75 - [STDERR_REDIRECT] [Fatal Error] :1:1: Premature end of file.
2025-01-29 23:26:38,462 [ERROR] LogOutputStream:75 - [STDERR_REDIRECT] 
2025-01-29 23:26:39,465 [ERROR] LogOutputStream:75 - [STDERR_REDIRECT] [Fatal Error] :1:1: Premature end of file.
2025-01-29 23:26:39,465 [ERROR] LogOutputStream:75 - [STDERR_REDIRECT] 
2025-01-29 23:26:40,463 [ERROR] LogOutputStream:75 - [STDERR_REDIRECT] [Fatal Error] :1:1: Premature end of file.
2025-01-29 23:26:40,463 [ERROR] LogOutputStream:75 - [STDERR_REDIRECT] 
2025-01-29 23:26:41,458 [ERROR] LogOutputStream:75 - [STDERR_REDIRECT] [Fatal Error] :1:1: Premature end of file.
2025-01-29 23:26:41,458 [ERROR] LogOutputStream:75 - [STDERR_REDIRECT] 
2025-01-29 23:26:42,467 [ERROR] LogOutputStream:75 - [STDERR_REDIRECT] [Fatal Error] :1:1: Premature end of file.
2025-01-29 23:26:42,467 [ERROR] LogOutputStream:75 - [STDERR_REDIRECT] 
2025-01-29 23:26:43,465 [ERROR] LogOutputStream:75 - [STDERR_REDIRECT] [Fatal Error] :1:1: Premature end of file.
2025-01-29 23:26:43,465 [ERROR] LogOutputStream:75 - [STDERR_REDIRECT] 
2025-01-29 23:26:44,452 [ERROR] LogOutputStream:75 - [STDERR_REDIRECT] [Fatal Error] :1:1: Premature end of file.
2025-01-29 23:26:44,452 [ERROR] LogOutputStream:75 - [STDERR_REDIRECT] 
2025-01-29 23:26:45,472 [ERROR] LogOutputStream:75 - [STDERR_REDIRECT] [Fatal Error] :1:1: Premature end of file.
2025-01-29 23:26:45,472 [ERROR] LogOutputStream:75 - [STDERR_REDIRECT] 
2025-01-29 23:26:46,462 [ERROR] LogOutputStream:75 - [STDERR_REDIRECT] [Fatal Error] :1:1: Premature end of file.
2025-01-29 23:26:46,462 [ERROR] LogOutputStream:75 - [STDERR_REDIRECT] 
2025-01-29 23:26:47,489 [ERROR] LogOutputStream:75 - [STDERR_REDIRECT] [Fatal Error] :1:1: Premature end of file.
2025-01-29 23:26:47,489 [ERROR] LogOutputStream:75 - [STDERR_REDIRECT] 
2025-01-29 23:26:48,462 [ERROR] LogOutputStream:75 - [STDERR_REDIRECT] [Fatal Error] :1:1: Premature end of file.
2025-01-29 23:26:48,462 [ERROR] LogOutputStream:75 - [STDERR_REDIRECT] 
2025-01-29 23:26:49,472 [ERROR] LogOutputStream:75 - [STDERR_REDIRECT] [Fatal Error] :1:1: Premature end of file.
2025-01-29 23:26:49,472 [ERROR] LogOutputStream:75 - [STDERR_REDIRECT] 
2025-01-29 23:26:50,469 [ERROR] LogOutputStream:75 - [STDERR_REDIRECT] [Fatal Error] :1:1: Premature end of file.
2025-01-29 23:26:50,469 [ERROR] LogOutputStream:75 - [STDERR_REDIRECT] 
2025-01-29 23:26:51,471 [ERROR] LogOutputStream:75 - [STDERR_REDIRECT] [Fatal Error] :1:1: Premature end of file.
2025-01-29 23:26:51,472 [ERROR] LogOutputStream:75 - [STDERR_REDIRECT] 
2025-01-29 23:26:52,464 [ERROR] LogOutputStream:75 - [STDERR_REDIRECT] [Fatal Error] :1:1: Premature end of file.
2025-01-29 23:26:52,464 [ERROR] LogOutputStream:75 - [STDERR_REDIRECT] 
2025-01-29 23:26:53,457 [ERROR] LogOutputStream:75 - [STDERR_REDIRECT] [Fatal Error] :1:1: Premature end of file.
2025-01-29 23:26:53,457 [ERROR] LogOutputStream:75 - [STDERR_REDIRECT] 
2025-01-29 23:26:54,464 [ERROR] LogOutputStream:75 - [STDERR_REDIRECT] [Fatal Error] :1:1: Premature end of file.
2025-01-29 23:26:54,464 [ERROR] LogOutputStream:75 - [STDERR_REDIRECT] 
2025-01-29 23:26:55,471 [ERROR] LogOutputStream:75 - [STDERR_REDIRECT] [Fatal Error] :1:1: Premature end of file.
2025-01-29 23:26:55,471 [ERROR] LogOutputStream:75 - [STDERR_REDIRECT] 
2025-01-29 23:26:56,462 [ERROR] LogOutputStream:75 - [STDERR_REDIRECT] [Fatal Error] :1:1: Premature end of file.
2025-01-29 23:26:56,462 [ERROR] LogOutputStream:75 - [STDERR_REDIRECT] 
2025-01-29 23:26:57,457 [ERROR] LogOutputStream:75 - [STDERR_REDIRECT] [Fatal Error] :1:1: Premature end of file.
2025-01-29 23:26:57,458 [ERROR] LogOutputStream:75 - [STDERR_REDIRECT] 
2025-01-29 23:26:58,472 [ERROR] LogOutputStream:75 - [STDERR_REDIRECT] [Fatal Error] :1:1: Premature end of file.
2025-01-29 23:26:58,472 [ERROR] LogOutputStream:75 - [STDERR_REDIRECT] 
2025-01-29 23:26:59,473 [ERROR] LogOutputStream:75 - [STDERR_REDIRECT] [Fatal Error] :1:1: Premature end of file.
2025-01-29 23:26:59,473 [ERROR] LogOutputStream:75 - [STDERR_REDIRECT] 
2025-01-29 23:27:00,460 [ERROR] LogOutputStream:75 - [STDERR_REDIRECT] [Fatal Error] :1:1: Premature end of file.
2025-01-29 23:27:00,460 [ERROR] LogOutputStream:75 - [STDERR_REDIRECT] 
2025-01-29 23:27:01,466 [ERROR] LogOutputStream:75 - [STDERR_REDIRECT] [Fatal Error] :1:1: Premature end of file.
2025-01-29 23:27:01,466 [ERROR] LogOutputStream:75 - [STDERR_REDIRECT] 
2025-01-29 23:27:02,471 [ERROR] LogOutputStream:75 - [STDERR_REDIRECT] [Fatal Error] :1:1: Premature end of file.
2025-01-29 23:27:02,471 [ERROR] LogOutputStream:75 - [STDERR_REDIRECT] 
2025-01-29 23:27:03,475 [ERROR] LogOutputStream:75 - [STDERR_REDIRECT] [Fatal Error] :1:1: Premature end of file.
2025-01-29 23:27:03,475 [ERROR] LogOutputStream:75 - [STDERR_REDIRECT] 
2025-01-29 23:27:04,465 [ERROR] LogOutputStream:75 - [STDERR_REDIRECT] [Fatal Error] :1:1: Premature end of file.
2025-01-29 23:27:04,465 [ERROR] LogOutputStream:75 - [STDERR_REDIRECT] 
2025-01-29 23:27:05,455 [ERROR] LogOutputStream:75 - [STDERR_REDIRECT] [Fatal Error] :1:1: Premature end of file.
2025-01-29 23:27:05,455 [ERROR] LogOutputStream:75 - [STDERR_REDIRECT] 
2025-01-29 23:27:06,472 [ERROR] LogOutputStream:75 - [STDERR_REDIRECT] [Fatal Error] :1:1: Premature end of file.
2025-01-29 23:27:06,472 [ERROR] LogOutputStream:75 - [STDERR_REDIRECT] 
2025-01-29 23:27:07,465 [ERROR] LogOutputStream:75 - [STDERR_REDIRECT] [Fatal Error] :1:1: Premature end of file.
2025-01-29 23:27:07,465 [ERROR] LogOutputStream:75 - [STDERR_REDIRECT] 
2025-01-29 23:27:08,468 [ERROR] LogOutputStream:75 - [STDERR_REDIRECT] [Fatal Error] :1:1: Premature end of file.
2025-01-29 23:27:08,468 [ERROR] LogOutputStream:75 - [STDERR_REDIRECT] 
2025-01-29 23:27:09,465 [ERROR] LogOutputStream:75 - [STDERR_REDIRECT] [Fatal Error] :1:1: Premature end of file.
2025-01-29 23:27:09,465 [ERROR] LogOutputStream:75 - [STDERR_REDIRECT] 
2025-01-29 23:27:10,452 [ERROR] LogOutputStream:75 - [STDERR_REDIRECT] [Fatal Error] :1:1: Premature end of file.
2025-01-29 23:27:10,452 [ERROR] LogOutputStream:75 - [STDERR_REDIRECT] 
2025-01-29 23:27:11,471 [ERROR] LogOutputStream:75 - [STDERR_REDIRECT] [Fatal Error] :1:1: Premature end of file.
2025-01-29 23:27:11,472 [ERROR] LogOutputStream:75 - [STDERR_REDIRECT] 
2025-01-29 23:27:12,474 [ERROR] LogOutputStream:75 - [STDERR_REDIRECT] [Fatal Error] :1:1: Premature end of file.
2025-01-29 23:27:12,476 [ERROR] LogOutputStream:75 - [STDERR_REDIRECT] 
2025-01-29 23:27:13,452 [ERROR] LogOutputStream:75 - [STDERR_REDIRECT] [Fatal Error] :1:1: Premature end of file.
2025-01-29 23:27:13,452 [ERROR] LogOutputStream:75 - [STDERR_REDIRECT] 
2025-01-29 23:27:14,461 [ERROR] LogOutputStream:75 - [STDERR_REDIRECT] [Fatal Error] :1:1: Premature end of file.
2025-01-29 23:27:14,461 [ERROR] LogOutputStream:75 - [STDERR_REDIRECT] 
2025-01-29 23:27:15,448 [ERROR] LogOutputStream:75 - [STDERR_REDIRECT] [Fatal Error] :1:1: Premature end of file.
2025-01-29 23:27:15,448 [ERROR] LogOutputStream:75 - [STDERR_REDIRECT] 
2025-01-29 23:27:16,464 [ERROR] LogOutputStream:75 - [STDERR_REDIRECT] [Fatal Error] :1:1: Premature end of file.
2025-01-29 23:27:16,464 [ERROR] LogOutputStream:75 - [STDERR_REDIRECT] 
2025-01-29 23:27:17,464 [ERROR] LogOutputStream:75 - [STDERR_REDIRECT] [Fatal Error] :1:1: Premature end of file.
2025-01-29 23:27:17,465 [ERROR] LogOutputStream:75 - [STDERR_REDIRECT] 
2025-01-29 23:27:18,477 [ERROR] LogOutputStream:75 - [STDERR_REDIRECT] [Fatal Error] :1:1: Premature end of file.
2025-01-29 23:27:18,477 [ERROR] LogOutputStream:75 - [STDERR_REDIRECT] 
2025-01-29 23:27:19,464 [ERROR] LogOutputStream:75 - [STDERR_REDIRECT] [Fatal Error] :1:1: Premature end of file.
2025-01-29 23:27:19,464 [ERROR] LogOutputStream:75 - [STDERR_REDIRECT] 
2025-01-29 23:27:20,486 [ERROR] LogOutputStream:75 - [STDERR_REDIRECT] [Fatal Error] :1:1: Premature end of file.
2025-01-29 23:27:20,486 [ERROR] LogOutputStream:75 - [STDERR_REDIRECT] 
2025-01-29 23:27:21,470 [ERROR] LogOutputStream:75 - [STDERR_REDIRECT] [Fatal Error] :1:1: Premature end of file.
2025-01-29 23:27:21,470 [ERROR] LogOutputStream:75 - [STDERR_REDIRECT] 
2025-01-29 23:27:22,470 [ERROR] LogOutputStream:75 - [STDERR_REDIRECT] [Fatal Error] :1:1: Premature end of file.
2025-01-29 23:27:22,470 [ERROR] LogOutputStream:75 - [STDERR_REDIRECT] 
2025-01-29 23:27:23,465 [ERROR] LogOutputStream:75 - [STDERR_REDIRECT] [Fatal Error] :1:1: Premature end of file.
2025-01-29 23:27:23,465 [ERROR] LogOutputStream:75 - [STDERR_REDIRECT] 
2025-01-29 23:27:24,464 [ERROR] LogOutputStream:75 - [STDERR_REDIRECT] [Fatal Error] :1:1: Premature end of file.
2025-01-29 23:27:24,464 [ERROR] LogOutputStream:75 - [STDERR_REDIRECT] 
2025-01-29 23:27:25,472 [ERROR] LogOutputStream:75 - [STDERR_REDIRECT] [Fatal Error] :1:1: Premature end of file.
2025-01-29 23:27:25,472 [ERROR] LogOutputStream:75 - [STDERR_REDIRECT] 
2025-01-29 23:27:26,452 [ERROR] LogOutputStream:75 - [STDERR_REDIRECT] [Fatal Error] :1:1: Premature end of file.
2025-01-29 23:27:26,452 [ERROR] LogOutputStream:75 - [STDERR_REDIRECT] 
2025-01-29 23:27:27,467 [ERROR] LogOutputStream:75 - [STDERR_REDIRECT] [Fatal Error] :1:1: Premature end of file.
2025-01-29 23:27:27,469 [ERROR] LogOutputStream:75 - [STDERR_REDIRECT] 
2025-01-29 23:27:28,470 [ERROR] LogOutputStream:75 - [STDERR_REDIRECT] [Fatal Error] :1:1: Premature end of file.
2025-01-29 23:27:28,470 [ERROR] LogOutputStream:75 - [STDERR_REDIRECT] 
2025-01-29 23:27:29,472 [ERROR] LogOutputStream:75 - [STDERR_REDIRECT] [Fatal Error] :1:1: Premature end of file.
2025-01-29 23:27:29,472 [ERROR] LogOutputStream:75 - [STDERR_REDIRECT] 
2025-01-29 23:27:30,472 [ERROR] LogOutputStream:75 - [STDERR_REDIRECT] [Fatal Error] :1:1: Premature end of file.
2025-01-29 23:27:30,472 [ERROR] LogOutputStream:75 - [STDERR_REDIRECT] 
2025-01-29 23:27:31,467 [ERROR] LogOutputStream:75 - [STDERR_REDIRECT] [Fatal Error] :1:1: Premature end of file.
2025-01-29 23:27:31,467 [ERROR] LogOutputStream:75 - [STDERR_REDIRECT] 
2025-01-29 23:27:32,468 [ERROR] LogOutputStream:75 - [STDERR_REDIRECT] [Fatal Error] :1:1: Premature end of file.
2025-01-29 23:27:32,468 [ERROR] LogOutputStream:75 - [STDERR_REDIRECT] 
2025-01-29 23:27:33,468 [ERROR] LogOutputStream:75 - [STDERR_REDIRECT] [Fatal Error] :1:1: Premature end of file.
2025-01-29 23:27:33,468 [ERROR] LogOutputStream:75 - [STDERR_REDIRECT] 
2025-01-29 23:27:34,467 [ERROR] LogOutputStream:75 - [STDERR_REDIRECT] [Fatal Error] :1:1: Premature end of file.
2025-01-29 23:27:34,467 [ERROR] LogOutputStream:75 - [STDERR_REDIRECT] 
2025-01-29 23:27:35,464 [ERROR] LogOutputStream:75 - [STDERR_REDIRECT] [Fatal Error] :1:1: Premature end of file.
2025-01-29 23:27:35,464 [ERROR] LogOutputStream:75 - [STDERR_REDIRECT] 
2025-01-29 23:27:36,463 [ERROR] LogOutputStream:75 - [STDERR_REDIRECT] [Fatal Error] :1:1: Premature end of file.
2025-01-29 23:27:36,463 [ERROR] LogOutputStream:75 - [STDERR_REDIRECT] 
2025-01-29 23:27:37,455 [ERROR] LogOutputStream:75 - [STDERR_REDIRECT] [Fatal Error] :1:1: Premature end of file.
2025-01-29 23:27:37,455 [ERROR] LogOutputStream:75 - [STDERR_REDIRECT] 
2025-01-29 23:27:38,470 [ERROR] LogOutputStream:75 - [STDERR_REDIRECT] [Fatal Error] :1:1: Premature end of file.
2025-01-29 23:27:38,472 [ERROR] LogOutputStream:75 - [STDERR_REDIRECT] 
2025-01-29 23:27:39,459 [ERROR] LogOutputStream:75 - [STDERR_REDIRECT] [Fatal Error] :1:1: Premature end of file.
2025-01-29 23:27:39,459 [ERROR] LogOutputStream:75 - [STDERR_REDIRECT] 
2025-01-29 23:27:40,470 [ERROR] LogOutputStream:75 - [STDERR_REDIRECT] [Fatal Error] :1:1: Premature end of file.
2025-01-29 23:27:40,470 [ERROR] LogOutputStream:75 - [STDERR_REDIRECT] 
2025-01-29 23:27:41,468 [ERROR] LogOutputStream:75 - [STDERR_REDIRECT] [Fatal Error] :1:1: Premature end of file.
2025-01-29 23:27:41,468 [ERROR] LogOutputStream:75 - [STDERR_REDIRECT] 
2025-01-29 23:27:42,470 [ERROR] LogOutputStream:75 - [STDERR_REDIRECT] [Fatal Error] :1:1: Premature end of file.
2025-01-29 23:27:42,470 [ERROR] LogOutputStream:75 - [STDERR_REDIRECT] 
2025-01-29 23:27:43,457 [ERROR] LogOutputStream:75 - [STDERR_REDIRECT] [Fatal Error] :1:1: Premature end of file.
2025-01-29 23:27:43,457 [ERROR] LogOutputStream:75 - [STDERR_REDIRECT] 
2025-01-29 23:27:44,482 [ERROR] LogOutputStream:75 - [STDERR_REDIRECT] [Fatal Error] :1:1: Premature end of file.
2025-01-29 23:27:44,482 [ERROR] LogOutputStream:75 - [STDERR_REDIRECT] 
2025-01-29 23:27:45,468 [ERROR] LogOutputStream:75 - [STDERR_REDIRECT] [Fatal Error] :1:1: Premature end of file.
2025-01-29 23:27:45,468 [ERROR] LogOutputStream:75 - [STDERR_REDIRECT] 
2025-01-29 23:27:46,469 [ERROR] LogOutputStream:75 - [STDERR_REDIRECT] [Fatal Error] :1:1: Premature end of file.
2025-01-29 23:27:46,469 [ERROR] LogOutputStream:75 - [STDERR_REDIRECT] 
2025-01-29 23:27:47,465 [ERROR] LogOutputStream:75 - [STDERR_REDIRECT] [Fatal Error] :1:1: Premature end of file.
2025-01-29 23:27:47,465 [ERROR] LogOutputStream:75 - [STDERR_REDIRECT] 
2025-01-29 23:27:48,463 [ERROR] LogOutputStream:75 - [STDERR_REDIRECT] [Fatal Error] :1:1: Premature end of file.
2025-01-29 23:27:48,463 [ERROR] LogOutputStream:75 - [STDERR_REDIRECT] 
2025-01-29 23:27:49,470 [ERROR] LogOutputStream:75 - [STDERR_REDIRECT] [Fatal Error] :1:1: Premature end of file.
2025-01-29 23:27:49,470 [ERROR] LogOutputStream:75 - [STDERR_REDIRECT] 
2025-01-29 23:27:50,474 [ERROR] LogOutputStream:75 - [STDERR_REDIRECT] [Fatal Error] :1:1: Premature end of file.
2025-01-29 23:27:50,474 [ERROR] LogOutputStream:75 - [STDERR_REDIRECT] 
2025-01-29 23:27:51,473 [ERROR] LogOutputStream:75 - [STDERR_REDIRECT] [Fatal Error] :1:1: Premature end of file.
2025-01-29 23:27:51,473 [ERROR] LogOutputStream:75 - [STDERR_REDIRECT] 
2025-01-29 23:27:52,462 [ERROR] LogOutputStream:75 - [STDERR_REDIRECT] [Fatal Error] :1:1: Premature end of file.
2025-01-29 23:27:52,462 [ERROR] LogOutputStream:75 - [STDERR_REDIRECT] 
2025-01-29 23:27:53,467 [ERROR] LogOutputStream:75 - [STDERR_REDIRECT] [Fatal Error] :1:1: Premature end of file.
2025-01-29 23:27:53,467 [ERROR] LogOutputStream:75 - [STDERR_REDIRECT] 
2025-01-29 23:27:54,472 [ERROR] LogOutputStream:75 - [STDERR_REDIRECT] [Fatal Error] :1:1: Premature end of file.
2025-01-29 23:27:54,472 [ERROR] LogOutputStream:75 - [STDERR_REDIRECT] 
2025-01-29 23:27:55,455 [ERROR] LogOutputStream:75 - [STDERR_REDIRECT] [Fatal Error] :1:1: Premature end of file.
2025-01-29 23:27:55,455 [ERROR] LogOutputStream:75 - [STDERR_REDIRECT] 
2025-01-29 23:27:56,482 [ERROR] LogOutputStream:75 - [STDERR_REDIRECT] [Fatal Error] :1:1: Premature end of file.
2025-01-29 23:27:56,482 [ERROR] LogOutputStream:75 - [STDERR_REDIRECT] 
2025-01-29 23:27:57,476 [ERROR] LogOutputStream:75 - [STDERR_REDIRECT] [Fatal Error] :1:1: Premature end of file.
2025-01-29 23:27:57,476 [ERROR] LogOutputStream:75 - [STDERR_REDIRECT] 
2025-01-29 23:27:58,468 [ERROR] LogOutputStream:75 - [STDERR_REDIRECT] [Fatal Error] :1:1: Premature end of file.
2025-01-29 23:27:58,468 [ERROR] LogOutputStream:75 - [STDERR_REDIRECT] 
2025-01-29 23:27:59,469 [ERROR] LogOutputStream:75 - [STDERR_REDIRECT] [Fatal Error] :1:1: Premature end of file.
2025-01-29 23:27:59,470 [ERROR] LogOutputStream:75 - [STDERR_REDIRECT] 
2025-01-29 23:28:00,475 [ERROR] LogOutputStream:75 - [STDERR_REDIRECT] [Fatal Error] :1:1: Premature end of file.
2025-01-29 23:28:00,475 [ERROR] LogOutputStream:75 - [STDERR_REDIRECT] 
2025-01-29 23:28:01,462 [ERROR] LogOutputStream:75 - [STDERR_REDIRECT] [Fatal Error] :1:1: Premature end of file.
2025-01-29 23:28:01,462 [ERROR] LogOutputStream:75 - [STDERR_REDIRECT] 
2025-01-29 23:28:02,470 [ERROR] LogOutputStream:75 - [STDERR_REDIRECT] [Fatal Error] :1:1: Premature end of file.
2025-01-29 23:28:02,470 [ERROR] LogOutputStream:75 - [STDERR_REDIRECT] 
2025-01-29 23:28:03,467 [ERROR] LogOutputStream:75 - [STDERR_REDIRECT] [Fatal Error] :1:1: Premature end of file.
2025-01-29 23:28:03,469 [ERROR] LogOutputStream:75 - [STDERR_REDIRECT] 
2025-01-29 23:28:04,469 [ERROR] LogOutputStream:75 - [STDERR_REDIRECT] [Fatal Error] :1:1: Premature end of file.
2025-01-29 23:28:04,469 [ERROR] LogOutputStream:75 - [STDERR_REDIRECT] 
2025-01-29 23:28:05,459 [ERROR] LogOutputStream:75 - [STDERR_REDIRECT] [Fatal Error] :1:1: Premature end of file.
2025-01-29 23:28:05,459 [ERROR] LogOutputStream:75 - [STDERR_REDIRECT] 
2025-01-29 23:28:06,463 [ERROR] LogOutputStream:75 - [STDERR_REDIRECT] [Fatal Error] :1:1: Premature end of file.
2025-01-29 23:28:06,463 [ERROR] LogOutputStream:75 - [STDERR_REDIRECT] 
2025-01-29 23:28:07,447 [ERROR] LogOutputStream:75 - [STDERR_REDIRECT] [Fatal Error] :1:1: Premature end of file.
2025-01-29 23:28:07,447 [ERROR] LogOutputStream:75 - [STDERR_REDIRECT] 
2025-01-29 23:28:08,467 [ERROR] LogOutputStream:75 - [STDERR_REDIRECT] [Fatal Error] :1:1: Premature end of file.
2025-01-29 23:28:08,467 [ERROR] LogOutputStream:75 - [STDERR_REDIRECT] 
2025-01-29 23:28:09,466 [ERROR] LogOutputStream:75 - [STDERR_REDIRECT] [Fatal Error] :1:1: Premature end of file.
2025-01-29 23:28:09,466 [ERROR] LogOutputStream:75 - [STDERR_REDIRECT] 
2025-01-29 23:28:10,469 [ERROR] LogOutputStream:75 - [STDERR_REDIRECT] [Fatal Error] :1:1: Premature end of file.
2025-01-29 23:28:10,469 [ERROR] LogOutputStream:75 - [STDERR_REDIRECT] 
2025-01-29 23:28:11,475 [ERROR] LogOutputStream:75 - [STDERR_REDIRECT] [Fatal Error] :1:1: Premature end of file.
2025-01-29 23:28:11,476 [ERROR] LogOutputStream:75 - [STDERR_REDIRECT] 
2025-01-29 23:28:12,469 [ERROR] LogOutputStream:75 - [STDERR_REDIRECT] [Fatal Error] :1:1: Premature end of file.
2025-01-29 23:28:12,469 [ERROR] LogOutputStream:75 - [STDERR_REDIRECT] 
2025-01-29 23:28:13,471 [ERROR] LogOutputStream:75 - [STDERR_REDIRECT] [Fatal Error] :1:1: Premature end of file.
2025-01-29 23:28:13,472 [ERROR] LogOutputStream:75 - [STDERR_REDIRECT] 
2025-01-29 23:28:14,468 [ERROR] LogOutputStream:75 - [STDERR_REDIRECT] [Fatal Error] :1:1: Premature end of file.
2025-01-29 23:28:14,468 [ERROR] LogOutputStream:75 - [STDERR_REDIRECT] 
2025-01-29 23:28:15,464 [ERROR] LogOutputStream:75 - [STDERR_REDIRECT] [Fatal Error] :1:1: Premature end of file.
2025-01-29 23:28:15,464 [ERROR] LogOutputStream:75 - [STDERR_REDIRECT] 
2025-01-29 23:28:16,458 [ERROR] LogOutputStream:75 - [STDERR_REDIRECT] [Fatal Error] :1:1: Premature end of file.
2025-01-29 23:28:16,458 [ERROR] LogOutputStream:75 - [STDERR_REDIRECT] 
2025-01-29 23:28:17,452 [ERROR] LogOutputStream:75 - [STDERR_REDIRECT] [Fatal Error] :1:1: Premature end of file.
2025-01-29 23:28:17,452 [ERROR] LogOutputStream:75 - [STDERR_REDIRECT] 
2025-01-29 23:28:18,466 [ERROR] LogOutputStream:75 - [STDERR_REDIRECT] [Fatal Error] :1:1: Premature end of file.
2025-01-29 23:28:18,466 [ERROR] LogOutputStream:75 - [STDERR_REDIRECT] 
2025-01-29 23:28:19,484 [ERROR] LogOutputStream:75 - [STDERR_REDIRECT] [Fatal Error] :1:1: Premature end of file.
2025-01-29 23:28:19,484 [ERROR] LogOutputStream:75 - [STDERR_REDIRECT] 
2025-01-29 23:28:20,472 [ERROR] LogOutputStream:75 - [STDERR_REDIRECT] [Fatal Error] :1:1: Premature end of file.
2025-01-29 23:28:20,472 [ERROR] LogOutputStream:75 - [STDERR_REDIRECT] 
2025-01-29 23:28:21,466 [ERROR] LogOutputStream:75 - [STDERR_REDIRECT] [Fatal Error] :1:1: Premature end of file.
2025-01-29 23:28:21,467 [ERROR] LogOutputStream:75 - [STDERR_REDIRECT] 
2025-01-29 23:28:22,470 [ERROR] LogOutputStream:75 - [STDERR_REDIRECT] [Fatal Error] :1:1: Premature end of file.
2025-01-29 23:28:22,470 [ERROR] LogOutputStream:75 - [STDERR_REDIRECT] 
2025-01-29 23:28:23,458 [ERROR] LogOutputStream:75 - [STDERR_REDIRECT] [Fatal Error] :1:1: Premature end of file.
2025-01-29 23:28:23,458 [ERROR] LogOutputStream:75 - [STDERR_REDIRECT] 
2025-01-29 23:28:24,466 [ERROR] LogOutputStream:75 - [STDERR_REDIRECT] [Fatal Error] :1:1: Premature end of file.
2025-01-29 23:28:24,466 [ERROR] LogOutputStream:75 - [STDERR_REDIRECT] 
2025-01-29 23:28:25,468 [ERROR] LogOutputStream:75 - [STDERR_REDIRECT] [Fatal Error] :1:1: Premature end of file.
2025-01-29 23:28:25,469 [ERROR] LogOutputStream:75 - [STDERR_REDIRECT] 
2025-01-29 23:28:26,474 [ERROR] LogOutputStream:75 - [STDERR_REDIRECT] [Fatal Error] :1:1: Premature end of file.
2025-01-29 23:28:26,474 [ERROR] LogOutputStream:75 - [STDERR_REDIRECT] 
2025-01-29 23:28:27,469 [ERROR] LogOutputStream:75 - [STDERR_REDIRECT] [Fatal Error] :1:1: Premature end of file.
2025-01-29 23:28:27,469 [ERROR] LogOutputStream:75 - [STDERR_REDIRECT] 
2025-01-29 23:28:28,467 [ERROR] LogOutputStream:75 - [STDERR_REDIRECT] [Fatal Error] :1:1: Premature end of file.
2025-01-29 23:28:28,467 [ERROR] LogOutputStream:75 - [STDERR_REDIRECT] 
2025-01-29 23:28:29,465 [ERROR] LogOutputStream:75 - [STDERR_REDIRECT] [Fatal Error] :1:1: Premature end of file.
2025-01-29 23:28:29,465 [ERROR] LogOutputStream:75 - [STDERR_REDIRECT] 
2025-01-29 23:28:30,469 [ERROR] LogOutputStream:75 - [STDERR_REDIRECT] [Fatal Error] :1:1: Premature end of file.
2025-01-29 23:28:30,469 [ERROR] LogOutputStream:75 - [STDERR_REDIRECT] 
2025-01-29 23:28:31,464 [ERROR] LogOutputStream:75 - [STDERR_REDIRECT] [Fatal Error] :1:1: Premature end of file.
2025-01-29 23:28:31,464 [ERROR] LogOutputStream:75 - [STDERR_REDIRECT] 
2025-01-29 23:28:32,471 [ERROR] LogOutputStream:75 - [STDERR_REDIRECT] [Fatal Error] :1:1: Premature end of file.
2025-01-29 23:28:32,471 [ERROR] LogOutputStream:75 - [STDERR_REDIRECT] 
2025-01-29 23:28:33,466 [ERROR] LogOutputStream:75 - [STDERR_REDIRECT] [Fatal Error] :1:1: Premature end of file.
2025-01-29 23:28:33,466 [ERROR] LogOutputStream:75 - [STDERR_REDIRECT] 
2025-01-29 23:28:34,486 [ERROR] LogOutputStream:75 - [STDERR_REDIRECT] [Fatal Error] :1:1: Premature end of file.
2025-01-29 23:28:34,486 [ERROR] LogOutputStream:75 - [STDERR_REDIRECT] 
2025-01-29 23:28:35,467 [ERROR] LogOutputStream:75 - [STDERR_REDIRECT] [Fatal Error] :1:1: Premature end of file.
2025-01-29 23:28:35,467 [ERROR] LogOutputStream:75 - [STDERR_REDIRECT] 
2025-01-29 23:28:36,461 [ERROR] LogOutputStream:75 - [STDERR_REDIRECT] [Fatal Error] :1:1: Premature end of file.
2025-01-29 23:28:36,462 [ERROR] LogOutputStream:75 - [STDERR_REDIRECT] 
2025-01-29 23:28:37,465 [ERROR] LogOutputStream:75 - [STDERR_REDIRECT] [Fatal Error] :1:1: Premature end of file.
2025-01-29 23:28:37,465 [ERROR] LogOutputStream:75 - [STDERR_REDIRECT] 
2025-01-29 23:28:38,470 [ERROR] LogOutputStream:75 - [STDERR_REDIRECT] [Fatal Error] :1:1: Premature end of file.
2025-01-29 23:28:38,470 [ERROR] LogOutputStream:75 - [STDERR_REDIRECT] 
2025-01-29 23:28:39,475 [ERROR] LogOutputStream:75 - [STDERR_REDIRECT] [Fatal Error] :1:1: Premature end of file.
2025-01-29 23:28:39,475 [ERROR] LogOutputStream:75 - [STDERR_REDIRECT] 
2025-01-29 23:28:40,467 [ERROR] LogOutputStream:75 - [STDERR_REDIRECT] [Fatal Error] :1:1: Premature end of file.
2025-01-29 23:28:40,467 [ERROR] LogOutputStream:75 - [STDERR_REDIRECT] 
2025-01-29 23:28:41,492 [ERROR] LogOutputStream:75 - [STDERR_REDIRECT] [Fatal Error] :1:1: Premature end of file.
2025-01-29 23:28:41,492 [ERROR] LogOutputStream:75 - [STDERR_REDIRECT] 
2025-01-29 23:28:42,470 [ERROR] LogOutputStream:75 - [STDERR_REDIRECT] [Fatal Error] :1:1: Premature end of file.
2025-01-29 23:28:42,470 [ERROR] LogOutputStream:75 - [STDERR_REDIRECT] 
2025-01-29 23:28:43,462 [ERROR] LogOutputStream:75 - [STDERR_REDIRECT] [Fatal Error] :1:1: Premature end of file.
2025-01-29 23:28:43,462 [ERROR] LogOutputStream:75 - [STDERR_REDIRECT] 
2025-01-29 23:28:44,464 [ERROR] LogOutputStream:75 - [STDERR_REDIRECT] [Fatal Error] :1:1: Premature end of file.
2025-01-29 23:28:44,464 [ERROR] LogOutputStream:75 - [STDERR_REDIRECT] 
2025-01-29 23:28:45,467 [ERROR] LogOutputStream:75 - [STDERR_REDIRECT] [Fatal Error] :1:1: Premature end of file.
2025-01-29 23:28:45,467 [ERROR] LogOutputStream:75 - [STDERR_REDIRECT] 
2025-01-29 23:28:46,454 [ERROR] LogOutputStream:75 - [STDERR_REDIRECT] [Fatal Error] :1:1: Premature end of file.
2025-01-29 23:28:46,454 [ERROR] LogOutputStream:75 - [STDERR_REDIRECT] 
2025-01-29 23:28:47,466 [ERROR] LogOutputStream:75 - [STDERR_REDIRECT] [Fatal Error] :1:1: Premature end of file.
2025-01-29 23:28:47,466 [ERROR] LogOutputStream:75 - [STDERR_REDIRECT] 
2025-01-29 23:28:48,470 [ERROR] LogOutputStream:75 - [STDERR_REDIRECT] [Fatal Error] :1:1: Premature end of file.
2025-01-29 23:28:48,470 [ERROR] LogOutputStream:75 - [STDERR_REDIRECT] 
2025-01-29 23:28:49,467 [ERROR] LogOutputStream:75 - [STDERR_REDIRECT] [Fatal Error] :1:1: Premature end of file.
2025-01-29 23:28:49,467 [ERROR] LogOutputStream:75 - [STDERR_REDIRECT] 
2025-01-29 23:28:50,460 [ERROR] LogOutputStream:75 - [STDERR_REDIRECT] [Fatal Error] :1:1: Premature end of file.
2025-01-29 23:28:50,460 [ERROR] LogOutputStream:75 - [STDERR_REDIRECT] 
2025-01-29 23:28:51,468 [ERROR] LogOutputStream:75 - [STDERR_REDIRECT] [Fatal Error] :1:1: Premature end of file.
2025-01-29 23:28:51,468 [ERROR] LogOutputStream:75 - [STDERR_REDIRECT] 
2025-01-29 23:28:52,463 [ERROR] LogOutputStream:75 - [STDERR_REDIRECT] [Fatal Error] :1:1: Premature end of file.
2025-01-29 23:28:52,463 [ERROR] LogOutputStream:75 - [STDERR_REDIRECT] 
2025-01-29 23:28:53,459 [ERROR] LogOutputStream:75 - [STDERR_REDIRECT] [Fatal Error] :1:1: Premature end of file.
2025-01-29 23:28:53,459 [ERROR] LogOutputStream:75 - [STDERR_REDIRECT] 
2025-01-29 23:28:54,472 [ERROR] LogOutputStream:75 - [STDERR_REDIRECT] [Fatal Error] :1:1: Premature end of file.
2025-01-29 23:28:54,472 [ERROR] LogOutputStream:75 - [STDERR_REDIRECT] 
2025-01-29 23:28:55,467 [ERROR] LogOutputStream:75 - [STDERR_REDIRECT] [Fatal Error] :1:1: Premature end of file.
2025-01-29 23:28:55,467 [ERROR] LogOutputStream:75 - [STDERR_REDIRECT] 
2025-01-29 23:28:56,467 [ERROR] LogOutputStream:75 - [STDERR_REDIRECT] [Fatal Error] :1:1: Premature end of file.
2025-01-29 23:28:56,467 [ERROR] LogOutputStream:75 - [STDERR_REDIRECT] 
2025-01-29 23:28:57,470 [ERROR] LogOutputStream:75 - [STDERR_REDIRECT] [Fatal Error] :1:1: Premature end of file.
2025-01-29 23:28:57,470 [ERROR] LogOutputStream:75 - [STDERR_REDIRECT] 
2025-01-29 23:28:58,473 [ERROR] LogOutputStream:75 - [STDERR_REDIRECT] [Fatal Error] :1:1: Premature end of file.
2025-01-29 23:28:58,473 [ERROR] LogOutputStream:75 - [STDERR_REDIRECT] 
2025-01-29 23:28:59,469 [ERROR] LogOutputStream:75 - [STDERR_REDIRECT] [Fatal Error] :1:1: Premature end of file.
2025-01-29 23:28:59,469 [ERROR] LogOutputStream:75 - [STDERR_REDIRECT] 
2025-01-29 23:29:00,467 [ERROR] LogOutputStream:75 - [STDERR_REDIRECT] [Fatal Error] :1:1: Premature end of file.
2025-01-29 23:29:00,467 [ERROR] LogOutputStream:75 - [STDERR_REDIRECT] 
2025-01-29 23:29:01,456 [ERROR] LogOutputStream:75 - [STDERR_REDIRECT] [Fatal Error] :1:1: Premature end of file.
2025-01-29 23:29:01,458 [ERROR] LogOutputStream:75 - [STDERR_REDIRECT] 
2025-01-29 23:29:02,469 [ERROR] LogOutputStream:75 - [STDERR_REDIRECT] [Fatal Error] :1:1: Premature end of file.
2025-01-29 23:29:02,469 [ERROR] LogOutputStream:75 - [STDERR_REDIRECT] 
2025-01-29 23:29:03,480 [ERROR] LogOutputStream:75 - [STDERR_REDIRECT] [Fatal Error] :1:1: Premature end of file.
2025-01-29 23:29:03,480 [ERROR] LogOutputStream:75 - [STDERR_REDIRECT] 
2025-01-29 23:29:04,474 [ERROR] LogOutputStream:75 - [STDERR_REDIRECT] [Fatal Error] :1:1: Premature end of file.
2025-01-29 23:29:04,474 [ERROR] LogOutputStream:75 - [STDERR_REDIRECT] 
2025-01-29 23:29:05,462 [ERROR] LogOutputStream:75 - [STDERR_REDIRECT] [Fatal Error] :1:1: Premature end of file.
2025-01-29 23:29:05,462 [ERROR] LogOutputStream:75 - [STDERR_REDIRECT] 
2025-01-29 23:29:06,482 [ERROR] LogOutputStream:75 - [STDERR_REDIRECT] [Fatal Error] :1:1: Premature end of file.
2025-01-29 23:29:06,482 [ERROR] LogOutputStream:75 - [STDERR_REDIRECT] 
2025-01-29 23:29:07,465 [ERROR] LogOutputStream:75 - [STDERR_REDIRECT] [Fatal Error] :1:1: Premature end of file.
2025-01-29 23:29:07,465 [ERROR] LogOutputStream:75 - [STDERR_REDIRECT] 
2025-01-29 23:29:08,450 [ERROR] LogOutputStream:75 - [STDERR_REDIRECT] [Fatal Error] :1:1: Premature end of file.
2025-01-29 23:29:08,450 [ERROR] LogOutputStream:75 - [STDERR_REDIRECT] 
2025-01-29 23:29:09,462 [ERROR] LogOutputStream:75 - [STDERR_REDIRECT] [Fatal Error] :1:1: Premature end of file.
2025-01-29 23:29:09,462 [ERROR] LogOutputStream:75 - [STDERR_REDIRECT] 
2025-01-29 23:29:10,465 [ERROR] LogOutputStream:75 - [STDERR_REDIRECT] [Fatal Error] :1:1: Premature end of file.
2025-01-29 23:29:10,465 [ERROR] LogOutputStream:75 - [STDERR_REDIRECT] 
2025-01-29 23:29:11,449 [ERROR] LogOutputStream:75 - [STDERR_REDIRECT] [Fatal Error] :1:1: Premature end of file.
2025-01-29 23:29:11,450 [ERROR] LogOutputStream:75 - [STDERR_REDIRECT] 
2025-01-29 23:29:12,477 [ERROR] LogOutputStream:75 - [STDERR_REDIRECT] [Fatal Error] :1:1: Premature end of file.
2025-01-29 23:29:12,478 [ERROR] LogOutputStream:75 - [STDERR_REDIRECT] 
2025-01-29 23:29:13,462 [ERROR] LogOutputStream:75 - [STDERR_REDIRECT] [Fatal Error] :1:1: Premature end of file.
2025-01-29 23:29:13,462 [ERROR] LogOutputStream:75 - [STDERR_REDIRECT] 
2025-01-29 23:29:14,457 [ERROR] LogOutputStream:75 - [STDERR_REDIRECT] [Fatal Error] :1:1: Premature end of file.
2025-01-29 23:29:14,457 [ERROR] LogOutputStream:75 - [STDERR_REDIRECT] 
2025-01-29 23:29:15,482 [ERROR] LogOutputStream:75 - [STDERR_REDIRECT] [Fatal Error] :1:1: Premature end of file.
2025-01-29 23:29:15,482 [ERROR] LogOutputStream:75 - [STDERR_REDIRECT] 
2025-01-29 23:29:16,462 [ERROR] LogOutputStream:75 - [STDERR_REDIRECT] [Fatal Error] :1:1: Premature end of file.
2025-01-29 23:29:16,462 [ERROR] LogOutputStream:75 - [STDERR_REDIRECT] 
2025-01-29 23:29:17,448 [ERROR] LogOutputStream:75 - [STDERR_REDIRECT] [Fatal Error] :1:1: Premature end of file.
2025-01-29 23:29:17,450 [ERROR] LogOutputStream:75 - [STDERR_REDIRECT] 
2025-01-29 23:29:18,471 [ERROR] LogOutputStream:75 - [STDERR_REDIRECT] [Fatal Error] :1:1: Premature end of file.
2025-01-29 23:29:18,471 [ERROR] LogOutputStream:75 - [STDERR_REDIRECT] 
2025-01-29 23:29:19,465 [ERROR] LogOutputStream:75 - [STDERR_REDIRECT] [Fatal Error] :1:1: Premature end of file.
2025-01-29 23:29:19,465 [ERROR] LogOutputStream:75 - [STDERR_REDIRECT] 
2025-01-29 23:29:20,472 [ERROR] LogOutputStream:75 - [STDERR_REDIRECT] [Fatal Error] :1:1: Premature end of file.
2025-01-29 23:29:20,472 [ERROR] LogOutputStream:75 - [STDERR_REDIRECT] 
2025-01-29 23:29:21,476 [ERROR] LogOutputStream:75 - [STDERR_REDIRECT] [Fatal Error] :1:1: Premature end of file.
2025-01-29 23:29:21,477 [ERROR] LogOutputStream:75 - [STDERR_REDIRECT] 
2025-01-29 23:29:22,467 [ERROR] LogOutputStream:75 - [STDERR_REDIRECT] [Fatal Error] :1:1: Premature end of file.
2025-01-29 23:29:22,467 [ERROR] LogOutputStream:75 - [STDERR_REDIRECT] 
2025-01-29 23:29:23,469 [ERROR] LogOutputStream:75 - [STDERR_REDIRECT] [Fatal Error] :1:1: Premature end of file.
2025-01-29 23:29:23,470 [ERROR] LogOutputStream:75 - [STDERR_REDIRECT] 
2025-01-29 23:29:24,469 [ERROR] LogOutputStream:75 - [STDERR_REDIRECT] [Fatal Error] :1:1: Premature end of file.
2025-01-29 23:29:24,469 [ERROR] LogOutputStream:75 - [STDERR_REDIRECT] 
2025-01-29 23:29:25,480 [ERROR] LogOutputStream:75 - [STDERR_REDIRECT] [Fatal Error] :1:1: Premature end of file.
2025-01-29 23:29:25,480 [ERROR] LogOutputStream:75 - [STDERR_REDIRECT] 
2025-01-29 23:29:26,465 [ERROR] LogOutputStream:75 - [STDERR_REDIRECT] [Fatal Error] :1:1: Premature end of file.
2025-01-29 23:29:26,466 [ERROR] LogOutputStream:75 - [STDERR_REDIRECT] 
2025-01-29 23:29:27,457 [ERROR] LogOutputStream:75 - [STDERR_REDIRECT] [Fatal Error] :1:1: Premature end of file.
2025-01-29 23:29:27,457 [ERROR] LogOutputStream:75 - [STDERR_REDIRECT] 
2025-01-29 23:29:28,484 [ERROR] LogOutputStream:75 - [STDERR_REDIRECT] [Fatal Error] :1:1: Premature end of file.
2025-01-29 23:29:28,484 [ERROR] LogOutputStream:75 - [STDERR_REDIRECT] 
2025-01-29 23:29:29,463 [ERROR] LogOutputStream:75 - [STDERR_REDIRECT] [Fatal Error] :1:1: Premature end of file.
2025-01-29 23:29:29,463 [ERROR] LogOutputStream:75 - [STDERR_REDIRECT] 
2025-01-29 23:29:30,468 [ERROR] LogOutputStream:75 - [STDERR_REDIRECT] [Fatal Error] :1:1: Premature end of file.
2025-01-29 23:29:30,468 [ERROR] LogOutputStream:75 - [STDERR_REDIRECT] 
2025-01-29 23:29:31,472 [ERROR] LogOutputStream:75 - [STDERR_REDIRECT] [Fatal Error] :1:1: Premature end of file.
2025-01-29 23:29:31,472 [ERROR] LogOutputStream:75 - [STDERR_REDIRECT] 
2025-01-29 23:29:32,472 [ERROR] LogOutputStream:75 - [STDERR_REDIRECT] [Fatal Error] :1:1: Premature end of file.
2025-01-29 23:29:32,472 [ERROR] LogOutputStream:75 - [STDERR_REDIRECT] 
2025-01-29 23:29:33,466 [ERROR] LogOutputStream:75 - [STDERR_REDIRECT] [Fatal Error] :1:1: Premature end of file.
2025-01-29 23:29:33,466 [ERROR] LogOutputStream:75 - [STDERR_REDIRECT] 
2025-01-29 23:29:34,468 [ERROR] LogOutputStream:75 - [STDERR_REDIRECT] [Fatal Error] :1:1: Premature end of file.
2025-01-29 23:29:34,468 [ERROR] LogOutputStream:75 - [STDERR_REDIRECT] 
2025-01-29 23:29:35,468 [ERROR] LogOutputStream:75 - [STDERR_REDIRECT] [Fatal Error] :1:1: Premature end of file.
2025-01-29 23:29:35,468 [ERROR] LogOutputStream:75 - [STDERR_REDIRECT] 
2025-01-29 23:29:36,483 [ERROR] LogOutputStream:75 - [STDERR_REDIRECT] [Fatal Error] :1:1: Premature end of file.
2025-01-29 23:29:36,483 [ERROR] LogOutputStream:75 - [STDERR_REDIRECT] 
2025-01-29 23:29:37,475 [ERROR] LogOutputStream:75 - [STDERR_REDIRECT] [Fatal Error] :1:1: Premature end of file.
2025-01-29 23:29:37,477 [ERROR] LogOutputStream:75 - [STDERR_REDIRECT] 
2025-01-29 23:29:38,455 [ERROR] LogOutputStream:75 - [STDERR_REDIRECT] [Fatal Error] :1:1: Premature end of file.
2025-01-29 23:29:38,455 [ERROR] LogOutputStream:75 - [STDERR_REDIRECT] 
2025-01-29 23:29:39,464 [ERROR] LogOutputStream:75 - [STDERR_REDIRECT] [Fatal Error] :1:1: Premature end of file.
2025-01-29 23:29:39,464 [ERROR] LogOutputStream:75 - [STDERR_REDIRECT] 
2025-01-29 23:29:40,448 [ERROR] LogOutputStream:75 - [STDERR_REDIRECT] [Fatal Error] :1:1: Premature end of file.
2025-01-29 23:29:40,448 [ERROR] LogOutputStream:75 - [STDERR_REDIRECT] 
2025-01-29 23:29:41,460 [ERROR] LogOutputStream:75 - [STDERR_REDIRECT] [Fatal Error] :1:1: Premature end of file.
2025-01-29 23:29:41,460 [ERROR] LogOutputStream:75 - [STDERR_REDIRECT] 
2025-01-29 23:29:42,450 [ERROR] LogOutputStream:75 - [STDERR_REDIRECT] [Fatal Error] :1:1: Premature end of file.
2025-01-29 23:29:42,450 [ERROR] LogOutputStream:75 - [STDERR_REDIRECT] 
2025-01-29 23:29:43,452 [ERROR] LogOutputStream:75 - [STDERR_REDIRECT] [Fatal Error] :1:1: Premature end of file.
2025-01-29 23:29:43,454 [ERROR] LogOutputStream:75 - [STDERR_REDIRECT] 
2025-01-29 23:29:44,454 [ERROR] LogOutputStream:75 - [STDERR_REDIRECT] [Fatal Error] :1:1: Premature end of file.
2025-01-29 23:29:44,454 [ERROR] LogOutputStream:75 - [STDERR_REDIRECT] 
2025-01-29 23:29:45,471 [ERROR] LogOutputStream:75 - [STDERR_REDIRECT] [Fatal Error] :1:1: Premature end of file.
2025-01-29 23:29:45,471 [ERROR] LogOutputStream:75 - [STDERR_REDIRECT] 
2025-01-29 23:29:46,494 [ERROR] LogOutputStream:75 - [STDERR_REDIRECT] [Fatal Error] :1:1: Premature end of file.
2025-01-29 23:29:46,494 [ERROR] LogOutputStream:75 - [STDERR_REDIRECT] 
2025-01-29 23:29:47,472 [ERROR] LogOutputStream:75 - [STDERR_REDIRECT] [Fatal Error] :1:1: Premature end of file.
2025-01-29 23:29:47,473 [ERROR] LogOutputStream:75 - [STDERR_REDIRECT] 
2025-01-29 23:29:48,472 [ERROR] LogOutputStream:75 - [STDERR_REDIRECT] [Fatal Error] :1:1: Premature end of file.
2025-01-29 23:29:48,472 [ERROR] LogOutputStream:75 - [STDERR_REDIRECT] 
2025-01-29 23:29:49,480 [ERROR] LogOutputStream:75 - [STDERR_REDIRECT] [Fatal Error] :1:1: Premature end of file.
2025-01-29 23:29:49,480 [ERROR] LogOutputStream:75 - [STDERR_REDIRECT] 
2025-01-29 23:29:50,460 [ERROR] LogOutputStream:75 - [STDERR_REDIRECT] [Fatal Error] :1:1: Premature end of file.
2025-01-29 23:29:50,460 [ERROR] LogOutputStream:75 - [STDERR_REDIRECT] 
2025-01-29 23:29:51,466 [ERROR] LogOutputStream:75 - [STDERR_REDIRECT] [Fatal Error] :1:1: Premature end of file.
2025-01-29 23:29:51,466 [ERROR] LogOutputStream:75 - [STDERR_REDIRECT] 
2025-01-29 23:29:52,461 [ERROR] LogOutputStream:75 - [STDERR_REDIRECT] [Fatal Error] :1:1: Premature end of file.
2025-01-29 23:29:52,461 [ERROR] LogOutputStream:75 - [STDERR_REDIRECT] 
2025-01-29 23:29:53,464 [ERROR] LogOutputStream:75 - [STDERR_REDIRECT] [Fatal Error] :1:1: Premature end of file.
2025-01-29 23:29:53,464 [ERROR] LogOutputStream:75 - [STDERR_REDIRECT] 
2025-01-29 23:29:54,465 [ERROR] LogOutputStream:75 - [STDERR_REDIRECT] [Fatal Error] :1:1: Premature end of file.
2025-01-29 23:29:54,465 [ERROR] LogOutputStream:75 - [STDERR_REDIRECT] 
2025-01-29 23:29:55,465 [ERROR] LogOutputStream:75 - [STDERR_REDIRECT] [Fatal Error] :1:1: Premature end of file.
2025-01-29 23:29:55,467 [ERROR] LogOutputStream:75 - [STDERR_REDIRECT] 
2025-01-29 23:29:56,457 [ERROR] LogOutputStream:75 - [STDERR_REDIRECT] [Fatal Error] :1:1: Premature end of file.
2025-01-29 23:29:56,457 [ERROR] LogOutputStream:75 - [STDERR_REDIRECT] 
2025-01-29 23:29:57,468 [ERROR] LogOutputStream:75 - [STDERR_REDIRECT] [Fatal Error] :1:1: Premature end of file.
2025-01-29 23:29:57,468 [ERROR] LogOutputStream:75 - [STDERR_REDIRECT] 
2025-01-29 23:29:58,449 [ERROR] LogOutputStream:75 - [STDERR_REDIRECT] [Fatal Error] :1:1: Premature end of file.
2025-01-29 23:29:58,450 [ERROR] LogOutputStream:75 - [STDERR_REDIRECT] 
2025-01-29 23:29:59,462 [ERROR] LogOutputStream:75 - [STDERR_REDIRECT] [Fatal Error] :1:1: Premature end of file.
2025-01-29 23:29:59,462 [ERROR] LogOutputStream:75 - [STDERR_REDIRECT] 
2025-01-29 23:30:00,452 [ERROR] LogOutputStream:75 - [STDERR_REDIRECT] [Fatal Error] :1:1: Premature end of file.
2025-01-29 23:30:00,452 [ERROR] LogOutputStream:75 - [STDERR_REDIRECT] 
2025-01-29 23:30:01,457 [ERROR] LogOutputStream:75 - [STDERR_REDIRECT] [Fatal Error] :1:1: Premature end of file.
2025-01-29 23:30:01,459 [ERROR] LogOutputStream:75 - [STDERR_REDIRECT] 
2025-01-29 23:30:02,458 [ERROR] LogOutputStream:75 - [STDERR_REDIRECT] [Fatal Error] :1:1: Premature end of file.
2025-01-29 23:30:02,458 [ERROR] LogOutputStream:75 - [STDERR_REDIRECT] 
2025-01-29 23:30:03,479 [ERROR] LogOutputStream:75 - [STDERR_REDIRECT] [Fatal Error] :1:1: Premature end of file.
2025-01-29 23:30:03,479 [ERROR] LogOutputStream:75 - [STDERR_REDIRECT] 
2025-01-29 23:30:04,465 [ERROR] LogOutputStream:75 - [STDERR_REDIRECT] [Fatal Error] :1:1: Premature end of file.
2025-01-29 23:30:04,465 [ERROR] LogOutputStream:75 - [STDERR_REDIRECT] 
2025-01-29 23:30:05,453 [ERROR] LogOutputStream:75 - [STDERR_REDIRECT] [Fatal Error] :1:1: Premature end of file.
2025-01-29 23:30:05,453 [ERROR] LogOutputStream:75 - [STDERR_REDIRECT] 
2025-01-29 23:30:06,450 [ERROR] LogOutputStream:75 - [STDERR_REDIRECT] [Fatal Error] :1:1: Premature end of file.
2025-01-29 23:30:06,450 [ERROR] LogOutputStream:75 - [STDERR_REDIRECT] 
2025-01-29 23:30:07,459 [ERROR] LogOutputStream:75 - [STDERR_REDIRECT] [Fatal Error] :1:1: Premature end of file.
2025-01-29 23:30:07,459 [ERROR] LogOutputStream:75 - [STDERR_REDIRECT] 
2025-01-29 23:30:08,464 [ERROR] LogOutputStream:75 - [STDERR_REDIRECT] [Fatal Error] :1:1: Premature end of file.
2025-01-29 23:30:08,464 [ERROR] LogOutputStream:75 - [STDERR_REDIRECT] 
2025-01-29 23:30:09,451 [ERROR] LogOutputStream:75 - [STDERR_REDIRECT] [Fatal Error] :1:1: Premature end of file.
2025-01-29 23:30:09,451 [ERROR] LogOutputStream:75 - [STDERR_REDIRECT] 
2025-01-29 23:30:10,454 [ERROR] LogOutputStream:75 - [STDERR_REDIRECT] [Fatal Error] :1:1: Premature end of file.
2025-01-29 23:30:10,454 [ERROR] LogOutputStream:75 - [STDERR_REDIRECT] 
2025-01-29 23:30:11,470 [ERROR] LogOutputStream:75 - [STDERR_REDIRECT] [Fatal Error] :1:1: Premature end of file.
2025-01-29 23:30:11,470 [ERROR] LogOutputStream:75 - [STDERR_REDIRECT] 
2025-01-29 23:30:12,454 [ERROR] LogOutputStream:75 - [STDERR_REDIRECT] [Fatal Error] :1:1: Premature end of file.
2025-01-29 23:30:12,454 [ERROR] LogOutputStream:75 - [STDERR_REDIRECT] 
2025-01-29 23:30:13,470 [ERROR] LogOutputStream:75 - [STDERR_REDIRECT] [Fatal Error] :1:1: Premature end of file.
2025-01-29 23:30:13,470 [ERROR] LogOutputStream:75 - [STDERR_REDIRECT] 
2025-01-29 23:30:14,454 [ERROR] LogOutputStream:75 - [STDERR_REDIRECT] [Fatal Error] :1:1: Premature end of file.
2025-01-29 23:30:14,454 [ERROR] LogOutputStream:75 - [STDERR_REDIRECT] 
2025-01-29 23:30:15,463 [ERROR] LogOutputStream:75 - [STDERR_REDIRECT] [Fatal Error] :1:1: Premature end of file.
2025-01-29 23:30:15,463 [ERROR] LogOutputStream:75 - [STDERR_REDIRECT] 
2025-01-29 23:30:16,448 [ERROR] LogOutputStream:75 - [STDERR_REDIRECT] [Fatal Error] :1:1: Premature end of file.
2025-01-29 23:30:16,450 [ERROR] LogOutputStream:75 - [STDERR_REDIRECT] 
2025-01-29 23:30:17,453 [ERROR] LogOutputStream:75 - [STDERR_REDIRECT] [Fatal Error] :1:1: Premature end of file.
2025-01-29 23:30:17,453 [ERROR] LogOutputStream:75 - [STDERR_REDIRECT] 
2025-01-29 23:30:18,463 [ERROR] LogOutputStream:75 - [STDERR_REDIRECT] [Fatal Error] :1:1: Premature end of file.
2025-01-29 23:30:18,463 [ERROR] LogOutputStream:75 - [STDERR_REDIRECT] 
2025-01-29 23:30:19,474 [ERROR] LogOutputStream:75 - [STDERR_REDIRECT] [Fatal Error] :1:1: Premature end of file.
2025-01-29 23:30:19,474 [ERROR] LogOutputStream:75 - [STDERR_REDIRECT] 
2025-01-29 23:30:20,450 [ERROR] LogOutputStream:75 - [STDERR_REDIRECT] [Fatal Error] :1:1: Premature end of file.
2025-01-29 23:30:20,450 [ERROR] LogOutputStream:75 - [STDERR_REDIRECT] 
2025-01-29 23:30:21,475 [ERROR] LogOutputStream:75 - [STDERR_REDIRECT] [Fatal Error] :1:1: Premature end of file.
2025-01-29 23:30:21,475 [ERROR] LogOutputStream:75 - [STDERR_REDIRECT] 
2025-01-29 23:30:22,465 [ERROR] LogOutputStream:75 - [STDERR_REDIRECT] [Fatal Error] :1:1: Premature end of file.
2025-01-29 23:30:22,465 [ERROR] LogOutputStream:75 - [STDERR_REDIRECT] 
2025-01-29 23:30:23,475 [ERROR] LogOutputStream:75 - [STDERR_REDIRECT] [Fatal Error] :1:1: Premature end of file.
2025-01-29 23:30:23,475 [ERROR] LogOutputStream:75 - [STDERR_REDIRECT] 
2025-01-29 23:30:24,466 [ERROR] LogOutputStream:75 - [STDERR_REDIRECT] [Fatal Error] :1:1: Premature end of file.
2025-01-29 23:30:24,466 [ERROR] LogOutputStream:75 - [STDERR_REDIRECT] 
2025-01-29 23:30:25,494 [ERROR] LogOutputStream:75 - [STDERR_REDIRECT] [Fatal Error] :1:1: Premature end of file.
2025-01-29 23:30:25,494 [ERROR] LogOutputStream:75 - [STDERR_REDIRECT] 
2025-01-29 23:30:26,458 [ERROR] LogOutputStream:75 - [STDERR_REDIRECT] [Fatal Error] :1:1: Premature end of file.
2025-01-29 23:30:26,458 [ERROR] LogOutputStream:75 - [STDERR_REDIRECT] 
2025-01-29 23:30:27,473 [ERROR] LogOutputStream:75 - [STDERR_REDIRECT] [Fatal Error] :1:1: Premature end of file.
2025-01-29 23:30:27,473 [ERROR] LogOutputStream:75 - [STDERR_REDIRECT] 
2025-01-29 23:30:28,466 [ERROR] LogOutputStream:75 - [STDERR_REDIRECT] [Fatal Error] :1:1: Premature end of file.
2025-01-29 23:30:28,466 [ERROR] LogOutputStream:75 - [STDERR_REDIRECT] 
2025-01-29 23:30:29,475 [ERROR] LogOutputStream:75 - [STDERR_REDIRECT] [Fatal Error] :1:1: Premature end of file.
2025-01-29 23:30:29,475 [ERROR] LogOutputStream:75 - [STDERR_REDIRECT] 
2025-01-29 23:30:30,454 [ERROR] LogOutputStream:75 - [STDERR_REDIRECT] [Fatal Error] :1:1: Premature end of file.
2025-01-29 23:30:30,454 [ERROR] LogOutputStream:75 - [STDERR_REDIRECT] 
2025-01-29 23:30:31,465 [ERROR] LogOutputStream:75 - [STDERR_REDIRECT] [Fatal Error] :1:1: Premature end of file.
2025-01-29 23:30:31,465 [ERROR] LogOutputStream:75 - [STDERR_REDIRECT] 
2025-01-29 23:30:32,460 [ERROR] LogOutputStream:75 - [STDERR_REDIRECT] [Fatal Error] :1:1: Premature end of file.
2025-01-29 23:30:32,460 [ERROR] LogOutputStream:75 - [STDERR_REDIRECT] 
2025-01-29 23:30:33,474 [ERROR] LogOutputStream:75 - [STDERR_REDIRECT] [Fatal Error] :1:1: Premature end of file.
2025-01-29 23:30:33,474 [ERROR] LogOutputStream:75 - [STDERR_REDIRECT] 
2025-01-29 23:30:34,474 [ERROR] LogOutputStream:75 - [STDERR_REDIRECT] [Fatal Error] :1:1: Premature end of file.
2025-01-29 23:30:34,474 [ERROR] LogOutputStream:75 - [STDERR_REDIRECT] 
2025-01-29 23:30:35,467 [ERROR] LogOutputStream:75 - [STDERR_REDIRECT] [Fatal Error] :1:1: Premature end of file.
2025-01-29 23:30:35,467 [ERROR] LogOutputStream:75 - [STDERR_REDIRECT] 
2025-01-29 23:30:36,456 [ERROR] LogOutputStream:75 - [STDERR_REDIRECT] [Fatal Error] :1:1: Premature end of file.
2025-01-29 23:30:36,456 [ERROR] LogOutputStream:75 - [STDERR_REDIRECT] 
2025-01-29 23:30:37,467 [ERROR] LogOutputStream:75 - [STDERR_REDIRECT] [Fatal Error] :1:1: Premature end of file.
2025-01-29 23:30:37,467 [ERROR] LogOutputStream:75 - [STDERR_REDIRECT] 
2025-01-29 23:30:38,460 [ERROR] LogOutputStream:75 - [STDERR_REDIRECT] [Fatal Error] :1:1: Premature end of file.
2025-01-29 23:30:38,460 [ERROR] LogOutputStream:75 - [STDERR_REDIRECT] 
2025-01-29 23:30:39,456 [ERROR] LogOutputStream:75 - [STDERR_REDIRECT] [Fatal Error] :1:1: Premature end of file.
2025-01-29 23:30:39,456 [ERROR] LogOutputStream:75 - [STDERR_REDIRECT] 
2025-01-29 23:30:40,457 [ERROR] LogOutputStream:75 - [STDERR_REDIRECT] [Fatal Error] :1:1: Premature end of file.
2025-01-29 23:30:40,457 [ERROR] LogOutputStream:75 - [STDERR_REDIRECT] 
2025-01-29 23:30:41,453 [ERROR] LogOutputStream:75 - [STDERR_REDIRECT] [Fatal Error] :1:1: Premature end of file.
2025-01-29 23:30:41,453 [ERROR] LogOutputStream:75 - [STDERR_REDIRECT] 
2025-01-29 23:30:42,451 [ERROR] LogOutputStream:75 - [STDERR_REDIRECT] [Fatal Error] :1:1: Premature end of file.
2025-01-29 23:30:42,451 [ERROR] LogOutputStream:75 - [STDERR_REDIRECT] 
2025-01-29 23:30:43,451 [ERROR] LogOutputStream:75 - [STDERR_REDIRECT] [Fatal Error] :1:1: Premature end of file.
2025-01-29 23:30:43,451 [ERROR] LogOutputStream:75 - [STDERR_REDIRECT] 
2025-01-29 23:30:44,457 [ERROR] LogOutputStream:75 - [STDERR_REDIRECT] [Fatal Error] :1:1: Premature end of file.
2025-01-29 23:30:44,457 [ERROR] LogOutputStream:75 - [STDERR_REDIRECT] 
2025-01-29 23:30:45,462 [ERROR] LogOutputStream:75 - [STDERR_REDIRECT] [Fatal Error] :1:1: Premature end of file.
2025-01-29 23:30:45,462 [ERROR] LogOutputStream:75 - [STDERR_REDIRECT] 
2025-01-29 23:30:46,463 [ERROR] LogOutputStream:75 - [STDERR_REDIRECT] [Fatal Error] :1:1: Premature end of file.
2025-01-29 23:30:46,464 [ERROR] LogOutputStream:75 - [STDERR_REDIRECT] 
2025-01-29 23:30:47,468 [ERROR] LogOutputStream:75 - [STDERR_REDIRECT] [Fatal Error] :1:1: Premature end of file.
2025-01-29 23:30:47,468 [ERROR] LogOutputStream:75 - [STDERR_REDIRECT] 
2025-01-29 23:30:48,461 [ERROR] LogOutputStream:75 - [STDERR_REDIRECT] [Fatal Error] :1:1: Premature end of file.
2025-01-29 23:30:48,461 [ERROR] LogOutputStream:75 - [STDERR_REDIRECT] 
2025-01-29 23:30:49,469 [ERROR] LogOutputStream:75 - [STDERR_REDIRECT] [Fatal Error] :1:1: Premature end of file.
2025-01-29 23:30:49,469 [ERROR] LogOutputStream:75 - [STDERR_REDIRECT] 
2025-01-29 23:30:50,493 [ERROR] LogOutputStream:75 - [STDERR_REDIRECT] [Fatal Error] :1:1: Premature end of file.
2025-01-29 23:30:50,493 [ERROR] LogOutputStream:75 - [STDERR_REDIRECT] 
2025-01-29 23:30:51,468 [ERROR] LogOutputStream:75 - [STDERR_REDIRECT] [Fatal Error] :1:1: Premature end of file.
2025-01-29 23:30:51,468 [ERROR] LogOutputStream:75 - [STDERR_REDIRECT] 
2025-01-29 23:30:52,474 [ERROR] LogOutputStream:75 - [STDERR_REDIRECT] [Fatal Error] :1:1: Premature end of file.
2025-01-29 23:30:52,474 [ERROR] LogOutputStream:75 - [STDERR_REDIRECT] 
2025-01-29 23:30:53,456 [ERROR] LogOutputStream:75 - [STDERR_REDIRECT] [Fatal Error] :1:1: Premature end of file.
2025-01-29 23:30:53,456 [ERROR] LogOutputStream:75 - [STDERR_REDIRECT] 
2025-01-29 23:30:54,461 [ERROR] LogOutputStream:75 - [STDERR_REDIRECT] [Fatal Error] :1:1: Premature end of file.
2025-01-29 23:30:54,461 [ERROR] LogOutputStream:75 - [STDERR_REDIRECT] 
2025-01-29 23:30:55,471 [ERROR] LogOutputStream:75 - [STDERR_REDIRECT] [Fatal Error] :1:1: Premature end of file.
2025-01-29 23:30:55,471 [ERROR] LogOutputStream:75 - [STDERR_REDIRECT] 
2025-01-29 23:30:56,452 [ERROR] LogOutputStream:75 - [STDERR_REDIRECT] [Fatal Error] :1:1: Premature end of file.
2025-01-29 23:30:56,452 [ERROR] LogOutputStream:75 - [STDERR_REDIRECT] 
2025-01-29 23:30:57,457 [ERROR] LogOutputStream:75 - [STDERR_REDIRECT] [Fatal Error] :1:1: Premature end of file.
2025-01-29 23:30:57,457 [ERROR] LogOutputStream:75 - [STDERR_REDIRECT] 
2025-01-29 23:30:58,457 [ERROR] LogOutputStream:75 - [STDERR_REDIRECT] [Fatal Error] :1:1: Premature end of file.
2025-01-29 23:30:58,457 [ERROR] LogOutputStream:75 - [STDERR_REDIRECT] 
2025-01-29 23:30:59,464 [ERROR] LogOutputStream:75 - [STDERR_REDIRECT] [Fatal Error] :1:1: Premature end of file.
2025-01-29 23:30:59,464 [ERROR] LogOutputStream:75 - [STDERR_REDIRECT] 
2025-01-29 23:31:00,455 [ERROR] LogOutputStream:75 - [STDERR_REDIRECT] [Fatal Error] :1:1: Premature end of file.
2025-01-29 23:31:00,455 [ERROR] LogOutputStream:75 - [STDERR_REDIRECT] 
2025-01-29 23:31:01,470 [ERROR] LogOutputStream:75 - [STDERR_REDIRECT] [Fatal Error] :1:1: Premature end of file.
2025-01-29 23:31:01,470 [ERROR] LogOutputStream:75 - [STDERR_REDIRECT] 
2025-01-29 23:31:02,467 [ERROR] LogOutputStream:75 - [STDERR_REDIRECT] [Fatal Error] :1:1: Premature end of file.
2025-01-29 23:31:02,467 [ERROR] LogOutputStream:75 - [STDERR_REDIRECT] 
2025-01-29 23:31:03,453 [ERROR] LogOutputStream:75 - [STDERR_REDIRECT] [Fatal Error] :1:1: Premature end of file.
2025-01-29 23:31:03,453 [ERROR] LogOutputStream:75 - [STDERR_REDIRECT] 
2025-01-29 23:31:04,450 [ERROR] LogOutputStream:75 - [STDERR_REDIRECT] [Fatal Error] :1:1: Premature end of file.
2025-01-29 23:31:04,450 [ERROR] LogOutputStream:75 - [STDERR_REDIRECT] 
2025-01-29 23:31:05,454 [ERROR] LogOutputStream:75 - [STDERR_REDIRECT] [Fatal Error] :1:1: Premature end of file.
2025-01-29 23:31:05,454 [ERROR] LogOutputStream:75 - [STDERR_REDIRECT] 
2025-01-29 23:31:06,460 [ERROR] LogOutputStream:75 - [STDERR_REDIRECT] [Fatal Error] :1:1: Premature end of file.
2025-01-29 23:31:06,460 [ERROR] LogOutputStream:75 - [STDERR_REDIRECT] 
2025-01-29 23:31:07,463 [ERROR] LogOutputStream:75 - [STDERR_REDIRECT] [Fatal Error] :1:1: Premature end of file.
2025-01-29 23:31:07,463 [ERROR] LogOutputStream:75 - [STDERR_REDIRECT] 
2025-01-29 23:31:08,448 [ERROR] LogOutputStream:75 - [STDERR_REDIRECT] [Fatal Error] :1:1: Premature end of file.
2025-01-29 23:31:08,448 [ERROR] LogOutputStream:75 - [STDERR_REDIRECT] 
2025-01-29 23:31:09,469 [ERROR] LogOutputStream:75 - [STDERR_REDIRECT] [Fatal Error] :1:1: Premature end of file.
2025-01-29 23:31:09,470 [ERROR] LogOutputStream:75 - [STDERR_REDIRECT] 
2025-01-29 23:31:10,467 [ERROR] LogOutputStream:75 - [STDERR_REDIRECT] [Fatal Error] :1:1: Premature end of file.
2025-01-29 23:31:10,467 [ERROR] LogOutputStream:75 - [STDERR_REDIRECT] 
2025-01-29 23:31:11,452 [ERROR] LogOutputStream:75 - [STDERR_REDIRECT] [Fatal Error] :1:1: Premature end of file.
2025-01-29 23:31:11,452 [ERROR] LogOutputStream:75 - [STDERR_REDIRECT] 
2025-01-29 23:31:12,449 [ERROR] LogOutputStream:75 - [STDERR_REDIRECT] [Fatal Error] :1:1: Premature end of file.
2025-01-29 23:31:12,449 [ERROR] LogOutputStream:75 - [STDERR_REDIRECT] 
2025-01-29 23:31:13,461 [ERROR] LogOutputStream:75 - [STDERR_REDIRECT] [Fatal Error] :1:1: Premature end of file.
2025-01-29 23:31:13,461 [ERROR] LogOutputStream:75 - [STDERR_REDIRECT] 
2025-01-29 23:31:14,460 [ERROR] LogOutputStream:75 - [STDERR_REDIRECT] [Fatal Error] :1:1: Premature end of file.
2025-01-29 23:31:14,460 [ERROR] LogOutputStream:75 - [STDERR_REDIRECT] 
2025-01-29 23:31:15,466 [ERROR] LogOutputStream:75 - [STDERR_REDIRECT] [Fatal Error] :1:1: Premature end of file.
2025-01-29 23:31:15,466 [ERROR] LogOutputStream:75 - [STDERR_REDIRECT] 
2025-01-29 23:31:16,460 [ERROR] LogOutputStream:75 - [STDERR_REDIRECT] [Fatal Error] :1:1: Premature end of file.
2025-01-29 23:31:16,460 [ERROR] LogOutputStream:75 - [STDERR_REDIRECT] 
2025-01-29 23:31:17,474 [ERROR] LogOutputStream:75 - [STDERR_REDIRECT] [Fatal Error] :1:1: Premature end of file.
2025-01-29 23:31:17,474 [ERROR] LogOutputStream:75 - [STDERR_REDIRECT] 
2025-01-29 23:31:18,453 [ERROR] LogOutputStream:75 - [STDERR_REDIRECT] [Fatal Error] :1:1: Premature end of file.
2025-01-29 23:31:18,454 [ERROR] LogOutputStream:75 - [STDERR_REDIRECT] 
2025-01-29 23:31:19,466 [ERROR] LogOutputStream:75 - [STDERR_REDIRECT] [Fatal Error] :1:1: Premature end of file.
2025-01-29 23:31:19,466 [ERROR] LogOutputStream:75 - [STDERR_REDIRECT] 
2025-01-29 23:31:20,463 [ERROR] LogOutputStream:75 - [STDERR_REDIRECT] [Fatal Error] :1:1: Premature end of file.
2025-01-29 23:31:20,463 [ERROR] LogOutputStream:75 - [STDERR_REDIRECT] 
2025-01-29 23:31:21,460 [ERROR] LogOutputStream:75 - [STDERR_REDIRECT] [Fatal Error] :1:1: Premature end of file.
2025-01-29 23:31:21,460 [ERROR] LogOutputStream:75 - [STDERR_REDIRECT] 
2025-01-29 23:31:22,469 [ERROR] LogOutputStream:75 - [STDERR_REDIRECT] [Fatal Error] :1:1: Premature end of file.
2025-01-29 23:31:22,469 [ERROR] LogOutputStream:75 - [STDERR_REDIRECT] 
2025-01-29 23:31:23,480 [ERROR] LogOutputStream:75 - [STDERR_REDIRECT] [Fatal Error] :1:1: Premature end of file.
2025-01-29 23:31:23,480 [ERROR] LogOutputStream:75 - [STDERR_REDIRECT] 
2025-01-29 23:31:24,468 [ERROR] LogOutputStream:75 - [STDERR_REDIRECT] [Fatal Error] :1:1: Premature end of file.
2025-01-29 23:31:24,468 [ERROR] LogOutputStream:75 - [STDERR_REDIRECT] 
2025-01-29 23:31:25,464 [ERROR] LogOutputStream:75 - [STDERR_REDIRECT] [Fatal Error] :1:1: Premature end of file.
2025-01-29 23:31:25,464 [ERROR] LogOutputStream:75 - [STDERR_REDIRECT] 
2025-01-29 23:31:26,462 [ERROR] LogOutputStream:75 - [STDERR_REDIRECT] [Fatal Error] :1:1: Premature end of file.
2025-01-29 23:31:26,462 [ERROR] LogOutputStream:75 - [STDERR_REDIRECT] 
2025-01-29 23:31:27,474 [ERROR] LogOutputStream:75 - [STDERR_REDIRECT] [Fatal Error] :1:1: Premature end of file.
2025-01-29 23:31:27,474 [ERROR] LogOutputStream:75 - [STDERR_REDIRECT] 
2025-01-29 23:31:28,470 [ERROR] LogOutputStream:75 - [STDERR_REDIRECT] [Fatal Error] :1:1: Premature end of file.
2025-01-29 23:31:28,470 [ERROR] LogOutputStream:75 - [STDERR_REDIRECT] 
2025-01-29 23:31:29,460 [ERROR] LogOutputStream:75 - [STDERR_REDIRECT] [Fatal Error] :1:1: Premature end of file.
2025-01-29 23:31:29,460 [ERROR] LogOutputStream:75 - [STDERR_REDIRECT] 
2025-01-29 23:31:30,470 [ERROR] LogOutputStream:75 - [STDERR_REDIRECT] [Fatal Error] :1:1: Premature end of file.
2025-01-29 23:31:30,470 [ERROR] LogOutputStream:75 - [STDERR_REDIRECT] 
2025-01-29 23:31:31,460 [ERROR] LogOutputStream:75 - [STDERR_REDIRECT] [Fatal Error] :1:1: Premature end of file.
2025-01-29 23:31:31,460 [ERROR] LogOutputStream:75 - [STDERR_REDIRECT] 
2025-01-29 23:31:32,470 [ERROR] LogOutputStream:75 - [STDERR_REDIRECT] [Fatal Error] :1:1: Premature end of file.
2025-01-29 23:31:32,470 [ERROR] LogOutputStream:75 - [STDERR_REDIRECT] 
2025-01-29 23:31:33,465 [ERROR] LogOutputStream:75 - [STDERR_REDIRECT] [Fatal Error] :1:1: Premature end of file.
2025-01-29 23:31:33,465 [ERROR] LogOutputStream:75 - [STDERR_REDIRECT] 
2025-01-29 23:31:34,452 [ERROR] LogOutputStream:75 - [STDERR_REDIRECT] [Fatal Error] :1:1: Premature end of file.
2025-01-29 23:31:34,452 [ERROR] LogOutputStream:75 - [STDERR_REDIRECT] 
2025-01-29 23:31:35,466 [ERROR] LogOutputStream:75 - [STDERR_REDIRECT] [Fatal Error] :1:1: Premature end of file.
2025-01-29 23:31:35,466 [ERROR] LogOutputStream:75 - [STDERR_REDIRECT] 
2025-01-29 23:31:36,466 [ERROR] LogOutputStream:75 - [STDERR_REDIRECT] [Fatal Error] :1:1: Premature end of file.
2025-01-29 23:31:36,468 [ERROR] LogOutputStream:75 - [STDERR_REDIRECT] 
2025-01-29 23:31:37,456 [ERROR] LogOutputStream:75 - [STDERR_REDIRECT] [Fatal Error] :1:1: Premature end of file.
2025-01-29 23:31:37,456 [ERROR] LogOutputStream:75 - [STDERR_REDIRECT] 
2025-01-29 23:31:38,463 [ERROR] LogOutputStream:75 - [STDERR_REDIRECT] [Fatal Error] :1:1: Premature end of file.
2025-01-29 23:31:38,463 [ERROR] LogOutputStream:75 - [STDERR_REDIRECT] 
2025-01-29 23:31:39,462 [ERROR] LogOutputStream:75 - [STDERR_REDIRECT] [Fatal Error] :1:1: Premature end of file.
2025-01-29 23:31:39,462 [ERROR] LogOutputStream:75 - [STDERR_REDIRECT] 
2025-01-29 23:31:40,469 [ERROR] LogOutputStream:75 - [STDERR_REDIRECT] [Fatal Error] :1:1: Premature end of file.
2025-01-29 23:31:40,469 [ERROR] LogOutputStream:75 - [STDERR_REDIRECT] 
2025-01-29 23:31:41,474 [ERROR] LogOutputStream:75 - [STDERR_REDIRECT] [Fatal Error] :1:1: Premature end of file.
2025-01-29 23:31:41,474 [ERROR] LogOutputStream:75 - [STDERR_REDIRECT] 
2025-01-29 23:31:42,472 [ERROR] LogOutputStream:75 - [STDERR_REDIRECT] [Fatal Error] :1:1: Premature end of file.
2025-01-29 23:31:42,474 [ERROR] LogOutputStream:75 - [STDERR_REDIRECT] 
2025-01-29 23:31:43,461 [ERROR] LogOutputStream:75 - [STDERR_REDIRECT] [Fatal Error] :1:1: Premature end of file.
2025-01-29 23:31:43,461 [ERROR] LogOutputStream:75 - [STDERR_REDIRECT] 
2025-01-29 23:31:44,452 [ERROR] LogOutputStream:75 - [STDERR_REDIRECT] [Fatal Error] :1:1: Premature end of file.
2025-01-29 23:31:44,452 [ERROR] LogOutputStream:75 - [STDERR_REDIRECT] 
2025-01-29 23:31:45,468 [ERROR] LogOutputStream:75 - [STDERR_REDIRECT] [Fatal Error] :1:1: Premature end of file.
2025-01-29 23:31:45,468 [ERROR] LogOutputStream:75 - [STDERR_REDIRECT] 
2025-01-29 23:31:46,448 [ERROR] LogOutputStream:75 - [STDERR_REDIRECT] [Fatal Error] :1:1: Premature end of file.
2025-01-29 23:31:46,448 [ERROR] LogOutputStream:75 - [STDERR_REDIRECT] 
2025-01-29 23:31:47,453 [ERROR] LogOutputStream:75 - [STDERR_REDIRECT] [Fatal Error] :1:1: Premature end of file.
2025-01-29 23:31:47,453 [ERROR] LogOutputStream:75 - [STDERR_REDIRECT] 
2025-01-29 23:31:48,470 [ERROR] LogOutputStream:75 - [STDERR_REDIRECT] [Fatal Error] :1:1: Premature end of file.
2025-01-29 23:31:48,470 [ERROR] LogOutputStream:75 - [STDERR_REDIRECT] 
2025-01-29 23:31:49,472 [ERROR] LogOutputStream:75 - [STDERR_REDIRECT] [Fatal Error] :1:1: Premature end of file.
2025-01-29 23:31:49,472 [ERROR] LogOutputStream:75 - [STDERR_REDIRECT] 
2025-01-29 23:31:50,462 [ERROR] LogOutputStream:75 - [STDERR_REDIRECT] [Fatal Error] :1:1: Premature end of file.
2025-01-29 23:31:50,462 [ERROR] LogOutputStream:75 - [STDERR_REDIRECT] 
2025-01-29 23:31:51,457 [ERROR] LogOutputStream:75 - [STDERR_REDIRECT] [Fatal Error] :1:1: Premature end of file.
2025-01-29 23:31:51,457 [ERROR] LogOutputStream:75 - [STDERR_REDIRECT] 
2025-01-29 23:31:52,466 [ERROR] LogOutputStream:75 - [STDERR_REDIRECT] [Fatal Error] :1:1: Premature end of file.
2025-01-29 23:31:52,466 [ERROR] LogOutputStream:75 - [STDERR_REDIRECT] 
2025-01-29 23:31:53,472 [ERROR] LogOutputStream:75 - [STDERR_REDIRECT] [Fatal Error] :1:1: Premature end of file.
2025-01-29 23:31:53,472 [ERROR] LogOutputStream:75 - [STDERR_REDIRECT] 
2025-01-29 23:31:54,453 [ERROR] LogOutputStream:75 - [STDERR_REDIRECT] [Fatal Error] :1:1: Premature end of file.
2025-01-29 23:31:54,453 [ERROR] LogOutputStream:75 - [STDERR_REDIRECT] 
2025-01-29 23:31:55,456 [ERROR] LogOutputStream:75 - [STDERR_REDIRECT] [Fatal Error] :1:1: Premature end of file.
2025-01-29 23:31:55,456 [ERROR] LogOutputStream:75 - [STDERR_REDIRECT] 
2025-01-29 23:31:56,462 [ERROR] LogOutputStream:75 - [STDERR_REDIRECT] [Fatal Error] :1:1: Premature end of file.
2025-01-29 23:31:56,462 [ERROR] LogOutputStream:75 - [STDERR_REDIRECT] 
2025-01-29 23:31:57,466 [ERROR] LogOutputStream:75 - [STDERR_REDIRECT] [Fatal Error] :1:1: Premature end of file.
2025-01-29 23:31:57,466 [ERROR] LogOutputStream:75 - [STDERR_REDIRECT] 
2025-01-29 23:31:58,475 [ERROR] LogOutputStream:75 - [STDERR_REDIRECT] [Fatal Error] :1:1: Premature end of file.
2025-01-29 23:31:58,475 [ERROR] LogOutputStream:75 - [STDERR_REDIRECT] 
2025-01-29 23:31:59,479 [ERROR] LogOutputStream:75 - [STDERR_REDIRECT] [Fatal Error] :1:1: Premature end of file.
2025-01-29 23:31:59,479 [ERROR] LogOutputStream:75 - [STDERR_REDIRECT] 
2025-01-29 23:32:00,479 [ERROR] LogOutputStream:75 - [STDERR_REDIRECT] [Fatal Error] :1:1: Premature end of file.
2025-01-29 23:32:00,479 [ERROR] LogOutputStream:75 - [STDERR_REDIRECT] 
2025-01-29 23:32:01,457 [ERROR] LogOutputStream:75 - [STDERR_REDIRECT] [Fatal Error] :1:1: Premature end of file.
2025-01-29 23:32:01,457 [ERROR] LogOutputStream:75 - [STDERR_REDIRECT] 
2025-01-29 23:32:02,452 [ERROR] LogOutputStream:75 - [STDERR_REDIRECT] [Fatal Error] :1:1: Premature end of file.
2025-01-29 23:32:02,452 [ERROR] LogOutputStream:75 - [STDERR_REDIRECT] 
2025-01-29 23:32:03,481 [ERROR] LogOutputStream:75 - [STDERR_REDIRECT] [Fatal Error] :1:1: Premature end of file.
2025-01-29 23:32:03,481 [ERROR] LogOutputStream:75 - [STDERR_REDIRECT] 
2025-01-29 23:32:04,460 [ERROR] LogOutputStream:75 - [STDERR_REDIRECT] [Fatal Error] :1:1: Premature end of file.
2025-01-29 23:32:04,460 [ERROR] LogOutputStream:75 - [STDERR_REDIRECT] 
2025-01-29 23:32:05,459 [ERROR] LogOutputStream:75 - [STDERR_REDIRECT] [Fatal Error] :1:1: Premature end of file.
2025-01-29 23:32:05,459 [ERROR] LogOutputStream:75 - [STDERR_REDIRECT] 
2025-01-29 23:32:06,464 [ERROR] LogOutputStream:75 - [STDERR_REDIRECT] [Fatal Error] :1:1: Premature end of file.
2025-01-29 23:32:06,464 [ERROR] LogOutputStream:75 - [STDERR_REDIRECT] 
2025-01-29 23:32:07,462 [ERROR] LogOutputStream:75 - [STDERR_REDIRECT] [Fatal Error] :1:1: Premature end of file.
2025-01-29 23:32:07,462 [ERROR] LogOutputStream:75 - [STDERR_REDIRECT] 
2025-01-29 23:32:08,468 [ERROR] LogOutputStream:75 - [STDERR_REDIRECT] [Fatal Error] :1:1: Premature end of file.
2025-01-29 23:32:08,468 [ERROR] LogOutputStream:75 - [STDERR_REDIRECT] 
2025-01-29 23:32:09,456 [ERROR] LogOutputStream:75 - [STDERR_REDIRECT] [Fatal Error] :1:1: Premature end of file.
2025-01-29 23:32:09,456 [ERROR] LogOutputStream:75 - [STDERR_REDIRECT] 
2025-01-29 23:32:10,457 [ERROR] LogOutputStream:75 - [STDERR_REDIRECT] [Fatal Error] :1:1: Premature end of file.
2025-01-29 23:32:10,457 [ERROR] LogOutputStream:75 - [STDERR_REDIRECT] 
2025-01-29 23:32:11,453 [ERROR] LogOutputStream:75 - [STDERR_REDIRECT] [Fatal Error] :1:1: Premature end of file.
2025-01-29 23:32:11,453 [ERROR] LogOutputStream:75 - [STDERR_REDIRECT] 
2025-01-29 23:32:12,454 [ERROR] LogOutputStream:75 - [STDERR_REDIRECT] [Fatal Error] :1:1: Premature end of file.
2025-01-29 23:32:12,454 [ERROR] LogOutputStream:75 - [STDERR_REDIRECT] 
2025-01-29 23:32:13,460 [ERROR] LogOutputStream:75 - [STDERR_REDIRECT] [Fatal Error] :1:1: Premature end of file.
2025-01-29 23:32:13,460 [ERROR] LogOutputStream:75 - [STDERR_REDIRECT] 
2025-01-29 23:32:14,452 [ERROR] LogOutputStream:75 - [STDERR_REDIRECT] [Fatal Error] :1:1: Premature end of file.
2025-01-29 23:32:14,452 [ERROR] LogOutputStream:75 - [STDERR_REDIRECT] 
2025-01-29 23:32:15,454 [ERROR] LogOutputStream:75 - [STDERR_REDIRECT] [Fatal Error] :1:1: Premature end of file.
2025-01-29 23:32:15,454 [ERROR] LogOutputStream:75 - [STDERR_REDIRECT] 
2025-01-29 23:32:16,449 [ERROR] LogOutputStream:75 - [STDERR_REDIRECT] [Fatal Error] :1:1: Premature end of file.
2025-01-29 23:32:16,449 [ERROR] LogOutputStream:75 - [STDERR_REDIRECT] 
2025-01-29 23:32:17,455 [ERROR] LogOutputStream:75 - [STDERR_REDIRECT] [Fatal Error] :1:1: Premature end of file.
2025-01-29 23:32:17,455 [ERROR] LogOutputStream:75 - [STDERR_REDIRECT] 
2025-01-29 23:32:18,454 [ERROR] LogOutputStream:75 - [STDERR_REDIRECT] [Fatal Error] :1:1: Premature end of file.
2025-01-29 23:32:18,454 [ERROR] LogOutputStream:75 - [STDERR_REDIRECT] 
2025-01-29 23:32:19,457 [ERROR] LogOutputStream:75 - [STDERR_REDIRECT] [Fatal Error] :1:1: Premature end of file.
2025-01-29 23:32:19,457 [ERROR] LogOutputStream:75 - [STDERR_REDIRECT] 
2025-01-29 23:32:20,463 [ERROR] LogOutputStream:75 - [STDERR_REDIRECT] [Fatal Error] :1:1: Premature end of file.
2025-01-29 23:32:20,463 [ERROR] LogOutputStream:75 - [STDERR_REDIRECT] 
2025-01-29 23:32:21,450 [ERROR] LogOutputStream:75 - [STDERR_REDIRECT] [Fatal Error] :1:1: Premature end of file.
2025-01-29 23:32:21,450 [ERROR] LogOutputStream:75 - [STDERR_REDIRECT] 
2025-01-29 23:32:22,457 [ERROR] LogOutputStream:75 - [STDERR_REDIRECT] [Fatal Error] :1:1: Premature end of file.
2025-01-29 23:32:22,457 [ERROR] LogOutputStream:75 - [STDERR_REDIRECT] 
2025-01-29 23:32:23,463 [ERROR] LogOutputStream:75 - [STDERR_REDIRECT] [Fatal Error] :1:1: Premature end of file.
2025-01-29 23:32:23,463 [ERROR] LogOutputStream:75 - [STDERR_REDIRECT] 
2025-01-29 23:32:24,453 [ERROR] LogOutputStream:75 - [STDERR_REDIRECT] [Fatal Error] :1:1: Premature end of file.
2025-01-29 23:32:24,454 [ERROR] LogOutputStream:75 - [STDERR_REDIRECT] 
2025-01-29 23:32:25,457 [ERROR] LogOutputStream:75 - [STDERR_REDIRECT] [Fatal Error] :1:1: Premature end of file.
2025-01-29 23:32:25,457 [ERROR] LogOutputStream:75 - [STDERR_REDIRECT] 
2025-01-29 23:32:26,447 [ERROR] LogOutputStream:75 - [STDERR_REDIRECT] [Fatal Error] :1:1: Premature end of file.
2025-01-29 23:32:26,447 [ERROR] LogOutputStream:75 - [STDERR_REDIRECT] 
2025-01-29 23:32:27,457 [ERROR] LogOutputStream:75 - [STDERR_REDIRECT] [Fatal Error] :1:1: Premature end of file.
2025-01-29 23:32:27,457 [ERROR] LogOutputStream:75 - [STDERR_REDIRECT] 
2025-01-29 23:32:28,479 [ERROR] LogOutputStream:75 - [STDERR_REDIRECT] [Fatal Error] :1:1: Premature end of file.
2025-01-29 23:32:28,480 [ERROR] LogOutputStream:75 - [STDERR_REDIRECT] 
2025-01-29 23:32:29,454 [ERROR] LogOutputStream:75 - [STDERR_REDIRECT] [Fatal Error] :1:1: Premature end of file.
2025-01-29 23:32:29,454 [ERROR] LogOutputStream:75 - [STDERR_REDIRECT] 
2025-01-29 23:32:30,456 [ERROR] LogOutputStream:75 - [STDERR_REDIRECT] [Fatal Error] :1:1: Premature end of file.
2025-01-29 23:32:30,456 [ERROR] LogOutputStream:75 - [STDERR_REDIRECT] 
2025-01-29 23:32:31,453 [ERROR] LogOutputStream:75 - [STDERR_REDIRECT] [Fatal Error] :1:1: Premature end of file.
2025-01-29 23:32:31,453 [ERROR] LogOutputStream:75 - [STDERR_REDIRECT] 
2025-01-29 23:32:32,453 [ERROR] LogOutputStream:75 - [STDERR_REDIRECT] [Fatal Error] :1:1: Premature end of file.
2025-01-29 23:32:32,453 [ERROR] LogOutputStream:75 - [STDERR_REDIRECT] 
2025-01-29 23:32:33,453 [ERROR] LogOutputStream:75 - [STDERR_REDIRECT] [Fatal Error] :1:1: Premature end of file.
2025-01-29 23:32:33,453 [ERROR] LogOutputStream:75 - [STDERR_REDIRECT] 
2025-01-29 23:32:34,467 [ERROR] LogOutputStream:75 - [STDERR_REDIRECT] [Fatal Error] :1:1: Premature end of file.
2025-01-29 23:32:34,467 [ERROR] LogOutputStream:75 - [STDERR_REDIRECT] 
2025-01-29 23:32:35,469 [ERROR] LogOutputStream:75 - [STDERR_REDIRECT] [Fatal Error] :1:1: Premature end of file.
2025-01-29 23:32:35,469 [ERROR] LogOutputStream:75 - [STDERR_REDIRECT] 
2025-01-29 23:32:36,469 [ERROR] LogOutputStream:75 - [STDERR_REDIRECT] [Fatal Error] :1:1: Premature end of file.
2025-01-29 23:32:36,469 [ERROR] LogOutputStream:75 - [STDERR_REDIRECT] 
2025-01-29 23:32:37,458 [ERROR] LogOutputStream:75 - [STDERR_REDIRECT] [Fatal Error] :1:1: Premature end of file.
2025-01-29 23:32:37,458 [ERROR] LogOutputStream:75 - [STDERR_REDIRECT] 
2025-01-29 23:32:38,476 [ERROR] LogOutputStream:75 - [STDERR_REDIRECT] [Fatal Error] :1:1: Premature end of file.
2025-01-29 23:32:38,476 [ERROR] LogOutputStream:75 - [STDERR_REDIRECT] 
2025-01-29 23:32:39,452 [ERROR] LogOutputStream:75 - [STDERR_REDIRECT] [Fatal Error] :1:1: Premature end of file.
2025-01-29 23:32:39,452 [ERROR] LogOutputStream:75 - [STDERR_REDIRECT] 
2025-01-29 23:32:40,451 [ERROR] LogOutputStream:75 - [STDERR_REDIRECT] [Fatal Error] :1:1: Premature end of file.
2025-01-29 23:32:40,451 [ERROR] LogOutputStream:75 - [STDERR_REDIRECT] 
2025-01-29 23:32:41,456 [ERROR] LogOutputStream:75 - [STDERR_REDIRECT] [Fatal Error] :1:1: Premature end of file.
2025-01-29 23:32:41,456 [ERROR] LogOutputStream:75 - [STDERR_REDIRECT] 
2025-01-29 23:32:42,463 [ERROR] LogOutputStream:75 - [STDERR_REDIRECT] [Fatal Error] :1:1: Premature end of file.
2025-01-29 23:32:42,463 [ERROR] LogOutputStream:75 - [STDERR_REDIRECT] 
2025-01-29 23:32:43,457 [ERROR] LogOutputStream:75 - [STDERR_REDIRECT] [Fatal Error] :1:1: Premature end of file.
2025-01-29 23:32:43,458 [ERROR] LogOutputStream:75 - [STDERR_REDIRECT] 
2025-01-29 23:32:44,467 [ERROR] LogOutputStream:75 - [STDERR_REDIRECT] [Fatal Error] :1:1: Premature end of file.
2025-01-29 23:32:44,467 [ERROR] LogOutputStream:75 - [STDERR_REDIRECT] 
2025-01-29 23:32:45,462 [ERROR] LogOutputStream:75 - [STDERR_REDIRECT] [Fatal Error] :1:1: Premature end of file.
2025-01-29 23:32:45,462 [ERROR] LogOutputStream:75 - [STDERR_REDIRECT] 
2025-01-29 23:32:46,463 [ERROR] LogOutputStream:75 - [STDERR_REDIRECT] [Fatal Error] :1:1: Premature end of file.
2025-01-29 23:32:46,463 [ERROR] LogOutputStream:75 - [STDERR_REDIRECT] 
2025-01-29 23:32:47,451 [ERROR] LogOutputStream:75 - [STDERR_REDIRECT] [Fatal Error] :1:1: Premature end of file.
2025-01-29 23:32:47,451 [ERROR] LogOutputStream:75 - [STDERR_REDIRECT] 
2025-01-29 23:32:48,451 [ERROR] LogOutputStream:75 - [STDERR_REDIRECT] [Fatal Error] :1:1: Premature end of file.
2025-01-29 23:32:48,452 [ERROR] LogOutputStream:75 - [STDERR_REDIRECT] 
2025-01-29 23:32:49,451 [ERROR] LogOutputStream:75 - [STDERR_REDIRECT] [Fatal Error] :1:1: Premature end of file.
2025-01-29 23:32:49,451 [ERROR] LogOutputStream:75 - [STDERR_REDIRECT] 
2025-01-29 23:32:50,455 [ERROR] LogOutputStream:75 - [STDERR_REDIRECT] [Fatal Error] :1:1: Premature end of file.
2025-01-29 23:32:50,455 [ERROR] LogOutputStream:75 - [STDERR_REDIRECT] 
2025-01-29 23:32:51,460 [ERROR] LogOutputStream:75 - [STDERR_REDIRECT] [Fatal Error] :1:1: Premature end of file.
2025-01-29 23:32:51,460 [ERROR] LogOutputStream:75 - [STDERR_REDIRECT] 
2025-01-29 23:32:52,463 [ERROR] LogOutputStream:75 - [STDERR_REDIRECT] [Fatal Error] :1:1: Premature end of file.
2025-01-29 23:32:52,463 [ERROR] LogOutputStream:75 - [STDERR_REDIRECT] 
2025-01-29 23:32:53,450 [ERROR] LogOutputStream:75 - [STDERR_REDIRECT] [Fatal Error] :1:1: Premature end of file.
2025-01-29 23:32:53,450 [ERROR] LogOutputStream:75 - [STDERR_REDIRECT] 
2025-01-29 23:32:54,454 [ERROR] LogOutputStream:75 - [STDERR_REDIRECT] [Fatal Error] :1:1: Premature end of file.
2025-01-29 23:32:54,455 [ERROR] LogOutputStream:75 - [STDERR_REDIRECT] 
2025-01-29 23:32:55,468 [ERROR] LogOutputStream:75 - [STDERR_REDIRECT] [Fatal Error] :1:1: Premature end of file.
2025-01-29 23:32:55,468 [ERROR] LogOutputStream:75 - [STDERR_REDIRECT] 
2025-01-29 23:32:56,452 [ERROR] LogOutputStream:75 - [STDERR_REDIRECT] [Fatal Error] :1:1: Premature end of file.
2025-01-29 23:32:56,452 [ERROR] LogOutputStream:75 - [STDERR_REDIRECT] 
2025-01-29 23:32:57,448 [ERROR] LogOutputStream:75 - [STDERR_REDIRECT] [Fatal Error] :1:1: Premature end of file.
2025-01-29 23:32:57,448 [ERROR] LogOutputStream:75 - [STDERR_REDIRECT] 
2025-01-29 23:32:58,454 [ERROR] LogOutputStream:75 - [STDERR_REDIRECT] [Fatal Error] :1:1: Premature end of file.
2025-01-29 23:32:58,454 [ERROR] LogOutputStream:75 - [STDERR_REDIRECT] 
2025-01-29 23:32:59,452 [ERROR] LogOutputStream:75 - [STDERR_REDIRECT] [Fatal Error] :1:1: Premature end of file.
2025-01-29 23:32:59,452 [ERROR] LogOutputStream:75 - [STDERR_REDIRECT] 
2025-01-29 23:33:00,451 [ERROR] LogOutputStream:75 - [STDERR_REDIRECT] [Fatal Error] :1:1: Premature end of file.
2025-01-29 23:33:00,452 [ERROR] LogOutputStream:75 - [STDERR_REDIRECT] 
2025-01-29 23:33:01,461 [ERROR] LogOutputStream:75 - [STDERR_REDIRECT] [Fatal Error] :1:1: Premature end of file.
2025-01-29 23:33:01,461 [ERROR] LogOutputStream:75 - [STDERR_REDIRECT] 
2025-01-29 23:33:02,456 [ERROR] LogOutputStream:75 - [STDERR_REDIRECT] [Fatal Error] :1:1: Premature end of file.
2025-01-29 23:33:02,456 [ERROR] LogOutputStream:75 - [STDERR_REDIRECT] 
2025-01-29 23:33:03,455 [ERROR] LogOutputStream:75 - [STDERR_REDIRECT] [Fatal Error] :1:1: Premature end of file.
2025-01-29 23:33:03,455 [ERROR] LogOutputStream:75 - [STDERR_REDIRECT] 
2025-01-29 23:33:04,453 [ERROR] LogOutputStream:75 - [STDERR_REDIRECT] [Fatal Error] :1:1: Premature end of file.
2025-01-29 23:33:04,453 [ERROR] LogOutputStream:75 - [STDERR_REDIRECT] 
2025-01-29 23:33:05,457 [ERROR] LogOutputStream:75 - [STDERR_REDIRECT] [Fatal Error] :1:1: Premature end of file.
2025-01-29 23:33:05,457 [ERROR] LogOutputStream:75 - [STDERR_REDIRECT] 
2025-01-29 23:33:06,473 [ERROR] LogOutputStream:75 - [STDERR_REDIRECT] [Fatal Error] :1:1: Premature end of file.
2025-01-29 23:33:06,473 [ERROR] LogOutputStream:75 - [STDERR_REDIRECT] 
2025-01-29 23:33:07,456 [ERROR] LogOutputStream:75 - [STDERR_REDIRECT] [Fatal Error] :1:1: Premature end of file.
2025-01-29 23:33:07,456 [ERROR] LogOutputStream:75 - [STDERR_REDIRECT] 
2025-01-29 23:33:08,456 [ERROR] LogOutputStream:75 - [STDERR_REDIRECT] [Fatal Error] :1:1: Premature end of file.
2025-01-29 23:33:08,456 [ERROR] LogOutputStream:75 - [STDERR_REDIRECT] 
2025-01-29 23:33:09,454 [ERROR] LogOutputStream:75 - [STDERR_REDIRECT] [Fatal Error] :1:1: Premature end of file.
2025-01-29 23:33:09,454 [ERROR] LogOutputStream:75 - [STDERR_REDIRECT] 
2025-01-29 23:33:10,453 [ERROR] LogOutputStream:75 - [STDERR_REDIRECT] [Fatal Error] :1:1: Premature end of file.
2025-01-29 23:33:10,453 [ERROR] LogOutputStream:75 - [STDERR_REDIRECT] 
2025-01-29 23:33:11,454 [ERROR] LogOutputStream:75 - [STDERR_REDIRECT] [Fatal Error] :1:1: Premature end of file.
2025-01-29 23:33:11,454 [ERROR] LogOutputStream:75 - [STDERR_REDIRECT] 
2025-01-29 23:33:12,458 [ERROR] LogOutputStream:75 - [STDERR_REDIRECT] [Fatal Error] :1:1: Premature end of file.
2025-01-29 23:33:12,458 [ERROR] LogOutputStream:75 - [STDERR_REDIRECT] 
2025-01-29 23:33:13,451 [ERROR] LogOutputStream:75 - [STDERR_REDIRECT] [Fatal Error] :1:1: Premature end of file.
2025-01-29 23:33:13,452 [ERROR] LogOutputStream:75 - [STDERR_REDIRECT] 
2025-01-29 23:33:14,448 [ERROR] LogOutputStream:75 - [STDERR_REDIRECT] [Fatal Error] :1:1: Premature end of file.
2025-01-29 23:33:14,448 [ERROR] LogOutputStream:75 - [STDERR_REDIRECT] 
2025-01-29 23:33:15,485 [ERROR] LogOutputStream:75 - [STDERR_REDIRECT] [Fatal Error] :1:1: Premature end of file.
2025-01-29 23:33:15,486 [ERROR] LogOutputStream:75 - [STDERR_REDIRECT] 
2025-01-29 23:33:16,450 [ERROR] LogOutputStream:75 - [STDERR_REDIRECT] [Fatal Error] :1:1: Premature end of file.
2025-01-29 23:33:16,450 [ERROR] LogOutputStream:75 - [STDERR_REDIRECT] 
2025-01-29 23:33:17,462 [ERROR] LogOutputStream:75 - [STDERR_REDIRECT] [Fatal Error] :1:1: Premature end of file.
2025-01-29 23:33:17,462 [ERROR] LogOutputStream:75 - [STDERR_REDIRECT] 
2025-01-29 23:33:18,457 [ERROR] LogOutputStream:75 - [STDERR_REDIRECT] [Fatal Error] :1:1: Premature end of file.
2025-01-29 23:33:18,457 [ERROR] LogOutputStream:75 - [STDERR_REDIRECT] 
2025-01-29 23:33:19,456 [ERROR] LogOutputStream:75 - [STDERR_REDIRECT] [Fatal Error] :1:1: Premature end of file.
2025-01-29 23:33:19,456 [ERROR] LogOutputStream:75 - [STDERR_REDIRECT] 
2025-01-29 23:33:20,454 [ERROR] LogOutputStream:75 - [STDERR_REDIRECT] [Fatal Error] :1:1: Premature end of file.
2025-01-29 23:33:20,454 [ERROR] LogOutputStream:75 - [STDERR_REDIRECT] 
2025-01-29 23:33:21,461 [ERROR] LogOutputStream:75 - [STDERR_REDIRECT] [Fatal Error] :1:1: Premature end of file.
2025-01-29 23:33:21,461 [ERROR] LogOutputStream:75 - [STDERR_REDIRECT] 
2025-01-29 23:33:22,448 [ERROR] LogOutputStream:75 - [STDERR_REDIRECT] [Fatal Error] :1:1: Premature end of file.
2025-01-29 23:33:22,448 [ERROR] LogOutputStream:75 - [STDERR_REDIRECT] 
2025-01-29 23:33:23,486 [ERROR] LogOutputStream:75 - [STDERR_REDIRECT] [Fatal Error] :1:1: Premature end of file.
2025-01-29 23:33:23,486 [ERROR] LogOutputStream:75 - [STDERR_REDIRECT] 
2025-01-29 23:33:24,456 [ERROR] LogOutputStream:75 - [STDERR_REDIRECT] [Fatal Error] :1:1: Premature end of file.
2025-01-29 23:33:24,456 [ERROR] LogOutputStream:75 - [STDERR_REDIRECT] 
2025-01-29 23:33:25,454 [ERROR] LogOutputStream:75 - [STDERR_REDIRECT] [Fatal Error] :1:1: Premature end of file.
2025-01-29 23:33:25,454 [ERROR] LogOutputStream:75 - [STDERR_REDIRECT] 
2025-01-29 23:33:26,451 [ERROR] LogOutputStream:75 - [STDERR_REDIRECT] [Fatal Error] :1:1: Premature end of file.
2025-01-29 23:33:26,451 [ERROR] LogOutputStream:75 - [STDERR_REDIRECT] 
2025-01-29 23:33:27,494 [ERROR] LogOutputStream:75 - [STDERR_REDIRECT] [Fatal Error] :1:1: Premature end of file.
2025-01-29 23:33:27,494 [ERROR] LogOutputStream:75 - [STDERR_REDIRECT] 
2025-01-29 23:33:28,452 [ERROR] LogOutputStream:75 - [STDERR_REDIRECT] [Fatal Error] :1:1: Premature end of file.
2025-01-29 23:33:28,452 [ERROR] LogOutputStream:75 - [STDERR_REDIRECT] 
2025-01-29 23:33:29,481 [ERROR] LogOutputStream:75 - [STDERR_REDIRECT] [Fatal Error] :1:1: Premature end of file.
2025-01-29 23:33:29,481 [ERROR] LogOutputStream:75 - [STDERR_REDIRECT] 
2025-01-29 23:33:30,463 [ERROR] LogOutputStream:75 - [STDERR_REDIRECT] [Fatal Error] :1:1: Premature end of file.
2025-01-29 23:33:30,463 [ERROR] LogOutputStream:75 - [STDERR_REDIRECT] 
2025-01-29 23:33:31,450 [ERROR] LogOutputStream:75 - [STDERR_REDIRECT] [Fatal Error] :1:1: Premature end of file.
2025-01-29 23:33:31,451 [ERROR] LogOutputStream:75 - [STDERR_REDIRECT] 
2025-01-29 23:33:32,457 [ERROR] LogOutputStream:75 - [STDERR_REDIRECT] [Fatal Error] :1:1: Premature end of file.
2025-01-29 23:33:32,457 [ERROR] LogOutputStream:75 - [STDERR_REDIRECT] 
2025-01-29 23:33:33,490 [ERROR] LogOutputStream:75 - [STDERR_REDIRECT] [Fatal Error] :1:1: Premature end of file.
2025-01-29 23:33:33,490 [ERROR] LogOutputStream:75 - [STDERR_REDIRECT] 
2025-01-29 23:33:34,460 [ERROR] LogOutputStream:75 - [STDERR_REDIRECT] [Fatal Error] :1:1: Premature end of file.
2025-01-29 23:33:34,460 [ERROR] LogOutputStream:75 - [STDERR_REDIRECT] 
2025-01-29 23:33:35,450 [ERROR] LogOutputStream:75 - [STDERR_REDIRECT] [Fatal Error] :1:1: Premature end of file.
2025-01-29 23:33:35,450 [ERROR] LogOutputStream:75 - [STDERR_REDIRECT] 
2025-01-29 23:33:36,456 [ERROR] LogOutputStream:75 - [STDERR_REDIRECT] [Fatal Error] :1:1: Premature end of file.
2025-01-29 23:33:36,456 [ERROR] LogOutputStream:75 - [STDERR_REDIRECT] 
2025-01-29 23:33:37,458 [ERROR] LogOutputStream:75 - [STDERR_REDIRECT] [Fatal Error] :1:1: Premature end of file.
2025-01-29 23:33:37,458 [ERROR] LogOutputStream:75 - [STDERR_REDIRECT] 
2025-01-29 23:33:38,468 [ERROR] LogOutputStream:75 - [STDERR_REDIRECT] [Fatal Error] :1:1: Premature end of file.
2025-01-29 23:33:38,468 [ERROR] LogOutputStream:75 - [STDERR_REDIRECT] 
2025-01-29 23:33:39,467 [ERROR] LogOutputStream:75 - [STDERR_REDIRECT] [Fatal Error] :1:1: Premature end of file.
2025-01-29 23:33:39,467 [ERROR] LogOutputStream:75 - [STDERR_REDIRECT] 
2025-01-29 23:33:40,464 [ERROR] LogOutputStream:75 - [STDERR_REDIRECT] [Fatal Error] :1:1: Premature end of file.
2025-01-29 23:33:40,464 [ERROR] LogOutputStream:75 - [STDERR_REDIRECT] 
2025-01-29 23:33:41,453 [ERROR] LogOutputStream:75 - [STDERR_REDIRECT] [Fatal Error] :1:1: Premature end of file.
2025-01-29 23:33:41,453 [ERROR] LogOutputStream:75 - [STDERR_REDIRECT] 
2025-01-29 23:33:42,450 [ERROR] LogOutputStream:75 - [STDERR_REDIRECT] [Fatal Error] :1:1: Premature end of file.
2025-01-29 23:33:42,450 [ERROR] LogOutputStream:75 - [STDERR_REDIRECT] 
2025-01-29 23:33:43,454 [ERROR] LogOutputStream:75 - [STDERR_REDIRECT] [Fatal Error] :1:1: Premature end of file.
2025-01-29 23:33:43,454 [ERROR] LogOutputStream:75 - [STDERR_REDIRECT] 
2025-01-29 23:33:44,453 [ERROR] LogOutputStream:75 - [STDERR_REDIRECT] [Fatal Error] :1:1: Premature end of file.
2025-01-29 23:33:44,453 [ERROR] LogOutputStream:75 - [STDERR_REDIRECT] 
2025-01-29 23:33:45,452 [ERROR] LogOutputStream:75 - [STDERR_REDIRECT] [Fatal Error] :1:1: Premature end of file.
2025-01-29 23:33:45,452 [ERROR] LogOutputStream:75 - [STDERR_REDIRECT] 
2025-01-29 23:33:46,450 [ERROR] LogOutputStream:75 - [STDERR_REDIRECT] [Fatal Error] :1:1: Premature end of file.
2025-01-29 23:33:46,451 [ERROR] LogOutputStream:75 - [STDERR_REDIRECT] 
2025-01-29 23:33:47,454 [ERROR] LogOutputStream:75 - [STDERR_REDIRECT] [Fatal Error] :1:1: Premature end of file.
2025-01-29 23:33:47,454 [ERROR] LogOutputStream:75 - [STDERR_REDIRECT] 
2025-01-29 23:33:48,464 [ERROR] LogOutputStream:75 - [STDERR_REDIRECT] [Fatal Error] :1:1: Premature end of file.
2025-01-29 23:33:48,464 [ERROR] LogOutputStream:75 - [STDERR_REDIRECT] 
2025-01-29 23:33:49,461 [ERROR] LogOutputStream:75 - [STDERR_REDIRECT] [Fatal Error] :1:1: Premature end of file.
2025-01-29 23:33:49,461 [ERROR] LogOutputStream:75 - [STDERR_REDIRECT] 
2025-01-29 23:33:50,460 [ERROR] LogOutputStream:75 - [STDERR_REDIRECT] [Fatal Error] :1:1: Premature end of file.
2025-01-29 23:33:50,460 [ERROR] LogOutputStream:75 - [STDERR_REDIRECT] 
2025-01-29 23:33:51,466 [ERROR] LogOutputStream:75 - [STDERR_REDIRECT] [Fatal Error] :1:1: Premature end of file.
2025-01-29 23:33:51,466 [ERROR] LogOutputStream:75 - [STDERR_REDIRECT] 
2025-01-29 23:33:52,456 [ERROR] LogOutputStream:75 - [STDERR_REDIRECT] [Fatal Error] :1:1: Premature end of file.
2025-01-29 23:33:52,456 [ERROR] LogOutputStream:75 - [STDERR_REDIRECT] 
2025-01-29 23:33:53,466 [ERROR] LogOutputStream:75 - [STDERR_REDIRECT] [Fatal Error] :1:1: Premature end of file.
2025-01-29 23:33:53,466 [ERROR] LogOutputStream:75 - [STDERR_REDIRECT] 
2025-01-29 23:33:54,463 [ERROR] LogOutputStream:75 - [STDERR_REDIRECT] [Fatal Error] :1:1: Premature end of file.
2025-01-29 23:33:54,463 [ERROR] LogOutputStream:75 - [STDERR_REDIRECT] 
2025-01-29 23:33:55,463 [ERROR] LogOutputStream:75 - [STDERR_REDIRECT] [Fatal Error] :1:1: Premature end of file.
2025-01-29 23:33:55,463 [ERROR] LogOutputStream:75 - [STDERR_REDIRECT] 
2025-01-29 23:33:56,460 [ERROR] LogOutputStream:75 - [STDERR_REDIRECT] [Fatal Error] :1:1: Premature end of file.
2025-01-29 23:33:56,460 [ERROR] LogOutputStream:75 - [STDERR_REDIRECT] 
2025-01-29 23:33:57,451 [ERROR] LogOutputStream:75 - [STDERR_REDIRECT] [Fatal Error] :1:1: Premature end of file.
2025-01-29 23:33:57,451 [ERROR] LogOutputStream:75 - [STDERR_REDIRECT] 
2025-01-29 23:33:58,468 [ERROR] LogOutputStream:75 - [STDERR_REDIRECT] [Fatal Error] :1:1: Premature end of file.
2025-01-29 23:33:58,468 [ERROR] LogOutputStream:75 - [STDERR_REDIRECT] 
2025-01-29 23:33:59,464 [ERROR] LogOutputStream:75 - [STDERR_REDIRECT] [Fatal Error] :1:1: Premature end of file.
2025-01-29 23:33:59,464 [ERROR] LogOutputStream:75 - [STDERR_REDIRECT] 
2025-01-29 23:34:00,480 [ERROR] LogOutputStream:75 - [STDERR_REDIRECT] [Fatal Error] :1:1: Premature end of file.
2025-01-29 23:34:00,480 [ERROR] LogOutputStream:75 - [STDERR_REDIRECT] 
2025-01-29 23:34:01,464 [ERROR] LogOutputStream:75 - [STDERR_REDIRECT] [Fatal Error] :1:1: Premature end of file.
2025-01-29 23:34:01,464 [ERROR] LogOutputStream:75 - [STDERR_REDIRECT] 
2025-01-29 23:34:02,454 [ERROR] LogOutputStream:75 - [STDERR_REDIRECT] [Fatal Error] :1:1: Premature end of file.
2025-01-29 23:34:02,454 [ERROR] LogOutputStream:75 - [STDERR_REDIRECT] 
2025-01-29 23:34:03,464 [ERROR] LogOutputStream:75 - [STDERR_REDIRECT] [Fatal Error] :1:1: Premature end of file.
2025-01-29 23:34:03,465 [ERROR] LogOutputStream:75 - [STDERR_REDIRECT] 
2025-01-29 23:34:04,456 [ERROR] LogOutputStream:75 - [STDERR_REDIRECT] [Fatal Error] :1:1: Premature end of file.
2025-01-29 23:34:04,456 [ERROR] LogOutputStream:75 - [STDERR_REDIRECT] 
2025-01-29 23:34:05,467 [ERROR] LogOutputStream:75 - [STDERR_REDIRECT] [Fatal Error] :1:1: Premature end of file.
2025-01-29 23:34:05,467 [ERROR] LogOutputStream:75 - [STDERR_REDIRECT] 
2025-01-29 23:34:06,467 [ERROR] LogOutputStream:75 - [STDERR_REDIRECT] [Fatal Error] :1:1: Premature end of file.
2025-01-29 23:34:06,467 [ERROR] LogOutputStream:75 - [STDERR_REDIRECT] 
2025-01-29 23:34:07,449 [ERROR] LogOutputStream:75 - [STDERR_REDIRECT] [Fatal Error] :1:1: Premature end of file.
2025-01-29 23:34:07,449 [ERROR] LogOutputStream:75 - [STDERR_REDIRECT] 
2025-01-29 23:34:08,466 [ERROR] LogOutputStream:75 - [STDERR_REDIRECT] [Fatal Error] :1:1: Premature end of file.
2025-01-29 23:34:08,466 [ERROR] LogOutputStream:75 - [STDERR_REDIRECT] 
2025-01-29 23:34:09,455 [ERROR] LogOutputStream:75 - [STDERR_REDIRECT] [Fatal Error] :1:1: Premature end of file.
2025-01-29 23:34:09,455 [ERROR] LogOutputStream:75 - [STDERR_REDIRECT] 
2025-01-29 23:34:10,455 [ERROR] LogOutputStream:75 - [STDERR_REDIRECT] [Fatal Error] :1:1: Premature end of file.
2025-01-29 23:34:10,455 [ERROR] LogOutputStream:75 - [STDERR_REDIRECT] 
2025-01-29 23:34:11,454 [ERROR] LogOutputStream:75 - [STDERR_REDIRECT] [Fatal Error] :1:1: Premature end of file.
2025-01-29 23:34:11,454 [ERROR] LogOutputStream:75 - [STDERR_REDIRECT] 
2025-01-29 23:34:12,468 [ERROR] LogOutputStream:75 - [STDERR_REDIRECT] [Fatal Error] :1:1: Premature end of file.
2025-01-29 23:34:12,468 [ERROR] LogOutputStream:75 - [STDERR_REDIRECT] 
2025-01-29 23:34:13,455 [ERROR] LogOutputStream:75 - [STDERR_REDIRECT] [Fatal Error] :1:1: Premature end of file.
2025-01-29 23:34:13,456 [ERROR] LogOutputStream:75 - [STDERR_REDIRECT] 
2025-01-29 23:34:14,456 [ERROR] LogOutputStream:75 - [STDERR_REDIRECT] [Fatal Error] :1:1: Premature end of file.
2025-01-29 23:34:14,456 [ERROR] LogOutputStream:75 - [STDERR_REDIRECT] 
2025-01-29 23:34:15,466 [ERROR] LogOutputStream:75 - [STDERR_REDIRECT] [Fatal Error] :1:1: Premature end of file.
2025-01-29 23:34:15,466 [ERROR] LogOutputStream:75 - [STDERR_REDIRECT] 
2025-01-29 23:34:16,463 [ERROR] LogOutputStream:75 - [STDERR_REDIRECT] [Fatal Error] :1:1: Premature end of file.
2025-01-29 23:34:16,463 [ERROR] LogOutputStream:75 - [STDERR_REDIRECT] 
2025-01-29 23:34:17,464 [ERROR] LogOutputStream:75 - [STDERR_REDIRECT] [Fatal Error] :1:1: Premature end of file.
2025-01-29 23:34:17,464 [ERROR] LogOutputStream:75 - [STDERR_REDIRECT] 
2025-01-29 23:34:18,471 [ERROR] LogOutputStream:75 - [STDERR_REDIRECT] [Fatal Error] :1:1: Premature end of file.
2025-01-29 23:34:18,471 [ERROR] LogOutputStream:75 - [STDERR_REDIRECT] 
2025-01-29 23:34:19,465 [ERROR] LogOutputStream:75 - [STDERR_REDIRECT] [Fatal Error] :1:1: Premature end of file.
2025-01-29 23:34:19,465 [ERROR] LogOutputStream:75 - [STDERR_REDIRECT] 
2025-01-29 23:34:20,482 [ERROR] LogOutputStream:75 - [STDERR_REDIRECT] [Fatal Error] :1:1: Premature end of file.
2025-01-29 23:34:20,482 [ERROR] LogOutputStream:75 - [STDERR_REDIRECT] 
2025-01-29 23:34:21,468 [ERROR] LogOutputStream:75 - [STDERR_REDIRECT] [Fatal Error] :1:1: Premature end of file.
2025-01-29 23:34:21,468 [ERROR] LogOutputStream:75 - [STDERR_REDIRECT] 
2025-01-29 23:34:22,460 [ERROR] LogOutputStream:75 - [STDERR_REDIRECT] [Fatal Error] :1:1: Premature end of file.
2025-01-29 23:34:22,460 [ERROR] LogOutputStream:75 - [STDERR_REDIRECT] 
2025-01-29 23:34:23,456 [ERROR] LogOutputStream:75 - [STDERR_REDIRECT] [Fatal Error] :1:1: Premature end of file.
2025-01-29 23:34:23,456 [ERROR] LogOutputStream:75 - [STDERR_REDIRECT] 
2025-01-29 23:34:24,462 [ERROR] LogOutputStream:75 - [STDERR_REDIRECT] [Fatal Error] :1:1: Premature end of file.
2025-01-29 23:34:24,462 [ERROR] LogOutputStream:75 - [STDERR_REDIRECT] 
2025-01-29 23:34:25,456 [ERROR] LogOutputStream:75 - [STDERR_REDIRECT] [Fatal Error] :1:1: Premature end of file.
2025-01-29 23:34:25,456 [ERROR] LogOutputStream:75 - [STDERR_REDIRECT] 
2025-01-29 23:34:26,457 [ERROR] LogOutputStream:75 - [STDERR_REDIRECT] [Fatal Error] :1:1: Premature end of file.
2025-01-29 23:34:26,457 [ERROR] LogOutputStream:75 - [STDERR_REDIRECT] 
2025-01-29 23:34:27,465 [ERROR] LogOutputStream:75 - [STDERR_REDIRECT] [Fatal Error] :1:1: Premature end of file.
2025-01-29 23:34:27,465 [ERROR] LogOutputStream:75 - [STDERR_REDIRECT] 
2025-01-29 23:34:28,460 [ERROR] LogOutputStream:75 - [STDERR_REDIRECT] [Fatal Error] :1:1: Premature end of file.
2025-01-29 23:34:28,460 [ERROR] LogOutputStream:75 - [STDERR_REDIRECT] 
2025-01-29 23:34:29,467 [ERROR] LogOutputStream:75 - [STDERR_REDIRECT] [Fatal Error] :1:1: Premature end of file.
2025-01-29 23:34:29,467 [ERROR] LogOutputStream:75 - [STDERR_REDIRECT] 
2025-01-29 23:34:30,459 [ERROR] LogOutputStream:75 - [STDERR_REDIRECT] [Fatal Error] :1:1: Premature end of file.
2025-01-29 23:34:30,459 [ERROR] LogOutputStream:75 - [STDERR_REDIRECT] 
2025-01-29 23:34:31,482 [ERROR] LogOutputStream:75 - [STDERR_REDIRECT] [Fatal Error] :1:1: Premature end of file.
2025-01-29 23:34:31,482 [ERROR] LogOutputStream:75 - [STDERR_REDIRECT] 
2025-01-29 23:34:32,453 [ERROR] LogOutputStream:75 - [STDERR_REDIRECT] [Fatal Error] :1:1: Premature end of file.
2025-01-29 23:34:32,453 [ERROR] LogOutputStream:75 - [STDERR_REDIRECT] 
2025-01-29 23:34:33,458 [ERROR] LogOutputStream:75 - [STDERR_REDIRECT] [Fatal Error] :1:1: Premature end of file.
2025-01-29 23:34:33,458 [ERROR] LogOutputStream:75 - [STDERR_REDIRECT] 
2025-01-29 23:34:34,461 [ERROR] LogOutputStream:75 - [STDERR_REDIRECT] [Fatal Error] :1:1: Premature end of file.
2025-01-29 23:34:34,461 [ERROR] LogOutputStream:75 - [STDERR_REDIRECT] 
2025-01-29 23:34:35,488 [ERROR] LogOutputStream:75 - [STDERR_REDIRECT] [Fatal Error] :1:1: Premature end of file.
2025-01-29 23:34:35,488 [ERROR] LogOutputStream:75 - [STDERR_REDIRECT] 
2025-01-29 23:34:36,455 [ERROR] LogOutputStream:75 - [STDERR_REDIRECT] [Fatal Error] :1:1: Premature end of file.
2025-01-29 23:34:36,455 [ERROR] LogOutputStream:75 - [STDERR_REDIRECT] 
2025-01-29 23:34:37,456 [ERROR] LogOutputStream:75 - [STDERR_REDIRECT] [Fatal Error] :1:1: Premature end of file.
2025-01-29 23:34:37,456 [ERROR] LogOutputStream:75 - [STDERR_REDIRECT] 
2025-01-29 23:34:38,456 [ERROR] LogOutputStream:75 - [STDERR_REDIRECT] [Fatal Error] :1:1: Premature end of file.
2025-01-29 23:34:38,456 [ERROR] LogOutputStream:75 - [STDERR_REDIRECT] 
2025-01-29 23:34:39,461 [ERROR] LogOutputStream:75 - [STDERR_REDIRECT] [Fatal Error] :1:1: Premature end of file.
2025-01-29 23:34:39,461 [ERROR] LogOutputStream:75 - [STDERR_REDIRECT] 
2025-01-29 23:34:40,460 [ERROR] LogOutputStream:75 - [STDERR_REDIRECT] [Fatal Error] :1:1: Premature end of file.
2025-01-29 23:34:40,460 [ERROR] LogOutputStream:75 - [STDERR_REDIRECT] 
2025-01-29 23:34:41,466 [ERROR] LogOutputStream:75 - [STDERR_REDIRECT] [Fatal Error] :1:1: Premature end of file.
2025-01-29 23:34:41,466 [ERROR] LogOutputStream:75 - [STDERR_REDIRECT] 
2025-01-29 23:34:42,466 [ERROR] LogOutputStream:75 - [STDERR_REDIRECT] [Fatal Error] :1:1: Premature end of file.
2025-01-29 23:34:42,466 [ERROR] LogOutputStream:75 - [STDERR_REDIRECT] 
2025-01-29 23:34:43,463 [ERROR] LogOutputStream:75 - [STDERR_REDIRECT] [Fatal Error] :1:1: Premature end of file.
2025-01-29 23:34:43,463 [ERROR] LogOutputStream:75 - [STDERR_REDIRECT] 
2025-01-29 23:34:44,474 [ERROR] LogOutputStream:75 - [STDERR_REDIRECT] [Fatal Error] :1:1: Premature end of file.
2025-01-29 23:34:44,474 [ERROR] LogOutputStream:75 - [STDERR_REDIRECT] 
2025-01-29 23:34:45,469 [ERROR] LogOutputStream:75 - [STDERR_REDIRECT] [Fatal Error] :1:1: Premature end of file.
2025-01-29 23:34:45,469 [ERROR] LogOutputStream:75 - [STDERR_REDIRECT] 
2025-01-29 23:34:46,467 [ERROR] LogOutputStream:75 - [STDERR_REDIRECT] [Fatal Error] :1:1: Premature end of file.
2025-01-29 23:34:46,467 [ERROR] LogOutputStream:75 - [STDERR_REDIRECT] 
2025-01-29 23:34:47,468 [ERROR] LogOutputStream:75 - [STDERR_REDIRECT] [Fatal Error] :1:1: Premature end of file.
2025-01-29 23:34:47,468 [ERROR] LogOutputStream:75 - [STDERR_REDIRECT] 
2025-01-29 23:34:48,465 [ERROR] LogOutputStream:75 - [STDERR_REDIRECT] [Fatal Error] :1:1: Premature end of file.
2025-01-29 23:34:48,466 [ERROR] LogOutputStream:75 - [STDERR_REDIRECT] 
2025-01-29 23:34:49,464 [ERROR] LogOutputStream:75 - [STDERR_REDIRECT] [Fatal Error] :1:1: Premature end of file.
2025-01-29 23:34:49,464 [ERROR] LogOutputStream:75 - [STDERR_REDIRECT] 
2025-01-29 23:34:50,456 [ERROR] LogOutputStream:75 - [STDERR_REDIRECT] [Fatal Error] :1:1: Premature end of file.
2025-01-29 23:34:50,456 [ERROR] LogOutputStream:75 - [STDERR_REDIRECT] 
2025-01-29 23:34:51,466 [ERROR] LogOutputStream:75 - [STDERR_REDIRECT] [Fatal Error] :1:1: Premature end of file.
2025-01-29 23:34:51,468 [ERROR] LogOutputStream:75 - [STDERR_REDIRECT] 
2025-01-29 23:34:52,460 [ERROR] LogOutputStream:75 - [STDERR_REDIRECT] [Fatal Error] :1:1: Premature end of file.
2025-01-29 23:34:52,460 [ERROR] LogOutputStream:75 - [STDERR_REDIRECT] 
2025-01-29 23:34:53,448 [ERROR] LogOutputStream:75 - [STDERR_REDIRECT] [Fatal Error] :1:1: Premature end of file.
2025-01-29 23:34:53,448 [ERROR] LogOutputStream:75 - [STDERR_REDIRECT] 
2025-01-29 23:34:54,456 [ERROR] LogOutputStream:75 - [STDERR_REDIRECT] [Fatal Error] :1:1: Premature end of file.
2025-01-29 23:34:54,456 [ERROR] LogOutputStream:75 - [STDERR_REDIRECT] 
2025-01-29 23:34:55,468 [ERROR] LogOutputStream:75 - [STDERR_REDIRECT] [Fatal Error] :1:1: Premature end of file.
2025-01-29 23:34:55,468 [ERROR] LogOutputStream:75 - [STDERR_REDIRECT] 
2025-01-29 23:34:56,473 [ERROR] LogOutputStream:75 - [STDERR_REDIRECT] [Fatal Error] :1:1: Premature end of file.
2025-01-29 23:34:56,473 [ERROR] LogOutputStream:75 - [STDERR_REDIRECT] 
2025-01-29 23:34:57,458 [ERROR] LogOutputStream:75 - [STDERR_REDIRECT] [Fatal Error] :1:1: Premature end of file.
2025-01-29 23:34:57,458 [ERROR] LogOutputStream:75 - [STDERR_REDIRECT] 
2025-01-29 23:34:58,460 [ERROR] LogOutputStream:75 - [STDERR_REDIRECT] [Fatal Error] :1:1: Premature end of file.
2025-01-29 23:34:58,460 [ERROR] LogOutputStream:75 - [STDERR_REDIRECT] 
2025-01-29 23:34:59,451 [ERROR] LogOutputStream:75 - [STDERR_REDIRECT] [Fatal Error] :1:1: Premature end of file.
2025-01-29 23:34:59,451 [ERROR] LogOutputStream:75 - [STDERR_REDIRECT] 
2025-01-29 23:35:00,463 [ERROR] LogOutputStream:75 - [STDERR_REDIRECT] [Fatal Error] :1:1: Premature end of file.
2025-01-29 23:35:00,463 [ERROR] LogOutputStream:75 - [STDERR_REDIRECT] 
2025-01-29 23:35:01,451 [ERROR] LogOutputStream:75 - [STDERR_REDIRECT] [Fatal Error] :1:1: Premature end of file.
2025-01-29 23:35:01,451 [ERROR] LogOutputStream:75 - [STDERR_REDIRECT] 
2025-01-29 23:35:02,459 [ERROR] LogOutputStream:75 - [STDERR_REDIRECT] [Fatal Error] :1:1: Premature end of file.
2025-01-29 23:35:02,459 [ERROR] LogOutputStream:75 - [STDERR_REDIRECT] 
2025-01-29 23:35:03,458 [ERROR] LogOutputStream:75 - [STDERR_REDIRECT] [Fatal Error] :1:1: Premature end of file.
2025-01-29 23:35:03,458 [ERROR] LogOutputStream:75 - [STDERR_REDIRECT] 
2025-01-29 23:35:04,461 [ERROR] LogOutputStream:75 - [STDERR_REDIRECT] [Fatal Error] :1:1: Premature end of file.
2025-01-29 23:35:04,461 [ERROR] LogOutputStream:75 - [STDERR_REDIRECT] 
2025-01-29 23:35:05,475 [ERROR] LogOutputStream:75 - [STDERR_REDIRECT] [Fatal Error] :1:1: Premature end of file.
2025-01-29 23:35:05,475 [ERROR] LogOutputStream:75 - [STDERR_REDIRECT] 
2025-01-29 23:35:06,450 [ERROR] LogOutputStream:75 - [STDERR_REDIRECT] [Fatal Error] :1:1: Premature end of file.
2025-01-29 23:35:06,450 [ERROR] LogOutputStream:75 - [STDERR_REDIRECT] 
2025-01-29 23:35:07,463 [ERROR] LogOutputStream:75 - [STDERR_REDIRECT] [Fatal Error] :1:1: Premature end of file.
2025-01-29 23:35:07,465 [ERROR] LogOutputStream:75 - [STDERR_REDIRECT] 
2025-01-29 23:35:08,472 [ERROR] LogOutputStream:75 - [STDERR_REDIRECT] [Fatal Error] :1:1: Premature end of file.
2025-01-29 23:35:08,472 [ERROR] LogOutputStream:75 - [STDERR_REDIRECT] 
2025-01-29 23:35:09,466 [ERROR] LogOutputStream:75 - [STDERR_REDIRECT] [Fatal Error] :1:1: Premature end of file.
2025-01-29 23:35:09,467 [ERROR] LogOutputStream:75 - [STDERR_REDIRECT] 
2025-01-29 23:35:10,465 [ERROR] LogOutputStream:75 - [STDERR_REDIRECT] [Fatal Error] :1:1: Premature end of file.
2025-01-29 23:35:10,465 [ERROR] LogOutputStream:75 - [STDERR_REDIRECT] 
2025-01-29 23:35:11,468 [ERROR] LogOutputStream:75 - [STDERR_REDIRECT] [Fatal Error] :1:1: Premature end of file.
2025-01-29 23:35:11,468 [ERROR] LogOutputStream:75 - [STDERR_REDIRECT] 
2025-01-29 23:35:12,470 [ERROR] LogOutputStream:75 - [STDERR_REDIRECT] [Fatal Error] :1:1: Premature end of file.
2025-01-29 23:35:12,470 [ERROR] LogOutputStream:75 - [STDERR_REDIRECT] 
2025-01-29 23:35:13,458 [ERROR] LogOutputStream:75 - [STDERR_REDIRECT] [Fatal Error] :1:1: Premature end of file.
2025-01-29 23:35:13,458 [ERROR] LogOutputStream:75 - [STDERR_REDIRECT] 
2025-01-29 23:35:14,451 [ERROR] LogOutputStream:75 - [STDERR_REDIRECT] [Fatal Error] :1:1: Premature end of file.
2025-01-29 23:35:14,451 [ERROR] LogOutputStream:75 - [STDERR_REDIRECT] 
2025-01-29 23:35:15,456 [ERROR] LogOutputStream:75 - [STDERR_REDIRECT] [Fatal Error] :1:1: Premature end of file.
2025-01-29 23:35:15,456 [ERROR] LogOutputStream:75 - [STDERR_REDIRECT] 
2025-01-29 23:35:16,461 [ERROR] LogOutputStream:75 - [STDERR_REDIRECT] [Fatal Error] :1:1: Premature end of file.
2025-01-29 23:35:16,461 [ERROR] LogOutputStream:75 - [STDERR_REDIRECT] 
2025-01-29 23:35:17,464 [ERROR] LogOutputStream:75 - [STDERR_REDIRECT] [Fatal Error] :1:1: Premature end of file.
2025-01-29 23:35:17,465 [ERROR] LogOutputStream:75 - [STDERR_REDIRECT] 
2025-01-29 23:35:18,462 [ERROR] LogOutputStream:75 - [STDERR_REDIRECT] [Fatal Error] :1:1: Premature end of file.
2025-01-29 23:35:18,462 [ERROR] LogOutputStream:75 - [STDERR_REDIRECT] 
2025-01-29 23:35:19,468 [ERROR] LogOutputStream:75 - [STDERR_REDIRECT] [Fatal Error] :1:1: Premature end of file.
2025-01-29 23:35:19,468 [ERROR] LogOutputStream:75 - [STDERR_REDIRECT] 
2025-01-29 23:35:20,457 [ERROR] LogOutputStream:75 - [STDERR_REDIRECT] [Fatal Error] :1:1: Premature end of file.
2025-01-29 23:35:20,457 [ERROR] LogOutputStream:75 - [STDERR_REDIRECT] 
2025-01-29 23:35:21,458 [ERROR] LogOutputStream:75 - [STDERR_REDIRECT] [Fatal Error] :1:1: Premature end of file.
2025-01-29 23:35:21,458 [ERROR] LogOutputStream:75 - [STDERR_REDIRECT] 
2025-01-29 23:35:22,462 [ERROR] LogOutputStream:75 - [STDERR_REDIRECT] [Fatal Error] :1:1: Premature end of file.
2025-01-29 23:35:22,462 [ERROR] LogOutputStream:75 - [STDERR_REDIRECT] 
2025-01-29 23:35:23,459 [ERROR] LogOutputStream:75 - [STDERR_REDIRECT] [Fatal Error] :1:1: Premature end of file.
2025-01-29 23:35:23,459 [ERROR] LogOutputStream:75 - [STDERR_REDIRECT] 
2025-01-29 23:35:24,466 [ERROR] LogOutputStream:75 - [STDERR_REDIRECT] [Fatal Error] :1:1: Premature end of file.
2025-01-29 23:35:24,466 [ERROR] LogOutputStream:75 - [STDERR_REDIRECT] 
2025-01-29 23:35:25,460 [ERROR] LogOutputStream:75 - [STDERR_REDIRECT] [Fatal Error] :1:1: Premature end of file.
2025-01-29 23:35:25,460 [ERROR] LogOutputStream:75 - [STDERR_REDIRECT] 
2025-01-29 23:35:26,464 [ERROR] LogOutputStream:75 - [STDERR_REDIRECT] [Fatal Error] :1:1: Premature end of file.
2025-01-29 23:35:26,464 [ERROR] LogOutputStream:75 - [STDERR_REDIRECT] 
2025-01-29 23:35:27,467 [ERROR] LogOutputStream:75 - [STDERR_REDIRECT] [Fatal Error] :1:1: Premature end of file.
2025-01-29 23:35:27,467 [ERROR] LogOutputStream:75 - [STDERR_REDIRECT] 
2025-01-29 23:35:28,471 [ERROR] LogOutputStream:75 - [STDERR_REDIRECT] [Fatal Error] :1:1: Premature end of file.
2025-01-29 23:35:28,471 [ERROR] LogOutputStream:75 - [STDERR_REDIRECT] 
2025-01-29 23:35:29,458 [ERROR] LogOutputStream:75 - [STDERR_REDIRECT] [Fatal Error] :1:1: Premature end of file.
2025-01-29 23:35:29,458 [ERROR] LogOutputStream:75 - [STDERR_REDIRECT] 
2025-01-29 23:35:30,449 [ERROR] LogOutputStream:75 - [STDERR_REDIRECT] [Fatal Error] :1:1: Premature end of file.
2025-01-29 23:35:30,449 [ERROR] LogOutputStream:75 - [STDERR_REDIRECT] 
2025-01-29 23:35:31,458 [ERROR] LogOutputStream:75 - [STDERR_REDIRECT] [Fatal Error] :1:1: Premature end of file.
2025-01-29 23:35:31,458 [ERROR] LogOutputStream:75 - [STDERR_REDIRECT] 
2025-01-29 23:35:32,470 [ERROR] LogOutputStream:75 - [STDERR_REDIRECT] [Fatal Error] :1:1: Premature end of file.
2025-01-29 23:35:32,470 [ERROR] LogOutputStream:75 - [STDERR_REDIRECT] 
2025-01-29 23:35:33,449 [ERROR] LogOutputStream:75 - [STDERR_REDIRECT] [Fatal Error] :1:1: Premature end of file.
2025-01-29 23:35:33,449 [ERROR] LogOutputStream:75 - [STDERR_REDIRECT] 
2025-01-29 23:35:34,466 [ERROR] LogOutputStream:75 - [STDERR_REDIRECT] [Fatal Error] :1:1: Premature end of file.
2025-01-29 23:35:34,466 [ERROR] LogOutputStream:75 - [STDERR_REDIRECT] 
2025-01-29 23:35:35,452 [ERROR] LogOutputStream:75 - [STDERR_REDIRECT] [Fatal Error] :1:1: Premature end of file.
2025-01-29 23:35:35,452 [ERROR] LogOutputStream:75 - [STDERR_REDIRECT] 
2025-01-29 23:35:36,461 [ERROR] LogOutputStream:75 - [STDERR_REDIRECT] [Fatal Error] :1:1: Premature end of file.
2025-01-29 23:35:36,461 [ERROR] LogOutputStream:75 - [STDERR_REDIRECT] 
2025-01-29 23:35:37,469 [ERROR] LogOutputStream:75 - [STDERR_REDIRECT] [Fatal Error] :1:1: Premature end of file.
2025-01-29 23:35:37,469 [ERROR] LogOutputStream:75 - [STDERR_REDIRECT] 
2025-01-29 23:35:38,468 [ERROR] LogOutputStream:75 - [STDERR_REDIRECT] [Fatal Error] :1:1: Premature end of file.
2025-01-29 23:35:38,468 [ERROR] LogOutputStream:75 - [STDERR_REDIRECT] 
2025-01-29 23:35:39,465 [ERROR] LogOutputStream:75 - [STDERR_REDIRECT] [Fatal Error] :1:1: Premature end of file.
2025-01-29 23:35:39,465 [ERROR] LogOutputStream:75 - [STDERR_REDIRECT] 
2025-01-29 23:35:40,475 [ERROR] LogOutputStream:75 - [STDERR_REDIRECT] [Fatal Error] :1:1: Premature end of file.
2025-01-29 23:35:40,475 [ERROR] LogOutputStream:75 - [STDERR_REDIRECT] 
2025-01-29 23:35:41,460 [ERROR] LogOutputStream:75 - [STDERR_REDIRECT] [Fatal Error] :1:1: Premature end of file.
2025-01-29 23:35:41,460 [ERROR] LogOutputStream:75 - [STDERR_REDIRECT] 
2025-01-29 23:35:42,464 [ERROR] LogOutputStream:75 - [STDERR_REDIRECT] [Fatal Error] :1:1: Premature end of file.
2025-01-29 23:35:42,464 [ERROR] LogOutputStream:75 - [STDERR_REDIRECT] 
2025-01-29 23:35:43,462 [ERROR] LogOutputStream:75 - [STDERR_REDIRECT] [Fatal Error] :1:1: Premature end of file.
2025-01-29 23:35:43,462 [ERROR] LogOutputStream:75 - [STDERR_REDIRECT] 
2025-01-29 23:35:44,466 [ERROR] LogOutputStream:75 - [STDERR_REDIRECT] [Fatal Error] :1:1: Premature end of file.
2025-01-29 23:35:44,466 [ERROR] LogOutputStream:75 - [STDERR_REDIRECT] 
2025-01-29 23:35:45,461 [ERROR] LogOutputStream:75 - [STDERR_REDIRECT] [Fatal Error] :1:1: Premature end of file.
2025-01-29 23:35:45,461 [ERROR] LogOutputStream:75 - [STDERR_REDIRECT] 
2025-01-29 23:35:46,458 [ERROR] LogOutputStream:75 - [STDERR_REDIRECT] [Fatal Error] :1:1: Premature end of file.
2025-01-29 23:35:46,458 [ERROR] LogOutputStream:75 - [STDERR_REDIRECT] 
2025-01-29 23:35:47,458 [ERROR] LogOutputStream:75 - [STDERR_REDIRECT] [Fatal Error] :1:1: Premature end of file.
2025-01-29 23:35:47,458 [ERROR] LogOutputStream:75 - [STDERR_REDIRECT] 
2025-01-29 23:35:48,463 [ERROR] LogOutputStream:75 - [STDERR_REDIRECT] [Fatal Error] :1:1: Premature end of file.
2025-01-29 23:35:48,463 [ERROR] LogOutputStream:75 - [STDERR_REDIRECT] 
2025-01-29 23:35:49,462 [ERROR] LogOutputStream:75 - [STDERR_REDIRECT] [Fatal Error] :1:1: Premature end of file.
2025-01-29 23:35:49,462 [ERROR] LogOutputStream:75 - [STDERR_REDIRECT] 
2025-01-29 23:35:50,467 [ERROR] LogOutputStream:75 - [STDERR_REDIRECT] [Fatal Error] :1:1: Premature end of file.
2025-01-29 23:35:50,467 [ERROR] LogOutputStream:75 - [STDERR_REDIRECT] 
2025-01-29 23:35:51,468 [ERROR] LogOutputStream:75 - [STDERR_REDIRECT] [Fatal Error] :1:1: Premature end of file.
2025-01-29 23:35:51,470 [ERROR] LogOutputStream:75 - [STDERR_REDIRECT] 
2025-01-29 23:35:52,464 [ERROR] LogOutputStream:75 - [STDERR_REDIRECT] [Fatal Error] :1:1: Premature end of file.
2025-01-29 23:35:52,464 [ERROR] LogOutputStream:75 - [STDERR_REDIRECT] 
2025-01-29 23:35:53,467 [ERROR] LogOutputStream:75 - [STDERR_REDIRECT] [Fatal Error] :1:1: Premature end of file.
2025-01-29 23:35:53,467 [ERROR] LogOutputStream:75 - [STDERR_REDIRECT] 
2025-01-29 23:35:54,460 [ERROR] LogOutputStream:75 - [STDERR_REDIRECT] [Fatal Error] :1:1: Premature end of file.
2025-01-29 23:35:54,460 [ERROR] LogOutputStream:75 - [STDERR_REDIRECT] 
2025-01-29 23:35:55,476 [ERROR] LogOutputStream:75 - [STDERR_REDIRECT] [Fatal Error] :1:1: Premature end of file.
2025-01-29 23:35:55,476 [ERROR] LogOutputStream:75 - [STDERR_REDIRECT] 
2025-01-29 23:35:56,466 [ERROR] LogOutputStream:75 - [STDERR_REDIRECT] [Fatal Error] :1:1: Premature end of file.
2025-01-29 23:35:56,466 [ERROR] LogOutputStream:75 - [STDERR_REDIRECT] 
2025-01-29 23:35:57,468 [ERROR] LogOutputStream:75 - [STDERR_REDIRECT] [Fatal Error] :1:1: Premature end of file.
2025-01-29 23:35:57,468 [ERROR] LogOutputStream:75 - [STDERR_REDIRECT] 
2025-01-29 23:35:58,451 [ERROR] LogOutputStream:75 - [STDERR_REDIRECT] [Fatal Error] :1:1: Premature end of file.
2025-01-29 23:35:58,451 [ERROR] LogOutputStream:75 - [STDERR_REDIRECT] 
2025-01-29 23:35:59,455 [ERROR] LogOutputStream:75 - [STDERR_REDIRECT] [Fatal Error] :1:1: Premature end of file.
2025-01-29 23:35:59,455 [ERROR] LogOutputStream:75 - [STDERR_REDIRECT] 
2025-01-29 23:36:00,457 [ERROR] LogOutputStream:75 - [STDERR_REDIRECT] [Fatal Error] :1:1: Premature end of file.
2025-01-29 23:36:00,457 [ERROR] LogOutputStream:75 - [STDERR_REDIRECT] 
2025-01-29 23:36:01,464 [ERROR] LogOutputStream:75 - [STDERR_REDIRECT] [Fatal Error] :1:1: Premature end of file.
2025-01-29 23:36:01,464 [ERROR] LogOutputStream:75 - [STDERR_REDIRECT] 
2025-01-29 23:36:02,462 [ERROR] LogOutputStream:75 - [STDERR_REDIRECT] [Fatal Error] :1:1: Premature end of file.
2025-01-29 23:36:02,462 [ERROR] LogOutputStream:75 - [STDERR_REDIRECT] 
2025-01-29 23:36:03,462 [ERROR] LogOutputStream:75 - [STDERR_REDIRECT] [Fatal Error] :1:1: Premature end of file.
2025-01-29 23:36:03,462 [ERROR] LogOutputStream:75 - [STDERR_REDIRECT] 
2025-01-29 23:36:04,458 [ERROR] LogOutputStream:75 - [STDERR_REDIRECT] [Fatal Error] :1:1: Premature end of file.
2025-01-29 23:36:04,458 [ERROR] LogOutputStream:75 - [STDERR_REDIRECT] 
2025-01-29 23:36:05,456 [ERROR] LogOutputStream:75 - [STDERR_REDIRECT] [Fatal Error] :1:1: Premature end of file.
2025-01-29 23:36:05,458 [ERROR] LogOutputStream:75 - [STDERR_REDIRECT] 
2025-01-29 23:36:06,454 [ERROR] LogOutputStream:75 - [STDERR_REDIRECT] [Fatal Error] :1:1: Premature end of file.
2025-01-29 23:36:06,454 [ERROR] LogOutputStream:75 - [STDERR_REDIRECT] 
2025-01-29 23:36:07,464 [ERROR] LogOutputStream:75 - [STDERR_REDIRECT] [Fatal Error] :1:1: Premature end of file.
2025-01-29 23:36:07,464 [ERROR] LogOutputStream:75 - [STDERR_REDIRECT] 
2025-01-29 23:36:08,462 [ERROR] LogOutputStream:75 - [STDERR_REDIRECT] [Fatal Error] :1:1: Premature end of file.
2025-01-29 23:36:08,462 [ERROR] LogOutputStream:75 - [STDERR_REDIRECT] 
2025-01-29 23:36:09,469 [ERROR] LogOutputStream:75 - [STDERR_REDIRECT] [Fatal Error] :1:1: Premature end of file.
2025-01-29 23:36:09,469 [ERROR] LogOutputStream:75 - [STDERR_REDIRECT] 
2025-01-29 23:36:10,498 [ERROR] LogOutputStream:75 - [STDERR_REDIRECT] [Fatal Error] :1:1: Premature end of file.
2025-01-29 23:36:10,500 [ERROR] LogOutputStream:75 - [STDERR_REDIRECT] 
2025-01-29 23:36:11,460 [ERROR] LogOutputStream:75 - [STDERR_REDIRECT] [Fatal Error] :1:1: Premature end of file.
2025-01-29 23:36:11,460 [ERROR] LogOutputStream:75 - [STDERR_REDIRECT] 
2025-01-29 23:36:12,476 [ERROR] LogOutputStream:75 - [STDERR_REDIRECT] [Fatal Error] :1:1: Premature end of file.
2025-01-29 23:36:12,476 [ERROR] LogOutputStream:75 - [STDERR_REDIRECT] 
2025-01-29 23:36:13,454 [ERROR] LogOutputStream:75 - [STDERR_REDIRECT] [Fatal Error] :1:1: Premature end of file.
2025-01-29 23:36:13,454 [ERROR] LogOutputStream:75 - [STDERR_REDIRECT] 
2025-01-29 23:36:14,460 [ERROR] LogOutputStream:75 - [STDERR_REDIRECT] [Fatal Error] :1:1: Premature end of file.
2025-01-29 23:36:14,461 [ERROR] LogOutputStream:75 - [STDERR_REDIRECT] 
2025-01-29 23:36:15,464 [ERROR] LogOutputStream:75 - [STDERR_REDIRECT] [Fatal Error] :1:1: Premature end of file.
2025-01-29 23:36:15,464 [ERROR] LogOutputStream:75 - [STDERR_REDIRECT] 
2025-01-29 23:36:16,457 [ERROR] LogOutputStream:75 - [STDERR_REDIRECT] [Fatal Error] :1:1: Premature end of file.
2025-01-29 23:36:16,458 [ERROR] LogOutputStream:75 - [STDERR_REDIRECT] 
2025-01-29 23:36:17,451 [ERROR] LogOutputStream:75 - [STDERR_REDIRECT] [Fatal Error] :1:1: Premature end of file.
2025-01-29 23:36:17,451 [ERROR] LogOutputStream:75 - [STDERR_REDIRECT] 
2025-01-29 23:36:18,461 [ERROR] LogOutputStream:75 - [STDERR_REDIRECT] [Fatal Error] :1:1: Premature end of file.
2025-01-29 23:36:18,461 [ERROR] LogOutputStream:75 - [STDERR_REDIRECT] 
2025-01-29 23:36:19,467 [ERROR] LogOutputStream:75 - [STDERR_REDIRECT] [Fatal Error] :1:1: Premature end of file.
2025-01-29 23:36:19,467 [ERROR] LogOutputStream:75 - [STDERR_REDIRECT] 
2025-01-29 23:36:20,498 [ERROR] LogOutputStream:75 - [STDERR_REDIRECT] [Fatal Error] :1:1: Premature end of file.
2025-01-29 23:36:20,498 [ERROR] LogOutputStream:75 - [STDERR_REDIRECT] 
2025-01-29 23:36:21,465 [ERROR] LogOutputStream:75 - [STDERR_REDIRECT] [Fatal Error] :1:1: Premature end of file.
2025-01-29 23:36:21,465 [ERROR] LogOutputStream:75 - [STDERR_REDIRECT] 
2025-01-29 23:36:22,458 [ERROR] LogOutputStream:75 - [STDERR_REDIRECT] [Fatal Error] :1:1: Premature end of file.
2025-01-29 23:36:22,458 [ERROR] LogOutputStream:75 - [STDERR_REDIRECT] 
2025-01-29 23:36:23,463 [ERROR] LogOutputStream:75 - [STDERR_REDIRECT] [Fatal Error] :1:1: Premature end of file.
2025-01-29 23:36:23,463 [ERROR] LogOutputStream:75 - [STDERR_REDIRECT] 
2025-01-29 23:36:24,466 [ERROR] LogOutputStream:75 - [STDERR_REDIRECT] [Fatal Error] :1:1: Premature end of file.
2025-01-29 23:36:24,466 [ERROR] LogOutputStream:75 - [STDERR_REDIRECT] 
2025-01-29 23:36:25,464 [ERROR] LogOutputStream:75 - [STDERR_REDIRECT] [Fatal Error] :1:1: Premature end of file.
2025-01-29 23:36:25,464 [ERROR] LogOutputStream:75 - [STDERR_REDIRECT] 
2025-01-29 23:36:26,455 [ERROR] LogOutputStream:75 - [STDERR_REDIRECT] [Fatal Error] :1:1: Premature end of file.
2025-01-29 23:36:26,455 [ERROR] LogOutputStream:75 - [STDERR_REDIRECT] 
2025-01-29 23:36:27,471 [ERROR] LogOutputStream:75 - [STDERR_REDIRECT] [Fatal Error] :1:1: Premature end of file.
2025-01-29 23:36:27,471 [ERROR] LogOutputStream:75 - [STDERR_REDIRECT] 
2025-01-29 23:36:28,466 [ERROR] LogOutputStream:75 - [STDERR_REDIRECT] [Fatal Error] :1:1: Premature end of file.
2025-01-29 23:36:28,467 [ERROR] LogOutputStream:75 - [STDERR_REDIRECT] 
2025-01-29 23:36:29,449 [ERROR] LogOutputStream:75 - [STDERR_REDIRECT] [Fatal Error] :1:1: Premature end of file.
2025-01-29 23:36:29,449 [ERROR] LogOutputStream:75 - [STDERR_REDIRECT] 
2025-01-29 23:36:30,465 [ERROR] LogOutputStream:75 - [STDERR_REDIRECT] [Fatal Error] :1:1: Premature end of file.
2025-01-29 23:36:30,465 [ERROR] LogOutputStream:75 - [STDERR_REDIRECT] 
2025-01-29 23:36:31,457 [ERROR] LogOutputStream:75 - [STDERR_REDIRECT] [Fatal Error] :1:1: Premature end of file.
2025-01-29 23:36:31,458 [ERROR] LogOutputStream:75 - [STDERR_REDIRECT] 
2025-01-29 23:36:32,459 [ERROR] LogOutputStream:75 - [STDERR_REDIRECT] [Fatal Error] :1:1: Premature end of file.
2025-01-29 23:36:32,459 [ERROR] LogOutputStream:75 - [STDERR_REDIRECT] 
2025-01-29 23:36:33,468 [ERROR] LogOutputStream:75 - [STDERR_REDIRECT] [Fatal Error] :1:1: Premature end of file.
2025-01-29 23:36:33,468 [ERROR] LogOutputStream:75 - [STDERR_REDIRECT] 
2025-01-29 23:36:34,471 [ERROR] LogOutputStream:75 - [STDERR_REDIRECT] [Fatal Error] :1:1: Premature end of file.
2025-01-29 23:36:34,471 [ERROR] LogOutputStream:75 - [STDERR_REDIRECT] 
2025-01-29 23:36:35,457 [ERROR] LogOutputStream:75 - [STDERR_REDIRECT] [Fatal Error] :1:1: Premature end of file.
2025-01-29 23:36:35,457 [ERROR] LogOutputStream:75 - [STDERR_REDIRECT] 
2025-01-29 23:36:36,457 [ERROR] LogOutputStream:75 - [STDERR_REDIRECT] [Fatal Error] :1:1: Premature end of file.
2025-01-29 23:36:36,457 [ERROR] LogOutputStream:75 - [STDERR_REDIRECT] 
2025-01-29 23:36:37,452 [ERROR] LogOutputStream:75 - [STDERR_REDIRECT] [Fatal Error] :1:1: Premature end of file.
2025-01-29 23:36:37,452 [ERROR] LogOutputStream:75 - [STDERR_REDIRECT] 
2025-01-29 23:36:38,461 [ERROR] LogOutputStream:75 - [STDERR_REDIRECT] [Fatal Error] :1:1: Premature end of file.
2025-01-29 23:36:38,461 [ERROR] LogOutputStream:75 - [STDERR_REDIRECT] 
2025-01-29 23:36:39,454 [ERROR] LogOutputStream:75 - [STDERR_REDIRECT] [Fatal Error] :1:1: Premature end of file.
2025-01-29 23:36:39,454 [ERROR] LogOutputStream:75 - [STDERR_REDIRECT] 
2025-01-29 23:36:40,480 [ERROR] LogOutputStream:75 - [STDERR_REDIRECT] [Fatal Error] :1:1: Premature end of file.
2025-01-29 23:36:40,480 [ERROR] LogOutputStream:75 - [STDERR_REDIRECT] 
2025-01-29 23:36:41,461 [ERROR] LogOutputStream:75 - [STDERR_REDIRECT] [Fatal Error] :1:1: Premature end of file.
2025-01-29 23:36:41,461 [ERROR] LogOutputStream:75 - [STDERR_REDIRECT] 
2025-01-29 23:36:42,451 [ERROR] LogOutputStream:75 - [STDERR_REDIRECT] [Fatal Error] :1:1: Premature end of file.
2025-01-29 23:36:42,451 [ERROR] LogOutputStream:75 - [STDERR_REDIRECT] 
2025-01-29 23:36:43,461 [ERROR] LogOutputStream:75 - [STDERR_REDIRECT] [Fatal Error] :1:1: Premature end of file.
2025-01-29 23:36:43,461 [ERROR] LogOutputStream:75 - [STDERR_REDIRECT] 
2025-01-29 23:36:44,461 [ERROR] LogOutputStream:75 - [STDERR_REDIRECT] [Fatal Error] :1:1: Premature end of file.
2025-01-29 23:36:44,461 [ERROR] LogOutputStream:75 - [STDERR_REDIRECT] 
2025-01-29 23:36:45,462 [ERROR] LogOutputStream:75 - [STDERR_REDIRECT] [Fatal Error] :1:1: Premature end of file.
2025-01-29 23:36:45,462 [ERROR] LogOutputStream:75 - [STDERR_REDIRECT] 
2025-01-29 23:36:46,462 [ERROR] LogOutputStream:75 - [STDERR_REDIRECT] [Fatal Error] :1:1: Premature end of file.
2025-01-29 23:36:46,462 [ERROR] LogOutputStream:75 - [STDERR_REDIRECT] 
2025-01-29 23:36:47,459 [ERROR] LogOutputStream:75 - [STDERR_REDIRECT] [Fatal Error] :1:1: Premature end of file.
2025-01-29 23:36:47,459 [ERROR] LogOutputStream:75 - [STDERR_REDIRECT] 
2025-01-29 23:36:48,460 [ERROR] LogOutputStream:75 - [STDERR_REDIRECT] [Fatal Error] :1:1: Premature end of file.
2025-01-29 23:36:48,460 [ERROR] LogOutputStream:75 - [STDERR_REDIRECT] 
2025-01-29 23:36:49,458 [ERROR] LogOutputStream:75 - [STDERR_REDIRECT] [Fatal Error] :1:1: Premature end of file.
2025-01-29 23:36:49,458 [ERROR] LogOutputStream:75 - [STDERR_REDIRECT] 
2025-01-29 23:36:50,464 [ERROR] LogOutputStream:75 - [STDERR_REDIRECT] [Fatal Error] :1:1: Premature end of file.
2025-01-29 23:36:50,466 [ERROR] LogOutputStream:75 - [STDERR_REDIRECT] 
2025-01-29 23:36:51,454 [ERROR] LogOutputStream:75 - [STDERR_REDIRECT] [Fatal Error] :1:1: Premature end of file.
2025-01-29 23:36:51,454 [ERROR] LogOutputStream:75 - [STDERR_REDIRECT] 
2025-01-29 23:36:52,463 [ERROR] LogOutputStream:75 - [STDERR_REDIRECT] [Fatal Error] :1:1: Premature end of file.
2025-01-29 23:36:52,463 [ERROR] LogOutputStream:75 - [STDERR_REDIRECT] 
2025-01-29 23:36:53,451 [ERROR] LogOutputStream:75 - [STDERR_REDIRECT] [Fatal Error] :1:1: Premature end of file.
2025-01-29 23:36:53,451 [ERROR] LogOutputStream:75 - [STDERR_REDIRECT] 
2025-01-29 23:36:54,467 [ERROR] LogOutputStream:75 - [STDERR_REDIRECT] [Fatal Error] :1:1: Premature end of file.
2025-01-29 23:36:54,467 [ERROR] LogOutputStream:75 - [STDERR_REDIRECT] 
2025-01-29 23:36:55,456 [ERROR] LogOutputStream:75 - [STDERR_REDIRECT] [Fatal Error] :1:1: Premature end of file.
2025-01-29 23:36:55,456 [ERROR] LogOutputStream:75 - [STDERR_REDIRECT] 
2025-01-29 23:36:56,472 [ERROR] LogOutputStream:75 - [STDERR_REDIRECT] [Fatal Error] :1:1: Premature end of file.
2025-01-29 23:36:56,472 [ERROR] LogOutputStream:75 - [STDERR_REDIRECT] 
2025-01-29 23:36:57,451 [ERROR] LogOutputStream:75 - [STDERR_REDIRECT] [Fatal Error] :1:1: Premature end of file.
2025-01-29 23:36:57,451 [ERROR] LogOutputStream:75 - [STDERR_REDIRECT] 
2025-01-29 23:36:58,452 [ERROR] LogOutputStream:75 - [STDERR_REDIRECT] [Fatal Error] :1:1: Premature end of file.
2025-01-29 23:36:58,452 [ERROR] LogOutputStream:75 - [STDERR_REDIRECT] 
2025-01-29 23:36:59,452 [ERROR] LogOutputStream:75 - [STDERR_REDIRECT] [Fatal Error] :1:1: Premature end of file.
2025-01-29 23:36:59,452 [ERROR] LogOutputStream:75 - [STDERR_REDIRECT] 
2025-01-29 23:37:00,465 [ERROR] LogOutputStream:75 - [STDERR_REDIRECT] [Fatal Error] :1:1: Premature end of file.
2025-01-29 23:37:00,465 [ERROR] LogOutputStream:75 - [STDERR_REDIRECT] 
2025-01-29 23:37:01,458 [ERROR] LogOutputStream:75 - [STDERR_REDIRECT] [Fatal Error] :1:1: Premature end of file.
2025-01-29 23:37:01,458 [ERROR] LogOutputStream:75 - [STDERR_REDIRECT] 
2025-01-29 23:37:02,449 [ERROR] LogOutputStream:75 - [STDERR_REDIRECT] [Fatal Error] :1:1: Premature end of file.
2025-01-29 23:37:02,449 [ERROR] LogOutputStream:75 - [STDERR_REDIRECT] 
2025-01-29 23:37:03,458 [ERROR] LogOutputStream:75 - [STDERR_REDIRECT] [Fatal Error] :1:1: Premature end of file.
2025-01-29 23:37:03,458 [ERROR] LogOutputStream:75 - [STDERR_REDIRECT] 
2025-01-29 23:37:04,468 [ERROR] LogOutputStream:75 - [STDERR_REDIRECT] [Fatal Error] :1:1: Premature end of file.
2025-01-29 23:37:04,468 [ERROR] LogOutputStream:75 - [STDERR_REDIRECT] 
2025-01-29 23:37:05,451 [ERROR] LogOutputStream:75 - [STDERR_REDIRECT] [Fatal Error] :1:1: Premature end of file.
2025-01-29 23:37:05,451 [ERROR] LogOutputStream:75 - [STDERR_REDIRECT] 
2025-01-29 23:37:06,448 [ERROR] LogOutputStream:75 - [STDERR_REDIRECT] [Fatal Error] :1:1: Premature end of file.
2025-01-29 23:37:06,449 [ERROR] LogOutputStream:75 - [STDERR_REDIRECT] 
2025-01-29 23:37:07,465 [ERROR] LogOutputStream:75 - [STDERR_REDIRECT] [Fatal Error] :1:1: Premature end of file.
2025-01-29 23:37:07,465 [ERROR] LogOutputStream:75 - [STDERR_REDIRECT] 
2025-01-29 23:37:08,451 [ERROR] LogOutputStream:75 - [STDERR_REDIRECT] [Fatal Error] :1:1: Premature end of file.
2025-01-29 23:37:08,451 [ERROR] LogOutputStream:75 - [STDERR_REDIRECT] 
2025-01-29 23:37:09,448 [ERROR] LogOutputStream:75 - [STDERR_REDIRECT] [Fatal Error] :1:1: Premature end of file.
2025-01-29 23:37:09,449 [ERROR] LogOutputStream:75 - [STDERR_REDIRECT] 
2025-01-29 23:37:10,466 [ERROR] LogOutputStream:75 - [STDERR_REDIRECT] [Fatal Error] :1:1: Premature end of file.
2025-01-29 23:37:10,466 [ERROR] LogOutputStream:75 - [STDERR_REDIRECT] 
2025-01-29 23:37:11,450 [ERROR] LogOutputStream:75 - [STDERR_REDIRECT] [Fatal Error] :1:1: Premature end of file.
2025-01-29 23:37:11,450 [ERROR] LogOutputStream:75 - [STDERR_REDIRECT] 
2025-01-29 23:37:12,449 [ERROR] LogOutputStream:75 - [STDERR_REDIRECT] [Fatal Error] :1:1: Premature end of file.
2025-01-29 23:37:12,449 [ERROR] LogOutputStream:75 - [STDERR_REDIRECT] 
2025-01-29 23:37:13,454 [ERROR] LogOutputStream:75 - [STDERR_REDIRECT] [Fatal Error] :1:1: Premature end of file.
2025-01-29 23:37:13,454 [ERROR] LogOutputStream:75 - [STDERR_REDIRECT] 
2025-01-29 23:37:14,452 [ERROR] LogOutputStream:75 - [STDERR_REDIRECT] [Fatal Error] :1:1: Premature end of file.
2025-01-29 23:37:14,452 [ERROR] LogOutputStream:75 - [STDERR_REDIRECT] 
2025-01-29 23:37:15,457 [ERROR] LogOutputStream:75 - [STDERR_REDIRECT] [Fatal Error] :1:1: Premature end of file.
2025-01-29 23:37:15,457 [ERROR] LogOutputStream:75 - [STDERR_REDIRECT] 
2025-01-29 23:37:16,456 [ERROR] LogOutputStream:75 - [STDERR_REDIRECT] [Fatal Error] :1:1: Premature end of file.
2025-01-29 23:37:16,456 [ERROR] LogOutputStream:75 - [STDERR_REDIRECT] 
2025-01-29 23:37:17,453 [ERROR] LogOutputStream:75 - [STDERR_REDIRECT] [Fatal Error] :1:1: Premature end of file.
2025-01-29 23:37:17,453 [ERROR] LogOutputStream:75 - [STDERR_REDIRECT] 
2025-01-29 23:37:18,452 [ERROR] LogOutputStream:75 - [STDERR_REDIRECT] [Fatal Error] :1:1: Premature end of file.
2025-01-29 23:37:18,452 [ERROR] LogOutputStream:75 - [STDERR_REDIRECT] 
2025-01-29 23:37:19,454 [ERROR] LogOutputStream:75 - [STDERR_REDIRECT] [Fatal Error] :1:1: Premature end of file.
2025-01-29 23:37:19,454 [ERROR] LogOutputStream:75 - [STDERR_REDIRECT] 
2025-01-29 23:37:20,457 [ERROR] LogOutputStream:75 - [STDERR_REDIRECT] [Fatal Error] :1:1: Premature end of file.
2025-01-29 23:37:20,457 [ERROR] LogOutputStream:75 - [STDERR_REDIRECT] 
2025-01-29 23:37:21,451 [ERROR] LogOutputStream:75 - [STDERR_REDIRECT] [Fatal Error] :1:1: Premature end of file.
2025-01-29 23:37:21,451 [ERROR] LogOutputStream:75 - [STDERR_REDIRECT] 
2025-01-29 23:37:22,452 [ERROR] LogOutputStream:75 - [STDERR_REDIRECT] [Fatal Error] :1:1: Premature end of file.
2025-01-29 23:37:22,452 [ERROR] LogOutputStream:75 - [STDERR_REDIRECT] 
2025-01-29 23:37:23,455 [ERROR] LogOutputStream:75 - [STDERR_REDIRECT] [Fatal Error] :1:1: Premature end of file.
2025-01-29 23:37:23,455 [ERROR] LogOutputStream:75 - [STDERR_REDIRECT] 
2025-01-29 23:37:24,450 [ERROR] LogOutputStream:75 - [STDERR_REDIRECT] [Fatal Error] :1:1: Premature end of file.
2025-01-29 23:37:24,452 [ERROR] LogOutputStream:75 - [STDERR_REDIRECT] 
2025-01-29 23:37:25,455 [ERROR] LogOutputStream:75 - [STDERR_REDIRECT] [Fatal Error] :1:1: Premature end of file.
2025-01-29 23:37:25,455 [ERROR] LogOutputStream:75 - [STDERR_REDIRECT] 
2025-01-29 23:37:26,457 [ERROR] LogOutputStream:75 - [STDERR_REDIRECT] [Fatal Error] :1:1: Premature end of file.
2025-01-29 23:37:26,457 [ERROR] LogOutputStream:75 - [STDERR_REDIRECT] 
2025-01-29 23:37:27,455 [ERROR] LogOutputStream:75 - [STDERR_REDIRECT] [Fatal Error] :1:1: Premature end of file.
2025-01-29 23:37:27,455 [ERROR] LogOutputStream:75 - [STDERR_REDIRECT] 
2025-01-29 23:37:28,473 [ERROR] LogOutputStream:75 - [STDERR_REDIRECT] [Fatal Error] :1:1: Premature end of file.
2025-01-29 23:37:28,473 [ERROR] LogOutputStream:75 - [STDERR_REDIRECT] 
2025-01-29 23:37:29,461 [ERROR] LogOutputStream:75 - [STDERR_REDIRECT] [Fatal Error] :1:1: Premature end of file.
2025-01-29 23:37:29,461 [ERROR] LogOutputStream:75 - [STDERR_REDIRECT] 
2025-01-29 23:37:30,451 [ERROR] LogOutputStream:75 - [STDERR_REDIRECT] [Fatal Error] :1:1: Premature end of file.
2025-01-29 23:37:30,451 [ERROR] LogOutputStream:75 - [STDERR_REDIRECT] 
2025-01-29 23:37:31,453 [ERROR] LogOutputStream:75 - [STDERR_REDIRECT] [Fatal Error] :1:1: Premature end of file.
2025-01-29 23:37:31,453 [ERROR] LogOutputStream:75 - [STDERR_REDIRECT] 
2025-01-29 23:37:32,454 [ERROR] LogOutputStream:75 - [STDERR_REDIRECT] [Fatal Error] :1:1: Premature end of file.
2025-01-29 23:37:32,454 [ERROR] LogOutputStream:75 - [STDERR_REDIRECT] 
2025-01-29 23:37:33,453 [ERROR] LogOutputStream:75 - [STDERR_REDIRECT] [Fatal Error] :1:1: Premature end of file.
2025-01-29 23:37:33,453 [ERROR] LogOutputStream:75 - [STDERR_REDIRECT] 
2025-01-29 23:37:34,458 [ERROR] LogOutputStream:75 - [STDERR_REDIRECT] [Fatal Error] :1:1: Premature end of file.
2025-01-29 23:37:34,458 [ERROR] LogOutputStream:75 - [STDERR_REDIRECT] 
2025-01-29 23:37:35,450 [ERROR] LogOutputStream:75 - [STDERR_REDIRECT] [Fatal Error] :1:1: Premature end of file.
2025-01-29 23:37:35,450 [ERROR] LogOutputStream:75 - [STDERR_REDIRECT] 
2025-01-29 23:37:36,461 [ERROR] LogOutputStream:75 - [STDERR_REDIRECT] [Fatal Error] :1:1: Premature end of file.
2025-01-29 23:37:36,461 [ERROR] LogOutputStream:75 - [STDERR_REDIRECT] 
2025-01-29 23:37:37,458 [ERROR] LogOutputStream:75 - [STDERR_REDIRECT] [Fatal Error] :1:1: Premature end of file.
2025-01-29 23:37:37,458 [ERROR] LogOutputStream:75 - [STDERR_REDIRECT] 
2025-01-29 23:37:38,456 [ERROR] LogOutputStream:75 - [STDERR_REDIRECT] [Fatal Error] :1:1: Premature end of file.
2025-01-29 23:37:38,456 [ERROR] LogOutputStream:75 - [STDERR_REDIRECT] 
2025-01-29 23:37:39,460 [ERROR] LogOutputStream:75 - [STDERR_REDIRECT] [Fatal Error] :1:1: Premature end of file.
2025-01-29 23:37:39,460 [ERROR] LogOutputStream:75 - [STDERR_REDIRECT] 
2025-01-29 23:37:40,455 [ERROR] LogOutputStream:75 - [STDERR_REDIRECT] [Fatal Error] :1:1: Premature end of file.
2025-01-29 23:37:40,455 [ERROR] LogOutputStream:75 - [STDERR_REDIRECT] 
2025-01-29 23:37:41,470 [ERROR] LogOutputStream:75 - [STDERR_REDIRECT] [Fatal Error] :1:1: Premature end of file.
2025-01-29 23:37:41,472 [ERROR] LogOutputStream:75 - [STDERR_REDIRECT] 
2025-01-29 23:37:42,455 [ERROR] LogOutputStream:75 - [STDERR_REDIRECT] [Fatal Error] :1:1: Premature end of file.
2025-01-29 23:37:42,455 [ERROR] LogOutputStream:75 - [STDERR_REDIRECT] 
2025-01-29 23:37:43,453 [ERROR] LogOutputStream:75 - [STDERR_REDIRECT] [Fatal Error] :1:1: Premature end of file.
2025-01-29 23:37:43,453 [ERROR] LogOutputStream:75 - [STDERR_REDIRECT] 
2025-01-29 23:37:44,456 [ERROR] LogOutputStream:75 - [STDERR_REDIRECT] [Fatal Error] :1:1: Premature end of file.
2025-01-29 23:37:44,456 [ERROR] LogOutputStream:75 - [STDERR_REDIRECT] 
2025-01-29 23:37:45,451 [ERROR] LogOutputStream:75 - [STDERR_REDIRECT] [Fatal Error] :1:1: Premature end of file.
2025-01-29 23:37:45,453 [ERROR] LogOutputStream:75 - [STDERR_REDIRECT] 
2025-01-29 23:37:46,454 [ERROR] LogOutputStream:75 - [STDERR_REDIRECT] [Fatal Error] :1:1: Premature end of file.
2025-01-29 23:37:46,454 [ERROR] LogOutputStream:75 - [STDERR_REDIRECT] 
2025-01-29 23:37:47,462 [ERROR] LogOutputStream:75 - [STDERR_REDIRECT] [Fatal Error] :1:1: Premature end of file.
2025-01-29 23:37:47,462 [ERROR] LogOutputStream:75 - [STDERR_REDIRECT] 
2025-01-29 23:37:48,450 [ERROR] LogOutputStream:75 - [STDERR_REDIRECT] [Fatal Error] :1:1: Premature end of file.
2025-01-29 23:37:48,450 [ERROR] LogOutputStream:75 - [STDERR_REDIRECT] 
2025-01-29 23:37:49,453 [ERROR] LogOutputStream:75 - [STDERR_REDIRECT] [Fatal Error] :1:1: Premature end of file.
2025-01-29 23:37:49,453 [ERROR] LogOutputStream:75 - [STDERR_REDIRECT] 
2025-01-29 23:37:50,450 [ERROR] LogOutputStream:75 - [STDERR_REDIRECT] [Fatal Error] :1:1: Premature end of file.
2025-01-29 23:37:50,450 [ERROR] LogOutputStream:75 - [STDERR_REDIRECT] 
2025-01-29 23:37:51,460 [ERROR] LogOutputStream:75 - [STDERR_REDIRECT] [Fatal Error] :1:1: Premature end of file.
2025-01-29 23:37:51,460 [ERROR] LogOutputStream:75 - [STDERR_REDIRECT] 
2025-01-29 23:37:52,459 [ERROR] LogOutputStream:75 - [STDERR_REDIRECT] [Fatal Error] :1:1: Premature end of file.
2025-01-29 23:37:52,459 [ERROR] LogOutputStream:75 - [STDERR_REDIRECT] 
2025-01-29 23:37:53,464 [ERROR] LogOutputStream:75 - [STDERR_REDIRECT] [Fatal Error] :1:1: Premature end of file.
2025-01-29 23:37:53,464 [ERROR] LogOutputStream:75 - [STDERR_REDIRECT] 
2025-01-29 23:37:54,452 [ERROR] LogOutputStream:75 - [STDERR_REDIRECT] [Fatal Error] :1:1: Premature end of file.
2025-01-29 23:37:54,452 [ERROR] LogOutputStream:75 - [STDERR_REDIRECT] 
2025-01-29 23:37:55,457 [ERROR] LogOutputStream:75 - [STDERR_REDIRECT] [Fatal Error] :1:1: Premature end of file.
2025-01-29 23:37:55,457 [ERROR] LogOutputStream:75 - [STDERR_REDIRECT] 
2025-01-29 23:37:56,455 [ERROR] LogOutputStream:75 - [STDERR_REDIRECT] [Fatal Error] :1:1: Premature end of file.
2025-01-29 23:37:56,455 [ERROR] LogOutputStream:75 - [STDERR_REDIRECT] 
2025-01-29 23:37:57,456 [ERROR] LogOutputStream:75 - [STDERR_REDIRECT] [Fatal Error] :1:1: Premature end of file.
2025-01-29 23:37:57,456 [ERROR] LogOutputStream:75 - [STDERR_REDIRECT] 
2025-01-29 23:37:58,454 [ERROR] LogOutputStream:75 - [STDERR_REDIRECT] [Fatal Error] :1:1: Premature end of file.
2025-01-29 23:37:58,454 [ERROR] LogOutputStream:75 - [STDERR_REDIRECT] 
2025-01-29 23:37:59,455 [ERROR] LogOutputStream:75 - [STDERR_REDIRECT] [Fatal Error] :1:1: Premature end of file.
2025-01-29 23:37:59,455 [ERROR] LogOutputStream:75 - [STDERR_REDIRECT] 
2025-01-29 23:38:00,452 [ERROR] LogOutputStream:75 - [STDERR_REDIRECT] [Fatal Error] :1:1: Premature end of file.
2025-01-29 23:38:00,452 [ERROR] LogOutputStream:75 - [STDERR_REDIRECT] 
2025-01-29 23:38:01,456 [ERROR] LogOutputStream:75 - [STDERR_REDIRECT] [Fatal Error] :1:1: Premature end of file.
2025-01-29 23:38:01,456 [ERROR] LogOutputStream:75 - [STDERR_REDIRECT] 
2025-01-29 23:38:02,456 [ERROR] LogOutputStream:75 - [STDERR_REDIRECT] [Fatal Error] :1:1: Premature end of file.
2025-01-29 23:38:02,456 [ERROR] LogOutputStream:75 - [STDERR_REDIRECT] 
2025-01-29 23:38:03,456 [ERROR] LogOutputStream:75 - [STDERR_REDIRECT] [Fatal Error] :1:1: Premature end of file.
2025-01-29 23:38:03,456 [ERROR] LogOutputStream:75 - [STDERR_REDIRECT] 
2025-01-29 23:38:04,454 [ERROR] LogOutputStream:75 - [STDERR_REDIRECT] [Fatal Error] :1:1: Premature end of file.
2025-01-29 23:38:04,454 [ERROR] LogOutputStream:75 - [STDERR_REDIRECT] 
2025-01-29 23:38:05,454 [ERROR] LogOutputStream:75 - [STDERR_REDIRECT] [Fatal Error] :1:1: Premature end of file.
2025-01-29 23:38:05,454 [ERROR] LogOutputStream:75 - [STDERR_REDIRECT] 
2025-01-29 23:38:06,453 [ERROR] LogOutputStream:75 - [STDERR_REDIRECT] [Fatal Error] :1:1: Premature end of file.
2025-01-29 23:38:06,453 [ERROR] LogOutputStream:75 - [STDERR_REDIRECT] 
2025-01-29 23:38:07,455 [ERROR] LogOutputStream:75 - [STDERR_REDIRECT] [Fatal Error] :1:1: Premature end of file.
2025-01-29 23:38:07,455 [ERROR] LogOutputStream:75 - [STDERR_REDIRECT] 
2025-01-29 23:38:08,457 [ERROR] LogOutputStream:75 - [STDERR_REDIRECT] [Fatal Error] :1:1: Premature end of file.
2025-01-29 23:38:08,457 [ERROR] LogOutputStream:75 - [STDERR_REDIRECT] 
2025-01-29 23:38:09,455 [ERROR] LogOutputStream:75 - [STDERR_REDIRECT] [Fatal Error] :1:1: Premature end of file.
2025-01-29 23:38:09,455 [ERROR] LogOutputStream:75 - [STDERR_REDIRECT] 
2025-01-29 23:38:10,458 [ERROR] LogOutputStream:75 - [STDERR_REDIRECT] [Fatal Error] :1:1: Premature end of file.
2025-01-29 23:38:10,458 [ERROR] LogOutputStream:75 - [STDERR_REDIRECT] 
2025-01-29 23:38:11,458 [ERROR] LogOutputStream:75 - [STDERR_REDIRECT] [Fatal Error] :1:1: Premature end of file.
2025-01-29 23:38:11,458 [ERROR] LogOutputStream:75 - [STDERR_REDIRECT] 
2025-01-29 23:38:12,454 [ERROR] LogOutputStream:75 - [STDERR_REDIRECT] [Fatal Error] :1:1: Premature end of file.
2025-01-29 23:38:12,456 [ERROR] LogOutputStream:75 - [STDERR_REDIRECT] 
2025-01-29 23:38:13,453 [ERROR] LogOutputStream:75 - [STDERR_REDIRECT] [Fatal Error] :1:1: Premature end of file.
2025-01-29 23:38:13,453 [ERROR] LogOutputStream:75 - [STDERR_REDIRECT] 
2025-01-29 23:38:14,455 [ERROR] LogOutputStream:75 - [STDERR_REDIRECT] [Fatal Error] :1:1: Premature end of file.
2025-01-29 23:38:14,455 [ERROR] LogOutputStream:75 - [STDERR_REDIRECT] 
2025-01-29 23:38:15,464 [ERROR] LogOutputStream:75 - [STDERR_REDIRECT] [Fatal Error] :1:1: Premature end of file.
2025-01-29 23:38:15,464 [ERROR] LogOutputStream:75 - [STDERR_REDIRECT] 
2025-01-29 23:38:16,453 [ERROR] LogOutputStream:75 - [STDERR_REDIRECT] [Fatal Error] :1:1: Premature end of file.
2025-01-29 23:38:16,453 [ERROR] LogOutputStream:75 - [STDERR_REDIRECT] 
2025-01-29 23:38:17,457 [ERROR] LogOutputStream:75 - [STDERR_REDIRECT] [Fatal Error] :1:1: Premature end of file.
2025-01-29 23:38:17,457 [ERROR] LogOutputStream:75 - [STDERR_REDIRECT] 
2025-01-29 23:38:18,454 [ERROR] LogOutputStream:75 - [STDERR_REDIRECT] [Fatal Error] :1:1: Premature end of file.
2025-01-29 23:38:18,454 [ERROR] LogOutputStream:75 - [STDERR_REDIRECT] 
2025-01-29 23:38:19,454 [ERROR] LogOutputStream:75 - [STDERR_REDIRECT] [Fatal Error] :1:1: Premature end of file.
2025-01-29 23:38:19,454 [ERROR] LogOutputStream:75 - [STDERR_REDIRECT] 
2025-01-29 23:38:20,454 [ERROR] LogOutputStream:75 - [STDERR_REDIRECT] [Fatal Error] :1:1: Premature end of file.
2025-01-29 23:38:20,454 [ERROR] LogOutputStream:75 - [STDERR_REDIRECT] 
2025-01-29 23:38:21,456 [ERROR] LogOutputStream:75 - [STDERR_REDIRECT] [Fatal Error] :1:1: Premature end of file.
2025-01-29 23:38:21,456 [ERROR] LogOutputStream:75 - [STDERR_REDIRECT] 
2025-01-29 23:38:22,455 [ERROR] LogOutputStream:75 - [STDERR_REDIRECT] [Fatal Error] :1:1: Premature end of file.
2025-01-29 23:38:22,455 [ERROR] LogOutputStream:75 - [STDERR_REDIRECT] 
2025-01-29 23:38:23,452 [ERROR] LogOutputStream:75 - [STDERR_REDIRECT] [Fatal Error] :1:1: Premature end of file.
2025-01-29 23:38:23,452 [ERROR] LogOutputStream:75 - [STDERR_REDIRECT] 
2025-01-29 23:38:24,454 [ERROR] LogOutputStream:75 - [STDERR_REDIRECT] [Fatal Error] :1:1: Premature end of file.
2025-01-29 23:38:24,454 [ERROR] LogOutputStream:75 - [STDERR_REDIRECT] 
2025-01-29 23:38:25,456 [ERROR] LogOutputStream:75 - [STDERR_REDIRECT] [Fatal Error] :1:1: Premature end of file.
2025-01-29 23:38:25,457 [ERROR] LogOutputStream:75 - [STDERR_REDIRECT] 
2025-01-29 23:38:26,470 [ERROR] LogOutputStream:75 - [STDERR_REDIRECT] [Fatal Error] :1:1: Premature end of file.
2025-01-29 23:38:26,470 [ERROR] LogOutputStream:75 - [STDERR_REDIRECT] 
2025-01-29 23:38:27,457 [ERROR] LogOutputStream:75 - [STDERR_REDIRECT] [Fatal Error] :1:1: Premature end of file.
2025-01-29 23:38:27,457 [ERROR] LogOutputStream:75 - [STDERR_REDIRECT] 
2025-01-29 23:38:28,459 [ERROR] LogOutputStream:75 - [STDERR_REDIRECT] [Fatal Error] :1:1: Premature end of file.
2025-01-29 23:38:28,459 [ERROR] LogOutputStream:75 - [STDERR_REDIRECT] 
2025-01-29 23:38:29,458 [ERROR] LogOutputStream:75 - [STDERR_REDIRECT] [Fatal Error] :1:1: Premature end of file.
2025-01-29 23:38:29,458 [ERROR] LogOutputStream:75 - [STDERR_REDIRECT] 
2025-01-29 23:38:30,461 [ERROR] LogOutputStream:75 - [STDERR_REDIRECT] [Fatal Error] :1:1: Premature end of file.
2025-01-29 23:38:30,461 [ERROR] LogOutputStream:75 - [STDERR_REDIRECT] 
2025-01-29 23:38:31,453 [ERROR] LogOutputStream:75 - [STDERR_REDIRECT] [Fatal Error] :1:1: Premature end of file.
2025-01-29 23:38:31,454 [ERROR] LogOutputStream:75 - [STDERR_REDIRECT] 
2025-01-29 23:38:32,456 [ERROR] LogOutputStream:75 - [STDERR_REDIRECT] [Fatal Error] :1:1: Premature end of file.
2025-01-29 23:38:32,456 [ERROR] LogOutputStream:75 - [STDERR_REDIRECT] 
2025-01-29 23:38:33,452 [ERROR] LogOutputStream:75 - [STDERR_REDIRECT] [Fatal Error] :1:1: Premature end of file.
2025-01-29 23:38:33,452 [ERROR] LogOutputStream:75 - [STDERR_REDIRECT] 
2025-01-29 23:38:34,450 [ERROR] LogOutputStream:75 - [STDERR_REDIRECT] [Fatal Error] :1:1: Premature end of file.
2025-01-29 23:38:34,451 [ERROR] LogOutputStream:75 - [STDERR_REDIRECT] 
2025-01-29 23:38:35,455 [ERROR] LogOutputStream:75 - [STDERR_REDIRECT] [Fatal Error] :1:1: Premature end of file.
2025-01-29 23:38:35,455 [ERROR] LogOutputStream:75 - [STDERR_REDIRECT] 
2025-01-29 23:38:36,455 [ERROR] LogOutputStream:75 - [STDERR_REDIRECT] [Fatal Error] :1:1: Premature end of file.
2025-01-29 23:38:36,455 [ERROR] LogOutputStream:75 - [STDERR_REDIRECT] 
2025-01-29 23:38:37,457 [ERROR] LogOutputStream:75 - [STDERR_REDIRECT] [Fatal Error] :1:1: Premature end of file.
2025-01-29 23:38:37,457 [ERROR] LogOutputStream:75 - [STDERR_REDIRECT] 
2025-01-29 23:38:38,454 [ERROR] LogOutputStream:75 - [STDERR_REDIRECT] [Fatal Error] :1:1: Premature end of file.
2025-01-29 23:38:38,454 [ERROR] LogOutputStream:75 - [STDERR_REDIRECT] 
2025-01-29 23:38:39,453 [ERROR] LogOutputStream:75 - [STDERR_REDIRECT] [Fatal Error] :1:1: Premature end of file.
2025-01-29 23:38:39,453 [ERROR] LogOutputStream:75 - [STDERR_REDIRECT] 
2025-01-29 23:38:40,454 [ERROR] LogOutputStream:75 - [STDERR_REDIRECT] [Fatal Error] :1:1: Premature end of file.
2025-01-29 23:38:40,454 [ERROR] LogOutputStream:75 - [STDERR_REDIRECT] 
2025-01-29 23:38:41,458 [ERROR] LogOutputStream:75 - [STDERR_REDIRECT] [Fatal Error] :1:1: Premature end of file.
2025-01-29 23:38:41,458 [ERROR] LogOutputStream:75 - [STDERR_REDIRECT] 
2025-01-29 23:38:42,459 [ERROR] LogOutputStream:75 - [STDERR_REDIRECT] [Fatal Error] :1:1: Premature end of file.
2025-01-29 23:38:42,459 [ERROR] LogOutputStream:75 - [STDERR_REDIRECT] 
2025-01-29 23:38:43,458 [ERROR] LogOutputStream:75 - [STDERR_REDIRECT] [Fatal Error] :1:1: Premature end of file.
2025-01-29 23:38:43,458 [ERROR] LogOutputStream:75 - [STDERR_REDIRECT] 
2025-01-29 23:38:44,463 [ERROR] LogOutputStream:75 - [STDERR_REDIRECT] [Fatal Error] :1:1: Premature end of file.
2025-01-29 23:38:44,463 [ERROR] LogOutputStream:75 - [STDERR_REDIRECT] 
2025-01-29 23:38:45,456 [ERROR] LogOutputStream:75 - [STDERR_REDIRECT] [Fatal Error] :1:1: Premature end of file.
2025-01-29 23:38:45,456 [ERROR] LogOutputStream:75 - [STDERR_REDIRECT] 
2025-01-29 23:38:46,453 [ERROR] LogOutputStream:75 - [STDERR_REDIRECT] [Fatal Error] :1:1: Premature end of file.
2025-01-29 23:38:46,453 [ERROR] LogOutputStream:75 - [STDERR_REDIRECT] 
2025-01-29 23:38:47,450 [ERROR] LogOutputStream:75 - [STDERR_REDIRECT] [Fatal Error] :1:1: Premature end of file.
2025-01-29 23:38:47,450 [ERROR] LogOutputStream:75 - [STDERR_REDIRECT] 
2025-01-29 23:38:48,453 [ERROR] LogOutputStream:75 - [STDERR_REDIRECT] [Fatal Error] :1:1: Premature end of file.
2025-01-29 23:38:48,453 [ERROR] LogOutputStream:75 - [STDERR_REDIRECT] 
2025-01-29 23:38:49,457 [ERROR] LogOutputStream:75 - [STDERR_REDIRECT] [Fatal Error] :1:1: Premature end of file.
2025-01-29 23:38:49,457 [ERROR] LogOutputStream:75 - [STDERR_REDIRECT] 
2025-01-29 23:38:50,449 [ERROR] LogOutputStream:75 - [STDERR_REDIRECT] [Fatal Error] :1:1: Premature end of file.
2025-01-29 23:38:50,449 [ERROR] LogOutputStream:75 - [STDERR_REDIRECT] 
2025-01-29 23:38:51,450 [ERROR] LogOutputStream:75 - [STDERR_REDIRECT] [Fatal Error] :1:1: Premature end of file.
2025-01-29 23:38:51,452 [ERROR] LogOutputStream:75 - [STDERR_REDIRECT] 
2025-01-29 23:38:52,455 [ERROR] LogOutputStream:75 - [STDERR_REDIRECT] [Fatal Error] :1:1: Premature end of file.
2025-01-29 23:38:52,455 [ERROR] LogOutputStream:75 - [STDERR_REDIRECT] 
2025-01-29 23:38:53,451 [ERROR] LogOutputStream:75 - [STDERR_REDIRECT] [Fatal Error] :1:1: Premature end of file.
2025-01-29 23:38:53,451 [ERROR] LogOutputStream:75 - [STDERR_REDIRECT] 
2025-01-29 23:38:54,459 [ERROR] LogOutputStream:75 - [STDERR_REDIRECT] [Fatal Error] :1:1: Premature end of file.
2025-01-29 23:38:54,459 [ERROR] LogOutputStream:75 - [STDERR_REDIRECT] 
2025-01-29 23:38:55,457 [ERROR] LogOutputStream:75 - [STDERR_REDIRECT] [Fatal Error] :1:1: Premature end of file.
2025-01-29 23:38:55,457 [ERROR] LogOutputStream:75 - [STDERR_REDIRECT] 
2025-01-29 23:38:56,446 [ERROR] LogOutputStream:75 - [STDERR_REDIRECT] [Fatal Error] :1:1: Premature end of file.
2025-01-29 23:38:56,446 [ERROR] LogOutputStream:75 - [STDERR_REDIRECT] 
2025-01-29 23:38:57,468 [ERROR] LogOutputStream:75 - [STDERR_REDIRECT] [Fatal Error] :1:1: Premature end of file.
2025-01-29 23:38:57,468 [ERROR] LogOutputStream:75 - [STDERR_REDIRECT] 
2025-01-29 23:38:58,454 [ERROR] LogOutputStream:75 - [STDERR_REDIRECT] [Fatal Error] :1:1: Premature end of file.
2025-01-29 23:38:58,454 [ERROR] LogOutputStream:75 - [STDERR_REDIRECT] 
2025-01-29 23:38:59,450 [ERROR] LogOutputStream:75 - [STDERR_REDIRECT] [Fatal Error] :1:1: Premature end of file.
2025-01-29 23:38:59,450 [ERROR] LogOutputStream:75 - [STDERR_REDIRECT] 
2025-01-29 23:39:00,452 [ERROR] LogOutputStream:75 - [STDERR_REDIRECT] [Fatal Error] :1:1: Premature end of file.
2025-01-29 23:39:00,452 [ERROR] LogOutputStream:75 - [STDERR_REDIRECT] 
2025-01-29 23:39:01,450 [ERROR] LogOutputStream:75 - [STDERR_REDIRECT] [Fatal Error] :1:1: Premature end of file.
2025-01-29 23:39:01,450 [ERROR] LogOutputStream:75 - [STDERR_REDIRECT] 
2025-01-29 23:39:02,453 [ERROR] LogOutputStream:75 - [STDERR_REDIRECT] [Fatal Error] :1:1: Premature end of file.
2025-01-29 23:39:02,453 [ERROR] LogOutputStream:75 - [STDERR_REDIRECT] 
2025-01-29 23:39:03,455 [ERROR] LogOutputStream:75 - [STDERR_REDIRECT] [Fatal Error] :1:1: Premature end of file.
2025-01-29 23:39:03,456 [ERROR] LogOutputStream:75 - [STDERR_REDIRECT] 
2025-01-29 23:39:04,454 [ERROR] LogOutputStream:75 - [STDERR_REDIRECT] [Fatal Error] :1:1: Premature end of file.
2025-01-29 23:39:04,454 [ERROR] LogOutputStream:75 - [STDERR_REDIRECT] 
2025-01-29 23:39:05,449 [ERROR] LogOutputStream:75 - [STDERR_REDIRECT] [Fatal Error] :1:1: Premature end of file.
2025-01-29 23:39:05,449 [ERROR] LogOutputStream:75 - [STDERR_REDIRECT] 
2025-01-29 23:39:06,456 [ERROR] LogOutputStream:75 - [STDERR_REDIRECT] [Fatal Error] :1:1: Premature end of file.
2025-01-29 23:39:06,456 [ERROR] LogOutputStream:75 - [STDERR_REDIRECT] 
2025-01-29 23:39:07,450 [ERROR] LogOutputStream:75 - [STDERR_REDIRECT] [Fatal Error] :1:1: Premature end of file.
2025-01-29 23:39:07,451 [ERROR] LogOutputStream:75 - [STDERR_REDIRECT] 
2025-01-29 23:39:08,455 [ERROR] LogOutputStream:75 - [STDERR_REDIRECT] [Fatal Error] :1:1: Premature end of file.
2025-01-29 23:39:08,455 [ERROR] LogOutputStream:75 - [STDERR_REDIRECT] 
2025-01-29 23:39:09,454 [ERROR] LogOutputStream:75 - [STDERR_REDIRECT] [Fatal Error] :1:1: Premature end of file.
2025-01-29 23:39:09,454 [ERROR] LogOutputStream:75 - [STDERR_REDIRECT] 
2025-01-29 23:39:10,454 [ERROR] LogOutputStream:75 - [STDERR_REDIRECT] [Fatal Error] :1:1: Premature end of file.
2025-01-29 23:39:10,454 [ERROR] LogOutputStream:75 - [STDERR_REDIRECT] 
2025-01-29 23:39:11,456 [ERROR] LogOutputStream:75 - [STDERR_REDIRECT] [Fatal Error] :1:1: Premature end of file.
2025-01-29 23:39:11,456 [ERROR] LogOutputStream:75 - [STDERR_REDIRECT] 
2025-01-29 23:39:12,454 [ERROR] LogOutputStream:75 - [STDERR_REDIRECT] [Fatal Error] :1:1: Premature end of file.
2025-01-29 23:39:12,454 [ERROR] LogOutputStream:75 - [STDERR_REDIRECT] 
2025-01-29 23:39:13,450 [ERROR] LogOutputStream:75 - [STDERR_REDIRECT] [Fatal Error] :1:1: Premature end of file.
2025-01-29 23:39:13,450 [ERROR] LogOutputStream:75 - [STDERR_REDIRECT] 
2025-01-29 23:39:14,451 [ERROR] LogOutputStream:75 - [STDERR_REDIRECT] [Fatal Error] :1:1: Premature end of file.
2025-01-29 23:39:14,451 [ERROR] LogOutputStream:75 - [STDERR_REDIRECT] 
2025-01-29 23:39:15,455 [ERROR] LogOutputStream:75 - [STDERR_REDIRECT] [Fatal Error] :1:1: Premature end of file.
2025-01-29 23:39:15,455 [ERROR] LogOutputStream:75 - [STDERR_REDIRECT] 
2025-01-29 23:39:16,451 [ERROR] LogOutputStream:75 - [STDERR_REDIRECT] [Fatal Error] :1:1: Premature end of file.
2025-01-29 23:39:16,451 [ERROR] LogOutputStream:75 - [STDERR_REDIRECT] 
2025-01-29 23:39:17,451 [ERROR] LogOutputStream:75 - [STDERR_REDIRECT] [Fatal Error] :1:1: Premature end of file.
2025-01-29 23:39:17,451 [ERROR] LogOutputStream:75 - [STDERR_REDIRECT] 
2025-01-29 23:39:18,452 [ERROR] LogOutputStream:75 - [STDERR_REDIRECT] [Fatal Error] :1:1: Premature end of file.
2025-01-29 23:39:18,452 [ERROR] LogOutputStream:75 - [STDERR_REDIRECT] 
2025-01-29 23:39:19,451 [ERROR] LogOutputStream:75 - [STDERR_REDIRECT] [Fatal Error] :1:1: Premature end of file.
2025-01-29 23:39:19,451 [ERROR] LogOutputStream:75 - [STDERR_REDIRECT] 
2025-01-29 23:39:20,451 [ERROR] LogOutputStream:75 - [STDERR_REDIRECT] [Fatal Error] :1:1: Premature end of file.
2025-01-29 23:39:20,451 [ERROR] LogOutputStream:75 - [STDERR_REDIRECT] 
2025-01-29 23:39:21,451 [ERROR] LogOutputStream:75 - [STDERR_REDIRECT] [Fatal Error] :1:1: Premature end of file.
2025-01-29 23:39:21,451 [ERROR] LogOutputStream:75 - [STDERR_REDIRECT] 
2025-01-29 23:39:22,449 [ERROR] LogOutputStream:75 - [STDERR_REDIRECT] [Fatal Error] :1:1: Premature end of file.
2025-01-29 23:39:22,449 [ERROR] LogOutputStream:75 - [STDERR_REDIRECT] 
2025-01-29 23:39:23,457 [ERROR] LogOutputStream:75 - [STDERR_REDIRECT] [Fatal Error] :1:1: Premature end of file.
2025-01-29 23:39:23,457 [ERROR] LogOutputStream:75 - [STDERR_REDIRECT] 
2025-01-29 23:39:24,453 [ERROR] LogOutputStream:75 - [STDERR_REDIRECT] [Fatal Error] :1:1: Premature end of file.
2025-01-29 23:39:24,453 [ERROR] LogOutputStream:75 - [STDERR_REDIRECT] 
2025-01-29 23:39:25,451 [ERROR] LogOutputStream:75 - [STDERR_REDIRECT] [Fatal Error] :1:1: Premature end of file.
2025-01-29 23:39:25,451 [ERROR] LogOutputStream:75 - [STDERR_REDIRECT] 
2025-01-29 23:39:26,453 [ERROR] LogOutputStream:75 - [STDERR_REDIRECT] [Fatal Error] :1:1: Premature end of file.
2025-01-29 23:39:26,453 [ERROR] LogOutputStream:75 - [STDERR_REDIRECT] 
2025-01-29 23:39:27,455 [ERROR] LogOutputStream:75 - [STDERR_REDIRECT] [Fatal Error] :1:1: Premature end of file.
2025-01-29 23:39:27,455 [ERROR] LogOutputStream:75 - [STDERR_REDIRECT] 
2025-01-29 23:39:28,456 [ERROR] LogOutputStream:75 - [STDERR_REDIRECT] [Fatal Error] :1:1: Premature end of file.
2025-01-29 23:39:28,456 [ERROR] LogOutputStream:75 - [STDERR_REDIRECT] 
2025-01-29 23:39:29,452 [ERROR] LogOutputStream:75 - [STDERR_REDIRECT] [Fatal Error] :1:1: Premature end of file.
2025-01-29 23:39:29,452 [ERROR] LogOutputStream:75 - [STDERR_REDIRECT] 
2025-01-29 23:39:30,453 [ERROR] LogOutputStream:75 - [STDERR_REDIRECT] [Fatal Error] :1:1: Premature end of file.
2025-01-29 23:39:30,453 [ERROR] LogOutputStream:75 - [STDERR_REDIRECT] 
2025-01-29 23:39:31,453 [ERROR] LogOutputStream:75 - [STDERR_REDIRECT] [Fatal Error] :1:1: Premature end of file.
2025-01-29 23:39:31,453 [ERROR] LogOutputStream:75 - [STDERR_REDIRECT] 
2025-01-29 23:39:32,452 [ERROR] LogOutputStream:75 - [STDERR_REDIRECT] [Fatal Error] :1:1: Premature end of file.
2025-01-29 23:39:32,452 [ERROR] LogOutputStream:75 - [STDERR_REDIRECT] 
2025-01-29 23:39:33,447 [ERROR] LogOutputStream:75 - [STDERR_REDIRECT] [Fatal Error] :1:1: Premature end of file.
2025-01-29 23:39:33,447 [ERROR] LogOutputStream:75 - [STDERR_REDIRECT] 
2025-01-29 23:39:34,470 [ERROR] LogOutputStream:75 - [STDERR_REDIRECT] [Fatal Error] :1:1: Premature end of file.
2025-01-29 23:39:34,470 [ERROR] LogOutputStream:75 - [STDERR_REDIRECT] 
2025-01-29 23:39:35,455 [ERROR] LogOutputStream:75 - [STDERR_REDIRECT] [Fatal Error] :1:1: Premature end of file.
2025-01-29 23:39:35,456 [ERROR] LogOutputStream:75 - [STDERR_REDIRECT] 
2025-01-29 23:39:36,464 [ERROR] LogOutputStream:75 - [STDERR_REDIRECT] [Fatal Error] :1:1: Premature end of file.
2025-01-29 23:39:36,464 [ERROR] LogOutputStream:75 - [STDERR_REDIRECT] 
2025-01-29 23:39:37,465 [ERROR] LogOutputStream:75 - [STDERR_REDIRECT] [Fatal Error] :1:1: Premature end of file.
2025-01-29 23:39:37,465 [ERROR] LogOutputStream:75 - [STDERR_REDIRECT] 
2025-01-29 23:39:38,468 [ERROR] LogOutputStream:75 - [STDERR_REDIRECT] [Fatal Error] :1:1: Premature end of file.
2025-01-29 23:39:38,468 [ERROR] LogOutputStream:75 - [STDERR_REDIRECT] 
2025-01-29 23:39:39,464 [ERROR] LogOutputStream:75 - [STDERR_REDIRECT] [Fatal Error] :1:1: Premature end of file.
2025-01-29 23:39:39,464 [ERROR] LogOutputStream:75 - [STDERR_REDIRECT] 
2025-01-29 23:39:40,458 [ERROR] LogOutputStream:75 - [STDERR_REDIRECT] [Fatal Error] :1:1: Premature end of file.
2025-01-29 23:39:40,458 [ERROR] LogOutputStream:75 - [STDERR_REDIRECT] 
2025-01-29 23:39:41,453 [ERROR] LogOutputStream:75 - [STDERR_REDIRECT] [Fatal Error] :1:1: Premature end of file.
2025-01-29 23:39:41,453 [ERROR] LogOutputStream:75 - [STDERR_REDIRECT] 
2025-01-29 23:39:42,467 [ERROR] LogOutputStream:75 - [STDERR_REDIRECT] [Fatal Error] :1:1: Premature end of file.
2025-01-29 23:39:42,467 [ERROR] LogOutputStream:75 - [STDERR_REDIRECT] 
2025-01-29 23:39:43,459 [ERROR] LogOutputStream:75 - [STDERR_REDIRECT] [Fatal Error] :1:1: Premature end of file.
2025-01-29 23:39:43,459 [ERROR] LogOutputStream:75 - [STDERR_REDIRECT] 
2025-01-29 23:39:44,453 [ERROR] LogOutputStream:75 - [STDERR_REDIRECT] [Fatal Error] :1:1: Premature end of file.
2025-01-29 23:39:44,453 [ERROR] LogOutputStream:75 - [STDERR_REDIRECT] 
2025-01-29 23:39:45,464 [ERROR] LogOutputStream:75 - [STDERR_REDIRECT] [Fatal Error] :1:1: Premature end of file.
2025-01-29 23:39:45,464 [ERROR] LogOutputStream:75 - [STDERR_REDIRECT] 
2025-01-29 23:39:46,447 [ERROR] LogOutputStream:75 - [STDERR_REDIRECT] [Fatal Error] :1:1: Premature end of file.
2025-01-29 23:39:46,447 [ERROR] LogOutputStream:75 - [STDERR_REDIRECT] 
2025-01-29 23:39:47,460 [ERROR] LogOutputStream:75 - [STDERR_REDIRECT] [Fatal Error] :1:1: Premature end of file.
2025-01-29 23:39:47,460 [ERROR] LogOutputStream:75 - [STDERR_REDIRECT] 
2025-01-29 23:39:48,472 [ERROR] LogOutputStream:75 - [STDERR_REDIRECT] [Fatal Error] :1:1: Premature end of file.
2025-01-29 23:39:48,472 [ERROR] LogOutputStream:75 - [STDERR_REDIRECT] 
2025-01-29 23:39:49,446 [ERROR] LogOutputStream:75 - [STDERR_REDIRECT] [Fatal Error] :1:1: Premature end of file.
2025-01-29 23:39:49,446 [ERROR] LogOutputStream:75 - [STDERR_REDIRECT] 
2025-01-29 23:39:50,467 [ERROR] LogOutputStream:75 - [STDERR_REDIRECT] [Fatal Error] :1:1: Premature end of file.
2025-01-29 23:39:50,467 [ERROR] LogOutputStream:75 - [STDERR_REDIRECT] 
2025-01-29 23:39:51,458 [ERROR] LogOutputStream:75 - [STDERR_REDIRECT] [Fatal Error] :1:1: Premature end of file.
2025-01-29 23:39:51,458 [ERROR] LogOutputStream:75 - [STDERR_REDIRECT] 
2025-01-29 23:39:52,469 [ERROR] LogOutputStream:75 - [STDERR_REDIRECT] [Fatal Error] :1:1: Premature end of file.
2025-01-29 23:39:52,469 [ERROR] LogOutputStream:75 - [STDERR_REDIRECT] 
2025-01-29 23:39:53,468 [ERROR] LogOutputStream:75 - [STDERR_REDIRECT] [Fatal Error] :1:1: Premature end of file.
2025-01-29 23:39:53,468 [ERROR] LogOutputStream:75 - [STDERR_REDIRECT] 
2025-01-29 23:39:54,470 [ERROR] LogOutputStream:75 - [STDERR_REDIRECT] [Fatal Error] :1:1: Premature end of file.
2025-01-29 23:39:54,470 [ERROR] LogOutputStream:75 - [STDERR_REDIRECT] 
2025-01-29 23:39:55,449 [ERROR] LogOutputStream:75 - [STDERR_REDIRECT] [Fatal Error] :1:1: Premature end of file.
2025-01-29 23:39:55,449 [ERROR] LogOutputStream:75 - [STDERR_REDIRECT] 
2025-01-29 23:39:56,467 [ERROR] LogOutputStream:75 - [STDERR_REDIRECT] [Fatal Error] :1:1: Premature end of file.
2025-01-29 23:39:56,467 [ERROR] LogOutputStream:75 - [STDERR_REDIRECT] 
2025-01-29 23:39:57,468 [ERROR] LogOutputStream:75 - [STDERR_REDIRECT] [Fatal Error] :1:1: Premature end of file.
2025-01-29 23:39:57,468 [ERROR] LogOutputStream:75 - [STDERR_REDIRECT] 
2025-01-29 23:39:58,470 [ERROR] LogOutputStream:75 - [STDERR_REDIRECT] [Fatal Error] :1:1: Premature end of file.
2025-01-29 23:39:58,470 [ERROR] LogOutputStream:75 - [STDERR_REDIRECT] 
2025-01-29 23:39:59,470 [ERROR] LogOutputStream:75 - [STDERR_REDIRECT] [Fatal Error] :1:1: Premature end of file.
2025-01-29 23:39:59,470 [ERROR] LogOutputStream:75 - [STDERR_REDIRECT] 
2025-01-29 23:40:00,459 [ERROR] LogOutputStream:75 - [STDERR_REDIRECT] [Fatal Error] :1:1: Premature end of file.
2025-01-29 23:40:00,459 [ERROR] LogOutputStream:75 - [STDERR_REDIRECT] 
2025-01-29 23:40:01,471 [ERROR] LogOutputStream:75 - [STDERR_REDIRECT] [Fatal Error] :1:1: Premature end of file.
2025-01-29 23:40:01,471 [ERROR] LogOutputStream:75 - [STDERR_REDIRECT] 
2025-01-29 23:40:02,470 [ERROR] LogOutputStream:75 - [STDERR_REDIRECT] [Fatal Error] :1:1: Premature end of file.
2025-01-29 23:40:02,470 [ERROR] LogOutputStream:75 - [STDERR_REDIRECT] 
2025-01-29 23:40:03,452 [ERROR] LogOutputStream:75 - [STDERR_REDIRECT] [Fatal Error] :1:1: Premature end of file.
2025-01-29 23:40:03,452 [ERROR] LogOutputStream:75 - [STDERR_REDIRECT] 
2025-01-29 23:40:04,484 [ERROR] LogOutputStream:75 - [STDERR_REDIRECT] [Fatal Error] :1:1: Premature end of file.
2025-01-29 23:40:04,484 [ERROR] LogOutputStream:75 - [STDERR_REDIRECT] 
2025-01-29 23:40:05,450 [ERROR] LogOutputStream:75 - [STDERR_REDIRECT] [Fatal Error] :1:1: Premature end of file.
2025-01-29 23:40:05,450 [ERROR] LogOutputStream:75 - [STDERR_REDIRECT] 
2025-01-29 23:40:06,463 [ERROR] LogOutputStream:75 - [STDERR_REDIRECT] [Fatal Error] :1:1: Premature end of file.
2025-01-29 23:40:06,464 [ERROR] LogOutputStream:75 - [STDERR_REDIRECT] 
2025-01-29 23:40:07,476 [ERROR] LogOutputStream:75 - [STDERR_REDIRECT] [Fatal Error] :1:1: Premature end of file.
2025-01-29 23:40:07,476 [ERROR] LogOutputStream:75 - [STDERR_REDIRECT] 
2025-01-29 23:40:08,456 [ERROR] LogOutputStream:75 - [STDERR_REDIRECT] [Fatal Error] :1:1: Premature end of file.
2025-01-29 23:40:08,456 [ERROR] LogOutputStream:75 - [STDERR_REDIRECT] 
2025-01-29 23:40:09,450 [ERROR] LogOutputStream:75 - [STDERR_REDIRECT] [Fatal Error] :1:1: Premature end of file.
2025-01-29 23:40:09,450 [ERROR] LogOutputStream:75 - [STDERR_REDIRECT] 
2025-01-29 23:40:10,464 [ERROR] LogOutputStream:75 - [STDERR_REDIRECT] [Fatal Error] :1:1: Premature end of file.
2025-01-29 23:40:10,464 [ERROR] LogOutputStream:75 - [STDERR_REDIRECT] 
2025-01-29 23:40:11,457 [ERROR] LogOutputStream:75 - [STDERR_REDIRECT] [Fatal Error] :1:1: Premature end of file.
2025-01-29 23:40:11,457 [ERROR] LogOutputStream:75 - [STDERR_REDIRECT] 
2025-01-29 23:40:12,467 [ERROR] LogOutputStream:75 - [STDERR_REDIRECT] [Fatal Error] :1:1: Premature end of file.
2025-01-29 23:40:12,467 [ERROR] LogOutputStream:75 - [STDERR_REDIRECT] 
2025-01-29 23:40:13,459 [ERROR] LogOutputStream:75 - [STDERR_REDIRECT] [Fatal Error] :1:1: Premature end of file.
2025-01-29 23:40:13,459 [ERROR] LogOutputStream:75 - [STDERR_REDIRECT] 
2025-01-29 23:40:14,469 [ERROR] LogOutputStream:75 - [STDERR_REDIRECT] [Fatal Error] :1:1: Premature end of file.
2025-01-29 23:40:14,469 [ERROR] LogOutputStream:75 - [STDERR_REDIRECT] 
2025-01-29 23:40:15,460 [ERROR] LogOutputStream:75 - [STDERR_REDIRECT] [Fatal Error] :1:1: Premature end of file.
2025-01-29 23:40:15,460 [ERROR] LogOutputStream:75 - [STDERR_REDIRECT] 
2025-01-29 23:40:16,469 [ERROR] LogOutputStream:75 - [STDERR_REDIRECT] [Fatal Error] :1:1: Premature end of file.
2025-01-29 23:40:16,469 [ERROR] LogOutputStream:75 - [STDERR_REDIRECT] 
2025-01-29 23:40:17,474 [ERROR] LogOutputStream:75 - [STDERR_REDIRECT] [Fatal Error] :1:1: Premature end of file.
2025-01-29 23:40:17,474 [ERROR] LogOutputStream:75 - [STDERR_REDIRECT] 
2025-01-29 23:40:18,459 [ERROR] LogOutputStream:75 - [STDERR_REDIRECT] [Fatal Error] :1:1: Premature end of file.
2025-01-29 23:40:18,459 [ERROR] LogOutputStream:75 - [STDERR_REDIRECT] 
2025-01-29 23:40:19,469 [ERROR] LogOutputStream:75 - [STDERR_REDIRECT] [Fatal Error] :1:1: Premature end of file.
2025-01-29 23:40:19,469 [ERROR] LogOutputStream:75 - [STDERR_REDIRECT] 
2025-01-29 23:40:20,462 [ERROR] LogOutputStream:75 - [STDERR_REDIRECT] [Fatal Error] :1:1: Premature end of file.
2025-01-29 23:40:20,462 [ERROR] LogOutputStream:75 - [STDERR_REDIRECT] 
2025-01-29 23:40:21,456 [ERROR] LogOutputStream:75 - [STDERR_REDIRECT] [Fatal Error] :1:1: Premature end of file.
2025-01-29 23:40:21,456 [ERROR] LogOutputStream:75 - [STDERR_REDIRECT] 
2025-01-29 23:40:22,457 [ERROR] LogOutputStream:75 - [STDERR_REDIRECT] [Fatal Error] :1:1: Premature end of file.
2025-01-29 23:40:22,457 [ERROR] LogOutputStream:75 - [STDERR_REDIRECT] 
2025-01-29 23:40:23,457 [ERROR] LogOutputStream:75 - [STDERR_REDIRECT] [Fatal Error] :1:1: Premature end of file.
2025-01-29 23:40:23,457 [ERROR] LogOutputStream:75 - [STDERR_REDIRECT] 
2025-01-29 23:40:24,467 [ERROR] LogOutputStream:75 - [STDERR_REDIRECT] [Fatal Error] :1:1: Premature end of file.
2025-01-29 23:40:24,467 [ERROR] LogOutputStream:75 - [STDERR_REDIRECT] 
2025-01-29 23:40:25,477 [ERROR] LogOutputStream:75 - [STDERR_REDIRECT] [Fatal Error] :1:1: Premature end of file.
2025-01-29 23:40:25,477 [ERROR] LogOutputStream:75 - [STDERR_REDIRECT] 
2025-01-29 23:40:26,468 [ERROR] LogOutputStream:75 - [STDERR_REDIRECT] [Fatal Error] :1:1: Premature end of file.
2025-01-29 23:40:26,468 [ERROR] LogOutputStream:75 - [STDERR_REDIRECT] 
2025-01-29 23:40:27,470 [ERROR] LogOutputStream:75 - [STDERR_REDIRECT] [Fatal Error] :1:1: Premature end of file.
2025-01-29 23:40:27,470 [ERROR] LogOutputStream:75 - [STDERR_REDIRECT] 
2025-01-29 23:40:28,461 [ERROR] LogOutputStream:75 - [STDERR_REDIRECT] [Fatal Error] :1:1: Premature end of file.
2025-01-29 23:40:28,461 [ERROR] LogOutputStream:75 - [STDERR_REDIRECT] 
2025-01-29 23:40:29,461 [ERROR] LogOutputStream:75 - [STDERR_REDIRECT] [Fatal Error] :1:1: Premature end of file.
2025-01-29 23:40:29,461 [ERROR] LogOutputStream:75 - [STDERR_REDIRECT] 
2025-01-29 23:40:30,456 [ERROR] LogOutputStream:75 - [STDERR_REDIRECT] [Fatal Error] :1:1: Premature end of file.
2025-01-29 23:40:30,456 [ERROR] LogOutputStream:75 - [STDERR_REDIRECT] 
2025-01-29 23:40:31,471 [ERROR] LogOutputStream:75 - [STDERR_REDIRECT] [Fatal Error] :1:1: Premature end of file.
2025-01-29 23:40:31,471 [ERROR] LogOutputStream:75 - [STDERR_REDIRECT] 
2025-01-29 23:40:32,455 [ERROR] LogOutputStream:75 - [STDERR_REDIRECT] [Fatal Error] :1:1: Premature end of file.
2025-01-29 23:40:32,455 [ERROR] LogOutputStream:75 - [STDERR_REDIRECT] 
2025-01-29 23:40:33,453 [ERROR] LogOutputStream:75 - [STDERR_REDIRECT] [Fatal Error] :1:1: Premature end of file.
2025-01-29 23:40:33,453 [ERROR] LogOutputStream:75 - [STDERR_REDIRECT] 
2025-01-29 23:40:34,452 [ERROR] LogOutputStream:75 - [STDERR_REDIRECT] [Fatal Error] :1:1: Premature end of file.
2025-01-29 23:40:34,452 [ERROR] LogOutputStream:75 - [STDERR_REDIRECT] 
2025-01-29 23:40:35,452 [ERROR] LogOutputStream:75 - [STDERR_REDIRECT] [Fatal Error] :1:1: Premature end of file.
2025-01-29 23:40:35,452 [ERROR] LogOutputStream:75 - [STDERR_REDIRECT] 
2025-01-29 23:40:36,465 [ERROR] LogOutputStream:75 - [STDERR_REDIRECT] [Fatal Error] :1:1: Premature end of file.
2025-01-29 23:40:36,465 [ERROR] LogOutputStream:75 - [STDERR_REDIRECT] 
2025-01-29 23:40:37,457 [ERROR] LogOutputStream:75 - [STDERR_REDIRECT] [Fatal Error] :1:1: Premature end of file.
2025-01-29 23:40:37,458 [ERROR] LogOutputStream:75 - [STDERR_REDIRECT] 
2025-01-29 23:40:38,464 [ERROR] LogOutputStream:75 - [STDERR_REDIRECT] [Fatal Error] :1:1: Premature end of file.
2025-01-29 23:40:38,464 [ERROR] LogOutputStream:75 - [STDERR_REDIRECT] 
2025-01-29 23:40:39,462 [ERROR] LogOutputStream:75 - [STDERR_REDIRECT] [Fatal Error] :1:1: Premature end of file.
2025-01-29 23:40:39,462 [ERROR] LogOutputStream:75 - [STDERR_REDIRECT] 
2025-01-29 23:40:40,450 [ERROR] LogOutputStream:75 - [STDERR_REDIRECT] [Fatal Error] :1:1: Premature end of file.
2025-01-29 23:40:40,450 [ERROR] LogOutputStream:75 - [STDERR_REDIRECT] 
2025-01-29 23:40:41,469 [ERROR] LogOutputStream:75 - [STDERR_REDIRECT] [Fatal Error] :1:1: Premature end of file.
2025-01-29 23:40:41,469 [ERROR] LogOutputStream:75 - [STDERR_REDIRECT] 
2025-01-29 23:40:42,464 [ERROR] LogOutputStream:75 - [STDERR_REDIRECT] [Fatal Error] :1:1: Premature end of file.
2025-01-29 23:40:42,464 [ERROR] LogOutputStream:75 - [STDERR_REDIRECT] 
2025-01-29 23:40:43,468 [ERROR] LogOutputStream:75 - [STDERR_REDIRECT] [Fatal Error] :1:1: Premature end of file.
2025-01-29 23:40:43,468 [ERROR] LogOutputStream:75 - [STDERR_REDIRECT] 
2025-01-29 23:40:44,471 [ERROR] LogOutputStream:75 - [STDERR_REDIRECT] [Fatal Error] :1:1: Premature end of file.
2025-01-29 23:40:44,471 [ERROR] LogOutputStream:75 - [STDERR_REDIRECT] 
2025-01-29 23:40:45,456 [ERROR] LogOutputStream:75 - [STDERR_REDIRECT] [Fatal Error] :1:1: Premature end of file.
2025-01-29 23:40:45,456 [ERROR] LogOutputStream:75 - [STDERR_REDIRECT] 
2025-01-29 23:40:46,456 [ERROR] LogOutputStream:75 - [STDERR_REDIRECT] [Fatal Error] :1:1: Premature end of file.
2025-01-29 23:40:46,456 [ERROR] LogOutputStream:75 - [STDERR_REDIRECT] 
2025-01-29 23:40:47,457 [ERROR] LogOutputStream:75 - [STDERR_REDIRECT] [Fatal Error] :1:1: Premature end of file.
2025-01-29 23:40:47,457 [ERROR] LogOutputStream:75 - [STDERR_REDIRECT] 
2025-01-29 23:40:48,487 [ERROR] LogOutputStream:75 - [STDERR_REDIRECT] [Fatal Error] :1:1: Premature end of file.
2025-01-29 23:40:48,487 [ERROR] LogOutputStream:75 - [STDERR_REDIRECT] 
2025-01-29 23:40:49,454 [ERROR] LogOutputStream:75 - [STDERR_REDIRECT] [Fatal Error] :1:1: Premature end of file.
2025-01-29 23:40:49,454 [ERROR] LogOutputStream:75 - [STDERR_REDIRECT] 
2025-01-29 23:40:50,455 [ERROR] LogOutputStream:75 - [STDERR_REDIRECT] [Fatal Error] :1:1: Premature end of file.
2025-01-29 23:40:50,455 [ERROR] LogOutputStream:75 - [STDERR_REDIRECT] 
2025-01-29 23:40:51,455 [ERROR] LogOutputStream:75 - [STDERR_REDIRECT] [Fatal Error] :1:1: Premature end of file.
2025-01-29 23:40:51,455 [ERROR] LogOutputStream:75 - [STDERR_REDIRECT] 
2025-01-29 23:40:52,455 [ERROR] LogOutputStream:75 - [STDERR_REDIRECT] [Fatal Error] :1:1: Premature end of file.
2025-01-29 23:40:52,455 [ERROR] LogOutputStream:75 - [STDERR_REDIRECT] 
2025-01-29 23:40:53,459 [ERROR] LogOutputStream:75 - [STDERR_REDIRECT] [Fatal Error] :1:1: Premature end of file.
2025-01-29 23:40:53,459 [ERROR] LogOutputStream:75 - [STDERR_REDIRECT] 
2025-01-29 23:40:54,459 [ERROR] LogOutputStream:75 - [STDERR_REDIRECT] [Fatal Error] :1:1: Premature end of file.
2025-01-29 23:40:54,459 [ERROR] LogOutputStream:75 - [STDERR_REDIRECT] 
2025-01-29 23:40:55,457 [ERROR] LogOutputStream:75 - [STDERR_REDIRECT] [Fatal Error] :1:1: Premature end of file.
2025-01-29 23:40:55,457 [ERROR] LogOutputStream:75 - [STDERR_REDIRECT] 
2025-01-29 23:40:56,479 [ERROR] LogOutputStream:75 - [STDERR_REDIRECT] [Fatal Error] :1:1: Premature end of file.
2025-01-29 23:40:56,479 [ERROR] LogOutputStream:75 - [STDERR_REDIRECT] 
2025-01-29 23:40:57,463 [ERROR] LogOutputStream:75 - [STDERR_REDIRECT] [Fatal Error] :1:1: Premature end of file.
2025-01-29 23:40:57,463 [ERROR] LogOutputStream:75 - [STDERR_REDIRECT] 
2025-01-29 23:40:58,455 [ERROR] LogOutputStream:75 - [STDERR_REDIRECT] [Fatal Error] :1:1: Premature end of file.
2025-01-29 23:40:58,455 [ERROR] LogOutputStream:75 - [STDERR_REDIRECT] 
2025-01-29 23:40:59,461 [ERROR] LogOutputStream:75 - [STDERR_REDIRECT] [Fatal Error] :1:1: Premature end of file.
2025-01-29 23:40:59,461 [ERROR] LogOutputStream:75 - [STDERR_REDIRECT] 
2025-01-29 23:41:00,459 [ERROR] LogOutputStream:75 - [STDERR_REDIRECT] [Fatal Error] :1:1: Premature end of file.
2025-01-29 23:41:00,459 [ERROR] LogOutputStream:75 - [STDERR_REDIRECT] 
2025-01-29 23:41:01,461 [ERROR] LogOutputStream:75 - [STDERR_REDIRECT] [Fatal Error] :1:1: Premature end of file.
2025-01-29 23:41:01,463 [ERROR] LogOutputStream:75 - [STDERR_REDIRECT] 
2025-01-29 23:41:02,457 [ERROR] LogOutputStream:75 - [STDERR_REDIRECT] [Fatal Error] :1:1: Premature end of file.
2025-01-29 23:41:02,457 [ERROR] LogOutputStream:75 - [STDERR_REDIRECT] 
2025-01-29 23:41:03,457 [ERROR] LogOutputStream:75 - [STDERR_REDIRECT] [Fatal Error] :1:1: Premature end of file.
2025-01-29 23:41:03,457 [ERROR] LogOutputStream:75 - [STDERR_REDIRECT] 
2025-01-29 23:41:04,454 [ERROR] LogOutputStream:75 - [STDERR_REDIRECT] [Fatal Error] :1:1: Premature end of file.
2025-01-29 23:41:04,456 [ERROR] LogOutputStream:75 - [STDERR_REDIRECT] 
2025-01-29 23:41:05,479 [ERROR] LogOutputStream:75 - [STDERR_REDIRECT] [Fatal Error] :1:1: Premature end of file.
2025-01-29 23:41:05,479 [ERROR] LogOutputStream:75 - [STDERR_REDIRECT] 
2025-01-29 23:41:06,454 [ERROR] LogOutputStream:75 - [STDERR_REDIRECT] [Fatal Error] :1:1: Premature end of file.
2025-01-29 23:41:06,454 [ERROR] LogOutputStream:75 - [STDERR_REDIRECT] 
2025-01-29 23:41:07,461 [ERROR] LogOutputStream:75 - [STDERR_REDIRECT] [Fatal Error] :1:1: Premature end of file.
2025-01-29 23:41:07,461 [ERROR] LogOutputStream:75 - [STDERR_REDIRECT] 
2025-01-29 23:41:08,457 [ERROR] LogOutputStream:75 - [STDERR_REDIRECT] [Fatal Error] :1:1: Premature end of file.
2025-01-29 23:41:08,457 [ERROR] LogOutputStream:75 - [STDERR_REDIRECT] 
2025-01-29 23:41:09,458 [ERROR] LogOutputStream:75 - [STDERR_REDIRECT] [Fatal Error] :1:1: Premature end of file.
2025-01-29 23:41:09,458 [ERROR] LogOutputStream:75 - [STDERR_REDIRECT] 
2025-01-29 23:41:10,471 [ERROR] LogOutputStream:75 - [STDERR_REDIRECT] [Fatal Error] :1:1: Premature end of file.
2025-01-29 23:41:10,471 [ERROR] LogOutputStream:75 - [STDERR_REDIRECT] 
2025-01-29 23:41:11,458 [ERROR] LogOutputStream:75 - [STDERR_REDIRECT] [Fatal Error] :1:1: Premature end of file.
2025-01-29 23:41:11,458 [ERROR] LogOutputStream:75 - [STDERR_REDIRECT] 
2025-01-29 23:41:12,459 [ERROR] LogOutputStream:75 - [STDERR_REDIRECT] [Fatal Error] :1:1: Premature end of file.
2025-01-29 23:41:12,460 [ERROR] LogOutputStream:75 - [STDERR_REDIRECT] 
2025-01-29 23:41:13,453 [ERROR] LogOutputStream:75 - [STDERR_REDIRECT] [Fatal Error] :1:1: Premature end of file.
2025-01-29 23:41:13,453 [ERROR] LogOutputStream:75 - [STDERR_REDIRECT] 
2025-01-29 23:41:14,459 [ERROR] LogOutputStream:75 - [STDERR_REDIRECT] [Fatal Error] :1:1: Premature end of file.
2025-01-29 23:41:14,459 [ERROR] LogOutputStream:75 - [STDERR_REDIRECT] 
2025-01-29 23:41:15,457 [ERROR] LogOutputStream:75 - [STDERR_REDIRECT] [Fatal Error] :1:1: Premature end of file.
2025-01-29 23:41:15,457 [ERROR] LogOutputStream:75 - [STDERR_REDIRECT] 
2025-01-29 23:41:16,458 [ERROR] LogOutputStream:75 - [STDERR_REDIRECT] [Fatal Error] :1:1: Premature end of file.
2025-01-29 23:41:16,458 [ERROR] LogOutputStream:75 - [STDERR_REDIRECT] 
2025-01-29 23:41:17,460 [ERROR] LogOutputStream:75 - [STDERR_REDIRECT] [Fatal Error] :1:1: Premature end of file.
2025-01-29 23:41:17,460 [ERROR] LogOutputStream:75 - [STDERR_REDIRECT] 
2025-01-29 23:41:18,457 [ERROR] LogOutputStream:75 - [STDERR_REDIRECT] [Fatal Error] :1:1: Premature end of file.
2025-01-29 23:41:18,457 [ERROR] LogOutputStream:75 - [STDERR_REDIRECT] 
2025-01-29 23:41:19,452 [ERROR] LogOutputStream:75 - [STDERR_REDIRECT] [Fatal Error] :1:1: Premature end of file.
2025-01-29 23:41:19,452 [ERROR] LogOutputStream:75 - [STDERR_REDIRECT] 
2025-01-29 23:41:20,454 [ERROR] LogOutputStream:75 - [STDERR_REDIRECT] [Fatal Error] :1:1: Premature end of file.
2025-01-29 23:41:20,454 [ERROR] LogOutputStream:75 - [STDERR_REDIRECT] 
2025-01-29 23:41:21,454 [ERROR] LogOutputStream:75 - [STDERR_REDIRECT] [Fatal Error] :1:1: Premature end of file.
2025-01-29 23:41:21,454 [ERROR] LogOutputStream:75 - [STDERR_REDIRECT] 
2025-01-29 23:41:22,460 [ERROR] LogOutputStream:75 - [STDERR_REDIRECT] [Fatal Error] :1:1: Premature end of file.
2025-01-29 23:41:22,460 [ERROR] LogOutputStream:75 - [STDERR_REDIRECT] 
2025-01-29 23:41:23,452 [ERROR] LogOutputStream:75 - [STDERR_REDIRECT] [Fatal Error] :1:1: Premature end of file.
2025-01-29 23:41:23,452 [ERROR] LogOutputStream:75 - [STDERR_REDIRECT] 
2025-01-29 23:41:24,465 [ERROR] LogOutputStream:75 - [STDERR_REDIRECT] [Fatal Error] :1:1: Premature end of file.
2025-01-29 23:41:24,465 [ERROR] LogOutputStream:75 - [STDERR_REDIRECT] 
2025-01-29 23:41:25,452 [ERROR] LogOutputStream:75 - [STDERR_REDIRECT] [Fatal Error] :1:1: Premature end of file.
2025-01-29 23:41:25,452 [ERROR] LogOutputStream:75 - [STDERR_REDIRECT] 
2025-01-29 23:41:26,456 [ERROR] LogOutputStream:75 - [STDERR_REDIRECT] [Fatal Error] :1:1: Premature end of file.
2025-01-29 23:41:26,456 [ERROR] LogOutputStream:75 - [STDERR_REDIRECT] 
2025-01-29 23:41:27,465 [ERROR] LogOutputStream:75 - [STDERR_REDIRECT] [Fatal Error] :1:1: Premature end of file.
2025-01-29 23:41:27,465 [ERROR] LogOutputStream:75 - [STDERR_REDIRECT] 
2025-01-29 23:41:28,456 [ERROR] LogOutputStream:75 - [STDERR_REDIRECT] [Fatal Error] :1:1: Premature end of file.
2025-01-29 23:41:28,456 [ERROR] LogOutputStream:75 - [STDERR_REDIRECT] 
2025-01-29 23:41:29,453 [ERROR] LogOutputStream:75 - [STDERR_REDIRECT] [Fatal Error] :1:1: Premature end of file.
2025-01-29 23:41:29,453 [ERROR] LogOutputStream:75 - [STDERR_REDIRECT] 
2025-01-29 23:41:30,456 [ERROR] LogOutputStream:75 - [STDERR_REDIRECT] [Fatal Error] :1:1: Premature end of file.
2025-01-29 23:41:30,456 [ERROR] LogOutputStream:75 - [STDERR_REDIRECT] 
2025-01-29 23:41:31,460 [ERROR] LogOutputStream:75 - [STDERR_REDIRECT] [Fatal Error] :1:1: Premature end of file.
2025-01-29 23:41:31,460 [ERROR] LogOutputStream:75 - [STDERR_REDIRECT] 
2025-01-29 23:41:32,451 [ERROR] LogOutputStream:75 - [STDERR_REDIRECT] [Fatal Error] :1:1: Premature end of file.
2025-01-29 23:41:32,451 [ERROR] LogOutputStream:75 - [STDERR_REDIRECT] 
2025-01-29 23:41:33,456 [ERROR] LogOutputStream:75 - [STDERR_REDIRECT] [Fatal Error] :1:1: Premature end of file.
2025-01-29 23:41:33,456 [ERROR] LogOutputStream:75 - [STDERR_REDIRECT] 
2025-01-29 23:41:34,451 [ERROR] LogOutputStream:75 - [STDERR_REDIRECT] [Fatal Error] :1:1: Premature end of file.
2025-01-29 23:41:34,452 [ERROR] LogOutputStream:75 - [STDERR_REDIRECT] 
2025-01-29 23:41:35,454 [ERROR] LogOutputStream:75 - [STDERR_REDIRECT] [Fatal Error] :1:1: Premature end of file.
2025-01-29 23:41:35,455 [ERROR] LogOutputStream:75 - [STDERR_REDIRECT] 
2025-01-29 23:41:36,458 [ERROR] LogOutputStream:75 - [STDERR_REDIRECT] [Fatal Error] :1:1: Premature end of file.
2025-01-29 23:41:36,458 [ERROR] LogOutputStream:75 - [STDERR_REDIRECT] 
2025-01-29 23:41:37,450 [ERROR] LogOutputStream:75 - [STDERR_REDIRECT] [Fatal Error] :1:1: Premature end of file.
2025-01-29 23:41:37,450 [ERROR] LogOutputStream:75 - [STDERR_REDIRECT] 
2025-01-29 23:41:38,457 [ERROR] LogOutputStream:75 - [STDERR_REDIRECT] [Fatal Error] :1:1: Premature end of file.
2025-01-29 23:41:38,457 [ERROR] LogOutputStream:75 - [STDERR_REDIRECT] 
2025-01-29 23:41:39,449 [ERROR] LogOutputStream:75 - [STDERR_REDIRECT] [Fatal Error] :1:1: Premature end of file.
2025-01-29 23:41:39,449 [ERROR] LogOutputStream:75 - [STDERR_REDIRECT] 
2025-01-29 23:41:40,450 [ERROR] LogOutputStream:75 - [STDERR_REDIRECT] [Fatal Error] :1:1: Premature end of file.
2025-01-29 23:41:40,450 [ERROR] LogOutputStream:75 - [STDERR_REDIRECT] 
2025-01-29 23:41:41,452 [ERROR] LogOutputStream:75 - [STDERR_REDIRECT] [Fatal Error] :1:1: Premature end of file.
2025-01-29 23:41:41,452 [ERROR] LogOutputStream:75 - [STDERR_REDIRECT] 
2025-01-29 23:41:42,457 [ERROR] LogOutputStream:75 - [STDERR_REDIRECT] [Fatal Error] :1:1: Premature end of file.
2025-01-29 23:41:42,457 [ERROR] LogOutputStream:75 - [STDERR_REDIRECT] 
2025-01-29 23:41:43,447 [ERROR] LogOutputStream:75 - [STDERR_REDIRECT] [Fatal Error] :1:1: Premature end of file.
2025-01-29 23:41:43,447 [ERROR] LogOutputStream:75 - [STDERR_REDIRECT] 
2025-01-29 23:41:44,456 [ERROR] LogOutputStream:75 - [STDERR_REDIRECT] [Fatal Error] :1:1: Premature end of file.
2025-01-29 23:41:44,457 [ERROR] LogOutputStream:75 - [STDERR_REDIRECT] 
2025-01-29 23:41:45,453 [ERROR] LogOutputStream:75 - [STDERR_REDIRECT] [Fatal Error] :1:1: Premature end of file.
2025-01-29 23:41:45,453 [ERROR] LogOutputStream:75 - [STDERR_REDIRECT] 
2025-01-29 23:41:46,454 [ERROR] LogOutputStream:75 - [STDERR_REDIRECT] [Fatal Error] :1:1: Premature end of file.
2025-01-29 23:41:46,454 [ERROR] LogOutputStream:75 - [STDERR_REDIRECT] 
2025-01-29 23:41:47,457 [ERROR] LogOutputStream:75 - [STDERR_REDIRECT] [Fatal Error] :1:1: Premature end of file.
2025-01-29 23:41:47,457 [ERROR] LogOutputStream:75 - [STDERR_REDIRECT] 
2025-01-29 23:41:48,456 [ERROR] LogOutputStream:75 - [STDERR_REDIRECT] [Fatal Error] :1:1: Premature end of file.
2025-01-29 23:41:48,457 [ERROR] LogOutputStream:75 - [STDERR_REDIRECT] 
2025-01-29 23:41:49,450 [ERROR] LogOutputStream:75 - [STDERR_REDIRECT] [Fatal Error] :1:1: Premature end of file.
2025-01-29 23:41:49,450 [ERROR] LogOutputStream:75 - [STDERR_REDIRECT] 
2025-01-29 23:41:50,452 [ERROR] LogOutputStream:75 - [STDERR_REDIRECT] [Fatal Error] :1:1: Premature end of file.
2025-01-29 23:41:50,452 [ERROR] LogOutputStream:75 - [STDERR_REDIRECT] 
2025-01-29 23:41:51,455 [ERROR] LogOutputStream:75 - [STDERR_REDIRECT] [Fatal Error] :1:1: Premature end of file.
2025-01-29 23:41:51,455 [ERROR] LogOutputStream:75 - [STDERR_REDIRECT] 
2025-01-29 23:41:52,453 [ERROR] LogOutputStream:75 - [STDERR_REDIRECT] [Fatal Error] :1:1: Premature end of file.
2025-01-29 23:41:52,453 [ERROR] LogOutputStream:75 - [STDERR_REDIRECT] 
2025-01-29 23:41:53,457 [ERROR] LogOutputStream:75 - [STDERR_REDIRECT] [Fatal Error] :1:1: Premature end of file.
2025-01-29 23:41:53,457 [ERROR] LogOutputStream:75 - [STDERR_REDIRECT] 
2025-01-29 23:41:54,452 [ERROR] LogOutputStream:75 - [STDERR_REDIRECT] [Fatal Error] :1:1: Premature end of file.
2025-01-29 23:41:54,452 [ERROR] LogOutputStream:75 - [STDERR_REDIRECT] 
2025-01-29 23:41:55,452 [ERROR] LogOutputStream:75 - [STDERR_REDIRECT] [Fatal Error] :1:1: Premature end of file.
2025-01-29 23:41:55,454 [ERROR] LogOutputStream:75 - [STDERR_REDIRECT] 
2025-01-29 23:41:56,457 [ERROR] LogOutputStream:75 - [STDERR_REDIRECT] [Fatal Error] :1:1: Premature end of file.
2025-01-29 23:41:56,457 [ERROR] LogOutputStream:75 - [STDERR_REDIRECT] 
2025-01-29 23:41:57,462 [ERROR] LogOutputStream:75 - [STDERR_REDIRECT] [Fatal Error] :1:1: Premature end of file.
2025-01-29 23:41:57,462 [ERROR] LogOutputStream:75 - [STDERR_REDIRECT] 
2025-01-29 23:41:58,456 [ERROR] LogOutputStream:75 - [STDERR_REDIRECT] [Fatal Error] :1:1: Premature end of file.
2025-01-29 23:41:58,456 [ERROR] LogOutputStream:75 - [STDERR_REDIRECT] 
2025-01-29 23:41:59,450 [ERROR] LogOutputStream:75 - [STDERR_REDIRECT] [Fatal Error] :1:1: Premature end of file.
2025-01-29 23:41:59,450 [ERROR] LogOutputStream:75 - [STDERR_REDIRECT] 
2025-01-29 23:42:00,457 [ERROR] LogOutputStream:75 - [STDERR_REDIRECT] [Fatal Error] :1:1: Premature end of file.
2025-01-29 23:42:00,457 [ERROR] LogOutputStream:75 - [STDERR_REDIRECT] 
2025-01-29 23:42:01,448 [ERROR] LogOutputStream:75 - [STDERR_REDIRECT] [Fatal Error] :1:1: Premature end of file.
2025-01-29 23:42:01,448 [ERROR] LogOutputStream:75 - [STDERR_REDIRECT] 
2025-01-29 23:42:02,454 [ERROR] LogOutputStream:75 - [STDERR_REDIRECT] [Fatal Error] :1:1: Premature end of file.
2025-01-29 23:42:02,454 [ERROR] LogOutputStream:75 - [STDERR_REDIRECT] 
2025-01-29 23:42:03,452 [ERROR] LogOutputStream:75 - [STDERR_REDIRECT] [Fatal Error] :1:1: Premature end of file.
2025-01-29 23:42:03,452 [ERROR] LogOutputStream:75 - [STDERR_REDIRECT] 
2025-01-29 23:42:04,455 [ERROR] LogOutputStream:75 - [STDERR_REDIRECT] [Fatal Error] :1:1: Premature end of file.
2025-01-29 23:42:04,455 [ERROR] LogOutputStream:75 - [STDERR_REDIRECT] 
2025-01-29 23:42:05,453 [ERROR] LogOutputStream:75 - [STDERR_REDIRECT] [Fatal Error] :1:1: Premature end of file.
2025-01-29 23:42:05,453 [ERROR] LogOutputStream:75 - [STDERR_REDIRECT] 
2025-01-29 23:42:06,461 [ERROR] LogOutputStream:75 - [STDERR_REDIRECT] [Fatal Error] :1:1: Premature end of file.
2025-01-29 23:42:06,461 [ERROR] LogOutputStream:75 - [STDERR_REDIRECT] 
2025-01-29 23:42:07,480 [ERROR] LogOutputStream:75 - [STDERR_REDIRECT] [Fatal Error] :1:1: Premature end of file.
2025-01-29 23:42:07,480 [ERROR] LogOutputStream:75 - [STDERR_REDIRECT] 
2025-01-29 23:42:08,453 [ERROR] LogOutputStream:75 - [STDERR_REDIRECT] [Fatal Error] :1:1: Premature end of file.
2025-01-29 23:42:08,453 [ERROR] LogOutputStream:75 - [STDERR_REDIRECT] 
2025-01-29 23:42:09,452 [ERROR] LogOutputStream:75 - [STDERR_REDIRECT] [Fatal Error] :1:1: Premature end of file.
2025-01-29 23:42:09,452 [ERROR] LogOutputStream:75 - [STDERR_REDIRECT] 
2025-01-29 23:42:10,453 [ERROR] LogOutputStream:75 - [STDERR_REDIRECT] [Fatal Error] :1:1: Premature end of file.
2025-01-29 23:42:10,453 [ERROR] LogOutputStream:75 - [STDERR_REDIRECT] 
2025-01-29 23:42:11,455 [ERROR] LogOutputStream:75 - [STDERR_REDIRECT] [Fatal Error] :1:1: Premature end of file.
2025-01-29 23:42:11,455 [ERROR] LogOutputStream:75 - [STDERR_REDIRECT] 
2025-01-29 23:42:12,457 [ERROR] LogOutputStream:75 - [STDERR_REDIRECT] [Fatal Error] :1:1: Premature end of file.
2025-01-29 23:42:12,457 [ERROR] LogOutputStream:75 - [STDERR_REDIRECT] 
2025-01-29 23:42:13,453 [ERROR] LogOutputStream:75 - [STDERR_REDIRECT] [Fatal Error] :1:1: Premature end of file.
2025-01-29 23:42:13,453 [ERROR] LogOutputStream:75 - [STDERR_REDIRECT] 
2025-01-29 23:42:14,453 [ERROR] LogOutputStream:75 - [STDERR_REDIRECT] [Fatal Error] :1:1: Premature end of file.
2025-01-29 23:42:14,453 [ERROR] LogOutputStream:75 - [STDERR_REDIRECT] 
2025-01-29 23:42:15,453 [ERROR] LogOutputStream:75 - [STDERR_REDIRECT] [Fatal Error] :1:1: Premature end of file.
2025-01-29 23:42:15,453 [ERROR] LogOutputStream:75 - [STDERR_REDIRECT] 
2025-01-29 23:42:16,457 [ERROR] LogOutputStream:75 - [STDERR_REDIRECT] [Fatal Error] :1:1: Premature end of file.
2025-01-29 23:42:16,457 [ERROR] LogOutputStream:75 - [STDERR_REDIRECT] 
2025-01-29 23:42:17,455 [ERROR] LogOutputStream:75 - [STDERR_REDIRECT] [Fatal Error] :1:1: Premature end of file.
2025-01-29 23:42:17,455 [ERROR] LogOutputStream:75 - [STDERR_REDIRECT] 
2025-01-29 23:42:18,453 [ERROR] LogOutputStream:75 - [STDERR_REDIRECT] [Fatal Error] :1:1: Premature end of file.
2025-01-29 23:42:18,453 [ERROR] LogOutputStream:75 - [STDERR_REDIRECT] 
2025-01-29 23:42:19,449 [ERROR] LogOutputStream:75 - [STDERR_REDIRECT] [Fatal Error] :1:1: Premature end of file.
2025-01-29 23:42:19,449 [ERROR] LogOutputStream:75 - [STDERR_REDIRECT] 
2025-01-29 23:42:20,450 [ERROR] LogOutputStream:75 - [STDERR_REDIRECT] [Fatal Error] :1:1: Premature end of file.
2025-01-29 23:42:20,450 [ERROR] LogOutputStream:75 - [STDERR_REDIRECT] 
2025-01-29 23:42:21,450 [ERROR] LogOutputStream:75 - [STDERR_REDIRECT] [Fatal Error] :1:1: Premature end of file.
2025-01-29 23:42:21,450 [ERROR] LogOutputStream:75 - [STDERR_REDIRECT] 
2025-01-29 23:42:22,479 [ERROR] LogOutputStream:75 - [STDERR_REDIRECT] [Fatal Error] :1:1: Premature end of file.
2025-01-29 23:42:22,479 [ERROR] LogOutputStream:75 - [STDERR_REDIRECT] 
2025-01-29 23:42:23,457 [ERROR] LogOutputStream:75 - [STDERR_REDIRECT] [Fatal Error] :1:1: Premature end of file.
2025-01-29 23:42:23,457 [ERROR] LogOutputStream:75 - [STDERR_REDIRECT] 
2025-01-29 23:42:24,447 [ERROR] LogOutputStream:75 - [STDERR_REDIRECT] [Fatal Error] :1:1: Premature end of file.
2025-01-29 23:42:24,447 [ERROR] LogOutputStream:75 - [STDERR_REDIRECT] 
2025-01-29 23:42:25,457 [ERROR] LogOutputStream:75 - [STDERR_REDIRECT] [Fatal Error] :1:1: Premature end of file.
2025-01-29 23:42:25,457 [ERROR] LogOutputStream:75 - [STDERR_REDIRECT] 
2025-01-29 23:42:26,468 [ERROR] LogOutputStream:75 - [STDERR_REDIRECT] [Fatal Error] :1:1: Premature end of file.
2025-01-29 23:42:26,468 [ERROR] LogOutputStream:75 - [STDERR_REDIRECT] 
2025-01-29 23:42:27,450 [ERROR] LogOutputStream:75 - [STDERR_REDIRECT] [Fatal Error] :1:1: Premature end of file.
2025-01-29 23:42:27,450 [ERROR] LogOutputStream:75 - [STDERR_REDIRECT] 
2025-01-29 23:42:28,448 [ERROR] LogOutputStream:75 - [STDERR_REDIRECT] [Fatal Error] :1:1: Premature end of file.
2025-01-29 23:42:28,450 [ERROR] LogOutputStream:75 - [STDERR_REDIRECT] 
2025-01-29 23:42:29,449 [ERROR] LogOutputStream:75 - [STDERR_REDIRECT] [Fatal Error] :1:1: Premature end of file.
2025-01-29 23:42:29,449 [ERROR] LogOutputStream:75 - [STDERR_REDIRECT] 
2025-01-29 23:42:30,462 [ERROR] LogOutputStream:75 - [STDERR_REDIRECT] [Fatal Error] :1:1: Premature end of file.
2025-01-29 23:42:30,462 [ERROR] LogOutputStream:75 - [STDERR_REDIRECT] 
2025-01-29 23:42:31,460 [ERROR] LogOutputStream:75 - [STDERR_REDIRECT] [Fatal Error] :1:1: Premature end of file.
2025-01-29 23:42:31,462 [ERROR] LogOutputStream:75 - [STDERR_REDIRECT] 
2025-01-29 23:42:32,450 [ERROR] LogOutputStream:75 - [STDERR_REDIRECT] [Fatal Error] :1:1: Premature end of file.
2025-01-29 23:42:32,450 [ERROR] LogOutputStream:75 - [STDERR_REDIRECT] 
2025-01-29 23:42:33,449 [ERROR] LogOutputStream:75 - [STDERR_REDIRECT] [Fatal Error] :1:1: Premature end of file.
2025-01-29 23:42:33,449 [ERROR] LogOutputStream:75 - [STDERR_REDIRECT] 
2025-01-29 23:42:34,451 [ERROR] LogOutputStream:75 - [STDERR_REDIRECT] [Fatal Error] :1:1: Premature end of file.
2025-01-29 23:42:34,451 [ERROR] LogOutputStream:75 - [STDERR_REDIRECT] 
2025-01-29 23:42:35,452 [ERROR] LogOutputStream:75 - [STDERR_REDIRECT] [Fatal Error] :1:1: Premature end of file.
2025-01-29 23:42:35,452 [ERROR] LogOutputStream:75 - [STDERR_REDIRECT] 
2025-01-29 23:42:36,452 [ERROR] LogOutputStream:75 - [STDERR_REDIRECT] [Fatal Error] :1:1: Premature end of file.
2025-01-29 23:42:36,452 [ERROR] LogOutputStream:75 - [STDERR_REDIRECT] 
2025-01-29 23:42:37,458 [ERROR] LogOutputStream:75 - [STDERR_REDIRECT] [Fatal Error] :1:1: Premature end of file.
2025-01-29 23:42:37,458 [ERROR] LogOutputStream:75 - [STDERR_REDIRECT] 
2025-01-29 23:42:38,454 [ERROR] LogOutputStream:75 - [STDERR_REDIRECT] [Fatal Error] :1:1: Premature end of file.
2025-01-29 23:42:38,454 [ERROR] LogOutputStream:75 - [STDERR_REDIRECT] 
2025-01-29 23:42:39,459 [ERROR] LogOutputStream:75 - [STDERR_REDIRECT] [Fatal Error] :1:1: Premature end of file.
2025-01-29 23:42:39,459 [ERROR] LogOutputStream:75 - [STDERR_REDIRECT] 
2025-01-29 23:42:40,456 [ERROR] LogOutputStream:75 - [STDERR_REDIRECT] [Fatal Error] :1:1: Premature end of file.
2025-01-29 23:42:40,456 [ERROR] LogOutputStream:75 - [STDERR_REDIRECT] 
2025-01-29 23:42:41,457 [ERROR] LogOutputStream:75 - [STDERR_REDIRECT] [Fatal Error] :1:1: Premature end of file.
2025-01-29 23:42:41,457 [ERROR] LogOutputStream:75 - [STDERR_REDIRECT] 
2025-01-29 23:42:42,455 [ERROR] LogOutputStream:75 - [STDERR_REDIRECT] [Fatal Error] :1:1: Premature end of file.
2025-01-29 23:42:42,455 [ERROR] LogOutputStream:75 - [STDERR_REDIRECT] 
2025-01-29 23:42:43,452 [ERROR] LogOutputStream:75 - [STDERR_REDIRECT] [Fatal Error] :1:1: Premature end of file.
2025-01-29 23:42:43,452 [ERROR] LogOutputStream:75 - [STDERR_REDIRECT] 
2025-01-29 23:42:44,451 [ERROR] LogOutputStream:75 - [STDERR_REDIRECT] [Fatal Error] :1:1: Premature end of file.
2025-01-29 23:42:44,451 [ERROR] LogOutputStream:75 - [STDERR_REDIRECT] 
2025-01-29 23:42:45,460 [ERROR] LogOutputStream:75 - [STDERR_REDIRECT] [Fatal Error] :1:1: Premature end of file.
2025-01-29 23:42:45,460 [ERROR] LogOutputStream:75 - [STDERR_REDIRECT] 
2025-01-29 23:42:46,455 [ERROR] LogOutputStream:75 - [STDERR_REDIRECT] [Fatal Error] :1:1: Premature end of file.
2025-01-29 23:42:46,455 [ERROR] LogOutputStream:75 - [STDERR_REDIRECT] 
2025-01-29 23:42:47,455 [ERROR] LogOutputStream:75 - [STDERR_REDIRECT] [Fatal Error] :1:1: Premature end of file.
2025-01-29 23:42:47,455 [ERROR] LogOutputStream:75 - [STDERR_REDIRECT] 
2025-01-29 23:42:48,453 [ERROR] LogOutputStream:75 - [STDERR_REDIRECT] [Fatal Error] :1:1: Premature end of file.
2025-01-29 23:42:48,453 [ERROR] LogOutputStream:75 - [STDERR_REDIRECT] 
2025-01-29 23:42:49,456 [ERROR] LogOutputStream:75 - [STDERR_REDIRECT] [Fatal Error] :1:1: Premature end of file.
2025-01-29 23:42:49,456 [ERROR] LogOutputStream:75 - [STDERR_REDIRECT] 
2025-01-29 23:42:50,462 [ERROR] LogOutputStream:75 - [STDERR_REDIRECT] [Fatal Error] :1:1: Premature end of file.
2025-01-29 23:42:50,462 [ERROR] LogOutputStream:75 - [STDERR_REDIRECT] 
2025-01-29 23:42:51,459 [ERROR] LogOutputStream:75 - [STDERR_REDIRECT] [Fatal Error] :1:1: Premature end of file.
2025-01-29 23:42:51,459 [ERROR] LogOutputStream:75 - [STDERR_REDIRECT] 
2025-01-29 23:42:52,459 [ERROR] LogOutputStream:75 - [STDERR_REDIRECT] [Fatal Error] :1:1: Premature end of file.
2025-01-29 23:42:52,459 [ERROR] LogOutputStream:75 - [STDERR_REDIRECT] 
2025-01-29 23:42:53,448 [ERROR] LogOutputStream:75 - [STDERR_REDIRECT] [Fatal Error] :1:1: Premature end of file.
2025-01-29 23:42:53,448 [ERROR] LogOutputStream:75 - [STDERR_REDIRECT] 
2025-01-29 23:42:54,461 [ERROR] LogOutputStream:75 - [STDERR_REDIRECT] [Fatal Error] :1:1: Premature end of file.
2025-01-29 23:42:54,461 [ERROR] LogOutputStream:75 - [STDERR_REDIRECT] 
2025-01-29 23:42:55,449 [ERROR] LogOutputStream:75 - [STDERR_REDIRECT] [Fatal Error] :1:1: Premature end of file.
2025-01-29 23:42:55,449 [ERROR] LogOutputStream:75 - [STDERR_REDIRECT] 
2025-01-29 23:42:56,454 [ERROR] LogOutputStream:75 - [STDERR_REDIRECT] [Fatal Error] :1:1: Premature end of file.
2025-01-29 23:42:56,454 [ERROR] LogOutputStream:75 - [STDERR_REDIRECT] 
2025-01-29 23:42:57,456 [ERROR] LogOutputStream:75 - [STDERR_REDIRECT] [Fatal Error] :1:1: Premature end of file.
2025-01-29 23:42:57,456 [ERROR] LogOutputStream:75 - [STDERR_REDIRECT] 
2025-01-29 23:42:58,452 [ERROR] LogOutputStream:75 - [STDERR_REDIRECT] [Fatal Error] :1:1: Premature end of file.
2025-01-29 23:42:58,452 [ERROR] LogOutputStream:75 - [STDERR_REDIRECT] 
2025-01-29 23:42:59,457 [ERROR] LogOutputStream:75 - [STDERR_REDIRECT] [Fatal Error] :1:1: Premature end of file.
2025-01-29 23:42:59,457 [ERROR] LogOutputStream:75 - [STDERR_REDIRECT] 
2025-01-29 23:43:00,453 [ERROR] LogOutputStream:75 - [STDERR_REDIRECT] [Fatal Error] :1:1: Premature end of file.
2025-01-29 23:43:00,453 [ERROR] LogOutputStream:75 - [STDERR_REDIRECT] 
2025-01-29 23:43:01,453 [ERROR] LogOutputStream:75 - [STDERR_REDIRECT] [Fatal Error] :1:1: Premature end of file.
2025-01-29 23:43:01,453 [ERROR] LogOutputStream:75 - [STDERR_REDIRECT] 
2025-01-29 23:43:02,451 [ERROR] LogOutputStream:75 - [STDERR_REDIRECT] [Fatal Error] :1:1: Premature end of file.
2025-01-29 23:43:02,451 [ERROR] LogOutputStream:75 - [STDERR_REDIRECT] 
2025-01-29 23:43:03,453 [ERROR] LogOutputStream:75 - [STDERR_REDIRECT] [Fatal Error] :1:1: Premature end of file.
2025-01-29 23:43:03,453 [ERROR] LogOutputStream:75 - [STDERR_REDIRECT] 
2025-01-29 23:43:04,460 [ERROR] LogOutputStream:75 - [STDERR_REDIRECT] [Fatal Error] :1:1: Premature end of file.
2025-01-29 23:43:04,461 [ERROR] LogOutputStream:75 - [STDERR_REDIRECT] 
2025-01-29 23:43:05,447 [ERROR] LogOutputStream:75 - [STDERR_REDIRECT] [Fatal Error] :1:1: Premature end of file.
2025-01-29 23:43:05,447 [ERROR] LogOutputStream:75 - [STDERR_REDIRECT] 
2025-01-29 23:43:06,460 [ERROR] LogOutputStream:75 - [STDERR_REDIRECT] [Fatal Error] :1:1: Premature end of file.
2025-01-29 23:43:06,460 [ERROR] LogOutputStream:75 - [STDERR_REDIRECT] 
2025-01-29 23:43:07,460 [ERROR] LogOutputStream:75 - [STDERR_REDIRECT] [Fatal Error] :1:1: Premature end of file.
2025-01-29 23:43:07,460 [ERROR] LogOutputStream:75 - [STDERR_REDIRECT] 
2025-01-29 23:43:08,448 [ERROR] LogOutputStream:75 - [STDERR_REDIRECT] [Fatal Error] :1:1: Premature end of file.
2025-01-29 23:43:08,450 [ERROR] LogOutputStream:75 - [STDERR_REDIRECT] 
2025-01-29 23:43:09,449 [ERROR] LogOutputStream:75 - [STDERR_REDIRECT] [Fatal Error] :1:1: Premature end of file.
2025-01-29 23:43:09,449 [ERROR] LogOutputStream:75 - [STDERR_REDIRECT] 
2025-01-29 23:43:10,454 [ERROR] LogOutputStream:75 - [STDERR_REDIRECT] [Fatal Error] :1:1: Premature end of file.
2025-01-29 23:43:10,454 [ERROR] LogOutputStream:75 - [STDERR_REDIRECT] 
2025-01-29 23:43:11,453 [ERROR] LogOutputStream:75 - [STDERR_REDIRECT] [Fatal Error] :1:1: Premature end of file.
2025-01-29 23:43:11,453 [ERROR] LogOutputStream:75 - [STDERR_REDIRECT] 
2025-01-29 23:43:12,453 [ERROR] LogOutputStream:75 - [STDERR_REDIRECT] [Fatal Error] :1:1: Premature end of file.
2025-01-29 23:43:12,453 [ERROR] LogOutputStream:75 - [STDERR_REDIRECT] 
2025-01-29 23:43:13,454 [ERROR] LogOutputStream:75 - [STDERR_REDIRECT] [Fatal Error] :1:1: Premature end of file.
2025-01-29 23:43:13,455 [ERROR] LogOutputStream:75 - [STDERR_REDIRECT] 
2025-01-29 23:43:14,450 [ERROR] LogOutputStream:75 - [STDERR_REDIRECT] [Fatal Error] :1:1: Premature end of file.
2025-01-29 23:43:14,450 [ERROR] LogOutputStream:75 - [STDERR_REDIRECT] 
2025-01-29 23:43:15,449 [ERROR] LogOutputStream:75 - [STDERR_REDIRECT] [Fatal Error] :1:1: Premature end of file.
2025-01-29 23:43:15,449 [ERROR] LogOutputStream:75 - [STDERR_REDIRECT] 
2025-01-29 23:43:16,450 [ERROR] LogOutputStream:75 - [STDERR_REDIRECT] [Fatal Error] :1:1: Premature end of file.
2025-01-29 23:43:16,450 [ERROR] LogOutputStream:75 - [STDERR_REDIRECT] 
2025-01-29 23:43:17,455 [ERROR] LogOutputStream:75 - [STDERR_REDIRECT] [Fatal Error] :1:1: Premature end of file.
2025-01-29 23:43:17,455 [ERROR] LogOutputStream:75 - [STDERR_REDIRECT] 
2025-01-29 23:43:18,452 [ERROR] LogOutputStream:75 - [STDERR_REDIRECT] [Fatal Error] :1:1: Premature end of file.
2025-01-29 23:43:18,452 [ERROR] LogOutputStream:75 - [STDERR_REDIRECT] 
2025-01-29 23:43:19,451 [ERROR] LogOutputStream:75 - [STDERR_REDIRECT] [Fatal Error] :1:1: Premature end of file.
2025-01-29 23:43:19,451 [ERROR] LogOutputStream:75 - [STDERR_REDIRECT] 
2025-01-29 23:43:20,469 [ERROR] LogOutputStream:75 - [STDERR_REDIRECT] [Fatal Error] :1:1: Premature end of file.
2025-01-29 23:43:20,469 [ERROR] LogOutputStream:75 - [STDERR_REDIRECT] 
2025-01-29 23:43:21,456 [ERROR] LogOutputStream:75 - [STDERR_REDIRECT] [Fatal Error] :1:1: Premature end of file.
2025-01-29 23:43:21,456 [ERROR] LogOutputStream:75 - [STDERR_REDIRECT] 
2025-01-29 23:43:22,459 [ERROR] LogOutputStream:75 - [STDERR_REDIRECT] [Fatal Error] :1:1: Premature end of file.
2025-01-29 23:43:22,459 [ERROR] LogOutputStream:75 - [STDERR_REDIRECT] 
2025-01-29 23:43:23,468 [ERROR] LogOutputStream:75 - [STDERR_REDIRECT] [Fatal Error] :1:1: Premature end of file.
2025-01-29 23:43:23,468 [ERROR] LogOutputStream:75 - [STDERR_REDIRECT] 
2025-01-29 23:43:24,460 [ERROR] LogOutputStream:75 - [STDERR_REDIRECT] [Fatal Error] :1:1: Premature end of file.
2025-01-29 23:43:24,460 [ERROR] LogOutputStream:75 - [STDERR_REDIRECT] 
2025-01-29 23:43:25,459 [ERROR] LogOutputStream:75 - [STDERR_REDIRECT] [Fatal Error] :1:1: Premature end of file.
2025-01-29 23:43:25,459 [ERROR] LogOutputStream:75 - [STDERR_REDIRECT] 
2025-01-29 23:43:26,462 [ERROR] LogOutputStream:75 - [STDERR_REDIRECT] [Fatal Error] :1:1: Premature end of file.
2025-01-29 23:43:26,463 [ERROR] LogOutputStream:75 - [STDERR_REDIRECT] 
2025-01-29 23:43:27,450 [ERROR] LogOutputStream:75 - [STDERR_REDIRECT] [Fatal Error] :1:1: Premature end of file.
2025-01-29 23:43:27,450 [ERROR] LogOutputStream:75 - [STDERR_REDIRECT] 
2025-01-29 23:43:28,459 [ERROR] LogOutputStream:75 - [STDERR_REDIRECT] [Fatal Error] :1:1: Premature end of file.
2025-01-29 23:43:28,459 [ERROR] LogOutputStream:75 - [STDERR_REDIRECT] 
2025-01-29 23:43:29,455 [ERROR] LogOutputStream:75 - [STDERR_REDIRECT] [Fatal Error] :1:1: Premature end of file.
2025-01-29 23:43:29,455 [ERROR] LogOutputStream:75 - [STDERR_REDIRECT] 
2025-01-29 23:43:30,450 [ERROR] LogOutputStream:75 - [STDERR_REDIRECT] [Fatal Error] :1:1: Premature end of file.
2025-01-29 23:43:30,450 [ERROR] LogOutputStream:75 - [STDERR_REDIRECT] 
2025-01-29 23:43:31,456 [ERROR] LogOutputStream:75 - [STDERR_REDIRECT] [Fatal Error] :1:1: Premature end of file.
2025-01-29 23:43:31,456 [ERROR] LogOutputStream:75 - [STDERR_REDIRECT] 
2025-01-29 23:43:32,453 [ERROR] LogOutputStream:75 - [STDERR_REDIRECT] [Fatal Error] :1:1: Premature end of file.
2025-01-29 23:43:32,455 [ERROR] LogOutputStream:75 - [STDERR_REDIRECT] 
2025-01-29 23:43:33,453 [ERROR] LogOutputStream:75 - [STDERR_REDIRECT] [Fatal Error] :1:1: Premature end of file.
2025-01-29 23:43:33,453 [ERROR] LogOutputStream:75 - [STDERR_REDIRECT] 
2025-01-29 23:43:34,455 [ERROR] LogOutputStream:75 - [STDERR_REDIRECT] [Fatal Error] :1:1: Premature end of file.
2025-01-29 23:43:34,455 [ERROR] LogOutputStream:75 - [STDERR_REDIRECT] 
2025-01-29 23:43:35,453 [ERROR] LogOutputStream:75 - [STDERR_REDIRECT] [Fatal Error] :1:1: Premature end of file.
2025-01-29 23:43:35,453 [ERROR] LogOutputStream:75 - [STDERR_REDIRECT] 
2025-01-29 23:43:36,464 [ERROR] LogOutputStream:75 - [STDERR_REDIRECT] [Fatal Error] :1:1: Premature end of file.
2025-01-29 23:43:36,464 [ERROR] LogOutputStream:75 - [STDERR_REDIRECT] 
2025-01-29 23:43:37,450 [ERROR] LogOutputStream:75 - [STDERR_REDIRECT] [Fatal Error] :1:1: Premature end of file.
2025-01-29 23:43:37,450 [ERROR] LogOutputStream:75 - [STDERR_REDIRECT] 
2025-01-29 23:43:38,449 [ERROR] LogOutputStream:75 - [STDERR_REDIRECT] [Fatal Error] :1:1: Premature end of file.
2025-01-29 23:43:38,449 [ERROR] LogOutputStream:75 - [STDERR_REDIRECT] 
2025-01-29 23:43:39,461 [ERROR] LogOutputStream:75 - [STDERR_REDIRECT] [Fatal Error] :1:1: Premature end of file.
2025-01-29 23:43:39,461 [ERROR] LogOutputStream:75 - [STDERR_REDIRECT] 
2025-01-29 23:43:40,455 [ERROR] LogOutputStream:75 - [STDERR_REDIRECT] [Fatal Error] :1:1: Premature end of file.
2025-01-29 23:43:40,455 [ERROR] LogOutputStream:75 - [STDERR_REDIRECT] 
2025-01-29 23:43:41,456 [ERROR] LogOutputStream:75 - [STDERR_REDIRECT] [Fatal Error] :1:1: Premature end of file.
2025-01-29 23:43:41,456 [ERROR] LogOutputStream:75 - [STDERR_REDIRECT] 
2025-01-29 23:43:42,457 [ERROR] LogOutputStream:75 - [STDERR_REDIRECT] [Fatal Error] :1:1: Premature end of file.
2025-01-29 23:43:42,457 [ERROR] LogOutputStream:75 - [STDERR_REDIRECT] 
2025-01-29 23:43:43,450 [ERROR] LogOutputStream:75 - [STDERR_REDIRECT] [Fatal Error] :1:1: Premature end of file.
2025-01-29 23:43:43,450 [ERROR] LogOutputStream:75 - [STDERR_REDIRECT] 
2025-01-29 23:43:44,454 [ERROR] LogOutputStream:75 - [STDERR_REDIRECT] [Fatal Error] :1:1: Premature end of file.
2025-01-29 23:43:44,454 [ERROR] LogOutputStream:75 - [STDERR_REDIRECT] 
2025-01-29 23:43:45,455 [ERROR] LogOutputStream:75 - [STDERR_REDIRECT] [Fatal Error] :1:1: Premature end of file.
2025-01-29 23:43:45,455 [ERROR] LogOutputStream:75 - [STDERR_REDIRECT] 
2025-01-29 23:43:46,452 [ERROR] LogOutputStream:75 - [STDERR_REDIRECT] [Fatal Error] :1:1: Premature end of file.
2025-01-29 23:43:46,452 [ERROR] LogOutputStream:75 - [STDERR_REDIRECT] 
2025-01-29 23:43:47,455 [ERROR] LogOutputStream:75 - [STDERR_REDIRECT] [Fatal Error] :1:1: Premature end of file.
2025-01-29 23:43:47,455 [ERROR] LogOutputStream:75 - [STDERR_REDIRECT] 
2025-01-29 23:43:48,453 [ERROR] LogOutputStream:75 - [STDERR_REDIRECT] [Fatal Error] :1:1: Premature end of file.
2025-01-29 23:43:48,453 [ERROR] LogOutputStream:75 - [STDERR_REDIRECT] 
2025-01-29 23:43:49,458 [ERROR] LogOutputStream:75 - [STDERR_REDIRECT] [Fatal Error] :1:1: Premature end of file.
2025-01-29 23:43:49,458 [ERROR] LogOutputStream:75 - [STDERR_REDIRECT] 
2025-01-29 23:43:50,455 [ERROR] LogOutputStream:75 - [STDERR_REDIRECT] [Fatal Error] :1:1: Premature end of file.
2025-01-29 23:43:50,455 [ERROR] LogOutputStream:75 - [STDERR_REDIRECT] 
2025-01-29 23:43:51,454 [ERROR] LogOutputStream:75 - [STDERR_REDIRECT] [Fatal Error] :1:1: Premature end of file.
2025-01-29 23:43:51,454 [ERROR] LogOutputStream:75 - [STDERR_REDIRECT] 
2025-01-29 23:43:52,459 [ERROR] LogOutputStream:75 - [STDERR_REDIRECT] [Fatal Error] :1:1: Premature end of file.
2025-01-29 23:43:52,459 [ERROR] LogOutputStream:75 - [STDERR_REDIRECT] 
2025-01-29 23:43:53,467 [ERROR] LogOutputStream:75 - [STDERR_REDIRECT] [Fatal Error] :1:1: Premature end of file.
2025-01-29 23:43:53,467 [ERROR] LogOutputStream:75 - [STDERR_REDIRECT] 
2025-01-29 23:43:54,448 [ERROR] LogOutputStream:75 - [STDERR_REDIRECT] [Fatal Error] :1:1: Premature end of file.
2025-01-29 23:43:54,448 [ERROR] LogOutputStream:75 - [STDERR_REDIRECT] 
2025-01-29 23:43:55,456 [ERROR] LogOutputStream:75 - [STDERR_REDIRECT] [Fatal Error] :1:1: Premature end of file.
2025-01-29 23:43:55,456 [ERROR] LogOutputStream:75 - [STDERR_REDIRECT] 
2025-01-29 23:43:56,449 [ERROR] LogOutputStream:75 - [STDERR_REDIRECT] [Fatal Error] :1:1: Premature end of file.
2025-01-29 23:43:56,449 [ERROR] LogOutputStream:75 - [STDERR_REDIRECT] 
2025-01-29 23:43:57,451 [ERROR] LogOutputStream:75 - [STDERR_REDIRECT] [Fatal Error] :1:1: Premature end of file.
2025-01-29 23:43:57,451 [ERROR] LogOutputStream:75 - [STDERR_REDIRECT] 
2025-01-29 23:43:58,452 [ERROR] LogOutputStream:75 - [STDERR_REDIRECT] [Fatal Error] :1:1: Premature end of file.
2025-01-29 23:43:58,452 [ERROR] LogOutputStream:75 - [STDERR_REDIRECT] 
2025-01-29 23:43:59,449 [ERROR] LogOutputStream:75 - [STDERR_REDIRECT] [Fatal Error] :1:1: Premature end of file.
2025-01-29 23:43:59,449 [ERROR] LogOutputStream:75 - [STDERR_REDIRECT] 
2025-01-29 23:44:00,456 [ERROR] LogOutputStream:75 - [STDERR_REDIRECT] [Fatal Error] :1:1: Premature end of file.
2025-01-29 23:44:00,456 [ERROR] LogOutputStream:75 - [STDERR_REDIRECT] 
2025-01-29 23:44:01,452 [ERROR] LogOutputStream:75 - [STDERR_REDIRECT] [Fatal Error] :1:1: Premature end of file.
2025-01-29 23:44:01,452 [ERROR] LogOutputStream:75 - [STDERR_REDIRECT] 
2025-01-29 23:44:02,452 [ERROR] LogOutputStream:75 - [STDERR_REDIRECT] [Fatal Error] :1:1: Premature end of file.
2025-01-29 23:44:02,452 [ERROR] LogOutputStream:75 - [STDERR_REDIRECT] 
2025-01-29 23:44:03,456 [ERROR] LogOutputStream:75 - [STDERR_REDIRECT] [Fatal Error] :1:1: Premature end of file.
2025-01-29 23:44:03,456 [ERROR] LogOutputStream:75 - [STDERR_REDIRECT] 
2025-01-29 23:44:04,453 [ERROR] LogOutputStream:75 - [STDERR_REDIRECT] [Fatal Error] :1:1: Premature end of file.
2025-01-29 23:44:04,453 [ERROR] LogOutputStream:75 - [STDERR_REDIRECT] 
2025-01-29 23:44:05,455 [ERROR] LogOutputStream:75 - [STDERR_REDIRECT] [Fatal Error] :1:1: Premature end of file.
2025-01-29 23:44:05,455 [ERROR] LogOutputStream:75 - [STDERR_REDIRECT] 
2025-01-29 23:44:06,453 [ERROR] LogOutputStream:75 - [STDERR_REDIRECT] [Fatal Error] :1:1: Premature end of file.
2025-01-29 23:44:06,453 [ERROR] LogOutputStream:75 - [STDERR_REDIRECT] 
2025-01-29 23:44:07,455 [ERROR] LogOutputStream:75 - [STDERR_REDIRECT] [Fatal Error] :1:1: Premature end of file.
2025-01-29 23:44:07,455 [ERROR] LogOutputStream:75 - [STDERR_REDIRECT] 
2025-01-29 23:44:08,451 [ERROR] LogOutputStream:75 - [STDERR_REDIRECT] [Fatal Error] :1:1: Premature end of file.
2025-01-29 23:44:08,451 [ERROR] LogOutputStream:75 - [STDERR_REDIRECT] 
2025-01-29 23:44:09,455 [ERROR] LogOutputStream:75 - [STDERR_REDIRECT] [Fatal Error] :1:1: Premature end of file.
2025-01-29 23:44:09,455 [ERROR] LogOutputStream:75 - [STDERR_REDIRECT] 
2025-01-29 23:44:10,449 [ERROR] LogOutputStream:75 - [STDERR_REDIRECT] [Fatal Error] :1:1: Premature end of file.
2025-01-29 23:44:10,449 [ERROR] LogOutputStream:75 - [STDERR_REDIRECT] 
2025-01-29 23:44:11,468 [ERROR] LogOutputStream:75 - [STDERR_REDIRECT] [Fatal Error] :1:1: Premature end of file.
2025-01-29 23:44:11,468 [ERROR] LogOutputStream:75 - [STDERR_REDIRECT] 
2025-01-29 23:44:12,466 [ERROR] LogOutputStream:75 - [STDERR_REDIRECT] [Fatal Error] :1:1: Premature end of file.
2025-01-29 23:44:12,466 [ERROR] LogOutputStream:75 - [STDERR_REDIRECT] 
2025-01-29 23:44:13,450 [ERROR] LogOutputStream:75 - [STDERR_REDIRECT] [Fatal Error] :1:1: Premature end of file.
2025-01-29 23:44:13,450 [ERROR] LogOutputStream:75 - [STDERR_REDIRECT] 
2025-01-29 23:44:14,460 [ERROR] LogOutputStream:75 - [STDERR_REDIRECT] [Fatal Error] :1:1: Premature end of file.
2025-01-29 23:44:14,460 [ERROR] LogOutputStream:75 - [STDERR_REDIRECT] 
2025-01-29 23:44:15,454 [ERROR] LogOutputStream:75 - [STDERR_REDIRECT] [Fatal Error] :1:1: Premature end of file.
2025-01-29 23:44:15,454 [ERROR] LogOutputStream:75 - [STDERR_REDIRECT] 
2025-01-29 23:44:16,450 [ERROR] LogOutputStream:75 - [STDERR_REDIRECT] [Fatal Error] :1:1: Premature end of file.
2025-01-29 23:44:16,450 [ERROR] LogOutputStream:75 - [STDERR_REDIRECT] 
2025-01-29 23:44:17,450 [ERROR] LogOutputStream:75 - [STDERR_REDIRECT] [Fatal Error] :1:1: Premature end of file.
2025-01-29 23:44:17,450 [ERROR] LogOutputStream:75 - [STDERR_REDIRECT] 
2025-01-29 23:44:18,458 [ERROR] LogOutputStream:75 - [STDERR_REDIRECT] [Fatal Error] :1:1: Premature end of file.
2025-01-29 23:44:18,458 [ERROR] LogOutputStream:75 - [STDERR_REDIRECT] 
2025-01-29 23:44:19,460 [ERROR] LogOutputStream:75 - [STDERR_REDIRECT] [Fatal Error] :1:1: Premature end of file.
2025-01-29 23:44:19,460 [ERROR] LogOutputStream:75 - [STDERR_REDIRECT] 
2025-01-29 23:44:20,451 [ERROR] LogOutputStream:75 - [STDERR_REDIRECT] [Fatal Error] :1:1: Premature end of file.
2025-01-29 23:44:20,451 [ERROR] LogOutputStream:75 - [STDERR_REDIRECT] 
2025-01-29 23:44:21,450 [ERROR] LogOutputStream:75 - [STDERR_REDIRECT] [Fatal Error] :1:1: Premature end of file.
2025-01-29 23:44:21,450 [ERROR] LogOutputStream:75 - [STDERR_REDIRECT] 
2025-01-29 23:44:22,448 [ERROR] LogOutputStream:75 - [STDERR_REDIRECT] [Fatal Error] :1:1: Premature end of file.
2025-01-29 23:44:22,450 [ERROR] LogOutputStream:75 - [STDERR_REDIRECT] 
2025-01-29 23:44:23,449 [ERROR] LogOutputStream:75 - [STDERR_REDIRECT] [Fatal Error] :1:1: Premature end of file.
2025-01-29 23:44:23,449 [ERROR] LogOutputStream:75 - [STDERR_REDIRECT] 
2025-01-29 23:44:24,455 [ERROR] LogOutputStream:75 - [STDERR_REDIRECT] [Fatal Error] :1:1: Premature end of file.
2025-01-29 23:44:24,455 [ERROR] LogOutputStream:75 - [STDERR_REDIRECT] 
2025-01-29 23:44:25,449 [ERROR] LogOutputStream:75 - [STDERR_REDIRECT] [Fatal Error] :1:1: Premature end of file.
2025-01-29 23:44:25,449 [ERROR] LogOutputStream:75 - [STDERR_REDIRECT] 
2025-01-29 23:44:26,452 [ERROR] LogOutputStream:75 - [STDERR_REDIRECT] [Fatal Error] :1:1: Premature end of file.
2025-01-29 23:44:26,452 [ERROR] LogOutputStream:75 - [STDERR_REDIRECT] 
2025-01-29 23:44:27,457 [ERROR] LogOutputStream:75 - [STDERR_REDIRECT] [Fatal Error] :1:1: Premature end of file.
2025-01-29 23:44:27,457 [ERROR] LogOutputStream:75 - [STDERR_REDIRECT] 
2025-01-29 23:44:28,457 [ERROR] LogOutputStream:75 - [STDERR_REDIRECT] [Fatal Error] :1:1: Premature end of file.
2025-01-29 23:44:28,457 [ERROR] LogOutputStream:75 - [STDERR_REDIRECT] 
2025-01-29 23:44:29,459 [ERROR] LogOutputStream:75 - [STDERR_REDIRECT] [Fatal Error] :1:1: Premature end of file.
2025-01-29 23:44:29,459 [ERROR] LogOutputStream:75 - [STDERR_REDIRECT] 
2025-01-29 23:44:30,459 [ERROR] LogOutputStream:75 - [STDERR_REDIRECT] [Fatal Error] :1:1: Premature end of file.
2025-01-29 23:44:30,459 [ERROR] LogOutputStream:75 - [STDERR_REDIRECT] 
2025-01-29 23:44:31,462 [ERROR] LogOutputStream:75 - [STDERR_REDIRECT] [Fatal Error] :1:1: Premature end of file.
2025-01-29 23:44:31,462 [ERROR] LogOutputStream:75 - [STDERR_REDIRECT] 
2025-01-29 23:44:32,455 [ERROR] LogOutputStream:75 - [STDERR_REDIRECT] [Fatal Error] :1:1: Premature end of file.
2025-01-29 23:44:32,455 [ERROR] LogOutputStream:75 - [STDERR_REDIRECT] 
2025-01-29 23:44:33,457 [ERROR] LogOutputStream:75 - [STDERR_REDIRECT] [Fatal Error] :1:1: Premature end of file.
2025-01-29 23:44:33,457 [ERROR] LogOutputStream:75 - [STDERR_REDIRECT] 
2025-01-29 23:44:34,451 [ERROR] LogOutputStream:75 - [STDERR_REDIRECT] [Fatal Error] :1:1: Premature end of file.
2025-01-29 23:44:34,451 [ERROR] LogOutputStream:75 - [STDERR_REDIRECT] 
2025-01-29 23:44:35,453 [ERROR] LogOutputStream:75 - [STDERR_REDIRECT] [Fatal Error] :1:1: Premature end of file.
2025-01-29 23:44:35,453 [ERROR] LogOutputStream:75 - [STDERR_REDIRECT] 
2025-01-29 23:44:36,470 [ERROR] LogOutputStream:75 - [STDERR_REDIRECT] [Fatal Error] :1:1: Premature end of file.
2025-01-29 23:44:36,470 [ERROR] LogOutputStream:75 - [STDERR_REDIRECT] 
2025-01-29 23:44:37,453 [ERROR] LogOutputStream:75 - [STDERR_REDIRECT] [Fatal Error] :1:1: Premature end of file.
2025-01-29 23:44:37,453 [ERROR] LogOutputStream:75 - [STDERR_REDIRECT] 
2025-01-29 23:44:38,453 [ERROR] LogOutputStream:75 - [STDERR_REDIRECT] [Fatal Error] :1:1: Premature end of file.
2025-01-29 23:44:38,453 [ERROR] LogOutputStream:75 - [STDERR_REDIRECT] 
2025-01-29 23:44:39,465 [ERROR] LogOutputStream:75 - [STDERR_REDIRECT] [Fatal Error] :1:1: Premature end of file.
2025-01-29 23:44:39,465 [ERROR] LogOutputStream:75 - [STDERR_REDIRECT] 
2025-01-29 23:44:40,453 [ERROR] LogOutputStream:75 - [STDERR_REDIRECT] [Fatal Error] :1:1: Premature end of file.
2025-01-29 23:44:40,453 [ERROR] LogOutputStream:75 - [STDERR_REDIRECT] 
2025-01-29 23:44:41,456 [ERROR] LogOutputStream:75 - [STDERR_REDIRECT] [Fatal Error] :1:1: Premature end of file.
2025-01-29 23:44:41,456 [ERROR] LogOutputStream:75 - [STDERR_REDIRECT] 
2025-01-29 23:44:42,453 [ERROR] LogOutputStream:75 - [STDERR_REDIRECT] [Fatal Error] :1:1: Premature end of file.
2025-01-29 23:44:42,453 [ERROR] LogOutputStream:75 - [STDERR_REDIRECT] 
2025-01-29 23:44:43,456 [ERROR] LogOutputStream:75 - [STDERR_REDIRECT] [Fatal Error] :1:1: Premature end of file.
2025-01-29 23:44:43,456 [ERROR] LogOutputStream:75 - [STDERR_REDIRECT] 
2025-01-29 23:44:44,452 [ERROR] LogOutputStream:75 - [STDERR_REDIRECT] [Fatal Error] :1:1: Premature end of file.
2025-01-29 23:44:44,452 [ERROR] LogOutputStream:75 - [STDERR_REDIRECT] 
2025-01-29 23:44:45,450 [ERROR] LogOutputStream:75 - [STDERR_REDIRECT] [Fatal Error] :1:1: Premature end of file.
2025-01-29 23:44:45,450 [ERROR] LogOutputStream:75 - [STDERR_REDIRECT] 
2025-01-29 23:44:46,451 [ERROR] LogOutputStream:75 - [STDERR_REDIRECT] [Fatal Error] :1:1: Premature end of file.
2025-01-29 23:44:46,451 [ERROR] LogOutputStream:75 - [STDERR_REDIRECT] 
2025-01-29 23:44:47,449 [ERROR] LogOutputStream:75 - [STDERR_REDIRECT] [Fatal Error] :1:1: Premature end of file.
2025-01-29 23:44:47,449 [ERROR] LogOutputStream:75 - [STDERR_REDIRECT] 
2025-01-29 23:44:48,453 [ERROR] LogOutputStream:75 - [STDERR_REDIRECT] [Fatal Error] :1:1: Premature end of file.
2025-01-29 23:44:48,453 [ERROR] LogOutputStream:75 - [STDERR_REDIRECT] 
2025-01-29 23:44:49,457 [ERROR] LogOutputStream:75 - [STDERR_REDIRECT] [Fatal Error] :1:1: Premature end of file.
2025-01-29 23:44:49,457 [ERROR] LogOutputStream:75 - [STDERR_REDIRECT] 
2025-01-29 23:44:50,454 [ERROR] LogOutputStream:75 - [STDERR_REDIRECT] [Fatal Error] :1:1: Premature end of file.
2025-01-29 23:44:50,454 [ERROR] LogOutputStream:75 - [STDERR_REDIRECT] 
2025-01-29 23:44:51,451 [ERROR] LogOutputStream:75 - [STDERR_REDIRECT] [Fatal Error] :1:1: Premature end of file.
2025-01-29 23:44:51,451 [ERROR] LogOutputStream:75 - [STDERR_REDIRECT] 
2025-01-29 23:44:52,457 [ERROR] LogOutputStream:75 - [STDERR_REDIRECT] [Fatal Error] :1:1: Premature end of file.
2025-01-29 23:44:52,457 [ERROR] LogOutputStream:75 - [STDERR_REDIRECT] 
2025-01-29 23:44:53,450 [ERROR] LogOutputStream:75 - [STDERR_REDIRECT] [Fatal Error] :1:1: Premature end of file.
2025-01-29 23:44:53,450 [ERROR] LogOutputStream:75 - [STDERR_REDIRECT] 
2025-01-29 23:44:54,455 [ERROR] LogOutputStream:75 - [STDERR_REDIRECT] [Fatal Error] :1:1: Premature end of file.
2025-01-29 23:44:54,455 [ERROR] LogOutputStream:75 - [STDERR_REDIRECT] 
2025-01-29 23:44:55,449 [ERROR] LogOutputStream:75 - [STDERR_REDIRECT] [Fatal Error] :1:1: Premature end of file.
2025-01-29 23:44:55,449 [ERROR] LogOutputStream:75 - [STDERR_REDIRECT] 
2025-01-29 23:44:56,454 [ERROR] LogOutputStream:75 - [STDERR_REDIRECT] [Fatal Error] :1:1: Premature end of file.
2025-01-29 23:44:56,454 [ERROR] LogOutputStream:75 - [STDERR_REDIRECT] 
2025-01-29 23:44:57,457 [ERROR] LogOutputStream:75 - [STDERR_REDIRECT] [Fatal Error] :1:1: Premature end of file.
2025-01-29 23:44:57,457 [ERROR] LogOutputStream:75 - [STDERR_REDIRECT] 
2025-01-29 23:44:58,459 [ERROR] LogOutputStream:75 - [STDERR_REDIRECT] [Fatal Error] :1:1: Premature end of file.
2025-01-29 23:44:58,459 [ERROR] LogOutputStream:75 - [STDERR_REDIRECT] 
2025-01-29 23:44:59,459 [ERROR] LogOutputStream:75 - [STDERR_REDIRECT] [Fatal Error] :1:1: Premature end of file.
2025-01-29 23:44:59,459 [ERROR] LogOutputStream:75 - [STDERR_REDIRECT] 
2025-01-29 23:45:00,455 [ERROR] LogOutputStream:75 - [STDERR_REDIRECT] [Fatal Error] :1:1: Premature end of file.
2025-01-29 23:45:00,455 [ERROR] LogOutputStream:75 - [STDERR_REDIRECT] 
2025-01-29 23:45:01,448 [ERROR] LogOutputStream:75 - [STDERR_REDIRECT] [Fatal Error] :1:1: Premature end of file.
2025-01-29 23:45:01,448 [ERROR] LogOutputStream:75 - [STDERR_REDIRECT] 
2025-01-29 23:45:02,449 [ERROR] LogOutputStream:75 - [STDERR_REDIRECT] [Fatal Error] :1:1: Premature end of file.
2025-01-29 23:45:02,449 [ERROR] LogOutputStream:75 - [STDERR_REDIRECT] 
2025-01-29 23:45:03,469 [ERROR] LogOutputStream:75 - [STDERR_REDIRECT] [Fatal Error] :1:1: Premature end of file.
2025-01-29 23:45:03,469 [ERROR] LogOutputStream:75 - [STDERR_REDIRECT] 
2025-01-29 23:45:04,460 [ERROR] LogOutputStream:75 - [STDERR_REDIRECT] [Fatal Error] :1:1: Premature end of file.
2025-01-29 23:45:04,460 [ERROR] LogOutputStream:75 - [STDERR_REDIRECT] 
2025-01-29 23:45:05,455 [ERROR] LogOutputStream:75 - [STDERR_REDIRECT] [Fatal Error] :1:1: Premature end of file.
2025-01-29 23:45:05,455 [ERROR] LogOutputStream:75 - [STDERR_REDIRECT] 
2025-01-29 23:45:06,453 [ERROR] LogOutputStream:75 - [STDERR_REDIRECT] [Fatal Error] :1:1: Premature end of file.
2025-01-29 23:45:06,453 [ERROR] LogOutputStream:75 - [STDERR_REDIRECT] 
2025-01-29 23:45:07,454 [ERROR] LogOutputStream:75 - [STDERR_REDIRECT] [Fatal Error] :1:1: Premature end of file.
2025-01-29 23:45:07,454 [ERROR] LogOutputStream:75 - [STDERR_REDIRECT] 
2025-01-29 23:45:08,462 [ERROR] LogOutputStream:75 - [STDERR_REDIRECT] [Fatal Error] :1:1: Premature end of file.
2025-01-29 23:45:08,462 [ERROR] LogOutputStream:75 - [STDERR_REDIRECT] 
2025-01-29 23:45:09,452 [ERROR] LogOutputStream:75 - [STDERR_REDIRECT] [Fatal Error] :1:1: Premature end of file.
2025-01-29 23:45:09,452 [ERROR] LogOutputStream:75 - [STDERR_REDIRECT] 
2025-01-29 23:45:10,456 [ERROR] LogOutputStream:75 - [STDERR_REDIRECT] [Fatal Error] :1:1: Premature end of file.
2025-01-29 23:45:10,456 [ERROR] LogOutputStream:75 - [STDERR_REDIRECT] 
2025-01-29 23:45:11,450 [ERROR] LogOutputStream:75 - [STDERR_REDIRECT] [Fatal Error] :1:1: Premature end of file.
2025-01-29 23:45:11,450 [ERROR] LogOutputStream:75 - [STDERR_REDIRECT] 
2025-01-29 23:45:12,449 [ERROR] LogOutputStream:75 - [STDERR_REDIRECT] [Fatal Error] :1:1: Premature end of file.
2025-01-29 23:45:12,449 [ERROR] LogOutputStream:75 - [STDERR_REDIRECT] 
2025-01-29 23:45:13,458 [ERROR] LogOutputStream:75 - [STDERR_REDIRECT] [Fatal Error] :1:1: Premature end of file.
2025-01-29 23:45:13,458 [ERROR] LogOutputStream:75 - [STDERR_REDIRECT] 
2025-01-29 23:45:14,447 [ERROR] LogOutputStream:75 - [STDERR_REDIRECT] [Fatal Error] :1:1: Premature end of file.
2025-01-29 23:45:14,447 [ERROR] LogOutputStream:75 - [STDERR_REDIRECT] 
2025-01-29 23:45:15,460 [ERROR] LogOutputStream:75 - [STDERR_REDIRECT] [Fatal Error] :1:1: Premature end of file.
2025-01-29 23:45:15,460 [ERROR] LogOutputStream:75 - [STDERR_REDIRECT] 
2025-01-29 23:45:16,452 [ERROR] LogOutputStream:75 - [STDERR_REDIRECT] [Fatal Error] :1:1: Premature end of file.
2025-01-29 23:45:16,452 [ERROR] LogOutputStream:75 - [STDERR_REDIRECT] 
2025-01-29 23:45:17,455 [ERROR] LogOutputStream:75 - [STDERR_REDIRECT] [Fatal Error] :1:1: Premature end of file.
2025-01-29 23:45:17,455 [ERROR] LogOutputStream:75 - [STDERR_REDIRECT] 
2025-01-29 23:45:18,454 [ERROR] LogOutputStream:75 - [STDERR_REDIRECT] [Fatal Error] :1:1: Premature end of file.
2025-01-29 23:45:18,454 [ERROR] LogOutputStream:75 - [STDERR_REDIRECT] 
2025-01-29 23:45:19,457 [ERROR] LogOutputStream:75 - [STDERR_REDIRECT] [Fatal Error] :1:1: Premature end of file.
2025-01-29 23:45:19,457 [ERROR] LogOutputStream:75 - [STDERR_REDIRECT] 
2025-01-29 23:45:20,452 [ERROR] LogOutputStream:75 - [STDERR_REDIRECT] [Fatal Error] :1:1: Premature end of file.
2025-01-29 23:45:20,453 [ERROR] LogOutputStream:75 - [STDERR_REDIRECT] 
2025-01-29 23:45:21,453 [ERROR] LogOutputStream:75 - [STDERR_REDIRECT] [Fatal Error] :1:1: Premature end of file.
2025-01-29 23:45:21,455 [ERROR] LogOutputStream:75 - [STDERR_REDIRECT] 
2025-01-29 23:45:22,453 [ERROR] LogOutputStream:75 - [STDERR_REDIRECT] [Fatal Error] :1:1: Premature end of file.
2025-01-29 23:45:22,453 [ERROR] LogOutputStream:75 - [STDERR_REDIRECT] 
2025-01-29 23:45:23,453 [ERROR] LogOutputStream:75 - [STDERR_REDIRECT] [Fatal Error] :1:1: Premature end of file.
2025-01-29 23:45:23,453 [ERROR] LogOutputStream:75 - [STDERR_REDIRECT] 
2025-01-29 23:45:24,454 [ERROR] LogOutputStream:75 - [STDERR_REDIRECT] [Fatal Error] :1:1: Premature end of file.
2025-01-29 23:45:24,454 [ERROR] LogOutputStream:75 - [STDERR_REDIRECT] 
2025-01-29 23:45:25,449 [ERROR] LogOutputStream:75 - [STDERR_REDIRECT] [Fatal Error] :1:1: Premature end of file.
2025-01-29 23:45:25,450 [ERROR] LogOutputStream:75 - [STDERR_REDIRECT] 
2025-01-29 23:45:26,453 [ERROR] LogOutputStream:75 - [STDERR_REDIRECT] [Fatal Error] :1:1: Premature end of file.
2025-01-29 23:45:26,453 [ERROR] LogOutputStream:75 - [STDERR_REDIRECT] 
2025-01-29 23:45:27,454 [ERROR] LogOutputStream:75 - [STDERR_REDIRECT] [Fatal Error] :1:1: Premature end of file.
2025-01-29 23:45:27,455 [ERROR] LogOutputStream:75 - [STDERR_REDIRECT] 
2025-01-29 23:45:28,449 [ERROR] LogOutputStream:75 - [STDERR_REDIRECT] [Fatal Error] :1:1: Premature end of file.
2025-01-29 23:45:28,450 [ERROR] LogOutputStream:75 - [STDERR_REDIRECT] 
2025-01-29 23:45:29,450 [ERROR] LogOutputStream:75 - [STDERR_REDIRECT] [Fatal Error] :1:1: Premature end of file.
2025-01-29 23:45:29,450 [ERROR] LogOutputStream:75 - [STDERR_REDIRECT] 
2025-01-29 23:45:30,452 [ERROR] LogOutputStream:75 - [STDERR_REDIRECT] [Fatal Error] :1:1: Premature end of file.
2025-01-29 23:45:30,452 [ERROR] LogOutputStream:75 - [STDERR_REDIRECT] 
2025-01-29 23:45:31,458 [ERROR] LogOutputStream:75 - [STDERR_REDIRECT] [Fatal Error] :1:1: Premature end of file.
2025-01-29 23:45:31,458 [ERROR] LogOutputStream:75 - [STDERR_REDIRECT] 
2025-01-29 23:45:32,455 [ERROR] LogOutputStream:75 - [STDERR_REDIRECT] [Fatal Error] :1:1: Premature end of file.
2025-01-29 23:45:32,457 [ERROR] LogOutputStream:75 - [STDERR_REDIRECT] 
2025-01-29 23:45:33,452 [ERROR] LogOutputStream:75 - [STDERR_REDIRECT] [Fatal Error] :1:1: Premature end of file.
2025-01-29 23:45:33,454 [ERROR] LogOutputStream:75 - [STDERR_REDIRECT] 
2025-01-29 23:45:34,450 [ERROR] LogOutputStream:75 - [STDERR_REDIRECT] [Fatal Error] :1:1: Premature end of file.
2025-01-29 23:45:34,450 [ERROR] LogOutputStream:75 - [STDERR_REDIRECT] 
2025-01-29 23:45:35,453 [ERROR] LogOutputStream:75 - [STDERR_REDIRECT] [Fatal Error] :1:1: Premature end of file.
2025-01-29 23:45:35,453 [ERROR] LogOutputStream:75 - [STDERR_REDIRECT] 
2025-01-29 23:45:36,451 [ERROR] LogOutputStream:75 - [STDERR_REDIRECT] [Fatal Error] :1:1: Premature end of file.
2025-01-29 23:45:36,451 [ERROR] LogOutputStream:75 - [STDERR_REDIRECT] 
2025-01-29 23:45:37,454 [ERROR] LogOutputStream:75 - [STDERR_REDIRECT] [Fatal Error] :1:1: Premature end of file.
2025-01-29 23:45:37,454 [ERROR] LogOutputStream:75 - [STDERR_REDIRECT] 
2025-01-29 23:45:38,457 [ERROR] LogOutputStream:75 - [STDERR_REDIRECT] [Fatal Error] :1:1: Premature end of file.
2025-01-29 23:45:38,457 [ERROR] LogOutputStream:75 - [STDERR_REDIRECT] 
2025-01-29 23:45:39,455 [ERROR] LogOutputStream:75 - [STDERR_REDIRECT] [Fatal Error] :1:1: Premature end of file.
2025-01-29 23:45:39,455 [ERROR] LogOutputStream:75 - [STDERR_REDIRECT] 
2025-01-29 23:45:40,451 [ERROR] LogOutputStream:75 - [STDERR_REDIRECT] [Fatal Error] :1:1: Premature end of file.
2025-01-29 23:45:40,451 [ERROR] LogOutputStream:75 - [STDERR_REDIRECT] 
2025-01-29 23:45:41,455 [ERROR] LogOutputStream:75 - [STDERR_REDIRECT] [Fatal Error] :1:1: Premature end of file.
2025-01-29 23:45:41,455 [ERROR] LogOutputStream:75 - [STDERR_REDIRECT] 
2025-01-29 23:45:42,451 [ERROR] LogOutputStream:75 - [STDERR_REDIRECT] [Fatal Error] :1:1: Premature end of file.
2025-01-29 23:45:42,451 [ERROR] LogOutputStream:75 - [STDERR_REDIRECT] 
2025-01-29 23:45:43,457 [ERROR] LogOutputStream:75 - [STDERR_REDIRECT] [Fatal Error] :1:1: Premature end of file.
2025-01-29 23:45:43,457 [ERROR] LogOutputStream:75 - [STDERR_REDIRECT] 
2025-01-29 23:45:44,455 [ERROR] LogOutputStream:75 - [STDERR_REDIRECT] [Fatal Error] :1:1: Premature end of file.
2025-01-29 23:45:44,455 [ERROR] LogOutputStream:75 - [STDERR_REDIRECT] 
2025-01-29 23:45:45,452 [ERROR] LogOutputStream:75 - [STDERR_REDIRECT] [Fatal Error] :1:1: Premature end of file.
2025-01-29 23:45:45,452 [ERROR] LogOutputStream:75 - [STDERR_REDIRECT] 
2025-01-29 23:45:46,453 [ERROR] LogOutputStream:75 - [STDERR_REDIRECT] [Fatal Error] :1:1: Premature end of file.
2025-01-29 23:45:46,453 [ERROR] LogOutputStream:75 - [STDERR_REDIRECT] 
2025-01-29 23:45:47,449 [ERROR] LogOutputStream:75 - [STDERR_REDIRECT] [Fatal Error] :1:1: Premature end of file.
2025-01-29 23:45:47,449 [ERROR] LogOutputStream:75 - [STDERR_REDIRECT] 
2025-01-29 23:45:48,457 [ERROR] LogOutputStream:75 - [STDERR_REDIRECT] [Fatal Error] :1:1: Premature end of file.
2025-01-29 23:45:48,457 [ERROR] LogOutputStream:75 - [STDERR_REDIRECT] 
2025-01-29 23:45:49,459 [ERROR] LogOutputStream:75 - [STDERR_REDIRECT] [Fatal Error] :1:1: Premature end of file.
2025-01-29 23:45:49,459 [ERROR] LogOutputStream:75 - [STDERR_REDIRECT] 
2025-01-29 23:45:50,453 [ERROR] LogOutputStream:75 - [STDERR_REDIRECT] [Fatal Error] :1:1: Premature end of file.
2025-01-29 23:45:50,453 [ERROR] LogOutputStream:75 - [STDERR_REDIRECT] 
2025-01-29 23:45:51,459 [ERROR] LogOutputStream:75 - [STDERR_REDIRECT] [Fatal Error] :1:1: Premature end of file.
2025-01-29 23:45:51,459 [ERROR] LogOutputStream:75 - [STDERR_REDIRECT] 
2025-01-29 23:45:52,462 [ERROR] LogOutputStream:75 - [STDERR_REDIRECT] [Fatal Error] :1:1: Premature end of file.
2025-01-29 23:45:52,462 [ERROR] LogOutputStream:75 - [STDERR_REDIRECT] 
2025-01-29 23:45:53,455 [ERROR] LogOutputStream:75 - [STDERR_REDIRECT] [Fatal Error] :1:1: Premature end of file.
2025-01-29 23:45:53,455 [ERROR] LogOutputStream:75 - [STDERR_REDIRECT] 
2025-01-29 23:45:54,456 [ERROR] LogOutputStream:75 - [STDERR_REDIRECT] [Fatal Error] :1:1: Premature end of file.
2025-01-29 23:45:54,456 [ERROR] LogOutputStream:75 - [STDERR_REDIRECT] 
2025-01-29 23:45:55,455 [ERROR] LogOutputStream:75 - [STDERR_REDIRECT] [Fatal Error] :1:1: Premature end of file.
2025-01-29 23:45:55,455 [ERROR] LogOutputStream:75 - [STDERR_REDIRECT] 
2025-01-29 23:45:56,454 [ERROR] LogOutputStream:75 - [STDERR_REDIRECT] [Fatal Error] :1:1: Premature end of file.
2025-01-29 23:45:56,454 [ERROR] LogOutputStream:75 - [STDERR_REDIRECT] 
2025-01-29 23:45:57,455 [ERROR] LogOutputStream:75 - [STDERR_REDIRECT] [Fatal Error] :1:1: Premature end of file.
2025-01-29 23:45:57,455 [ERROR] LogOutputStream:75 - [STDERR_REDIRECT] 
2025-01-29 23:45:58,451 [ERROR] LogOutputStream:75 - [STDERR_REDIRECT] [Fatal Error] :1:1: Premature end of file.
2025-01-29 23:45:58,451 [ERROR] LogOutputStream:75 - [STDERR_REDIRECT] 
2025-01-29 23:45:59,457 [ERROR] LogOutputStream:75 - [STDERR_REDIRECT] [Fatal Error] :1:1: Premature end of file.
2025-01-29 23:45:59,457 [ERROR] LogOutputStream:75 - [STDERR_REDIRECT] 
2025-01-29 23:46:00,451 [ERROR] LogOutputStream:75 - [STDERR_REDIRECT] [Fatal Error] :1:1: Premature end of file.
2025-01-29 23:46:00,451 [ERROR] LogOutputStream:75 - [STDERR_REDIRECT] 
2025-01-29 23:46:01,455 [ERROR] LogOutputStream:75 - [STDERR_REDIRECT] [Fatal Error] :1:1: Premature end of file.
2025-01-29 23:46:01,455 [ERROR] LogOutputStream:75 - [STDERR_REDIRECT] 
2025-01-29 23:46:02,455 [ERROR] LogOutputStream:75 - [STDERR_REDIRECT] [Fatal Error] :1:1: Premature end of file.
2025-01-29 23:46:02,455 [ERROR] LogOutputStream:75 - [STDERR_REDIRECT] 
2025-01-29 23:46:03,450 [ERROR] LogOutputStream:75 - [STDERR_REDIRECT] [Fatal Error] :1:1: Premature end of file.
2025-01-29 23:46:03,450 [ERROR] LogOutputStream:75 - [STDERR_REDIRECT] 
2025-01-29 23:46:04,454 [ERROR] LogOutputStream:75 - [STDERR_REDIRECT] [Fatal Error] :1:1: Premature end of file.
2025-01-29 23:46:04,454 [ERROR] LogOutputStream:75 - [STDERR_REDIRECT] 
2025-01-29 23:46:05,450 [ERROR] LogOutputStream:75 - [STDERR_REDIRECT] [Fatal Error] :1:1: Premature end of file.
2025-01-29 23:46:05,450 [ERROR] LogOutputStream:75 - [STDERR_REDIRECT] 
2025-01-29 23:46:06,450 [ERROR] LogOutputStream:75 - [STDERR_REDIRECT] [Fatal Error] :1:1: Premature end of file.
2025-01-29 23:46:06,452 [ERROR] LogOutputStream:75 - [STDERR_REDIRECT] 
2025-01-29 23:46:07,457 [ERROR] LogOutputStream:75 - [STDERR_REDIRECT] [Fatal Error] :1:1: Premature end of file.
2025-01-29 23:46:07,457 [ERROR] LogOutputStream:75 - [STDERR_REDIRECT] 
2025-01-29 23:46:08,449 [ERROR] LogOutputStream:75 - [STDERR_REDIRECT] [Fatal Error] :1:1: Premature end of file.
2025-01-29 23:46:08,449 [ERROR] LogOutputStream:75 - [STDERR_REDIRECT] 
2025-01-29 23:46:09,463 [ERROR] LogOutputStream:75 - [STDERR_REDIRECT] [Fatal Error] :1:1: Premature end of file.
2025-01-29 23:46:09,463 [ERROR] LogOutputStream:75 - [STDERR_REDIRECT] 
2025-01-29 23:46:10,451 [ERROR] LogOutputStream:75 - [STDERR_REDIRECT] [Fatal Error] :1:1: Premature end of file.
2025-01-29 23:46:10,451 [ERROR] LogOutputStream:75 - [STDERR_REDIRECT] 
2025-01-29 23:46:11,454 [ERROR] LogOutputStream:75 - [STDERR_REDIRECT] [Fatal Error] :1:1: Premature end of file.
2025-01-29 23:46:11,454 [ERROR] LogOutputStream:75 - [STDERR_REDIRECT] 
2025-01-29 23:46:12,453 [ERROR] LogOutputStream:75 - [STDERR_REDIRECT] [Fatal Error] :1:1: Premature end of file.
2025-01-29 23:46:12,453 [ERROR] LogOutputStream:75 - [STDERR_REDIRECT] 
2025-01-29 23:46:13,450 [ERROR] LogOutputStream:75 - [STDERR_REDIRECT] [Fatal Error] :1:1: Premature end of file.
2025-01-29 23:46:13,450 [ERROR] LogOutputStream:75 - [STDERR_REDIRECT] 
2025-01-29 23:46:14,452 [ERROR] LogOutputStream:75 - [STDERR_REDIRECT] [Fatal Error] :1:1: Premature end of file.
2025-01-29 23:46:14,452 [ERROR] LogOutputStream:75 - [STDERR_REDIRECT] 
2025-01-29 23:46:15,455 [ERROR] LogOutputStream:75 - [STDERR_REDIRECT] [Fatal Error] :1:1: Premature end of file.
2025-01-29 23:46:15,455 [ERROR] LogOutputStream:75 - [STDERR_REDIRECT] 
2025-01-29 23:46:16,447 [ERROR] LogOutputStream:75 - [STDERR_REDIRECT] [Fatal Error] :1:1: Premature end of file.
2025-01-29 23:46:16,447 [ERROR] LogOutputStream:75 - [STDERR_REDIRECT] 
2025-01-29 23:46:17,455 [ERROR] LogOutputStream:75 - [STDERR_REDIRECT] [Fatal Error] :1:1: Premature end of file.
2025-01-29 23:46:17,455 [ERROR] LogOutputStream:75 - [STDERR_REDIRECT] 
2025-01-29 23:46:18,454 [ERROR] LogOutputStream:75 - [STDERR_REDIRECT] [Fatal Error] :1:1: Premature end of file.
2025-01-29 23:46:18,454 [ERROR] LogOutputStream:75 - [STDERR_REDIRECT] 
2025-01-29 23:46:19,454 [ERROR] LogOutputStream:75 - [STDERR_REDIRECT] [Fatal Error] :1:1: Premature end of file.
2025-01-29 23:46:19,454 [ERROR] LogOutputStream:75 - [STDERR_REDIRECT] 
2025-01-29 23:46:20,452 [ERROR] LogOutputStream:75 - [STDERR_REDIRECT] [Fatal Error] :1:1: Premature end of file.
2025-01-29 23:46:20,452 [ERROR] LogOutputStream:75 - [STDERR_REDIRECT] 
2025-01-29 23:46:21,450 [ERROR] LogOutputStream:75 - [STDERR_REDIRECT] [Fatal Error] :1:1: Premature end of file.
2025-01-29 23:46:21,450 [ERROR] LogOutputStream:75 - [STDERR_REDIRECT] 
2025-01-29 23:46:22,449 [ERROR] LogOutputStream:75 - [STDERR_REDIRECT] [Fatal Error] :1:1: Premature end of file.
2025-01-29 23:46:22,449 [ERROR] LogOutputStream:75 - [STDERR_REDIRECT] 
2025-01-29 23:46:23,457 [ERROR] LogOutputStream:75 - [STDERR_REDIRECT] [Fatal Error] :1:1: Premature end of file.
2025-01-29 23:46:23,457 [ERROR] LogOutputStream:75 - [STDERR_REDIRECT] 
2025-01-29 23:46:24,465 [ERROR] LogOutputStream:75 - [STDERR_REDIRECT] [Fatal Error] :1:1: Premature end of file.
2025-01-29 23:46:24,465 [ERROR] LogOutputStream:75 - [STDERR_REDIRECT] 
2025-01-29 23:46:25,457 [ERROR] LogOutputStream:75 - [STDERR_REDIRECT] [Fatal Error] :1:1: Premature end of file.
2025-01-29 23:46:25,457 [ERROR] LogOutputStream:75 - [STDERR_REDIRECT] 
2025-01-29 23:46:26,452 [ERROR] LogOutputStream:75 - [STDERR_REDIRECT] [Fatal Error] :1:1: Premature end of file.
2025-01-29 23:46:26,452 [ERROR] LogOutputStream:75 - [STDERR_REDIRECT] 
2025-01-29 23:46:27,454 [ERROR] LogOutputStream:75 - [STDERR_REDIRECT] [Fatal Error] :1:1: Premature end of file.
2025-01-29 23:46:27,454 [ERROR] LogOutputStream:75 - [STDERR_REDIRECT] 
2025-01-29 23:46:28,450 [ERROR] LogOutputStream:75 - [STDERR_REDIRECT] [Fatal Error] :1:1: Premature end of file.
2025-01-29 23:46:28,452 [ERROR] LogOutputStream:75 - [STDERR_REDIRECT] 
2025-01-29 23:46:29,452 [ERROR] LogOutputStream:75 - [STDERR_REDIRECT] [Fatal Error] :1:1: Premature end of file.
2025-01-29 23:46:29,452 [ERROR] LogOutputStream:75 - [STDERR_REDIRECT] 
2025-01-29 23:46:30,457 [ERROR] LogOutputStream:75 - [STDERR_REDIRECT] [Fatal Error] :1:1: Premature end of file.
2025-01-29 23:46:30,457 [ERROR] LogOutputStream:75 - [STDERR_REDIRECT] 
2025-01-29 23:46:31,455 [ERROR] LogOutputStream:75 - [STDERR_REDIRECT] [Fatal Error] :1:1: Premature end of file.
2025-01-29 23:46:31,455 [ERROR] LogOutputStream:75 - [STDERR_REDIRECT] 
2025-01-29 23:46:32,454 [ERROR] LogOutputStream:75 - [STDERR_REDIRECT] [Fatal Error] :1:1: Premature end of file.
2025-01-29 23:46:32,454 [ERROR] LogOutputStream:75 - [STDERR_REDIRECT] 
2025-01-29 23:46:33,454 [ERROR] LogOutputStream:75 - [STDERR_REDIRECT] [Fatal Error] :1:1: Premature end of file.
2025-01-29 23:46:33,454 [ERROR] LogOutputStream:75 - [STDERR_REDIRECT] 
2025-01-29 23:46:34,450 [ERROR] LogOutputStream:75 - [STDERR_REDIRECT] [Fatal Error] :1:1: Premature end of file.
2025-01-29 23:46:34,450 [ERROR] LogOutputStream:75 - [STDERR_REDIRECT] 
2025-01-29 23:46:35,451 [ERROR] LogOutputStream:75 - [STDERR_REDIRECT] [Fatal Error] :1:1: Premature end of file.
2025-01-29 23:46:35,451 [ERROR] LogOutputStream:75 - [STDERR_REDIRECT] 
2025-01-29 23:46:36,452 [ERROR] LogOutputStream:75 - [STDERR_REDIRECT] [Fatal Error] :1:1: Premature end of file.
2025-01-29 23:46:36,453 [ERROR] LogOutputStream:75 - [STDERR_REDIRECT] 
2025-01-29 23:46:37,455 [ERROR] LogOutputStream:75 - [STDERR_REDIRECT] [Fatal Error] :1:1: Premature end of file.
2025-01-29 23:46:37,455 [ERROR] LogOutputStream:75 - [STDERR_REDIRECT] 
2025-01-29 23:46:38,452 [ERROR] LogOutputStream:75 - [STDERR_REDIRECT] [Fatal Error] :1:1: Premature end of file.
2025-01-29 23:46:38,452 [ERROR] LogOutputStream:75 - [STDERR_REDIRECT] 
2025-01-29 23:46:39,481 [ERROR] LogOutputStream:75 - [STDERR_REDIRECT] [Fatal Error] :1:1: Premature end of file.
2025-01-29 23:46:39,481 [ERROR] LogOutputStream:75 - [STDERR_REDIRECT] 
2025-01-29 23:46:40,456 [ERROR] LogOutputStream:75 - [STDERR_REDIRECT] [Fatal Error] :1:1: Premature end of file.
2025-01-29 23:46:40,456 [ERROR] LogOutputStream:75 - [STDERR_REDIRECT] 
2025-01-29 23:46:41,451 [ERROR] LogOutputStream:75 - [STDERR_REDIRECT] [Fatal Error] :1:1: Premature end of file.
2025-01-29 23:46:41,451 [ERROR] LogOutputStream:75 - [STDERR_REDIRECT] 
2025-01-29 23:46:42,461 [ERROR] LogOutputStream:75 - [STDERR_REDIRECT] [Fatal Error] :1:1: Premature end of file.
2025-01-29 23:46:42,461 [ERROR] LogOutputStream:75 - [STDERR_REDIRECT] 
2025-01-29 23:46:43,465 [ERROR] LogOutputStream:75 - [STDERR_REDIRECT] [Fatal Error] :1:1: Premature end of file.
2025-01-29 23:46:43,465 [ERROR] LogOutputStream:75 - [STDERR_REDIRECT] 
2025-01-29 23:46:44,460 [ERROR] LogOutputStream:75 - [STDERR_REDIRECT] [Fatal Error] :1:1: Premature end of file.
2025-01-29 23:46:44,461 [ERROR] LogOutputStream:75 - [STDERR_REDIRECT] 
2025-01-29 23:46:45,453 [ERROR] LogOutputStream:75 - [STDERR_REDIRECT] [Fatal Error] :1:1: Premature end of file.
2025-01-29 23:46:45,453 [ERROR] LogOutputStream:75 - [STDERR_REDIRECT] 
2025-01-29 23:46:46,459 [ERROR] LogOutputStream:75 - [STDERR_REDIRECT] [Fatal Error] :1:1: Premature end of file.
2025-01-29 23:46:46,459 [ERROR] LogOutputStream:75 - [STDERR_REDIRECT] 
2025-01-29 23:46:47,448 [ERROR] LogOutputStream:75 - [STDERR_REDIRECT] [Fatal Error] :1:1: Premature end of file.
2025-01-29 23:46:47,448 [ERROR] LogOutputStream:75 - [STDERR_REDIRECT] 
2025-01-29 23:46:48,454 [ERROR] LogOutputStream:75 - [STDERR_REDIRECT] [Fatal Error] :1:1: Premature end of file.
2025-01-29 23:46:48,454 [ERROR] LogOutputStream:75 - [STDERR_REDIRECT] 
2025-01-29 23:46:49,458 [ERROR] LogOutputStream:75 - [STDERR_REDIRECT] [Fatal Error] :1:1: Premature end of file.
2025-01-29 23:46:49,458 [ERROR] LogOutputStream:75 - [STDERR_REDIRECT] 
2025-01-29 23:46:50,457 [ERROR] LogOutputStream:75 - [STDERR_REDIRECT] [Fatal Error] :1:1: Premature end of file.
2025-01-29 23:46:50,458 [ERROR] LogOutputStream:75 - [STDERR_REDIRECT] 
2025-01-29 23:46:51,455 [ERROR] LogOutputStream:75 - [STDERR_REDIRECT] [Fatal Error] :1:1: Premature end of file.
2025-01-29 23:46:51,456 [ERROR] LogOutputStream:75 - [STDERR_REDIRECT] 
2025-01-29 23:46:52,451 [ERROR] LogOutputStream:75 - [STDERR_REDIRECT] [Fatal Error] :1:1: Premature end of file.
2025-01-29 23:46:52,451 [ERROR] LogOutputStream:75 - [STDERR_REDIRECT] 
2025-01-29 23:46:53,450 [ERROR] LogOutputStream:75 - [STDERR_REDIRECT] [Fatal Error] :1:1: Premature end of file.
2025-01-29 23:46:53,450 [ERROR] LogOutputStream:75 - [STDERR_REDIRECT] 
2025-01-29 23:46:54,454 [ERROR] LogOutputStream:75 - [STDERR_REDIRECT] [Fatal Error] :1:1: Premature end of file.
2025-01-29 23:46:54,454 [ERROR] LogOutputStream:75 - [STDERR_REDIRECT] 
2025-01-29 23:46:55,450 [ERROR] LogOutputStream:75 - [STDERR_REDIRECT] [Fatal Error] :1:1: Premature end of file.
2025-01-29 23:46:55,450 [ERROR] LogOutputStream:75 - [STDERR_REDIRECT] 
2025-01-29 23:46:56,450 [ERROR] LogOutputStream:75 - [STDERR_REDIRECT] [Fatal Error] :1:1: Premature end of file.
2025-01-29 23:46:56,452 [ERROR] LogOutputStream:75 - [STDERR_REDIRECT] 
2025-01-29 23:46:57,454 [ERROR] LogOutputStream:75 - [STDERR_REDIRECT] [Fatal Error] :1:1: Premature end of file.
2025-01-29 23:46:57,454 [ERROR] LogOutputStream:75 - [STDERR_REDIRECT] 
2025-01-29 23:46:58,453 [ERROR] LogOutputStream:75 - [STDERR_REDIRECT] [Fatal Error] :1:1: Premature end of file.
2025-01-29 23:46:58,453 [ERROR] LogOutputStream:75 - [STDERR_REDIRECT] 
2025-01-29 23:46:59,452 [ERROR] LogOutputStream:75 - [STDERR_REDIRECT] [Fatal Error] :1:1: Premature end of file.
2025-01-29 23:46:59,452 [ERROR] LogOutputStream:75 - [STDERR_REDIRECT] 
2025-01-29 23:47:00,455 [ERROR] LogOutputStream:75 - [STDERR_REDIRECT] [Fatal Error] :1:1: Premature end of file.
2025-01-29 23:47:00,455 [ERROR] LogOutputStream:75 - [STDERR_REDIRECT] 
2025-01-29 23:47:01,450 [ERROR] LogOutputStream:75 - [STDERR_REDIRECT] [Fatal Error] :1:1: Premature end of file.
2025-01-29 23:47:01,450 [ERROR] LogOutputStream:75 - [STDERR_REDIRECT] 
2025-01-29 23:47:02,449 [ERROR] LogOutputStream:75 - [STDERR_REDIRECT] [Fatal Error] :1:1: Premature end of file.
2025-01-29 23:47:02,449 [ERROR] LogOutputStream:75 - [STDERR_REDIRECT] 
2025-01-29 23:47:03,459 [ERROR] LogOutputStream:75 - [STDERR_REDIRECT] [Fatal Error] :1:1: Premature end of file.
2025-01-29 23:47:03,459 [ERROR] LogOutputStream:75 - [STDERR_REDIRECT] 
2025-01-29 23:47:04,463 [ERROR] LogOutputStream:75 - [STDERR_REDIRECT] [Fatal Error] :1:1: Premature end of file.
2025-01-29 23:47:04,463 [ERROR] LogOutputStream:75 - [STDERR_REDIRECT] 
2025-01-29 23:47:05,455 [ERROR] LogOutputStream:75 - [STDERR_REDIRECT] [Fatal Error] :1:1: Premature end of file.
2025-01-29 23:47:05,455 [ERROR] LogOutputStream:75 - [STDERR_REDIRECT] 
2025-01-29 23:47:06,489 [ERROR] LogOutputStream:75 - [STDERR_REDIRECT] [Fatal Error] :1:1: Premature end of file.
2025-01-29 23:47:06,489 [ERROR] LogOutputStream:75 - [STDERR_REDIRECT] 
2025-01-29 23:47:07,459 [ERROR] LogOutputStream:75 - [STDERR_REDIRECT] [Fatal Error] :1:1: Premature end of file.
2025-01-29 23:47:07,459 [ERROR] LogOutputStream:75 - [STDERR_REDIRECT] 
2025-01-29 23:47:08,450 [ERROR] LogOutputStream:75 - [STDERR_REDIRECT] [Fatal Error] :1:1: Premature end of file.
2025-01-29 23:47:08,450 [ERROR] LogOutputStream:75 - [STDERR_REDIRECT] 
2025-01-29 23:47:09,452 [ERROR] LogOutputStream:75 - [STDERR_REDIRECT] [Fatal Error] :1:1: Premature end of file.
2025-01-29 23:47:09,452 [ERROR] LogOutputStream:75 - [STDERR_REDIRECT] 
2025-01-29 23:47:10,449 [ERROR] LogOutputStream:75 - [STDERR_REDIRECT] [Fatal Error] :1:1: Premature end of file.
2025-01-29 23:47:10,449 [ERROR] LogOutputStream:75 - [STDERR_REDIRECT] 
2025-01-29 23:47:11,470 [ERROR] LogOutputStream:75 - [STDERR_REDIRECT] [Fatal Error] :1:1: Premature end of file.
2025-01-29 23:47:11,470 [ERROR] LogOutputStream:75 - [STDERR_REDIRECT] 
2025-01-29 23:47:12,447 [ERROR] LogOutputStream:75 - [STDERR_REDIRECT] [Fatal Error] :1:1: Premature end of file.
2025-01-29 23:47:12,447 [ERROR] LogOutputStream:75 - [STDERR_REDIRECT] 
2025-01-29 23:47:13,449 [ERROR] LogOutputStream:75 - [STDERR_REDIRECT] [Fatal Error] :1:1: Premature end of file.
2025-01-29 23:47:13,449 [ERROR] LogOutputStream:75 - [STDERR_REDIRECT] 
2025-01-29 23:47:14,449 [ERROR] LogOutputStream:75 - [STDERR_REDIRECT] [Fatal Error] :1:1: Premature end of file.
2025-01-29 23:47:14,450 [ERROR] LogOutputStream:75 - [STDERR_REDIRECT] 
2025-01-29 23:47:15,450 [ERROR] LogOutputStream:75 - [STDERR_REDIRECT] [Fatal Error] :1:1: Premature end of file.
2025-01-29 23:47:15,450 [ERROR] LogOutputStream:75 - [STDERR_REDIRECT] 
2025-01-29 23:47:16,453 [ERROR] LogOutputStream:75 - [STDERR_REDIRECT] [Fatal Error] :1:1: Premature end of file.
2025-01-29 23:47:16,453 [ERROR] LogOutputStream:75 - [STDERR_REDIRECT] 
2025-01-29 23:47:17,450 [ERROR] LogOutputStream:75 - [STDERR_REDIRECT] [Fatal Error] :1:1: Premature end of file.
2025-01-29 23:47:17,450 [ERROR] LogOutputStream:75 - [STDERR_REDIRECT] 
2025-01-29 23:47:18,469 [ERROR] LogOutputStream:75 - [STDERR_REDIRECT] [Fatal Error] :1:1: Premature end of file.
2025-01-29 23:47:18,469 [ERROR] LogOutputStream:75 - [STDERR_REDIRECT] 
2025-01-29 23:47:19,449 [ERROR] LogOutputStream:75 - [STDERR_REDIRECT] [Fatal Error] :1:1: Premature end of file.
2025-01-29 23:47:19,449 [ERROR] LogOutputStream:75 - [STDERR_REDIRECT] 
2025-01-29 23:47:20,464 [ERROR] LogOutputStream:75 - [STDERR_REDIRECT] [Fatal Error] :1:1: Premature end of file.
2025-01-29 23:47:20,464 [ERROR] LogOutputStream:75 - [STDERR_REDIRECT] 
2025-01-29 23:47:21,453 [ERROR] LogOutputStream:75 - [STDERR_REDIRECT] [Fatal Error] :1:1: Premature end of file.
2025-01-29 23:47:21,453 [ERROR] LogOutputStream:75 - [STDERR_REDIRECT] 
2025-01-29 23:47:22,481 [ERROR] LogOutputStream:75 - [STDERR_REDIRECT] [Fatal Error] :1:1: Premature end of file.
2025-01-29 23:47:22,481 [ERROR] LogOutputStream:75 - [STDERR_REDIRECT] 
2025-01-29 23:47:23,450 [ERROR] LogOutputStream:75 - [STDERR_REDIRECT] [Fatal Error] :1:1: Premature end of file.
2025-01-29 23:47:23,450 [ERROR] LogOutputStream:75 - [STDERR_REDIRECT] 
2025-01-29 23:47:24,447 [ERROR] LogOutputStream:75 - [STDERR_REDIRECT] [Fatal Error] :1:1: Premature end of file.
2025-01-29 23:47:24,447 [ERROR] LogOutputStream:75 - [STDERR_REDIRECT] 
2025-01-29 23:47:25,452 [ERROR] LogOutputStream:75 - [STDERR_REDIRECT] [Fatal Error] :1:1: Premature end of file.
2025-01-29 23:47:25,452 [ERROR] LogOutputStream:75 - [STDERR_REDIRECT] 
2025-01-29 23:47:26,453 [ERROR] LogOutputStream:75 - [STDERR_REDIRECT] [Fatal Error] :1:1: Premature end of file.
2025-01-29 23:47:26,453 [ERROR] LogOutputStream:75 - [STDERR_REDIRECT] 
2025-01-29 23:47:27,459 [ERROR] LogOutputStream:75 - [STDERR_REDIRECT] [Fatal Error] :1:1: Premature end of file.
2025-01-29 23:47:27,459 [ERROR] LogOutputStream:75 - [STDERR_REDIRECT] 
2025-01-29 23:47:28,453 [ERROR] LogOutputStream:75 - [STDERR_REDIRECT] [Fatal Error] :1:1: Premature end of file.
2025-01-29 23:47:28,455 [ERROR] LogOutputStream:75 - [STDERR_REDIRECT] 
2025-01-29 23:47:29,449 [ERROR] LogOutputStream:75 - [STDERR_REDIRECT] [Fatal Error] :1:1: Premature end of file.
2025-01-29 23:47:29,449 [ERROR] LogOutputStream:75 - [STDERR_REDIRECT] 
2025-01-29 23:47:30,449 [ERROR] LogOutputStream:75 - [STDERR_REDIRECT] [Fatal Error] :1:1: Premature end of file.
2025-01-29 23:47:30,449 [ERROR] LogOutputStream:75 - [STDERR_REDIRECT] 
2025-01-29 23:47:31,451 [ERROR] LogOutputStream:75 - [STDERR_REDIRECT] [Fatal Error] :1:1: Premature end of file.
2025-01-29 23:47:31,451 [ERROR] LogOutputStream:75 - [STDERR_REDIRECT] 
2025-01-29 23:47:32,452 [ERROR] LogOutputStream:75 - [STDERR_REDIRECT] [Fatal Error] :1:1: Premature end of file.
2025-01-29 23:47:32,454 [ERROR] LogOutputStream:75 - [STDERR_REDIRECT] 
2025-01-29 23:47:33,452 [ERROR] LogOutputStream:75 - [STDERR_REDIRECT] [Fatal Error] :1:1: Premature end of file.
2025-01-29 23:47:33,452 [ERROR] LogOutputStream:75 - [STDERR_REDIRECT] 
2025-01-29 23:47:34,457 [ERROR] LogOutputStream:75 - [STDERR_REDIRECT] [Fatal Error] :1:1: Premature end of file.
2025-01-29 23:47:34,457 [ERROR] LogOutputStream:75 - [STDERR_REDIRECT] 
2025-01-29 23:47:35,457 [ERROR] LogOutputStream:75 - [STDERR_REDIRECT] [Fatal Error] :1:1: Premature end of file.
2025-01-29 23:47:35,457 [ERROR] LogOutputStream:75 - [STDERR_REDIRECT] 
2025-01-29 23:47:36,452 [ERROR] LogOutputStream:75 - [STDERR_REDIRECT] [Fatal Error] :1:1: Premature end of file.
2025-01-29 23:47:36,452 [ERROR] LogOutputStream:75 - [STDERR_REDIRECT] 
2025-01-29 23:47:37,450 [ERROR] LogOutputStream:75 - [STDERR_REDIRECT] [Fatal Error] :1:1: Premature end of file.
2025-01-29 23:47:37,450 [ERROR] LogOutputStream:75 - [STDERR_REDIRECT] 
2025-01-29 23:47:38,457 [ERROR] LogOutputStream:75 - [STDERR_REDIRECT] [Fatal Error] :1:1: Premature end of file.
2025-01-29 23:47:38,457 [ERROR] LogOutputStream:75 - [STDERR_REDIRECT] 
2025-01-29 23:47:39,450 [ERROR] LogOutputStream:75 - [STDERR_REDIRECT] [Fatal Error] :1:1: Premature end of file.
2025-01-29 23:47:39,450 [ERROR] LogOutputStream:75 - [STDERR_REDIRECT] 
2025-01-29 23:47:40,450 [ERROR] LogOutputStream:75 - [STDERR_REDIRECT] [Fatal Error] :1:1: Premature end of file.
2025-01-29 23:47:40,450 [ERROR] LogOutputStream:75 - [STDERR_REDIRECT] 
2025-01-29 23:47:41,450 [ERROR] LogOutputStream:75 - [STDERR_REDIRECT] [Fatal Error] :1:1: Premature end of file.
2025-01-29 23:47:41,450 [ERROR] LogOutputStream:75 - [STDERR_REDIRECT] 
2025-01-29 23:47:42,455 [ERROR] LogOutputStream:75 - [STDERR_REDIRECT] [Fatal Error] :1:1: Premature end of file.
2025-01-29 23:47:42,455 [ERROR] LogOutputStream:75 - [STDERR_REDIRECT] 
2025-01-29 23:47:43,488 [ERROR] LogOutputStream:75 - [STDERR_REDIRECT] [Fatal Error] :1:1: Premature end of file.
2025-01-29 23:47:43,488 [ERROR] LogOutputStream:75 - [STDERR_REDIRECT] 
2025-01-29 23:47:44,454 [ERROR] LogOutputStream:75 - [STDERR_REDIRECT] [Fatal Error] :1:1: Premature end of file.
2025-01-29 23:47:44,454 [ERROR] LogOutputStream:75 - [STDERR_REDIRECT] 
2025-01-29 23:47:45,450 [ERROR] LogOutputStream:75 - [STDERR_REDIRECT] [Fatal Error] :1:1: Premature end of file.
2025-01-29 23:47:45,450 [ERROR] LogOutputStream:75 - [STDERR_REDIRECT] 
2025-01-29 23:47:46,451 [ERROR] LogOutputStream:75 - [STDERR_REDIRECT] [Fatal Error] :1:1: Premature end of file.
2025-01-29 23:47:46,451 [ERROR] LogOutputStream:75 - [STDERR_REDIRECT] 
2025-01-29 23:47:47,460 [ERROR] LogOutputStream:75 - [STDERR_REDIRECT] [Fatal Error] :1:1: Premature end of file.
2025-01-29 23:47:47,460 [ERROR] LogOutputStream:75 - [STDERR_REDIRECT] 
2025-01-29 23:47:48,460 [ERROR] LogOutputStream:75 - [STDERR_REDIRECT] [Fatal Error] :1:1: Premature end of file.
2025-01-29 23:47:48,460 [ERROR] LogOutputStream:75 - [STDERR_REDIRECT] 
2025-01-29 23:47:49,449 [ERROR] LogOutputStream:75 - [STDERR_REDIRECT] [Fatal Error] :1:1: Premature end of file.
2025-01-29 23:47:49,449 [ERROR] LogOutputStream:75 - [STDERR_REDIRECT] 
2025-01-29 23:47:50,450 [ERROR] LogOutputStream:75 - [STDERR_REDIRECT] [Fatal Error] :1:1: Premature end of file.
2025-01-29 23:47:50,450 [ERROR] LogOutputStream:75 - [STDERR_REDIRECT] 
2025-01-29 23:47:51,450 [ERROR] LogOutputStream:75 - [STDERR_REDIRECT] [Fatal Error] :1:1: Premature end of file.
2025-01-29 23:47:51,450 [ERROR] LogOutputStream:75 - [STDERR_REDIRECT] 
2025-01-29 23:47:52,452 [ERROR] LogOutputStream:75 - [STDERR_REDIRECT] [Fatal Error] :1:1: Premature end of file.
2025-01-29 23:47:52,452 [ERROR] LogOutputStream:75 - [STDERR_REDIRECT] 
2025-01-29 23:47:53,450 [ERROR] LogOutputStream:75 - [STDERR_REDIRECT] [Fatal Error] :1:1: Premature end of file.
2025-01-29 23:47:53,450 [ERROR] LogOutputStream:75 - [STDERR_REDIRECT] 
2025-01-29 23:47:54,452 [ERROR] LogOutputStream:75 - [STDERR_REDIRECT] [Fatal Error] :1:1: Premature end of file.
2025-01-29 23:47:54,452 [ERROR] LogOutputStream:75 - [STDERR_REDIRECT] 
2025-01-29 23:47:55,456 [ERROR] LogOutputStream:75 - [STDERR_REDIRECT] [Fatal Error] :1:1: Premature end of file.
2025-01-29 23:47:55,456 [ERROR] LogOutputStream:75 - [STDERR_REDIRECT] 
2025-01-29 23:47:56,452 [ERROR] LogOutputStream:75 - [STDERR_REDIRECT] [Fatal Error] :1:1: Premature end of file.
2025-01-29 23:47:56,452 [ERROR] LogOutputStream:75 - [STDERR_REDIRECT] 
2025-01-29 23:47:57,463 [ERROR] LogOutputStream:75 - [STDERR_REDIRECT] [Fatal Error] :1:1: Premature end of file.
2025-01-29 23:47:57,463 [ERROR] LogOutputStream:75 - [STDERR_REDIRECT] 
2025-01-29 23:47:58,456 [ERROR] LogOutputStream:75 - [STDERR_REDIRECT] [Fatal Error] :1:1: Premature end of file.
2025-01-29 23:47:58,457 [ERROR] LogOutputStream:75 - [STDERR_REDIRECT] 
2025-01-29 23:47:59,450 [ERROR] LogOutputStream:75 - [STDERR_REDIRECT] [Fatal Error] :1:1: Premature end of file.
2025-01-29 23:47:59,450 [ERROR] LogOutputStream:75 - [STDERR_REDIRECT] 
2025-01-29 23:48:00,454 [ERROR] LogOutputStream:75 - [STDERR_REDIRECT] [Fatal Error] :1:1: Premature end of file.
2025-01-29 23:48:00,454 [ERROR] LogOutputStream:75 - [STDERR_REDIRECT] 
2025-01-29 23:48:01,450 [ERROR] LogOutputStream:75 - [STDERR_REDIRECT] [Fatal Error] :1:1: Premature end of file.
2025-01-29 23:48:01,450 [ERROR] LogOutputStream:75 - [STDERR_REDIRECT] 
2025-01-29 23:48:02,450 [ERROR] LogOutputStream:75 - [STDERR_REDIRECT] [Fatal Error] :1:1: Premature end of file.
2025-01-29 23:48:02,450 [ERROR] LogOutputStream:75 - [STDERR_REDIRECT] 
2025-01-29 23:48:03,453 [ERROR] LogOutputStream:75 - [STDERR_REDIRECT] [Fatal Error] :1:1: Premature end of file.
2025-01-29 23:48:03,453 [ERROR] LogOutputStream:75 - [STDERR_REDIRECT] 
2025-01-29 23:48:04,447 [ERROR] LogOutputStream:75 - [STDERR_REDIRECT] [Fatal Error] :1:1: Premature end of file.
2025-01-29 23:48:04,447 [ERROR] LogOutputStream:75 - [STDERR_REDIRECT] 
2025-01-29 23:48:05,453 [ERROR] LogOutputStream:75 - [STDERR_REDIRECT] [Fatal Error] :1:1: Premature end of file.
2025-01-29 23:48:05,453 [ERROR] LogOutputStream:75 - [STDERR_REDIRECT] 
2025-01-29 23:48:06,450 [ERROR] LogOutputStream:75 - [STDERR_REDIRECT] [Fatal Error] :1:1: Premature end of file.
2025-01-29 23:48:06,450 [ERROR] LogOutputStream:75 - [STDERR_REDIRECT] 
2025-01-29 23:48:07,452 [ERROR] LogOutputStream:75 - [STDERR_REDIRECT] [Fatal Error] :1:1: Premature end of file.
2025-01-29 23:48:07,452 [ERROR] LogOutputStream:75 - [STDERR_REDIRECT] 
2025-01-29 23:48:08,463 [ERROR] LogOutputStream:75 - [STDERR_REDIRECT] [Fatal Error] :1:1: Premature end of file.
2025-01-29 23:48:08,463 [ERROR] LogOutputStream:75 - [STDERR_REDIRECT] 
2025-01-29 23:48:09,468 [ERROR] LogOutputStream:75 - [STDERR_REDIRECT] [Fatal Error] :1:1: Premature end of file.
2025-01-29 23:48:09,468 [ERROR] LogOutputStream:75 - [STDERR_REDIRECT] 
2025-01-29 23:48:10,454 [ERROR] LogOutputStream:75 - [STDERR_REDIRECT] [Fatal Error] :1:1: Premature end of file.
2025-01-29 23:48:10,454 [ERROR] LogOutputStream:75 - [STDERR_REDIRECT] 
2025-01-29 23:48:11,450 [ERROR] LogOutputStream:75 - [STDERR_REDIRECT] [Fatal Error] :1:1: Premature end of file.
2025-01-29 23:48:11,450 [ERROR] LogOutputStream:75 - [STDERR_REDIRECT] 
2025-01-29 23:48:12,453 [ERROR] LogOutputStream:75 - [STDERR_REDIRECT] [Fatal Error] :1:1: Premature end of file.
2025-01-29 23:48:12,455 [ERROR] LogOutputStream:75 - [STDERR_REDIRECT] 
2025-01-29 23:48:13,456 [ERROR] LogOutputStream:75 - [STDERR_REDIRECT] [Fatal Error] :1:1: Premature end of file.
2025-01-29 23:48:13,456 [ERROR] LogOutputStream:75 - [STDERR_REDIRECT] 
2025-01-29 23:48:14,452 [ERROR] LogOutputStream:75 - [STDERR_REDIRECT] [Fatal Error] :1:1: Premature end of file.
2025-01-29 23:48:14,452 [ERROR] LogOutputStream:75 - [STDERR_REDIRECT] 
2025-01-29 23:48:15,452 [ERROR] LogOutputStream:75 - [STDERR_REDIRECT] [Fatal Error] :1:1: Premature end of file.
2025-01-29 23:48:15,452 [ERROR] LogOutputStream:75 - [STDERR_REDIRECT] 
2025-01-29 23:48:16,451 [ERROR] LogOutputStream:75 - [STDERR_REDIRECT] [Fatal Error] :1:1: Premature end of file.
2025-01-29 23:48:16,451 [ERROR] LogOutputStream:75 - [STDERR_REDIRECT] 
2025-01-29 23:48:17,449 [ERROR] LogOutputStream:75 - [STDERR_REDIRECT] [Fatal Error] :1:1: Premature end of file.
2025-01-29 23:48:17,449 [ERROR] LogOutputStream:75 - [STDERR_REDIRECT] 
2025-01-29 23:48:18,467 [ERROR] LogOutputStream:75 - [STDERR_REDIRECT] [Fatal Error] :1:1: Premature end of file.
2025-01-29 23:48:18,467 [ERROR] LogOutputStream:75 - [STDERR_REDIRECT] 
2025-01-29 23:48:19,451 [ERROR] LogOutputStream:75 - [STDERR_REDIRECT] [Fatal Error] :1:1: Premature end of file.
2025-01-29 23:48:19,451 [ERROR] LogOutputStream:75 - [STDERR_REDIRECT] 
2025-01-29 23:48:20,456 [ERROR] LogOutputStream:75 - [STDERR_REDIRECT] [Fatal Error] :1:1: Premature end of file.
2025-01-29 23:48:20,456 [ERROR] LogOutputStream:75 - [STDERR_REDIRECT] 
2025-01-29 23:48:21,449 [ERROR] LogOutputStream:75 - [STDERR_REDIRECT] [Fatal Error] :1:1: Premature end of file.
2025-01-29 23:48:21,449 [ERROR] LogOutputStream:75 - [STDERR_REDIRECT] 
2025-01-29 23:48:22,453 [ERROR] LogOutputStream:75 - [STDERR_REDIRECT] [Fatal Error] :1:1: Premature end of file.
2025-01-29 23:48:22,453 [ERROR] LogOutputStream:75 - [STDERR_REDIRECT] 
2025-01-29 23:48:23,451 [ERROR] LogOutputStream:75 - [STDERR_REDIRECT] [Fatal Error] :1:1: Premature end of file.
2025-01-29 23:48:23,451 [ERROR] LogOutputStream:75 - [STDERR_REDIRECT] 
2025-01-29 23:48:24,450 [ERROR] LogOutputStream:75 - [STDERR_REDIRECT] [Fatal Error] :1:1: Premature end of file.
2025-01-29 23:48:24,450 [ERROR] LogOutputStream:75 - [STDERR_REDIRECT] 
2025-01-29 23:48:25,450 [ERROR] LogOutputStream:75 - [STDERR_REDIRECT] [Fatal Error] :1:1: Premature end of file.
2025-01-29 23:48:25,450 [ERROR] LogOutputStream:75 - [STDERR_REDIRECT] 
2025-01-29 23:48:26,451 [ERROR] LogOutputStream:75 - [STDERR_REDIRECT] [Fatal Error] :1:1: Premature end of file.
2025-01-29 23:48:26,451 [ERROR] LogOutputStream:75 - [STDERR_REDIRECT] 
2025-01-29 23:48:27,449 [ERROR] LogOutputStream:75 - [STDERR_REDIRECT] [Fatal Error] :1:1: Premature end of file.
2025-01-29 23:48:27,449 [ERROR] LogOutputStream:75 - [STDERR_REDIRECT] 
2025-01-29 23:48:28,454 [ERROR] LogOutputStream:75 - [STDERR_REDIRECT] [Fatal Error] :1:1: Premature end of file.
2025-01-29 23:48:28,454 [ERROR] LogOutputStream:75 - [STDERR_REDIRECT] 
2025-01-29 23:48:29,460 [ERROR] LogOutputStream:75 - [STDERR_REDIRECT] [Fatal Error] :1:1: Premature end of file.
2025-01-29 23:48:29,460 [ERROR] LogOutputStream:75 - [STDERR_REDIRECT] 
2025-01-29 23:48:30,449 [ERROR] LogOutputStream:75 - [STDERR_REDIRECT] [Fatal Error] :1:1: Premature end of file.
2025-01-29 23:48:30,449 [ERROR] LogOutputStream:75 - [STDERR_REDIRECT] 
2025-01-29 23:48:31,477 [ERROR] LogOutputStream:75 - [STDERR_REDIRECT] [Fatal Error] :1:1: Premature end of file.
2025-01-29 23:48:31,479 [ERROR] LogOutputStream:75 - [STDERR_REDIRECT] 
2025-01-29 23:48:32,464 [ERROR] LogOutputStream:75 - [STDERR_REDIRECT] [Fatal Error] :1:1: Premature end of file.
2025-01-29 23:48:32,464 [ERROR] LogOutputStream:75 - [STDERR_REDIRECT] 
2025-01-29 23:48:33,451 [ERROR] LogOutputStream:75 - [STDERR_REDIRECT] [Fatal Error] :1:1: Premature end of file.
2025-01-29 23:48:33,451 [ERROR] LogOutputStream:75 - [STDERR_REDIRECT] 
2025-01-29 23:48:34,454 [ERROR] LogOutputStream:75 - [STDERR_REDIRECT] [Fatal Error] :1:1: Premature end of file.
2025-01-29 23:48:34,454 [ERROR] LogOutputStream:75 - [STDERR_REDIRECT] 
2025-01-29 23:48:35,450 [ERROR] LogOutputStream:75 - [STDERR_REDIRECT] [Fatal Error] :1:1: Premature end of file.
2025-01-29 23:48:35,450 [ERROR] LogOutputStream:75 - [STDERR_REDIRECT] 
2025-01-29 23:48:36,460 [ERROR] LogOutputStream:75 - [STDERR_REDIRECT] [Fatal Error] :1:1: Premature end of file.
2025-01-29 23:48:36,460 [ERROR] LogOutputStream:75 - [STDERR_REDIRECT] 
2025-01-29 23:48:37,454 [ERROR] LogOutputStream:75 - [STDERR_REDIRECT] [Fatal Error] :1:1: Premature end of file.
2025-01-29 23:48:37,454 [ERROR] LogOutputStream:75 - [STDERR_REDIRECT] 
2025-01-29 23:48:38,455 [ERROR] LogOutputStream:75 - [STDERR_REDIRECT] [Fatal Error] :1:1: Premature end of file.
2025-01-29 23:48:38,455 [ERROR] LogOutputStream:75 - [STDERR_REDIRECT] 
2025-01-29 23:48:39,462 [ERROR] LogOutputStream:75 - [STDERR_REDIRECT] [Fatal Error] :1:1: Premature end of file.
2025-01-29 23:48:39,462 [ERROR] LogOutputStream:75 - [STDERR_REDIRECT] 
2025-01-29 23:48:40,453 [ERROR] LogOutputStream:75 - [STDERR_REDIRECT] [Fatal Error] :1:1: Premature end of file.
2025-01-29 23:48:40,453 [ERROR] LogOutputStream:75 - [STDERR_REDIRECT] 
2025-01-29 23:48:41,451 [ERROR] LogOutputStream:75 - [STDERR_REDIRECT] [Fatal Error] :1:1: Premature end of file.
2025-01-29 23:48:41,451 [ERROR] LogOutputStream:75 - [STDERR_REDIRECT] 
2025-01-29 23:48:42,449 [ERROR] LogOutputStream:75 - [STDERR_REDIRECT] [Fatal Error] :1:1: Premature end of file.
2025-01-29 23:48:42,449 [ERROR] LogOutputStream:75 - [STDERR_REDIRECT] 
2025-01-29 23:48:43,465 [ERROR] LogOutputStream:75 - [STDERR_REDIRECT] [Fatal Error] :1:1: Premature end of file.
2025-01-29 23:48:43,465 [ERROR] LogOutputStream:75 - [STDERR_REDIRECT] 
2025-01-29 23:48:44,477 [ERROR] LogOutputStream:75 - [STDERR_REDIRECT] [Fatal Error] :1:1: Premature end of file.
2025-01-29 23:48:44,477 [ERROR] LogOutputStream:75 - [STDERR_REDIRECT] 
2025-01-29 23:48:45,450 [ERROR] LogOutputStream:75 - [STDERR_REDIRECT] [Fatal Error] :1:1: Premature end of file.
2025-01-29 23:48:45,450 [ERROR] LogOutputStream:75 - [STDERR_REDIRECT] 
2025-01-29 23:48:46,455 [ERROR] LogOutputStream:75 - [STDERR_REDIRECT] [Fatal Error] :1:1: Premature end of file.
2025-01-29 23:48:46,455 [ERROR] LogOutputStream:75 - [STDERR_REDIRECT] 
2025-01-29 23:48:47,453 [ERROR] LogOutputStream:75 - [STDERR_REDIRECT] [Fatal Error] :1:1: Premature end of file.
2025-01-29 23:48:47,453 [ERROR] LogOutputStream:75 - [STDERR_REDIRECT] 
2025-01-29 23:48:48,456 [ERROR] LogOutputStream:75 - [STDERR_REDIRECT] [Fatal Error] :1:1: Premature end of file.
2025-01-29 23:48:48,457 [ERROR] LogOutputStream:75 - [STDERR_REDIRECT] 
2025-01-29 23:48:49,463 [ERROR] LogOutputStream:75 - [STDERR_REDIRECT] [Fatal Error] :1:1: Premature end of file.
2025-01-29 23:48:49,463 [ERROR] LogOutputStream:75 - [STDERR_REDIRECT] 
2025-01-29 23:48:50,466 [ERROR] LogOutputStream:75 - [STDERR_REDIRECT] [Fatal Error] :1:1: Premature end of file.
2025-01-29 23:48:50,466 [ERROR] LogOutputStream:75 - [STDERR_REDIRECT] 
2025-01-29 23:48:51,450 [ERROR] LogOutputStream:75 - [STDERR_REDIRECT] [Fatal Error] :1:1: Premature end of file.
2025-01-29 23:48:51,450 [ERROR] LogOutputStream:75 - [STDERR_REDIRECT] 
2025-01-29 23:48:52,455 [ERROR] LogOutputStream:75 - [STDERR_REDIRECT] [Fatal Error] :1:1: Premature end of file.
2025-01-29 23:48:52,455 [ERROR] LogOutputStream:75 - [STDERR_REDIRECT] 
2025-01-29 23:48:53,454 [ERROR] LogOutputStream:75 - [STDERR_REDIRECT] [Fatal Error] :1:1: Premature end of file.
2025-01-29 23:48:53,455 [ERROR] LogOutputStream:75 - [STDERR_REDIRECT] 
2025-01-29 23:48:54,457 [ERROR] LogOutputStream:75 - [STDERR_REDIRECT] [Fatal Error] :1:1: Premature end of file.
2025-01-29 23:48:54,457 [ERROR] LogOutputStream:75 - [STDERR_REDIRECT] 
2025-01-29 23:48:55,450 [ERROR] LogOutputStream:75 - [STDERR_REDIRECT] [Fatal Error] :1:1: Premature end of file.
2025-01-29 23:48:55,450 [ERROR] LogOutputStream:75 - [STDERR_REDIRECT] 
2025-01-29 23:48:56,450 [ERROR] LogOutputStream:75 - [STDERR_REDIRECT] [Fatal Error] :1:1: Premature end of file.
2025-01-29 23:48:56,450 [ERROR] LogOutputStream:75 - [STDERR_REDIRECT] 
2025-01-29 23:48:57,452 [ERROR] LogOutputStream:75 - [STDERR_REDIRECT] [Fatal Error] :1:1: Premature end of file.
2025-01-29 23:48:57,452 [ERROR] LogOutputStream:75 - [STDERR_REDIRECT] 
2025-01-29 23:48:58,447 [ERROR] LogOutputStream:75 - [STDERR_REDIRECT] [Fatal Error] :1:1: Premature end of file.
2025-01-29 23:48:58,447 [ERROR] LogOutputStream:75 - [STDERR_REDIRECT] 
2025-01-29 23:48:59,452 [ERROR] LogOutputStream:75 - [STDERR_REDIRECT] [Fatal Error] :1:1: Premature end of file.
2025-01-29 23:48:59,452 [ERROR] LogOutputStream:75 - [STDERR_REDIRECT] 
2025-01-29 23:49:00,471 [ERROR] LogOutputStream:75 - [STDERR_REDIRECT] [Fatal Error] :1:1: Premature end of file.
2025-01-29 23:49:00,471 [ERROR] LogOutputStream:75 - [STDERR_REDIRECT] 
2025-01-29 23:49:01,449 [ERROR] LogOutputStream:75 - [STDERR_REDIRECT] [Fatal Error] :1:1: Premature end of file.
2025-01-29 23:49:01,449 [ERROR] LogOutputStream:75 - [STDERR_REDIRECT] 
2025-01-29 23:49:02,458 [ERROR] LogOutputStream:75 - [STDERR_REDIRECT] [Fatal Error] :1:1: Premature end of file.
2025-01-29 23:49:02,458 [ERROR] LogOutputStream:75 - [STDERR_REDIRECT] 
2025-01-29 23:49:03,452 [ERROR] LogOutputStream:75 - [STDERR_REDIRECT] [Fatal Error] :1:1: Premature end of file.
2025-01-29 23:49:03,452 [ERROR] LogOutputStream:75 - [STDERR_REDIRECT] 
2025-01-29 23:49:04,453 [ERROR] LogOutputStream:75 - [STDERR_REDIRECT] [Fatal Error] :1:1: Premature end of file.
2025-01-29 23:49:04,453 [ERROR] LogOutputStream:75 - [STDERR_REDIRECT] 
2025-01-29 23:49:05,454 [ERROR] LogOutputStream:75 - [STDERR_REDIRECT] [Fatal Error] :1:1: Premature end of file.
2025-01-29 23:49:05,454 [ERROR] LogOutputStream:75 - [STDERR_REDIRECT] 
2025-01-29 23:49:06,454 [ERROR] LogOutputStream:75 - [STDERR_REDIRECT] [Fatal Error] :1:1: Premature end of file.
2025-01-29 23:49:06,454 [ERROR] LogOutputStream:75 - [STDERR_REDIRECT] 
2025-01-29 23:49:07,462 [ERROR] LogOutputStream:75 - [STDERR_REDIRECT] [Fatal Error] :1:1: Premature end of file.
2025-01-29 23:49:07,462 [ERROR] LogOutputStream:75 - [STDERR_REDIRECT] 
2025-01-29 23:49:08,451 [ERROR] LogOutputStream:75 - [STDERR_REDIRECT] [Fatal Error] :1:1: Premature end of file.
2025-01-29 23:49:08,451 [ERROR] LogOutputStream:75 - [STDERR_REDIRECT] 
2025-01-29 23:49:09,455 [ERROR] LogOutputStream:75 - [STDERR_REDIRECT] [Fatal Error] :1:1: Premature end of file.
2025-01-29 23:49:09,455 [ERROR] LogOutputStream:75 - [STDERR_REDIRECT] 
2025-01-29 23:49:10,453 [ERROR] LogOutputStream:75 - [STDERR_REDIRECT] [Fatal Error] :1:1: Premature end of file.
2025-01-29 23:49:10,453 [ERROR] LogOutputStream:75 - [STDERR_REDIRECT] 
2025-01-29 23:49:11,455 [ERROR] LogOutputStream:75 - [STDERR_REDIRECT] [Fatal Error] :1:1: Premature end of file.
2025-01-29 23:49:11,455 [ERROR] LogOutputStream:75 - [STDERR_REDIRECT] 
2025-01-29 23:49:12,462 [ERROR] LogOutputStream:75 - [STDERR_REDIRECT] [Fatal Error] :1:1: Premature end of file.
2025-01-29 23:49:12,462 [ERROR] LogOutputStream:75 - [STDERR_REDIRECT] 
2025-01-29 23:49:13,457 [ERROR] LogOutputStream:75 - [STDERR_REDIRECT] [Fatal Error] :1:1: Premature end of file.
2025-01-29 23:49:13,457 [ERROR] LogOutputStream:75 - [STDERR_REDIRECT] 
2025-01-29 23:49:14,475 [ERROR] LogOutputStream:75 - [STDERR_REDIRECT] [Fatal Error] :1:1: Premature end of file.
2025-01-29 23:49:14,475 [ERROR] LogOutputStream:75 - [STDERR_REDIRECT] 
2025-01-29 23:49:15,453 [ERROR] LogOutputStream:75 - [STDERR_REDIRECT] [Fatal Error] :1:1: Premature end of file.
2025-01-29 23:49:15,453 [ERROR] LogOutputStream:75 - [STDERR_REDIRECT] 
2025-01-29 23:49:16,457 [ERROR] LogOutputStream:75 - [STDERR_REDIRECT] [Fatal Error] :1:1: Premature end of file.
2025-01-29 23:49:16,457 [ERROR] LogOutputStream:75 - [STDERR_REDIRECT] 
2025-01-29 23:49:17,488 [ERROR] LogOutputStream:75 - [STDERR_REDIRECT] [Fatal Error] :1:1: Premature end of file.
2025-01-29 23:49:17,488 [ERROR] LogOutputStream:75 - [STDERR_REDIRECT] 
2025-01-29 23:49:18,461 [ERROR] LogOutputStream:75 - [STDERR_REDIRECT] [Fatal Error] :1:1: Premature end of file.
2025-01-29 23:49:18,461 [ERROR] LogOutputStream:75 - [STDERR_REDIRECT] 
2025-01-29 23:49:19,461 [ERROR] LogOutputStream:75 - [STDERR_REDIRECT] [Fatal Error] :1:1: Premature end of file.
2025-01-29 23:49:19,461 [ERROR] LogOutputStream:75 - [STDERR_REDIRECT] 
2025-01-29 23:49:20,448 [ERROR] LogOutputStream:75 - [STDERR_REDIRECT] [Fatal Error] :1:1: Premature end of file.
2025-01-29 23:49:20,448 [ERROR] LogOutputStream:75 - [STDERR_REDIRECT] 
2025-01-29 23:49:21,463 [ERROR] LogOutputStream:75 - [STDERR_REDIRECT] [Fatal Error] :1:1: Premature end of file.
2025-01-29 23:49:21,463 [ERROR] LogOutputStream:75 - [STDERR_REDIRECT] 
2025-01-29 23:49:22,450 [ERROR] LogOutputStream:75 - [STDERR_REDIRECT] [Fatal Error] :1:1: Premature end of file.
2025-01-29 23:49:22,450 [ERROR] LogOutputStream:75 - [STDERR_REDIRECT] 
2025-01-29 23:49:23,457 [ERROR] LogOutputStream:75 - [STDERR_REDIRECT] [Fatal Error] :1:1: Premature end of file.
2025-01-29 23:49:23,457 [ERROR] LogOutputStream:75 - [STDERR_REDIRECT] 
2025-01-29 23:49:24,452 [ERROR] LogOutputStream:75 - [STDERR_REDIRECT] [Fatal Error] :1:1: Premature end of file.
2025-01-29 23:49:24,453 [ERROR] LogOutputStream:75 - [STDERR_REDIRECT] 
2025-01-29 23:49:25,453 [ERROR] LogOutputStream:75 - [STDERR_REDIRECT] [Fatal Error] :1:1: Premature end of file.
2025-01-29 23:49:25,453 [ERROR] LogOutputStream:75 - [STDERR_REDIRECT] 
2025-01-29 23:49:26,469 [ERROR] LogOutputStream:75 - [STDERR_REDIRECT] [Fatal Error] :1:1: Premature end of file.
2025-01-29 23:49:26,469 [ERROR] LogOutputStream:75 - [STDERR_REDIRECT] 
2025-01-29 23:49:27,450 [ERROR] LogOutputStream:75 - [STDERR_REDIRECT] [Fatal Error] :1:1: Premature end of file.
2025-01-29 23:49:27,450 [ERROR] LogOutputStream:75 - [STDERR_REDIRECT] 
2025-01-29 23:49:28,454 [ERROR] LogOutputStream:75 - [STDERR_REDIRECT] [Fatal Error] :1:1: Premature end of file.
2025-01-29 23:49:28,454 [ERROR] LogOutputStream:75 - [STDERR_REDIRECT] 
2025-01-29 23:49:29,448 [ERROR] LogOutputStream:75 - [STDERR_REDIRECT] [Fatal Error] :1:1: Premature end of file.
2025-01-29 23:49:29,448 [ERROR] LogOutputStream:75 - [STDERR_REDIRECT] 
2025-01-29 23:49:30,455 [ERROR] LogOutputStream:75 - [STDERR_REDIRECT] [Fatal Error] :1:1: Premature end of file.
2025-01-29 23:49:30,455 [ERROR] LogOutputStream:75 - [STDERR_REDIRECT] 
2025-01-29 23:49:31,457 [ERROR] LogOutputStream:75 - [STDERR_REDIRECT] [Fatal Error] :1:1: Premature end of file.
2025-01-29 23:49:31,457 [ERROR] LogOutputStream:75 - [STDERR_REDIRECT] 
2025-01-29 23:49:32,457 [ERROR] LogOutputStream:75 - [STDERR_REDIRECT] [Fatal Error] :1:1: Premature end of file.
2025-01-29 23:49:32,457 [ERROR] LogOutputStream:75 - [STDERR_REDIRECT] 
2025-01-29 23:49:33,456 [ERROR] LogOutputStream:75 - [STDERR_REDIRECT] [Fatal Error] :1:1: Premature end of file.
2025-01-29 23:49:33,456 [ERROR] LogOutputStream:75 - [STDERR_REDIRECT] 
2025-01-29 23:49:34,461 [ERROR] LogOutputStream:75 - [STDERR_REDIRECT] [Fatal Error] :1:1: Premature end of file.
2025-01-29 23:49:34,461 [ERROR] LogOutputStream:75 - [STDERR_REDIRECT] 
2025-01-29 23:49:35,447 [ERROR] LogOutputStream:75 - [STDERR_REDIRECT] [Fatal Error] :1:1: Premature end of file.
2025-01-29 23:49:35,447 [ERROR] LogOutputStream:75 - [STDERR_REDIRECT] 
2025-01-29 23:49:36,452 [ERROR] LogOutputStream:75 - [STDERR_REDIRECT] [Fatal Error] :1:1: Premature end of file.
2025-01-29 23:49:36,452 [ERROR] LogOutputStream:75 - [STDERR_REDIRECT] 
2025-01-29 23:49:37,459 [ERROR] LogOutputStream:75 - [STDERR_REDIRECT] [Fatal Error] :1:1: Premature end of file.
2025-01-29 23:49:37,459 [ERROR] LogOutputStream:75 - [STDERR_REDIRECT] 
2025-01-29 23:49:38,459 [ERROR] LogOutputStream:75 - [STDERR_REDIRECT] [Fatal Error] :1:1: Premature end of file.
2025-01-29 23:49:38,459 [ERROR] LogOutputStream:75 - [STDERR_REDIRECT] 
2025-01-29 23:49:39,457 [ERROR] LogOutputStream:75 - [STDERR_REDIRECT] [Fatal Error] :1:1: Premature end of file.
2025-01-29 23:49:39,457 [ERROR] LogOutputStream:75 - [STDERR_REDIRECT] 
2025-01-29 23:49:40,457 [ERROR] LogOutputStream:75 - [STDERR_REDIRECT] [Fatal Error] :1:1: Premature end of file.
2025-01-29 23:49:40,457 [ERROR] LogOutputStream:75 - [STDERR_REDIRECT] 
2025-01-29 23:49:41,454 [ERROR] LogOutputStream:75 - [STDERR_REDIRECT] [Fatal Error] :1:1: Premature end of file.
2025-01-29 23:49:41,454 [ERROR] LogOutputStream:75 - [STDERR_REDIRECT] 
2025-01-29 23:49:42,458 [ERROR] LogOutputStream:75 - [STDERR_REDIRECT] [Fatal Error] :1:1: Premature end of file.
2025-01-29 23:49:42,458 [ERROR] LogOutputStream:75 - [STDERR_REDIRECT] 
2025-01-29 23:49:43,457 [ERROR] LogOutputStream:75 - [STDERR_REDIRECT] [Fatal Error] :1:1: Premature end of file.
2025-01-29 23:49:43,457 [ERROR] LogOutputStream:75 - [STDERR_REDIRECT] 
2025-01-29 23:49:44,459 [ERROR] LogOutputStream:75 - [STDERR_REDIRECT] [Fatal Error] :1:1: Premature end of file.
2025-01-29 23:49:44,459 [ERROR] LogOutputStream:75 - [STDERR_REDIRECT] 
2025-01-29 23:49:45,459 [ERROR] LogOutputStream:75 - [STDERR_REDIRECT] [Fatal Error] :1:1: Premature end of file.
2025-01-29 23:49:45,459 [ERROR] LogOutputStream:75 - [STDERR_REDIRECT] 
2025-01-29 23:49:46,470 [ERROR] LogOutputStream:75 - [STDERR_REDIRECT] [Fatal Error] :1:1: Premature end of file.
2025-01-29 23:49:46,470 [ERROR] LogOutputStream:75 - [STDERR_REDIRECT] 
2025-01-29 23:49:47,452 [ERROR] LogOutputStream:75 - [STDERR_REDIRECT] [Fatal Error] :1:1: Premature end of file.
2025-01-29 23:49:47,452 [ERROR] LogOutputStream:75 - [STDERR_REDIRECT] 
2025-01-29 23:49:48,457 [ERROR] LogOutputStream:75 - [STDERR_REDIRECT] [Fatal Error] :1:1: Premature end of file.
2025-01-29 23:49:48,457 [ERROR] LogOutputStream:75 - [STDERR_REDIRECT] 
2025-01-29 23:49:49,469 [ERROR] LogOutputStream:75 - [STDERR_REDIRECT] [Fatal Error] :1:1: Premature end of file.
2025-01-29 23:49:49,469 [ERROR] LogOutputStream:75 - [STDERR_REDIRECT] 
2025-01-29 23:49:50,460 [ERROR] LogOutputStream:75 - [STDERR_REDIRECT] [Fatal Error] :1:1: Premature end of file.
2025-01-29 23:49:50,460 [ERROR] LogOutputStream:75 - [STDERR_REDIRECT] 
2025-01-29 23:49:51,449 [ERROR] LogOutputStream:75 - [STDERR_REDIRECT] [Fatal Error] :1:1: Premature end of file.
2025-01-29 23:49:51,450 [ERROR] LogOutputStream:75 - [STDERR_REDIRECT] 
2025-01-29 23:49:52,453 [ERROR] LogOutputStream:75 - [STDERR_REDIRECT] [Fatal Error] :1:1: Premature end of file.
2025-01-29 23:49:52,453 [ERROR] LogOutputStream:75 - [STDERR_REDIRECT] 
2025-01-29 23:49:53,462 [ERROR] LogOutputStream:75 - [STDERR_REDIRECT] [Fatal Error] :1:1: Premature end of file.
2025-01-29 23:49:53,462 [ERROR] LogOutputStream:75 - [STDERR_REDIRECT] 
2025-01-29 23:49:54,452 [ERROR] LogOutputStream:75 - [STDERR_REDIRECT] [Fatal Error] :1:1: Premature end of file.
2025-01-29 23:49:54,452 [ERROR] LogOutputStream:75 - [STDERR_REDIRECT] 
2025-01-29 23:49:55,472 [ERROR] LogOutputStream:75 - [STDERR_REDIRECT] [Fatal Error] :1:1: Premature end of file.
2025-01-29 23:49:55,472 [ERROR] LogOutputStream:75 - [STDERR_REDIRECT] 
2025-01-29 23:49:56,469 [ERROR] LogOutputStream:75 - [STDERR_REDIRECT] [Fatal Error] :1:1: Premature end of file.
2025-01-29 23:49:56,470 [ERROR] LogOutputStream:75 - [STDERR_REDIRECT] 
2025-01-29 23:49:57,488 [ERROR] LogOutputStream:75 - [STDERR_REDIRECT] [Fatal Error] :1:1: Premature end of file.
2025-01-29 23:49:57,488 [ERROR] LogOutputStream:75 - [STDERR_REDIRECT] 
2025-01-29 23:49:58,453 [ERROR] LogOutputStream:75 - [STDERR_REDIRECT] [Fatal Error] :1:1: Premature end of file.
2025-01-29 23:49:58,453 [ERROR] LogOutputStream:75 - [STDERR_REDIRECT] 
2025-01-29 23:49:59,452 [ERROR] LogOutputStream:75 - [STDERR_REDIRECT] [Fatal Error] :1:1: Premature end of file.
2025-01-29 23:49:59,452 [ERROR] LogOutputStream:75 - [STDERR_REDIRECT] 
2025-01-29 23:50:00,452 [ERROR] LogOutputStream:75 - [STDERR_REDIRECT] [Fatal Error] :1:1: Premature end of file.
2025-01-29 23:50:00,452 [ERROR] LogOutputStream:75 - [STDERR_REDIRECT] 
2025-01-29 23:50:01,453 [ERROR] LogOutputStream:75 - [STDERR_REDIRECT] [Fatal Error] :1:1: Premature end of file.
2025-01-29 23:50:01,453 [ERROR] LogOutputStream:75 - [STDERR_REDIRECT] 
2025-01-29 23:50:02,454 [ERROR] LogOutputStream:75 - [STDERR_REDIRECT] [Fatal Error] :1:1: Premature end of file.
2025-01-29 23:50:02,454 [ERROR] LogOutputStream:75 - [STDERR_REDIRECT] 
2025-01-29 23:50:03,463 [ERROR] LogOutputStream:75 - [STDERR_REDIRECT] [Fatal Error] :1:1: Premature end of file.
2025-01-29 23:50:03,463 [ERROR] LogOutputStream:75 - [STDERR_REDIRECT] 
2025-01-29 23:50:04,454 [ERROR] LogOutputStream:75 - [STDERR_REDIRECT] [Fatal Error] :1:1: Premature end of file.
2025-01-29 23:50:04,456 [ERROR] LogOutputStream:75 - [STDERR_REDIRECT] 
2025-01-29 23:50:05,453 [ERROR] LogOutputStream:75 - [STDERR_REDIRECT] [Fatal Error] :1:1: Premature end of file.
2025-01-29 23:50:05,454 [ERROR] LogOutputStream:75 - [STDERR_REDIRECT] 
2025-01-29 23:50:06,462 [ERROR] LogOutputStream:75 - [STDERR_REDIRECT] [Fatal Error] :1:1: Premature end of file.
2025-01-29 23:50:06,462 [ERROR] LogOutputStream:75 - [STDERR_REDIRECT] 
2025-01-29 23:50:07,467 [ERROR] LogOutputStream:75 - [STDERR_REDIRECT] [Fatal Error] :1:1: Premature end of file.
2025-01-29 23:50:07,467 [ERROR] LogOutputStream:75 - [STDERR_REDIRECT] 
2025-01-29 23:50:08,468 [ERROR] LogOutputStream:75 - [STDERR_REDIRECT] [Fatal Error] :1:1: Premature end of file.
2025-01-29 23:50:08,468 [ERROR] LogOutputStream:75 - [STDERR_REDIRECT] 
2025-01-29 23:50:09,460 [ERROR] LogOutputStream:75 - [STDERR_REDIRECT] [Fatal Error] :1:1: Premature end of file.
2025-01-29 23:50:09,460 [ERROR] LogOutputStream:75 - [STDERR_REDIRECT] 
2025-01-29 23:50:10,468 [ERROR] LogOutputStream:75 - [STDERR_REDIRECT] [Fatal Error] :1:1: Premature end of file.
2025-01-29 23:50:10,468 [ERROR] LogOutputStream:75 - [STDERR_REDIRECT] 
2025-01-29 23:50:11,483 [ERROR] LogOutputStream:75 - [STDERR_REDIRECT] [Fatal Error] :1:1: Premature end of file.
2025-01-29 23:50:11,483 [ERROR] LogOutputStream:75 - [STDERR_REDIRECT] 
2025-01-29 23:50:12,468 [ERROR] LogOutputStream:75 - [STDERR_REDIRECT] [Fatal Error] :1:1: Premature end of file.
2025-01-29 23:50:12,468 [ERROR] LogOutputStream:75 - [STDERR_REDIRECT] 
2025-01-29 23:50:13,467 [ERROR] LogOutputStream:75 - [STDERR_REDIRECT] [Fatal Error] :1:1: Premature end of file.
2025-01-29 23:50:13,467 [ERROR] LogOutputStream:75 - [STDERR_REDIRECT] 
2025-01-29 23:50:14,468 [ERROR] LogOutputStream:75 - [STDERR_REDIRECT] [Fatal Error] :1:1: Premature end of file.
2025-01-29 23:50:14,468 [ERROR] LogOutputStream:75 - [STDERR_REDIRECT] 
2025-01-29 23:50:15,467 [ERROR] LogOutputStream:75 - [STDERR_REDIRECT] [Fatal Error] :1:1: Premature end of file.
2025-01-29 23:50:15,467 [ERROR] LogOutputStream:75 - [STDERR_REDIRECT] 
2025-01-29 23:50:16,476 [ERROR] LogOutputStream:75 - [STDERR_REDIRECT] [Fatal Error] :1:1: Premature end of file.
2025-01-29 23:50:16,476 [ERROR] LogOutputStream:75 - [STDERR_REDIRECT] 
2025-01-29 23:50:17,486 [ERROR] LogOutputStream:75 - [STDERR_REDIRECT] [Fatal Error] :1:1: Premature end of file.
2025-01-29 23:50:17,486 [ERROR] LogOutputStream:75 - [STDERR_REDIRECT] 
2025-01-29 23:50:18,477 [ERROR] LogOutputStream:75 - [STDERR_REDIRECT] [Fatal Error] :1:1: Premature end of file.
2025-01-29 23:50:18,477 [ERROR] LogOutputStream:75 - [STDERR_REDIRECT] 
2025-01-29 23:50:19,485 [ERROR] LogOutputStream:75 - [STDERR_REDIRECT] [Fatal Error] :1:1: Premature end of file.
2025-01-29 23:50:19,485 [ERROR] LogOutputStream:75 - [STDERR_REDIRECT] 
2025-01-29 23:50:20,478 [ERROR] LogOutputStream:75 - [STDERR_REDIRECT] [Fatal Error] :1:1: Premature end of file.
2025-01-29 23:50:20,478 [ERROR] LogOutputStream:75 - [STDERR_REDIRECT] 
2025-01-29 23:50:21,471 [ERROR] LogOutputStream:75 - [STDERR_REDIRECT] [Fatal Error] :1:1: Premature end of file.
2025-01-29 23:50:21,471 [ERROR] LogOutputStream:75 - [STDERR_REDIRECT] 
2025-01-29 23:50:22,460 [ERROR] LogOutputStream:75 - [STDERR_REDIRECT] [Fatal Error] :1:1: Premature end of file.
2025-01-29 23:50:22,460 [ERROR] LogOutputStream:75 - [STDERR_REDIRECT] 
2025-01-29 23:50:23,472 [ERROR] LogOutputStream:75 - [STDERR_REDIRECT] [Fatal Error] :1:1: Premature end of file.
2025-01-29 23:50:23,472 [ERROR] LogOutputStream:75 - [STDERR_REDIRECT] 
2025-01-29 23:50:24,464 [ERROR] LogOutputStream:75 - [STDERR_REDIRECT] [Fatal Error] :1:1: Premature end of file.
2025-01-29 23:50:24,464 [ERROR] LogOutputStream:75 - [STDERR_REDIRECT] 
2025-01-29 23:50:25,470 [ERROR] LogOutputStream:75 - [STDERR_REDIRECT] [Fatal Error] :1:1: Premature end of file.
2025-01-29 23:50:25,470 [ERROR] LogOutputStream:75 - [STDERR_REDIRECT] 
2025-01-29 23:50:26,465 [ERROR] LogOutputStream:75 - [STDERR_REDIRECT] [Fatal Error] :1:1: Premature end of file.
2025-01-29 23:50:26,465 [ERROR] LogOutputStream:75 - [STDERR_REDIRECT] 
2025-01-29 23:50:27,449 [ERROR] LogOutputStream:75 - [STDERR_REDIRECT] [Fatal Error] :1:1: Premature end of file.
2025-01-29 23:50:27,449 [ERROR] LogOutputStream:75 - [STDERR_REDIRECT] 
2025-01-29 23:50:28,464 [ERROR] LogOutputStream:75 - [STDERR_REDIRECT] [Fatal Error] :1:1: Premature end of file.
2025-01-29 23:50:28,464 [ERROR] LogOutputStream:75 - [STDERR_REDIRECT] 
2025-01-29 23:50:29,463 [ERROR] LogOutputStream:75 - [STDERR_REDIRECT] [Fatal Error] :1:1: Premature end of file.
2025-01-29 23:50:29,463 [ERROR] LogOutputStream:75 - [STDERR_REDIRECT] 
2025-01-29 23:50:30,450 [ERROR] LogOutputStream:75 - [STDERR_REDIRECT] [Fatal Error] :1:1: Premature end of file.
2025-01-29 23:50:30,450 [ERROR] LogOutputStream:75 - [STDERR_REDIRECT] 
2025-01-29 23:50:31,461 [ERROR] LogOutputStream:75 - [STDERR_REDIRECT] [Fatal Error] :1:1: Premature end of file.
2025-01-29 23:50:31,461 [ERROR] LogOutputStream:75 - [STDERR_REDIRECT] 
2025-01-29 23:50:32,454 [ERROR] LogOutputStream:75 - [STDERR_REDIRECT] [Fatal Error] :1:1: Premature end of file.
2025-01-29 23:50:32,454 [ERROR] LogOutputStream:75 - [STDERR_REDIRECT] 
2025-01-29 23:50:33,469 [ERROR] LogOutputStream:75 - [STDERR_REDIRECT] [Fatal Error] :1:1: Premature end of file.
2025-01-29 23:50:33,469 [ERROR] LogOutputStream:75 - [STDERR_REDIRECT] 
2025-01-29 23:50:34,475 [ERROR] LogOutputStream:75 - [STDERR_REDIRECT] [Fatal Error] :1:1: Premature end of file.
2025-01-29 23:50:34,475 [ERROR] LogOutputStream:75 - [STDERR_REDIRECT] 
2025-01-29 23:50:35,469 [ERROR] LogOutputStream:75 - [STDERR_REDIRECT] [Fatal Error] :1:1: Premature end of file.
2025-01-29 23:50:35,469 [ERROR] LogOutputStream:75 - [STDERR_REDIRECT] 
2025-01-29 23:50:36,474 [ERROR] LogOutputStream:75 - [STDERR_REDIRECT] [Fatal Error] :1:1: Premature end of file.
2025-01-29 23:50:36,474 [ERROR] LogOutputStream:75 - [STDERR_REDIRECT] 
2025-01-29 23:50:37,457 [ERROR] LogOutputStream:75 - [STDERR_REDIRECT] [Fatal Error] :1:1: Premature end of file.
2025-01-29 23:50:37,457 [ERROR] LogOutputStream:75 - [STDERR_REDIRECT] 
2025-01-29 23:50:38,462 [ERROR] LogOutputStream:75 - [STDERR_REDIRECT] [Fatal Error] :1:1: Premature end of file.
2025-01-29 23:50:38,462 [ERROR] LogOutputStream:75 - [STDERR_REDIRECT] 
2025-01-29 23:50:39,458 [ERROR] LogOutputStream:75 - [STDERR_REDIRECT] [Fatal Error] :1:1: Premature end of file.
2025-01-29 23:50:39,458 [ERROR] LogOutputStream:75 - [STDERR_REDIRECT] 
2025-01-29 23:50:40,477 [ERROR] LogOutputStream:75 - [STDERR_REDIRECT] [Fatal Error] :1:1: Premature end of file.
2025-01-29 23:50:40,477 [ERROR] LogOutputStream:75 - [STDERR_REDIRECT] 
2025-01-29 23:50:41,472 [ERROR] LogOutputStream:75 - [STDERR_REDIRECT] [Fatal Error] :1:1: Premature end of file.
2025-01-29 23:50:41,472 [ERROR] LogOutputStream:75 - [STDERR_REDIRECT] 
2025-01-29 23:50:42,463 [ERROR] LogOutputStream:75 - [STDERR_REDIRECT] [Fatal Error] :1:1: Premature end of file.
2025-01-29 23:50:42,463 [ERROR] LogOutputStream:75 - [STDERR_REDIRECT] 
2025-01-29 23:50:43,467 [ERROR] LogOutputStream:75 - [STDERR_REDIRECT] [Fatal Error] :1:1: Premature end of file.
2025-01-29 23:50:43,467 [ERROR] LogOutputStream:75 - [STDERR_REDIRECT] 
2025-01-29 23:50:44,483 [ERROR] LogOutputStream:75 - [STDERR_REDIRECT] [Fatal Error] :1:1: Premature end of file.
2025-01-29 23:50:44,483 [ERROR] LogOutputStream:75 - [STDERR_REDIRECT] 
2025-01-29 23:50:45,502 [ERROR] LogOutputStream:75 - [STDERR_REDIRECT] [Fatal Error] :1:1: Premature end of file.
2025-01-29 23:50:45,502 [ERROR] LogOutputStream:75 - [STDERR_REDIRECT] 
2025-01-29 23:50:46,468 [ERROR] LogOutputStream:75 - [STDERR_REDIRECT] [Fatal Error] :1:1: Premature end of file.
2025-01-29 23:50:46,468 [ERROR] LogOutputStream:75 - [STDERR_REDIRECT] 
2025-01-29 23:50:47,466 [ERROR] LogOutputStream:75 - [STDERR_REDIRECT] [Fatal Error] :1:1: Premature end of file.
2025-01-29 23:50:47,466 [ERROR] LogOutputStream:75 - [STDERR_REDIRECT] 
2025-01-29 23:50:48,474 [ERROR] LogOutputStream:75 - [STDERR_REDIRECT] [Fatal Error] :1:1: Premature end of file.
2025-01-29 23:50:48,474 [ERROR] LogOutputStream:75 - [STDERR_REDIRECT] 
2025-01-29 23:50:49,468 [ERROR] LogOutputStream:75 - [STDERR_REDIRECT] [Fatal Error] :1:1: Premature end of file.
2025-01-29 23:50:49,468 [ERROR] LogOutputStream:75 - [STDERR_REDIRECT] 
2025-01-29 23:50:50,478 [ERROR] LogOutputStream:75 - [STDERR_REDIRECT] [Fatal Error] :1:1: Premature end of file.
2025-01-29 23:50:50,478 [ERROR] LogOutputStream:75 - [STDERR_REDIRECT] 
2025-01-29 23:50:51,461 [ERROR] LogOutputStream:75 - [STDERR_REDIRECT] [Fatal Error] :1:1: Premature end of file.
2025-01-29 23:50:51,462 [ERROR] LogOutputStream:75 - [STDERR_REDIRECT] 
2025-01-29 23:50:52,469 [ERROR] LogOutputStream:75 - [STDERR_REDIRECT] [Fatal Error] :1:1: Premature end of file.
2025-01-29 23:50:52,469 [ERROR] LogOutputStream:75 - [STDERR_REDIRECT] 
2025-01-29 23:50:53,482 [ERROR] LogOutputStream:75 - [STDERR_REDIRECT] [Fatal Error] :1:1: Premature end of file.
2025-01-29 23:50:53,484 [ERROR] LogOutputStream:75 - [STDERR_REDIRECT] 
2025-01-29 23:50:54,465 [ERROR] LogOutputStream:75 - [STDERR_REDIRECT] [Fatal Error] :1:1: Premature end of file.
2025-01-29 23:50:54,465 [ERROR] LogOutputStream:75 - [STDERR_REDIRECT] 
2025-01-29 23:50:55,449 [ERROR] LogOutputStream:75 - [STDERR_REDIRECT] [Fatal Error] :1:1: Premature end of file.
2025-01-29 23:50:55,449 [ERROR] LogOutputStream:75 - [STDERR_REDIRECT] 
2025-01-29 23:50:56,467 [ERROR] LogOutputStream:75 - [STDERR_REDIRECT] [Fatal Error] :1:1: Premature end of file.
2025-01-29 23:50:56,467 [ERROR] LogOutputStream:75 - [STDERR_REDIRECT] 
2025-01-29 23:50:57,452 [ERROR] LogOutputStream:75 - [STDERR_REDIRECT] [Fatal Error] :1:1: Premature end of file.
2025-01-29 23:50:57,452 [ERROR] LogOutputStream:75 - [STDERR_REDIRECT] 
2025-01-29 23:50:58,478 [ERROR] LogOutputStream:75 - [STDERR_REDIRECT] [Fatal Error] :1:1: Premature end of file.
2025-01-29 23:50:58,478 [ERROR] LogOutputStream:75 - [STDERR_REDIRECT] 
2025-01-29 23:50:59,482 [ERROR] LogOutputStream:75 - [STDERR_REDIRECT] [Fatal Error] :1:1: Premature end of file.
2025-01-29 23:50:59,482 [ERROR] LogOutputStream:75 - [STDERR_REDIRECT] 
2025-01-29 23:51:00,452 [ERROR] LogOutputStream:75 - [STDERR_REDIRECT] [Fatal Error] :1:1: Premature end of file.
2025-01-29 23:51:00,452 [ERROR] LogOutputStream:75 - [STDERR_REDIRECT] 
2025-01-29 23:51:01,458 [ERROR] LogOutputStream:75 - [STDERR_REDIRECT] [Fatal Error] :1:1: Premature end of file.
2025-01-29 23:51:01,459 [ERROR] LogOutputStream:75 - [STDERR_REDIRECT] 
2025-01-29 23:51:02,479 [ERROR] LogOutputStream:75 - [STDERR_REDIRECT] [Fatal Error] :1:1: Premature end of file.
2025-01-29 23:51:02,479 [ERROR] LogOutputStream:75 - [STDERR_REDIRECT] 
2025-01-29 23:51:03,461 [ERROR] LogOutputStream:75 - [STDERR_REDIRECT] [Fatal Error] :1:1: Premature end of file.
2025-01-29 23:51:03,462 [ERROR] LogOutputStream:75 - [STDERR_REDIRECT] 
2025-01-29 23:51:04,467 [ERROR] LogOutputStream:75 - [STDERR_REDIRECT] [Fatal Error] :1:1: Premature end of file.
2025-01-29 23:51:04,467 [ERROR] LogOutputStream:75 - [STDERR_REDIRECT] 
2025-01-29 23:51:05,452 [ERROR] LogOutputStream:75 - [STDERR_REDIRECT] [Fatal Error] :1:1: Premature end of file.
2025-01-29 23:51:05,452 [ERROR] LogOutputStream:75 - [STDERR_REDIRECT] 
2025-01-29 23:51:06,466 [ERROR] LogOutputStream:75 - [STDERR_REDIRECT] [Fatal Error] :1:1: Premature end of file.
2025-01-29 23:51:06,466 [ERROR] LogOutputStream:75 - [STDERR_REDIRECT] 
2025-01-29 23:51:07,455 [ERROR] LogOutputStream:75 - [STDERR_REDIRECT] [Fatal Error] :1:1: Premature end of file.
2025-01-29 23:51:07,455 [ERROR] LogOutputStream:75 - [STDERR_REDIRECT] 
2025-01-29 23:51:08,457 [ERROR] LogOutputStream:75 - [STDERR_REDIRECT] [Fatal Error] :1:1: Premature end of file.
2025-01-29 23:51:08,458 [ERROR] LogOutputStream:75 - [STDERR_REDIRECT] 
2025-01-29 23:51:09,475 [ERROR] LogOutputStream:75 - [STDERR_REDIRECT] [Fatal Error] :1:1: Premature end of file.
2025-01-29 23:51:09,475 [ERROR] LogOutputStream:75 - [STDERR_REDIRECT] 
2025-01-29 23:51:10,471 [ERROR] LogOutputStream:75 - [STDERR_REDIRECT] [Fatal Error] :1:1: Premature end of file.
2025-01-29 23:51:10,472 [ERROR] LogOutputStream:75 - [STDERR_REDIRECT] 
2025-01-29 23:51:11,462 [ERROR] LogOutputStream:75 - [STDERR_REDIRECT] [Fatal Error] :1:1: Premature end of file.
2025-01-29 23:51:11,462 [ERROR] LogOutputStream:75 - [STDERR_REDIRECT] 
2025-01-29 23:51:12,472 [ERROR] LogOutputStream:75 - [STDERR_REDIRECT] [Fatal Error] :1:1: Premature end of file.
2025-01-29 23:51:12,472 [ERROR] LogOutputStream:75 - [STDERR_REDIRECT] 
2025-01-29 23:51:13,460 [ERROR] LogOutputStream:75 - [STDERR_REDIRECT] [Fatal Error] :1:1: Premature end of file.
2025-01-29 23:51:13,460 [ERROR] LogOutputStream:75 - [STDERR_REDIRECT] 
2025-01-29 23:51:14,478 [ERROR] LogOutputStream:75 - [STDERR_REDIRECT] [Fatal Error] :1:1: Premature end of file.
2025-01-29 23:51:14,478 [ERROR] LogOutputStream:75 - [STDERR_REDIRECT] 
2025-01-29 23:51:15,465 [ERROR] LogOutputStream:75 - [STDERR_REDIRECT] [Fatal Error] :1:1: Premature end of file.
2025-01-29 23:51:15,465 [ERROR] LogOutputStream:75 - [STDERR_REDIRECT] 
2025-01-29 23:51:16,464 [ERROR] LogOutputStream:75 - [STDERR_REDIRECT] [Fatal Error] :1:1: Premature end of file.
2025-01-29 23:51:16,464 [ERROR] LogOutputStream:75 - [STDERR_REDIRECT] 
2025-01-29 23:51:17,468 [ERROR] LogOutputStream:75 - [STDERR_REDIRECT] [Fatal Error] :1:1: Premature end of file.
2025-01-29 23:51:17,468 [ERROR] LogOutputStream:75 - [STDERR_REDIRECT] 
2025-01-29 23:51:18,464 [ERROR] LogOutputStream:75 - [STDERR_REDIRECT] [Fatal Error] :1:1: Premature end of file.
2025-01-29 23:51:18,464 [ERROR] LogOutputStream:75 - [STDERR_REDIRECT] 
2025-01-29 23:51:19,461 [ERROR] LogOutputStream:75 - [STDERR_REDIRECT] [Fatal Error] :1:1: Premature end of file.
2025-01-29 23:51:19,461 [ERROR] LogOutputStream:75 - [STDERR_REDIRECT] 
2025-01-29 23:51:20,462 [ERROR] LogOutputStream:75 - [STDERR_REDIRECT] [Fatal Error] :1:1: Premature end of file.
2025-01-29 23:51:20,462 [ERROR] LogOutputStream:75 - [STDERR_REDIRECT] 
2025-01-29 23:51:21,460 [ERROR] LogOutputStream:75 - [STDERR_REDIRECT] [Fatal Error] :1:1: Premature end of file.
2025-01-29 23:51:21,460 [ERROR] LogOutputStream:75 - [STDERR_REDIRECT] 
2025-01-29 23:51:22,462 [ERROR] LogOutputStream:75 - [STDERR_REDIRECT] [Fatal Error] :1:1: Premature end of file.
2025-01-29 23:51:22,462 [ERROR] LogOutputStream:75 - [STDERR_REDIRECT] 
2025-01-29 23:51:23,474 [ERROR] LogOutputStream:75 - [STDERR_REDIRECT] [Fatal Error] :1:1: Premature end of file.
2025-01-29 23:51:23,474 [ERROR] LogOutputStream:75 - [STDERR_REDIRECT] 
2025-01-29 23:51:24,451 [ERROR] LogOutputStream:75 - [STDERR_REDIRECT] [Fatal Error] :1:1: Premature end of file.
2025-01-29 23:51:24,451 [ERROR] LogOutputStream:75 - [STDERR_REDIRECT] 
2025-01-29 23:51:25,465 [ERROR] LogOutputStream:75 - [STDERR_REDIRECT] [Fatal Error] :1:1: Premature end of file.
2025-01-29 23:51:25,465 [ERROR] LogOutputStream:75 - [STDERR_REDIRECT] 
2025-01-29 23:51:26,477 [ERROR] LogOutputStream:75 - [STDERR_REDIRECT] [Fatal Error] :1:1: Premature end of file.
2025-01-29 23:51:26,477 [ERROR] LogOutputStream:75 - [STDERR_REDIRECT] 
2025-01-29 23:51:27,467 [ERROR] LogOutputStream:75 - [STDERR_REDIRECT] [Fatal Error] :1:1: Premature end of file.
2025-01-29 23:51:27,467 [ERROR] LogOutputStream:75 - [STDERR_REDIRECT] 
2025-01-29 23:51:28,468 [ERROR] LogOutputStream:75 - [STDERR_REDIRECT] [Fatal Error] :1:1: Premature end of file.
2025-01-29 23:51:28,468 [ERROR] LogOutputStream:75 - [STDERR_REDIRECT] 
2025-01-29 23:51:29,482 [ERROR] LogOutputStream:75 - [STDERR_REDIRECT] [Fatal Error] :1:1: Premature end of file.
2025-01-29 23:51:29,482 [ERROR] LogOutputStream:75 - [STDERR_REDIRECT] 
2025-01-29 23:51:30,467 [ERROR] LogOutputStream:75 - [STDERR_REDIRECT] [Fatal Error] :1:1: Premature end of file.
2025-01-29 23:51:30,467 [ERROR] LogOutputStream:75 - [STDERR_REDIRECT] 
2025-01-29 23:51:31,485 [ERROR] LogOutputStream:75 - [STDERR_REDIRECT] [Fatal Error] :1:1: Premature end of file.
2025-01-29 23:51:31,485 [ERROR] LogOutputStream:75 - [STDERR_REDIRECT] 
2025-01-29 23:51:32,449 [ERROR] LogOutputStream:75 - [STDERR_REDIRECT] [Fatal Error] :1:1: Premature end of file.
2025-01-29 23:51:32,449 [ERROR] LogOutputStream:75 - [STDERR_REDIRECT] 
2025-01-29 23:51:33,458 [ERROR] LogOutputStream:75 - [STDERR_REDIRECT] [Fatal Error] :1:1: Premature end of file.
2025-01-29 23:51:33,458 [ERROR] LogOutputStream:75 - [STDERR_REDIRECT] 
2025-01-29 23:51:34,465 [ERROR] LogOutputStream:75 - [STDERR_REDIRECT] [Fatal Error] :1:1: Premature end of file.
2025-01-29 23:51:34,465 [ERROR] LogOutputStream:75 - [STDERR_REDIRECT] 
2025-01-29 23:51:35,470 [ERROR] LogOutputStream:75 - [STDERR_REDIRECT] [Fatal Error] :1:1: Premature end of file.
2025-01-29 23:51:35,470 [ERROR] LogOutputStream:75 - [STDERR_REDIRECT] 
2025-01-29 23:51:36,469 [ERROR] LogOutputStream:75 - [STDERR_REDIRECT] [Fatal Error] :1:1: Premature end of file.
2025-01-29 23:51:36,469 [ERROR] LogOutputStream:75 - [STDERR_REDIRECT] 
2025-01-29 23:51:37,474 [ERROR] LogOutputStream:75 - [STDERR_REDIRECT] [Fatal Error] :1:1: Premature end of file.
2025-01-29 23:51:37,474 [ERROR] LogOutputStream:75 - [STDERR_REDIRECT] 
2025-01-29 23:51:38,461 [ERROR] LogOutputStream:75 - [STDERR_REDIRECT] [Fatal Error] :1:1: Premature end of file.
2025-01-29 23:51:38,461 [ERROR] LogOutputStream:75 - [STDERR_REDIRECT] 
2025-01-29 23:51:39,462 [ERROR] LogOutputStream:75 - [STDERR_REDIRECT] [Fatal Error] :1:1: Premature end of file.
2025-01-29 23:51:39,462 [ERROR] LogOutputStream:75 - [STDERR_REDIRECT] 
2025-01-29 23:51:40,467 [ERROR] LogOutputStream:75 - [STDERR_REDIRECT] [Fatal Error] :1:1: Premature end of file.
2025-01-29 23:51:40,467 [ERROR] LogOutputStream:75 - [STDERR_REDIRECT] 
2025-01-29 23:51:41,480 [ERROR] LogOutputStream:75 - [STDERR_REDIRECT] [Fatal Error] :1:1: Premature end of file.
2025-01-29 23:51:41,480 [ERROR] LogOutputStream:75 - [STDERR_REDIRECT] 
2025-01-29 23:51:42,473 [ERROR] LogOutputStream:75 - [STDERR_REDIRECT] [Fatal Error] :1:1: Premature end of file.
2025-01-29 23:51:42,473 [ERROR] LogOutputStream:75 - [STDERR_REDIRECT] 
2025-01-29 23:51:43,468 [ERROR] LogOutputStream:75 - [STDERR_REDIRECT] [Fatal Error] :1:1: Premature end of file.
2025-01-29 23:51:43,468 [ERROR] LogOutputStream:75 - [STDERR_REDIRECT] 
2025-01-29 23:51:44,479 [ERROR] LogOutputStream:75 - [STDERR_REDIRECT] [Fatal Error] :1:1: Premature end of file.
2025-01-29 23:51:44,479 [ERROR] LogOutputStream:75 - [STDERR_REDIRECT] 
2025-01-29 23:51:45,460 [ERROR] LogOutputStream:75 - [STDERR_REDIRECT] [Fatal Error] :1:1: Premature end of file.
2025-01-29 23:51:45,461 [ERROR] LogOutputStream:75 - [STDERR_REDIRECT] 
2025-01-29 23:51:46,465 [ERROR] LogOutputStream:75 - [STDERR_REDIRECT] [Fatal Error] :1:1: Premature end of file.
2025-01-29 23:51:46,465 [ERROR] LogOutputStream:75 - [STDERR_REDIRECT] 
2025-01-29 23:51:47,477 [ERROR] LogOutputStream:75 - [STDERR_REDIRECT] [Fatal Error] :1:1: Premature end of file.
2025-01-29 23:51:47,477 [ERROR] LogOutputStream:75 - [STDERR_REDIRECT] 
2025-01-29 23:51:48,472 [ERROR] LogOutputStream:75 - [STDERR_REDIRECT] [Fatal Error] :1:1: Premature end of file.
2025-01-29 23:51:48,472 [ERROR] LogOutputStream:75 - [STDERR_REDIRECT] 
2025-01-29 23:51:49,470 [ERROR] LogOutputStream:75 - [STDERR_REDIRECT] [Fatal Error] :1:1: Premature end of file.
2025-01-29 23:51:49,470 [ERROR] LogOutputStream:75 - [STDERR_REDIRECT] 
2025-01-29 23:51:50,459 [ERROR] LogOutputStream:75 - [STDERR_REDIRECT] [Fatal Error] :1:1: Premature end of file.
2025-01-29 23:51:50,459 [ERROR] LogOutputStream:75 - [STDERR_REDIRECT] 
2025-01-29 23:51:51,463 [ERROR] LogOutputStream:75 - [STDERR_REDIRECT] [Fatal Error] :1:1: Premature end of file.
2025-01-29 23:51:51,463 [ERROR] LogOutputStream:75 - [STDERR_REDIRECT] 
2025-01-29 23:51:52,501 [ERROR] LogOutputStream:75 - [STDERR_REDIRECT] [Fatal Error] :1:1: Premature end of file.
2025-01-29 23:51:52,501 [ERROR] LogOutputStream:75 - [STDERR_REDIRECT] 
2025-01-29 23:51:53,467 [ERROR] LogOutputStream:75 - [STDERR_REDIRECT] [Fatal Error] :1:1: Premature end of file.
2025-01-29 23:51:53,467 [ERROR] LogOutputStream:75 - [STDERR_REDIRECT] 
2025-01-29 23:51:54,460 [ERROR] LogOutputStream:75 - [STDERR_REDIRECT] [Fatal Error] :1:1: Premature end of file.
2025-01-29 23:51:54,460 [ERROR] LogOutputStream:75 - [STDERR_REDIRECT] 
2025-01-29 23:51:55,474 [ERROR] LogOutputStream:75 - [STDERR_REDIRECT] [Fatal Error] :1:1: Premature end of file.
2025-01-29 23:51:55,474 [ERROR] LogOutputStream:75 - [STDERR_REDIRECT] 
2025-01-29 23:51:56,452 [ERROR] LogOutputStream:75 - [STDERR_REDIRECT] [Fatal Error] :1:1: Premature end of file.
2025-01-29 23:51:56,454 [ERROR] LogOutputStream:75 - [STDERR_REDIRECT] 
2025-01-29 23:51:57,484 [ERROR] LogOutputStream:75 - [STDERR_REDIRECT] [Fatal Error] :1:1: Premature end of file.
2025-01-29 23:51:57,484 [ERROR] LogOutputStream:75 - [STDERR_REDIRECT] 
2025-01-29 23:51:58,451 [ERROR] LogOutputStream:75 - [STDERR_REDIRECT] [Fatal Error] :1:1: Premature end of file.
2025-01-29 23:51:58,451 [ERROR] LogOutputStream:75 - [STDERR_REDIRECT] 
2025-01-29 23:51:59,461 [ERROR] LogOutputStream:75 - [STDERR_REDIRECT] [Fatal Error] :1:1: Premature end of file.
2025-01-29 23:51:59,461 [ERROR] LogOutputStream:75 - [STDERR_REDIRECT] 
2025-01-29 23:52:00,455 [ERROR] LogOutputStream:75 - [STDERR_REDIRECT] [Fatal Error] :1:1: Premature end of file.
2025-01-29 23:52:00,455 [ERROR] LogOutputStream:75 - [STDERR_REDIRECT] 
2025-01-29 23:52:01,459 [ERROR] LogOutputStream:75 - [STDERR_REDIRECT] [Fatal Error] :1:1: Premature end of file.
2025-01-29 23:52:01,459 [ERROR] LogOutputStream:75 - [STDERR_REDIRECT] 
2025-01-29 23:52:02,462 [ERROR] LogOutputStream:75 - [STDERR_REDIRECT] [Fatal Error] :1:1: Premature end of file.
2025-01-29 23:52:02,462 [ERROR] LogOutputStream:75 - [STDERR_REDIRECT] 
2025-01-29 23:52:03,485 [ERROR] LogOutputStream:75 - [STDERR_REDIRECT] [Fatal Error] :1:1: Premature end of file.
2025-01-29 23:52:03,485 [ERROR] LogOutputStream:75 - [STDERR_REDIRECT] 
2025-01-29 23:52:04,451 [ERROR] LogOutputStream:75 - [STDERR_REDIRECT] [Fatal Error] :1:1: Premature end of file.
2025-01-29 23:52:04,451 [ERROR] LogOutputStream:75 - [STDERR_REDIRECT] 
2025-01-29 23:52:05,465 [ERROR] LogOutputStream:75 - [STDERR_REDIRECT] [Fatal Error] :1:1: Premature end of file.
2025-01-29 23:52:05,465 [ERROR] LogOutputStream:75 - [STDERR_REDIRECT] 
2025-01-29 23:52:06,449 [ERROR] LogOutputStream:75 - [STDERR_REDIRECT] [Fatal Error] :1:1: Premature end of file.
2025-01-29 23:52:06,449 [ERROR] LogOutputStream:75 - [STDERR_REDIRECT] 
2025-01-29 23:52:07,468 [ERROR] LogOutputStream:75 - [STDERR_REDIRECT] [Fatal Error] :1:1: Premature end of file.
2025-01-29 23:52:07,470 [ERROR] LogOutputStream:75 - [STDERR_REDIRECT] 
2025-01-29 23:52:08,457 [ERROR] LogOutputStream:75 - [STDERR_REDIRECT] [Fatal Error] :1:1: Premature end of file.
2025-01-29 23:52:08,457 [ERROR] LogOutputStream:75 - [STDERR_REDIRECT] 
2025-01-29 23:52:09,482 [ERROR] LogOutputStream:75 - [STDERR_REDIRECT] [Fatal Error] :1:1: Premature end of file.
2025-01-29 23:52:09,482 [ERROR] LogOutputStream:75 - [STDERR_REDIRECT] 
2025-01-29 23:52:10,477 [ERROR] LogOutputStream:75 - [STDERR_REDIRECT] [Fatal Error] :1:1: Premature end of file.
2025-01-29 23:52:10,477 [ERROR] LogOutputStream:75 - [STDERR_REDIRECT] 
2025-01-29 23:52:11,466 [ERROR] LogOutputStream:75 - [STDERR_REDIRECT] [Fatal Error] :1:1: Premature end of file.
2025-01-29 23:52:11,466 [ERROR] LogOutputStream:75 - [STDERR_REDIRECT] 
2025-01-29 23:52:12,464 [ERROR] LogOutputStream:75 - [STDERR_REDIRECT] [Fatal Error] :1:1: Premature end of file.
2025-01-29 23:52:12,464 [ERROR] LogOutputStream:75 - [STDERR_REDIRECT] 
2025-01-29 23:52:13,467 [ERROR] LogOutputStream:75 - [STDERR_REDIRECT] [Fatal Error] :1:1: Premature end of file.
2025-01-29 23:52:13,467 [ERROR] LogOutputStream:75 - [STDERR_REDIRECT] 
2025-01-29 23:52:14,470 [ERROR] LogOutputStream:75 - [STDERR_REDIRECT] [Fatal Error] :1:1: Premature end of file.
2025-01-29 23:52:14,470 [ERROR] LogOutputStream:75 - [STDERR_REDIRECT] 
2025-01-29 23:52:15,467 [ERROR] LogOutputStream:75 - [STDERR_REDIRECT] [Fatal Error] :1:1: Premature end of file.
2025-01-29 23:52:15,467 [ERROR] LogOutputStream:75 - [STDERR_REDIRECT] 
2025-01-29 23:52:16,469 [ERROR] LogOutputStream:75 - [STDERR_REDIRECT] [Fatal Error] :1:1: Premature end of file.
2025-01-29 23:52:16,469 [ERROR] LogOutputStream:75 - [STDERR_REDIRECT] 
2025-01-29 23:52:17,477 [ERROR] LogOutputStream:75 - [STDERR_REDIRECT] [Fatal Error] :1:1: Premature end of file.
2025-01-29 23:52:17,477 [ERROR] LogOutputStream:75 - [STDERR_REDIRECT] 
2025-01-29 23:52:18,482 [ERROR] LogOutputStream:75 - [STDERR_REDIRECT] [Fatal Error] :1:1: Premature end of file.
2025-01-29 23:52:18,482 [ERROR] LogOutputStream:75 - [STDERR_REDIRECT] 
2025-01-29 23:52:19,463 [ERROR] LogOutputStream:75 - [STDERR_REDIRECT] [Fatal Error] :1:1: Premature end of file.
2025-01-29 23:52:19,463 [ERROR] LogOutputStream:75 - [STDERR_REDIRECT] 
2025-01-29 23:52:20,466 [ERROR] LogOutputStream:75 - [STDERR_REDIRECT] [Fatal Error] :1:1: Premature end of file.
2025-01-29 23:52:20,466 [ERROR] LogOutputStream:75 - [STDERR_REDIRECT] 
2025-01-29 23:52:21,468 [ERROR] LogOutputStream:75 - [STDERR_REDIRECT] [Fatal Error] :1:1: Premature end of file.
2025-01-29 23:52:21,468 [ERROR] LogOutputStream:75 - [STDERR_REDIRECT] 
2025-01-29 23:52:22,484 [ERROR] LogOutputStream:75 - [STDERR_REDIRECT] [Fatal Error] :1:1: Premature end of file.
2025-01-29 23:52:22,484 [ERROR] LogOutputStream:75 - [STDERR_REDIRECT] 
2025-01-29 23:52:23,462 [ERROR] LogOutputStream:75 - [STDERR_REDIRECT] [Fatal Error] :1:1: Premature end of file.
2025-01-29 23:52:23,462 [ERROR] LogOutputStream:75 - [STDERR_REDIRECT] 
2025-01-29 23:52:24,468 [ERROR] LogOutputStream:75 - [STDERR_REDIRECT] [Fatal Error] :1:1: Premature end of file.
2025-01-29 23:52:24,468 [ERROR] LogOutputStream:75 - [STDERR_REDIRECT] 
2025-01-29 23:52:25,467 [ERROR] LogOutputStream:75 - [STDERR_REDIRECT] [Fatal Error] :1:1: Premature end of file.
2025-01-29 23:52:25,467 [ERROR] LogOutputStream:75 - [STDERR_REDIRECT] 
2025-01-29 23:52:26,469 [ERROR] LogOutputStream:75 - [STDERR_REDIRECT] [Fatal Error] :1:1: Premature end of file.
2025-01-29 23:52:26,469 [ERROR] LogOutputStream:75 - [STDERR_REDIRECT] 
2025-01-29 23:52:27,482 [ERROR] LogOutputStream:75 - [STDERR_REDIRECT] [Fatal Error] :1:1: Premature end of file.
2025-01-29 23:52:27,482 [ERROR] LogOutputStream:75 - [STDERR_REDIRECT] 
2025-01-29 23:52:28,471 [ERROR] LogOutputStream:75 - [STDERR_REDIRECT] [Fatal Error] :1:1: Premature end of file.
2025-01-29 23:52:28,471 [ERROR] LogOutputStream:75 - [STDERR_REDIRECT] 
2025-01-29 23:52:29,467 [ERROR] LogOutputStream:75 - [STDERR_REDIRECT] [Fatal Error] :1:1: Premature end of file.
2025-01-29 23:52:29,467 [ERROR] LogOutputStream:75 - [STDERR_REDIRECT] 
2025-01-29 23:52:30,468 [ERROR] LogOutputStream:75 - [STDERR_REDIRECT] [Fatal Error] :1:1: Premature end of file.
2025-01-29 23:52:30,468 [ERROR] LogOutputStream:75 - [STDERR_REDIRECT] 
2025-01-29 23:52:31,475 [ERROR] LogOutputStream:75 - [STDERR_REDIRECT] [Fatal Error] :1:1: Premature end of file.
2025-01-29 23:52:31,475 [ERROR] LogOutputStream:75 - [STDERR_REDIRECT] 
2025-01-29 23:52:32,466 [ERROR] LogOutputStream:75 - [STDERR_REDIRECT] [Fatal Error] :1:1: Premature end of file.
2025-01-29 23:52:32,466 [ERROR] LogOutputStream:75 - [STDERR_REDIRECT] 
2025-01-29 23:52:33,468 [ERROR] LogOutputStream:75 - [STDERR_REDIRECT] [Fatal Error] :1:1: Premature end of file.
2025-01-29 23:52:33,468 [ERROR] LogOutputStream:75 - [STDERR_REDIRECT] 
2025-01-29 23:52:34,452 [ERROR] LogOutputStream:75 - [STDERR_REDIRECT] [Fatal Error] :1:1: Premature end of file.
2025-01-29 23:52:34,453 [ERROR] LogOutputStream:75 - [STDERR_REDIRECT] 
2025-01-29 23:52:35,471 [ERROR] LogOutputStream:75 - [STDERR_REDIRECT] [Fatal Error] :1:1: Premature end of file.
2025-01-29 23:52:35,471 [ERROR] LogOutputStream:75 - [STDERR_REDIRECT] 
2025-01-29 23:52:36,465 [ERROR] LogOutputStream:75 - [STDERR_REDIRECT] [Fatal Error] :1:1: Premature end of file.
2025-01-29 23:52:36,465 [ERROR] LogOutputStream:75 - [STDERR_REDIRECT] 
2025-01-29 23:52:37,469 [ERROR] LogOutputStream:75 - [STDERR_REDIRECT] [Fatal Error] :1:1: Premature end of file.
2025-01-29 23:52:37,469 [ERROR] LogOutputStream:75 - [STDERR_REDIRECT] 
2025-01-29 23:52:38,468 [ERROR] LogOutputStream:75 - [STDERR_REDIRECT] [Fatal Error] :1:1: Premature end of file.
2025-01-29 23:52:38,468 [ERROR] LogOutputStream:75 - [STDERR_REDIRECT] 
2025-01-29 23:52:39,467 [ERROR] LogOutputStream:75 - [STDERR_REDIRECT] [Fatal Error] :1:1: Premature end of file.
2025-01-29 23:52:39,467 [ERROR] LogOutputStream:75 - [STDERR_REDIRECT] 
2025-01-29 23:52:40,472 [ERROR] LogOutputStream:75 - [STDERR_REDIRECT] [Fatal Error] :1:1: Premature end of file.
2025-01-29 23:52:40,472 [ERROR] LogOutputStream:75 - [STDERR_REDIRECT] 
2025-01-29 23:52:41,462 [ERROR] LogOutputStream:75 - [STDERR_REDIRECT] [Fatal Error] :1:1: Premature end of file.
2025-01-29 23:52:41,462 [ERROR] LogOutputStream:75 - [STDERR_REDIRECT] 
2025-01-29 23:52:42,459 [ERROR] LogOutputStream:75 - [STDERR_REDIRECT] [Fatal Error] :1:1: Premature end of file.
2025-01-29 23:52:42,459 [ERROR] LogOutputStream:75 - [STDERR_REDIRECT] 
2025-01-29 23:52:43,467 [ERROR] LogOutputStream:75 - [STDERR_REDIRECT] [Fatal Error] :1:1: Premature end of file.
2025-01-29 23:52:43,467 [ERROR] LogOutputStream:75 - [STDERR_REDIRECT] 
2025-01-29 23:52:44,468 [ERROR] LogOutputStream:75 - [STDERR_REDIRECT] [Fatal Error] :1:1: Premature end of file.
2025-01-29 23:52:44,468 [ERROR] LogOutputStream:75 - [STDERR_REDIRECT] 
2025-01-29 23:52:45,459 [ERROR] LogOutputStream:75 - [STDERR_REDIRECT] [Fatal Error] :1:1: Premature end of file.
2025-01-29 23:52:45,459 [ERROR] LogOutputStream:75 - [STDERR_REDIRECT] 
2025-01-29 23:52:46,455 [ERROR] LogOutputStream:75 - [STDERR_REDIRECT] [Fatal Error] :1:1: Premature end of file.
2025-01-29 23:52:46,455 [ERROR] LogOutputStream:75 - [STDERR_REDIRECT] 
2025-01-29 23:52:47,484 [ERROR] LogOutputStream:75 - [STDERR_REDIRECT] [Fatal Error] :1:1: Premature end of file.
2025-01-29 23:52:47,484 [ERROR] LogOutputStream:75 - [STDERR_REDIRECT] 
2025-01-29 23:52:48,461 [ERROR] LogOutputStream:75 - [STDERR_REDIRECT] [Fatal Error] :1:1: Premature end of file.
2025-01-29 23:52:48,461 [ERROR] LogOutputStream:75 - [STDERR_REDIRECT] 
2025-01-29 23:52:49,470 [ERROR] LogOutputStream:75 - [STDERR_REDIRECT] [Fatal Error] :1:1: Premature end of file.
2025-01-29 23:52:49,470 [ERROR] LogOutputStream:75 - [STDERR_REDIRECT] 
2025-01-29 23:52:50,469 [ERROR] LogOutputStream:75 - [STDERR_REDIRECT] [Fatal Error] :1:1: Premature end of file.
2025-01-29 23:52:50,469 [ERROR] LogOutputStream:75 - [STDERR_REDIRECT] 
2025-01-29 23:52:51,462 [ERROR] LogOutputStream:75 - [STDERR_REDIRECT] [Fatal Error] :1:1: Premature end of file.
2025-01-29 23:52:51,464 [ERROR] LogOutputStream:75 - [STDERR_REDIRECT] 
2025-01-29 23:52:52,467 [ERROR] LogOutputStream:75 - [STDERR_REDIRECT] [Fatal Error] :1:1: Premature end of file.
2025-01-29 23:52:52,467 [ERROR] LogOutputStream:75 - [STDERR_REDIRECT] 
2025-01-29 23:52:53,463 [ERROR] LogOutputStream:75 - [STDERR_REDIRECT] [Fatal Error] :1:1: Premature end of file.
2025-01-29 23:52:53,463 [ERROR] LogOutputStream:75 - [STDERR_REDIRECT] 
2025-01-29 23:52:54,468 [ERROR] LogOutputStream:75 - [STDERR_REDIRECT] [Fatal Error] :1:1: Premature end of file.
2025-01-29 23:52:54,468 [ERROR] LogOutputStream:75 - [STDERR_REDIRECT] 
2025-01-29 23:52:55,467 [ERROR] LogOutputStream:75 - [STDERR_REDIRECT] [Fatal Error] :1:1: Premature end of file.
2025-01-29 23:52:55,467 [ERROR] LogOutputStream:75 - [STDERR_REDIRECT] 
2025-01-29 23:52:56,467 [ERROR] LogOutputStream:75 - [STDERR_REDIRECT] [Fatal Error] :1:1: Premature end of file.
2025-01-29 23:52:56,467 [ERROR] LogOutputStream:75 - [STDERR_REDIRECT] 
2025-01-29 23:52:57,468 [ERROR] LogOutputStream:75 - [STDERR_REDIRECT] [Fatal Error] :1:1: Premature end of file.
2025-01-29 23:52:57,468 [ERROR] LogOutputStream:75 - [STDERR_REDIRECT] 
2025-01-29 23:52:58,465 [ERROR] LogOutputStream:75 - [STDERR_REDIRECT] [Fatal Error] :1:1: Premature end of file.
2025-01-29 23:52:58,465 [ERROR] LogOutputStream:75 - [STDERR_REDIRECT] 
2025-01-29 23:52:59,471 [ERROR] LogOutputStream:75 - [STDERR_REDIRECT] [Fatal Error] :1:1: Premature end of file.
2025-01-29 23:52:59,471 [ERROR] LogOutputStream:75 - [STDERR_REDIRECT] 
2025-01-29 23:53:00,452 [ERROR] LogOutputStream:75 - [STDERR_REDIRECT] [Fatal Error] :1:1: Premature end of file.
2025-01-29 23:53:00,452 [ERROR] LogOutputStream:75 - [STDERR_REDIRECT] 
2025-01-29 23:53:01,475 [ERROR] LogOutputStream:75 - [STDERR_REDIRECT] [Fatal Error] :1:1: Premature end of file.
2025-01-29 23:53:01,475 [ERROR] LogOutputStream:75 - [STDERR_REDIRECT] 
2025-01-29 23:53:02,460 [ERROR] LogOutputStream:75 - [STDERR_REDIRECT] [Fatal Error] :1:1: Premature end of file.
2025-01-29 23:53:02,460 [ERROR] LogOutputStream:75 - [STDERR_REDIRECT] 
2025-01-29 23:53:03,461 [ERROR] LogOutputStream:75 - [STDERR_REDIRECT] [Fatal Error] :1:1: Premature end of file.
2025-01-29 23:53:03,463 [ERROR] LogOutputStream:75 - [STDERR_REDIRECT] 
2025-01-29 23:53:04,466 [ERROR] LogOutputStream:75 - [STDERR_REDIRECT] [Fatal Error] :1:1: Premature end of file.
2025-01-29 23:53:04,466 [ERROR] LogOutputStream:75 - [STDERR_REDIRECT] 
2025-01-29 23:53:05,458 [ERROR] LogOutputStream:75 - [STDERR_REDIRECT] [Fatal Error] :1:1: Premature end of file.
2025-01-29 23:53:05,458 [ERROR] LogOutputStream:75 - [STDERR_REDIRECT] 
2025-01-29 23:53:06,463 [ERROR] LogOutputStream:75 - [STDERR_REDIRECT] [Fatal Error] :1:1: Premature end of file.
2025-01-29 23:53:06,463 [ERROR] LogOutputStream:75 - [STDERR_REDIRECT] 
2025-01-29 23:53:07,473 [ERROR] LogOutputStream:75 - [STDERR_REDIRECT] [Fatal Error] :1:1: Premature end of file.
2025-01-29 23:53:07,475 [ERROR] LogOutputStream:75 - [STDERR_REDIRECT] 
2025-01-29 23:53:08,469 [ERROR] LogOutputStream:75 - [STDERR_REDIRECT] [Fatal Error] :1:1: Premature end of file.
2025-01-29 23:53:08,469 [ERROR] LogOutputStream:75 - [STDERR_REDIRECT] 
2025-01-29 23:53:09,471 [ERROR] LogOutputStream:75 - [STDERR_REDIRECT] [Fatal Error] :1:1: Premature end of file.
2025-01-29 23:53:09,471 [ERROR] LogOutputStream:75 - [STDERR_REDIRECT] 
2025-01-29 23:53:10,465 [ERROR] LogOutputStream:75 - [STDERR_REDIRECT] [Fatal Error] :1:1: Premature end of file.
2025-01-29 23:53:10,465 [ERROR] LogOutputStream:75 - [STDERR_REDIRECT] 
2025-01-29 23:53:11,467 [ERROR] LogOutputStream:75 - [STDERR_REDIRECT] [Fatal Error] :1:1: Premature end of file.
2025-01-29 23:53:11,467 [ERROR] LogOutputStream:75 - [STDERR_REDIRECT] 
2025-01-29 23:53:12,467 [ERROR] LogOutputStream:75 - [STDERR_REDIRECT] [Fatal Error] :1:1: Premature end of file.
2025-01-29 23:53:12,467 [ERROR] LogOutputStream:75 - [STDERR_REDIRECT] 
2025-01-29 23:53:13,469 [ERROR] LogOutputStream:75 - [STDERR_REDIRECT] [Fatal Error] :1:1: Premature end of file.
2025-01-29 23:53:13,469 [ERROR] LogOutputStream:75 - [STDERR_REDIRECT] 
2025-01-29 23:53:14,482 [ERROR] LogOutputStream:75 - [STDERR_REDIRECT] [Fatal Error] :1:1: Premature end of file.
2025-01-29 23:53:14,482 [ERROR] LogOutputStream:75 - [STDERR_REDIRECT] 
2025-01-29 23:53:15,459 [ERROR] LogOutputStream:75 - [STDERR_REDIRECT] [Fatal Error] :1:1: Premature end of file.
2025-01-29 23:53:15,459 [ERROR] LogOutputStream:75 - [STDERR_REDIRECT] 
2025-01-29 23:53:16,464 [ERROR] LogOutputStream:75 - [STDERR_REDIRECT] [Fatal Error] :1:1: Premature end of file.
2025-01-29 23:53:16,464 [ERROR] LogOutputStream:75 - [STDERR_REDIRECT] 
2025-01-29 23:53:17,465 [ERROR] LogOutputStream:75 - [STDERR_REDIRECT] [Fatal Error] :1:1: Premature end of file.
2025-01-29 23:53:17,465 [ERROR] LogOutputStream:75 - [STDERR_REDIRECT] 
2025-01-29 23:53:18,466 [ERROR] LogOutputStream:75 - [STDERR_REDIRECT] [Fatal Error] :1:1: Premature end of file.
2025-01-29 23:53:18,466 [ERROR] LogOutputStream:75 - [STDERR_REDIRECT] 
2025-01-29 23:53:19,464 [ERROR] LogOutputStream:75 - [STDERR_REDIRECT] [Fatal Error] :1:1: Premature end of file.
2025-01-29 23:53:19,464 [ERROR] LogOutputStream:75 - [STDERR_REDIRECT] 
2025-01-29 23:53:20,469 [ERROR] LogOutputStream:75 - [STDERR_REDIRECT] [Fatal Error] :1:1: Premature end of file.
2025-01-29 23:53:20,469 [ERROR] LogOutputStream:75 - [STDERR_REDIRECT] 
2025-01-29 23:53:21,469 [ERROR] LogOutputStream:75 - [STDERR_REDIRECT] [Fatal Error] :1:1: Premature end of file.
2025-01-29 23:53:21,469 [ERROR] LogOutputStream:75 - [STDERR_REDIRECT] 
2025-01-29 23:53:22,477 [ERROR] LogOutputStream:75 - [STDERR_REDIRECT] [Fatal Error] :1:1: Premature end of file.
2025-01-29 23:53:22,477 [ERROR] LogOutputStream:75 - [STDERR_REDIRECT] 
2025-01-29 23:53:23,466 [ERROR] LogOutputStream:75 - [STDERR_REDIRECT] [Fatal Error] :1:1: Premature end of file.
2025-01-29 23:53:23,466 [ERROR] LogOutputStream:75 - [STDERR_REDIRECT] 
2025-01-29 23:53:24,469 [ERROR] LogOutputStream:75 - [STDERR_REDIRECT] [Fatal Error] :1:1: Premature end of file.
2025-01-29 23:53:24,469 [ERROR] LogOutputStream:75 - [STDERR_REDIRECT] 
2025-01-29 23:53:25,470 [ERROR] LogOutputStream:75 - [STDERR_REDIRECT] [Fatal Error] :1:1: Premature end of file.
2025-01-29 23:53:25,472 [ERROR] LogOutputStream:75 - [STDERR_REDIRECT] 
2025-01-29 23:53:26,460 [ERROR] LogOutputStream:75 - [STDERR_REDIRECT] [Fatal Error] :1:1: Premature end of file.
2025-01-29 23:53:26,460 [ERROR] LogOutputStream:75 - [STDERR_REDIRECT] 
2025-01-29 23:53:27,466 [ERROR] LogOutputStream:75 - [STDERR_REDIRECT] [Fatal Error] :1:1: Premature end of file.
2025-01-29 23:53:27,466 [ERROR] LogOutputStream:75 - [STDERR_REDIRECT] 
2025-01-29 23:53:28,463 [ERROR] LogOutputStream:75 - [STDERR_REDIRECT] [Fatal Error] :1:1: Premature end of file.
2025-01-29 23:53:28,463 [ERROR] LogOutputStream:75 - [STDERR_REDIRECT] 
2025-01-29 23:53:29,449 [ERROR] LogOutputStream:75 - [STDERR_REDIRECT] [Fatal Error] :1:1: Premature end of file.
2025-01-29 23:53:29,449 [ERROR] LogOutputStream:75 - [STDERR_REDIRECT] 
2025-01-29 23:53:30,450 [ERROR] LogOutputStream:75 - [STDERR_REDIRECT] [Fatal Error] :1:1: Premature end of file.
2025-01-29 23:53:30,450 [ERROR] LogOutputStream:75 - [STDERR_REDIRECT] 
2025-01-29 23:53:31,454 [ERROR] LogOutputStream:75 - [STDERR_REDIRECT] [Fatal Error] :1:1: Premature end of file.
2025-01-29 23:53:31,454 [ERROR] LogOutputStream:75 - [STDERR_REDIRECT] 
2025-01-29 23:53:32,459 [ERROR] LogOutputStream:75 - [STDERR_REDIRECT] [Fatal Error] :1:1: Premature end of file.
2025-01-29 23:53:32,461 [ERROR] LogOutputStream:75 - [STDERR_REDIRECT] 
2025-01-29 23:53:33,478 [ERROR] LogOutputStream:75 - [STDERR_REDIRECT] [Fatal Error] :1:1: Premature end of file.
2025-01-29 23:53:33,478 [ERROR] LogOutputStream:75 - [STDERR_REDIRECT] 
2025-01-29 23:53:34,475 [ERROR] LogOutputStream:75 - [STDERR_REDIRECT] [Fatal Error] :1:1: Premature end of file.
2025-01-29 23:53:34,475 [ERROR] LogOutputStream:75 - [STDERR_REDIRECT] 
2025-01-29 23:53:35,451 [ERROR] LogOutputStream:75 - [STDERR_REDIRECT] [Fatal Error] :1:1: Premature end of file.
2025-01-29 23:53:35,451 [ERROR] LogOutputStream:75 - [STDERR_REDIRECT] 
2025-01-29 23:53:36,457 [ERROR] LogOutputStream:75 - [STDERR_REDIRECT] [Fatal Error] :1:1: Premature end of file.
2025-01-29 23:53:36,457 [ERROR] LogOutputStream:75 - [STDERR_REDIRECT] 
2025-01-29 23:53:37,465 [ERROR] LogOutputStream:75 - [STDERR_REDIRECT] [Fatal Error] :1:1: Premature end of file.
2025-01-29 23:53:37,465 [ERROR] LogOutputStream:75 - [STDERR_REDIRECT] 
2025-01-29 23:53:38,468 [ERROR] LogOutputStream:75 - [STDERR_REDIRECT] [Fatal Error] :1:1: Premature end of file.
2025-01-29 23:53:38,468 [ERROR] LogOutputStream:75 - [STDERR_REDIRECT] 
2025-01-29 23:53:39,467 [ERROR] LogOutputStream:75 - [STDERR_REDIRECT] [Fatal Error] :1:1: Premature end of file.
2025-01-29 23:53:39,467 [ERROR] LogOutputStream:75 - [STDERR_REDIRECT] 
2025-01-29 23:53:40,465 [ERROR] LogOutputStream:75 - [STDERR_REDIRECT] [Fatal Error] :1:1: Premature end of file.
2025-01-29 23:53:40,465 [ERROR] LogOutputStream:75 - [STDERR_REDIRECT] 
2025-01-29 23:53:41,463 [ERROR] LogOutputStream:75 - [STDERR_REDIRECT] [Fatal Error] :1:1: Premature end of file.
2025-01-29 23:53:41,463 [ERROR] LogOutputStream:75 - [STDERR_REDIRECT] 
2025-01-29 23:53:42,468 [ERROR] LogOutputStream:75 - [STDERR_REDIRECT] [Fatal Error] :1:1: Premature end of file.
2025-01-29 23:53:42,468 [ERROR] LogOutputStream:75 - [STDERR_REDIRECT] 
2025-01-29 23:53:43,454 [ERROR] LogOutputStream:75 - [STDERR_REDIRECT] [Fatal Error] :1:1: Premature end of file.
2025-01-29 23:53:43,454 [ERROR] LogOutputStream:75 - [STDERR_REDIRECT] 
2025-01-29 23:53:44,451 [ERROR] LogOutputStream:75 - [STDERR_REDIRECT] [Fatal Error] :1:1: Premature end of file.
2025-01-29 23:53:44,451 [ERROR] LogOutputStream:75 - [STDERR_REDIRECT] 
2025-01-29 23:53:45,481 [ERROR] LogOutputStream:75 - [STDERR_REDIRECT] [Fatal Error] :1:1: Premature end of file.
2025-01-29 23:53:45,481 [ERROR] LogOutputStream:75 - [STDERR_REDIRECT] 
2025-01-29 23:53:46,449 [ERROR] LogOutputStream:75 - [STDERR_REDIRECT] [Fatal Error] :1:1: Premature end of file.
2025-01-29 23:53:46,449 [ERROR] LogOutputStream:75 - [STDERR_REDIRECT] 
2025-01-29 23:53:47,460 [ERROR] LogOutputStream:75 - [STDERR_REDIRECT] [Fatal Error] :1:1: Premature end of file.
2025-01-29 23:53:47,461 [ERROR] LogOutputStream:75 - [STDERR_REDIRECT] 
2025-01-29 23:53:48,459 [ERROR] LogOutputStream:75 - [STDERR_REDIRECT] [Fatal Error] :1:1: Premature end of file.
2025-01-29 23:53:48,459 [ERROR] LogOutputStream:75 - [STDERR_REDIRECT] 
2025-01-29 23:53:49,454 [ERROR] LogOutputStream:75 - [STDERR_REDIRECT] [Fatal Error] :1:1: Premature end of file.
2025-01-29 23:53:49,454 [ERROR] LogOutputStream:75 - [STDERR_REDIRECT] 
2025-01-29 23:53:50,455 [ERROR] LogOutputStream:75 - [STDERR_REDIRECT] [Fatal Error] :1:1: Premature end of file.
2025-01-29 23:53:50,455 [ERROR] LogOutputStream:75 - [STDERR_REDIRECT] 
2025-01-29 23:53:51,455 [ERROR] LogOutputStream:75 - [STDERR_REDIRECT] [Fatal Error] :1:1: Premature end of file.
2025-01-29 23:53:51,455 [ERROR] LogOutputStream:75 - [STDERR_REDIRECT] 
2025-01-29 23:53:52,459 [ERROR] LogOutputStream:75 - [STDERR_REDIRECT] [Fatal Error] :1:1: Premature end of file.
2025-01-29 23:53:52,459 [ERROR] LogOutputStream:75 - [STDERR_REDIRECT] 
2025-01-29 23:53:53,466 [ERROR] LogOutputStream:75 - [STDERR_REDIRECT] [Fatal Error] :1:1: Premature end of file.
2025-01-29 23:53:53,466 [ERROR] LogOutputStream:75 - [STDERR_REDIRECT] 
2025-01-29 23:53:54,466 [ERROR] LogOutputStream:75 - [STDERR_REDIRECT] [Fatal Error] :1:1: Premature end of file.
2025-01-29 23:53:54,466 [ERROR] LogOutputStream:75 - [STDERR_REDIRECT] 
2025-01-29 23:53:55,464 [ERROR] LogOutputStream:75 - [STDERR_REDIRECT] [Fatal Error] :1:1: Premature end of file.
2025-01-29 23:53:55,466 [ERROR] LogOutputStream:75 - [STDERR_REDIRECT] 
2025-01-29 23:53:56,446 [ERROR] LogOutputStream:75 - [STDERR_REDIRECT] [Fatal Error] :1:1: Premature end of file.
2025-01-29 23:53:56,446 [ERROR] LogOutputStream:75 - [STDERR_REDIRECT] 
2025-01-29 23:53:57,495 [ERROR] LogOutputStream:75 - [STDERR_REDIRECT] [Fatal Error] :1:1: Premature end of file.
2025-01-29 23:53:57,495 [ERROR] LogOutputStream:75 - [STDERR_REDIRECT] 
2025-01-29 23:53:58,466 [ERROR] LogOutputStream:75 - [STDERR_REDIRECT] [Fatal Error] :1:1: Premature end of file.
2025-01-29 23:53:58,466 [ERROR] LogOutputStream:75 - [STDERR_REDIRECT] 
2025-01-29 23:53:59,451 [ERROR] LogOutputStream:75 - [STDERR_REDIRECT] [Fatal Error] :1:1: Premature end of file.
2025-01-29 23:53:59,451 [ERROR] LogOutputStream:75 - [STDERR_REDIRECT] 
2025-01-29 23:54:00,478 [ERROR] LogOutputStream:75 - [STDERR_REDIRECT] [Fatal Error] :1:1: Premature end of file.
2025-01-29 23:54:00,478 [ERROR] LogOutputStream:75 - [STDERR_REDIRECT] 
2025-01-29 23:54:01,462 [ERROR] LogOutputStream:75 - [STDERR_REDIRECT] [Fatal Error] :1:1: Premature end of file.
2025-01-29 23:54:01,462 [ERROR] LogOutputStream:75 - [STDERR_REDIRECT] 
2025-01-29 23:54:02,494 [ERROR] LogOutputStream:75 - [STDERR_REDIRECT] [Fatal Error] :1:1: Premature end of file.
2025-01-29 23:54:02,494 [ERROR] LogOutputStream:75 - [STDERR_REDIRECT] 
2025-01-29 23:54:03,462 [ERROR] LogOutputStream:75 - [STDERR_REDIRECT] [Fatal Error] :1:1: Premature end of file.
2025-01-29 23:54:03,462 [ERROR] LogOutputStream:75 - [STDERR_REDIRECT] 
2025-01-29 23:54:04,487 [ERROR] LogOutputStream:75 - [STDERR_REDIRECT] [Fatal Error] :1:1: Premature end of file.
2025-01-29 23:54:04,487 [ERROR] LogOutputStream:75 - [STDERR_REDIRECT] 
2025-01-29 23:54:05,465 [ERROR] LogOutputStream:75 - [STDERR_REDIRECT] [Fatal Error] :1:1: Premature end of file.
2025-01-29 23:54:05,465 [ERROR] LogOutputStream:75 - [STDERR_REDIRECT] 
2025-01-29 23:54:06,470 [ERROR] LogOutputStream:75 - [STDERR_REDIRECT] [Fatal Error] :1:1: Premature end of file.
2025-01-29 23:54:06,470 [ERROR] LogOutputStream:75 - [STDERR_REDIRECT] 
2025-01-29 23:54:07,471 [ERROR] LogOutputStream:75 - [STDERR_REDIRECT] [Fatal Error] :1:1: Premature end of file.
2025-01-29 23:54:07,471 [ERROR] LogOutputStream:75 - [STDERR_REDIRECT] 
2025-01-29 23:54:08,457 [ERROR] LogOutputStream:75 - [STDERR_REDIRECT] [Fatal Error] :1:1: Premature end of file.
2025-01-29 23:54:08,457 [ERROR] LogOutputStream:75 - [STDERR_REDIRECT] 
2025-01-29 23:54:09,480 [ERROR] LogOutputStream:75 - [STDERR_REDIRECT] [Fatal Error] :1:1: Premature end of file.
2025-01-29 23:54:09,480 [ERROR] LogOutputStream:75 - [STDERR_REDIRECT] 
2025-01-29 23:54:10,459 [ERROR] LogOutputStream:75 - [STDERR_REDIRECT] [Fatal Error] :1:1: Premature end of file.
2025-01-29 23:54:10,459 [ERROR] LogOutputStream:75 - [STDERR_REDIRECT] 
2025-01-29 23:54:11,480 [ERROR] LogOutputStream:75 - [STDERR_REDIRECT] [Fatal Error] :1:1: Premature end of file.
2025-01-29 23:54:11,480 [ERROR] LogOutputStream:75 - [STDERR_REDIRECT] 
2025-01-29 23:54:12,449 [ERROR] LogOutputStream:75 - [STDERR_REDIRECT] [Fatal Error] :1:1: Premature end of file.
2025-01-29 23:54:12,449 [ERROR] LogOutputStream:75 - [STDERR_REDIRECT] 
2025-01-29 23:54:13,458 [ERROR] LogOutputStream:75 - [STDERR_REDIRECT] [Fatal Error] :1:1: Premature end of file.
2025-01-29 23:54:13,459 [ERROR] LogOutputStream:75 - [STDERR_REDIRECT] 
2025-01-29 23:54:14,497 [ERROR] LogOutputStream:75 - [STDERR_REDIRECT] [Fatal Error] :1:1: Premature end of file.
2025-01-29 23:54:14,497 [ERROR] LogOutputStream:75 - [STDERR_REDIRECT] 
2025-01-29 23:54:15,472 [ERROR] LogOutputStream:75 - [STDERR_REDIRECT] [Fatal Error] :1:1: Premature end of file.
2025-01-29 23:54:15,474 [ERROR] LogOutputStream:75 - [STDERR_REDIRECT] 
2025-01-29 23:54:16,459 [ERROR] LogOutputStream:75 - [STDERR_REDIRECT] [Fatal Error] :1:1: Premature end of file.
2025-01-29 23:54:16,459 [ERROR] LogOutputStream:75 - [STDERR_REDIRECT] 
2025-01-29 23:54:17,459 [ERROR] LogOutputStream:75 - [STDERR_REDIRECT] [Fatal Error] :1:1: Premature end of file.
2025-01-29 23:54:17,459 [ERROR] LogOutputStream:75 - [STDERR_REDIRECT] 
2025-01-29 23:54:18,455 [ERROR] LogOutputStream:75 - [STDERR_REDIRECT] [Fatal Error] :1:1: Premature end of file.
2025-01-29 23:54:18,455 [ERROR] LogOutputStream:75 - [STDERR_REDIRECT] 
2025-01-29 23:54:19,454 [ERROR] LogOutputStream:75 - [STDERR_REDIRECT] [Fatal Error] :1:1: Premature end of file.
2025-01-29 23:54:19,454 [ERROR] LogOutputStream:75 - [STDERR_REDIRECT] 
2025-01-29 23:54:20,473 [ERROR] LogOutputStream:75 - [STDERR_REDIRECT] [Fatal Error] :1:1: Premature end of file.
2025-01-29 23:54:20,473 [ERROR] LogOutputStream:75 - [STDERR_REDIRECT] 
2025-01-29 23:54:21,466 [ERROR] LogOutputStream:75 - [STDERR_REDIRECT] [Fatal Error] :1:1: Premature end of file.
2025-01-29 23:54:21,466 [ERROR] LogOutputStream:75 - [STDERR_REDIRECT] 
2025-01-29 23:54:22,449 [ERROR] LogOutputStream:75 - [STDERR_REDIRECT] [Fatal Error] :1:1: Premature end of file.
2025-01-29 23:54:22,449 [ERROR] LogOutputStream:75 - [STDERR_REDIRECT] 
2025-01-29 23:54:23,465 [ERROR] LogOutputStream:75 - [STDERR_REDIRECT] [Fatal Error] :1:1: Premature end of file.
2025-01-29 23:54:23,465 [ERROR] LogOutputStream:75 - [STDERR_REDIRECT] 
2025-01-29 23:54:24,465 [ERROR] LogOutputStream:75 - [STDERR_REDIRECT] [Fatal Error] :1:1: Premature end of file.
2025-01-29 23:54:24,465 [ERROR] LogOutputStream:75 - [STDERR_REDIRECT] 
2025-01-29 23:54:25,458 [ERROR] LogOutputStream:75 - [STDERR_REDIRECT] [Fatal Error] :1:1: Premature end of file.
2025-01-29 23:54:25,458 [ERROR] LogOutputStream:75 - [STDERR_REDIRECT] 
2025-01-29 23:54:26,461 [ERROR] LogOutputStream:75 - [STDERR_REDIRECT] [Fatal Error] :1:1: Premature end of file.
2025-01-29 23:54:26,461 [ERROR] LogOutputStream:75 - [STDERR_REDIRECT] 
2025-01-29 23:54:27,451 [ERROR] LogOutputStream:75 - [STDERR_REDIRECT] [Fatal Error] :1:1: Premature end of file.
2025-01-29 23:54:27,452 [ERROR] LogOutputStream:75 - [STDERR_REDIRECT] 
2025-01-29 23:54:28,459 [ERROR] LogOutputStream:75 - [STDERR_REDIRECT] [Fatal Error] :1:1: Premature end of file.
2025-01-29 23:54:28,459 [ERROR] LogOutputStream:75 - [STDERR_REDIRECT] 
2025-01-29 23:54:29,465 [ERROR] LogOutputStream:75 - [STDERR_REDIRECT] [Fatal Error] :1:1: Premature end of file.
2025-01-29 23:54:29,465 [ERROR] LogOutputStream:75 - [STDERR_REDIRECT] 
2025-01-29 23:54:30,462 [ERROR] LogOutputStream:75 - [STDERR_REDIRECT] [Fatal Error] :1:1: Premature end of file.
2025-01-29 23:54:30,462 [ERROR] LogOutputStream:75 - [STDERR_REDIRECT] 
2025-01-29 23:54:31,445 [ERROR] LogOutputStream:75 - [STDERR_REDIRECT] [Fatal Error] :1:1: Premature end of file.
2025-01-29 23:54:31,445 [ERROR] LogOutputStream:75 - [STDERR_REDIRECT] 
2025-01-29 23:54:32,467 [ERROR] LogOutputStream:75 - [STDERR_REDIRECT] [Fatal Error] :1:1: Premature end of file.
2025-01-29 23:54:32,467 [ERROR] LogOutputStream:75 - [STDERR_REDIRECT] 
2025-01-29 23:54:33,460 [ERROR] LogOutputStream:75 - [STDERR_REDIRECT] [Fatal Error] :1:1: Premature end of file.
2025-01-29 23:54:33,462 [ERROR] LogOutputStream:75 - [STDERR_REDIRECT] 
2025-01-29 23:54:34,459 [ERROR] LogOutputStream:75 - [STDERR_REDIRECT] [Fatal Error] :1:1: Premature end of file.
2025-01-29 23:54:34,459 [ERROR] LogOutputStream:75 - [STDERR_REDIRECT] 
2025-01-29 23:54:35,453 [ERROR] LogOutputStream:75 - [STDERR_REDIRECT] [Fatal Error] :1:1: Premature end of file.
2025-01-29 23:54:35,453 [ERROR] LogOutputStream:75 - [STDERR_REDIRECT] 
2025-01-29 23:54:36,467 [ERROR] LogOutputStream:75 - [STDERR_REDIRECT] [Fatal Error] :1:1: Premature end of file.
2025-01-29 23:54:36,467 [ERROR] LogOutputStream:75 - [STDERR_REDIRECT] 
2025-01-29 23:54:37,465 [ERROR] LogOutputStream:75 - [STDERR_REDIRECT] [Fatal Error] :1:1: Premature end of file.
2025-01-29 23:54:37,465 [ERROR] LogOutputStream:75 - [STDERR_REDIRECT] 
2025-01-29 23:54:38,457 [ERROR] LogOutputStream:75 - [STDERR_REDIRECT] [Fatal Error] :1:1: Premature end of file.
2025-01-29 23:54:38,457 [ERROR] LogOutputStream:75 - [STDERR_REDIRECT] 
2025-01-29 23:54:39,472 [ERROR] LogOutputStream:75 - [STDERR_REDIRECT] [Fatal Error] :1:1: Premature end of file.
2025-01-29 23:54:39,472 [ERROR] LogOutputStream:75 - [STDERR_REDIRECT] 
2025-01-29 23:54:40,464 [ERROR] LogOutputStream:75 - [STDERR_REDIRECT] [Fatal Error] :1:1: Premature end of file.
2025-01-29 23:54:40,464 [ERROR] LogOutputStream:75 - [STDERR_REDIRECT] 
2025-01-29 23:54:41,459 [ERROR] LogOutputStream:75 - [STDERR_REDIRECT] [Fatal Error] :1:1: Premature end of file.
2025-01-29 23:54:41,459 [ERROR] LogOutputStream:75 - [STDERR_REDIRECT] 
2025-01-29 23:54:42,463 [ERROR] LogOutputStream:75 - [STDERR_REDIRECT] [Fatal Error] :1:1: Premature end of file.
2025-01-29 23:54:42,463 [ERROR] LogOutputStream:75 - [STDERR_REDIRECT] 
2025-01-29 23:54:43,459 [ERROR] LogOutputStream:75 - [STDERR_REDIRECT] [Fatal Error] :1:1: Premature end of file.
2025-01-29 23:54:43,459 [ERROR] LogOutputStream:75 - [STDERR_REDIRECT] 
2025-01-29 23:54:44,454 [ERROR] LogOutputStream:75 - [STDERR_REDIRECT] [Fatal Error] :1:1: Premature end of file.
2025-01-29 23:54:44,454 [ERROR] LogOutputStream:75 - [STDERR_REDIRECT] 
2025-01-29 23:54:45,467 [ERROR] LogOutputStream:75 - [STDERR_REDIRECT] [Fatal Error] :1:1: Premature end of file.
2025-01-29 23:54:45,467 [ERROR] LogOutputStream:75 - [STDERR_REDIRECT] 
2025-01-29 23:54:46,456 [ERROR] LogOutputStream:75 - [STDERR_REDIRECT] [Fatal Error] :1:1: Premature end of file.
2025-01-29 23:54:46,456 [ERROR] LogOutputStream:75 - [STDERR_REDIRECT] 
2025-01-29 23:54:47,456 [ERROR] LogOutputStream:75 - [STDERR_REDIRECT] [Fatal Error] :1:1: Premature end of file.
2025-01-29 23:54:47,456 [ERROR] LogOutputStream:75 - [STDERR_REDIRECT] 
2025-01-29 23:54:48,469 [ERROR] LogOutputStream:75 - [STDERR_REDIRECT] [Fatal Error] :1:1: Premature end of file.
2025-01-29 23:54:48,469 [ERROR] LogOutputStream:75 - [STDERR_REDIRECT] 
2025-01-29 23:54:49,458 [ERROR] LogOutputStream:75 - [STDERR_REDIRECT] [Fatal Error] :1:1: Premature end of file.
2025-01-29 23:54:49,458 [ERROR] LogOutputStream:75 - [STDERR_REDIRECT] 
2025-01-29 23:54:50,457 [ERROR] LogOutputStream:75 - [STDERR_REDIRECT] [Fatal Error] :1:1: Premature end of file.
2025-01-29 23:54:50,457 [ERROR] LogOutputStream:75 - [STDERR_REDIRECT] 
2025-01-29 23:54:51,490 [ERROR] LogOutputStream:75 - [STDERR_REDIRECT] [Fatal Error] :1:1: Premature end of file.
2025-01-29 23:54:51,490 [ERROR] LogOutputStream:75 - [STDERR_REDIRECT] 
2025-01-29 23:54:52,466 [ERROR] LogOutputStream:75 - [STDERR_REDIRECT] [Fatal Error] :1:1: Premature end of file.
2025-01-29 23:54:52,466 [ERROR] LogOutputStream:75 - [STDERR_REDIRECT] 
2025-01-29 23:54:53,465 [ERROR] LogOutputStream:75 - [STDERR_REDIRECT] [Fatal Error] :1:1: Premature end of file.
2025-01-29 23:54:53,465 [ERROR] LogOutputStream:75 - [STDERR_REDIRECT] 
2025-01-29 23:54:54,464 [ERROR] LogOutputStream:75 - [STDERR_REDIRECT] [Fatal Error] :1:1: Premature end of file.
2025-01-29 23:54:54,464 [ERROR] LogOutputStream:75 - [STDERR_REDIRECT] 
2025-01-29 23:54:55,472 [ERROR] LogOutputStream:75 - [STDERR_REDIRECT] [Fatal Error] :1:1: Premature end of file.
2025-01-29 23:54:55,472 [ERROR] LogOutputStream:75 - [STDERR_REDIRECT] 
2025-01-29 23:54:56,464 [ERROR] LogOutputStream:75 - [STDERR_REDIRECT] [Fatal Error] :1:1: Premature end of file.
2025-01-29 23:54:56,464 [ERROR] LogOutputStream:75 - [STDERR_REDIRECT] 
2025-01-29 23:54:57,469 [ERROR] LogOutputStream:75 - [STDERR_REDIRECT] [Fatal Error] :1:1: Premature end of file.
2025-01-29 23:54:57,469 [ERROR] LogOutputStream:75 - [STDERR_REDIRECT] 
2025-01-29 23:54:58,462 [ERROR] LogOutputStream:75 - [STDERR_REDIRECT] [Fatal Error] :1:1: Premature end of file.
2025-01-29 23:54:58,462 [ERROR] LogOutputStream:75 - [STDERR_REDIRECT] 
2025-01-29 23:54:59,468 [ERROR] LogOutputStream:75 - [STDERR_REDIRECT] [Fatal Error] :1:1: Premature end of file.
2025-01-29 23:54:59,468 [ERROR] LogOutputStream:75 - [STDERR_REDIRECT] 
2025-01-29 23:55:00,455 [ERROR] LogOutputStream:75 - [STDERR_REDIRECT] [Fatal Error] :1:1: Premature end of file.
2025-01-29 23:55:00,455 [ERROR] LogOutputStream:75 - [STDERR_REDIRECT] 
2025-01-29 23:55:01,450 [ERROR] LogOutputStream:75 - [STDERR_REDIRECT] [Fatal Error] :1:1: Premature end of file.
2025-01-29 23:55:01,450 [ERROR] LogOutputStream:75 - [STDERR_REDIRECT] 
2025-01-29 23:55:02,449 [ERROR] LogOutputStream:75 - [STDERR_REDIRECT] [Fatal Error] :1:1: Premature end of file.
2025-01-29 23:55:02,449 [ERROR] LogOutputStream:75 - [STDERR_REDIRECT] 
2025-01-29 23:55:03,465 [ERROR] LogOutputStream:75 - [STDERR_REDIRECT] [Fatal Error] :1:1: Premature end of file.
2025-01-29 23:55:03,465 [ERROR] LogOutputStream:75 - [STDERR_REDIRECT] 
2025-01-29 23:55:04,478 [ERROR] LogOutputStream:75 - [STDERR_REDIRECT] [Fatal Error] :1:1: Premature end of file.
2025-01-29 23:55:04,478 [ERROR] LogOutputStream:75 - [STDERR_REDIRECT] 
2025-01-29 23:55:05,455 [ERROR] LogOutputStream:75 - [STDERR_REDIRECT] [Fatal Error] :1:1: Premature end of file.
2025-01-29 23:55:05,455 [ERROR] LogOutputStream:75 - [STDERR_REDIRECT] 
2025-01-29 23:55:06,455 [ERROR] LogOutputStream:75 - [STDERR_REDIRECT] [Fatal Error] :1:1: Premature end of file.
2025-01-29 23:55:06,455 [ERROR] LogOutputStream:75 - [STDERR_REDIRECT] 
2025-01-29 23:55:07,464 [ERROR] LogOutputStream:75 - [STDERR_REDIRECT] [Fatal Error] :1:1: Premature end of file.
2025-01-29 23:55:07,464 [ERROR] LogOutputStream:75 - [STDERR_REDIRECT] 
2025-01-29 23:55:08,469 [ERROR] LogOutputStream:75 - [STDERR_REDIRECT] [Fatal Error] :1:1: Premature end of file.
2025-01-29 23:55:08,469 [ERROR] LogOutputStream:75 - [STDERR_REDIRECT] 
2025-01-29 23:55:09,487 [ERROR] LogOutputStream:75 - [STDERR_REDIRECT] [Fatal Error] :1:1: Premature end of file.
2025-01-29 23:55:09,487 [ERROR] LogOutputStream:75 - [STDERR_REDIRECT] 
2025-01-29 23:55:10,467 [ERROR] LogOutputStream:75 - [STDERR_REDIRECT] [Fatal Error] :1:1: Premature end of file.
2025-01-29 23:55:10,467 [ERROR] LogOutputStream:75 - [STDERR_REDIRECT] 
2025-01-29 23:55:11,468 [ERROR] LogOutputStream:75 - [STDERR_REDIRECT] [Fatal Error] :1:1: Premature end of file.
2025-01-29 23:55:11,468 [ERROR] LogOutputStream:75 - [STDERR_REDIRECT] 
2025-01-29 23:55:12,472 [ERROR] LogOutputStream:75 - [STDERR_REDIRECT] [Fatal Error] :1:1: Premature end of file.
2025-01-29 23:55:12,474 [ERROR] LogOutputStream:75 - [STDERR_REDIRECT] 
2025-01-29 23:55:13,449 [ERROR] LogOutputStream:75 - [STDERR_REDIRECT] [Fatal Error] :1:1: Premature end of file.
2025-01-29 23:55:13,449 [ERROR] LogOutputStream:75 - [STDERR_REDIRECT] 
2025-01-29 23:55:14,462 [ERROR] LogOutputStream:75 - [STDERR_REDIRECT] [Fatal Error] :1:1: Premature end of file.
2025-01-29 23:55:14,462 [ERROR] LogOutputStream:75 - [STDERR_REDIRECT] 
2025-01-29 23:55:15,469 [ERROR] LogOutputStream:75 - [STDERR_REDIRECT] [Fatal Error] :1:1: Premature end of file.
2025-01-29 23:55:15,471 [ERROR] LogOutputStream:75 - [STDERR_REDIRECT] 
2025-01-29 23:55:16,459 [ERROR] LogOutputStream:75 - [STDERR_REDIRECT] [Fatal Error] :1:1: Premature end of file.
2025-01-29 23:55:16,459 [ERROR] LogOutputStream:75 - [STDERR_REDIRECT] 
2025-01-29 23:55:17,481 [ERROR] LogOutputStream:75 - [STDERR_REDIRECT] [Fatal Error] :1:1: Premature end of file.
2025-01-29 23:55:17,483 [ERROR] LogOutputStream:75 - [STDERR_REDIRECT] 
2025-01-29 23:55:18,479 [ERROR] LogOutputStream:75 - [STDERR_REDIRECT] [Fatal Error] :1:1: Premature end of file.
2025-01-29 23:55:18,479 [ERROR] LogOutputStream:75 - [STDERR_REDIRECT] 
2025-01-29 23:55:19,458 [ERROR] LogOutputStream:75 - [STDERR_REDIRECT] [Fatal Error] :1:1: Premature end of file.
2025-01-29 23:55:19,458 [ERROR] LogOutputStream:75 - [STDERR_REDIRECT] 
2025-01-29 23:55:20,463 [ERROR] LogOutputStream:75 - [STDERR_REDIRECT] [Fatal Error] :1:1: Premature end of file.
2025-01-29 23:55:20,463 [ERROR] LogOutputStream:75 - [STDERR_REDIRECT] 
2025-01-29 23:55:21,474 [ERROR] LogOutputStream:75 - [STDERR_REDIRECT] [Fatal Error] :1:1: Premature end of file.
2025-01-29 23:55:21,474 [ERROR] LogOutputStream:75 - [STDERR_REDIRECT] 
2025-01-29 23:55:22,467 [ERROR] LogOutputStream:75 - [STDERR_REDIRECT] [Fatal Error] :1:1: Premature end of file.
2025-01-29 23:55:22,467 [ERROR] LogOutputStream:75 - [STDERR_REDIRECT] 
2025-01-29 23:55:23,460 [ERROR] LogOutputStream:75 - [STDERR_REDIRECT] [Fatal Error] :1:1: Premature end of file.
2025-01-29 23:55:23,460 [ERROR] LogOutputStream:75 - [STDERR_REDIRECT] 
2025-01-29 23:55:24,467 [ERROR] LogOutputStream:75 - [STDERR_REDIRECT] [Fatal Error] :1:1: Premature end of file.
2025-01-29 23:55:24,467 [ERROR] LogOutputStream:75 - [STDERR_REDIRECT] 
2025-01-29 23:55:25,474 [ERROR] LogOutputStream:75 - [STDERR_REDIRECT] [Fatal Error] :1:1: Premature end of file.
2025-01-29 23:55:25,474 [ERROR] LogOutputStream:75 - [STDERR_REDIRECT] 
2025-01-29 23:55:26,470 [ERROR] LogOutputStream:75 - [STDERR_REDIRECT] [Fatal Error] :1:1: Premature end of file.
2025-01-29 23:55:26,470 [ERROR] LogOutputStream:75 - [STDERR_REDIRECT] 
2025-01-29 23:55:27,468 [ERROR] LogOutputStream:75 - [STDERR_REDIRECT] [Fatal Error] :1:1: Premature end of file.
2025-01-29 23:55:27,469 [ERROR] LogOutputStream:75 - [STDERR_REDIRECT] 
2025-01-29 23:55:28,462 [ERROR] LogOutputStream:75 - [STDERR_REDIRECT] [Fatal Error] :1:1: Premature end of file.
2025-01-29 23:55:28,462 [ERROR] LogOutputStream:75 - [STDERR_REDIRECT] 
2025-01-29 23:55:29,466 [ERROR] LogOutputStream:75 - [STDERR_REDIRECT] [Fatal Error] :1:1: Premature end of file.
2025-01-29 23:55:29,466 [ERROR] LogOutputStream:75 - [STDERR_REDIRECT] 
2025-01-29 23:55:30,474 [ERROR] LogOutputStream:75 - [STDERR_REDIRECT] [Fatal Error] :1:1: Premature end of file.
2025-01-29 23:55:30,474 [ERROR] LogOutputStream:75 - [STDERR_REDIRECT] 
2025-01-29 23:55:31,472 [ERROR] LogOutputStream:75 - [STDERR_REDIRECT] [Fatal Error] :1:1: Premature end of file.
2025-01-29 23:55:31,472 [ERROR] LogOutputStream:75 - [STDERR_REDIRECT] 
2025-01-29 23:55:32,464 [ERROR] LogOutputStream:75 - [STDERR_REDIRECT] [Fatal Error] :1:1: Premature end of file.
2025-01-29 23:55:32,464 [ERROR] LogOutputStream:75 - [STDERR_REDIRECT] 
2025-01-29 23:55:33,458 [ERROR] LogOutputStream:75 - [STDERR_REDIRECT] [Fatal Error] :1:1: Premature end of file.
2025-01-29 23:55:33,458 [ERROR] LogOutputStream:75 - [STDERR_REDIRECT] 
2025-01-29 23:55:34,464 [ERROR] LogOutputStream:75 - [STDERR_REDIRECT] [Fatal Error] :1:1: Premature end of file.
2025-01-29 23:55:34,464 [ERROR] LogOutputStream:75 - [STDERR_REDIRECT] 
2025-01-29 23:55:35,472 [ERROR] LogOutputStream:75 - [STDERR_REDIRECT] [Fatal Error] :1:1: Premature end of file.
2025-01-29 23:55:35,472 [ERROR] LogOutputStream:75 - [STDERR_REDIRECT] 
2025-01-29 23:55:36,468 [ERROR] LogOutputStream:75 - [STDERR_REDIRECT] [Fatal Error] :1:1: Premature end of file.
2025-01-29 23:55:36,468 [ERROR] LogOutputStream:75 - [STDERR_REDIRECT] 
2025-01-29 23:55:37,472 [ERROR] LogOutputStream:75 - [STDERR_REDIRECT] [Fatal Error] :1:1: Premature end of file.
2025-01-29 23:55:37,472 [ERROR] LogOutputStream:75 - [STDERR_REDIRECT] 
2025-01-29 23:55:38,450 [ERROR] LogOutputStream:75 - [STDERR_REDIRECT] [Fatal Error] :1:1: Premature end of file.
2025-01-29 23:55:38,450 [ERROR] LogOutputStream:75 - [STDERR_REDIRECT] 
2025-01-29 23:55:39,497 [ERROR] LogOutputStream:75 - [STDERR_REDIRECT] [Fatal Error] :1:1: Premature end of file.
2025-01-29 23:55:39,497 [ERROR] LogOutputStream:75 - [STDERR_REDIRECT] 
2025-01-29 23:55:40,472 [ERROR] LogOutputStream:75 - [STDERR_REDIRECT] [Fatal Error] :1:1: Premature end of file.
2025-01-29 23:55:40,472 [ERROR] LogOutputStream:75 - [STDERR_REDIRECT] 
2025-01-29 23:55:41,465 [ERROR] LogOutputStream:75 - [STDERR_REDIRECT] [Fatal Error] :1:1: Premature end of file.
2025-01-29 23:55:41,465 [ERROR] LogOutputStream:75 - [STDERR_REDIRECT] 
2025-01-29 23:55:42,470 [ERROR] LogOutputStream:75 - [STDERR_REDIRECT] [Fatal Error] :1:1: Premature end of file.
2025-01-29 23:55:42,470 [ERROR] LogOutputStream:75 - [STDERR_REDIRECT] 
2025-01-29 23:55:43,469 [ERROR] LogOutputStream:75 - [STDERR_REDIRECT] [Fatal Error] :1:1: Premature end of file.
2025-01-29 23:55:43,469 [ERROR] LogOutputStream:75 - [STDERR_REDIRECT] 
2025-01-29 23:55:44,477 [ERROR] LogOutputStream:75 - [STDERR_REDIRECT] [Fatal Error] :1:1: Premature end of file.
2025-01-29 23:55:44,477 [ERROR] LogOutputStream:75 - [STDERR_REDIRECT] 
2025-01-29 23:55:45,463 [ERROR] LogOutputStream:75 - [STDERR_REDIRECT] [Fatal Error] :1:1: Premature end of file.
2025-01-29 23:55:45,463 [ERROR] LogOutputStream:75 - [STDERR_REDIRECT] 
2025-01-29 23:55:46,464 [ERROR] LogOutputStream:75 - [STDERR_REDIRECT] [Fatal Error] :1:1: Premature end of file.
2025-01-29 23:55:46,464 [ERROR] LogOutputStream:75 - [STDERR_REDIRECT] 
2025-01-29 23:55:47,465 [ERROR] LogOutputStream:75 - [STDERR_REDIRECT] [Fatal Error] :1:1: Premature end of file.
2025-01-29 23:55:47,465 [ERROR] LogOutputStream:75 - [STDERR_REDIRECT] 
2025-01-29 23:55:48,474 [ERROR] LogOutputStream:75 - [STDERR_REDIRECT] [Fatal Error] :1:1: Premature end of file.
2025-01-29 23:55:48,474 [ERROR] LogOutputStream:75 - [STDERR_REDIRECT] 
2025-01-29 23:55:49,464 [ERROR] LogOutputStream:75 - [STDERR_REDIRECT] [Fatal Error] :1:1: Premature end of file.
2025-01-29 23:55:49,464 [ERROR] LogOutputStream:75 - [STDERR_REDIRECT] 
2025-01-29 23:55:50,453 [ERROR] LogOutputStream:75 - [STDERR_REDIRECT] [Fatal Error] :1:1: Premature end of file.
2025-01-29 23:55:50,453 [ERROR] LogOutputStream:75 - [STDERR_REDIRECT] 
2025-01-29 23:55:51,469 [ERROR] LogOutputStream:75 - [STDERR_REDIRECT] [Fatal Error] :1:1: Premature end of file.
2025-01-29 23:55:51,469 [ERROR] LogOutputStream:75 - [STDERR_REDIRECT] 
2025-01-29 23:55:52,465 [ERROR] LogOutputStream:75 - [STDERR_REDIRECT] [Fatal Error] :1:1: Premature end of file.
2025-01-29 23:55:52,465 [ERROR] LogOutputStream:75 - [STDERR_REDIRECT] 
2025-01-29 23:55:53,459 [ERROR] LogOutputStream:75 - [STDERR_REDIRECT] [Fatal Error] :1:1: Premature end of file.
2025-01-29 23:55:53,459 [ERROR] LogOutputStream:75 - [STDERR_REDIRECT] 
2025-01-29 23:55:54,455 [ERROR] LogOutputStream:75 - [STDERR_REDIRECT] [Fatal Error] :1:1: Premature end of file.
2025-01-29 23:55:54,455 [ERROR] LogOutputStream:75 - [STDERR_REDIRECT] 
2025-01-29 23:55:55,446 [ERROR] LogOutputStream:75 - [STDERR_REDIRECT] [Fatal Error] :1:1: Premature end of file.
2025-01-29 23:55:55,446 [ERROR] LogOutputStream:75 - [STDERR_REDIRECT] 
2025-01-29 23:55:56,448 [ERROR] LogOutputStream:75 - [STDERR_REDIRECT] [Fatal Error] :1:1: Premature end of file.
2025-01-29 23:55:56,448 [ERROR] LogOutputStream:75 - [STDERR_REDIRECT] 
2025-01-29 23:55:57,453 [ERROR] LogOutputStream:75 - [STDERR_REDIRECT] [Fatal Error] :1:1: Premature end of file.
2025-01-29 23:55:57,453 [ERROR] LogOutputStream:75 - [STDERR_REDIRECT] 
2025-01-29 23:55:58,455 [ERROR] LogOutputStream:75 - [STDERR_REDIRECT] [Fatal Error] :1:1: Premature end of file.
2025-01-29 23:55:58,455 [ERROR] LogOutputStream:75 - [STDERR_REDIRECT] 
2025-01-29 23:55:59,461 [ERROR] LogOutputStream:75 - [STDERR_REDIRECT] [Fatal Error] :1:1: Premature end of file.
2025-01-29 23:55:59,461 [ERROR] LogOutputStream:75 - [STDERR_REDIRECT] 
2025-01-29 23:56:00,467 [ERROR] LogOutputStream:75 - [STDERR_REDIRECT] [Fatal Error] :1:1: Premature end of file.
2025-01-29 23:56:00,468 [ERROR] LogOutputStream:75 - [STDERR_REDIRECT] 
2025-01-29 23:56:01,473 [ERROR] LogOutputStream:75 - [STDERR_REDIRECT] [Fatal Error] :1:1: Premature end of file.
2025-01-29 23:56:01,473 [ERROR] LogOutputStream:75 - [STDERR_REDIRECT] 
2025-01-29 23:56:02,462 [ERROR] LogOutputStream:75 - [STDERR_REDIRECT] [Fatal Error] :1:1: Premature end of file.
2025-01-29 23:56:02,464 [ERROR] LogOutputStream:75 - [STDERR_REDIRECT] 
2025-01-29 23:56:03,466 [ERROR] LogOutputStream:75 - [STDERR_REDIRECT] [Fatal Error] :1:1: Premature end of file.
2025-01-29 23:56:03,466 [ERROR] LogOutputStream:75 - [STDERR_REDIRECT] 
2025-01-29 23:56:04,465 [ERROR] LogOutputStream:75 - [STDERR_REDIRECT] [Fatal Error] :1:1: Premature end of file.
2025-01-29 23:56:04,465 [ERROR] LogOutputStream:75 - [STDERR_REDIRECT] 
2025-01-29 23:56:05,453 [ERROR] LogOutputStream:75 - [STDERR_REDIRECT] [Fatal Error] :1:1: Premature end of file.
2025-01-29 23:56:05,453 [ERROR] LogOutputStream:75 - [STDERR_REDIRECT] 
2025-01-29 23:56:06,468 [ERROR] LogOutputStream:75 - [STDERR_REDIRECT] [Fatal Error] :1:1: Premature end of file.
2025-01-29 23:56:06,468 [ERROR] LogOutputStream:75 - [STDERR_REDIRECT] 
2025-01-29 23:56:07,474 [ERROR] LogOutputStream:75 - [STDERR_REDIRECT] [Fatal Error] :1:1: Premature end of file.
2025-01-29 23:56:07,474 [ERROR] LogOutputStream:75 - [STDERR_REDIRECT] 
2025-01-29 23:56:08,470 [ERROR] LogOutputStream:75 - [STDERR_REDIRECT] [Fatal Error] :1:1: Premature end of file.
2025-01-29 23:56:08,470 [ERROR] LogOutputStream:75 - [STDERR_REDIRECT] 
2025-01-29 23:56:09,478 [ERROR] LogOutputStream:75 - [STDERR_REDIRECT] [Fatal Error] :1:1: Premature end of file.
2025-01-29 23:56:09,478 [ERROR] LogOutputStream:75 - [STDERR_REDIRECT] 
2025-01-29 23:56:10,467 [ERROR] LogOutputStream:75 - [STDERR_REDIRECT] [Fatal Error] :1:1: Premature end of file.
2025-01-29 23:56:10,467 [ERROR] LogOutputStream:75 - [STDERR_REDIRECT] 
2025-01-29 23:56:11,454 [ERROR] LogOutputStream:75 - [STDERR_REDIRECT] [Fatal Error] :1:1: Premature end of file.
2025-01-29 23:56:11,454 [ERROR] LogOutputStream:75 - [STDERR_REDIRECT] 
2025-01-29 23:56:12,482 [ERROR] LogOutputStream:75 - [STDERR_REDIRECT] [Fatal Error] :1:1: Premature end of file.
2025-01-29 23:56:12,482 [ERROR] LogOutputStream:75 - [STDERR_REDIRECT] 
2025-01-29 23:56:13,467 [ERROR] LogOutputStream:75 - [STDERR_REDIRECT] [Fatal Error] :1:1: Premature end of file.
2025-01-29 23:56:13,467 [ERROR] LogOutputStream:75 - [STDERR_REDIRECT] 
2025-01-29 23:56:14,467 [ERROR] LogOutputStream:75 - [STDERR_REDIRECT] [Fatal Error] :1:1: Premature end of file.
2025-01-29 23:56:14,467 [ERROR] LogOutputStream:75 - [STDERR_REDIRECT] 
2025-01-29 23:56:15,463 [ERROR] LogOutputStream:75 - [STDERR_REDIRECT] [Fatal Error] :1:1: Premature end of file.
2025-01-29 23:56:15,465 [ERROR] LogOutputStream:75 - [STDERR_REDIRECT] 
2025-01-29 23:56:16,466 [ERROR] LogOutputStream:75 - [STDERR_REDIRECT] [Fatal Error] :1:1: Premature end of file.
2025-01-29 23:56:16,466 [ERROR] LogOutputStream:75 - [STDERR_REDIRECT] 
2025-01-29 23:56:17,468 [ERROR] LogOutputStream:75 - [STDERR_REDIRECT] [Fatal Error] :1:1: Premature end of file.
2025-01-29 23:56:17,468 [ERROR] LogOutputStream:75 - [STDERR_REDIRECT] 
2025-01-29 23:56:18,467 [ERROR] LogOutputStream:75 - [STDERR_REDIRECT] [Fatal Error] :1:1: Premature end of file.
2025-01-29 23:56:18,467 [ERROR] LogOutputStream:75 - [STDERR_REDIRECT] 
2025-01-29 23:56:19,465 [ERROR] LogOutputStream:75 - [STDERR_REDIRECT] [Fatal Error] :1:1: Premature end of file.
2025-01-29 23:56:19,465 [ERROR] LogOutputStream:75 - [STDERR_REDIRECT] 
2025-01-29 23:56:20,480 [ERROR] LogOutputStream:75 - [STDERR_REDIRECT] [Fatal Error] :1:1: Premature end of file.
2025-01-29 23:56:20,480 [ERROR] LogOutputStream:75 - [STDERR_REDIRECT] 
2025-01-29 23:56:21,465 [ERROR] LogOutputStream:75 - [STDERR_REDIRECT] [Fatal Error] :1:1: Premature end of file.
2025-01-29 23:56:21,466 [ERROR] LogOutputStream:75 - [STDERR_REDIRECT] 
2025-01-29 23:56:22,469 [ERROR] LogOutputStream:75 - [STDERR_REDIRECT] [Fatal Error] :1:1: Premature end of file.
2025-01-29 23:56:22,469 [ERROR] LogOutputStream:75 - [STDERR_REDIRECT] 
2025-01-29 23:56:23,468 [ERROR] LogOutputStream:75 - [STDERR_REDIRECT] [Fatal Error] :1:1: Premature end of file.
2025-01-29 23:56:23,468 [ERROR] LogOutputStream:75 - [STDERR_REDIRECT] 
2025-01-29 23:56:24,457 [ERROR] LogOutputStream:75 - [STDERR_REDIRECT] [Fatal Error] :1:1: Premature end of file.
2025-01-29 23:56:24,457 [ERROR] LogOutputStream:75 - [STDERR_REDIRECT] 
2025-01-29 23:56:25,462 [ERROR] LogOutputStream:75 - [STDERR_REDIRECT] [Fatal Error] :1:1: Premature end of file.
2025-01-29 23:56:25,462 [ERROR] LogOutputStream:75 - [STDERR_REDIRECT] 
2025-01-29 23:56:26,466 [ERROR] LogOutputStream:75 - [STDERR_REDIRECT] [Fatal Error] :1:1: Premature end of file.
2025-01-29 23:56:26,466 [ERROR] LogOutputStream:75 - [STDERR_REDIRECT] 
2025-01-29 23:56:27,474 [ERROR] LogOutputStream:75 - [STDERR_REDIRECT] [Fatal Error] :1:1: Premature end of file.
2025-01-29 23:56:27,474 [ERROR] LogOutputStream:75 - [STDERR_REDIRECT] 
2025-01-29 23:56:28,462 [ERROR] LogOutputStream:75 - [STDERR_REDIRECT] [Fatal Error] :1:1: Premature end of file.
2025-01-29 23:56:28,462 [ERROR] LogOutputStream:75 - [STDERR_REDIRECT] 
2025-01-29 23:56:29,467 [ERROR] LogOutputStream:75 - [STDERR_REDIRECT] [Fatal Error] :1:1: Premature end of file.
2025-01-29 23:56:29,467 [ERROR] LogOutputStream:75 - [STDERR_REDIRECT] 
2025-01-29 23:56:30,471 [ERROR] LogOutputStream:75 - [STDERR_REDIRECT] [Fatal Error] :1:1: Premature end of file.
2025-01-29 23:56:30,471 [ERROR] LogOutputStream:75 - [STDERR_REDIRECT] 
2025-01-29 23:56:31,469 [ERROR] LogOutputStream:75 - [STDERR_REDIRECT] [Fatal Error] :1:1: Premature end of file.
2025-01-29 23:56:31,469 [ERROR] LogOutputStream:75 - [STDERR_REDIRECT] 
2025-01-29 23:56:32,466 [ERROR] LogOutputStream:75 - [STDERR_REDIRECT] [Fatal Error] :1:1: Premature end of file.
2025-01-29 23:56:32,466 [ERROR] LogOutputStream:75 - [STDERR_REDIRECT] 
2025-01-29 23:56:33,480 [ERROR] LogOutputStream:75 - [STDERR_REDIRECT] [Fatal Error] :1:1: Premature end of file.
2025-01-29 23:56:33,480 [ERROR] LogOutputStream:75 - [STDERR_REDIRECT] 
2025-01-29 23:56:34,458 [ERROR] LogOutputStream:75 - [STDERR_REDIRECT] [Fatal Error] :1:1: Premature end of file.
2025-01-29 23:56:34,458 [ERROR] LogOutputStream:75 - [STDERR_REDIRECT] 
2025-01-29 23:56:35,469 [ERROR] LogOutputStream:75 - [STDERR_REDIRECT] [Fatal Error] :1:1: Premature end of file.
2025-01-29 23:56:35,469 [ERROR] LogOutputStream:75 - [STDERR_REDIRECT] 
2025-01-29 23:56:36,474 [ERROR] LogOutputStream:75 - [STDERR_REDIRECT] [Fatal Error] :1:1: Premature end of file.
2025-01-29 23:56:36,474 [ERROR] LogOutputStream:75 - [STDERR_REDIRECT] 
2025-01-29 23:56:37,463 [ERROR] LogOutputStream:75 - [STDERR_REDIRECT] [Fatal Error] :1:1: Premature end of file.
2025-01-29 23:56:37,463 [ERROR] LogOutputStream:75 - [STDERR_REDIRECT] 
2025-01-29 23:56:38,454 [ERROR] LogOutputStream:75 - [STDERR_REDIRECT] [Fatal Error] :1:1: Premature end of file.
2025-01-29 23:56:38,454 [ERROR] LogOutputStream:75 - [STDERR_REDIRECT] 
2025-01-29 23:56:39,451 [ERROR] LogOutputStream:75 - [STDERR_REDIRECT] [Fatal Error] :1:1: Premature end of file.
2025-01-29 23:56:39,451 [ERROR] LogOutputStream:75 - [STDERR_REDIRECT] 
2025-01-29 23:56:40,467 [ERROR] LogOutputStream:75 - [STDERR_REDIRECT] [Fatal Error] :1:1: Premature end of file.
2025-01-29 23:56:40,467 [ERROR] LogOutputStream:75 - [STDERR_REDIRECT] 
2025-01-29 23:56:41,447 [ERROR] LogOutputStream:75 - [STDERR_REDIRECT] [Fatal Error] :1:1: Premature end of file.
2025-01-29 23:56:41,448 [ERROR] LogOutputStream:75 - [STDERR_REDIRECT] 
2025-01-29 23:56:42,458 [ERROR] LogOutputStream:75 - [STDERR_REDIRECT] [Fatal Error] :1:1: Premature end of file.
2025-01-29 23:56:42,458 [ERROR] LogOutputStream:75 - [STDERR_REDIRECT] 
2025-01-29 23:56:43,467 [ERROR] LogOutputStream:75 - [STDERR_REDIRECT] [Fatal Error] :1:1: Premature end of file.
2025-01-29 23:56:43,467 [ERROR] LogOutputStream:75 - [STDERR_REDIRECT] 
2025-01-29 23:56:44,471 [ERROR] LogOutputStream:75 - [STDERR_REDIRECT] [Fatal Error] :1:1: Premature end of file.
2025-01-29 23:56:44,471 [ERROR] LogOutputStream:75 - [STDERR_REDIRECT] 
2025-01-29 23:56:45,467 [ERROR] LogOutputStream:75 - [STDERR_REDIRECT] [Fatal Error] :1:1: Premature end of file.
2025-01-29 23:56:45,467 [ERROR] LogOutputStream:75 - [STDERR_REDIRECT] 
2025-01-29 23:56:46,463 [ERROR] LogOutputStream:75 - [STDERR_REDIRECT] [Fatal Error] :1:1: Premature end of file.
2025-01-29 23:56:46,463 [ERROR] LogOutputStream:75 - [STDERR_REDIRECT] 
2025-01-29 23:56:47,467 [ERROR] LogOutputStream:75 - [STDERR_REDIRECT] [Fatal Error] :1:1: Premature end of file.
2025-01-29 23:56:47,467 [ERROR] LogOutputStream:75 - [STDERR_REDIRECT] 
2025-01-29 23:56:48,469 [ERROR] LogOutputStream:75 - [STDERR_REDIRECT] [Fatal Error] :1:1: Premature end of file.
2025-01-29 23:56:48,469 [ERROR] LogOutputStream:75 - [STDERR_REDIRECT] 
2025-01-29 23:56:49,458 [ERROR] LogOutputStream:75 - [STDERR_REDIRECT] [Fatal Error] :1:1: Premature end of file.
2025-01-29 23:56:49,458 [ERROR] LogOutputStream:75 - [STDERR_REDIRECT] 
2025-01-29 23:56:50,454 [ERROR] LogOutputStream:75 - [STDERR_REDIRECT] [Fatal Error] :1:1: Premature end of file.
2025-01-29 23:56:50,454 [ERROR] LogOutputStream:75 - [STDERR_REDIRECT] 
2025-01-29 23:56:51,475 [ERROR] LogOutputStream:75 - [STDERR_REDIRECT] [Fatal Error] :1:1: Premature end of file.
2025-01-29 23:56:51,475 [ERROR] LogOutputStream:75 - [STDERR_REDIRECT] 
2025-01-29 23:56:52,469 [ERROR] LogOutputStream:75 - [STDERR_REDIRECT] [Fatal Error] :1:1: Premature end of file.
2025-01-29 23:56:52,469 [ERROR] LogOutputStream:75 - [STDERR_REDIRECT] 
2025-01-29 23:56:52,733 [INFO] McuFinderGlobals:63 - Set McuFinder mode to 2 (CubeIDE integrated)
2025-01-29 23:56:52,737 [INFO] MainUpdater:2872 - connection check result : 10
2025-01-29 23:56:52,738 [INFO] MainUpdater:2872 - connection check result : 10
2025-01-29 23:56:52,765 [INFO] MicroXplorer:468 - Change Database Path : 
2025-01-29 23:56:52,765 [INFO] MicroXplorer:498 - Change Database Version : DB.6.0.130
2025-01-29 23:56:52,771 [WARN] ThirdParty:871 - waiting for thirdparty lock release [close project]
2025-01-29 23:56:52,771 [INFO] ThirdParty:873 - entering critical section [close project]
2025-01-29 23:56:52,772 [INFO] ThirdParty:883 - exiting critical section [close project]
2025-01-29 23:56:52,774 [INFO] PinOutPanel:1589 - setPackage(No Configuration,No Configuration)
2025-01-29 23:56:52,778 [INFO] UtilMem:75 - Begin LoadConfig() Used Memory: 505632328 Bytes (825229312)
2025-01-29 23:56:52,779 [INFO] MicroXplorer:468 - Change Database Path : 
2025-01-29 23:56:52,779 [INFO] MicroXplorer:498 - Change Database Version : DB.6.0.130
2025-01-29 23:56:52,779 [INFO] OpenFileManager:332 - Change cursor
2025-01-29 23:56:52,831 [INFO] Mcu:2035 - Initializing MCU STM32F767ZITx STM32F767ZITx STM32F767ZIT6
2025-01-29 23:56:53,452 [ERROR] LogOutputStream:75 - [STDERR_REDIRECT] [Fatal Error] :1:1: Premature end of file.
2025-01-29 23:56:53,452 [ERROR] LogOutputStream:75 - [STDERR_REDIRECT] 
2025-01-29 23:56:54,452 [ERROR] LogOutputStream:75 - [STDERR_REDIRECT] [Fatal Error] :1:1: Premature end of file.
2025-01-29 23:56:54,452 [ERROR] LogOutputStream:75 - [STDERR_REDIRECT] 
2025-01-29 23:56:54,571 [INFO] Context:748 - Trying to add GPIOservice into a context  which must be forbidden
2025-01-29 23:56:55,069 [INFO] RtosManager:555 - Registered RTOS mode: class=CMSIS, group=RTOS, mode=CMSIS_V1, owner=FREERTOS
2025-01-29 23:56:55,069 [INFO] RtosManager:555 - Registered RTOS mode: class=CMSIS, group=RTOS2, mode=CMSIS_V2, owner=FREERTOS
2025-01-29 23:56:55,069 [INFO] RtosManager:555 - Registered RTOS mode: class=RTOS, group=Core, mode=CMSIS_V1, owner=FREERTOS
2025-01-29 23:56:55,069 [INFO] RtosManager:555 - Registered RTOS mode: class=RTOS, group=Core, mode=CMSIS_V2, owner=FREERTOS
2025-01-29 23:56:55,069 [WARN] ModelIntegratedComponent:184 - Missing modes for component STMicroelectronics:FreeRTOS:0.0.1:STMicroelectronics:RTOS:FreeRTOS:Core:::10.2.0:
2025-01-29 23:56:55,082 [WARN] ModelIntegratedComponent:63 - No mode defined for component null
2025-01-29 23:56:55,082 [WARN] ModelIntegratedComponent:63 - No mode defined for component null
2025-01-29 23:56:55,082 [WARN] ModelIntegratedComponent:63 - No mode defined for component null
2025-01-29 23:56:55,082 [WARN] ModelIntegratedComponent:63 - No mode defined for component null
2025-01-29 23:56:55,082 [WARN] ModelIntegratedComponent:63 - No mode defined for component null
2025-01-29 23:56:55,082 [WARN] ModelIntegratedComponent:63 - No mode defined for component null
2025-01-29 23:56:55,082 [WARN] ModelIntegratedComponent:63 - No mode defined for component null
2025-01-29 23:56:55,082 [WARN] ModelIntegratedComponent:63 - No mode defined for component null
2025-01-29 23:56:55,082 [WARN] ModelIntegratedComponent:63 - No mode defined for component null
2025-01-29 23:56:55,082 [WARN] ModelIntegratedComponent:63 - No mode defined for component null
2025-01-29 23:56:55,082 [WARN] ModelIntegratedComponent:63 - No mode defined for component null
2025-01-29 23:56:55,082 [WARN] ModelIntegratedComponent:63 - No mode defined for component null
2025-01-29 23:56:55,082 [WARN] ModelIntegratedComponent:63 - No mode defined for component null
2025-01-29 23:56:55,082 [WARN] ModelIntegratedComponent:63 - No mode defined for component null
2025-01-29 23:56:55,082 [WARN] ModelIntegratedComponent:63 - No mode defined for component null
2025-01-29 23:56:55,082 [WARN] ModelIntegratedComponent:63 - No mode defined for component null
2025-01-29 23:56:55,082 [WARN] ModelIntegratedComponent:63 - No mode defined for component null
2025-01-29 23:56:55,082 [WARN] ModelIntegratedComponent:63 - No mode defined for component null
2025-01-29 23:56:55,082 [WARN] ModelIntegratedComponent:63 - No mode defined for component null
2025-01-29 23:56:55,082 [WARN] ModelIntegratedComponent:63 - No mode defined for component null
2025-01-29 23:56:55,082 [WARN] ModelIntegratedComponent:63 - No mode defined for component null
2025-01-29 23:56:55,082 [WARN] ModelIntegratedComponent:63 - No mode defined for component null
2025-01-29 23:56:55,082 [WARN] ModelIntegratedComponent:63 - No mode defined for component null
2025-01-29 23:56:55,083 [WARN] ModelIntegratedComponent:63 - No mode defined for component null
2025-01-29 23:56:55,083 [WARN] ModelIntegratedComponent:63 - No mode defined for component null
2025-01-29 23:56:55,083 [WARN] ModelIntegratedComponent:63 - No mode defined for component null
2025-01-29 23:56:55,083 [WARN] ModelIntegratedComponent:63 - No mode defined for component null
2025-01-29 23:56:55,083 [WARN] ModelIntegratedComponent:63 - No mode defined for component null
2025-01-29 23:56:55,083 [WARN] ModelIntegratedComponent:63 - No mode defined for component null
2025-01-29 23:56:55,083 [WARN] ModelIntegratedComponent:63 - No mode defined for component null
2025-01-29 23:56:55,083 [WARN] ModelIntegratedComponent:63 - No mode defined for component null
2025-01-29 23:56:55,083 [WARN] ModelIntegratedComponent:63 - No mode defined for component null
2025-01-29 23:56:55,083 [WARN] ModelIntegratedComponent:63 - No mode defined for component null
2025-01-29 23:56:55,083 [WARN] ModelIntegratedComponent:63 - No mode defined for component null
2025-01-29 23:56:55,083 [WARN] ModelIntegratedComponent:63 - No mode defined for component null
2025-01-29 23:56:55,083 [WARN] ModelPack:524 - Component already loaded: STMicroelectronics:HAL Drivers:0.0.0:STMicroelectronics:Device:STMicro_Driver:XSPI:HAL::0.0.1:HAL_XSPI
2025-01-29 23:56:55,139 [INFO] ThirdPartyModel:298 - Start build external matchings
2025-01-29 23:56:55,284 [INFO] ThirdPartyModel:316 - End build external matchings
2025-01-29 23:56:55,452 [ERROR] LogOutputStream:75 - [STDERR_REDIRECT] [Fatal Error] :1:1: Premature end of file.
2025-01-29 23:56:55,452 [ERROR] LogOutputStream:75 - [STDERR_REDIRECT] 
2025-01-29 23:56:55,754 [INFO] ApiDb:581 - Connected to CubeFinder SQLite database (C:\Users\Admin\.stmcufinder\plugins\mcufinder\mcu\cube-finder-db.db)
2025-01-29 23:56:55,817 [INFO] ApiDb:668 - CubeFinder database Data Model version=2.1
2025-01-29 23:56:55,817 [INFO] ApiDb:669 - CubeFinder database Configuration version=3.0.39
2025-01-29 23:56:55,819 [INFO] ApiDb:670 - CubeFinder database generation date=2024-12-10 (1733817889)
2025-01-29 23:56:55,819 [INFO] ApiDb:671 - CubeFinder database FW Pack versions=[FP-ATR-ASTRA1_V2.0.0, FP-SNS-FLIGHT1_V5.0.2, FP-SNS-MOTENV1_V5.0.0, FP-SNS-MOTENVWB1_V1.4.0, FP-SNS-SMARTAG2_V1.2.0, FP-SNS-STBOX1_V2.0.0, STM32Cube_FW_C0_V1.3.0, STM32Cube_FW_F4_V1.28.1, STM32Cube_FW_F7_V1.17.2, STM32Cube_FW_G0_V1.6.2, STM32Cube_FW_G4_V1.6.1, STM32Cube_FW_H5_V1.4.0, STM32Cube_FW_H7RS_V1.1.0, STM32Cube_FW_H7_V1.12.0, STM32Cube_FW_L0_V1.12.2, STM32Cube_FW_L4_V1.18.1, STM32Cube_FW_L5_V1.5.1, STM32Cube_FW_N6_V1.0.0, STM32Cube_FW_U0_V1.2.0, STM32Cube_FW_U3_V1.0.0, STM32Cube_FW_U5_V1.7.0, STM32Cube_FW_WB0_V1.1.0, STM32Cube_FW_WBA_V1.5.0, STM32Cube_FW_WB_V1.21.0, STM32Cube_FW_WL3_V1.0.0, STM32Cube_FW_WL_V1.3.0, X-CUBE-ALGOBUILD_V1.4.0, X-CUBE-ALS_V1.0.2, X-CUBE-AZRTOS-F4_V1.1.0, X-CUBE-AZRTOS-F7_V1.1.0, X-CUBE-AZRTOS-G0_V1.1.0, X-CUBE-AZRTOS-G4_V2.0.0, X-CUBE-AZRTOS-H7RS_V1.0.0, X-CUBE-AZRTOS-H7_V3.3.0, X-CUBE-AZRTOS-L4_V2.0.0, X-CUBE-AZRTOS-L5_V2.0.0, X-CUBE-AZRTOS-WB_V2.0.0, X-CUBE-AZRTOS-WL_V2.0.0, X-CUBE-BLE1_V7.0.0, X-CUBE-BLE2_V3.3.0, X-CUBE-BLEMGR_V3.1.0, X-CUBE-EEPRMA1_V5.1.0, X-CUBE-FREERTOS_V1.2.0, X-CUBE-GNSS1_V6.0.0, X-CUBE-MEMS1_V11.0.0, X-CUBE-NFC4_V3.0.0, X-CUBE-NFC7_V1.0.1, X-CUBE-SFXS2LP1_V4.0.0, X-CUBE-SUBG2_V5.0.0, X-CUBE-TOF1_V3.4.2]
2025-01-29 23:56:55,902 [INFO] DbBoardsSqlite:226 - include board P-NUCLEO-WB55-NUCLEO as a kit item of type 'Nucleo-64'
2025-01-29 23:56:55,904 [INFO] DbBoardsSqlite:226 - include board P-NUCLEO-WB55-USBDONGLE as a kit item of type 'Nucleo USB Dongle'
2025-01-29 23:56:55,904 [INFO] DbBoardsSqlite:226 - include board STEVAL-IDP005V1 as a kit item of type 'Evaluation Board'
2025-01-29 23:56:55,904 [INFO] DbBoardsSqlite:226 - include board STEVAL-IDP005V2 as a kit item of type 'Evaluation Board'
2025-01-29 23:56:56,327 [INFO] ApiDb:240 - Found 858 in-development CPN: [B-G473E-ZEST1S, B-WB1M-WPAN1, B-WBA5M-WPAN, B-WL5M-SUBG1, NUCLEO-C031C6, NUCLEO-C051C8, NUCLEO-C071RB, NUCLEO-C092RC, NUCLEO-H503RB, NUCLEO-H533RE, NUCLEO-H563ZI, NUCLEO-H7S3L8, NUCLEO-N657X0-Q, NUCLEO-U031R8, NUCLEO-U083RC, NUCLEO-U385RG-Q, NUCLEO-U545RE-Q, NUCLEO-U5A5ZJ-Q, NUCLEO-WB05KZ, NUCLEO-WB07CC, NUCLEO-WB09KE, NUCLEO-WBA52CG, NUCLEO-WBA55CG, NUCLEO-WL33CC1, NUCLEO-WL33CC2, STEVAL-PROTEUS1, STEVAL-SMARTAG2, STEVAL-STWINBX1, STM320518-EVAL, STM32C0116-DK, STM32C011D6Y3TR, STM32C011D6Y6TR, STM32C011F4P3, STM32C011F4P6, STM32C011F4U3, STM32C011F4U6TR, STM32C011F6P3, STM32C011F6P6, STM32C011F6U3, STM32C011F6U6TR, STM32C011J4M3, STM32C011J4M6, STM32C011J6M3, STM32C011J6M6, STM32C0316-DK, STM32C031C4T3, STM32C031C4T6, STM32C031C4U3, STM32C031C4U6, STM32C031C6T3, STM32C031C6T6, STM32C031C6U3, STM32C031C6U6, STM32C031F4P3, STM32C031F4P6, STM32C031F6P3, STM32C031F6P6, STM32C031G4U3, STM32C031G4U6, STM32C031G6U3, STM32C031G6U6, STM32C031K4T3, STM32C031K4T6, STM32C031K4U3, STM32C031K4U6, STM32C031K6T3, STM32C031K6T6, STM32C031K6U3, STM32C031K6U6, STM32C051C6T6, STM32C051C6U6, STM32C051C8T6, STM32C051C8U6, STM32C051D8Y6TR, STM32C051F6P6, STM32C051F8P6, STM32C051G6U6, STM32C051G8U6, STM32C051K6T6, STM32C051K6U6, STM32C051K8T6, STM32C071C8T6, STM32C071C8T6N, STM32C071C8U6, STM32C071C8U6N, STM32C071CBT6, STM32C071CBT6N, STM32C071CBU6, STM32C071CBU6N, STM32C071F8P6, STM32C071F8P6N, STM32C071FBP6, STM32C071FBP6N, STM32C071FBY6TR, STM32C071G8U6, STM32C071G8U6N, STM32C071GBU6, STM32C071GBU6N, STM32C071K8T6, STM32C071K8T6N, STM32C071K8U6, STM32C071K8U6N, STM32C071KBT6, STM32C071KBT6N, STM32C071KBU6, STM32C071KBU6N, STM32C071R8T6, STM32C071R8T6N, STM32C071RBI6N, STM32C071RBT6, STM32C071RBT6N, STM32C091CBT6, STM32C091CBU6, STM32C091CCT6, STM32C091CCU6, STM32C091ECY6TR, STM32C091FBP6, STM32C091FCP6, STM32C091GBU6, STM32C091GCU6, STM32C091KBT6, STM32C091KBU6, STM32C091KCT6, STM32C091KCU6, STM32C091RBT6, STM32C091RCI6, STM32C091RCT6, STM32C092CBT6, STM32C092CBU6, STM32C092CCT6, STM32C092CCU6, STM32C092ECY6TR, STM32C092FBP6, STM32C092FCP6, STM32C092GBU6, STM32C092GCU6, STM32C092KBT6, STM32C092KBU6, STM32C092KCT6, STM32C092KCU6, STM32C092RBT6, STM32C092RCI6, STM32C092RCT6, STM32G071K8TXN, STM32G071K8UXN, STM32G081GBU6N, STM32G081KBT6N, STM32G081KBUXN, STM32G0B1CCT6N, STM32G0B1KCT6, STM32G0B1NEY6TR, STM32G0B1RCT6N, STM32G0C1CCT6, STM32G0C1CCT6N, STM32G0C1CCU6N, STM32G0C1CET6N, STM32G0C1CEU6N, STM32G0C1KCT6, STM32G0C1NEY6TR, STM32G0C1RCI6N, STM32G0C1RCT6N, STM32G0C1REI6N, STM32G0C1RET6N, STM32G0C1VCI6, STM32G0C1VEI6, STM32G411C6T3, STM32G411C6T6, STM32G411C6U3, STM32G411C6U6, STM32G411C8T3, STM32G411C8T6, STM32G411C8U3, STM32G411C8U6, STM32G411CBT3, STM32G411CBT6, STM32G411CBU3, STM32G411CBU6, STM32G411CCT3, STM32G411CCT6, STM32G411CCU3, STM32G411CCU6, STM32G411K6T3, STM32G411K6T6, STM32G411K6U3, STM32G411K6U6, STM32G411K8T3, STM32G411K8T6, STM32G411K8U3, STM32G411K8U6, STM32G411KBT3, STM32G411KBT6, STM32G411KBU3, STM32G411KBU6, STM32G411M6T3, STM32G411M6T6, STM32G411M8T3, STM32G411M8T6, STM32G411MBT3, STM32G411MBT6, STM32G411MCT3, STM32G411MCT6, STM32G411R6T3, STM32G411R6T6, STM32G411R8T3, STM32G411R8T6, STM32G411RBT3, STM32G411RBT6, STM32G411RCT3, STM32G411RCT6, STM32G414CBT3, STM32G414CBT6, STM32G414CBU3, STM32G414CBU6, STM32G414CCT3, STM32G414CCT6, STM32G414CCU3, STM32G414CCU6, STM32G414MBT3, STM32G414MBT6, STM32G414MCT3, STM32G414MCT6, STM32G414RBT3, STM32G414RBT6, STM32G414RCT3, STM32G414RCT6, STM32G414VBT3, STM32G414VBT6, STM32G414VCT3, STM32G414VCT6, STM32G431CBT3Z, STM32G431RBT3Z, STM32G471CCT6, STM32G471CCU6, STM32G471CET3, STM32G471CET6, STM32G471CEU3, STM32G471CEU6, STM32G471MCT6, STM32G471MET3, STM32G471MET6, STM32G471MEY6TR, STM32G471QCT6, STM32G471QET3, STM32G471RCT6, STM32G471RET3, STM32G471RET6, STM32G471VCH6, STM32G471VCI6, STM32G471VCT6, STM32G471VEH3, STM32G471VEH6, STM32G471VEI3, STM32G471VEI6, STM32G471VET3, STM32G471VET6, STM32G473QET3Z, STM32G473RET3Z, STM32G474CCT6, STM32G491RET3Z, STM32H503CBT6, STM32H503CBU6, STM32H503EBY6TR, STM32H503KBU6, STM32H503RBT6, STM32H523CCT6, STM32H523CCU6, STM32H523CET6, STM32H523CEU6, STM32H523HEY6TR, STM32H523RCT6, STM32H523RET6, STM32H523VCI6, STM32H523VCT6, STM32H523VEI6, STM32H523VET6, STM32H523ZCJ6, STM32H523ZCT6, STM32H523ZEJ6, STM32H523ZET6, STM32H533CET6, STM32H533CEU6, STM32H533HEY6TR, STM32H533RET6, STM32H533VEI6, STM32H533VET6, STM32H533ZEJ6, STM32H533ZET6, STM32H562AGI6, STM32H562AII6, STM32H562IGK6, STM32H562IGT6, STM32H562IIK6, STM32H562IIT6, STM32H562RGT6, STM32H562RGV6, STM32H562RIT6, STM32H562RIV6, STM32H562VGT6, STM32H562VIT6, STM32H562ZGT6, STM32H562ZIT6, STM32H563AGI6, STM32H563AII3Q, STM32H563AII6, STM32H563IGK6, STM32H563IGT6, STM32H563IIK3Q, STM32H563IIK6, STM32H563IIT3Q, STM32H563IIT6, STM32H563MIY3QTR, STM32H563RGT6, STM32H563RGV6, STM32H563RIT6, STM32H563RIV6, STM32H563VGT6, STM32H563VIT3Q, STM32H563VIT6, STM32H563ZGT6, STM32H563ZIT3Q, STM32H563ZIT6, STM32H573AII3Q, STM32H573AII6, STM32H573I-DK, STM32H573IIK3Q, STM32H573IIK6, STM32H573IIT3Q, STM32H573IIT6, STM32H573MIY3QTR, STM32H573RIT6, STM32H573RIV6, STM32H573VIT3Q, STM32H573VIT6, STM32H573ZIT3Q, STM32H573ZIT6, STM32H7R3A8I6, STM32H7R3I8K6, STM32H7R3I8T6, STM32H7R3L8H6, STM32H7R3L8H6H, STM32H7R3R8V6, STM32H7R3V8H6, STM32H7R3V8T6, STM32H7R3V8Y6TR, STM32H7R3Z8J6, STM32H7R3Z8T6, STM32H7R7A8I6, STM32H7R7I8K6, STM32H7R7I8T6, STM32H7R7L8H6, STM32H7R7L8H6H, STM32H7R7Z8J6, STM32H7S3A8I6, STM32H7S3I8K6, STM32H7S3I8T6, STM32H7S3L8H6, STM32H7S3L8H6H, STM32H7S3R8V6, STM32H7S3V8H6, STM32H7S3V8T6, STM32H7S3V8Y6TR, STM32H7S3Z8J6, STM32H7S3Z8T6, STM32H7S78-DK, STM32H7S7A8I6, STM32H7S7I8K6, STM32H7S7I8T6, STM32H7S7L8H6, STM32H7S7L8H6H, STM32H7S7Z8J6, STM32L4R5QGI6STR, STM32MP131AAE3, STM32MP131AAF3, STM32MP131AAG3, STM32MP131CAE3, STM32MP131CAF3, STM32MP131CAG3, STM32MP131DAE7, STM32MP131DAF7, STM32MP131DAG7, STM32MP131FAE7, STM32MP131FAF7, STM32MP131FAG7, STM32MP133AAE3, STM32MP133AAF3, STM32MP133AAG3, STM32MP133CAE3, STM32MP133CAF3, STM32MP133CAG3, STM32MP133DAE7, STM32MP133DAF7, STM32MP133DAG7, STM32MP133FAE7, STM32MP133FAF7, STM32MP133FAG7, STM32MP135AAE3, STM32MP135AAF3, STM32MP135AAG3, STM32MP135CAE3, STM32MP135CAF3, STM32MP135CAG3, STM32MP135DAE7, STM32MP135DAF7, STM32MP135DAG7, STM32MP135F-DK, STM32MP135FAE7, STM32MP135FAF7, STM32MP135FAF7T, STM32MP135FAF7U, STM32MP135FAG7, STM32MP231AAJ3, STM32MP231AAK3, STM32MP231AAL3, STM32MP231CAJ3, STM32MP231CAK3, STM32MP231CAL3, STM32MP231DAJ3, STM32MP231DAK3, STM32MP231DAL3, STM32MP231FAJ3, STM32MP231FAK3, STM32MP231FAL3, STM32MP233AAJ3, STM32MP233AAK3, STM32MP233AAL3, STM32MP233CAJ3, STM32MP233CAK3, STM32MP233CAL3, STM32MP233DAJ3, STM32MP233DAK3, STM32MP233DAL3, STM32MP233FAJ3, STM32MP233FAK3, STM32MP233FAL3, STM32MP235AAJ3, STM32MP235AAK3, STM32MP235AAL3, STM32MP235CAJ3, STM32MP235CAK3, STM32MP235CAL3, STM32MP235DAJ3, STM32MP235DAK3, STM32MP235DAL3, STM32MP235FAJ3, STM32MP235FAK3, STM32MP235FAL3, STM32MP251AAI3, STM32MP251AAJ3, STM32MP251AAK3, STM32MP251AAL3, STM32MP251CAI3, STM32MP251CAJ3, STM32MP251CAK3, STM32MP251CAL3, STM32MP251DAI3, STM32MP251DAJ3, STM32MP251DAK3, STM32MP251DAL3, STM32MP251FAI3, STM32MP251FAJ3, STM32MP251FAK3, STM32MP251FAL3, STM32MP253AAI3, STM32MP253AAJ3, STM32MP253AAK3, STM32MP253AAL3, STM32MP253CAI3, STM32MP253CAJ3, STM32MP253CAK3, STM32MP253CAL3, STM32MP253DAI3, STM32MP253DAJ3, STM32MP253DAK3, STM32MP253DAL3, STM32MP253FAI3, STM32MP253FAJ3, STM32MP253FAK3, STM32MP253FAL3, STM32MP255AAI3, STM32MP255AAJ3, STM32MP255AAK3, STM32MP255AAL3, STM32MP255CAI3, STM32MP255CAJ3, STM32MP255CAK3, STM32MP255CAL3, STM32MP255DAI3, STM32MP255DAJ3, STM32MP255DAK3, STM32MP255DAL3, STM32MP255FAI3, STM32MP255FAJ3, STM32MP255FAK3, STM32MP255FAL3, STM32MP257AAI3, STM32MP257AAJ3, STM32MP257AAK3, STM32MP257AAL3, STM32MP257CAI3, STM32MP257CAJ3, STM32MP257CAK3, STM32MP257CAL3, STM32MP257DAI3, STM32MP257DAJ3, STM32MP257DAK3, STM32MP257DAL3, STM32MP257F-DK, STM32MP257F-EV1, STM32MP257FAI3, STM32MP257FAJ3, STM32MP257FAK3, STM32MP257FAL3, STM32N645A0H3Q, STM32N645B0H3Q, STM32N645I0H3Q, STM32N645L0H3Q, STM32N645X0H3Q, STM32N645Z0H3Q, STM32N647A0H3Q, STM32N647B0H3Q, STM32N647I0H3Q, STM32N647L0H3Q, STM32N647X0H3Q, STM32N647Z0H3Q, STM32N655A0H3Q, STM32N655B0H3Q, STM32N655I0H3Q, STM32N655L0H3Q, STM32N655X0H3Q, STM32N655Z0H3Q, STM32N6570-DK, STM32N657A0H3Q, STM32N657B0H3Q, STM32N657I0H3Q, STM32N657L0H3Q, STM32N657X0H3Q, STM32N657Z0H3Q, STM32U031C6T6, STM32U031C6U6, STM32U031C8T6, STM32U031C8U6, STM32U031F4P6, STM32U031F6P6, STM32U031F8P6, STM32U031G6Y6TR, STM32U031G8Y6TR, STM32U031K4U6, STM32U031K6U6, STM32U031K8U6, STM32U031R6I6, STM32U031R6T6, STM32U031R8I6, STM32U031R8T6, STM32U073C8T6, STM32U073C8U6, STM32U073CBT6, STM32U073CBU6, STM32U073CCT6, STM32U073CCU6, STM32U073H8Y6TR, STM32U073HBY6TR, STM32U073HCY6TR, STM32U073K8U6, STM32U073KBU6, STM32U073KCU6, STM32U073M8I6, STM32U073M8T6, STM32U073MBI6, STM32U073MBT6, STM32U073MCI6, STM32U073MCT6, STM32U073R8I6, STM32U073R8T6, STM32U073RBI6, STM32U073RBT6, STM32U073RCI6, STM32U073RCT6, STM32U083C-DK, STM32U083CCT6, STM32U083CCU6, STM32U083HCY6TR, STM32U083KCU6, STM32U083MCI6, STM32U083MCT6, STM32U083RCI6, STM32U083RCT6, STM32U375CET6, STM32U375CET6Q, STM32U375CEU6, STM32U375CEU6Q, STM32U375CEY6QTR, STM32U375CGT6, STM32U375CGT6Q, STM32U375CGU6, STM32U375CGU6Q, STM32U375CGY6QTR, STM32U375KEU6, STM32U375KGU6, STM32U375REI6, STM32U375REI6Q, STM32U375RET6, STM32U375RET6Q, STM32U375REY6GTR, STM32U375REY6QTR, STM32U375RGI6, STM32U375RGI6Q, STM32U375RGT6, STM32U375RGT6Q, STM32U375RGY6GTR, STM32U375RGY6QTR, STM32U375VEI6, STM32U375VEI6Q, STM32U375VET6, STM32U375VET6Q, STM32U375VGI6, STM32U375VGI6Q, STM32U375VGT6, STM32U375VGT6Q, STM32U385CGT6, STM32U385CGT6Q, STM32U385CGU6, STM32U385CGU6Q, STM32U385CGY6QTR, STM32U385KGU6, STM32U385RGI6, STM32U385RGI6Q, STM32U385RGT6, STM32U385RGT6Q, STM32U385RGY6GTR, STM32U385RGY6QTR, STM32U385VGI6, STM32U385VGI6Q, STM32U385VGT6, STM32U385VGT6Q, STM32U535CBT6, STM32U535CBT6Q, STM32U535CBU6, STM32U535CBU6Q, STM32U535CCT6, STM32U535CCT6Q, STM32U535CCU6, STM32U535CCU6Q, STM32U535CET6, STM32U535CET6Q, STM32U535CEU6, STM32U535CEU6Q, STM32U535JEY6QTR, STM32U535NCY6QTR, STM32U535NEY6QTR, STM32U535RBI6, STM32U535RBI6Q, STM32U535RBT6, STM32U535RBT6Q, STM32U535RCI6, STM32U535RCI6Q, STM32U535RCT6, STM32U535RCT6Q, STM32U535REI6, STM32U535REI6Q, STM32U535RET6, STM32U535RET6Q, STM32U535VCI6, STM32U535VCI6Q, STM32U535VCT6, STM32U535VCT6Q, STM32U535VEI6, STM32U535VEI6Q, STM32U535VET6, STM32U535VET6Q, STM32U545CET6, STM32U545CET6Q, STM32U545CEU6, STM32U545CEU6Q, STM32U545JEY6QTR, STM32U545NEY6QTR, STM32U545REI6, STM32U545REI6Q, STM32U545RET6, STM32U545RET6Q, STM32U545VEI6, STM32U545VEI6Q, STM32U545VET6, STM32U545VET6Q, STM32U595AIH6, STM32U595AIH6Q, STM32U595AJH6, STM32U595AJH6Q, STM32U595QII6, STM32U595QII6Q, STM32U595QJI6, STM32U595QJI6Q, STM32U595RIT6, STM32U595RIT6Q, STM32U595RJT6, STM32U595RJT6Q, STM32U595VIT6, STM32U595VIT6Q, STM32U595VJT6, STM32U595VJT6Q, STM32U595ZIT6, STM32U595ZIT6Q, STM32U595ZIY6QTR, STM32U595ZJT6, STM32U595ZJT6Q, STM32U595ZJY6QTR, STM32U599BJY6QTR, STM32U599NIH6Q, STM32U599NJH6Q, STM32U599VIT6Q, STM32U599VJT6, STM32U599VJT6Q, STM32U599ZIT6Q, STM32U599ZIY6QTR, STM32U599ZJT6Q, STM32U599ZJY6QTR, STM32U5A5AJH6, STM32U5A5AJH6Q, STM32U5A5QII3Q , STM32U5A5QJI6, STM32U5A5QJI6Q, STM32U5A5RJT6, STM32U5A5RJT6Q, STM32U5A5VJT6, STM32U5A5VJT6Q, STM32U5A5ZJT6, STM32U5A5ZJT6Q, STM32U5A5ZJY6QTR, STM32U5A9BJY6QTR, STM32U5A9J-DK, STM32U5A9NJH6Q, STM32U5A9VJT6Q, STM32U5A9ZJT6Q, STM32U5A9ZJY6QTR, STM32U5F7VIT6, STM32U5F7VIT6Q, STM32U5F7VJT6, STM32U5F7VJT6Q, STM32U5F9BJY6QTR, STM32U5F9NJH6Q, STM32U5F9VIT6Q, STM32U5F9VJT6Q, STM32U5F9ZIJ6QTR, STM32U5F9ZIT6Q, STM32U5F9ZJJ6QTR, STM32U5F9ZJT6Q, STM32U5G7VJT6, STM32U5G7VJT6Q, STM32U5G9BJY6QTR, STM32U5G9J-DK1, STM32U5G9J-DK2, STM32U5G9NJH6Q, STM32U5G9VJT6Q, STM32U5G9ZJJ6QTR, STM32U5G9ZJT6Q, STM32WB05KZV6TR, STM32WB05KZV7TR, STM32WB05TZF6TR, STM32WB05TZF7TR, STM32WB06CCF6TR, STM32WB06CCF7TR, STM32WB06CCV6TR, STM32WB06CCV7TR, STM32WB06KCV6TR, STM32WB06KCV7TR, STM32WB07CCF6TR, STM32WB07CCF7TR, STM32WB07CCV6TR, STM32WB07CCV7TR, STM32WB07KCV6TR, STM32WB07KCV7TR, STM32WB09KEV6TR, STM32WB09KEV7TR, STM32WB09TEF6TR, STM32WB09TEF7TR, STM32WB1MMCH6, STM32WBA50KGU6, STM32WBA50KGU6TR, STM32WBA52CEU6, STM32WBA52CEU6TR, STM32WBA52CEU7, STM32WBA52CEU7TR, STM32WBA52CGU6, STM32WBA52CGU6TR, STM32WBA52CGU6U, STM32WBA52CGU7, STM32WBA52CGU7TR, STM32WBA52KEU6, STM32WBA52KEU6TR, STM32WBA52KGU6, STM32WBA52KGU6TR, STM32WBA54CEU6, STM32WBA54CEU6TR, STM32WBA54CEU7, STM32WBA54CEU7TR, STM32WBA54CGU6, STM32WBA54CGU6TR, STM32WBA54CGU7, STM32WBA54CGU7TR, STM32WBA54KEU6, STM32WBA54KEU6TR, STM32WBA54KEU7, STM32WBA54KEU7TR, STM32WBA54KGU6, STM32WBA54KGU6TR, STM32WBA54KGU7, STM32WBA54KGU7TR, STM32WBA55CEU6, STM32WBA55CEU6TR, STM32WBA55CEU7, STM32WBA55CEU7TR, STM32WBA55CGU6, STM32WBA55CGU6TR, STM32WBA55CGU6U, STM32WBA55CGU7, STM32WBA55CGU7TR, STM32WBA55G-DK1, STM32WBA55HEF6, STM32WBA55HEF7, STM32WBA55HGF6, STM32WBA55HGF7, STM32WBA55UEI6, STM32WBA55UEI6TR, STM32WBA55UEI7, STM32WBA55UEI7TR, STM32WBA55UGI6, STM32WBA55UGI6TR, STM32WBA55UGI7, STM32WBA55UGI7TR, STM32WBA5MJGH6TR, STM32WBA5MJGH6U, STM32WL33C8V6, STM32WL33C8V6TR, STM32WL33C8V7, STM32WL33C8V7TR, STM32WL33CBV6, STM32WL33CBV6TR, STM32WL33CBV7, STM32WL33CBV7TR, STM32WL33CCV6, STM32WL33CCV6TR, STM32WL33CCV7, STM32WL33CCV7A, STM32WL33CCV7ATR, STM32WL33CCV7TR, STM32WL33K8V6, STM32WL33K8V6TR, STM32WL33K8V7, STM32WL33K8V7TR, STM32WL33KBV6, STM32WL33KBV6TR, STM32WL33KBV7, STM32WL33KBV7TR, STM32WL33KCV6, STM32WL33KCV6TR, STM32WL33KCV7, STM32WL33KCV7TR, STM32WL5MOCH6, STM32WL5MOCH6TR]
2025-01-29 23:56:56,449 [ERROR] LogOutputStream:75 - [STDERR_REDIRECT] [Fatal Error] :1:1: Premature end of file.
2025-01-29 23:56:56,449 [ERROR] LogOutputStream:75 - [STDERR_REDIRECT] 
2025-01-29 23:56:56,499 [INFO] BoardInfo:889 - No configuration file found for board P-NUCLEO-WB55
2025-01-29 23:56:56,499 [INFO] DbBoards:161 - Kit is not supported: P-NUCLEO-WB55
2025-01-29 23:56:56,503 [INFO] BoardInfo:889 - No configuration file found for board STEVAL-BFA001V1B
2025-01-29 23:56:56,505 [INFO] DbBoards:161 - Kit is not supported: STEVAL-BFA001V1B
2025-01-29 23:56:56,505 [INFO] BoardInfo:889 - No configuration file found for board STEVAL-BFA001V2B
2025-01-29 23:56:56,507 [INFO] DbBoards:161 - Kit is not supported: STEVAL-BFA001V2B
2025-01-29 23:56:56,648 [INFO] DbBoards:168 - Found 209 boards, 206 are supported
2025-01-29 23:56:56,648 [INFO] DbBoards:169 - Found 209 boards, 42 of them is supported for  Bsp
2025-01-29 23:56:56,651 [INFO] ApiDb:668 - CubeFinder database Data Model version=2.1
2025-01-29 23:56:56,651 [INFO] ApiDb:669 - CubeFinder database Configuration version=3.0.39
2025-01-29 23:56:56,651 [INFO] ApiDb:670 - CubeFinder database generation date=2024-12-10 (1733817889)
2025-01-29 23:56:56,651 [INFO] ApiDb:671 - CubeFinder database FW Pack versions=[FP-ATR-ASTRA1_V2.0.0, FP-SNS-FLIGHT1_V5.0.2, FP-SNS-MOTENV1_V5.0.0, FP-SNS-MOTENVWB1_V1.4.0, FP-SNS-SMARTAG2_V1.2.0, FP-SNS-STBOX1_V2.0.0, STM32Cube_FW_C0_V1.3.0, STM32Cube_FW_F4_V1.28.1, STM32Cube_FW_F7_V1.17.2, STM32Cube_FW_G0_V1.6.2, STM32Cube_FW_G4_V1.6.1, STM32Cube_FW_H5_V1.4.0, STM32Cube_FW_H7RS_V1.1.0, STM32Cube_FW_H7_V1.12.0, STM32Cube_FW_L0_V1.12.2, STM32Cube_FW_L4_V1.18.1, STM32Cube_FW_L5_V1.5.1, STM32Cube_FW_N6_V1.0.0, STM32Cube_FW_U0_V1.2.0, STM32Cube_FW_U3_V1.0.0, STM32Cube_FW_U5_V1.7.0, STM32Cube_FW_WB0_V1.1.0, STM32Cube_FW_WBA_V1.5.0, STM32Cube_FW_WB_V1.21.0, STM32Cube_FW_WL3_V1.0.0, STM32Cube_FW_WL_V1.3.0, X-CUBE-ALGOBUILD_V1.4.0, X-CUBE-ALS_V1.0.2, X-CUBE-AZRTOS-F4_V1.1.0, X-CUBE-AZRTOS-F7_V1.1.0, X-CUBE-AZRTOS-G0_V1.1.0, X-CUBE-AZRTOS-G4_V2.0.0, X-CUBE-AZRTOS-H7RS_V1.0.0, X-CUBE-AZRTOS-H7_V3.3.0, X-CUBE-AZRTOS-L4_V2.0.0, X-CUBE-AZRTOS-L5_V2.0.0, X-CUBE-AZRTOS-WB_V2.0.0, X-CUBE-AZRTOS-WL_V2.0.0, X-CUBE-BLE1_V7.0.0, X-CUBE-BLE2_V3.3.0, X-CUBE-BLEMGR_V3.1.0, X-CUBE-EEPRMA1_V5.1.0, X-CUBE-FREERTOS_V1.2.0, X-CUBE-GNSS1_V6.0.0, X-CUBE-MEMS1_V11.0.0, X-CUBE-NFC4_V3.0.0, X-CUBE-NFC7_V1.0.1, X-CUBE-SFXS2LP1_V4.0.0, X-CUBE-SUBG2_V5.0.0, X-CUBE-TOF1_V3.4.2]
2025-01-29 23:56:57,453 [ERROR] LogOutputStream:75 - [STDERR_REDIRECT] [Fatal Error] :1:1: Premature end of file.
2025-01-29 23:56:57,453 [ERROR] LogOutputStream:75 - [STDERR_REDIRECT] 
2025-01-29 23:56:58,009 [INFO] ApiDb:240 - Found 858 in-development CPN: [B-G473E-ZEST1S, B-WB1M-WPAN1, B-WBA5M-WPAN, B-WL5M-SUBG1, NUCLEO-C031C6, NUCLEO-C051C8, NUCLEO-C071RB, NUCLEO-C092RC, NUCLEO-H503RB, NUCLEO-H533RE, NUCLEO-H563ZI, NUCLEO-H7S3L8, NUCLEO-N657X0-Q, NUCLEO-U031R8, NUCLEO-U083RC, NUCLEO-U385RG-Q, NUCLEO-U545RE-Q, NUCLEO-U5A5ZJ-Q, NUCLEO-WB05KZ, NUCLEO-WB07CC, NUCLEO-WB09KE, NUCLEO-WBA52CG, NUCLEO-WBA55CG, NUCLEO-WL33CC1, NUCLEO-WL33CC2, STEVAL-PROTEUS1, STEVAL-SMARTAG2, STEVAL-STWINBX1, STM320518-EVAL, STM32C0116-DK, STM32C011D6Y3TR, STM32C011D6Y6TR, STM32C011F4P3, STM32C011F4P6, STM32C011F4U3, STM32C011F4U6TR, STM32C011F6P3, STM32C011F6P6, STM32C011F6U3, STM32C011F6U6TR, STM32C011J4M3, STM32C011J4M6, STM32C011J6M3, STM32C011J6M6, STM32C0316-DK, STM32C031C4T3, STM32C031C4T6, STM32C031C4U3, STM32C031C4U6, STM32C031C6T3, STM32C031C6T6, STM32C031C6U3, STM32C031C6U6, STM32C031F4P3, STM32C031F4P6, STM32C031F6P3, STM32C031F6P6, STM32C031G4U3, STM32C031G4U6, STM32C031G6U3, STM32C031G6U6, STM32C031K4T3, STM32C031K4T6, STM32C031K4U3, STM32C031K4U6, STM32C031K6T3, STM32C031K6T6, STM32C031K6U3, STM32C031K6U6, STM32C051C6T6, STM32C051C6U6, STM32C051C8T6, STM32C051C8U6, STM32C051D8Y6TR, STM32C051F6P6, STM32C051F8P6, STM32C051G6U6, STM32C051G8U6, STM32C051K6T6, STM32C051K6U6, STM32C051K8T6, STM32C071C8T6, STM32C071C8T6N, STM32C071C8U6, STM32C071C8U6N, STM32C071CBT6, STM32C071CBT6N, STM32C071CBU6, STM32C071CBU6N, STM32C071F8P6, STM32C071F8P6N, STM32C071FBP6, STM32C071FBP6N, STM32C071FBY6TR, STM32C071G8U6, STM32C071G8U6N, STM32C071GBU6, STM32C071GBU6N, STM32C071K8T6, STM32C071K8T6N, STM32C071K8U6, STM32C071K8U6N, STM32C071KBT6, STM32C071KBT6N, STM32C071KBU6, STM32C071KBU6N, STM32C071R8T6, STM32C071R8T6N, STM32C071RBI6N, STM32C071RBT6, STM32C071RBT6N, STM32C091CBT6, STM32C091CBU6, STM32C091CCT6, STM32C091CCU6, STM32C091ECY6TR, STM32C091FBP6, STM32C091FCP6, STM32C091GBU6, STM32C091GCU6, STM32C091KBT6, STM32C091KBU6, STM32C091KCT6, STM32C091KCU6, STM32C091RBT6, STM32C091RCI6, STM32C091RCT6, STM32C092CBT6, STM32C092CBU6, STM32C092CCT6, STM32C092CCU6, STM32C092ECY6TR, STM32C092FBP6, STM32C092FCP6, STM32C092GBU6, STM32C092GCU6, STM32C092KBT6, STM32C092KBU6, STM32C092KCT6, STM32C092KCU6, STM32C092RBT6, STM32C092RCI6, STM32C092RCT6, STM32G071K8TXN, STM32G071K8UXN, STM32G081GBU6N, STM32G081KBT6N, STM32G081KBUXN, STM32G0B1CCT6N, STM32G0B1KCT6, STM32G0B1NEY6TR, STM32G0B1RCT6N, STM32G0C1CCT6, STM32G0C1CCT6N, STM32G0C1CCU6N, STM32G0C1CET6N, STM32G0C1CEU6N, STM32G0C1KCT6, STM32G0C1NEY6TR, STM32G0C1RCI6N, STM32G0C1RCT6N, STM32G0C1REI6N, STM32G0C1RET6N, STM32G0C1VCI6, STM32G0C1VEI6, STM32G411C6T3, STM32G411C6T6, STM32G411C6U3, STM32G411C6U6, STM32G411C8T3, STM32G411C8T6, STM32G411C8U3, STM32G411C8U6, STM32G411CBT3, STM32G411CBT6, STM32G411CBU3, STM32G411CBU6, STM32G411CCT3, STM32G411CCT6, STM32G411CCU3, STM32G411CCU6, STM32G411K6T3, STM32G411K6T6, STM32G411K6U3, STM32G411K6U6, STM32G411K8T3, STM32G411K8T6, STM32G411K8U3, STM32G411K8U6, STM32G411KBT3, STM32G411KBT6, STM32G411KBU3, STM32G411KBU6, STM32G411M6T3, STM32G411M6T6, STM32G411M8T3, STM32G411M8T6, STM32G411MBT3, STM32G411MBT6, STM32G411MCT3, STM32G411MCT6, STM32G411R6T3, STM32G411R6T6, STM32G411R8T3, STM32G411R8T6, STM32G411RBT3, STM32G411RBT6, STM32G411RCT3, STM32G411RCT6, STM32G414CBT3, STM32G414CBT6, STM32G414CBU3, STM32G414CBU6, STM32G414CCT3, STM32G414CCT6, STM32G414CCU3, STM32G414CCU6, STM32G414MBT3, STM32G414MBT6, STM32G414MCT3, STM32G414MCT6, STM32G414RBT3, STM32G414RBT6, STM32G414RCT3, STM32G414RCT6, STM32G414VBT3, STM32G414VBT6, STM32G414VCT3, STM32G414VCT6, STM32G431CBT3Z, STM32G431RBT3Z, STM32G471CCT6, STM32G471CCU6, STM32G471CET3, STM32G471CET6, STM32G471CEU3, STM32G471CEU6, STM32G471MCT6, STM32G471MET3, STM32G471MET6, STM32G471MEY6TR, STM32G471QCT6, STM32G471QET3, STM32G471RCT6, STM32G471RET3, STM32G471RET6, STM32G471VCH6, STM32G471VCI6, STM32G471VCT6, STM32G471VEH3, STM32G471VEH6, STM32G471VEI3, STM32G471VEI6, STM32G471VET3, STM32G471VET6, STM32G473QET3Z, STM32G473RET3Z, STM32G474CCT6, STM32G491RET3Z, STM32H503CBT6, STM32H503CBU6, STM32H503EBY6TR, STM32H503KBU6, STM32H503RBT6, STM32H523CCT6, STM32H523CCU6, STM32H523CET6, STM32H523CEU6, STM32H523HEY6TR, STM32H523RCT6, STM32H523RET6, STM32H523VCI6, STM32H523VCT6, STM32H523VEI6, STM32H523VET6, STM32H523ZCJ6, STM32H523ZCT6, STM32H523ZEJ6, STM32H523ZET6, STM32H533CET6, STM32H533CEU6, STM32H533HEY6TR, STM32H533RET6, STM32H533VEI6, STM32H533VET6, STM32H533ZEJ6, STM32H533ZET6, STM32H562AGI6, STM32H562AII6, STM32H562IGK6, STM32H562IGT6, STM32H562IIK6, STM32H562IIT6, STM32H562RGT6, STM32H562RGV6, STM32H562RIT6, STM32H562RIV6, STM32H562VGT6, STM32H562VIT6, STM32H562ZGT6, STM32H562ZIT6, STM32H563AGI6, STM32H563AII3Q, STM32H563AII6, STM32H563IGK6, STM32H563IGT6, STM32H563IIK3Q, STM32H563IIK6, STM32H563IIT3Q, STM32H563IIT6, STM32H563MIY3QTR, STM32H563RGT6, STM32H563RGV6, STM32H563RIT6, STM32H563RIV6, STM32H563VGT6, STM32H563VIT3Q, STM32H563VIT6, STM32H563ZGT6, STM32H563ZIT3Q, STM32H563ZIT6, STM32H573AII3Q, STM32H573AII6, STM32H573I-DK, STM32H573IIK3Q, STM32H573IIK6, STM32H573IIT3Q, STM32H573IIT6, STM32H573MIY3QTR, STM32H573RIT6, STM32H573RIV6, STM32H573VIT3Q, STM32H573VIT6, STM32H573ZIT3Q, STM32H573ZIT6, STM32H7R3A8I6, STM32H7R3I8K6, STM32H7R3I8T6, STM32H7R3L8H6, STM32H7R3L8H6H, STM32H7R3R8V6, STM32H7R3V8H6, STM32H7R3V8T6, STM32H7R3V8Y6TR, STM32H7R3Z8J6, STM32H7R3Z8T6, STM32H7R7A8I6, STM32H7R7I8K6, STM32H7R7I8T6, STM32H7R7L8H6, STM32H7R7L8H6H, STM32H7R7Z8J6, STM32H7S3A8I6, STM32H7S3I8K6, STM32H7S3I8T6, STM32H7S3L8H6, STM32H7S3L8H6H, STM32H7S3R8V6, STM32H7S3V8H6, STM32H7S3V8T6, STM32H7S3V8Y6TR, STM32H7S3Z8J6, STM32H7S3Z8T6, STM32H7S78-DK, STM32H7S7A8I6, STM32H7S7I8K6, STM32H7S7I8T6, STM32H7S7L8H6, STM32H7S7L8H6H, STM32H7S7Z8J6, STM32L4R5QGI6STR, STM32MP131AAE3, STM32MP131AAF3, STM32MP131AAG3, STM32MP131CAE3, STM32MP131CAF3, STM32MP131CAG3, STM32MP131DAE7, STM32MP131DAF7, STM32MP131DAG7, STM32MP131FAE7, STM32MP131FAF7, STM32MP131FAG7, STM32MP133AAE3, STM32MP133AAF3, STM32MP133AAG3, STM32MP133CAE3, STM32MP133CAF3, STM32MP133CAG3, STM32MP133DAE7, STM32MP133DAF7, STM32MP133DAG7, STM32MP133FAE7, STM32MP133FAF7, STM32MP133FAG7, STM32MP135AAE3, STM32MP135AAF3, STM32MP135AAG3, STM32MP135CAE3, STM32MP135CAF3, STM32MP135CAG3, STM32MP135DAE7, STM32MP135DAF7, STM32MP135DAG7, STM32MP135F-DK, STM32MP135FAE7, STM32MP135FAF7, STM32MP135FAF7T, STM32MP135FAF7U, STM32MP135FAG7, STM32MP231AAJ3, STM32MP231AAK3, STM32MP231AAL3, STM32MP231CAJ3, STM32MP231CAK3, STM32MP231CAL3, STM32MP231DAJ3, STM32MP231DAK3, STM32MP231DAL3, STM32MP231FAJ3, STM32MP231FAK3, STM32MP231FAL3, STM32MP233AAJ3, STM32MP233AAK3, STM32MP233AAL3, STM32MP233CAJ3, STM32MP233CAK3, STM32MP233CAL3, STM32MP233DAJ3, STM32MP233DAK3, STM32MP233DAL3, STM32MP233FAJ3, STM32MP233FAK3, STM32MP233FAL3, STM32MP235AAJ3, STM32MP235AAK3, STM32MP235AAL3, STM32MP235CAJ3, STM32MP235CAK3, STM32MP235CAL3, STM32MP235DAJ3, STM32MP235DAK3, STM32MP235DAL3, STM32MP235FAJ3, STM32MP235FAK3, STM32MP235FAL3, STM32MP251AAI3, STM32MP251AAJ3, STM32MP251AAK3, STM32MP251AAL3, STM32MP251CAI3, STM32MP251CAJ3, STM32MP251CAK3, STM32MP251CAL3, STM32MP251DAI3, STM32MP251DAJ3, STM32MP251DAK3, STM32MP251DAL3, STM32MP251FAI3, STM32MP251FAJ3, STM32MP251FAK3, STM32MP251FAL3, STM32MP253AAI3, STM32MP253AAJ3, STM32MP253AAK3, STM32MP253AAL3, STM32MP253CAI3, STM32MP253CAJ3, STM32MP253CAK3, STM32MP253CAL3, STM32MP253DAI3, STM32MP253DAJ3, STM32MP253DAK3, STM32MP253DAL3, STM32MP253FAI3, STM32MP253FAJ3, STM32MP253FAK3, STM32MP253FAL3, STM32MP255AAI3, STM32MP255AAJ3, STM32MP255AAK3, STM32MP255AAL3, STM32MP255CAI3, STM32MP255CAJ3, STM32MP255CAK3, STM32MP255CAL3, STM32MP255DAI3, STM32MP255DAJ3, STM32MP255DAK3, STM32MP255DAL3, STM32MP255FAI3, STM32MP255FAJ3, STM32MP255FAK3, STM32MP255FAL3, STM32MP257AAI3, STM32MP257AAJ3, STM32MP257AAK3, STM32MP257AAL3, STM32MP257CAI3, STM32MP257CAJ3, STM32MP257CAK3, STM32MP257CAL3, STM32MP257DAI3, STM32MP257DAJ3, STM32MP257DAK3, STM32MP257DAL3, STM32MP257F-DK, STM32MP257F-EV1, STM32MP257FAI3, STM32MP257FAJ3, STM32MP257FAK3, STM32MP257FAL3, STM32N645A0H3Q, STM32N645B0H3Q, STM32N645I0H3Q, STM32N645L0H3Q, STM32N645X0H3Q, STM32N645Z0H3Q, STM32N647A0H3Q, STM32N647B0H3Q, STM32N647I0H3Q, STM32N647L0H3Q, STM32N647X0H3Q, STM32N647Z0H3Q, STM32N655A0H3Q, STM32N655B0H3Q, STM32N655I0H3Q, STM32N655L0H3Q, STM32N655X0H3Q, STM32N655Z0H3Q, STM32N6570-DK, STM32N657A0H3Q, STM32N657B0H3Q, STM32N657I0H3Q, STM32N657L0H3Q, STM32N657X0H3Q, STM32N657Z0H3Q, STM32U031C6T6, STM32U031C6U6, STM32U031C8T6, STM32U031C8U6, STM32U031F4P6, STM32U031F6P6, STM32U031F8P6, STM32U031G6Y6TR, STM32U031G8Y6TR, STM32U031K4U6, STM32U031K6U6, STM32U031K8U6, STM32U031R6I6, STM32U031R6T6, STM32U031R8I6, STM32U031R8T6, STM32U073C8T6, STM32U073C8U6, STM32U073CBT6, STM32U073CBU6, STM32U073CCT6, STM32U073CCU6, STM32U073H8Y6TR, STM32U073HBY6TR, STM32U073HCY6TR, STM32U073K8U6, STM32U073KBU6, STM32U073KCU6, STM32U073M8I6, STM32U073M8T6, STM32U073MBI6, STM32U073MBT6, STM32U073MCI6, STM32U073MCT6, STM32U073R8I6, STM32U073R8T6, STM32U073RBI6, STM32U073RBT6, STM32U073RCI6, STM32U073RCT6, STM32U083C-DK, STM32U083CCT6, STM32U083CCU6, STM32U083HCY6TR, STM32U083KCU6, STM32U083MCI6, STM32U083MCT6, STM32U083RCI6, STM32U083RCT6, STM32U375CET6, STM32U375CET6Q, STM32U375CEU6, STM32U375CEU6Q, STM32U375CEY6QTR, STM32U375CGT6, STM32U375CGT6Q, STM32U375CGU6, STM32U375CGU6Q, STM32U375CGY6QTR, STM32U375KEU6, STM32U375KGU6, STM32U375REI6, STM32U375REI6Q, STM32U375RET6, STM32U375RET6Q, STM32U375REY6GTR, STM32U375REY6QTR, STM32U375RGI6, STM32U375RGI6Q, STM32U375RGT6, STM32U375RGT6Q, STM32U375RGY6GTR, STM32U375RGY6QTR, STM32U375VEI6, STM32U375VEI6Q, STM32U375VET6, STM32U375VET6Q, STM32U375VGI6, STM32U375VGI6Q, STM32U375VGT6, STM32U375VGT6Q, STM32U385CGT6, STM32U385CGT6Q, STM32U385CGU6, STM32U385CGU6Q, STM32U385CGY6QTR, STM32U385KGU6, STM32U385RGI6, STM32U385RGI6Q, STM32U385RGT6, STM32U385RGT6Q, STM32U385RGY6GTR, STM32U385RGY6QTR, STM32U385VGI6, STM32U385VGI6Q, STM32U385VGT6, STM32U385VGT6Q, STM32U535CBT6, STM32U535CBT6Q, STM32U535CBU6, STM32U535CBU6Q, STM32U535CCT6, STM32U535CCT6Q, STM32U535CCU6, STM32U535CCU6Q, STM32U535CET6, STM32U535CET6Q, STM32U535CEU6, STM32U535CEU6Q, STM32U535JEY6QTR, STM32U535NCY6QTR, STM32U535NEY6QTR, STM32U535RBI6, STM32U535RBI6Q, STM32U535RBT6, STM32U535RBT6Q, STM32U535RCI6, STM32U535RCI6Q, STM32U535RCT6, STM32U535RCT6Q, STM32U535REI6, STM32U535REI6Q, STM32U535RET6, STM32U535RET6Q, STM32U535VCI6, STM32U535VCI6Q, STM32U535VCT6, STM32U535VCT6Q, STM32U535VEI6, STM32U535VEI6Q, STM32U535VET6, STM32U535VET6Q, STM32U545CET6, STM32U545CET6Q, STM32U545CEU6, STM32U545CEU6Q, STM32U545JEY6QTR, STM32U545NEY6QTR, STM32U545REI6, STM32U545REI6Q, STM32U545RET6, STM32U545RET6Q, STM32U545VEI6, STM32U545VEI6Q, STM32U545VET6, STM32U545VET6Q, STM32U595AIH6, STM32U595AIH6Q, STM32U595AJH6, STM32U595AJH6Q, STM32U595QII6, STM32U595QII6Q, STM32U595QJI6, STM32U595QJI6Q, STM32U595RIT6, STM32U595RIT6Q, STM32U595RJT6, STM32U595RJT6Q, STM32U595VIT6, STM32U595VIT6Q, STM32U595VJT6, STM32U595VJT6Q, STM32U595ZIT6, STM32U595ZIT6Q, STM32U595ZIY6QTR, STM32U595ZJT6, STM32U595ZJT6Q, STM32U595ZJY6QTR, STM32U599BJY6QTR, STM32U599NIH6Q, STM32U599NJH6Q, STM32U599VIT6Q, STM32U599VJT6, STM32U599VJT6Q, STM32U599ZIT6Q, STM32U599ZIY6QTR, STM32U599ZJT6Q, STM32U599ZJY6QTR, STM32U5A5AJH6, STM32U5A5AJH6Q, STM32U5A5QII3Q , STM32U5A5QJI6, STM32U5A5QJI6Q, STM32U5A5RJT6, STM32U5A5RJT6Q, STM32U5A5VJT6, STM32U5A5VJT6Q, STM32U5A5ZJT6, STM32U5A5ZJT6Q, STM32U5A5ZJY6QTR, STM32U5A9BJY6QTR, STM32U5A9J-DK, STM32U5A9NJH6Q, STM32U5A9VJT6Q, STM32U5A9ZJT6Q, STM32U5A9ZJY6QTR, STM32U5F7VIT6, STM32U5F7VIT6Q, STM32U5F7VJT6, STM32U5F7VJT6Q, STM32U5F9BJY6QTR, STM32U5F9NJH6Q, STM32U5F9VIT6Q, STM32U5F9VJT6Q, STM32U5F9ZIJ6QTR, STM32U5F9ZIT6Q, STM32U5F9ZJJ6QTR, STM32U5F9ZJT6Q, STM32U5G7VJT6, STM32U5G7VJT6Q, STM32U5G9BJY6QTR, STM32U5G9J-DK1, STM32U5G9J-DK2, STM32U5G9NJH6Q, STM32U5G9VJT6Q, STM32U5G9ZJJ6QTR, STM32U5G9ZJT6Q, STM32WB05KZV6TR, STM32WB05KZV7TR, STM32WB05TZF6TR, STM32WB05TZF7TR, STM32WB06CCF6TR, STM32WB06CCF7TR, STM32WB06CCV6TR, STM32WB06CCV7TR, STM32WB06KCV6TR, STM32WB06KCV7TR, STM32WB07CCF6TR, STM32WB07CCF7TR, STM32WB07CCV6TR, STM32WB07CCV7TR, STM32WB07KCV6TR, STM32WB07KCV7TR, STM32WB09KEV6TR, STM32WB09KEV7TR, STM32WB09TEF6TR, STM32WB09TEF7TR, STM32WB1MMCH6, STM32WBA50KGU6, STM32WBA50KGU6TR, STM32WBA52CEU6, STM32WBA52CEU6TR, STM32WBA52CEU7, STM32WBA52CEU7TR, STM32WBA52CGU6, STM32WBA52CGU6TR, STM32WBA52CGU6U, STM32WBA52CGU7, STM32WBA52CGU7TR, STM32WBA52KEU6, STM32WBA52KEU6TR, STM32WBA52KGU6, STM32WBA52KGU6TR, STM32WBA54CEU6, STM32WBA54CEU6TR, STM32WBA54CEU7, STM32WBA54CEU7TR, STM32WBA54CGU6, STM32WBA54CGU6TR, STM32WBA54CGU7, STM32WBA54CGU7TR, STM32WBA54KEU6, STM32WBA54KEU6TR, STM32WBA54KEU7, STM32WBA54KEU7TR, STM32WBA54KGU6, STM32WBA54KGU6TR, STM32WBA54KGU7, STM32WBA54KGU7TR, STM32WBA55CEU6, STM32WBA55CEU6TR, STM32WBA55CEU7, STM32WBA55CEU7TR, STM32WBA55CGU6, STM32WBA55CGU6TR, STM32WBA55CGU6U, STM32WBA55CGU7, STM32WBA55CGU7TR, STM32WBA55G-DK1, STM32WBA55HEF6, STM32WBA55HEF7, STM32WBA55HGF6, STM32WBA55HGF7, STM32WBA55UEI6, STM32WBA55UEI6TR, STM32WBA55UEI7, STM32WBA55UEI7TR, STM32WBA55UGI6, STM32WBA55UGI6TR, STM32WBA55UGI7, STM32WBA55UGI7TR, STM32WBA5MJGH6TR, STM32WBA5MJGH6U, STM32WL33C8V6, STM32WL33C8V6TR, STM32WL33C8V7, STM32WL33C8V7TR, STM32WL33CBV6, STM32WL33CBV6TR, STM32WL33CBV7, STM32WL33CBV7TR, STM32WL33CCV6, STM32WL33CCV6TR, STM32WL33CCV7, STM32WL33CCV7A, STM32WL33CCV7ATR, STM32WL33CCV7TR, STM32WL33K8V6, STM32WL33K8V6TR, STM32WL33K8V7, STM32WL33K8V7TR, STM32WL33KBV6, STM32WL33KBV6TR, STM32WL33KBV7, STM32WL33KBV7TR, STM32WL33KCV6, STM32WL33KCV6TR, STM32WL33KCV7, STM32WL33KCV7TR, STM32WL5MOCH6, STM32WL5MOCH6TR]
2025-01-29 23:56:58,010 [INFO] DbMcus:218 - Found 4545 MCUs, 4545 are supported
2025-01-29 23:56:58,013 [INFO] ApiDb:423 - Load user favorites file C:\Users\Admin/.stm32cubeide/favorites.mcus.txt: 1 item(s)
2025-01-29 23:56:58,013 [INFO] ApiDb:427 - User favorites MCUs=[STM32F767ZIT6]
2025-01-29 23:56:58,013 [INFO] DbMcus:224 - Set 1 / 1 favorites MCUs
2025-01-29 23:56:58,287 [INFO] ApiDb:414 - User favorites file not found: C:\Users\Admin/.stm32cubeide/favorites.boards.txt
2025-01-29 23:56:58,289 [INFO] DbBoards:198 - Set 0 / 0 favorites Boards
2025-01-29 23:56:58,355 [INFO] UtilMem:75 - End LoadConfig() Used Memory: 301794232 Bytes (825229312)
2025-01-29 23:56:58,449 [ERROR] LogOutputStream:75 - [STDERR_REDIRECT] [Fatal Error] :1:1: Premature end of file.
2025-01-29 23:56:58,450 [ERROR] LogOutputStream:75 - [STDERR_REDIRECT] 
2025-01-29 23:56:58,472 [WARN] ThirdParty:833 - waiting for thirdparty lock release [change project]
2025-01-29 23:56:58,472 [INFO] ThirdParty:835 - entering critical section [change project]
2025-01-29 23:56:58,472 [INFO] ThirdParty:1030 - CMSIS Pack Vendor :STMicroelectronics USBPD 4.1
2025-01-29 23:56:58,472 [INFO] ThirdParty:1030 - CMSIS Pack Vendor :STMicroelectronics X-CUBE-AZRTOS-H7 3.3.0
2025-01-29 23:56:58,472 [INFO] ThirdParty:1030 - CMSIS Pack Vendor :STMicroelectronics X-CUBE-NFC9 1.0.0
2025-01-29 23:56:58,472 [INFO] ThirdParty:1030 - CMSIS Pack Vendor :STMicroelectronics USB_HOST 2.0.0
2025-01-29 23:56:58,472 [INFO] ThirdParty:1030 - CMSIS Pack Vendor :STMicroelectronics FP-SNS-MOTENVWB1 1.4.0
2025-01-29 23:56:58,472 [INFO] ThirdParty:1030 - CMSIS Pack Vendor :STMicroelectronics X-CUBE-AZRTOS-F4 1.1.0
2025-01-29 23:56:58,472 [INFO] ThirdParty:1030 - CMSIS Pack Vendor :STMicroelectronics LIBJPEG 8.0.0
2025-01-29 23:56:58,472 [INFO] ThirdParty:1030 - CMSIS Pack Vendor :STMicroelectronics X-CUBE-SMBUS 2.1.0
2025-01-29 23:56:58,472 [INFO] ThirdParty:1030 - CMSIS Pack Vendor :STMicroelectronics X-CUBE-WB05N 1.1.0
2025-01-29 23:56:58,472 [INFO] ThirdParty:1030 - CMSIS Pack Vendor :STMicroelectronics USB_DEVICE 3.0.0
2025-01-29 23:56:58,472 [INFO] ThirdParty:1030 - CMSIS Pack Vendor :STMicroelectronics X-CUBE-ISPU 2.1.0
2025-01-29 23:56:58,472 [INFO] ThirdParty:1030 - CMSIS Pack Vendor :STMicroelectronics X-CUBE-AZRTOS-WB 2.0.0
2025-01-29 23:56:58,472 [INFO] ThirdParty:1030 - CMSIS Pack Vendor :STMicroelectronics X-CUBE-GNSS1 7.0.1
2025-01-29 23:56:58,472 [INFO] ThirdParty:1030 - CMSIS Pack Vendor :STMicroelectronics X-CUBE-AZRTOS-F7 1.1.0
2025-01-29 23:56:58,472 [INFO] ThirdParty:1030 - CMSIS Pack Vendor :STMicroelectronics X-CUBE-AZRTOS-L5 2.0.0
2025-01-29 23:56:58,472 [INFO] ThirdParty:1030 - CMSIS Pack Vendor :STMicroelectronics USB_DEVICE 2.0.0
2025-01-29 23:56:58,472 [INFO] ThirdParty:1030 - CMSIS Pack Vendor :STMicroelectronics X-CUBE-NFC6 3.1.0
2025-01-29 23:56:58,472 [INFO] ThirdParty:1030 - CMSIS Pack Vendor :STMicroelectronics FP-SNS-STBOX1 2.0.0
2025-01-29 23:56:58,472 [INFO] ThirdParty:1030 - CMSIS Pack Vendor :STMicroelectronics FreeRTOS 0.0.1
2025-01-29 23:56:58,472 [INFO] ThirdParty:1030 - CMSIS Pack Vendor :STMicroelectronics X-CUBE-AZRTOS-G0 1.1.0
2025-01-29 23:56:58,472 [INFO] ThirdParty:1030 - CMSIS Pack Vendor :STMicroelectronics X-CUBE-SAFEA1 1.2.2
2025-01-29 23:56:58,472 [INFO] ThirdParty:1030 - CMSIS Pack Vendor :STMicroelectronics X-CUBE-NFC4 3.0.0
2025-01-29 23:56:58,472 [INFO] ThirdParty:1030 - CMSIS Pack Vendor :STMicroelectronics X-CUBE-DPower 1.2.0
2025-01-29 23:56:58,472 [INFO] ThirdParty:1030 - CMSIS Pack Vendor :STMicroelectronics X-CUBE-SUBG2 5.0.0
2025-01-29 23:56:58,472 [INFO] ThirdParty:1030 - CMSIS Pack Vendor :STMicroelectronics STM32_WPAN 1.0.0
2025-01-29 23:56:58,472 [INFO] ThirdParty:1030 - CMSIS Pack Vendor :EmbeddedOffice I-CUBE-FS-RTOS 1.0.1
2025-01-29 23:56:58,472 [INFO] ThirdParty:1030 - CMSIS Pack Vendor :STMicroelectronics lwIP 2.0.3
2025-01-29 23:56:58,472 [INFO] ThirdParty:1030 - CMSIS Pack Vendor :STMicroelectronics FP-SNS-FLIGHT1 5.0.2
2025-01-29 23:56:58,472 [INFO] ThirdParty:1030 - CMSIS Pack Vendor :Cesanta I-CUBE-Mongoose 7.13.0
2025-01-29 23:56:58,472 [INFO] ThirdParty:1030 - CMSIS Pack Vendor :STMicroelectronics USB_HOST 1.0.0
2025-01-29 23:56:58,472 [INFO] ThirdParty:1030 - CMSIS Pack Vendor :Infineon AIROC-Wi-Fi-Bluetooth-STM32 1.7.0
2025-01-29 23:56:58,473 [INFO] ThirdParty:1030 - CMSIS Pack Vendor :STMicroelectronics X-CUBE-AZRTOS-G4 2.0.0
2025-01-29 23:56:58,473 [INFO] ThirdParty:1030 - CMSIS Pack Vendor :STMicroelectronics PDM2PCM 3.1.0
2025-01-29 23:56:58,473 [INFO] ThirdParty:1030 - CMSIS Pack Vendor :STMicroelectronics PDM2PCM 3.3.0
2025-01-29 23:56:58,473 [INFO] ThirdParty:1030 - CMSIS Pack Vendor :STMicroelectronics X-CUBE-DISPLAY 3.0.0
2025-01-29 23:56:58,473 [INFO] ThirdParty:1030 - CMSIS Pack Vendor :STMicroelectronics X-CUBE-TCPP 4.2.0
2025-01-29 23:56:58,473 [INFO] ThirdParty:1030 - CMSIS Pack Vendor :RealThread X-CUBE-RT-Thread_Nano 4.1.1
2025-01-29 23:56:58,473 [INFO] ThirdParty:1030 - CMSIS Pack Vendor :STMicroelectronics X-CUBE-BLE1 7.0.0
2025-01-29 23:56:58,473 [INFO] ThirdParty:1030 - CMSIS Pack Vendor :STMicroelectronics FP-ATR-SIGFOX1 3.2.0
2025-01-29 23:56:58,473 [INFO] ThirdParty:1030 - CMSIS Pack Vendor :STMicroelectronics X-CUBE-NFC10 1.0.0
2025-01-29 23:56:58,473 [INFO] ThirdParty:1030 - CMSIS Pack Vendor :quantropi X-CUBE-qispace-sdk-base 1.9.3
2025-01-29 23:56:58,473 [INFO] ThirdParty:1030 - CMSIS Pack Vendor :STMicroelectronics X-CUBE-EEPRMA1 5.1.0
2025-01-29 23:56:58,473 [INFO] ThirdParty:1030 - CMSIS Pack Vendor :STMicroelectronics HAL Drivers 0.0.0
2025-01-29 23:56:58,473 [INFO] ThirdParty:1030 - CMSIS Pack Vendor :STMicroelectronics MBEDTLS 2.16.2
2025-01-29 23:56:58,473 [INFO] ThirdParty:1030 - CMSIS Pack Vendor :STMicroelectronics X-CUBE-IPS 3.1.0
2025-01-29 23:56:58,473 [INFO] ThirdParty:1030 - CMSIS Pack Vendor :STMicroelectronics X-CUBE-ALS 1.0.2
2025-01-29 23:56:58,473 [INFO] ThirdParty:1030 - CMSIS Pack Vendor :emotas I-CUBE-CANOPEN 1.3.0
2025-01-29 23:56:58,473 [INFO] ThirdParty:1030 - CMSIS Pack Vendor :STMicroelectronics X-CUBE-FREERTOS 1.3.0
2025-01-29 23:56:58,473 [INFO] ThirdParty:1030 - CMSIS Pack Vendor :STMicroelectronics X-CUBE-NFC7 1.0.1
2025-01-29 23:56:58,473 [INFO] ThirdParty:1030 - CMSIS Pack Vendor :STMicroelectronics MBEDTLS 2.14.1
2025-01-29 23:56:58,473 [INFO] ThirdParty:1030 - CMSIS Pack Vendor :wolfSSL I-CUBE-wolfSSL 5.7.6
2025-01-29 23:56:58,473 [INFO] ThirdParty:1030 - CMSIS Pack Vendor :ITTIA_DB I-CUBE-ITTIADB 8.9.0
2025-01-29 23:56:58,473 [INFO] ThirdParty:1030 - CMSIS Pack Vendor :STMicroelectronics X-CUBE-TOUCHGFX 4.24.2
2025-01-29 23:56:58,473 [INFO] ThirdParty:1030 - CMSIS Pack Vendor :wolfSSL I-CUBE-wolfTPM 3.4.0
2025-01-29 23:56:58,473 [INFO] ThirdParty:1030 - CMSIS Pack Vendor :portGmbH I-Cube-SoM-uGOAL 1.1.0
2025-01-29 23:56:58,473 [INFO] ThirdParty:1030 - CMSIS Pack Vendor :STMicroelectronics X-CUBE-AI 10.0.0
2025-01-29 23:56:58,473 [INFO] ThirdParty:1030 - CMSIS Pack Vendor :STMicroelectronics ThreadX 1.0.0
2025-01-29 23:56:58,473 [INFO] ThirdParty:1030 - CMSIS Pack Vendor :STMicroelectronics FP-SNS-SMARTAG2 1.2.0
2025-01-29 23:56:58,473 [INFO] ThirdParty:1030 - CMSIS Pack Vendor :STMicroelectronics X-CUBE-MEMS1 11.1.0
2025-01-29 23:56:58,473 [INFO] ThirdParty:1030 - CMSIS Pack Vendor :STMicroelectronics X-CUBE-AZRTOS-WL 2.0.0
2025-01-29 23:56:58,473 [INFO] ThirdParty:1030 - CMSIS Pack Vendor :SEGGER I-CUBE-embOS 1.3.1
2025-01-29 23:56:58,473 [INFO] ThirdParty:1030 - CMSIS Pack Vendor :STMicroelectronics X-CUBE-ALGOBUILD 1.4.0
2025-01-29 23:56:58,473 [INFO] ThirdParty:1030 - CMSIS Pack Vendor :STMicroelectronics FP-SNS-MOTENV1 5.0.0
2025-01-29 23:56:58,473 [INFO] ThirdParty:1030 - CMSIS Pack Vendor :STMicroelectronics USB_DEVICE 1.0.0
2025-01-29 23:56:58,473 [INFO] ThirdParty:1030 - CMSIS Pack Vendor :STMicroelectronics X-CUBE-AZRTOS-H7RS 1.0.0
2025-01-29 23:56:58,473 [INFO] ThirdParty:1030 - CMSIS Pack Vendor :wolfSSL I-CUBE-wolfMQTT 1.19.0
2025-01-29 23:56:58,473 [INFO] ThirdParty:1030 - CMSIS Pack Vendor :STMicroelectronics X-CUBE-AZRTOS-L4 2.0.0
2025-01-29 23:56:58,473 [INFO] ThirdParty:1030 - CMSIS Pack Vendor :STMicroelectronics ThreadX 0.0.2
2025-01-29 23:56:58,473 [INFO] ThirdParty:1030 - CMSIS Pack Vendor :WES I-CUBE-Cesium 1.3.0
2025-01-29 23:56:58,473 [INFO] ThirdParty:1030 - CMSIS Pack Vendor :STMicroelectronics lwIP 2.1.2
2025-01-29 23:56:58,473 [INFO] ThirdParty:1030 - CMSIS Pack Vendor :STMicroelectronics X-CUBE-SFXS2LP1 4.0.0
2025-01-29 23:56:58,473 [INFO] ThirdParty:1030 - CMSIS Pack Vendor :STMicroelectronics X-CUBE-BLE2 3.3.0
2025-01-29 23:56:58,473 [INFO] ThirdParty:1030 - CMSIS Pack Vendor :STMicroelectronics X-CUBE-TOF1 3.4.2
2025-01-29 23:56:58,473 [INFO] ThirdParty:1030 - CMSIS Pack Vendor :STMicroelectronics X-CUBE-AI 9.1.0
2025-01-29 23:56:58,473 [INFO] ThirdParty:1030 - CMSIS Pack Vendor :STMicroelectronics PDM2PCM 3.2.0
2025-01-29 23:56:58,475 [INFO] ThirdParty:1030 - CMSIS Pack Vendor :wolfSSL I-CUBE-wolfSSH 1.4.17
2025-01-29 23:56:58,475 [INFO] ThirdParty:841 - exiting critical section [change project]
2025-01-29 23:56:58,889 [INFO] PinOutPanel:1589 - setPackage(No Configuration,No Configuration)
2025-01-29 23:56:58,889 [INFO] PinOutPanel:1589 - setPackage(STM32F767ZITx,LQFP144)
2025-01-29 23:56:59,312 [INFO] UtilMem:75 - Before build in PCC Used Memory: 663708384 Bytes (825229312)
2025-01-29 23:56:59,452 [ERROR] LogOutputStream:75 - [STDERR_REDIRECT] [Fatal Error] :1:1: Premature end of file.
2025-01-29 23:56:59,452 [ERROR] LogOutputStream:75 - [STDERR_REDIRECT] 
2025-01-29 23:56:59,943 [INFO] UtilMem:75 - After build in PCC Used Memory: 296447232 Bytes (825229312)
2025-01-29 23:56:59,971 [INFO] IPUIPlugin:80 - create IPUIPlugin
2025-01-29 23:56:59,971 [INFO] IPUIPlugin:80 - create IPUIPlugin
2025-01-29 23:56:59,971 [INFO] IPUIPlugin:80 - create IPUIPlugin
2025-01-29 23:56:59,971 [INFO] IPUIPlugin:80 - create IPUIPlugin
2025-01-29 23:56:59,971 [INFO] IPUIPlugin:80 - create IPUIPlugin
2025-01-29 23:56:59,971 [INFO] IPUIPlugin:80 - create IPUIPlugin
2025-01-29 23:56:59,971 [INFO] IPUIPlugin:80 - create IPUIPlugin
2025-01-29 23:56:59,972 [INFO] IPUIPlugin:80 - create IPUIPlugin
2025-01-29 23:56:59,972 [INFO] IPUIPlugin:80 - create IPUIPlugin
2025-01-29 23:56:59,972 [INFO] IPUIPlugin:80 - create IPUIPlugin
2025-01-29 23:56:59,972 [INFO] IPUIPlugin:80 - create IPUIPlugin
2025-01-29 23:56:59,972 [INFO] IPUIPlugin:80 - create IPUIPlugin
2025-01-29 23:56:59,972 [INFO] IPUIPlugin:80 - create IPUIPlugin
2025-01-29 23:56:59,972 [INFO] IPUIPlugin:80 - create IPUIPlugin
2025-01-29 23:56:59,972 [INFO] IPUIPlugin:80 - create IPUIPlugin
2025-01-29 23:56:59,972 [INFO] IPUIPlugin:80 - create IPUIPlugin
2025-01-29 23:56:59,972 [INFO] IPUIPlugin:80 - create IPUIPlugin
2025-01-29 23:56:59,972 [INFO] IPUIPlugin:80 - create IPUIPlugin
2025-01-29 23:56:59,972 [INFO] IPUIPlugin:80 - create IPUIPlugin
2025-01-29 23:56:59,972 [INFO] IPUIPlugin:80 - create IPUIPlugin
2025-01-29 23:56:59,974 [INFO] IPUIPlugin:80 - create IPUIPlugin
2025-01-29 23:56:59,974 [INFO] IPUIPlugin:80 - create IPUIPlugin
2025-01-29 23:56:59,974 [INFO] IPUIPlugin:80 - create IPUIPlugin
2025-01-29 23:56:59,974 [INFO] IPUIPlugin:80 - create IPUIPlugin
2025-01-29 23:56:59,974 [INFO] IPUIPlugin:80 - create IPUIPlugin
2025-01-29 23:56:59,974 [INFO] IPUIPlugin:80 - create IPUIPlugin
2025-01-29 23:56:59,974 [INFO] IPUIPlugin:80 - create IPUIPlugin
2025-01-29 23:56:59,974 [INFO] IPUIPlugin:80 - create IPUIPlugin
2025-01-29 23:56:59,974 [INFO] IPUIPlugin:80 - create IPUIPlugin
2025-01-29 23:56:59,974 [INFO] IPUIPlugin:80 - create IPUIPlugin
2025-01-29 23:56:59,974 [INFO] IPUIPlugin:80 - create IPUIPlugin
2025-01-29 23:56:59,975 [INFO] IPUIPlugin:80 - create IPUIPlugin
2025-01-29 23:56:59,975 [INFO] IPUIPlugin:80 - create IPUIPlugin
2025-01-29 23:56:59,975 [INFO] IPUIPlugin:80 - create IPUIPlugin
2025-01-29 23:56:59,975 [INFO] IPUIPlugin:80 - create IPUIPlugin
2025-01-29 23:56:59,975 [INFO] IPUIPlugin:80 - create IPUIPlugin
2025-01-29 23:56:59,975 [INFO] IPUIPlugin:80 - create IPUIPlugin
2025-01-29 23:56:59,975 [INFO] IPUIPlugin:80 - create IPUIPlugin
2025-01-29 23:56:59,975 [INFO] IPUIPlugin:80 - create IPUIPlugin
2025-01-29 23:56:59,977 [INFO] IPUIPlugin:80 - create IPUIPlugin
2025-01-29 23:56:59,977 [INFO] IPUIPlugin:80 - create IPUIPlugin
2025-01-29 23:56:59,977 [INFO] IPUIPlugin:80 - create IPUIPlugin
2025-01-29 23:56:59,977 [INFO] IPUIPlugin:80 - create IPUIPlugin
2025-01-29 23:56:59,978 [INFO] IPUIPlugin:80 - create IPUIPlugin
2025-01-29 23:56:59,978 [INFO] IPUIPlugin:80 - create IPUIPlugin
2025-01-29 23:56:59,978 [INFO] IPUIPlugin:80 - create IPUIPlugin
2025-01-29 23:56:59,978 [INFO] IPUIPlugin:80 - create IPUIPlugin
2025-01-29 23:56:59,978 [INFO] IPUIPlugin:80 - create IPUIPlugin
2025-01-29 23:56:59,978 [INFO] IPUIPlugin:80 - create IPUIPlugin
2025-01-29 23:56:59,978 [INFO] IPUIPlugin:80 - create IPUIPlugin
2025-01-29 23:56:59,978 [INFO] IPUIPlugin:80 - create IPUIPlugin
2025-01-29 23:56:59,978 [INFO] IPUIPlugin:80 - create IPUIPlugin
2025-01-29 23:56:59,979 [INFO] IPUIPlugin:80 - create IPUIPlugin
2025-01-29 23:56:59,979 [INFO] IPUIPlugin:80 - create IPUIPlugin
2025-01-29 23:56:59,979 [INFO] IPUIPlugin:80 - create IPUIPlugin
2025-01-29 23:56:59,979 [INFO] IPUIPlugin:80 - create IPUIPlugin
2025-01-29 23:56:59,979 [INFO] IPUIPlugin:80 - create IPUIPlugin
2025-01-29 23:56:59,979 [INFO] IPUIPlugin:80 - create IPUIPlugin
2025-01-29 23:56:59,981 [INFO] IPUIPlugin:80 - create IPUIPlugin
2025-01-29 23:56:59,981 [INFO] IPUIPlugin:80 - create IPUIPlugin
2025-01-29 23:56:59,981 [INFO] IPUIPlugin:80 - create IPUIPlugin
2025-01-29 23:56:59,981 [INFO] IPUIPlugin:80 - create IPUIPlugin
2025-01-29 23:56:59,981 [INFO] IPUIPlugin:80 - create IPUIPlugin
2025-01-29 23:56:59,981 [INFO] IPUIPlugin:80 - create IPUIPlugin
2025-01-29 23:56:59,981 [INFO] IPUIPlugin:80 - create IPUIPlugin
2025-01-29 23:56:59,981 [INFO] IPUIPlugin:80 - create IPUIPlugin
2025-01-29 23:56:59,982 [INFO] IPUIPlugin:80 - create IPUIPlugin
2025-01-29 23:56:59,982 [INFO] IPUIPlugin:80 - create IPUIPlugin
2025-01-29 23:56:59,982 [INFO] IPUIPlugin:80 - create IPUIPlugin
2025-01-29 23:56:59,982 [INFO] IPUIPlugin:80 - create IPUIPlugin
2025-01-29 23:56:59,982 [INFO] IPUIPlugin:80 - create IPUIPlugin
2025-01-29 23:56:59,982 [INFO] IPUIPlugin:80 - create IPUIPlugin
2025-01-29 23:56:59,984 [INFO] IPUIPlugin:80 - create IPUIPlugin
2025-01-29 23:56:59,984 [INFO] IPUIPlugin:80 - create IPUIPlugin
2025-01-29 23:56:59,984 [INFO] IPUIPlugin:80 - create IPUIPlugin
2025-01-29 23:56:59,984 [INFO] IPUIPlugin:80 - create IPUIPlugin
2025-01-29 23:56:59,984 [INFO] IPUIPlugin:80 - create IPUIPlugin
2025-01-29 23:56:59,984 [INFO] IPUIPlugin:80 - create IPUIPlugin
2025-01-29 23:56:59,986 [INFO] IPUIPlugin:80 - create IPUIPlugin
2025-01-29 23:57:00,044 [INFO] ApiDbMcu:508 - Load IP Config File for PDM2PCM
2025-01-29 23:57:00,214 [INFO] CADModel:165 - CPN selected for project levelSTM32F767ZIT6
2025-01-29 23:57:00,215 [INFO] CADModel:114 - Register for checkConnection events
2025-01-29 23:57:00,260 [INFO] OpenFileManager:363 - Restore cursor
2025-01-29 23:57:00,455 [ERROR] LogOutputStream:75 - [STDERR_REDIRECT] [Fatal Error] :1:1: Premature end of file.
2025-01-29 23:57:00,455 [ERROR] LogOutputStream:75 - [STDERR_REDIRECT] 
2025-01-29 23:57:01,467 [ERROR] LogOutputStream:75 - [STDERR_REDIRECT] [Fatal Error] :1:1: Premature end of file.
2025-01-29 23:57:01,467 [ERROR] LogOutputStream:75 - [STDERR_REDIRECT] 
2025-01-29 23:57:02,453 [ERROR] LogOutputStream:75 - [STDERR_REDIRECT] [Fatal Error] :1:1: Premature end of file.
2025-01-29 23:57:02,453 [ERROR] LogOutputStream:75 - [STDERR_REDIRECT] 
2025-01-29 23:57:03,452 [ERROR] LogOutputStream:75 - [STDERR_REDIRECT] [Fatal Error] :1:1: Premature end of file.
2025-01-29 23:57:03,452 [ERROR] LogOutputStream:75 - [STDERR_REDIRECT] 
2025-01-29 23:57:04,469 [ERROR] LogOutputStream:75 - [STDERR_REDIRECT] [Fatal Error] :1:1: Premature end of file.
2025-01-29 23:57:04,469 [ERROR] LogOutputStream:75 - [STDERR_REDIRECT] 
2025-01-29 23:57:05,459 [ERROR] LogOutputStream:75 - [STDERR_REDIRECT] [Fatal Error] :1:1: Premature end of file.
2025-01-29 23:57:05,459 [ERROR] LogOutputStream:75 - [STDERR_REDIRECT] 
2025-01-29 23:57:06,449 [ERROR] LogOutputStream:75 - [STDERR_REDIRECT] [Fatal Error] :1:1: Premature end of file.
2025-01-29 23:57:06,451 [ERROR] LogOutputStream:75 - [STDERR_REDIRECT] 
2025-01-29 23:57:07,454 [ERROR] LogOutputStream:75 - [STDERR_REDIRECT] [Fatal Error] :1:1: Premature end of file.
2025-01-29 23:57:07,454 [ERROR] LogOutputStream:75 - [STDERR_REDIRECT] 
2025-01-29 23:57:08,460 [ERROR] LogOutputStream:75 - [STDERR_REDIRECT] [Fatal Error] :1:1: Premature end of file.
2025-01-29 23:57:08,460 [ERROR] LogOutputStream:75 - [STDERR_REDIRECT] 
2025-01-29 23:57:09,453 [ERROR] LogOutputStream:75 - [STDERR_REDIRECT] [Fatal Error] :1:1: Premature end of file.
2025-01-29 23:57:09,453 [ERROR] LogOutputStream:75 - [STDERR_REDIRECT] 
2025-01-29 23:57:10,451 [ERROR] LogOutputStream:75 - [STDERR_REDIRECT] [Fatal Error] :1:1: Premature end of file.
2025-01-29 23:57:10,451 [ERROR] LogOutputStream:75 - [STDERR_REDIRECT] 
2025-01-29 23:57:11,457 [ERROR] LogOutputStream:75 - [STDERR_REDIRECT] [Fatal Error] :1:1: Premature end of file.
2025-01-29 23:57:11,458 [ERROR] LogOutputStream:75 - [STDERR_REDIRECT] 
2025-01-29 23:57:12,456 [ERROR] LogOutputStream:75 - [STDERR_REDIRECT] [Fatal Error] :1:1: Premature end of file.
2025-01-29 23:57:12,456 [ERROR] LogOutputStream:75 - [STDERR_REDIRECT] 
2025-01-29 23:57:13,465 [ERROR] LogOutputStream:75 - [STDERR_REDIRECT] [Fatal Error] :1:1: Premature end of file.
2025-01-29 23:57:13,465 [ERROR] LogOutputStream:75 - [STDERR_REDIRECT] 
2025-01-29 23:57:14,460 [ERROR] LogOutputStream:75 - [STDERR_REDIRECT] [Fatal Error] :1:1: Premature end of file.
2025-01-29 23:57:14,460 [ERROR] LogOutputStream:75 - [STDERR_REDIRECT] 
2025-01-29 23:57:15,463 [ERROR] LogOutputStream:75 - [STDERR_REDIRECT] [Fatal Error] :1:1: Premature end of file.
2025-01-29 23:57:15,463 [ERROR] LogOutputStream:75 - [STDERR_REDIRECT] 
2025-01-29 23:57:16,451 [ERROR] LogOutputStream:75 - [STDERR_REDIRECT] [Fatal Error] :1:1: Premature end of file.
2025-01-29 23:57:16,451 [ERROR] LogOutputStream:75 - [STDERR_REDIRECT] 
2025-01-29 23:57:17,449 [ERROR] LogOutputStream:75 - [STDERR_REDIRECT] [Fatal Error] :1:1: Premature end of file.
2025-01-29 23:57:17,449 [ERROR] LogOutputStream:75 - [STDERR_REDIRECT] 
2025-01-29 23:57:18,452 [ERROR] LogOutputStream:75 - [STDERR_REDIRECT] [Fatal Error] :1:1: Premature end of file.
2025-01-29 23:57:18,452 [ERROR] LogOutputStream:75 - [STDERR_REDIRECT] 
2025-01-29 23:57:19,450 [ERROR] LogOutputStream:75 - [STDERR_REDIRECT] [Fatal Error] :1:1: Premature end of file.
2025-01-29 23:57:19,450 [ERROR] LogOutputStream:75 - [STDERR_REDIRECT] 
2025-01-29 23:57:20,455 [ERROR] LogOutputStream:75 - [STDERR_REDIRECT] [Fatal Error] :1:1: Premature end of file.
2025-01-29 23:57:20,455 [ERROR] LogOutputStream:75 - [STDERR_REDIRECT] 
2025-01-29 23:57:21,451 [ERROR] LogOutputStream:75 - [STDERR_REDIRECT] [Fatal Error] :1:1: Premature end of file.
2025-01-29 23:57:21,452 [ERROR] LogOutputStream:75 - [STDERR_REDIRECT] 
2025-01-29 23:57:22,468 [ERROR] LogOutputStream:75 - [STDERR_REDIRECT] [Fatal Error] :1:1: Premature end of file.
2025-01-29 23:57:22,468 [ERROR] LogOutputStream:75 - [STDERR_REDIRECT] 
2025-01-29 23:57:23,457 [ERROR] LogOutputStream:75 - [STDERR_REDIRECT] [Fatal Error] :1:1: Premature end of file.
2025-01-29 23:57:23,457 [ERROR] LogOutputStream:75 - [STDERR_REDIRECT] 
2025-01-29 23:57:24,454 [ERROR] LogOutputStream:75 - [STDERR_REDIRECT] [Fatal Error] :1:1: Premature end of file.
2025-01-29 23:57:24,454 [ERROR] LogOutputStream:75 - [STDERR_REDIRECT] 
2025-01-29 23:57:25,450 [ERROR] LogOutputStream:75 - [STDERR_REDIRECT] [Fatal Error] :1:1: Premature end of file.
2025-01-29 23:57:25,450 [ERROR] LogOutputStream:75 - [STDERR_REDIRECT] 
2025-01-29 23:57:26,473 [ERROR] LogOutputStream:75 - [STDERR_REDIRECT] [Fatal Error] :1:1: Premature end of file.
2025-01-29 23:57:26,473 [ERROR] LogOutputStream:75 - [STDERR_REDIRECT] 
2025-01-29 23:57:27,453 [ERROR] LogOutputStream:75 - [STDERR_REDIRECT] [Fatal Error] :1:1: Premature end of file.
2025-01-29 23:57:27,453 [ERROR] LogOutputStream:75 - [STDERR_REDIRECT] 
2025-01-29 23:57:28,459 [ERROR] LogOutputStream:75 - [STDERR_REDIRECT] [Fatal Error] :1:1: Premature end of file.
2025-01-29 23:57:28,459 [ERROR] LogOutputStream:75 - [STDERR_REDIRECT] 
2025-01-29 23:57:29,474 [ERROR] LogOutputStream:75 - [STDERR_REDIRECT] [Fatal Error] :1:1: Premature end of file.
2025-01-29 23:57:29,475 [ERROR] LogOutputStream:75 - [STDERR_REDIRECT] 
2025-01-29 23:57:30,463 [ERROR] LogOutputStream:75 - [STDERR_REDIRECT] [Fatal Error] :1:1: Premature end of file.
2025-01-29 23:57:30,463 [ERROR] LogOutputStream:75 - [STDERR_REDIRECT] 
2025-01-29 23:57:31,464 [ERROR] LogOutputStream:75 - [STDERR_REDIRECT] [Fatal Error] :1:1: Premature end of file.
2025-01-29 23:57:31,464 [ERROR] LogOutputStream:75 - [STDERR_REDIRECT] 
2025-01-29 23:57:32,462 [ERROR] LogOutputStream:75 - [STDERR_REDIRECT] [Fatal Error] :1:1: Premature end of file.
2025-01-29 23:57:32,462 [ERROR] LogOutputStream:75 - [STDERR_REDIRECT] 
2025-01-29 23:57:33,469 [ERROR] LogOutputStream:75 - [STDERR_REDIRECT] [Fatal Error] :1:1: Premature end of file.
2025-01-29 23:57:33,469 [ERROR] LogOutputStream:75 - [STDERR_REDIRECT] 
2025-01-29 23:57:34,468 [ERROR] LogOutputStream:75 - [STDERR_REDIRECT] [Fatal Error] :1:1: Premature end of file.
2025-01-29 23:57:34,468 [ERROR] LogOutputStream:75 - [STDERR_REDIRECT] 
2025-01-29 23:57:35,471 [ERROR] LogOutputStream:75 - [STDERR_REDIRECT] [Fatal Error] :1:1: Premature end of file.
2025-01-29 23:57:35,471 [ERROR] LogOutputStream:75 - [STDERR_REDIRECT] 
2025-01-29 23:57:36,470 [ERROR] LogOutputStream:75 - [STDERR_REDIRECT] [Fatal Error] :1:1: Premature end of file.
2025-01-29 23:57:36,470 [ERROR] LogOutputStream:75 - [STDERR_REDIRECT] 
2025-01-29 23:57:37,478 [ERROR] LogOutputStream:75 - [STDERR_REDIRECT] [Fatal Error] :1:1: Premature end of file.
2025-01-29 23:57:37,478 [ERROR] LogOutputStream:75 - [STDERR_REDIRECT] 
2025-01-29 23:57:38,449 [ERROR] LogOutputStream:75 - [STDERR_REDIRECT] [Fatal Error] :1:1: Premature end of file.
2025-01-29 23:57:38,449 [ERROR] LogOutputStream:75 - [STDERR_REDIRECT] 
2025-01-29 23:57:39,463 [ERROR] LogOutputStream:75 - [STDERR_REDIRECT] [Fatal Error] :1:1: Premature end of file.
2025-01-29 23:57:39,463 [ERROR] LogOutputStream:75 - [STDERR_REDIRECT] 
2025-01-29 23:57:40,465 [ERROR] LogOutputStream:75 - [STDERR_REDIRECT] [Fatal Error] :1:1: Premature end of file.
2025-01-29 23:57:40,465 [ERROR] LogOutputStream:75 - [STDERR_REDIRECT] 
2025-01-29 23:57:41,459 [ERROR] LogOutputStream:75 - [STDERR_REDIRECT] [Fatal Error] :1:1: Premature end of file.
2025-01-29 23:57:41,459 [ERROR] LogOutputStream:75 - [STDERR_REDIRECT] 
2025-01-29 23:57:42,456 [ERROR] LogOutputStream:75 - [STDERR_REDIRECT] [Fatal Error] :1:1: Premature end of file.
2025-01-29 23:57:42,456 [ERROR] LogOutputStream:75 - [STDERR_REDIRECT] 
2025-01-29 23:57:43,469 [ERROR] LogOutputStream:75 - [STDERR_REDIRECT] [Fatal Error] :1:1: Premature end of file.
2025-01-29 23:57:43,469 [ERROR] LogOutputStream:75 - [STDERR_REDIRECT] 
2025-01-29 23:57:44,449 [ERROR] LogOutputStream:75 - [STDERR_REDIRECT] [Fatal Error] :1:1: Premature end of file.
2025-01-29 23:57:44,449 [ERROR] LogOutputStream:75 - [STDERR_REDIRECT] 
2025-01-29 23:57:45,457 [ERROR] LogOutputStream:75 - [STDERR_REDIRECT] [Fatal Error] :1:1: Premature end of file.
2025-01-29 23:57:45,457 [ERROR] LogOutputStream:75 - [STDERR_REDIRECT] 
2025-01-29 23:57:46,470 [ERROR] LogOutputStream:75 - [STDERR_REDIRECT] [Fatal Error] :1:1: Premature end of file.
2025-01-29 23:57:46,470 [ERROR] LogOutputStream:75 - [STDERR_REDIRECT] 
2025-01-29 23:57:47,452 [ERROR] LogOutputStream:75 - [STDERR_REDIRECT] [Fatal Error] :1:1: Premature end of file.
2025-01-29 23:57:47,454 [ERROR] LogOutputStream:75 - [STDERR_REDIRECT] 
2025-01-29 23:57:48,450 [ERROR] LogOutputStream:75 - [STDERR_REDIRECT] [Fatal Error] :1:1: Premature end of file.
2025-01-29 23:57:48,450 [ERROR] LogOutputStream:75 - [STDERR_REDIRECT] 
2025-01-29 23:57:49,455 [INFO] UtilMem:75 - End SaveConfig() Used Memory: 350383232 Bytes (786432000)
2025-01-29 23:57:49,482 [ERROR] LogOutputStream:75 - [STDERR_REDIRECT] [Fatal Error] :1:1: Premature end of file.
2025-01-29 23:57:49,482 [ERROR] LogOutputStream:75 - [STDERR_REDIRECT] 
2025-01-29 23:57:49,518 [INFO] UtilMem:75 - End SaveConfig() Used Memory: 380270264 Bytes (786432000)
2025-01-29 23:57:50,465 [ERROR] LogOutputStream:75 - [STDERR_REDIRECT] [Fatal Error] :1:1: Premature end of file.
2025-01-29 23:57:50,465 [ERROR] LogOutputStream:75 - [STDERR_REDIRECT] 
2025-01-29 23:57:50,912 [INFO] UtilMem:75 - End SaveConfig() Used Memory: 482500944 Bytes (786432000)
2025-01-29 23:57:51,224 [INFO] BlockDiagram:2766 - set Specific Code input for plugin: SYS
2025-01-29 23:57:51,224 [INFO] BlockDiagram:2766 - set Specific Code input for plugin: ADC
2025-01-29 23:57:51,224 [INFO] BlockDiagram:2766 - set Specific Code input for plugin: RCC
2025-01-29 23:57:51,224 [INFO] BlockDiagram:2766 - set Specific Code input for plugin: NVIC
2025-01-29 23:57:51,224 [INFO] BlockDiagram:2766 - set Specific Code input for plugin: USART
2025-01-29 23:57:51,224 [INFO] BlockDiagram:2766 - set Specific Code input for plugin: CORTEX_M7
2025-01-29 23:57:51,224 [INFO] BlockDiagram:2766 - set Specific Code input for plugin: GPIO
2025-01-29 23:57:51,225 [INFO] CodeGenerator:896 - code generatio: config db path: C:\ST\STM32CubeIDE_1.17.0\STM32CubeIDE\plugins\com.st.stm32cube.common.mx_6.13.0.202411220809\\db\
2025-01-29 23:57:51,369 [INFO] CodeEngine:255 - oldGeneratedFile, D:\STM32\Lab5\Lab5\MXTmpFiles\license.tmp_save
2025-01-29 23:57:51,454 [ERROR] LogOutputStream:75 - [STDERR_REDIRECT] [Fatal Error] :1:1: Premature end of file.
2025-01-29 23:57:51,454 [ERROR] LogOutputStream:75 - [STDERR_REDIRECT] 
2025-01-29 23:57:51,668 [INFO] CodeEngine:279 - Generated code: D:\STM32\Lab5\Lab5\MXTmpFiles\license.tmp
2025-01-29 23:57:51,730 [INFO] CodeEngine:255 - oldGeneratedFile, D:\STM32\Lab5\Lab5\MXTmpFiles\gpio.tmp_save
2025-01-29 23:57:51,824 [INFO] CodeEngine:279 - Generated code: D:\STM32\Lab5\Lab5\MXTmpFiles\gpio.tmp
2025-01-29 23:57:51,942 [INFO] CodeEngine:255 - oldGeneratedFile, D:\STM32\Lab5\Lab5\MXTmpFiles\cortex.tmp_save
2025-01-29 23:57:52,005 [INFO] CodeEngine:279 - Generated code: D:\STM32\Lab5\Lab5\MXTmpFiles\cortex.tmp
2025-01-29 23:57:52,018 [INFO] CodeEngine:255 - oldGeneratedFile, D:\STM32\Lab5\Lab5\Core\Src\stm32f7xx_it.c_save
2025-01-29 23:57:52,098 [INFO] CodeEngine:279 - Generated code: D:\STM32\Lab5\Lab5\Core\Src\stm32f7xx_it.c
2025-01-29 23:57:52,102 [INFO] CodeEngine:255 - oldGeneratedFile, D:\STM32\Lab5\Lab5\Core\Inc\stm32f7xx_it.h_save
2025-01-29 23:57:52,148 [INFO] CodeEngine:279 - Generated code: D:\STM32\Lab5\Lab5\Core\Inc\stm32f7xx_it.h
2025-01-29 23:57:52,159 [INFO] CodeEngine:255 - oldGeneratedFile, D:\STM32\Lab5\Lab5\Core\Src\stm32f7xx_hal_msp.c_save
2025-01-29 23:57:52,239 [INFO] CodeEngine:279 - Generated code: D:\STM32\Lab5\Lab5\Core\Src\stm32f7xx_hal_msp.c
2025-01-29 23:57:52,242 [INFO] CodeEngine:255 - oldGeneratedFile, D:\STM32\Lab5\Lab5\MXTmpFiles\system.tmp_save
2025-01-29 23:57:52,285 [INFO] CodeEngine:279 - Generated code: D:\STM32\Lab5\Lab5\MXTmpFiles\system.tmp
2025-01-29 23:57:52,294 [INFO] CodeEngine:311 - oldGeneratedFile, D:\STM32\Lab5\Lab5\Core\Inc\stm32f7xx_hal_conf.h_save
2025-01-29 23:57:52,344 [INFO] CodeEngine:335 - Generated code: D:\STM32\Lab5\Lab5\Core\Inc\stm32f7xx_hal_conf.h
2025-01-29 23:57:52,371 [INFO] ApiDbMcu:508 - Load IP Config File for ADC1
2025-01-29 23:57:52,374 [INFO] ApiDbMcu:508 - Load IP Config File for USART3
2025-01-29 23:57:52,378 [INFO] ApiDbMcu:508 - Load IP Config File for RCC
2025-01-29 23:57:52,387 [INFO] CodeEngine:255 - oldGeneratedFile, D:\STM32\Lab5\Lab5\Core\Inc\main.h_save
2025-01-29 23:57:52,445 [INFO] CodeEngine:279 - Generated code: D:\STM32\Lab5\Lab5\Core\Inc\main.h
2025-01-29 23:57:52,450 [INFO] CodeEngine:255 - oldGeneratedFile, D:\STM32\Lab5\Lab5\Core\Src\main.c_save
2025-01-29 23:57:52,453 [ERROR] LogOutputStream:75 - [STDERR_REDIRECT] [Fatal Error] :1:1: Premature end of file.
2025-01-29 23:57:52,453 [ERROR] LogOutputStream:75 - [STDERR_REDIRECT] 
2025-01-29 23:57:52,537 [INFO] CodeEngine:279 - Generated code: D:\STM32\Lab5\Lab5\Core\Src\main.c
2025-01-29 23:57:52,828 [INFO] ProjectBuilder:3289 - Time for Copy HAL[1] : 156mS.
2025-01-29 23:57:52,832 [INFO] ProjectBuilder:4876 - Project Generator version: 4.5.0-RC5
2025-01-29 23:57:52,880 [INFO] ConfigFileManager:1579 - The Die is : DIE451
2025-01-29 23:57:52,887 [INFO] ApiDbMcu:508 - Load IP Config File for FATFS
2025-01-29 23:57:52,891 [INFO] ApiDbMcu:508 - Load IP Config File for FREERTOS
2025-01-29 23:57:52,892 [INFO] ApiDbMcu:508 - Load IP Config File for LIBJPEG
2025-01-29 23:57:52,899 [INFO] ApiDbMcu:508 - Load IP Config File for LWIP
2025-01-29 23:57:52,904 [INFO] ApiDbMcu:508 - Load IP Config File for MBEDTLS
2025-01-29 23:57:52,910 [INFO] ApiDbMcu:508 - Load IP Config File for USB_DEVICE
2025-01-29 23:57:52,913 [INFO] ApiDbMcu:508 - Load IP Config File for USB_HOST
2025-01-29 23:57:53,177 [INFO] LogOutputStream:77 - [STDOUT_REDIRECT] 
2025-01-29 23:57:53,458 [ERROR] LogOutputStream:75 - [STDERR_REDIRECT] [Fatal Error] :1:1: Premature end of file.
2025-01-29 23:57:53,458 [ERROR] LogOutputStream:75 - [STDERR_REDIRECT] 
2025-01-29 23:57:53,754 [INFO] ProjectBuilder:5154 - Time for Generating toolchain IDE Files: 922mS.
2025-01-29 23:57:53,755 [INFO] ProjectBuilder:3146 - Time for Copy CMSIS : 1mS.
2025-01-29 23:57:53,755 [INFO] ProjectBuilder:3146 - Time for Copy CMSIS : 0mS.
2025-01-29 23:57:54,452 [ERROR] LogOutputStream:75 - [STDERR_REDIRECT] [Fatal Error] :1:1: Premature end of file.
2025-01-29 23:57:54,452 [ERROR] LogOutputStream:75 - [STDERR_REDIRECT] 
2025-01-29 23:57:55,472 [ERROR] LogOutputStream:75 - [STDERR_REDIRECT] [Fatal Error] :1:1: Premature end of file.
2025-01-29 23:57:55,472 [ERROR] LogOutputStream:75 - [STDERR_REDIRECT] 
2025-01-29 23:57:56,487 [ERROR] LogOutputStream:75 - [STDERR_REDIRECT] [Fatal Error] :1:1: Premature end of file.
2025-01-29 23:57:56,487 [ERROR] LogOutputStream:75 - [STDERR_REDIRECT] 
2025-01-29 23:57:57,467 [ERROR] LogOutputStream:75 - [STDERR_REDIRECT] [Fatal Error] :1:1: Premature end of file.
2025-01-29 23:57:57,467 [ERROR] LogOutputStream:75 - [STDERR_REDIRECT] 
2025-01-29 23:57:58,470 [ERROR] LogOutputStream:75 - [STDERR_REDIRECT] [Fatal Error] :1:1: Premature end of file.
2025-01-29 23:57:58,470 [ERROR] LogOutputStream:75 - [STDERR_REDIRECT] 
2025-01-29 23:57:59,452 [ERROR] LogOutputStream:75 - [STDERR_REDIRECT] [Fatal Error] :1:1: Premature end of file.
2025-01-29 23:57:59,452 [ERROR] LogOutputStream:75 - [STDERR_REDIRECT] 
2025-01-29 23:58:00,457 [ERROR] LogOutputStream:75 - [STDERR_REDIRECT] [Fatal Error] :1:1: Premature end of file.
2025-01-29 23:58:00,457 [ERROR] LogOutputStream:75 - [STDERR_REDIRECT] 
2025-01-29 23:58:01,461 [ERROR] LogOutputStream:75 - [STDERR_REDIRECT] [Fatal Error] :1:1: Premature end of file.
2025-01-29 23:58:01,461 [ERROR] LogOutputStream:75 - [STDERR_REDIRECT] 
2025-01-29 23:58:02,461 [ERROR] LogOutputStream:75 - [STDERR_REDIRECT] [Fatal Error] :1:1: Premature end of file.
2025-01-29 23:58:02,461 [ERROR] LogOutputStream:75 - [STDERR_REDIRECT] 
2025-01-29 23:58:03,461 [ERROR] LogOutputStream:75 - [STDERR_REDIRECT] [Fatal Error] :1:1: Premature end of file.
2025-01-29 23:58:03,461 [ERROR] LogOutputStream:75 - [STDERR_REDIRECT] 
2025-01-29 23:58:04,457 [ERROR] LogOutputStream:75 - [STDERR_REDIRECT] [Fatal Error] :1:1: Premature end of file.
2025-01-29 23:58:04,457 [ERROR] LogOutputStream:75 - [STDERR_REDIRECT] 
2025-01-29 23:58:05,468 [ERROR] LogOutputStream:75 - [STDERR_REDIRECT] [Fatal Error] :1:1: Premature end of file.
2025-01-29 23:58:05,468 [ERROR] LogOutputStream:75 - [STDERR_REDIRECT] 
2025-01-29 23:58:06,468 [ERROR] LogOutputStream:75 - [STDERR_REDIRECT] [Fatal Error] :1:1: Premature end of file.
2025-01-29 23:58:06,468 [ERROR] LogOutputStream:75 - [STDERR_REDIRECT] 
2025-01-29 23:58:07,460 [ERROR] LogOutputStream:75 - [STDERR_REDIRECT] [Fatal Error] :1:1: Premature end of file.
2025-01-29 23:58:07,460 [ERROR] LogOutputStream:75 - [STDERR_REDIRECT] 
2025-01-29 23:58:08,457 [ERROR] LogOutputStream:75 - [STDERR_REDIRECT] [Fatal Error] :1:1: Premature end of file.
2025-01-29 23:58:08,457 [ERROR] LogOutputStream:75 - [STDERR_REDIRECT] 
2025-01-29 23:58:09,465 [ERROR] LogOutputStream:75 - [STDERR_REDIRECT] [Fatal Error] :1:1: Premature end of file.
2025-01-29 23:58:09,465 [ERROR] LogOutputStream:75 - [STDERR_REDIRECT] 
2025-01-29 23:58:10,462 [ERROR] LogOutputStream:75 - [STDERR_REDIRECT] [Fatal Error] :1:1: Premature end of file.
2025-01-29 23:58:10,462 [ERROR] LogOutputStream:75 - [STDERR_REDIRECT] 
2025-01-29 23:58:11,449 [ERROR] LogOutputStream:75 - [STDERR_REDIRECT] [Fatal Error] :1:1: Premature end of file.
2025-01-29 23:58:11,449 [ERROR] LogOutputStream:75 - [STDERR_REDIRECT] 
2025-01-29 23:58:12,481 [ERROR] LogOutputStream:75 - [STDERR_REDIRECT] [Fatal Error] :1:1: Premature end of file.
2025-01-29 23:58:12,481 [ERROR] LogOutputStream:75 - [STDERR_REDIRECT] 
2025-01-29 23:58:13,463 [ERROR] LogOutputStream:75 - [STDERR_REDIRECT] [Fatal Error] :1:1: Premature end of file.
2025-01-29 23:58:13,463 [ERROR] LogOutputStream:75 - [STDERR_REDIRECT] 
2025-01-29 23:58:14,469 [ERROR] LogOutputStream:75 - [STDERR_REDIRECT] [Fatal Error] :1:1: Premature end of file.
2025-01-29 23:58:14,469 [ERROR] LogOutputStream:75 - [STDERR_REDIRECT] 
2025-01-29 23:58:15,464 [ERROR] LogOutputStream:75 - [STDERR_REDIRECT] [Fatal Error] :1:1: Premature end of file.
2025-01-29 23:58:15,465 [ERROR] LogOutputStream:75 - [STDERR_REDIRECT] 
2025-01-29 23:58:16,468 [ERROR] LogOutputStream:75 - [STDERR_REDIRECT] [Fatal Error] :1:1: Premature end of file.
2025-01-29 23:58:16,468 [ERROR] LogOutputStream:75 - [STDERR_REDIRECT] 
2025-01-29 23:58:17,454 [ERROR] LogOutputStream:75 - [STDERR_REDIRECT] [Fatal Error] :1:1: Premature end of file.
2025-01-29 23:58:17,454 [ERROR] LogOutputStream:75 - [STDERR_REDIRECT] 
2025-01-29 23:58:18,467 [ERROR] LogOutputStream:75 - [STDERR_REDIRECT] [Fatal Error] :1:1: Premature end of file.
2025-01-29 23:58:18,467 [ERROR] LogOutputStream:75 - [STDERR_REDIRECT] 
2025-01-29 23:58:19,460 [ERROR] LogOutputStream:75 - [STDERR_REDIRECT] [Fatal Error] :1:1: Premature end of file.
2025-01-29 23:58:19,460 [ERROR] LogOutputStream:75 - [STDERR_REDIRECT] 
2025-01-29 23:58:20,468 [ERROR] LogOutputStream:75 - [STDERR_REDIRECT] [Fatal Error] :1:1: Premature end of file.
2025-01-29 23:58:20,468 [ERROR] LogOutputStream:75 - [STDERR_REDIRECT] 
2025-01-29 23:58:21,465 [ERROR] LogOutputStream:75 - [STDERR_REDIRECT] [Fatal Error] :1:1: Premature end of file.
2025-01-29 23:58:21,465 [ERROR] LogOutputStream:75 - [STDERR_REDIRECT] 
2025-01-29 23:58:22,469 [ERROR] LogOutputStream:75 - [STDERR_REDIRECT] [Fatal Error] :1:1: Premature end of file.
2025-01-29 23:58:22,469 [ERROR] LogOutputStream:75 - [STDERR_REDIRECT] 
2025-01-29 23:58:23,457 [ERROR] LogOutputStream:75 - [STDERR_REDIRECT] [Fatal Error] :1:1: Premature end of file.
2025-01-29 23:58:23,457 [ERROR] LogOutputStream:75 - [STDERR_REDIRECT] 
2025-01-29 23:58:24,468 [ERROR] LogOutputStream:75 - [STDERR_REDIRECT] [Fatal Error] :1:1: Premature end of file.
2025-01-29 23:58:24,468 [ERROR] LogOutputStream:75 - [STDERR_REDIRECT] 
2025-01-29 23:58:25,464 [ERROR] LogOutputStream:75 - [STDERR_REDIRECT] [Fatal Error] :1:1: Premature end of file.
2025-01-29 23:58:25,464 [ERROR] LogOutputStream:75 - [STDERR_REDIRECT] 
2025-01-29 23:58:26,462 [ERROR] LogOutputStream:75 - [STDERR_REDIRECT] [Fatal Error] :1:1: Premature end of file.
2025-01-29 23:58:26,462 [ERROR] LogOutputStream:75 - [STDERR_REDIRECT] 
2025-01-29 23:58:27,449 [ERROR] LogOutputStream:75 - [STDERR_REDIRECT] [Fatal Error] :1:1: Premature end of file.
2025-01-29 23:58:27,451 [ERROR] LogOutputStream:75 - [STDERR_REDIRECT] 
2025-01-29 23:58:28,467 [ERROR] LogOutputStream:75 - [STDERR_REDIRECT] [Fatal Error] :1:1: Premature end of file.
2025-01-29 23:58:28,467 [ERROR] LogOutputStream:75 - [STDERR_REDIRECT] 
2025-01-29 23:58:29,456 [ERROR] LogOutputStream:75 - [STDERR_REDIRECT] [Fatal Error] :1:1: Premature end of file.
2025-01-29 23:58:29,457 [ERROR] LogOutputStream:75 - [STDERR_REDIRECT] 
2025-01-29 23:58:30,469 [ERROR] LogOutputStream:75 - [STDERR_REDIRECT] [Fatal Error] :1:1: Premature end of file.
2025-01-29 23:58:30,469 [ERROR] LogOutputStream:75 - [STDERR_REDIRECT] 
2025-01-29 23:58:31,474 [ERROR] LogOutputStream:75 - [STDERR_REDIRECT] [Fatal Error] :1:1: Premature end of file.
2025-01-29 23:58:31,474 [ERROR] LogOutputStream:75 - [STDERR_REDIRECT] 
2025-01-29 23:58:32,465 [ERROR] LogOutputStream:75 - [STDERR_REDIRECT] [Fatal Error] :1:1: Premature end of file.
2025-01-29 23:58:32,465 [ERROR] LogOutputStream:75 - [STDERR_REDIRECT] 
2025-01-29 23:58:33,470 [ERROR] LogOutputStream:75 - [STDERR_REDIRECT] [Fatal Error] :1:1: Premature end of file.
2025-01-29 23:58:33,471 [ERROR] LogOutputStream:75 - [STDERR_REDIRECT] 
2025-01-29 23:58:34,469 [ERROR] LogOutputStream:75 - [STDERR_REDIRECT] [Fatal Error] :1:1: Premature end of file.
2025-01-29 23:58:34,471 [ERROR] LogOutputStream:75 - [STDERR_REDIRECT] 
2025-01-29 23:58:35,465 [ERROR] LogOutputStream:75 - [STDERR_REDIRECT] [Fatal Error] :1:1: Premature end of file.
2025-01-29 23:58:35,465 [ERROR] LogOutputStream:75 - [STDERR_REDIRECT] 
2025-01-29 23:58:36,467 [ERROR] LogOutputStream:75 - [STDERR_REDIRECT] [Fatal Error] :1:1: Premature end of file.
2025-01-29 23:58:36,467 [ERROR] LogOutputStream:75 - [STDERR_REDIRECT] 
2025-01-29 23:58:37,462 [ERROR] LogOutputStream:75 - [STDERR_REDIRECT] [Fatal Error] :1:1: Premature end of file.
2025-01-29 23:58:37,462 [ERROR] LogOutputStream:75 - [STDERR_REDIRECT] 
2025-01-29 23:58:38,464 [ERROR] LogOutputStream:75 - [STDERR_REDIRECT] [Fatal Error] :1:1: Premature end of file.
2025-01-29 23:58:38,464 [ERROR] LogOutputStream:75 - [STDERR_REDIRECT] 
2025-01-29 23:58:39,468 [ERROR] LogOutputStream:75 - [STDERR_REDIRECT] [Fatal Error] :1:1: Premature end of file.
2025-01-29 23:58:39,468 [ERROR] LogOutputStream:75 - [STDERR_REDIRECT] 
2025-01-29 23:58:40,483 [ERROR] LogOutputStream:75 - [STDERR_REDIRECT] [Fatal Error] :1:1: Premature end of file.
2025-01-29 23:58:40,483 [ERROR] LogOutputStream:75 - [STDERR_REDIRECT] 
2025-01-29 23:58:41,447 [ERROR] LogOutputStream:75 - [STDERR_REDIRECT] [Fatal Error] :1:1: Premature end of file.
2025-01-29 23:58:41,447 [ERROR] LogOutputStream:75 - [STDERR_REDIRECT] 
2025-01-29 23:58:42,467 [ERROR] LogOutputStream:75 - [STDERR_REDIRECT] [Fatal Error] :1:1: Premature end of file.
2025-01-29 23:58:42,467 [ERROR] LogOutputStream:75 - [STDERR_REDIRECT] 
2025-01-29 23:58:43,459 [ERROR] LogOutputStream:75 - [STDERR_REDIRECT] [Fatal Error] :1:1: Premature end of file.
2025-01-29 23:58:43,459 [ERROR] LogOutputStream:75 - [STDERR_REDIRECT] 
2025-01-29 23:58:44,467 [ERROR] LogOutputStream:75 - [STDERR_REDIRECT] [Fatal Error] :1:1: Premature end of file.
2025-01-29 23:58:44,467 [ERROR] LogOutputStream:75 - [STDERR_REDIRECT] 
2025-01-29 23:58:45,462 [ERROR] LogOutputStream:75 - [STDERR_REDIRECT] [Fatal Error] :1:1: Premature end of file.
2025-01-29 23:58:45,462 [ERROR] LogOutputStream:75 - [STDERR_REDIRECT] 
2025-01-29 23:58:46,449 [ERROR] LogOutputStream:75 - [STDERR_REDIRECT] [Fatal Error] :1:1: Premature end of file.
2025-01-29 23:58:46,449 [ERROR] LogOutputStream:75 - [STDERR_REDIRECT] 
2025-01-29 23:58:47,462 [ERROR] LogOutputStream:75 - [STDERR_REDIRECT] [Fatal Error] :1:1: Premature end of file.
2025-01-29 23:58:47,462 [ERROR] LogOutputStream:75 - [STDERR_REDIRECT] 
2025-01-29 23:58:48,463 [ERROR] LogOutputStream:75 - [STDERR_REDIRECT] [Fatal Error] :1:1: Premature end of file.
2025-01-29 23:58:48,463 [ERROR] LogOutputStream:75 - [STDERR_REDIRECT] 
2025-01-29 23:58:49,460 [ERROR] LogOutputStream:75 - [STDERR_REDIRECT] [Fatal Error] :1:1: Premature end of file.
2025-01-29 23:58:49,462 [ERROR] LogOutputStream:75 - [STDERR_REDIRECT] 
2025-01-29 23:58:50,452 [ERROR] LogOutputStream:75 - [STDERR_REDIRECT] [Fatal Error] :1:1: Premature end of file.
2025-01-29 23:58:50,452 [ERROR] LogOutputStream:75 - [STDERR_REDIRECT] 
2025-01-29 23:58:51,447 [ERROR] LogOutputStream:75 - [STDERR_REDIRECT] [Fatal Error] :1:1: Premature end of file.
2025-01-29 23:58:51,447 [ERROR] LogOutputStream:75 - [STDERR_REDIRECT] 
2025-01-29 23:58:52,461 [ERROR] LogOutputStream:75 - [STDERR_REDIRECT] [Fatal Error] :1:1: Premature end of file.
2025-01-29 23:58:52,461 [ERROR] LogOutputStream:75 - [STDERR_REDIRECT] 
2025-01-29 23:58:53,491 [ERROR] LogOutputStream:75 - [STDERR_REDIRECT] [Fatal Error] :1:1: Premature end of file.
2025-01-29 23:58:53,491 [ERROR] LogOutputStream:75 - [STDERR_REDIRECT] 
2025-01-29 23:58:54,464 [ERROR] LogOutputStream:75 - [STDERR_REDIRECT] [Fatal Error] :1:1: Premature end of file.
2025-01-29 23:58:54,464 [ERROR] LogOutputStream:75 - [STDERR_REDIRECT] 
2025-01-29 23:58:55,446 [ERROR] LogOutputStream:75 - [STDERR_REDIRECT] [Fatal Error] :1:1: Premature end of file.
2025-01-29 23:58:55,447 [ERROR] LogOutputStream:75 - [STDERR_REDIRECT] 
2025-01-29 23:58:56,477 [ERROR] LogOutputStream:75 - [STDERR_REDIRECT] [Fatal Error] :1:1: Premature end of file.
2025-01-29 23:58:56,477 [ERROR] LogOutputStream:75 - [STDERR_REDIRECT] 
2025-01-29 23:58:57,462 [ERROR] LogOutputStream:75 - [STDERR_REDIRECT] [Fatal Error] :1:1: Premature end of file.
2025-01-29 23:58:57,462 [ERROR] LogOutputStream:75 - [STDERR_REDIRECT] 
2025-01-29 23:58:58,472 [ERROR] LogOutputStream:75 - [STDERR_REDIRECT] [Fatal Error] :1:1: Premature end of file.
2025-01-29 23:58:58,472 [ERROR] LogOutputStream:75 - [STDERR_REDIRECT] 
2025-01-29 23:58:59,457 [ERROR] LogOutputStream:75 - [STDERR_REDIRECT] [Fatal Error] :1:1: Premature end of file.
2025-01-29 23:58:59,457 [ERROR] LogOutputStream:75 - [STDERR_REDIRECT] 
2025-01-29 23:59:00,455 [ERROR] LogOutputStream:75 - [STDERR_REDIRECT] [Fatal Error] :1:1: Premature end of file.
2025-01-29 23:59:00,455 [ERROR] LogOutputStream:75 - [STDERR_REDIRECT] 
2025-01-29 23:59:01,463 [ERROR] LogOutputStream:75 - [STDERR_REDIRECT] [Fatal Error] :1:1: Premature end of file.
2025-01-29 23:59:01,463 [ERROR] LogOutputStream:75 - [STDERR_REDIRECT] 
2025-01-29 23:59:02,471 [ERROR] LogOutputStream:75 - [STDERR_REDIRECT] [Fatal Error] :1:1: Premature end of file.
2025-01-29 23:59:02,471 [ERROR] LogOutputStream:75 - [STDERR_REDIRECT] 
2025-01-29 23:59:03,469 [ERROR] LogOutputStream:75 - [STDERR_REDIRECT] [Fatal Error] :1:1: Premature end of file.
2025-01-29 23:59:03,469 [ERROR] LogOutputStream:75 - [STDERR_REDIRECT] 
2025-01-29 23:59:04,467 [ERROR] LogOutputStream:75 - [STDERR_REDIRECT] [Fatal Error] :1:1: Premature end of file.
2025-01-29 23:59:04,469 [ERROR] LogOutputStream:75 - [STDERR_REDIRECT] 
2025-01-29 23:59:05,463 [ERROR] LogOutputStream:75 - [STDERR_REDIRECT] [Fatal Error] :1:1: Premature end of file.
2025-01-29 23:59:05,463 [ERROR] LogOutputStream:75 - [STDERR_REDIRECT] 
2025-01-29 23:59:06,459 [ERROR] LogOutputStream:75 - [STDERR_REDIRECT] [Fatal Error] :1:1: Premature end of file.
2025-01-29 23:59:06,459 [ERROR] LogOutputStream:75 - [STDERR_REDIRECT] 
2025-01-29 23:59:07,469 [ERROR] LogOutputStream:75 - [STDERR_REDIRECT] [Fatal Error] :1:1: Premature end of file.
2025-01-29 23:59:07,469 [ERROR] LogOutputStream:75 - [STDERR_REDIRECT] 
2025-01-29 23:59:08,468 [ERROR] LogOutputStream:75 - [STDERR_REDIRECT] [Fatal Error] :1:1: Premature end of file.
2025-01-29 23:59:08,468 [ERROR] LogOutputStream:75 - [STDERR_REDIRECT] 
2025-01-29 23:59:09,464 [ERROR] LogOutputStream:75 - [STDERR_REDIRECT] [Fatal Error] :1:1: Premature end of file.
2025-01-29 23:59:09,464 [ERROR] LogOutputStream:75 - [STDERR_REDIRECT] 
2025-01-29 23:59:10,469 [ERROR] LogOutputStream:75 - [STDERR_REDIRECT] [Fatal Error] :1:1: Premature end of file.
2025-01-29 23:59:10,469 [ERROR] LogOutputStream:75 - [STDERR_REDIRECT] 
2025-01-29 23:59:11,462 [ERROR] LogOutputStream:75 - [STDERR_REDIRECT] [Fatal Error] :1:1: Premature end of file.
2025-01-29 23:59:11,462 [ERROR] LogOutputStream:75 - [STDERR_REDIRECT] 
2025-01-29 23:59:12,462 [ERROR] LogOutputStream:75 - [STDERR_REDIRECT] [Fatal Error] :1:1: Premature end of file.
2025-01-29 23:59:12,462 [ERROR] LogOutputStream:75 - [STDERR_REDIRECT] 
2025-01-29 23:59:13,468 [ERROR] LogOutputStream:75 - [STDERR_REDIRECT] [Fatal Error] :1:1: Premature end of file.
2025-01-29 23:59:13,468 [ERROR] LogOutputStream:75 - [STDERR_REDIRECT] 
2025-01-29 23:59:14,465 [ERROR] LogOutputStream:75 - [STDERR_REDIRECT] [Fatal Error] :1:1: Premature end of file.
2025-01-29 23:59:14,465 [ERROR] LogOutputStream:75 - [STDERR_REDIRECT] 
2025-01-29 23:59:15,479 [ERROR] LogOutputStream:75 - [STDERR_REDIRECT] [Fatal Error] :1:1: Premature end of file.
2025-01-29 23:59:15,479 [ERROR] LogOutputStream:75 - [STDERR_REDIRECT] 
2025-01-29 23:59:16,461 [ERROR] LogOutputStream:75 - [STDERR_REDIRECT] [Fatal Error] :1:1: Premature end of file.
2025-01-29 23:59:16,461 [ERROR] LogOutputStream:75 - [STDERR_REDIRECT] 
2025-01-29 23:59:17,467 [ERROR] LogOutputStream:75 - [STDERR_REDIRECT] [Fatal Error] :1:1: Premature end of file.
2025-01-29 23:59:17,467 [ERROR] LogOutputStream:75 - [STDERR_REDIRECT] 
2025-01-29 23:59:18,464 [ERROR] LogOutputStream:75 - [STDERR_REDIRECT] [Fatal Error] :1:1: Premature end of file.
2025-01-29 23:59:18,464 [ERROR] LogOutputStream:75 - [STDERR_REDIRECT] 
2025-01-29 23:59:19,463 [ERROR] LogOutputStream:75 - [STDERR_REDIRECT] [Fatal Error] :1:1: Premature end of file.
2025-01-29 23:59:19,463 [ERROR] LogOutputStream:75 - [STDERR_REDIRECT] 
2025-01-29 23:59:20,465 [ERROR] LogOutputStream:75 - [STDERR_REDIRECT] [Fatal Error] :1:1: Premature end of file.
2025-01-29 23:59:20,465 [ERROR] LogOutputStream:75 - [STDERR_REDIRECT] 
2025-01-29 23:59:21,468 [ERROR] LogOutputStream:75 - [STDERR_REDIRECT] [Fatal Error] :1:1: Premature end of file.
2025-01-29 23:59:21,470 [ERROR] LogOutputStream:75 - [STDERR_REDIRECT] 
2025-01-29 23:59:22,463 [ERROR] LogOutputStream:75 - [STDERR_REDIRECT] [Fatal Error] :1:1: Premature end of file.
2025-01-29 23:59:22,463 [ERROR] LogOutputStream:75 - [STDERR_REDIRECT] 
2025-01-29 23:59:23,462 [ERROR] LogOutputStream:75 - [STDERR_REDIRECT] [Fatal Error] :1:1: Premature end of file.
2025-01-29 23:59:23,464 [ERROR] LogOutputStream:75 - [STDERR_REDIRECT] 
2025-01-29 23:59:24,465 [ERROR] LogOutputStream:75 - [STDERR_REDIRECT] [Fatal Error] :1:1: Premature end of file.
2025-01-29 23:59:24,465 [ERROR] LogOutputStream:75 - [STDERR_REDIRECT] 
2025-01-29 23:59:25,448 [ERROR] LogOutputStream:75 - [STDERR_REDIRECT] [Fatal Error] :1:1: Premature end of file.
2025-01-29 23:59:25,448 [ERROR] LogOutputStream:75 - [STDERR_REDIRECT] 
2025-01-29 23:59:26,477 [ERROR] LogOutputStream:75 - [STDERR_REDIRECT] [Fatal Error] :1:1: Premature end of file.
2025-01-29 23:59:26,477 [ERROR] LogOutputStream:75 - [STDERR_REDIRECT] 
2025-01-29 23:59:27,453 [ERROR] LogOutputStream:75 - [STDERR_REDIRECT] [Fatal Error] :1:1: Premature end of file.
2025-01-29 23:59:27,453 [ERROR] LogOutputStream:75 - [STDERR_REDIRECT] 
2025-01-29 23:59:28,466 [ERROR] LogOutputStream:75 - [STDERR_REDIRECT] [Fatal Error] :1:1: Premature end of file.
2025-01-29 23:59:28,466 [ERROR] LogOutputStream:75 - [STDERR_REDIRECT] 
2025-01-29 23:59:29,468 [ERROR] LogOutputStream:75 - [STDERR_REDIRECT] [Fatal Error] :1:1: Premature end of file.
2025-01-29 23:59:29,468 [ERROR] LogOutputStream:75 - [STDERR_REDIRECT] 
2025-01-29 23:59:30,481 [ERROR] LogOutputStream:75 - [STDERR_REDIRECT] [Fatal Error] :1:1: Premature end of file.
2025-01-29 23:59:30,481 [ERROR] LogOutputStream:75 - [STDERR_REDIRECT] 
2025-01-29 23:59:31,485 [ERROR] LogOutputStream:75 - [STDERR_REDIRECT] [Fatal Error] :1:1: Premature end of file.
2025-01-29 23:59:31,487 [ERROR] LogOutputStream:75 - [STDERR_REDIRECT] 
2025-01-29 23:59:32,457 [ERROR] LogOutputStream:75 - [STDERR_REDIRECT] [Fatal Error] :1:1: Premature end of file.
2025-01-29 23:59:32,457 [ERROR] LogOutputStream:75 - [STDERR_REDIRECT] 
2025-01-29 23:59:33,480 [ERROR] LogOutputStream:75 - [STDERR_REDIRECT] [Fatal Error] :1:1: Premature end of file.
2025-01-29 23:59:33,480 [ERROR] LogOutputStream:75 - [STDERR_REDIRECT] 
2025-01-29 23:59:34,465 [ERROR] LogOutputStream:75 - [STDERR_REDIRECT] [Fatal Error] :1:1: Premature end of file.
2025-01-29 23:59:34,467 [ERROR] LogOutputStream:75 - [STDERR_REDIRECT] 
2025-01-29 23:59:35,466 [ERROR] LogOutputStream:75 - [STDERR_REDIRECT] [Fatal Error] :1:1: Premature end of file.
2025-01-29 23:59:35,466 [ERROR] LogOutputStream:75 - [STDERR_REDIRECT] 
2025-01-29 23:59:36,463 [ERROR] LogOutputStream:75 - [STDERR_REDIRECT] [Fatal Error] :1:1: Premature end of file.
2025-01-29 23:59:36,463 [ERROR] LogOutputStream:75 - [STDERR_REDIRECT] 
2025-01-29 23:59:37,449 [ERROR] LogOutputStream:75 - [STDERR_REDIRECT] [Fatal Error] :1:1: Premature end of file.
2025-01-29 23:59:37,449 [ERROR] LogOutputStream:75 - [STDERR_REDIRECT] 
2025-01-29 23:59:38,459 [ERROR] LogOutputStream:75 - [STDERR_REDIRECT] [Fatal Error] :1:1: Premature end of file.
2025-01-29 23:59:38,459 [ERROR] LogOutputStream:75 - [STDERR_REDIRECT] 
2025-01-29 23:59:39,464 [ERROR] LogOutputStream:75 - [STDERR_REDIRECT] [Fatal Error] :1:1: Premature end of file.
2025-01-29 23:59:39,464 [ERROR] LogOutputStream:75 - [STDERR_REDIRECT] 
2025-01-29 23:59:40,464 [ERROR] LogOutputStream:75 - [STDERR_REDIRECT] [Fatal Error] :1:1: Premature end of file.
2025-01-29 23:59:40,464 [ERROR] LogOutputStream:75 - [STDERR_REDIRECT] 
2025-01-29 23:59:41,464 [ERROR] LogOutputStream:75 - [STDERR_REDIRECT] [Fatal Error] :1:1: Premature end of file.
2025-01-29 23:59:41,464 [ERROR] LogOutputStream:75 - [STDERR_REDIRECT] 
2025-01-29 23:59:42,460 [ERROR] LogOutputStream:75 - [STDERR_REDIRECT] [Fatal Error] :1:1: Premature end of file.
2025-01-29 23:59:42,460 [ERROR] LogOutputStream:75 - [STDERR_REDIRECT] 
2025-01-29 23:59:43,471 [ERROR] LogOutputStream:75 - [STDERR_REDIRECT] [Fatal Error] :1:1: Premature end of file.
2025-01-29 23:59:43,471 [ERROR] LogOutputStream:75 - [STDERR_REDIRECT] 
2025-01-29 23:59:44,466 [ERROR] LogOutputStream:75 - [STDERR_REDIRECT] [Fatal Error] :1:1: Premature end of file.
2025-01-29 23:59:44,466 [ERROR] LogOutputStream:75 - [STDERR_REDIRECT] 
2025-01-29 23:59:45,477 [ERROR] LogOutputStream:75 - [STDERR_REDIRECT] [Fatal Error] :1:1: Premature end of file.
2025-01-29 23:59:45,477 [ERROR] LogOutputStream:75 - [STDERR_REDIRECT] 
2025-01-29 23:59:46,478 [ERROR] LogOutputStream:75 - [STDERR_REDIRECT] [Fatal Error] :1:1: Premature end of file.
2025-01-29 23:59:46,478 [ERROR] LogOutputStream:75 - [STDERR_REDIRECT] 
2025-01-29 23:59:47,467 [ERROR] LogOutputStream:75 - [STDERR_REDIRECT] [Fatal Error] :1:1: Premature end of file.
2025-01-29 23:59:47,468 [ERROR] LogOutputStream:75 - [STDERR_REDIRECT] 
2025-01-29 23:59:48,467 [ERROR] LogOutputStream:75 - [STDERR_REDIRECT] [Fatal Error] :1:1: Premature end of file.
2025-01-29 23:59:48,467 [ERROR] LogOutputStream:75 - [STDERR_REDIRECT] 
2025-01-29 23:59:49,457 [ERROR] LogOutputStream:75 - [STDERR_REDIRECT] [Fatal Error] :1:1: Premature end of file.
2025-01-29 23:59:49,459 [ERROR] LogOutputStream:75 - [STDERR_REDIRECT] 
2025-01-29 23:59:50,457 [ERROR] LogOutputStream:75 - [STDERR_REDIRECT] [Fatal Error] :1:1: Premature end of file.
2025-01-29 23:59:50,457 [ERROR] LogOutputStream:75 - [STDERR_REDIRECT] 
2025-01-29 23:59:51,468 [ERROR] LogOutputStream:75 - [STDERR_REDIRECT] [Fatal Error] :1:1: Premature end of file.
2025-01-29 23:59:51,468 [ERROR] LogOutputStream:75 - [STDERR_REDIRECT] 
2025-01-29 23:59:52,465 [ERROR] LogOutputStream:75 - [STDERR_REDIRECT] [Fatal Error] :1:1: Premature end of file.
2025-01-29 23:59:52,466 [ERROR] LogOutputStream:75 - [STDERR_REDIRECT] 
2025-01-29 23:59:53,459 [ERROR] LogOutputStream:75 - [STDERR_REDIRECT] [Fatal Error] :1:1: Premature end of file.
2025-01-29 23:59:53,459 [ERROR] LogOutputStream:75 - [STDERR_REDIRECT] 
2025-01-29 23:59:54,467 [ERROR] LogOutputStream:75 - [STDERR_REDIRECT] [Fatal Error] :1:1: Premature end of file.
2025-01-29 23:59:54,467 [ERROR] LogOutputStream:75 - [STDERR_REDIRECT] 
2025-01-29 23:59:55,465 [ERROR] LogOutputStream:75 - [STDERR_REDIRECT] [Fatal Error] :1:1: Premature end of file.
2025-01-29 23:59:55,465 [ERROR] LogOutputStream:75 - [STDERR_REDIRECT] 
2025-01-29 23:59:56,470 [ERROR] LogOutputStream:75 - [STDERR_REDIRECT] [Fatal Error] :1:1: Premature end of file.
2025-01-29 23:59:56,470 [ERROR] LogOutputStream:75 - [STDERR_REDIRECT] 
2025-01-29 23:59:57,447 [ERROR] LogOutputStream:75 - [STDERR_REDIRECT] [Fatal Error] :1:1: Premature end of file.
2025-01-29 23:59:57,447 [ERROR] LogOutputStream:75 - [STDERR_REDIRECT] 
2025-01-29 23:59:58,455 [ERROR] LogOutputStream:75 - [STDERR_REDIRECT] [Fatal Error] :1:1: Premature end of file.
2025-01-29 23:59:58,455 [ERROR] LogOutputStream:75 - [STDERR_REDIRECT] 
2025-01-29 23:59:59,462 [ERROR] LogOutputStream:75 - [STDERR_REDIRECT] [Fatal Error] :1:1: Premature end of file.
2025-01-29 23:59:59,462 [ERROR] LogOutputStream:75 - [STDERR_REDIRECT] 
