2025-01-26 22:11:25,959 [INFO] Activator:176 - 


2025-01-26 22:11:25,961 [INFO] Activator:177 - !SESSION log4j initialized
2025-01-26 22:11:28,137 [INFO] LogOutputStream:77 - [STDOUT_REDIRECT] 
2025-01-26 22:11:29,398 [INFO] ApplicationProperties:184 - Using Application install path: C:\ST\STM32CubeIDE_1.17.0\STM32CubeIDE\plugins\com.st.stm32cube.common.mx_6.13.0.202411220809
2025-01-26 22:11:29,415 [INFO] DbMcusXml:78 - Set database path to: C:\ST\STM32CubeIDE_1.17.0\STM32CubeIDE\plugins\com.st.stm32cube.common.mx_6.13.0.202411220809\\db\/mcu/
2025-01-26 22:11:29,415 [INFO] ApiDb:274 - Set plugin database path to: C:\ST\STM32CubeIDE_1.17.0\STM32CubeIDE\plugins\com.st.stm32cube.common.mx_6.13.0.202411220809\\db\/plugins/boardmanager/
2025-01-26 22:11:29,415 [WARN] ApiDb:259 - Overriding images path with different value:  => C:\ST\STM32CubeIDE_1.17.0\STM32CubeIDE\plugins\com.st.stm32cube.common.mx_6.13.0.202411220809\\db\/plugins/mcufinder/images/
2025-01-26 22:11:29,425 [INFO] ApiDb:250 - Set database path to: C:\Users\Admin\.stmcufinder\plugins\mcufinder//mcu/
2025-01-26 22:11:29,425 [INFO] DbMcusAds:125 - Set database path to: C:\Users\Admin\.stmcufinder\plugins\mcufinder//mcu/
2025-01-26 22:11:29,428 [INFO] CrossReferenceDbSqlite:203 - Set database path to: C:\Users\Admin\.stmcufinder\plugins\mcufinder//mcu/cs/
2025-01-26 22:11:29,520 [INFO] RulesReader:64 - Compatibility file has been processed (297 Rules)
2025-01-26 22:11:29,581 [INFO] DbMcusXml:78 - Set database path to: C:\ST\STM32CubeIDE_1.17.0\STM32CubeIDE\plugins\com.st.stm32cube.common.mx_6.13.0.202411220809\\db\/mcu/
2025-01-26 22:11:29,581 [INFO] ApiDb:274 - Set plugin database path to: C:\ST\STM32CubeIDE_1.17.0\STM32CubeIDE\plugins\com.st.stm32cube.common.mx_6.13.0.202411220809\\db\/plugins/boardmanager/
2025-01-26 22:11:29,581 [INFO] ApiDb:261 - Set plugin images path to: C:\ST\STM32CubeIDE_1.17.0\STM32CubeIDE\plugins\com.st.stm32cube.common.mx_6.13.0.202411220809\\db\/plugins/mcufinder/images/
2025-01-26 22:11:29,583 [WARN] DbFile:41 - Overriding database path with different value: C:\Users\Admin\.stmcufinder\plugins\mcufinder/ => C:\Users\Admin\.stmcufinder\plugins\mcufinder
2025-01-26 22:11:29,583 [INFO] ApiDb:250 - Set database path to: C:\Users\Admin\.stmcufinder\plugins\mcufinder//mcu/
2025-01-26 22:11:29,583 [WARN] DbFile:41 - Overriding database path with different value: C:\Users\Admin\.stmcufinder\plugins\mcufinder/ => C:\Users\Admin\.stmcufinder\plugins\mcufinder
2025-01-26 22:11:29,583 [INFO] DbMcusAds:125 - Set database path to: C:\Users\Admin\.stmcufinder\plugins\mcufinder//mcu/
2025-01-26 22:11:29,583 [WARN] DbFile:41 - Overriding database path with different value: C:\Users\Admin\.stmcufinder\plugins\mcufinder/ => C:\Users\Admin\.stmcufinder\plugins\mcufinder
2025-01-26 22:11:29,583 [WARN] DbFile:41 - Overriding database path with different value: C:\Users\Admin\.stmcufinder\plugins\mcufinder/ => C:\Users\Admin\.stmcufinder\plugins\mcufinder
2025-01-26 22:11:29,583 [INFO] CrossReferenceDbSqlite:203 - Set database path to: C:\Users\Admin\.stmcufinder\plugins\mcufinder//mcu/cs/
2025-01-26 22:11:29,640 [INFO] MainPanel:272 - HeapMemory: 268435456
2025-01-26 22:11:29,714 [INFO] DbMcusXml:78 - Set database path to: C:\ST\STM32CubeIDE_1.17.0\STM32CubeIDE\plugins\com.st.stm32cube.common.mx_6.13.0.202411220809\\db\/mcu/
2025-01-26 22:11:29,714 [INFO] ApiDb:274 - Set plugin database path to: C:\ST\STM32CubeIDE_1.17.0\STM32CubeIDE\plugins\com.st.stm32cube.common.mx_6.13.0.202411220809\\db\/plugins/boardmanager/
2025-01-26 22:11:29,714 [INFO] ApiDb:261 - Set plugin images path to: C:\ST\STM32CubeIDE_1.17.0\STM32CubeIDE\plugins\com.st.stm32cube.common.mx_6.13.0.202411220809\\db\/plugins/mcufinder/images/
2025-01-26 22:11:29,716 [WARN] DbFile:41 - Overriding database path with different value: C:\Users\Admin\.stmcufinder\plugins\mcufinder/ => C:\Users\Admin\.stmcufinder\plugins\mcufinder
2025-01-26 22:11:29,716 [INFO] ApiDb:250 - Set database path to: C:\Users\Admin\.stmcufinder\plugins\mcufinder//mcu/
2025-01-26 22:11:29,716 [WARN] DbFile:41 - Overriding database path with different value: C:\Users\Admin\.stmcufinder\plugins\mcufinder/ => C:\Users\Admin\.stmcufinder\plugins\mcufinder
2025-01-26 22:11:29,716 [INFO] DbMcusAds:125 - Set database path to: C:\Users\Admin\.stmcufinder\plugins\mcufinder//mcu/
2025-01-26 22:11:29,716 [WARN] DbFile:41 - Overriding database path with different value: C:\Users\Admin\.stmcufinder\plugins\mcufinder/ => C:\Users\Admin\.stmcufinder\plugins\mcufinder
2025-01-26 22:11:29,716 [WARN] DbFile:41 - Overriding database path with different value: C:\Users\Admin\.stmcufinder\plugins\mcufinder/ => C:\Users\Admin\.stmcufinder\plugins\mcufinder
2025-01-26 22:11:29,716 [INFO] CrossReferenceDbSqlite:203 - Set database path to: C:\Users\Admin\.stmcufinder\plugins\mcufinder//mcu/cs/
2025-01-26 22:11:29,730 [INFO] ApplicationProperties:184 - Using Application install path: C:\ST\STM32CubeIDE_1.17.0\STM32CubeIDE\plugins\com.st.stm32cube.common.mx_6.13.0.202411220809
2025-01-26 22:11:29,730 [INFO] PluginManage:196 - Search for loadable plugins [exclusion list=, ]
2025-01-26 22:11:29,731 [INFO] PluginManage:310 - Check plugin analytics
2025-01-26 22:11:29,878 [INFO] AnalyticsPlugin:253 - Accepted Software Licenses: 
2025-01-26 22:11:29,878 [INFO] AnalyticsPlugin:255 - Accepted CMSIS Pack Licenses: 
2025-01-26 22:11:29,878 [INFO] AnalyticsPlugin:257 - Accepted Firmware Licenses: FW.F7.1.17.0
2025-01-26 22:11:29,881 [INFO] PluginManage:359 - Loaded plugin analytics (category:tool,tabindex:-1)
2025-01-26 22:11:29,881 [INFO] PluginManage:310 - Check plugin cadmodel
2025-01-26 22:11:29,886 [INFO] CADModel:105 - Init CAD model plugin
2025-01-26 22:11:29,887 [INFO] PluginManage:359 - Loaded plugin cadmodel (category:power,tabindex:5)
2025-01-26 22:11:29,887 [INFO] PluginManage:310 - Check plugin clock
2025-01-26 22:11:29,895 [INFO] PluginManage:359 - Loaded plugin clock (category:base,tabindex:2)
2025-01-26 22:11:29,895 [INFO] PluginManage:310 - Check plugin ddr
2025-01-26 22:11:29,898 [INFO] PluginManage:359 - Loaded plugin ddr (category:tool,tabindex:6)
2025-01-26 22:11:29,898 [INFO] PluginManage:310 - Check plugin filemanager
2025-01-26 22:11:30,049 [INFO] PluginManage:359 - Loaded plugin filemanager (category:base,tabindex:10)
2025-01-26 22:11:30,049 [INFO] PluginManage:310 - Check plugin ipmanager
2025-01-26 22:11:30,056 [INFO] PluginManage:359 - Loaded plugin ipmanager (category:base,tabindex:5)
2025-01-26 22:11:30,056 [INFO] PluginManage:310 - Check plugin lpbam
2025-01-26 22:11:30,063 [INFO] PluginManage:359 - Loaded plugin lpbam (category:base,tabindex:0)
2025-01-26 22:11:30,064 [INFO] PluginManage:310 - Check plugin memorymap
2025-01-26 22:11:30,075 [INFO] PluginManage:359 - Loaded plugin memorymap (category:base,tabindex:4)
2025-01-26 22:11:30,075 [INFO] PluginManage:310 - Check plugin pinoutandconfiguration
2025-01-26 22:11:30,081 [INFO] PluginManage:359 - Loaded plugin pinoutandconfiguration (category:base,tabindex:1)
2025-01-26 22:11:30,081 [INFO] PluginManage:310 - Check plugin pinoutconfig
2025-01-26 22:11:30,147 [WARN] SupportedApi:132 - Cannot load RTOS API schema: s4s-elt-must-match.1: The content of 'definitions' must match (annotation?, (simpleType | complexType)?, (unique | key | keyref)*)). A problem was found starting at: attribute.
2025-01-26 22:11:30,244 [INFO] PluginManage:359 - Loaded plugin pinoutconfig (category:base,tabindex:0)
2025-01-26 22:11:30,244 [INFO] PluginManage:310 - Check plugin power
2025-01-26 22:11:30,252 [INFO] PluginManage:359 - Loaded plugin power (category:power,tabindex:4)
2025-01-26 22:11:30,252 [INFO] PluginManage:310 - Check plugin projectmanager
2025-01-26 22:11:30,262 [INFO] PluginManage:359 - Loaded plugin projectmanager (category:projectmanager,tabindex:4)
2025-01-26 22:11:30,262 [INFO] PluginManage:310 - Check plugin rif
2025-01-26 22:11:30,267 [INFO] PluginManage:359 - Loaded plugin rif (category:base,tabindex:3)
2025-01-26 22:11:30,268 [INFO] PluginManage:310 - Check plugin thirdparty
2025-01-26 22:11:30,359 [INFO] PluginManage:359 - Loaded plugin thirdparty (category:base,tabindex:-1)
2025-01-26 22:11:30,359 [WARN] IntegrityCheckThread:84 - waiting for thirdparty lock release [integrity check]
2025-01-26 22:11:30,359 [INFO] PluginManage:310 - Check plugin tools
2025-01-26 22:11:30,359 [INFO] IntegrityCheckThread:86 - entering critical section [integrity check]
2025-01-26 22:11:30,361 [INFO] ThirdPartyUpdaterWithRetryManager:70 - Updater plugin not ready yet. [1/15]
2025-01-26 22:11:30,362 [INFO] PluginManage:359 - Loaded plugin tools (category:base,tabindex:7)
2025-01-26 22:11:30,362 [INFO] PluginManage:310 - Check plugin tutovideos
2025-01-26 22:11:30,479 [INFO] PluginManage:359 - Loaded plugin tutovideos (category:base,tabindex:-1)
2025-01-26 22:11:30,479 [INFO] PluginManage:310 - Check plugin updater
2025-01-26 22:11:30,497 [INFO] PluginManage:359 - Loaded plugin updater (category:base,tabindex:12)
2025-01-26 22:11:30,497 [INFO] PluginManage:310 - Check plugin userauth
2025-01-26 22:11:30,502 [INFO] UserAuth:118 - Init User Auth plugin
2025-01-26 22:11:30,503 [INFO] PluginManage:359 - Loaded plugin userauth (category:base,tabindex:14)
2025-01-26 22:11:30,503 [INFO] PluginManage:283 - PluginManage : Loaded plugins [18]
2025-01-26 22:11:30,520 [INFO] McuFinderGlobals:63 - Set McuFinder mode to 2 (CubeIDE integrated)
2025-01-26 22:11:30,667 [INFO] PinOutPanel:1589 - setPackage(No Configuration,No Configuration)
2025-01-26 22:11:30,733 [INFO] CADModel:165 - CPN selected for project level
2025-01-26 22:11:30,733 [INFO] CADModel:114 - Register for checkConnection events
2025-01-26 22:11:30,746 [INFO] IPUIPlugin:80 - create IPUIPlugin
2025-01-26 22:11:30,746 [INFO] PluginManager:220 - loadIPPluginJar : add adc
2025-01-26 22:11:30,749 [INFO] IPUIPlugin:80 - create IPUIPlugin
2025-01-26 22:11:30,749 [INFO] PluginManager:220 - loadIPPluginJar : add aes
2025-01-26 22:11:30,751 [INFO] IPUIPlugin:80 - create IPUIPlugin
2025-01-26 22:11:30,752 [INFO] PluginManager:220 - loadIPPluginJar : add can
2025-01-26 22:11:30,754 [INFO] IPUIPlugin:80 - create IPUIPlugin
2025-01-26 22:11:30,754 [INFO] PluginManager:220 - loadIPPluginJar : add comp
2025-01-26 22:11:30,756 [INFO] IPUIPlugin:80 - create IPUIPlugin
2025-01-26 22:11:30,756 [INFO] PluginManager:220 - loadIPPluginJar : add cryp
2025-01-26 22:11:30,759 [INFO] IPUIPlugin:80 - create IPUIPlugin
2025-01-26 22:11:30,759 [INFO] PluginManager:220 - loadIPPluginJar : add ddr_ctrl_phy
2025-01-26 22:11:30,760 [INFO] IPUIPlugin:80 - create IPUIPlugin
2025-01-26 22:11:30,762 [INFO] PluginManager:220 - loadIPPluginJar : add dfsdm
2025-01-26 22:11:30,766 [INFO] IPUIPlugin:80 - create IPUIPlugin
2025-01-26 22:11:30,766 [INFO] PluginManager:220 - loadIPPluginJar : add dma
2025-01-26 22:11:30,769 [INFO] IPUIPlugin:80 - create IPUIPlugin
2025-01-26 22:11:30,769 [INFO] PluginManager:220 - loadIPPluginJar : add dma3
2025-01-26 22:11:30,772 [INFO] IPUIPlugin:80 - create IPUIPlugin
2025-01-26 22:11:30,772 [INFO] PluginManager:220 - loadIPPluginJar : add extmemmanager
2025-01-26 22:11:30,774 [INFO] IPUIPlugin:80 - create IPUIPlugin
2025-01-26 22:11:30,774 [INFO] PluginManager:220 - loadIPPluginJar : add fatfs
2025-01-26 22:11:30,778 [INFO] IPUIPlugin:80 - create IPUIPlugin
2025-01-26 22:11:30,778 [INFO] PluginManager:220 - loadIPPluginJar : add fmc
2025-01-26 22:11:30,783 [INFO] IPUIPlugin:80 - create IPUIPlugin
2025-01-26 22:11:30,783 [INFO] PluginManager:220 - loadIPPluginJar : add freertos
2025-01-26 22:11:30,784 [INFO] IPUIPlugin:80 - create IPUIPlugin
2025-01-26 22:11:30,786 [INFO] PluginManager:220 - loadIPPluginJar : add genericplugin
2025-01-26 22:11:30,787 [INFO] IPUIPlugin:80 - create IPUIPlugin
2025-01-26 22:11:30,787 [INFO] PluginManager:220 - loadIPPluginJar : add gfxmmu
2025-01-26 22:11:30,792 [INFO] IPUIPlugin:80 - create IPUIPlugin
2025-01-26 22:11:30,792 [INFO] PluginManager:220 - loadIPPluginJar : add gic
2025-01-26 22:11:30,795 [INFO] IPUIPlugin:80 - create IPUIPlugin
2025-01-26 22:11:30,795 [INFO] PluginManager:220 - loadIPPluginJar : add gpio
2025-01-26 22:11:30,798 [INFO] IPUIPlugin:80 - create IPUIPlugin
2025-01-26 22:11:30,798 [INFO] PluginManager:220 - loadIPPluginJar : add gtzc
2025-01-26 22:11:30,801 [INFO] IPUIPlugin:80 - create IPUIPlugin
2025-01-26 22:11:30,801 [INFO] PluginManager:220 - loadIPPluginJar : add hash
2025-01-26 22:11:30,803 [INFO] IPUIPlugin:80 - create IPUIPlugin
2025-01-26 22:11:30,803 [INFO] PluginManager:220 - loadIPPluginJar : add i2c
2025-01-26 22:11:30,806 [INFO] IPUIPlugin:80 - create IPUIPlugin
2025-01-26 22:11:30,806 [INFO] PluginManager:220 - loadIPPluginJar : add i2s
2025-01-26 22:11:30,809 [INFO] IPUIPlugin:80 - create IPUIPlugin
2025-01-26 22:11:30,809 [INFO] PluginManager:220 - loadIPPluginJar : add i3c
2025-01-26 22:11:30,812 [INFO] IPUIPlugin:80 - create IPUIPlugin
2025-01-26 22:11:30,812 [INFO] PluginManager:220 - loadIPPluginJar : add ipddr
2025-01-26 22:11:30,816 [INFO] IPUIPlugin:80 - create IPUIPlugin
2025-01-26 22:11:30,816 [INFO] PluginManager:220 - loadIPPluginJar : add linkedlist
2025-01-26 22:11:30,818 [INFO] IPUIPlugin:80 - create IPUIPlugin
2025-01-26 22:11:30,819 [INFO] PluginManager:220 - loadIPPluginJar : add lorawan
2025-01-26 22:11:30,819 [INFO] IPUIPlugin:80 - create IPUIPlugin
2025-01-26 22:11:30,819 [INFO] PluginManager:220 - loadIPPluginJar : add ltdc
2025-01-26 22:11:30,824 [INFO] IPUIPlugin:80 - create IPUIPlugin
2025-01-26 22:11:30,824 [INFO] PluginManager:220 - loadIPPluginJar : add mdma
2025-01-26 22:11:30,827 [INFO] IPUIPlugin:80 - create IPUIPlugin
2025-01-26 22:11:30,827 [INFO] PluginManager:220 - loadIPPluginJar : add nvic
2025-01-26 22:11:30,828 [INFO] IPUIPlugin:80 - create IPUIPlugin
2025-01-26 22:11:30,828 [INFO] PluginManager:220 - loadIPPluginJar : add opamp
2025-01-26 22:11:30,830 [INFO] IPUIPlugin:80 - create IPUIPlugin
2025-01-26 22:11:30,831 [INFO] PluginManager:220 - loadIPPluginJar : add openamp
2025-01-26 22:11:30,833 [INFO] IPUIPlugin:80 - create IPUIPlugin
2025-01-26 22:11:30,833 [INFO] PluginManager:220 - loadIPPluginJar : add pdm2pcm
2025-01-26 22:11:30,838 [INFO] IPUIPlugin:80 - create IPUIPlugin
2025-01-26 22:11:30,839 [INFO] PluginManager:220 - loadIPPluginJar : add plateformsettings
2025-01-26 22:11:30,841 [INFO] IPUIPlugin:80 - create IPUIPlugin
2025-01-26 22:11:30,841 [INFO] PluginManager:220 - loadIPPluginJar : add quadspi
2025-01-26 22:11:30,842 [INFO] IPUIPlugin:80 - create IPUIPlugin
2025-01-26 22:11:30,842 [INFO] PluginManager:220 - loadIPPluginJar : add radio
2025-01-26 22:11:30,845 [INFO] IPUIPlugin:80 - create IPUIPlugin
2025-01-26 22:11:30,847 [INFO] PluginManager:220 - loadIPPluginJar : add resmgrutility
2025-01-26 22:11:30,848 [INFO] IPUIPlugin:80 - create IPUIPlugin
2025-01-26 22:11:30,848 [INFO] PluginManager:220 - loadIPPluginJar : add sai
2025-01-26 22:11:30,850 [INFO] IPUIPlugin:80 - create IPUIPlugin
2025-01-26 22:11:30,850 [INFO] PluginManager:220 - loadIPPluginJar : add spi
2025-01-26 22:11:30,854 [INFO] IPUIPlugin:80 - create IPUIPlugin
2025-01-26 22:11:30,854 [INFO] PluginManager:220 - loadIPPluginJar : add stm32_wpan
2025-01-26 22:11:30,854 [INFO] IPUIPlugin:80 - create IPUIPlugin
2025-01-26 22:11:30,856 [INFO] PluginManager:220 - loadIPPluginJar : add tim
2025-01-26 22:11:30,857 [INFO] IPUIPlugin:80 - create IPUIPlugin
2025-01-26 22:11:30,857 [INFO] PluginManager:220 - loadIPPluginJar : add touchsensing
2025-01-26 22:11:30,859 [INFO] IPUIPlugin:80 - create IPUIPlugin
2025-01-26 22:11:30,859 [INFO] PluginManager:220 - loadIPPluginJar : add tracer_emb
2025-01-26 22:11:30,862 [INFO] IPUIPlugin:80 - create IPUIPlugin
2025-01-26 22:11:30,862 [INFO] PluginManager:220 - loadIPPluginJar : add ts
2025-01-26 22:11:30,863 [INFO] IPUIPlugin:80 - create IPUIPlugin
2025-01-26 22:11:30,863 [INFO] PluginManager:220 - loadIPPluginJar : add tsc
2025-01-26 22:11:30,865 [INFO] IPUIPlugin:80 - create IPUIPlugin
2025-01-26 22:11:30,865 [INFO] PluginManager:220 - loadIPPluginJar : add ucpd
2025-01-26 22:11:30,866 [INFO] IPUIPlugin:80 - create IPUIPlugin
2025-01-26 22:11:30,866 [INFO] PluginManager:220 - loadIPPluginJar : add usart
2025-01-26 22:11:30,868 [INFO] IPUIPlugin:80 - create IPUIPlugin
2025-01-26 22:11:30,868 [INFO] PluginManager:220 - loadIPPluginJar : add usbx
2025-01-26 22:11:30,979 [FATAL] Updater:351 - Updater called before beeing initialized
2025-01-26 22:11:31,010 [INFO] RulesReader:64 - Compatibility file has been processed (297 Rules)
2025-01-26 22:11:31,019 [INFO] RulesReader:64 - Compatibility file has been processed (297 Rules)
2025-01-26 22:11:31,026 [INFO] CADModel:165 - CPN selected for project level
2025-01-26 22:11:31,026 [INFO] CADModel:114 - Register for checkConnection events
2025-01-26 22:11:31,026 [FATAL] Updater:351 - Updater called before beeing initialized
2025-01-26 22:11:31,028 [ERROR] CADModel:125 - Updater not yet initialized, retry later 
2025-01-26 22:11:31,111 [FATAL] Updater:351 - Updater called before beeing initialized
2025-01-26 22:11:31,113 [INFO] CADModel:165 - CPN selected for project level
2025-01-26 22:11:31,113 [INFO] CADModel:114 - Register for checkConnection events
2025-01-26 22:11:31,113 [FATAL] Updater:351 - Updater called before beeing initialized
2025-01-26 22:11:31,113 [ERROR] CADModel:125 - Updater not yet initialized, retry later 
2025-01-26 22:11:31,114 [FATAL] Updater:351 - Updater called before beeing initialized
2025-01-26 22:11:31,193 [FATAL] Updater:351 - Updater called before beeing initialized
2025-01-26 22:11:31,196 [INFO] DbMcusAds:53 - JSON generation date=Tue Dec 17 23:01:15 ICT 2024 (1734451275222)
2025-01-26 22:11:31,196 [FATAL] Updater:351 - Updater called before beeing initialized
2025-01-26 22:11:31,223 [WARN] DetailPanel:346 - Failed to get advertising image, set to default
2025-01-26 22:11:31,399 [FATAL] Updater:351 - Updater called before beeing initialized
2025-01-26 22:11:31,401 [FATAL] Updater:351 - Updater called before beeing initialized
2025-01-26 22:11:31,401 [FATAL] Updater:351 - Updater called before beeing initialized
2025-01-26 22:11:31,401 [WARN] DetailPanel:346 - Failed to get advertising image, set to default
2025-01-26 22:11:31,402 [FATAL] Updater:351 - Updater called before beeing initialized
2025-01-26 22:11:31,431 [ERROR] Updater:1198 - MainUpdater not yet initialized. External WinMGr cannot be set.
2025-01-26 22:11:31,434 [INFO] Updater:1134 - Updater Version found : 6.13.0
2025-01-26 22:11:31,445 [INFO] ApplicationProperties:184 - Using Application install path: C:\ST\STM32CubeIDE_1.17.0\STM32CubeIDE\plugins\com.st.stm32cube.common.mx_6.13.0.202411220809
2025-01-26 22:11:33,019 [ERROR] LogOutputStream:75 - [STDERR_REDIRECT] Jan 26, 2025 10:11:33 PM java.util.prefs.WindowsPreferences <init>
2025-01-26 22:11:33,021 [ERROR] LogOutputStream:75 - [STDERR_REDIRECT] WARNING: Could not open/create prefs root node Software\JavaSoft\Prefs at root 0xffffffff80000002. Windows RegCreateKeyEx(...) returned error code 5.
2025-01-26 22:11:33,021 [ERROR] LogOutputStream:75 - [STDERR_REDIRECT] 
2025-01-26 22:11:33,362 [INFO] ThirdPartyUpdaterWithRetryManager:70 - Updater plugin not ready yet. [2/15]
2025-01-26 22:11:33,434 [INFO] MainUpdater:2872 - connection check result : 10
2025-01-26 22:11:33,437 [INFO] MainUpdater:289 - Updater Check For Update Now.
2025-01-26 22:11:33,438 [INFO] MicroXplorer:498 - Change Database Version : DB.6.0.130
2025-01-26 22:11:33,444 [INFO] McuFinderGlobals:63 - Set McuFinder mode to 2 (CubeIDE integrated)
2025-01-26 22:11:33,444 [INFO] UserAuth:171 - activating auth plugin
2025-01-26 22:11:33,448 [INFO] UserAuth:486 - Internet connection configuration mode: 1
2025-01-26 22:11:33,473 [INFO] JxBrowserEngine:152 - Initiate JxBrowser Engine with user profile folder
2025-01-26 22:11:33,599 [INFO] CheckServerUpdateThread:120 - End of CheckServer Thread
2025-01-26 22:11:33,648 [INFO] MainUpdater:2872 - connection check result : 10
2025-01-26 22:11:33,655 [INFO] McuFinderGlobals:76 - Set McuFinderConnectedMode to true
2025-01-26 22:11:34,081 [INFO] ServerAccessManage:473 - Download File mcusAds.json._tmp_
2025-01-26 22:11:34,098 [INFO] WebApp:168 - Instantiating new browser for Auth
2025-01-26 22:11:34,190 [INFO] LoadUrlFilesThread:156 - End of LoadUrlFiles Thread
2025-01-26 22:11:34,440 [INFO] ServerAccessManage:473 - Download File cube-finder-db.zip
2025-01-26 22:11:34,608 [INFO] WebApp:449 - Apply proxy settings
2025-01-26 22:11:34,608 [INFO] WebApp:534 - Chromium requires no authentication
2025-01-26 22:11:34,615 [INFO] WebApp:477 - Direct internet connection detected
2025-01-26 22:11:34,636 [INFO] WebApp:880 - Register for checkConnection events
2025-01-26 22:11:34,636 [INFO] WebApp:449 - Apply proxy settings
2025-01-26 22:11:34,636 [INFO] WebApp:534 - Chromium requires no authentication
2025-01-26 22:11:34,637 [INFO] WebApp:477 - Direct internet connection detected
2025-01-26 22:11:34,771 [INFO] WebApp:221 - Starting web application
2025-01-26 22:11:34,771 [INFO] WebApp:579 - Web application path used C:\ST\STM32CubeIDE_1.17.0\STM32CubeIDE\plugins\com.st.stm32cube.common.mx_6.13.0.202411220809\db\plugins\mcufinder\reactClient1\index.html
2025-01-26 22:11:34,931 [ERROR] LogOutputStream:75 - [STDERR_REDIRECT] [Fatal Error] :1:1: Premature end of file.
2025-01-26 22:11:34,932 [ERROR] LogOutputStream:75 - [STDERR_REDIRECT] 
2025-01-26 22:11:35,190 [INFO] WebApp:187 - Connection restablished
2025-01-26 22:11:35,938 [ERROR] LogOutputStream:75 - [STDERR_REDIRECT] [Fatal Error] :1:1: Premature end of file.
2025-01-26 22:11:35,938 [ERROR] LogOutputStream:75 - [STDERR_REDIRECT] 
2025-01-26 22:11:36,364 [WARN] MainUpdater:1193 - Updater busy. Cannot search thirdparties
2025-01-26 22:11:36,364 [INFO] ThirdPartyUpdaterWithRetryManager:96 - Updater plugin is busy. [1/15]
2025-01-26 22:11:36,924 [ERROR] LogOutputStream:75 - [STDERR_REDIRECT] [Fatal Error] :1:1: Premature end of file.
2025-01-26 22:11:36,924 [ERROR] LogOutputStream:75 - [STDERR_REDIRECT] 
2025-01-26 22:11:37,927 [ERROR] LogOutputStream:75 - [STDERR_REDIRECT] [Fatal Error] :1:1: Premature end of file.
2025-01-26 22:11:37,928 [ERROR] LogOutputStream:75 - [STDERR_REDIRECT] 
2025-01-26 22:11:38,918 [ERROR] LogOutputStream:75 - [STDERR_REDIRECT] [Fatal Error] :1:1: Premature end of file.
2025-01-26 22:11:38,918 [ERROR] LogOutputStream:75 - [STDERR_REDIRECT] 
2025-01-26 22:11:39,366 [WARN] MainUpdater:1193 - Updater busy. Cannot search thirdparties
2025-01-26 22:11:39,366 [INFO] ThirdPartyUpdaterWithRetryManager:96 - Updater plugin is busy. [2/15]
2025-01-26 22:11:39,922 [ERROR] LogOutputStream:75 - [STDERR_REDIRECT] [Fatal Error] :1:1: Premature end of file.
2025-01-26 22:11:39,922 [ERROR] LogOutputStream:75 - [STDERR_REDIRECT] 
2025-01-26 22:11:40,934 [ERROR] LogOutputStream:75 - [STDERR_REDIRECT] [Fatal Error] :1:1: Premature end of file.
2025-01-26 22:11:40,934 [ERROR] LogOutputStream:75 - [STDERR_REDIRECT] 
2025-01-26 22:11:41,947 [ERROR] LogOutputStream:75 - [STDERR_REDIRECT] [Fatal Error] :1:1: Premature end of file.
2025-01-26 22:11:41,947 [ERROR] LogOutputStream:75 - [STDERR_REDIRECT] 
2025-01-26 22:11:42,368 [WARN] MainUpdater:1193 - Updater busy. Cannot search thirdparties
2025-01-26 22:11:42,368 [INFO] ThirdPartyUpdaterWithRetryManager:96 - Updater plugin is busy. [3/15]
2025-01-26 22:11:42,973 [ERROR] LogOutputStream:75 - [STDERR_REDIRECT] [Fatal Error] :1:1: Premature end of file.
2025-01-26 22:11:42,973 [ERROR] LogOutputStream:75 - [STDERR_REDIRECT] 
2025-01-26 22:11:43,929 [ERROR] LogOutputStream:75 - [STDERR_REDIRECT] [Fatal Error] :1:1: Premature end of file.
2025-01-26 22:11:43,929 [ERROR] LogOutputStream:75 - [STDERR_REDIRECT] 
2025-01-26 22:11:44,927 [ERROR] LogOutputStream:75 - [STDERR_REDIRECT] [Fatal Error] :1:1: Premature end of file.
2025-01-26 22:11:44,927 [ERROR] LogOutputStream:75 - [STDERR_REDIRECT] 
2025-01-26 22:11:45,370 [WARN] MainUpdater:1193 - Updater busy. Cannot search thirdparties
2025-01-26 22:11:45,370 [INFO] ThirdPartyUpdaterWithRetryManager:96 - Updater plugin is busy. [4/15]
2025-01-26 22:11:45,921 [ERROR] LogOutputStream:75 - [STDERR_REDIRECT] [Fatal Error] :1:1: Premature end of file.
2025-01-26 22:11:45,921 [ERROR] LogOutputStream:75 - [STDERR_REDIRECT] 
2025-01-26 22:11:46,926 [ERROR] LogOutputStream:75 - [STDERR_REDIRECT] [Fatal Error] :1:1: Premature end of file.
2025-01-26 22:11:46,926 [ERROR] LogOutputStream:75 - [STDERR_REDIRECT] 
2025-01-26 22:11:47,927 [ERROR] LogOutputStream:75 - [STDERR_REDIRECT] [Fatal Error] :1:1: Premature end of file.
2025-01-26 22:11:47,927 [ERROR] LogOutputStream:75 - [STDERR_REDIRECT] 
2025-01-26 22:11:48,372 [WARN] MainUpdater:1193 - Updater busy. Cannot search thirdparties
2025-01-26 22:11:48,372 [INFO] ThirdPartyUpdaterWithRetryManager:96 - Updater plugin is busy. [5/15]
2025-01-26 22:11:48,922 [ERROR] LogOutputStream:75 - [STDERR_REDIRECT] [Fatal Error] :1:1: Premature end of file.
2025-01-26 22:11:48,922 [ERROR] LogOutputStream:75 - [STDERR_REDIRECT] 
2025-01-26 22:11:49,931 [ERROR] LogOutputStream:75 - [STDERR_REDIRECT] [Fatal Error] :1:1: Premature end of file.
2025-01-26 22:11:49,931 [ERROR] LogOutputStream:75 - [STDERR_REDIRECT] 
2025-01-26 22:11:50,927 [ERROR] LogOutputStream:75 - [STDERR_REDIRECT] [Fatal Error] :1:1: Premature end of file.
2025-01-26 22:11:50,927 [ERROR] LogOutputStream:75 - [STDERR_REDIRECT] 
2025-01-26 22:11:51,372 [WARN] MainUpdater:1193 - Updater busy. Cannot search thirdparties
2025-01-26 22:11:51,372 [INFO] ThirdPartyUpdaterWithRetryManager:96 - Updater plugin is busy. [6/15]
2025-01-26 22:11:51,922 [ERROR] LogOutputStream:75 - [STDERR_REDIRECT] [Fatal Error] :1:1: Premature end of file.
2025-01-26 22:11:51,922 [ERROR] LogOutputStream:75 - [STDERR_REDIRECT] 
2025-01-26 22:11:52,928 [ERROR] LogOutputStream:75 - [STDERR_REDIRECT] [Fatal Error] :1:1: Premature end of file.
2025-01-26 22:11:52,928 [ERROR] LogOutputStream:75 - [STDERR_REDIRECT] 
2025-01-26 22:11:52,959 [INFO] FileExtend:240 - Unzip File : cube-finder-db.zip
2025-01-26 22:11:52,959 [INFO] FileExtend:255 - Standard Zip Deflate
2025-01-26 22:11:53,723 [INFO] LoadUrlFilesThread:156 - End of LoadUrlFiles Thread
2025-01-26 22:11:53,920 [ERROR] LogOutputStream:75 - [STDERR_REDIRECT] [Fatal Error] :1:1: Premature end of file.
2025-01-26 22:11:53,920 [ERROR] LogOutputStream:75 - [STDERR_REDIRECT] 
2025-01-26 22:11:54,374 [WARN] MainUpdater:1193 - Updater busy. Cannot search thirdparties
2025-01-26 22:11:54,374 [INFO] ThirdPartyUpdaterWithRetryManager:96 - Updater plugin is busy. [7/15]
2025-01-26 22:11:54,922 [ERROR] LogOutputStream:75 - [STDERR_REDIRECT] [Fatal Error] :1:1: Premature end of file.
2025-01-26 22:11:54,922 [ERROR] LogOutputStream:75 - [STDERR_REDIRECT] 
2025-01-26 22:11:55,155 [INFO] ServerAccessManage:473 - Download File crdb.zip
2025-01-26 22:11:55,937 [ERROR] LogOutputStream:75 - [STDERR_REDIRECT] [Fatal Error] :1:1: Premature end of file.
2025-01-26 22:11:55,937 [ERROR] LogOutputStream:75 - [STDERR_REDIRECT] 
2025-01-26 22:11:56,791 [INFO] FileExtend:240 - Unzip File : crdb.zip
2025-01-26 22:11:56,791 [INFO] FileExtend:255 - Standard Zip Deflate
2025-01-26 22:11:56,908 [INFO] LoadUrlFilesThread:156 - End of LoadUrlFiles Thread
2025-01-26 22:11:56,924 [ERROR] LogOutputStream:75 - [STDERR_REDIRECT] [Fatal Error] :1:1: Premature end of file.
2025-01-26 22:11:56,924 [ERROR] LogOutputStream:75 - [STDERR_REDIRECT] 
2025-01-26 22:11:57,189 [INFO] ServerAccessManage:473 - Download File tutoVideoDB.zip
2025-01-26 22:11:57,282 [INFO] FileExtend:240 - Unzip File : tutoVideoDB.zip
2025-01-26 22:11:57,283 [INFO] FileExtend:255 - Standard Zip Deflate
2025-01-26 22:11:57,375 [WARN] MainUpdater:1193 - Updater busy. Cannot search thirdparties
2025-01-26 22:11:57,375 [INFO] ThirdPartyUpdaterWithRetryManager:96 - Updater plugin is busy. [8/15]
2025-01-26 22:11:57,401 [INFO] LoadUrlFilesThread:156 - End of LoadUrlFiles Thread
2025-01-26 22:11:57,403 [WARN] DbFile:41 - Overriding database path with different value: C:\Users\Admin\.stmcufinder\plugins\mcufinder/ => C:\Users\Admin\.stmcufinder\plugins\mcufinder
2025-01-26 22:11:57,627 [INFO] ServerAccessManage:473 - Download File api_config.json
2025-01-26 22:11:57,748 [INFO] LoadUrlFilesThread:156 - End of LoadUrlFiles Thread
2025-01-26 22:11:57,751 [INFO] DbMcusAds:53 - JSON generation date=Tue Dec 17 23:01:15 ICT 2024 (1734451275111)
2025-01-26 22:11:57,795 [INFO] LoadUrlFilesThread:185 - End of LoadServerUrlFiles without Thread
2025-01-26 22:11:57,797 [INFO] TargetSelectorAdapter:259 - Refresh data is successful
2025-01-26 22:11:57,904 [INFO] ApiDb:581 - Connected to CubeFinder SQLite database (C:\Users\Admin\.stmcufinder\plugins\mcufinder\mcu\cube-finder-db.db)
2025-01-26 22:11:57,918 [ERROR] LogOutputStream:75 - [STDERR_REDIRECT] [Fatal Error] :1:1: Premature end of file.
2025-01-26 22:11:57,918 [ERROR] LogOutputStream:75 - [STDERR_REDIRECT] 
2025-01-26 22:11:57,947 [INFO] ApiDb:668 - CubeFinder database Data Model version=2.1
2025-01-26 22:11:57,947 [INFO] ApiDb:669 - CubeFinder database Configuration version=3.0.39
2025-01-26 22:11:57,947 [INFO] ApiDb:670 - CubeFinder database generation date=2024-12-10 (1733817889)
2025-01-26 22:11:57,948 [INFO] ApiDb:671 - CubeFinder database FW Pack versions=[FP-ATR-ASTRA1_V2.0.0, FP-SNS-FLIGHT1_V5.0.2, FP-SNS-MOTENV1_V5.0.0, FP-SNS-MOTENVWB1_V1.4.0, FP-SNS-SMARTAG2_V1.2.0, FP-SNS-STBOX1_V2.0.0, STM32Cube_FW_C0_V1.3.0, STM32Cube_FW_F4_V1.28.1, STM32Cube_FW_F7_V1.17.2, STM32Cube_FW_G0_V1.6.2, STM32Cube_FW_G4_V1.6.1, STM32Cube_FW_H5_V1.4.0, STM32Cube_FW_H7RS_V1.1.0, STM32Cube_FW_H7_V1.12.0, STM32Cube_FW_L0_V1.12.2, STM32Cube_FW_L4_V1.18.1, STM32Cube_FW_L5_V1.5.1, STM32Cube_FW_N6_V1.0.0, STM32Cube_FW_U0_V1.2.0, STM32Cube_FW_U3_V1.0.0, STM32Cube_FW_U5_V1.7.0, STM32Cube_FW_WB0_V1.1.0, STM32Cube_FW_WBA_V1.5.0, STM32Cube_FW_WB_V1.21.0, STM32Cube_FW_WL3_V1.0.0, STM32Cube_FW_WL_V1.3.0, X-CUBE-ALGOBUILD_V1.4.0, X-CUBE-ALS_V1.0.2, X-CUBE-AZRTOS-F4_V1.1.0, X-CUBE-AZRTOS-F7_V1.1.0, X-CUBE-AZRTOS-G0_V1.1.0, X-CUBE-AZRTOS-G4_V2.0.0, X-CUBE-AZRTOS-H7RS_V1.0.0, X-CUBE-AZRTOS-H7_V3.3.0, X-CUBE-AZRTOS-L4_V2.0.0, X-CUBE-AZRTOS-L5_V2.0.0, X-CUBE-AZRTOS-WB_V2.0.0, X-CUBE-AZRTOS-WL_V2.0.0, X-CUBE-BLE1_V7.0.0, X-CUBE-BLE2_V3.3.0, X-CUBE-BLEMGR_V3.1.0, X-CUBE-EEPRMA1_V5.1.0, X-CUBE-FREERTOS_V1.2.0, X-CUBE-GNSS1_V6.0.0, X-CUBE-MEMS1_V11.0.0, X-CUBE-NFC4_V3.0.0, X-CUBE-NFC7_V1.0.1, X-CUBE-SFXS2LP1_V4.0.0, X-CUBE-SUBG2_V5.0.0, X-CUBE-TOF1_V3.4.2]
2025-01-26 22:11:58,919 [ERROR] LogOutputStream:75 - [STDERR_REDIRECT] [Fatal Error] :1:1: Premature end of file.
2025-01-26 22:11:58,919 [ERROR] LogOutputStream:75 - [STDERR_REDIRECT] 
2025-01-26 22:11:59,264 [INFO] ApiDb:240 - Found 858 in-development CPN: [B-G473E-ZEST1S, B-WB1M-WPAN1, B-WBA5M-WPAN, B-WL5M-SUBG1, NUCLEO-C031C6, NUCLEO-C051C8, NUCLEO-C071RB, NUCLEO-C092RC, NUCLEO-H503RB, NUCLEO-H533RE, NUCLEO-H563ZI, NUCLEO-H7S3L8, NUCLEO-N657X0-Q, NUCLEO-U031R8, NUCLEO-U083RC, NUCLEO-U385RG-Q, NUCLEO-U545RE-Q, NUCLEO-U5A5ZJ-Q, NUCLEO-WB05KZ, NUCLEO-WB07CC, NUCLEO-WB09KE, NUCLEO-WBA52CG, NUCLEO-WBA55CG, NUCLEO-WL33CC1, NUCLEO-WL33CC2, STEVAL-PROTEUS1, STEVAL-SMARTAG2, STEVAL-STWINBX1, STM320518-EVAL, STM32C0116-DK, STM32C011D6Y3TR, STM32C011D6Y6TR, STM32C011F4P3, STM32C011F4P6, STM32C011F4U3, STM32C011F4U6TR, STM32C011F6P3, STM32C011F6P6, STM32C011F6U3, STM32C011F6U6TR, STM32C011J4M3, STM32C011J4M6, STM32C011J6M3, STM32C011J6M6, STM32C0316-DK, STM32C031C4T3, STM32C031C4T6, STM32C031C4U3, STM32C031C4U6, STM32C031C6T3, STM32C031C6T6, STM32C031C6U3, STM32C031C6U6, STM32C031F4P3, STM32C031F4P6, STM32C031F6P3, STM32C031F6P6, STM32C031G4U3, STM32C031G4U6, STM32C031G6U3, STM32C031G6U6, STM32C031K4T3, STM32C031K4T6, STM32C031K4U3, STM32C031K4U6, STM32C031K6T3, STM32C031K6T6, STM32C031K6U3, STM32C031K6U6, STM32C051C6T6, STM32C051C6U6, STM32C051C8T6, STM32C051C8U6, STM32C051D8Y6TR, STM32C051F6P6, STM32C051F8P6, STM32C051G6U6, STM32C051G8U6, STM32C051K6T6, STM32C051K6U6, STM32C051K8T6, STM32C071C8T6, STM32C071C8T6N, STM32C071C8U6, STM32C071C8U6N, STM32C071CBT6, STM32C071CBT6N, STM32C071CBU6, STM32C071CBU6N, STM32C071F8P6, STM32C071F8P6N, STM32C071FBP6, STM32C071FBP6N, STM32C071FBY6TR, STM32C071G8U6, STM32C071G8U6N, STM32C071GBU6, STM32C071GBU6N, STM32C071K8T6, STM32C071K8T6N, STM32C071K8U6, STM32C071K8U6N, STM32C071KBT6, STM32C071KBT6N, STM32C071KBU6, STM32C071KBU6N, STM32C071R8T6, STM32C071R8T6N, STM32C071RBI6N, STM32C071RBT6, STM32C071RBT6N, STM32C091CBT6, STM32C091CBU6, STM32C091CCT6, STM32C091CCU6, STM32C091ECY6TR, STM32C091FBP6, STM32C091FCP6, STM32C091GBU6, STM32C091GCU6, STM32C091KBT6, STM32C091KBU6, STM32C091KCT6, STM32C091KCU6, STM32C091RBT6, STM32C091RCI6, STM32C091RCT6, STM32C092CBT6, STM32C092CBU6, STM32C092CCT6, STM32C092CCU6, STM32C092ECY6TR, STM32C092FBP6, STM32C092FCP6, STM32C092GBU6, STM32C092GCU6, STM32C092KBT6, STM32C092KBU6, STM32C092KCT6, STM32C092KCU6, STM32C092RBT6, STM32C092RCI6, STM32C092RCT6, STM32G071K8TXN, STM32G071K8UXN, STM32G081GBU6N, STM32G081KBT6N, STM32G081KBUXN, STM32G0B1CCT6N, STM32G0B1KCT6, STM32G0B1NEY6TR, STM32G0B1RCT6N, STM32G0C1CCT6, STM32G0C1CCT6N, STM32G0C1CCU6N, STM32G0C1CET6N, STM32G0C1CEU6N, STM32G0C1KCT6, STM32G0C1NEY6TR, STM32G0C1RCI6N, STM32G0C1RCT6N, STM32G0C1REI6N, STM32G0C1RET6N, STM32G0C1VCI6, STM32G0C1VEI6, STM32G411C6T3, STM32G411C6T6, STM32G411C6U3, STM32G411C6U6, STM32G411C8T3, STM32G411C8T6, STM32G411C8U3, STM32G411C8U6, STM32G411CBT3, STM32G411CBT6, STM32G411CBU3, STM32G411CBU6, STM32G411CCT3, STM32G411CCT6, STM32G411CCU3, STM32G411CCU6, STM32G411K6T3, STM32G411K6T6, STM32G411K6U3, STM32G411K6U6, STM32G411K8T3, STM32G411K8T6, STM32G411K8U3, STM32G411K8U6, STM32G411KBT3, STM32G411KBT6, STM32G411KBU3, STM32G411KBU6, STM32G411M6T3, STM32G411M6T6, STM32G411M8T3, STM32G411M8T6, STM32G411MBT3, STM32G411MBT6, STM32G411MCT3, STM32G411MCT6, STM32G411R6T3, STM32G411R6T6, STM32G411R8T3, STM32G411R8T6, STM32G411RBT3, STM32G411RBT6, STM32G411RCT3, STM32G411RCT6, STM32G414CBT3, STM32G414CBT6, STM32G414CBU3, STM32G414CBU6, STM32G414CCT3, STM32G414CCT6, STM32G414CCU3, STM32G414CCU6, STM32G414MBT3, STM32G414MBT6, STM32G414MCT3, STM32G414MCT6, STM32G414RBT3, STM32G414RBT6, STM32G414RCT3, STM32G414RCT6, STM32G414VBT3, STM32G414VBT6, STM32G414VCT3, STM32G414VCT6, STM32G431CBT3Z, STM32G431RBT3Z, STM32G471CCT6, STM32G471CCU6, STM32G471CET3, STM32G471CET6, STM32G471CEU3, STM32G471CEU6, STM32G471MCT6, STM32G471MET3, STM32G471MET6, STM32G471MEY6TR, STM32G471QCT6, STM32G471QET3, STM32G471RCT6, STM32G471RET3, STM32G471RET6, STM32G471VCH6, STM32G471VCI6, STM32G471VCT6, STM32G471VEH3, STM32G471VEH6, STM32G471VEI3, STM32G471VEI6, STM32G471VET3, STM32G471VET6, STM32G473QET3Z, STM32G473RET3Z, STM32G474CCT6, STM32G491RET3Z, STM32H503CBT6, STM32H503CBU6, STM32H503EBY6TR, STM32H503KBU6, STM32H503RBT6, STM32H523CCT6, STM32H523CCU6, STM32H523CET6, STM32H523CEU6, STM32H523HEY6TR, STM32H523RCT6, STM32H523RET6, STM32H523VCI6, STM32H523VCT6, STM32H523VEI6, STM32H523VET6, STM32H523ZCJ6, STM32H523ZCT6, STM32H523ZEJ6, STM32H523ZET6, STM32H533CET6, STM32H533CEU6, STM32H533HEY6TR, STM32H533RET6, STM32H533VEI6, STM32H533VET6, STM32H533ZEJ6, STM32H533ZET6, STM32H562AGI6, STM32H562AII6, STM32H562IGK6, STM32H562IGT6, STM32H562IIK6, STM32H562IIT6, STM32H562RGT6, STM32H562RGV6, STM32H562RIT6, STM32H562RIV6, STM32H562VGT6, STM32H562VIT6, STM32H562ZGT6, STM32H562ZIT6, STM32H563AGI6, STM32H563AII3Q, STM32H563AII6, STM32H563IGK6, STM32H563IGT6, STM32H563IIK3Q, STM32H563IIK6, STM32H563IIT3Q, STM32H563IIT6, STM32H563MIY3QTR, STM32H563RGT6, STM32H563RGV6, STM32H563RIT6, STM32H563RIV6, STM32H563VGT6, STM32H563VIT3Q, STM32H563VIT6, STM32H563ZGT6, STM32H563ZIT3Q, STM32H563ZIT6, STM32H573AII3Q, STM32H573AII6, STM32H573I-DK, STM32H573IIK3Q, STM32H573IIK6, STM32H573IIT3Q, STM32H573IIT6, STM32H573MIY3QTR, STM32H573RIT6, STM32H573RIV6, STM32H573VIT3Q, STM32H573VIT6, STM32H573ZIT3Q, STM32H573ZIT6, STM32H7R3A8I6, STM32H7R3I8K6, STM32H7R3I8T6, STM32H7R3L8H6, STM32H7R3L8H6H, STM32H7R3R8V6, STM32H7R3V8H6, STM32H7R3V8T6, STM32H7R3V8Y6TR, STM32H7R3Z8J6, STM32H7R3Z8T6, STM32H7R7A8I6, STM32H7R7I8K6, STM32H7R7I8T6, STM32H7R7L8H6, STM32H7R7L8H6H, STM32H7R7Z8J6, STM32H7S3A8I6, STM32H7S3I8K6, STM32H7S3I8T6, STM32H7S3L8H6, STM32H7S3L8H6H, STM32H7S3R8V6, STM32H7S3V8H6, STM32H7S3V8T6, STM32H7S3V8Y6TR, STM32H7S3Z8J6, STM32H7S3Z8T6, STM32H7S78-DK, STM32H7S7A8I6, STM32H7S7I8K6, STM32H7S7I8T6, STM32H7S7L8H6, STM32H7S7L8H6H, STM32H7S7Z8J6, STM32L4R5QGI6STR, STM32MP131AAE3, STM32MP131AAF3, STM32MP131AAG3, STM32MP131CAE3, STM32MP131CAF3, STM32MP131CAG3, STM32MP131DAE7, STM32MP131DAF7, STM32MP131DAG7, STM32MP131FAE7, STM32MP131FAF7, STM32MP131FAG7, STM32MP133AAE3, STM32MP133AAF3, STM32MP133AAG3, STM32MP133CAE3, STM32MP133CAF3, STM32MP133CAG3, STM32MP133DAE7, STM32MP133DAF7, STM32MP133DAG7, STM32MP133FAE7, STM32MP133FAF7, STM32MP133FAG7, STM32MP135AAE3, STM32MP135AAF3, STM32MP135AAG3, STM32MP135CAE3, STM32MP135CAF3, STM32MP135CAG3, STM32MP135DAE7, STM32MP135DAF7, STM32MP135DAG7, STM32MP135F-DK, STM32MP135FAE7, STM32MP135FAF7, STM32MP135FAF7T, STM32MP135FAF7U, STM32MP135FAG7, STM32MP231AAJ3, STM32MP231AAK3, STM32MP231AAL3, STM32MP231CAJ3, STM32MP231CAK3, STM32MP231CAL3, STM32MP231DAJ3, STM32MP231DAK3, STM32MP231DAL3, STM32MP231FAJ3, STM32MP231FAK3, STM32MP231FAL3, STM32MP233AAJ3, STM32MP233AAK3, STM32MP233AAL3, STM32MP233CAJ3, STM32MP233CAK3, STM32MP233CAL3, STM32MP233DAJ3, STM32MP233DAK3, STM32MP233DAL3, STM32MP233FAJ3, STM32MP233FAK3, STM32MP233FAL3, STM32MP235AAJ3, STM32MP235AAK3, STM32MP235AAL3, STM32MP235CAJ3, STM32MP235CAK3, STM32MP235CAL3, STM32MP235DAJ3, STM32MP235DAK3, STM32MP235DAL3, STM32MP235FAJ3, STM32MP235FAK3, STM32MP235FAL3, STM32MP251AAI3, STM32MP251AAJ3, STM32MP251AAK3, STM32MP251AAL3, STM32MP251CAI3, STM32MP251CAJ3, STM32MP251CAK3, STM32MP251CAL3, STM32MP251DAI3, STM32MP251DAJ3, STM32MP251DAK3, STM32MP251DAL3, STM32MP251FAI3, STM32MP251FAJ3, STM32MP251FAK3, STM32MP251FAL3, STM32MP253AAI3, STM32MP253AAJ3, STM32MP253AAK3, STM32MP253AAL3, STM32MP253CAI3, STM32MP253CAJ3, STM32MP253CAK3, STM32MP253CAL3, STM32MP253DAI3, STM32MP253DAJ3, STM32MP253DAK3, STM32MP253DAL3, STM32MP253FAI3, STM32MP253FAJ3, STM32MP253FAK3, STM32MP253FAL3, STM32MP255AAI3, STM32MP255AAJ3, STM32MP255AAK3, STM32MP255AAL3, STM32MP255CAI3, STM32MP255CAJ3, STM32MP255CAK3, STM32MP255CAL3, STM32MP255DAI3, STM32MP255DAJ3, STM32MP255DAK3, STM32MP255DAL3, STM32MP255FAI3, STM32MP255FAJ3, STM32MP255FAK3, STM32MP255FAL3, STM32MP257AAI3, STM32MP257AAJ3, STM32MP257AAK3, STM32MP257AAL3, STM32MP257CAI3, STM32MP257CAJ3, STM32MP257CAK3, STM32MP257CAL3, STM32MP257DAI3, STM32MP257DAJ3, STM32MP257DAK3, STM32MP257DAL3, STM32MP257F-DK, STM32MP257F-EV1, STM32MP257FAI3, STM32MP257FAJ3, STM32MP257FAK3, STM32MP257FAL3, STM32N645A0H3Q, STM32N645B0H3Q, STM32N645I0H3Q, STM32N645L0H3Q, STM32N645X0H3Q, STM32N645Z0H3Q, STM32N647A0H3Q, STM32N647B0H3Q, STM32N647I0H3Q, STM32N647L0H3Q, STM32N647X0H3Q, STM32N647Z0H3Q, STM32N655A0H3Q, STM32N655B0H3Q, STM32N655I0H3Q, STM32N655L0H3Q, STM32N655X0H3Q, STM32N655Z0H3Q, STM32N6570-DK, STM32N657A0H3Q, STM32N657B0H3Q, STM32N657I0H3Q, STM32N657L0H3Q, STM32N657X0H3Q, STM32N657Z0H3Q, STM32U031C6T6, STM32U031C6U6, STM32U031C8T6, STM32U031C8U6, STM32U031F4P6, STM32U031F6P6, STM32U031F8P6, STM32U031G6Y6TR, STM32U031G8Y6TR, STM32U031K4U6, STM32U031K6U6, STM32U031K8U6, STM32U031R6I6, STM32U031R6T6, STM32U031R8I6, STM32U031R8T6, STM32U073C8T6, STM32U073C8U6, STM32U073CBT6, STM32U073CBU6, STM32U073CCT6, STM32U073CCU6, STM32U073H8Y6TR, STM32U073HBY6TR, STM32U073HCY6TR, STM32U073K8U6, STM32U073KBU6, STM32U073KCU6, STM32U073M8I6, STM32U073M8T6, STM32U073MBI6, STM32U073MBT6, STM32U073MCI6, STM32U073MCT6, STM32U073R8I6, STM32U073R8T6, STM32U073RBI6, STM32U073RBT6, STM32U073RCI6, STM32U073RCT6, STM32U083C-DK, STM32U083CCT6, STM32U083CCU6, STM32U083HCY6TR, STM32U083KCU6, STM32U083MCI6, STM32U083MCT6, STM32U083RCI6, STM32U083RCT6, STM32U375CET6, STM32U375CET6Q, STM32U375CEU6, STM32U375CEU6Q, STM32U375CEY6QTR, STM32U375CGT6, STM32U375CGT6Q, STM32U375CGU6, STM32U375CGU6Q, STM32U375CGY6QTR, STM32U375KEU6, STM32U375KGU6, STM32U375REI6, STM32U375REI6Q, STM32U375RET6, STM32U375RET6Q, STM32U375REY6GTR, STM32U375REY6QTR, STM32U375RGI6, STM32U375RGI6Q, STM32U375RGT6, STM32U375RGT6Q, STM32U375RGY6GTR, STM32U375RGY6QTR, STM32U375VEI6, STM32U375VEI6Q, STM32U375VET6, STM32U375VET6Q, STM32U375VGI6, STM32U375VGI6Q, STM32U375VGT6, STM32U375VGT6Q, STM32U385CGT6, STM32U385CGT6Q, STM32U385CGU6, STM32U385CGU6Q, STM32U385CGY6QTR, STM32U385KGU6, STM32U385RGI6, STM32U385RGI6Q, STM32U385RGT6, STM32U385RGT6Q, STM32U385RGY6GTR, STM32U385RGY6QTR, STM32U385VGI6, STM32U385VGI6Q, STM32U385VGT6, STM32U385VGT6Q, STM32U535CBT6, STM32U535CBT6Q, STM32U535CBU6, STM32U535CBU6Q, STM32U535CCT6, STM32U535CCT6Q, STM32U535CCU6, STM32U535CCU6Q, STM32U535CET6, STM32U535CET6Q, STM32U535CEU6, STM32U535CEU6Q, STM32U535JEY6QTR, STM32U535NCY6QTR, STM32U535NEY6QTR, STM32U535RBI6, STM32U535RBI6Q, STM32U535RBT6, STM32U535RBT6Q, STM32U535RCI6, STM32U535RCI6Q, STM32U535RCT6, STM32U535RCT6Q, STM32U535REI6, STM32U535REI6Q, STM32U535RET6, STM32U535RET6Q, STM32U535VCI6, STM32U535VCI6Q, STM32U535VCT6, STM32U535VCT6Q, STM32U535VEI6, STM32U535VEI6Q, STM32U535VET6, STM32U535VET6Q, STM32U545CET6, STM32U545CET6Q, STM32U545CEU6, STM32U545CEU6Q, STM32U545JEY6QTR, STM32U545NEY6QTR, STM32U545REI6, STM32U545REI6Q, STM32U545RET6, STM32U545RET6Q, STM32U545VEI6, STM32U545VEI6Q, STM32U545VET6, STM32U545VET6Q, STM32U595AIH6, STM32U595AIH6Q, STM32U595AJH6, STM32U595AJH6Q, STM32U595QII6, STM32U595QII6Q, STM32U595QJI6, STM32U595QJI6Q, STM32U595RIT6, STM32U595RIT6Q, STM32U595RJT6, STM32U595RJT6Q, STM32U595VIT6, STM32U595VIT6Q, STM32U595VJT6, STM32U595VJT6Q, STM32U595ZIT6, STM32U595ZIT6Q, STM32U595ZIY6QTR, STM32U595ZJT6, STM32U595ZJT6Q, STM32U595ZJY6QTR, STM32U599BJY6QTR, STM32U599NIH6Q, STM32U599NJH6Q, STM32U599VIT6Q, STM32U599VJT6, STM32U599VJT6Q, STM32U599ZIT6Q, STM32U599ZIY6QTR, STM32U599ZJT6Q, STM32U599ZJY6QTR, STM32U5A5AJH6, STM32U5A5AJH6Q, STM32U5A5QII3Q , STM32U5A5QJI6, STM32U5A5QJI6Q, STM32U5A5RJT6, STM32U5A5RJT6Q, STM32U5A5VJT6, STM32U5A5VJT6Q, STM32U5A5ZJT6, STM32U5A5ZJT6Q, STM32U5A5ZJY6QTR, STM32U5A9BJY6QTR, STM32U5A9J-DK, STM32U5A9NJH6Q, STM32U5A9VJT6Q, STM32U5A9ZJT6Q, STM32U5A9ZJY6QTR, STM32U5F7VIT6, STM32U5F7VIT6Q, STM32U5F7VJT6, STM32U5F7VJT6Q, STM32U5F9BJY6QTR, STM32U5F9NJH6Q, STM32U5F9VIT6Q, STM32U5F9VJT6Q, STM32U5F9ZIJ6QTR, STM32U5F9ZIT6Q, STM32U5F9ZJJ6QTR, STM32U5F9ZJT6Q, STM32U5G7VJT6, STM32U5G7VJT6Q, STM32U5G9BJY6QTR, STM32U5G9J-DK1, STM32U5G9J-DK2, STM32U5G9NJH6Q, STM32U5G9VJT6Q, STM32U5G9ZJJ6QTR, STM32U5G9ZJT6Q, STM32WB05KZV6TR, STM32WB05KZV7TR, STM32WB05TZF6TR, STM32WB05TZF7TR, STM32WB06CCF6TR, STM32WB06CCF7TR, STM32WB06CCV6TR, STM32WB06CCV7TR, STM32WB06KCV6TR, STM32WB06KCV7TR, STM32WB07CCF6TR, STM32WB07CCF7TR, STM32WB07CCV6TR, STM32WB07CCV7TR, STM32WB07KCV6TR, STM32WB07KCV7TR, STM32WB09KEV6TR, STM32WB09KEV7TR, STM32WB09TEF6TR, STM32WB09TEF7TR, STM32WB1MMCH6, STM32WBA50KGU6, STM32WBA50KGU6TR, STM32WBA52CEU6, STM32WBA52CEU6TR, STM32WBA52CEU7, STM32WBA52CEU7TR, STM32WBA52CGU6, STM32WBA52CGU6TR, STM32WBA52CGU6U, STM32WBA52CGU7, STM32WBA52CGU7TR, STM32WBA52KEU6, STM32WBA52KEU6TR, STM32WBA52KGU6, STM32WBA52KGU6TR, STM32WBA54CEU6, STM32WBA54CEU6TR, STM32WBA54CEU7, STM32WBA54CEU7TR, STM32WBA54CGU6, STM32WBA54CGU6TR, STM32WBA54CGU7, STM32WBA54CGU7TR, STM32WBA54KEU6, STM32WBA54KEU6TR, STM32WBA54KEU7, STM32WBA54KEU7TR, STM32WBA54KGU6, STM32WBA54KGU6TR, STM32WBA54KGU7, STM32WBA54KGU7TR, STM32WBA55CEU6, STM32WBA55CEU6TR, STM32WBA55CEU7, STM32WBA55CEU7TR, STM32WBA55CGU6, STM32WBA55CGU6TR, STM32WBA55CGU6U, STM32WBA55CGU7, STM32WBA55CGU7TR, STM32WBA55G-DK1, STM32WBA55HEF6, STM32WBA55HEF7, STM32WBA55HGF6, STM32WBA55HGF7, STM32WBA55UEI6, STM32WBA55UEI6TR, STM32WBA55UEI7, STM32WBA55UEI7TR, STM32WBA55UGI6, STM32WBA55UGI6TR, STM32WBA55UGI7, STM32WBA55UGI7TR, STM32WBA5MJGH6TR, STM32WBA5MJGH6U, STM32WL33C8V6, STM32WL33C8V6TR, STM32WL33C8V7, STM32WL33C8V7TR, STM32WL33CBV6, STM32WL33CBV6TR, STM32WL33CBV7, STM32WL33CBV7TR, STM32WL33CCV6, STM32WL33CCV6TR, STM32WL33CCV7, STM32WL33CCV7A, STM32WL33CCV7ATR, STM32WL33CCV7TR, STM32WL33K8V6, STM32WL33K8V6TR, STM32WL33K8V7, STM32WL33K8V7TR, STM32WL33KBV6, STM32WL33KBV6TR, STM32WL33KBV7, STM32WL33KBV7TR, STM32WL33KCV6, STM32WL33KCV6TR, STM32WL33KCV7, STM32WL33KCV7TR, STM32WL5MOCH6, STM32WL5MOCH6TR]
2025-01-26 22:11:59,268 [INFO] DbMcus:218 - Found 4545 MCUs, 4545 are supported
2025-01-26 22:11:59,273 [INFO] ApiDb:423 - Load user favorites file C:\Users\Admin/.stm32cubeide/favorites.mcus.txt: 1 item(s)
2025-01-26 22:11:59,273 [INFO] ApiDb:427 - User favorites MCUs=[STM32F767ZIT6]
2025-01-26 22:11:59,273 [INFO] DbMcus:224 - Set 1 / 1 favorites MCUs
2025-01-26 22:11:59,532 [INFO] ApiDb:668 - CubeFinder database Data Model version=2.1
2025-01-26 22:11:59,532 [INFO] ApiDb:669 - CubeFinder database Configuration version=3.0.39
2025-01-26 22:11:59,532 [INFO] ApiDb:670 - CubeFinder database generation date=2024-12-10 (1733817889)
2025-01-26 22:11:59,532 [INFO] ApiDb:671 - CubeFinder database FW Pack versions=[FP-ATR-ASTRA1_V2.0.0, FP-SNS-FLIGHT1_V5.0.2, FP-SNS-MOTENV1_V5.0.0, FP-SNS-MOTENVWB1_V1.4.0, FP-SNS-SMARTAG2_V1.2.0, FP-SNS-STBOX1_V2.0.0, STM32Cube_FW_C0_V1.3.0, STM32Cube_FW_F4_V1.28.1, STM32Cube_FW_F7_V1.17.2, STM32Cube_FW_G0_V1.6.2, STM32Cube_FW_G4_V1.6.1, STM32Cube_FW_H5_V1.4.0, STM32Cube_FW_H7RS_V1.1.0, STM32Cube_FW_H7_V1.12.0, STM32Cube_FW_L0_V1.12.2, STM32Cube_FW_L4_V1.18.1, STM32Cube_FW_L5_V1.5.1, STM32Cube_FW_N6_V1.0.0, STM32Cube_FW_U0_V1.2.0, STM32Cube_FW_U3_V1.0.0, STM32Cube_FW_U5_V1.7.0, STM32Cube_FW_WB0_V1.1.0, STM32Cube_FW_WBA_V1.5.0, STM32Cube_FW_WB_V1.21.0, STM32Cube_FW_WL3_V1.0.0, STM32Cube_FW_WL_V1.3.0, X-CUBE-ALGOBUILD_V1.4.0, X-CUBE-ALS_V1.0.2, X-CUBE-AZRTOS-F4_V1.1.0, X-CUBE-AZRTOS-F7_V1.1.0, X-CUBE-AZRTOS-G0_V1.1.0, X-CUBE-AZRTOS-G4_V2.0.0, X-CUBE-AZRTOS-H7RS_V1.0.0, X-CUBE-AZRTOS-H7_V3.3.0, X-CUBE-AZRTOS-L4_V2.0.0, X-CUBE-AZRTOS-L5_V2.0.0, X-CUBE-AZRTOS-WB_V2.0.0, X-CUBE-AZRTOS-WL_V2.0.0, X-CUBE-BLE1_V7.0.0, X-CUBE-BLE2_V3.3.0, X-CUBE-BLEMGR_V3.1.0, X-CUBE-EEPRMA1_V5.1.0, X-CUBE-FREERTOS_V1.2.0, X-CUBE-GNSS1_V6.0.0, X-CUBE-MEMS1_V11.0.0, X-CUBE-NFC4_V3.0.0, X-CUBE-NFC7_V1.0.1, X-CUBE-SFXS2LP1_V4.0.0, X-CUBE-SUBG2_V5.0.0, X-CUBE-TOF1_V3.4.2]
2025-01-26 22:11:59,567 [INFO] DbBoardsSqlite:226 - include board P-NUCLEO-WB55-NUCLEO as a kit item of type 'Nucleo-64'
2025-01-26 22:11:59,567 [INFO] DbBoardsSqlite:226 - include board P-NUCLEO-WB55-USBDONGLE as a kit item of type 'Nucleo USB Dongle'
2025-01-26 22:11:59,567 [INFO] DbBoardsSqlite:226 - include board STEVAL-IDP005V1 as a kit item of type 'Evaluation Board'
2025-01-26 22:11:59,567 [INFO] DbBoardsSqlite:226 - include board STEVAL-IDP005V2 as a kit item of type 'Evaluation Board'
2025-01-26 22:11:59,606 [INFO] ApiDb:240 - Found 858 in-development CPN: [B-G473E-ZEST1S, B-WB1M-WPAN1, B-WBA5M-WPAN, B-WL5M-SUBG1, NUCLEO-C031C6, NUCLEO-C051C8, NUCLEO-C071RB, NUCLEO-C092RC, NUCLEO-H503RB, NUCLEO-H533RE, NUCLEO-H563ZI, NUCLEO-H7S3L8, NUCLEO-N657X0-Q, NUCLEO-U031R8, NUCLEO-U083RC, NUCLEO-U385RG-Q, NUCLEO-U545RE-Q, NUCLEO-U5A5ZJ-Q, NUCLEO-WB05KZ, NUCLEO-WB07CC, NUCLEO-WB09KE, NUCLEO-WBA52CG, NUCLEO-WBA55CG, NUCLEO-WL33CC1, NUCLEO-WL33CC2, STEVAL-PROTEUS1, STEVAL-SMARTAG2, STEVAL-STWINBX1, STM320518-EVAL, STM32C0116-DK, STM32C011D6Y3TR, STM32C011D6Y6TR, STM32C011F4P3, STM32C011F4P6, STM32C011F4U3, STM32C011F4U6TR, STM32C011F6P3, STM32C011F6P6, STM32C011F6U3, STM32C011F6U6TR, STM32C011J4M3, STM32C011J4M6, STM32C011J6M3, STM32C011J6M6, STM32C0316-DK, STM32C031C4T3, STM32C031C4T6, STM32C031C4U3, STM32C031C4U6, STM32C031C6T3, STM32C031C6T6, STM32C031C6U3, STM32C031C6U6, STM32C031F4P3, STM32C031F4P6, STM32C031F6P3, STM32C031F6P6, STM32C031G4U3, STM32C031G4U6, STM32C031G6U3, STM32C031G6U6, STM32C031K4T3, STM32C031K4T6, STM32C031K4U3, STM32C031K4U6, STM32C031K6T3, STM32C031K6T6, STM32C031K6U3, STM32C031K6U6, STM32C051C6T6, STM32C051C6U6, STM32C051C8T6, STM32C051C8U6, STM32C051D8Y6TR, STM32C051F6P6, STM32C051F8P6, STM32C051G6U6, STM32C051G8U6, STM32C051K6T6, STM32C051K6U6, STM32C051K8T6, STM32C071C8T6, STM32C071C8T6N, STM32C071C8U6, STM32C071C8U6N, STM32C071CBT6, STM32C071CBT6N, STM32C071CBU6, STM32C071CBU6N, STM32C071F8P6, STM32C071F8P6N, STM32C071FBP6, STM32C071FBP6N, STM32C071FBY6TR, STM32C071G8U6, STM32C071G8U6N, STM32C071GBU6, STM32C071GBU6N, STM32C071K8T6, STM32C071K8T6N, STM32C071K8U6, STM32C071K8U6N, STM32C071KBT6, STM32C071KBT6N, STM32C071KBU6, STM32C071KBU6N, STM32C071R8T6, STM32C071R8T6N, STM32C071RBI6N, STM32C071RBT6, STM32C071RBT6N, STM32C091CBT6, STM32C091CBU6, STM32C091CCT6, STM32C091CCU6, STM32C091ECY6TR, STM32C091FBP6, STM32C091FCP6, STM32C091GBU6, STM32C091GCU6, STM32C091KBT6, STM32C091KBU6, STM32C091KCT6, STM32C091KCU6, STM32C091RBT6, STM32C091RCI6, STM32C091RCT6, STM32C092CBT6, STM32C092CBU6, STM32C092CCT6, STM32C092CCU6, STM32C092ECY6TR, STM32C092FBP6, STM32C092FCP6, STM32C092GBU6, STM32C092GCU6, STM32C092KBT6, STM32C092KBU6, STM32C092KCT6, STM32C092KCU6, STM32C092RBT6, STM32C092RCI6, STM32C092RCT6, STM32G071K8TXN, STM32G071K8UXN, STM32G081GBU6N, STM32G081KBT6N, STM32G081KBUXN, STM32G0B1CCT6N, STM32G0B1KCT6, STM32G0B1NEY6TR, STM32G0B1RCT6N, STM32G0C1CCT6, STM32G0C1CCT6N, STM32G0C1CCU6N, STM32G0C1CET6N, STM32G0C1CEU6N, STM32G0C1KCT6, STM32G0C1NEY6TR, STM32G0C1RCI6N, STM32G0C1RCT6N, STM32G0C1REI6N, STM32G0C1RET6N, STM32G0C1VCI6, STM32G0C1VEI6, STM32G411C6T3, STM32G411C6T6, STM32G411C6U3, STM32G411C6U6, STM32G411C8T3, STM32G411C8T6, STM32G411C8U3, STM32G411C8U6, STM32G411CBT3, STM32G411CBT6, STM32G411CBU3, STM32G411CBU6, STM32G411CCT3, STM32G411CCT6, STM32G411CCU3, STM32G411CCU6, STM32G411K6T3, STM32G411K6T6, STM32G411K6U3, STM32G411K6U6, STM32G411K8T3, STM32G411K8T6, STM32G411K8U3, STM32G411K8U6, STM32G411KBT3, STM32G411KBT6, STM32G411KBU3, STM32G411KBU6, STM32G411M6T3, STM32G411M6T6, STM32G411M8T3, STM32G411M8T6, STM32G411MBT3, STM32G411MBT6, STM32G411MCT3, STM32G411MCT6, STM32G411R6T3, STM32G411R6T6, STM32G411R8T3, STM32G411R8T6, STM32G411RBT3, STM32G411RBT6, STM32G411RCT3, STM32G411RCT6, STM32G414CBT3, STM32G414CBT6, STM32G414CBU3, STM32G414CBU6, STM32G414CCT3, STM32G414CCT6, STM32G414CCU3, STM32G414CCU6, STM32G414MBT3, STM32G414MBT6, STM32G414MCT3, STM32G414MCT6, STM32G414RBT3, STM32G414RBT6, STM32G414RCT3, STM32G414RCT6, STM32G414VBT3, STM32G414VBT6, STM32G414VCT3, STM32G414VCT6, STM32G431CBT3Z, STM32G431RBT3Z, STM32G471CCT6, STM32G471CCU6, STM32G471CET3, STM32G471CET6, STM32G471CEU3, STM32G471CEU6, STM32G471MCT6, STM32G471MET3, STM32G471MET6, STM32G471MEY6TR, STM32G471QCT6, STM32G471QET3, STM32G471RCT6, STM32G471RET3, STM32G471RET6, STM32G471VCH6, STM32G471VCI6, STM32G471VCT6, STM32G471VEH3, STM32G471VEH6, STM32G471VEI3, STM32G471VEI6, STM32G471VET3, STM32G471VET6, STM32G473QET3Z, STM32G473RET3Z, STM32G474CCT6, STM32G491RET3Z, STM32H503CBT6, STM32H503CBU6, STM32H503EBY6TR, STM32H503KBU6, STM32H503RBT6, STM32H523CCT6, STM32H523CCU6, STM32H523CET6, STM32H523CEU6, STM32H523HEY6TR, STM32H523RCT6, STM32H523RET6, STM32H523VCI6, STM32H523VCT6, STM32H523VEI6, STM32H523VET6, STM32H523ZCJ6, STM32H523ZCT6, STM32H523ZEJ6, STM32H523ZET6, STM32H533CET6, STM32H533CEU6, STM32H533HEY6TR, STM32H533RET6, STM32H533VEI6, STM32H533VET6, STM32H533ZEJ6, STM32H533ZET6, STM32H562AGI6, STM32H562AII6, STM32H562IGK6, STM32H562IGT6, STM32H562IIK6, STM32H562IIT6, STM32H562RGT6, STM32H562RGV6, STM32H562RIT6, STM32H562RIV6, STM32H562VGT6, STM32H562VIT6, STM32H562ZGT6, STM32H562ZIT6, STM32H563AGI6, STM32H563AII3Q, STM32H563AII6, STM32H563IGK6, STM32H563IGT6, STM32H563IIK3Q, STM32H563IIK6, STM32H563IIT3Q, STM32H563IIT6, STM32H563MIY3QTR, STM32H563RGT6, STM32H563RGV6, STM32H563RIT6, STM32H563RIV6, STM32H563VGT6, STM32H563VIT3Q, STM32H563VIT6, STM32H563ZGT6, STM32H563ZIT3Q, STM32H563ZIT6, STM32H573AII3Q, STM32H573AII6, STM32H573I-DK, STM32H573IIK3Q, STM32H573IIK6, STM32H573IIT3Q, STM32H573IIT6, STM32H573MIY3QTR, STM32H573RIT6, STM32H573RIV6, STM32H573VIT3Q, STM32H573VIT6, STM32H573ZIT3Q, STM32H573ZIT6, STM32H7R3A8I6, STM32H7R3I8K6, STM32H7R3I8T6, STM32H7R3L8H6, STM32H7R3L8H6H, STM32H7R3R8V6, STM32H7R3V8H6, STM32H7R3V8T6, STM32H7R3V8Y6TR, STM32H7R3Z8J6, STM32H7R3Z8T6, STM32H7R7A8I6, STM32H7R7I8K6, STM32H7R7I8T6, STM32H7R7L8H6, STM32H7R7L8H6H, STM32H7R7Z8J6, STM32H7S3A8I6, STM32H7S3I8K6, STM32H7S3I8T6, STM32H7S3L8H6, STM32H7S3L8H6H, STM32H7S3R8V6, STM32H7S3V8H6, STM32H7S3V8T6, STM32H7S3V8Y6TR, STM32H7S3Z8J6, STM32H7S3Z8T6, STM32H7S78-DK, STM32H7S7A8I6, STM32H7S7I8K6, STM32H7S7I8T6, STM32H7S7L8H6, STM32H7S7L8H6H, STM32H7S7Z8J6, STM32L4R5QGI6STR, STM32MP131AAE3, STM32MP131AAF3, STM32MP131AAG3, STM32MP131CAE3, STM32MP131CAF3, STM32MP131CAG3, STM32MP131DAE7, STM32MP131DAF7, STM32MP131DAG7, STM32MP131FAE7, STM32MP131FAF7, STM32MP131FAG7, STM32MP133AAE3, STM32MP133AAF3, STM32MP133AAG3, STM32MP133CAE3, STM32MP133CAF3, STM32MP133CAG3, STM32MP133DAE7, STM32MP133DAF7, STM32MP133DAG7, STM32MP133FAE7, STM32MP133FAF7, STM32MP133FAG7, STM32MP135AAE3, STM32MP135AAF3, STM32MP135AAG3, STM32MP135CAE3, STM32MP135CAF3, STM32MP135CAG3, STM32MP135DAE7, STM32MP135DAF7, STM32MP135DAG7, STM32MP135F-DK, STM32MP135FAE7, STM32MP135FAF7, STM32MP135FAF7T, STM32MP135FAF7U, STM32MP135FAG7, STM32MP231AAJ3, STM32MP231AAK3, STM32MP231AAL3, STM32MP231CAJ3, STM32MP231CAK3, STM32MP231CAL3, STM32MP231DAJ3, STM32MP231DAK3, STM32MP231DAL3, STM32MP231FAJ3, STM32MP231FAK3, STM32MP231FAL3, STM32MP233AAJ3, STM32MP233AAK3, STM32MP233AAL3, STM32MP233CAJ3, STM32MP233CAK3, STM32MP233CAL3, STM32MP233DAJ3, STM32MP233DAK3, STM32MP233DAL3, STM32MP233FAJ3, STM32MP233FAK3, STM32MP233FAL3, STM32MP235AAJ3, STM32MP235AAK3, STM32MP235AAL3, STM32MP235CAJ3, STM32MP235CAK3, STM32MP235CAL3, STM32MP235DAJ3, STM32MP235DAK3, STM32MP235DAL3, STM32MP235FAJ3, STM32MP235FAK3, STM32MP235FAL3, STM32MP251AAI3, STM32MP251AAJ3, STM32MP251AAK3, STM32MP251AAL3, STM32MP251CAI3, STM32MP251CAJ3, STM32MP251CAK3, STM32MP251CAL3, STM32MP251DAI3, STM32MP251DAJ3, STM32MP251DAK3, STM32MP251DAL3, STM32MP251FAI3, STM32MP251FAJ3, STM32MP251FAK3, STM32MP251FAL3, STM32MP253AAI3, STM32MP253AAJ3, STM32MP253AAK3, STM32MP253AAL3, STM32MP253CAI3, STM32MP253CAJ3, STM32MP253CAK3, STM32MP253CAL3, STM32MP253DAI3, STM32MP253DAJ3, STM32MP253DAK3, STM32MP253DAL3, STM32MP253FAI3, STM32MP253FAJ3, STM32MP253FAK3, STM32MP253FAL3, STM32MP255AAI3, STM32MP255AAJ3, STM32MP255AAK3, STM32MP255AAL3, STM32MP255CAI3, STM32MP255CAJ3, STM32MP255CAK3, STM32MP255CAL3, STM32MP255DAI3, STM32MP255DAJ3, STM32MP255DAK3, STM32MP255DAL3, STM32MP255FAI3, STM32MP255FAJ3, STM32MP255FAK3, STM32MP255FAL3, STM32MP257AAI3, STM32MP257AAJ3, STM32MP257AAK3, STM32MP257AAL3, STM32MP257CAI3, STM32MP257CAJ3, STM32MP257CAK3, STM32MP257CAL3, STM32MP257DAI3, STM32MP257DAJ3, STM32MP257DAK3, STM32MP257DAL3, STM32MP257F-DK, STM32MP257F-EV1, STM32MP257FAI3, STM32MP257FAJ3, STM32MP257FAK3, STM32MP257FAL3, STM32N645A0H3Q, STM32N645B0H3Q, STM32N645I0H3Q, STM32N645L0H3Q, STM32N645X0H3Q, STM32N645Z0H3Q, STM32N647A0H3Q, STM32N647B0H3Q, STM32N647I0H3Q, STM32N647L0H3Q, STM32N647X0H3Q, STM32N647Z0H3Q, STM32N655A0H3Q, STM32N655B0H3Q, STM32N655I0H3Q, STM32N655L0H3Q, STM32N655X0H3Q, STM32N655Z0H3Q, STM32N6570-DK, STM32N657A0H3Q, STM32N657B0H3Q, STM32N657I0H3Q, STM32N657L0H3Q, STM32N657X0H3Q, STM32N657Z0H3Q, STM32U031C6T6, STM32U031C6U6, STM32U031C8T6, STM32U031C8U6, STM32U031F4P6, STM32U031F6P6, STM32U031F8P6, STM32U031G6Y6TR, STM32U031G8Y6TR, STM32U031K4U6, STM32U031K6U6, STM32U031K8U6, STM32U031R6I6, STM32U031R6T6, STM32U031R8I6, STM32U031R8T6, STM32U073C8T6, STM32U073C8U6, STM32U073CBT6, STM32U073CBU6, STM32U073CCT6, STM32U073CCU6, STM32U073H8Y6TR, STM32U073HBY6TR, STM32U073HCY6TR, STM32U073K8U6, STM32U073KBU6, STM32U073KCU6, STM32U073M8I6, STM32U073M8T6, STM32U073MBI6, STM32U073MBT6, STM32U073MCI6, STM32U073MCT6, STM32U073R8I6, STM32U073R8T6, STM32U073RBI6, STM32U073RBT6, STM32U073RCI6, STM32U073RCT6, STM32U083C-DK, STM32U083CCT6, STM32U083CCU6, STM32U083HCY6TR, STM32U083KCU6, STM32U083MCI6, STM32U083MCT6, STM32U083RCI6, STM32U083RCT6, STM32U375CET6, STM32U375CET6Q, STM32U375CEU6, STM32U375CEU6Q, STM32U375CEY6QTR, STM32U375CGT6, STM32U375CGT6Q, STM32U375CGU6, STM32U375CGU6Q, STM32U375CGY6QTR, STM32U375KEU6, STM32U375KGU6, STM32U375REI6, STM32U375REI6Q, STM32U375RET6, STM32U375RET6Q, STM32U375REY6GTR, STM32U375REY6QTR, STM32U375RGI6, STM32U375RGI6Q, STM32U375RGT6, STM32U375RGT6Q, STM32U375RGY6GTR, STM32U375RGY6QTR, STM32U375VEI6, STM32U375VEI6Q, STM32U375VET6, STM32U375VET6Q, STM32U375VGI6, STM32U375VGI6Q, STM32U375VGT6, STM32U375VGT6Q, STM32U385CGT6, STM32U385CGT6Q, STM32U385CGU6, STM32U385CGU6Q, STM32U385CGY6QTR, STM32U385KGU6, STM32U385RGI6, STM32U385RGI6Q, STM32U385RGT6, STM32U385RGT6Q, STM32U385RGY6GTR, STM32U385RGY6QTR, STM32U385VGI6, STM32U385VGI6Q, STM32U385VGT6, STM32U385VGT6Q, STM32U535CBT6, STM32U535CBT6Q, STM32U535CBU6, STM32U535CBU6Q, STM32U535CCT6, STM32U535CCT6Q, STM32U535CCU6, STM32U535CCU6Q, STM32U535CET6, STM32U535CET6Q, STM32U535CEU6, STM32U535CEU6Q, STM32U535JEY6QTR, STM32U535NCY6QTR, STM32U535NEY6QTR, STM32U535RBI6, STM32U535RBI6Q, STM32U535RBT6, STM32U535RBT6Q, STM32U535RCI6, STM32U535RCI6Q, STM32U535RCT6, STM32U535RCT6Q, STM32U535REI6, STM32U535REI6Q, STM32U535RET6, STM32U535RET6Q, STM32U535VCI6, STM32U535VCI6Q, STM32U535VCT6, STM32U535VCT6Q, STM32U535VEI6, STM32U535VEI6Q, STM32U535VET6, STM32U535VET6Q, STM32U545CET6, STM32U545CET6Q, STM32U545CEU6, STM32U545CEU6Q, STM32U545JEY6QTR, STM32U545NEY6QTR, STM32U545REI6, STM32U545REI6Q, STM32U545RET6, STM32U545RET6Q, STM32U545VEI6, STM32U545VEI6Q, STM32U545VET6, STM32U545VET6Q, STM32U595AIH6, STM32U595AIH6Q, STM32U595AJH6, STM32U595AJH6Q, STM32U595QII6, STM32U595QII6Q, STM32U595QJI6, STM32U595QJI6Q, STM32U595RIT6, STM32U595RIT6Q, STM32U595RJT6, STM32U595RJT6Q, STM32U595VIT6, STM32U595VIT6Q, STM32U595VJT6, STM32U595VJT6Q, STM32U595ZIT6, STM32U595ZIT6Q, STM32U595ZIY6QTR, STM32U595ZJT6, STM32U595ZJT6Q, STM32U595ZJY6QTR, STM32U599BJY6QTR, STM32U599NIH6Q, STM32U599NJH6Q, STM32U599VIT6Q, STM32U599VJT6, STM32U599VJT6Q, STM32U599ZIT6Q, STM32U599ZIY6QTR, STM32U599ZJT6Q, STM32U599ZJY6QTR, STM32U5A5AJH6, STM32U5A5AJH6Q, STM32U5A5QII3Q , STM32U5A5QJI6, STM32U5A5QJI6Q, STM32U5A5RJT6, STM32U5A5RJT6Q, STM32U5A5VJT6, STM32U5A5VJT6Q, STM32U5A5ZJT6, STM32U5A5ZJT6Q, STM32U5A5ZJY6QTR, STM32U5A9BJY6QTR, STM32U5A9J-DK, STM32U5A9NJH6Q, STM32U5A9VJT6Q, STM32U5A9ZJT6Q, STM32U5A9ZJY6QTR, STM32U5F7VIT6, STM32U5F7VIT6Q, STM32U5F7VJT6, STM32U5F7VJT6Q, STM32U5F9BJY6QTR, STM32U5F9NJH6Q, STM32U5F9VIT6Q, STM32U5F9VJT6Q, STM32U5F9ZIJ6QTR, STM32U5F9ZIT6Q, STM32U5F9ZJJ6QTR, STM32U5F9ZJT6Q, STM32U5G7VJT6, STM32U5G7VJT6Q, STM32U5G9BJY6QTR, STM32U5G9J-DK1, STM32U5G9J-DK2, STM32U5G9NJH6Q, STM32U5G9VJT6Q, STM32U5G9ZJJ6QTR, STM32U5G9ZJT6Q, STM32WB05KZV6TR, STM32WB05KZV7TR, STM32WB05TZF6TR, STM32WB05TZF7TR, STM32WB06CCF6TR, STM32WB06CCF7TR, STM32WB06CCV6TR, STM32WB06CCV7TR, STM32WB06KCV6TR, STM32WB06KCV7TR, STM32WB07CCF6TR, STM32WB07CCF7TR, STM32WB07CCV6TR, STM32WB07CCV7TR, STM32WB07KCV6TR, STM32WB07KCV7TR, STM32WB09KEV6TR, STM32WB09KEV7TR, STM32WB09TEF6TR, STM32WB09TEF7TR, STM32WB1MMCH6, STM32WBA50KGU6, STM32WBA50KGU6TR, STM32WBA52CEU6, STM32WBA52CEU6TR, STM32WBA52CEU7, STM32WBA52CEU7TR, STM32WBA52CGU6, STM32WBA52CGU6TR, STM32WBA52CGU6U, STM32WBA52CGU7, STM32WBA52CGU7TR, STM32WBA52KEU6, STM32WBA52KEU6TR, STM32WBA52KGU6, STM32WBA52KGU6TR, STM32WBA54CEU6, STM32WBA54CEU6TR, STM32WBA54CEU7, STM32WBA54CEU7TR, STM32WBA54CGU6, STM32WBA54CGU6TR, STM32WBA54CGU7, STM32WBA54CGU7TR, STM32WBA54KEU6, STM32WBA54KEU6TR, STM32WBA54KEU7, STM32WBA54KEU7TR, STM32WBA54KGU6, STM32WBA54KGU6TR, STM32WBA54KGU7, STM32WBA54KGU7TR, STM32WBA55CEU6, STM32WBA55CEU6TR, STM32WBA55CEU7, STM32WBA55CEU7TR, STM32WBA55CGU6, STM32WBA55CGU6TR, STM32WBA55CGU6U, STM32WBA55CGU7, STM32WBA55CGU7TR, STM32WBA55G-DK1, STM32WBA55HEF6, STM32WBA55HEF7, STM32WBA55HGF6, STM32WBA55HGF7, STM32WBA55UEI6, STM32WBA55UEI6TR, STM32WBA55UEI7, STM32WBA55UEI7TR, STM32WBA55UGI6, STM32WBA55UGI6TR, STM32WBA55UGI7, STM32WBA55UGI7TR, STM32WBA5MJGH6TR, STM32WBA5MJGH6U, STM32WL33C8V6, STM32WL33C8V6TR, STM32WL33C8V7, STM32WL33C8V7TR, STM32WL33CBV6, STM32WL33CBV6TR, STM32WL33CBV7, STM32WL33CBV7TR, STM32WL33CCV6, STM32WL33CCV6TR, STM32WL33CCV7, STM32WL33CCV7A, STM32WL33CCV7ATR, STM32WL33CCV7TR, STM32WL33K8V6, STM32WL33K8V6TR, STM32WL33K8V7, STM32WL33K8V7TR, STM32WL33KBV6, STM32WL33KBV6TR, STM32WL33KBV7, STM32WL33KBV7TR, STM32WL33KCV6, STM32WL33KCV6TR, STM32WL33KCV7, STM32WL33KCV7TR, STM32WL5MOCH6, STM32WL5MOCH6TR]
2025-01-26 22:11:59,766 [INFO] BoardInfo:889 - No configuration file found for board P-NUCLEO-WB55
2025-01-26 22:11:59,766 [INFO] DbBoards:161 - Kit is not supported: P-NUCLEO-WB55
2025-01-26 22:11:59,789 [INFO] BoardInfo:889 - No configuration file found for board STEVAL-BFA001V1B
2025-01-26 22:11:59,789 [INFO] DbBoards:161 - Kit is not supported: STEVAL-BFA001V1B
2025-01-26 22:11:59,791 [INFO] BoardInfo:889 - No configuration file found for board STEVAL-BFA001V2B
2025-01-26 22:11:59,791 [INFO] DbBoards:161 - Kit is not supported: STEVAL-BFA001V2B
2025-01-26 22:11:59,919 [ERROR] LogOutputStream:75 - [STDERR_REDIRECT] [Fatal Error] :1:1: Premature end of file.
2025-01-26 22:11:59,920 [ERROR] LogOutputStream:75 - [STDERR_REDIRECT] 
2025-01-26 22:11:59,939 [INFO] DbBoards:168 - Found 209 boards, 206 are supported
2025-01-26 22:11:59,939 [INFO] DbBoards:169 - Found 209 boards, 42 of them is supported for  Bsp
2025-01-26 22:11:59,940 [INFO] ApiDb:414 - User favorites file not found: C:\Users\Admin/.stm32cubeide/favorites.boards.txt
2025-01-26 22:11:59,940 [INFO] DbBoards:198 - Set 0 / 0 favorites Boards
2025-01-26 22:11:59,942 [INFO] ApiDb:668 - CubeFinder database Data Model version=2.1
2025-01-26 22:11:59,942 [INFO] ApiDb:669 - CubeFinder database Configuration version=3.0.39
2025-01-26 22:11:59,942 [INFO] ApiDb:670 - CubeFinder database generation date=2024-12-10 (1733817889)
2025-01-26 22:11:59,942 [INFO] ApiDb:671 - CubeFinder database FW Pack versions=[FP-ATR-ASTRA1_V2.0.0, FP-SNS-FLIGHT1_V5.0.2, FP-SNS-MOTENV1_V5.0.0, FP-SNS-MOTENVWB1_V1.4.0, FP-SNS-SMARTAG2_V1.2.0, FP-SNS-STBOX1_V2.0.0, STM32Cube_FW_C0_V1.3.0, STM32Cube_FW_F4_V1.28.1, STM32Cube_FW_F7_V1.17.2, STM32Cube_FW_G0_V1.6.2, STM32Cube_FW_G4_V1.6.1, STM32Cube_FW_H5_V1.4.0, STM32Cube_FW_H7RS_V1.1.0, STM32Cube_FW_H7_V1.12.0, STM32Cube_FW_L0_V1.12.2, STM32Cube_FW_L4_V1.18.1, STM32Cube_FW_L5_V1.5.1, STM32Cube_FW_N6_V1.0.0, STM32Cube_FW_U0_V1.2.0, STM32Cube_FW_U3_V1.0.0, STM32Cube_FW_U5_V1.7.0, STM32Cube_FW_WB0_V1.1.0, STM32Cube_FW_WBA_V1.5.0, STM32Cube_FW_WB_V1.21.0, STM32Cube_FW_WL3_V1.0.0, STM32Cube_FW_WL_V1.3.0, X-CUBE-ALGOBUILD_V1.4.0, X-CUBE-ALS_V1.0.2, X-CUBE-AZRTOS-F4_V1.1.0, X-CUBE-AZRTOS-F7_V1.1.0, X-CUBE-AZRTOS-G0_V1.1.0, X-CUBE-AZRTOS-G4_V2.0.0, X-CUBE-AZRTOS-H7RS_V1.0.0, X-CUBE-AZRTOS-H7_V3.3.0, X-CUBE-AZRTOS-L4_V2.0.0, X-CUBE-AZRTOS-L5_V2.0.0, X-CUBE-AZRTOS-WB_V2.0.0, X-CUBE-AZRTOS-WL_V2.0.0, X-CUBE-BLE1_V7.0.0, X-CUBE-BLE2_V3.3.0, X-CUBE-BLEMGR_V3.1.0, X-CUBE-EEPRMA1_V5.1.0, X-CUBE-FREERTOS_V1.2.0, X-CUBE-GNSS1_V6.0.0, X-CUBE-MEMS1_V11.0.0, X-CUBE-NFC4_V3.0.0, X-CUBE-NFC7_V1.0.1, X-CUBE-SFXS2LP1_V4.0.0, X-CUBE-SUBG2_V5.0.0, X-CUBE-TOF1_V3.4.2]
2025-01-26 22:12:00,357 [ERROR] DbExamplesSqlite:437 - Missing JSON key: board_cpn
2025-01-26 22:12:00,357 [ERROR] DbExamplesSqlite:437 - Missing JSON key: board_cpn
2025-01-26 22:12:00,357 [ERROR] DbExamplesSqlite:437 - Missing JSON key: board_cpn
2025-01-26 22:12:00,357 [ERROR] DbExamplesSqlite:437 - Missing JSON key: board_cpn
2025-01-26 22:12:00,439 [ERROR] DbExamplesSqlite:437 - Missing JSON key: board_cpn
2025-01-26 22:12:00,440 [ERROR] DbExamplesSqlite:437 - Missing JSON key: board_cpn
2025-01-26 22:12:00,440 [ERROR] DbExamplesSqlite:437 - Missing JSON key: board_cpn
2025-01-26 22:12:00,440 [ERROR] DbExamplesSqlite:437 - Missing JSON key: board_cpn
2025-01-26 22:12:00,440 [ERROR] DbExamplesSqlite:437 - Missing JSON key: board_cpn
2025-01-26 22:12:00,440 [ERROR] DbExamplesSqlite:437 - Missing JSON key: board_cpn
2025-01-26 22:12:00,440 [ERROR] DbExamplesSqlite:437 - Missing JSON key: board_cpn
2025-01-26 22:12:00,440 [ERROR] DbExamplesSqlite:437 - Missing JSON key: board_cpn
2025-01-26 22:12:00,440 [ERROR] DbExamplesSqlite:437 - Missing JSON key: board_cpn
2025-01-26 22:12:00,542 [INFO] DbExamplesSqlite:395 - Ignored 77 examples not supported by CubeIDE
2025-01-26 22:12:00,542 [INFO] DbExamplesSqlite:396 - Found 10474 examples active
2025-01-26 22:12:00,542 [INFO] DbExamplesSqlite:397 - Found 0 examples obsolete
2025-01-26 22:12:00,542 [INFO] DbExamplesSqlite:398 - Found 0 examples under development
2025-01-26 22:12:00,542 [INFO] DbExamplesSqlite:399 - Found 43 examples not building
2025-01-26 22:12:00,544 [INFO] DbExamples:125 - Found 10440 examples
2025-01-26 22:12:00,545 [WARN] PackLoader:240 - Cannot read IP mode file for STMicroelectronics.FP-SNS-MOTENVWB1.1.4.0
2025-01-26 22:12:00,556 [ERROR] DbExamples:208 - Found 3 examples with invalid data (board or MCU)
2025-01-26 22:12:00,556 [INFO] DbExamples:222 - Found 132 boards with related examples
2025-01-26 22:12:00,556 [INFO] DbExamples:235 - Found 109 MCUs with related examples
2025-01-26 22:12:00,557 [WARN] PackLoader:240 - Cannot read IP mode file for STMicroelectronics.X-CUBE-SMBUS.2.1.0
2025-01-26 22:12:00,571 [WARN] PackLoader:240 - Cannot read IP mode file for STMicroelectronics.X-CUBE-WB05N.1.1.0
2025-01-26 22:12:00,576 [INFO] ApiDb:414 - User favorites file not found: C:\Users\Admin/.stm32cubeide/favorites.examples.txt
2025-01-26 22:12:00,576 [INFO] DbExamples:250 - Set 0 / 0 favorites Examples
2025-01-26 22:12:00,594 [WARN] PackLoader:240 - Cannot read IP mode file for STMicroelectronics.X-CUBE-AZRTOS-F7.1.1.0
2025-01-26 22:12:00,601 [WARN] PackLoader:240 - Cannot read IP mode file for STMicroelectronics.FP-SNS-FLIGHT1.5.0.2
2025-01-26 22:12:00,615 [WARN] PackLoader:240 - Cannot read IP mode file for Infineon.AIROC-Wi-Fi-Bluetooth-STM32.1.7.0
2025-01-26 22:12:00,625 [WARN] PackLoader:240 - Cannot read IP mode file for STMicroelectronics.X-CUBE-DISPLAY.3.0.0
2025-01-26 22:12:00,637 [WARN] PackLoader:240 - Cannot read IP mode file for STMicroelectronics.X-CUBE-BLE1.7.0.0
2025-01-26 22:12:00,645 [WARN] PackLoader:240 - Cannot read IP mode file for STMicroelectronics.X-CUBE-NFC10.1.0.0
2025-01-26 22:12:00,651 [WARN] PackLoader:240 - Cannot read IP mode file for emotas.I-CUBE-CANOPEN.1.3.0
2025-01-26 22:12:00,654 [WARN] PackLoader:240 - Cannot read IP mode file for STMicroelectronics.X-CUBE-AI.10.0.0
2025-01-26 22:12:00,659 [WARN] PackLoader:240 - Cannot read IP mode file for STMicroelectronics.FP-SNS-SMARTAG2.1.2.0
2025-01-26 22:12:00,679 [INFO] McuFinderGlobals:76 - Set McuFinderConnectedMode to true
2025-01-26 22:12:00,685 [INFO] MultiScanPanel:200 - Auto-refresh data requested => check proxy status ongoing
2025-01-26 22:12:00,688 [INFO] FinderPluginLoader:95 - Searching for filters in installed packs
2025-01-26 22:12:00,699 [WARN] PackLoader:240 - Cannot read IP mode file for STMicroelectronics.X-CUBE-MEMS1.11.1.0
2025-01-26 22:12:00,775 [INFO] LogOutputStream:77 - [STDOUT_REDIRECT] 1 : Invalid condition id : UX_CORESTACK_Condition cause : null
2025-01-26 22:12:00,776 [INFO] LogOutputStream:77 - [STDOUT_REDIRECT] 1 : Invalid condition id : UX_CORESTACK_Condition cause : null
2025-01-26 22:12:00,776 [INFO] LogOutputStream:77 - [STDOUT_REDIRECT] 1 : Invalid condition id : UX_CORESTACK_Condition cause : null
2025-01-26 22:12:00,778 [INFO] LogOutputStream:77 - [STDOUT_REDIRECT] 1 : Invalid condition id : UX_CORESTACK_Condition cause : null
2025-01-26 22:12:00,778 [INFO] LogOutputStream:77 - [STDOUT_REDIRECT] 1 : Invalid condition id : UX_CORESTACK_Condition cause : null
2025-01-26 22:12:00,779 [WARN] PackLoader:240 - Cannot read IP mode file for STMicroelectronics.X-CUBE-AZRTOS-WL.2.0.0
2025-01-26 22:12:00,784 [WARN] PackLoader:240 - Cannot read IP mode file for STMicroelectronics.FP-SNS-MOTENV1.5.0.0
2025-01-26 22:12:00,788 [WARN] PackLoader:240 - Cannot read IP mode file for wolfSSL.I-CUBE-wolfMQTT.1.19.0
2025-01-26 22:12:00,793 [WARN] PackLoader:240 - Cannot read IP mode file for WES.I-CUBE-Cesium.1.3.0
2025-01-26 22:12:00,798 [WARN] PackLoader:240 - Cannot read IP mode file for STMicroelectronics.X-CUBE-BLE2.3.3.0
2025-01-26 22:12:00,802 [WARN] PackLoader:240 - Cannot read IP mode file for STMicroelectronics.X-CUBE-NFC9.1.0.0
2025-01-26 22:12:00,820 [WARN] PackLoader:240 - Cannot read IP mode file for STMicroelectronics.X-CUBE-AZRTOS-G0.1.1.0
2025-01-26 22:12:00,825 [WARN] PackLoader:240 - Cannot read IP mode file for STMicroelectronics.X-CUBE-SAFEA1.1.2.2
2025-01-26 22:12:00,831 [WARN] PackLoader:240 - Cannot read IP mode file for STMicroelectronics.X-CUBE-NFC4.3.0.0
2025-01-26 22:12:00,837 [WARN] PackLoader:240 - Cannot read IP mode file for EmbeddedOffice.I-CUBE-FS-RTOS.1.0.1
2025-01-26 22:12:00,842 [WARN] PackLoader:240 - Cannot read IP mode file for STMicroelectronics.X-CUBE-TCPP.4.2.0
2025-01-26 22:12:00,845 [WARN] PackLoader:240 - Cannot read IP mode file for RealThread.X-CUBE-RT-Thread_Nano.4.1.1
2025-01-26 22:12:00,848 [WARN] PackLoader:240 - Cannot read IP mode file for STMicroelectronics.FP-ATR-SIGFOX1.3.2.0
2025-01-26 22:12:00,851 [WARN] ConditionMgr:438 - getConditionDescription Invalid condition id : Cortex-A Device cause : null
2025-01-26 22:12:00,861 [WARN] ConditionMgr:1044 - genDependencies : Invalid condition id : Cortex-A Device cause : null
2025-01-26 22:12:00,861 [WARN] ConditionMgr:1044 - genDependencies : Invalid condition id : Cortex-A Device cause : null
2025-01-26 22:12:00,861 [WARN] ConditionMgr:1044 - genDependencies : Invalid condition id : Cortex-A Device cause : null
2025-01-26 22:12:00,864 [WARN] PackLoader:240 - Cannot read IP mode file for STMicroelectronics.X-CUBE-EEPRMA1.5.1.0
2025-01-26 22:12:00,869 [WARN] PackLoader:240 - Cannot read IP mode file for wolfSSL.I-CUBE-wolfSSL.5.7.6
2025-01-26 22:12:00,872 [WARN] PackLoader:240 - Cannot read IP mode file for ITTIA_DB.I-CUBE-ITTIADB.8.9.0
2025-01-26 22:12:00,884 [WARN] PackLoader:240 - Cannot read IP mode file for SEGGER.I-CUBE-embOS.1.3.1
2025-01-26 22:12:00,905 [WARN] PackLoader:240 - Cannot read IP mode file for STMicroelectronics.X-CUBE-ALGOBUILD.1.4.0
2025-01-26 22:12:00,908 [WARN] PackLoader:240 - Cannot read IP mode file for STMicroelectronics.X-CUBE-AI.9.1.0
2025-01-26 22:12:00,916 [WARN] PackLoader:240 - Cannot read IP mode file for STMicroelectronics.X-CUBE-AZRTOS-F4.1.1.0
2025-01-26 22:12:00,920 [WARN] PackLoader:240 - Cannot read IP mode file for STMicroelectronics.X-CUBE-ISPU.2.1.0
2025-01-26 22:12:00,925 [ERROR] LogOutputStream:75 - [STDERR_REDIRECT] [Fatal Error] :1:1: Premature end of file.
2025-01-26 22:12:00,925 [ERROR] LogOutputStream:75 - [STDERR_REDIRECT] 
2025-01-26 22:12:00,929 [WARN] PackLoader:240 - Cannot read IP mode file for STMicroelectronics.X-CUBE-AZRTOS-L5.2.0.0
2025-01-26 22:12:00,934 [WARN] PackLoader:240 - Cannot read IP mode file for STMicroelectronics.X-CUBE-NFC6.3.1.0
2025-01-26 22:12:00,939 [WARN] PackLoader:240 - Cannot read IP mode file for STMicroelectronics.X-CUBE-DPower.1.2.0
2025-01-26 22:12:00,942 [WARN] PackLoader:240 - Cannot read IP mode file for STMicroelectronics.X-CUBE-FREERTOS.1.3.0
2025-01-26 22:12:00,943 [WARN] PackLoader:240 - Cannot read IP mode file for STMicroelectronics.X-CUBE-NFC7.1.0.1
2025-01-26 22:12:00,952 [WARN] ConditionMgr:438 - getConditionDescription Invalid condition id : LAN8742 Phy interface Condition cause : null
2025-01-26 22:12:00,953 [WARN] PackLoader:240 - Cannot read IP mode file for STMicroelectronics.X-CUBE-AZRTOS-L4.2.0.0
2025-01-26 22:12:00,953 [WARN] ConditionMgr:1044 - genDependencies : Invalid condition id : LAN8742 Phy interface Condition cause : null
2025-01-26 22:12:00,953 [WARN] ConditionMgr:1044 - genDependencies : Invalid condition id : LAN8742 Phy interface Condition cause : null
2025-01-26 22:12:00,953 [WARN] ConditionMgr:1044 - genDependencies : Invalid condition id : LAN8742 Phy interface Condition cause : null
2025-01-26 22:12:00,956 [WARN] PackLoader:240 - Cannot read IP mode file for STMicroelectronics.X-CUBE-SFXS2LP1.4.0.0
2025-01-26 22:12:00,965 [WARN] PackLoader:240 - Cannot read IP mode file for STMicroelectronics.X-CUBE-AZRTOS-H7.3.3.0
2025-01-26 22:12:00,974 [WARN] ConditionMgr:438 - getConditionDescription Invalid condition id : UX DEVICE CLASS RTOS Condition cause : null
2025-01-26 22:12:00,974 [WARN] ConditionMgr:438 - getConditionDescription Invalid condition id : UX DEVICE CLASS RTOS Condition cause : null
2025-01-26 22:12:00,976 [WARN] PackLoader:240 - Cannot read IP mode file for STMicroelectronics.X-CUBE-AZRTOS-WB.2.0.0
2025-01-26 22:12:00,976 [WARN] ConditionMgr:1044 - genDependencies : Invalid condition id : UX DEVICE CLASS RTOS Condition cause : null
2025-01-26 22:12:00,976 [WARN] ConditionMgr:1044 - genDependencies : Invalid condition id : UX DEVICE CLASS RTOS Condition cause : null
2025-01-26 22:12:00,976 [WARN] ConditionMgr:1044 - genDependencies : Invalid condition id : UX DEVICE CLASS RTOS Condition cause : null
2025-01-26 22:12:00,976 [WARN] ConditionMgr:1044 - genDependencies : Invalid condition id : UX DEVICE CLASS RTOS Condition cause : null
2025-01-26 22:12:00,976 [WARN] ConditionMgr:1044 - genDependencies : Invalid condition id : UX DEVICE CLASS RTOS Condition cause : null
2025-01-26 22:12:00,979 [WARN] PackLoader:240 - Cannot read IP mode file for STMicroelectronics.X-CUBE-GNSS1.7.0.1
2025-01-26 22:12:00,984 [WARN] PackLoader:240 - Cannot read IP mode file for STMicroelectronics.FP-SNS-STBOX1.2.0.0
2025-01-26 22:12:00,988 [WARN] PackLoader:240 - Cannot read IP mode file for STMicroelectronics.X-CUBE-SUBG2.5.0.0
2025-01-26 22:12:00,993 [WARN] PackLoader:240 - Cannot read IP mode file for Cesanta.I-CUBE-Mongoose.7.13.0
2025-01-26 22:12:00,999 [WARN] PackLoader:240 - Cannot read IP mode file for STMicroelectronics.X-CUBE-AZRTOS-G4.2.0.0
2025-01-26 22:12:01,008 [WARN] PackLoader:240 - Cannot read IP mode file for STMicroelectronics.X-CUBE-IPS.3.1.0
2025-01-26 22:12:01,012 [WARN] PackLoader:240 - Cannot read IP mode file for STMicroelectronics.X-CUBE-ALS.1.0.2
2025-01-26 22:12:01,015 [WARN] PackLoader:240 - Cannot read IP mode file for STMicroelectronics.X-CUBE-TOUCHGFX.4.24.2
2025-01-26 22:12:01,018 [WARN] PackLoader:240 - Cannot read IP mode file for wolfSSL.I-CUBE-wolfTPM.3.4.0
2025-01-26 22:12:01,023 [WARN] PackLoader:240 - Cannot read IP mode file for portGmbH.I-Cube-SoM-uGOAL.1.1.0
2025-01-26 22:12:01,038 [WARN] PackLoader:240 - Cannot read IP mode file for STMicroelectronics.X-CUBE-AZRTOS-H7RS.1.0.0
2025-01-26 22:12:01,046 [WARN] PackLoader:240 - Cannot read IP mode file for STMicroelectronics.X-CUBE-TOF1.3.4.2
2025-01-26 22:12:01,055 [WARN] PackLoader:240 - Cannot read IP mode file for wolfSSL.I-CUBE-wolfSSH.1.4.17
2025-01-26 22:12:01,055 [INFO] ThirdParty:978 - Integrity check success = true
2025-01-26 22:12:01,055 [INFO] IntegrityCheckThread:100 - exiting critical section [integrity check]
2025-01-26 22:12:01,055 [INFO] IntegrityCheckThread:103 - End integrity checks thread
2025-01-26 22:12:01,641 [INFO] LoadUrlFilesThread:185 - End of LoadServerUrlFiles without Thread
2025-01-26 22:12:01,649 [INFO] DetailPanel:341 - Set advertising image to C:/Users/Admin/STM32Cube/Repository/\en.prom-stm32n6-mcu-finder.png
2025-01-26 22:12:01,921 [ERROR] LogOutputStream:75 - [STDERR_REDIRECT] [Fatal Error] :1:1: Premature end of file.
2025-01-26 22:12:01,921 [ERROR] LogOutputStream:75 - [STDERR_REDIRECT] 
2025-01-26 22:12:02,925 [ERROR] LogOutputStream:75 - [STDERR_REDIRECT] [Fatal Error] :1:1: Premature end of file.
2025-01-26 22:12:02,926 [ERROR] LogOutputStream:75 - [STDERR_REDIRECT] 
2025-01-26 22:12:03,918 [ERROR] LogOutputStream:75 - [STDERR_REDIRECT] [Fatal Error] :1:1: Premature end of file.
2025-01-26 22:12:03,918 [ERROR] LogOutputStream:75 - [STDERR_REDIRECT] 
2025-01-26 22:12:04,920 [ERROR] LogOutputStream:75 - [STDERR_REDIRECT] [Fatal Error] :1:1: Premature end of file.
2025-01-26 22:12:04,921 [ERROR] LogOutputStream:75 - [STDERR_REDIRECT] 
2025-01-26 22:12:05,923 [ERROR] LogOutputStream:75 - [STDERR_REDIRECT] [Fatal Error] :1:1: Premature end of file.
2025-01-26 22:12:05,924 [ERROR] LogOutputStream:75 - [STDERR_REDIRECT] 
2025-01-26 22:12:06,928 [ERROR] LogOutputStream:75 - [STDERR_REDIRECT] [Fatal Error] :1:1: Premature end of file.
2025-01-26 22:12:06,928 [ERROR] LogOutputStream:75 - [STDERR_REDIRECT] 
2025-01-26 22:12:07,918 [ERROR] LogOutputStream:75 - [STDERR_REDIRECT] [Fatal Error] :1:1: Premature end of file.
2025-01-26 22:12:07,918 [ERROR] LogOutputStream:75 - [STDERR_REDIRECT] 
2025-01-26 22:12:08,919 [ERROR] LogOutputStream:75 - [STDERR_REDIRECT] [Fatal Error] :1:1: Premature end of file.
2025-01-26 22:12:08,921 [ERROR] LogOutputStream:75 - [STDERR_REDIRECT] 
2025-01-26 22:12:09,917 [ERROR] LogOutputStream:75 - [STDERR_REDIRECT] [Fatal Error] :1:1: Premature end of file.
2025-01-26 22:12:09,917 [ERROR] LogOutputStream:75 - [STDERR_REDIRECT] 
2025-01-26 22:12:10,923 [ERROR] LogOutputStream:75 - [STDERR_REDIRECT] [Fatal Error] :1:1: Premature end of file.
2025-01-26 22:12:10,923 [ERROR] LogOutputStream:75 - [STDERR_REDIRECT] 
2025-01-26 22:12:11,932 [ERROR] LogOutputStream:75 - [STDERR_REDIRECT] [Fatal Error] :1:1: Premature end of file.
2025-01-26 22:12:11,932 [ERROR] LogOutputStream:75 - [STDERR_REDIRECT] 
2025-01-26 22:12:12,930 [ERROR] LogOutputStream:75 - [STDERR_REDIRECT] [Fatal Error] :1:1: Premature end of file.
2025-01-26 22:12:12,930 [ERROR] LogOutputStream:75 - [STDERR_REDIRECT] 
2025-01-26 22:12:13,933 [ERROR] LogOutputStream:75 - [STDERR_REDIRECT] [Fatal Error] :1:1: Premature end of file.
2025-01-26 22:12:13,933 [ERROR] LogOutputStream:75 - [STDERR_REDIRECT] 
2025-01-26 22:12:14,923 [ERROR] LogOutputStream:75 - [STDERR_REDIRECT] [Fatal Error] :1:1: Premature end of file.
2025-01-26 22:12:14,923 [ERROR] LogOutputStream:75 - [STDERR_REDIRECT] 
2025-01-26 22:12:15,915 [ERROR] LogOutputStream:75 - [STDERR_REDIRECT] [Fatal Error] :1:1: Premature end of file.
2025-01-26 22:12:15,915 [ERROR] LogOutputStream:75 - [STDERR_REDIRECT] 
2025-01-26 22:12:16,937 [ERROR] LogOutputStream:75 - [STDERR_REDIRECT] [Fatal Error] :1:1: Premature end of file.
2025-01-26 22:12:16,937 [ERROR] LogOutputStream:75 - [STDERR_REDIRECT] 
2025-01-26 22:12:17,915 [ERROR] LogOutputStream:75 - [STDERR_REDIRECT] [Fatal Error] :1:1: Premature end of file.
2025-01-26 22:12:17,915 [ERROR] LogOutputStream:75 - [STDERR_REDIRECT] 
2025-01-26 22:12:18,918 [ERROR] LogOutputStream:75 - [STDERR_REDIRECT] [Fatal Error] :1:1: Premature end of file.
2025-01-26 22:12:18,918 [ERROR] LogOutputStream:75 - [STDERR_REDIRECT] 
2025-01-26 22:12:19,926 [ERROR] LogOutputStream:75 - [STDERR_REDIRECT] [Fatal Error] :1:1: Premature end of file.
2025-01-26 22:12:19,926 [ERROR] LogOutputStream:75 - [STDERR_REDIRECT] 
2025-01-26 22:12:20,948 [ERROR] LogOutputStream:75 - [STDERR_REDIRECT] [Fatal Error] :1:1: Premature end of file.
2025-01-26 22:12:20,948 [ERROR] LogOutputStream:75 - [STDERR_REDIRECT] 
2025-01-26 22:12:21,934 [ERROR] LogOutputStream:75 - [STDERR_REDIRECT] [Fatal Error] :1:1: Premature end of file.
2025-01-26 22:12:21,934 [ERROR] LogOutputStream:75 - [STDERR_REDIRECT] 
2025-01-26 22:12:22,250 [INFO] MainUpdater:2872 - connection check result : 10
2025-01-26 22:12:22,250 [INFO] MainUpdater:2872 - connection check result : 10
2025-01-26 22:12:22,918 [ERROR] LogOutputStream:75 - [STDERR_REDIRECT] [Fatal Error] :1:1: Premature end of file.
2025-01-26 22:12:22,919 [ERROR] LogOutputStream:75 - [STDERR_REDIRECT] 
2025-01-26 22:12:23,017 [INFO] MicroXplorer:468 - Change Database Path : 
2025-01-26 22:12:23,017 [INFO] MicroXplorer:498 - Change Database Version : DB.6.0.130
2025-01-26 22:12:23,022 [WARN] ThirdParty:871 - waiting for thirdparty lock release [close project]
2025-01-26 22:12:23,022 [INFO] ThirdParty:873 - entering critical section [close project]
2025-01-26 22:12:23,022 [INFO] ThirdParty:883 - exiting critical section [close project]
2025-01-26 22:12:23,023 [INFO] PinOutPanel:1589 - setPackage(No Configuration,No Configuration)
2025-01-26 22:12:23,026 [INFO] UtilMem:75 - Begin LoadConfig() Used Memory: 415567488 Bytes (556793856)
2025-01-26 22:12:23,026 [INFO] MicroXplorer:468 - Change Database Path : 
2025-01-26 22:12:23,026 [INFO] MicroXplorer:498 - Change Database Version : DB.6.0.130
2025-01-26 22:12:23,026 [INFO] OpenFileManager:332 - Change cursor
2025-01-26 22:12:23,072 [INFO] Mcu:2035 - Initializing MCU STM32F767ZITx STM32F767ZITx STM32F767ZIT6
2025-01-26 22:12:23,924 [ERROR] LogOutputStream:75 - [STDERR_REDIRECT] [Fatal Error] :1:1: Premature end of file.
2025-01-26 22:12:23,926 [ERROR] LogOutputStream:75 - [STDERR_REDIRECT] 
2025-01-26 22:12:24,818 [INFO] Context:748 - Trying to add GPIOservice into a context  which must be forbidden
2025-01-26 22:12:24,926 [ERROR] LogOutputStream:75 - [STDERR_REDIRECT] [Fatal Error] :1:1: Premature end of file.
2025-01-26 22:12:24,926 [ERROR] LogOutputStream:75 - [STDERR_REDIRECT] 
2025-01-26 22:12:25,243 [INFO] ImportTextPane:218 - (OptionalMessage_ERROR) Unable to find key (Mcu.ThirdPartyNb) in loaded IOC file
2025-01-26 22:12:25,243 [INFO] ImportTextPane:218 - (OptionalMessage_ERROR) Unable to find key (Mcu.PinsNb) in loaded IOC file
2025-01-26 22:12:25,243 [INFO] ImportTextPane:218 - (OptionalMessage_ERROR) Unable to find key (Mcu.IPNb) in loaded IOC file
2025-01-26 22:12:25,314 [INFO] RtosManager:555 - Registered RTOS mode: class=CMSIS, group=RTOS, mode=CMSIS_V1, owner=FREERTOS
2025-01-26 22:12:25,314 [INFO] RtosManager:555 - Registered RTOS mode: class=CMSIS, group=RTOS2, mode=CMSIS_V2, owner=FREERTOS
2025-01-26 22:12:25,314 [INFO] RtosManager:555 - Registered RTOS mode: class=RTOS, group=Core, mode=CMSIS_V1, owner=FREERTOS
2025-01-26 22:12:25,314 [INFO] RtosManager:555 - Registered RTOS mode: class=RTOS, group=Core, mode=CMSIS_V2, owner=FREERTOS
2025-01-26 22:12:25,314 [WARN] ModelIntegratedComponent:184 - Missing modes for component STMicroelectronics:FreeRTOS:0.0.1:STMicroelectronics:RTOS:FreeRTOS:Core:::10.2.0:
2025-01-26 22:12:25,332 [WARN] ModelIntegratedComponent:63 - No mode defined for component null
2025-01-26 22:12:25,332 [WARN] ModelIntegratedComponent:63 - No mode defined for component null
2025-01-26 22:12:25,332 [WARN] ModelIntegratedComponent:63 - No mode defined for component null
2025-01-26 22:12:25,332 [WARN] ModelIntegratedComponent:63 - No mode defined for component null
2025-01-26 22:12:25,332 [WARN] ModelIntegratedComponent:63 - No mode defined for component null
2025-01-26 22:12:25,332 [WARN] ModelIntegratedComponent:63 - No mode defined for component null
2025-01-26 22:12:25,332 [WARN] ModelIntegratedComponent:63 - No mode defined for component null
2025-01-26 22:12:25,332 [WARN] ModelIntegratedComponent:63 - No mode defined for component null
2025-01-26 22:12:25,332 [WARN] ModelIntegratedComponent:63 - No mode defined for component null
2025-01-26 22:12:25,332 [WARN] ModelIntegratedComponent:63 - No mode defined for component null
2025-01-26 22:12:25,332 [WARN] ModelIntegratedComponent:63 - No mode defined for component null
2025-01-26 22:12:25,332 [WARN] ModelIntegratedComponent:63 - No mode defined for component null
2025-01-26 22:12:25,332 [WARN] ModelIntegratedComponent:63 - No mode defined for component null
2025-01-26 22:12:25,332 [WARN] ModelIntegratedComponent:63 - No mode defined for component null
2025-01-26 22:12:25,332 [WARN] ModelIntegratedComponent:63 - No mode defined for component null
2025-01-26 22:12:25,332 [WARN] ModelIntegratedComponent:63 - No mode defined for component null
2025-01-26 22:12:25,332 [WARN] ModelIntegratedComponent:63 - No mode defined for component null
2025-01-26 22:12:25,332 [WARN] ModelIntegratedComponent:63 - No mode defined for component null
2025-01-26 22:12:25,332 [WARN] ModelIntegratedComponent:63 - No mode defined for component null
2025-01-26 22:12:25,334 [WARN] ModelIntegratedComponent:63 - No mode defined for component null
2025-01-26 22:12:25,334 [WARN] ModelIntegratedComponent:63 - No mode defined for component null
2025-01-26 22:12:25,334 [WARN] ModelIntegratedComponent:63 - No mode defined for component null
2025-01-26 22:12:25,334 [WARN] ModelIntegratedComponent:63 - No mode defined for component null
2025-01-26 22:12:25,334 [WARN] ModelIntegratedComponent:63 - No mode defined for component null
2025-01-26 22:12:25,334 [WARN] ModelIntegratedComponent:63 - No mode defined for component null
2025-01-26 22:12:25,334 [WARN] ModelIntegratedComponent:63 - No mode defined for component null
2025-01-26 22:12:25,334 [WARN] ModelIntegratedComponent:63 - No mode defined for component null
2025-01-26 22:12:25,334 [WARN] ModelIntegratedComponent:63 - No mode defined for component null
2025-01-26 22:12:25,334 [WARN] ModelIntegratedComponent:63 - No mode defined for component null
2025-01-26 22:12:25,334 [WARN] ModelIntegratedComponent:63 - No mode defined for component null
2025-01-26 22:12:25,334 [WARN] ModelIntegratedComponent:63 - No mode defined for component null
2025-01-26 22:12:25,334 [WARN] ModelIntegratedComponent:63 - No mode defined for component null
2025-01-26 22:12:25,334 [WARN] ModelIntegratedComponent:63 - No mode defined for component null
2025-01-26 22:12:25,334 [WARN] ModelIntegratedComponent:63 - No mode defined for component null
2025-01-26 22:12:25,334 [WARN] ModelIntegratedComponent:63 - No mode defined for component null
2025-01-26 22:12:25,334 [WARN] ModelPack:524 - Component already loaded: STMicroelectronics:HAL Drivers:0.0.0:STMicroelectronics:Device:STMicro_Driver:XSPI:HAL::0.0.1:HAL_XSPI
2025-01-26 22:12:25,388 [INFO] ThirdPartyModel:298 - Start build external matchings
2025-01-26 22:12:25,643 [INFO] ThirdPartyModel:316 - End build external matchings
2025-01-26 22:12:25,920 [ERROR] LogOutputStream:75 - [STDERR_REDIRECT] [Fatal Error] :1:1: Premature end of file.
2025-01-26 22:12:25,920 [ERROR] LogOutputStream:75 - [STDERR_REDIRECT] 
2025-01-26 22:12:26,032 [INFO] UtilMem:75 - End LoadConfig() Used Memory: 443584296 Bytes (905969664)
2025-01-26 22:12:26,070 [WARN] ThirdParty:833 - waiting for thirdparty lock release [change project]
2025-01-26 22:12:26,071 [INFO] ThirdParty:835 - entering critical section [change project]
2025-01-26 22:12:26,071 [INFO] ThirdParty:1030 - CMSIS Pack Vendor :STMicroelectronics USBPD 4.1
2025-01-26 22:12:26,071 [INFO] ThirdParty:1030 - CMSIS Pack Vendor :STMicroelectronics X-CUBE-AZRTOS-H7 3.3.0
2025-01-26 22:12:26,071 [INFO] ThirdParty:1030 - CMSIS Pack Vendor :STMicroelectronics X-CUBE-NFC9 1.0.0
2025-01-26 22:12:26,071 [INFO] ThirdParty:1030 - CMSIS Pack Vendor :STMicroelectronics USB_HOST 2.0.0
2025-01-26 22:12:26,071 [INFO] ThirdParty:1030 - CMSIS Pack Vendor :STMicroelectronics FP-SNS-MOTENVWB1 1.4.0
2025-01-26 22:12:26,071 [INFO] ThirdParty:1030 - CMSIS Pack Vendor :STMicroelectronics X-CUBE-AZRTOS-F4 1.1.0
2025-01-26 22:12:26,071 [INFO] ThirdParty:1030 - CMSIS Pack Vendor :STMicroelectronics LIBJPEG 8.0.0
2025-01-26 22:12:26,071 [INFO] ThirdParty:1030 - CMSIS Pack Vendor :STMicroelectronics X-CUBE-SMBUS 2.1.0
2025-01-26 22:12:26,071 [INFO] ThirdParty:1030 - CMSIS Pack Vendor :STMicroelectronics X-CUBE-WB05N 1.1.0
2025-01-26 22:12:26,071 [INFO] ThirdParty:1030 - CMSIS Pack Vendor :STMicroelectronics USB_DEVICE 3.0.0
2025-01-26 22:12:26,071 [INFO] ThirdParty:1030 - CMSIS Pack Vendor :STMicroelectronics X-CUBE-ISPU 2.1.0
2025-01-26 22:12:26,071 [INFO] ThirdParty:1030 - CMSIS Pack Vendor :STMicroelectronics X-CUBE-AZRTOS-WB 2.0.0
2025-01-26 22:12:26,071 [INFO] ThirdParty:1030 - CMSIS Pack Vendor :STMicroelectronics X-CUBE-GNSS1 7.0.1
2025-01-26 22:12:26,071 [INFO] ThirdParty:1030 - CMSIS Pack Vendor :STMicroelectronics X-CUBE-AZRTOS-F7 1.1.0
2025-01-26 22:12:26,071 [INFO] ThirdParty:1030 - CMSIS Pack Vendor :STMicroelectronics X-CUBE-AZRTOS-L5 2.0.0
2025-01-26 22:12:26,071 [INFO] ThirdParty:1030 - CMSIS Pack Vendor :STMicroelectronics USB_DEVICE 2.0.0
2025-01-26 22:12:26,071 [INFO] ThirdParty:1030 - CMSIS Pack Vendor :STMicroelectronics X-CUBE-NFC6 3.1.0
2025-01-26 22:12:26,071 [INFO] ThirdParty:1030 - CMSIS Pack Vendor :STMicroelectronics FP-SNS-STBOX1 2.0.0
2025-01-26 22:12:26,071 [INFO] ThirdParty:1030 - CMSIS Pack Vendor :STMicroelectronics FreeRTOS 0.0.1
2025-01-26 22:12:26,071 [INFO] ThirdParty:1030 - CMSIS Pack Vendor :STMicroelectronics X-CUBE-AZRTOS-G0 1.1.0
2025-01-26 22:12:26,071 [INFO] ThirdParty:1030 - CMSIS Pack Vendor :STMicroelectronics X-CUBE-SAFEA1 1.2.2
2025-01-26 22:12:26,071 [INFO] ThirdParty:1030 - CMSIS Pack Vendor :STMicroelectronics X-CUBE-NFC4 3.0.0
2025-01-26 22:12:26,071 [INFO] ThirdParty:1030 - CMSIS Pack Vendor :STMicroelectronics X-CUBE-DPower 1.2.0
2025-01-26 22:12:26,071 [INFO] ThirdParty:1030 - CMSIS Pack Vendor :STMicroelectronics X-CUBE-SUBG2 5.0.0
2025-01-26 22:12:26,071 [INFO] ThirdParty:1030 - CMSIS Pack Vendor :STMicroelectronics STM32_WPAN 1.0.0
2025-01-26 22:12:26,071 [INFO] ThirdParty:1030 - CMSIS Pack Vendor :EmbeddedOffice I-CUBE-FS-RTOS 1.0.1
2025-01-26 22:12:26,071 [INFO] ThirdParty:1030 - CMSIS Pack Vendor :STMicroelectronics lwIP 2.0.3
2025-01-26 22:12:26,071 [INFO] ThirdParty:1030 - CMSIS Pack Vendor :STMicroelectronics FP-SNS-FLIGHT1 5.0.2
2025-01-26 22:12:26,071 [INFO] ThirdParty:1030 - CMSIS Pack Vendor :Cesanta I-CUBE-Mongoose 7.13.0
2025-01-26 22:12:26,071 [INFO] ThirdParty:1030 - CMSIS Pack Vendor :STMicroelectronics USB_HOST 1.0.0
2025-01-26 22:12:26,071 [INFO] ThirdParty:1030 - CMSIS Pack Vendor :Infineon AIROC-Wi-Fi-Bluetooth-STM32 1.7.0
2025-01-26 22:12:26,071 [INFO] ThirdParty:1030 - CMSIS Pack Vendor :STMicroelectronics X-CUBE-AZRTOS-G4 2.0.0
2025-01-26 22:12:26,073 [INFO] ThirdParty:1030 - CMSIS Pack Vendor :STMicroelectronics PDM2PCM 3.1.0
2025-01-26 22:12:26,073 [INFO] ThirdParty:1030 - CMSIS Pack Vendor :STMicroelectronics PDM2PCM 3.3.0
2025-01-26 22:12:26,073 [INFO] ThirdParty:1030 - CMSIS Pack Vendor :STMicroelectronics X-CUBE-DISPLAY 3.0.0
2025-01-26 22:12:26,073 [INFO] ThirdParty:1030 - CMSIS Pack Vendor :STMicroelectronics X-CUBE-TCPP 4.2.0
2025-01-26 22:12:26,073 [INFO] ThirdParty:1030 - CMSIS Pack Vendor :RealThread X-CUBE-RT-Thread_Nano 4.1.1
2025-01-26 22:12:26,073 [INFO] ThirdParty:1030 - CMSIS Pack Vendor :STMicroelectronics X-CUBE-BLE1 7.0.0
2025-01-26 22:12:26,073 [INFO] ThirdParty:1030 - CMSIS Pack Vendor :STMicroelectronics FP-ATR-SIGFOX1 3.2.0
2025-01-26 22:12:26,073 [INFO] ThirdParty:1030 - CMSIS Pack Vendor :STMicroelectronics X-CUBE-NFC10 1.0.0
2025-01-26 22:12:26,073 [INFO] ThirdParty:1030 - CMSIS Pack Vendor :quantropi X-CUBE-qispace-sdk-base 1.9.3
2025-01-26 22:12:26,073 [INFO] ThirdParty:1030 - CMSIS Pack Vendor :STMicroelectronics X-CUBE-EEPRMA1 5.1.0
2025-01-26 22:12:26,073 [INFO] ThirdParty:1030 - CMSIS Pack Vendor :STMicroelectronics HAL Drivers 0.0.0
2025-01-26 22:12:26,073 [INFO] ThirdParty:1030 - CMSIS Pack Vendor :STMicroelectronics MBEDTLS 2.16.2
2025-01-26 22:12:26,073 [INFO] ThirdParty:1030 - CMSIS Pack Vendor :STMicroelectronics X-CUBE-IPS 3.1.0
2025-01-26 22:12:26,073 [INFO] ThirdParty:1030 - CMSIS Pack Vendor :STMicroelectronics X-CUBE-ALS 1.0.2
2025-01-26 22:12:26,073 [INFO] ThirdParty:1030 - CMSIS Pack Vendor :emotas I-CUBE-CANOPEN 1.3.0
2025-01-26 22:12:26,073 [INFO] ThirdParty:1030 - CMSIS Pack Vendor :STMicroelectronics X-CUBE-FREERTOS 1.3.0
2025-01-26 22:12:26,073 [INFO] ThirdParty:1030 - CMSIS Pack Vendor :STMicroelectronics X-CUBE-NFC7 1.0.1
2025-01-26 22:12:26,073 [INFO] ThirdParty:1030 - CMSIS Pack Vendor :STMicroelectronics MBEDTLS 2.14.1
2025-01-26 22:12:26,073 [INFO] ThirdParty:1030 - CMSIS Pack Vendor :wolfSSL I-CUBE-wolfSSL 5.7.6
2025-01-26 22:12:26,073 [INFO] ThirdParty:1030 - CMSIS Pack Vendor :ITTIA_DB I-CUBE-ITTIADB 8.9.0
2025-01-26 22:12:26,073 [INFO] ThirdParty:1030 - CMSIS Pack Vendor :STMicroelectronics X-CUBE-TOUCHGFX 4.24.2
2025-01-26 22:12:26,073 [INFO] ThirdParty:1030 - CMSIS Pack Vendor :wolfSSL I-CUBE-wolfTPM 3.4.0
2025-01-26 22:12:26,073 [INFO] ThirdParty:1030 - CMSIS Pack Vendor :portGmbH I-Cube-SoM-uGOAL 1.1.0
2025-01-26 22:12:26,073 [INFO] ThirdParty:1030 - CMSIS Pack Vendor :STMicroelectronics X-CUBE-AI 10.0.0
2025-01-26 22:12:26,073 [INFO] ThirdParty:1030 - CMSIS Pack Vendor :STMicroelectronics ThreadX 1.0.0
2025-01-26 22:12:26,073 [INFO] ThirdParty:1030 - CMSIS Pack Vendor :STMicroelectronics FP-SNS-SMARTAG2 1.2.0
2025-01-26 22:12:26,073 [INFO] ThirdParty:1030 - CMSIS Pack Vendor :STMicroelectronics X-CUBE-MEMS1 11.1.0
2025-01-26 22:12:26,073 [INFO] ThirdParty:1030 - CMSIS Pack Vendor :STMicroelectronics X-CUBE-AZRTOS-WL 2.0.0
2025-01-26 22:12:26,073 [INFO] ThirdParty:1030 - CMSIS Pack Vendor :SEGGER I-CUBE-embOS 1.3.1
2025-01-26 22:12:26,073 [INFO] ThirdParty:1030 - CMSIS Pack Vendor :STMicroelectronics X-CUBE-ALGOBUILD 1.4.0
2025-01-26 22:12:26,073 [INFO] ThirdParty:1030 - CMSIS Pack Vendor :STMicroelectronics FP-SNS-MOTENV1 5.0.0
2025-01-26 22:12:26,073 [INFO] ThirdParty:1030 - CMSIS Pack Vendor :STMicroelectronics USB_DEVICE 1.0.0
2025-01-26 22:12:26,073 [INFO] ThirdParty:1030 - CMSIS Pack Vendor :STMicroelectronics X-CUBE-AZRTOS-H7RS 1.0.0
2025-01-26 22:12:26,073 [INFO] ThirdParty:1030 - CMSIS Pack Vendor :wolfSSL I-CUBE-wolfMQTT 1.19.0
2025-01-26 22:12:26,073 [INFO] ThirdParty:1030 - CMSIS Pack Vendor :STMicroelectronics X-CUBE-AZRTOS-L4 2.0.0
2025-01-26 22:12:26,073 [INFO] ThirdParty:1030 - CMSIS Pack Vendor :STMicroelectronics ThreadX 0.0.2
2025-01-26 22:12:26,073 [INFO] ThirdParty:1030 - CMSIS Pack Vendor :WES I-CUBE-Cesium 1.3.0
2025-01-26 22:12:26,073 [INFO] ThirdParty:1030 - CMSIS Pack Vendor :STMicroelectronics lwIP 2.1.2
2025-01-26 22:12:26,073 [INFO] ThirdParty:1030 - CMSIS Pack Vendor :STMicroelectronics X-CUBE-SFXS2LP1 4.0.0
2025-01-26 22:12:26,073 [INFO] ThirdParty:1030 - CMSIS Pack Vendor :STMicroelectronics X-CUBE-BLE2 3.3.0
2025-01-26 22:12:26,074 [INFO] ThirdParty:1030 - CMSIS Pack Vendor :STMicroelectronics X-CUBE-TOF1 3.4.2
2025-01-26 22:12:26,074 [INFO] ThirdParty:1030 - CMSIS Pack Vendor :STMicroelectronics X-CUBE-AI 9.1.0
2025-01-26 22:12:26,074 [INFO] ThirdParty:1030 - CMSIS Pack Vendor :STMicroelectronics PDM2PCM 3.2.0
2025-01-26 22:12:26,074 [INFO] ThirdParty:1030 - CMSIS Pack Vendor :wolfSSL I-CUBE-wolfSSH 1.4.17
2025-01-26 22:12:26,074 [INFO] ThirdParty:841 - exiting critical section [change project]
2025-01-26 22:12:26,371 [INFO] PinOutPanel:1589 - setPackage(No Configuration,No Configuration)
2025-01-26 22:12:26,371 [INFO] PinOutPanel:1589 - setPackage(STM32F767ZITx,LQFP144)
2025-01-26 22:12:26,769 [INFO] UtilMem:75 - Before build in PCC Used Memory: 801539856 Bytes (905969664)
2025-01-26 22:12:26,918 [ERROR] LogOutputStream:75 - [STDERR_REDIRECT] [Fatal Error] :1:1: Premature end of file.
2025-01-26 22:12:26,918 [ERROR] LogOutputStream:75 - [STDERR_REDIRECT] 
2025-01-26 22:12:27,306 [INFO] UtilMem:75 - After build in PCC Used Memory: 427759168 Bytes (905969664)
2025-01-26 22:12:27,335 [INFO] IPUIPlugin:80 - create IPUIPlugin
2025-01-26 22:12:27,335 [INFO] IPUIPlugin:80 - create IPUIPlugin
2025-01-26 22:12:27,335 [INFO] IPUIPlugin:80 - create IPUIPlugin
2025-01-26 22:12:27,335 [INFO] IPUIPlugin:80 - create IPUIPlugin
2025-01-26 22:12:27,337 [INFO] IPUIPlugin:80 - create IPUIPlugin
2025-01-26 22:12:27,337 [INFO] IPUIPlugin:80 - create IPUIPlugin
2025-01-26 22:12:27,337 [INFO] IPUIPlugin:80 - create IPUIPlugin
2025-01-26 22:12:27,337 [INFO] IPUIPlugin:80 - create IPUIPlugin
2025-01-26 22:12:27,337 [INFO] IPUIPlugin:80 - create IPUIPlugin
2025-01-26 22:12:27,337 [INFO] IPUIPlugin:80 - create IPUIPlugin
2025-01-26 22:12:27,337 [INFO] IPUIPlugin:80 - create IPUIPlugin
2025-01-26 22:12:27,337 [INFO] IPUIPlugin:80 - create IPUIPlugin
2025-01-26 22:12:27,337 [INFO] IPUIPlugin:80 - create IPUIPlugin
2025-01-26 22:12:27,337 [INFO] IPUIPlugin:80 - create IPUIPlugin
2025-01-26 22:12:27,337 [INFO] IPUIPlugin:80 - create IPUIPlugin
2025-01-26 22:12:27,337 [INFO] IPUIPlugin:80 - create IPUIPlugin
2025-01-26 22:12:27,337 [INFO] IPUIPlugin:80 - create IPUIPlugin
2025-01-26 22:12:27,337 [INFO] IPUIPlugin:80 - create IPUIPlugin
2025-01-26 22:12:27,337 [INFO] IPUIPlugin:80 - create IPUIPlugin
2025-01-26 22:12:27,337 [INFO] IPUIPlugin:80 - create IPUIPlugin
2025-01-26 22:12:27,338 [INFO] IPUIPlugin:80 - create IPUIPlugin
2025-01-26 22:12:27,338 [INFO] IPUIPlugin:80 - create IPUIPlugin
2025-01-26 22:12:27,338 [INFO] IPUIPlugin:80 - create IPUIPlugin
2025-01-26 22:12:27,338 [INFO] IPUIPlugin:80 - create IPUIPlugin
2025-01-26 22:12:27,338 [INFO] IPUIPlugin:80 - create IPUIPlugin
2025-01-26 22:12:27,338 [INFO] IPUIPlugin:80 - create IPUIPlugin
2025-01-26 22:12:27,338 [INFO] IPUIPlugin:80 - create IPUIPlugin
2025-01-26 22:12:27,338 [INFO] IPUIPlugin:80 - create IPUIPlugin
2025-01-26 22:12:27,340 [INFO] IPUIPlugin:80 - create IPUIPlugin
2025-01-26 22:12:27,340 [INFO] IPUIPlugin:80 - create IPUIPlugin
2025-01-26 22:12:27,340 [INFO] IPUIPlugin:80 - create IPUIPlugin
2025-01-26 22:12:27,340 [INFO] IPUIPlugin:80 - create IPUIPlugin
2025-01-26 22:12:27,341 [INFO] IPUIPlugin:80 - create IPUIPlugin
2025-01-26 22:12:27,341 [INFO] IPUIPlugin:80 - create IPUIPlugin
2025-01-26 22:12:27,341 [INFO] IPUIPlugin:80 - create IPUIPlugin
2025-01-26 22:12:27,341 [INFO] IPUIPlugin:80 - create IPUIPlugin
2025-01-26 22:12:27,341 [INFO] IPUIPlugin:80 - create IPUIPlugin
2025-01-26 22:12:27,341 [INFO] IPUIPlugin:80 - create IPUIPlugin
2025-01-26 22:12:27,341 [INFO] IPUIPlugin:80 - create IPUIPlugin
2025-01-26 22:12:27,341 [INFO] IPUIPlugin:80 - create IPUIPlugin
2025-01-26 22:12:27,341 [INFO] IPUIPlugin:80 - create IPUIPlugin
2025-01-26 22:12:27,342 [INFO] IPUIPlugin:80 - create IPUIPlugin
2025-01-26 22:12:27,342 [INFO] IPUIPlugin:80 - create IPUIPlugin
2025-01-26 22:12:27,342 [INFO] IPUIPlugin:80 - create IPUIPlugin
2025-01-26 22:12:27,342 [INFO] IPUIPlugin:80 - create IPUIPlugin
2025-01-26 22:12:27,342 [INFO] IPUIPlugin:80 - create IPUIPlugin
2025-01-26 22:12:27,342 [INFO] IPUIPlugin:80 - create IPUIPlugin
2025-01-26 22:12:27,342 [INFO] IPUIPlugin:80 - create IPUIPlugin
2025-01-26 22:12:27,342 [INFO] IPUIPlugin:80 - create IPUIPlugin
2025-01-26 22:12:27,342 [INFO] IPUIPlugin:80 - create IPUIPlugin
2025-01-26 22:12:27,342 [INFO] IPUIPlugin:80 - create IPUIPlugin
2025-01-26 22:12:27,344 [INFO] IPUIPlugin:80 - create IPUIPlugin
2025-01-26 22:12:27,344 [INFO] IPUIPlugin:80 - create IPUIPlugin
2025-01-26 22:12:27,344 [INFO] IPUIPlugin:80 - create IPUIPlugin
2025-01-26 22:12:27,344 [INFO] IPUIPlugin:80 - create IPUIPlugin
2025-01-26 22:12:27,344 [INFO] IPUIPlugin:80 - create IPUIPlugin
2025-01-26 22:12:27,344 [INFO] IPUIPlugin:80 - create IPUIPlugin
2025-01-26 22:12:27,344 [INFO] IPUIPlugin:80 - create IPUIPlugin
2025-01-26 22:12:27,344 [INFO] IPUIPlugin:80 - create IPUIPlugin
2025-01-26 22:12:27,344 [INFO] IPUIPlugin:80 - create IPUIPlugin
2025-01-26 22:12:27,344 [INFO] IPUIPlugin:80 - create IPUIPlugin
2025-01-26 22:12:27,345 [INFO] IPUIPlugin:80 - create IPUIPlugin
2025-01-26 22:12:27,345 [INFO] IPUIPlugin:80 - create IPUIPlugin
2025-01-26 22:12:27,345 [INFO] IPUIPlugin:80 - create IPUIPlugin
2025-01-26 22:12:27,345 [INFO] IPUIPlugin:80 - create IPUIPlugin
2025-01-26 22:12:27,345 [INFO] IPUIPlugin:80 - create IPUIPlugin
2025-01-26 22:12:27,345 [INFO] IPUIPlugin:80 - create IPUIPlugin
2025-01-26 22:12:27,345 [INFO] IPUIPlugin:80 - create IPUIPlugin
2025-01-26 22:12:27,345 [INFO] IPUIPlugin:80 - create IPUIPlugin
2025-01-26 22:12:27,345 [INFO] IPUIPlugin:80 - create IPUIPlugin
2025-01-26 22:12:27,347 [INFO] IPUIPlugin:80 - create IPUIPlugin
2025-01-26 22:12:27,347 [INFO] IPUIPlugin:80 - create IPUIPlugin
2025-01-26 22:12:27,347 [INFO] IPUIPlugin:80 - create IPUIPlugin
2025-01-26 22:12:27,347 [INFO] IPUIPlugin:80 - create IPUIPlugin
2025-01-26 22:12:27,347 [INFO] IPUIPlugin:80 - create IPUIPlugin
2025-01-26 22:12:27,347 [INFO] IPUIPlugin:80 - create IPUIPlugin
2025-01-26 22:12:27,347 [INFO] IPUIPlugin:80 - create IPUIPlugin
2025-01-26 22:12:27,348 [INFO] IPUIPlugin:80 - create IPUIPlugin
2025-01-26 22:12:27,348 [INFO] IPUIPlugin:80 - create IPUIPlugin
2025-01-26 22:12:27,433 [INFO] ApiDbMcu:508 - Load IP Config File for PDM2PCM
2025-01-26 22:12:27,566 [INFO] CADModel:165 - CPN selected for project levelSTM32F767ZIT6
2025-01-26 22:12:27,566 [INFO] CADModel:114 - Register for checkConnection events
2025-01-26 22:12:27,607 [INFO] OpenFileManager:363 - Restore cursor
2025-01-26 22:12:27,926 [ERROR] LogOutputStream:75 - [STDERR_REDIRECT] [Fatal Error] :1:1: Premature end of file.
2025-01-26 22:12:27,926 [ERROR] LogOutputStream:75 - [STDERR_REDIRECT] 
2025-01-26 22:12:28,177 [INFO] UtilMem:75 - End SaveConfig() Used Memory: 463046648 Bytes (905969664)
2025-01-26 22:12:28,225 [INFO] UtilMem:75 - End SaveConfig() Used Memory: 495008384 Bytes (905969664)
2025-01-26 22:12:28,477 [INFO] BlockDiagram:2766 - set Specific Code input for plugin: RCC
2025-01-26 22:12:28,477 [INFO] BlockDiagram:2766 - set Specific Code input for plugin: NVIC
2025-01-26 22:12:28,477 [INFO] BlockDiagram:2766 - set Specific Code input for plugin: CORTEX_M7
2025-01-26 22:12:28,478 [INFO] CodeGenerator:896 - code generatio: config db path: C:\ST\STM32CubeIDE_1.17.0\STM32CubeIDE\plugins\com.st.stm32cube.common.mx_6.13.0.202411220809\\db\
2025-01-26 22:12:28,563 [INFO] CodeEngine:255 - oldGeneratedFile, D:\STM32\Lab5\Lab5\MXTmpFiles\license.tmp_save
2025-01-26 22:12:28,807 [INFO] CodeEngine:279 - Generated code: D:\STM32\Lab5\Lab5\MXTmpFiles\license.tmp
2025-01-26 22:12:28,855 [INFO] CodeEngine:255 - oldGeneratedFile, D:\STM32\Lab5\Lab5\MXTmpFiles\cortex.tmp_save
2025-01-26 22:12:28,925 [ERROR] LogOutputStream:75 - [STDERR_REDIRECT] [Fatal Error] :1:1: Premature end of file.
2025-01-26 22:12:28,925 [ERROR] LogOutputStream:75 - [STDERR_REDIRECT] 
2025-01-26 22:12:28,929 [INFO] CodeEngine:279 - Generated code: D:\STM32\Lab5\Lab5\MXTmpFiles\cortex.tmp
2025-01-26 22:12:28,940 [INFO] CodeEngine:255 - oldGeneratedFile, D:\STM32\Lab5\Lab5\Core\Src\stm32f7xx_it.c_save
2025-01-26 22:12:29,015 [INFO] CodeEngine:279 - Generated code: D:\STM32\Lab5\Lab5\Core\Src\stm32f7xx_it.c
2025-01-26 22:12:29,018 [INFO] CodeEngine:255 - oldGeneratedFile, D:\STM32\Lab5\Lab5\Core\Inc\stm32f7xx_it.h_save
2025-01-26 22:12:29,056 [INFO] CodeEngine:279 - Generated code: D:\STM32\Lab5\Lab5\Core\Inc\stm32f7xx_it.h
2025-01-26 22:12:29,073 [INFO] CodeEngine:255 - oldGeneratedFile, D:\STM32\Lab5\Lab5\Core\Src\stm32f7xx_hal_msp.c_save
2025-01-26 22:12:29,141 [INFO] CodeEngine:279 - Generated code: D:\STM32\Lab5\Lab5\Core\Src\stm32f7xx_hal_msp.c
2025-01-26 22:12:29,144 [INFO] CodeEngine:255 - oldGeneratedFile, D:\STM32\Lab5\Lab5\MXTmpFiles\system.tmp_save
2025-01-26 22:12:29,185 [INFO] CodeEngine:279 - Generated code: D:\STM32\Lab5\Lab5\MXTmpFiles\system.tmp
2025-01-26 22:12:29,192 [INFO] CodeEngine:311 - oldGeneratedFile, D:\STM32\Lab5\Lab5\Core\Inc\stm32f7xx_hal_conf.h_save
2025-01-26 22:12:29,238 [INFO] CodeEngine:335 - Generated code: D:\STM32\Lab5\Lab5\Core\Inc\stm32f7xx_hal_conf.h
2025-01-26 22:12:29,266 [INFO] ApiDbMcu:508 - Load IP Config File for RCC
2025-01-26 22:12:29,274 [INFO] CodeEngine:255 - oldGeneratedFile, D:\STM32\Lab5\Lab5\Core\Inc\main.h_save
2025-01-26 22:12:29,331 [INFO] CodeEngine:279 - Generated code: D:\STM32\Lab5\Lab5\Core\Inc\main.h
2025-01-26 22:12:29,334 [INFO] CodeEngine:255 - oldGeneratedFile, D:\STM32\Lab5\Lab5\Core\Src\main.c_save
2025-01-26 22:12:29,404 [INFO] CodeEngine:279 - Generated code: D:\STM32\Lab5\Lab5\Core\Src\main.c
2025-01-26 22:12:29,676 [INFO] ProjectBuilder:3289 - Time for Copy HAL[1] : 157mS.
2025-01-26 22:12:29,690 [INFO] ProjectBuilder:4876 - Project Generator version: 4.5.0-RC5
2025-01-26 22:12:29,746 [INFO] ConfigFileManager:1579 - The Die is : DIE451
2025-01-26 22:12:29,752 [INFO] ApiDbMcu:508 - Load IP Config File for FATFS
2025-01-26 22:12:29,757 [INFO] ApiDbMcu:508 - Load IP Config File for FREERTOS
2025-01-26 22:12:29,760 [INFO] ApiDbMcu:508 - Load IP Config File for LIBJPEG
2025-01-26 22:12:29,764 [INFO] ApiDbMcu:508 - Load IP Config File for LWIP
2025-01-26 22:12:29,767 [INFO] ApiDbMcu:508 - Load IP Config File for MBEDTLS
2025-01-26 22:12:29,772 [INFO] ApiDbMcu:508 - Load IP Config File for USB_DEVICE
2025-01-26 22:12:29,775 [INFO] ApiDbMcu:508 - Load IP Config File for USB_HOST
2025-01-26 22:12:29,924 [ERROR] LogOutputStream:75 - [STDERR_REDIRECT] [Fatal Error] :1:1: Premature end of file.
2025-01-26 22:12:29,924 [ERROR] LogOutputStream:75 - [STDERR_REDIRECT] 
2025-01-26 22:12:29,974 [INFO] LogOutputStream:77 - [STDOUT_REDIRECT] 
2025-01-26 22:12:30,919 [ERROR] LogOutputStream:75 - [STDERR_REDIRECT] [Fatal Error] :1:1: Premature end of file.
2025-01-26 22:12:30,919 [ERROR] LogOutputStream:75 - [STDERR_REDIRECT] 
2025-01-26 22:12:31,553 [INFO] ProjectBuilder:5154 - Time for Generating toolchain IDE Files: 1863mS.
2025-01-26 22:12:31,555 [INFO] ProjectBuilder:3146 - Time for Copy CMSIS : 0mS.
2025-01-26 22:12:31,555 [INFO] ProjectBuilder:3146 - Time for Copy CMSIS : 0mS.
2025-01-26 22:12:31,926 [ERROR] LogOutputStream:75 - [STDERR_REDIRECT] [Fatal Error] :1:1: Premature end of file.
2025-01-26 22:12:31,926 [ERROR] LogOutputStream:75 - [STDERR_REDIRECT] 
2025-01-26 22:12:32,457 [INFO] McuFinderGlobals:76 - Set McuFinderConnectedMode to true
2025-01-26 22:12:32,460 [INFO] ApiDb:448 - Save user favorites file C:\Users\Admin/.stm32cubeide/favorites.mcus.txt: 1 item(s)
2025-01-26 22:12:32,460 [INFO] ApiDb:452 - User favorites MCUs=[STM32F767ZIT6]
2025-01-26 22:12:32,922 [ERROR] LogOutputStream:75 - [STDERR_REDIRECT] [Fatal Error] :1:1: Premature end of file.
2025-01-26 22:12:32,922 [ERROR] LogOutputStream:75 - [STDERR_REDIRECT] 
2025-01-26 22:12:33,920 [ERROR] LogOutputStream:75 - [STDERR_REDIRECT] [Fatal Error] :1:1: Premature end of file.
2025-01-26 22:12:33,921 [ERROR] LogOutputStream:75 - [STDERR_REDIRECT] 
2025-01-26 22:12:34,924 [ERROR] LogOutputStream:75 - [STDERR_REDIRECT] [Fatal Error] :1:1: Premature end of file.
2025-01-26 22:12:34,924 [ERROR] LogOutputStream:75 - [STDERR_REDIRECT] 
2025-01-26 22:12:35,946 [ERROR] LogOutputStream:75 - [STDERR_REDIRECT] [Fatal Error] :1:1: Premature end of file.
2025-01-26 22:12:35,946 [ERROR] LogOutputStream:75 - [STDERR_REDIRECT] 
2025-01-26 22:12:36,927 [ERROR] LogOutputStream:75 - [STDERR_REDIRECT] [Fatal Error] :1:1: Premature end of file.
2025-01-26 22:12:36,927 [ERROR] LogOutputStream:75 - [STDERR_REDIRECT] 
2025-01-26 22:12:37,941 [ERROR] LogOutputStream:75 - [STDERR_REDIRECT] [Fatal Error] :1:1: Premature end of file.
2025-01-26 22:12:37,941 [ERROR] LogOutputStream:75 - [STDERR_REDIRECT] 
2025-01-26 22:12:38,922 [ERROR] LogOutputStream:75 - [STDERR_REDIRECT] [Fatal Error] :1:1: Premature end of file.
2025-01-26 22:12:38,922 [ERROR] LogOutputStream:75 - [STDERR_REDIRECT] 
2025-01-26 22:12:39,967 [ERROR] LogOutputStream:75 - [STDERR_REDIRECT] [Fatal Error] :1:1: Premature end of file.
2025-01-26 22:12:39,968 [ERROR] LogOutputStream:75 - [STDERR_REDIRECT] 
2025-01-26 22:12:40,933 [ERROR] LogOutputStream:75 - [STDERR_REDIRECT] [Fatal Error] :1:1: Premature end of file.
2025-01-26 22:12:40,933 [ERROR] LogOutputStream:75 - [STDERR_REDIRECT] 
2025-01-26 22:12:41,939 [ERROR] LogOutputStream:75 - [STDERR_REDIRECT] [Fatal Error] :1:1: Premature end of file.
2025-01-26 22:12:41,940 [ERROR] LogOutputStream:75 - [STDERR_REDIRECT] 
2025-01-26 22:12:42,926 [ERROR] LogOutputStream:75 - [STDERR_REDIRECT] [Fatal Error] :1:1: Premature end of file.
2025-01-26 22:12:42,926 [ERROR] LogOutputStream:75 - [STDERR_REDIRECT] 
2025-01-26 22:12:43,938 [ERROR] LogOutputStream:75 - [STDERR_REDIRECT] [Fatal Error] :1:1: Premature end of file.
2025-01-26 22:12:43,938 [ERROR] LogOutputStream:75 - [STDERR_REDIRECT] 
2025-01-26 22:12:44,939 [ERROR] LogOutputStream:75 - [STDERR_REDIRECT] [Fatal Error] :1:1: Premature end of file.
2025-01-26 22:12:44,939 [ERROR] LogOutputStream:75 - [STDERR_REDIRECT] 
2025-01-26 22:12:45,929 [ERROR] LogOutputStream:75 - [STDERR_REDIRECT] [Fatal Error] :1:1: Premature end of file.
2025-01-26 22:12:45,929 [ERROR] LogOutputStream:75 - [STDERR_REDIRECT] 
2025-01-26 22:12:46,928 [ERROR] LogOutputStream:75 - [STDERR_REDIRECT] [Fatal Error] :1:1: Premature end of file.
2025-01-26 22:12:46,928 [ERROR] LogOutputStream:75 - [STDERR_REDIRECT] 
2025-01-26 22:12:47,920 [ERROR] LogOutputStream:75 - [STDERR_REDIRECT] [Fatal Error] :1:1: Premature end of file.
2025-01-26 22:12:47,920 [ERROR] LogOutputStream:75 - [STDERR_REDIRECT] 
2025-01-26 22:12:48,933 [ERROR] LogOutputStream:75 - [STDERR_REDIRECT] [Fatal Error] :1:1: Premature end of file.
2025-01-26 22:12:48,933 [ERROR] LogOutputStream:75 - [STDERR_REDIRECT] 
2025-01-26 22:12:49,928 [ERROR] LogOutputStream:75 - [STDERR_REDIRECT] [Fatal Error] :1:1: Premature end of file.
2025-01-26 22:12:49,929 [ERROR] LogOutputStream:75 - [STDERR_REDIRECT] 
2025-01-26 22:12:50,926 [ERROR] LogOutputStream:75 - [STDERR_REDIRECT] [Fatal Error] :1:1: Premature end of file.
2025-01-26 22:12:50,926 [ERROR] LogOutputStream:75 - [STDERR_REDIRECT] 
2025-01-26 22:12:51,918 [ERROR] LogOutputStream:75 - [STDERR_REDIRECT] [Fatal Error] :1:1: Premature end of file.
2025-01-26 22:12:51,918 [ERROR] LogOutputStream:75 - [STDERR_REDIRECT] 
2025-01-26 22:12:52,925 [ERROR] LogOutputStream:75 - [STDERR_REDIRECT] [Fatal Error] :1:1: Premature end of file.
2025-01-26 22:12:52,925 [ERROR] LogOutputStream:75 - [STDERR_REDIRECT] 
2025-01-26 22:12:53,936 [ERROR] LogOutputStream:75 - [STDERR_REDIRECT] [Fatal Error] :1:1: Premature end of file.
2025-01-26 22:12:53,936 [ERROR] LogOutputStream:75 - [STDERR_REDIRECT] 
2025-01-26 22:12:54,920 [ERROR] LogOutputStream:75 - [STDERR_REDIRECT] [Fatal Error] :1:1: Premature end of file.
2025-01-26 22:12:54,920 [ERROR] LogOutputStream:75 - [STDERR_REDIRECT] 
2025-01-26 22:12:55,917 [ERROR] LogOutputStream:75 - [STDERR_REDIRECT] [Fatal Error] :1:1: Premature end of file.
2025-01-26 22:12:55,917 [ERROR] LogOutputStream:75 - [STDERR_REDIRECT] 
2025-01-26 22:12:56,918 [ERROR] LogOutputStream:75 - [STDERR_REDIRECT] [Fatal Error] :1:1: Premature end of file.
2025-01-26 22:12:56,919 [ERROR] LogOutputStream:75 - [STDERR_REDIRECT] 
2025-01-26 22:12:57,928 [ERROR] LogOutputStream:75 - [STDERR_REDIRECT] [Fatal Error] :1:1: Premature end of file.
2025-01-26 22:12:57,928 [ERROR] LogOutputStream:75 - [STDERR_REDIRECT] 
2025-01-26 22:12:58,920 [ERROR] LogOutputStream:75 - [STDERR_REDIRECT] [Fatal Error] :1:1: Premature end of file.
2025-01-26 22:12:58,920 [ERROR] LogOutputStream:75 - [STDERR_REDIRECT] 
2025-01-26 22:12:59,916 [ERROR] LogOutputStream:75 - [STDERR_REDIRECT] [Fatal Error] :1:1: Premature end of file.
2025-01-26 22:12:59,916 [ERROR] LogOutputStream:75 - [STDERR_REDIRECT] 
2025-01-26 22:13:00,921 [ERROR] LogOutputStream:75 - [STDERR_REDIRECT] [Fatal Error] :1:1: Premature end of file.
2025-01-26 22:13:00,921 [ERROR] LogOutputStream:75 - [STDERR_REDIRECT] 
2025-01-26 22:13:01,925 [ERROR] LogOutputStream:75 - [STDERR_REDIRECT] [Fatal Error] :1:1: Premature end of file.
2025-01-26 22:13:01,925 [ERROR] LogOutputStream:75 - [STDERR_REDIRECT] 
2025-01-26 22:13:02,922 [ERROR] LogOutputStream:75 - [STDERR_REDIRECT] [Fatal Error] :1:1: Premature end of file.
2025-01-26 22:13:02,922 [ERROR] LogOutputStream:75 - [STDERR_REDIRECT] 
2025-01-26 22:13:03,921 [ERROR] LogOutputStream:75 - [STDERR_REDIRECT] [Fatal Error] :1:1: Premature end of file.
2025-01-26 22:13:03,921 [ERROR] LogOutputStream:75 - [STDERR_REDIRECT] 
2025-01-26 22:13:04,945 [ERROR] LogOutputStream:75 - [STDERR_REDIRECT] [Fatal Error] :1:1: Premature end of file.
2025-01-26 22:13:04,945 [ERROR] LogOutputStream:75 - [STDERR_REDIRECT] 
2025-01-26 22:13:05,924 [ERROR] LogOutputStream:75 - [STDERR_REDIRECT] [Fatal Error] :1:1: Premature end of file.
2025-01-26 22:13:05,924 [ERROR] LogOutputStream:75 - [STDERR_REDIRECT] 
2025-01-26 22:13:06,937 [ERROR] LogOutputStream:75 - [STDERR_REDIRECT] [Fatal Error] :1:1: Premature end of file.
2025-01-26 22:13:06,937 [ERROR] LogOutputStream:75 - [STDERR_REDIRECT] 
2025-01-26 22:13:07,943 [ERROR] LogOutputStream:75 - [STDERR_REDIRECT] [Fatal Error] :1:1: Premature end of file.
2025-01-26 22:13:07,943 [ERROR] LogOutputStream:75 - [STDERR_REDIRECT] 
2025-01-26 22:13:08,936 [ERROR] LogOutputStream:75 - [STDERR_REDIRECT] [Fatal Error] :1:1: Premature end of file.
2025-01-26 22:13:08,936 [ERROR] LogOutputStream:75 - [STDERR_REDIRECT] 
2025-01-26 22:13:09,937 [ERROR] LogOutputStream:75 - [STDERR_REDIRECT] [Fatal Error] :1:1: Premature end of file.
2025-01-26 22:13:09,937 [ERROR] LogOutputStream:75 - [STDERR_REDIRECT] 
2025-01-26 22:13:10,918 [ERROR] LogOutputStream:75 - [STDERR_REDIRECT] [Fatal Error] :1:1: Premature end of file.
2025-01-26 22:13:10,918 [ERROR] LogOutputStream:75 - [STDERR_REDIRECT] 
2025-01-26 22:13:11,917 [INFO] NvicIntPanel:101 - NVIC parent = com.st.microxplorer.plugins.ip.nvic.MultiNvicIntPanel[,0,0,0x0,invalid,layout=javax.swing.BoxLayout,alignmentX=0.0,alignmentY=0.0,border=,flags=9,maximumSize=,minimumSize=,preferredSize=]
2025-01-26 22:13:11,925 [ERROR] LogOutputStream:75 - [STDERR_REDIRECT] [Fatal Error] :1:1: Premature end of file.
2025-01-26 22:13:11,925 [ERROR] LogOutputStream:75 - [STDERR_REDIRECT] 
2025-01-26 22:13:12,022 [INFO] NvicIntPanel:101 - NVIC parent = com.st.microxplorer.plugins.ip.nvic.MultiNvicIntPanel[,0,0,0x0,invalid,layout=javax.swing.BoxLayout,alignmentX=0.0,alignmentY=0.0,border=,flags=9,maximumSize=,minimumSize=,preferredSize=]
2025-01-26 22:13:12,148 [INFO] NvicIntPanel:101 - NVIC parent = com.st.microxplorer.plugins.ip.nvic.MultiNvicIntPanel[,0,0,0x0,invalid,layout=javax.swing.BoxLayout,alignmentX=0.0,alignmentY=0.0,border=,flags=9,maximumSize=,minimumSize=,preferredSize=]
2025-01-26 22:13:12,260 [INFO] NvicIntPanel:101 - NVIC parent = com.st.microxplorer.plugins.ip.nvic.MultiNvicIntPanel[,0,0,0x0,invalid,layout=javax.swing.BoxLayout,alignmentX=0.0,alignmentY=0.0,border=,flags=9,maximumSize=,minimumSize=,preferredSize=]
2025-01-26 22:13:12,934 [ERROR] LogOutputStream:75 - [STDERR_REDIRECT] [Fatal Error] :1:1: Premature end of file.
2025-01-26 22:13:12,934 [ERROR] LogOutputStream:75 - [STDERR_REDIRECT] 
2025-01-26 22:13:13,941 [ERROR] LogOutputStream:75 - [STDERR_REDIRECT] [Fatal Error] :1:1: Premature end of file.
2025-01-26 22:13:13,941 [ERROR] LogOutputStream:75 - [STDERR_REDIRECT] 
2025-01-26 22:13:14,117 [INFO] NvicIntPanel:101 - NVIC parent = com.st.microxplorer.plugins.ip.nvic.MultiNvicIntPanel[,0,0,0x0,invalid,layout=javax.swing.BoxLayout,alignmentX=0.0,alignmentY=0.0,border=,flags=9,maximumSize=,minimumSize=,preferredSize=]
2025-01-26 22:13:14,936 [ERROR] LogOutputStream:75 - [STDERR_REDIRECT] [Fatal Error] :1:1: Premature end of file.
2025-01-26 22:13:14,936 [ERROR] LogOutputStream:75 - [STDERR_REDIRECT] 
2025-01-26 22:13:15,925 [ERROR] LogOutputStream:75 - [STDERR_REDIRECT] [Fatal Error] :1:1: Premature end of file.
2025-01-26 22:13:15,925 [ERROR] LogOutputStream:75 - [STDERR_REDIRECT] 
2025-01-26 22:13:16,918 [ERROR] LogOutputStream:75 - [STDERR_REDIRECT] [Fatal Error] :1:1: Premature end of file.
2025-01-26 22:13:16,918 [ERROR] LogOutputStream:75 - [STDERR_REDIRECT] 
2025-01-26 22:13:17,928 [ERROR] LogOutputStream:75 - [STDERR_REDIRECT] [Fatal Error] :1:1: Premature end of file.
2025-01-26 22:13:17,928 [ERROR] LogOutputStream:75 - [STDERR_REDIRECT] 
2025-01-26 22:13:18,946 [ERROR] LogOutputStream:75 - [STDERR_REDIRECT] [Fatal Error] :1:1: Premature end of file.
2025-01-26 22:13:18,946 [ERROR] LogOutputStream:75 - [STDERR_REDIRECT] 
2025-01-26 22:13:19,925 [ERROR] LogOutputStream:75 - [STDERR_REDIRECT] [Fatal Error] :1:1: Premature end of file.
2025-01-26 22:13:19,925 [ERROR] LogOutputStream:75 - [STDERR_REDIRECT] 
2025-01-26 22:13:20,936 [ERROR] LogOutputStream:75 - [STDERR_REDIRECT] [Fatal Error] :1:1: Premature end of file.
2025-01-26 22:13:20,936 [ERROR] LogOutputStream:75 - [STDERR_REDIRECT] 
2025-01-26 22:13:21,922 [ERROR] LogOutputStream:75 - [STDERR_REDIRECT] [Fatal Error] :1:1: Premature end of file.
2025-01-26 22:13:21,922 [ERROR] LogOutputStream:75 - [STDERR_REDIRECT] 
2025-01-26 22:13:22,932 [ERROR] LogOutputStream:75 - [STDERR_REDIRECT] [Fatal Error] :1:1: Premature end of file.
2025-01-26 22:13:22,934 [ERROR] LogOutputStream:75 - [STDERR_REDIRECT] 
2025-01-26 22:13:23,246 [INFO] UtilMem:75 - End SaveConfig() Used Memory: 987943608 Bytes (1073741824)
2025-01-26 22:13:23,917 [ERROR] LogOutputStream:75 - [STDERR_REDIRECT] [Fatal Error] :1:1: Premature end of file.
2025-01-26 22:13:23,917 [ERROR] LogOutputStream:75 - [STDERR_REDIRECT] 
2025-01-26 22:13:24,563 [INFO] UtilMem:75 - End SaveConfig() Used Memory: 590305960 Bytes (1073741824)
2025-01-26 22:13:24,920 [ERROR] LogOutputStream:75 - [STDERR_REDIRECT] [Fatal Error] :1:1: Premature end of file.
2025-01-26 22:13:24,920 [ERROR] LogOutputStream:75 - [STDERR_REDIRECT] 
2025-01-26 22:13:25,944 [ERROR] LogOutputStream:75 - [STDERR_REDIRECT] [Fatal Error] :1:1: Premature end of file.
2025-01-26 22:13:25,944 [ERROR] LogOutputStream:75 - [STDERR_REDIRECT] 
2025-01-26 22:13:26,923 [ERROR] LogOutputStream:75 - [STDERR_REDIRECT] [Fatal Error] :1:1: Premature end of file.
2025-01-26 22:13:26,923 [ERROR] LogOutputStream:75 - [STDERR_REDIRECT] 
2025-01-26 22:13:27,461 [INFO] UtilMem:75 - End SaveConfig() Used Memory: 661338584 Bytes (1073741824)
2025-01-26 22:13:27,579 [INFO] BlockDiagram:2766 - set Specific Code input for plugin: SYS
2025-01-26 22:13:27,579 [INFO] BlockDiagram:2766 - set Specific Code input for plugin: RCC
2025-01-26 22:13:27,579 [INFO] BlockDiagram:2766 - set Specific Code input for plugin: NVIC
2025-01-26 22:13:27,579 [INFO] BlockDiagram:2766 - set Specific Code input for plugin: USART
2025-01-26 22:13:27,579 [INFO] BlockDiagram:2766 - set Specific Code input for plugin: CORTEX_M7
2025-01-26 22:13:27,579 [INFO] BlockDiagram:2766 - set Specific Code input for plugin: GPIO
2025-01-26 22:13:27,581 [INFO] CodeGenerator:896 - code generatio: config db path: C:\ST\STM32CubeIDE_1.17.0\STM32CubeIDE\plugins\com.st.stm32cube.common.mx_6.13.0.202411220809\\db\
2025-01-26 22:13:27,673 [INFO] CodeEngine:255 - oldGeneratedFile, D:\STM32\Lab5\Lab5\MXTmpFiles\license.tmp_save
2025-01-26 22:13:27,734 [INFO] CodeEngine:279 - Generated code: D:\STM32\Lab5\Lab5\MXTmpFiles\license.tmp
2025-01-26 22:13:27,752 [INFO] CodeEngine:255 - oldGeneratedFile, D:\STM32\Lab5\Lab5\MXTmpFiles\gpio.tmp_save
2025-01-26 22:13:27,799 [INFO] CodeEngine:279 - Generated code: D:\STM32\Lab5\Lab5\MXTmpFiles\gpio.tmp
2025-01-26 22:13:27,851 [INFO] CodeEngine:255 - oldGeneratedFile, D:\STM32\Lab5\Lab5\MXTmpFiles\cortex.tmp_save
2025-01-26 22:13:27,889 [INFO] CodeEngine:279 - Generated code: D:\STM32\Lab5\Lab5\MXTmpFiles\cortex.tmp
2025-01-26 22:13:27,899 [INFO] CodeEngine:255 - oldGeneratedFile, D:\STM32\Lab5\Lab5\Core\Src\stm32f7xx_it.c_save
2025-01-26 22:13:27,923 [ERROR] LogOutputStream:75 - [STDERR_REDIRECT] [Fatal Error] :1:1: Premature end of file.
2025-01-26 22:13:27,923 [ERROR] LogOutputStream:75 - [STDERR_REDIRECT] 
2025-01-26 22:13:27,955 [INFO] CodeEngine:279 - Generated code: D:\STM32\Lab5\Lab5\Core\Src\stm32f7xx_it.c
2025-01-26 22:13:27,960 [INFO] CodeEngine:255 - oldGeneratedFile, D:\STM32\Lab5\Lab5\Core\Inc\stm32f7xx_it.h_save
2025-01-26 22:13:27,994 [INFO] CodeEngine:279 - Generated code: D:\STM32\Lab5\Lab5\Core\Inc\stm32f7xx_it.h
2025-01-26 22:13:28,004 [INFO] CodeEngine:255 - oldGeneratedFile, D:\STM32\Lab5\Lab5\Core\Src\stm32f7xx_hal_msp.c_save
2025-01-26 22:13:28,066 [INFO] CodeEngine:279 - Generated code: D:\STM32\Lab5\Lab5\Core\Src\stm32f7xx_hal_msp.c
2025-01-26 22:13:28,069 [INFO] CodeEngine:255 - oldGeneratedFile, D:\STM32\Lab5\Lab5\MXTmpFiles\system.tmp_save
2025-01-26 22:13:28,104 [INFO] CodeEngine:279 - Generated code: D:\STM32\Lab5\Lab5\MXTmpFiles\system.tmp
2025-01-26 22:13:28,112 [INFO] CodeEngine:311 - oldGeneratedFile, D:\STM32\Lab5\Lab5\Core\Inc\stm32f7xx_hal_conf.h_save
2025-01-26 22:13:28,151 [INFO] CodeEngine:335 - Generated code: D:\STM32\Lab5\Lab5\Core\Inc\stm32f7xx_hal_conf.h
2025-01-26 22:13:28,165 [INFO] ApiDbMcu:508 - Load IP Config File for USART3
2025-01-26 22:13:28,173 [INFO] CodeEngine:255 - oldGeneratedFile, D:\STM32\Lab5\Lab5\Core\Inc\main.h_save
2025-01-26 22:13:28,221 [INFO] CodeEngine:279 - Generated code: D:\STM32\Lab5\Lab5\Core\Inc\main.h
2025-01-26 22:13:28,225 [INFO] CodeEngine:255 - oldGeneratedFile, D:\STM32\Lab5\Lab5\Core\Src\main.c_save
2025-01-26 22:13:28,289 [INFO] CodeEngine:279 - Generated code: D:\STM32\Lab5\Lab5\Core\Src\main.c
2025-01-26 22:13:28,469 [INFO] ProjectBuilder:3289 - Time for Copy HAL[1] : 92mS.
2025-01-26 22:13:28,472 [INFO] ProjectBuilder:4876 - Project Generator version: 4.5.0-RC5
2025-01-26 22:13:28,510 [INFO] ConfigFileManager:1579 - The Die is : DIE451
2025-01-26 22:13:28,926 [ERROR] LogOutputStream:75 - [STDERR_REDIRECT] [Fatal Error] :1:1: Premature end of file.
2025-01-26 22:13:28,926 [ERROR] LogOutputStream:75 - [STDERR_REDIRECT] 
2025-01-26 22:13:28,948 [INFO] ProjectBuilder:5154 - Time for Generating toolchain IDE Files: 476mS.
2025-01-26 22:13:28,948 [INFO] ProjectBuilder:3146 - Time for Copy CMSIS : 0mS.
2025-01-26 22:13:28,949 [INFO] ProjectBuilder:3146 - Time for Copy CMSIS : 0mS.
2025-01-26 22:13:29,933 [ERROR] LogOutputStream:75 - [STDERR_REDIRECT] [Fatal Error] :1:1: Premature end of file.
2025-01-26 22:13:29,933 [ERROR] LogOutputStream:75 - [STDERR_REDIRECT] 
2025-01-26 22:13:30,934 [ERROR] LogOutputStream:75 - [STDERR_REDIRECT] [Fatal Error] :1:1: Premature end of file.
2025-01-26 22:13:30,934 [ERROR] LogOutputStream:75 - [STDERR_REDIRECT] 
2025-01-26 22:13:31,929 [ERROR] LogOutputStream:75 - [STDERR_REDIRECT] [Fatal Error] :1:1: Premature end of file.
2025-01-26 22:13:31,929 [ERROR] LogOutputStream:75 - [STDERR_REDIRECT] 
2025-01-26 22:13:32,942 [ERROR] LogOutputStream:75 - [STDERR_REDIRECT] [Fatal Error] :1:1: Premature end of file.
2025-01-26 22:13:32,942 [ERROR] LogOutputStream:75 - [STDERR_REDIRECT] 
2025-01-26 22:13:33,937 [ERROR] LogOutputStream:75 - [STDERR_REDIRECT] [Fatal Error] :1:1: Premature end of file.
2025-01-26 22:13:33,937 [ERROR] LogOutputStream:75 - [STDERR_REDIRECT] 
2025-01-26 22:13:34,928 [ERROR] LogOutputStream:75 - [STDERR_REDIRECT] [Fatal Error] :1:1: Premature end of file.
2025-01-26 22:13:34,928 [ERROR] LogOutputStream:75 - [STDERR_REDIRECT] 
2025-01-26 22:13:35,933 [ERROR] LogOutputStream:75 - [STDERR_REDIRECT] [Fatal Error] :1:1: Premature end of file.
2025-01-26 22:13:35,935 [ERROR] LogOutputStream:75 - [STDERR_REDIRECT] 
2025-01-26 22:13:36,944 [ERROR] LogOutputStream:75 - [STDERR_REDIRECT] [Fatal Error] :1:1: Premature end of file.
2025-01-26 22:13:36,946 [ERROR] LogOutputStream:75 - [STDERR_REDIRECT] 
2025-01-26 22:13:37,925 [ERROR] LogOutputStream:75 - [STDERR_REDIRECT] [Fatal Error] :1:1: Premature end of file.
2025-01-26 22:13:37,925 [ERROR] LogOutputStream:75 - [STDERR_REDIRECT] 
2025-01-26 22:13:38,935 [ERROR] LogOutputStream:75 - [STDERR_REDIRECT] [Fatal Error] :1:1: Premature end of file.
2025-01-26 22:13:38,935 [ERROR] LogOutputStream:75 - [STDERR_REDIRECT] 
2025-01-26 22:13:39,938 [ERROR] LogOutputStream:75 - [STDERR_REDIRECT] [Fatal Error] :1:1: Premature end of file.
2025-01-26 22:13:39,938 [ERROR] LogOutputStream:75 - [STDERR_REDIRECT] 
2025-01-26 22:13:40,934 [ERROR] LogOutputStream:75 - [STDERR_REDIRECT] [Fatal Error] :1:1: Premature end of file.
2025-01-26 22:13:40,934 [ERROR] LogOutputStream:75 - [STDERR_REDIRECT] 
2025-01-26 22:13:41,929 [ERROR] LogOutputStream:75 - [STDERR_REDIRECT] [Fatal Error] :1:1: Premature end of file.
2025-01-26 22:13:41,929 [ERROR] LogOutputStream:75 - [STDERR_REDIRECT] 
2025-01-26 22:13:42,931 [ERROR] LogOutputStream:75 - [STDERR_REDIRECT] [Fatal Error] :1:1: Premature end of file.
2025-01-26 22:13:42,931 [ERROR] LogOutputStream:75 - [STDERR_REDIRECT] 
2025-01-26 22:13:43,933 [ERROR] LogOutputStream:75 - [STDERR_REDIRECT] [Fatal Error] :1:1: Premature end of file.
2025-01-26 22:13:43,933 [ERROR] LogOutputStream:75 - [STDERR_REDIRECT] 
2025-01-26 22:13:44,934 [ERROR] LogOutputStream:75 - [STDERR_REDIRECT] [Fatal Error] :1:1: Premature end of file.
2025-01-26 22:13:44,934 [ERROR] LogOutputStream:75 - [STDERR_REDIRECT] 
2025-01-26 22:13:45,928 [ERROR] LogOutputStream:75 - [STDERR_REDIRECT] [Fatal Error] :1:1: Premature end of file.
2025-01-26 22:13:45,928 [ERROR] LogOutputStream:75 - [STDERR_REDIRECT] 
2025-01-26 22:13:46,961 [ERROR] LogOutputStream:75 - [STDERR_REDIRECT] [Fatal Error] :1:1: Premature end of file.
2025-01-26 22:13:46,961 [ERROR] LogOutputStream:75 - [STDERR_REDIRECT] 
2025-01-26 22:13:47,941 [ERROR] LogOutputStream:75 - [STDERR_REDIRECT] [Fatal Error] :1:1: Premature end of file.
2025-01-26 22:13:47,941 [ERROR] LogOutputStream:75 - [STDERR_REDIRECT] 
2025-01-26 22:13:48,941 [ERROR] LogOutputStream:75 - [STDERR_REDIRECT] [Fatal Error] :1:1: Premature end of file.
2025-01-26 22:13:48,941 [ERROR] LogOutputStream:75 - [STDERR_REDIRECT] 
2025-01-26 22:13:49,926 [ERROR] LogOutputStream:75 - [STDERR_REDIRECT] [Fatal Error] :1:1: Premature end of file.
2025-01-26 22:13:49,926 [ERROR] LogOutputStream:75 - [STDERR_REDIRECT] 
2025-01-26 22:13:50,936 [ERROR] LogOutputStream:75 - [STDERR_REDIRECT] [Fatal Error] :1:1: Premature end of file.
2025-01-26 22:13:50,936 [ERROR] LogOutputStream:75 - [STDERR_REDIRECT] 
2025-01-26 22:13:51,932 [ERROR] LogOutputStream:75 - [STDERR_REDIRECT] [Fatal Error] :1:1: Premature end of file.
2025-01-26 22:13:51,932 [ERROR] LogOutputStream:75 - [STDERR_REDIRECT] 
2025-01-26 22:13:52,943 [ERROR] LogOutputStream:75 - [STDERR_REDIRECT] [Fatal Error] :1:1: Premature end of file.
2025-01-26 22:13:52,943 [ERROR] LogOutputStream:75 - [STDERR_REDIRECT] 
2025-01-26 22:13:53,928 [ERROR] LogOutputStream:75 - [STDERR_REDIRECT] [Fatal Error] :1:1: Premature end of file.
2025-01-26 22:13:53,928 [ERROR] LogOutputStream:75 - [STDERR_REDIRECT] 
2025-01-26 22:13:54,932 [ERROR] LogOutputStream:75 - [STDERR_REDIRECT] [Fatal Error] :1:1: Premature end of file.
2025-01-26 22:13:54,932 [ERROR] LogOutputStream:75 - [STDERR_REDIRECT] 
2025-01-26 22:13:55,929 [ERROR] LogOutputStream:75 - [STDERR_REDIRECT] [Fatal Error] :1:1: Premature end of file.
2025-01-26 22:13:55,929 [ERROR] LogOutputStream:75 - [STDERR_REDIRECT] 
2025-01-26 22:13:56,934 [ERROR] LogOutputStream:75 - [STDERR_REDIRECT] [Fatal Error] :1:1: Premature end of file.
2025-01-26 22:13:56,934 [ERROR] LogOutputStream:75 - [STDERR_REDIRECT] 
2025-01-26 22:13:57,923 [ERROR] LogOutputStream:75 - [STDERR_REDIRECT] [Fatal Error] :1:1: Premature end of file.
2025-01-26 22:13:57,923 [ERROR] LogOutputStream:75 - [STDERR_REDIRECT] 
2025-01-26 22:13:58,924 [ERROR] LogOutputStream:75 - [STDERR_REDIRECT] [Fatal Error] :1:1: Premature end of file.
2025-01-26 22:13:58,924 [ERROR] LogOutputStream:75 - [STDERR_REDIRECT] 
2025-01-26 22:13:59,932 [ERROR] LogOutputStream:75 - [STDERR_REDIRECT] [Fatal Error] :1:1: Premature end of file.
2025-01-26 22:13:59,933 [ERROR] LogOutputStream:75 - [STDERR_REDIRECT] 
2025-01-26 22:14:00,941 [ERROR] LogOutputStream:75 - [STDERR_REDIRECT] [Fatal Error] :1:1: Premature end of file.
2025-01-26 22:14:00,941 [ERROR] LogOutputStream:75 - [STDERR_REDIRECT] 
2025-01-26 22:14:01,935 [ERROR] LogOutputStream:75 - [STDERR_REDIRECT] [Fatal Error] :1:1: Premature end of file.
2025-01-26 22:14:01,935 [ERROR] LogOutputStream:75 - [STDERR_REDIRECT] 
2025-01-26 22:14:02,929 [ERROR] LogOutputStream:75 - [STDERR_REDIRECT] [Fatal Error] :1:1: Premature end of file.
2025-01-26 22:14:02,929 [ERROR] LogOutputStream:75 - [STDERR_REDIRECT] 
2025-01-26 22:14:03,955 [ERROR] LogOutputStream:75 - [STDERR_REDIRECT] [Fatal Error] :1:1: Premature end of file.
2025-01-26 22:14:03,955 [ERROR] LogOutputStream:75 - [STDERR_REDIRECT] 
2025-01-26 22:14:04,943 [ERROR] LogOutputStream:75 - [STDERR_REDIRECT] [Fatal Error] :1:1: Premature end of file.
2025-01-26 22:14:04,943 [ERROR] LogOutputStream:75 - [STDERR_REDIRECT] 
2025-01-26 22:14:05,913 [ERROR] LogOutputStream:75 - [STDERR_REDIRECT] [Fatal Error] :1:1: Premature end of file.
2025-01-26 22:14:05,913 [ERROR] LogOutputStream:75 - [STDERR_REDIRECT] 
2025-01-26 22:14:06,961 [ERROR] LogOutputStream:75 - [STDERR_REDIRECT] [Fatal Error] :1:1: Premature end of file.
2025-01-26 22:14:06,961 [ERROR] LogOutputStream:75 - [STDERR_REDIRECT] 
2025-01-26 22:14:07,947 [ERROR] LogOutputStream:75 - [STDERR_REDIRECT] [Fatal Error] :1:1: Premature end of file.
2025-01-26 22:14:07,947 [ERROR] LogOutputStream:75 - [STDERR_REDIRECT] 
2025-01-26 22:14:08,936 [ERROR] LogOutputStream:75 - [STDERR_REDIRECT] [Fatal Error] :1:1: Premature end of file.
2025-01-26 22:14:08,936 [ERROR] LogOutputStream:75 - [STDERR_REDIRECT] 
2025-01-26 22:14:09,946 [ERROR] LogOutputStream:75 - [STDERR_REDIRECT] [Fatal Error] :1:1: Premature end of file.
2025-01-26 22:14:09,946 [ERROR] LogOutputStream:75 - [STDERR_REDIRECT] 
2025-01-26 22:14:10,927 [ERROR] LogOutputStream:75 - [STDERR_REDIRECT] [Fatal Error] :1:1: Premature end of file.
2025-01-26 22:14:10,927 [ERROR] LogOutputStream:75 - [STDERR_REDIRECT] 
2025-01-26 22:14:11,923 [ERROR] LogOutputStream:75 - [STDERR_REDIRECT] [Fatal Error] :1:1: Premature end of file.
2025-01-26 22:14:11,923 [ERROR] LogOutputStream:75 - [STDERR_REDIRECT] 
2025-01-26 22:14:12,933 [ERROR] LogOutputStream:75 - [STDERR_REDIRECT] [Fatal Error] :1:1: Premature end of file.
2025-01-26 22:14:12,933 [ERROR] LogOutputStream:75 - [STDERR_REDIRECT] 
2025-01-26 22:14:13,937 [ERROR] LogOutputStream:75 - [STDERR_REDIRECT] [Fatal Error] :1:1: Premature end of file.
2025-01-26 22:14:13,937 [ERROR] LogOutputStream:75 - [STDERR_REDIRECT] 
2025-01-26 22:14:14,936 [ERROR] LogOutputStream:75 - [STDERR_REDIRECT] [Fatal Error] :1:1: Premature end of file.
2025-01-26 22:14:14,936 [ERROR] LogOutputStream:75 - [STDERR_REDIRECT] 
2025-01-26 22:14:15,932 [ERROR] LogOutputStream:75 - [STDERR_REDIRECT] [Fatal Error] :1:1: Premature end of file.
2025-01-26 22:14:15,932 [ERROR] LogOutputStream:75 - [STDERR_REDIRECT] 
2025-01-26 22:14:16,920 [ERROR] LogOutputStream:75 - [STDERR_REDIRECT] [Fatal Error] :1:1: Premature end of file.
2025-01-26 22:14:16,920 [ERROR] LogOutputStream:75 - [STDERR_REDIRECT] 
2025-01-26 22:14:17,938 [ERROR] LogOutputStream:75 - [STDERR_REDIRECT] [Fatal Error] :1:1: Premature end of file.
2025-01-26 22:14:17,938 [ERROR] LogOutputStream:75 - [STDERR_REDIRECT] 
2025-01-26 22:14:18,929 [ERROR] LogOutputStream:75 - [STDERR_REDIRECT] [Fatal Error] :1:1: Premature end of file.
2025-01-26 22:14:18,929 [ERROR] LogOutputStream:75 - [STDERR_REDIRECT] 
2025-01-26 22:14:19,964 [ERROR] LogOutputStream:75 - [STDERR_REDIRECT] [Fatal Error] :1:1: Premature end of file.
2025-01-26 22:14:19,964 [ERROR] LogOutputStream:75 - [STDERR_REDIRECT] 
2025-01-26 22:14:20,916 [ERROR] LogOutputStream:75 - [STDERR_REDIRECT] [Fatal Error] :1:1: Premature end of file.
2025-01-26 22:14:20,916 [ERROR] LogOutputStream:75 - [STDERR_REDIRECT] 
2025-01-26 22:14:21,922 [ERROR] LogOutputStream:75 - [STDERR_REDIRECT] [Fatal Error] :1:1: Premature end of file.
2025-01-26 22:14:21,922 [ERROR] LogOutputStream:75 - [STDERR_REDIRECT] 
2025-01-26 22:14:22,945 [ERROR] LogOutputStream:75 - [STDERR_REDIRECT] [Fatal Error] :1:1: Premature end of file.
2025-01-26 22:14:22,945 [ERROR] LogOutputStream:75 - [STDERR_REDIRECT] 
2025-01-26 22:14:23,936 [ERROR] LogOutputStream:75 - [STDERR_REDIRECT] [Fatal Error] :1:1: Premature end of file.
2025-01-26 22:14:23,936 [ERROR] LogOutputStream:75 - [STDERR_REDIRECT] 
2025-01-26 22:14:24,914 [ERROR] LogOutputStream:75 - [STDERR_REDIRECT] [Fatal Error] :1:1: Premature end of file.
2025-01-26 22:14:24,914 [ERROR] LogOutputStream:75 - [STDERR_REDIRECT] 
2025-01-26 22:14:25,934 [ERROR] LogOutputStream:75 - [STDERR_REDIRECT] [Fatal Error] :1:1: Premature end of file.
2025-01-26 22:14:25,935 [ERROR] LogOutputStream:75 - [STDERR_REDIRECT] 
2025-01-26 22:14:26,925 [ERROR] LogOutputStream:75 - [STDERR_REDIRECT] [Fatal Error] :1:1: Premature end of file.
2025-01-26 22:14:26,925 [ERROR] LogOutputStream:75 - [STDERR_REDIRECT] 
2025-01-26 22:14:27,932 [ERROR] LogOutputStream:75 - [STDERR_REDIRECT] [Fatal Error] :1:1: Premature end of file.
2025-01-26 22:14:27,932 [ERROR] LogOutputStream:75 - [STDERR_REDIRECT] 
2025-01-26 22:14:28,917 [ERROR] LogOutputStream:75 - [STDERR_REDIRECT] [Fatal Error] :1:1: Premature end of file.
2025-01-26 22:14:28,917 [ERROR] LogOutputStream:75 - [STDERR_REDIRECT] 
2025-01-26 22:14:29,923 [ERROR] LogOutputStream:75 - [STDERR_REDIRECT] [Fatal Error] :1:1: Premature end of file.
2025-01-26 22:14:29,923 [ERROR] LogOutputStream:75 - [STDERR_REDIRECT] 
2025-01-26 22:14:30,928 [ERROR] LogOutputStream:75 - [STDERR_REDIRECT] [Fatal Error] :1:1: Premature end of file.
2025-01-26 22:14:30,929 [ERROR] LogOutputStream:75 - [STDERR_REDIRECT] 
2025-01-26 22:14:31,924 [ERROR] LogOutputStream:75 - [STDERR_REDIRECT] [Fatal Error] :1:1: Premature end of file.
2025-01-26 22:14:31,924 [ERROR] LogOutputStream:75 - [STDERR_REDIRECT] 
2025-01-26 22:14:32,925 [ERROR] LogOutputStream:75 - [STDERR_REDIRECT] [Fatal Error] :1:1: Premature end of file.
2025-01-26 22:14:32,925 [ERROR] LogOutputStream:75 - [STDERR_REDIRECT] 
2025-01-26 22:14:33,920 [ERROR] LogOutputStream:75 - [STDERR_REDIRECT] [Fatal Error] :1:1: Premature end of file.
2025-01-26 22:14:33,920 [ERROR] LogOutputStream:75 - [STDERR_REDIRECT] 
2025-01-26 22:14:34,944 [ERROR] LogOutputStream:75 - [STDERR_REDIRECT] [Fatal Error] :1:1: Premature end of file.
2025-01-26 22:14:34,944 [ERROR] LogOutputStream:75 - [STDERR_REDIRECT] 
2025-01-26 22:14:35,925 [ERROR] LogOutputStream:75 - [STDERR_REDIRECT] [Fatal Error] :1:1: Premature end of file.
2025-01-26 22:14:35,925 [ERROR] LogOutputStream:75 - [STDERR_REDIRECT] 
2025-01-26 22:14:36,943 [ERROR] LogOutputStream:75 - [STDERR_REDIRECT] [Fatal Error] :1:1: Premature end of file.
2025-01-26 22:14:36,943 [ERROR] LogOutputStream:75 - [STDERR_REDIRECT] 
2025-01-26 22:14:37,932 [ERROR] LogOutputStream:75 - [STDERR_REDIRECT] [Fatal Error] :1:1: Premature end of file.
2025-01-26 22:14:37,932 [ERROR] LogOutputStream:75 - [STDERR_REDIRECT] 
2025-01-26 22:14:38,943 [ERROR] LogOutputStream:75 - [STDERR_REDIRECT] [Fatal Error] :1:1: Premature end of file.
2025-01-26 22:14:38,943 [ERROR] LogOutputStream:75 - [STDERR_REDIRECT] 
2025-01-26 22:14:39,939 [ERROR] LogOutputStream:75 - [STDERR_REDIRECT] [Fatal Error] :1:1: Premature end of file.
2025-01-26 22:14:39,939 [ERROR] LogOutputStream:75 - [STDERR_REDIRECT] 
2025-01-26 22:14:40,947 [ERROR] LogOutputStream:75 - [STDERR_REDIRECT] [Fatal Error] :1:1: Premature end of file.
2025-01-26 22:14:40,948 [ERROR] LogOutputStream:75 - [STDERR_REDIRECT] 
2025-01-26 22:14:41,941 [ERROR] LogOutputStream:75 - [STDERR_REDIRECT] [Fatal Error] :1:1: Premature end of file.
2025-01-26 22:14:41,941 [ERROR] LogOutputStream:75 - [STDERR_REDIRECT] 
2025-01-26 22:14:42,934 [ERROR] LogOutputStream:75 - [STDERR_REDIRECT] [Fatal Error] :1:1: Premature end of file.
2025-01-26 22:14:42,934 [ERROR] LogOutputStream:75 - [STDERR_REDIRECT] 
2025-01-26 22:14:43,938 [ERROR] LogOutputStream:75 - [STDERR_REDIRECT] [Fatal Error] :1:1: Premature end of file.
2025-01-26 22:14:43,938 [ERROR] LogOutputStream:75 - [STDERR_REDIRECT] 
2025-01-26 22:14:44,936 [ERROR] LogOutputStream:75 - [STDERR_REDIRECT] [Fatal Error] :1:1: Premature end of file.
2025-01-26 22:14:44,936 [ERROR] LogOutputStream:75 - [STDERR_REDIRECT] 
2025-01-26 22:14:45,933 [ERROR] LogOutputStream:75 - [STDERR_REDIRECT] [Fatal Error] :1:1: Premature end of file.
2025-01-26 22:14:45,934 [ERROR] LogOutputStream:75 - [STDERR_REDIRECT] 
2025-01-26 22:14:46,938 [ERROR] LogOutputStream:75 - [STDERR_REDIRECT] [Fatal Error] :1:1: Premature end of file.
2025-01-26 22:14:46,938 [ERROR] LogOutputStream:75 - [STDERR_REDIRECT] 
2025-01-26 22:14:47,943 [ERROR] LogOutputStream:75 - [STDERR_REDIRECT] [Fatal Error] :1:1: Premature end of file.
2025-01-26 22:14:47,943 [ERROR] LogOutputStream:75 - [STDERR_REDIRECT] 
2025-01-26 22:14:48,935 [ERROR] LogOutputStream:75 - [STDERR_REDIRECT] [Fatal Error] :1:1: Premature end of file.
2025-01-26 22:14:48,935 [ERROR] LogOutputStream:75 - [STDERR_REDIRECT] 
2025-01-26 22:14:49,944 [ERROR] LogOutputStream:75 - [STDERR_REDIRECT] [Fatal Error] :1:1: Premature end of file.
2025-01-26 22:14:49,944 [ERROR] LogOutputStream:75 - [STDERR_REDIRECT] 
2025-01-26 22:14:50,930 [ERROR] LogOutputStream:75 - [STDERR_REDIRECT] [Fatal Error] :1:1: Premature end of file.
2025-01-26 22:14:50,930 [ERROR] LogOutputStream:75 - [STDERR_REDIRECT] 
2025-01-26 22:14:51,940 [ERROR] LogOutputStream:75 - [STDERR_REDIRECT] [Fatal Error] :1:1: Premature end of file.
2025-01-26 22:14:51,940 [ERROR] LogOutputStream:75 - [STDERR_REDIRECT] 
2025-01-26 22:14:52,930 [ERROR] LogOutputStream:75 - [STDERR_REDIRECT] [Fatal Error] :1:1: Premature end of file.
2025-01-26 22:14:52,930 [ERROR] LogOutputStream:75 - [STDERR_REDIRECT] 
2025-01-26 22:14:53,948 [ERROR] LogOutputStream:75 - [STDERR_REDIRECT] [Fatal Error] :1:1: Premature end of file.
2025-01-26 22:14:53,948 [ERROR] LogOutputStream:75 - [STDERR_REDIRECT] 
2025-01-26 22:14:54,923 [ERROR] LogOutputStream:75 - [STDERR_REDIRECT] [Fatal Error] :1:1: Premature end of file.
2025-01-26 22:14:54,925 [ERROR] LogOutputStream:75 - [STDERR_REDIRECT] 
2025-01-26 22:14:55,953 [ERROR] LogOutputStream:75 - [STDERR_REDIRECT] [Fatal Error] :1:1: Premature end of file.
2025-01-26 22:14:55,953 [ERROR] LogOutputStream:75 - [STDERR_REDIRECT] 
2025-01-26 22:14:56,944 [ERROR] LogOutputStream:75 - [STDERR_REDIRECT] [Fatal Error] :1:1: Premature end of file.
2025-01-26 22:14:56,944 [ERROR] LogOutputStream:75 - [STDERR_REDIRECT] 
2025-01-26 22:14:57,939 [ERROR] LogOutputStream:75 - [STDERR_REDIRECT] [Fatal Error] :1:1: Premature end of file.
2025-01-26 22:14:57,939 [ERROR] LogOutputStream:75 - [STDERR_REDIRECT] 
2025-01-26 22:14:58,940 [ERROR] LogOutputStream:75 - [STDERR_REDIRECT] [Fatal Error] :1:1: Premature end of file.
2025-01-26 22:14:58,940 [ERROR] LogOutputStream:75 - [STDERR_REDIRECT] 
2025-01-26 22:14:59,939 [ERROR] LogOutputStream:75 - [STDERR_REDIRECT] [Fatal Error] :1:1: Premature end of file.
2025-01-26 22:14:59,939 [ERROR] LogOutputStream:75 - [STDERR_REDIRECT] 
2025-01-26 22:15:00,937 [ERROR] LogOutputStream:75 - [STDERR_REDIRECT] [Fatal Error] :1:1: Premature end of file.
2025-01-26 22:15:00,937 [ERROR] LogOutputStream:75 - [STDERR_REDIRECT] 
2025-01-26 22:15:01,953 [ERROR] LogOutputStream:75 - [STDERR_REDIRECT] [Fatal Error] :1:1: Premature end of file.
2025-01-26 22:15:01,954 [ERROR] LogOutputStream:75 - [STDERR_REDIRECT] 
2025-01-26 22:15:02,930 [ERROR] LogOutputStream:75 - [STDERR_REDIRECT] [Fatal Error] :1:1: Premature end of file.
2025-01-26 22:15:02,930 [ERROR] LogOutputStream:75 - [STDERR_REDIRECT] 
2025-01-26 22:15:03,932 [ERROR] LogOutputStream:75 - [STDERR_REDIRECT] [Fatal Error] :1:1: Premature end of file.
2025-01-26 22:15:03,932 [ERROR] LogOutputStream:75 - [STDERR_REDIRECT] 
2025-01-26 22:15:04,935 [ERROR] LogOutputStream:75 - [STDERR_REDIRECT] [Fatal Error] :1:1: Premature end of file.
2025-01-26 22:15:04,935 [ERROR] LogOutputStream:75 - [STDERR_REDIRECT] 
2025-01-26 22:15:05,929 [ERROR] LogOutputStream:75 - [STDERR_REDIRECT] [Fatal Error] :1:1: Premature end of file.
2025-01-26 22:15:05,931 [ERROR] LogOutputStream:75 - [STDERR_REDIRECT] 
2025-01-26 22:15:06,917 [ERROR] LogOutputStream:75 - [STDERR_REDIRECT] [Fatal Error] :1:1: Premature end of file.
2025-01-26 22:15:06,917 [ERROR] LogOutputStream:75 - [STDERR_REDIRECT] 
2025-01-26 22:15:07,922 [ERROR] LogOutputStream:75 - [STDERR_REDIRECT] [Fatal Error] :1:1: Premature end of file.
2025-01-26 22:15:07,922 [ERROR] LogOutputStream:75 - [STDERR_REDIRECT] 
2025-01-26 22:15:08,939 [ERROR] LogOutputStream:75 - [STDERR_REDIRECT] [Fatal Error] :1:1: Premature end of file.
2025-01-26 22:15:08,939 [ERROR] LogOutputStream:75 - [STDERR_REDIRECT] 
2025-01-26 22:15:09,929 [ERROR] LogOutputStream:75 - [STDERR_REDIRECT] [Fatal Error] :1:1: Premature end of file.
2025-01-26 22:15:09,929 [ERROR] LogOutputStream:75 - [STDERR_REDIRECT] 
2025-01-26 22:15:10,938 [ERROR] LogOutputStream:75 - [STDERR_REDIRECT] [Fatal Error] :1:1: Premature end of file.
2025-01-26 22:15:10,938 [ERROR] LogOutputStream:75 - [STDERR_REDIRECT] 
2025-01-26 22:15:11,928 [ERROR] LogOutputStream:75 - [STDERR_REDIRECT] [Fatal Error] :1:1: Premature end of file.
2025-01-26 22:15:11,928 [ERROR] LogOutputStream:75 - [STDERR_REDIRECT] 
2025-01-26 22:15:12,945 [ERROR] LogOutputStream:75 - [STDERR_REDIRECT] [Fatal Error] :1:1: Premature end of file.
2025-01-26 22:15:12,945 [ERROR] LogOutputStream:75 - [STDERR_REDIRECT] 
2025-01-26 22:15:13,932 [ERROR] LogOutputStream:75 - [STDERR_REDIRECT] [Fatal Error] :1:1: Premature end of file.
2025-01-26 22:15:13,932 [ERROR] LogOutputStream:75 - [STDERR_REDIRECT] 
2025-01-26 22:15:14,927 [ERROR] LogOutputStream:75 - [STDERR_REDIRECT] [Fatal Error] :1:1: Premature end of file.
2025-01-26 22:15:14,927 [ERROR] LogOutputStream:75 - [STDERR_REDIRECT] 
2025-01-26 22:15:15,927 [ERROR] LogOutputStream:75 - [STDERR_REDIRECT] [Fatal Error] :1:1: Premature end of file.
2025-01-26 22:15:15,927 [ERROR] LogOutputStream:75 - [STDERR_REDIRECT] 
2025-01-26 22:15:16,943 [ERROR] LogOutputStream:75 - [STDERR_REDIRECT] [Fatal Error] :1:1: Premature end of file.
2025-01-26 22:15:16,943 [ERROR] LogOutputStream:75 - [STDERR_REDIRECT] 
2025-01-26 22:15:17,935 [ERROR] LogOutputStream:75 - [STDERR_REDIRECT] [Fatal Error] :1:1: Premature end of file.
2025-01-26 22:15:17,935 [ERROR] LogOutputStream:75 - [STDERR_REDIRECT] 
2025-01-26 22:15:18,930 [ERROR] LogOutputStream:75 - [STDERR_REDIRECT] [Fatal Error] :1:1: Premature end of file.
2025-01-26 22:15:18,930 [ERROR] LogOutputStream:75 - [STDERR_REDIRECT] 
2025-01-26 22:15:19,936 [ERROR] LogOutputStream:75 - [STDERR_REDIRECT] [Fatal Error] :1:1: Premature end of file.
2025-01-26 22:15:19,936 [ERROR] LogOutputStream:75 - [STDERR_REDIRECT] 
2025-01-26 22:15:20,928 [ERROR] LogOutputStream:75 - [STDERR_REDIRECT] [Fatal Error] :1:1: Premature end of file.
2025-01-26 22:15:20,930 [ERROR] LogOutputStream:75 - [STDERR_REDIRECT] 
2025-01-26 22:15:21,924 [ERROR] LogOutputStream:75 - [STDERR_REDIRECT] [Fatal Error] :1:1: Premature end of file.
2025-01-26 22:15:21,924 [ERROR] LogOutputStream:75 - [STDERR_REDIRECT] 
2025-01-26 22:15:22,932 [ERROR] LogOutputStream:75 - [STDERR_REDIRECT] [Fatal Error] :1:1: Premature end of file.
2025-01-26 22:15:22,933 [ERROR] LogOutputStream:75 - [STDERR_REDIRECT] 
2025-01-26 22:15:23,922 [ERROR] LogOutputStream:75 - [STDERR_REDIRECT] [Fatal Error] :1:1: Premature end of file.
2025-01-26 22:15:23,922 [ERROR] LogOutputStream:75 - [STDERR_REDIRECT] 
2025-01-26 22:15:24,924 [ERROR] LogOutputStream:75 - [STDERR_REDIRECT] [Fatal Error] :1:1: Premature end of file.
2025-01-26 22:15:24,924 [ERROR] LogOutputStream:75 - [STDERR_REDIRECT] 
2025-01-26 22:15:25,938 [ERROR] LogOutputStream:75 - [STDERR_REDIRECT] [Fatal Error] :1:1: Premature end of file.
2025-01-26 22:15:25,938 [ERROR] LogOutputStream:75 - [STDERR_REDIRECT] 
2025-01-26 22:15:26,915 [ERROR] LogOutputStream:75 - [STDERR_REDIRECT] [Fatal Error] :1:1: Premature end of file.
2025-01-26 22:15:26,915 [ERROR] LogOutputStream:75 - [STDERR_REDIRECT] 
2025-01-26 22:15:27,941 [ERROR] LogOutputStream:75 - [STDERR_REDIRECT] [Fatal Error] :1:1: Premature end of file.
2025-01-26 22:15:27,941 [ERROR] LogOutputStream:75 - [STDERR_REDIRECT] 
2025-01-26 22:15:28,922 [ERROR] LogOutputStream:75 - [STDERR_REDIRECT] [Fatal Error] :1:1: Premature end of file.
2025-01-26 22:15:28,922 [ERROR] LogOutputStream:75 - [STDERR_REDIRECT] 
2025-01-26 22:15:29,916 [ERROR] LogOutputStream:75 - [STDERR_REDIRECT] [Fatal Error] :1:1: Premature end of file.
2025-01-26 22:15:29,916 [ERROR] LogOutputStream:75 - [STDERR_REDIRECT] 
2025-01-26 22:15:30,920 [ERROR] LogOutputStream:75 - [STDERR_REDIRECT] [Fatal Error] :1:1: Premature end of file.
2025-01-26 22:15:30,920 [ERROR] LogOutputStream:75 - [STDERR_REDIRECT] 
2025-01-26 22:15:31,919 [ERROR] LogOutputStream:75 - [STDERR_REDIRECT] [Fatal Error] :1:1: Premature end of file.
2025-01-26 22:15:31,919 [ERROR] LogOutputStream:75 - [STDERR_REDIRECT] 
2025-01-26 22:15:32,918 [ERROR] LogOutputStream:75 - [STDERR_REDIRECT] [Fatal Error] :1:1: Premature end of file.
2025-01-26 22:15:32,918 [ERROR] LogOutputStream:75 - [STDERR_REDIRECT] 
2025-01-26 22:15:33,933 [ERROR] LogOutputStream:75 - [STDERR_REDIRECT] [Fatal Error] :1:1: Premature end of file.
2025-01-26 22:15:33,933 [ERROR] LogOutputStream:75 - [STDERR_REDIRECT] 
2025-01-26 22:15:34,933 [ERROR] LogOutputStream:75 - [STDERR_REDIRECT] [Fatal Error] :1:1: Premature end of file.
2025-01-26 22:15:34,933 [ERROR] LogOutputStream:75 - [STDERR_REDIRECT] 
2025-01-26 22:15:35,921 [ERROR] LogOutputStream:75 - [STDERR_REDIRECT] [Fatal Error] :1:1: Premature end of file.
2025-01-26 22:15:35,921 [ERROR] LogOutputStream:75 - [STDERR_REDIRECT] 
2025-01-26 22:15:36,930 [ERROR] LogOutputStream:75 - [STDERR_REDIRECT] [Fatal Error] :1:1: Premature end of file.
2025-01-26 22:15:36,930 [ERROR] LogOutputStream:75 - [STDERR_REDIRECT] 
2025-01-26 22:15:37,934 [ERROR] LogOutputStream:75 - [STDERR_REDIRECT] [Fatal Error] :1:1: Premature end of file.
2025-01-26 22:15:37,934 [ERROR] LogOutputStream:75 - [STDERR_REDIRECT] 
2025-01-26 22:15:38,929 [ERROR] LogOutputStream:75 - [STDERR_REDIRECT] [Fatal Error] :1:1: Premature end of file.
2025-01-26 22:15:38,929 [ERROR] LogOutputStream:75 - [STDERR_REDIRECT] 
2025-01-26 22:15:39,934 [ERROR] LogOutputStream:75 - [STDERR_REDIRECT] [Fatal Error] :1:1: Premature end of file.
2025-01-26 22:15:39,934 [ERROR] LogOutputStream:75 - [STDERR_REDIRECT] 
2025-01-26 22:15:40,934 [ERROR] LogOutputStream:75 - [STDERR_REDIRECT] [Fatal Error] :1:1: Premature end of file.
2025-01-26 22:15:40,934 [ERROR] LogOutputStream:75 - [STDERR_REDIRECT] 
2025-01-26 22:15:41,932 [ERROR] LogOutputStream:75 - [STDERR_REDIRECT] [Fatal Error] :1:1: Premature end of file.
2025-01-26 22:15:41,932 [ERROR] LogOutputStream:75 - [STDERR_REDIRECT] 
2025-01-26 22:15:42,938 [ERROR] LogOutputStream:75 - [STDERR_REDIRECT] [Fatal Error] :1:1: Premature end of file.
2025-01-26 22:15:42,938 [ERROR] LogOutputStream:75 - [STDERR_REDIRECT] 
2025-01-26 22:15:43,925 [ERROR] LogOutputStream:75 - [STDERR_REDIRECT] [Fatal Error] :1:1: Premature end of file.
2025-01-26 22:15:43,925 [ERROR] LogOutputStream:75 - [STDERR_REDIRECT] 
2025-01-26 22:15:44,940 [ERROR] LogOutputStream:75 - [STDERR_REDIRECT] [Fatal Error] :1:1: Premature end of file.
2025-01-26 22:15:44,941 [ERROR] LogOutputStream:75 - [STDERR_REDIRECT] 
2025-01-26 22:15:45,947 [ERROR] LogOutputStream:75 - [STDERR_REDIRECT] [Fatal Error] :1:1: Premature end of file.
2025-01-26 22:15:45,947 [ERROR] LogOutputStream:75 - [STDERR_REDIRECT] 
2025-01-26 22:15:46,924 [ERROR] LogOutputStream:75 - [STDERR_REDIRECT] [Fatal Error] :1:1: Premature end of file.
2025-01-26 22:15:46,925 [ERROR] LogOutputStream:75 - [STDERR_REDIRECT] 
2025-01-26 22:15:47,935 [ERROR] LogOutputStream:75 - [STDERR_REDIRECT] [Fatal Error] :1:1: Premature end of file.
2025-01-26 22:15:47,935 [ERROR] LogOutputStream:75 - [STDERR_REDIRECT] 
2025-01-26 22:15:48,929 [ERROR] LogOutputStream:75 - [STDERR_REDIRECT] [Fatal Error] :1:1: Premature end of file.
2025-01-26 22:15:48,931 [ERROR] LogOutputStream:75 - [STDERR_REDIRECT] 
2025-01-26 22:15:49,925 [ERROR] LogOutputStream:75 - [STDERR_REDIRECT] [Fatal Error] :1:1: Premature end of file.
2025-01-26 22:15:49,925 [ERROR] LogOutputStream:75 - [STDERR_REDIRECT] 
2025-01-26 22:15:50,934 [ERROR] LogOutputStream:75 - [STDERR_REDIRECT] [Fatal Error] :1:1: Premature end of file.
2025-01-26 22:15:50,934 [ERROR] LogOutputStream:75 - [STDERR_REDIRECT] 
2025-01-26 22:15:51,930 [ERROR] LogOutputStream:75 - [STDERR_REDIRECT] [Fatal Error] :1:1: Premature end of file.
2025-01-26 22:15:51,930 [ERROR] LogOutputStream:75 - [STDERR_REDIRECT] 
2025-01-26 22:15:52,926 [ERROR] LogOutputStream:75 - [STDERR_REDIRECT] [Fatal Error] :1:1: Premature end of file.
2025-01-26 22:15:52,926 [ERROR] LogOutputStream:75 - [STDERR_REDIRECT] 
2025-01-26 22:15:53,911 [ERROR] LogOutputStream:75 - [STDERR_REDIRECT] [Fatal Error] :1:1: Premature end of file.
2025-01-26 22:15:53,911 [ERROR] LogOutputStream:75 - [STDERR_REDIRECT] 
2025-01-26 22:15:54,927 [ERROR] LogOutputStream:75 - [STDERR_REDIRECT] [Fatal Error] :1:1: Premature end of file.
2025-01-26 22:15:54,927 [ERROR] LogOutputStream:75 - [STDERR_REDIRECT] 
2025-01-26 22:15:55,938 [ERROR] LogOutputStream:75 - [STDERR_REDIRECT] [Fatal Error] :1:1: Premature end of file.
2025-01-26 22:15:55,938 [ERROR] LogOutputStream:75 - [STDERR_REDIRECT] 
2025-01-26 22:15:56,926 [ERROR] LogOutputStream:75 - [STDERR_REDIRECT] [Fatal Error] :1:1: Premature end of file.
2025-01-26 22:15:56,928 [ERROR] LogOutputStream:75 - [STDERR_REDIRECT] 
2025-01-26 22:15:57,928 [ERROR] LogOutputStream:75 - [STDERR_REDIRECT] [Fatal Error] :1:1: Premature end of file.
2025-01-26 22:15:57,928 [ERROR] LogOutputStream:75 - [STDERR_REDIRECT] 
2025-01-26 22:15:58,919 [ERROR] LogOutputStream:75 - [STDERR_REDIRECT] [Fatal Error] :1:1: Premature end of file.
2025-01-26 22:15:58,919 [ERROR] LogOutputStream:75 - [STDERR_REDIRECT] 
2025-01-26 22:15:59,926 [ERROR] LogOutputStream:75 - [STDERR_REDIRECT] [Fatal Error] :1:1: Premature end of file.
2025-01-26 22:15:59,926 [ERROR] LogOutputStream:75 - [STDERR_REDIRECT] 
2025-01-26 22:16:00,941 [ERROR] LogOutputStream:75 - [STDERR_REDIRECT] [Fatal Error] :1:1: Premature end of file.
2025-01-26 22:16:00,941 [ERROR] LogOutputStream:75 - [STDERR_REDIRECT] 
2025-01-26 22:16:01,918 [ERROR] LogOutputStream:75 - [STDERR_REDIRECT] [Fatal Error] :1:1: Premature end of file.
2025-01-26 22:16:01,918 [ERROR] LogOutputStream:75 - [STDERR_REDIRECT] 
2025-01-26 22:16:02,930 [ERROR] LogOutputStream:75 - [STDERR_REDIRECT] [Fatal Error] :1:1: Premature end of file.
2025-01-26 22:16:02,930 [ERROR] LogOutputStream:75 - [STDERR_REDIRECT] 
2025-01-26 22:16:03,943 [ERROR] LogOutputStream:75 - [STDERR_REDIRECT] [Fatal Error] :1:1: Premature end of file.
2025-01-26 22:16:03,944 [ERROR] LogOutputStream:75 - [STDERR_REDIRECT] 
2025-01-26 22:16:04,917 [ERROR] LogOutputStream:75 - [STDERR_REDIRECT] [Fatal Error] :1:1: Premature end of file.
2025-01-26 22:16:04,917 [ERROR] LogOutputStream:75 - [STDERR_REDIRECT] 
2025-01-26 22:16:05,921 [ERROR] LogOutputStream:75 - [STDERR_REDIRECT] [Fatal Error] :1:1: Premature end of file.
2025-01-26 22:16:05,921 [ERROR] LogOutputStream:75 - [STDERR_REDIRECT] 
2025-01-26 22:16:06,917 [ERROR] LogOutputStream:75 - [STDERR_REDIRECT] [Fatal Error] :1:1: Premature end of file.
2025-01-26 22:16:06,917 [ERROR] LogOutputStream:75 - [STDERR_REDIRECT] 
2025-01-26 22:16:07,945 [ERROR] LogOutputStream:75 - [STDERR_REDIRECT] [Fatal Error] :1:1: Premature end of file.
2025-01-26 22:16:07,945 [ERROR] LogOutputStream:75 - [STDERR_REDIRECT] 
2025-01-26 22:16:08,929 [ERROR] LogOutputStream:75 - [STDERR_REDIRECT] [Fatal Error] :1:1: Premature end of file.
2025-01-26 22:16:08,929 [ERROR] LogOutputStream:75 - [STDERR_REDIRECT] 
2025-01-26 22:16:09,932 [ERROR] LogOutputStream:75 - [STDERR_REDIRECT] [Fatal Error] :1:1: Premature end of file.
2025-01-26 22:16:09,932 [ERROR] LogOutputStream:75 - [STDERR_REDIRECT] 
2025-01-26 22:16:10,927 [ERROR] LogOutputStream:75 - [STDERR_REDIRECT] [Fatal Error] :1:1: Premature end of file.
2025-01-26 22:16:10,927 [ERROR] LogOutputStream:75 - [STDERR_REDIRECT] 
2025-01-26 22:16:11,936 [ERROR] LogOutputStream:75 - [STDERR_REDIRECT] [Fatal Error] :1:1: Premature end of file.
2025-01-26 22:16:11,936 [ERROR] LogOutputStream:75 - [STDERR_REDIRECT] 
2025-01-26 22:16:12,941 [ERROR] LogOutputStream:75 - [STDERR_REDIRECT] [Fatal Error] :1:1: Premature end of file.
2025-01-26 22:16:12,941 [ERROR] LogOutputStream:75 - [STDERR_REDIRECT] 
2025-01-26 22:16:13,927 [ERROR] LogOutputStream:75 - [STDERR_REDIRECT] [Fatal Error] :1:1: Premature end of file.
2025-01-26 22:16:13,927 [ERROR] LogOutputStream:75 - [STDERR_REDIRECT] 
2025-01-26 22:16:14,947 [ERROR] LogOutputStream:75 - [STDERR_REDIRECT] [Fatal Error] :1:1: Premature end of file.
2025-01-26 22:16:14,947 [ERROR] LogOutputStream:75 - [STDERR_REDIRECT] 
2025-01-26 22:16:15,939 [ERROR] LogOutputStream:75 - [STDERR_REDIRECT] [Fatal Error] :1:1: Premature end of file.
2025-01-26 22:16:15,939 [ERROR] LogOutputStream:75 - [STDERR_REDIRECT] 
2025-01-26 22:16:16,931 [ERROR] LogOutputStream:75 - [STDERR_REDIRECT] [Fatal Error] :1:1: Premature end of file.
2025-01-26 22:16:16,931 [ERROR] LogOutputStream:75 - [STDERR_REDIRECT] 
2025-01-26 22:16:17,943 [ERROR] LogOutputStream:75 - [STDERR_REDIRECT] [Fatal Error] :1:1: Premature end of file.
2025-01-26 22:16:17,943 [ERROR] LogOutputStream:75 - [STDERR_REDIRECT] 
2025-01-26 22:16:18,934 [ERROR] LogOutputStream:75 - [STDERR_REDIRECT] [Fatal Error] :1:1: Premature end of file.
2025-01-26 22:16:18,934 [ERROR] LogOutputStream:75 - [STDERR_REDIRECT] 
2025-01-26 22:16:19,941 [ERROR] LogOutputStream:75 - [STDERR_REDIRECT] [Fatal Error] :1:1: Premature end of file.
2025-01-26 22:16:19,941 [ERROR] LogOutputStream:75 - [STDERR_REDIRECT] 
2025-01-26 22:16:20,945 [ERROR] LogOutputStream:75 - [STDERR_REDIRECT] [Fatal Error] :1:1: Premature end of file.
2025-01-26 22:16:20,947 [ERROR] LogOutputStream:75 - [STDERR_REDIRECT] 
2025-01-26 22:16:21,936 [ERROR] LogOutputStream:75 - [STDERR_REDIRECT] [Fatal Error] :1:1: Premature end of file.
2025-01-26 22:16:21,936 [ERROR] LogOutputStream:75 - [STDERR_REDIRECT] 
2025-01-26 22:16:22,949 [ERROR] LogOutputStream:75 - [STDERR_REDIRECT] [Fatal Error] :1:1: Premature end of file.
2025-01-26 22:16:22,949 [ERROR] LogOutputStream:75 - [STDERR_REDIRECT] 
2025-01-26 22:16:23,928 [ERROR] LogOutputStream:75 - [STDERR_REDIRECT] [Fatal Error] :1:1: Premature end of file.
2025-01-26 22:16:23,928 [ERROR] LogOutputStream:75 - [STDERR_REDIRECT] 
2025-01-26 22:16:24,931 [ERROR] LogOutputStream:75 - [STDERR_REDIRECT] [Fatal Error] :1:1: Premature end of file.
2025-01-26 22:16:24,931 [ERROR] LogOutputStream:75 - [STDERR_REDIRECT] 
2025-01-26 22:16:25,939 [ERROR] LogOutputStream:75 - [STDERR_REDIRECT] [Fatal Error] :1:1: Premature end of file.
2025-01-26 22:16:25,939 [ERROR] LogOutputStream:75 - [STDERR_REDIRECT] 
2025-01-26 22:16:26,942 [ERROR] LogOutputStream:75 - [STDERR_REDIRECT] [Fatal Error] :1:1: Premature end of file.
2025-01-26 22:16:26,942 [ERROR] LogOutputStream:75 - [STDERR_REDIRECT] 
2025-01-26 22:16:27,937 [ERROR] LogOutputStream:75 - [STDERR_REDIRECT] [Fatal Error] :1:1: Premature end of file.
2025-01-26 22:16:27,937 [ERROR] LogOutputStream:75 - [STDERR_REDIRECT] 
2025-01-26 22:16:28,930 [ERROR] LogOutputStream:75 - [STDERR_REDIRECT] [Fatal Error] :1:1: Premature end of file.
2025-01-26 22:16:28,930 [ERROR] LogOutputStream:75 - [STDERR_REDIRECT] 
2025-01-26 22:16:29,936 [ERROR] LogOutputStream:75 - [STDERR_REDIRECT] [Fatal Error] :1:1: Premature end of file.
2025-01-26 22:16:29,936 [ERROR] LogOutputStream:75 - [STDERR_REDIRECT] 
2025-01-26 22:16:30,933 [ERROR] LogOutputStream:75 - [STDERR_REDIRECT] [Fatal Error] :1:1: Premature end of file.
2025-01-26 22:16:30,933 [ERROR] LogOutputStream:75 - [STDERR_REDIRECT] 
2025-01-26 22:16:31,938 [ERROR] LogOutputStream:75 - [STDERR_REDIRECT] [Fatal Error] :1:1: Premature end of file.
2025-01-26 22:16:31,938 [ERROR] LogOutputStream:75 - [STDERR_REDIRECT] 
2025-01-26 22:16:32,932 [ERROR] LogOutputStream:75 - [STDERR_REDIRECT] [Fatal Error] :1:1: Premature end of file.
2025-01-26 22:16:32,932 [ERROR] LogOutputStream:75 - [STDERR_REDIRECT] 
2025-01-26 22:16:33,936 [ERROR] LogOutputStream:75 - [STDERR_REDIRECT] [Fatal Error] :1:1: Premature end of file.
2025-01-26 22:16:33,937 [ERROR] LogOutputStream:75 - [STDERR_REDIRECT] 
2025-01-26 22:16:34,966 [ERROR] LogOutputStream:75 - [STDERR_REDIRECT] [Fatal Error] :1:1: Premature end of file.
2025-01-26 22:16:34,967 [ERROR] LogOutputStream:75 - [STDERR_REDIRECT] 
2025-01-26 22:16:35,930 [ERROR] LogOutputStream:75 - [STDERR_REDIRECT] [Fatal Error] :1:1: Premature end of file.
2025-01-26 22:16:35,930 [ERROR] LogOutputStream:75 - [STDERR_REDIRECT] 
2025-01-26 22:16:36,934 [ERROR] LogOutputStream:75 - [STDERR_REDIRECT] [Fatal Error] :1:1: Premature end of file.
2025-01-26 22:16:36,934 [ERROR] LogOutputStream:75 - [STDERR_REDIRECT] 
2025-01-26 22:16:37,935 [ERROR] LogOutputStream:75 - [STDERR_REDIRECT] [Fatal Error] :1:1: Premature end of file.
2025-01-26 22:16:37,935 [ERROR] LogOutputStream:75 - [STDERR_REDIRECT] 
2025-01-26 22:16:38,927 [ERROR] LogOutputStream:75 - [STDERR_REDIRECT] [Fatal Error] :1:1: Premature end of file.
2025-01-26 22:16:38,927 [ERROR] LogOutputStream:75 - [STDERR_REDIRECT] 
2025-01-26 22:16:39,936 [ERROR] LogOutputStream:75 - [STDERR_REDIRECT] [Fatal Error] :1:1: Premature end of file.
2025-01-26 22:16:39,936 [ERROR] LogOutputStream:75 - [STDERR_REDIRECT] 
2025-01-26 22:16:40,939 [ERROR] LogOutputStream:75 - [STDERR_REDIRECT] [Fatal Error] :1:1: Premature end of file.
2025-01-26 22:16:40,939 [ERROR] LogOutputStream:75 - [STDERR_REDIRECT] 
2025-01-26 22:16:41,931 [ERROR] LogOutputStream:75 - [STDERR_REDIRECT] [Fatal Error] :1:1: Premature end of file.
2025-01-26 22:16:41,931 [ERROR] LogOutputStream:75 - [STDERR_REDIRECT] 
2025-01-26 22:16:42,948 [ERROR] LogOutputStream:75 - [STDERR_REDIRECT] [Fatal Error] :1:1: Premature end of file.
2025-01-26 22:16:42,948 [ERROR] LogOutputStream:75 - [STDERR_REDIRECT] 
2025-01-26 22:16:43,920 [ERROR] LogOutputStream:75 - [STDERR_REDIRECT] [Fatal Error] :1:1: Premature end of file.
2025-01-26 22:16:43,920 [ERROR] LogOutputStream:75 - [STDERR_REDIRECT] 
2025-01-26 22:16:44,943 [ERROR] LogOutputStream:75 - [STDERR_REDIRECT] [Fatal Error] :1:1: Premature end of file.
2025-01-26 22:16:44,943 [ERROR] LogOutputStream:75 - [STDERR_REDIRECT] 
2025-01-26 22:16:45,933 [ERROR] LogOutputStream:75 - [STDERR_REDIRECT] [Fatal Error] :1:1: Premature end of file.
2025-01-26 22:16:45,933 [ERROR] LogOutputStream:75 - [STDERR_REDIRECT] 
2025-01-26 22:16:46,937 [ERROR] LogOutputStream:75 - [STDERR_REDIRECT] [Fatal Error] :1:1: Premature end of file.
2025-01-26 22:16:46,937 [ERROR] LogOutputStream:75 - [STDERR_REDIRECT] 
2025-01-26 22:16:47,966 [ERROR] LogOutputStream:75 - [STDERR_REDIRECT] [Fatal Error] :1:1: Premature end of file.
2025-01-26 22:16:47,968 [ERROR] LogOutputStream:75 - [STDERR_REDIRECT] 
2025-01-26 22:16:48,931 [ERROR] LogOutputStream:75 - [STDERR_REDIRECT] [Fatal Error] :1:1: Premature end of file.
2025-01-26 22:16:48,931 [ERROR] LogOutputStream:75 - [STDERR_REDIRECT] 
2025-01-26 22:16:49,945 [ERROR] LogOutputStream:75 - [STDERR_REDIRECT] [Fatal Error] :1:1: Premature end of file.
2025-01-26 22:16:49,945 [ERROR] LogOutputStream:75 - [STDERR_REDIRECT] 
2025-01-26 22:16:50,940 [ERROR] LogOutputStream:75 - [STDERR_REDIRECT] [Fatal Error] :1:1: Premature end of file.
2025-01-26 22:16:50,940 [ERROR] LogOutputStream:75 - [STDERR_REDIRECT] 
2025-01-26 22:16:51,940 [ERROR] LogOutputStream:75 - [STDERR_REDIRECT] [Fatal Error] :1:1: Premature end of file.
2025-01-26 22:16:51,940 [ERROR] LogOutputStream:75 - [STDERR_REDIRECT] 
2025-01-26 22:16:52,937 [ERROR] LogOutputStream:75 - [STDERR_REDIRECT] [Fatal Error] :1:1: Premature end of file.
2025-01-26 22:16:52,937 [ERROR] LogOutputStream:75 - [STDERR_REDIRECT] 
2025-01-26 22:16:53,937 [ERROR] LogOutputStream:75 - [STDERR_REDIRECT] [Fatal Error] :1:1: Premature end of file.
2025-01-26 22:16:53,937 [ERROR] LogOutputStream:75 - [STDERR_REDIRECT] 
2025-01-26 22:16:54,930 [ERROR] LogOutputStream:75 - [STDERR_REDIRECT] [Fatal Error] :1:1: Premature end of file.
2025-01-26 22:16:54,932 [ERROR] LogOutputStream:75 - [STDERR_REDIRECT] 
2025-01-26 22:16:55,924 [ERROR] LogOutputStream:75 - [STDERR_REDIRECT] [Fatal Error] :1:1: Premature end of file.
2025-01-26 22:16:55,924 [ERROR] LogOutputStream:75 - [STDERR_REDIRECT] 
2025-01-26 22:16:56,930 [ERROR] LogOutputStream:75 - [STDERR_REDIRECT] [Fatal Error] :1:1: Premature end of file.
2025-01-26 22:16:56,930 [ERROR] LogOutputStream:75 - [STDERR_REDIRECT] 
2025-01-26 22:16:57,945 [ERROR] LogOutputStream:75 - [STDERR_REDIRECT] [Fatal Error] :1:1: Premature end of file.
2025-01-26 22:16:57,947 [ERROR] LogOutputStream:75 - [STDERR_REDIRECT] 
2025-01-26 22:16:58,929 [ERROR] LogOutputStream:75 - [STDERR_REDIRECT] [Fatal Error] :1:1: Premature end of file.
2025-01-26 22:16:58,929 [ERROR] LogOutputStream:75 - [STDERR_REDIRECT] 
2025-01-26 22:16:59,929 [ERROR] LogOutputStream:75 - [STDERR_REDIRECT] [Fatal Error] :1:1: Premature end of file.
2025-01-26 22:16:59,929 [ERROR] LogOutputStream:75 - [STDERR_REDIRECT] 
2025-01-26 22:17:00,926 [ERROR] LogOutputStream:75 - [STDERR_REDIRECT] [Fatal Error] :1:1: Premature end of file.
2025-01-26 22:17:00,926 [ERROR] LogOutputStream:75 - [STDERR_REDIRECT] 
2025-01-26 22:17:01,940 [ERROR] LogOutputStream:75 - [STDERR_REDIRECT] [Fatal Error] :1:1: Premature end of file.
2025-01-26 22:17:01,940 [ERROR] LogOutputStream:75 - [STDERR_REDIRECT] 
2025-01-26 22:17:02,940 [ERROR] LogOutputStream:75 - [STDERR_REDIRECT] [Fatal Error] :1:1: Premature end of file.
2025-01-26 22:17:02,940 [ERROR] LogOutputStream:75 - [STDERR_REDIRECT] 
2025-01-26 22:17:03,940 [ERROR] LogOutputStream:75 - [STDERR_REDIRECT] [Fatal Error] :1:1: Premature end of file.
2025-01-26 22:17:03,940 [ERROR] LogOutputStream:75 - [STDERR_REDIRECT] 
2025-01-26 22:17:04,943 [ERROR] LogOutputStream:75 - [STDERR_REDIRECT] [Fatal Error] :1:1: Premature end of file.
2025-01-26 22:17:04,943 [ERROR] LogOutputStream:75 - [STDERR_REDIRECT] 
2025-01-26 22:17:05,928 [ERROR] LogOutputStream:75 - [STDERR_REDIRECT] [Fatal Error] :1:1: Premature end of file.
2025-01-26 22:17:05,928 [ERROR] LogOutputStream:75 - [STDERR_REDIRECT] 
2025-01-26 22:17:06,934 [ERROR] LogOutputStream:75 - [STDERR_REDIRECT] [Fatal Error] :1:1: Premature end of file.
2025-01-26 22:17:06,934 [ERROR] LogOutputStream:75 - [STDERR_REDIRECT] 
2025-01-26 22:17:07,941 [ERROR] LogOutputStream:75 - [STDERR_REDIRECT] [Fatal Error] :1:1: Premature end of file.
2025-01-26 22:17:07,941 [ERROR] LogOutputStream:75 - [STDERR_REDIRECT] 
2025-01-26 22:17:08,930 [ERROR] LogOutputStream:75 - [STDERR_REDIRECT] [Fatal Error] :1:1: Premature end of file.
2025-01-26 22:17:08,930 [ERROR] LogOutputStream:75 - [STDERR_REDIRECT] 
2025-01-26 22:17:09,934 [ERROR] LogOutputStream:75 - [STDERR_REDIRECT] [Fatal Error] :1:1: Premature end of file.
2025-01-26 22:17:09,934 [ERROR] LogOutputStream:75 - [STDERR_REDIRECT] 
2025-01-26 22:17:10,940 [ERROR] LogOutputStream:75 - [STDERR_REDIRECT] [Fatal Error] :1:1: Premature end of file.
2025-01-26 22:17:10,940 [ERROR] LogOutputStream:75 - [STDERR_REDIRECT] 
2025-01-26 22:17:11,929 [ERROR] LogOutputStream:75 - [STDERR_REDIRECT] [Fatal Error] :1:1: Premature end of file.
2025-01-26 22:17:11,929 [ERROR] LogOutputStream:75 - [STDERR_REDIRECT] 
2025-01-26 22:17:12,930 [ERROR] LogOutputStream:75 - [STDERR_REDIRECT] [Fatal Error] :1:1: Premature end of file.
2025-01-26 22:17:12,930 [ERROR] LogOutputStream:75 - [STDERR_REDIRECT] 
2025-01-26 22:17:13,925 [ERROR] LogOutputStream:75 - [STDERR_REDIRECT] [Fatal Error] :1:1: Premature end of file.
2025-01-26 22:17:13,925 [ERROR] LogOutputStream:75 - [STDERR_REDIRECT] 
2025-01-26 22:17:14,950 [ERROR] LogOutputStream:75 - [STDERR_REDIRECT] [Fatal Error] :1:1: Premature end of file.
2025-01-26 22:17:14,950 [ERROR] LogOutputStream:75 - [STDERR_REDIRECT] 
2025-01-26 22:17:15,935 [ERROR] LogOutputStream:75 - [STDERR_REDIRECT] [Fatal Error] :1:1: Premature end of file.
2025-01-26 22:17:15,935 [ERROR] LogOutputStream:75 - [STDERR_REDIRECT] 
2025-01-26 22:17:16,941 [ERROR] LogOutputStream:75 - [STDERR_REDIRECT] [Fatal Error] :1:1: Premature end of file.
2025-01-26 22:17:16,943 [ERROR] LogOutputStream:75 - [STDERR_REDIRECT] 
2025-01-26 22:17:17,927 [ERROR] LogOutputStream:75 - [STDERR_REDIRECT] [Fatal Error] :1:1: Premature end of file.
2025-01-26 22:17:17,927 [ERROR] LogOutputStream:75 - [STDERR_REDIRECT] 
2025-01-26 22:17:18,932 [ERROR] LogOutputStream:75 - [STDERR_REDIRECT] [Fatal Error] :1:1: Premature end of file.
2025-01-26 22:17:18,932 [ERROR] LogOutputStream:75 - [STDERR_REDIRECT] 
2025-01-26 22:17:19,935 [ERROR] LogOutputStream:75 - [STDERR_REDIRECT] [Fatal Error] :1:1: Premature end of file.
2025-01-26 22:17:19,935 [ERROR] LogOutputStream:75 - [STDERR_REDIRECT] 
2025-01-26 22:17:20,953 [ERROR] LogOutputStream:75 - [STDERR_REDIRECT] [Fatal Error] :1:1: Premature end of file.
2025-01-26 22:17:20,953 [ERROR] LogOutputStream:75 - [STDERR_REDIRECT] 
2025-01-26 22:17:21,928 [ERROR] LogOutputStream:75 - [STDERR_REDIRECT] [Fatal Error] :1:1: Premature end of file.
2025-01-26 22:17:21,928 [ERROR] LogOutputStream:75 - [STDERR_REDIRECT] 
2025-01-26 22:17:22,941 [ERROR] LogOutputStream:75 - [STDERR_REDIRECT] [Fatal Error] :1:1: Premature end of file.
2025-01-26 22:17:22,941 [ERROR] LogOutputStream:75 - [STDERR_REDIRECT] 
2025-01-26 22:17:23,936 [ERROR] LogOutputStream:75 - [STDERR_REDIRECT] [Fatal Error] :1:1: Premature end of file.
2025-01-26 22:17:23,936 [ERROR] LogOutputStream:75 - [STDERR_REDIRECT] 
2025-01-26 22:17:24,940 [ERROR] LogOutputStream:75 - [STDERR_REDIRECT] [Fatal Error] :1:1: Premature end of file.
2025-01-26 22:17:24,940 [ERROR] LogOutputStream:75 - [STDERR_REDIRECT] 
2025-01-26 22:17:25,934 [ERROR] LogOutputStream:75 - [STDERR_REDIRECT] [Fatal Error] :1:1: Premature end of file.
2025-01-26 22:17:25,934 [ERROR] LogOutputStream:75 - [STDERR_REDIRECT] 
2025-01-26 22:17:26,936 [ERROR] LogOutputStream:75 - [STDERR_REDIRECT] [Fatal Error] :1:1: Premature end of file.
2025-01-26 22:17:26,936 [ERROR] LogOutputStream:75 - [STDERR_REDIRECT] 
2025-01-26 22:17:27,928 [ERROR] LogOutputStream:75 - [STDERR_REDIRECT] [Fatal Error] :1:1: Premature end of file.
2025-01-26 22:17:27,928 [ERROR] LogOutputStream:75 - [STDERR_REDIRECT] 
2025-01-26 22:17:28,916 [ERROR] LogOutputStream:75 - [STDERR_REDIRECT] [Fatal Error] :1:1: Premature end of file.
2025-01-26 22:17:28,916 [ERROR] LogOutputStream:75 - [STDERR_REDIRECT] 
2025-01-26 22:17:29,946 [ERROR] LogOutputStream:75 - [STDERR_REDIRECT] [Fatal Error] :1:1: Premature end of file.
2025-01-26 22:17:29,946 [ERROR] LogOutputStream:75 - [STDERR_REDIRECT] 
2025-01-26 22:17:30,933 [ERROR] LogOutputStream:75 - [STDERR_REDIRECT] [Fatal Error] :1:1: Premature end of file.
2025-01-26 22:17:30,933 [ERROR] LogOutputStream:75 - [STDERR_REDIRECT] 
2025-01-26 22:17:31,924 [ERROR] LogOutputStream:75 - [STDERR_REDIRECT] [Fatal Error] :1:1: Premature end of file.
2025-01-26 22:17:31,924 [ERROR] LogOutputStream:75 - [STDERR_REDIRECT] 
2025-01-26 22:17:32,932 [ERROR] LogOutputStream:75 - [STDERR_REDIRECT] [Fatal Error] :1:1: Premature end of file.
2025-01-26 22:17:32,932 [ERROR] LogOutputStream:75 - [STDERR_REDIRECT] 
2025-01-26 22:17:33,935 [ERROR] LogOutputStream:75 - [STDERR_REDIRECT] [Fatal Error] :1:1: Premature end of file.
2025-01-26 22:17:33,935 [ERROR] LogOutputStream:75 - [STDERR_REDIRECT] 
2025-01-26 22:17:34,961 [ERROR] LogOutputStream:75 - [STDERR_REDIRECT] [Fatal Error] :1:1: Premature end of file.
2025-01-26 22:17:34,961 [ERROR] LogOutputStream:75 - [STDERR_REDIRECT] 
2025-01-26 22:17:35,925 [ERROR] LogOutputStream:75 - [STDERR_REDIRECT] [Fatal Error] :1:1: Premature end of file.
2025-01-26 22:17:35,925 [ERROR] LogOutputStream:75 - [STDERR_REDIRECT] 
2025-01-26 22:17:36,917 [ERROR] LogOutputStream:75 - [STDERR_REDIRECT] [Fatal Error] :1:1: Premature end of file.
2025-01-26 22:17:36,917 [ERROR] LogOutputStream:75 - [STDERR_REDIRECT] 
2025-01-26 22:17:37,922 [ERROR] LogOutputStream:75 - [STDERR_REDIRECT] [Fatal Error] :1:1: Premature end of file.
2025-01-26 22:17:37,922 [ERROR] LogOutputStream:75 - [STDERR_REDIRECT] 
2025-01-26 22:17:38,932 [ERROR] LogOutputStream:75 - [STDERR_REDIRECT] [Fatal Error] :1:1: Premature end of file.
2025-01-26 22:17:38,932 [ERROR] LogOutputStream:75 - [STDERR_REDIRECT] 
2025-01-26 22:17:39,939 [ERROR] LogOutputStream:75 - [STDERR_REDIRECT] [Fatal Error] :1:1: Premature end of file.
2025-01-26 22:17:39,939 [ERROR] LogOutputStream:75 - [STDERR_REDIRECT] 
2025-01-26 22:17:40,945 [ERROR] LogOutputStream:75 - [STDERR_REDIRECT] [Fatal Error] :1:1: Premature end of file.
2025-01-26 22:17:40,945 [ERROR] LogOutputStream:75 - [STDERR_REDIRECT] 
2025-01-26 22:17:41,939 [ERROR] LogOutputStream:75 - [STDERR_REDIRECT] [Fatal Error] :1:1: Premature end of file.
2025-01-26 22:17:41,939 [ERROR] LogOutputStream:75 - [STDERR_REDIRECT] 
2025-01-26 22:17:42,941 [ERROR] LogOutputStream:75 - [STDERR_REDIRECT] [Fatal Error] :1:1: Premature end of file.
2025-01-26 22:17:42,943 [ERROR] LogOutputStream:75 - [STDERR_REDIRECT] 
2025-01-26 22:17:43,916 [ERROR] LogOutputStream:75 - [STDERR_REDIRECT] [Fatal Error] :1:1: Premature end of file.
2025-01-26 22:17:43,916 [ERROR] LogOutputStream:75 - [STDERR_REDIRECT] 
2025-01-26 22:17:44,932 [ERROR] LogOutputStream:75 - [STDERR_REDIRECT] [Fatal Error] :1:1: Premature end of file.
2025-01-26 22:17:44,932 [ERROR] LogOutputStream:75 - [STDERR_REDIRECT] 
2025-01-26 22:17:45,928 [ERROR] LogOutputStream:75 - [STDERR_REDIRECT] [Fatal Error] :1:1: Premature end of file.
2025-01-26 22:17:45,930 [ERROR] LogOutputStream:75 - [STDERR_REDIRECT] 
2025-01-26 22:17:46,932 [ERROR] LogOutputStream:75 - [STDERR_REDIRECT] [Fatal Error] :1:1: Premature end of file.
2025-01-26 22:17:46,932 [ERROR] LogOutputStream:75 - [STDERR_REDIRECT] 
2025-01-26 22:17:47,923 [ERROR] LogOutputStream:75 - [STDERR_REDIRECT] [Fatal Error] :1:1: Premature end of file.
2025-01-26 22:17:47,923 [ERROR] LogOutputStream:75 - [STDERR_REDIRECT] 
2025-01-26 22:17:48,926 [ERROR] LogOutputStream:75 - [STDERR_REDIRECT] [Fatal Error] :1:1: Premature end of file.
2025-01-26 22:17:48,926 [ERROR] LogOutputStream:75 - [STDERR_REDIRECT] 
2025-01-26 22:17:49,934 [ERROR] LogOutputStream:75 - [STDERR_REDIRECT] [Fatal Error] :1:1: Premature end of file.
2025-01-26 22:17:49,934 [ERROR] LogOutputStream:75 - [STDERR_REDIRECT] 
2025-01-26 22:17:50,930 [ERROR] LogOutputStream:75 - [STDERR_REDIRECT] [Fatal Error] :1:1: Premature end of file.
2025-01-26 22:17:50,930 [ERROR] LogOutputStream:75 - [STDERR_REDIRECT] 
2025-01-26 22:17:51,944 [ERROR] LogOutputStream:75 - [STDERR_REDIRECT] [Fatal Error] :1:1: Premature end of file.
2025-01-26 22:17:51,944 [ERROR] LogOutputStream:75 - [STDERR_REDIRECT] 
2025-01-26 22:17:52,918 [ERROR] LogOutputStream:75 - [STDERR_REDIRECT] [Fatal Error] :1:1: Premature end of file.
2025-01-26 22:17:52,920 [ERROR] LogOutputStream:75 - [STDERR_REDIRECT] 
2025-01-26 22:17:53,920 [ERROR] LogOutputStream:75 - [STDERR_REDIRECT] [Fatal Error] :1:1: Premature end of file.
2025-01-26 22:17:53,920 [ERROR] LogOutputStream:75 - [STDERR_REDIRECT] 
2025-01-26 22:17:54,935 [ERROR] LogOutputStream:75 - [STDERR_REDIRECT] [Fatal Error] :1:1: Premature end of file.
2025-01-26 22:17:54,935 [ERROR] LogOutputStream:75 - [STDERR_REDIRECT] 
2025-01-26 22:17:55,941 [ERROR] LogOutputStream:75 - [STDERR_REDIRECT] [Fatal Error] :1:1: Premature end of file.
2025-01-26 22:17:55,941 [ERROR] LogOutputStream:75 - [STDERR_REDIRECT] 
2025-01-26 22:17:56,937 [ERROR] LogOutputStream:75 - [STDERR_REDIRECT] [Fatal Error] :1:1: Premature end of file.
2025-01-26 22:17:56,938 [ERROR] LogOutputStream:75 - [STDERR_REDIRECT] 
2025-01-26 22:17:57,936 [ERROR] LogOutputStream:75 - [STDERR_REDIRECT] [Fatal Error] :1:1: Premature end of file.
2025-01-26 22:17:57,936 [ERROR] LogOutputStream:75 - [STDERR_REDIRECT] 
2025-01-26 22:17:58,933 [ERROR] LogOutputStream:75 - [STDERR_REDIRECT] [Fatal Error] :1:1: Premature end of file.
2025-01-26 22:17:58,933 [ERROR] LogOutputStream:75 - [STDERR_REDIRECT] 
2025-01-26 22:17:59,935 [ERROR] LogOutputStream:75 - [STDERR_REDIRECT] [Fatal Error] :1:1: Premature end of file.
2025-01-26 22:17:59,935 [ERROR] LogOutputStream:75 - [STDERR_REDIRECT] 
2025-01-26 22:18:00,945 [ERROR] LogOutputStream:75 - [STDERR_REDIRECT] [Fatal Error] :1:1: Premature end of file.
2025-01-26 22:18:00,945 [ERROR] LogOutputStream:75 - [STDERR_REDIRECT] 
2025-01-26 22:18:01,941 [ERROR] LogOutputStream:75 - [STDERR_REDIRECT] [Fatal Error] :1:1: Premature end of file.
2025-01-26 22:18:01,941 [ERROR] LogOutputStream:75 - [STDERR_REDIRECT] 
2025-01-26 22:18:02,939 [ERROR] LogOutputStream:75 - [STDERR_REDIRECT] [Fatal Error] :1:1: Premature end of file.
2025-01-26 22:18:02,939 [ERROR] LogOutputStream:75 - [STDERR_REDIRECT] 
2025-01-26 22:18:03,928 [ERROR] LogOutputStream:75 - [STDERR_REDIRECT] [Fatal Error] :1:1: Premature end of file.
2025-01-26 22:18:03,929 [ERROR] LogOutputStream:75 - [STDERR_REDIRECT] 
2025-01-26 22:18:04,944 [ERROR] LogOutputStream:75 - [STDERR_REDIRECT] [Fatal Error] :1:1: Premature end of file.
2025-01-26 22:18:04,944 [ERROR] LogOutputStream:75 - [STDERR_REDIRECT] 
2025-01-26 22:18:05,938 [ERROR] LogOutputStream:75 - [STDERR_REDIRECT] [Fatal Error] :1:1: Premature end of file.
2025-01-26 22:18:05,938 [ERROR] LogOutputStream:75 - [STDERR_REDIRECT] 
2025-01-26 22:18:06,928 [ERROR] LogOutputStream:75 - [STDERR_REDIRECT] [Fatal Error] :1:1: Premature end of file.
2025-01-26 22:18:06,928 [ERROR] LogOutputStream:75 - [STDERR_REDIRECT] 
2025-01-26 22:18:07,925 [ERROR] LogOutputStream:75 - [STDERR_REDIRECT] [Fatal Error] :1:1: Premature end of file.
2025-01-26 22:18:07,925 [ERROR] LogOutputStream:75 - [STDERR_REDIRECT] 
2025-01-26 22:18:08,938 [ERROR] LogOutputStream:75 - [STDERR_REDIRECT] [Fatal Error] :1:1: Premature end of file.
2025-01-26 22:18:08,938 [ERROR] LogOutputStream:75 - [STDERR_REDIRECT] 
2025-01-26 22:18:09,929 [ERROR] LogOutputStream:75 - [STDERR_REDIRECT] [Fatal Error] :1:1: Premature end of file.
2025-01-26 22:18:09,929 [ERROR] LogOutputStream:75 - [STDERR_REDIRECT] 
2025-01-26 22:18:10,935 [ERROR] LogOutputStream:75 - [STDERR_REDIRECT] [Fatal Error] :1:1: Premature end of file.
2025-01-26 22:18:10,935 [ERROR] LogOutputStream:75 - [STDERR_REDIRECT] 
2025-01-26 22:18:11,950 [ERROR] LogOutputStream:75 - [STDERR_REDIRECT] [Fatal Error] :1:1: Premature end of file.
2025-01-26 22:18:11,950 [ERROR] LogOutputStream:75 - [STDERR_REDIRECT] 
2025-01-26 22:18:12,932 [ERROR] LogOutputStream:75 - [STDERR_REDIRECT] [Fatal Error] :1:1: Premature end of file.
2025-01-26 22:18:12,932 [ERROR] LogOutputStream:75 - [STDERR_REDIRECT] 
2025-01-26 22:18:13,932 [ERROR] LogOutputStream:75 - [STDERR_REDIRECT] [Fatal Error] :1:1: Premature end of file.
2025-01-26 22:18:13,932 [ERROR] LogOutputStream:75 - [STDERR_REDIRECT] 
2025-01-26 22:18:14,926 [ERROR] LogOutputStream:75 - [STDERR_REDIRECT] [Fatal Error] :1:1: Premature end of file.
2025-01-26 22:18:14,926 [ERROR] LogOutputStream:75 - [STDERR_REDIRECT] 
2025-01-26 22:18:15,948 [ERROR] LogOutputStream:75 - [STDERR_REDIRECT] [Fatal Error] :1:1: Premature end of file.
2025-01-26 22:18:15,948 [ERROR] LogOutputStream:75 - [STDERR_REDIRECT] 
2025-01-26 22:18:16,938 [ERROR] LogOutputStream:75 - [STDERR_REDIRECT] [Fatal Error] :1:1: Premature end of file.
2025-01-26 22:18:16,938 [ERROR] LogOutputStream:75 - [STDERR_REDIRECT] 
2025-01-26 22:18:17,942 [ERROR] LogOutputStream:75 - [STDERR_REDIRECT] [Fatal Error] :1:1: Premature end of file.
2025-01-26 22:18:17,942 [ERROR] LogOutputStream:75 - [STDERR_REDIRECT] 
2025-01-26 22:18:18,934 [ERROR] LogOutputStream:75 - [STDERR_REDIRECT] [Fatal Error] :1:1: Premature end of file.
2025-01-26 22:18:18,934 [ERROR] LogOutputStream:75 - [STDERR_REDIRECT] 
2025-01-26 22:18:19,950 [ERROR] LogOutputStream:75 - [STDERR_REDIRECT] [Fatal Error] :1:1: Premature end of file.
2025-01-26 22:18:19,950 [ERROR] LogOutputStream:75 - [STDERR_REDIRECT] 
2025-01-26 22:18:20,928 [ERROR] LogOutputStream:75 - [STDERR_REDIRECT] [Fatal Error] :1:1: Premature end of file.
2025-01-26 22:18:20,928 [ERROR] LogOutputStream:75 - [STDERR_REDIRECT] 
2025-01-26 22:18:21,934 [ERROR] LogOutputStream:75 - [STDERR_REDIRECT] [Fatal Error] :1:1: Premature end of file.
2025-01-26 22:18:21,935 [ERROR] LogOutputStream:75 - [STDERR_REDIRECT] 
2025-01-26 22:18:22,934 [ERROR] LogOutputStream:75 - [STDERR_REDIRECT] [Fatal Error] :1:1: Premature end of file.
2025-01-26 22:18:22,936 [ERROR] LogOutputStream:75 - [STDERR_REDIRECT] 
2025-01-26 22:18:23,932 [ERROR] LogOutputStream:75 - [STDERR_REDIRECT] [Fatal Error] :1:1: Premature end of file.
2025-01-26 22:18:23,932 [ERROR] LogOutputStream:75 - [STDERR_REDIRECT] 
2025-01-26 22:18:24,937 [ERROR] LogOutputStream:75 - [STDERR_REDIRECT] [Fatal Error] :1:1: Premature end of file.
2025-01-26 22:18:24,938 [ERROR] LogOutputStream:75 - [STDERR_REDIRECT] 
2025-01-26 22:18:25,936 [ERROR] LogOutputStream:75 - [STDERR_REDIRECT] [Fatal Error] :1:1: Premature end of file.
2025-01-26 22:18:25,936 [ERROR] LogOutputStream:75 - [STDERR_REDIRECT] 
2025-01-26 22:18:26,933 [ERROR] LogOutputStream:75 - [STDERR_REDIRECT] [Fatal Error] :1:1: Premature end of file.
2025-01-26 22:18:26,933 [ERROR] LogOutputStream:75 - [STDERR_REDIRECT] 
2025-01-26 22:18:27,942 [ERROR] LogOutputStream:75 - [STDERR_REDIRECT] [Fatal Error] :1:1: Premature end of file.
2025-01-26 22:18:27,942 [ERROR] LogOutputStream:75 - [STDERR_REDIRECT] 
2025-01-26 22:18:28,935 [ERROR] LogOutputStream:75 - [STDERR_REDIRECT] [Fatal Error] :1:1: Premature end of file.
2025-01-26 22:18:28,935 [ERROR] LogOutputStream:75 - [STDERR_REDIRECT] 
2025-01-26 22:18:29,947 [ERROR] LogOutputStream:75 - [STDERR_REDIRECT] [Fatal Error] :1:1: Premature end of file.
2025-01-26 22:18:29,947 [ERROR] LogOutputStream:75 - [STDERR_REDIRECT] 
2025-01-26 22:18:30,935 [ERROR] LogOutputStream:75 - [STDERR_REDIRECT] [Fatal Error] :1:1: Premature end of file.
2025-01-26 22:18:30,935 [ERROR] LogOutputStream:75 - [STDERR_REDIRECT] 
2025-01-26 22:18:31,940 [ERROR] LogOutputStream:75 - [STDERR_REDIRECT] [Fatal Error] :1:1: Premature end of file.
2025-01-26 22:18:31,940 [ERROR] LogOutputStream:75 - [STDERR_REDIRECT] 
2025-01-26 22:18:32,940 [ERROR] LogOutputStream:75 - [STDERR_REDIRECT] [Fatal Error] :1:1: Premature end of file.
2025-01-26 22:18:32,940 [ERROR] LogOutputStream:75 - [STDERR_REDIRECT] 
2025-01-26 22:18:33,942 [ERROR] LogOutputStream:75 - [STDERR_REDIRECT] [Fatal Error] :1:1: Premature end of file.
2025-01-26 22:18:33,942 [ERROR] LogOutputStream:75 - [STDERR_REDIRECT] 
2025-01-26 22:18:34,946 [ERROR] LogOutputStream:75 - [STDERR_REDIRECT] [Fatal Error] :1:1: Premature end of file.
2025-01-26 22:18:34,946 [ERROR] LogOutputStream:75 - [STDERR_REDIRECT] 
2025-01-26 22:18:35,932 [ERROR] LogOutputStream:75 - [STDERR_REDIRECT] [Fatal Error] :1:1: Premature end of file.
2025-01-26 22:18:35,932 [ERROR] LogOutputStream:75 - [STDERR_REDIRECT] 
2025-01-26 22:18:36,931 [ERROR] LogOutputStream:75 - [STDERR_REDIRECT] [Fatal Error] :1:1: Premature end of file.
2025-01-26 22:18:36,931 [ERROR] LogOutputStream:75 - [STDERR_REDIRECT] 
2025-01-26 22:18:37,958 [ERROR] LogOutputStream:75 - [STDERR_REDIRECT] [Fatal Error] :1:1: Premature end of file.
2025-01-26 22:18:37,958 [ERROR] LogOutputStream:75 - [STDERR_REDIRECT] 
2025-01-26 22:18:38,930 [ERROR] LogOutputStream:75 - [STDERR_REDIRECT] [Fatal Error] :1:1: Premature end of file.
2025-01-26 22:18:38,930 [ERROR] LogOutputStream:75 - [STDERR_REDIRECT] 
2025-01-26 22:18:39,937 [ERROR] LogOutputStream:75 - [STDERR_REDIRECT] [Fatal Error] :1:1: Premature end of file.
2025-01-26 22:18:39,937 [ERROR] LogOutputStream:75 - [STDERR_REDIRECT] 
2025-01-26 22:18:40,927 [ERROR] LogOutputStream:75 - [STDERR_REDIRECT] [Fatal Error] :1:1: Premature end of file.
2025-01-26 22:18:40,927 [ERROR] LogOutputStream:75 - [STDERR_REDIRECT] 
2025-01-26 22:18:41,942 [ERROR] LogOutputStream:75 - [STDERR_REDIRECT] [Fatal Error] :1:1: Premature end of file.
2025-01-26 22:18:41,942 [ERROR] LogOutputStream:75 - [STDERR_REDIRECT] 
2025-01-26 22:18:42,946 [ERROR] LogOutputStream:75 - [STDERR_REDIRECT] [Fatal Error] :1:1: Premature end of file.
2025-01-26 22:18:42,946 [ERROR] LogOutputStream:75 - [STDERR_REDIRECT] 
2025-01-26 22:18:43,923 [ERROR] LogOutputStream:75 - [STDERR_REDIRECT] [Fatal Error] :1:1: Premature end of file.
2025-01-26 22:18:43,923 [ERROR] LogOutputStream:75 - [STDERR_REDIRECT] 
2025-01-26 22:18:44,936 [ERROR] LogOutputStream:75 - [STDERR_REDIRECT] [Fatal Error] :1:1: Premature end of file.
2025-01-26 22:18:44,938 [ERROR] LogOutputStream:75 - [STDERR_REDIRECT] 
2025-01-26 22:18:45,943 [ERROR] LogOutputStream:75 - [STDERR_REDIRECT] [Fatal Error] :1:1: Premature end of file.
2025-01-26 22:18:45,943 [ERROR] LogOutputStream:75 - [STDERR_REDIRECT] 
2025-01-26 22:18:46,935 [ERROR] LogOutputStream:75 - [STDERR_REDIRECT] [Fatal Error] :1:1: Premature end of file.
2025-01-26 22:18:46,935 [ERROR] LogOutputStream:75 - [STDERR_REDIRECT] 
2025-01-26 22:18:47,924 [ERROR] LogOutputStream:75 - [STDERR_REDIRECT] [Fatal Error] :1:1: Premature end of file.
2025-01-26 22:18:47,924 [ERROR] LogOutputStream:75 - [STDERR_REDIRECT] 
2025-01-26 22:18:48,935 [ERROR] LogOutputStream:75 - [STDERR_REDIRECT] [Fatal Error] :1:1: Premature end of file.
2025-01-26 22:18:48,935 [ERROR] LogOutputStream:75 - [STDERR_REDIRECT] 
2025-01-26 22:18:49,938 [ERROR] LogOutputStream:75 - [STDERR_REDIRECT] [Fatal Error] :1:1: Premature end of file.
2025-01-26 22:18:49,938 [ERROR] LogOutputStream:75 - [STDERR_REDIRECT] 
2025-01-26 22:18:50,934 [ERROR] LogOutputStream:75 - [STDERR_REDIRECT] [Fatal Error] :1:1: Premature end of file.
2025-01-26 22:18:50,934 [ERROR] LogOutputStream:75 - [STDERR_REDIRECT] 
2025-01-26 22:18:51,935 [ERROR] LogOutputStream:75 - [STDERR_REDIRECT] [Fatal Error] :1:1: Premature end of file.
2025-01-26 22:18:51,935 [ERROR] LogOutputStream:75 - [STDERR_REDIRECT] 
2025-01-26 22:18:52,959 [ERROR] LogOutputStream:75 - [STDERR_REDIRECT] [Fatal Error] :1:1: Premature end of file.
2025-01-26 22:18:52,959 [ERROR] LogOutputStream:75 - [STDERR_REDIRECT] 
2025-01-26 22:18:53,932 [ERROR] LogOutputStream:75 - [STDERR_REDIRECT] [Fatal Error] :1:1: Premature end of file.
2025-01-26 22:18:53,932 [ERROR] LogOutputStream:75 - [STDERR_REDIRECT] 
2025-01-26 22:18:54,937 [ERROR] LogOutputStream:75 - [STDERR_REDIRECT] [Fatal Error] :1:1: Premature end of file.
2025-01-26 22:18:54,937 [ERROR] LogOutputStream:75 - [STDERR_REDIRECT] 
2025-01-26 22:18:55,931 [ERROR] LogOutputStream:75 - [STDERR_REDIRECT] [Fatal Error] :1:1: Premature end of file.
2025-01-26 22:18:55,931 [ERROR] LogOutputStream:75 - [STDERR_REDIRECT] 
2025-01-26 22:18:56,936 [ERROR] LogOutputStream:75 - [STDERR_REDIRECT] [Fatal Error] :1:1: Premature end of file.
2025-01-26 22:18:56,936 [ERROR] LogOutputStream:75 - [STDERR_REDIRECT] 
2025-01-26 22:18:57,938 [ERROR] LogOutputStream:75 - [STDERR_REDIRECT] [Fatal Error] :1:1: Premature end of file.
2025-01-26 22:18:57,938 [ERROR] LogOutputStream:75 - [STDERR_REDIRECT] 
2025-01-26 22:18:58,940 [ERROR] LogOutputStream:75 - [STDERR_REDIRECT] [Fatal Error] :1:1: Premature end of file.
2025-01-26 22:18:58,940 [ERROR] LogOutputStream:75 - [STDERR_REDIRECT] 
2025-01-26 22:18:59,930 [ERROR] LogOutputStream:75 - [STDERR_REDIRECT] [Fatal Error] :1:1: Premature end of file.
2025-01-26 22:18:59,930 [ERROR] LogOutputStream:75 - [STDERR_REDIRECT] 
2025-01-26 22:19:00,936 [ERROR] LogOutputStream:75 - [STDERR_REDIRECT] [Fatal Error] :1:1: Premature end of file.
2025-01-26 22:19:00,936 [ERROR] LogOutputStream:75 - [STDERR_REDIRECT] 
2025-01-26 22:19:01,942 [ERROR] LogOutputStream:75 - [STDERR_REDIRECT] [Fatal Error] :1:1: Premature end of file.
2025-01-26 22:19:01,942 [ERROR] LogOutputStream:75 - [STDERR_REDIRECT] 
2025-01-26 22:19:02,937 [ERROR] LogOutputStream:75 - [STDERR_REDIRECT] [Fatal Error] :1:1: Premature end of file.
2025-01-26 22:19:02,937 [ERROR] LogOutputStream:75 - [STDERR_REDIRECT] 
2025-01-26 22:19:03,936 [ERROR] LogOutputStream:75 - [STDERR_REDIRECT] [Fatal Error] :1:1: Premature end of file.
2025-01-26 22:19:03,936 [ERROR] LogOutputStream:75 - [STDERR_REDIRECT] 
2025-01-26 22:19:04,919 [ERROR] LogOutputStream:75 - [STDERR_REDIRECT] [Fatal Error] :1:1: Premature end of file.
2025-01-26 22:19:04,919 [ERROR] LogOutputStream:75 - [STDERR_REDIRECT] 
2025-01-26 22:19:05,941 [ERROR] LogOutputStream:75 - [STDERR_REDIRECT] [Fatal Error] :1:1: Premature end of file.
2025-01-26 22:19:05,941 [ERROR] LogOutputStream:75 - [STDERR_REDIRECT] 
2025-01-26 22:19:06,932 [ERROR] LogOutputStream:75 - [STDERR_REDIRECT] [Fatal Error] :1:1: Premature end of file.
2025-01-26 22:19:06,933 [ERROR] LogOutputStream:75 - [STDERR_REDIRECT] 
2025-01-26 22:19:07,939 [ERROR] LogOutputStream:75 - [STDERR_REDIRECT] [Fatal Error] :1:1: Premature end of file.
2025-01-26 22:19:07,941 [ERROR] LogOutputStream:75 - [STDERR_REDIRECT] 
2025-01-26 22:19:08,935 [ERROR] LogOutputStream:75 - [STDERR_REDIRECT] [Fatal Error] :1:1: Premature end of file.
2025-01-26 22:19:08,935 [ERROR] LogOutputStream:75 - [STDERR_REDIRECT] 
2025-01-26 22:19:09,934 [ERROR] LogOutputStream:75 - [STDERR_REDIRECT] [Fatal Error] :1:1: Premature end of file.
2025-01-26 22:19:09,934 [ERROR] LogOutputStream:75 - [STDERR_REDIRECT] 
2025-01-26 22:19:10,939 [ERROR] LogOutputStream:75 - [STDERR_REDIRECT] [Fatal Error] :1:1: Premature end of file.
2025-01-26 22:19:10,939 [ERROR] LogOutputStream:75 - [STDERR_REDIRECT] 
2025-01-26 22:19:11,933 [ERROR] LogOutputStream:75 - [STDERR_REDIRECT] [Fatal Error] :1:1: Premature end of file.
2025-01-26 22:19:11,934 [ERROR] LogOutputStream:75 - [STDERR_REDIRECT] 
2025-01-26 22:19:12,932 [ERROR] LogOutputStream:75 - [STDERR_REDIRECT] [Fatal Error] :1:1: Premature end of file.
2025-01-26 22:19:12,933 [ERROR] LogOutputStream:75 - [STDERR_REDIRECT] 
2025-01-26 22:19:13,931 [ERROR] LogOutputStream:75 - [STDERR_REDIRECT] [Fatal Error] :1:1: Premature end of file.
2025-01-26 22:19:13,931 [ERROR] LogOutputStream:75 - [STDERR_REDIRECT] 
2025-01-26 22:19:14,923 [ERROR] LogOutputStream:75 - [STDERR_REDIRECT] [Fatal Error] :1:1: Premature end of file.
2025-01-26 22:19:14,923 [ERROR] LogOutputStream:75 - [STDERR_REDIRECT] 
2025-01-26 22:19:15,936 [ERROR] LogOutputStream:75 - [STDERR_REDIRECT] [Fatal Error] :1:1: Premature end of file.
2025-01-26 22:19:15,936 [ERROR] LogOutputStream:75 - [STDERR_REDIRECT] 
2025-01-26 22:19:16,941 [ERROR] LogOutputStream:75 - [STDERR_REDIRECT] [Fatal Error] :1:1: Premature end of file.
2025-01-26 22:19:16,941 [ERROR] LogOutputStream:75 - [STDERR_REDIRECT] 
2025-01-26 22:19:17,935 [ERROR] LogOutputStream:75 - [STDERR_REDIRECT] [Fatal Error] :1:1: Premature end of file.
2025-01-26 22:19:17,935 [ERROR] LogOutputStream:75 - [STDERR_REDIRECT] 
2025-01-26 22:19:18,940 [ERROR] LogOutputStream:75 - [STDERR_REDIRECT] [Fatal Error] :1:1: Premature end of file.
2025-01-26 22:19:18,940 [ERROR] LogOutputStream:75 - [STDERR_REDIRECT] 
2025-01-26 22:19:19,923 [ERROR] LogOutputStream:75 - [STDERR_REDIRECT] [Fatal Error] :1:1: Premature end of file.
2025-01-26 22:19:19,923 [ERROR] LogOutputStream:75 - [STDERR_REDIRECT] 
2025-01-26 22:19:20,957 [ERROR] LogOutputStream:75 - [STDERR_REDIRECT] [Fatal Error] :1:1: Premature end of file.
2025-01-26 22:19:20,957 [ERROR] LogOutputStream:75 - [STDERR_REDIRECT] 
2025-01-26 22:19:21,923 [ERROR] LogOutputStream:75 - [STDERR_REDIRECT] [Fatal Error] :1:1: Premature end of file.
2025-01-26 22:19:21,924 [ERROR] LogOutputStream:75 - [STDERR_REDIRECT] 
2025-01-26 22:19:22,935 [ERROR] LogOutputStream:75 - [STDERR_REDIRECT] [Fatal Error] :1:1: Premature end of file.
2025-01-26 22:19:22,935 [ERROR] LogOutputStream:75 - [STDERR_REDIRECT] 
2025-01-26 22:19:23,926 [ERROR] LogOutputStream:75 - [STDERR_REDIRECT] [Fatal Error] :1:1: Premature end of file.
2025-01-26 22:19:23,926 [ERROR] LogOutputStream:75 - [STDERR_REDIRECT] 
2025-01-26 22:19:24,941 [ERROR] LogOutputStream:75 - [STDERR_REDIRECT] [Fatal Error] :1:1: Premature end of file.
2025-01-26 22:19:24,941 [ERROR] LogOutputStream:75 - [STDERR_REDIRECT] 
2025-01-26 22:19:25,940 [ERROR] LogOutputStream:75 - [STDERR_REDIRECT] [Fatal Error] :1:1: Premature end of file.
2025-01-26 22:19:25,940 [ERROR] LogOutputStream:75 - [STDERR_REDIRECT] 
2025-01-26 22:19:26,944 [ERROR] LogOutputStream:75 - [STDERR_REDIRECT] [Fatal Error] :1:1: Premature end of file.
2025-01-26 22:19:26,944 [ERROR] LogOutputStream:75 - [STDERR_REDIRECT] 
2025-01-26 22:19:27,930 [ERROR] LogOutputStream:75 - [STDERR_REDIRECT] [Fatal Error] :1:1: Premature end of file.
2025-01-26 22:19:27,930 [ERROR] LogOutputStream:75 - [STDERR_REDIRECT] 
2025-01-26 22:19:28,920 [ERROR] LogOutputStream:75 - [STDERR_REDIRECT] [Fatal Error] :1:1: Premature end of file.
2025-01-26 22:19:28,920 [ERROR] LogOutputStream:75 - [STDERR_REDIRECT] 
2025-01-26 22:19:29,939 [ERROR] LogOutputStream:75 - [STDERR_REDIRECT] [Fatal Error] :1:1: Premature end of file.
2025-01-26 22:19:29,939 [ERROR] LogOutputStream:75 - [STDERR_REDIRECT] 
2025-01-26 22:19:30,931 [ERROR] LogOutputStream:75 - [STDERR_REDIRECT] [Fatal Error] :1:1: Premature end of file.
2025-01-26 22:19:30,931 [ERROR] LogOutputStream:75 - [STDERR_REDIRECT] 
2025-01-26 22:19:31,929 [ERROR] LogOutputStream:75 - [STDERR_REDIRECT] [Fatal Error] :1:1: Premature end of file.
2025-01-26 22:19:31,929 [ERROR] LogOutputStream:75 - [STDERR_REDIRECT] 
2025-01-26 22:19:32,918 [ERROR] LogOutputStream:75 - [STDERR_REDIRECT] [Fatal Error] :1:1: Premature end of file.
2025-01-26 22:19:32,918 [ERROR] LogOutputStream:75 - [STDERR_REDIRECT] 
2025-01-26 22:19:33,936 [ERROR] LogOutputStream:75 - [STDERR_REDIRECT] [Fatal Error] :1:1: Premature end of file.
2025-01-26 22:19:33,936 [ERROR] LogOutputStream:75 - [STDERR_REDIRECT] 
2025-01-26 22:19:34,929 [ERROR] LogOutputStream:75 - [STDERR_REDIRECT] [Fatal Error] :1:1: Premature end of file.
2025-01-26 22:19:34,929 [ERROR] LogOutputStream:75 - [STDERR_REDIRECT] 
2025-01-26 22:19:35,929 [ERROR] LogOutputStream:75 - [STDERR_REDIRECT] [Fatal Error] :1:1: Premature end of file.
2025-01-26 22:19:35,929 [ERROR] LogOutputStream:75 - [STDERR_REDIRECT] 
2025-01-26 22:19:36,930 [ERROR] LogOutputStream:75 - [STDERR_REDIRECT] [Fatal Error] :1:1: Premature end of file.
2025-01-26 22:19:36,930 [ERROR] LogOutputStream:75 - [STDERR_REDIRECT] 
2025-01-26 22:19:37,940 [ERROR] LogOutputStream:75 - [STDERR_REDIRECT] [Fatal Error] :1:1: Premature end of file.
2025-01-26 22:19:37,940 [ERROR] LogOutputStream:75 - [STDERR_REDIRECT] 
2025-01-26 22:19:38,930 [ERROR] LogOutputStream:75 - [STDERR_REDIRECT] [Fatal Error] :1:1: Premature end of file.
2025-01-26 22:19:38,930 [ERROR] LogOutputStream:75 - [STDERR_REDIRECT] 
2025-01-26 22:19:39,930 [ERROR] LogOutputStream:75 - [STDERR_REDIRECT] [Fatal Error] :1:1: Premature end of file.
2025-01-26 22:19:39,930 [ERROR] LogOutputStream:75 - [STDERR_REDIRECT] 
2025-01-26 22:19:40,933 [ERROR] LogOutputStream:75 - [STDERR_REDIRECT] [Fatal Error] :1:1: Premature end of file.
2025-01-26 22:19:40,933 [ERROR] LogOutputStream:75 - [STDERR_REDIRECT] 
2025-01-26 22:19:41,930 [ERROR] LogOutputStream:75 - [STDERR_REDIRECT] [Fatal Error] :1:1: Premature end of file.
2025-01-26 22:19:41,930 [ERROR] LogOutputStream:75 - [STDERR_REDIRECT] 
2025-01-26 22:19:42,937 [ERROR] LogOutputStream:75 - [STDERR_REDIRECT] [Fatal Error] :1:1: Premature end of file.
2025-01-26 22:19:42,937 [ERROR] LogOutputStream:75 - [STDERR_REDIRECT] 
2025-01-26 22:19:43,943 [ERROR] LogOutputStream:75 - [STDERR_REDIRECT] [Fatal Error] :1:1: Premature end of file.
2025-01-26 22:19:43,943 [ERROR] LogOutputStream:75 - [STDERR_REDIRECT] 
2025-01-26 22:19:44,933 [ERROR] LogOutputStream:75 - [STDERR_REDIRECT] [Fatal Error] :1:1: Premature end of file.
2025-01-26 22:19:44,933 [ERROR] LogOutputStream:75 - [STDERR_REDIRECT] 
2025-01-26 22:19:45,938 [ERROR] LogOutputStream:75 - [STDERR_REDIRECT] [Fatal Error] :1:1: Premature end of file.
2025-01-26 22:19:45,939 [ERROR] LogOutputStream:75 - [STDERR_REDIRECT] 
2025-01-26 22:19:46,922 [ERROR] LogOutputStream:75 - [STDERR_REDIRECT] [Fatal Error] :1:1: Premature end of file.
2025-01-26 22:19:46,922 [ERROR] LogOutputStream:75 - [STDERR_REDIRECT] 
2025-01-26 22:19:47,913 [ERROR] LogOutputStream:75 - [STDERR_REDIRECT] [Fatal Error] :1:1: Premature end of file.
2025-01-26 22:19:47,915 [ERROR] LogOutputStream:75 - [STDERR_REDIRECT] 
2025-01-26 22:19:48,924 [ERROR] LogOutputStream:75 - [STDERR_REDIRECT] [Fatal Error] :1:1: Premature end of file.
2025-01-26 22:19:48,924 [ERROR] LogOutputStream:75 - [STDERR_REDIRECT] 
2025-01-26 22:19:49,940 [ERROR] LogOutputStream:75 - [STDERR_REDIRECT] [Fatal Error] :1:1: Premature end of file.
2025-01-26 22:19:49,940 [ERROR] LogOutputStream:75 - [STDERR_REDIRECT] 
2025-01-26 22:19:50,935 [ERROR] LogOutputStream:75 - [STDERR_REDIRECT] [Fatal Error] :1:1: Premature end of file.
2025-01-26 22:19:50,935 [ERROR] LogOutputStream:75 - [STDERR_REDIRECT] 
2025-01-26 22:19:51,936 [ERROR] LogOutputStream:75 - [STDERR_REDIRECT] [Fatal Error] :1:1: Premature end of file.
2025-01-26 22:19:51,936 [ERROR] LogOutputStream:75 - [STDERR_REDIRECT] 
2025-01-26 22:19:52,941 [ERROR] LogOutputStream:75 - [STDERR_REDIRECT] [Fatal Error] :1:1: Premature end of file.
2025-01-26 22:19:52,941 [ERROR] LogOutputStream:75 - [STDERR_REDIRECT] 
2025-01-26 22:19:53,936 [ERROR] LogOutputStream:75 - [STDERR_REDIRECT] [Fatal Error] :1:1: Premature end of file.
2025-01-26 22:19:53,936 [ERROR] LogOutputStream:75 - [STDERR_REDIRECT] 
2025-01-26 22:19:54,935 [ERROR] LogOutputStream:75 - [STDERR_REDIRECT] [Fatal Error] :1:1: Premature end of file.
2025-01-26 22:19:54,935 [ERROR] LogOutputStream:75 - [STDERR_REDIRECT] 
2025-01-26 22:19:55,942 [ERROR] LogOutputStream:75 - [STDERR_REDIRECT] [Fatal Error] :1:1: Premature end of file.
2025-01-26 22:19:55,942 [ERROR] LogOutputStream:75 - [STDERR_REDIRECT] 
2025-01-26 22:19:56,925 [ERROR] LogOutputStream:75 - [STDERR_REDIRECT] [Fatal Error] :1:1: Premature end of file.
2025-01-26 22:19:56,927 [ERROR] LogOutputStream:75 - [STDERR_REDIRECT] 
2025-01-26 22:19:57,939 [ERROR] LogOutputStream:75 - [STDERR_REDIRECT] [Fatal Error] :1:1: Premature end of file.
2025-01-26 22:19:57,939 [ERROR] LogOutputStream:75 - [STDERR_REDIRECT] 
2025-01-26 22:19:58,943 [ERROR] LogOutputStream:75 - [STDERR_REDIRECT] [Fatal Error] :1:1: Premature end of file.
2025-01-26 22:19:58,945 [ERROR] LogOutputStream:75 - [STDERR_REDIRECT] 
2025-01-26 22:19:59,926 [ERROR] LogOutputStream:75 - [STDERR_REDIRECT] [Fatal Error] :1:1: Premature end of file.
2025-01-26 22:19:59,926 [ERROR] LogOutputStream:75 - [STDERR_REDIRECT] 
2025-01-26 22:20:00,940 [ERROR] LogOutputStream:75 - [STDERR_REDIRECT] [Fatal Error] :1:1: Premature end of file.
2025-01-26 22:20:00,942 [ERROR] LogOutputStream:75 - [STDERR_REDIRECT] 
2025-01-26 22:20:01,952 [ERROR] LogOutputStream:75 - [STDERR_REDIRECT] [Fatal Error] :1:1: Premature end of file.
2025-01-26 22:20:01,952 [ERROR] LogOutputStream:75 - [STDERR_REDIRECT] 
2025-01-26 22:20:02,930 [ERROR] LogOutputStream:75 - [STDERR_REDIRECT] [Fatal Error] :1:1: Premature end of file.
2025-01-26 22:20:02,930 [ERROR] LogOutputStream:75 - [STDERR_REDIRECT] 
2025-01-26 22:20:03,932 [ERROR] LogOutputStream:75 - [STDERR_REDIRECT] [Fatal Error] :1:1: Premature end of file.
2025-01-26 22:20:03,932 [ERROR] LogOutputStream:75 - [STDERR_REDIRECT] 
2025-01-26 22:20:04,957 [ERROR] LogOutputStream:75 - [STDERR_REDIRECT] [Fatal Error] :1:1: Premature end of file.
2025-01-26 22:20:04,959 [ERROR] LogOutputStream:75 - [STDERR_REDIRECT] 
2025-01-26 22:20:05,940 [ERROR] LogOutputStream:75 - [STDERR_REDIRECT] [Fatal Error] :1:1: Premature end of file.
2025-01-26 22:20:05,940 [ERROR] LogOutputStream:75 - [STDERR_REDIRECT] 
2025-01-26 22:20:06,924 [ERROR] LogOutputStream:75 - [STDERR_REDIRECT] [Fatal Error] :1:1: Premature end of file.
2025-01-26 22:20:06,924 [ERROR] LogOutputStream:75 - [STDERR_REDIRECT] 
2025-01-26 22:20:07,933 [ERROR] LogOutputStream:75 - [STDERR_REDIRECT] [Fatal Error] :1:1: Premature end of file.
2025-01-26 22:20:07,933 [ERROR] LogOutputStream:75 - [STDERR_REDIRECT] 
2025-01-26 22:20:08,941 [ERROR] LogOutputStream:75 - [STDERR_REDIRECT] [Fatal Error] :1:1: Premature end of file.
2025-01-26 22:20:08,941 [ERROR] LogOutputStream:75 - [STDERR_REDIRECT] 
2025-01-26 22:20:09,930 [ERROR] LogOutputStream:75 - [STDERR_REDIRECT] [Fatal Error] :1:1: Premature end of file.
2025-01-26 22:20:09,930 [ERROR] LogOutputStream:75 - [STDERR_REDIRECT] 
2025-01-26 22:20:10,939 [ERROR] LogOutputStream:75 - [STDERR_REDIRECT] [Fatal Error] :1:1: Premature end of file.
2025-01-26 22:20:10,940 [ERROR] LogOutputStream:75 - [STDERR_REDIRECT] 
2025-01-26 22:20:11,934 [ERROR] LogOutputStream:75 - [STDERR_REDIRECT] [Fatal Error] :1:1: Premature end of file.
2025-01-26 22:20:11,934 [ERROR] LogOutputStream:75 - [STDERR_REDIRECT] 
2025-01-26 22:20:12,936 [ERROR] LogOutputStream:75 - [STDERR_REDIRECT] [Fatal Error] :1:1: Premature end of file.
2025-01-26 22:20:12,936 [ERROR] LogOutputStream:75 - [STDERR_REDIRECT] 
2025-01-26 22:20:13,939 [ERROR] LogOutputStream:75 - [STDERR_REDIRECT] [Fatal Error] :1:1: Premature end of file.
2025-01-26 22:20:13,939 [ERROR] LogOutputStream:75 - [STDERR_REDIRECT] 
2025-01-26 22:20:14,929 [ERROR] LogOutputStream:75 - [STDERR_REDIRECT] [Fatal Error] :1:1: Premature end of file.
2025-01-26 22:20:14,929 [ERROR] LogOutputStream:75 - [STDERR_REDIRECT] 
2025-01-26 22:20:15,934 [ERROR] LogOutputStream:75 - [STDERR_REDIRECT] [Fatal Error] :1:1: Premature end of file.
2025-01-26 22:20:15,935 [ERROR] LogOutputStream:75 - [STDERR_REDIRECT] 
2025-01-26 22:20:16,936 [ERROR] LogOutputStream:75 - [STDERR_REDIRECT] [Fatal Error] :1:1: Premature end of file.
2025-01-26 22:20:16,936 [ERROR] LogOutputStream:75 - [STDERR_REDIRECT] 
2025-01-26 22:20:17,938 [ERROR] LogOutputStream:75 - [STDERR_REDIRECT] [Fatal Error] :1:1: Premature end of file.
2025-01-26 22:20:17,938 [ERROR] LogOutputStream:75 - [STDERR_REDIRECT] 
2025-01-26 22:20:18,929 [ERROR] LogOutputStream:75 - [STDERR_REDIRECT] [Fatal Error] :1:1: Premature end of file.
2025-01-26 22:20:18,929 [ERROR] LogOutputStream:75 - [STDERR_REDIRECT] 
2025-01-26 22:20:19,940 [ERROR] LogOutputStream:75 - [STDERR_REDIRECT] [Fatal Error] :1:1: Premature end of file.
2025-01-26 22:20:19,940 [ERROR] LogOutputStream:75 - [STDERR_REDIRECT] 
2025-01-26 22:20:20,937 [ERROR] LogOutputStream:75 - [STDERR_REDIRECT] [Fatal Error] :1:1: Premature end of file.
2025-01-26 22:20:20,938 [ERROR] LogOutputStream:75 - [STDERR_REDIRECT] 
2025-01-26 22:20:21,934 [ERROR] LogOutputStream:75 - [STDERR_REDIRECT] [Fatal Error] :1:1: Premature end of file.
2025-01-26 22:20:21,934 [ERROR] LogOutputStream:75 - [STDERR_REDIRECT] 
2025-01-26 22:20:22,940 [ERROR] LogOutputStream:75 - [STDERR_REDIRECT] [Fatal Error] :1:1: Premature end of file.
2025-01-26 22:20:22,940 [ERROR] LogOutputStream:75 - [STDERR_REDIRECT] 
2025-01-26 22:20:23,936 [ERROR] LogOutputStream:75 - [STDERR_REDIRECT] [Fatal Error] :1:1: Premature end of file.
2025-01-26 22:20:23,936 [ERROR] LogOutputStream:75 - [STDERR_REDIRECT] 
2025-01-26 22:20:24,931 [ERROR] LogOutputStream:75 - [STDERR_REDIRECT] [Fatal Error] :1:1: Premature end of file.
2025-01-26 22:20:24,931 [ERROR] LogOutputStream:75 - [STDERR_REDIRECT] 
2025-01-26 22:20:25,943 [ERROR] LogOutputStream:75 - [STDERR_REDIRECT] [Fatal Error] :1:1: Premature end of file.
2025-01-26 22:20:25,943 [ERROR] LogOutputStream:75 - [STDERR_REDIRECT] 
2025-01-26 22:20:26,931 [ERROR] LogOutputStream:75 - [STDERR_REDIRECT] [Fatal Error] :1:1: Premature end of file.
2025-01-26 22:20:26,931 [ERROR] LogOutputStream:75 - [STDERR_REDIRECT] 
2025-01-26 22:20:27,930 [ERROR] LogOutputStream:75 - [STDERR_REDIRECT] [Fatal Error] :1:1: Premature end of file.
2025-01-26 22:20:27,930 [ERROR] LogOutputStream:75 - [STDERR_REDIRECT] 
2025-01-26 22:20:28,944 [ERROR] LogOutputStream:75 - [STDERR_REDIRECT] [Fatal Error] :1:1: Premature end of file.
2025-01-26 22:20:28,944 [ERROR] LogOutputStream:75 - [STDERR_REDIRECT] 
2025-01-26 22:20:29,937 [ERROR] LogOutputStream:75 - [STDERR_REDIRECT] [Fatal Error] :1:1: Premature end of file.
2025-01-26 22:20:29,937 [ERROR] LogOutputStream:75 - [STDERR_REDIRECT] 
2025-01-26 22:20:30,936 [ERROR] LogOutputStream:75 - [STDERR_REDIRECT] [Fatal Error] :1:1: Premature end of file.
2025-01-26 22:20:30,936 [ERROR] LogOutputStream:75 - [STDERR_REDIRECT] 
2025-01-26 22:20:31,936 [ERROR] LogOutputStream:75 - [STDERR_REDIRECT] [Fatal Error] :1:1: Premature end of file.
2025-01-26 22:20:31,936 [ERROR] LogOutputStream:75 - [STDERR_REDIRECT] 
2025-01-26 22:20:32,934 [ERROR] LogOutputStream:75 - [STDERR_REDIRECT] [Fatal Error] :1:1: Premature end of file.
2025-01-26 22:20:32,936 [ERROR] LogOutputStream:75 - [STDERR_REDIRECT] 
2025-01-26 22:20:33,937 [ERROR] LogOutputStream:75 - [STDERR_REDIRECT] [Fatal Error] :1:1: Premature end of file.
2025-01-26 22:20:33,937 [ERROR] LogOutputStream:75 - [STDERR_REDIRECT] 
2025-01-26 22:20:34,937 [ERROR] LogOutputStream:75 - [STDERR_REDIRECT] [Fatal Error] :1:1: Premature end of file.
2025-01-26 22:20:34,937 [ERROR] LogOutputStream:75 - [STDERR_REDIRECT] 
2025-01-26 22:20:35,935 [ERROR] LogOutputStream:75 - [STDERR_REDIRECT] [Fatal Error] :1:1: Premature end of file.
2025-01-26 22:20:35,935 [ERROR] LogOutputStream:75 - [STDERR_REDIRECT] 
2025-01-26 22:20:36,931 [ERROR] LogOutputStream:75 - [STDERR_REDIRECT] [Fatal Error] :1:1: Premature end of file.
2025-01-26 22:20:36,931 [ERROR] LogOutputStream:75 - [STDERR_REDIRECT] 
2025-01-26 22:20:37,945 [ERROR] LogOutputStream:75 - [STDERR_REDIRECT] [Fatal Error] :1:1: Premature end of file.
2025-01-26 22:20:37,945 [ERROR] LogOutputStream:75 - [STDERR_REDIRECT] 
2025-01-26 22:20:38,925 [ERROR] LogOutputStream:75 - [STDERR_REDIRECT] [Fatal Error] :1:1: Premature end of file.
2025-01-26 22:20:38,925 [ERROR] LogOutputStream:75 - [STDERR_REDIRECT] 
2025-01-26 22:20:39,936 [ERROR] LogOutputStream:75 - [STDERR_REDIRECT] [Fatal Error] :1:1: Premature end of file.
2025-01-26 22:20:39,936 [ERROR] LogOutputStream:75 - [STDERR_REDIRECT] 
2025-01-26 22:20:40,938 [ERROR] LogOutputStream:75 - [STDERR_REDIRECT] [Fatal Error] :1:1: Premature end of file.
2025-01-26 22:20:40,938 [ERROR] LogOutputStream:75 - [STDERR_REDIRECT] 
2025-01-26 22:20:41,922 [ERROR] LogOutputStream:75 - [STDERR_REDIRECT] [Fatal Error] :1:1: Premature end of file.
2025-01-26 22:20:41,922 [ERROR] LogOutputStream:75 - [STDERR_REDIRECT] 
2025-01-26 22:20:42,930 [ERROR] LogOutputStream:75 - [STDERR_REDIRECT] [Fatal Error] :1:1: Premature end of file.
2025-01-26 22:20:42,930 [ERROR] LogOutputStream:75 - [STDERR_REDIRECT] 
2025-01-26 22:20:43,938 [ERROR] LogOutputStream:75 - [STDERR_REDIRECT] [Fatal Error] :1:1: Premature end of file.
2025-01-26 22:20:43,938 [ERROR] LogOutputStream:75 - [STDERR_REDIRECT] 
2025-01-26 22:20:44,942 [ERROR] LogOutputStream:75 - [STDERR_REDIRECT] [Fatal Error] :1:1: Premature end of file.
2025-01-26 22:20:44,942 [ERROR] LogOutputStream:75 - [STDERR_REDIRECT] 
2025-01-26 22:20:45,930 [ERROR] LogOutputStream:75 - [STDERR_REDIRECT] [Fatal Error] :1:1: Premature end of file.
2025-01-26 22:20:45,932 [ERROR] LogOutputStream:75 - [STDERR_REDIRECT] 
2025-01-26 22:20:46,949 [ERROR] LogOutputStream:75 - [STDERR_REDIRECT] [Fatal Error] :1:1: Premature end of file.
2025-01-26 22:20:46,949 [ERROR] LogOutputStream:75 - [STDERR_REDIRECT] 
2025-01-26 22:20:47,936 [ERROR] LogOutputStream:75 - [STDERR_REDIRECT] [Fatal Error] :1:1: Premature end of file.
2025-01-26 22:20:47,936 [ERROR] LogOutputStream:75 - [STDERR_REDIRECT] 
2025-01-26 22:20:48,942 [ERROR] LogOutputStream:75 - [STDERR_REDIRECT] [Fatal Error] :1:1: Premature end of file.
2025-01-26 22:20:48,942 [ERROR] LogOutputStream:75 - [STDERR_REDIRECT] 
2025-01-26 22:20:49,947 [ERROR] LogOutputStream:75 - [STDERR_REDIRECT] [Fatal Error] :1:1: Premature end of file.
2025-01-26 22:20:49,947 [ERROR] LogOutputStream:75 - [STDERR_REDIRECT] 
2025-01-26 22:20:50,940 [ERROR] LogOutputStream:75 - [STDERR_REDIRECT] [Fatal Error] :1:1: Premature end of file.
2025-01-26 22:20:50,940 [ERROR] LogOutputStream:75 - [STDERR_REDIRECT] 
2025-01-26 22:20:51,928 [ERROR] LogOutputStream:75 - [STDERR_REDIRECT] [Fatal Error] :1:1: Premature end of file.
2025-01-26 22:20:51,928 [ERROR] LogOutputStream:75 - [STDERR_REDIRECT] 
2025-01-26 22:20:52,933 [ERROR] LogOutputStream:75 - [STDERR_REDIRECT] [Fatal Error] :1:1: Premature end of file.
2025-01-26 22:20:52,933 [ERROR] LogOutputStream:75 - [STDERR_REDIRECT] 
2025-01-26 22:20:53,916 [ERROR] LogOutputStream:75 - [STDERR_REDIRECT] [Fatal Error] :1:1: Premature end of file.
2025-01-26 22:20:53,916 [ERROR] LogOutputStream:75 - [STDERR_REDIRECT] 
2025-01-26 22:20:54,934 [ERROR] LogOutputStream:75 - [STDERR_REDIRECT] [Fatal Error] :1:1: Premature end of file.
2025-01-26 22:20:54,934 [ERROR] LogOutputStream:75 - [STDERR_REDIRECT] 
2025-01-26 22:20:55,920 [ERROR] LogOutputStream:75 - [STDERR_REDIRECT] [Fatal Error] :1:1: Premature end of file.
2025-01-26 22:20:55,920 [ERROR] LogOutputStream:75 - [STDERR_REDIRECT] 
2025-01-26 22:20:56,929 [ERROR] LogOutputStream:75 - [STDERR_REDIRECT] [Fatal Error] :1:1: Premature end of file.
2025-01-26 22:20:56,929 [ERROR] LogOutputStream:75 - [STDERR_REDIRECT] 
2025-01-26 22:20:57,939 [ERROR] LogOutputStream:75 - [STDERR_REDIRECT] [Fatal Error] :1:1: Premature end of file.
2025-01-26 22:20:57,939 [ERROR] LogOutputStream:75 - [STDERR_REDIRECT] 
2025-01-26 22:20:58,940 [ERROR] LogOutputStream:75 - [STDERR_REDIRECT] [Fatal Error] :1:1: Premature end of file.
2025-01-26 22:20:58,942 [ERROR] LogOutputStream:75 - [STDERR_REDIRECT] 
2025-01-26 22:20:59,931 [ERROR] LogOutputStream:75 - [STDERR_REDIRECT] [Fatal Error] :1:1: Premature end of file.
2025-01-26 22:20:59,931 [ERROR] LogOutputStream:75 - [STDERR_REDIRECT] 
2025-01-26 22:21:00,935 [ERROR] LogOutputStream:75 - [STDERR_REDIRECT] [Fatal Error] :1:1: Premature end of file.
2025-01-26 22:21:00,935 [ERROR] LogOutputStream:75 - [STDERR_REDIRECT] 
2025-01-26 22:21:01,940 [ERROR] LogOutputStream:75 - [STDERR_REDIRECT] [Fatal Error] :1:1: Premature end of file.
2025-01-26 22:21:01,940 [ERROR] LogOutputStream:75 - [STDERR_REDIRECT] 
2025-01-26 22:21:02,949 [ERROR] LogOutputStream:75 - [STDERR_REDIRECT] [Fatal Error] :1:1: Premature end of file.
2025-01-26 22:21:02,949 [ERROR] LogOutputStream:75 - [STDERR_REDIRECT] 
2025-01-26 22:21:03,926 [ERROR] LogOutputStream:75 - [STDERR_REDIRECT] [Fatal Error] :1:1: Premature end of file.
2025-01-26 22:21:03,926 [ERROR] LogOutputStream:75 - [STDERR_REDIRECT] 
2025-01-26 22:21:04,942 [ERROR] LogOutputStream:75 - [STDERR_REDIRECT] [Fatal Error] :1:1: Premature end of file.
2025-01-26 22:21:04,942 [ERROR] LogOutputStream:75 - [STDERR_REDIRECT] 
2025-01-26 22:21:05,941 [ERROR] LogOutputStream:75 - [STDERR_REDIRECT] [Fatal Error] :1:1: Premature end of file.
2025-01-26 22:21:05,941 [ERROR] LogOutputStream:75 - [STDERR_REDIRECT] 
2025-01-26 22:21:06,914 [ERROR] LogOutputStream:75 - [STDERR_REDIRECT] [Fatal Error] :1:1: Premature end of file.
2025-01-26 22:21:06,914 [ERROR] LogOutputStream:75 - [STDERR_REDIRECT] 
2025-01-26 22:21:07,942 [ERROR] LogOutputStream:75 - [STDERR_REDIRECT] [Fatal Error] :1:1: Premature end of file.
2025-01-26 22:21:07,942 [ERROR] LogOutputStream:75 - [STDERR_REDIRECT] 
2025-01-26 22:21:08,927 [ERROR] LogOutputStream:75 - [STDERR_REDIRECT] [Fatal Error] :1:1: Premature end of file.
2025-01-26 22:21:08,928 [ERROR] LogOutputStream:75 - [STDERR_REDIRECT] 
2025-01-26 22:21:09,940 [ERROR] LogOutputStream:75 - [STDERR_REDIRECT] [Fatal Error] :1:1: Premature end of file.
2025-01-26 22:21:09,940 [ERROR] LogOutputStream:75 - [STDERR_REDIRECT] 
2025-01-26 22:21:10,943 [ERROR] LogOutputStream:75 - [STDERR_REDIRECT] [Fatal Error] :1:1: Premature end of file.
2025-01-26 22:21:10,943 [ERROR] LogOutputStream:75 - [STDERR_REDIRECT] 
2025-01-26 22:21:11,940 [ERROR] LogOutputStream:75 - [STDERR_REDIRECT] [Fatal Error] :1:1: Premature end of file.
2025-01-26 22:21:11,940 [ERROR] LogOutputStream:75 - [STDERR_REDIRECT] 
2025-01-26 22:21:12,927 [ERROR] LogOutputStream:75 - [STDERR_REDIRECT] [Fatal Error] :1:1: Premature end of file.
2025-01-26 22:21:12,927 [ERROR] LogOutputStream:75 - [STDERR_REDIRECT] 
2025-01-26 22:21:13,934 [ERROR] LogOutputStream:75 - [STDERR_REDIRECT] [Fatal Error] :1:1: Premature end of file.
2025-01-26 22:21:13,934 [ERROR] LogOutputStream:75 - [STDERR_REDIRECT] 
2025-01-26 22:21:14,939 [ERROR] LogOutputStream:75 - [STDERR_REDIRECT] [Fatal Error] :1:1: Premature end of file.
2025-01-26 22:21:14,939 [ERROR] LogOutputStream:75 - [STDERR_REDIRECT] 
2025-01-26 22:21:15,945 [ERROR] LogOutputStream:75 - [STDERR_REDIRECT] [Fatal Error] :1:1: Premature end of file.
2025-01-26 22:21:15,945 [ERROR] LogOutputStream:75 - [STDERR_REDIRECT] 
2025-01-26 22:21:16,931 [ERROR] LogOutputStream:75 - [STDERR_REDIRECT] [Fatal Error] :1:1: Premature end of file.
2025-01-26 22:21:16,931 [ERROR] LogOutputStream:75 - [STDERR_REDIRECT] 
2025-01-26 22:21:17,960 [ERROR] LogOutputStream:75 - [STDERR_REDIRECT] [Fatal Error] :1:1: Premature end of file.
2025-01-26 22:21:17,960 [ERROR] LogOutputStream:75 - [STDERR_REDIRECT] 
2025-01-26 22:21:18,939 [ERROR] LogOutputStream:75 - [STDERR_REDIRECT] [Fatal Error] :1:1: Premature end of file.
2025-01-26 22:21:18,939 [ERROR] LogOutputStream:75 - [STDERR_REDIRECT] 
2025-01-26 22:21:19,941 [ERROR] LogOutputStream:75 - [STDERR_REDIRECT] [Fatal Error] :1:1: Premature end of file.
2025-01-26 22:21:19,941 [ERROR] LogOutputStream:75 - [STDERR_REDIRECT] 
2025-01-26 22:21:20,934 [ERROR] LogOutputStream:75 - [STDERR_REDIRECT] [Fatal Error] :1:1: Premature end of file.
2025-01-26 22:21:20,934 [ERROR] LogOutputStream:75 - [STDERR_REDIRECT] 
2025-01-26 22:21:21,938 [ERROR] LogOutputStream:75 - [STDERR_REDIRECT] [Fatal Error] :1:1: Premature end of file.
2025-01-26 22:21:21,938 [ERROR] LogOutputStream:75 - [STDERR_REDIRECT] 
2025-01-26 22:21:22,938 [ERROR] LogOutputStream:75 - [STDERR_REDIRECT] [Fatal Error] :1:1: Premature end of file.
2025-01-26 22:21:22,938 [ERROR] LogOutputStream:75 - [STDERR_REDIRECT] 
2025-01-26 22:21:23,946 [ERROR] LogOutputStream:75 - [STDERR_REDIRECT] [Fatal Error] :1:1: Premature end of file.
2025-01-26 22:21:23,946 [ERROR] LogOutputStream:75 - [STDERR_REDIRECT] 
2025-01-26 22:21:24,939 [ERROR] LogOutputStream:75 - [STDERR_REDIRECT] [Fatal Error] :1:1: Premature end of file.
2025-01-26 22:21:24,939 [ERROR] LogOutputStream:75 - [STDERR_REDIRECT] 
2025-01-26 22:21:25,937 [ERROR] LogOutputStream:75 - [STDERR_REDIRECT] [Fatal Error] :1:1: Premature end of file.
2025-01-26 22:21:25,937 [ERROR] LogOutputStream:75 - [STDERR_REDIRECT] 
2025-01-26 22:21:26,941 [ERROR] LogOutputStream:75 - [STDERR_REDIRECT] [Fatal Error] :1:1: Premature end of file.
2025-01-26 22:21:26,941 [ERROR] LogOutputStream:75 - [STDERR_REDIRECT] 
2025-01-26 22:21:27,933 [ERROR] LogOutputStream:75 - [STDERR_REDIRECT] [Fatal Error] :1:1: Premature end of file.
2025-01-26 22:21:27,933 [ERROR] LogOutputStream:75 - [STDERR_REDIRECT] 
2025-01-26 22:21:28,939 [ERROR] LogOutputStream:75 - [STDERR_REDIRECT] [Fatal Error] :1:1: Premature end of file.
2025-01-26 22:21:28,939 [ERROR] LogOutputStream:75 - [STDERR_REDIRECT] 
2025-01-26 22:21:29,944 [ERROR] LogOutputStream:75 - [STDERR_REDIRECT] [Fatal Error] :1:1: Premature end of file.
2025-01-26 22:21:29,944 [ERROR] LogOutputStream:75 - [STDERR_REDIRECT] 
2025-01-26 22:21:30,929 [ERROR] LogOutputStream:75 - [STDERR_REDIRECT] [Fatal Error] :1:1: Premature end of file.
2025-01-26 22:21:30,929 [ERROR] LogOutputStream:75 - [STDERR_REDIRECT] 
2025-01-26 22:21:31,938 [ERROR] LogOutputStream:75 - [STDERR_REDIRECT] [Fatal Error] :1:1: Premature end of file.
2025-01-26 22:21:31,938 [ERROR] LogOutputStream:75 - [STDERR_REDIRECT] 
2025-01-26 22:21:32,932 [ERROR] LogOutputStream:75 - [STDERR_REDIRECT] [Fatal Error] :1:1: Premature end of file.
2025-01-26 22:21:32,932 [ERROR] LogOutputStream:75 - [STDERR_REDIRECT] 
2025-01-26 22:21:33,938 [ERROR] LogOutputStream:75 - [STDERR_REDIRECT] [Fatal Error] :1:1: Premature end of file.
2025-01-26 22:21:33,938 [ERROR] LogOutputStream:75 - [STDERR_REDIRECT] 
2025-01-26 22:21:34,935 [ERROR] LogOutputStream:75 - [STDERR_REDIRECT] [Fatal Error] :1:1: Premature end of file.
2025-01-26 22:21:34,937 [ERROR] LogOutputStream:75 - [STDERR_REDIRECT] 
2025-01-26 22:21:35,940 [ERROR] LogOutputStream:75 - [STDERR_REDIRECT] [Fatal Error] :1:1: Premature end of file.
2025-01-26 22:21:35,940 [ERROR] LogOutputStream:75 - [STDERR_REDIRECT] 
2025-01-26 22:21:36,936 [ERROR] LogOutputStream:75 - [STDERR_REDIRECT] [Fatal Error] :1:1: Premature end of file.
2025-01-26 22:21:36,938 [ERROR] LogOutputStream:75 - [STDERR_REDIRECT] 
2025-01-26 22:21:37,944 [ERROR] LogOutputStream:75 - [STDERR_REDIRECT] [Fatal Error] :1:1: Premature end of file.
2025-01-26 22:21:37,944 [ERROR] LogOutputStream:75 - [STDERR_REDIRECT] 
2025-01-26 22:21:38,934 [ERROR] LogOutputStream:75 - [STDERR_REDIRECT] [Fatal Error] :1:1: Premature end of file.
2025-01-26 22:21:38,935 [ERROR] LogOutputStream:75 - [STDERR_REDIRECT] 
2025-01-26 22:21:39,932 [ERROR] LogOutputStream:75 - [STDERR_REDIRECT] [Fatal Error] :1:1: Premature end of file.
2025-01-26 22:21:39,932 [ERROR] LogOutputStream:75 - [STDERR_REDIRECT] 
2025-01-26 22:21:40,941 [ERROR] LogOutputStream:75 - [STDERR_REDIRECT] [Fatal Error] :1:1: Premature end of file.
2025-01-26 22:21:40,941 [ERROR] LogOutputStream:75 - [STDERR_REDIRECT] 
2025-01-26 22:21:41,938 [ERROR] LogOutputStream:75 - [STDERR_REDIRECT] [Fatal Error] :1:1: Premature end of file.
2025-01-26 22:21:41,938 [ERROR] LogOutputStream:75 - [STDERR_REDIRECT] 
2025-01-26 22:21:42,942 [ERROR] LogOutputStream:75 - [STDERR_REDIRECT] [Fatal Error] :1:1: Premature end of file.
2025-01-26 22:21:42,942 [ERROR] LogOutputStream:75 - [STDERR_REDIRECT] 
2025-01-26 22:21:43,937 [ERROR] LogOutputStream:75 - [STDERR_REDIRECT] [Fatal Error] :1:1: Premature end of file.
2025-01-26 22:21:43,939 [ERROR] LogOutputStream:75 - [STDERR_REDIRECT] 
2025-01-26 22:21:44,936 [ERROR] LogOutputStream:75 - [STDERR_REDIRECT] [Fatal Error] :1:1: Premature end of file.
2025-01-26 22:21:44,938 [ERROR] LogOutputStream:75 - [STDERR_REDIRECT] 
2025-01-26 22:21:45,930 [ERROR] LogOutputStream:75 - [STDERR_REDIRECT] [Fatal Error] :1:1: Premature end of file.
2025-01-26 22:21:45,930 [ERROR] LogOutputStream:75 - [STDERR_REDIRECT] 
2025-01-26 22:21:46,938 [ERROR] LogOutputStream:75 - [STDERR_REDIRECT] [Fatal Error] :1:1: Premature end of file.
2025-01-26 22:21:46,938 [ERROR] LogOutputStream:75 - [STDERR_REDIRECT] 
2025-01-26 22:21:47,936 [ERROR] LogOutputStream:75 - [STDERR_REDIRECT] [Fatal Error] :1:1: Premature end of file.
2025-01-26 22:21:47,936 [ERROR] LogOutputStream:75 - [STDERR_REDIRECT] 
2025-01-26 22:21:48,936 [ERROR] LogOutputStream:75 - [STDERR_REDIRECT] [Fatal Error] :1:1: Premature end of file.
2025-01-26 22:21:48,936 [ERROR] LogOutputStream:75 - [STDERR_REDIRECT] 
2025-01-26 22:21:49,938 [ERROR] LogOutputStream:75 - [STDERR_REDIRECT] [Fatal Error] :1:1: Premature end of file.
2025-01-26 22:21:49,940 [ERROR] LogOutputStream:75 - [STDERR_REDIRECT] 
2025-01-26 22:21:50,943 [ERROR] LogOutputStream:75 - [STDERR_REDIRECT] [Fatal Error] :1:1: Premature end of file.
2025-01-26 22:21:50,943 [ERROR] LogOutputStream:75 - [STDERR_REDIRECT] 
2025-01-26 22:21:51,943 [ERROR] LogOutputStream:75 - [STDERR_REDIRECT] [Fatal Error] :1:1: Premature end of file.
2025-01-26 22:21:51,943 [ERROR] LogOutputStream:75 - [STDERR_REDIRECT] 
2025-01-26 22:21:52,940 [ERROR] LogOutputStream:75 - [STDERR_REDIRECT] [Fatal Error] :1:1: Premature end of file.
2025-01-26 22:21:52,941 [ERROR] LogOutputStream:75 - [STDERR_REDIRECT] 
2025-01-26 22:21:53,942 [ERROR] LogOutputStream:75 - [STDERR_REDIRECT] [Fatal Error] :1:1: Premature end of file.
2025-01-26 22:21:53,942 [ERROR] LogOutputStream:75 - [STDERR_REDIRECT] 
2025-01-26 22:21:54,938 [ERROR] LogOutputStream:75 - [STDERR_REDIRECT] [Fatal Error] :1:1: Premature end of file.
2025-01-26 22:21:54,938 [ERROR] LogOutputStream:75 - [STDERR_REDIRECT] 
2025-01-26 22:21:55,959 [ERROR] LogOutputStream:75 - [STDERR_REDIRECT] [Fatal Error] :1:1: Premature end of file.
2025-01-26 22:21:55,959 [ERROR] LogOutputStream:75 - [STDERR_REDIRECT] 
2025-01-26 22:21:56,943 [ERROR] LogOutputStream:75 - [STDERR_REDIRECT] [Fatal Error] :1:1: Premature end of file.
2025-01-26 22:21:56,943 [ERROR] LogOutputStream:75 - [STDERR_REDIRECT] 
2025-01-26 22:21:57,932 [ERROR] LogOutputStream:75 - [STDERR_REDIRECT] [Fatal Error] :1:1: Premature end of file.
2025-01-26 22:21:57,932 [ERROR] LogOutputStream:75 - [STDERR_REDIRECT] 
2025-01-26 22:21:58,938 [ERROR] LogOutputStream:75 - [STDERR_REDIRECT] [Fatal Error] :1:1: Premature end of file.
2025-01-26 22:21:58,939 [ERROR] LogOutputStream:75 - [STDERR_REDIRECT] 
2025-01-26 22:21:59,935 [ERROR] LogOutputStream:75 - [STDERR_REDIRECT] [Fatal Error] :1:1: Premature end of file.
2025-01-26 22:21:59,935 [ERROR] LogOutputStream:75 - [STDERR_REDIRECT] 
2025-01-26 22:22:00,930 [ERROR] LogOutputStream:75 - [STDERR_REDIRECT] [Fatal Error] :1:1: Premature end of file.
2025-01-26 22:22:00,930 [ERROR] LogOutputStream:75 - [STDERR_REDIRECT] 
2025-01-26 22:22:01,938 [ERROR] LogOutputStream:75 - [STDERR_REDIRECT] [Fatal Error] :1:1: Premature end of file.
2025-01-26 22:22:01,938 [ERROR] LogOutputStream:75 - [STDERR_REDIRECT] 
2025-01-26 22:22:02,921 [ERROR] LogOutputStream:75 - [STDERR_REDIRECT] [Fatal Error] :1:1: Premature end of file.
2025-01-26 22:22:02,923 [ERROR] LogOutputStream:75 - [STDERR_REDIRECT] 
2025-01-26 22:22:03,937 [ERROR] LogOutputStream:75 - [STDERR_REDIRECT] [Fatal Error] :1:1: Premature end of file.
2025-01-26 22:22:03,937 [ERROR] LogOutputStream:75 - [STDERR_REDIRECT] 
2025-01-26 22:22:04,951 [ERROR] LogOutputStream:75 - [STDERR_REDIRECT] [Fatal Error] :1:1: Premature end of file.
2025-01-26 22:22:04,951 [ERROR] LogOutputStream:75 - [STDERR_REDIRECT] 
2025-01-26 22:22:05,934 [ERROR] LogOutputStream:75 - [STDERR_REDIRECT] [Fatal Error] :1:1: Premature end of file.
2025-01-26 22:22:05,934 [ERROR] LogOutputStream:75 - [STDERR_REDIRECT] 
2025-01-26 22:22:06,938 [ERROR] LogOutputStream:75 - [STDERR_REDIRECT] [Fatal Error] :1:1: Premature end of file.
2025-01-26 22:22:06,938 [ERROR] LogOutputStream:75 - [STDERR_REDIRECT] 
2025-01-26 22:22:07,940 [ERROR] LogOutputStream:75 - [STDERR_REDIRECT] [Fatal Error] :1:1: Premature end of file.
2025-01-26 22:22:07,940 [ERROR] LogOutputStream:75 - [STDERR_REDIRECT] 
2025-01-26 22:22:08,934 [ERROR] LogOutputStream:75 - [STDERR_REDIRECT] [Fatal Error] :1:1: Premature end of file.
2025-01-26 22:22:08,934 [ERROR] LogOutputStream:75 - [STDERR_REDIRECT] 
2025-01-26 22:22:09,934 [ERROR] LogOutputStream:75 - [STDERR_REDIRECT] [Fatal Error] :1:1: Premature end of file.
2025-01-26 22:22:09,934 [ERROR] LogOutputStream:75 - [STDERR_REDIRECT] 
2025-01-26 22:22:10,945 [ERROR] LogOutputStream:75 - [STDERR_REDIRECT] [Fatal Error] :1:1: Premature end of file.
2025-01-26 22:22:10,945 [ERROR] LogOutputStream:75 - [STDERR_REDIRECT] 
2025-01-26 22:22:11,934 [ERROR] LogOutputStream:75 - [STDERR_REDIRECT] [Fatal Error] :1:1: Premature end of file.
2025-01-26 22:22:11,934 [ERROR] LogOutputStream:75 - [STDERR_REDIRECT] 
2025-01-26 22:22:12,939 [ERROR] LogOutputStream:75 - [STDERR_REDIRECT] [Fatal Error] :1:1: Premature end of file.
2025-01-26 22:22:12,939 [ERROR] LogOutputStream:75 - [STDERR_REDIRECT] 
2025-01-26 22:22:13,951 [ERROR] LogOutputStream:75 - [STDERR_REDIRECT] [Fatal Error] :1:1: Premature end of file.
2025-01-26 22:22:13,951 [ERROR] LogOutputStream:75 - [STDERR_REDIRECT] 
2025-01-26 22:22:14,939 [ERROR] LogOutputStream:75 - [STDERR_REDIRECT] [Fatal Error] :1:1: Premature end of file.
2025-01-26 22:22:14,939 [ERROR] LogOutputStream:75 - [STDERR_REDIRECT] 
2025-01-26 22:22:15,942 [ERROR] LogOutputStream:75 - [STDERR_REDIRECT] [Fatal Error] :1:1: Premature end of file.
2025-01-26 22:22:15,942 [ERROR] LogOutputStream:75 - [STDERR_REDIRECT] 
2025-01-26 22:22:16,941 [ERROR] LogOutputStream:75 - [STDERR_REDIRECT] [Fatal Error] :1:1: Premature end of file.
2025-01-26 22:22:16,941 [ERROR] LogOutputStream:75 - [STDERR_REDIRECT] 
2025-01-26 22:22:17,925 [ERROR] LogOutputStream:75 - [STDERR_REDIRECT] [Fatal Error] :1:1: Premature end of file.
2025-01-26 22:22:17,925 [ERROR] LogOutputStream:75 - [STDERR_REDIRECT] 
2025-01-26 22:22:18,928 [ERROR] LogOutputStream:75 - [STDERR_REDIRECT] [Fatal Error] :1:1: Premature end of file.
2025-01-26 22:22:18,928 [ERROR] LogOutputStream:75 - [STDERR_REDIRECT] 
2025-01-26 22:22:19,931 [ERROR] LogOutputStream:75 - [STDERR_REDIRECT] [Fatal Error] :1:1: Premature end of file.
2025-01-26 22:22:19,931 [ERROR] LogOutputStream:75 - [STDERR_REDIRECT] 
2025-01-26 22:22:20,946 [ERROR] LogOutputStream:75 - [STDERR_REDIRECT] [Fatal Error] :1:1: Premature end of file.
2025-01-26 22:22:20,946 [ERROR] LogOutputStream:75 - [STDERR_REDIRECT] 
2025-01-26 22:22:21,931 [ERROR] LogOutputStream:75 - [STDERR_REDIRECT] [Fatal Error] :1:1: Premature end of file.
2025-01-26 22:22:21,932 [ERROR] LogOutputStream:75 - [STDERR_REDIRECT] 
2025-01-26 22:22:22,940 [ERROR] LogOutputStream:75 - [STDERR_REDIRECT] [Fatal Error] :1:1: Premature end of file.
2025-01-26 22:22:22,940 [ERROR] LogOutputStream:75 - [STDERR_REDIRECT] 
2025-01-26 22:22:23,929 [ERROR] LogOutputStream:75 - [STDERR_REDIRECT] [Fatal Error] :1:1: Premature end of file.
2025-01-26 22:22:23,929 [ERROR] LogOutputStream:75 - [STDERR_REDIRECT] 
2025-01-26 22:22:24,953 [ERROR] LogOutputStream:75 - [STDERR_REDIRECT] [Fatal Error] :1:1: Premature end of file.
2025-01-26 22:22:24,953 [ERROR] LogOutputStream:75 - [STDERR_REDIRECT] 
2025-01-26 22:22:25,937 [ERROR] LogOutputStream:75 - [STDERR_REDIRECT] [Fatal Error] :1:1: Premature end of file.
2025-01-26 22:22:25,937 [ERROR] LogOutputStream:75 - [STDERR_REDIRECT] 
2025-01-26 22:22:26,924 [ERROR] LogOutputStream:75 - [STDERR_REDIRECT] [Fatal Error] :1:1: Premature end of file.
2025-01-26 22:22:26,925 [ERROR] LogOutputStream:75 - [STDERR_REDIRECT] 
2025-01-26 22:22:27,933 [ERROR] LogOutputStream:75 - [STDERR_REDIRECT] [Fatal Error] :1:1: Premature end of file.
2025-01-26 22:22:27,933 [ERROR] LogOutputStream:75 - [STDERR_REDIRECT] 
2025-01-26 22:22:28,952 [ERROR] LogOutputStream:75 - [STDERR_REDIRECT] [Fatal Error] :1:1: Premature end of file.
2025-01-26 22:22:28,952 [ERROR] LogOutputStream:75 - [STDERR_REDIRECT] 
2025-01-26 22:22:29,927 [ERROR] LogOutputStream:75 - [STDERR_REDIRECT] [Fatal Error] :1:1: Premature end of file.
2025-01-26 22:22:29,927 [ERROR] LogOutputStream:75 - [STDERR_REDIRECT] 
2025-01-26 22:22:30,936 [ERROR] LogOutputStream:75 - [STDERR_REDIRECT] [Fatal Error] :1:1: Premature end of file.
2025-01-26 22:22:30,937 [ERROR] LogOutputStream:75 - [STDERR_REDIRECT] 
2025-01-26 22:22:31,943 [ERROR] LogOutputStream:75 - [STDERR_REDIRECT] [Fatal Error] :1:1: Premature end of file.
2025-01-26 22:22:31,943 [ERROR] LogOutputStream:75 - [STDERR_REDIRECT] 
2025-01-26 22:22:32,935 [ERROR] LogOutputStream:75 - [STDERR_REDIRECT] [Fatal Error] :1:1: Premature end of file.
2025-01-26 22:22:32,935 [ERROR] LogOutputStream:75 - [STDERR_REDIRECT] 
2025-01-26 22:22:33,927 [ERROR] LogOutputStream:75 - [STDERR_REDIRECT] [Fatal Error] :1:1: Premature end of file.
2025-01-26 22:22:33,927 [ERROR] LogOutputStream:75 - [STDERR_REDIRECT] 
2025-01-26 22:22:34,945 [ERROR] LogOutputStream:75 - [STDERR_REDIRECT] [Fatal Error] :1:1: Premature end of file.
2025-01-26 22:22:34,945 [ERROR] LogOutputStream:75 - [STDERR_REDIRECT] 
2025-01-26 22:22:35,935 [ERROR] LogOutputStream:75 - [STDERR_REDIRECT] [Fatal Error] :1:1: Premature end of file.
2025-01-26 22:22:35,935 [ERROR] LogOutputStream:75 - [STDERR_REDIRECT] 
2025-01-26 22:22:36,959 [ERROR] LogOutputStream:75 - [STDERR_REDIRECT] [Fatal Error] :1:1: Premature end of file.
2025-01-26 22:22:36,959 [ERROR] LogOutputStream:75 - [STDERR_REDIRECT] 
2025-01-26 22:22:37,940 [ERROR] LogOutputStream:75 - [STDERR_REDIRECT] [Fatal Error] :1:1: Premature end of file.
2025-01-26 22:22:37,940 [ERROR] LogOutputStream:75 - [STDERR_REDIRECT] 
2025-01-26 22:22:38,937 [ERROR] LogOutputStream:75 - [STDERR_REDIRECT] [Fatal Error] :1:1: Premature end of file.
2025-01-26 22:22:38,937 [ERROR] LogOutputStream:75 - [STDERR_REDIRECT] 
2025-01-26 22:22:39,930 [ERROR] LogOutputStream:75 - [STDERR_REDIRECT] [Fatal Error] :1:1: Premature end of file.
2025-01-26 22:22:39,930 [ERROR] LogOutputStream:75 - [STDERR_REDIRECT] 
2025-01-26 22:22:40,946 [ERROR] LogOutputStream:75 - [STDERR_REDIRECT] [Fatal Error] :1:1: Premature end of file.
2025-01-26 22:22:40,946 [ERROR] LogOutputStream:75 - [STDERR_REDIRECT] 
2025-01-26 22:22:41,942 [ERROR] LogOutputStream:75 - [STDERR_REDIRECT] [Fatal Error] :1:1: Premature end of file.
2025-01-26 22:22:41,942 [ERROR] LogOutputStream:75 - [STDERR_REDIRECT] 
2025-01-26 22:22:42,929 [ERROR] LogOutputStream:75 - [STDERR_REDIRECT] [Fatal Error] :1:1: Premature end of file.
2025-01-26 22:22:42,929 [ERROR] LogOutputStream:75 - [STDERR_REDIRECT] 
2025-01-26 22:22:43,948 [ERROR] LogOutputStream:75 - [STDERR_REDIRECT] [Fatal Error] :1:1: Premature end of file.
2025-01-26 22:22:43,948 [ERROR] LogOutputStream:75 - [STDERR_REDIRECT] 
2025-01-26 22:22:44,943 [ERROR] LogOutputStream:75 - [STDERR_REDIRECT] [Fatal Error] :1:1: Premature end of file.
2025-01-26 22:22:44,943 [ERROR] LogOutputStream:75 - [STDERR_REDIRECT] 
2025-01-26 22:22:45,930 [ERROR] LogOutputStream:75 - [STDERR_REDIRECT] [Fatal Error] :1:1: Premature end of file.
2025-01-26 22:22:45,930 [ERROR] LogOutputStream:75 - [STDERR_REDIRECT] 
2025-01-26 22:22:46,941 [ERROR] LogOutputStream:75 - [STDERR_REDIRECT] [Fatal Error] :1:1: Premature end of file.
2025-01-26 22:22:46,941 [ERROR] LogOutputStream:75 - [STDERR_REDIRECT] 
2025-01-26 22:22:47,931 [ERROR] LogOutputStream:75 - [STDERR_REDIRECT] [Fatal Error] :1:1: Premature end of file.
2025-01-26 22:22:47,931 [ERROR] LogOutputStream:75 - [STDERR_REDIRECT] 
2025-01-26 22:22:48,944 [ERROR] LogOutputStream:75 - [STDERR_REDIRECT] [Fatal Error] :1:1: Premature end of file.
2025-01-26 22:22:48,944 [ERROR] LogOutputStream:75 - [STDERR_REDIRECT] 
2025-01-26 22:22:49,958 [ERROR] LogOutputStream:75 - [STDERR_REDIRECT] [Fatal Error] :1:1: Premature end of file.
2025-01-26 22:22:49,958 [ERROR] LogOutputStream:75 - [STDERR_REDIRECT] 
2025-01-26 22:22:50,934 [ERROR] LogOutputStream:75 - [STDERR_REDIRECT] [Fatal Error] :1:1: Premature end of file.
2025-01-26 22:22:50,934 [ERROR] LogOutputStream:75 - [STDERR_REDIRECT] 
2025-01-26 22:22:51,932 [ERROR] LogOutputStream:75 - [STDERR_REDIRECT] [Fatal Error] :1:1: Premature end of file.
2025-01-26 22:22:51,932 [ERROR] LogOutputStream:75 - [STDERR_REDIRECT] 
2025-01-26 22:22:52,943 [ERROR] LogOutputStream:75 - [STDERR_REDIRECT] [Fatal Error] :1:1: Premature end of file.
2025-01-26 22:22:52,943 [ERROR] LogOutputStream:75 - [STDERR_REDIRECT] 
2025-01-26 22:22:53,930 [ERROR] LogOutputStream:75 - [STDERR_REDIRECT] [Fatal Error] :1:1: Premature end of file.
2025-01-26 22:22:53,930 [ERROR] LogOutputStream:75 - [STDERR_REDIRECT] 
2025-01-26 22:22:54,917 [ERROR] LogOutputStream:75 - [STDERR_REDIRECT] [Fatal Error] :1:1: Premature end of file.
2025-01-26 22:22:54,917 [ERROR] LogOutputStream:75 - [STDERR_REDIRECT] 
2025-01-26 22:22:55,938 [ERROR] LogOutputStream:75 - [STDERR_REDIRECT] [Fatal Error] :1:1: Premature end of file.
2025-01-26 22:22:55,938 [ERROR] LogOutputStream:75 - [STDERR_REDIRECT] 
2025-01-26 22:22:56,938 [ERROR] LogOutputStream:75 - [STDERR_REDIRECT] [Fatal Error] :1:1: Premature end of file.
2025-01-26 22:22:56,938 [ERROR] LogOutputStream:75 - [STDERR_REDIRECT] 
2025-01-26 22:22:57,940 [ERROR] LogOutputStream:75 - [STDERR_REDIRECT] [Fatal Error] :1:1: Premature end of file.
2025-01-26 22:22:57,942 [ERROR] LogOutputStream:75 - [STDERR_REDIRECT] 
2025-01-26 22:22:58,935 [ERROR] LogOutputStream:75 - [STDERR_REDIRECT] [Fatal Error] :1:1: Premature end of file.
2025-01-26 22:22:58,935 [ERROR] LogOutputStream:75 - [STDERR_REDIRECT] 
2025-01-26 22:22:59,934 [ERROR] LogOutputStream:75 - [STDERR_REDIRECT] [Fatal Error] :1:1: Premature end of file.
2025-01-26 22:22:59,934 [ERROR] LogOutputStream:75 - [STDERR_REDIRECT] 
2025-01-26 22:23:00,936 [ERROR] LogOutputStream:75 - [STDERR_REDIRECT] [Fatal Error] :1:1: Premature end of file.
2025-01-26 22:23:00,936 [ERROR] LogOutputStream:75 - [STDERR_REDIRECT] 
2025-01-26 22:23:01,938 [ERROR] LogOutputStream:75 - [STDERR_REDIRECT] [Fatal Error] :1:1: Premature end of file.
2025-01-26 22:23:01,938 [ERROR] LogOutputStream:75 - [STDERR_REDIRECT] 
2025-01-26 22:23:02,930 [ERROR] LogOutputStream:75 - [STDERR_REDIRECT] [Fatal Error] :1:1: Premature end of file.
2025-01-26 22:23:02,930 [ERROR] LogOutputStream:75 - [STDERR_REDIRECT] 
2025-01-26 22:23:03,927 [ERROR] LogOutputStream:75 - [STDERR_REDIRECT] [Fatal Error] :1:1: Premature end of file.
2025-01-26 22:23:03,927 [ERROR] LogOutputStream:75 - [STDERR_REDIRECT] 
2025-01-26 22:23:04,949 [ERROR] LogOutputStream:75 - [STDERR_REDIRECT] [Fatal Error] :1:1: Premature end of file.
2025-01-26 22:23:04,949 [ERROR] LogOutputStream:75 - [STDERR_REDIRECT] 
2025-01-26 22:23:05,933 [ERROR] LogOutputStream:75 - [STDERR_REDIRECT] [Fatal Error] :1:1: Premature end of file.
2025-01-26 22:23:05,933 [ERROR] LogOutputStream:75 - [STDERR_REDIRECT] 
2025-01-26 22:23:06,944 [ERROR] LogOutputStream:75 - [STDERR_REDIRECT] [Fatal Error] :1:1: Premature end of file.
2025-01-26 22:23:06,944 [ERROR] LogOutputStream:75 - [STDERR_REDIRECT] 
2025-01-26 22:23:07,938 [ERROR] LogOutputStream:75 - [STDERR_REDIRECT] [Fatal Error] :1:1: Premature end of file.
2025-01-26 22:23:07,938 [ERROR] LogOutputStream:75 - [STDERR_REDIRECT] 
2025-01-26 22:23:08,936 [ERROR] LogOutputStream:75 - [STDERR_REDIRECT] [Fatal Error] :1:1: Premature end of file.
2025-01-26 22:23:08,936 [ERROR] LogOutputStream:75 - [STDERR_REDIRECT] 
2025-01-26 22:23:09,933 [ERROR] LogOutputStream:75 - [STDERR_REDIRECT] [Fatal Error] :1:1: Premature end of file.
2025-01-26 22:23:09,933 [ERROR] LogOutputStream:75 - [STDERR_REDIRECT] 
2025-01-26 22:23:10,942 [ERROR] LogOutputStream:75 - [STDERR_REDIRECT] [Fatal Error] :1:1: Premature end of file.
2025-01-26 22:23:10,942 [ERROR] LogOutputStream:75 - [STDERR_REDIRECT] 
2025-01-26 22:23:11,946 [ERROR] LogOutputStream:75 - [STDERR_REDIRECT] [Fatal Error] :1:1: Premature end of file.
2025-01-26 22:23:11,946 [ERROR] LogOutputStream:75 - [STDERR_REDIRECT] 
2025-01-26 22:23:12,928 [ERROR] LogOutputStream:75 - [STDERR_REDIRECT] [Fatal Error] :1:1: Premature end of file.
2025-01-26 22:23:12,928 [ERROR] LogOutputStream:75 - [STDERR_REDIRECT] 
2025-01-26 22:23:13,936 [ERROR] LogOutputStream:75 - [STDERR_REDIRECT] [Fatal Error] :1:1: Premature end of file.
2025-01-26 22:23:13,936 [ERROR] LogOutputStream:75 - [STDERR_REDIRECT] 
2025-01-26 22:23:14,923 [ERROR] LogOutputStream:75 - [STDERR_REDIRECT] [Fatal Error] :1:1: Premature end of file.
2025-01-26 22:23:14,923 [ERROR] LogOutputStream:75 - [STDERR_REDIRECT] 
2025-01-26 22:23:15,933 [ERROR] LogOutputStream:75 - [STDERR_REDIRECT] [Fatal Error] :1:1: Premature end of file.
2025-01-26 22:23:15,933 [ERROR] LogOutputStream:75 - [STDERR_REDIRECT] 
2025-01-26 22:23:16,941 [ERROR] LogOutputStream:75 - [STDERR_REDIRECT] [Fatal Error] :1:1: Premature end of file.
2025-01-26 22:23:16,941 [ERROR] LogOutputStream:75 - [STDERR_REDIRECT] 
2025-01-26 22:23:17,932 [ERROR] LogOutputStream:75 - [STDERR_REDIRECT] [Fatal Error] :1:1: Premature end of file.
2025-01-26 22:23:17,932 [ERROR] LogOutputStream:75 - [STDERR_REDIRECT] 
2025-01-26 22:23:18,937 [ERROR] LogOutputStream:75 - [STDERR_REDIRECT] [Fatal Error] :1:1: Premature end of file.
2025-01-26 22:23:18,937 [ERROR] LogOutputStream:75 - [STDERR_REDIRECT] 
2025-01-26 22:23:19,937 [ERROR] LogOutputStream:75 - [STDERR_REDIRECT] [Fatal Error] :1:1: Premature end of file.
2025-01-26 22:23:19,939 [ERROR] LogOutputStream:75 - [STDERR_REDIRECT] 
2025-01-26 22:23:20,935 [ERROR] LogOutputStream:75 - [STDERR_REDIRECT] [Fatal Error] :1:1: Premature end of file.
2025-01-26 22:23:20,935 [ERROR] LogOutputStream:75 - [STDERR_REDIRECT] 
2025-01-26 22:23:21,932 [ERROR] LogOutputStream:75 - [STDERR_REDIRECT] [Fatal Error] :1:1: Premature end of file.
2025-01-26 22:23:21,934 [ERROR] LogOutputStream:75 - [STDERR_REDIRECT] 
2025-01-26 22:23:22,936 [ERROR] LogOutputStream:75 - [STDERR_REDIRECT] [Fatal Error] :1:1: Premature end of file.
2025-01-26 22:23:22,936 [ERROR] LogOutputStream:75 - [STDERR_REDIRECT] 
2025-01-26 22:23:23,941 [ERROR] LogOutputStream:75 - [STDERR_REDIRECT] [Fatal Error] :1:1: Premature end of file.
2025-01-26 22:23:23,941 [ERROR] LogOutputStream:75 - [STDERR_REDIRECT] 
2025-01-26 22:23:24,931 [ERROR] LogOutputStream:75 - [STDERR_REDIRECT] [Fatal Error] :1:1: Premature end of file.
2025-01-26 22:23:24,931 [ERROR] LogOutputStream:75 - [STDERR_REDIRECT] 
2025-01-26 22:23:25,940 [ERROR] LogOutputStream:75 - [STDERR_REDIRECT] [Fatal Error] :1:1: Premature end of file.
2025-01-26 22:23:25,940 [ERROR] LogOutputStream:75 - [STDERR_REDIRECT] 
2025-01-26 22:23:26,922 [ERROR] LogOutputStream:75 - [STDERR_REDIRECT] [Fatal Error] :1:1: Premature end of file.
2025-01-26 22:23:26,922 [ERROR] LogOutputStream:75 - [STDERR_REDIRECT] 
2025-01-26 22:23:27,929 [ERROR] LogOutputStream:75 - [STDERR_REDIRECT] [Fatal Error] :1:1: Premature end of file.
2025-01-26 22:23:27,929 [ERROR] LogOutputStream:75 - [STDERR_REDIRECT] 
2025-01-26 22:23:28,940 [ERROR] LogOutputStream:75 - [STDERR_REDIRECT] [Fatal Error] :1:1: Premature end of file.
2025-01-26 22:23:28,940 [ERROR] LogOutputStream:75 - [STDERR_REDIRECT] 
2025-01-26 22:23:29,938 [ERROR] LogOutputStream:75 - [STDERR_REDIRECT] [Fatal Error] :1:1: Premature end of file.
2025-01-26 22:23:29,938 [ERROR] LogOutputStream:75 - [STDERR_REDIRECT] 
2025-01-26 22:23:30,947 [ERROR] LogOutputStream:75 - [STDERR_REDIRECT] [Fatal Error] :1:1: Premature end of file.
2025-01-26 22:23:30,947 [ERROR] LogOutputStream:75 - [STDERR_REDIRECT] 
2025-01-26 22:23:31,937 [ERROR] LogOutputStream:75 - [STDERR_REDIRECT] [Fatal Error] :1:1: Premature end of file.
2025-01-26 22:23:31,937 [ERROR] LogOutputStream:75 - [STDERR_REDIRECT] 
2025-01-26 22:23:32,930 [ERROR] LogOutputStream:75 - [STDERR_REDIRECT] [Fatal Error] :1:1: Premature end of file.
2025-01-26 22:23:32,930 [ERROR] LogOutputStream:75 - [STDERR_REDIRECT] 
2025-01-26 22:23:33,937 [ERROR] LogOutputStream:75 - [STDERR_REDIRECT] [Fatal Error] :1:1: Premature end of file.
2025-01-26 22:23:33,937 [ERROR] LogOutputStream:75 - [STDERR_REDIRECT] 
2025-01-26 22:23:34,942 [ERROR] LogOutputStream:75 - [STDERR_REDIRECT] [Fatal Error] :1:1: Premature end of file.
2025-01-26 22:23:34,942 [ERROR] LogOutputStream:75 - [STDERR_REDIRECT] 
2025-01-26 22:23:35,937 [ERROR] LogOutputStream:75 - [STDERR_REDIRECT] [Fatal Error] :1:1: Premature end of file.
2025-01-26 22:23:35,937 [ERROR] LogOutputStream:75 - [STDERR_REDIRECT] 
2025-01-26 22:23:36,935 [ERROR] LogOutputStream:75 - [STDERR_REDIRECT] [Fatal Error] :1:1: Premature end of file.
2025-01-26 22:23:36,935 [ERROR] LogOutputStream:75 - [STDERR_REDIRECT] 
2025-01-26 22:23:37,936 [ERROR] LogOutputStream:75 - [STDERR_REDIRECT] [Fatal Error] :1:1: Premature end of file.
2025-01-26 22:23:37,936 [ERROR] LogOutputStream:75 - [STDERR_REDIRECT] 
2025-01-26 22:23:38,963 [ERROR] LogOutputStream:75 - [STDERR_REDIRECT] [Fatal Error] :1:1: Premature end of file.
2025-01-26 22:23:38,963 [ERROR] LogOutputStream:75 - [STDERR_REDIRECT] 
2025-01-26 22:23:39,937 [ERROR] LogOutputStream:75 - [STDERR_REDIRECT] [Fatal Error] :1:1: Premature end of file.
2025-01-26 22:23:39,937 [ERROR] LogOutputStream:75 - [STDERR_REDIRECT] 
2025-01-26 22:23:40,931 [ERROR] LogOutputStream:75 - [STDERR_REDIRECT] [Fatal Error] :1:1: Premature end of file.
2025-01-26 22:23:40,931 [ERROR] LogOutputStream:75 - [STDERR_REDIRECT] 
2025-01-26 22:23:41,926 [ERROR] LogOutputStream:75 - [STDERR_REDIRECT] [Fatal Error] :1:1: Premature end of file.
2025-01-26 22:23:41,926 [ERROR] LogOutputStream:75 - [STDERR_REDIRECT] 
2025-01-26 22:23:42,933 [ERROR] LogOutputStream:75 - [STDERR_REDIRECT] [Fatal Error] :1:1: Premature end of file.
2025-01-26 22:23:42,933 [ERROR] LogOutputStream:75 - [STDERR_REDIRECT] 
2025-01-26 22:23:43,940 [ERROR] LogOutputStream:75 - [STDERR_REDIRECT] [Fatal Error] :1:1: Premature end of file.
2025-01-26 22:23:43,940 [ERROR] LogOutputStream:75 - [STDERR_REDIRECT] 
2025-01-26 22:23:44,940 [ERROR] LogOutputStream:75 - [STDERR_REDIRECT] [Fatal Error] :1:1: Premature end of file.
2025-01-26 22:23:44,940 [ERROR] LogOutputStream:75 - [STDERR_REDIRECT] 
2025-01-26 22:23:45,929 [ERROR] LogOutputStream:75 - [STDERR_REDIRECT] [Fatal Error] :1:1: Premature end of file.
2025-01-26 22:23:45,929 [ERROR] LogOutputStream:75 - [STDERR_REDIRECT] 
2025-01-26 22:23:46,926 [ERROR] LogOutputStream:75 - [STDERR_REDIRECT] [Fatal Error] :1:1: Premature end of file.
2025-01-26 22:23:46,926 [ERROR] LogOutputStream:75 - [STDERR_REDIRECT] 
2025-01-26 22:23:47,920 [ERROR] LogOutputStream:75 - [STDERR_REDIRECT] [Fatal Error] :1:1: Premature end of file.
2025-01-26 22:23:47,920 [ERROR] LogOutputStream:75 - [STDERR_REDIRECT] 
2025-01-26 22:23:48,922 [ERROR] LogOutputStream:75 - [STDERR_REDIRECT] [Fatal Error] :1:1: Premature end of file.
2025-01-26 22:23:48,922 [ERROR] LogOutputStream:75 - [STDERR_REDIRECT] 
2025-01-26 22:23:49,953 [ERROR] LogOutputStream:75 - [STDERR_REDIRECT] [Fatal Error] :1:1: Premature end of file.
2025-01-26 22:23:49,953 [ERROR] LogOutputStream:75 - [STDERR_REDIRECT] 
2025-01-26 22:23:50,930 [ERROR] LogOutputStream:75 - [STDERR_REDIRECT] [Fatal Error] :1:1: Premature end of file.
2025-01-26 22:23:50,930 [ERROR] LogOutputStream:75 - [STDERR_REDIRECT] 
2025-01-26 22:23:51,949 [ERROR] LogOutputStream:75 - [STDERR_REDIRECT] [Fatal Error] :1:1: Premature end of file.
2025-01-26 22:23:51,949 [ERROR] LogOutputStream:75 - [STDERR_REDIRECT] 
2025-01-26 22:23:52,937 [ERROR] LogOutputStream:75 - [STDERR_REDIRECT] [Fatal Error] :1:1: Premature end of file.
2025-01-26 22:23:52,937 [ERROR] LogOutputStream:75 - [STDERR_REDIRECT] 
2025-01-26 22:23:53,938 [ERROR] LogOutputStream:75 - [STDERR_REDIRECT] [Fatal Error] :1:1: Premature end of file.
2025-01-26 22:23:53,938 [ERROR] LogOutputStream:75 - [STDERR_REDIRECT] 
2025-01-26 22:23:54,919 [ERROR] LogOutputStream:75 - [STDERR_REDIRECT] [Fatal Error] :1:1: Premature end of file.
2025-01-26 22:23:54,919 [ERROR] LogOutputStream:75 - [STDERR_REDIRECT] 
2025-01-26 22:23:55,940 [ERROR] LogOutputStream:75 - [STDERR_REDIRECT] [Fatal Error] :1:1: Premature end of file.
2025-01-26 22:23:55,940 [ERROR] LogOutputStream:75 - [STDERR_REDIRECT] 
2025-01-26 22:23:56,934 [ERROR] LogOutputStream:75 - [STDERR_REDIRECT] [Fatal Error] :1:1: Premature end of file.
2025-01-26 22:23:56,934 [ERROR] LogOutputStream:75 - [STDERR_REDIRECT] 
2025-01-26 22:23:57,913 [ERROR] LogOutputStream:75 - [STDERR_REDIRECT] [Fatal Error] :1:1: Premature end of file.
2025-01-26 22:23:57,915 [ERROR] LogOutputStream:75 - [STDERR_REDIRECT] 
2025-01-26 22:23:58,930 [ERROR] LogOutputStream:75 - [STDERR_REDIRECT] [Fatal Error] :1:1: Premature end of file.
2025-01-26 22:23:58,930 [ERROR] LogOutputStream:75 - [STDERR_REDIRECT] 
2025-01-26 22:23:59,927 [ERROR] LogOutputStream:75 - [STDERR_REDIRECT] [Fatal Error] :1:1: Premature end of file.
2025-01-26 22:23:59,927 [ERROR] LogOutputStream:75 - [STDERR_REDIRECT] 
2025-01-26 22:24:00,939 [ERROR] LogOutputStream:75 - [STDERR_REDIRECT] [Fatal Error] :1:1: Premature end of file.
2025-01-26 22:24:00,939 [ERROR] LogOutputStream:75 - [STDERR_REDIRECT] 
2025-01-26 22:24:01,944 [ERROR] LogOutputStream:75 - [STDERR_REDIRECT] [Fatal Error] :1:1: Premature end of file.
2025-01-26 22:24:01,944 [ERROR] LogOutputStream:75 - [STDERR_REDIRECT] 
2025-01-26 22:24:02,928 [ERROR] LogOutputStream:75 - [STDERR_REDIRECT] [Fatal Error] :1:1: Premature end of file.
2025-01-26 22:24:02,928 [ERROR] LogOutputStream:75 - [STDERR_REDIRECT] 
2025-01-26 22:24:03,917 [ERROR] LogOutputStream:75 - [STDERR_REDIRECT] [Fatal Error] :1:1: Premature end of file.
2025-01-26 22:24:03,917 [ERROR] LogOutputStream:75 - [STDERR_REDIRECT] 
2025-01-26 22:24:04,967 [ERROR] LogOutputStream:75 - [STDERR_REDIRECT] [Fatal Error] :1:1: Premature end of file.
2025-01-26 22:24:04,967 [ERROR] LogOutputStream:75 - [STDERR_REDIRECT] 
2025-01-26 22:24:05,949 [ERROR] LogOutputStream:75 - [STDERR_REDIRECT] [Fatal Error] :1:1: Premature end of file.
2025-01-26 22:24:05,949 [ERROR] LogOutputStream:75 - [STDERR_REDIRECT] 
2025-01-26 22:24:06,934 [ERROR] LogOutputStream:75 - [STDERR_REDIRECT] [Fatal Error] :1:1: Premature end of file.
2025-01-26 22:24:06,934 [ERROR] LogOutputStream:75 - [STDERR_REDIRECT] 
2025-01-26 22:24:07,940 [ERROR] LogOutputStream:75 - [STDERR_REDIRECT] [Fatal Error] :1:1: Premature end of file.
2025-01-26 22:24:07,940 [ERROR] LogOutputStream:75 - [STDERR_REDIRECT] 
2025-01-26 22:24:08,937 [ERROR] LogOutputStream:75 - [STDERR_REDIRECT] [Fatal Error] :1:1: Premature end of file.
2025-01-26 22:24:08,937 [ERROR] LogOutputStream:75 - [STDERR_REDIRECT] 
2025-01-26 22:24:09,936 [ERROR] LogOutputStream:75 - [STDERR_REDIRECT] [Fatal Error] :1:1: Premature end of file.
2025-01-26 22:24:09,936 [ERROR] LogOutputStream:75 - [STDERR_REDIRECT] 
2025-01-26 22:24:10,936 [ERROR] LogOutputStream:75 - [STDERR_REDIRECT] [Fatal Error] :1:1: Premature end of file.
2025-01-26 22:24:10,936 [ERROR] LogOutputStream:75 - [STDERR_REDIRECT] 
2025-01-26 22:24:11,924 [ERROR] LogOutputStream:75 - [STDERR_REDIRECT] [Fatal Error] :1:1: Premature end of file.
2025-01-26 22:24:11,924 [ERROR] LogOutputStream:75 - [STDERR_REDIRECT] 
2025-01-26 22:24:12,939 [ERROR] LogOutputStream:75 - [STDERR_REDIRECT] [Fatal Error] :1:1: Premature end of file.
2025-01-26 22:24:12,939 [ERROR] LogOutputStream:75 - [STDERR_REDIRECT] 
2025-01-26 22:24:13,929 [ERROR] LogOutputStream:75 - [STDERR_REDIRECT] [Fatal Error] :1:1: Premature end of file.
2025-01-26 22:24:13,929 [ERROR] LogOutputStream:75 - [STDERR_REDIRECT] 
2025-01-26 22:24:14,931 [ERROR] LogOutputStream:75 - [STDERR_REDIRECT] [Fatal Error] :1:1: Premature end of file.
2025-01-26 22:24:14,931 [ERROR] LogOutputStream:75 - [STDERR_REDIRECT] 
2025-01-26 22:24:15,933 [ERROR] LogOutputStream:75 - [STDERR_REDIRECT] [Fatal Error] :1:1: Premature end of file.
2025-01-26 22:24:15,933 [ERROR] LogOutputStream:75 - [STDERR_REDIRECT] 
2025-01-26 22:24:16,936 [ERROR] LogOutputStream:75 - [STDERR_REDIRECT] [Fatal Error] :1:1: Premature end of file.
2025-01-26 22:24:16,936 [ERROR] LogOutputStream:75 - [STDERR_REDIRECT] 
2025-01-26 22:24:17,928 [ERROR] LogOutputStream:75 - [STDERR_REDIRECT] [Fatal Error] :1:1: Premature end of file.
2025-01-26 22:24:17,928 [ERROR] LogOutputStream:75 - [STDERR_REDIRECT] 
2025-01-26 22:24:18,952 [ERROR] LogOutputStream:75 - [STDERR_REDIRECT] [Fatal Error] :1:1: Premature end of file.
2025-01-26 22:24:18,952 [ERROR] LogOutputStream:75 - [STDERR_REDIRECT] 
2025-01-26 22:24:19,945 [ERROR] LogOutputStream:75 - [STDERR_REDIRECT] [Fatal Error] :1:1: Premature end of file.
2025-01-26 22:24:19,945 [ERROR] LogOutputStream:75 - [STDERR_REDIRECT] 
2025-01-26 22:24:20,930 [ERROR] LogOutputStream:75 - [STDERR_REDIRECT] [Fatal Error] :1:1: Premature end of file.
2025-01-26 22:24:20,931 [ERROR] LogOutputStream:75 - [STDERR_REDIRECT] 
2025-01-26 22:24:21,955 [ERROR] LogOutputStream:75 - [STDERR_REDIRECT] [Fatal Error] :1:1: Premature end of file.
2025-01-26 22:24:21,955 [ERROR] LogOutputStream:75 - [STDERR_REDIRECT] 
2025-01-26 22:24:22,939 [ERROR] LogOutputStream:75 - [STDERR_REDIRECT] [Fatal Error] :1:1: Premature end of file.
2025-01-26 22:24:22,939 [ERROR] LogOutputStream:75 - [STDERR_REDIRECT] 
2025-01-26 22:24:23,925 [ERROR] LogOutputStream:75 - [STDERR_REDIRECT] [Fatal Error] :1:1: Premature end of file.
2025-01-26 22:24:23,925 [ERROR] LogOutputStream:75 - [STDERR_REDIRECT] 
2025-01-26 22:24:24,930 [ERROR] LogOutputStream:75 - [STDERR_REDIRECT] [Fatal Error] :1:1: Premature end of file.
2025-01-26 22:24:24,930 [ERROR] LogOutputStream:75 - [STDERR_REDIRECT] 
2025-01-26 22:24:25,935 [ERROR] LogOutputStream:75 - [STDERR_REDIRECT] [Fatal Error] :1:1: Premature end of file.
2025-01-26 22:24:25,935 [ERROR] LogOutputStream:75 - [STDERR_REDIRECT] 
2025-01-26 22:24:26,936 [ERROR] LogOutputStream:75 - [STDERR_REDIRECT] [Fatal Error] :1:1: Premature end of file.
2025-01-26 22:24:26,936 [ERROR] LogOutputStream:75 - [STDERR_REDIRECT] 
2025-01-26 22:24:27,936 [ERROR] LogOutputStream:75 - [STDERR_REDIRECT] [Fatal Error] :1:1: Premature end of file.
2025-01-26 22:24:27,936 [ERROR] LogOutputStream:75 - [STDERR_REDIRECT] 
2025-01-26 22:24:28,919 [ERROR] LogOutputStream:75 - [STDERR_REDIRECT] [Fatal Error] :1:1: Premature end of file.
2025-01-26 22:24:28,919 [ERROR] LogOutputStream:75 - [STDERR_REDIRECT] 
2025-01-26 22:24:29,939 [ERROR] LogOutputStream:75 - [STDERR_REDIRECT] [Fatal Error] :1:1: Premature end of file.
2025-01-26 22:24:29,939 [ERROR] LogOutputStream:75 - [STDERR_REDIRECT] 
2025-01-26 22:24:30,937 [ERROR] LogOutputStream:75 - [STDERR_REDIRECT] [Fatal Error] :1:1: Premature end of file.
2025-01-26 22:24:30,937 [ERROR] LogOutputStream:75 - [STDERR_REDIRECT] 
2025-01-26 22:24:31,937 [ERROR] LogOutputStream:75 - [STDERR_REDIRECT] [Fatal Error] :1:1: Premature end of file.
2025-01-26 22:24:31,937 [ERROR] LogOutputStream:75 - [STDERR_REDIRECT] 
2025-01-26 22:24:32,932 [ERROR] LogOutputStream:75 - [STDERR_REDIRECT] [Fatal Error] :1:1: Premature end of file.
2025-01-26 22:24:32,932 [ERROR] LogOutputStream:75 - [STDERR_REDIRECT] 
2025-01-26 22:24:33,931 [ERROR] LogOutputStream:75 - [STDERR_REDIRECT] [Fatal Error] :1:1: Premature end of file.
2025-01-26 22:24:33,931 [ERROR] LogOutputStream:75 - [STDERR_REDIRECT] 
2025-01-26 22:24:34,942 [ERROR] LogOutputStream:75 - [STDERR_REDIRECT] [Fatal Error] :1:1: Premature end of file.
2025-01-26 22:24:34,942 [ERROR] LogOutputStream:75 - [STDERR_REDIRECT] 
2025-01-26 22:24:35,938 [ERROR] LogOutputStream:75 - [STDERR_REDIRECT] [Fatal Error] :1:1: Premature end of file.
2025-01-26 22:24:35,938 [ERROR] LogOutputStream:75 - [STDERR_REDIRECT] 
2025-01-26 22:24:36,938 [ERROR] LogOutputStream:75 - [STDERR_REDIRECT] [Fatal Error] :1:1: Premature end of file.
2025-01-26 22:24:36,938 [ERROR] LogOutputStream:75 - [STDERR_REDIRECT] 
2025-01-26 22:24:37,937 [ERROR] LogOutputStream:75 - [STDERR_REDIRECT] [Fatal Error] :1:1: Premature end of file.
2025-01-26 22:24:37,937 [ERROR] LogOutputStream:75 - [STDERR_REDIRECT] 
2025-01-26 22:24:38,932 [ERROR] LogOutputStream:75 - [STDERR_REDIRECT] [Fatal Error] :1:1: Premature end of file.
2025-01-26 22:24:38,932 [ERROR] LogOutputStream:75 - [STDERR_REDIRECT] 
2025-01-26 22:24:39,944 [ERROR] LogOutputStream:75 - [STDERR_REDIRECT] [Fatal Error] :1:1: Premature end of file.
2025-01-26 22:24:39,944 [ERROR] LogOutputStream:75 - [STDERR_REDIRECT] 
2025-01-26 22:24:40,929 [ERROR] LogOutputStream:75 - [STDERR_REDIRECT] [Fatal Error] :1:1: Premature end of file.
2025-01-26 22:24:40,929 [ERROR] LogOutputStream:75 - [STDERR_REDIRECT] 
2025-01-26 22:24:41,942 [ERROR] LogOutputStream:75 - [STDERR_REDIRECT] [Fatal Error] :1:1: Premature end of file.
2025-01-26 22:24:41,942 [ERROR] LogOutputStream:75 - [STDERR_REDIRECT] 
2025-01-26 22:24:42,957 [ERROR] LogOutputStream:75 - [STDERR_REDIRECT] [Fatal Error] :1:1: Premature end of file.
2025-01-26 22:24:42,957 [ERROR] LogOutputStream:75 - [STDERR_REDIRECT] 
2025-01-26 22:24:43,937 [ERROR] LogOutputStream:75 - [STDERR_REDIRECT] [Fatal Error] :1:1: Premature end of file.
2025-01-26 22:24:43,937 [ERROR] LogOutputStream:75 - [STDERR_REDIRECT] 
2025-01-26 22:24:44,927 [ERROR] LogOutputStream:75 - [STDERR_REDIRECT] [Fatal Error] :1:1: Premature end of file.
2025-01-26 22:24:44,929 [ERROR] LogOutputStream:75 - [STDERR_REDIRECT] 
2025-01-26 22:24:45,932 [ERROR] LogOutputStream:75 - [STDERR_REDIRECT] [Fatal Error] :1:1: Premature end of file.
2025-01-26 22:24:45,934 [ERROR] LogOutputStream:75 - [STDERR_REDIRECT] 
2025-01-26 22:24:46,939 [ERROR] LogOutputStream:75 - [STDERR_REDIRECT] [Fatal Error] :1:1: Premature end of file.
2025-01-26 22:24:46,939 [ERROR] LogOutputStream:75 - [STDERR_REDIRECT] 
2025-01-26 22:24:47,930 [ERROR] LogOutputStream:75 - [STDERR_REDIRECT] [Fatal Error] :1:1: Premature end of file.
2025-01-26 22:24:47,930 [ERROR] LogOutputStream:75 - [STDERR_REDIRECT] 
2025-01-26 22:24:48,940 [ERROR] LogOutputStream:75 - [STDERR_REDIRECT] [Fatal Error] :1:1: Premature end of file.
2025-01-26 22:24:48,940 [ERROR] LogOutputStream:75 - [STDERR_REDIRECT] 
2025-01-26 22:24:49,930 [ERROR] LogOutputStream:75 - [STDERR_REDIRECT] [Fatal Error] :1:1: Premature end of file.
2025-01-26 22:24:49,930 [ERROR] LogOutputStream:75 - [STDERR_REDIRECT] 
2025-01-26 22:24:50,932 [ERROR] LogOutputStream:75 - [STDERR_REDIRECT] [Fatal Error] :1:1: Premature end of file.
2025-01-26 22:24:50,932 [ERROR] LogOutputStream:75 - [STDERR_REDIRECT] 
2025-01-26 22:24:51,936 [ERROR] LogOutputStream:75 - [STDERR_REDIRECT] [Fatal Error] :1:1: Premature end of file.
2025-01-26 22:24:51,936 [ERROR] LogOutputStream:75 - [STDERR_REDIRECT] 
2025-01-26 22:24:52,937 [ERROR] LogOutputStream:75 - [STDERR_REDIRECT] [Fatal Error] :1:1: Premature end of file.
2025-01-26 22:24:52,937 [ERROR] LogOutputStream:75 - [STDERR_REDIRECT] 
2025-01-26 22:24:53,927 [ERROR] LogOutputStream:75 - [STDERR_REDIRECT] [Fatal Error] :1:1: Premature end of file.
2025-01-26 22:24:53,927 [ERROR] LogOutputStream:75 - [STDERR_REDIRECT] 
2025-01-26 22:24:54,919 [ERROR] LogOutputStream:75 - [STDERR_REDIRECT] [Fatal Error] :1:1: Premature end of file.
2025-01-26 22:24:54,919 [ERROR] LogOutputStream:75 - [STDERR_REDIRECT] 
2025-01-26 22:24:55,935 [ERROR] LogOutputStream:75 - [STDERR_REDIRECT] [Fatal Error] :1:1: Premature end of file.
2025-01-26 22:24:55,935 [ERROR] LogOutputStream:75 - [STDERR_REDIRECT] 
2025-01-26 22:24:56,927 [ERROR] LogOutputStream:75 - [STDERR_REDIRECT] [Fatal Error] :1:1: Premature end of file.
2025-01-26 22:24:56,927 [ERROR] LogOutputStream:75 - [STDERR_REDIRECT] 
2025-01-26 22:24:57,951 [ERROR] LogOutputStream:75 - [STDERR_REDIRECT] [Fatal Error] :1:1: Premature end of file.
2025-01-26 22:24:57,951 [ERROR] LogOutputStream:75 - [STDERR_REDIRECT] 
2025-01-26 22:24:58,932 [ERROR] LogOutputStream:75 - [STDERR_REDIRECT] [Fatal Error] :1:1: Premature end of file.
2025-01-26 22:24:58,932 [ERROR] LogOutputStream:75 - [STDERR_REDIRECT] 
2025-01-26 22:24:59,929 [ERROR] LogOutputStream:75 - [STDERR_REDIRECT] [Fatal Error] :1:1: Premature end of file.
2025-01-26 22:24:59,929 [ERROR] LogOutputStream:75 - [STDERR_REDIRECT] 
2025-01-26 22:25:00,936 [ERROR] LogOutputStream:75 - [STDERR_REDIRECT] [Fatal Error] :1:1: Premature end of file.
2025-01-26 22:25:00,936 [ERROR] LogOutputStream:75 - [STDERR_REDIRECT] 
2025-01-26 22:25:01,924 [ERROR] LogOutputStream:75 - [STDERR_REDIRECT] [Fatal Error] :1:1: Premature end of file.
2025-01-26 22:25:01,924 [ERROR] LogOutputStream:75 - [STDERR_REDIRECT] 
2025-01-26 22:25:02,935 [ERROR] LogOutputStream:75 - [STDERR_REDIRECT] [Fatal Error] :1:1: Premature end of file.
2025-01-26 22:25:02,935 [ERROR] LogOutputStream:75 - [STDERR_REDIRECT] 
2025-01-26 22:25:03,937 [ERROR] LogOutputStream:75 - [STDERR_REDIRECT] [Fatal Error] :1:1: Premature end of file.
2025-01-26 22:25:03,937 [ERROR] LogOutputStream:75 - [STDERR_REDIRECT] 
2025-01-26 22:25:04,922 [ERROR] LogOutputStream:75 - [STDERR_REDIRECT] [Fatal Error] :1:1: Premature end of file.
2025-01-26 22:25:04,922 [ERROR] LogOutputStream:75 - [STDERR_REDIRECT] 
2025-01-26 22:25:05,931 [ERROR] LogOutputStream:75 - [STDERR_REDIRECT] [Fatal Error] :1:1: Premature end of file.
2025-01-26 22:25:05,931 [ERROR] LogOutputStream:75 - [STDERR_REDIRECT] 
2025-01-26 22:25:06,927 [ERROR] LogOutputStream:75 - [STDERR_REDIRECT] [Fatal Error] :1:1: Premature end of file.
2025-01-26 22:25:06,927 [ERROR] LogOutputStream:75 - [STDERR_REDIRECT] 
2025-01-26 22:25:07,936 [ERROR] LogOutputStream:75 - [STDERR_REDIRECT] [Fatal Error] :1:1: Premature end of file.
2025-01-26 22:25:07,936 [ERROR] LogOutputStream:75 - [STDERR_REDIRECT] 
2025-01-26 22:25:08,950 [ERROR] LogOutputStream:75 - [STDERR_REDIRECT] [Fatal Error] :1:1: Premature end of file.
2025-01-26 22:25:08,950 [ERROR] LogOutputStream:75 - [STDERR_REDIRECT] 
2025-01-26 22:25:09,925 [ERROR] LogOutputStream:75 - [STDERR_REDIRECT] [Fatal Error] :1:1: Premature end of file.
2025-01-26 22:25:09,926 [ERROR] LogOutputStream:75 - [STDERR_REDIRECT] 
2025-01-26 22:25:10,935 [ERROR] LogOutputStream:75 - [STDERR_REDIRECT] [Fatal Error] :1:1: Premature end of file.
2025-01-26 22:25:10,935 [ERROR] LogOutputStream:75 - [STDERR_REDIRECT] 
2025-01-26 22:25:11,921 [ERROR] LogOutputStream:75 - [STDERR_REDIRECT] [Fatal Error] :1:1: Premature end of file.
2025-01-26 22:25:11,921 [ERROR] LogOutputStream:75 - [STDERR_REDIRECT] 
2025-01-26 22:25:12,933 [ERROR] LogOutputStream:75 - [STDERR_REDIRECT] [Fatal Error] :1:1: Premature end of file.
2025-01-26 22:25:12,933 [ERROR] LogOutputStream:75 - [STDERR_REDIRECT] 
2025-01-26 22:25:13,932 [ERROR] LogOutputStream:75 - [STDERR_REDIRECT] [Fatal Error] :1:1: Premature end of file.
2025-01-26 22:25:13,932 [ERROR] LogOutputStream:75 - [STDERR_REDIRECT] 
2025-01-26 22:25:14,922 [ERROR] LogOutputStream:75 - [STDERR_REDIRECT] [Fatal Error] :1:1: Premature end of file.
2025-01-26 22:25:14,922 [ERROR] LogOutputStream:75 - [STDERR_REDIRECT] 
2025-01-26 22:25:15,958 [ERROR] LogOutputStream:75 - [STDERR_REDIRECT] [Fatal Error] :1:1: Premature end of file.
2025-01-26 22:25:15,958 [ERROR] LogOutputStream:75 - [STDERR_REDIRECT] 
2025-01-26 22:25:16,949 [ERROR] LogOutputStream:75 - [STDERR_REDIRECT] [Fatal Error] :1:1: Premature end of file.
2025-01-26 22:25:16,949 [ERROR] LogOutputStream:75 - [STDERR_REDIRECT] 
2025-01-26 22:25:17,927 [ERROR] LogOutputStream:75 - [STDERR_REDIRECT] [Fatal Error] :1:1: Premature end of file.
2025-01-26 22:25:17,927 [ERROR] LogOutputStream:75 - [STDERR_REDIRECT] 
2025-01-26 22:25:18,938 [ERROR] LogOutputStream:75 - [STDERR_REDIRECT] [Fatal Error] :1:1: Premature end of file.
2025-01-26 22:25:18,938 [ERROR] LogOutputStream:75 - [STDERR_REDIRECT] 
2025-01-26 22:25:19,934 [ERROR] LogOutputStream:75 - [STDERR_REDIRECT] [Fatal Error] :1:1: Premature end of file.
2025-01-26 22:25:19,934 [ERROR] LogOutputStream:75 - [STDERR_REDIRECT] 
2025-01-26 22:25:20,933 [ERROR] LogOutputStream:75 - [STDERR_REDIRECT] [Fatal Error] :1:1: Premature end of file.
2025-01-26 22:25:20,933 [ERROR] LogOutputStream:75 - [STDERR_REDIRECT] 
2025-01-26 22:25:21,937 [ERROR] LogOutputStream:75 - [STDERR_REDIRECT] [Fatal Error] :1:1: Premature end of file.
2025-01-26 22:25:21,937 [ERROR] LogOutputStream:75 - [STDERR_REDIRECT] 
2025-01-26 22:25:22,938 [ERROR] LogOutputStream:75 - [STDERR_REDIRECT] [Fatal Error] :1:1: Premature end of file.
2025-01-26 22:25:22,938 [ERROR] LogOutputStream:75 - [STDERR_REDIRECT] 
2025-01-26 22:25:23,940 [ERROR] LogOutputStream:75 - [STDERR_REDIRECT] [Fatal Error] :1:1: Premature end of file.
2025-01-26 22:25:23,941 [ERROR] LogOutputStream:75 - [STDERR_REDIRECT] 
2025-01-26 22:25:24,929 [ERROR] LogOutputStream:75 - [STDERR_REDIRECT] [Fatal Error] :1:1: Premature end of file.
2025-01-26 22:25:24,930 [ERROR] LogOutputStream:75 - [STDERR_REDIRECT] 
2025-01-26 22:25:25,945 [ERROR] LogOutputStream:75 - [STDERR_REDIRECT] [Fatal Error] :1:1: Premature end of file.
2025-01-26 22:25:25,945 [ERROR] LogOutputStream:75 - [STDERR_REDIRECT] 
2025-01-26 22:25:26,929 [ERROR] LogOutputStream:75 - [STDERR_REDIRECT] [Fatal Error] :1:1: Premature end of file.
2025-01-26 22:25:26,929 [ERROR] LogOutputStream:75 - [STDERR_REDIRECT] 
2025-01-26 22:25:27,937 [ERROR] LogOutputStream:75 - [STDERR_REDIRECT] [Fatal Error] :1:1: Premature end of file.
2025-01-26 22:25:27,937 [ERROR] LogOutputStream:75 - [STDERR_REDIRECT] 
2025-01-26 22:25:28,941 [ERROR] LogOutputStream:75 - [STDERR_REDIRECT] [Fatal Error] :1:1: Premature end of file.
2025-01-26 22:25:28,941 [ERROR] LogOutputStream:75 - [STDERR_REDIRECT] 
2025-01-26 22:25:29,944 [ERROR] LogOutputStream:75 - [STDERR_REDIRECT] [Fatal Error] :1:1: Premature end of file.
2025-01-26 22:25:29,944 [ERROR] LogOutputStream:75 - [STDERR_REDIRECT] 
2025-01-26 22:25:30,933 [ERROR] LogOutputStream:75 - [STDERR_REDIRECT] [Fatal Error] :1:1: Premature end of file.
2025-01-26 22:25:30,933 [ERROR] LogOutputStream:75 - [STDERR_REDIRECT] 
2025-01-26 22:25:31,937 [ERROR] LogOutputStream:75 - [STDERR_REDIRECT] [Fatal Error] :1:1: Premature end of file.
2025-01-26 22:25:31,937 [ERROR] LogOutputStream:75 - [STDERR_REDIRECT] 
2025-01-26 22:25:32,944 [ERROR] LogOutputStream:75 - [STDERR_REDIRECT] [Fatal Error] :1:1: Premature end of file.
2025-01-26 22:25:32,944 [ERROR] LogOutputStream:75 - [STDERR_REDIRECT] 
2025-01-26 22:25:33,944 [ERROR] LogOutputStream:75 - [STDERR_REDIRECT] [Fatal Error] :1:1: Premature end of file.
2025-01-26 22:25:33,944 [ERROR] LogOutputStream:75 - [STDERR_REDIRECT] 
2025-01-26 22:25:34,918 [ERROR] LogOutputStream:75 - [STDERR_REDIRECT] [Fatal Error] :1:1: Premature end of file.
2025-01-26 22:25:34,920 [ERROR] LogOutputStream:75 - [STDERR_REDIRECT] 
2025-01-26 22:25:35,933 [ERROR] LogOutputStream:75 - [STDERR_REDIRECT] [Fatal Error] :1:1: Premature end of file.
2025-01-26 22:25:35,933 [ERROR] LogOutputStream:75 - [STDERR_REDIRECT] 
2025-01-26 22:25:36,950 [ERROR] LogOutputStream:75 - [STDERR_REDIRECT] [Fatal Error] :1:1: Premature end of file.
2025-01-26 22:25:36,950 [ERROR] LogOutputStream:75 - [STDERR_REDIRECT] 
2025-01-26 22:25:37,941 [ERROR] LogOutputStream:75 - [STDERR_REDIRECT] [Fatal Error] :1:1: Premature end of file.
2025-01-26 22:25:37,941 [ERROR] LogOutputStream:75 - [STDERR_REDIRECT] 
2025-01-26 22:25:38,925 [ERROR] LogOutputStream:75 - [STDERR_REDIRECT] [Fatal Error] :1:1: Premature end of file.
2025-01-26 22:25:38,925 [ERROR] LogOutputStream:75 - [STDERR_REDIRECT] 
2025-01-26 22:25:39,932 [ERROR] LogOutputStream:75 - [STDERR_REDIRECT] [Fatal Error] :1:1: Premature end of file.
2025-01-26 22:25:39,932 [ERROR] LogOutputStream:75 - [STDERR_REDIRECT] 
2025-01-26 22:25:40,921 [ERROR] LogOutputStream:75 - [STDERR_REDIRECT] [Fatal Error] :1:1: Premature end of file.
2025-01-26 22:25:40,921 [ERROR] LogOutputStream:75 - [STDERR_REDIRECT] 
2025-01-26 22:25:41,929 [ERROR] LogOutputStream:75 - [STDERR_REDIRECT] [Fatal Error] :1:1: Premature end of file.
2025-01-26 22:25:41,929 [ERROR] LogOutputStream:75 - [STDERR_REDIRECT] 
2025-01-26 22:25:42,930 [ERROR] LogOutputStream:75 - [STDERR_REDIRECT] [Fatal Error] :1:1: Premature end of file.
2025-01-26 22:25:42,930 [ERROR] LogOutputStream:75 - [STDERR_REDIRECT] 
2025-01-26 22:25:43,945 [ERROR] LogOutputStream:75 - [STDERR_REDIRECT] [Fatal Error] :1:1: Premature end of file.
2025-01-26 22:25:43,945 [ERROR] LogOutputStream:75 - [STDERR_REDIRECT] 
2025-01-26 22:25:44,928 [ERROR] LogOutputStream:75 - [STDERR_REDIRECT] [Fatal Error] :1:1: Premature end of file.
2025-01-26 22:25:44,928 [ERROR] LogOutputStream:75 - [STDERR_REDIRECT] 
2025-01-26 22:25:45,916 [ERROR] LogOutputStream:75 - [STDERR_REDIRECT] [Fatal Error] :1:1: Premature end of file.
2025-01-26 22:25:45,916 [ERROR] LogOutputStream:75 - [STDERR_REDIRECT] 
2025-01-26 22:25:46,931 [ERROR] LogOutputStream:75 - [STDERR_REDIRECT] [Fatal Error] :1:1: Premature end of file.
2025-01-26 22:25:46,931 [ERROR] LogOutputStream:75 - [STDERR_REDIRECT] 
2025-01-26 22:25:47,928 [ERROR] LogOutputStream:75 - [STDERR_REDIRECT] [Fatal Error] :1:1: Premature end of file.
2025-01-26 22:25:47,928 [ERROR] LogOutputStream:75 - [STDERR_REDIRECT] 
2025-01-26 22:25:48,954 [ERROR] LogOutputStream:75 - [STDERR_REDIRECT] [Fatal Error] :1:1: Premature end of file.
2025-01-26 22:25:48,955 [ERROR] LogOutputStream:75 - [STDERR_REDIRECT] 
2025-01-26 22:25:49,930 [ERROR] LogOutputStream:75 - [STDERR_REDIRECT] [Fatal Error] :1:1: Premature end of file.
2025-01-26 22:25:49,930 [ERROR] LogOutputStream:75 - [STDERR_REDIRECT] 
2025-01-26 22:25:50,930 [ERROR] LogOutputStream:75 - [STDERR_REDIRECT] [Fatal Error] :1:1: Premature end of file.
2025-01-26 22:25:50,930 [ERROR] LogOutputStream:75 - [STDERR_REDIRECT] 
2025-01-26 22:25:51,936 [ERROR] LogOutputStream:75 - [STDERR_REDIRECT] [Fatal Error] :1:1: Premature end of file.
2025-01-26 22:25:51,936 [ERROR] LogOutputStream:75 - [STDERR_REDIRECT] 
2025-01-26 22:25:52,933 [ERROR] LogOutputStream:75 - [STDERR_REDIRECT] [Fatal Error] :1:1: Premature end of file.
2025-01-26 22:25:52,933 [ERROR] LogOutputStream:75 - [STDERR_REDIRECT] 
2025-01-26 22:25:53,943 [ERROR] LogOutputStream:75 - [STDERR_REDIRECT] [Fatal Error] :1:1: Premature end of file.
2025-01-26 22:25:53,943 [ERROR] LogOutputStream:75 - [STDERR_REDIRECT] 
2025-01-26 22:25:54,933 [ERROR] LogOutputStream:75 - [STDERR_REDIRECT] [Fatal Error] :1:1: Premature end of file.
2025-01-26 22:25:54,933 [ERROR] LogOutputStream:75 - [STDERR_REDIRECT] 
2025-01-26 22:25:55,922 [ERROR] LogOutputStream:75 - [STDERR_REDIRECT] [Fatal Error] :1:1: Premature end of file.
2025-01-26 22:25:55,922 [ERROR] LogOutputStream:75 - [STDERR_REDIRECT] 
2025-01-26 22:25:56,932 [ERROR] LogOutputStream:75 - [STDERR_REDIRECT] [Fatal Error] :1:1: Premature end of file.
2025-01-26 22:25:56,932 [ERROR] LogOutputStream:75 - [STDERR_REDIRECT] 
2025-01-26 22:25:57,933 [ERROR] LogOutputStream:75 - [STDERR_REDIRECT] [Fatal Error] :1:1: Premature end of file.
2025-01-26 22:25:57,933 [ERROR] LogOutputStream:75 - [STDERR_REDIRECT] 
2025-01-26 22:25:58,939 [ERROR] LogOutputStream:75 - [STDERR_REDIRECT] [Fatal Error] :1:1: Premature end of file.
2025-01-26 22:25:58,939 [ERROR] LogOutputStream:75 - [STDERR_REDIRECT] 
2025-01-26 22:25:59,918 [ERROR] LogOutputStream:75 - [STDERR_REDIRECT] [Fatal Error] :1:1: Premature end of file.
2025-01-26 22:25:59,918 [ERROR] LogOutputStream:75 - [STDERR_REDIRECT] 
2025-01-26 22:26:00,919 [ERROR] LogOutputStream:75 - [STDERR_REDIRECT] [Fatal Error] :1:1: Premature end of file.
2025-01-26 22:26:00,921 [ERROR] LogOutputStream:75 - [STDERR_REDIRECT] 
2025-01-26 22:26:01,923 [ERROR] LogOutputStream:75 - [STDERR_REDIRECT] [Fatal Error] :1:1: Premature end of file.
2025-01-26 22:26:01,923 [ERROR] LogOutputStream:75 - [STDERR_REDIRECT] 
2025-01-26 22:26:02,920 [ERROR] LogOutputStream:75 - [STDERR_REDIRECT] [Fatal Error] :1:1: Premature end of file.
2025-01-26 22:26:02,920 [ERROR] LogOutputStream:75 - [STDERR_REDIRECT] 
2025-01-26 22:26:03,920 [ERROR] LogOutputStream:75 - [STDERR_REDIRECT] [Fatal Error] :1:1: Premature end of file.
2025-01-26 22:26:03,920 [ERROR] LogOutputStream:75 - [STDERR_REDIRECT] 
2025-01-26 22:26:04,930 [ERROR] LogOutputStream:75 - [STDERR_REDIRECT] [Fatal Error] :1:1: Premature end of file.
2025-01-26 22:26:04,930 [ERROR] LogOutputStream:75 - [STDERR_REDIRECT] 
2025-01-26 22:26:05,930 [ERROR] LogOutputStream:75 - [STDERR_REDIRECT] [Fatal Error] :1:1: Premature end of file.
2025-01-26 22:26:05,930 [ERROR] LogOutputStream:75 - [STDERR_REDIRECT] 
2025-01-26 22:26:06,924 [ERROR] LogOutputStream:75 - [STDERR_REDIRECT] [Fatal Error] :1:1: Premature end of file.
2025-01-26 22:26:06,926 [ERROR] LogOutputStream:75 - [STDERR_REDIRECT] 
2025-01-26 22:26:07,932 [ERROR] LogOutputStream:75 - [STDERR_REDIRECT] [Fatal Error] :1:1: Premature end of file.
2025-01-26 22:26:07,932 [ERROR] LogOutputStream:75 - [STDERR_REDIRECT] 
2025-01-26 22:26:08,918 [ERROR] LogOutputStream:75 - [STDERR_REDIRECT] [Fatal Error] :1:1: Premature end of file.
2025-01-26 22:26:08,918 [ERROR] LogOutputStream:75 - [STDERR_REDIRECT] 
2025-01-26 22:26:09,924 [ERROR] LogOutputStream:75 - [STDERR_REDIRECT] [Fatal Error] :1:1: Premature end of file.
2025-01-26 22:26:09,924 [ERROR] LogOutputStream:75 - [STDERR_REDIRECT] 
2025-01-26 22:26:10,914 [ERROR] LogOutputStream:75 - [STDERR_REDIRECT] [Fatal Error] :1:1: Premature end of file.
2025-01-26 22:26:10,916 [ERROR] LogOutputStream:75 - [STDERR_REDIRECT] 
2025-01-26 22:26:11,925 [ERROR] LogOutputStream:75 - [STDERR_REDIRECT] [Fatal Error] :1:1: Premature end of file.
2025-01-26 22:26:11,925 [ERROR] LogOutputStream:75 - [STDERR_REDIRECT] 
2025-01-26 22:26:12,940 [ERROR] LogOutputStream:75 - [STDERR_REDIRECT] [Fatal Error] :1:1: Premature end of file.
2025-01-26 22:26:12,940 [ERROR] LogOutputStream:75 - [STDERR_REDIRECT] 
2025-01-26 22:26:13,918 [ERROR] LogOutputStream:75 - [STDERR_REDIRECT] [Fatal Error] :1:1: Premature end of file.
2025-01-26 22:26:13,918 [ERROR] LogOutputStream:75 - [STDERR_REDIRECT] 
2025-01-26 22:26:14,932 [ERROR] LogOutputStream:75 - [STDERR_REDIRECT] [Fatal Error] :1:1: Premature end of file.
2025-01-26 22:26:14,932 [ERROR] LogOutputStream:75 - [STDERR_REDIRECT] 
2025-01-26 22:26:15,927 [ERROR] LogOutputStream:75 - [STDERR_REDIRECT] [Fatal Error] :1:1: Premature end of file.
2025-01-26 22:26:15,927 [ERROR] LogOutputStream:75 - [STDERR_REDIRECT] 
2025-01-26 22:26:16,940 [ERROR] LogOutputStream:75 - [STDERR_REDIRECT] [Fatal Error] :1:1: Premature end of file.
2025-01-26 22:26:16,940 [ERROR] LogOutputStream:75 - [STDERR_REDIRECT] 
2025-01-26 22:26:17,939 [ERROR] LogOutputStream:75 - [STDERR_REDIRECT] [Fatal Error] :1:1: Premature end of file.
2025-01-26 22:26:17,940 [ERROR] LogOutputStream:75 - [STDERR_REDIRECT] 
2025-01-26 22:26:18,919 [ERROR] LogOutputStream:75 - [STDERR_REDIRECT] [Fatal Error] :1:1: Premature end of file.
2025-01-26 22:26:18,919 [ERROR] LogOutputStream:75 - [STDERR_REDIRECT] 
2025-01-26 22:26:19,943 [ERROR] LogOutputStream:75 - [STDERR_REDIRECT] [Fatal Error] :1:1: Premature end of file.
2025-01-26 22:26:19,944 [ERROR] LogOutputStream:75 - [STDERR_REDIRECT] 
2025-01-26 22:26:20,921 [ERROR] LogOutputStream:75 - [STDERR_REDIRECT] [Fatal Error] :1:1: Premature end of file.
2025-01-26 22:26:20,921 [ERROR] LogOutputStream:75 - [STDERR_REDIRECT] 
2025-01-26 22:26:21,936 [ERROR] LogOutputStream:75 - [STDERR_REDIRECT] [Fatal Error] :1:1: Premature end of file.
2025-01-26 22:26:21,936 [ERROR] LogOutputStream:75 - [STDERR_REDIRECT] 
2025-01-26 22:26:22,929 [ERROR] LogOutputStream:75 - [STDERR_REDIRECT] [Fatal Error] :1:1: Premature end of file.
2025-01-26 22:26:22,929 [ERROR] LogOutputStream:75 - [STDERR_REDIRECT] 
2025-01-26 22:26:23,939 [ERROR] LogOutputStream:75 - [STDERR_REDIRECT] [Fatal Error] :1:1: Premature end of file.
2025-01-26 22:26:23,941 [ERROR] LogOutputStream:75 - [STDERR_REDIRECT] 
2025-01-26 22:26:24,935 [ERROR] LogOutputStream:75 - [STDERR_REDIRECT] [Fatal Error] :1:1: Premature end of file.
2025-01-26 22:26:24,936 [ERROR] LogOutputStream:75 - [STDERR_REDIRECT] 
2025-01-26 22:26:25,931 [ERROR] LogOutputStream:75 - [STDERR_REDIRECT] [Fatal Error] :1:1: Premature end of file.
2025-01-26 22:26:25,931 [ERROR] LogOutputStream:75 - [STDERR_REDIRECT] 
2025-01-26 22:26:26,918 [ERROR] LogOutputStream:75 - [STDERR_REDIRECT] [Fatal Error] :1:1: Premature end of file.
2025-01-26 22:26:26,918 [ERROR] LogOutputStream:75 - [STDERR_REDIRECT] 
2025-01-26 22:26:27,932 [ERROR] LogOutputStream:75 - [STDERR_REDIRECT] [Fatal Error] :1:1: Premature end of file.
2025-01-26 22:26:27,932 [ERROR] LogOutputStream:75 - [STDERR_REDIRECT] 
2025-01-26 22:26:28,932 [ERROR] LogOutputStream:75 - [STDERR_REDIRECT] [Fatal Error] :1:1: Premature end of file.
2025-01-26 22:26:28,932 [ERROR] LogOutputStream:75 - [STDERR_REDIRECT] 
2025-01-26 22:26:29,930 [ERROR] LogOutputStream:75 - [STDERR_REDIRECT] [Fatal Error] :1:1: Premature end of file.
2025-01-26 22:26:29,930 [ERROR] LogOutputStream:75 - [STDERR_REDIRECT] 
2025-01-26 22:26:30,922 [ERROR] LogOutputStream:75 - [STDERR_REDIRECT] [Fatal Error] :1:1: Premature end of file.
2025-01-26 22:26:30,922 [ERROR] LogOutputStream:75 - [STDERR_REDIRECT] 
2025-01-26 22:26:31,937 [ERROR] LogOutputStream:75 - [STDERR_REDIRECT] [Fatal Error] :1:1: Premature end of file.
2025-01-26 22:26:31,937 [ERROR] LogOutputStream:75 - [STDERR_REDIRECT] 
2025-01-26 22:26:32,930 [ERROR] LogOutputStream:75 - [STDERR_REDIRECT] [Fatal Error] :1:1: Premature end of file.
2025-01-26 22:26:32,932 [ERROR] LogOutputStream:75 - [STDERR_REDIRECT] 
2025-01-26 22:26:33,926 [ERROR] LogOutputStream:75 - [STDERR_REDIRECT] [Fatal Error] :1:1: Premature end of file.
2025-01-26 22:26:33,926 [ERROR] LogOutputStream:75 - [STDERR_REDIRECT] 
2025-01-26 22:26:34,928 [ERROR] LogOutputStream:75 - [STDERR_REDIRECT] [Fatal Error] :1:1: Premature end of file.
2025-01-26 22:26:34,928 [ERROR] LogOutputStream:75 - [STDERR_REDIRECT] 
2025-01-26 22:26:35,931 [ERROR] LogOutputStream:75 - [STDERR_REDIRECT] [Fatal Error] :1:1: Premature end of file.
2025-01-26 22:26:35,931 [ERROR] LogOutputStream:75 - [STDERR_REDIRECT] 
2025-01-26 22:26:36,918 [ERROR] LogOutputStream:75 - [STDERR_REDIRECT] [Fatal Error] :1:1: Premature end of file.
2025-01-26 22:26:36,918 [ERROR] LogOutputStream:75 - [STDERR_REDIRECT] 
2025-01-26 22:26:37,939 [ERROR] LogOutputStream:75 - [STDERR_REDIRECT] [Fatal Error] :1:1: Premature end of file.
2025-01-26 22:26:37,939 [ERROR] LogOutputStream:75 - [STDERR_REDIRECT] 
2025-01-26 22:26:38,928 [ERROR] LogOutputStream:75 - [STDERR_REDIRECT] [Fatal Error] :1:1: Premature end of file.
2025-01-26 22:26:38,928 [ERROR] LogOutputStream:75 - [STDERR_REDIRECT] 
2025-01-26 22:26:39,942 [ERROR] LogOutputStream:75 - [STDERR_REDIRECT] [Fatal Error] :1:1: Premature end of file.
2025-01-26 22:26:39,942 [ERROR] LogOutputStream:75 - [STDERR_REDIRECT] 
2025-01-26 22:26:40,948 [ERROR] LogOutputStream:75 - [STDERR_REDIRECT] [Fatal Error] :1:1: Premature end of file.
2025-01-26 22:26:40,948 [ERROR] LogOutputStream:75 - [STDERR_REDIRECT] 
2025-01-26 22:26:41,935 [ERROR] LogOutputStream:75 - [STDERR_REDIRECT] [Fatal Error] :1:1: Premature end of file.
2025-01-26 22:26:41,935 [ERROR] LogOutputStream:75 - [STDERR_REDIRECT] 
2025-01-26 22:26:42,917 [ERROR] LogOutputStream:75 - [STDERR_REDIRECT] [Fatal Error] :1:1: Premature end of file.
2025-01-26 22:26:42,917 [ERROR] LogOutputStream:75 - [STDERR_REDIRECT] 
2025-01-26 22:26:43,930 [ERROR] LogOutputStream:75 - [STDERR_REDIRECT] [Fatal Error] :1:1: Premature end of file.
2025-01-26 22:26:43,930 [ERROR] LogOutputStream:75 - [STDERR_REDIRECT] 
2025-01-26 22:26:44,923 [ERROR] LogOutputStream:75 - [STDERR_REDIRECT] [Fatal Error] :1:1: Premature end of file.
2025-01-26 22:26:44,925 [ERROR] LogOutputStream:75 - [STDERR_REDIRECT] 
2025-01-26 22:26:45,939 [ERROR] LogOutputStream:75 - [STDERR_REDIRECT] [Fatal Error] :1:1: Premature end of file.
2025-01-26 22:26:45,939 [ERROR] LogOutputStream:75 - [STDERR_REDIRECT] 
2025-01-26 22:26:46,934 [ERROR] LogOutputStream:75 - [STDERR_REDIRECT] [Fatal Error] :1:1: Premature end of file.
2025-01-26 22:26:46,936 [ERROR] LogOutputStream:75 - [STDERR_REDIRECT] 
2025-01-26 22:26:47,941 [ERROR] LogOutputStream:75 - [STDERR_REDIRECT] [Fatal Error] :1:1: Premature end of file.
2025-01-26 22:26:47,941 [ERROR] LogOutputStream:75 - [STDERR_REDIRECT] 
2025-01-26 22:26:48,931 [ERROR] LogOutputStream:75 - [STDERR_REDIRECT] [Fatal Error] :1:1: Premature end of file.
2025-01-26 22:26:48,933 [ERROR] LogOutputStream:75 - [STDERR_REDIRECT] 
2025-01-26 22:26:49,940 [ERROR] LogOutputStream:75 - [STDERR_REDIRECT] [Fatal Error] :1:1: Premature end of file.
2025-01-26 22:26:49,942 [ERROR] LogOutputStream:75 - [STDERR_REDIRECT] 
2025-01-26 22:26:50,937 [ERROR] LogOutputStream:75 - [STDERR_REDIRECT] [Fatal Error] :1:1: Premature end of file.
2025-01-26 22:26:50,937 [ERROR] LogOutputStream:75 - [STDERR_REDIRECT] 
2025-01-26 22:26:51,932 [ERROR] LogOutputStream:75 - [STDERR_REDIRECT] [Fatal Error] :1:1: Premature end of file.
2025-01-26 22:26:51,932 [ERROR] LogOutputStream:75 - [STDERR_REDIRECT] 
2025-01-26 22:26:52,945 [ERROR] LogOutputStream:75 - [STDERR_REDIRECT] [Fatal Error] :1:1: Premature end of file.
2025-01-26 22:26:52,945 [ERROR] LogOutputStream:75 - [STDERR_REDIRECT] 
2025-01-26 22:26:53,938 [ERROR] LogOutputStream:75 - [STDERR_REDIRECT] [Fatal Error] :1:1: Premature end of file.
2025-01-26 22:26:53,938 [ERROR] LogOutputStream:75 - [STDERR_REDIRECT] 
2025-01-26 22:26:54,937 [ERROR] LogOutputStream:75 - [STDERR_REDIRECT] [Fatal Error] :1:1: Premature end of file.
2025-01-26 22:26:54,937 [ERROR] LogOutputStream:75 - [STDERR_REDIRECT] 
2025-01-26 22:26:55,945 [ERROR] LogOutputStream:75 - [STDERR_REDIRECT] [Fatal Error] :1:1: Premature end of file.
2025-01-26 22:26:55,945 [ERROR] LogOutputStream:75 - [STDERR_REDIRECT] 
2025-01-26 22:26:56,923 [ERROR] LogOutputStream:75 - [STDERR_REDIRECT] [Fatal Error] :1:1: Premature end of file.
2025-01-26 22:26:56,923 [ERROR] LogOutputStream:75 - [STDERR_REDIRECT] 
2025-01-26 22:26:57,934 [ERROR] LogOutputStream:75 - [STDERR_REDIRECT] [Fatal Error] :1:1: Premature end of file.
2025-01-26 22:26:57,934 [ERROR] LogOutputStream:75 - [STDERR_REDIRECT] 
2025-01-26 22:26:58,932 [ERROR] LogOutputStream:75 - [STDERR_REDIRECT] [Fatal Error] :1:1: Premature end of file.
2025-01-26 22:26:58,932 [ERROR] LogOutputStream:75 - [STDERR_REDIRECT] 
2025-01-26 22:26:59,934 [ERROR] LogOutputStream:75 - [STDERR_REDIRECT] [Fatal Error] :1:1: Premature end of file.
2025-01-26 22:26:59,934 [ERROR] LogOutputStream:75 - [STDERR_REDIRECT] 
2025-01-26 22:27:00,953 [ERROR] LogOutputStream:75 - [STDERR_REDIRECT] [Fatal Error] :1:1: Premature end of file.
2025-01-26 22:27:00,953 [ERROR] LogOutputStream:75 - [STDERR_REDIRECT] 
2025-01-26 22:27:01,928 [ERROR] LogOutputStream:75 - [STDERR_REDIRECT] [Fatal Error] :1:1: Premature end of file.
2025-01-26 22:27:01,928 [ERROR] LogOutputStream:75 - [STDERR_REDIRECT] 
2025-01-26 22:27:02,942 [ERROR] LogOutputStream:75 - [STDERR_REDIRECT] [Fatal Error] :1:1: Premature end of file.
2025-01-26 22:27:02,942 [ERROR] LogOutputStream:75 - [STDERR_REDIRECT] 
2025-01-26 22:27:03,926 [ERROR] LogOutputStream:75 - [STDERR_REDIRECT] [Fatal Error] :1:1: Premature end of file.
2025-01-26 22:27:03,926 [ERROR] LogOutputStream:75 - [STDERR_REDIRECT] 
2025-01-26 22:27:04,939 [ERROR] LogOutputStream:75 - [STDERR_REDIRECT] [Fatal Error] :1:1: Premature end of file.
2025-01-26 22:27:04,939 [ERROR] LogOutputStream:75 - [STDERR_REDIRECT] 
2025-01-26 22:27:05,930 [ERROR] LogOutputStream:75 - [STDERR_REDIRECT] [Fatal Error] :1:1: Premature end of file.
2025-01-26 22:27:05,930 [ERROR] LogOutputStream:75 - [STDERR_REDIRECT] 
2025-01-26 22:27:06,929 [ERROR] LogOutputStream:75 - [STDERR_REDIRECT] [Fatal Error] :1:1: Premature end of file.
2025-01-26 22:27:06,929 [ERROR] LogOutputStream:75 - [STDERR_REDIRECT] 
2025-01-26 22:27:07,939 [ERROR] LogOutputStream:75 - [STDERR_REDIRECT] [Fatal Error] :1:1: Premature end of file.
2025-01-26 22:27:07,939 [ERROR] LogOutputStream:75 - [STDERR_REDIRECT] 
2025-01-26 22:27:08,937 [ERROR] LogOutputStream:75 - [STDERR_REDIRECT] [Fatal Error] :1:1: Premature end of file.
2025-01-26 22:27:08,937 [ERROR] LogOutputStream:75 - [STDERR_REDIRECT] 
2025-01-26 22:27:09,935 [ERROR] LogOutputStream:75 - [STDERR_REDIRECT] [Fatal Error] :1:1: Premature end of file.
2025-01-26 22:27:09,935 [ERROR] LogOutputStream:75 - [STDERR_REDIRECT] 
2025-01-26 22:27:10,933 [ERROR] LogOutputStream:75 - [STDERR_REDIRECT] [Fatal Error] :1:1: Premature end of file.
2025-01-26 22:27:10,933 [ERROR] LogOutputStream:75 - [STDERR_REDIRECT] 
2025-01-26 22:27:11,937 [ERROR] LogOutputStream:75 - [STDERR_REDIRECT] [Fatal Error] :1:1: Premature end of file.
2025-01-26 22:27:11,937 [ERROR] LogOutputStream:75 - [STDERR_REDIRECT] 
2025-01-26 22:27:12,934 [ERROR] LogOutputStream:75 - [STDERR_REDIRECT] [Fatal Error] :1:1: Premature end of file.
2025-01-26 22:27:12,935 [ERROR] LogOutputStream:75 - [STDERR_REDIRECT] 
2025-01-26 22:27:13,935 [ERROR] LogOutputStream:75 - [STDERR_REDIRECT] [Fatal Error] :1:1: Premature end of file.
2025-01-26 22:27:13,935 [ERROR] LogOutputStream:75 - [STDERR_REDIRECT] 
2025-01-26 22:27:14,928 [ERROR] LogOutputStream:75 - [STDERR_REDIRECT] [Fatal Error] :1:1: Premature end of file.
2025-01-26 22:27:14,929 [ERROR] LogOutputStream:75 - [STDERR_REDIRECT] 
2025-01-26 22:27:15,925 [ERROR] LogOutputStream:75 - [STDERR_REDIRECT] [Fatal Error] :1:1: Premature end of file.
2025-01-26 22:27:15,925 [ERROR] LogOutputStream:75 - [STDERR_REDIRECT] 
2025-01-26 22:27:16,927 [ERROR] LogOutputStream:75 - [STDERR_REDIRECT] [Fatal Error] :1:1: Premature end of file.
2025-01-26 22:27:16,927 [ERROR] LogOutputStream:75 - [STDERR_REDIRECT] 
2025-01-26 22:27:17,930 [ERROR] LogOutputStream:75 - [STDERR_REDIRECT] [Fatal Error] :1:1: Premature end of file.
2025-01-26 22:27:17,930 [ERROR] LogOutputStream:75 - [STDERR_REDIRECT] 
2025-01-26 22:27:18,922 [ERROR] LogOutputStream:75 - [STDERR_REDIRECT] [Fatal Error] :1:1: Premature end of file.
2025-01-26 22:27:18,922 [ERROR] LogOutputStream:75 - [STDERR_REDIRECT] 
2025-01-26 22:27:19,936 [ERROR] LogOutputStream:75 - [STDERR_REDIRECT] [Fatal Error] :1:1: Premature end of file.
2025-01-26 22:27:19,936 [ERROR] LogOutputStream:75 - [STDERR_REDIRECT] 
2025-01-26 22:27:20,942 [ERROR] LogOutputStream:75 - [STDERR_REDIRECT] [Fatal Error] :1:1: Premature end of file.
2025-01-26 22:27:20,942 [ERROR] LogOutputStream:75 - [STDERR_REDIRECT] 
2025-01-26 22:27:21,931 [ERROR] LogOutputStream:75 - [STDERR_REDIRECT] [Fatal Error] :1:1: Premature end of file.
2025-01-26 22:27:21,932 [ERROR] LogOutputStream:75 - [STDERR_REDIRECT] 
2025-01-26 22:27:22,935 [ERROR] LogOutputStream:75 - [STDERR_REDIRECT] [Fatal Error] :1:1: Premature end of file.
2025-01-26 22:27:22,935 [ERROR] LogOutputStream:75 - [STDERR_REDIRECT] 
2025-01-26 22:27:23,957 [ERROR] LogOutputStream:75 - [STDERR_REDIRECT] [Fatal Error] :1:1: Premature end of file.
2025-01-26 22:27:23,957 [ERROR] LogOutputStream:75 - [STDERR_REDIRECT] 
2025-01-26 22:27:24,937 [ERROR] LogOutputStream:75 - [STDERR_REDIRECT] [Fatal Error] :1:1: Premature end of file.
2025-01-26 22:27:24,937 [ERROR] LogOutputStream:75 - [STDERR_REDIRECT] 
2025-01-26 22:27:25,930 [ERROR] LogOutputStream:75 - [STDERR_REDIRECT] [Fatal Error] :1:1: Premature end of file.
2025-01-26 22:27:25,930 [ERROR] LogOutputStream:75 - [STDERR_REDIRECT] 
2025-01-26 22:27:26,925 [ERROR] LogOutputStream:75 - [STDERR_REDIRECT] [Fatal Error] :1:1: Premature end of file.
2025-01-26 22:27:26,925 [ERROR] LogOutputStream:75 - [STDERR_REDIRECT] 
2025-01-26 22:27:27,933 [ERROR] LogOutputStream:75 - [STDERR_REDIRECT] [Fatal Error] :1:1: Premature end of file.
2025-01-26 22:27:27,933 [ERROR] LogOutputStream:75 - [STDERR_REDIRECT] 
2025-01-26 22:27:28,927 [ERROR] LogOutputStream:75 - [STDERR_REDIRECT] [Fatal Error] :1:1: Premature end of file.
2025-01-26 22:27:28,927 [ERROR] LogOutputStream:75 - [STDERR_REDIRECT] 
2025-01-26 22:27:29,924 [ERROR] LogOutputStream:75 - [STDERR_REDIRECT] [Fatal Error] :1:1: Premature end of file.
2025-01-26 22:27:29,924 [ERROR] LogOutputStream:75 - [STDERR_REDIRECT] 
2025-01-26 22:27:30,928 [ERROR] LogOutputStream:75 - [STDERR_REDIRECT] [Fatal Error] :1:1: Premature end of file.
2025-01-26 22:27:30,928 [ERROR] LogOutputStream:75 - [STDERR_REDIRECT] 
2025-01-26 22:27:31,922 [ERROR] LogOutputStream:75 - [STDERR_REDIRECT] [Fatal Error] :1:1: Premature end of file.
2025-01-26 22:27:31,923 [ERROR] LogOutputStream:75 - [STDERR_REDIRECT] 
2025-01-26 22:27:32,934 [ERROR] LogOutputStream:75 - [STDERR_REDIRECT] [Fatal Error] :1:1: Premature end of file.
2025-01-26 22:27:32,934 [ERROR] LogOutputStream:75 - [STDERR_REDIRECT] 
2025-01-26 22:27:33,925 [ERROR] LogOutputStream:75 - [STDERR_REDIRECT] [Fatal Error] :1:1: Premature end of file.
2025-01-26 22:27:33,925 [ERROR] LogOutputStream:75 - [STDERR_REDIRECT] 
2025-01-26 22:27:34,932 [ERROR] LogOutputStream:75 - [STDERR_REDIRECT] [Fatal Error] :1:1: Premature end of file.
2025-01-26 22:27:34,932 [ERROR] LogOutputStream:75 - [STDERR_REDIRECT] 
2025-01-26 22:27:35,937 [ERROR] LogOutputStream:75 - [STDERR_REDIRECT] [Fatal Error] :1:1: Premature end of file.
2025-01-26 22:27:35,937 [ERROR] LogOutputStream:75 - [STDERR_REDIRECT] 
2025-01-26 22:27:36,925 [ERROR] LogOutputStream:75 - [STDERR_REDIRECT] [Fatal Error] :1:1: Premature end of file.
2025-01-26 22:27:36,925 [ERROR] LogOutputStream:75 - [STDERR_REDIRECT] 
2025-01-26 22:27:37,927 [ERROR] LogOutputStream:75 - [STDERR_REDIRECT] [Fatal Error] :1:1: Premature end of file.
2025-01-26 22:27:37,927 [ERROR] LogOutputStream:75 - [STDERR_REDIRECT] 
2025-01-26 22:27:38,927 [ERROR] LogOutputStream:75 - [STDERR_REDIRECT] [Fatal Error] :1:1: Premature end of file.
2025-01-26 22:27:38,927 [ERROR] LogOutputStream:75 - [STDERR_REDIRECT] 
2025-01-26 22:27:39,932 [ERROR] LogOutputStream:75 - [STDERR_REDIRECT] [Fatal Error] :1:1: Premature end of file.
2025-01-26 22:27:39,932 [ERROR] LogOutputStream:75 - [STDERR_REDIRECT] 
2025-01-26 22:27:40,930 [ERROR] LogOutputStream:75 - [STDERR_REDIRECT] [Fatal Error] :1:1: Premature end of file.
2025-01-26 22:27:40,930 [ERROR] LogOutputStream:75 - [STDERR_REDIRECT] 
2025-01-26 22:27:41,937 [ERROR] LogOutputStream:75 - [STDERR_REDIRECT] [Fatal Error] :1:1: Premature end of file.
2025-01-26 22:27:41,937 [ERROR] LogOutputStream:75 - [STDERR_REDIRECT] 
2025-01-26 22:27:42,939 [ERROR] LogOutputStream:75 - [STDERR_REDIRECT] [Fatal Error] :1:1: Premature end of file.
2025-01-26 22:27:42,939 [ERROR] LogOutputStream:75 - [STDERR_REDIRECT] 
2025-01-26 22:27:43,923 [ERROR] LogOutputStream:75 - [STDERR_REDIRECT] [Fatal Error] :1:1: Premature end of file.
2025-01-26 22:27:43,923 [ERROR] LogOutputStream:75 - [STDERR_REDIRECT] 
2025-01-26 22:27:44,934 [ERROR] LogOutputStream:75 - [STDERR_REDIRECT] [Fatal Error] :1:1: Premature end of file.
2025-01-26 22:27:44,935 [ERROR] LogOutputStream:75 - [STDERR_REDIRECT] 
2025-01-26 22:27:45,942 [ERROR] LogOutputStream:75 - [STDERR_REDIRECT] [Fatal Error] :1:1: Premature end of file.
2025-01-26 22:27:45,942 [ERROR] LogOutputStream:75 - [STDERR_REDIRECT] 
2025-01-26 22:27:46,950 [ERROR] LogOutputStream:75 - [STDERR_REDIRECT] [Fatal Error] :1:1: Premature end of file.
2025-01-26 22:27:46,950 [ERROR] LogOutputStream:75 - [STDERR_REDIRECT] 
2025-01-26 22:27:47,934 [ERROR] LogOutputStream:75 - [STDERR_REDIRECT] [Fatal Error] :1:1: Premature end of file.
2025-01-26 22:27:47,934 [ERROR] LogOutputStream:75 - [STDERR_REDIRECT] 
2025-01-26 22:27:48,933 [ERROR] LogOutputStream:75 - [STDERR_REDIRECT] [Fatal Error] :1:1: Premature end of file.
2025-01-26 22:27:48,933 [ERROR] LogOutputStream:75 - [STDERR_REDIRECT] 
2025-01-26 22:27:49,930 [ERROR] LogOutputStream:75 - [STDERR_REDIRECT] [Fatal Error] :1:1: Premature end of file.
2025-01-26 22:27:49,930 [ERROR] LogOutputStream:75 - [STDERR_REDIRECT] 
2025-01-26 22:27:50,929 [ERROR] LogOutputStream:75 - [STDERR_REDIRECT] [Fatal Error] :1:1: Premature end of file.
2025-01-26 22:27:50,929 [ERROR] LogOutputStream:75 - [STDERR_REDIRECT] 
2025-01-26 22:27:51,926 [ERROR] LogOutputStream:75 - [STDERR_REDIRECT] [Fatal Error] :1:1: Premature end of file.
2025-01-26 22:27:51,926 [ERROR] LogOutputStream:75 - [STDERR_REDIRECT] 
2025-01-26 22:27:52,920 [ERROR] LogOutputStream:75 - [STDERR_REDIRECT] [Fatal Error] :1:1: Premature end of file.
2025-01-26 22:27:52,920 [ERROR] LogOutputStream:75 - [STDERR_REDIRECT] 
2025-01-26 22:27:53,927 [ERROR] LogOutputStream:75 - [STDERR_REDIRECT] [Fatal Error] :1:1: Premature end of file.
2025-01-26 22:27:53,927 [ERROR] LogOutputStream:75 - [STDERR_REDIRECT] 
2025-01-26 22:27:54,931 [ERROR] LogOutputStream:75 - [STDERR_REDIRECT] [Fatal Error] :1:1: Premature end of file.
2025-01-26 22:27:54,932 [ERROR] LogOutputStream:75 - [STDERR_REDIRECT] 
2025-01-26 22:27:55,949 [ERROR] LogOutputStream:75 - [STDERR_REDIRECT] [Fatal Error] :1:1: Premature end of file.
2025-01-26 22:27:55,950 [ERROR] LogOutputStream:75 - [STDERR_REDIRECT] 
2025-01-26 22:27:56,924 [ERROR] LogOutputStream:75 - [STDERR_REDIRECT] [Fatal Error] :1:1: Premature end of file.
2025-01-26 22:27:56,924 [ERROR] LogOutputStream:75 - [STDERR_REDIRECT] 
2025-01-26 22:27:57,946 [ERROR] LogOutputStream:75 - [STDERR_REDIRECT] [Fatal Error] :1:1: Premature end of file.
2025-01-26 22:27:57,946 [ERROR] LogOutputStream:75 - [STDERR_REDIRECT] 
2025-01-26 22:27:58,940 [ERROR] LogOutputStream:75 - [STDERR_REDIRECT] [Fatal Error] :1:1: Premature end of file.
2025-01-26 22:27:58,940 [ERROR] LogOutputStream:75 - [STDERR_REDIRECT] 
2025-01-26 22:27:59,918 [ERROR] LogOutputStream:75 - [STDERR_REDIRECT] [Fatal Error] :1:1: Premature end of file.
2025-01-26 22:27:59,918 [ERROR] LogOutputStream:75 - [STDERR_REDIRECT] 
2025-01-26 22:28:00,927 [ERROR] LogOutputStream:75 - [STDERR_REDIRECT] [Fatal Error] :1:1: Premature end of file.
2025-01-26 22:28:00,927 [ERROR] LogOutputStream:75 - [STDERR_REDIRECT] 
2025-01-26 22:28:01,928 [ERROR] LogOutputStream:75 - [STDERR_REDIRECT] [Fatal Error] :1:1: Premature end of file.
2025-01-26 22:28:01,928 [ERROR] LogOutputStream:75 - [STDERR_REDIRECT] 
2025-01-26 22:28:02,923 [ERROR] LogOutputStream:75 - [STDERR_REDIRECT] [Fatal Error] :1:1: Premature end of file.
2025-01-26 22:28:02,923 [ERROR] LogOutputStream:75 - [STDERR_REDIRECT] 
2025-01-26 22:28:03,947 [ERROR] LogOutputStream:75 - [STDERR_REDIRECT] [Fatal Error] :1:1: Premature end of file.
2025-01-26 22:28:03,947 [ERROR] LogOutputStream:75 - [STDERR_REDIRECT] 
2025-01-26 22:28:04,934 [ERROR] LogOutputStream:75 - [STDERR_REDIRECT] [Fatal Error] :1:1: Premature end of file.
2025-01-26 22:28:04,934 [ERROR] LogOutputStream:75 - [STDERR_REDIRECT] 
2025-01-26 22:28:05,929 [ERROR] LogOutputStream:75 - [STDERR_REDIRECT] [Fatal Error] :1:1: Premature end of file.
2025-01-26 22:28:05,929 [ERROR] LogOutputStream:75 - [STDERR_REDIRECT] 
2025-01-26 22:28:06,935 [ERROR] LogOutputStream:75 - [STDERR_REDIRECT] [Fatal Error] :1:1: Premature end of file.
2025-01-26 22:28:06,935 [ERROR] LogOutputStream:75 - [STDERR_REDIRECT] 
2025-01-26 22:28:07,927 [ERROR] LogOutputStream:75 - [STDERR_REDIRECT] [Fatal Error] :1:1: Premature end of file.
2025-01-26 22:28:07,927 [ERROR] LogOutputStream:75 - [STDERR_REDIRECT] 
2025-01-26 22:28:08,936 [ERROR] LogOutputStream:75 - [STDERR_REDIRECT] [Fatal Error] :1:1: Premature end of file.
2025-01-26 22:28:08,936 [ERROR] LogOutputStream:75 - [STDERR_REDIRECT] 
2025-01-26 22:28:09,951 [ERROR] LogOutputStream:75 - [STDERR_REDIRECT] [Fatal Error] :1:1: Premature end of file.
2025-01-26 22:28:09,951 [ERROR] LogOutputStream:75 - [STDERR_REDIRECT] 
2025-01-26 22:28:10,929 [ERROR] LogOutputStream:75 - [STDERR_REDIRECT] [Fatal Error] :1:1: Premature end of file.
2025-01-26 22:28:10,929 [ERROR] LogOutputStream:75 - [STDERR_REDIRECT] 
2025-01-26 22:28:11,930 [ERROR] LogOutputStream:75 - [STDERR_REDIRECT] [Fatal Error] :1:1: Premature end of file.
2025-01-26 22:28:11,930 [ERROR] LogOutputStream:75 - [STDERR_REDIRECT] 
2025-01-26 22:28:12,924 [ERROR] LogOutputStream:75 - [STDERR_REDIRECT] [Fatal Error] :1:1: Premature end of file.
2025-01-26 22:28:12,924 [ERROR] LogOutputStream:75 - [STDERR_REDIRECT] 
2025-01-26 22:28:13,930 [ERROR] LogOutputStream:75 - [STDERR_REDIRECT] [Fatal Error] :1:1: Premature end of file.
2025-01-26 22:28:13,930 [ERROR] LogOutputStream:75 - [STDERR_REDIRECT] 
2025-01-26 22:28:14,943 [ERROR] LogOutputStream:75 - [STDERR_REDIRECT] [Fatal Error] :1:1: Premature end of file.
2025-01-26 22:28:14,943 [ERROR] LogOutputStream:75 - [STDERR_REDIRECT] 
2025-01-26 22:28:15,943 [ERROR] LogOutputStream:75 - [STDERR_REDIRECT] [Fatal Error] :1:1: Premature end of file.
2025-01-26 22:28:15,943 [ERROR] LogOutputStream:75 - [STDERR_REDIRECT] 
2025-01-26 22:28:16,940 [ERROR] LogOutputStream:75 - [STDERR_REDIRECT] [Fatal Error] :1:1: Premature end of file.
2025-01-26 22:28:16,940 [ERROR] LogOutputStream:75 - [STDERR_REDIRECT] 
2025-01-26 22:28:17,924 [ERROR] LogOutputStream:75 - [STDERR_REDIRECT] [Fatal Error] :1:1: Premature end of file.
2025-01-26 22:28:17,925 [ERROR] LogOutputStream:75 - [STDERR_REDIRECT] 
2025-01-26 22:28:18,929 [ERROR] LogOutputStream:75 - [STDERR_REDIRECT] [Fatal Error] :1:1: Premature end of file.
2025-01-26 22:28:18,929 [ERROR] LogOutputStream:75 - [STDERR_REDIRECT] 
2025-01-26 22:28:19,936 [ERROR] LogOutputStream:75 - [STDERR_REDIRECT] [Fatal Error] :1:1: Premature end of file.
2025-01-26 22:28:19,936 [ERROR] LogOutputStream:75 - [STDERR_REDIRECT] 
2025-01-26 22:28:20,932 [ERROR] LogOutputStream:75 - [STDERR_REDIRECT] [Fatal Error] :1:1: Premature end of file.
2025-01-26 22:28:20,932 [ERROR] LogOutputStream:75 - [STDERR_REDIRECT] 
2025-01-26 22:28:21,931 [ERROR] LogOutputStream:75 - [STDERR_REDIRECT] [Fatal Error] :1:1: Premature end of file.
2025-01-26 22:28:21,931 [ERROR] LogOutputStream:75 - [STDERR_REDIRECT] 
2025-01-26 22:28:22,931 [ERROR] LogOutputStream:75 - [STDERR_REDIRECT] [Fatal Error] :1:1: Premature end of file.
2025-01-26 22:28:22,931 [ERROR] LogOutputStream:75 - [STDERR_REDIRECT] 
2025-01-26 22:28:23,930 [ERROR] LogOutputStream:75 - [STDERR_REDIRECT] [Fatal Error] :1:1: Premature end of file.
2025-01-26 22:28:23,930 [ERROR] LogOutputStream:75 - [STDERR_REDIRECT] 
2025-01-26 22:28:24,927 [ERROR] LogOutputStream:75 - [STDERR_REDIRECT] [Fatal Error] :1:1: Premature end of file.
2025-01-26 22:28:24,927 [ERROR] LogOutputStream:75 - [STDERR_REDIRECT] 
2025-01-26 22:28:25,945 [ERROR] LogOutputStream:75 - [STDERR_REDIRECT] [Fatal Error] :1:1: Premature end of file.
2025-01-26 22:28:25,945 [ERROR] LogOutputStream:75 - [STDERR_REDIRECT] 
2025-01-26 22:28:26,925 [ERROR] LogOutputStream:75 - [STDERR_REDIRECT] [Fatal Error] :1:1: Premature end of file.
2025-01-26 22:28:26,925 [ERROR] LogOutputStream:75 - [STDERR_REDIRECT] 
2025-01-26 22:28:27,941 [ERROR] LogOutputStream:75 - [STDERR_REDIRECT] [Fatal Error] :1:1: Premature end of file.
2025-01-26 22:28:27,941 [ERROR] LogOutputStream:75 - [STDERR_REDIRECT] 
2025-01-26 22:28:28,940 [ERROR] LogOutputStream:75 - [STDERR_REDIRECT] [Fatal Error] :1:1: Premature end of file.
2025-01-26 22:28:28,940 [ERROR] LogOutputStream:75 - [STDERR_REDIRECT] 
2025-01-26 22:28:29,943 [ERROR] LogOutputStream:75 - [STDERR_REDIRECT] [Fatal Error] :1:1: Premature end of file.
2025-01-26 22:28:29,943 [ERROR] LogOutputStream:75 - [STDERR_REDIRECT] 
2025-01-26 22:28:30,928 [ERROR] LogOutputStream:75 - [STDERR_REDIRECT] [Fatal Error] :1:1: Premature end of file.
2025-01-26 22:28:30,928 [ERROR] LogOutputStream:75 - [STDERR_REDIRECT] 
2025-01-26 22:28:31,936 [ERROR] LogOutputStream:75 - [STDERR_REDIRECT] [Fatal Error] :1:1: Premature end of file.
2025-01-26 22:28:31,936 [ERROR] LogOutputStream:75 - [STDERR_REDIRECT] 
2025-01-26 22:28:32,940 [ERROR] LogOutputStream:75 - [STDERR_REDIRECT] [Fatal Error] :1:1: Premature end of file.
2025-01-26 22:28:32,940 [ERROR] LogOutputStream:75 - [STDERR_REDIRECT] 
2025-01-26 22:28:33,943 [ERROR] LogOutputStream:75 - [STDERR_REDIRECT] [Fatal Error] :1:1: Premature end of file.
2025-01-26 22:28:33,943 [ERROR] LogOutputStream:75 - [STDERR_REDIRECT] 
2025-01-26 22:28:34,939 [ERROR] LogOutputStream:75 - [STDERR_REDIRECT] [Fatal Error] :1:1: Premature end of file.
2025-01-26 22:28:34,939 [ERROR] LogOutputStream:75 - [STDERR_REDIRECT] 
2025-01-26 22:28:35,931 [ERROR] LogOutputStream:75 - [STDERR_REDIRECT] [Fatal Error] :1:1: Premature end of file.
2025-01-26 22:28:35,931 [ERROR] LogOutputStream:75 - [STDERR_REDIRECT] 
2025-01-26 22:28:36,949 [ERROR] LogOutputStream:75 - [STDERR_REDIRECT] [Fatal Error] :1:1: Premature end of file.
2025-01-26 22:28:36,951 [ERROR] LogOutputStream:75 - [STDERR_REDIRECT] 
2025-01-26 22:28:37,939 [ERROR] LogOutputStream:75 - [STDERR_REDIRECT] [Fatal Error] :1:1: Premature end of file.
2025-01-26 22:28:37,939 [ERROR] LogOutputStream:75 - [STDERR_REDIRECT] 
2025-01-26 22:28:38,940 [ERROR] LogOutputStream:75 - [STDERR_REDIRECT] [Fatal Error] :1:1: Premature end of file.
2025-01-26 22:28:38,940 [ERROR] LogOutputStream:75 - [STDERR_REDIRECT] 
2025-01-26 22:28:39,940 [ERROR] LogOutputStream:75 - [STDERR_REDIRECT] [Fatal Error] :1:1: Premature end of file.
2025-01-26 22:28:39,940 [ERROR] LogOutputStream:75 - [STDERR_REDIRECT] 
2025-01-26 22:28:40,943 [ERROR] LogOutputStream:75 - [STDERR_REDIRECT] [Fatal Error] :1:1: Premature end of file.
2025-01-26 22:28:40,943 [ERROR] LogOutputStream:75 - [STDERR_REDIRECT] 
2025-01-26 22:28:41,933 [ERROR] LogOutputStream:75 - [STDERR_REDIRECT] [Fatal Error] :1:1: Premature end of file.
2025-01-26 22:28:41,933 [ERROR] LogOutputStream:75 - [STDERR_REDIRECT] 
2025-01-26 22:28:42,936 [ERROR] LogOutputStream:75 - [STDERR_REDIRECT] [Fatal Error] :1:1: Premature end of file.
2025-01-26 22:28:42,936 [ERROR] LogOutputStream:75 - [STDERR_REDIRECT] 
2025-01-26 22:28:43,928 [ERROR] LogOutputStream:75 - [STDERR_REDIRECT] [Fatal Error] :1:1: Premature end of file.
2025-01-26 22:28:43,928 [ERROR] LogOutputStream:75 - [STDERR_REDIRECT] 
2025-01-26 22:28:44,934 [ERROR] LogOutputStream:75 - [STDERR_REDIRECT] [Fatal Error] :1:1: Premature end of file.
2025-01-26 22:28:44,934 [ERROR] LogOutputStream:75 - [STDERR_REDIRECT] 
2025-01-26 22:28:45,923 [ERROR] LogOutputStream:75 - [STDERR_REDIRECT] [Fatal Error] :1:1: Premature end of file.
2025-01-26 22:28:45,925 [ERROR] LogOutputStream:75 - [STDERR_REDIRECT] 
2025-01-26 22:28:46,937 [ERROR] LogOutputStream:75 - [STDERR_REDIRECT] [Fatal Error] :1:1: Premature end of file.
2025-01-26 22:28:46,937 [ERROR] LogOutputStream:75 - [STDERR_REDIRECT] 
2025-01-26 22:28:47,926 [ERROR] LogOutputStream:75 - [STDERR_REDIRECT] [Fatal Error] :1:1: Premature end of file.
2025-01-26 22:28:47,926 [ERROR] LogOutputStream:75 - [STDERR_REDIRECT] 
2025-01-26 22:28:48,935 [ERROR] LogOutputStream:75 - [STDERR_REDIRECT] [Fatal Error] :1:1: Premature end of file.
2025-01-26 22:28:48,935 [ERROR] LogOutputStream:75 - [STDERR_REDIRECT] 
2025-01-26 22:28:49,934 [ERROR] LogOutputStream:75 - [STDERR_REDIRECT] [Fatal Error] :1:1: Premature end of file.
2025-01-26 22:28:49,934 [ERROR] LogOutputStream:75 - [STDERR_REDIRECT] 
2025-01-26 22:28:50,929 [ERROR] LogOutputStream:75 - [STDERR_REDIRECT] [Fatal Error] :1:1: Premature end of file.
2025-01-26 22:28:50,929 [ERROR] LogOutputStream:75 - [STDERR_REDIRECT] 
2025-01-26 22:28:51,939 [ERROR] LogOutputStream:75 - [STDERR_REDIRECT] [Fatal Error] :1:1: Premature end of file.
2025-01-26 22:28:51,939 [ERROR] LogOutputStream:75 - [STDERR_REDIRECT] 
2025-01-26 22:28:52,945 [ERROR] LogOutputStream:75 - [STDERR_REDIRECT] [Fatal Error] :1:1: Premature end of file.
2025-01-26 22:28:52,945 [ERROR] LogOutputStream:75 - [STDERR_REDIRECT] 
2025-01-26 22:28:53,943 [ERROR] LogOutputStream:75 - [STDERR_REDIRECT] [Fatal Error] :1:1: Premature end of file.
2025-01-26 22:28:53,943 [ERROR] LogOutputStream:75 - [STDERR_REDIRECT] 
2025-01-26 22:28:54,936 [ERROR] LogOutputStream:75 - [STDERR_REDIRECT] [Fatal Error] :1:1: Premature end of file.
2025-01-26 22:28:54,936 [ERROR] LogOutputStream:75 - [STDERR_REDIRECT] 
2025-01-26 22:28:55,937 [ERROR] LogOutputStream:75 - [STDERR_REDIRECT] [Fatal Error] :1:1: Premature end of file.
2025-01-26 22:28:55,937 [ERROR] LogOutputStream:75 - [STDERR_REDIRECT] 
2025-01-26 22:28:56,936 [ERROR] LogOutputStream:75 - [STDERR_REDIRECT] [Fatal Error] :1:1: Premature end of file.
2025-01-26 22:28:56,936 [ERROR] LogOutputStream:75 - [STDERR_REDIRECT] 
2025-01-26 22:28:57,936 [ERROR] LogOutputStream:75 - [STDERR_REDIRECT] [Fatal Error] :1:1: Premature end of file.
2025-01-26 22:28:57,938 [ERROR] LogOutputStream:75 - [STDERR_REDIRECT] 
2025-01-26 22:28:58,934 [ERROR] LogOutputStream:75 - [STDERR_REDIRECT] [Fatal Error] :1:1: Premature end of file.
2025-01-26 22:28:58,934 [ERROR] LogOutputStream:75 - [STDERR_REDIRECT] 
2025-01-26 22:28:59,938 [ERROR] LogOutputStream:75 - [STDERR_REDIRECT] [Fatal Error] :1:1: Premature end of file.
2025-01-26 22:28:59,938 [ERROR] LogOutputStream:75 - [STDERR_REDIRECT] 
2025-01-26 22:29:00,934 [ERROR] LogOutputStream:75 - [STDERR_REDIRECT] [Fatal Error] :1:1: Premature end of file.
2025-01-26 22:29:00,934 [ERROR] LogOutputStream:75 - [STDERR_REDIRECT] 
2025-01-26 22:29:01,937 [ERROR] LogOutputStream:75 - [STDERR_REDIRECT] [Fatal Error] :1:1: Premature end of file.
2025-01-26 22:29:01,937 [ERROR] LogOutputStream:75 - [STDERR_REDIRECT] 
2025-01-26 22:29:02,945 [ERROR] LogOutputStream:75 - [STDERR_REDIRECT] [Fatal Error] :1:1: Premature end of file.
2025-01-26 22:29:02,945 [ERROR] LogOutputStream:75 - [STDERR_REDIRECT] 
2025-01-26 22:29:03,933 [ERROR] LogOutputStream:75 - [STDERR_REDIRECT] [Fatal Error] :1:1: Premature end of file.
2025-01-26 22:29:03,934 [ERROR] LogOutputStream:75 - [STDERR_REDIRECT] 
2025-01-26 22:29:04,934 [ERROR] LogOutputStream:75 - [STDERR_REDIRECT] [Fatal Error] :1:1: Premature end of file.
2025-01-26 22:29:04,934 [ERROR] LogOutputStream:75 - [STDERR_REDIRECT] 
2025-01-26 22:29:05,918 [ERROR] LogOutputStream:75 - [STDERR_REDIRECT] [Fatal Error] :1:1: Premature end of file.
2025-01-26 22:29:05,918 [ERROR] LogOutputStream:75 - [STDERR_REDIRECT] 
2025-01-26 22:29:06,923 [ERROR] LogOutputStream:75 - [STDERR_REDIRECT] [Fatal Error] :1:1: Premature end of file.
2025-01-26 22:29:06,923 [ERROR] LogOutputStream:75 - [STDERR_REDIRECT] 
2025-01-26 22:29:07,936 [ERROR] LogOutputStream:75 - [STDERR_REDIRECT] [Fatal Error] :1:1: Premature end of file.
2025-01-26 22:29:07,936 [ERROR] LogOutputStream:75 - [STDERR_REDIRECT] 
2025-01-26 22:29:08,932 [ERROR] LogOutputStream:75 - [STDERR_REDIRECT] [Fatal Error] :1:1: Premature end of file.
2025-01-26 22:29:08,932 [ERROR] LogOutputStream:75 - [STDERR_REDIRECT] 
2025-01-26 22:29:09,933 [ERROR] LogOutputStream:75 - [STDERR_REDIRECT] [Fatal Error] :1:1: Premature end of file.
2025-01-26 22:29:09,933 [ERROR] LogOutputStream:75 - [STDERR_REDIRECT] 
2025-01-26 22:29:10,934 [ERROR] LogOutputStream:75 - [STDERR_REDIRECT] [Fatal Error] :1:1: Premature end of file.
2025-01-26 22:29:10,936 [ERROR] LogOutputStream:75 - [STDERR_REDIRECT] 
2025-01-26 22:29:11,922 [ERROR] LogOutputStream:75 - [STDERR_REDIRECT] [Fatal Error] :1:1: Premature end of file.
2025-01-26 22:29:11,922 [ERROR] LogOutputStream:75 - [STDERR_REDIRECT] 
2025-01-26 22:29:12,920 [ERROR] LogOutputStream:75 - [STDERR_REDIRECT] [Fatal Error] :1:1: Premature end of file.
2025-01-26 22:29:12,920 [ERROR] LogOutputStream:75 - [STDERR_REDIRECT] 
2025-01-26 22:29:13,936 [ERROR] LogOutputStream:75 - [STDERR_REDIRECT] [Fatal Error] :1:1: Premature end of file.
2025-01-26 22:29:13,938 [ERROR] LogOutputStream:75 - [STDERR_REDIRECT] 
2025-01-26 22:29:14,937 [ERROR] LogOutputStream:75 - [STDERR_REDIRECT] [Fatal Error] :1:1: Premature end of file.
2025-01-26 22:29:14,937 [ERROR] LogOutputStream:75 - [STDERR_REDIRECT] 
2025-01-26 22:29:15,937 [ERROR] LogOutputStream:75 - [STDERR_REDIRECT] [Fatal Error] :1:1: Premature end of file.
2025-01-26 22:29:15,937 [ERROR] LogOutputStream:75 - [STDERR_REDIRECT] 
2025-01-26 22:29:16,931 [ERROR] LogOutputStream:75 - [STDERR_REDIRECT] [Fatal Error] :1:1: Premature end of file.
2025-01-26 22:29:16,933 [ERROR] LogOutputStream:75 - [STDERR_REDIRECT] 
2025-01-26 22:29:17,942 [ERROR] LogOutputStream:75 - [STDERR_REDIRECT] [Fatal Error] :1:1: Premature end of file.
2025-01-26 22:29:17,942 [ERROR] LogOutputStream:75 - [STDERR_REDIRECT] 
2025-01-26 22:29:18,917 [ERROR] LogOutputStream:75 - [STDERR_REDIRECT] [Fatal Error] :1:1: Premature end of file.
2025-01-26 22:29:18,918 [ERROR] LogOutputStream:75 - [STDERR_REDIRECT] 
2025-01-26 22:29:19,937 [ERROR] LogOutputStream:75 - [STDERR_REDIRECT] [Fatal Error] :1:1: Premature end of file.
2025-01-26 22:29:19,939 [ERROR] LogOutputStream:75 - [STDERR_REDIRECT] 
2025-01-26 22:29:20,930 [ERROR] LogOutputStream:75 - [STDERR_REDIRECT] [Fatal Error] :1:1: Premature end of file.
2025-01-26 22:29:20,930 [ERROR] LogOutputStream:75 - [STDERR_REDIRECT] 
2025-01-26 22:29:21,939 [ERROR] LogOutputStream:75 - [STDERR_REDIRECT] [Fatal Error] :1:1: Premature end of file.
2025-01-26 22:29:21,939 [ERROR] LogOutputStream:75 - [STDERR_REDIRECT] 
2025-01-26 22:29:22,932 [ERROR] LogOutputStream:75 - [STDERR_REDIRECT] [Fatal Error] :1:1: Premature end of file.
2025-01-26 22:29:22,932 [ERROR] LogOutputStream:75 - [STDERR_REDIRECT] 
2025-01-26 22:29:23,926 [ERROR] LogOutputStream:75 - [STDERR_REDIRECT] [Fatal Error] :1:1: Premature end of file.
2025-01-26 22:29:23,926 [ERROR] LogOutputStream:75 - [STDERR_REDIRECT] 
2025-01-26 22:29:24,937 [ERROR] LogOutputStream:75 - [STDERR_REDIRECT] [Fatal Error] :1:1: Premature end of file.
2025-01-26 22:29:24,937 [ERROR] LogOutputStream:75 - [STDERR_REDIRECT] 
2025-01-26 22:29:25,938 [ERROR] LogOutputStream:75 - [STDERR_REDIRECT] [Fatal Error] :1:1: Premature end of file.
2025-01-26 22:29:25,938 [ERROR] LogOutputStream:75 - [STDERR_REDIRECT] 
2025-01-26 22:29:26,929 [ERROR] LogOutputStream:75 - [STDERR_REDIRECT] [Fatal Error] :1:1: Premature end of file.
2025-01-26 22:29:26,929 [ERROR] LogOutputStream:75 - [STDERR_REDIRECT] 
2025-01-26 22:29:27,923 [ERROR] LogOutputStream:75 - [STDERR_REDIRECT] [Fatal Error] :1:1: Premature end of file.
2025-01-26 22:29:27,923 [ERROR] LogOutputStream:75 - [STDERR_REDIRECT] 
2025-01-26 22:29:28,916 [ERROR] LogOutputStream:75 - [STDERR_REDIRECT] [Fatal Error] :1:1: Premature end of file.
2025-01-26 22:29:28,916 [ERROR] LogOutputStream:75 - [STDERR_REDIRECT] 
2025-01-26 22:29:29,946 [ERROR] LogOutputStream:75 - [STDERR_REDIRECT] [Fatal Error] :1:1: Premature end of file.
2025-01-26 22:29:29,946 [ERROR] LogOutputStream:75 - [STDERR_REDIRECT] 
2025-01-26 22:29:30,926 [ERROR] LogOutputStream:75 - [STDERR_REDIRECT] [Fatal Error] :1:1: Premature end of file.
2025-01-26 22:29:30,926 [ERROR] LogOutputStream:75 - [STDERR_REDIRECT] 
2025-01-26 22:29:31,932 [ERROR] LogOutputStream:75 - [STDERR_REDIRECT] [Fatal Error] :1:1: Premature end of file.
2025-01-26 22:29:31,932 [ERROR] LogOutputStream:75 - [STDERR_REDIRECT] 
2025-01-26 22:29:32,937 [ERROR] LogOutputStream:75 - [STDERR_REDIRECT] [Fatal Error] :1:1: Premature end of file.
2025-01-26 22:29:32,937 [ERROR] LogOutputStream:75 - [STDERR_REDIRECT] 
2025-01-26 22:29:33,935 [ERROR] LogOutputStream:75 - [STDERR_REDIRECT] [Fatal Error] :1:1: Premature end of file.
2025-01-26 22:29:33,935 [ERROR] LogOutputStream:75 - [STDERR_REDIRECT] 
2025-01-26 22:29:34,939 [ERROR] LogOutputStream:75 - [STDERR_REDIRECT] [Fatal Error] :1:1: Premature end of file.
2025-01-26 22:29:34,939 [ERROR] LogOutputStream:75 - [STDERR_REDIRECT] 
2025-01-26 22:29:35,944 [ERROR] LogOutputStream:75 - [STDERR_REDIRECT] [Fatal Error] :1:1: Premature end of file.
2025-01-26 22:29:35,945 [ERROR] LogOutputStream:75 - [STDERR_REDIRECT] 
2025-01-26 22:29:36,927 [ERROR] LogOutputStream:75 - [STDERR_REDIRECT] [Fatal Error] :1:1: Premature end of file.
2025-01-26 22:29:36,927 [ERROR] LogOutputStream:75 - [STDERR_REDIRECT] 
2025-01-26 22:29:37,921 [ERROR] LogOutputStream:75 - [STDERR_REDIRECT] [Fatal Error] :1:1: Premature end of file.
2025-01-26 22:29:37,923 [ERROR] LogOutputStream:75 - [STDERR_REDIRECT] 
2025-01-26 22:29:38,930 [ERROR] LogOutputStream:75 - [STDERR_REDIRECT] [Fatal Error] :1:1: Premature end of file.
2025-01-26 22:29:38,930 [ERROR] LogOutputStream:75 - [STDERR_REDIRECT] 
2025-01-26 22:29:39,932 [ERROR] LogOutputStream:75 - [STDERR_REDIRECT] [Fatal Error] :1:1: Premature end of file.
2025-01-26 22:29:39,932 [ERROR] LogOutputStream:75 - [STDERR_REDIRECT] 
2025-01-26 22:29:40,944 [ERROR] LogOutputStream:75 - [STDERR_REDIRECT] [Fatal Error] :1:1: Premature end of file.
2025-01-26 22:29:40,944 [ERROR] LogOutputStream:75 - [STDERR_REDIRECT] 
2025-01-26 22:29:41,920 [ERROR] LogOutputStream:75 - [STDERR_REDIRECT] [Fatal Error] :1:1: Premature end of file.
2025-01-26 22:29:41,920 [ERROR] LogOutputStream:75 - [STDERR_REDIRECT] 
2025-01-26 22:29:42,931 [ERROR] LogOutputStream:75 - [STDERR_REDIRECT] [Fatal Error] :1:1: Premature end of file.
2025-01-26 22:29:42,931 [ERROR] LogOutputStream:75 - [STDERR_REDIRECT] 
2025-01-26 22:29:43,936 [ERROR] LogOutputStream:75 - [STDERR_REDIRECT] [Fatal Error] :1:1: Premature end of file.
2025-01-26 22:29:43,936 [ERROR] LogOutputStream:75 - [STDERR_REDIRECT] 
2025-01-26 22:29:44,927 [ERROR] LogOutputStream:75 - [STDERR_REDIRECT] [Fatal Error] :1:1: Premature end of file.
2025-01-26 22:29:44,927 [ERROR] LogOutputStream:75 - [STDERR_REDIRECT] 
2025-01-26 22:29:45,939 [ERROR] LogOutputStream:75 - [STDERR_REDIRECT] [Fatal Error] :1:1: Premature end of file.
2025-01-26 22:29:45,939 [ERROR] LogOutputStream:75 - [STDERR_REDIRECT] 
2025-01-26 22:29:46,952 [ERROR] LogOutputStream:75 - [STDERR_REDIRECT] [Fatal Error] :1:1: Premature end of file.
2025-01-26 22:29:46,952 [ERROR] LogOutputStream:75 - [STDERR_REDIRECT] 
2025-01-26 22:29:47,924 [ERROR] LogOutputStream:75 - [STDERR_REDIRECT] [Fatal Error] :1:1: Premature end of file.
2025-01-26 22:29:47,924 [ERROR] LogOutputStream:75 - [STDERR_REDIRECT] 
2025-01-26 22:29:48,926 [ERROR] LogOutputStream:75 - [STDERR_REDIRECT] [Fatal Error] :1:1: Premature end of file.
2025-01-26 22:29:48,926 [ERROR] LogOutputStream:75 - [STDERR_REDIRECT] 
2025-01-26 22:29:49,934 [ERROR] LogOutputStream:75 - [STDERR_REDIRECT] [Fatal Error] :1:1: Premature end of file.
2025-01-26 22:29:49,934 [ERROR] LogOutputStream:75 - [STDERR_REDIRECT] 
2025-01-26 22:29:50,919 [ERROR] LogOutputStream:75 - [STDERR_REDIRECT] [Fatal Error] :1:1: Premature end of file.
2025-01-26 22:29:50,919 [ERROR] LogOutputStream:75 - [STDERR_REDIRECT] 
2025-01-26 22:29:51,931 [ERROR] LogOutputStream:75 - [STDERR_REDIRECT] [Fatal Error] :1:1: Premature end of file.
2025-01-26 22:29:51,933 [ERROR] LogOutputStream:75 - [STDERR_REDIRECT] 
2025-01-26 22:29:52,939 [ERROR] LogOutputStream:75 - [STDERR_REDIRECT] [Fatal Error] :1:1: Premature end of file.
2025-01-26 22:29:52,939 [ERROR] LogOutputStream:75 - [STDERR_REDIRECT] 
2025-01-26 22:29:53,937 [ERROR] LogOutputStream:75 - [STDERR_REDIRECT] [Fatal Error] :1:1: Premature end of file.
2025-01-26 22:29:53,937 [ERROR] LogOutputStream:75 - [STDERR_REDIRECT] 
2025-01-26 22:29:54,938 [ERROR] LogOutputStream:75 - [STDERR_REDIRECT] [Fatal Error] :1:1: Premature end of file.
2025-01-26 22:29:54,940 [ERROR] LogOutputStream:75 - [STDERR_REDIRECT] 
2025-01-26 22:29:55,933 [ERROR] LogOutputStream:75 - [STDERR_REDIRECT] [Fatal Error] :1:1: Premature end of file.
2025-01-26 22:29:55,933 [ERROR] LogOutputStream:75 - [STDERR_REDIRECT] 
2025-01-26 22:29:56,923 [ERROR] LogOutputStream:75 - [STDERR_REDIRECT] [Fatal Error] :1:1: Premature end of file.
2025-01-26 22:29:56,923 [ERROR] LogOutputStream:75 - [STDERR_REDIRECT] 
2025-01-26 22:29:57,913 [ERROR] LogOutputStream:75 - [STDERR_REDIRECT] [Fatal Error] :1:1: Premature end of file.
2025-01-26 22:29:57,913 [ERROR] LogOutputStream:75 - [STDERR_REDIRECT] 
2025-01-26 22:29:58,944 [ERROR] LogOutputStream:75 - [STDERR_REDIRECT] [Fatal Error] :1:1: Premature end of file.
2025-01-26 22:29:58,944 [ERROR] LogOutputStream:75 - [STDERR_REDIRECT] 
2025-01-26 22:29:59,937 [ERROR] LogOutputStream:75 - [STDERR_REDIRECT] [Fatal Error] :1:1: Premature end of file.
2025-01-26 22:29:59,937 [ERROR] LogOutputStream:75 - [STDERR_REDIRECT] 
2025-01-26 22:30:00,926 [ERROR] LogOutputStream:75 - [STDERR_REDIRECT] [Fatal Error] :1:1: Premature end of file.
2025-01-26 22:30:00,928 [ERROR] LogOutputStream:75 - [STDERR_REDIRECT] 
2025-01-26 22:30:01,931 [ERROR] LogOutputStream:75 - [STDERR_REDIRECT] [Fatal Error] :1:1: Premature end of file.
2025-01-26 22:30:01,932 [ERROR] LogOutputStream:75 - [STDERR_REDIRECT] 
2025-01-26 22:30:02,942 [ERROR] LogOutputStream:75 - [STDERR_REDIRECT] [Fatal Error] :1:1: Premature end of file.
2025-01-26 22:30:02,942 [ERROR] LogOutputStream:75 - [STDERR_REDIRECT] 
2025-01-26 22:30:03,928 [ERROR] LogOutputStream:75 - [STDERR_REDIRECT] [Fatal Error] :1:1: Premature end of file.
2025-01-26 22:30:03,928 [ERROR] LogOutputStream:75 - [STDERR_REDIRECT] 
2025-01-26 22:30:04,935 [ERROR] LogOutputStream:75 - [STDERR_REDIRECT] [Fatal Error] :1:1: Premature end of file.
2025-01-26 22:30:04,935 [ERROR] LogOutputStream:75 - [STDERR_REDIRECT] 
2025-01-26 22:30:05,939 [ERROR] LogOutputStream:75 - [STDERR_REDIRECT] [Fatal Error] :1:1: Premature end of file.
2025-01-26 22:30:05,939 [ERROR] LogOutputStream:75 - [STDERR_REDIRECT] 
2025-01-26 22:30:06,930 [ERROR] LogOutputStream:75 - [STDERR_REDIRECT] [Fatal Error] :1:1: Premature end of file.
2025-01-26 22:30:06,930 [ERROR] LogOutputStream:75 - [STDERR_REDIRECT] 
2025-01-26 22:30:07,935 [ERROR] LogOutputStream:75 - [STDERR_REDIRECT] [Fatal Error] :1:1: Premature end of file.
2025-01-26 22:30:07,935 [ERROR] LogOutputStream:75 - [STDERR_REDIRECT] 
2025-01-26 22:30:08,931 [ERROR] LogOutputStream:75 - [STDERR_REDIRECT] [Fatal Error] :1:1: Premature end of file.
2025-01-26 22:30:08,931 [ERROR] LogOutputStream:75 - [STDERR_REDIRECT] 
2025-01-26 22:30:09,933 [ERROR] LogOutputStream:75 - [STDERR_REDIRECT] [Fatal Error] :1:1: Premature end of file.
2025-01-26 22:30:09,933 [ERROR] LogOutputStream:75 - [STDERR_REDIRECT] 
2025-01-26 22:30:10,949 [ERROR] LogOutputStream:75 - [STDERR_REDIRECT] [Fatal Error] :1:1: Premature end of file.
2025-01-26 22:30:10,949 [ERROR] LogOutputStream:75 - [STDERR_REDIRECT] 
2025-01-26 22:30:11,922 [ERROR] LogOutputStream:75 - [STDERR_REDIRECT] [Fatal Error] :1:1: Premature end of file.
2025-01-26 22:30:11,924 [ERROR] LogOutputStream:75 - [STDERR_REDIRECT] 
2025-01-26 22:30:12,922 [ERROR] LogOutputStream:75 - [STDERR_REDIRECT] [Fatal Error] :1:1: Premature end of file.
2025-01-26 22:30:12,922 [ERROR] LogOutputStream:75 - [STDERR_REDIRECT] 
2025-01-26 22:30:13,924 [ERROR] LogOutputStream:75 - [STDERR_REDIRECT] [Fatal Error] :1:1: Premature end of file.
2025-01-26 22:30:13,924 [ERROR] LogOutputStream:75 - [STDERR_REDIRECT] 
2025-01-26 22:30:14,917 [ERROR] LogOutputStream:75 - [STDERR_REDIRECT] [Fatal Error] :1:1: Premature end of file.
2025-01-26 22:30:14,919 [ERROR] LogOutputStream:75 - [STDERR_REDIRECT] 
2025-01-26 22:30:15,927 [ERROR] LogOutputStream:75 - [STDERR_REDIRECT] [Fatal Error] :1:1: Premature end of file.
2025-01-26 22:30:15,927 [ERROR] LogOutputStream:75 - [STDERR_REDIRECT] 
2025-01-26 22:30:16,919 [ERROR] LogOutputStream:75 - [STDERR_REDIRECT] [Fatal Error] :1:1: Premature end of file.
2025-01-26 22:30:16,919 [ERROR] LogOutputStream:75 - [STDERR_REDIRECT] 
2025-01-26 22:30:17,946 [ERROR] LogOutputStream:75 - [STDERR_REDIRECT] [Fatal Error] :1:1: Premature end of file.
2025-01-26 22:30:17,946 [ERROR] LogOutputStream:75 - [STDERR_REDIRECT] 
2025-01-26 22:30:18,921 [ERROR] LogOutputStream:75 - [STDERR_REDIRECT] [Fatal Error] :1:1: Premature end of file.
2025-01-26 22:30:18,922 [ERROR] LogOutputStream:75 - [STDERR_REDIRECT] 
2025-01-26 22:30:19,918 [ERROR] LogOutputStream:75 - [STDERR_REDIRECT] [Fatal Error] :1:1: Premature end of file.
2025-01-26 22:30:19,918 [ERROR] LogOutputStream:75 - [STDERR_REDIRECT] 
2025-01-26 22:30:20,934 [ERROR] LogOutputStream:75 - [STDERR_REDIRECT] [Fatal Error] :1:1: Premature end of file.
2025-01-26 22:30:20,934 [ERROR] LogOutputStream:75 - [STDERR_REDIRECT] 
2025-01-26 22:30:21,928 [ERROR] LogOutputStream:75 - [STDERR_REDIRECT] [Fatal Error] :1:1: Premature end of file.
2025-01-26 22:30:21,928 [ERROR] LogOutputStream:75 - [STDERR_REDIRECT] 
2025-01-26 22:30:22,926 [ERROR] LogOutputStream:75 - [STDERR_REDIRECT] [Fatal Error] :1:1: Premature end of file.
2025-01-26 22:30:22,926 [ERROR] LogOutputStream:75 - [STDERR_REDIRECT] 
2025-01-26 22:30:23,923 [ERROR] LogOutputStream:75 - [STDERR_REDIRECT] [Fatal Error] :1:1: Premature end of file.
2025-01-26 22:30:23,923 [ERROR] LogOutputStream:75 - [STDERR_REDIRECT] 
2025-01-26 22:30:24,945 [ERROR] LogOutputStream:75 - [STDERR_REDIRECT] [Fatal Error] :1:1: Premature end of file.
2025-01-26 22:30:24,945 [ERROR] LogOutputStream:75 - [STDERR_REDIRECT] 
2025-01-26 22:30:25,928 [ERROR] LogOutputStream:75 - [STDERR_REDIRECT] [Fatal Error] :1:1: Premature end of file.
2025-01-26 22:30:25,928 [ERROR] LogOutputStream:75 - [STDERR_REDIRECT] 
2025-01-26 22:30:26,940 [ERROR] LogOutputStream:75 - [STDERR_REDIRECT] [Fatal Error] :1:1: Premature end of file.
2025-01-26 22:30:26,940 [ERROR] LogOutputStream:75 - [STDERR_REDIRECT] 
2025-01-26 22:30:27,917 [ERROR] LogOutputStream:75 - [STDERR_REDIRECT] [Fatal Error] :1:1: Premature end of file.
2025-01-26 22:30:27,917 [ERROR] LogOutputStream:75 - [STDERR_REDIRECT] 
2025-01-26 22:30:28,933 [ERROR] LogOutputStream:75 - [STDERR_REDIRECT] [Fatal Error] :1:1: Premature end of file.
2025-01-26 22:30:28,933 [ERROR] LogOutputStream:75 - [STDERR_REDIRECT] 
2025-01-26 22:30:29,921 [ERROR] LogOutputStream:75 - [STDERR_REDIRECT] [Fatal Error] :1:1: Premature end of file.
2025-01-26 22:30:29,921 [ERROR] LogOutputStream:75 - [STDERR_REDIRECT] 
2025-01-26 22:30:30,924 [ERROR] LogOutputStream:75 - [STDERR_REDIRECT] [Fatal Error] :1:1: Premature end of file.
2025-01-26 22:30:30,925 [ERROR] LogOutputStream:75 - [STDERR_REDIRECT] 
2025-01-26 22:30:31,922 [ERROR] LogOutputStream:75 - [STDERR_REDIRECT] [Fatal Error] :1:1: Premature end of file.
2025-01-26 22:30:31,924 [ERROR] LogOutputStream:75 - [STDERR_REDIRECT] 
2025-01-26 22:30:32,930 [ERROR] LogOutputStream:75 - [STDERR_REDIRECT] [Fatal Error] :1:1: Premature end of file.
2025-01-26 22:30:32,930 [ERROR] LogOutputStream:75 - [STDERR_REDIRECT] 
2025-01-26 22:30:33,917 [ERROR] LogOutputStream:75 - [STDERR_REDIRECT] [Fatal Error] :1:1: Premature end of file.
2025-01-26 22:30:33,917 [ERROR] LogOutputStream:75 - [STDERR_REDIRECT] 
2025-01-26 22:30:34,938 [ERROR] LogOutputStream:75 - [STDERR_REDIRECT] [Fatal Error] :1:1: Premature end of file.
2025-01-26 22:30:34,938 [ERROR] LogOutputStream:75 - [STDERR_REDIRECT] 
2025-01-26 22:30:35,941 [ERROR] LogOutputStream:75 - [STDERR_REDIRECT] [Fatal Error] :1:1: Premature end of file.
2025-01-26 22:30:35,941 [ERROR] LogOutputStream:75 - [STDERR_REDIRECT] 
2025-01-26 22:30:36,938 [ERROR] LogOutputStream:75 - [STDERR_REDIRECT] [Fatal Error] :1:1: Premature end of file.
2025-01-26 22:30:36,938 [ERROR] LogOutputStream:75 - [STDERR_REDIRECT] 
2025-01-26 22:30:37,924 [ERROR] LogOutputStream:75 - [STDERR_REDIRECT] [Fatal Error] :1:1: Premature end of file.
2025-01-26 22:30:37,924 [ERROR] LogOutputStream:75 - [STDERR_REDIRECT] 
2025-01-26 22:30:38,924 [ERROR] LogOutputStream:75 - [STDERR_REDIRECT] [Fatal Error] :1:1: Premature end of file.
2025-01-26 22:30:38,924 [ERROR] LogOutputStream:75 - [STDERR_REDIRECT] 
2025-01-26 22:30:39,938 [ERROR] LogOutputStream:75 - [STDERR_REDIRECT] [Fatal Error] :1:1: Premature end of file.
2025-01-26 22:30:39,938 [ERROR] LogOutputStream:75 - [STDERR_REDIRECT] 
2025-01-26 22:30:40,942 [ERROR] LogOutputStream:75 - [STDERR_REDIRECT] [Fatal Error] :1:1: Premature end of file.
2025-01-26 22:30:40,942 [ERROR] LogOutputStream:75 - [STDERR_REDIRECT] 
2025-01-26 22:30:41,917 [ERROR] LogOutputStream:75 - [STDERR_REDIRECT] [Fatal Error] :1:1: Premature end of file.
2025-01-26 22:30:41,917 [ERROR] LogOutputStream:75 - [STDERR_REDIRECT] 
2025-01-26 22:30:42,939 [ERROR] LogOutputStream:75 - [STDERR_REDIRECT] [Fatal Error] :1:1: Premature end of file.
2025-01-26 22:30:42,939 [ERROR] LogOutputStream:75 - [STDERR_REDIRECT] 
2025-01-26 22:30:43,919 [ERROR] LogOutputStream:75 - [STDERR_REDIRECT] [Fatal Error] :1:1: Premature end of file.
2025-01-26 22:30:43,919 [ERROR] LogOutputStream:75 - [STDERR_REDIRECT] 
2025-01-26 22:30:44,921 [ERROR] LogOutputStream:75 - [STDERR_REDIRECT] [Fatal Error] :1:1: Premature end of file.
2025-01-26 22:30:44,921 [ERROR] LogOutputStream:75 - [STDERR_REDIRECT] 
2025-01-26 22:30:45,925 [ERROR] LogOutputStream:75 - [STDERR_REDIRECT] [Fatal Error] :1:1: Premature end of file.
2025-01-26 22:30:45,925 [ERROR] LogOutputStream:75 - [STDERR_REDIRECT] 
2025-01-26 22:30:46,919 [ERROR] LogOutputStream:75 - [STDERR_REDIRECT] [Fatal Error] :1:1: Premature end of file.
2025-01-26 22:30:46,919 [ERROR] LogOutputStream:75 - [STDERR_REDIRECT] 
2025-01-26 22:30:47,929 [ERROR] LogOutputStream:75 - [STDERR_REDIRECT] [Fatal Error] :1:1: Premature end of file.
2025-01-26 22:30:47,929 [ERROR] LogOutputStream:75 - [STDERR_REDIRECT] 
2025-01-26 22:30:48,917 [ERROR] LogOutputStream:75 - [STDERR_REDIRECT] [Fatal Error] :1:1: Premature end of file.
2025-01-26 22:30:48,917 [ERROR] LogOutputStream:75 - [STDERR_REDIRECT] 
2025-01-26 22:30:49,923 [ERROR] LogOutputStream:75 - [STDERR_REDIRECT] [Fatal Error] :1:1: Premature end of file.
2025-01-26 22:30:49,923 [ERROR] LogOutputStream:75 - [STDERR_REDIRECT] 
2025-01-26 22:30:50,918 [ERROR] LogOutputStream:75 - [STDERR_REDIRECT] [Fatal Error] :1:1: Premature end of file.
2025-01-26 22:30:50,918 [ERROR] LogOutputStream:75 - [STDERR_REDIRECT] 
2025-01-26 22:30:51,933 [ERROR] LogOutputStream:75 - [STDERR_REDIRECT] [Fatal Error] :1:1: Premature end of file.
2025-01-26 22:30:51,933 [ERROR] LogOutputStream:75 - [STDERR_REDIRECT] 
2025-01-26 22:30:52,915 [ERROR] LogOutputStream:75 - [STDERR_REDIRECT] [Fatal Error] :1:1: Premature end of file.
2025-01-26 22:30:52,916 [ERROR] LogOutputStream:75 - [STDERR_REDIRECT] 
2025-01-26 22:30:53,927 [ERROR] LogOutputStream:75 - [STDERR_REDIRECT] [Fatal Error] :1:1: Premature end of file.
2025-01-26 22:30:53,928 [ERROR] LogOutputStream:75 - [STDERR_REDIRECT] 
2025-01-26 22:30:54,921 [ERROR] LogOutputStream:75 - [STDERR_REDIRECT] [Fatal Error] :1:1: Premature end of file.
2025-01-26 22:30:54,923 [ERROR] LogOutputStream:75 - [STDERR_REDIRECT] 
2025-01-26 22:30:55,917 [ERROR] LogOutputStream:75 - [STDERR_REDIRECT] [Fatal Error] :1:1: Premature end of file.
2025-01-26 22:30:55,917 [ERROR] LogOutputStream:75 - [STDERR_REDIRECT] 
2025-01-26 22:30:56,928 [ERROR] LogOutputStream:75 - [STDERR_REDIRECT] [Fatal Error] :1:1: Premature end of file.
2025-01-26 22:30:56,928 [ERROR] LogOutputStream:75 - [STDERR_REDIRECT] 
2025-01-26 22:30:57,927 [ERROR] LogOutputStream:75 - [STDERR_REDIRECT] [Fatal Error] :1:1: Premature end of file.
2025-01-26 22:30:57,927 [ERROR] LogOutputStream:75 - [STDERR_REDIRECT] 
2025-01-26 22:30:58,926 [ERROR] LogOutputStream:75 - [STDERR_REDIRECT] [Fatal Error] :1:1: Premature end of file.
2025-01-26 22:30:58,927 [ERROR] LogOutputStream:75 - [STDERR_REDIRECT] 
2025-01-26 22:30:59,935 [ERROR] LogOutputStream:75 - [STDERR_REDIRECT] [Fatal Error] :1:1: Premature end of file.
2025-01-26 22:30:59,935 [ERROR] LogOutputStream:75 - [STDERR_REDIRECT] 
2025-01-26 22:31:00,921 [ERROR] LogOutputStream:75 - [STDERR_REDIRECT] [Fatal Error] :1:1: Premature end of file.
2025-01-26 22:31:00,921 [ERROR] LogOutputStream:75 - [STDERR_REDIRECT] 
2025-01-26 22:31:01,924 [ERROR] LogOutputStream:75 - [STDERR_REDIRECT] [Fatal Error] :1:1: Premature end of file.
2025-01-26 22:31:01,924 [ERROR] LogOutputStream:75 - [STDERR_REDIRECT] 
2025-01-26 22:31:02,936 [ERROR] LogOutputStream:75 - [STDERR_REDIRECT] [Fatal Error] :1:1: Premature end of file.
2025-01-26 22:31:02,936 [ERROR] LogOutputStream:75 - [STDERR_REDIRECT] 
2025-01-26 22:31:03,941 [ERROR] LogOutputStream:75 - [STDERR_REDIRECT] [Fatal Error] :1:1: Premature end of file.
2025-01-26 22:31:03,941 [ERROR] LogOutputStream:75 - [STDERR_REDIRECT] 
2025-01-26 22:31:04,924 [ERROR] LogOutputStream:75 - [STDERR_REDIRECT] [Fatal Error] :1:1: Premature end of file.
2025-01-26 22:31:04,924 [ERROR] LogOutputStream:75 - [STDERR_REDIRECT] 
2025-01-26 22:31:05,916 [ERROR] LogOutputStream:75 - [STDERR_REDIRECT] [Fatal Error] :1:1: Premature end of file.
2025-01-26 22:31:05,916 [ERROR] LogOutputStream:75 - [STDERR_REDIRECT] 
2025-01-26 22:31:06,942 [ERROR] LogOutputStream:75 - [STDERR_REDIRECT] [Fatal Error] :1:1: Premature end of file.
2025-01-26 22:31:06,943 [ERROR] LogOutputStream:75 - [STDERR_REDIRECT] 
2025-01-26 22:31:07,922 [ERROR] LogOutputStream:75 - [STDERR_REDIRECT] [Fatal Error] :1:1: Premature end of file.
2025-01-26 22:31:07,922 [ERROR] LogOutputStream:75 - [STDERR_REDIRECT] 
2025-01-26 22:31:08,916 [ERROR] LogOutputStream:75 - [STDERR_REDIRECT] [Fatal Error] :1:1: Premature end of file.
2025-01-26 22:31:08,916 [ERROR] LogOutputStream:75 - [STDERR_REDIRECT] 
2025-01-26 22:31:09,918 [ERROR] LogOutputStream:75 - [STDERR_REDIRECT] [Fatal Error] :1:1: Premature end of file.
2025-01-26 22:31:09,918 [ERROR] LogOutputStream:75 - [STDERR_REDIRECT] 
2025-01-26 22:31:10,922 [ERROR] LogOutputStream:75 - [STDERR_REDIRECT] [Fatal Error] :1:1: Premature end of file.
2025-01-26 22:31:10,922 [ERROR] LogOutputStream:75 - [STDERR_REDIRECT] 
2025-01-26 22:31:11,933 [ERROR] LogOutputStream:75 - [STDERR_REDIRECT] [Fatal Error] :1:1: Premature end of file.
2025-01-26 22:31:11,933 [ERROR] LogOutputStream:75 - [STDERR_REDIRECT] 
2025-01-26 22:31:12,934 [ERROR] LogOutputStream:75 - [STDERR_REDIRECT] [Fatal Error] :1:1: Premature end of file.
2025-01-26 22:31:12,934 [ERROR] LogOutputStream:75 - [STDERR_REDIRECT] 
2025-01-26 22:31:13,930 [ERROR] LogOutputStream:75 - [STDERR_REDIRECT] [Fatal Error] :1:1: Premature end of file.
2025-01-26 22:31:13,930 [ERROR] LogOutputStream:75 - [STDERR_REDIRECT] 
2025-01-26 22:31:14,927 [ERROR] LogOutputStream:75 - [STDERR_REDIRECT] [Fatal Error] :1:1: Premature end of file.
2025-01-26 22:31:14,927 [ERROR] LogOutputStream:75 - [STDERR_REDIRECT] 
2025-01-26 22:31:15,928 [ERROR] LogOutputStream:75 - [STDERR_REDIRECT] [Fatal Error] :1:1: Premature end of file.
2025-01-26 22:31:15,928 [ERROR] LogOutputStream:75 - [STDERR_REDIRECT] 
2025-01-26 22:31:16,923 [ERROR] LogOutputStream:75 - [STDERR_REDIRECT] [Fatal Error] :1:1: Premature end of file.
2025-01-26 22:31:16,923 [ERROR] LogOutputStream:75 - [STDERR_REDIRECT] 
2025-01-26 22:31:17,933 [ERROR] LogOutputStream:75 - [STDERR_REDIRECT] [Fatal Error] :1:1: Premature end of file.
2025-01-26 22:31:17,933 [ERROR] LogOutputStream:75 - [STDERR_REDIRECT] 
2025-01-26 22:31:18,918 [ERROR] LogOutputStream:75 - [STDERR_REDIRECT] [Fatal Error] :1:1: Premature end of file.
2025-01-26 22:31:18,918 [ERROR] LogOutputStream:75 - [STDERR_REDIRECT] 
2025-01-26 22:31:19,922 [ERROR] LogOutputStream:75 - [STDERR_REDIRECT] [Fatal Error] :1:1: Premature end of file.
2025-01-26 22:31:19,923 [ERROR] LogOutputStream:75 - [STDERR_REDIRECT] 
2025-01-26 22:31:20,938 [ERROR] LogOutputStream:75 - [STDERR_REDIRECT] [Fatal Error] :1:1: Premature end of file.
2025-01-26 22:31:20,938 [ERROR] LogOutputStream:75 - [STDERR_REDIRECT] 
2025-01-26 22:31:21,936 [ERROR] LogOutputStream:75 - [STDERR_REDIRECT] [Fatal Error] :1:1: Premature end of file.
2025-01-26 22:31:21,936 [ERROR] LogOutputStream:75 - [STDERR_REDIRECT] 
2025-01-26 22:31:22,928 [ERROR] LogOutputStream:75 - [STDERR_REDIRECT] [Fatal Error] :1:1: Premature end of file.
2025-01-26 22:31:22,928 [ERROR] LogOutputStream:75 - [STDERR_REDIRECT] 
2025-01-26 22:31:23,944 [ERROR] LogOutputStream:75 - [STDERR_REDIRECT] [Fatal Error] :1:1: Premature end of file.
2025-01-26 22:31:23,944 [ERROR] LogOutputStream:75 - [STDERR_REDIRECT] 
2025-01-26 22:31:24,934 [ERROR] LogOutputStream:75 - [STDERR_REDIRECT] [Fatal Error] :1:1: Premature end of file.
2025-01-26 22:31:24,936 [ERROR] LogOutputStream:75 - [STDERR_REDIRECT] 
2025-01-26 22:31:25,932 [ERROR] LogOutputStream:75 - [STDERR_REDIRECT] [Fatal Error] :1:1: Premature end of file.
2025-01-26 22:31:25,932 [ERROR] LogOutputStream:75 - [STDERR_REDIRECT] 
2025-01-26 22:31:26,948 [ERROR] LogOutputStream:75 - [STDERR_REDIRECT] [Fatal Error] :1:1: Premature end of file.
2025-01-26 22:31:26,948 [ERROR] LogOutputStream:75 - [STDERR_REDIRECT] 
2025-01-26 22:31:27,933 [ERROR] LogOutputStream:75 - [STDERR_REDIRECT] [Fatal Error] :1:1: Premature end of file.
2025-01-26 22:31:27,933 [ERROR] LogOutputStream:75 - [STDERR_REDIRECT] 
2025-01-26 22:31:28,926 [ERROR] LogOutputStream:75 - [STDERR_REDIRECT] [Fatal Error] :1:1: Premature end of file.
2025-01-26 22:31:28,926 [ERROR] LogOutputStream:75 - [STDERR_REDIRECT] 
2025-01-26 22:31:29,933 [ERROR] LogOutputStream:75 - [STDERR_REDIRECT] [Fatal Error] :1:1: Premature end of file.
2025-01-26 22:31:29,933 [ERROR] LogOutputStream:75 - [STDERR_REDIRECT] 
2025-01-26 22:31:30,946 [ERROR] LogOutputStream:75 - [STDERR_REDIRECT] [Fatal Error] :1:1: Premature end of file.
2025-01-26 22:31:30,946 [ERROR] LogOutputStream:75 - [STDERR_REDIRECT] 
2025-01-26 22:31:31,937 [ERROR] LogOutputStream:75 - [STDERR_REDIRECT] [Fatal Error] :1:1: Premature end of file.
2025-01-26 22:31:31,937 [ERROR] LogOutputStream:75 - [STDERR_REDIRECT] 
2025-01-26 22:31:32,928 [ERROR] LogOutputStream:75 - [STDERR_REDIRECT] [Fatal Error] :1:1: Premature end of file.
2025-01-26 22:31:32,928 [ERROR] LogOutputStream:75 - [STDERR_REDIRECT] 
2025-01-26 22:31:33,921 [ERROR] LogOutputStream:75 - [STDERR_REDIRECT] [Fatal Error] :1:1: Premature end of file.
2025-01-26 22:31:33,921 [ERROR] LogOutputStream:75 - [STDERR_REDIRECT] 
2025-01-26 22:31:34,928 [ERROR] LogOutputStream:75 - [STDERR_REDIRECT] [Fatal Error] :1:1: Premature end of file.
2025-01-26 22:31:34,928 [ERROR] LogOutputStream:75 - [STDERR_REDIRECT] 
2025-01-26 22:31:35,927 [ERROR] LogOutputStream:75 - [STDERR_REDIRECT] [Fatal Error] :1:1: Premature end of file.
2025-01-26 22:31:35,927 [ERROR] LogOutputStream:75 - [STDERR_REDIRECT] 
2025-01-26 22:31:36,920 [ERROR] LogOutputStream:75 - [STDERR_REDIRECT] [Fatal Error] :1:1: Premature end of file.
2025-01-26 22:31:36,920 [ERROR] LogOutputStream:75 - [STDERR_REDIRECT] 
2025-01-26 22:31:37,932 [ERROR] LogOutputStream:75 - [STDERR_REDIRECT] [Fatal Error] :1:1: Premature end of file.
2025-01-26 22:31:37,932 [ERROR] LogOutputStream:75 - [STDERR_REDIRECT] 
2025-01-26 22:31:38,922 [ERROR] LogOutputStream:75 - [STDERR_REDIRECT] [Fatal Error] :1:1: Premature end of file.
2025-01-26 22:31:38,922 [ERROR] LogOutputStream:75 - [STDERR_REDIRECT] 
2025-01-26 22:31:39,914 [ERROR] LogOutputStream:75 - [STDERR_REDIRECT] [Fatal Error] :1:1: Premature end of file.
2025-01-26 22:31:39,914 [ERROR] LogOutputStream:75 - [STDERR_REDIRECT] 
2025-01-26 22:31:40,941 [ERROR] LogOutputStream:75 - [STDERR_REDIRECT] [Fatal Error] :1:1: Premature end of file.
2025-01-26 22:31:40,941 [ERROR] LogOutputStream:75 - [STDERR_REDIRECT] 
2025-01-26 22:31:41,933 [ERROR] LogOutputStream:75 - [STDERR_REDIRECT] [Fatal Error] :1:1: Premature end of file.
2025-01-26 22:31:41,933 [ERROR] LogOutputStream:75 - [STDERR_REDIRECT] 
2025-01-26 22:31:42,919 [ERROR] LogOutputStream:75 - [STDERR_REDIRECT] [Fatal Error] :1:1: Premature end of file.
2025-01-26 22:31:42,919 [ERROR] LogOutputStream:75 - [STDERR_REDIRECT] 
2025-01-26 22:31:43,917 [ERROR] LogOutputStream:75 - [STDERR_REDIRECT] [Fatal Error] :1:1: Premature end of file.
2025-01-26 22:31:43,917 [ERROR] LogOutputStream:75 - [STDERR_REDIRECT] 
2025-01-26 22:31:44,931 [ERROR] LogOutputStream:75 - [STDERR_REDIRECT] [Fatal Error] :1:1: Premature end of file.
2025-01-26 22:31:44,931 [ERROR] LogOutputStream:75 - [STDERR_REDIRECT] 
2025-01-26 22:31:45,934 [ERROR] LogOutputStream:75 - [STDERR_REDIRECT] [Fatal Error] :1:1: Premature end of file.
2025-01-26 22:31:45,934 [ERROR] LogOutputStream:75 - [STDERR_REDIRECT] 
2025-01-26 22:31:46,914 [ERROR] LogOutputStream:75 - [STDERR_REDIRECT] [Fatal Error] :1:1: Premature end of file.
2025-01-26 22:31:46,914 [ERROR] LogOutputStream:75 - [STDERR_REDIRECT] 
2025-01-26 22:31:47,931 [ERROR] LogOutputStream:75 - [STDERR_REDIRECT] [Fatal Error] :1:1: Premature end of file.
2025-01-26 22:31:47,931 [ERROR] LogOutputStream:75 - [STDERR_REDIRECT] 
2025-01-26 22:31:48,930 [ERROR] LogOutputStream:75 - [STDERR_REDIRECT] [Fatal Error] :1:1: Premature end of file.
2025-01-26 22:31:48,930 [ERROR] LogOutputStream:75 - [STDERR_REDIRECT] 
2025-01-26 22:31:49,916 [ERROR] LogOutputStream:75 - [STDERR_REDIRECT] [Fatal Error] :1:1: Premature end of file.
2025-01-26 22:31:49,917 [ERROR] LogOutputStream:75 - [STDERR_REDIRECT] 
2025-01-26 22:31:50,933 [ERROR] LogOutputStream:75 - [STDERR_REDIRECT] [Fatal Error] :1:1: Premature end of file.
2025-01-26 22:31:50,933 [ERROR] LogOutputStream:75 - [STDERR_REDIRECT] 
2025-01-26 22:31:51,938 [ERROR] LogOutputStream:75 - [STDERR_REDIRECT] [Fatal Error] :1:1: Premature end of file.
2025-01-26 22:31:51,938 [ERROR] LogOutputStream:75 - [STDERR_REDIRECT] 
2025-01-26 22:31:52,969 [ERROR] LogOutputStream:75 - [STDERR_REDIRECT] [Fatal Error] :1:1: Premature end of file.
2025-01-26 22:31:52,971 [ERROR] LogOutputStream:75 - [STDERR_REDIRECT] 
2025-01-26 22:31:53,920 [ERROR] LogOutputStream:75 - [STDERR_REDIRECT] [Fatal Error] :1:1: Premature end of file.
2025-01-26 22:31:53,922 [ERROR] LogOutputStream:75 - [STDERR_REDIRECT] 
2025-01-26 22:31:54,937 [ERROR] LogOutputStream:75 - [STDERR_REDIRECT] [Fatal Error] :1:1: Premature end of file.
2025-01-26 22:31:54,939 [ERROR] LogOutputStream:75 - [STDERR_REDIRECT] 
2025-01-26 22:31:55,938 [ERROR] LogOutputStream:75 - [STDERR_REDIRECT] [Fatal Error] :1:1: Premature end of file.
2025-01-26 22:31:55,938 [ERROR] LogOutputStream:75 - [STDERR_REDIRECT] 
2025-01-26 22:31:56,935 [ERROR] LogOutputStream:75 - [STDERR_REDIRECT] [Fatal Error] :1:1: Premature end of file.
2025-01-26 22:31:56,937 [ERROR] LogOutputStream:75 - [STDERR_REDIRECT] 
2025-01-26 22:31:57,925 [ERROR] LogOutputStream:75 - [STDERR_REDIRECT] [Fatal Error] :1:1: Premature end of file.
2025-01-26 22:31:57,925 [ERROR] LogOutputStream:75 - [STDERR_REDIRECT] 
2025-01-26 22:31:58,939 [ERROR] LogOutputStream:75 - [STDERR_REDIRECT] [Fatal Error] :1:1: Premature end of file.
2025-01-26 22:31:58,939 [ERROR] LogOutputStream:75 - [STDERR_REDIRECT] 
2025-01-26 22:31:59,926 [ERROR] LogOutputStream:75 - [STDERR_REDIRECT] [Fatal Error] :1:1: Premature end of file.
2025-01-26 22:31:59,926 [ERROR] LogOutputStream:75 - [STDERR_REDIRECT] 
2025-01-26 22:32:00,928 [ERROR] LogOutputStream:75 - [STDERR_REDIRECT] [Fatal Error] :1:1: Premature end of file.
2025-01-26 22:32:00,928 [ERROR] LogOutputStream:75 - [STDERR_REDIRECT] 
2025-01-26 22:32:01,936 [ERROR] LogOutputStream:75 - [STDERR_REDIRECT] [Fatal Error] :1:1: Premature end of file.
2025-01-26 22:32:01,936 [ERROR] LogOutputStream:75 - [STDERR_REDIRECT] 
2025-01-26 22:32:02,928 [ERROR] LogOutputStream:75 - [STDERR_REDIRECT] [Fatal Error] :1:1: Premature end of file.
2025-01-26 22:32:02,928 [ERROR] LogOutputStream:75 - [STDERR_REDIRECT] 
2025-01-26 22:32:03,942 [ERROR] LogOutputStream:75 - [STDERR_REDIRECT] [Fatal Error] :1:1: Premature end of file.
2025-01-26 22:32:03,943 [ERROR] LogOutputStream:75 - [STDERR_REDIRECT] 
2025-01-26 22:32:04,940 [ERROR] LogOutputStream:75 - [STDERR_REDIRECT] [Fatal Error] :1:1: Premature end of file.
2025-01-26 22:32:04,940 [ERROR] LogOutputStream:75 - [STDERR_REDIRECT] 
2025-01-26 22:32:05,928 [ERROR] LogOutputStream:75 - [STDERR_REDIRECT] [Fatal Error] :1:1: Premature end of file.
2025-01-26 22:32:05,928 [ERROR] LogOutputStream:75 - [STDERR_REDIRECT] 
2025-01-26 22:32:06,924 [ERROR] LogOutputStream:75 - [STDERR_REDIRECT] [Fatal Error] :1:1: Premature end of file.
2025-01-26 22:32:06,925 [ERROR] LogOutputStream:75 - [STDERR_REDIRECT] 
2025-01-26 22:32:07,943 [ERROR] LogOutputStream:75 - [STDERR_REDIRECT] [Fatal Error] :1:1: Premature end of file.
2025-01-26 22:32:07,943 [ERROR] LogOutputStream:75 - [STDERR_REDIRECT] 
2025-01-26 22:32:08,928 [ERROR] LogOutputStream:75 - [STDERR_REDIRECT] [Fatal Error] :1:1: Premature end of file.
2025-01-26 22:32:08,928 [ERROR] LogOutputStream:75 - [STDERR_REDIRECT] 
2025-01-26 22:32:09,931 [ERROR] LogOutputStream:75 - [STDERR_REDIRECT] [Fatal Error] :1:1: Premature end of file.
2025-01-26 22:32:09,931 [ERROR] LogOutputStream:75 - [STDERR_REDIRECT] 
2025-01-26 22:32:10,939 [ERROR] LogOutputStream:75 - [STDERR_REDIRECT] [Fatal Error] :1:1: Premature end of file.
2025-01-26 22:32:10,939 [ERROR] LogOutputStream:75 - [STDERR_REDIRECT] 
2025-01-26 22:32:11,929 [ERROR] LogOutputStream:75 - [STDERR_REDIRECT] [Fatal Error] :1:1: Premature end of file.
2025-01-26 22:32:11,929 [ERROR] LogOutputStream:75 - [STDERR_REDIRECT] 
2025-01-26 22:32:12,932 [ERROR] LogOutputStream:75 - [STDERR_REDIRECT] [Fatal Error] :1:1: Premature end of file.
2025-01-26 22:32:12,932 [ERROR] LogOutputStream:75 - [STDERR_REDIRECT] 
2025-01-26 22:32:13,933 [ERROR] LogOutputStream:75 - [STDERR_REDIRECT] [Fatal Error] :1:1: Premature end of file.
2025-01-26 22:32:13,933 [ERROR] LogOutputStream:75 - [STDERR_REDIRECT] 
2025-01-26 22:32:14,929 [ERROR] LogOutputStream:75 - [STDERR_REDIRECT] [Fatal Error] :1:1: Premature end of file.
2025-01-26 22:32:14,929 [ERROR] LogOutputStream:75 - [STDERR_REDIRECT] 
2025-01-26 22:32:15,928 [ERROR] LogOutputStream:75 - [STDERR_REDIRECT] [Fatal Error] :1:1: Premature end of file.
2025-01-26 22:32:15,928 [ERROR] LogOutputStream:75 - [STDERR_REDIRECT] 
2025-01-26 22:32:16,937 [ERROR] LogOutputStream:75 - [STDERR_REDIRECT] [Fatal Error] :1:1: Premature end of file.
2025-01-26 22:32:16,937 [ERROR] LogOutputStream:75 - [STDERR_REDIRECT] 
2025-01-26 22:32:17,928 [ERROR] LogOutputStream:75 - [STDERR_REDIRECT] [Fatal Error] :1:1: Premature end of file.
2025-01-26 22:32:17,928 [ERROR] LogOutputStream:75 - [STDERR_REDIRECT] 
2025-01-26 22:32:18,940 [ERROR] LogOutputStream:75 - [STDERR_REDIRECT] [Fatal Error] :1:1: Premature end of file.
2025-01-26 22:32:18,940 [ERROR] LogOutputStream:75 - [STDERR_REDIRECT] 
2025-01-26 22:32:19,936 [ERROR] LogOutputStream:75 - [STDERR_REDIRECT] [Fatal Error] :1:1: Premature end of file.
2025-01-26 22:32:19,936 [ERROR] LogOutputStream:75 - [STDERR_REDIRECT] 
2025-01-26 22:32:20,929 [ERROR] LogOutputStream:75 - [STDERR_REDIRECT] [Fatal Error] :1:1: Premature end of file.
2025-01-26 22:32:20,929 [ERROR] LogOutputStream:75 - [STDERR_REDIRECT] 
2025-01-26 22:32:21,941 [ERROR] LogOutputStream:75 - [STDERR_REDIRECT] [Fatal Error] :1:1: Premature end of file.
2025-01-26 22:32:21,941 [ERROR] LogOutputStream:75 - [STDERR_REDIRECT] 
2025-01-26 22:32:22,919 [ERROR] LogOutputStream:75 - [STDERR_REDIRECT] [Fatal Error] :1:1: Premature end of file.
2025-01-26 22:32:22,919 [ERROR] LogOutputStream:75 - [STDERR_REDIRECT] 
2025-01-26 22:32:23,953 [ERROR] LogOutputStream:75 - [STDERR_REDIRECT] [Fatal Error] :1:1: Premature end of file.
2025-01-26 22:32:23,953 [ERROR] LogOutputStream:75 - [STDERR_REDIRECT] 
2025-01-26 22:32:24,947 [ERROR] LogOutputStream:75 - [STDERR_REDIRECT] [Fatal Error] :1:1: Premature end of file.
2025-01-26 22:32:24,947 [ERROR] LogOutputStream:75 - [STDERR_REDIRECT] 
2025-01-26 22:32:25,946 [ERROR] LogOutputStream:75 - [STDERR_REDIRECT] [Fatal Error] :1:1: Premature end of file.
2025-01-26 22:32:25,946 [ERROR] LogOutputStream:75 - [STDERR_REDIRECT] 
2025-01-26 22:32:26,928 [ERROR] LogOutputStream:75 - [STDERR_REDIRECT] [Fatal Error] :1:1: Premature end of file.
2025-01-26 22:32:26,930 [ERROR] LogOutputStream:75 - [STDERR_REDIRECT] 
2025-01-26 22:32:27,925 [ERROR] LogOutputStream:75 - [STDERR_REDIRECT] [Fatal Error] :1:1: Premature end of file.
2025-01-26 22:32:27,925 [ERROR] LogOutputStream:75 - [STDERR_REDIRECT] 
2025-01-26 22:32:28,933 [ERROR] LogOutputStream:75 - [STDERR_REDIRECT] [Fatal Error] :1:1: Premature end of file.
2025-01-26 22:32:28,933 [ERROR] LogOutputStream:75 - [STDERR_REDIRECT] 
2025-01-26 22:32:29,926 [ERROR] LogOutputStream:75 - [STDERR_REDIRECT] [Fatal Error] :1:1: Premature end of file.
2025-01-26 22:32:29,928 [ERROR] LogOutputStream:75 - [STDERR_REDIRECT] 
2025-01-26 22:32:30,916 [ERROR] LogOutputStream:75 - [STDERR_REDIRECT] [Fatal Error] :1:1: Premature end of file.
2025-01-26 22:32:30,916 [ERROR] LogOutputStream:75 - [STDERR_REDIRECT] 
2025-01-26 22:32:31,940 [ERROR] LogOutputStream:75 - [STDERR_REDIRECT] [Fatal Error] :1:1: Premature end of file.
2025-01-26 22:32:31,940 [ERROR] LogOutputStream:75 - [STDERR_REDIRECT] 
2025-01-26 22:32:32,918 [ERROR] LogOutputStream:75 - [STDERR_REDIRECT] [Fatal Error] :1:1: Premature end of file.
2025-01-26 22:32:32,920 [ERROR] LogOutputStream:75 - [STDERR_REDIRECT] 
2025-01-26 22:32:33,940 [ERROR] LogOutputStream:75 - [STDERR_REDIRECT] [Fatal Error] :1:1: Premature end of file.
2025-01-26 22:32:33,940 [ERROR] LogOutputStream:75 - [STDERR_REDIRECT] 
2025-01-26 22:32:34,938 [ERROR] LogOutputStream:75 - [STDERR_REDIRECT] [Fatal Error] :1:1: Premature end of file.
2025-01-26 22:32:34,938 [ERROR] LogOutputStream:75 - [STDERR_REDIRECT] 
2025-01-26 22:32:35,927 [ERROR] LogOutputStream:75 - [STDERR_REDIRECT] [Fatal Error] :1:1: Premature end of file.
2025-01-26 22:32:35,928 [ERROR] LogOutputStream:75 - [STDERR_REDIRECT] 
2025-01-26 22:32:36,931 [ERROR] LogOutputStream:75 - [STDERR_REDIRECT] [Fatal Error] :1:1: Premature end of file.
2025-01-26 22:32:36,931 [ERROR] LogOutputStream:75 - [STDERR_REDIRECT] 
2025-01-26 22:32:37,937 [ERROR] LogOutputStream:75 - [STDERR_REDIRECT] [Fatal Error] :1:1: Premature end of file.
2025-01-26 22:32:37,937 [ERROR] LogOutputStream:75 - [STDERR_REDIRECT] 
2025-01-26 22:32:38,944 [ERROR] LogOutputStream:75 - [STDERR_REDIRECT] [Fatal Error] :1:1: Premature end of file.
2025-01-26 22:32:38,944 [ERROR] LogOutputStream:75 - [STDERR_REDIRECT] 
2025-01-26 22:32:39,942 [ERROR] LogOutputStream:75 - [STDERR_REDIRECT] [Fatal Error] :1:1: Premature end of file.
2025-01-26 22:32:39,942 [ERROR] LogOutputStream:75 - [STDERR_REDIRECT] 
2025-01-26 22:32:40,935 [ERROR] LogOutputStream:75 - [STDERR_REDIRECT] [Fatal Error] :1:1: Premature end of file.
2025-01-26 22:32:40,935 [ERROR] LogOutputStream:75 - [STDERR_REDIRECT] 
2025-01-26 22:32:41,937 [ERROR] LogOutputStream:75 - [STDERR_REDIRECT] [Fatal Error] :1:1: Premature end of file.
2025-01-26 22:32:41,937 [ERROR] LogOutputStream:75 - [STDERR_REDIRECT] 
2025-01-26 22:32:42,935 [ERROR] LogOutputStream:75 - [STDERR_REDIRECT] [Fatal Error] :1:1: Premature end of file.
2025-01-26 22:32:42,937 [ERROR] LogOutputStream:75 - [STDERR_REDIRECT] 
2025-01-26 22:32:43,936 [ERROR] LogOutputStream:75 - [STDERR_REDIRECT] [Fatal Error] :1:1: Premature end of file.
2025-01-26 22:32:43,936 [ERROR] LogOutputStream:75 - [STDERR_REDIRECT] 
2025-01-26 22:32:44,931 [ERROR] LogOutputStream:75 - [STDERR_REDIRECT] [Fatal Error] :1:1: Premature end of file.
2025-01-26 22:32:44,931 [ERROR] LogOutputStream:75 - [STDERR_REDIRECT] 
2025-01-26 22:32:45,936 [ERROR] LogOutputStream:75 - [STDERR_REDIRECT] [Fatal Error] :1:1: Premature end of file.
2025-01-26 22:32:45,938 [ERROR] LogOutputStream:75 - [STDERR_REDIRECT] 
2025-01-26 22:32:46,934 [ERROR] LogOutputStream:75 - [STDERR_REDIRECT] [Fatal Error] :1:1: Premature end of file.
2025-01-26 22:32:46,934 [ERROR] LogOutputStream:75 - [STDERR_REDIRECT] 
2025-01-26 22:32:47,927 [ERROR] LogOutputStream:75 - [STDERR_REDIRECT] [Fatal Error] :1:1: Premature end of file.
2025-01-26 22:32:47,929 [ERROR] LogOutputStream:75 - [STDERR_REDIRECT] 
2025-01-26 22:32:48,940 [ERROR] LogOutputStream:75 - [STDERR_REDIRECT] [Fatal Error] :1:1: Premature end of file.
2025-01-26 22:32:48,940 [ERROR] LogOutputStream:75 - [STDERR_REDIRECT] 
2025-01-26 22:32:49,938 [ERROR] LogOutputStream:75 - [STDERR_REDIRECT] [Fatal Error] :1:1: Premature end of file.
2025-01-26 22:32:49,938 [ERROR] LogOutputStream:75 - [STDERR_REDIRECT] 
2025-01-26 22:32:50,922 [ERROR] LogOutputStream:75 - [STDERR_REDIRECT] [Fatal Error] :1:1: Premature end of file.
2025-01-26 22:32:50,924 [ERROR] LogOutputStream:75 - [STDERR_REDIRECT] 
2025-01-26 22:32:51,934 [ERROR] LogOutputStream:75 - [STDERR_REDIRECT] [Fatal Error] :1:1: Premature end of file.
2025-01-26 22:32:51,934 [ERROR] LogOutputStream:75 - [STDERR_REDIRECT] 
2025-01-26 22:32:52,946 [ERROR] LogOutputStream:75 - [STDERR_REDIRECT] [Fatal Error] :1:1: Premature end of file.
2025-01-26 22:32:52,946 [ERROR] LogOutputStream:75 - [STDERR_REDIRECT] 
2025-01-26 22:32:53,930 [ERROR] LogOutputStream:75 - [STDERR_REDIRECT] [Fatal Error] :1:1: Premature end of file.
2025-01-26 22:32:53,931 [ERROR] LogOutputStream:75 - [STDERR_REDIRECT] 
2025-01-26 22:32:54,924 [ERROR] LogOutputStream:75 - [STDERR_REDIRECT] [Fatal Error] :1:1: Premature end of file.
2025-01-26 22:32:54,924 [ERROR] LogOutputStream:75 - [STDERR_REDIRECT] 
2025-01-26 22:32:55,925 [ERROR] LogOutputStream:75 - [STDERR_REDIRECT] [Fatal Error] :1:1: Premature end of file.
2025-01-26 22:32:55,925 [ERROR] LogOutputStream:75 - [STDERR_REDIRECT] 
2025-01-26 22:32:56,928 [ERROR] LogOutputStream:75 - [STDERR_REDIRECT] [Fatal Error] :1:1: Premature end of file.
2025-01-26 22:32:56,928 [ERROR] LogOutputStream:75 - [STDERR_REDIRECT] 
2025-01-26 22:32:57,935 [ERROR] LogOutputStream:75 - [STDERR_REDIRECT] [Fatal Error] :1:1: Premature end of file.
2025-01-26 22:32:57,936 [ERROR] LogOutputStream:75 - [STDERR_REDIRECT] 
2025-01-26 22:32:58,939 [ERROR] LogOutputStream:75 - [STDERR_REDIRECT] [Fatal Error] :1:1: Premature end of file.
2025-01-26 22:32:58,939 [ERROR] LogOutputStream:75 - [STDERR_REDIRECT] 
2025-01-26 22:32:59,924 [ERROR] LogOutputStream:75 - [STDERR_REDIRECT] [Fatal Error] :1:1: Premature end of file.
2025-01-26 22:32:59,924 [ERROR] LogOutputStream:75 - [STDERR_REDIRECT] 
2025-01-26 22:33:00,926 [ERROR] LogOutputStream:75 - [STDERR_REDIRECT] [Fatal Error] :1:1: Premature end of file.
2025-01-26 22:33:00,926 [ERROR] LogOutputStream:75 - [STDERR_REDIRECT] 
2025-01-26 22:33:01,940 [ERROR] LogOutputStream:75 - [STDERR_REDIRECT] [Fatal Error] :1:1: Premature end of file.
2025-01-26 22:33:01,940 [ERROR] LogOutputStream:75 - [STDERR_REDIRECT] 
2025-01-26 22:33:02,930 [ERROR] LogOutputStream:75 - [STDERR_REDIRECT] [Fatal Error] :1:1: Premature end of file.
2025-01-26 22:33:02,930 [ERROR] LogOutputStream:75 - [STDERR_REDIRECT] 
2025-01-26 22:33:03,944 [ERROR] LogOutputStream:75 - [STDERR_REDIRECT] [Fatal Error] :1:1: Premature end of file.
2025-01-26 22:33:03,946 [ERROR] LogOutputStream:75 - [STDERR_REDIRECT] 
2025-01-26 22:33:04,946 [ERROR] LogOutputStream:75 - [STDERR_REDIRECT] [Fatal Error] :1:1: Premature end of file.
2025-01-26 22:33:04,946 [ERROR] LogOutputStream:75 - [STDERR_REDIRECT] 
2025-01-26 22:33:05,932 [ERROR] LogOutputStream:75 - [STDERR_REDIRECT] [Fatal Error] :1:1: Premature end of file.
2025-01-26 22:33:05,932 [ERROR] LogOutputStream:75 - [STDERR_REDIRECT] 
2025-01-26 22:33:06,957 [ERROR] LogOutputStream:75 - [STDERR_REDIRECT] [Fatal Error] :1:1: Premature end of file.
2025-01-26 22:33:06,957 [ERROR] LogOutputStream:75 - [STDERR_REDIRECT] 
2025-01-26 22:33:07,937 [ERROR] LogOutputStream:75 - [STDERR_REDIRECT] [Fatal Error] :1:1: Premature end of file.
2025-01-26 22:33:07,937 [ERROR] LogOutputStream:75 - [STDERR_REDIRECT] 
2025-01-26 22:33:08,946 [ERROR] LogOutputStream:75 - [STDERR_REDIRECT] [Fatal Error] :1:1: Premature end of file.
2025-01-26 22:33:08,946 [ERROR] LogOutputStream:75 - [STDERR_REDIRECT] 
2025-01-26 22:33:09,931 [ERROR] LogOutputStream:75 - [STDERR_REDIRECT] [Fatal Error] :1:1: Premature end of file.
2025-01-26 22:33:09,931 [ERROR] LogOutputStream:75 - [STDERR_REDIRECT] 
2025-01-26 22:33:10,939 [ERROR] LogOutputStream:75 - [STDERR_REDIRECT] [Fatal Error] :1:1: Premature end of file.
2025-01-26 22:33:10,939 [ERROR] LogOutputStream:75 - [STDERR_REDIRECT] 
2025-01-26 22:33:11,949 [ERROR] LogOutputStream:75 - [STDERR_REDIRECT] [Fatal Error] :1:1: Premature end of file.
2025-01-26 22:33:11,951 [ERROR] LogOutputStream:75 - [STDERR_REDIRECT] 
2025-01-26 22:33:12,936 [ERROR] LogOutputStream:75 - [STDERR_REDIRECT] [Fatal Error] :1:1: Premature end of file.
2025-01-26 22:33:12,936 [ERROR] LogOutputStream:75 - [STDERR_REDIRECT] 
2025-01-26 22:33:13,936 [ERROR] LogOutputStream:75 - [STDERR_REDIRECT] [Fatal Error] :1:1: Premature end of file.
2025-01-26 22:33:13,936 [ERROR] LogOutputStream:75 - [STDERR_REDIRECT] 
2025-01-26 22:33:14,937 [ERROR] LogOutputStream:75 - [STDERR_REDIRECT] [Fatal Error] :1:1: Premature end of file.
2025-01-26 22:33:14,937 [ERROR] LogOutputStream:75 - [STDERR_REDIRECT] 
2025-01-26 22:33:15,921 [ERROR] LogOutputStream:75 - [STDERR_REDIRECT] [Fatal Error] :1:1: Premature end of file.
2025-01-26 22:33:15,921 [ERROR] LogOutputStream:75 - [STDERR_REDIRECT] 
2025-01-26 22:33:16,939 [ERROR] LogOutputStream:75 - [STDERR_REDIRECT] [Fatal Error] :1:1: Premature end of file.
2025-01-26 22:33:16,939 [ERROR] LogOutputStream:75 - [STDERR_REDIRECT] 
2025-01-26 22:33:17,940 [ERROR] LogOutputStream:75 - [STDERR_REDIRECT] [Fatal Error] :1:1: Premature end of file.
2025-01-26 22:33:17,940 [ERROR] LogOutputStream:75 - [STDERR_REDIRECT] 
2025-01-26 22:33:18,937 [ERROR] LogOutputStream:75 - [STDERR_REDIRECT] [Fatal Error] :1:1: Premature end of file.
2025-01-26 22:33:18,937 [ERROR] LogOutputStream:75 - [STDERR_REDIRECT] 
2025-01-26 22:33:19,935 [ERROR] LogOutputStream:75 - [STDERR_REDIRECT] [Fatal Error] :1:1: Premature end of file.
2025-01-26 22:33:19,935 [ERROR] LogOutputStream:75 - [STDERR_REDIRECT] 
2025-01-26 22:33:20,939 [ERROR] LogOutputStream:75 - [STDERR_REDIRECT] [Fatal Error] :1:1: Premature end of file.
2025-01-26 22:33:20,939 [ERROR] LogOutputStream:75 - [STDERR_REDIRECT] 
2025-01-26 22:33:21,930 [ERROR] LogOutputStream:75 - [STDERR_REDIRECT] [Fatal Error] :1:1: Premature end of file.
2025-01-26 22:33:21,930 [ERROR] LogOutputStream:75 - [STDERR_REDIRECT] 
2025-01-26 22:33:22,940 [ERROR] LogOutputStream:75 - [STDERR_REDIRECT] [Fatal Error] :1:1: Premature end of file.
2025-01-26 22:33:22,940 [ERROR] LogOutputStream:75 - [STDERR_REDIRECT] 
2025-01-26 22:33:23,913 [ERROR] LogOutputStream:75 - [STDERR_REDIRECT] [Fatal Error] :1:1: Premature end of file.
2025-01-26 22:33:23,913 [ERROR] LogOutputStream:75 - [STDERR_REDIRECT] 
2025-01-26 22:33:24,944 [ERROR] LogOutputStream:75 - [STDERR_REDIRECT] [Fatal Error] :1:1: Premature end of file.
2025-01-26 22:33:24,944 [ERROR] LogOutputStream:75 - [STDERR_REDIRECT] 
2025-01-26 22:33:25,934 [ERROR] LogOutputStream:75 - [STDERR_REDIRECT] [Fatal Error] :1:1: Premature end of file.
2025-01-26 22:33:25,935 [ERROR] LogOutputStream:75 - [STDERR_REDIRECT] 
2025-01-26 22:33:26,955 [ERROR] LogOutputStream:75 - [STDERR_REDIRECT] [Fatal Error] :1:1: Premature end of file.
2025-01-26 22:33:26,955 [ERROR] LogOutputStream:75 - [STDERR_REDIRECT] 
2025-01-26 22:33:27,932 [ERROR] LogOutputStream:75 - [STDERR_REDIRECT] [Fatal Error] :1:1: Premature end of file.
2025-01-26 22:33:27,932 [ERROR] LogOutputStream:75 - [STDERR_REDIRECT] 
2025-01-26 22:33:28,933 [ERROR] LogOutputStream:75 - [STDERR_REDIRECT] [Fatal Error] :1:1: Premature end of file.
2025-01-26 22:33:28,933 [ERROR] LogOutputStream:75 - [STDERR_REDIRECT] 
2025-01-26 22:33:29,928 [ERROR] LogOutputStream:75 - [STDERR_REDIRECT] [Fatal Error] :1:1: Premature end of file.
2025-01-26 22:33:29,928 [ERROR] LogOutputStream:75 - [STDERR_REDIRECT] 
2025-01-26 22:33:30,937 [ERROR] LogOutputStream:75 - [STDERR_REDIRECT] [Fatal Error] :1:1: Premature end of file.
2025-01-26 22:33:30,937 [ERROR] LogOutputStream:75 - [STDERR_REDIRECT] 
2025-01-26 22:33:31,937 [ERROR] LogOutputStream:75 - [STDERR_REDIRECT] [Fatal Error] :1:1: Premature end of file.
2025-01-26 22:33:31,937 [ERROR] LogOutputStream:75 - [STDERR_REDIRECT] 
2025-01-26 22:33:32,940 [ERROR] LogOutputStream:75 - [STDERR_REDIRECT] [Fatal Error] :1:1: Premature end of file.
2025-01-26 22:33:32,940 [ERROR] LogOutputStream:75 - [STDERR_REDIRECT] 
2025-01-26 22:33:33,931 [ERROR] LogOutputStream:75 - [STDERR_REDIRECT] [Fatal Error] :1:1: Premature end of file.
2025-01-26 22:33:33,931 [ERROR] LogOutputStream:75 - [STDERR_REDIRECT] 
2025-01-26 22:33:34,930 [ERROR] LogOutputStream:75 - [STDERR_REDIRECT] [Fatal Error] :1:1: Premature end of file.
2025-01-26 22:33:34,930 [ERROR] LogOutputStream:75 - [STDERR_REDIRECT] 
2025-01-26 22:33:35,938 [ERROR] LogOutputStream:75 - [STDERR_REDIRECT] [Fatal Error] :1:1: Premature end of file.
2025-01-26 22:33:35,938 [ERROR] LogOutputStream:75 - [STDERR_REDIRECT] 
2025-01-26 22:33:36,933 [ERROR] LogOutputStream:75 - [STDERR_REDIRECT] [Fatal Error] :1:1: Premature end of file.
2025-01-26 22:33:36,933 [ERROR] LogOutputStream:75 - [STDERR_REDIRECT] 
2025-01-26 22:33:37,941 [ERROR] LogOutputStream:75 - [STDERR_REDIRECT] [Fatal Error] :1:1: Premature end of file.
2025-01-26 22:33:37,941 [ERROR] LogOutputStream:75 - [STDERR_REDIRECT] 
2025-01-26 22:33:38,939 [ERROR] LogOutputStream:75 - [STDERR_REDIRECT] [Fatal Error] :1:1: Premature end of file.
2025-01-26 22:33:38,939 [ERROR] LogOutputStream:75 - [STDERR_REDIRECT] 
2025-01-26 22:33:39,930 [ERROR] LogOutputStream:75 - [STDERR_REDIRECT] [Fatal Error] :1:1: Premature end of file.
2025-01-26 22:33:39,930 [ERROR] LogOutputStream:75 - [STDERR_REDIRECT] 
2025-01-26 22:33:40,951 [ERROR] LogOutputStream:75 - [STDERR_REDIRECT] [Fatal Error] :1:1: Premature end of file.
2025-01-26 22:33:40,951 [ERROR] LogOutputStream:75 - [STDERR_REDIRECT] 
2025-01-26 22:33:41,932 [ERROR] LogOutputStream:75 - [STDERR_REDIRECT] [Fatal Error] :1:1: Premature end of file.
2025-01-26 22:33:41,932 [ERROR] LogOutputStream:75 - [STDERR_REDIRECT] 
2025-01-26 22:33:42,931 [ERROR] LogOutputStream:75 - [STDERR_REDIRECT] [Fatal Error] :1:1: Premature end of file.
2025-01-26 22:33:42,931 [ERROR] LogOutputStream:75 - [STDERR_REDIRECT] 
2025-01-26 22:33:43,941 [ERROR] LogOutputStream:75 - [STDERR_REDIRECT] [Fatal Error] :1:1: Premature end of file.
2025-01-26 22:33:43,941 [ERROR] LogOutputStream:75 - [STDERR_REDIRECT] 
2025-01-26 22:33:44,948 [ERROR] LogOutputStream:75 - [STDERR_REDIRECT] [Fatal Error] :1:1: Premature end of file.
2025-01-26 22:33:44,948 [ERROR] LogOutputStream:75 - [STDERR_REDIRECT] 
2025-01-26 22:33:45,942 [ERROR] LogOutputStream:75 - [STDERR_REDIRECT] [Fatal Error] :1:1: Premature end of file.
2025-01-26 22:33:45,942 [ERROR] LogOutputStream:75 - [STDERR_REDIRECT] 
2025-01-26 22:33:46,942 [ERROR] LogOutputStream:75 - [STDERR_REDIRECT] [Fatal Error] :1:1: Premature end of file.
2025-01-26 22:33:46,942 [ERROR] LogOutputStream:75 - [STDERR_REDIRECT] 
2025-01-26 22:33:47,931 [ERROR] LogOutputStream:75 - [STDERR_REDIRECT] [Fatal Error] :1:1: Premature end of file.
2025-01-26 22:33:47,933 [ERROR] LogOutputStream:75 - [STDERR_REDIRECT] 
2025-01-26 22:33:48,927 [ERROR] LogOutputStream:75 - [STDERR_REDIRECT] [Fatal Error] :1:1: Premature end of file.
2025-01-26 22:33:48,929 [ERROR] LogOutputStream:75 - [STDERR_REDIRECT] 
2025-01-26 22:33:49,938 [ERROR] LogOutputStream:75 - [STDERR_REDIRECT] [Fatal Error] :1:1: Premature end of file.
2025-01-26 22:33:49,938 [ERROR] LogOutputStream:75 - [STDERR_REDIRECT] 
2025-01-26 22:33:50,929 [ERROR] LogOutputStream:75 - [STDERR_REDIRECT] [Fatal Error] :1:1: Premature end of file.
2025-01-26 22:33:50,929 [ERROR] LogOutputStream:75 - [STDERR_REDIRECT] 
2025-01-26 22:33:51,937 [ERROR] LogOutputStream:75 - [STDERR_REDIRECT] [Fatal Error] :1:1: Premature end of file.
2025-01-26 22:33:51,937 [ERROR] LogOutputStream:75 - [STDERR_REDIRECT] 
2025-01-26 22:33:52,940 [ERROR] LogOutputStream:75 - [STDERR_REDIRECT] [Fatal Error] :1:1: Premature end of file.
2025-01-26 22:33:52,940 [ERROR] LogOutputStream:75 - [STDERR_REDIRECT] 
2025-01-26 22:33:53,927 [ERROR] LogOutputStream:75 - [STDERR_REDIRECT] [Fatal Error] :1:1: Premature end of file.
2025-01-26 22:33:53,927 [ERROR] LogOutputStream:75 - [STDERR_REDIRECT] 
2025-01-26 22:33:54,935 [ERROR] LogOutputStream:75 - [STDERR_REDIRECT] [Fatal Error] :1:1: Premature end of file.
2025-01-26 22:33:54,935 [ERROR] LogOutputStream:75 - [STDERR_REDIRECT] 
2025-01-26 22:33:55,945 [ERROR] LogOutputStream:75 - [STDERR_REDIRECT] [Fatal Error] :1:1: Premature end of file.
2025-01-26 22:33:55,945 [ERROR] LogOutputStream:75 - [STDERR_REDIRECT] 
2025-01-26 22:33:56,934 [ERROR] LogOutputStream:75 - [STDERR_REDIRECT] [Fatal Error] :1:1: Premature end of file.
2025-01-26 22:33:56,934 [ERROR] LogOutputStream:75 - [STDERR_REDIRECT] 
2025-01-26 22:33:57,921 [ERROR] LogOutputStream:75 - [STDERR_REDIRECT] [Fatal Error] :1:1: Premature end of file.
2025-01-26 22:33:57,921 [ERROR] LogOutputStream:75 - [STDERR_REDIRECT] 
2025-01-26 22:33:58,935 [ERROR] LogOutputStream:75 - [STDERR_REDIRECT] [Fatal Error] :1:1: Premature end of file.
2025-01-26 22:33:58,935 [ERROR] LogOutputStream:75 - [STDERR_REDIRECT] 
2025-01-26 22:33:59,928 [ERROR] LogOutputStream:75 - [STDERR_REDIRECT] [Fatal Error] :1:1: Premature end of file.
2025-01-26 22:33:59,928 [ERROR] LogOutputStream:75 - [STDERR_REDIRECT] 
2025-01-26 22:34:00,934 [ERROR] LogOutputStream:75 - [STDERR_REDIRECT] [Fatal Error] :1:1: Premature end of file.
2025-01-26 22:34:00,934 [ERROR] LogOutputStream:75 - [STDERR_REDIRECT] 
2025-01-26 22:34:01,938 [ERROR] LogOutputStream:75 - [STDERR_REDIRECT] [Fatal Error] :1:1: Premature end of file.
2025-01-26 22:34:01,938 [ERROR] LogOutputStream:75 - [STDERR_REDIRECT] 
2025-01-26 22:34:02,937 [ERROR] LogOutputStream:75 - [STDERR_REDIRECT] [Fatal Error] :1:1: Premature end of file.
2025-01-26 22:34:02,937 [ERROR] LogOutputStream:75 - [STDERR_REDIRECT] 
2025-01-26 22:34:03,951 [ERROR] LogOutputStream:75 - [STDERR_REDIRECT] [Fatal Error] :1:1: Premature end of file.
2025-01-26 22:34:03,951 [ERROR] LogOutputStream:75 - [STDERR_REDIRECT] 
2025-01-26 22:34:04,938 [ERROR] LogOutputStream:75 - [STDERR_REDIRECT] [Fatal Error] :1:1: Premature end of file.
2025-01-26 22:34:04,938 [ERROR] LogOutputStream:75 - [STDERR_REDIRECT] 
2025-01-26 22:34:05,932 [ERROR] LogOutputStream:75 - [STDERR_REDIRECT] [Fatal Error] :1:1: Premature end of file.
2025-01-26 22:34:05,932 [ERROR] LogOutputStream:75 - [STDERR_REDIRECT] 
2025-01-26 22:34:06,939 [ERROR] LogOutputStream:75 - [STDERR_REDIRECT] [Fatal Error] :1:1: Premature end of file.
2025-01-26 22:34:06,939 [ERROR] LogOutputStream:75 - [STDERR_REDIRECT] 
2025-01-26 22:34:07,941 [ERROR] LogOutputStream:75 - [STDERR_REDIRECT] [Fatal Error] :1:1: Premature end of file.
2025-01-26 22:34:07,941 [ERROR] LogOutputStream:75 - [STDERR_REDIRECT] 
2025-01-26 22:34:08,939 [ERROR] LogOutputStream:75 - [STDERR_REDIRECT] [Fatal Error] :1:1: Premature end of file.
2025-01-26 22:34:08,939 [ERROR] LogOutputStream:75 - [STDERR_REDIRECT] 
2025-01-26 22:34:09,914 [ERROR] LogOutputStream:75 - [STDERR_REDIRECT] [Fatal Error] :1:1: Premature end of file.
2025-01-26 22:34:09,914 [ERROR] LogOutputStream:75 - [STDERR_REDIRECT] 
2025-01-26 22:34:10,942 [ERROR] LogOutputStream:75 - [STDERR_REDIRECT] [Fatal Error] :1:1: Premature end of file.
2025-01-26 22:34:10,942 [ERROR] LogOutputStream:75 - [STDERR_REDIRECT] 
2025-01-26 22:34:11,937 [ERROR] LogOutputStream:75 - [STDERR_REDIRECT] [Fatal Error] :1:1: Premature end of file.
2025-01-26 22:34:11,939 [ERROR] LogOutputStream:75 - [STDERR_REDIRECT] 
2025-01-26 22:34:12,937 [ERROR] LogOutputStream:75 - [STDERR_REDIRECT] [Fatal Error] :1:1: Premature end of file.
2025-01-26 22:34:12,937 [ERROR] LogOutputStream:75 - [STDERR_REDIRECT] 
2025-01-26 22:34:13,935 [ERROR] LogOutputStream:75 - [STDERR_REDIRECT] [Fatal Error] :1:1: Premature end of file.
2025-01-26 22:34:13,935 [ERROR] LogOutputStream:75 - [STDERR_REDIRECT] 
2025-01-26 22:34:14,924 [ERROR] LogOutputStream:75 - [STDERR_REDIRECT] [Fatal Error] :1:1: Premature end of file.
2025-01-26 22:34:14,924 [ERROR] LogOutputStream:75 - [STDERR_REDIRECT] 
2025-01-26 22:34:15,931 [ERROR] LogOutputStream:75 - [STDERR_REDIRECT] [Fatal Error] :1:1: Premature end of file.
2025-01-26 22:34:15,931 [ERROR] LogOutputStream:75 - [STDERR_REDIRECT] 
2025-01-26 22:34:16,939 [ERROR] LogOutputStream:75 - [STDERR_REDIRECT] [Fatal Error] :1:1: Premature end of file.
2025-01-26 22:34:16,939 [ERROR] LogOutputStream:75 - [STDERR_REDIRECT] 
2025-01-26 22:34:17,944 [ERROR] LogOutputStream:75 - [STDERR_REDIRECT] [Fatal Error] :1:1: Premature end of file.
2025-01-26 22:34:17,944 [ERROR] LogOutputStream:75 - [STDERR_REDIRECT] 
2025-01-26 22:34:18,932 [ERROR] LogOutputStream:75 - [STDERR_REDIRECT] [Fatal Error] :1:1: Premature end of file.
2025-01-26 22:34:18,932 [ERROR] LogOutputStream:75 - [STDERR_REDIRECT] 
2025-01-26 22:34:19,949 [ERROR] LogOutputStream:75 - [STDERR_REDIRECT] [Fatal Error] :1:1: Premature end of file.
2025-01-26 22:34:19,950 [ERROR] LogOutputStream:75 - [STDERR_REDIRECT] 
2025-01-26 22:34:20,942 [ERROR] LogOutputStream:75 - [STDERR_REDIRECT] [Fatal Error] :1:1: Premature end of file.
2025-01-26 22:34:20,944 [ERROR] LogOutputStream:75 - [STDERR_REDIRECT] 
2025-01-26 22:34:21,928 [ERROR] LogOutputStream:75 - [STDERR_REDIRECT] [Fatal Error] :1:1: Premature end of file.
2025-01-26 22:34:21,928 [ERROR] LogOutputStream:75 - [STDERR_REDIRECT] 
2025-01-26 22:34:22,943 [ERROR] LogOutputStream:75 - [STDERR_REDIRECT] [Fatal Error] :1:1: Premature end of file.
2025-01-26 22:34:22,943 [ERROR] LogOutputStream:75 - [STDERR_REDIRECT] 
2025-01-26 22:34:23,934 [ERROR] LogOutputStream:75 - [STDERR_REDIRECT] [Fatal Error] :1:1: Premature end of file.
2025-01-26 22:34:23,934 [ERROR] LogOutputStream:75 - [STDERR_REDIRECT] 
2025-01-26 22:34:24,952 [ERROR] LogOutputStream:75 - [STDERR_REDIRECT] [Fatal Error] :1:1: Premature end of file.
2025-01-26 22:34:24,952 [ERROR] LogOutputStream:75 - [STDERR_REDIRECT] 
2025-01-26 22:34:25,943 [ERROR] LogOutputStream:75 - [STDERR_REDIRECT] [Fatal Error] :1:1: Premature end of file.
2025-01-26 22:34:25,943 [ERROR] LogOutputStream:75 - [STDERR_REDIRECT] 
2025-01-26 22:34:26,933 [ERROR] LogOutputStream:75 - [STDERR_REDIRECT] [Fatal Error] :1:1: Premature end of file.
2025-01-26 22:34:26,933 [ERROR] LogOutputStream:75 - [STDERR_REDIRECT] 
2025-01-26 22:34:27,939 [ERROR] LogOutputStream:75 - [STDERR_REDIRECT] [Fatal Error] :1:1: Premature end of file.
2025-01-26 22:34:27,939 [ERROR] LogOutputStream:75 - [STDERR_REDIRECT] 
2025-01-26 22:34:28,917 [ERROR] LogOutputStream:75 - [STDERR_REDIRECT] [Fatal Error] :1:1: Premature end of file.
2025-01-26 22:34:28,917 [ERROR] LogOutputStream:75 - [STDERR_REDIRECT] 
2025-01-26 22:34:29,915 [ERROR] LogOutputStream:75 - [STDERR_REDIRECT] [Fatal Error] :1:1: Premature end of file.
2025-01-26 22:34:29,915 [ERROR] LogOutputStream:75 - [STDERR_REDIRECT] 
2025-01-26 22:34:30,934 [ERROR] LogOutputStream:75 - [STDERR_REDIRECT] [Fatal Error] :1:1: Premature end of file.
2025-01-26 22:34:30,934 [ERROR] LogOutputStream:75 - [STDERR_REDIRECT] 
2025-01-26 22:34:31,947 [ERROR] LogOutputStream:75 - [STDERR_REDIRECT] [Fatal Error] :1:1: Premature end of file.
2025-01-26 22:34:31,947 [ERROR] LogOutputStream:75 - [STDERR_REDIRECT] 
2025-01-26 22:34:32,938 [ERROR] LogOutputStream:75 - [STDERR_REDIRECT] [Fatal Error] :1:1: Premature end of file.
2025-01-26 22:34:32,938 [ERROR] LogOutputStream:75 - [STDERR_REDIRECT] 
2025-01-26 22:34:33,926 [ERROR] LogOutputStream:75 - [STDERR_REDIRECT] [Fatal Error] :1:1: Premature end of file.
2025-01-26 22:34:33,926 [ERROR] LogOutputStream:75 - [STDERR_REDIRECT] 
2025-01-26 22:34:34,939 [ERROR] LogOutputStream:75 - [STDERR_REDIRECT] [Fatal Error] :1:1: Premature end of file.
2025-01-26 22:34:34,939 [ERROR] LogOutputStream:75 - [STDERR_REDIRECT] 
2025-01-26 22:34:35,938 [ERROR] LogOutputStream:75 - [STDERR_REDIRECT] [Fatal Error] :1:1: Premature end of file.
2025-01-26 22:34:35,940 [ERROR] LogOutputStream:75 - [STDERR_REDIRECT] 
2025-01-26 22:34:36,932 [ERROR] LogOutputStream:75 - [STDERR_REDIRECT] [Fatal Error] :1:1: Premature end of file.
2025-01-26 22:34:36,932 [ERROR] LogOutputStream:75 - [STDERR_REDIRECT] 
2025-01-26 22:34:37,941 [ERROR] LogOutputStream:75 - [STDERR_REDIRECT] [Fatal Error] :1:1: Premature end of file.
2025-01-26 22:34:37,942 [ERROR] LogOutputStream:75 - [STDERR_REDIRECT] 
2025-01-26 22:34:38,933 [ERROR] LogOutputStream:75 - [STDERR_REDIRECT] [Fatal Error] :1:1: Premature end of file.
2025-01-26 22:34:38,935 [ERROR] LogOutputStream:75 - [STDERR_REDIRECT] 
2025-01-26 22:34:39,936 [ERROR] LogOutputStream:75 - [STDERR_REDIRECT] [Fatal Error] :1:1: Premature end of file.
2025-01-26 22:34:39,936 [ERROR] LogOutputStream:75 - [STDERR_REDIRECT] 
2025-01-26 22:34:40,925 [ERROR] LogOutputStream:75 - [STDERR_REDIRECT] [Fatal Error] :1:1: Premature end of file.
2025-01-26 22:34:40,926 [ERROR] LogOutputStream:75 - [STDERR_REDIRECT] 
2025-01-26 22:34:41,919 [ERROR] LogOutputStream:75 - [STDERR_REDIRECT] [Fatal Error] :1:1: Premature end of file.
2025-01-26 22:34:41,921 [ERROR] LogOutputStream:75 - [STDERR_REDIRECT] 
2025-01-26 22:34:42,930 [ERROR] LogOutputStream:75 - [STDERR_REDIRECT] [Fatal Error] :1:1: Premature end of file.
2025-01-26 22:34:42,931 [ERROR] LogOutputStream:75 - [STDERR_REDIRECT] 
2025-01-26 22:34:43,943 [ERROR] LogOutputStream:75 - [STDERR_REDIRECT] [Fatal Error] :1:1: Premature end of file.
2025-01-26 22:34:43,943 [ERROR] LogOutputStream:75 - [STDERR_REDIRECT] 
2025-01-26 22:34:44,929 [ERROR] LogOutputStream:75 - [STDERR_REDIRECT] [Fatal Error] :1:1: Premature end of file.
2025-01-26 22:34:44,929 [ERROR] LogOutputStream:75 - [STDERR_REDIRECT] 
2025-01-26 22:34:45,931 [ERROR] LogOutputStream:75 - [STDERR_REDIRECT] [Fatal Error] :1:1: Premature end of file.
2025-01-26 22:34:45,932 [ERROR] LogOutputStream:75 - [STDERR_REDIRECT] 
2025-01-26 22:34:46,942 [ERROR] LogOutputStream:75 - [STDERR_REDIRECT] [Fatal Error] :1:1: Premature end of file.
2025-01-26 22:34:46,942 [ERROR] LogOutputStream:75 - [STDERR_REDIRECT] 
2025-01-26 22:34:47,950 [ERROR] LogOutputStream:75 - [STDERR_REDIRECT] [Fatal Error] :1:1: Premature end of file.
2025-01-26 22:34:47,950 [ERROR] LogOutputStream:75 - [STDERR_REDIRECT] 
2025-01-26 22:34:48,954 [ERROR] LogOutputStream:75 - [STDERR_REDIRECT] [Fatal Error] :1:1: Premature end of file.
2025-01-26 22:34:48,954 [ERROR] LogOutputStream:75 - [STDERR_REDIRECT] 
2025-01-26 22:34:49,918 [ERROR] LogOutputStream:75 - [STDERR_REDIRECT] [Fatal Error] :1:1: Premature end of file.
2025-01-26 22:34:49,919 [ERROR] LogOutputStream:75 - [STDERR_REDIRECT] 
2025-01-26 22:34:50,931 [ERROR] LogOutputStream:75 - [STDERR_REDIRECT] [Fatal Error] :1:1: Premature end of file.
2025-01-26 22:34:50,931 [ERROR] LogOutputStream:75 - [STDERR_REDIRECT] 
2025-01-26 22:34:51,927 [ERROR] LogOutputStream:75 - [STDERR_REDIRECT] [Fatal Error] :1:1: Premature end of file.
2025-01-26 22:34:51,927 [ERROR] LogOutputStream:75 - [STDERR_REDIRECT] 
2025-01-26 22:34:52,930 [ERROR] LogOutputStream:75 - [STDERR_REDIRECT] [Fatal Error] :1:1: Premature end of file.
2025-01-26 22:34:52,930 [ERROR] LogOutputStream:75 - [STDERR_REDIRECT] 
2025-01-26 22:34:53,925 [ERROR] LogOutputStream:75 - [STDERR_REDIRECT] [Fatal Error] :1:1: Premature end of file.
2025-01-26 22:34:53,925 [ERROR] LogOutputStream:75 - [STDERR_REDIRECT] 
2025-01-26 22:34:54,930 [ERROR] LogOutputStream:75 - [STDERR_REDIRECT] [Fatal Error] :1:1: Premature end of file.
2025-01-26 22:34:54,930 [ERROR] LogOutputStream:75 - [STDERR_REDIRECT] 
2025-01-26 22:34:55,935 [ERROR] LogOutputStream:75 - [STDERR_REDIRECT] [Fatal Error] :1:1: Premature end of file.
2025-01-26 22:34:55,935 [ERROR] LogOutputStream:75 - [STDERR_REDIRECT] 
2025-01-26 22:34:56,943 [ERROR] LogOutputStream:75 - [STDERR_REDIRECT] [Fatal Error] :1:1: Premature end of file.
2025-01-26 22:34:56,943 [ERROR] LogOutputStream:75 - [STDERR_REDIRECT] 
2025-01-26 22:34:57,937 [ERROR] LogOutputStream:75 - [STDERR_REDIRECT] [Fatal Error] :1:1: Premature end of file.
2025-01-26 22:34:57,937 [ERROR] LogOutputStream:75 - [STDERR_REDIRECT] 
2025-01-26 22:34:58,934 [ERROR] LogOutputStream:75 - [STDERR_REDIRECT] [Fatal Error] :1:1: Premature end of file.
2025-01-26 22:34:58,935 [ERROR] LogOutputStream:75 - [STDERR_REDIRECT] 
2025-01-26 22:34:59,928 [ERROR] LogOutputStream:75 - [STDERR_REDIRECT] [Fatal Error] :1:1: Premature end of file.
2025-01-26 22:34:59,928 [ERROR] LogOutputStream:75 - [STDERR_REDIRECT] 
2025-01-26 22:35:00,938 [ERROR] LogOutputStream:75 - [STDERR_REDIRECT] [Fatal Error] :1:1: Premature end of file.
2025-01-26 22:35:00,938 [ERROR] LogOutputStream:75 - [STDERR_REDIRECT] 
2025-01-26 22:35:01,938 [ERROR] LogOutputStream:75 - [STDERR_REDIRECT] [Fatal Error] :1:1: Premature end of file.
2025-01-26 22:35:01,938 [ERROR] LogOutputStream:75 - [STDERR_REDIRECT] 
2025-01-26 22:35:02,937 [ERROR] LogOutputStream:75 - [STDERR_REDIRECT] [Fatal Error] :1:1: Premature end of file.
2025-01-26 22:35:02,937 [ERROR] LogOutputStream:75 - [STDERR_REDIRECT] 
2025-01-26 22:35:03,942 [ERROR] LogOutputStream:75 - [STDERR_REDIRECT] [Fatal Error] :1:1: Premature end of file.
2025-01-26 22:35:03,943 [ERROR] LogOutputStream:75 - [STDERR_REDIRECT] 
2025-01-26 22:35:04,949 [ERROR] LogOutputStream:75 - [STDERR_REDIRECT] [Fatal Error] :1:1: Premature end of file.
2025-01-26 22:35:04,949 [ERROR] LogOutputStream:75 - [STDERR_REDIRECT] 
2025-01-26 22:35:05,937 [ERROR] LogOutputStream:75 - [STDERR_REDIRECT] [Fatal Error] :1:1: Premature end of file.
2025-01-26 22:35:05,937 [ERROR] LogOutputStream:75 - [STDERR_REDIRECT] 
2025-01-26 22:35:06,931 [ERROR] LogOutputStream:75 - [STDERR_REDIRECT] [Fatal Error] :1:1: Premature end of file.
2025-01-26 22:35:06,931 [ERROR] LogOutputStream:75 - [STDERR_REDIRECT] 
2025-01-26 22:35:07,945 [ERROR] LogOutputStream:75 - [STDERR_REDIRECT] [Fatal Error] :1:1: Premature end of file.
2025-01-26 22:35:07,945 [ERROR] LogOutputStream:75 - [STDERR_REDIRECT] 
2025-01-26 22:35:08,936 [ERROR] LogOutputStream:75 - [STDERR_REDIRECT] [Fatal Error] :1:1: Premature end of file.
2025-01-26 22:35:08,936 [ERROR] LogOutputStream:75 - [STDERR_REDIRECT] 
2025-01-26 22:35:09,936 [ERROR] LogOutputStream:75 - [STDERR_REDIRECT] [Fatal Error] :1:1: Premature end of file.
2025-01-26 22:35:09,936 [ERROR] LogOutputStream:75 - [STDERR_REDIRECT] 
2025-01-26 22:35:10,934 [ERROR] LogOutputStream:75 - [STDERR_REDIRECT] [Fatal Error] :1:1: Premature end of file.
2025-01-26 22:35:10,934 [ERROR] LogOutputStream:75 - [STDERR_REDIRECT] 
2025-01-26 22:35:11,935 [ERROR] LogOutputStream:75 - [STDERR_REDIRECT] [Fatal Error] :1:1: Premature end of file.
2025-01-26 22:35:11,935 [ERROR] LogOutputStream:75 - [STDERR_REDIRECT] 
2025-01-26 22:35:12,929 [ERROR] LogOutputStream:75 - [STDERR_REDIRECT] [Fatal Error] :1:1: Premature end of file.
2025-01-26 22:35:12,929 [ERROR] LogOutputStream:75 - [STDERR_REDIRECT] 
2025-01-26 22:35:13,933 [ERROR] LogOutputStream:75 - [STDERR_REDIRECT] [Fatal Error] :1:1: Premature end of file.
2025-01-26 22:35:13,933 [ERROR] LogOutputStream:75 - [STDERR_REDIRECT] 
2025-01-26 22:35:14,924 [ERROR] LogOutputStream:75 - [STDERR_REDIRECT] [Fatal Error] :1:1: Premature end of file.
2025-01-26 22:35:14,924 [ERROR] LogOutputStream:75 - [STDERR_REDIRECT] 
2025-01-26 22:35:15,944 [ERROR] LogOutputStream:75 - [STDERR_REDIRECT] [Fatal Error] :1:1: Premature end of file.
2025-01-26 22:35:15,944 [ERROR] LogOutputStream:75 - [STDERR_REDIRECT] 
2025-01-26 22:35:16,946 [ERROR] LogOutputStream:75 - [STDERR_REDIRECT] [Fatal Error] :1:1: Premature end of file.
2025-01-26 22:35:16,946 [ERROR] LogOutputStream:75 - [STDERR_REDIRECT] 
2025-01-26 22:35:17,943 [ERROR] LogOutputStream:75 - [STDERR_REDIRECT] [Fatal Error] :1:1: Premature end of file.
2025-01-26 22:35:17,943 [ERROR] LogOutputStream:75 - [STDERR_REDIRECT] 
2025-01-26 22:35:18,936 [ERROR] LogOutputStream:75 - [STDERR_REDIRECT] [Fatal Error] :1:1: Premature end of file.
2025-01-26 22:35:18,936 [ERROR] LogOutputStream:75 - [STDERR_REDIRECT] 
2025-01-26 22:35:19,928 [ERROR] LogOutputStream:75 - [STDERR_REDIRECT] [Fatal Error] :1:1: Premature end of file.
2025-01-26 22:35:19,928 [ERROR] LogOutputStream:75 - [STDERR_REDIRECT] 
2025-01-26 22:35:20,928 [ERROR] LogOutputStream:75 - [STDERR_REDIRECT] [Fatal Error] :1:1: Premature end of file.
2025-01-26 22:35:20,928 [ERROR] LogOutputStream:75 - [STDERR_REDIRECT] 
2025-01-26 22:35:21,937 [ERROR] LogOutputStream:75 - [STDERR_REDIRECT] [Fatal Error] :1:1: Premature end of file.
2025-01-26 22:35:21,937 [ERROR] LogOutputStream:75 - [STDERR_REDIRECT] 
2025-01-26 22:35:22,932 [ERROR] LogOutputStream:75 - [STDERR_REDIRECT] [Fatal Error] :1:1: Premature end of file.
2025-01-26 22:35:22,932 [ERROR] LogOutputStream:75 - [STDERR_REDIRECT] 
2025-01-26 22:35:23,937 [ERROR] LogOutputStream:75 - [STDERR_REDIRECT] [Fatal Error] :1:1: Premature end of file.
2025-01-26 22:35:23,937 [ERROR] LogOutputStream:75 - [STDERR_REDIRECT] 
2025-01-26 22:35:24,919 [ERROR] LogOutputStream:75 - [STDERR_REDIRECT] [Fatal Error] :1:1: Premature end of file.
2025-01-26 22:35:24,919 [ERROR] LogOutputStream:75 - [STDERR_REDIRECT] 
2025-01-26 22:35:25,933 [ERROR] LogOutputStream:75 - [STDERR_REDIRECT] [Fatal Error] :1:1: Premature end of file.
2025-01-26 22:35:25,935 [ERROR] LogOutputStream:75 - [STDERR_REDIRECT] 
2025-01-26 22:35:26,936 [ERROR] LogOutputStream:75 - [STDERR_REDIRECT] [Fatal Error] :1:1: Premature end of file.
2025-01-26 22:35:26,936 [ERROR] LogOutputStream:75 - [STDERR_REDIRECT] 
2025-01-26 22:35:27,944 [ERROR] LogOutputStream:75 - [STDERR_REDIRECT] [Fatal Error] :1:1: Premature end of file.
2025-01-26 22:35:27,944 [ERROR] LogOutputStream:75 - [STDERR_REDIRECT] 
2025-01-26 22:35:28,921 [ERROR] LogOutputStream:75 - [STDERR_REDIRECT] [Fatal Error] :1:1: Premature end of file.
2025-01-26 22:35:28,921 [ERROR] LogOutputStream:75 - [STDERR_REDIRECT] 
2025-01-26 22:35:29,923 [ERROR] LogOutputStream:75 - [STDERR_REDIRECT] [Fatal Error] :1:1: Premature end of file.
2025-01-26 22:35:29,923 [ERROR] LogOutputStream:75 - [STDERR_REDIRECT] 
2025-01-26 22:35:30,936 [ERROR] LogOutputStream:75 - [STDERR_REDIRECT] [Fatal Error] :1:1: Premature end of file.
2025-01-26 22:35:30,936 [ERROR] LogOutputStream:75 - [STDERR_REDIRECT] 
2025-01-26 22:35:31,942 [ERROR] LogOutputStream:75 - [STDERR_REDIRECT] [Fatal Error] :1:1: Premature end of file.
2025-01-26 22:35:31,942 [ERROR] LogOutputStream:75 - [STDERR_REDIRECT] 
2025-01-26 22:35:32,914 [ERROR] LogOutputStream:75 - [STDERR_REDIRECT] [Fatal Error] :1:1: Premature end of file.
2025-01-26 22:35:32,916 [ERROR] LogOutputStream:75 - [STDERR_REDIRECT] 
2025-01-26 22:35:33,928 [ERROR] LogOutputStream:75 - [STDERR_REDIRECT] [Fatal Error] :1:1: Premature end of file.
2025-01-26 22:35:33,929 [ERROR] LogOutputStream:75 - [STDERR_REDIRECT] 
2025-01-26 22:35:34,919 [ERROR] LogOutputStream:75 - [STDERR_REDIRECT] [Fatal Error] :1:1: Premature end of file.
2025-01-26 22:35:34,919 [ERROR] LogOutputStream:75 - [STDERR_REDIRECT] 
2025-01-26 22:35:35,919 [ERROR] LogOutputStream:75 - [STDERR_REDIRECT] [Fatal Error] :1:1: Premature end of file.
2025-01-26 22:35:35,919 [ERROR] LogOutputStream:75 - [STDERR_REDIRECT] 
2025-01-26 22:35:36,934 [ERROR] LogOutputStream:75 - [STDERR_REDIRECT] [Fatal Error] :1:1: Premature end of file.
2025-01-26 22:35:36,934 [ERROR] LogOutputStream:75 - [STDERR_REDIRECT] 
2025-01-26 22:35:37,937 [ERROR] LogOutputStream:75 - [STDERR_REDIRECT] [Fatal Error] :1:1: Premature end of file.
2025-01-26 22:35:37,937 [ERROR] LogOutputStream:75 - [STDERR_REDIRECT] 
2025-01-26 22:35:38,930 [ERROR] LogOutputStream:75 - [STDERR_REDIRECT] [Fatal Error] :1:1: Premature end of file.
2025-01-26 22:35:38,930 [ERROR] LogOutputStream:75 - [STDERR_REDIRECT] 
2025-01-26 22:35:39,926 [ERROR] LogOutputStream:75 - [STDERR_REDIRECT] [Fatal Error] :1:1: Premature end of file.
2025-01-26 22:35:39,926 [ERROR] LogOutputStream:75 - [STDERR_REDIRECT] 
2025-01-26 22:35:40,922 [ERROR] LogOutputStream:75 - [STDERR_REDIRECT] [Fatal Error] :1:1: Premature end of file.
2025-01-26 22:35:40,922 [ERROR] LogOutputStream:75 - [STDERR_REDIRECT] 
2025-01-26 22:35:41,932 [ERROR] LogOutputStream:75 - [STDERR_REDIRECT] [Fatal Error] :1:1: Premature end of file.
2025-01-26 22:35:41,932 [ERROR] LogOutputStream:75 - [STDERR_REDIRECT] 
2025-01-26 22:35:42,941 [ERROR] LogOutputStream:75 - [STDERR_REDIRECT] [Fatal Error] :1:1: Premature end of file.
2025-01-26 22:35:42,941 [ERROR] LogOutputStream:75 - [STDERR_REDIRECT] 
2025-01-26 22:35:43,936 [ERROR] LogOutputStream:75 - [STDERR_REDIRECT] [Fatal Error] :1:1: Premature end of file.
2025-01-26 22:35:43,936 [ERROR] LogOutputStream:75 - [STDERR_REDIRECT] 
2025-01-26 22:35:44,930 [ERROR] LogOutputStream:75 - [STDERR_REDIRECT] [Fatal Error] :1:1: Premature end of file.
2025-01-26 22:35:44,930 [ERROR] LogOutputStream:75 - [STDERR_REDIRECT] 
2025-01-26 22:35:45,935 [ERROR] LogOutputStream:75 - [STDERR_REDIRECT] [Fatal Error] :1:1: Premature end of file.
2025-01-26 22:35:45,935 [ERROR] LogOutputStream:75 - [STDERR_REDIRECT] 
2025-01-26 22:35:46,930 [ERROR] LogOutputStream:75 - [STDERR_REDIRECT] [Fatal Error] :1:1: Premature end of file.
2025-01-26 22:35:46,932 [ERROR] LogOutputStream:75 - [STDERR_REDIRECT] 
2025-01-26 22:35:47,928 [ERROR] LogOutputStream:75 - [STDERR_REDIRECT] [Fatal Error] :1:1: Premature end of file.
2025-01-26 22:35:47,928 [ERROR] LogOutputStream:75 - [STDERR_REDIRECT] 
2025-01-26 22:35:48,927 [ERROR] LogOutputStream:75 - [STDERR_REDIRECT] [Fatal Error] :1:1: Premature end of file.
2025-01-26 22:35:48,929 [ERROR] LogOutputStream:75 - [STDERR_REDIRECT] 
2025-01-26 22:35:49,924 [ERROR] LogOutputStream:75 - [STDERR_REDIRECT] [Fatal Error] :1:1: Premature end of file.
2025-01-26 22:35:49,924 [ERROR] LogOutputStream:75 - [STDERR_REDIRECT] 
2025-01-26 22:35:50,932 [ERROR] LogOutputStream:75 - [STDERR_REDIRECT] [Fatal Error] :1:1: Premature end of file.
2025-01-26 22:35:50,932 [ERROR] LogOutputStream:75 - [STDERR_REDIRECT] 
2025-01-26 22:35:51,922 [ERROR] LogOutputStream:75 - [STDERR_REDIRECT] [Fatal Error] :1:1: Premature end of file.
2025-01-26 22:35:51,922 [ERROR] LogOutputStream:75 - [STDERR_REDIRECT] 
2025-01-26 22:35:52,940 [ERROR] LogOutputStream:75 - [STDERR_REDIRECT] [Fatal Error] :1:1: Premature end of file.
2025-01-26 22:35:52,940 [ERROR] LogOutputStream:75 - [STDERR_REDIRECT] 
2025-01-26 22:35:53,924 [ERROR] LogOutputStream:75 - [STDERR_REDIRECT] [Fatal Error] :1:1: Premature end of file.
2025-01-26 22:35:53,924 [ERROR] LogOutputStream:75 - [STDERR_REDIRECT] 
2025-01-26 22:35:54,928 [ERROR] LogOutputStream:75 - [STDERR_REDIRECT] [Fatal Error] :1:1: Premature end of file.
2025-01-26 22:35:54,928 [ERROR] LogOutputStream:75 - [STDERR_REDIRECT] 
2025-01-26 22:35:55,931 [ERROR] LogOutputStream:75 - [STDERR_REDIRECT] [Fatal Error] :1:1: Premature end of file.
2025-01-26 22:35:55,931 [ERROR] LogOutputStream:75 - [STDERR_REDIRECT] 
2025-01-26 22:35:56,933 [ERROR] LogOutputStream:75 - [STDERR_REDIRECT] [Fatal Error] :1:1: Premature end of file.
2025-01-26 22:35:56,933 [ERROR] LogOutputStream:75 - [STDERR_REDIRECT] 
2025-01-26 22:35:57,940 [ERROR] LogOutputStream:75 - [STDERR_REDIRECT] [Fatal Error] :1:1: Premature end of file.
2025-01-26 22:35:57,940 [ERROR] LogOutputStream:75 - [STDERR_REDIRECT] 
2025-01-26 22:35:58,929 [ERROR] LogOutputStream:75 - [STDERR_REDIRECT] [Fatal Error] :1:1: Premature end of file.
2025-01-26 22:35:58,929 [ERROR] LogOutputStream:75 - [STDERR_REDIRECT] 
2025-01-26 22:35:59,919 [ERROR] LogOutputStream:75 - [STDERR_REDIRECT] [Fatal Error] :1:1: Premature end of file.
2025-01-26 22:35:59,919 [ERROR] LogOutputStream:75 - [STDERR_REDIRECT] 
2025-01-26 22:36:00,918 [ERROR] LogOutputStream:75 - [STDERR_REDIRECT] [Fatal Error] :1:1: Premature end of file.
2025-01-26 22:36:00,918 [ERROR] LogOutputStream:75 - [STDERR_REDIRECT] 
2025-01-26 22:36:01,939 [ERROR] LogOutputStream:75 - [STDERR_REDIRECT] [Fatal Error] :1:1: Premature end of file.
2025-01-26 22:36:01,939 [ERROR] LogOutputStream:75 - [STDERR_REDIRECT] 
2025-01-26 22:36:02,928 [ERROR] LogOutputStream:75 - [STDERR_REDIRECT] [Fatal Error] :1:1: Premature end of file.
2025-01-26 22:36:02,928 [ERROR] LogOutputStream:75 - [STDERR_REDIRECT] 
2025-01-26 22:36:03,923 [ERROR] LogOutputStream:75 - [STDERR_REDIRECT] [Fatal Error] :1:1: Premature end of file.
2025-01-26 22:36:03,923 [ERROR] LogOutputStream:75 - [STDERR_REDIRECT] 
2025-01-26 22:36:04,952 [ERROR] LogOutputStream:75 - [STDERR_REDIRECT] [Fatal Error] :1:1: Premature end of file.
2025-01-26 22:36:04,952 [ERROR] LogOutputStream:75 - [STDERR_REDIRECT] 
2025-01-26 22:36:05,916 [ERROR] LogOutputStream:75 - [STDERR_REDIRECT] [Fatal Error] :1:1: Premature end of file.
2025-01-26 22:36:05,918 [ERROR] LogOutputStream:75 - [STDERR_REDIRECT] 
2025-01-26 22:36:06,942 [ERROR] LogOutputStream:75 - [STDERR_REDIRECT] [Fatal Error] :1:1: Premature end of file.
2025-01-26 22:36:06,942 [ERROR] LogOutputStream:75 - [STDERR_REDIRECT] 
2025-01-26 22:36:07,939 [ERROR] LogOutputStream:75 - [STDERR_REDIRECT] [Fatal Error] :1:1: Premature end of file.
2025-01-26 22:36:07,939 [ERROR] LogOutputStream:75 - [STDERR_REDIRECT] 
2025-01-26 22:36:08,932 [ERROR] LogOutputStream:75 - [STDERR_REDIRECT] [Fatal Error] :1:1: Premature end of file.
2025-01-26 22:36:08,932 [ERROR] LogOutputStream:75 - [STDERR_REDIRECT] 
2025-01-26 22:36:09,939 [ERROR] LogOutputStream:75 - [STDERR_REDIRECT] [Fatal Error] :1:1: Premature end of file.
2025-01-26 22:36:09,939 [ERROR] LogOutputStream:75 - [STDERR_REDIRECT] 
2025-01-26 22:36:10,940 [ERROR] LogOutputStream:75 - [STDERR_REDIRECT] [Fatal Error] :1:1: Premature end of file.
2025-01-26 22:36:10,940 [ERROR] LogOutputStream:75 - [STDERR_REDIRECT] 
2025-01-26 22:36:11,963 [ERROR] LogOutputStream:75 - [STDERR_REDIRECT] [Fatal Error] :1:1: Premature end of file.
2025-01-26 22:36:11,963 [ERROR] LogOutputStream:75 - [STDERR_REDIRECT] 
2025-01-26 22:36:12,920 [ERROR] LogOutputStream:75 - [STDERR_REDIRECT] [Fatal Error] :1:1: Premature end of file.
2025-01-26 22:36:12,920 [ERROR] LogOutputStream:75 - [STDERR_REDIRECT] 
2025-01-26 22:36:13,937 [ERROR] LogOutputStream:75 - [STDERR_REDIRECT] [Fatal Error] :1:1: Premature end of file.
2025-01-26 22:36:13,937 [ERROR] LogOutputStream:75 - [STDERR_REDIRECT] 
2025-01-26 22:36:14,936 [ERROR] LogOutputStream:75 - [STDERR_REDIRECT] [Fatal Error] :1:1: Premature end of file.
2025-01-26 22:36:14,936 [ERROR] LogOutputStream:75 - [STDERR_REDIRECT] 
2025-01-26 22:36:15,929 [ERROR] LogOutputStream:75 - [STDERR_REDIRECT] [Fatal Error] :1:1: Premature end of file.
2025-01-26 22:36:15,929 [ERROR] LogOutputStream:75 - [STDERR_REDIRECT] 
2025-01-26 22:36:16,931 [ERROR] LogOutputStream:75 - [STDERR_REDIRECT] [Fatal Error] :1:1: Premature end of file.
2025-01-26 22:36:16,931 [ERROR] LogOutputStream:75 - [STDERR_REDIRECT] 
2025-01-26 22:36:17,936 [ERROR] LogOutputStream:75 - [STDERR_REDIRECT] [Fatal Error] :1:1: Premature end of file.
2025-01-26 22:36:17,936 [ERROR] LogOutputStream:75 - [STDERR_REDIRECT] 
2025-01-26 22:36:18,938 [ERROR] LogOutputStream:75 - [STDERR_REDIRECT] [Fatal Error] :1:1: Premature end of file.
2025-01-26 22:36:18,938 [ERROR] LogOutputStream:75 - [STDERR_REDIRECT] 
2025-01-26 22:36:19,931 [ERROR] LogOutputStream:75 - [STDERR_REDIRECT] [Fatal Error] :1:1: Premature end of file.
2025-01-26 22:36:19,931 [ERROR] LogOutputStream:75 - [STDERR_REDIRECT] 
2025-01-26 22:36:20,927 [ERROR] LogOutputStream:75 - [STDERR_REDIRECT] [Fatal Error] :1:1: Premature end of file.
2025-01-26 22:36:20,927 [ERROR] LogOutputStream:75 - [STDERR_REDIRECT] 
2025-01-26 22:36:21,941 [ERROR] LogOutputStream:75 - [STDERR_REDIRECT] [Fatal Error] :1:1: Premature end of file.
2025-01-26 22:36:21,941 [ERROR] LogOutputStream:75 - [STDERR_REDIRECT] 
2025-01-26 22:36:22,941 [ERROR] LogOutputStream:75 - [STDERR_REDIRECT] [Fatal Error] :1:1: Premature end of file.
2025-01-26 22:36:22,941 [ERROR] LogOutputStream:75 - [STDERR_REDIRECT] 
2025-01-26 22:36:23,922 [ERROR] LogOutputStream:75 - [STDERR_REDIRECT] [Fatal Error] :1:1: Premature end of file.
2025-01-26 22:36:23,922 [ERROR] LogOutputStream:75 - [STDERR_REDIRECT] 
2025-01-26 22:36:24,915 [ERROR] LogOutputStream:75 - [STDERR_REDIRECT] [Fatal Error] :1:1: Premature end of file.
2025-01-26 22:36:24,915 [ERROR] LogOutputStream:75 - [STDERR_REDIRECT] 
2025-01-26 22:36:25,936 [ERROR] LogOutputStream:75 - [STDERR_REDIRECT] [Fatal Error] :1:1: Premature end of file.
2025-01-26 22:36:25,936 [ERROR] LogOutputStream:75 - [STDERR_REDIRECT] 
2025-01-26 22:36:26,936 [ERROR] LogOutputStream:75 - [STDERR_REDIRECT] [Fatal Error] :1:1: Premature end of file.
2025-01-26 22:36:26,936 [ERROR] LogOutputStream:75 - [STDERR_REDIRECT] 
2025-01-26 22:36:27,934 [ERROR] LogOutputStream:75 - [STDERR_REDIRECT] [Fatal Error] :1:1: Premature end of file.
2025-01-26 22:36:27,934 [ERROR] LogOutputStream:75 - [STDERR_REDIRECT] 
2025-01-26 22:36:28,934 [ERROR] LogOutputStream:75 - [STDERR_REDIRECT] [Fatal Error] :1:1: Premature end of file.
2025-01-26 22:36:28,934 [ERROR] LogOutputStream:75 - [STDERR_REDIRECT] 
2025-01-26 22:36:29,937 [ERROR] LogOutputStream:75 - [STDERR_REDIRECT] [Fatal Error] :1:1: Premature end of file.
2025-01-26 22:36:29,937 [ERROR] LogOutputStream:75 - [STDERR_REDIRECT] 
2025-01-26 22:36:30,931 [ERROR] LogOutputStream:75 - [STDERR_REDIRECT] [Fatal Error] :1:1: Premature end of file.
2025-01-26 22:36:30,931 [ERROR] LogOutputStream:75 - [STDERR_REDIRECT] 
2025-01-26 22:36:31,946 [ERROR] LogOutputStream:75 - [STDERR_REDIRECT] [Fatal Error] :1:1: Premature end of file.
2025-01-26 22:36:31,946 [ERROR] LogOutputStream:75 - [STDERR_REDIRECT] 
2025-01-26 22:36:32,944 [ERROR] LogOutputStream:75 - [STDERR_REDIRECT] [Fatal Error] :1:1: Premature end of file.
2025-01-26 22:36:32,944 [ERROR] LogOutputStream:75 - [STDERR_REDIRECT] 
2025-01-26 22:36:33,929 [ERROR] LogOutputStream:75 - [STDERR_REDIRECT] [Fatal Error] :1:1: Premature end of file.
2025-01-26 22:36:33,929 [ERROR] LogOutputStream:75 - [STDERR_REDIRECT] 
2025-01-26 22:36:34,931 [ERROR] LogOutputStream:75 - [STDERR_REDIRECT] [Fatal Error] :1:1: Premature end of file.
2025-01-26 22:36:34,931 [ERROR] LogOutputStream:75 - [STDERR_REDIRECT] 
2025-01-26 22:36:35,927 [ERROR] LogOutputStream:75 - [STDERR_REDIRECT] [Fatal Error] :1:1: Premature end of file.
2025-01-26 22:36:35,927 [ERROR] LogOutputStream:75 - [STDERR_REDIRECT] 
2025-01-26 22:36:36,923 [ERROR] LogOutputStream:75 - [STDERR_REDIRECT] [Fatal Error] :1:1: Premature end of file.
2025-01-26 22:36:36,925 [ERROR] LogOutputStream:75 - [STDERR_REDIRECT] 
2025-01-26 22:36:37,930 [ERROR] LogOutputStream:75 - [STDERR_REDIRECT] [Fatal Error] :1:1: Premature end of file.
2025-01-26 22:36:37,930 [ERROR] LogOutputStream:75 - [STDERR_REDIRECT] 
2025-01-26 22:36:38,916 [ERROR] LogOutputStream:75 - [STDERR_REDIRECT] [Fatal Error] :1:1: Premature end of file.
2025-01-26 22:36:38,916 [ERROR] LogOutputStream:75 - [STDERR_REDIRECT] 
2025-01-26 22:36:39,939 [ERROR] LogOutputStream:75 - [STDERR_REDIRECT] [Fatal Error] :1:1: Premature end of file.
2025-01-26 22:36:39,939 [ERROR] LogOutputStream:75 - [STDERR_REDIRECT] 
2025-01-26 22:36:40,940 [ERROR] LogOutputStream:75 - [STDERR_REDIRECT] [Fatal Error] :1:1: Premature end of file.
2025-01-26 22:36:40,940 [ERROR] LogOutputStream:75 - [STDERR_REDIRECT] 
2025-01-26 22:36:41,936 [ERROR] LogOutputStream:75 - [STDERR_REDIRECT] [Fatal Error] :1:1: Premature end of file.
2025-01-26 22:36:41,938 [ERROR] LogOutputStream:75 - [STDERR_REDIRECT] 
2025-01-26 22:36:42,922 [ERROR] LogOutputStream:75 - [STDERR_REDIRECT] [Fatal Error] :1:1: Premature end of file.
2025-01-26 22:36:42,922 [ERROR] LogOutputStream:75 - [STDERR_REDIRECT] 
2025-01-26 22:36:43,927 [ERROR] LogOutputStream:75 - [STDERR_REDIRECT] [Fatal Error] :1:1: Premature end of file.
2025-01-26 22:36:43,927 [ERROR] LogOutputStream:75 - [STDERR_REDIRECT] 
2025-01-26 22:36:44,938 [ERROR] LogOutputStream:75 - [STDERR_REDIRECT] [Fatal Error] :1:1: Premature end of file.
2025-01-26 22:36:44,938 [ERROR] LogOutputStream:75 - [STDERR_REDIRECT] 
2025-01-26 22:36:45,931 [ERROR] LogOutputStream:75 - [STDERR_REDIRECT] [Fatal Error] :1:1: Premature end of file.
2025-01-26 22:36:45,931 [ERROR] LogOutputStream:75 - [STDERR_REDIRECT] 
2025-01-26 22:36:46,927 [ERROR] LogOutputStream:75 - [STDERR_REDIRECT] [Fatal Error] :1:1: Premature end of file.
2025-01-26 22:36:46,927 [ERROR] LogOutputStream:75 - [STDERR_REDIRECT] 
2025-01-26 22:36:47,927 [ERROR] LogOutputStream:75 - [STDERR_REDIRECT] [Fatal Error] :1:1: Premature end of file.
2025-01-26 22:36:47,927 [ERROR] LogOutputStream:75 - [STDERR_REDIRECT] 
2025-01-26 22:36:48,929 [ERROR] LogOutputStream:75 - [STDERR_REDIRECT] [Fatal Error] :1:1: Premature end of file.
2025-01-26 22:36:48,930 [ERROR] LogOutputStream:75 - [STDERR_REDIRECT] 
2025-01-26 22:36:49,929 [ERROR] LogOutputStream:75 - [STDERR_REDIRECT] [Fatal Error] :1:1: Premature end of file.
2025-01-26 22:36:49,929 [ERROR] LogOutputStream:75 - [STDERR_REDIRECT] 
2025-01-26 22:36:50,934 [ERROR] LogOutputStream:75 - [STDERR_REDIRECT] [Fatal Error] :1:1: Premature end of file.
2025-01-26 22:36:50,934 [ERROR] LogOutputStream:75 - [STDERR_REDIRECT] 
2025-01-26 22:36:51,925 [ERROR] LogOutputStream:75 - [STDERR_REDIRECT] [Fatal Error] :1:1: Premature end of file.
2025-01-26 22:36:51,925 [ERROR] LogOutputStream:75 - [STDERR_REDIRECT] 
2025-01-26 22:36:52,927 [ERROR] LogOutputStream:75 - [STDERR_REDIRECT] [Fatal Error] :1:1: Premature end of file.
2025-01-26 22:36:52,927 [ERROR] LogOutputStream:75 - [STDERR_REDIRECT] 
2025-01-26 22:36:53,923 [ERROR] LogOutputStream:75 - [STDERR_REDIRECT] [Fatal Error] :1:1: Premature end of file.
2025-01-26 22:36:53,923 [ERROR] LogOutputStream:75 - [STDERR_REDIRECT] 
2025-01-26 22:36:54,950 [ERROR] LogOutputStream:75 - [STDERR_REDIRECT] [Fatal Error] :1:1: Premature end of file.
2025-01-26 22:36:54,952 [ERROR] LogOutputStream:75 - [STDERR_REDIRECT] 
2025-01-26 22:36:55,936 [ERROR] LogOutputStream:75 - [STDERR_REDIRECT] [Fatal Error] :1:1: Premature end of file.
2025-01-26 22:36:55,937 [ERROR] LogOutputStream:75 - [STDERR_REDIRECT] 
2025-01-26 22:36:56,940 [ERROR] LogOutputStream:75 - [STDERR_REDIRECT] [Fatal Error] :1:1: Premature end of file.
2025-01-26 22:36:56,940 [ERROR] LogOutputStream:75 - [STDERR_REDIRECT] 
2025-01-26 22:36:57,937 [ERROR] LogOutputStream:75 - [STDERR_REDIRECT] [Fatal Error] :1:1: Premature end of file.
2025-01-26 22:36:57,937 [ERROR] LogOutputStream:75 - [STDERR_REDIRECT] 
2025-01-26 22:36:58,934 [ERROR] LogOutputStream:75 - [STDERR_REDIRECT] [Fatal Error] :1:1: Premature end of file.
2025-01-26 22:36:58,934 [ERROR] LogOutputStream:75 - [STDERR_REDIRECT] 
2025-01-26 22:36:59,935 [ERROR] LogOutputStream:75 - [STDERR_REDIRECT] [Fatal Error] :1:1: Premature end of file.
2025-01-26 22:36:59,935 [ERROR] LogOutputStream:75 - [STDERR_REDIRECT] 
2025-01-26 22:37:00,925 [ERROR] LogOutputStream:75 - [STDERR_REDIRECT] [Fatal Error] :1:1: Premature end of file.
2025-01-26 22:37:00,925 [ERROR] LogOutputStream:75 - [STDERR_REDIRECT] 
2025-01-26 22:37:01,937 [ERROR] LogOutputStream:75 - [STDERR_REDIRECT] [Fatal Error] :1:1: Premature end of file.
2025-01-26 22:37:01,937 [ERROR] LogOutputStream:75 - [STDERR_REDIRECT] 
2025-01-26 22:37:02,937 [ERROR] LogOutputStream:75 - [STDERR_REDIRECT] [Fatal Error] :1:1: Premature end of file.
2025-01-26 22:37:02,937 [ERROR] LogOutputStream:75 - [STDERR_REDIRECT] 
2025-01-26 22:37:03,933 [ERROR] LogOutputStream:75 - [STDERR_REDIRECT] [Fatal Error] :1:1: Premature end of file.
2025-01-26 22:37:03,933 [ERROR] LogOutputStream:75 - [STDERR_REDIRECT] 
2025-01-26 22:37:04,941 [ERROR] LogOutputStream:75 - [STDERR_REDIRECT] [Fatal Error] :1:1: Premature end of file.
2025-01-26 22:37:04,941 [ERROR] LogOutputStream:75 - [STDERR_REDIRECT] 
2025-01-26 22:37:05,935 [ERROR] LogOutputStream:75 - [STDERR_REDIRECT] [Fatal Error] :1:1: Premature end of file.
2025-01-26 22:37:05,935 [ERROR] LogOutputStream:75 - [STDERR_REDIRECT] 
2025-01-26 22:37:06,931 [ERROR] LogOutputStream:75 - [STDERR_REDIRECT] [Fatal Error] :1:1: Premature end of file.
2025-01-26 22:37:06,932 [ERROR] LogOutputStream:75 - [STDERR_REDIRECT] 
2025-01-26 22:37:07,943 [ERROR] LogOutputStream:75 - [STDERR_REDIRECT] [Fatal Error] :1:1: Premature end of file.
2025-01-26 22:37:07,943 [ERROR] LogOutputStream:75 - [STDERR_REDIRECT] 
2025-01-26 22:37:08,936 [ERROR] LogOutputStream:75 - [STDERR_REDIRECT] [Fatal Error] :1:1: Premature end of file.
2025-01-26 22:37:08,936 [ERROR] LogOutputStream:75 - [STDERR_REDIRECT] 
2025-01-26 22:37:09,947 [ERROR] LogOutputStream:75 - [STDERR_REDIRECT] [Fatal Error] :1:1: Premature end of file.
2025-01-26 22:37:09,947 [ERROR] LogOutputStream:75 - [STDERR_REDIRECT] 
2025-01-26 22:37:10,929 [ERROR] LogOutputStream:75 - [STDERR_REDIRECT] [Fatal Error] :1:1: Premature end of file.
2025-01-26 22:37:10,929 [ERROR] LogOutputStream:75 - [STDERR_REDIRECT] 
2025-01-26 22:37:11,940 [ERROR] LogOutputStream:75 - [STDERR_REDIRECT] [Fatal Error] :1:1: Premature end of file.
2025-01-26 22:37:11,940 [ERROR] LogOutputStream:75 - [STDERR_REDIRECT] 
2025-01-26 22:37:12,928 [ERROR] LogOutputStream:75 - [STDERR_REDIRECT] [Fatal Error] :1:1: Premature end of file.
2025-01-26 22:37:12,928 [ERROR] LogOutputStream:75 - [STDERR_REDIRECT] 
2025-01-26 22:37:13,942 [ERROR] LogOutputStream:75 - [STDERR_REDIRECT] [Fatal Error] :1:1: Premature end of file.
2025-01-26 22:37:13,942 [ERROR] LogOutputStream:75 - [STDERR_REDIRECT] 
2025-01-26 22:37:14,931 [ERROR] LogOutputStream:75 - [STDERR_REDIRECT] [Fatal Error] :1:1: Premature end of file.
2025-01-26 22:37:14,931 [ERROR] LogOutputStream:75 - [STDERR_REDIRECT] 
2025-01-26 22:37:15,933 [ERROR] LogOutputStream:75 - [STDERR_REDIRECT] [Fatal Error] :1:1: Premature end of file.
2025-01-26 22:37:15,933 [ERROR] LogOutputStream:75 - [STDERR_REDIRECT] 
2025-01-26 22:37:16,927 [ERROR] LogOutputStream:75 - [STDERR_REDIRECT] [Fatal Error] :1:1: Premature end of file.
2025-01-26 22:37:16,927 [ERROR] LogOutputStream:75 - [STDERR_REDIRECT] 
2025-01-26 22:37:17,921 [ERROR] LogOutputStream:75 - [STDERR_REDIRECT] [Fatal Error] :1:1: Premature end of file.
2025-01-26 22:37:17,921 [ERROR] LogOutputStream:75 - [STDERR_REDIRECT] 
2025-01-26 22:37:18,937 [ERROR] LogOutputStream:75 - [STDERR_REDIRECT] [Fatal Error] :1:1: Premature end of file.
2025-01-26 22:37:18,937 [ERROR] LogOutputStream:75 - [STDERR_REDIRECT] 
2025-01-26 22:37:19,942 [ERROR] LogOutputStream:75 - [STDERR_REDIRECT] [Fatal Error] :1:1: Premature end of file.
2025-01-26 22:37:19,942 [ERROR] LogOutputStream:75 - [STDERR_REDIRECT] 
2025-01-26 22:37:20,920 [ERROR] LogOutputStream:75 - [STDERR_REDIRECT] [Fatal Error] :1:1: Premature end of file.
2025-01-26 22:37:20,920 [ERROR] LogOutputStream:75 - [STDERR_REDIRECT] 
2025-01-26 22:37:21,918 [ERROR] LogOutputStream:75 - [STDERR_REDIRECT] [Fatal Error] :1:1: Premature end of file.
2025-01-26 22:37:21,918 [ERROR] LogOutputStream:75 - [STDERR_REDIRECT] 
2025-01-26 22:37:22,932 [ERROR] LogOutputStream:75 - [STDERR_REDIRECT] [Fatal Error] :1:1: Premature end of file.
2025-01-26 22:37:22,932 [ERROR] LogOutputStream:75 - [STDERR_REDIRECT] 
2025-01-26 22:37:23,918 [ERROR] LogOutputStream:75 - [STDERR_REDIRECT] [Fatal Error] :1:1: Premature end of file.
2025-01-26 22:37:23,918 [ERROR] LogOutputStream:75 - [STDERR_REDIRECT] 
2025-01-26 22:37:24,928 [ERROR] LogOutputStream:75 - [STDERR_REDIRECT] [Fatal Error] :1:1: Premature end of file.
2025-01-26 22:37:24,928 [ERROR] LogOutputStream:75 - [STDERR_REDIRECT] 
2025-01-26 22:37:25,929 [ERROR] LogOutputStream:75 - [STDERR_REDIRECT] [Fatal Error] :1:1: Premature end of file.
2025-01-26 22:37:25,929 [ERROR] LogOutputStream:75 - [STDERR_REDIRECT] 
2025-01-26 22:37:26,917 [ERROR] LogOutputStream:75 - [STDERR_REDIRECT] [Fatal Error] :1:1: Premature end of file.
2025-01-26 22:37:26,917 [ERROR] LogOutputStream:75 - [STDERR_REDIRECT] 
2025-01-26 22:37:27,921 [ERROR] LogOutputStream:75 - [STDERR_REDIRECT] [Fatal Error] :1:1: Premature end of file.
2025-01-26 22:37:27,921 [ERROR] LogOutputStream:75 - [STDERR_REDIRECT] 
2025-01-26 22:37:28,932 [ERROR] LogOutputStream:75 - [STDERR_REDIRECT] [Fatal Error] :1:1: Premature end of file.
2025-01-26 22:37:28,932 [ERROR] LogOutputStream:75 - [STDERR_REDIRECT] 
2025-01-26 22:37:29,925 [ERROR] LogOutputStream:75 - [STDERR_REDIRECT] [Fatal Error] :1:1: Premature end of file.
2025-01-26 22:37:29,925 [ERROR] LogOutputStream:75 - [STDERR_REDIRECT] 
2025-01-26 22:37:30,924 [ERROR] LogOutputStream:75 - [STDERR_REDIRECT] [Fatal Error] :1:1: Premature end of file.
2025-01-26 22:37:30,924 [ERROR] LogOutputStream:75 - [STDERR_REDIRECT] 
2025-01-26 22:37:31,938 [ERROR] LogOutputStream:75 - [STDERR_REDIRECT] [Fatal Error] :1:1: Premature end of file.
2025-01-26 22:37:31,938 [ERROR] LogOutputStream:75 - [STDERR_REDIRECT] 
2025-01-26 22:37:32,941 [ERROR] LogOutputStream:75 - [STDERR_REDIRECT] [Fatal Error] :1:1: Premature end of file.
2025-01-26 22:37:32,941 [ERROR] LogOutputStream:75 - [STDERR_REDIRECT] 
2025-01-26 22:37:33,932 [ERROR] LogOutputStream:75 - [STDERR_REDIRECT] [Fatal Error] :1:1: Premature end of file.
2025-01-26 22:37:33,932 [ERROR] LogOutputStream:75 - [STDERR_REDIRECT] 
2025-01-26 22:37:34,940 [ERROR] LogOutputStream:75 - [STDERR_REDIRECT] [Fatal Error] :1:1: Premature end of file.
2025-01-26 22:37:34,940 [ERROR] LogOutputStream:75 - [STDERR_REDIRECT] 
2025-01-26 22:37:35,927 [ERROR] LogOutputStream:75 - [STDERR_REDIRECT] [Fatal Error] :1:1: Premature end of file.
2025-01-26 22:37:35,927 [ERROR] LogOutputStream:75 - [STDERR_REDIRECT] 
2025-01-26 22:37:36,927 [ERROR] LogOutputStream:75 - [STDERR_REDIRECT] [Fatal Error] :1:1: Premature end of file.
2025-01-26 22:37:36,927 [ERROR] LogOutputStream:75 - [STDERR_REDIRECT] 
2025-01-26 22:37:37,948 [ERROR] LogOutputStream:75 - [STDERR_REDIRECT] [Fatal Error] :1:1: Premature end of file.
2025-01-26 22:37:37,948 [ERROR] LogOutputStream:75 - [STDERR_REDIRECT] 
2025-01-26 22:37:38,915 [ERROR] LogOutputStream:75 - [STDERR_REDIRECT] [Fatal Error] :1:1: Premature end of file.
2025-01-26 22:37:38,917 [ERROR] LogOutputStream:75 - [STDERR_REDIRECT] 
2025-01-26 22:37:39,929 [ERROR] LogOutputStream:75 - [STDERR_REDIRECT] [Fatal Error] :1:1: Premature end of file.
2025-01-26 22:37:39,930 [ERROR] LogOutputStream:75 - [STDERR_REDIRECT] 
2025-01-26 22:37:40,932 [ERROR] LogOutputStream:75 - [STDERR_REDIRECT] [Fatal Error] :1:1: Premature end of file.
2025-01-26 22:37:40,932 [ERROR] LogOutputStream:75 - [STDERR_REDIRECT] 
2025-01-26 22:37:41,921 [ERROR] LogOutputStream:75 - [STDERR_REDIRECT] [Fatal Error] :1:1: Premature end of file.
2025-01-26 22:37:41,921 [ERROR] LogOutputStream:75 - [STDERR_REDIRECT] 
2025-01-26 22:37:42,921 [ERROR] LogOutputStream:75 - [STDERR_REDIRECT] [Fatal Error] :1:1: Premature end of file.
2025-01-26 22:37:42,921 [ERROR] LogOutputStream:75 - [STDERR_REDIRECT] 
2025-01-26 22:37:43,915 [ERROR] LogOutputStream:75 - [STDERR_REDIRECT] [Fatal Error] :1:1: Premature end of file.
2025-01-26 22:37:43,917 [ERROR] LogOutputStream:75 - [STDERR_REDIRECT] 
2025-01-26 22:37:44,919 [ERROR] LogOutputStream:75 - [STDERR_REDIRECT] [Fatal Error] :1:1: Premature end of file.
2025-01-26 22:37:44,919 [ERROR] LogOutputStream:75 - [STDERR_REDIRECT] 
2025-01-26 22:37:45,918 [ERROR] LogOutputStream:75 - [STDERR_REDIRECT] [Fatal Error] :1:1: Premature end of file.
2025-01-26 22:37:45,918 [ERROR] LogOutputStream:75 - [STDERR_REDIRECT] 
2025-01-26 22:37:46,928 [ERROR] LogOutputStream:75 - [STDERR_REDIRECT] [Fatal Error] :1:1: Premature end of file.
2025-01-26 22:37:46,928 [ERROR] LogOutputStream:75 - [STDERR_REDIRECT] 
2025-01-26 22:37:47,934 [ERROR] LogOutputStream:75 - [STDERR_REDIRECT] [Fatal Error] :1:1: Premature end of file.
2025-01-26 22:37:47,935 [ERROR] LogOutputStream:75 - [STDERR_REDIRECT] 
2025-01-26 22:37:48,934 [ERROR] LogOutputStream:75 - [STDERR_REDIRECT] [Fatal Error] :1:1: Premature end of file.
2025-01-26 22:37:48,934 [ERROR] LogOutputStream:75 - [STDERR_REDIRECT] 
2025-01-26 22:37:49,925 [ERROR] LogOutputStream:75 - [STDERR_REDIRECT] [Fatal Error] :1:1: Premature end of file.
2025-01-26 22:37:49,925 [ERROR] LogOutputStream:75 - [STDERR_REDIRECT] 
2025-01-26 22:37:50,917 [ERROR] LogOutputStream:75 - [STDERR_REDIRECT] [Fatal Error] :1:1: Premature end of file.
2025-01-26 22:37:50,917 [ERROR] LogOutputStream:75 - [STDERR_REDIRECT] 
2025-01-26 22:37:51,922 [ERROR] LogOutputStream:75 - [STDERR_REDIRECT] [Fatal Error] :1:1: Premature end of file.
2025-01-26 22:37:51,923 [ERROR] LogOutputStream:75 - [STDERR_REDIRECT] 
2025-01-26 22:37:52,931 [ERROR] LogOutputStream:75 - [STDERR_REDIRECT] [Fatal Error] :1:1: Premature end of file.
2025-01-26 22:37:52,931 [ERROR] LogOutputStream:75 - [STDERR_REDIRECT] 
2025-01-26 22:37:53,926 [ERROR] LogOutputStream:75 - [STDERR_REDIRECT] [Fatal Error] :1:1: Premature end of file.
2025-01-26 22:37:53,926 [ERROR] LogOutputStream:75 - [STDERR_REDIRECT] 
2025-01-26 22:37:54,933 [ERROR] LogOutputStream:75 - [STDERR_REDIRECT] [Fatal Error] :1:1: Premature end of file.
2025-01-26 22:37:54,933 [ERROR] LogOutputStream:75 - [STDERR_REDIRECT] 
2025-01-26 22:37:55,932 [ERROR] LogOutputStream:75 - [STDERR_REDIRECT] [Fatal Error] :1:1: Premature end of file.
2025-01-26 22:37:55,932 [ERROR] LogOutputStream:75 - [STDERR_REDIRECT] 
2025-01-26 22:37:56,924 [ERROR] LogOutputStream:75 - [STDERR_REDIRECT] [Fatal Error] :1:1: Premature end of file.
2025-01-26 22:37:56,926 [ERROR] LogOutputStream:75 - [STDERR_REDIRECT] 
2025-01-26 22:37:57,922 [ERROR] LogOutputStream:75 - [STDERR_REDIRECT] [Fatal Error] :1:1: Premature end of file.
2025-01-26 22:37:57,922 [ERROR] LogOutputStream:75 - [STDERR_REDIRECT] 
2025-01-26 22:37:58,924 [ERROR] LogOutputStream:75 - [STDERR_REDIRECT] [Fatal Error] :1:1: Premature end of file.
2025-01-26 22:37:58,924 [ERROR] LogOutputStream:75 - [STDERR_REDIRECT] 
2025-01-26 22:37:59,937 [ERROR] LogOutputStream:75 - [STDERR_REDIRECT] [Fatal Error] :1:1: Premature end of file.
2025-01-26 22:37:59,937 [ERROR] LogOutputStream:75 - [STDERR_REDIRECT] 
2025-01-26 22:38:00,936 [ERROR] LogOutputStream:75 - [STDERR_REDIRECT] [Fatal Error] :1:1: Premature end of file.
2025-01-26 22:38:00,936 [ERROR] LogOutputStream:75 - [STDERR_REDIRECT] 
2025-01-26 22:38:01,928 [ERROR] LogOutputStream:75 - [STDERR_REDIRECT] [Fatal Error] :1:1: Premature end of file.
2025-01-26 22:38:01,928 [ERROR] LogOutputStream:75 - [STDERR_REDIRECT] 
2025-01-26 22:38:02,919 [ERROR] LogOutputStream:75 - [STDERR_REDIRECT] [Fatal Error] :1:1: Premature end of file.
2025-01-26 22:38:02,919 [ERROR] LogOutputStream:75 - [STDERR_REDIRECT] 
2025-01-26 22:38:03,931 [ERROR] LogOutputStream:75 - [STDERR_REDIRECT] [Fatal Error] :1:1: Premature end of file.
2025-01-26 22:38:03,931 [ERROR] LogOutputStream:75 - [STDERR_REDIRECT] 
2025-01-26 22:38:04,919 [ERROR] LogOutputStream:75 - [STDERR_REDIRECT] [Fatal Error] :1:1: Premature end of file.
2025-01-26 22:38:04,919 [ERROR] LogOutputStream:75 - [STDERR_REDIRECT] 
2025-01-26 22:38:05,939 [ERROR] LogOutputStream:75 - [STDERR_REDIRECT] [Fatal Error] :1:1: Premature end of file.
2025-01-26 22:38:05,939 [ERROR] LogOutputStream:75 - [STDERR_REDIRECT] 
2025-01-26 22:38:06,932 [ERROR] LogOutputStream:75 - [STDERR_REDIRECT] [Fatal Error] :1:1: Premature end of file.
2025-01-26 22:38:06,932 [ERROR] LogOutputStream:75 - [STDERR_REDIRECT] 
2025-01-26 22:38:07,929 [ERROR] LogOutputStream:75 - [STDERR_REDIRECT] [Fatal Error] :1:1: Premature end of file.
2025-01-26 22:38:07,929 [ERROR] LogOutputStream:75 - [STDERR_REDIRECT] 
2025-01-26 22:38:08,928 [ERROR] LogOutputStream:75 - [STDERR_REDIRECT] [Fatal Error] :1:1: Premature end of file.
2025-01-26 22:38:08,928 [ERROR] LogOutputStream:75 - [STDERR_REDIRECT] 
2025-01-26 22:38:09,933 [ERROR] LogOutputStream:75 - [STDERR_REDIRECT] [Fatal Error] :1:1: Premature end of file.
2025-01-26 22:38:09,933 [ERROR] LogOutputStream:75 - [STDERR_REDIRECT] 
2025-01-26 22:38:10,916 [ERROR] LogOutputStream:75 - [STDERR_REDIRECT] [Fatal Error] :1:1: Premature end of file.
2025-01-26 22:38:10,916 [ERROR] LogOutputStream:75 - [STDERR_REDIRECT] 
2025-01-26 22:38:11,925 [ERROR] LogOutputStream:75 - [STDERR_REDIRECT] [Fatal Error] :1:1: Premature end of file.
2025-01-26 22:38:11,926 [ERROR] LogOutputStream:75 - [STDERR_REDIRECT] 
2025-01-26 22:38:12,915 [ERROR] LogOutputStream:75 - [STDERR_REDIRECT] [Fatal Error] :1:1: Premature end of file.
2025-01-26 22:38:12,915 [ERROR] LogOutputStream:75 - [STDERR_REDIRECT] 
2025-01-26 22:38:13,928 [ERROR] LogOutputStream:75 - [STDERR_REDIRECT] [Fatal Error] :1:1: Premature end of file.
2025-01-26 22:38:13,928 [ERROR] LogOutputStream:75 - [STDERR_REDIRECT] 
2025-01-26 22:38:14,926 [ERROR] LogOutputStream:75 - [STDERR_REDIRECT] [Fatal Error] :1:1: Premature end of file.
2025-01-26 22:38:14,926 [ERROR] LogOutputStream:75 - [STDERR_REDIRECT] 
2025-01-26 22:38:15,936 [ERROR] LogOutputStream:75 - [STDERR_REDIRECT] [Fatal Error] :1:1: Premature end of file.
2025-01-26 22:38:15,936 [ERROR] LogOutputStream:75 - [STDERR_REDIRECT] 
2025-01-26 22:38:16,932 [ERROR] LogOutputStream:75 - [STDERR_REDIRECT] [Fatal Error] :1:1: Premature end of file.
2025-01-26 22:38:16,932 [ERROR] LogOutputStream:75 - [STDERR_REDIRECT] 
2025-01-26 22:38:17,925 [ERROR] LogOutputStream:75 - [STDERR_REDIRECT] [Fatal Error] :1:1: Premature end of file.
2025-01-26 22:38:17,927 [ERROR] LogOutputStream:75 - [STDERR_REDIRECT] 
2025-01-26 22:38:18,924 [ERROR] LogOutputStream:75 - [STDERR_REDIRECT] [Fatal Error] :1:1: Premature end of file.
2025-01-26 22:38:18,924 [ERROR] LogOutputStream:75 - [STDERR_REDIRECT] 
2025-01-26 22:38:19,927 [ERROR] LogOutputStream:75 - [STDERR_REDIRECT] [Fatal Error] :1:1: Premature end of file.
2025-01-26 22:38:19,927 [ERROR] LogOutputStream:75 - [STDERR_REDIRECT] 
2025-01-26 22:38:20,919 [ERROR] LogOutputStream:75 - [STDERR_REDIRECT] [Fatal Error] :1:1: Premature end of file.
2025-01-26 22:38:20,919 [ERROR] LogOutputStream:75 - [STDERR_REDIRECT] 
2025-01-26 22:38:21,928 [ERROR] LogOutputStream:75 - [STDERR_REDIRECT] [Fatal Error] :1:1: Premature end of file.
2025-01-26 22:38:21,928 [ERROR] LogOutputStream:75 - [STDERR_REDIRECT] 
2025-01-26 22:38:22,924 [ERROR] LogOutputStream:75 - [STDERR_REDIRECT] [Fatal Error] :1:1: Premature end of file.
2025-01-26 22:38:22,924 [ERROR] LogOutputStream:75 - [STDERR_REDIRECT] 
2025-01-26 22:38:23,920 [ERROR] LogOutputStream:75 - [STDERR_REDIRECT] [Fatal Error] :1:1: Premature end of file.
2025-01-26 22:38:23,920 [ERROR] LogOutputStream:75 - [STDERR_REDIRECT] 
2025-01-26 22:38:24,927 [ERROR] LogOutputStream:75 - [STDERR_REDIRECT] [Fatal Error] :1:1: Premature end of file.
2025-01-26 22:38:24,927 [ERROR] LogOutputStream:75 - [STDERR_REDIRECT] 
2025-01-26 22:38:25,925 [ERROR] LogOutputStream:75 - [STDERR_REDIRECT] [Fatal Error] :1:1: Premature end of file.
2025-01-26 22:38:25,926 [ERROR] LogOutputStream:75 - [STDERR_REDIRECT] 
2025-01-26 22:38:26,933 [ERROR] LogOutputStream:75 - [STDERR_REDIRECT] [Fatal Error] :1:1: Premature end of file.
2025-01-26 22:38:26,933 [ERROR] LogOutputStream:75 - [STDERR_REDIRECT] 
2025-01-26 22:38:27,933 [ERROR] LogOutputStream:75 - [STDERR_REDIRECT] [Fatal Error] :1:1: Premature end of file.
2025-01-26 22:38:27,933 [ERROR] LogOutputStream:75 - [STDERR_REDIRECT] 
2025-01-26 22:38:28,929 [ERROR] LogOutputStream:75 - [STDERR_REDIRECT] [Fatal Error] :1:1: Premature end of file.
2025-01-26 22:38:28,929 [ERROR] LogOutputStream:75 - [STDERR_REDIRECT] 
2025-01-26 22:38:29,932 [ERROR] LogOutputStream:75 - [STDERR_REDIRECT] [Fatal Error] :1:1: Premature end of file.
2025-01-26 22:38:29,932 [ERROR] LogOutputStream:75 - [STDERR_REDIRECT] 
2025-01-26 22:38:30,913 [ERROR] LogOutputStream:75 - [STDERR_REDIRECT] [Fatal Error] :1:1: Premature end of file.
2025-01-26 22:38:30,913 [ERROR] LogOutputStream:75 - [STDERR_REDIRECT] 
2025-01-26 22:38:31,926 [ERROR] LogOutputStream:75 - [STDERR_REDIRECT] [Fatal Error] :1:1: Premature end of file.
2025-01-26 22:38:31,926 [ERROR] LogOutputStream:75 - [STDERR_REDIRECT] 
2025-01-26 22:38:32,920 [ERROR] LogOutputStream:75 - [STDERR_REDIRECT] [Fatal Error] :1:1: Premature end of file.
2025-01-26 22:38:32,922 [ERROR] LogOutputStream:75 - [STDERR_REDIRECT] 
2025-01-26 22:38:33,938 [ERROR] LogOutputStream:75 - [STDERR_REDIRECT] [Fatal Error] :1:1: Premature end of file.
2025-01-26 22:38:33,938 [ERROR] LogOutputStream:75 - [STDERR_REDIRECT] 
2025-01-26 22:38:34,933 [ERROR] LogOutputStream:75 - [STDERR_REDIRECT] [Fatal Error] :1:1: Premature end of file.
2025-01-26 22:38:34,933 [ERROR] LogOutputStream:75 - [STDERR_REDIRECT] 
2025-01-26 22:38:35,943 [ERROR] LogOutputStream:75 - [STDERR_REDIRECT] [Fatal Error] :1:1: Premature end of file.
2025-01-26 22:38:35,943 [ERROR] LogOutputStream:75 - [STDERR_REDIRECT] 
2025-01-26 22:38:36,929 [ERROR] LogOutputStream:75 - [STDERR_REDIRECT] [Fatal Error] :1:1: Premature end of file.
2025-01-26 22:38:36,929 [ERROR] LogOutputStream:75 - [STDERR_REDIRECT] 
2025-01-26 22:38:37,930 [ERROR] LogOutputStream:75 - [STDERR_REDIRECT] [Fatal Error] :1:1: Premature end of file.
2025-01-26 22:38:37,930 [ERROR] LogOutputStream:75 - [STDERR_REDIRECT] 
2025-01-26 22:38:38,935 [ERROR] LogOutputStream:75 - [STDERR_REDIRECT] [Fatal Error] :1:1: Premature end of file.
2025-01-26 22:38:38,935 [ERROR] LogOutputStream:75 - [STDERR_REDIRECT] 
2025-01-26 22:38:39,943 [ERROR] LogOutputStream:75 - [STDERR_REDIRECT] [Fatal Error] :1:1: Premature end of file.
2025-01-26 22:38:39,943 [ERROR] LogOutputStream:75 - [STDERR_REDIRECT] 
2025-01-26 22:38:40,934 [ERROR] LogOutputStream:75 - [STDERR_REDIRECT] [Fatal Error] :1:1: Premature end of file.
2025-01-26 22:38:40,934 [ERROR] LogOutputStream:75 - [STDERR_REDIRECT] 
2025-01-26 22:38:41,925 [ERROR] LogOutputStream:75 - [STDERR_REDIRECT] [Fatal Error] :1:1: Premature end of file.
2025-01-26 22:38:41,925 [ERROR] LogOutputStream:75 - [STDERR_REDIRECT] 
2025-01-26 22:38:42,933 [ERROR] LogOutputStream:75 - [STDERR_REDIRECT] [Fatal Error] :1:1: Premature end of file.
2025-01-26 22:38:42,933 [ERROR] LogOutputStream:75 - [STDERR_REDIRECT] 
2025-01-26 22:38:43,919 [ERROR] LogOutputStream:75 - [STDERR_REDIRECT] [Fatal Error] :1:1: Premature end of file.
2025-01-26 22:38:43,919 [ERROR] LogOutputStream:75 - [STDERR_REDIRECT] 
2025-01-26 22:38:44,928 [ERROR] LogOutputStream:75 - [STDERR_REDIRECT] [Fatal Error] :1:1: Premature end of file.
2025-01-26 22:38:44,928 [ERROR] LogOutputStream:75 - [STDERR_REDIRECT] 
2025-01-26 22:38:45,943 [ERROR] LogOutputStream:75 - [STDERR_REDIRECT] [Fatal Error] :1:1: Premature end of file.
2025-01-26 22:38:45,943 [ERROR] LogOutputStream:75 - [STDERR_REDIRECT] 
2025-01-26 22:38:46,925 [ERROR] LogOutputStream:75 - [STDERR_REDIRECT] [Fatal Error] :1:1: Premature end of file.
2025-01-26 22:38:46,925 [ERROR] LogOutputStream:75 - [STDERR_REDIRECT] 
2025-01-26 22:38:47,921 [ERROR] LogOutputStream:75 - [STDERR_REDIRECT] [Fatal Error] :1:1: Premature end of file.
2025-01-26 22:38:47,921 [ERROR] LogOutputStream:75 - [STDERR_REDIRECT] 
2025-01-26 22:38:48,930 [ERROR] LogOutputStream:75 - [STDERR_REDIRECT] [Fatal Error] :1:1: Premature end of file.
2025-01-26 22:38:48,930 [ERROR] LogOutputStream:75 - [STDERR_REDIRECT] 
2025-01-26 22:38:49,931 [ERROR] LogOutputStream:75 - [STDERR_REDIRECT] [Fatal Error] :1:1: Premature end of file.
2025-01-26 22:38:49,931 [ERROR] LogOutputStream:75 - [STDERR_REDIRECT] 
2025-01-26 22:38:50,929 [ERROR] LogOutputStream:75 - [STDERR_REDIRECT] [Fatal Error] :1:1: Premature end of file.
2025-01-26 22:38:50,929 [ERROR] LogOutputStream:75 - [STDERR_REDIRECT] 
2025-01-26 22:38:51,920 [ERROR] LogOutputStream:75 - [STDERR_REDIRECT] [Fatal Error] :1:1: Premature end of file.
2025-01-26 22:38:51,920 [ERROR] LogOutputStream:75 - [STDERR_REDIRECT] 
2025-01-26 22:38:52,930 [ERROR] LogOutputStream:75 - [STDERR_REDIRECT] [Fatal Error] :1:1: Premature end of file.
2025-01-26 22:38:52,930 [ERROR] LogOutputStream:75 - [STDERR_REDIRECT] 
2025-01-26 22:38:53,934 [ERROR] LogOutputStream:75 - [STDERR_REDIRECT] [Fatal Error] :1:1: Premature end of file.
2025-01-26 22:38:53,934 [ERROR] LogOutputStream:75 - [STDERR_REDIRECT] 
2025-01-26 22:38:54,919 [ERROR] LogOutputStream:75 - [STDERR_REDIRECT] [Fatal Error] :1:1: Premature end of file.
2025-01-26 22:38:54,919 [ERROR] LogOutputStream:75 - [STDERR_REDIRECT] 
2025-01-26 22:38:55,933 [ERROR] LogOutputStream:75 - [STDERR_REDIRECT] [Fatal Error] :1:1: Premature end of file.
2025-01-26 22:38:55,933 [ERROR] LogOutputStream:75 - [STDERR_REDIRECT] 
2025-01-26 22:38:56,938 [ERROR] LogOutputStream:75 - [STDERR_REDIRECT] [Fatal Error] :1:1: Premature end of file.
2025-01-26 22:38:56,938 [ERROR] LogOutputStream:75 - [STDERR_REDIRECT] 
2025-01-26 22:38:57,925 [ERROR] LogOutputStream:75 - [STDERR_REDIRECT] [Fatal Error] :1:1: Premature end of file.
2025-01-26 22:38:57,925 [ERROR] LogOutputStream:75 - [STDERR_REDIRECT] 
2025-01-26 22:38:58,929 [ERROR] LogOutputStream:75 - [STDERR_REDIRECT] [Fatal Error] :1:1: Premature end of file.
2025-01-26 22:38:58,929 [ERROR] LogOutputStream:75 - [STDERR_REDIRECT] 
2025-01-26 22:38:59,924 [ERROR] LogOutputStream:75 - [STDERR_REDIRECT] [Fatal Error] :1:1: Premature end of file.
2025-01-26 22:38:59,924 [ERROR] LogOutputStream:75 - [STDERR_REDIRECT] 
2025-01-26 22:39:00,927 [ERROR] LogOutputStream:75 - [STDERR_REDIRECT] [Fatal Error] :1:1: Premature end of file.
2025-01-26 22:39:00,927 [ERROR] LogOutputStream:75 - [STDERR_REDIRECT] 
2025-01-26 22:39:01,924 [ERROR] LogOutputStream:75 - [STDERR_REDIRECT] [Fatal Error] :1:1: Premature end of file.
2025-01-26 22:39:01,924 [ERROR] LogOutputStream:75 - [STDERR_REDIRECT] 
2025-01-26 22:39:02,919 [ERROR] LogOutputStream:75 - [STDERR_REDIRECT] [Fatal Error] :1:1: Premature end of file.
2025-01-26 22:39:02,919 [ERROR] LogOutputStream:75 - [STDERR_REDIRECT] 
2025-01-26 22:39:03,925 [ERROR] LogOutputStream:75 - [STDERR_REDIRECT] [Fatal Error] :1:1: Premature end of file.
2025-01-26 22:39:03,925 [ERROR] LogOutputStream:75 - [STDERR_REDIRECT] 
2025-01-26 22:39:04,929 [ERROR] LogOutputStream:75 - [STDERR_REDIRECT] [Fatal Error] :1:1: Premature end of file.
2025-01-26 22:39:04,929 [ERROR] LogOutputStream:75 - [STDERR_REDIRECT] 
2025-01-26 22:39:05,921 [ERROR] LogOutputStream:75 - [STDERR_REDIRECT] [Fatal Error] :1:1: Premature end of file.
2025-01-26 22:39:05,921 [ERROR] LogOutputStream:75 - [STDERR_REDIRECT] 
2025-01-26 22:39:06,931 [ERROR] LogOutputStream:75 - [STDERR_REDIRECT] [Fatal Error] :1:1: Premature end of file.
2025-01-26 22:39:06,931 [ERROR] LogOutputStream:75 - [STDERR_REDIRECT] 
2025-01-26 22:39:07,920 [ERROR] LogOutputStream:75 - [STDERR_REDIRECT] [Fatal Error] :1:1: Premature end of file.
2025-01-26 22:39:07,920 [ERROR] LogOutputStream:75 - [STDERR_REDIRECT] 
2025-01-26 22:39:08,935 [ERROR] LogOutputStream:75 - [STDERR_REDIRECT] [Fatal Error] :1:1: Premature end of file.
2025-01-26 22:39:08,936 [ERROR] LogOutputStream:75 - [STDERR_REDIRECT] 
2025-01-26 22:39:09,922 [ERROR] LogOutputStream:75 - [STDERR_REDIRECT] [Fatal Error] :1:1: Premature end of file.
2025-01-26 22:39:09,922 [ERROR] LogOutputStream:75 - [STDERR_REDIRECT] 
2025-01-26 22:39:10,934 [ERROR] LogOutputStream:75 - [STDERR_REDIRECT] [Fatal Error] :1:1: Premature end of file.
2025-01-26 22:39:10,934 [ERROR] LogOutputStream:75 - [STDERR_REDIRECT] 
2025-01-26 22:39:11,929 [ERROR] LogOutputStream:75 - [STDERR_REDIRECT] [Fatal Error] :1:1: Premature end of file.
2025-01-26 22:39:11,929 [ERROR] LogOutputStream:75 - [STDERR_REDIRECT] 
2025-01-26 22:39:12,930 [ERROR] LogOutputStream:75 - [STDERR_REDIRECT] [Fatal Error] :1:1: Premature end of file.
2025-01-26 22:39:12,932 [ERROR] LogOutputStream:75 - [STDERR_REDIRECT] 
2025-01-26 22:39:13,924 [ERROR] LogOutputStream:75 - [STDERR_REDIRECT] [Fatal Error] :1:1: Premature end of file.
2025-01-26 22:39:13,924 [ERROR] LogOutputStream:75 - [STDERR_REDIRECT] 
2025-01-26 22:39:14,925 [ERROR] LogOutputStream:75 - [STDERR_REDIRECT] [Fatal Error] :1:1: Premature end of file.
2025-01-26 22:39:14,925 [ERROR] LogOutputStream:75 - [STDERR_REDIRECT] 
2025-01-26 22:39:15,925 [ERROR] LogOutputStream:75 - [STDERR_REDIRECT] [Fatal Error] :1:1: Premature end of file.
2025-01-26 22:39:15,925 [ERROR] LogOutputStream:75 - [STDERR_REDIRECT] 
2025-01-26 22:39:16,926 [ERROR] LogOutputStream:75 - [STDERR_REDIRECT] [Fatal Error] :1:1: Premature end of file.
2025-01-26 22:39:16,926 [ERROR] LogOutputStream:75 - [STDERR_REDIRECT] 
2025-01-26 22:39:17,924 [ERROR] LogOutputStream:75 - [STDERR_REDIRECT] [Fatal Error] :1:1: Premature end of file.
2025-01-26 22:39:17,924 [ERROR] LogOutputStream:75 - [STDERR_REDIRECT] 
2025-01-26 22:39:18,926 [ERROR] LogOutputStream:75 - [STDERR_REDIRECT] [Fatal Error] :1:1: Premature end of file.
2025-01-26 22:39:18,926 [ERROR] LogOutputStream:75 - [STDERR_REDIRECT] 
2025-01-26 22:39:19,923 [ERROR] LogOutputStream:75 - [STDERR_REDIRECT] [Fatal Error] :1:1: Premature end of file.
2025-01-26 22:39:19,923 [ERROR] LogOutputStream:75 - [STDERR_REDIRECT] 
2025-01-26 22:39:20,943 [ERROR] LogOutputStream:75 - [STDERR_REDIRECT] [Fatal Error] :1:1: Premature end of file.
2025-01-26 22:39:20,943 [ERROR] LogOutputStream:75 - [STDERR_REDIRECT] 
2025-01-26 22:39:21,929 [ERROR] LogOutputStream:75 - [STDERR_REDIRECT] [Fatal Error] :1:1: Premature end of file.
2025-01-26 22:39:21,929 [ERROR] LogOutputStream:75 - [STDERR_REDIRECT] 
2025-01-26 22:39:22,929 [ERROR] LogOutputStream:75 - [STDERR_REDIRECT] [Fatal Error] :1:1: Premature end of file.
2025-01-26 22:39:22,929 [ERROR] LogOutputStream:75 - [STDERR_REDIRECT] 
2025-01-26 22:39:23,924 [ERROR] LogOutputStream:75 - [STDERR_REDIRECT] [Fatal Error] :1:1: Premature end of file.
2025-01-26 22:39:23,924 [ERROR] LogOutputStream:75 - [STDERR_REDIRECT] 
2025-01-26 22:39:24,973 [ERROR] LogOutputStream:75 - [STDERR_REDIRECT] [Fatal Error] :1:1: Premature end of file.
2025-01-26 22:39:24,973 [ERROR] LogOutputStream:75 - [STDERR_REDIRECT] 
2025-01-26 22:39:25,929 [ERROR] LogOutputStream:75 - [STDERR_REDIRECT] [Fatal Error] :1:1: Premature end of file.
2025-01-26 22:39:25,929 [ERROR] LogOutputStream:75 - [STDERR_REDIRECT] 
2025-01-26 22:39:26,923 [ERROR] LogOutputStream:75 - [STDERR_REDIRECT] [Fatal Error] :1:1: Premature end of file.
2025-01-26 22:39:26,923 [ERROR] LogOutputStream:75 - [STDERR_REDIRECT] 
2025-01-26 22:39:27,919 [ERROR] LogOutputStream:75 - [STDERR_REDIRECT] [Fatal Error] :1:1: Premature end of file.
2025-01-26 22:39:27,919 [ERROR] LogOutputStream:75 - [STDERR_REDIRECT] 
2025-01-26 22:39:28,916 [ERROR] LogOutputStream:75 - [STDERR_REDIRECT] [Fatal Error] :1:1: Premature end of file.
2025-01-26 22:39:28,916 [ERROR] LogOutputStream:75 - [STDERR_REDIRECT] 
2025-01-26 22:39:29,925 [ERROR] LogOutputStream:75 - [STDERR_REDIRECT] [Fatal Error] :1:1: Premature end of file.
2025-01-26 22:39:29,925 [ERROR] LogOutputStream:75 - [STDERR_REDIRECT] 
2025-01-26 22:39:30,928 [ERROR] LogOutputStream:75 - [STDERR_REDIRECT] [Fatal Error] :1:1: Premature end of file.
2025-01-26 22:39:30,928 [ERROR] LogOutputStream:75 - [STDERR_REDIRECT] 
2025-01-26 22:39:31,916 [ERROR] LogOutputStream:75 - [STDERR_REDIRECT] [Fatal Error] :1:1: Premature end of file.
2025-01-26 22:39:31,916 [ERROR] LogOutputStream:75 - [STDERR_REDIRECT] 
2025-01-26 22:39:32,936 [ERROR] LogOutputStream:75 - [STDERR_REDIRECT] [Fatal Error] :1:1: Premature end of file.
2025-01-26 22:39:32,936 [ERROR] LogOutputStream:75 - [STDERR_REDIRECT] 
2025-01-26 22:39:33,922 [ERROR] LogOutputStream:75 - [STDERR_REDIRECT] [Fatal Error] :1:1: Premature end of file.
2025-01-26 22:39:33,923 [ERROR] LogOutputStream:75 - [STDERR_REDIRECT] 
2025-01-26 22:39:34,931 [ERROR] LogOutputStream:75 - [STDERR_REDIRECT] [Fatal Error] :1:1: Premature end of file.
2025-01-26 22:39:34,931 [ERROR] LogOutputStream:75 - [STDERR_REDIRECT] 
2025-01-26 22:39:35,917 [ERROR] LogOutputStream:75 - [STDERR_REDIRECT] [Fatal Error] :1:1: Premature end of file.
2025-01-26 22:39:35,917 [ERROR] LogOutputStream:75 - [STDERR_REDIRECT] 
2025-01-26 22:39:36,934 [ERROR] LogOutputStream:75 - [STDERR_REDIRECT] [Fatal Error] :1:1: Premature end of file.
2025-01-26 22:39:36,936 [ERROR] LogOutputStream:75 - [STDERR_REDIRECT] 
2025-01-26 22:39:37,925 [ERROR] LogOutputStream:75 - [STDERR_REDIRECT] [Fatal Error] :1:1: Premature end of file.
2025-01-26 22:39:37,925 [ERROR] LogOutputStream:75 - [STDERR_REDIRECT] 
2025-01-26 22:39:38,923 [ERROR] LogOutputStream:75 - [STDERR_REDIRECT] [Fatal Error] :1:1: Premature end of file.
2025-01-26 22:39:38,923 [ERROR] LogOutputStream:75 - [STDERR_REDIRECT] 
2025-01-26 22:39:39,923 [ERROR] LogOutputStream:75 - [STDERR_REDIRECT] [Fatal Error] :1:1: Premature end of file.
2025-01-26 22:39:39,923 [ERROR] LogOutputStream:75 - [STDERR_REDIRECT] 
2025-01-26 22:39:40,932 [ERROR] LogOutputStream:75 - [STDERR_REDIRECT] [Fatal Error] :1:1: Premature end of file.
2025-01-26 22:39:40,932 [ERROR] LogOutputStream:75 - [STDERR_REDIRECT] 
2025-01-26 22:39:41,928 [ERROR] LogOutputStream:75 - [STDERR_REDIRECT] [Fatal Error] :1:1: Premature end of file.
2025-01-26 22:39:41,928 [ERROR] LogOutputStream:75 - [STDERR_REDIRECT] 
2025-01-26 22:39:42,936 [ERROR] LogOutputStream:75 - [STDERR_REDIRECT] [Fatal Error] :1:1: Premature end of file.
2025-01-26 22:39:42,936 [ERROR] LogOutputStream:75 - [STDERR_REDIRECT] 
2025-01-26 22:39:43,927 [ERROR] LogOutputStream:75 - [STDERR_REDIRECT] [Fatal Error] :1:1: Premature end of file.
2025-01-26 22:39:43,927 [ERROR] LogOutputStream:75 - [STDERR_REDIRECT] 
2025-01-26 22:39:44,934 [ERROR] LogOutputStream:75 - [STDERR_REDIRECT] [Fatal Error] :1:1: Premature end of file.
2025-01-26 22:39:44,936 [ERROR] LogOutputStream:75 - [STDERR_REDIRECT] 
2025-01-26 22:39:45,929 [ERROR] LogOutputStream:75 - [STDERR_REDIRECT] [Fatal Error] :1:1: Premature end of file.
2025-01-26 22:39:45,929 [ERROR] LogOutputStream:75 - [STDERR_REDIRECT] 
2025-01-26 22:39:46,956 [ERROR] LogOutputStream:75 - [STDERR_REDIRECT] [Fatal Error] :1:1: Premature end of file.
2025-01-26 22:39:46,956 [ERROR] LogOutputStream:75 - [STDERR_REDIRECT] 
2025-01-26 22:39:47,931 [ERROR] LogOutputStream:75 - [STDERR_REDIRECT] [Fatal Error] :1:1: Premature end of file.
2025-01-26 22:39:47,931 [ERROR] LogOutputStream:75 - [STDERR_REDIRECT] 
2025-01-26 22:39:48,939 [ERROR] LogOutputStream:75 - [STDERR_REDIRECT] [Fatal Error] :1:1: Premature end of file.
2025-01-26 22:39:48,939 [ERROR] LogOutputStream:75 - [STDERR_REDIRECT] 
2025-01-26 22:39:49,924 [ERROR] LogOutputStream:75 - [STDERR_REDIRECT] [Fatal Error] :1:1: Premature end of file.
2025-01-26 22:39:49,924 [ERROR] LogOutputStream:75 - [STDERR_REDIRECT] 
2025-01-26 22:39:50,920 [ERROR] LogOutputStream:75 - [STDERR_REDIRECT] [Fatal Error] :1:1: Premature end of file.
2025-01-26 22:39:50,920 [ERROR] LogOutputStream:75 - [STDERR_REDIRECT] 
2025-01-26 22:39:51,939 [ERROR] LogOutputStream:75 - [STDERR_REDIRECT] [Fatal Error] :1:1: Premature end of file.
2025-01-26 22:39:51,939 [ERROR] LogOutputStream:75 - [STDERR_REDIRECT] 
2025-01-26 22:39:52,935 [ERROR] LogOutputStream:75 - [STDERR_REDIRECT] [Fatal Error] :1:1: Premature end of file.
2025-01-26 22:39:52,935 [ERROR] LogOutputStream:75 - [STDERR_REDIRECT] 
2025-01-26 22:39:53,928 [ERROR] LogOutputStream:75 - [STDERR_REDIRECT] [Fatal Error] :1:1: Premature end of file.
2025-01-26 22:39:53,928 [ERROR] LogOutputStream:75 - [STDERR_REDIRECT] 
2025-01-26 22:39:54,928 [ERROR] LogOutputStream:75 - [STDERR_REDIRECT] [Fatal Error] :1:1: Premature end of file.
2025-01-26 22:39:54,928 [ERROR] LogOutputStream:75 - [STDERR_REDIRECT] 
2025-01-26 22:39:55,933 [ERROR] LogOutputStream:75 - [STDERR_REDIRECT] [Fatal Error] :1:1: Premature end of file.
2025-01-26 22:39:55,933 [ERROR] LogOutputStream:75 - [STDERR_REDIRECT] 
2025-01-26 22:39:56,933 [ERROR] LogOutputStream:75 - [STDERR_REDIRECT] [Fatal Error] :1:1: Premature end of file.
2025-01-26 22:39:56,933 [ERROR] LogOutputStream:75 - [STDERR_REDIRECT] 
2025-01-26 22:39:57,929 [ERROR] LogOutputStream:75 - [STDERR_REDIRECT] [Fatal Error] :1:1: Premature end of file.
2025-01-26 22:39:57,929 [ERROR] LogOutputStream:75 - [STDERR_REDIRECT] 
2025-01-26 22:39:58,963 [ERROR] LogOutputStream:75 - [STDERR_REDIRECT] [Fatal Error] :1:1: Premature end of file.
2025-01-26 22:39:58,963 [ERROR] LogOutputStream:75 - [STDERR_REDIRECT] 
2025-01-26 22:39:59,919 [ERROR] LogOutputStream:75 - [STDERR_REDIRECT] [Fatal Error] :1:1: Premature end of file.
2025-01-26 22:39:59,919 [ERROR] LogOutputStream:75 - [STDERR_REDIRECT] 
2025-01-26 22:40:00,926 [ERROR] LogOutputStream:75 - [STDERR_REDIRECT] [Fatal Error] :1:1: Premature end of file.
2025-01-26 22:40:00,926 [ERROR] LogOutputStream:75 - [STDERR_REDIRECT] 
2025-01-26 22:40:01,930 [ERROR] LogOutputStream:75 - [STDERR_REDIRECT] [Fatal Error] :1:1: Premature end of file.
2025-01-26 22:40:01,930 [ERROR] LogOutputStream:75 - [STDERR_REDIRECT] 
2025-01-26 22:40:02,930 [ERROR] LogOutputStream:75 - [STDERR_REDIRECT] [Fatal Error] :1:1: Premature end of file.
2025-01-26 22:40:02,930 [ERROR] LogOutputStream:75 - [STDERR_REDIRECT] 
2025-01-26 22:40:03,935 [ERROR] LogOutputStream:75 - [STDERR_REDIRECT] [Fatal Error] :1:1: Premature end of file.
2025-01-26 22:40:03,935 [ERROR] LogOutputStream:75 - [STDERR_REDIRECT] 
2025-01-26 22:40:04,943 [ERROR] LogOutputStream:75 - [STDERR_REDIRECT] [Fatal Error] :1:1: Premature end of file.
2025-01-26 22:40:04,943 [ERROR] LogOutputStream:75 - [STDERR_REDIRECT] 
2025-01-26 22:40:05,935 [ERROR] LogOutputStream:75 - [STDERR_REDIRECT] [Fatal Error] :1:1: Premature end of file.
2025-01-26 22:40:05,935 [ERROR] LogOutputStream:75 - [STDERR_REDIRECT] 
2025-01-26 22:40:06,919 [ERROR] LogOutputStream:75 - [STDERR_REDIRECT] [Fatal Error] :1:1: Premature end of file.
2025-01-26 22:40:06,919 [ERROR] LogOutputStream:75 - [STDERR_REDIRECT] 
2025-01-26 22:40:07,928 [ERROR] LogOutputStream:75 - [STDERR_REDIRECT] [Fatal Error] :1:1: Premature end of file.
2025-01-26 22:40:07,928 [ERROR] LogOutputStream:75 - [STDERR_REDIRECT] 
2025-01-26 22:40:08,946 [ERROR] LogOutputStream:75 - [STDERR_REDIRECT] [Fatal Error] :1:1: Premature end of file.
2025-01-26 22:40:08,946 [ERROR] LogOutputStream:75 - [STDERR_REDIRECT] 
2025-01-26 22:40:09,929 [ERROR] LogOutputStream:75 - [STDERR_REDIRECT] [Fatal Error] :1:1: Premature end of file.
2025-01-26 22:40:09,929 [ERROR] LogOutputStream:75 - [STDERR_REDIRECT] 
2025-01-26 22:40:10,944 [ERROR] LogOutputStream:75 - [STDERR_REDIRECT] [Fatal Error] :1:1: Premature end of file.
2025-01-26 22:40:10,944 [ERROR] LogOutputStream:75 - [STDERR_REDIRECT] 
2025-01-26 22:40:11,926 [ERROR] LogOutputStream:75 - [STDERR_REDIRECT] [Fatal Error] :1:1: Premature end of file.
2025-01-26 22:40:11,926 [ERROR] LogOutputStream:75 - [STDERR_REDIRECT] 
2025-01-26 22:40:12,924 [ERROR] LogOutputStream:75 - [STDERR_REDIRECT] [Fatal Error] :1:1: Premature end of file.
2025-01-26 22:40:12,924 [ERROR] LogOutputStream:75 - [STDERR_REDIRECT] 
2025-01-26 22:40:13,930 [ERROR] LogOutputStream:75 - [STDERR_REDIRECT] [Fatal Error] :1:1: Premature end of file.
2025-01-26 22:40:13,930 [ERROR] LogOutputStream:75 - [STDERR_REDIRECT] 
2025-01-26 22:40:14,921 [ERROR] LogOutputStream:75 - [STDERR_REDIRECT] [Fatal Error] :1:1: Premature end of file.
2025-01-26 22:40:14,921 [ERROR] LogOutputStream:75 - [STDERR_REDIRECT] 
2025-01-26 22:40:15,923 [ERROR] LogOutputStream:75 - [STDERR_REDIRECT] [Fatal Error] :1:1: Premature end of file.
2025-01-26 22:40:15,923 [ERROR] LogOutputStream:75 - [STDERR_REDIRECT] 
2025-01-26 22:40:16,922 [ERROR] LogOutputStream:75 - [STDERR_REDIRECT] [Fatal Error] :1:1: Premature end of file.
2025-01-26 22:40:16,922 [ERROR] LogOutputStream:75 - [STDERR_REDIRECT] 
2025-01-26 22:40:17,928 [ERROR] LogOutputStream:75 - [STDERR_REDIRECT] [Fatal Error] :1:1: Premature end of file.
2025-01-26 22:40:17,928 [ERROR] LogOutputStream:75 - [STDERR_REDIRECT] 
2025-01-26 22:40:18,939 [ERROR] LogOutputStream:75 - [STDERR_REDIRECT] [Fatal Error] :1:1: Premature end of file.
2025-01-26 22:40:18,939 [ERROR] LogOutputStream:75 - [STDERR_REDIRECT] 
2025-01-26 22:40:19,931 [ERROR] LogOutputStream:75 - [STDERR_REDIRECT] [Fatal Error] :1:1: Premature end of file.
2025-01-26 22:40:19,932 [ERROR] LogOutputStream:75 - [STDERR_REDIRECT] 
2025-01-26 22:40:20,927 [ERROR] LogOutputStream:75 - [STDERR_REDIRECT] [Fatal Error] :1:1: Premature end of file.
2025-01-26 22:40:20,927 [ERROR] LogOutputStream:75 - [STDERR_REDIRECT] 
2025-01-26 22:40:21,928 [ERROR] LogOutputStream:75 - [STDERR_REDIRECT] [Fatal Error] :1:1: Premature end of file.
2025-01-26 22:40:21,928 [ERROR] LogOutputStream:75 - [STDERR_REDIRECT] 
2025-01-26 22:40:22,933 [ERROR] LogOutputStream:75 - [STDERR_REDIRECT] [Fatal Error] :1:1: Premature end of file.
2025-01-26 22:40:22,933 [ERROR] LogOutputStream:75 - [STDERR_REDIRECT] 
2025-01-26 22:40:23,926 [ERROR] LogOutputStream:75 - [STDERR_REDIRECT] [Fatal Error] :1:1: Premature end of file.
2025-01-26 22:40:23,926 [ERROR] LogOutputStream:75 - [STDERR_REDIRECT] 
2025-01-26 22:40:24,931 [ERROR] LogOutputStream:75 - [STDERR_REDIRECT] [Fatal Error] :1:1: Premature end of file.
2025-01-26 22:40:24,932 [ERROR] LogOutputStream:75 - [STDERR_REDIRECT] 
2025-01-26 22:40:25,943 [ERROR] LogOutputStream:75 - [STDERR_REDIRECT] [Fatal Error] :1:1: Premature end of file.
2025-01-26 22:40:25,943 [ERROR] LogOutputStream:75 - [STDERR_REDIRECT] 
2025-01-26 22:40:26,933 [ERROR] LogOutputStream:75 - [STDERR_REDIRECT] [Fatal Error] :1:1: Premature end of file.
2025-01-26 22:40:26,933 [ERROR] LogOutputStream:75 - [STDERR_REDIRECT] 
2025-01-26 22:40:27,926 [ERROR] LogOutputStream:75 - [STDERR_REDIRECT] [Fatal Error] :1:1: Premature end of file.
2025-01-26 22:40:27,926 [ERROR] LogOutputStream:75 - [STDERR_REDIRECT] 
2025-01-26 22:40:28,922 [ERROR] LogOutputStream:75 - [STDERR_REDIRECT] [Fatal Error] :1:1: Premature end of file.
2025-01-26 22:40:28,922 [ERROR] LogOutputStream:75 - [STDERR_REDIRECT] 
2025-01-26 22:40:29,925 [ERROR] LogOutputStream:75 - [STDERR_REDIRECT] [Fatal Error] :1:1: Premature end of file.
2025-01-26 22:40:29,925 [ERROR] LogOutputStream:75 - [STDERR_REDIRECT] 
2025-01-26 22:40:30,925 [ERROR] LogOutputStream:75 - [STDERR_REDIRECT] [Fatal Error] :1:1: Premature end of file.
2025-01-26 22:40:30,925 [ERROR] LogOutputStream:75 - [STDERR_REDIRECT] 
2025-01-26 22:40:31,926 [ERROR] LogOutputStream:75 - [STDERR_REDIRECT] [Fatal Error] :1:1: Premature end of file.
2025-01-26 22:40:31,926 [ERROR] LogOutputStream:75 - [STDERR_REDIRECT] 
2025-01-26 22:40:32,925 [ERROR] LogOutputStream:75 - [STDERR_REDIRECT] [Fatal Error] :1:1: Premature end of file.
2025-01-26 22:40:32,925 [ERROR] LogOutputStream:75 - [STDERR_REDIRECT] 
2025-01-26 22:40:33,924 [ERROR] LogOutputStream:75 - [STDERR_REDIRECT] [Fatal Error] :1:1: Premature end of file.
2025-01-26 22:40:33,924 [ERROR] LogOutputStream:75 - [STDERR_REDIRECT] 
2025-01-26 22:40:34,929 [ERROR] LogOutputStream:75 - [STDERR_REDIRECT] [Fatal Error] :1:1: Premature end of file.
2025-01-26 22:40:34,929 [ERROR] LogOutputStream:75 - [STDERR_REDIRECT] 
2025-01-26 22:40:35,927 [ERROR] LogOutputStream:75 - [STDERR_REDIRECT] [Fatal Error] :1:1: Premature end of file.
2025-01-26 22:40:35,929 [ERROR] LogOutputStream:75 - [STDERR_REDIRECT] 
2025-01-26 22:40:36,922 [ERROR] LogOutputStream:75 - [STDERR_REDIRECT] [Fatal Error] :1:1: Premature end of file.
2025-01-26 22:40:36,922 [ERROR] LogOutputStream:75 - [STDERR_REDIRECT] 
2025-01-26 22:40:37,918 [ERROR] LogOutputStream:75 - [STDERR_REDIRECT] [Fatal Error] :1:1: Premature end of file.
2025-01-26 22:40:37,918 [ERROR] LogOutputStream:75 - [STDERR_REDIRECT] 
2025-01-26 22:40:38,926 [ERROR] LogOutputStream:75 - [STDERR_REDIRECT] [Fatal Error] :1:1: Premature end of file.
2025-01-26 22:40:38,926 [ERROR] LogOutputStream:75 - [STDERR_REDIRECT] 
2025-01-26 22:40:39,935 [ERROR] LogOutputStream:75 - [STDERR_REDIRECT] [Fatal Error] :1:1: Premature end of file.
2025-01-26 22:40:39,935 [ERROR] LogOutputStream:75 - [STDERR_REDIRECT] 
2025-01-26 22:40:40,921 [ERROR] LogOutputStream:75 - [STDERR_REDIRECT] [Fatal Error] :1:1: Premature end of file.
2025-01-26 22:40:40,921 [ERROR] LogOutputStream:75 - [STDERR_REDIRECT] 
2025-01-26 22:40:41,921 [ERROR] LogOutputStream:75 - [STDERR_REDIRECT] [Fatal Error] :1:1: Premature end of file.
2025-01-26 22:40:41,922 [ERROR] LogOutputStream:75 - [STDERR_REDIRECT] 
2025-01-26 22:40:42,919 [ERROR] LogOutputStream:75 - [STDERR_REDIRECT] [Fatal Error] :1:1: Premature end of file.
2025-01-26 22:40:42,919 [ERROR] LogOutputStream:75 - [STDERR_REDIRECT] 
2025-01-26 22:40:43,926 [ERROR] LogOutputStream:75 - [STDERR_REDIRECT] [Fatal Error] :1:1: Premature end of file.
2025-01-26 22:40:43,926 [ERROR] LogOutputStream:75 - [STDERR_REDIRECT] 
2025-01-26 22:40:44,920 [ERROR] LogOutputStream:75 - [STDERR_REDIRECT] [Fatal Error] :1:1: Premature end of file.
2025-01-26 22:40:44,920 [ERROR] LogOutputStream:75 - [STDERR_REDIRECT] 
2025-01-26 22:40:45,923 [ERROR] LogOutputStream:75 - [STDERR_REDIRECT] [Fatal Error] :1:1: Premature end of file.
2025-01-26 22:40:45,923 [ERROR] LogOutputStream:75 - [STDERR_REDIRECT] 
2025-01-26 22:40:46,927 [ERROR] LogOutputStream:75 - [STDERR_REDIRECT] [Fatal Error] :1:1: Premature end of file.
2025-01-26 22:40:46,927 [ERROR] LogOutputStream:75 - [STDERR_REDIRECT] 
2025-01-26 22:40:47,929 [ERROR] LogOutputStream:75 - [STDERR_REDIRECT] [Fatal Error] :1:1: Premature end of file.
2025-01-26 22:40:47,929 [ERROR] LogOutputStream:75 - [STDERR_REDIRECT] 
2025-01-26 22:40:48,921 [ERROR] LogOutputStream:75 - [STDERR_REDIRECT] [Fatal Error] :1:1: Premature end of file.
2025-01-26 22:40:48,921 [ERROR] LogOutputStream:75 - [STDERR_REDIRECT] 
2025-01-26 22:40:49,926 [ERROR] LogOutputStream:75 - [STDERR_REDIRECT] [Fatal Error] :1:1: Premature end of file.
2025-01-26 22:40:49,926 [ERROR] LogOutputStream:75 - [STDERR_REDIRECT] 
2025-01-26 22:40:50,932 [ERROR] LogOutputStream:75 - [STDERR_REDIRECT] [Fatal Error] :1:1: Premature end of file.
2025-01-26 22:40:50,932 [ERROR] LogOutputStream:75 - [STDERR_REDIRECT] 
2025-01-26 22:40:51,925 [ERROR] LogOutputStream:75 - [STDERR_REDIRECT] [Fatal Error] :1:1: Premature end of file.
2025-01-26 22:40:51,925 [ERROR] LogOutputStream:75 - [STDERR_REDIRECT] 
2025-01-26 22:40:52,933 [ERROR] LogOutputStream:75 - [STDERR_REDIRECT] [Fatal Error] :1:1: Premature end of file.
2025-01-26 22:40:52,933 [ERROR] LogOutputStream:75 - [STDERR_REDIRECT] 
2025-01-26 22:40:53,930 [ERROR] LogOutputStream:75 - [STDERR_REDIRECT] [Fatal Error] :1:1: Premature end of file.
2025-01-26 22:40:53,932 [ERROR] LogOutputStream:75 - [STDERR_REDIRECT] 
2025-01-26 22:40:54,919 [ERROR] LogOutputStream:75 - [STDERR_REDIRECT] [Fatal Error] :1:1: Premature end of file.
2025-01-26 22:40:54,919 [ERROR] LogOutputStream:75 - [STDERR_REDIRECT] 
2025-01-26 22:40:55,926 [ERROR] LogOutputStream:75 - [STDERR_REDIRECT] [Fatal Error] :1:1: Premature end of file.
2025-01-26 22:40:55,926 [ERROR] LogOutputStream:75 - [STDERR_REDIRECT] 
2025-01-26 22:40:56,933 [ERROR] LogOutputStream:75 - [STDERR_REDIRECT] [Fatal Error] :1:1: Premature end of file.
2025-01-26 22:40:56,933 [ERROR] LogOutputStream:75 - [STDERR_REDIRECT] 
2025-01-26 22:40:57,929 [ERROR] LogOutputStream:75 - [STDERR_REDIRECT] [Fatal Error] :1:1: Premature end of file.
2025-01-26 22:40:57,929 [ERROR] LogOutputStream:75 - [STDERR_REDIRECT] 
2025-01-26 22:40:58,933 [ERROR] LogOutputStream:75 - [STDERR_REDIRECT] [Fatal Error] :1:1: Premature end of file.
2025-01-26 22:40:58,933 [ERROR] LogOutputStream:75 - [STDERR_REDIRECT] 
2025-01-26 22:40:59,934 [ERROR] LogOutputStream:75 - [STDERR_REDIRECT] [Fatal Error] :1:1: Premature end of file.
2025-01-26 22:40:59,934 [ERROR] LogOutputStream:75 - [STDERR_REDIRECT] 
2025-01-26 22:41:00,921 [ERROR] LogOutputStream:75 - [STDERR_REDIRECT] [Fatal Error] :1:1: Premature end of file.
2025-01-26 22:41:00,921 [ERROR] LogOutputStream:75 - [STDERR_REDIRECT] 
2025-01-26 22:41:01,931 [ERROR] LogOutputStream:75 - [STDERR_REDIRECT] [Fatal Error] :1:1: Premature end of file.
2025-01-26 22:41:01,931 [ERROR] LogOutputStream:75 - [STDERR_REDIRECT] 
2025-01-26 22:41:02,927 [ERROR] LogOutputStream:75 - [STDERR_REDIRECT] [Fatal Error] :1:1: Premature end of file.
2025-01-26 22:41:02,927 [ERROR] LogOutputStream:75 - [STDERR_REDIRECT] 
2025-01-26 22:41:03,929 [ERROR] LogOutputStream:75 - [STDERR_REDIRECT] [Fatal Error] :1:1: Premature end of file.
2025-01-26 22:41:03,929 [ERROR] LogOutputStream:75 - [STDERR_REDIRECT] 
2025-01-26 22:41:04,933 [ERROR] LogOutputStream:75 - [STDERR_REDIRECT] [Fatal Error] :1:1: Premature end of file.
2025-01-26 22:41:04,933 [ERROR] LogOutputStream:75 - [STDERR_REDIRECT] 
2025-01-26 22:41:05,925 [ERROR] LogOutputStream:75 - [STDERR_REDIRECT] [Fatal Error] :1:1: Premature end of file.
2025-01-26 22:41:05,925 [ERROR] LogOutputStream:75 - [STDERR_REDIRECT] 
2025-01-26 22:41:06,936 [ERROR] LogOutputStream:75 - [STDERR_REDIRECT] [Fatal Error] :1:1: Premature end of file.
2025-01-26 22:41:06,936 [ERROR] LogOutputStream:75 - [STDERR_REDIRECT] 
2025-01-26 22:41:07,925 [ERROR] LogOutputStream:75 - [STDERR_REDIRECT] [Fatal Error] :1:1: Premature end of file.
2025-01-26 22:41:07,925 [ERROR] LogOutputStream:75 - [STDERR_REDIRECT] 
2025-01-26 22:41:08,930 [ERROR] LogOutputStream:75 - [STDERR_REDIRECT] [Fatal Error] :1:1: Premature end of file.
2025-01-26 22:41:08,930 [ERROR] LogOutputStream:75 - [STDERR_REDIRECT] 
2025-01-26 22:41:09,928 [ERROR] LogOutputStream:75 - [STDERR_REDIRECT] [Fatal Error] :1:1: Premature end of file.
2025-01-26 22:41:09,928 [ERROR] LogOutputStream:75 - [STDERR_REDIRECT] 
2025-01-26 22:41:10,930 [ERROR] LogOutputStream:75 - [STDERR_REDIRECT] [Fatal Error] :1:1: Premature end of file.
2025-01-26 22:41:10,930 [ERROR] LogOutputStream:75 - [STDERR_REDIRECT] 
2025-01-26 22:41:11,927 [ERROR] LogOutputStream:75 - [STDERR_REDIRECT] [Fatal Error] :1:1: Premature end of file.
2025-01-26 22:41:11,928 [ERROR] LogOutputStream:75 - [STDERR_REDIRECT] 
2025-01-26 22:41:12,931 [ERROR] LogOutputStream:75 - [STDERR_REDIRECT] [Fatal Error] :1:1: Premature end of file.
2025-01-26 22:41:12,931 [ERROR] LogOutputStream:75 - [STDERR_REDIRECT] 
2025-01-26 22:41:13,921 [ERROR] LogOutputStream:75 - [STDERR_REDIRECT] [Fatal Error] :1:1: Premature end of file.
2025-01-26 22:41:13,921 [ERROR] LogOutputStream:75 - [STDERR_REDIRECT] 
2025-01-26 22:41:14,933 [ERROR] LogOutputStream:75 - [STDERR_REDIRECT] [Fatal Error] :1:1: Premature end of file.
2025-01-26 22:41:14,933 [ERROR] LogOutputStream:75 - [STDERR_REDIRECT] 
2025-01-26 22:41:15,929 [ERROR] LogOutputStream:75 - [STDERR_REDIRECT] [Fatal Error] :1:1: Premature end of file.
2025-01-26 22:41:15,929 [ERROR] LogOutputStream:75 - [STDERR_REDIRECT] 
2025-01-26 22:41:16,930 [ERROR] LogOutputStream:75 - [STDERR_REDIRECT] [Fatal Error] :1:1: Premature end of file.
2025-01-26 22:41:16,930 [ERROR] LogOutputStream:75 - [STDERR_REDIRECT] 
2025-01-26 22:41:17,932 [ERROR] LogOutputStream:75 - [STDERR_REDIRECT] [Fatal Error] :1:1: Premature end of file.
2025-01-26 22:41:17,932 [ERROR] LogOutputStream:75 - [STDERR_REDIRECT] 
2025-01-26 22:41:18,934 [ERROR] LogOutputStream:75 - [STDERR_REDIRECT] [Fatal Error] :1:1: Premature end of file.
2025-01-26 22:41:18,934 [ERROR] LogOutputStream:75 - [STDERR_REDIRECT] 
2025-01-26 22:41:19,927 [ERROR] LogOutputStream:75 - [STDERR_REDIRECT] [Fatal Error] :1:1: Premature end of file.
2025-01-26 22:41:19,927 [ERROR] LogOutputStream:75 - [STDERR_REDIRECT] 
2025-01-26 22:41:20,928 [ERROR] LogOutputStream:75 - [STDERR_REDIRECT] [Fatal Error] :1:1: Premature end of file.
2025-01-26 22:41:20,928 [ERROR] LogOutputStream:75 - [STDERR_REDIRECT] 
2025-01-26 22:41:21,925 [ERROR] LogOutputStream:75 - [STDERR_REDIRECT] [Fatal Error] :1:1: Premature end of file.
2025-01-26 22:41:21,925 [ERROR] LogOutputStream:75 - [STDERR_REDIRECT] 
2025-01-26 22:41:22,927 [ERROR] LogOutputStream:75 - [STDERR_REDIRECT] [Fatal Error] :1:1: Premature end of file.
2025-01-26 22:41:22,927 [ERROR] LogOutputStream:75 - [STDERR_REDIRECT] 
2025-01-26 22:41:23,926 [ERROR] LogOutputStream:75 - [STDERR_REDIRECT] [Fatal Error] :1:1: Premature end of file.
2025-01-26 22:41:23,926 [ERROR] LogOutputStream:75 - [STDERR_REDIRECT] 
2025-01-26 22:41:24,928 [ERROR] LogOutputStream:75 - [STDERR_REDIRECT] [Fatal Error] :1:1: Premature end of file.
2025-01-26 22:41:24,928 [ERROR] LogOutputStream:75 - [STDERR_REDIRECT] 
2025-01-26 22:41:25,926 [ERROR] LogOutputStream:75 - [STDERR_REDIRECT] [Fatal Error] :1:1: Premature end of file.
2025-01-26 22:41:25,927 [ERROR] LogOutputStream:75 - [STDERR_REDIRECT] 
2025-01-26 22:41:26,931 [ERROR] LogOutputStream:75 - [STDERR_REDIRECT] [Fatal Error] :1:1: Premature end of file.
2025-01-26 22:41:26,931 [ERROR] LogOutputStream:75 - [STDERR_REDIRECT] 
2025-01-26 22:41:27,933 [ERROR] LogOutputStream:75 - [STDERR_REDIRECT] [Fatal Error] :1:1: Premature end of file.
2025-01-26 22:41:27,933 [ERROR] LogOutputStream:75 - [STDERR_REDIRECT] 
2025-01-26 22:41:28,929 [ERROR] LogOutputStream:75 - [STDERR_REDIRECT] [Fatal Error] :1:1: Premature end of file.
2025-01-26 22:41:28,929 [ERROR] LogOutputStream:75 - [STDERR_REDIRECT] 
2025-01-26 22:41:29,926 [ERROR] LogOutputStream:75 - [STDERR_REDIRECT] [Fatal Error] :1:1: Premature end of file.
2025-01-26 22:41:29,926 [ERROR] LogOutputStream:75 - [STDERR_REDIRECT] 
2025-01-26 22:41:30,934 [ERROR] LogOutputStream:75 - [STDERR_REDIRECT] [Fatal Error] :1:1: Premature end of file.
2025-01-26 22:41:30,934 [ERROR] LogOutputStream:75 - [STDERR_REDIRECT] 
2025-01-26 22:41:31,928 [ERROR] LogOutputStream:75 - [STDERR_REDIRECT] [Fatal Error] :1:1: Premature end of file.
2025-01-26 22:41:31,928 [ERROR] LogOutputStream:75 - [STDERR_REDIRECT] 
2025-01-26 22:41:32,922 [ERROR] LogOutputStream:75 - [STDERR_REDIRECT] [Fatal Error] :1:1: Premature end of file.
2025-01-26 22:41:32,922 [ERROR] LogOutputStream:75 - [STDERR_REDIRECT] 
2025-01-26 22:41:33,933 [ERROR] LogOutputStream:75 - [STDERR_REDIRECT] [Fatal Error] :1:1: Premature end of file.
2025-01-26 22:41:33,933 [ERROR] LogOutputStream:75 - [STDERR_REDIRECT] 
2025-01-26 22:41:34,931 [ERROR] LogOutputStream:75 - [STDERR_REDIRECT] [Fatal Error] :1:1: Premature end of file.
2025-01-26 22:41:34,931 [ERROR] LogOutputStream:75 - [STDERR_REDIRECT] 
2025-01-26 22:41:35,914 [ERROR] LogOutputStream:75 - [STDERR_REDIRECT] [Fatal Error] :1:1: Premature end of file.
2025-01-26 22:41:35,916 [ERROR] LogOutputStream:75 - [STDERR_REDIRECT] 
2025-01-26 22:41:36,923 [ERROR] LogOutputStream:75 - [STDERR_REDIRECT] [Fatal Error] :1:1: Premature end of file.
2025-01-26 22:41:36,923 [ERROR] LogOutputStream:75 - [STDERR_REDIRECT] 
2025-01-26 22:41:37,918 [ERROR] LogOutputStream:75 - [STDERR_REDIRECT] [Fatal Error] :1:1: Premature end of file.
2025-01-26 22:41:37,918 [ERROR] LogOutputStream:75 - [STDERR_REDIRECT] 
2025-01-26 22:41:38,927 [ERROR] LogOutputStream:75 - [STDERR_REDIRECT] [Fatal Error] :1:1: Premature end of file.
2025-01-26 22:41:38,927 [ERROR] LogOutputStream:75 - [STDERR_REDIRECT] 
2025-01-26 22:41:39,931 [ERROR] LogOutputStream:75 - [STDERR_REDIRECT] [Fatal Error] :1:1: Premature end of file.
2025-01-26 22:41:39,933 [ERROR] LogOutputStream:75 - [STDERR_REDIRECT] 
2025-01-26 22:41:40,916 [ERROR] LogOutputStream:75 - [STDERR_REDIRECT] [Fatal Error] :1:1: Premature end of file.
2025-01-26 22:41:40,916 [ERROR] LogOutputStream:75 - [STDERR_REDIRECT] 
2025-01-26 22:41:41,931 [ERROR] LogOutputStream:75 - [STDERR_REDIRECT] [Fatal Error] :1:1: Premature end of file.
2025-01-26 22:41:41,931 [ERROR] LogOutputStream:75 - [STDERR_REDIRECT] 
2025-01-26 22:41:42,923 [ERROR] LogOutputStream:75 - [STDERR_REDIRECT] [Fatal Error] :1:1: Premature end of file.
2025-01-26 22:41:42,923 [ERROR] LogOutputStream:75 - [STDERR_REDIRECT] 
2025-01-26 22:41:43,925 [ERROR] LogOutputStream:75 - [STDERR_REDIRECT] [Fatal Error] :1:1: Premature end of file.
2025-01-26 22:41:43,925 [ERROR] LogOutputStream:75 - [STDERR_REDIRECT] 
2025-01-26 22:41:44,933 [ERROR] LogOutputStream:75 - [STDERR_REDIRECT] [Fatal Error] :1:1: Premature end of file.
2025-01-26 22:41:44,933 [ERROR] LogOutputStream:75 - [STDERR_REDIRECT] 
2025-01-26 22:41:45,941 [ERROR] LogOutputStream:75 - [STDERR_REDIRECT] [Fatal Error] :1:1: Premature end of file.
2025-01-26 22:41:45,941 [ERROR] LogOutputStream:75 - [STDERR_REDIRECT] 
2025-01-26 22:41:46,931 [ERROR] LogOutputStream:75 - [STDERR_REDIRECT] [Fatal Error] :1:1: Premature end of file.
2025-01-26 22:41:46,931 [ERROR] LogOutputStream:75 - [STDERR_REDIRECT] 
2025-01-26 22:41:47,938 [ERROR] LogOutputStream:75 - [STDERR_REDIRECT] [Fatal Error] :1:1: Premature end of file.
2025-01-26 22:41:47,938 [ERROR] LogOutputStream:75 - [STDERR_REDIRECT] 
2025-01-26 22:41:48,928 [ERROR] LogOutputStream:75 - [STDERR_REDIRECT] [Fatal Error] :1:1: Premature end of file.
2025-01-26 22:41:48,928 [ERROR] LogOutputStream:75 - [STDERR_REDIRECT] 
2025-01-26 22:41:49,944 [ERROR] LogOutputStream:75 - [STDERR_REDIRECT] [Fatal Error] :1:1: Premature end of file.
2025-01-26 22:41:49,944 [ERROR] LogOutputStream:75 - [STDERR_REDIRECT] 
2025-01-26 22:41:50,944 [ERROR] LogOutputStream:75 - [STDERR_REDIRECT] [Fatal Error] :1:1: Premature end of file.
2025-01-26 22:41:50,944 [ERROR] LogOutputStream:75 - [STDERR_REDIRECT] 
2025-01-26 22:41:51,927 [ERROR] LogOutputStream:75 - [STDERR_REDIRECT] [Fatal Error] :1:1: Premature end of file.
2025-01-26 22:41:51,927 [ERROR] LogOutputStream:75 - [STDERR_REDIRECT] 
2025-01-26 22:41:52,929 [ERROR] LogOutputStream:75 - [STDERR_REDIRECT] [Fatal Error] :1:1: Premature end of file.
2025-01-26 22:41:52,929 [ERROR] LogOutputStream:75 - [STDERR_REDIRECT] 
2025-01-26 22:41:53,920 [ERROR] LogOutputStream:75 - [STDERR_REDIRECT] [Fatal Error] :1:1: Premature end of file.
2025-01-26 22:41:53,920 [ERROR] LogOutputStream:75 - [STDERR_REDIRECT] 
2025-01-26 22:41:54,926 [ERROR] LogOutputStream:75 - [STDERR_REDIRECT] [Fatal Error] :1:1: Premature end of file.
2025-01-26 22:41:54,926 [ERROR] LogOutputStream:75 - [STDERR_REDIRECT] 
2025-01-26 22:41:55,921 [ERROR] LogOutputStream:75 - [STDERR_REDIRECT] [Fatal Error] :1:1: Premature end of file.
2025-01-26 22:41:55,921 [ERROR] LogOutputStream:75 - [STDERR_REDIRECT] 
2025-01-26 22:41:56,920 [ERROR] LogOutputStream:75 - [STDERR_REDIRECT] [Fatal Error] :1:1: Premature end of file.
2025-01-26 22:41:56,920 [ERROR] LogOutputStream:75 - [STDERR_REDIRECT] 
2025-01-26 22:41:57,929 [ERROR] LogOutputStream:75 - [STDERR_REDIRECT] [Fatal Error] :1:1: Premature end of file.
2025-01-26 22:41:57,929 [ERROR] LogOutputStream:75 - [STDERR_REDIRECT] 
2025-01-26 22:41:58,933 [ERROR] LogOutputStream:75 - [STDERR_REDIRECT] [Fatal Error] :1:1: Premature end of file.
2025-01-26 22:41:58,933 [ERROR] LogOutputStream:75 - [STDERR_REDIRECT] 
2025-01-26 22:41:59,932 [ERROR] LogOutputStream:75 - [STDERR_REDIRECT] [Fatal Error] :1:1: Premature end of file.
2025-01-26 22:41:59,933 [ERROR] LogOutputStream:75 - [STDERR_REDIRECT] 
2025-01-26 22:42:00,933 [ERROR] LogOutputStream:75 - [STDERR_REDIRECT] [Fatal Error] :1:1: Premature end of file.
2025-01-26 22:42:00,933 [ERROR] LogOutputStream:75 - [STDERR_REDIRECT] 
2025-01-26 22:42:01,931 [ERROR] LogOutputStream:75 - [STDERR_REDIRECT] [Fatal Error] :1:1: Premature end of file.
2025-01-26 22:42:01,931 [ERROR] LogOutputStream:75 - [STDERR_REDIRECT] 
2025-01-26 22:42:02,929 [ERROR] LogOutputStream:75 - [STDERR_REDIRECT] [Fatal Error] :1:1: Premature end of file.
2025-01-26 22:42:02,929 [ERROR] LogOutputStream:75 - [STDERR_REDIRECT] 
2025-01-26 22:42:03,935 [ERROR] LogOutputStream:75 - [STDERR_REDIRECT] [Fatal Error] :1:1: Premature end of file.
2025-01-26 22:42:03,935 [ERROR] LogOutputStream:75 - [STDERR_REDIRECT] 
2025-01-26 22:42:04,935 [ERROR] LogOutputStream:75 - [STDERR_REDIRECT] [Fatal Error] :1:1: Premature end of file.
2025-01-26 22:42:04,935 [ERROR] LogOutputStream:75 - [STDERR_REDIRECT] 
2025-01-26 22:42:05,933 [ERROR] LogOutputStream:75 - [STDERR_REDIRECT] [Fatal Error] :1:1: Premature end of file.
2025-01-26 22:42:05,933 [ERROR] LogOutputStream:75 - [STDERR_REDIRECT] 
2025-01-26 22:42:06,926 [ERROR] LogOutputStream:75 - [STDERR_REDIRECT] [Fatal Error] :1:1: Premature end of file.
2025-01-26 22:42:06,926 [ERROR] LogOutputStream:75 - [STDERR_REDIRECT] 
2025-01-26 22:42:07,929 [ERROR] LogOutputStream:75 - [STDERR_REDIRECT] [Fatal Error] :1:1: Premature end of file.
2025-01-26 22:42:07,929 [ERROR] LogOutputStream:75 - [STDERR_REDIRECT] 
2025-01-26 22:42:08,930 [ERROR] LogOutputStream:75 - [STDERR_REDIRECT] [Fatal Error] :1:1: Premature end of file.
2025-01-26 22:42:08,930 [ERROR] LogOutputStream:75 - [STDERR_REDIRECT] 
2025-01-26 22:42:09,924 [ERROR] LogOutputStream:75 - [STDERR_REDIRECT] [Fatal Error] :1:1: Premature end of file.
2025-01-26 22:42:09,926 [ERROR] LogOutputStream:75 - [STDERR_REDIRECT] 
2025-01-26 22:42:10,933 [ERROR] LogOutputStream:75 - [STDERR_REDIRECT] [Fatal Error] :1:1: Premature end of file.
2025-01-26 22:42:10,933 [ERROR] LogOutputStream:75 - [STDERR_REDIRECT] 
2025-01-26 22:42:11,928 [ERROR] LogOutputStream:75 - [STDERR_REDIRECT] [Fatal Error] :1:1: Premature end of file.
2025-01-26 22:42:11,928 [ERROR] LogOutputStream:75 - [STDERR_REDIRECT] 
2025-01-26 22:42:12,930 [ERROR] LogOutputStream:75 - [STDERR_REDIRECT] [Fatal Error] :1:1: Premature end of file.
2025-01-26 22:42:12,930 [ERROR] LogOutputStream:75 - [STDERR_REDIRECT] 
2025-01-26 22:42:13,927 [ERROR] LogOutputStream:75 - [STDERR_REDIRECT] [Fatal Error] :1:1: Premature end of file.
2025-01-26 22:42:13,927 [ERROR] LogOutputStream:75 - [STDERR_REDIRECT] 
2025-01-26 22:42:14,933 [ERROR] LogOutputStream:75 - [STDERR_REDIRECT] [Fatal Error] :1:1: Premature end of file.
2025-01-26 22:42:14,933 [ERROR] LogOutputStream:75 - [STDERR_REDIRECT] 
2025-01-26 22:42:15,925 [ERROR] LogOutputStream:75 - [STDERR_REDIRECT] [Fatal Error] :1:1: Premature end of file.
2025-01-26 22:42:15,925 [ERROR] LogOutputStream:75 - [STDERR_REDIRECT] 
2025-01-26 22:42:16,931 [ERROR] LogOutputStream:75 - [STDERR_REDIRECT] [Fatal Error] :1:1: Premature end of file.
2025-01-26 22:42:16,931 [ERROR] LogOutputStream:75 - [STDERR_REDIRECT] 
2025-01-26 22:42:17,935 [ERROR] LogOutputStream:75 - [STDERR_REDIRECT] [Fatal Error] :1:1: Premature end of file.
2025-01-26 22:42:17,935 [ERROR] LogOutputStream:75 - [STDERR_REDIRECT] 
2025-01-26 22:42:18,926 [ERROR] LogOutputStream:75 - [STDERR_REDIRECT] [Fatal Error] :1:1: Premature end of file.
2025-01-26 22:42:18,926 [ERROR] LogOutputStream:75 - [STDERR_REDIRECT] 
2025-01-26 22:42:19,926 [ERROR] LogOutputStream:75 - [STDERR_REDIRECT] [Fatal Error] :1:1: Premature end of file.
2025-01-26 22:42:19,926 [ERROR] LogOutputStream:75 - [STDERR_REDIRECT] 
2025-01-26 22:42:20,925 [ERROR] LogOutputStream:75 - [STDERR_REDIRECT] [Fatal Error] :1:1: Premature end of file.
2025-01-26 22:42:20,925 [ERROR] LogOutputStream:75 - [STDERR_REDIRECT] 
2025-01-26 22:42:21,921 [ERROR] LogOutputStream:75 - [STDERR_REDIRECT] [Fatal Error] :1:1: Premature end of file.
2025-01-26 22:42:21,921 [ERROR] LogOutputStream:75 - [STDERR_REDIRECT] 
2025-01-26 22:42:22,919 [ERROR] LogOutputStream:75 - [STDERR_REDIRECT] [Fatal Error] :1:1: Premature end of file.
2025-01-26 22:42:22,919 [ERROR] LogOutputStream:75 - [STDERR_REDIRECT] 
2025-01-26 22:42:23,926 [ERROR] LogOutputStream:75 - [STDERR_REDIRECT] [Fatal Error] :1:1: Premature end of file.
2025-01-26 22:42:23,926 [ERROR] LogOutputStream:75 - [STDERR_REDIRECT] 
2025-01-26 22:42:24,917 [ERROR] LogOutputStream:75 - [STDERR_REDIRECT] [Fatal Error] :1:1: Premature end of file.
2025-01-26 22:42:24,919 [ERROR] LogOutputStream:75 - [STDERR_REDIRECT] 
2025-01-26 22:42:25,921 [ERROR] LogOutputStream:75 - [STDERR_REDIRECT] [Fatal Error] :1:1: Premature end of file.
2025-01-26 22:42:25,922 [ERROR] LogOutputStream:75 - [STDERR_REDIRECT] 
2025-01-26 22:42:26,933 [ERROR] LogOutputStream:75 - [STDERR_REDIRECT] [Fatal Error] :1:1: Premature end of file.
2025-01-26 22:42:26,933 [ERROR] LogOutputStream:75 - [STDERR_REDIRECT] 
2025-01-26 22:42:27,935 [ERROR] LogOutputStream:75 - [STDERR_REDIRECT] [Fatal Error] :1:1: Premature end of file.
2025-01-26 22:42:27,935 [ERROR] LogOutputStream:75 - [STDERR_REDIRECT] 
2025-01-26 22:42:28,938 [ERROR] LogOutputStream:75 - [STDERR_REDIRECT] [Fatal Error] :1:1: Premature end of file.
2025-01-26 22:42:28,940 [ERROR] LogOutputStream:75 - [STDERR_REDIRECT] 
2025-01-26 22:42:29,933 [ERROR] LogOutputStream:75 - [STDERR_REDIRECT] [Fatal Error] :1:1: Premature end of file.
2025-01-26 22:42:29,933 [ERROR] LogOutputStream:75 - [STDERR_REDIRECT] 
2025-01-26 22:42:30,921 [ERROR] LogOutputStream:75 - [STDERR_REDIRECT] [Fatal Error] :1:1: Premature end of file.
2025-01-26 22:42:30,923 [ERROR] LogOutputStream:75 - [STDERR_REDIRECT] 
2025-01-26 22:42:31,927 [ERROR] LogOutputStream:75 - [STDERR_REDIRECT] [Fatal Error] :1:1: Premature end of file.
2025-01-26 22:42:31,927 [ERROR] LogOutputStream:75 - [STDERR_REDIRECT] 
2025-01-26 22:42:32,925 [ERROR] LogOutputStream:75 - [STDERR_REDIRECT] [Fatal Error] :1:1: Premature end of file.
2025-01-26 22:42:32,925 [ERROR] LogOutputStream:75 - [STDERR_REDIRECT] 
2025-01-26 22:42:33,928 [ERROR] LogOutputStream:75 - [STDERR_REDIRECT] [Fatal Error] :1:1: Premature end of file.
2025-01-26 22:42:33,928 [ERROR] LogOutputStream:75 - [STDERR_REDIRECT] 
2025-01-26 22:42:34,925 [ERROR] LogOutputStream:75 - [STDERR_REDIRECT] [Fatal Error] :1:1: Premature end of file.
2025-01-26 22:42:34,925 [ERROR] LogOutputStream:75 - [STDERR_REDIRECT] 
2025-01-26 22:42:35,919 [ERROR] LogOutputStream:75 - [STDERR_REDIRECT] [Fatal Error] :1:1: Premature end of file.
2025-01-26 22:42:35,919 [ERROR] LogOutputStream:75 - [STDERR_REDIRECT] 
2025-01-26 22:42:36,922 [ERROR] LogOutputStream:75 - [STDERR_REDIRECT] [Fatal Error] :1:1: Premature end of file.
2025-01-26 22:42:36,922 [ERROR] LogOutputStream:75 - [STDERR_REDIRECT] 
2025-01-26 22:42:37,959 [ERROR] LogOutputStream:75 - [STDERR_REDIRECT] [Fatal Error] :1:1: Premature end of file.
2025-01-26 22:42:37,959 [ERROR] LogOutputStream:75 - [STDERR_REDIRECT] 
2025-01-26 22:42:38,926 [ERROR] LogOutputStream:75 - [STDERR_REDIRECT] [Fatal Error] :1:1: Premature end of file.
2025-01-26 22:42:38,926 [ERROR] LogOutputStream:75 - [STDERR_REDIRECT] 
2025-01-26 22:42:39,932 [ERROR] LogOutputStream:75 - [STDERR_REDIRECT] [Fatal Error] :1:1: Premature end of file.
2025-01-26 22:42:39,932 [ERROR] LogOutputStream:75 - [STDERR_REDIRECT] 
2025-01-26 22:42:40,928 [ERROR] LogOutputStream:75 - [STDERR_REDIRECT] [Fatal Error] :1:1: Premature end of file.
2025-01-26 22:42:40,928 [ERROR] LogOutputStream:75 - [STDERR_REDIRECT] 
2025-01-26 22:42:41,946 [ERROR] LogOutputStream:75 - [STDERR_REDIRECT] [Fatal Error] :1:1: Premature end of file.
2025-01-26 22:42:41,946 [ERROR] LogOutputStream:75 - [STDERR_REDIRECT] 
2025-01-26 22:42:42,933 [ERROR] LogOutputStream:75 - [STDERR_REDIRECT] [Fatal Error] :1:1: Premature end of file.
2025-01-26 22:42:42,933 [ERROR] LogOutputStream:75 - [STDERR_REDIRECT] 
2025-01-26 22:42:43,930 [ERROR] LogOutputStream:75 - [STDERR_REDIRECT] [Fatal Error] :1:1: Premature end of file.
2025-01-26 22:42:43,930 [ERROR] LogOutputStream:75 - [STDERR_REDIRECT] 
2025-01-26 22:42:44,928 [ERROR] LogOutputStream:75 - [STDERR_REDIRECT] [Fatal Error] :1:1: Premature end of file.
2025-01-26 22:42:44,928 [ERROR] LogOutputStream:75 - [STDERR_REDIRECT] 
2025-01-26 22:42:45,928 [ERROR] LogOutputStream:75 - [STDERR_REDIRECT] [Fatal Error] :1:1: Premature end of file.
2025-01-26 22:42:45,928 [ERROR] LogOutputStream:75 - [STDERR_REDIRECT] 
2025-01-26 22:42:46,927 [ERROR] LogOutputStream:75 - [STDERR_REDIRECT] [Fatal Error] :1:1: Premature end of file.
2025-01-26 22:42:46,927 [ERROR] LogOutputStream:75 - [STDERR_REDIRECT] 
2025-01-26 22:42:47,938 [ERROR] LogOutputStream:75 - [STDERR_REDIRECT] [Fatal Error] :1:1: Premature end of file.
2025-01-26 22:42:47,938 [ERROR] LogOutputStream:75 - [STDERR_REDIRECT] 
2025-01-26 22:42:48,926 [ERROR] LogOutputStream:75 - [STDERR_REDIRECT] [Fatal Error] :1:1: Premature end of file.
2025-01-26 22:42:48,926 [ERROR] LogOutputStream:75 - [STDERR_REDIRECT] 
2025-01-26 22:42:49,938 [ERROR] LogOutputStream:75 - [STDERR_REDIRECT] [Fatal Error] :1:1: Premature end of file.
2025-01-26 22:42:49,938 [ERROR] LogOutputStream:75 - [STDERR_REDIRECT] 
2025-01-26 22:42:50,929 [ERROR] LogOutputStream:75 - [STDERR_REDIRECT] [Fatal Error] :1:1: Premature end of file.
2025-01-26 22:42:50,930 [ERROR] LogOutputStream:75 - [STDERR_REDIRECT] 
2025-01-26 22:42:51,927 [ERROR] LogOutputStream:75 - [STDERR_REDIRECT] [Fatal Error] :1:1: Premature end of file.
2025-01-26 22:42:51,929 [ERROR] LogOutputStream:75 - [STDERR_REDIRECT] 
2025-01-26 22:42:52,919 [ERROR] LogOutputStream:75 - [STDERR_REDIRECT] [Fatal Error] :1:1: Premature end of file.
2025-01-26 22:42:52,919 [ERROR] LogOutputStream:75 - [STDERR_REDIRECT] 
2025-01-26 22:42:53,928 [ERROR] LogOutputStream:75 - [STDERR_REDIRECT] [Fatal Error] :1:1: Premature end of file.
2025-01-26 22:42:53,928 [ERROR] LogOutputStream:75 - [STDERR_REDIRECT] 
2025-01-26 22:42:54,922 [ERROR] LogOutputStream:75 - [STDERR_REDIRECT] [Fatal Error] :1:1: Premature end of file.
2025-01-26 22:42:54,922 [ERROR] LogOutputStream:75 - [STDERR_REDIRECT] 
2025-01-26 22:42:55,931 [ERROR] LogOutputStream:75 - [STDERR_REDIRECT] [Fatal Error] :1:1: Premature end of file.
2025-01-26 22:42:55,931 [ERROR] LogOutputStream:75 - [STDERR_REDIRECT] 
2025-01-26 22:42:56,929 [ERROR] LogOutputStream:75 - [STDERR_REDIRECT] [Fatal Error] :1:1: Premature end of file.
2025-01-26 22:42:56,929 [ERROR] LogOutputStream:75 - [STDERR_REDIRECT] 
2025-01-26 22:42:57,929 [ERROR] LogOutputStream:75 - [STDERR_REDIRECT] [Fatal Error] :1:1: Premature end of file.
2025-01-26 22:42:57,929 [ERROR] LogOutputStream:75 - [STDERR_REDIRECT] 
2025-01-26 22:42:58,916 [ERROR] LogOutputStream:75 - [STDERR_REDIRECT] [Fatal Error] :1:1: Premature end of file.
2025-01-26 22:42:58,916 [ERROR] LogOutputStream:75 - [STDERR_REDIRECT] 
2025-01-26 22:42:59,916 [ERROR] LogOutputStream:75 - [STDERR_REDIRECT] [Fatal Error] :1:1: Premature end of file.
2025-01-26 22:42:59,916 [ERROR] LogOutputStream:75 - [STDERR_REDIRECT] 
2025-01-26 22:43:00,933 [ERROR] LogOutputStream:75 - [STDERR_REDIRECT] [Fatal Error] :1:1: Premature end of file.
2025-01-26 22:43:00,933 [ERROR] LogOutputStream:75 - [STDERR_REDIRECT] 
2025-01-26 22:43:01,928 [ERROR] LogOutputStream:75 - [STDERR_REDIRECT] [Fatal Error] :1:1: Premature end of file.
2025-01-26 22:43:01,928 [ERROR] LogOutputStream:75 - [STDERR_REDIRECT] 
2025-01-26 22:43:02,928 [ERROR] LogOutputStream:75 - [STDERR_REDIRECT] [Fatal Error] :1:1: Premature end of file.
2025-01-26 22:43:02,928 [ERROR] LogOutputStream:75 - [STDERR_REDIRECT] 
2025-01-26 22:43:03,935 [ERROR] LogOutputStream:75 - [STDERR_REDIRECT] [Fatal Error] :1:1: Premature end of file.
2025-01-26 22:43:03,935 [ERROR] LogOutputStream:75 - [STDERR_REDIRECT] 
2025-01-26 22:43:04,935 [ERROR] LogOutputStream:75 - [STDERR_REDIRECT] [Fatal Error] :1:1: Premature end of file.
2025-01-26 22:43:04,935 [ERROR] LogOutputStream:75 - [STDERR_REDIRECT] 
2025-01-26 22:43:05,938 [ERROR] LogOutputStream:75 - [STDERR_REDIRECT] [Fatal Error] :1:1: Premature end of file.
2025-01-26 22:43:05,938 [ERROR] LogOutputStream:75 - [STDERR_REDIRECT] 
2025-01-26 22:43:06,923 [ERROR] LogOutputStream:75 - [STDERR_REDIRECT] [Fatal Error] :1:1: Premature end of file.
2025-01-26 22:43:06,923 [ERROR] LogOutputStream:75 - [STDERR_REDIRECT] 
2025-01-26 22:43:07,932 [ERROR] LogOutputStream:75 - [STDERR_REDIRECT] [Fatal Error] :1:1: Premature end of file.
2025-01-26 22:43:07,932 [ERROR] LogOutputStream:75 - [STDERR_REDIRECT] 
2025-01-26 22:43:08,927 [ERROR] LogOutputStream:75 - [STDERR_REDIRECT] [Fatal Error] :1:1: Premature end of file.
2025-01-26 22:43:08,927 [ERROR] LogOutputStream:75 - [STDERR_REDIRECT] 
2025-01-26 22:43:09,930 [ERROR] LogOutputStream:75 - [STDERR_REDIRECT] [Fatal Error] :1:1: Premature end of file.
2025-01-26 22:43:09,930 [ERROR] LogOutputStream:75 - [STDERR_REDIRECT] 
2025-01-26 22:43:10,920 [ERROR] LogOutputStream:75 - [STDERR_REDIRECT] [Fatal Error] :1:1: Premature end of file.
2025-01-26 22:43:10,920 [ERROR] LogOutputStream:75 - [STDERR_REDIRECT] 
2025-01-26 22:43:11,918 [ERROR] LogOutputStream:75 - [STDERR_REDIRECT] [Fatal Error] :1:1: Premature end of file.
2025-01-26 22:43:11,918 [ERROR] LogOutputStream:75 - [STDERR_REDIRECT] 
2025-01-26 22:43:12,934 [ERROR] LogOutputStream:75 - [STDERR_REDIRECT] [Fatal Error] :1:1: Premature end of file.
2025-01-26 22:43:12,936 [ERROR] LogOutputStream:75 - [STDERR_REDIRECT] 
2025-01-26 22:43:13,933 [ERROR] LogOutputStream:75 - [STDERR_REDIRECT] [Fatal Error] :1:1: Premature end of file.
2025-01-26 22:43:13,933 [ERROR] LogOutputStream:75 - [STDERR_REDIRECT] 
2025-01-26 22:43:14,928 [ERROR] LogOutputStream:75 - [STDERR_REDIRECT] [Fatal Error] :1:1: Premature end of file.
2025-01-26 22:43:14,928 [ERROR] LogOutputStream:75 - [STDERR_REDIRECT] 
2025-01-26 22:43:15,930 [ERROR] LogOutputStream:75 - [STDERR_REDIRECT] [Fatal Error] :1:1: Premature end of file.
2025-01-26 22:43:15,930 [ERROR] LogOutputStream:75 - [STDERR_REDIRECT] 
2025-01-26 22:43:16,925 [ERROR] LogOutputStream:75 - [STDERR_REDIRECT] [Fatal Error] :1:1: Premature end of file.
2025-01-26 22:43:16,925 [ERROR] LogOutputStream:75 - [STDERR_REDIRECT] 
2025-01-26 22:43:17,925 [ERROR] LogOutputStream:75 - [STDERR_REDIRECT] [Fatal Error] :1:1: Premature end of file.
2025-01-26 22:43:17,925 [ERROR] LogOutputStream:75 - [STDERR_REDIRECT] 
2025-01-26 22:43:18,931 [ERROR] LogOutputStream:75 - [STDERR_REDIRECT] [Fatal Error] :1:1: Premature end of file.
2025-01-26 22:43:18,931 [ERROR] LogOutputStream:75 - [STDERR_REDIRECT] 
2025-01-26 22:43:19,926 [ERROR] LogOutputStream:75 - [STDERR_REDIRECT] [Fatal Error] :1:1: Premature end of file.
2025-01-26 22:43:19,926 [ERROR] LogOutputStream:75 - [STDERR_REDIRECT] 
2025-01-26 22:43:20,923 [ERROR] LogOutputStream:75 - [STDERR_REDIRECT] [Fatal Error] :1:1: Premature end of file.
2025-01-26 22:43:20,923 [ERROR] LogOutputStream:75 - [STDERR_REDIRECT] 
2025-01-26 22:43:21,930 [ERROR] LogOutputStream:75 - [STDERR_REDIRECT] [Fatal Error] :1:1: Premature end of file.
2025-01-26 22:43:21,930 [ERROR] LogOutputStream:75 - [STDERR_REDIRECT] 
2025-01-26 22:43:22,930 [ERROR] LogOutputStream:75 - [STDERR_REDIRECT] [Fatal Error] :1:1: Premature end of file.
2025-01-26 22:43:22,930 [ERROR] LogOutputStream:75 - [STDERR_REDIRECT] 
2025-01-26 22:43:23,945 [ERROR] LogOutputStream:75 - [STDERR_REDIRECT] [Fatal Error] :1:1: Premature end of file.
2025-01-26 22:43:23,945 [ERROR] LogOutputStream:75 - [STDERR_REDIRECT] 
2025-01-26 22:43:24,928 [ERROR] LogOutputStream:75 - [STDERR_REDIRECT] [Fatal Error] :1:1: Premature end of file.
2025-01-26 22:43:24,928 [ERROR] LogOutputStream:75 - [STDERR_REDIRECT] 
2025-01-26 22:43:25,920 [ERROR] LogOutputStream:75 - [STDERR_REDIRECT] [Fatal Error] :1:1: Premature end of file.
2025-01-26 22:43:25,920 [ERROR] LogOutputStream:75 - [STDERR_REDIRECT] 
2025-01-26 22:43:26,929 [ERROR] LogOutputStream:75 - [STDERR_REDIRECT] [Fatal Error] :1:1: Premature end of file.
2025-01-26 22:43:26,929 [ERROR] LogOutputStream:75 - [STDERR_REDIRECT] 
2025-01-26 22:43:27,934 [ERROR] LogOutputStream:75 - [STDERR_REDIRECT] [Fatal Error] :1:1: Premature end of file.
2025-01-26 22:43:27,934 [ERROR] LogOutputStream:75 - [STDERR_REDIRECT] 
2025-01-26 22:43:28,934 [ERROR] LogOutputStream:75 - [STDERR_REDIRECT] [Fatal Error] :1:1: Premature end of file.
2025-01-26 22:43:28,934 [ERROR] LogOutputStream:75 - [STDERR_REDIRECT] 
2025-01-26 22:43:29,928 [ERROR] LogOutputStream:75 - [STDERR_REDIRECT] [Fatal Error] :1:1: Premature end of file.
2025-01-26 22:43:29,928 [ERROR] LogOutputStream:75 - [STDERR_REDIRECT] 
2025-01-26 22:43:30,932 [ERROR] LogOutputStream:75 - [STDERR_REDIRECT] [Fatal Error] :1:1: Premature end of file.
2025-01-26 22:43:30,932 [ERROR] LogOutputStream:75 - [STDERR_REDIRECT] 
2025-01-26 22:43:31,930 [ERROR] LogOutputStream:75 - [STDERR_REDIRECT] [Fatal Error] :1:1: Premature end of file.
2025-01-26 22:43:31,930 [ERROR] LogOutputStream:75 - [STDERR_REDIRECT] 
2025-01-26 22:43:32,929 [ERROR] LogOutputStream:75 - [STDERR_REDIRECT] [Fatal Error] :1:1: Premature end of file.
2025-01-26 22:43:32,929 [ERROR] LogOutputStream:75 - [STDERR_REDIRECT] 
2025-01-26 22:43:33,925 [ERROR] LogOutputStream:75 - [STDERR_REDIRECT] [Fatal Error] :1:1: Premature end of file.
2025-01-26 22:43:33,925 [ERROR] LogOutputStream:75 - [STDERR_REDIRECT] 
2025-01-26 22:43:34,927 [ERROR] LogOutputStream:75 - [STDERR_REDIRECT] [Fatal Error] :1:1: Premature end of file.
2025-01-26 22:43:34,927 [ERROR] LogOutputStream:75 - [STDERR_REDIRECT] 
2025-01-26 22:43:35,936 [ERROR] LogOutputStream:75 - [STDERR_REDIRECT] [Fatal Error] :1:1: Premature end of file.
2025-01-26 22:43:35,936 [ERROR] LogOutputStream:75 - [STDERR_REDIRECT] 
2025-01-26 22:43:36,920 [ERROR] LogOutputStream:75 - [STDERR_REDIRECT] [Fatal Error] :1:1: Premature end of file.
2025-01-26 22:43:36,920 [ERROR] LogOutputStream:75 - [STDERR_REDIRECT] 
2025-01-26 22:43:37,926 [ERROR] LogOutputStream:75 - [STDERR_REDIRECT] [Fatal Error] :1:1: Premature end of file.
2025-01-26 22:43:37,926 [ERROR] LogOutputStream:75 - [STDERR_REDIRECT] 
2025-01-26 22:43:38,923 [ERROR] LogOutputStream:75 - [STDERR_REDIRECT] [Fatal Error] :1:1: Premature end of file.
2025-01-26 22:43:38,923 [ERROR] LogOutputStream:75 - [STDERR_REDIRECT] 
2025-01-26 22:43:39,931 [ERROR] LogOutputStream:75 - [STDERR_REDIRECT] [Fatal Error] :1:1: Premature end of file.
2025-01-26 22:43:39,933 [ERROR] LogOutputStream:75 - [STDERR_REDIRECT] 
2025-01-26 22:43:40,934 [ERROR] LogOutputStream:75 - [STDERR_REDIRECT] [Fatal Error] :1:1: Premature end of file.
2025-01-26 22:43:40,934 [ERROR] LogOutputStream:75 - [STDERR_REDIRECT] 
2025-01-26 22:43:41,925 [ERROR] LogOutputStream:75 - [STDERR_REDIRECT] [Fatal Error] :1:1: Premature end of file.
2025-01-26 22:43:41,925 [ERROR] LogOutputStream:75 - [STDERR_REDIRECT] 
2025-01-26 22:43:42,925 [ERROR] LogOutputStream:75 - [STDERR_REDIRECT] [Fatal Error] :1:1: Premature end of file.
2025-01-26 22:43:42,925 [ERROR] LogOutputStream:75 - [STDERR_REDIRECT] 
2025-01-26 22:43:43,933 [ERROR] LogOutputStream:75 - [STDERR_REDIRECT] [Fatal Error] :1:1: Premature end of file.
2025-01-26 22:43:43,933 [ERROR] LogOutputStream:75 - [STDERR_REDIRECT] 
2025-01-26 22:43:44,933 [ERROR] LogOutputStream:75 - [STDERR_REDIRECT] [Fatal Error] :1:1: Premature end of file.
2025-01-26 22:43:44,933 [ERROR] LogOutputStream:75 - [STDERR_REDIRECT] 
2025-01-26 22:43:45,931 [ERROR] LogOutputStream:75 - [STDERR_REDIRECT] [Fatal Error] :1:1: Premature end of file.
2025-01-26 22:43:45,931 [ERROR] LogOutputStream:75 - [STDERR_REDIRECT] 
2025-01-26 22:43:46,927 [ERROR] LogOutputStream:75 - [STDERR_REDIRECT] [Fatal Error] :1:1: Premature end of file.
2025-01-26 22:43:46,927 [ERROR] LogOutputStream:75 - [STDERR_REDIRECT] 
2025-01-26 22:43:47,927 [ERROR] LogOutputStream:75 - [STDERR_REDIRECT] [Fatal Error] :1:1: Premature end of file.
2025-01-26 22:43:47,927 [ERROR] LogOutputStream:75 - [STDERR_REDIRECT] 
2025-01-26 22:43:48,928 [ERROR] LogOutputStream:75 - [STDERR_REDIRECT] [Fatal Error] :1:1: Premature end of file.
2025-01-26 22:43:48,928 [ERROR] LogOutputStream:75 - [STDERR_REDIRECT] 
2025-01-26 22:43:49,930 [ERROR] LogOutputStream:75 - [STDERR_REDIRECT] [Fatal Error] :1:1: Premature end of file.
2025-01-26 22:43:49,930 [ERROR] LogOutputStream:75 - [STDERR_REDIRECT] 
2025-01-26 22:43:50,934 [ERROR] LogOutputStream:75 - [STDERR_REDIRECT] [Fatal Error] :1:1: Premature end of file.
2025-01-26 22:43:50,934 [ERROR] LogOutputStream:75 - [STDERR_REDIRECT] 
2025-01-26 22:43:51,928 [ERROR] LogOutputStream:75 - [STDERR_REDIRECT] [Fatal Error] :1:1: Premature end of file.
2025-01-26 22:43:51,928 [ERROR] LogOutputStream:75 - [STDERR_REDIRECT] 
2025-01-26 22:43:52,938 [ERROR] LogOutputStream:75 - [STDERR_REDIRECT] [Fatal Error] :1:1: Premature end of file.
2025-01-26 22:43:52,938 [ERROR] LogOutputStream:75 - [STDERR_REDIRECT] 
2025-01-26 22:43:53,930 [ERROR] LogOutputStream:75 - [STDERR_REDIRECT] [Fatal Error] :1:1: Premature end of file.
2025-01-26 22:43:53,930 [ERROR] LogOutputStream:75 - [STDERR_REDIRECT] 
2025-01-26 22:43:54,931 [ERROR] LogOutputStream:75 - [STDERR_REDIRECT] [Fatal Error] :1:1: Premature end of file.
2025-01-26 22:43:54,931 [ERROR] LogOutputStream:75 - [STDERR_REDIRECT] 
2025-01-26 22:43:55,932 [ERROR] LogOutputStream:75 - [STDERR_REDIRECT] [Fatal Error] :1:1: Premature end of file.
2025-01-26 22:43:55,932 [ERROR] LogOutputStream:75 - [STDERR_REDIRECT] 
2025-01-26 22:43:56,928 [ERROR] LogOutputStream:75 - [STDERR_REDIRECT] [Fatal Error] :1:1: Premature end of file.
2025-01-26 22:43:56,928 [ERROR] LogOutputStream:75 - [STDERR_REDIRECT] 
2025-01-26 22:43:57,930 [ERROR] LogOutputStream:75 - [STDERR_REDIRECT] [Fatal Error] :1:1: Premature end of file.
2025-01-26 22:43:57,930 [ERROR] LogOutputStream:75 - [STDERR_REDIRECT] 
2025-01-26 22:43:58,953 [ERROR] LogOutputStream:75 - [STDERR_REDIRECT] [Fatal Error] :1:1: Premature end of file.
2025-01-26 22:43:58,954 [ERROR] LogOutputStream:75 - [STDERR_REDIRECT] 
2025-01-26 22:43:59,920 [ERROR] LogOutputStream:75 - [STDERR_REDIRECT] [Fatal Error] :1:1: Premature end of file.
2025-01-26 22:43:59,920 [ERROR] LogOutputStream:75 - [STDERR_REDIRECT] 
2025-01-26 22:44:00,930 [ERROR] LogOutputStream:75 - [STDERR_REDIRECT] [Fatal Error] :1:1: Premature end of file.
2025-01-26 22:44:00,930 [ERROR] LogOutputStream:75 - [STDERR_REDIRECT] 
2025-01-26 22:44:01,925 [ERROR] LogOutputStream:75 - [STDERR_REDIRECT] [Fatal Error] :1:1: Premature end of file.
2025-01-26 22:44:01,925 [ERROR] LogOutputStream:75 - [STDERR_REDIRECT] 
2025-01-26 22:44:02,924 [ERROR] LogOutputStream:75 - [STDERR_REDIRECT] [Fatal Error] :1:1: Premature end of file.
2025-01-26 22:44:02,924 [ERROR] LogOutputStream:75 - [STDERR_REDIRECT] 
2025-01-26 22:44:03,932 [ERROR] LogOutputStream:75 - [STDERR_REDIRECT] [Fatal Error] :1:1: Premature end of file.
2025-01-26 22:44:03,932 [ERROR] LogOutputStream:75 - [STDERR_REDIRECT] 
2025-01-26 22:44:04,926 [ERROR] LogOutputStream:75 - [STDERR_REDIRECT] [Fatal Error] :1:1: Premature end of file.
2025-01-26 22:44:04,926 [ERROR] LogOutputStream:75 - [STDERR_REDIRECT] 
2025-01-26 22:44:05,930 [ERROR] LogOutputStream:75 - [STDERR_REDIRECT] [Fatal Error] :1:1: Premature end of file.
2025-01-26 22:44:05,930 [ERROR] LogOutputStream:75 - [STDERR_REDIRECT] 
2025-01-26 22:44:06,918 [ERROR] LogOutputStream:75 - [STDERR_REDIRECT] [Fatal Error] :1:1: Premature end of file.
2025-01-26 22:44:06,918 [ERROR] LogOutputStream:75 - [STDERR_REDIRECT] 
2025-01-26 22:44:07,942 [ERROR] LogOutputStream:75 - [STDERR_REDIRECT] [Fatal Error] :1:1: Premature end of file.
2025-01-26 22:44:07,942 [ERROR] LogOutputStream:75 - [STDERR_REDIRECT] 
2025-01-26 22:44:08,933 [ERROR] LogOutputStream:75 - [STDERR_REDIRECT] [Fatal Error] :1:1: Premature end of file.
2025-01-26 22:44:08,933 [ERROR] LogOutputStream:75 - [STDERR_REDIRECT] 
2025-01-26 22:44:09,935 [ERROR] LogOutputStream:75 - [STDERR_REDIRECT] [Fatal Error] :1:1: Premature end of file.
2025-01-26 22:44:09,935 [ERROR] LogOutputStream:75 - [STDERR_REDIRECT] 
2025-01-26 22:44:10,914 [ERROR] LogOutputStream:75 - [STDERR_REDIRECT] [Fatal Error] :1:1: Premature end of file.
2025-01-26 22:44:10,914 [ERROR] LogOutputStream:75 - [STDERR_REDIRECT] 
2025-01-26 22:44:11,940 [ERROR] LogOutputStream:75 - [STDERR_REDIRECT] [Fatal Error] :1:1: Premature end of file.
2025-01-26 22:44:11,940 [ERROR] LogOutputStream:75 - [STDERR_REDIRECT] 
2025-01-26 22:44:12,926 [ERROR] LogOutputStream:75 - [STDERR_REDIRECT] [Fatal Error] :1:1: Premature end of file.
2025-01-26 22:44:12,926 [ERROR] LogOutputStream:75 - [STDERR_REDIRECT] 
2025-01-26 22:44:13,926 [ERROR] LogOutputStream:75 - [STDERR_REDIRECT] [Fatal Error] :1:1: Premature end of file.
2025-01-26 22:44:13,926 [ERROR] LogOutputStream:75 - [STDERR_REDIRECT] 
2025-01-26 22:44:14,927 [ERROR] LogOutputStream:75 - [STDERR_REDIRECT] [Fatal Error] :1:1: Premature end of file.
2025-01-26 22:44:14,929 [ERROR] LogOutputStream:75 - [STDERR_REDIRECT] 
2025-01-26 22:44:15,925 [ERROR] LogOutputStream:75 - [STDERR_REDIRECT] [Fatal Error] :1:1: Premature end of file.
2025-01-26 22:44:15,925 [ERROR] LogOutputStream:75 - [STDERR_REDIRECT] 
2025-01-26 22:44:16,943 [ERROR] LogOutputStream:75 - [STDERR_REDIRECT] [Fatal Error] :1:1: Premature end of file.
2025-01-26 22:44:16,943 [ERROR] LogOutputStream:75 - [STDERR_REDIRECT] 
2025-01-26 22:44:17,926 [ERROR] LogOutputStream:75 - [STDERR_REDIRECT] [Fatal Error] :1:1: Premature end of file.
2025-01-26 22:44:17,926 [ERROR] LogOutputStream:75 - [STDERR_REDIRECT] 
2025-01-26 22:44:18,915 [ERROR] LogOutputStream:75 - [STDERR_REDIRECT] [Fatal Error] :1:1: Premature end of file.
2025-01-26 22:44:18,915 [ERROR] LogOutputStream:75 - [STDERR_REDIRECT] 
2025-01-26 22:44:19,934 [ERROR] LogOutputStream:75 - [STDERR_REDIRECT] [Fatal Error] :1:1: Premature end of file.
2025-01-26 22:44:19,934 [ERROR] LogOutputStream:75 - [STDERR_REDIRECT] 
2025-01-26 22:44:20,923 [ERROR] LogOutputStream:75 - [STDERR_REDIRECT] [Fatal Error] :1:1: Premature end of file.
2025-01-26 22:44:20,923 [ERROR] LogOutputStream:75 - [STDERR_REDIRECT] 
2025-01-26 22:44:21,928 [ERROR] LogOutputStream:75 - [STDERR_REDIRECT] [Fatal Error] :1:1: Premature end of file.
2025-01-26 22:44:21,928 [ERROR] LogOutputStream:75 - [STDERR_REDIRECT] 
2025-01-26 22:44:22,928 [ERROR] LogOutputStream:75 - [STDERR_REDIRECT] [Fatal Error] :1:1: Premature end of file.
2025-01-26 22:44:22,928 [ERROR] LogOutputStream:75 - [STDERR_REDIRECT] 
2025-01-26 22:44:23,924 [ERROR] LogOutputStream:75 - [STDERR_REDIRECT] [Fatal Error] :1:1: Premature end of file.
2025-01-26 22:44:23,926 [ERROR] LogOutputStream:75 - [STDERR_REDIRECT] 
2025-01-26 22:44:24,933 [ERROR] LogOutputStream:75 - [STDERR_REDIRECT] [Fatal Error] :1:1: Premature end of file.
2025-01-26 22:44:24,933 [ERROR] LogOutputStream:75 - [STDERR_REDIRECT] 
2025-01-26 22:44:25,923 [ERROR] LogOutputStream:75 - [STDERR_REDIRECT] [Fatal Error] :1:1: Premature end of file.
2025-01-26 22:44:25,923 [ERROR] LogOutputStream:75 - [STDERR_REDIRECT] 
2025-01-26 22:44:26,926 [ERROR] LogOutputStream:75 - [STDERR_REDIRECT] [Fatal Error] :1:1: Premature end of file.
2025-01-26 22:44:26,926 [ERROR] LogOutputStream:75 - [STDERR_REDIRECT] 
2025-01-26 22:44:27,921 [ERROR] LogOutputStream:75 - [STDERR_REDIRECT] [Fatal Error] :1:1: Premature end of file.
2025-01-26 22:44:27,921 [ERROR] LogOutputStream:75 - [STDERR_REDIRECT] 
2025-01-26 22:44:28,917 [ERROR] LogOutputStream:75 - [STDERR_REDIRECT] [Fatal Error] :1:1: Premature end of file.
2025-01-26 22:44:28,917 [ERROR] LogOutputStream:75 - [STDERR_REDIRECT] 
2025-01-26 22:44:29,935 [ERROR] LogOutputStream:75 - [STDERR_REDIRECT] [Fatal Error] :1:1: Premature end of file.
2025-01-26 22:44:29,935 [ERROR] LogOutputStream:75 - [STDERR_REDIRECT] 
2025-01-26 22:44:30,933 [ERROR] LogOutputStream:75 - [STDERR_REDIRECT] [Fatal Error] :1:1: Premature end of file.
2025-01-26 22:44:30,933 [ERROR] LogOutputStream:75 - [STDERR_REDIRECT] 
2025-01-26 22:44:31,935 [ERROR] LogOutputStream:75 - [STDERR_REDIRECT] [Fatal Error] :1:1: Premature end of file.
2025-01-26 22:44:31,935 [ERROR] LogOutputStream:75 - [STDERR_REDIRECT] 
2025-01-26 22:44:32,927 [ERROR] LogOutputStream:75 - [STDERR_REDIRECT] [Fatal Error] :1:1: Premature end of file.
2025-01-26 22:44:32,927 [ERROR] LogOutputStream:75 - [STDERR_REDIRECT] 
2025-01-26 22:44:33,932 [ERROR] LogOutputStream:75 - [STDERR_REDIRECT] [Fatal Error] :1:1: Premature end of file.
2025-01-26 22:44:33,932 [ERROR] LogOutputStream:75 - [STDERR_REDIRECT] 
2025-01-26 22:44:34,946 [ERROR] LogOutputStream:75 - [STDERR_REDIRECT] [Fatal Error] :1:1: Premature end of file.
2025-01-26 22:44:34,946 [ERROR] LogOutputStream:75 - [STDERR_REDIRECT] 
2025-01-26 22:44:35,934 [ERROR] LogOutputStream:75 - [STDERR_REDIRECT] [Fatal Error] :1:1: Premature end of file.
2025-01-26 22:44:35,934 [ERROR] LogOutputStream:75 - [STDERR_REDIRECT] 
2025-01-26 22:44:36,933 [ERROR] LogOutputStream:75 - [STDERR_REDIRECT] [Fatal Error] :1:1: Premature end of file.
2025-01-26 22:44:36,933 [ERROR] LogOutputStream:75 - [STDERR_REDIRECT] 
2025-01-26 22:44:37,929 [ERROR] LogOutputStream:75 - [STDERR_REDIRECT] [Fatal Error] :1:1: Premature end of file.
2025-01-26 22:44:37,929 [ERROR] LogOutputStream:75 - [STDERR_REDIRECT] 
2025-01-26 22:44:38,928 [ERROR] LogOutputStream:75 - [STDERR_REDIRECT] [Fatal Error] :1:1: Premature end of file.
2025-01-26 22:44:38,928 [ERROR] LogOutputStream:75 - [STDERR_REDIRECT] 
2025-01-26 22:44:39,935 [ERROR] LogOutputStream:75 - [STDERR_REDIRECT] [Fatal Error] :1:1: Premature end of file.
2025-01-26 22:44:39,935 [ERROR] LogOutputStream:75 - [STDERR_REDIRECT] 
2025-01-26 22:44:40,926 [ERROR] LogOutputStream:75 - [STDERR_REDIRECT] [Fatal Error] :1:1: Premature end of file.
2025-01-26 22:44:40,928 [ERROR] LogOutputStream:75 - [STDERR_REDIRECT] 
2025-01-26 22:44:41,925 [ERROR] LogOutputStream:75 - [STDERR_REDIRECT] [Fatal Error] :1:1: Premature end of file.
2025-01-26 22:44:41,926 [ERROR] LogOutputStream:75 - [STDERR_REDIRECT] 
2025-01-26 22:44:42,929 [ERROR] LogOutputStream:75 - [STDERR_REDIRECT] [Fatal Error] :1:1: Premature end of file.
2025-01-26 22:44:42,929 [ERROR] LogOutputStream:75 - [STDERR_REDIRECT] 
2025-01-26 22:44:43,929 [ERROR] LogOutputStream:75 - [STDERR_REDIRECT] [Fatal Error] :1:1: Premature end of file.
2025-01-26 22:44:43,929 [ERROR] LogOutputStream:75 - [STDERR_REDIRECT] 
2025-01-26 22:44:44,929 [ERROR] LogOutputStream:75 - [STDERR_REDIRECT] [Fatal Error] :1:1: Premature end of file.
2025-01-26 22:44:44,929 [ERROR] LogOutputStream:75 - [STDERR_REDIRECT] 
2025-01-26 22:44:45,921 [ERROR] LogOutputStream:75 - [STDERR_REDIRECT] [Fatal Error] :1:1: Premature end of file.
2025-01-26 22:44:45,921 [ERROR] LogOutputStream:75 - [STDERR_REDIRECT] 
2025-01-26 22:44:46,929 [ERROR] LogOutputStream:75 - [STDERR_REDIRECT] [Fatal Error] :1:1: Premature end of file.
2025-01-26 22:44:46,929 [ERROR] LogOutputStream:75 - [STDERR_REDIRECT] 
2025-01-26 22:44:47,923 [ERROR] LogOutputStream:75 - [STDERR_REDIRECT] [Fatal Error] :1:1: Premature end of file.
2025-01-26 22:44:47,925 [ERROR] LogOutputStream:75 - [STDERR_REDIRECT] 
2025-01-26 22:44:48,933 [ERROR] LogOutputStream:75 - [STDERR_REDIRECT] [Fatal Error] :1:1: Premature end of file.
2025-01-26 22:44:48,933 [ERROR] LogOutputStream:75 - [STDERR_REDIRECT] 
2025-01-26 22:44:49,927 [ERROR] LogOutputStream:75 - [STDERR_REDIRECT] [Fatal Error] :1:1: Premature end of file.
2025-01-26 22:44:49,927 [ERROR] LogOutputStream:75 - [STDERR_REDIRECT] 
2025-01-26 22:44:50,937 [ERROR] LogOutputStream:75 - [STDERR_REDIRECT] [Fatal Error] :1:1: Premature end of file.
2025-01-26 22:44:50,937 [ERROR] LogOutputStream:75 - [STDERR_REDIRECT] 
2025-01-26 22:44:51,932 [ERROR] LogOutputStream:75 - [STDERR_REDIRECT] [Fatal Error] :1:1: Premature end of file.
2025-01-26 22:44:51,932 [ERROR] LogOutputStream:75 - [STDERR_REDIRECT] 
2025-01-26 22:44:52,936 [ERROR] LogOutputStream:75 - [STDERR_REDIRECT] [Fatal Error] :1:1: Premature end of file.
2025-01-26 22:44:52,936 [ERROR] LogOutputStream:75 - [STDERR_REDIRECT] 
2025-01-26 22:44:53,928 [ERROR] LogOutputStream:75 - [STDERR_REDIRECT] [Fatal Error] :1:1: Premature end of file.
2025-01-26 22:44:53,928 [ERROR] LogOutputStream:75 - [STDERR_REDIRECT] 
2025-01-26 22:44:54,933 [ERROR] LogOutputStream:75 - [STDERR_REDIRECT] [Fatal Error] :1:1: Premature end of file.
2025-01-26 22:44:54,933 [ERROR] LogOutputStream:75 - [STDERR_REDIRECT] 
2025-01-26 22:44:55,933 [ERROR] LogOutputStream:75 - [STDERR_REDIRECT] [Fatal Error] :1:1: Premature end of file.
2025-01-26 22:44:55,933 [ERROR] LogOutputStream:75 - [STDERR_REDIRECT] 
2025-01-26 22:44:56,932 [ERROR] LogOutputStream:75 - [STDERR_REDIRECT] [Fatal Error] :1:1: Premature end of file.
2025-01-26 22:44:56,932 [ERROR] LogOutputStream:75 - [STDERR_REDIRECT] 
2025-01-26 22:44:57,931 [ERROR] LogOutputStream:75 - [STDERR_REDIRECT] [Fatal Error] :1:1: Premature end of file.
2025-01-26 22:44:57,931 [ERROR] LogOutputStream:75 - [STDERR_REDIRECT] 
2025-01-26 22:44:58,933 [ERROR] LogOutputStream:75 - [STDERR_REDIRECT] [Fatal Error] :1:1: Premature end of file.
2025-01-26 22:44:58,933 [ERROR] LogOutputStream:75 - [STDERR_REDIRECT] 
2025-01-26 22:44:59,931 [ERROR] LogOutputStream:75 - [STDERR_REDIRECT] [Fatal Error] :1:1: Premature end of file.
2025-01-26 22:44:59,931 [ERROR] LogOutputStream:75 - [STDERR_REDIRECT] 
2025-01-26 22:45:00,933 [ERROR] LogOutputStream:75 - [STDERR_REDIRECT] [Fatal Error] :1:1: Premature end of file.
2025-01-26 22:45:00,933 [ERROR] LogOutputStream:75 - [STDERR_REDIRECT] 
2025-01-26 22:45:01,926 [ERROR] LogOutputStream:75 - [STDERR_REDIRECT] [Fatal Error] :1:1: Premature end of file.
2025-01-26 22:45:01,926 [ERROR] LogOutputStream:75 - [STDERR_REDIRECT] 
2025-01-26 22:45:02,937 [ERROR] LogOutputStream:75 - [STDERR_REDIRECT] [Fatal Error] :1:1: Premature end of file.
2025-01-26 22:45:02,937 [ERROR] LogOutputStream:75 - [STDERR_REDIRECT] 
2025-01-26 22:45:03,915 [ERROR] LogOutputStream:75 - [STDERR_REDIRECT] [Fatal Error] :1:1: Premature end of file.
2025-01-26 22:45:03,915 [ERROR] LogOutputStream:75 - [STDERR_REDIRECT] 
2025-01-26 22:45:04,934 [ERROR] LogOutputStream:75 - [STDERR_REDIRECT] [Fatal Error] :1:1: Premature end of file.
2025-01-26 22:45:04,934 [ERROR] LogOutputStream:75 - [STDERR_REDIRECT] 
2025-01-26 22:45:05,928 [ERROR] LogOutputStream:75 - [STDERR_REDIRECT] [Fatal Error] :1:1: Premature end of file.
2025-01-26 22:45:05,928 [ERROR] LogOutputStream:75 - [STDERR_REDIRECT] 
2025-01-26 22:45:06,945 [ERROR] LogOutputStream:75 - [STDERR_REDIRECT] [Fatal Error] :1:1: Premature end of file.
2025-01-26 22:45:06,946 [ERROR] LogOutputStream:75 - [STDERR_REDIRECT] 
2025-01-26 22:45:07,937 [ERROR] LogOutputStream:75 - [STDERR_REDIRECT] [Fatal Error] :1:1: Premature end of file.
2025-01-26 22:45:07,937 [ERROR] LogOutputStream:75 - [STDERR_REDIRECT] 
2025-01-26 22:45:08,928 [ERROR] LogOutputStream:75 - [STDERR_REDIRECT] [Fatal Error] :1:1: Premature end of file.
2025-01-26 22:45:08,928 [ERROR] LogOutputStream:75 - [STDERR_REDIRECT] 
2025-01-26 22:45:09,925 [ERROR] LogOutputStream:75 - [STDERR_REDIRECT] [Fatal Error] :1:1: Premature end of file.
2025-01-26 22:45:09,925 [ERROR] LogOutputStream:75 - [STDERR_REDIRECT] 
2025-01-26 22:45:10,927 [ERROR] LogOutputStream:75 - [STDERR_REDIRECT] [Fatal Error] :1:1: Premature end of file.
2025-01-26 22:45:10,929 [ERROR] LogOutputStream:75 - [STDERR_REDIRECT] 
2025-01-26 22:45:11,918 [ERROR] LogOutputStream:75 - [STDERR_REDIRECT] [Fatal Error] :1:1: Premature end of file.
2025-01-26 22:45:11,918 [ERROR] LogOutputStream:75 - [STDERR_REDIRECT] 
2025-01-26 22:45:12,927 [ERROR] LogOutputStream:75 - [STDERR_REDIRECT] [Fatal Error] :1:1: Premature end of file.
2025-01-26 22:45:12,927 [ERROR] LogOutputStream:75 - [STDERR_REDIRECT] 
2025-01-26 22:45:13,930 [ERROR] LogOutputStream:75 - [STDERR_REDIRECT] [Fatal Error] :1:1: Premature end of file.
2025-01-26 22:45:13,930 [ERROR] LogOutputStream:75 - [STDERR_REDIRECT] 
2025-01-26 22:45:14,916 [ERROR] LogOutputStream:75 - [STDERR_REDIRECT] [Fatal Error] :1:1: Premature end of file.
2025-01-26 22:45:14,916 [ERROR] LogOutputStream:75 - [STDERR_REDIRECT] 
2025-01-26 22:45:15,927 [ERROR] LogOutputStream:75 - [STDERR_REDIRECT] [Fatal Error] :1:1: Premature end of file.
2025-01-26 22:45:15,927 [ERROR] LogOutputStream:75 - [STDERR_REDIRECT] 
2025-01-26 22:45:16,920 [ERROR] LogOutputStream:75 - [STDERR_REDIRECT] [Fatal Error] :1:1: Premature end of file.
2025-01-26 22:45:16,920 [ERROR] LogOutputStream:75 - [STDERR_REDIRECT] 
2025-01-26 22:45:17,944 [ERROR] LogOutputStream:75 - [STDERR_REDIRECT] [Fatal Error] :1:1: Premature end of file.
2025-01-26 22:45:17,944 [ERROR] LogOutputStream:75 - [STDERR_REDIRECT] 
2025-01-26 22:45:18,928 [ERROR] LogOutputStream:75 - [STDERR_REDIRECT] [Fatal Error] :1:1: Premature end of file.
2025-01-26 22:45:18,930 [ERROR] LogOutputStream:75 - [STDERR_REDIRECT] 
2025-01-26 22:45:19,933 [ERROR] LogOutputStream:75 - [STDERR_REDIRECT] [Fatal Error] :1:1: Premature end of file.
2025-01-26 22:45:19,933 [ERROR] LogOutputStream:75 - [STDERR_REDIRECT] 
2025-01-26 22:45:20,935 [ERROR] LogOutputStream:75 - [STDERR_REDIRECT] [Fatal Error] :1:1: Premature end of file.
2025-01-26 22:45:20,935 [ERROR] LogOutputStream:75 - [STDERR_REDIRECT] 
2025-01-26 22:45:21,934 [ERROR] LogOutputStream:75 - [STDERR_REDIRECT] [Fatal Error] :1:1: Premature end of file.
2025-01-26 22:45:21,936 [ERROR] LogOutputStream:75 - [STDERR_REDIRECT] 
2025-01-26 22:45:22,931 [ERROR] LogOutputStream:75 - [STDERR_REDIRECT] [Fatal Error] :1:1: Premature end of file.
2025-01-26 22:45:22,931 [ERROR] LogOutputStream:75 - [STDERR_REDIRECT] 
2025-01-26 22:45:23,943 [ERROR] LogOutputStream:75 - [STDERR_REDIRECT] [Fatal Error] :1:1: Premature end of file.
2025-01-26 22:45:23,943 [ERROR] LogOutputStream:75 - [STDERR_REDIRECT] 
2025-01-26 22:45:24,919 [ERROR] LogOutputStream:75 - [STDERR_REDIRECT] [Fatal Error] :1:1: Premature end of file.
2025-01-26 22:45:24,919 [ERROR] LogOutputStream:75 - [STDERR_REDIRECT] 
2025-01-26 22:45:25,932 [ERROR] LogOutputStream:75 - [STDERR_REDIRECT] [Fatal Error] :1:1: Premature end of file.
2025-01-26 22:45:25,932 [ERROR] LogOutputStream:75 - [STDERR_REDIRECT] 
2025-01-26 22:45:26,930 [ERROR] LogOutputStream:75 - [STDERR_REDIRECT] [Fatal Error] :1:1: Premature end of file.
2025-01-26 22:45:26,930 [ERROR] LogOutputStream:75 - [STDERR_REDIRECT] 
2025-01-26 22:45:27,929 [ERROR] LogOutputStream:75 - [STDERR_REDIRECT] [Fatal Error] :1:1: Premature end of file.
2025-01-26 22:45:27,929 [ERROR] LogOutputStream:75 - [STDERR_REDIRECT] 
2025-01-26 22:45:28,935 [ERROR] LogOutputStream:75 - [STDERR_REDIRECT] [Fatal Error] :1:1: Premature end of file.
2025-01-26 22:45:28,935 [ERROR] LogOutputStream:75 - [STDERR_REDIRECT] 
2025-01-26 22:45:29,921 [ERROR] LogOutputStream:75 - [STDERR_REDIRECT] [Fatal Error] :1:1: Premature end of file.
2025-01-26 22:45:29,921 [ERROR] LogOutputStream:75 - [STDERR_REDIRECT] 
2025-01-26 22:45:30,923 [ERROR] LogOutputStream:75 - [STDERR_REDIRECT] [Fatal Error] :1:1: Premature end of file.
2025-01-26 22:45:30,923 [ERROR] LogOutputStream:75 - [STDERR_REDIRECT] 
2025-01-26 22:45:31,919 [ERROR] LogOutputStream:75 - [STDERR_REDIRECT] [Fatal Error] :1:1: Premature end of file.
2025-01-26 22:45:31,919 [ERROR] LogOutputStream:75 - [STDERR_REDIRECT] 
2025-01-26 22:45:32,934 [ERROR] LogOutputStream:75 - [STDERR_REDIRECT] [Fatal Error] :1:1: Premature end of file.
2025-01-26 22:45:32,934 [ERROR] LogOutputStream:75 - [STDERR_REDIRECT] 
2025-01-26 22:45:33,938 [ERROR] LogOutputStream:75 - [STDERR_REDIRECT] [Fatal Error] :1:1: Premature end of file.
2025-01-26 22:45:33,938 [ERROR] LogOutputStream:75 - [STDERR_REDIRECT] 
2025-01-26 22:45:34,933 [ERROR] LogOutputStream:75 - [STDERR_REDIRECT] [Fatal Error] :1:1: Premature end of file.
2025-01-26 22:45:34,933 [ERROR] LogOutputStream:75 - [STDERR_REDIRECT] 
2025-01-26 22:45:35,924 [ERROR] LogOutputStream:75 - [STDERR_REDIRECT] [Fatal Error] :1:1: Premature end of file.
2025-01-26 22:45:35,924 [ERROR] LogOutputStream:75 - [STDERR_REDIRECT] 
2025-01-26 22:45:36,933 [ERROR] LogOutputStream:75 - [STDERR_REDIRECT] [Fatal Error] :1:1: Premature end of file.
2025-01-26 22:45:36,933 [ERROR] LogOutputStream:75 - [STDERR_REDIRECT] 
2025-01-26 22:45:37,934 [ERROR] LogOutputStream:75 - [STDERR_REDIRECT] [Fatal Error] :1:1: Premature end of file.
2025-01-26 22:45:37,934 [ERROR] LogOutputStream:75 - [STDERR_REDIRECT] 
2025-01-26 22:45:38,930 [ERROR] LogOutputStream:75 - [STDERR_REDIRECT] [Fatal Error] :1:1: Premature end of file.
2025-01-26 22:45:38,930 [ERROR] LogOutputStream:75 - [STDERR_REDIRECT] 
2025-01-26 22:45:39,928 [ERROR] LogOutputStream:75 - [STDERR_REDIRECT] [Fatal Error] :1:1: Premature end of file.
2025-01-26 22:45:39,928 [ERROR] LogOutputStream:75 - [STDERR_REDIRECT] 
2025-01-26 22:45:40,930 [ERROR] LogOutputStream:75 - [STDERR_REDIRECT] [Fatal Error] :1:1: Premature end of file.
2025-01-26 22:45:40,930 [ERROR] LogOutputStream:75 - [STDERR_REDIRECT] 
2025-01-26 22:45:41,931 [ERROR] LogOutputStream:75 - [STDERR_REDIRECT] [Fatal Error] :1:1: Premature end of file.
2025-01-26 22:45:41,931 [ERROR] LogOutputStream:75 - [STDERR_REDIRECT] 
2025-01-26 22:45:42,927 [ERROR] LogOutputStream:75 - [STDERR_REDIRECT] [Fatal Error] :1:1: Premature end of file.
2025-01-26 22:45:42,927 [ERROR] LogOutputStream:75 - [STDERR_REDIRECT] 
2025-01-26 22:45:43,935 [ERROR] LogOutputStream:75 - [STDERR_REDIRECT] [Fatal Error] :1:1: Premature end of file.
2025-01-26 22:45:43,935 [ERROR] LogOutputStream:75 - [STDERR_REDIRECT] 
2025-01-26 22:45:44,930 [ERROR] LogOutputStream:75 - [STDERR_REDIRECT] [Fatal Error] :1:1: Premature end of file.
2025-01-26 22:45:44,930 [ERROR] LogOutputStream:75 - [STDERR_REDIRECT] 
2025-01-26 22:45:45,925 [ERROR] LogOutputStream:75 - [STDERR_REDIRECT] [Fatal Error] :1:1: Premature end of file.
2025-01-26 22:45:45,925 [ERROR] LogOutputStream:75 - [STDERR_REDIRECT] 
2025-01-26 22:45:46,928 [ERROR] LogOutputStream:75 - [STDERR_REDIRECT] [Fatal Error] :1:1: Premature end of file.
2025-01-26 22:45:46,929 [ERROR] LogOutputStream:75 - [STDERR_REDIRECT] 
2025-01-26 22:45:47,935 [ERROR] LogOutputStream:75 - [STDERR_REDIRECT] [Fatal Error] :1:1: Premature end of file.
2025-01-26 22:45:47,935 [ERROR] LogOutputStream:75 - [STDERR_REDIRECT] 
2025-01-26 22:45:48,929 [ERROR] LogOutputStream:75 - [STDERR_REDIRECT] [Fatal Error] :1:1: Premature end of file.
2025-01-26 22:45:48,931 [ERROR] LogOutputStream:75 - [STDERR_REDIRECT] 
2025-01-26 22:45:49,928 [ERROR] LogOutputStream:75 - [STDERR_REDIRECT] [Fatal Error] :1:1: Premature end of file.
2025-01-26 22:45:49,928 [ERROR] LogOutputStream:75 - [STDERR_REDIRECT] 
2025-01-26 22:45:50,932 [ERROR] LogOutputStream:75 - [STDERR_REDIRECT] [Fatal Error] :1:1: Premature end of file.
2025-01-26 22:45:50,932 [ERROR] LogOutputStream:75 - [STDERR_REDIRECT] 
2025-01-26 22:45:51,933 [ERROR] LogOutputStream:75 - [STDERR_REDIRECT] [Fatal Error] :1:1: Premature end of file.
2025-01-26 22:45:51,933 [ERROR] LogOutputStream:75 - [STDERR_REDIRECT] 
2025-01-26 22:45:52,926 [ERROR] LogOutputStream:75 - [STDERR_REDIRECT] [Fatal Error] :1:1: Premature end of file.
2025-01-26 22:45:52,926 [ERROR] LogOutputStream:75 - [STDERR_REDIRECT] 
2025-01-26 22:45:53,939 [ERROR] LogOutputStream:75 - [STDERR_REDIRECT] [Fatal Error] :1:1: Premature end of file.
2025-01-26 22:45:53,939 [ERROR] LogOutputStream:75 - [STDERR_REDIRECT] 
2025-01-26 22:45:54,936 [ERROR] LogOutputStream:75 - [STDERR_REDIRECT] [Fatal Error] :1:1: Premature end of file.
2025-01-26 22:45:54,936 [ERROR] LogOutputStream:75 - [STDERR_REDIRECT] 
2025-01-26 22:45:55,924 [ERROR] LogOutputStream:75 - [STDERR_REDIRECT] [Fatal Error] :1:1: Premature end of file.
2025-01-26 22:45:55,924 [ERROR] LogOutputStream:75 - [STDERR_REDIRECT] 
2025-01-26 22:45:56,932 [ERROR] LogOutputStream:75 - [STDERR_REDIRECT] [Fatal Error] :1:1: Premature end of file.
2025-01-26 22:45:56,932 [ERROR] LogOutputStream:75 - [STDERR_REDIRECT] 
2025-01-26 22:45:57,919 [ERROR] LogOutputStream:75 - [STDERR_REDIRECT] [Fatal Error] :1:1: Premature end of file.
2025-01-26 22:45:57,920 [ERROR] LogOutputStream:75 - [STDERR_REDIRECT] 
2025-01-26 22:45:58,925 [ERROR] LogOutputStream:75 - [STDERR_REDIRECT] [Fatal Error] :1:1: Premature end of file.
2025-01-26 22:45:58,925 [ERROR] LogOutputStream:75 - [STDERR_REDIRECT] 
2025-01-26 22:45:59,940 [ERROR] LogOutputStream:75 - [STDERR_REDIRECT] [Fatal Error] :1:1: Premature end of file.
2025-01-26 22:45:59,940 [ERROR] LogOutputStream:75 - [STDERR_REDIRECT] 
2025-01-26 22:46:00,929 [ERROR] LogOutputStream:75 - [STDERR_REDIRECT] [Fatal Error] :1:1: Premature end of file.
2025-01-26 22:46:00,929 [ERROR] LogOutputStream:75 - [STDERR_REDIRECT] 
2025-01-26 22:46:01,932 [ERROR] LogOutputStream:75 - [STDERR_REDIRECT] [Fatal Error] :1:1: Premature end of file.
2025-01-26 22:46:01,932 [ERROR] LogOutputStream:75 - [STDERR_REDIRECT] 
2025-01-26 22:46:02,927 [ERROR] LogOutputStream:75 - [STDERR_REDIRECT] [Fatal Error] :1:1: Premature end of file.
2025-01-26 22:46:02,927 [ERROR] LogOutputStream:75 - [STDERR_REDIRECT] 
2025-01-26 22:46:03,928 [ERROR] LogOutputStream:75 - [STDERR_REDIRECT] [Fatal Error] :1:1: Premature end of file.
2025-01-26 22:46:03,928 [ERROR] LogOutputStream:75 - [STDERR_REDIRECT] 
2025-01-26 22:46:04,935 [ERROR] LogOutputStream:75 - [STDERR_REDIRECT] [Fatal Error] :1:1: Premature end of file.
2025-01-26 22:46:04,935 [ERROR] LogOutputStream:75 - [STDERR_REDIRECT] 
2025-01-26 22:46:05,933 [ERROR] LogOutputStream:75 - [STDERR_REDIRECT] [Fatal Error] :1:1: Premature end of file.
2025-01-26 22:46:05,933 [ERROR] LogOutputStream:75 - [STDERR_REDIRECT] 
2025-01-26 22:46:06,926 [ERROR] LogOutputStream:75 - [STDERR_REDIRECT] [Fatal Error] :1:1: Premature end of file.
2025-01-26 22:46:06,926 [ERROR] LogOutputStream:75 - [STDERR_REDIRECT] 
2025-01-26 22:46:07,937 [ERROR] LogOutputStream:75 - [STDERR_REDIRECT] [Fatal Error] :1:1: Premature end of file.
2025-01-26 22:46:07,937 [ERROR] LogOutputStream:75 - [STDERR_REDIRECT] 
2025-01-26 22:46:08,936 [ERROR] LogOutputStream:75 - [STDERR_REDIRECT] [Fatal Error] :1:1: Premature end of file.
2025-01-26 22:46:08,936 [ERROR] LogOutputStream:75 - [STDERR_REDIRECT] 
2025-01-26 22:46:09,924 [ERROR] LogOutputStream:75 - [STDERR_REDIRECT] [Fatal Error] :1:1: Premature end of file.
2025-01-26 22:46:09,924 [ERROR] LogOutputStream:75 - [STDERR_REDIRECT] 
2025-01-26 22:46:10,934 [ERROR] LogOutputStream:75 - [STDERR_REDIRECT] [Fatal Error] :1:1: Premature end of file.
2025-01-26 22:46:10,934 [ERROR] LogOutputStream:75 - [STDERR_REDIRECT] 
2025-01-26 22:46:11,920 [ERROR] LogOutputStream:75 - [STDERR_REDIRECT] [Fatal Error] :1:1: Premature end of file.
2025-01-26 22:46:11,920 [ERROR] LogOutputStream:75 - [STDERR_REDIRECT] 
2025-01-26 22:46:12,933 [ERROR] LogOutputStream:75 - [STDERR_REDIRECT] [Fatal Error] :1:1: Premature end of file.
2025-01-26 22:46:12,933 [ERROR] LogOutputStream:75 - [STDERR_REDIRECT] 
2025-01-26 22:46:13,930 [ERROR] LogOutputStream:75 - [STDERR_REDIRECT] [Fatal Error] :1:1: Premature end of file.
2025-01-26 22:46:13,930 [ERROR] LogOutputStream:75 - [STDERR_REDIRECT] 
2025-01-26 22:46:14,932 [ERROR] LogOutputStream:75 - [STDERR_REDIRECT] [Fatal Error] :1:1: Premature end of file.
2025-01-26 22:46:14,933 [ERROR] LogOutputStream:75 - [STDERR_REDIRECT] 
2025-01-26 22:46:15,944 [ERROR] LogOutputStream:75 - [STDERR_REDIRECT] [Fatal Error] :1:1: Premature end of file.
2025-01-26 22:46:15,944 [ERROR] LogOutputStream:75 - [STDERR_REDIRECT] 
2025-01-26 22:46:16,928 [ERROR] LogOutputStream:75 - [STDERR_REDIRECT] [Fatal Error] :1:1: Premature end of file.
2025-01-26 22:46:16,928 [ERROR] LogOutputStream:75 - [STDERR_REDIRECT] 
2025-01-26 22:46:17,916 [ERROR] LogOutputStream:75 - [STDERR_REDIRECT] [Fatal Error] :1:1: Premature end of file.
2025-01-26 22:46:17,916 [ERROR] LogOutputStream:75 - [STDERR_REDIRECT] 
2025-01-26 22:46:18,928 [ERROR] LogOutputStream:75 - [STDERR_REDIRECT] [Fatal Error] :1:1: Premature end of file.
2025-01-26 22:46:18,930 [ERROR] LogOutputStream:75 - [STDERR_REDIRECT] 
2025-01-26 22:46:19,926 [ERROR] LogOutputStream:75 - [STDERR_REDIRECT] [Fatal Error] :1:1: Premature end of file.
2025-01-26 22:46:19,926 [ERROR] LogOutputStream:75 - [STDERR_REDIRECT] 
2025-01-26 22:46:20,925 [ERROR] LogOutputStream:75 - [STDERR_REDIRECT] [Fatal Error] :1:1: Premature end of file.
2025-01-26 22:46:20,925 [ERROR] LogOutputStream:75 - [STDERR_REDIRECT] 
2025-01-26 22:46:21,924 [ERROR] LogOutputStream:75 - [STDERR_REDIRECT] [Fatal Error] :1:1: Premature end of file.
2025-01-26 22:46:21,924 [ERROR] LogOutputStream:75 - [STDERR_REDIRECT] 
2025-01-26 22:46:22,930 [ERROR] LogOutputStream:75 - [STDERR_REDIRECT] [Fatal Error] :1:1: Premature end of file.
2025-01-26 22:46:22,930 [ERROR] LogOutputStream:75 - [STDERR_REDIRECT] 
2025-01-26 22:46:23,927 [ERROR] LogOutputStream:75 - [STDERR_REDIRECT] [Fatal Error] :1:1: Premature end of file.
2025-01-26 22:46:23,927 [ERROR] LogOutputStream:75 - [STDERR_REDIRECT] 
2025-01-26 22:46:24,916 [ERROR] LogOutputStream:75 - [STDERR_REDIRECT] [Fatal Error] :1:1: Premature end of file.
2025-01-26 22:46:24,916 [ERROR] LogOutputStream:75 - [STDERR_REDIRECT] 
2025-01-26 22:46:25,923 [ERROR] LogOutputStream:75 - [STDERR_REDIRECT] [Fatal Error] :1:1: Premature end of file.
2025-01-26 22:46:25,923 [ERROR] LogOutputStream:75 - [STDERR_REDIRECT] 
2025-01-26 22:46:26,938 [ERROR] LogOutputStream:75 - [STDERR_REDIRECT] [Fatal Error] :1:1: Premature end of file.
2025-01-26 22:46:26,938 [ERROR] LogOutputStream:75 - [STDERR_REDIRECT] 
2025-01-26 22:46:27,927 [ERROR] LogOutputStream:75 - [STDERR_REDIRECT] [Fatal Error] :1:1: Premature end of file.
2025-01-26 22:46:27,927 [ERROR] LogOutputStream:75 - [STDERR_REDIRECT] 
2025-01-26 22:46:28,937 [ERROR] LogOutputStream:75 - [STDERR_REDIRECT] [Fatal Error] :1:1: Premature end of file.
2025-01-26 22:46:28,937 [ERROR] LogOutputStream:75 - [STDERR_REDIRECT] 
2025-01-26 22:46:29,926 [ERROR] LogOutputStream:75 - [STDERR_REDIRECT] [Fatal Error] :1:1: Premature end of file.
2025-01-26 22:46:29,928 [ERROR] LogOutputStream:75 - [STDERR_REDIRECT] 
2025-01-26 22:46:30,930 [ERROR] LogOutputStream:75 - [STDERR_REDIRECT] [Fatal Error] :1:1: Premature end of file.
2025-01-26 22:46:30,930 [ERROR] LogOutputStream:75 - [STDERR_REDIRECT] 
2025-01-26 22:46:31,927 [ERROR] LogOutputStream:75 - [STDERR_REDIRECT] [Fatal Error] :1:1: Premature end of file.
2025-01-26 22:46:31,927 [ERROR] LogOutputStream:75 - [STDERR_REDIRECT] 
2025-01-26 22:46:32,932 [ERROR] LogOutputStream:75 - [STDERR_REDIRECT] [Fatal Error] :1:1: Premature end of file.
2025-01-26 22:46:32,932 [ERROR] LogOutputStream:75 - [STDERR_REDIRECT] 
2025-01-26 22:46:33,923 [ERROR] LogOutputStream:75 - [STDERR_REDIRECT] [Fatal Error] :1:1: Premature end of file.
2025-01-26 22:46:33,923 [ERROR] LogOutputStream:75 - [STDERR_REDIRECT] 
2025-01-26 22:46:34,934 [ERROR] LogOutputStream:75 - [STDERR_REDIRECT] [Fatal Error] :1:1: Premature end of file.
2025-01-26 22:46:34,934 [ERROR] LogOutputStream:75 - [STDERR_REDIRECT] 
2025-01-26 22:46:35,923 [ERROR] LogOutputStream:75 - [STDERR_REDIRECT] [Fatal Error] :1:1: Premature end of file.
2025-01-26 22:46:35,924 [ERROR] LogOutputStream:75 - [STDERR_REDIRECT] 
2025-01-26 22:46:36,937 [ERROR] LogOutputStream:75 - [STDERR_REDIRECT] [Fatal Error] :1:1: Premature end of file.
2025-01-26 22:46:36,937 [ERROR] LogOutputStream:75 - [STDERR_REDIRECT] 
2025-01-26 22:46:37,930 [ERROR] LogOutputStream:75 - [STDERR_REDIRECT] [Fatal Error] :1:1: Premature end of file.
2025-01-26 22:46:37,931 [ERROR] LogOutputStream:75 - [STDERR_REDIRECT] 
2025-01-26 22:46:38,924 [ERROR] LogOutputStream:75 - [STDERR_REDIRECT] [Fatal Error] :1:1: Premature end of file.
2025-01-26 22:46:38,924 [ERROR] LogOutputStream:75 - [STDERR_REDIRECT] 
2025-01-26 22:46:39,921 [ERROR] LogOutputStream:75 - [STDERR_REDIRECT] [Fatal Error] :1:1: Premature end of file.
2025-01-26 22:46:39,921 [ERROR] LogOutputStream:75 - [STDERR_REDIRECT] 
2025-01-26 22:46:40,953 [ERROR] LogOutputStream:75 - [STDERR_REDIRECT] [Fatal Error] :1:1: Premature end of file.
2025-01-26 22:46:40,953 [ERROR] LogOutputStream:75 - [STDERR_REDIRECT] 
2025-01-26 22:46:41,919 [ERROR] LogOutputStream:75 - [STDERR_REDIRECT] [Fatal Error] :1:1: Premature end of file.
2025-01-26 22:46:41,919 [ERROR] LogOutputStream:75 - [STDERR_REDIRECT] 
2025-01-26 22:46:42,916 [ERROR] LogOutputStream:75 - [STDERR_REDIRECT] [Fatal Error] :1:1: Premature end of file.
2025-01-26 22:46:42,916 [ERROR] LogOutputStream:75 - [STDERR_REDIRECT] 
2025-01-26 22:46:43,923 [ERROR] LogOutputStream:75 - [STDERR_REDIRECT] [Fatal Error] :1:1: Premature end of file.
2025-01-26 22:46:43,924 [ERROR] LogOutputStream:75 - [STDERR_REDIRECT] 
2025-01-26 22:46:44,929 [ERROR] LogOutputStream:75 - [STDERR_REDIRECT] [Fatal Error] :1:1: Premature end of file.
2025-01-26 22:46:44,929 [ERROR] LogOutputStream:75 - [STDERR_REDIRECT] 
2025-01-26 22:46:45,925 [ERROR] LogOutputStream:75 - [STDERR_REDIRECT] [Fatal Error] :1:1: Premature end of file.
2025-01-26 22:46:45,925 [ERROR] LogOutputStream:75 - [STDERR_REDIRECT] 
2025-01-26 22:46:46,930 [ERROR] LogOutputStream:75 - [STDERR_REDIRECT] [Fatal Error] :1:1: Premature end of file.
2025-01-26 22:46:46,930 [ERROR] LogOutputStream:75 - [STDERR_REDIRECT] 
2025-01-26 22:46:47,929 [ERROR] LogOutputStream:75 - [STDERR_REDIRECT] [Fatal Error] :1:1: Premature end of file.
2025-01-26 22:46:47,929 [ERROR] LogOutputStream:75 - [STDERR_REDIRECT] 
2025-01-26 22:46:48,921 [ERROR] LogOutputStream:75 - [STDERR_REDIRECT] [Fatal Error] :1:1: Premature end of file.
2025-01-26 22:46:48,921 [ERROR] LogOutputStream:75 - [STDERR_REDIRECT] 
2025-01-26 22:46:49,937 [ERROR] LogOutputStream:75 - [STDERR_REDIRECT] [Fatal Error] :1:1: Premature end of file.
2025-01-26 22:46:49,937 [ERROR] LogOutputStream:75 - [STDERR_REDIRECT] 
2025-01-26 22:46:50,920 [ERROR] LogOutputStream:75 - [STDERR_REDIRECT] [Fatal Error] :1:1: Premature end of file.
2025-01-26 22:46:50,920 [ERROR] LogOutputStream:75 - [STDERR_REDIRECT] 
2025-01-26 22:46:51,930 [ERROR] LogOutputStream:75 - [STDERR_REDIRECT] [Fatal Error] :1:1: Premature end of file.
2025-01-26 22:46:51,930 [ERROR] LogOutputStream:75 - [STDERR_REDIRECT] 
2025-01-26 22:46:52,940 [ERROR] LogOutputStream:75 - [STDERR_REDIRECT] [Fatal Error] :1:1: Premature end of file.
2025-01-26 22:46:52,940 [ERROR] LogOutputStream:75 - [STDERR_REDIRECT] 
2025-01-26 22:46:53,925 [ERROR] LogOutputStream:75 - [STDERR_REDIRECT] [Fatal Error] :1:1: Premature end of file.
2025-01-26 22:46:53,925 [ERROR] LogOutputStream:75 - [STDERR_REDIRECT] 
2025-01-26 22:46:54,939 [ERROR] LogOutputStream:75 - [STDERR_REDIRECT] [Fatal Error] :1:1: Premature end of file.
2025-01-26 22:46:54,939 [ERROR] LogOutputStream:75 - [STDERR_REDIRECT] 
2025-01-26 22:46:55,929 [ERROR] LogOutputStream:75 - [STDERR_REDIRECT] [Fatal Error] :1:1: Premature end of file.
2025-01-26 22:46:55,931 [ERROR] LogOutputStream:75 - [STDERR_REDIRECT] 
2025-01-26 22:46:56,927 [ERROR] LogOutputStream:75 - [STDERR_REDIRECT] [Fatal Error] :1:1: Premature end of file.
2025-01-26 22:46:56,927 [ERROR] LogOutputStream:75 - [STDERR_REDIRECT] 
2025-01-26 22:46:57,935 [ERROR] LogOutputStream:75 - [STDERR_REDIRECT] [Fatal Error] :1:1: Premature end of file.
2025-01-26 22:46:57,935 [ERROR] LogOutputStream:75 - [STDERR_REDIRECT] 
2025-01-26 22:46:58,937 [ERROR] LogOutputStream:75 - [STDERR_REDIRECT] [Fatal Error] :1:1: Premature end of file.
2025-01-26 22:46:58,937 [ERROR] LogOutputStream:75 - [STDERR_REDIRECT] 
2025-01-26 22:46:59,931 [ERROR] LogOutputStream:75 - [STDERR_REDIRECT] [Fatal Error] :1:1: Premature end of file.
2025-01-26 22:46:59,931 [ERROR] LogOutputStream:75 - [STDERR_REDIRECT] 
2025-01-26 22:47:00,931 [ERROR] LogOutputStream:75 - [STDERR_REDIRECT] [Fatal Error] :1:1: Premature end of file.
2025-01-26 22:47:00,931 [ERROR] LogOutputStream:75 - [STDERR_REDIRECT] 
2025-01-26 22:47:01,929 [ERROR] LogOutputStream:75 - [STDERR_REDIRECT] [Fatal Error] :1:1: Premature end of file.
2025-01-26 22:47:01,929 [ERROR] LogOutputStream:75 - [STDERR_REDIRECT] 
2025-01-26 22:47:02,931 [ERROR] LogOutputStream:75 - [STDERR_REDIRECT] [Fatal Error] :1:1: Premature end of file.
2025-01-26 22:47:02,931 [ERROR] LogOutputStream:75 - [STDERR_REDIRECT] 
2025-01-26 22:47:03,925 [ERROR] LogOutputStream:75 - [STDERR_REDIRECT] [Fatal Error] :1:1: Premature end of file.
2025-01-26 22:47:03,925 [ERROR] LogOutputStream:75 - [STDERR_REDIRECT] 
2025-01-26 22:47:04,930 [ERROR] LogOutputStream:75 - [STDERR_REDIRECT] [Fatal Error] :1:1: Premature end of file.
2025-01-26 22:47:04,930 [ERROR] LogOutputStream:75 - [STDERR_REDIRECT] 
2025-01-26 22:47:05,922 [ERROR] LogOutputStream:75 - [STDERR_REDIRECT] [Fatal Error] :1:1: Premature end of file.
2025-01-26 22:47:05,923 [ERROR] LogOutputStream:75 - [STDERR_REDIRECT] 
2025-01-26 22:47:06,930 [ERROR] LogOutputStream:75 - [STDERR_REDIRECT] [Fatal Error] :1:1: Premature end of file.
2025-01-26 22:47:06,930 [ERROR] LogOutputStream:75 - [STDERR_REDIRECT] 
2025-01-26 22:47:07,932 [ERROR] LogOutputStream:75 - [STDERR_REDIRECT] [Fatal Error] :1:1: Premature end of file.
2025-01-26 22:47:07,932 [ERROR] LogOutputStream:75 - [STDERR_REDIRECT] 
2025-01-26 22:47:08,931 [ERROR] LogOutputStream:75 - [STDERR_REDIRECT] [Fatal Error] :1:1: Premature end of file.
2025-01-26 22:47:08,931 [ERROR] LogOutputStream:75 - [STDERR_REDIRECT] 
2025-01-26 22:47:09,925 [ERROR] LogOutputStream:75 - [STDERR_REDIRECT] [Fatal Error] :1:1: Premature end of file.
2025-01-26 22:47:09,925 [ERROR] LogOutputStream:75 - [STDERR_REDIRECT] 
2025-01-26 22:47:10,941 [ERROR] LogOutputStream:75 - [STDERR_REDIRECT] [Fatal Error] :1:1: Premature end of file.
2025-01-26 22:47:10,943 [ERROR] LogOutputStream:75 - [STDERR_REDIRECT] 
2025-01-26 22:47:11,929 [ERROR] LogOutputStream:75 - [STDERR_REDIRECT] [Fatal Error] :1:1: Premature end of file.
2025-01-26 22:47:11,929 [ERROR] LogOutputStream:75 - [STDERR_REDIRECT] 
2025-01-26 22:47:12,936 [ERROR] LogOutputStream:75 - [STDERR_REDIRECT] [Fatal Error] :1:1: Premature end of file.
2025-01-26 22:47:12,936 [ERROR] LogOutputStream:75 - [STDERR_REDIRECT] 
2025-01-26 22:47:13,941 [ERROR] LogOutputStream:75 - [STDERR_REDIRECT] [Fatal Error] :1:1: Premature end of file.
2025-01-26 22:47:13,941 [ERROR] LogOutputStream:75 - [STDERR_REDIRECT] 
2025-01-26 22:47:14,933 [ERROR] LogOutputStream:75 - [STDERR_REDIRECT] [Fatal Error] :1:1: Premature end of file.
2025-01-26 22:47:14,933 [ERROR] LogOutputStream:75 - [STDERR_REDIRECT] 
2025-01-26 22:47:15,926 [ERROR] LogOutputStream:75 - [STDERR_REDIRECT] [Fatal Error] :1:1: Premature end of file.
2025-01-26 22:47:15,926 [ERROR] LogOutputStream:75 - [STDERR_REDIRECT] 
2025-01-26 22:47:16,936 [ERROR] LogOutputStream:75 - [STDERR_REDIRECT] [Fatal Error] :1:1: Premature end of file.
2025-01-26 22:47:16,936 [ERROR] LogOutputStream:75 - [STDERR_REDIRECT] 
2025-01-26 22:47:17,921 [ERROR] LogOutputStream:75 - [STDERR_REDIRECT] [Fatal Error] :1:1: Premature end of file.
2025-01-26 22:47:17,921 [ERROR] LogOutputStream:75 - [STDERR_REDIRECT] 
2025-01-26 22:47:18,933 [ERROR] LogOutputStream:75 - [STDERR_REDIRECT] [Fatal Error] :1:1: Premature end of file.
2025-01-26 22:47:18,934 [ERROR] LogOutputStream:75 - [STDERR_REDIRECT] 
2025-01-26 22:47:19,927 [ERROR] LogOutputStream:75 - [STDERR_REDIRECT] [Fatal Error] :1:1: Premature end of file.
2025-01-26 22:47:19,927 [ERROR] LogOutputStream:75 - [STDERR_REDIRECT] 
2025-01-26 22:47:20,927 [ERROR] LogOutputStream:75 - [STDERR_REDIRECT] [Fatal Error] :1:1: Premature end of file.
2025-01-26 22:47:20,927 [ERROR] LogOutputStream:75 - [STDERR_REDIRECT] 
2025-01-26 22:47:21,926 [ERROR] LogOutputStream:75 - [STDERR_REDIRECT] [Fatal Error] :1:1: Premature end of file.
2025-01-26 22:47:21,926 [ERROR] LogOutputStream:75 - [STDERR_REDIRECT] 
2025-01-26 22:47:22,936 [ERROR] LogOutputStream:75 - [STDERR_REDIRECT] [Fatal Error] :1:1: Premature end of file.
2025-01-26 22:47:22,936 [ERROR] LogOutputStream:75 - [STDERR_REDIRECT] 
2025-01-26 22:47:23,935 [ERROR] LogOutputStream:75 - [STDERR_REDIRECT] [Fatal Error] :1:1: Premature end of file.
2025-01-26 22:47:23,935 [ERROR] LogOutputStream:75 - [STDERR_REDIRECT] 
2025-01-26 22:47:24,932 [ERROR] LogOutputStream:75 - [STDERR_REDIRECT] [Fatal Error] :1:1: Premature end of file.
2025-01-26 22:47:24,932 [ERROR] LogOutputStream:75 - [STDERR_REDIRECT] 
2025-01-26 22:47:25,934 [ERROR] LogOutputStream:75 - [STDERR_REDIRECT] [Fatal Error] :1:1: Premature end of file.
2025-01-26 22:47:25,934 [ERROR] LogOutputStream:75 - [STDERR_REDIRECT] 
2025-01-26 22:47:26,933 [ERROR] LogOutputStream:75 - [STDERR_REDIRECT] [Fatal Error] :1:1: Premature end of file.
2025-01-26 22:47:26,933 [ERROR] LogOutputStream:75 - [STDERR_REDIRECT] 
2025-01-26 22:47:27,931 [ERROR] LogOutputStream:75 - [STDERR_REDIRECT] [Fatal Error] :1:1: Premature end of file.
2025-01-26 22:47:27,931 [ERROR] LogOutputStream:75 - [STDERR_REDIRECT] 
2025-01-26 22:47:28,929 [ERROR] LogOutputStream:75 - [STDERR_REDIRECT] [Fatal Error] :1:1: Premature end of file.
2025-01-26 22:47:28,929 [ERROR] LogOutputStream:75 - [STDERR_REDIRECT] 
2025-01-26 22:47:29,929 [ERROR] LogOutputStream:75 - [STDERR_REDIRECT] [Fatal Error] :1:1: Premature end of file.
2025-01-26 22:47:29,929 [ERROR] LogOutputStream:75 - [STDERR_REDIRECT] 
2025-01-26 22:47:30,933 [ERROR] LogOutputStream:75 - [STDERR_REDIRECT] [Fatal Error] :1:1: Premature end of file.
2025-01-26 22:47:30,933 [ERROR] LogOutputStream:75 - [STDERR_REDIRECT] 
2025-01-26 22:47:31,930 [ERROR] LogOutputStream:75 - [STDERR_REDIRECT] [Fatal Error] :1:1: Premature end of file.
2025-01-26 22:47:31,930 [ERROR] LogOutputStream:75 - [STDERR_REDIRECT] 
2025-01-26 22:47:32,928 [ERROR] LogOutputStream:75 - [STDERR_REDIRECT] [Fatal Error] :1:1: Premature end of file.
2025-01-26 22:47:32,928 [ERROR] LogOutputStream:75 - [STDERR_REDIRECT] 
2025-01-26 22:47:33,939 [ERROR] LogOutputStream:75 - [STDERR_REDIRECT] [Fatal Error] :1:1: Premature end of file.
2025-01-26 22:47:33,939 [ERROR] LogOutputStream:75 - [STDERR_REDIRECT] 
2025-01-26 22:47:34,934 [ERROR] LogOutputStream:75 - [STDERR_REDIRECT] [Fatal Error] :1:1: Premature end of file.
2025-01-26 22:47:34,934 [ERROR] LogOutputStream:75 - [STDERR_REDIRECT] 
2025-01-26 22:47:35,929 [ERROR] LogOutputStream:75 - [STDERR_REDIRECT] [Fatal Error] :1:1: Premature end of file.
2025-01-26 22:47:35,930 [ERROR] LogOutputStream:75 - [STDERR_REDIRECT] 
2025-01-26 22:47:36,928 [ERROR] LogOutputStream:75 - [STDERR_REDIRECT] [Fatal Error] :1:1: Premature end of file.
2025-01-26 22:47:36,928 [ERROR] LogOutputStream:75 - [STDERR_REDIRECT] 
2025-01-26 22:47:37,931 [ERROR] LogOutputStream:75 - [STDERR_REDIRECT] [Fatal Error] :1:1: Premature end of file.
2025-01-26 22:47:37,931 [ERROR] LogOutputStream:75 - [STDERR_REDIRECT] 
2025-01-26 22:47:38,920 [ERROR] LogOutputStream:75 - [STDERR_REDIRECT] [Fatal Error] :1:1: Premature end of file.
2025-01-26 22:47:38,920 [ERROR] LogOutputStream:75 - [STDERR_REDIRECT] 
2025-01-26 22:47:39,926 [ERROR] LogOutputStream:75 - [STDERR_REDIRECT] [Fatal Error] :1:1: Premature end of file.
2025-01-26 22:47:39,926 [ERROR] LogOutputStream:75 - [STDERR_REDIRECT] 
2025-01-26 22:47:40,928 [ERROR] LogOutputStream:75 - [STDERR_REDIRECT] [Fatal Error] :1:1: Premature end of file.
2025-01-26 22:47:40,928 [ERROR] LogOutputStream:75 - [STDERR_REDIRECT] 
2025-01-26 22:47:41,933 [ERROR] LogOutputStream:75 - [STDERR_REDIRECT] [Fatal Error] :1:1: Premature end of file.
2025-01-26 22:47:41,933 [ERROR] LogOutputStream:75 - [STDERR_REDIRECT] 
2025-01-26 22:47:42,933 [ERROR] LogOutputStream:75 - [STDERR_REDIRECT] [Fatal Error] :1:1: Premature end of file.
2025-01-26 22:47:42,934 [ERROR] LogOutputStream:75 - [STDERR_REDIRECT] 
2025-01-26 22:47:43,932 [ERROR] LogOutputStream:75 - [STDERR_REDIRECT] [Fatal Error] :1:1: Premature end of file.
2025-01-26 22:47:43,932 [ERROR] LogOutputStream:75 - [STDERR_REDIRECT] 
2025-01-26 22:47:44,931 [ERROR] LogOutputStream:75 - [STDERR_REDIRECT] [Fatal Error] :1:1: Premature end of file.
2025-01-26 22:47:44,931 [ERROR] LogOutputStream:75 - [STDERR_REDIRECT] 
2025-01-26 22:47:45,931 [ERROR] LogOutputStream:75 - [STDERR_REDIRECT] [Fatal Error] :1:1: Premature end of file.
2025-01-26 22:47:45,931 [ERROR] LogOutputStream:75 - [STDERR_REDIRECT] 
2025-01-26 22:47:46,943 [ERROR] LogOutputStream:75 - [STDERR_REDIRECT] [Fatal Error] :1:1: Premature end of file.
2025-01-26 22:47:46,943 [ERROR] LogOutputStream:75 - [STDERR_REDIRECT] 
2025-01-26 22:47:47,934 [ERROR] LogOutputStream:75 - [STDERR_REDIRECT] [Fatal Error] :1:1: Premature end of file.
2025-01-26 22:47:47,935 [ERROR] LogOutputStream:75 - [STDERR_REDIRECT] 
2025-01-26 22:47:48,945 [ERROR] LogOutputStream:75 - [STDERR_REDIRECT] [Fatal Error] :1:1: Premature end of file.
2025-01-26 22:47:48,945 [ERROR] LogOutputStream:75 - [STDERR_REDIRECT] 
2025-01-26 22:47:49,931 [ERROR] LogOutputStream:75 - [STDERR_REDIRECT] [Fatal Error] :1:1: Premature end of file.
2025-01-26 22:47:49,931 [ERROR] LogOutputStream:75 - [STDERR_REDIRECT] 
2025-01-26 22:47:50,926 [ERROR] LogOutputStream:75 - [STDERR_REDIRECT] [Fatal Error] :1:1: Premature end of file.
2025-01-26 22:47:50,926 [ERROR] LogOutputStream:75 - [STDERR_REDIRECT] 
2025-01-26 22:47:51,926 [ERROR] LogOutputStream:75 - [STDERR_REDIRECT] [Fatal Error] :1:1: Premature end of file.
2025-01-26 22:47:51,926 [ERROR] LogOutputStream:75 - [STDERR_REDIRECT] 
2025-01-26 22:47:52,934 [ERROR] LogOutputStream:75 - [STDERR_REDIRECT] [Fatal Error] :1:1: Premature end of file.
2025-01-26 22:47:52,934 [ERROR] LogOutputStream:75 - [STDERR_REDIRECT] 
2025-01-26 22:47:53,924 [ERROR] LogOutputStream:75 - [STDERR_REDIRECT] [Fatal Error] :1:1: Premature end of file.
2025-01-26 22:47:53,924 [ERROR] LogOutputStream:75 - [STDERR_REDIRECT] 
2025-01-26 22:47:54,921 [ERROR] LogOutputStream:75 - [STDERR_REDIRECT] [Fatal Error] :1:1: Premature end of file.
2025-01-26 22:47:54,921 [ERROR] LogOutputStream:75 - [STDERR_REDIRECT] 
2025-01-26 22:47:55,934 [ERROR] LogOutputStream:75 - [STDERR_REDIRECT] [Fatal Error] :1:1: Premature end of file.
2025-01-26 22:47:55,934 [ERROR] LogOutputStream:75 - [STDERR_REDIRECT] 
2025-01-26 22:47:56,931 [ERROR] LogOutputStream:75 - [STDERR_REDIRECT] [Fatal Error] :1:1: Premature end of file.
2025-01-26 22:47:56,931 [ERROR] LogOutputStream:75 - [STDERR_REDIRECT] 
2025-01-26 22:47:57,938 [ERROR] LogOutputStream:75 - [STDERR_REDIRECT] [Fatal Error] :1:1: Premature end of file.
2025-01-26 22:47:57,938 [ERROR] LogOutputStream:75 - [STDERR_REDIRECT] 
2025-01-26 22:47:58,929 [ERROR] LogOutputStream:75 - [STDERR_REDIRECT] [Fatal Error] :1:1: Premature end of file.
2025-01-26 22:47:58,929 [ERROR] LogOutputStream:75 - [STDERR_REDIRECT] 
2025-01-26 22:47:59,928 [ERROR] LogOutputStream:75 - [STDERR_REDIRECT] [Fatal Error] :1:1: Premature end of file.
2025-01-26 22:47:59,928 [ERROR] LogOutputStream:75 - [STDERR_REDIRECT] 
2025-01-26 22:48:00,928 [ERROR] LogOutputStream:75 - [STDERR_REDIRECT] [Fatal Error] :1:1: Premature end of file.
2025-01-26 22:48:00,928 [ERROR] LogOutputStream:75 - [STDERR_REDIRECT] 
2025-01-26 22:48:01,928 [ERROR] LogOutputStream:75 - [STDERR_REDIRECT] [Fatal Error] :1:1: Premature end of file.
2025-01-26 22:48:01,929 [ERROR] LogOutputStream:75 - [STDERR_REDIRECT] 
2025-01-26 22:48:02,935 [ERROR] LogOutputStream:75 - [STDERR_REDIRECT] [Fatal Error] :1:1: Premature end of file.
2025-01-26 22:48:02,935 [ERROR] LogOutputStream:75 - [STDERR_REDIRECT] 
2025-01-26 22:48:03,945 [ERROR] LogOutputStream:75 - [STDERR_REDIRECT] [Fatal Error] :1:1: Premature end of file.
2025-01-26 22:48:03,945 [ERROR] LogOutputStream:75 - [STDERR_REDIRECT] 
2025-01-26 22:48:04,936 [ERROR] LogOutputStream:75 - [STDERR_REDIRECT] [Fatal Error] :1:1: Premature end of file.
2025-01-26 22:48:04,936 [ERROR] LogOutputStream:75 - [STDERR_REDIRECT] 
2025-01-26 22:48:05,921 [ERROR] LogOutputStream:75 - [STDERR_REDIRECT] [Fatal Error] :1:1: Premature end of file.
2025-01-26 22:48:05,921 [ERROR] LogOutputStream:75 - [STDERR_REDIRECT] 
2025-01-26 22:48:06,925 [ERROR] LogOutputStream:75 - [STDERR_REDIRECT] [Fatal Error] :1:1: Premature end of file.
2025-01-26 22:48:06,925 [ERROR] LogOutputStream:75 - [STDERR_REDIRECT] 
2025-01-26 22:48:07,925 [ERROR] LogOutputStream:75 - [STDERR_REDIRECT] [Fatal Error] :1:1: Premature end of file.
2025-01-26 22:48:07,925 [ERROR] LogOutputStream:75 - [STDERR_REDIRECT] 
2025-01-26 22:48:08,940 [ERROR] LogOutputStream:75 - [STDERR_REDIRECT] [Fatal Error] :1:1: Premature end of file.
2025-01-26 22:48:08,940 [ERROR] LogOutputStream:75 - [STDERR_REDIRECT] 
2025-01-26 22:48:09,935 [ERROR] LogOutputStream:75 - [STDERR_REDIRECT] [Fatal Error] :1:1: Premature end of file.
2025-01-26 22:48:09,935 [ERROR] LogOutputStream:75 - [STDERR_REDIRECT] 
2025-01-26 22:48:10,931 [ERROR] LogOutputStream:75 - [STDERR_REDIRECT] [Fatal Error] :1:1: Premature end of file.
2025-01-26 22:48:10,931 [ERROR] LogOutputStream:75 - [STDERR_REDIRECT] 
2025-01-26 22:48:11,928 [ERROR] LogOutputStream:75 - [STDERR_REDIRECT] [Fatal Error] :1:1: Premature end of file.
2025-01-26 22:48:11,928 [ERROR] LogOutputStream:75 - [STDERR_REDIRECT] 
2025-01-26 22:48:12,923 [ERROR] LogOutputStream:75 - [STDERR_REDIRECT] [Fatal Error] :1:1: Premature end of file.
2025-01-26 22:48:12,923 [ERROR] LogOutputStream:75 - [STDERR_REDIRECT] 
2025-01-26 22:48:13,929 [ERROR] LogOutputStream:75 - [STDERR_REDIRECT] [Fatal Error] :1:1: Premature end of file.
2025-01-26 22:48:13,929 [ERROR] LogOutputStream:75 - [STDERR_REDIRECT] 
2025-01-26 22:48:14,925 [ERROR] LogOutputStream:75 - [STDERR_REDIRECT] [Fatal Error] :1:1: Premature end of file.
2025-01-26 22:48:14,927 [ERROR] LogOutputStream:75 - [STDERR_REDIRECT] 
2025-01-26 22:48:15,933 [ERROR] LogOutputStream:75 - [STDERR_REDIRECT] [Fatal Error] :1:1: Premature end of file.
2025-01-26 22:48:15,933 [ERROR] LogOutputStream:75 - [STDERR_REDIRECT] 
2025-01-26 22:48:16,928 [ERROR] LogOutputStream:75 - [STDERR_REDIRECT] [Fatal Error] :1:1: Premature end of file.
2025-01-26 22:48:16,928 [ERROR] LogOutputStream:75 - [STDERR_REDIRECT] 
2025-01-26 22:48:17,927 [ERROR] LogOutputStream:75 - [STDERR_REDIRECT] [Fatal Error] :1:1: Premature end of file.
2025-01-26 22:48:17,927 [ERROR] LogOutputStream:75 - [STDERR_REDIRECT] 
2025-01-26 22:48:18,929 [ERROR] LogOutputStream:75 - [STDERR_REDIRECT] [Fatal Error] :1:1: Premature end of file.
2025-01-26 22:48:18,929 [ERROR] LogOutputStream:75 - [STDERR_REDIRECT] 
2025-01-26 22:48:19,919 [ERROR] LogOutputStream:75 - [STDERR_REDIRECT] [Fatal Error] :1:1: Premature end of file.
2025-01-26 22:48:19,919 [ERROR] LogOutputStream:75 - [STDERR_REDIRECT] 
2025-01-26 22:48:20,927 [ERROR] LogOutputStream:75 - [STDERR_REDIRECT] [Fatal Error] :1:1: Premature end of file.
2025-01-26 22:48:20,927 [ERROR] LogOutputStream:75 - [STDERR_REDIRECT] 
2025-01-26 22:48:21,933 [ERROR] LogOutputStream:75 - [STDERR_REDIRECT] [Fatal Error] :1:1: Premature end of file.
2025-01-26 22:48:21,933 [ERROR] LogOutputStream:75 - [STDERR_REDIRECT] 
2025-01-26 22:48:22,931 [ERROR] LogOutputStream:75 - [STDERR_REDIRECT] [Fatal Error] :1:1: Premature end of file.
2025-01-26 22:48:22,931 [ERROR] LogOutputStream:75 - [STDERR_REDIRECT] 
2025-01-26 22:48:23,918 [ERROR] LogOutputStream:75 - [STDERR_REDIRECT] [Fatal Error] :1:1: Premature end of file.
2025-01-26 22:48:23,918 [ERROR] LogOutputStream:75 - [STDERR_REDIRECT] 
2025-01-26 22:48:24,930 [ERROR] LogOutputStream:75 - [STDERR_REDIRECT] [Fatal Error] :1:1: Premature end of file.
2025-01-26 22:48:24,930 [ERROR] LogOutputStream:75 - [STDERR_REDIRECT] 
2025-01-26 22:48:25,930 [ERROR] LogOutputStream:75 - [STDERR_REDIRECT] [Fatal Error] :1:1: Premature end of file.
2025-01-26 22:48:25,930 [ERROR] LogOutputStream:75 - [STDERR_REDIRECT] 
2025-01-26 22:48:26,931 [ERROR] LogOutputStream:75 - [STDERR_REDIRECT] [Fatal Error] :1:1: Premature end of file.
2025-01-26 22:48:26,931 [ERROR] LogOutputStream:75 - [STDERR_REDIRECT] 
2025-01-26 22:48:27,930 [ERROR] LogOutputStream:75 - [STDERR_REDIRECT] [Fatal Error] :1:1: Premature end of file.
2025-01-26 22:48:27,930 [ERROR] LogOutputStream:75 - [STDERR_REDIRECT] 
2025-01-26 22:48:28,927 [ERROR] LogOutputStream:75 - [STDERR_REDIRECT] [Fatal Error] :1:1: Premature end of file.
2025-01-26 22:48:28,928 [ERROR] LogOutputStream:75 - [STDERR_REDIRECT] 
2025-01-26 22:48:29,926 [ERROR] LogOutputStream:75 - [STDERR_REDIRECT] [Fatal Error] :1:1: Premature end of file.
2025-01-26 22:48:29,926 [ERROR] LogOutputStream:75 - [STDERR_REDIRECT] 
2025-01-26 22:48:30,926 [ERROR] LogOutputStream:75 - [STDERR_REDIRECT] [Fatal Error] :1:1: Premature end of file.
2025-01-26 22:48:30,926 [ERROR] LogOutputStream:75 - [STDERR_REDIRECT] 
2025-01-26 22:48:31,929 [ERROR] LogOutputStream:75 - [STDERR_REDIRECT] [Fatal Error] :1:1: Premature end of file.
2025-01-26 22:48:31,931 [ERROR] LogOutputStream:75 - [STDERR_REDIRECT] 
2025-01-26 22:48:32,932 [ERROR] LogOutputStream:75 - [STDERR_REDIRECT] [Fatal Error] :1:1: Premature end of file.
2025-01-26 22:48:32,932 [ERROR] LogOutputStream:75 - [STDERR_REDIRECT] 
2025-01-26 22:48:33,929 [ERROR] LogOutputStream:75 - [STDERR_REDIRECT] [Fatal Error] :1:1: Premature end of file.
2025-01-26 22:48:33,929 [ERROR] LogOutputStream:75 - [STDERR_REDIRECT] 
2025-01-26 22:48:34,928 [ERROR] LogOutputStream:75 - [STDERR_REDIRECT] [Fatal Error] :1:1: Premature end of file.
2025-01-26 22:48:34,928 [ERROR] LogOutputStream:75 - [STDERR_REDIRECT] 
2025-01-26 22:48:35,926 [ERROR] LogOutputStream:75 - [STDERR_REDIRECT] [Fatal Error] :1:1: Premature end of file.
2025-01-26 22:48:35,926 [ERROR] LogOutputStream:75 - [STDERR_REDIRECT] 
2025-01-26 22:48:36,930 [ERROR] LogOutputStream:75 - [STDERR_REDIRECT] [Fatal Error] :1:1: Premature end of file.
2025-01-26 22:48:36,930 [ERROR] LogOutputStream:75 - [STDERR_REDIRECT] 
2025-01-26 22:48:37,930 [ERROR] LogOutputStream:75 - [STDERR_REDIRECT] [Fatal Error] :1:1: Premature end of file.
2025-01-26 22:48:37,930 [ERROR] LogOutputStream:75 - [STDERR_REDIRECT] 
2025-01-26 22:48:38,926 [ERROR] LogOutputStream:75 - [STDERR_REDIRECT] [Fatal Error] :1:1: Premature end of file.
2025-01-26 22:48:38,926 [ERROR] LogOutputStream:75 - [STDERR_REDIRECT] 
2025-01-26 22:48:39,928 [ERROR] LogOutputStream:75 - [STDERR_REDIRECT] [Fatal Error] :1:1: Premature end of file.
2025-01-26 22:48:39,928 [ERROR] LogOutputStream:75 - [STDERR_REDIRECT] 
2025-01-26 22:48:40,930 [ERROR] LogOutputStream:75 - [STDERR_REDIRECT] [Fatal Error] :1:1: Premature end of file.
2025-01-26 22:48:40,930 [ERROR] LogOutputStream:75 - [STDERR_REDIRECT] 
2025-01-26 22:48:41,930 [ERROR] LogOutputStream:75 - [STDERR_REDIRECT] [Fatal Error] :1:1: Premature end of file.
2025-01-26 22:48:41,930 [ERROR] LogOutputStream:75 - [STDERR_REDIRECT] 
2025-01-26 22:48:42,931 [ERROR] LogOutputStream:75 - [STDERR_REDIRECT] [Fatal Error] :1:1: Premature end of file.
2025-01-26 22:48:42,931 [ERROR] LogOutputStream:75 - [STDERR_REDIRECT] 
2025-01-26 22:48:43,931 [ERROR] LogOutputStream:75 - [STDERR_REDIRECT] [Fatal Error] :1:1: Premature end of file.
2025-01-26 22:48:43,931 [ERROR] LogOutputStream:75 - [STDERR_REDIRECT] 
2025-01-26 22:48:44,927 [ERROR] LogOutputStream:75 - [STDERR_REDIRECT] [Fatal Error] :1:1: Premature end of file.
2025-01-26 22:48:44,927 [ERROR] LogOutputStream:75 - [STDERR_REDIRECT] 
2025-01-26 22:48:45,930 [ERROR] LogOutputStream:75 - [STDERR_REDIRECT] [Fatal Error] :1:1: Premature end of file.
2025-01-26 22:48:45,930 [ERROR] LogOutputStream:75 - [STDERR_REDIRECT] 
2025-01-26 22:48:46,928 [ERROR] LogOutputStream:75 - [STDERR_REDIRECT] [Fatal Error] :1:1: Premature end of file.
2025-01-26 22:48:46,928 [ERROR] LogOutputStream:75 - [STDERR_REDIRECT] 
2025-01-26 22:48:47,926 [ERROR] LogOutputStream:75 - [STDERR_REDIRECT] [Fatal Error] :1:1: Premature end of file.
2025-01-26 22:48:47,926 [ERROR] LogOutputStream:75 - [STDERR_REDIRECT] 
2025-01-26 22:48:48,933 [ERROR] LogOutputStream:75 - [STDERR_REDIRECT] [Fatal Error] :1:1: Premature end of file.
2025-01-26 22:48:48,933 [ERROR] LogOutputStream:75 - [STDERR_REDIRECT] 
2025-01-26 22:48:49,933 [ERROR] LogOutputStream:75 - [STDERR_REDIRECT] [Fatal Error] :1:1: Premature end of file.
2025-01-26 22:48:49,933 [ERROR] LogOutputStream:75 - [STDERR_REDIRECT] 
2025-01-26 22:48:50,929 [ERROR] LogOutputStream:75 - [STDERR_REDIRECT] [Fatal Error] :1:1: Premature end of file.
2025-01-26 22:48:50,929 [ERROR] LogOutputStream:75 - [STDERR_REDIRECT] 
2025-01-26 22:48:51,930 [ERROR] LogOutputStream:75 - [STDERR_REDIRECT] [Fatal Error] :1:1: Premature end of file.
2025-01-26 22:48:51,930 [ERROR] LogOutputStream:75 - [STDERR_REDIRECT] 
2025-01-26 22:48:52,937 [ERROR] LogOutputStream:75 - [STDERR_REDIRECT] [Fatal Error] :1:1: Premature end of file.
2025-01-26 22:48:52,937 [ERROR] LogOutputStream:75 - [STDERR_REDIRECT] 
2025-01-26 22:48:53,929 [ERROR] LogOutputStream:75 - [STDERR_REDIRECT] [Fatal Error] :1:1: Premature end of file.
2025-01-26 22:48:53,931 [ERROR] LogOutputStream:75 - [STDERR_REDIRECT] 
2025-01-26 22:48:54,948 [ERROR] LogOutputStream:75 - [STDERR_REDIRECT] [Fatal Error] :1:1: Premature end of file.
2025-01-26 22:48:54,948 [ERROR] LogOutputStream:75 - [STDERR_REDIRECT] 
2025-01-26 22:48:55,931 [ERROR] LogOutputStream:75 - [STDERR_REDIRECT] [Fatal Error] :1:1: Premature end of file.
2025-01-26 22:48:55,931 [ERROR] LogOutputStream:75 - [STDERR_REDIRECT] 
2025-01-26 22:48:56,928 [ERROR] LogOutputStream:75 - [STDERR_REDIRECT] [Fatal Error] :1:1: Premature end of file.
2025-01-26 22:48:56,928 [ERROR] LogOutputStream:75 - [STDERR_REDIRECT] 
2025-01-26 22:48:57,930 [ERROR] LogOutputStream:75 - [STDERR_REDIRECT] [Fatal Error] :1:1: Premature end of file.
2025-01-26 22:48:57,930 [ERROR] LogOutputStream:75 - [STDERR_REDIRECT] 
2025-01-26 22:48:58,930 [ERROR] LogOutputStream:75 - [STDERR_REDIRECT] [Fatal Error] :1:1: Premature end of file.
2025-01-26 22:48:58,930 [ERROR] LogOutputStream:75 - [STDERR_REDIRECT] 
2025-01-26 22:48:59,935 [ERROR] LogOutputStream:75 - [STDERR_REDIRECT] [Fatal Error] :1:1: Premature end of file.
2025-01-26 22:48:59,935 [ERROR] LogOutputStream:75 - [STDERR_REDIRECT] 
2025-01-26 22:49:00,923 [ERROR] LogOutputStream:75 - [STDERR_REDIRECT] [Fatal Error] :1:1: Premature end of file.
2025-01-26 22:49:00,923 [ERROR] LogOutputStream:75 - [STDERR_REDIRECT] 
2025-01-26 22:49:01,927 [ERROR] LogOutputStream:75 - [STDERR_REDIRECT] [Fatal Error] :1:1: Premature end of file.
2025-01-26 22:49:01,927 [ERROR] LogOutputStream:75 - [STDERR_REDIRECT] 
2025-01-26 22:49:02,916 [ERROR] LogOutputStream:75 - [STDERR_REDIRECT] [Fatal Error] :1:1: Premature end of file.
2025-01-26 22:49:02,916 [ERROR] LogOutputStream:75 - [STDERR_REDIRECT] 
2025-01-26 22:49:03,934 [ERROR] LogOutputStream:75 - [STDERR_REDIRECT] [Fatal Error] :1:1: Premature end of file.
2025-01-26 22:49:03,934 [ERROR] LogOutputStream:75 - [STDERR_REDIRECT] 
2025-01-26 22:49:04,930 [ERROR] LogOutputStream:75 - [STDERR_REDIRECT] [Fatal Error] :1:1: Premature end of file.
2025-01-26 22:49:04,930 [ERROR] LogOutputStream:75 - [STDERR_REDIRECT] 
2025-01-26 22:49:05,924 [ERROR] LogOutputStream:75 - [STDERR_REDIRECT] [Fatal Error] :1:1: Premature end of file.
2025-01-26 22:49:05,924 [ERROR] LogOutputStream:75 - [STDERR_REDIRECT] 
2025-01-26 22:49:06,928 [ERROR] LogOutputStream:75 - [STDERR_REDIRECT] [Fatal Error] :1:1: Premature end of file.
2025-01-26 22:49:06,928 [ERROR] LogOutputStream:75 - [STDERR_REDIRECT] 
2025-01-26 22:49:07,936 [ERROR] LogOutputStream:75 - [STDERR_REDIRECT] [Fatal Error] :1:1: Premature end of file.
2025-01-26 22:49:07,936 [ERROR] LogOutputStream:75 - [STDERR_REDIRECT] 
2025-01-26 22:49:08,929 [ERROR] LogOutputStream:75 - [STDERR_REDIRECT] [Fatal Error] :1:1: Premature end of file.
2025-01-26 22:49:08,929 [ERROR] LogOutputStream:75 - [STDERR_REDIRECT] 
2025-01-26 22:49:09,928 [ERROR] LogOutputStream:75 - [STDERR_REDIRECT] [Fatal Error] :1:1: Premature end of file.
2025-01-26 22:49:09,928 [ERROR] LogOutputStream:75 - [STDERR_REDIRECT] 
2025-01-26 22:49:10,928 [ERROR] LogOutputStream:75 - [STDERR_REDIRECT] [Fatal Error] :1:1: Premature end of file.
2025-01-26 22:49:10,928 [ERROR] LogOutputStream:75 - [STDERR_REDIRECT] 
2025-01-26 22:49:11,929 [ERROR] LogOutputStream:75 - [STDERR_REDIRECT] [Fatal Error] :1:1: Premature end of file.
2025-01-26 22:49:11,929 [ERROR] LogOutputStream:75 - [STDERR_REDIRECT] 
2025-01-26 22:49:12,928 [ERROR] LogOutputStream:75 - [STDERR_REDIRECT] [Fatal Error] :1:1: Premature end of file.
2025-01-26 22:49:12,928 [ERROR] LogOutputStream:75 - [STDERR_REDIRECT] 
2025-01-26 22:49:13,929 [ERROR] LogOutputStream:75 - [STDERR_REDIRECT] [Fatal Error] :1:1: Premature end of file.
2025-01-26 22:49:13,929 [ERROR] LogOutputStream:75 - [STDERR_REDIRECT] 
2025-01-26 22:49:14,929 [ERROR] LogOutputStream:75 - [STDERR_REDIRECT] [Fatal Error] :1:1: Premature end of file.
2025-01-26 22:49:14,929 [ERROR] LogOutputStream:75 - [STDERR_REDIRECT] 
2025-01-26 22:49:15,930 [ERROR] LogOutputStream:75 - [STDERR_REDIRECT] [Fatal Error] :1:1: Premature end of file.
2025-01-26 22:49:15,930 [ERROR] LogOutputStream:75 - [STDERR_REDIRECT] 
2025-01-26 22:49:16,926 [ERROR] LogOutputStream:75 - [STDERR_REDIRECT] [Fatal Error] :1:1: Premature end of file.
2025-01-26 22:49:16,926 [ERROR] LogOutputStream:75 - [STDERR_REDIRECT] 
2025-01-26 22:49:17,930 [ERROR] LogOutputStream:75 - [STDERR_REDIRECT] [Fatal Error] :1:1: Premature end of file.
2025-01-26 22:49:17,930 [ERROR] LogOutputStream:75 - [STDERR_REDIRECT] 
2025-01-26 22:49:18,935 [ERROR] LogOutputStream:75 - [STDERR_REDIRECT] [Fatal Error] :1:1: Premature end of file.
2025-01-26 22:49:18,935 [ERROR] LogOutputStream:75 - [STDERR_REDIRECT] 
2025-01-26 22:49:19,933 [ERROR] LogOutputStream:75 - [STDERR_REDIRECT] [Fatal Error] :1:1: Premature end of file.
2025-01-26 22:49:19,933 [ERROR] LogOutputStream:75 - [STDERR_REDIRECT] 
2025-01-26 22:49:20,929 [ERROR] LogOutputStream:75 - [STDERR_REDIRECT] [Fatal Error] :1:1: Premature end of file.
2025-01-26 22:49:20,929 [ERROR] LogOutputStream:75 - [STDERR_REDIRECT] 
2025-01-26 22:49:21,930 [ERROR] LogOutputStream:75 - [STDERR_REDIRECT] [Fatal Error] :1:1: Premature end of file.
2025-01-26 22:49:21,930 [ERROR] LogOutputStream:75 - [STDERR_REDIRECT] 
2025-01-26 22:49:22,930 [ERROR] LogOutputStream:75 - [STDERR_REDIRECT] [Fatal Error] :1:1: Premature end of file.
2025-01-26 22:49:22,931 [ERROR] LogOutputStream:75 - [STDERR_REDIRECT] 
2025-01-26 22:49:23,941 [ERROR] LogOutputStream:75 - [STDERR_REDIRECT] [Fatal Error] :1:1: Premature end of file.
2025-01-26 22:49:23,941 [ERROR] LogOutputStream:75 - [STDERR_REDIRECT] 
2025-01-26 22:49:24,930 [ERROR] LogOutputStream:75 - [STDERR_REDIRECT] [Fatal Error] :1:1: Premature end of file.
2025-01-26 22:49:24,930 [ERROR] LogOutputStream:75 - [STDERR_REDIRECT] 
2025-01-26 22:49:25,928 [ERROR] LogOutputStream:75 - [STDERR_REDIRECT] [Fatal Error] :1:1: Premature end of file.
2025-01-26 22:49:25,928 [ERROR] LogOutputStream:75 - [STDERR_REDIRECT] 
2025-01-26 22:49:26,933 [ERROR] LogOutputStream:75 - [STDERR_REDIRECT] [Fatal Error] :1:1: Premature end of file.
2025-01-26 22:49:26,933 [ERROR] LogOutputStream:75 - [STDERR_REDIRECT] 
2025-01-26 22:49:27,930 [ERROR] LogOutputStream:75 - [STDERR_REDIRECT] [Fatal Error] :1:1: Premature end of file.
2025-01-26 22:49:27,930 [ERROR] LogOutputStream:75 - [STDERR_REDIRECT] 
2025-01-26 22:49:28,926 [ERROR] LogOutputStream:75 - [STDERR_REDIRECT] [Fatal Error] :1:1: Premature end of file.
2025-01-26 22:49:28,926 [ERROR] LogOutputStream:75 - [STDERR_REDIRECT] 
2025-01-26 22:49:29,936 [ERROR] LogOutputStream:75 - [STDERR_REDIRECT] [Fatal Error] :1:1: Premature end of file.
2025-01-26 22:49:29,936 [ERROR] LogOutputStream:75 - [STDERR_REDIRECT] 
2025-01-26 22:49:30,925 [ERROR] LogOutputStream:75 - [STDERR_REDIRECT] [Fatal Error] :1:1: Premature end of file.
2025-01-26 22:49:30,925 [ERROR] LogOutputStream:75 - [STDERR_REDIRECT] 
2025-01-26 22:49:31,938 [ERROR] LogOutputStream:75 - [STDERR_REDIRECT] [Fatal Error] :1:1: Premature end of file.
2025-01-26 22:49:31,938 [ERROR] LogOutputStream:75 - [STDERR_REDIRECT] 
2025-01-26 22:49:32,931 [ERROR] LogOutputStream:75 - [STDERR_REDIRECT] [Fatal Error] :1:1: Premature end of file.
2025-01-26 22:49:32,931 [ERROR] LogOutputStream:75 - [STDERR_REDIRECT] 
2025-01-26 22:49:33,928 [ERROR] LogOutputStream:75 - [STDERR_REDIRECT] [Fatal Error] :1:1: Premature end of file.
2025-01-26 22:49:33,928 [ERROR] LogOutputStream:75 - [STDERR_REDIRECT] 
2025-01-26 22:49:34,928 [ERROR] LogOutputStream:75 - [STDERR_REDIRECT] [Fatal Error] :1:1: Premature end of file.
2025-01-26 22:49:34,928 [ERROR] LogOutputStream:75 - [STDERR_REDIRECT] 
2025-01-26 22:49:35,927 [ERROR] LogOutputStream:75 - [STDERR_REDIRECT] [Fatal Error] :1:1: Premature end of file.
2025-01-26 22:49:35,927 [ERROR] LogOutputStream:75 - [STDERR_REDIRECT] 
2025-01-26 22:49:36,927 [ERROR] LogOutputStream:75 - [STDERR_REDIRECT] [Fatal Error] :1:1: Premature end of file.
2025-01-26 22:49:36,927 [ERROR] LogOutputStream:75 - [STDERR_REDIRECT] 
2025-01-26 22:49:37,935 [ERROR] LogOutputStream:75 - [STDERR_REDIRECT] [Fatal Error] :1:1: Premature end of file.
2025-01-26 22:49:37,935 [ERROR] LogOutputStream:75 - [STDERR_REDIRECT] 
2025-01-26 22:49:38,929 [ERROR] LogOutputStream:75 - [STDERR_REDIRECT] [Fatal Error] :1:1: Premature end of file.
2025-01-26 22:49:38,929 [ERROR] LogOutputStream:75 - [STDERR_REDIRECT] 
2025-01-26 22:49:39,929 [ERROR] LogOutputStream:75 - [STDERR_REDIRECT] [Fatal Error] :1:1: Premature end of file.
2025-01-26 22:49:39,929 [ERROR] LogOutputStream:75 - [STDERR_REDIRECT] 
2025-01-26 22:49:40,938 [ERROR] LogOutputStream:75 - [STDERR_REDIRECT] [Fatal Error] :1:1: Premature end of file.
2025-01-26 22:49:40,938 [ERROR] LogOutputStream:75 - [STDERR_REDIRECT] 
2025-01-26 22:49:41,930 [ERROR] LogOutputStream:75 - [STDERR_REDIRECT] [Fatal Error] :1:1: Premature end of file.
2025-01-26 22:49:41,930 [ERROR] LogOutputStream:75 - [STDERR_REDIRECT] 
2025-01-26 22:49:42,935 [ERROR] LogOutputStream:75 - [STDERR_REDIRECT] [Fatal Error] :1:1: Premature end of file.
2025-01-26 22:49:42,935 [ERROR] LogOutputStream:75 - [STDERR_REDIRECT] 
2025-01-26 22:49:43,931 [ERROR] LogOutputStream:75 - [STDERR_REDIRECT] [Fatal Error] :1:1: Premature end of file.
2025-01-26 22:49:43,931 [ERROR] LogOutputStream:75 - [STDERR_REDIRECT] 
2025-01-26 22:49:44,936 [ERROR] LogOutputStream:75 - [STDERR_REDIRECT] [Fatal Error] :1:1: Premature end of file.
2025-01-26 22:49:44,936 [ERROR] LogOutputStream:75 - [STDERR_REDIRECT] 
2025-01-26 22:49:45,930 [ERROR] LogOutputStream:75 - [STDERR_REDIRECT] [Fatal Error] :1:1: Premature end of file.
2025-01-26 22:49:45,932 [ERROR] LogOutputStream:75 - [STDERR_REDIRECT] 
2025-01-26 22:49:46,930 [ERROR] LogOutputStream:75 - [STDERR_REDIRECT] [Fatal Error] :1:1: Premature end of file.
2025-01-26 22:49:46,930 [ERROR] LogOutputStream:75 - [STDERR_REDIRECT] 
2025-01-26 22:49:47,933 [ERROR] LogOutputStream:75 - [STDERR_REDIRECT] [Fatal Error] :1:1: Premature end of file.
2025-01-26 22:49:47,934 [ERROR] LogOutputStream:75 - [STDERR_REDIRECT] 
2025-01-26 22:49:48,932 [ERROR] LogOutputStream:75 - [STDERR_REDIRECT] [Fatal Error] :1:1: Premature end of file.
2025-01-26 22:49:48,932 [ERROR] LogOutputStream:75 - [STDERR_REDIRECT] 
2025-01-26 22:49:49,923 [ERROR] LogOutputStream:75 - [STDERR_REDIRECT] [Fatal Error] :1:1: Premature end of file.
2025-01-26 22:49:49,923 [ERROR] LogOutputStream:75 - [STDERR_REDIRECT] 
2025-01-26 22:49:50,928 [ERROR] LogOutputStream:75 - [STDERR_REDIRECT] [Fatal Error] :1:1: Premature end of file.
2025-01-26 22:49:50,928 [ERROR] LogOutputStream:75 - [STDERR_REDIRECT] 
2025-01-26 22:49:51,933 [ERROR] LogOutputStream:75 - [STDERR_REDIRECT] [Fatal Error] :1:1: Premature end of file.
2025-01-26 22:49:51,933 [ERROR] LogOutputStream:75 - [STDERR_REDIRECT] 
2025-01-26 22:49:52,924 [ERROR] LogOutputStream:75 - [STDERR_REDIRECT] [Fatal Error] :1:1: Premature end of file.
2025-01-26 22:49:52,924 [ERROR] LogOutputStream:75 - [STDERR_REDIRECT] 
2025-01-26 22:49:53,930 [ERROR] LogOutputStream:75 - [STDERR_REDIRECT] [Fatal Error] :1:1: Premature end of file.
2025-01-26 22:49:53,930 [ERROR] LogOutputStream:75 - [STDERR_REDIRECT] 
2025-01-26 22:49:54,931 [ERROR] LogOutputStream:75 - [STDERR_REDIRECT] [Fatal Error] :1:1: Premature end of file.
2025-01-26 22:49:54,931 [ERROR] LogOutputStream:75 - [STDERR_REDIRECT] 
2025-01-26 22:49:55,933 [ERROR] LogOutputStream:75 - [STDERR_REDIRECT] [Fatal Error] :1:1: Premature end of file.
2025-01-26 22:49:55,933 [ERROR] LogOutputStream:75 - [STDERR_REDIRECT] 
2025-01-26 22:49:56,927 [ERROR] LogOutputStream:75 - [STDERR_REDIRECT] [Fatal Error] :1:1: Premature end of file.
2025-01-26 22:49:56,927 [ERROR] LogOutputStream:75 - [STDERR_REDIRECT] 
2025-01-26 22:49:57,926 [ERROR] LogOutputStream:75 - [STDERR_REDIRECT] [Fatal Error] :1:1: Premature end of file.
2025-01-26 22:49:57,926 [ERROR] LogOutputStream:75 - [STDERR_REDIRECT] 
2025-01-26 22:49:58,928 [ERROR] LogOutputStream:75 - [STDERR_REDIRECT] [Fatal Error] :1:1: Premature end of file.
2025-01-26 22:49:58,928 [ERROR] LogOutputStream:75 - [STDERR_REDIRECT] 
2025-01-26 22:49:59,928 [ERROR] LogOutputStream:75 - [STDERR_REDIRECT] [Fatal Error] :1:1: Premature end of file.
2025-01-26 22:49:59,928 [ERROR] LogOutputStream:75 - [STDERR_REDIRECT] 
2025-01-26 22:50:00,918 [ERROR] LogOutputStream:75 - [STDERR_REDIRECT] [Fatal Error] :1:1: Premature end of file.
2025-01-26 22:50:00,918 [ERROR] LogOutputStream:75 - [STDERR_REDIRECT] 
2025-01-26 22:50:01,933 [ERROR] LogOutputStream:75 - [STDERR_REDIRECT] [Fatal Error] :1:1: Premature end of file.
2025-01-26 22:50:01,933 [ERROR] LogOutputStream:75 - [STDERR_REDIRECT] 
2025-01-26 22:50:02,928 [ERROR] LogOutputStream:75 - [STDERR_REDIRECT] [Fatal Error] :1:1: Premature end of file.
2025-01-26 22:50:02,929 [ERROR] LogOutputStream:75 - [STDERR_REDIRECT] 
2025-01-26 22:50:03,931 [ERROR] LogOutputStream:75 - [STDERR_REDIRECT] [Fatal Error] :1:1: Premature end of file.
2025-01-26 22:50:03,931 [ERROR] LogOutputStream:75 - [STDERR_REDIRECT] 
2025-01-26 22:50:04,931 [ERROR] LogOutputStream:75 - [STDERR_REDIRECT] [Fatal Error] :1:1: Premature end of file.
2025-01-26 22:50:04,931 [ERROR] LogOutputStream:75 - [STDERR_REDIRECT] 
2025-01-26 22:50:05,927 [ERROR] LogOutputStream:75 - [STDERR_REDIRECT] [Fatal Error] :1:1: Premature end of file.
2025-01-26 22:50:05,927 [ERROR] LogOutputStream:75 - [STDERR_REDIRECT] 
2025-01-26 22:50:06,928 [ERROR] LogOutputStream:75 - [STDERR_REDIRECT] [Fatal Error] :1:1: Premature end of file.
2025-01-26 22:50:06,928 [ERROR] LogOutputStream:75 - [STDERR_REDIRECT] 
2025-01-26 22:50:07,934 [ERROR] LogOutputStream:75 - [STDERR_REDIRECT] [Fatal Error] :1:1: Premature end of file.
2025-01-26 22:50:07,934 [ERROR] LogOutputStream:75 - [STDERR_REDIRECT] 
2025-01-26 22:50:08,926 [ERROR] LogOutputStream:75 - [STDERR_REDIRECT] [Fatal Error] :1:1: Premature end of file.
2025-01-26 22:50:08,926 [ERROR] LogOutputStream:75 - [STDERR_REDIRECT] 
2025-01-26 22:50:09,941 [ERROR] LogOutputStream:75 - [STDERR_REDIRECT] [Fatal Error] :1:1: Premature end of file.
2025-01-26 22:50:09,941 [ERROR] LogOutputStream:75 - [STDERR_REDIRECT] 
2025-01-26 22:50:10,933 [ERROR] LogOutputStream:75 - [STDERR_REDIRECT] [Fatal Error] :1:1: Premature end of file.
2025-01-26 22:50:10,934 [ERROR] LogOutputStream:75 - [STDERR_REDIRECT] 
2025-01-26 22:50:11,931 [ERROR] LogOutputStream:75 - [STDERR_REDIRECT] [Fatal Error] :1:1: Premature end of file.
2025-01-26 22:50:11,931 [ERROR] LogOutputStream:75 - [STDERR_REDIRECT] 
2025-01-26 22:50:12,928 [ERROR] LogOutputStream:75 - [STDERR_REDIRECT] [Fatal Error] :1:1: Premature end of file.
2025-01-26 22:50:12,928 [ERROR] LogOutputStream:75 - [STDERR_REDIRECT] 
2025-01-26 22:50:13,931 [ERROR] LogOutputStream:75 - [STDERR_REDIRECT] [Fatal Error] :1:1: Premature end of file.
2025-01-26 22:50:13,931 [ERROR] LogOutputStream:75 - [STDERR_REDIRECT] 
2025-01-26 22:50:14,930 [ERROR] LogOutputStream:75 - [STDERR_REDIRECT] [Fatal Error] :1:1: Premature end of file.
2025-01-26 22:50:14,930 [ERROR] LogOutputStream:75 - [STDERR_REDIRECT] 
2025-01-26 22:50:15,934 [ERROR] LogOutputStream:75 - [STDERR_REDIRECT] [Fatal Error] :1:1: Premature end of file.
2025-01-26 22:50:15,934 [ERROR] LogOutputStream:75 - [STDERR_REDIRECT] 
2025-01-26 22:50:16,929 [ERROR] LogOutputStream:75 - [STDERR_REDIRECT] [Fatal Error] :1:1: Premature end of file.
2025-01-26 22:50:16,929 [ERROR] LogOutputStream:75 - [STDERR_REDIRECT] 
2025-01-26 22:50:17,919 [ERROR] LogOutputStream:75 - [STDERR_REDIRECT] [Fatal Error] :1:1: Premature end of file.
2025-01-26 22:50:17,919 [ERROR] LogOutputStream:75 - [STDERR_REDIRECT] 
2025-01-26 22:50:18,935 [ERROR] LogOutputStream:75 - [STDERR_REDIRECT] [Fatal Error] :1:1: Premature end of file.
2025-01-26 22:50:18,935 [ERROR] LogOutputStream:75 - [STDERR_REDIRECT] 
2025-01-26 22:50:19,926 [ERROR] LogOutputStream:75 - [STDERR_REDIRECT] [Fatal Error] :1:1: Premature end of file.
2025-01-26 22:50:19,926 [ERROR] LogOutputStream:75 - [STDERR_REDIRECT] 
2025-01-26 22:50:20,928 [ERROR] LogOutputStream:75 - [STDERR_REDIRECT] [Fatal Error] :1:1: Premature end of file.
2025-01-26 22:50:20,928 [ERROR] LogOutputStream:75 - [STDERR_REDIRECT] 
2025-01-26 22:50:21,933 [ERROR] LogOutputStream:75 - [STDERR_REDIRECT] [Fatal Error] :1:1: Premature end of file.
2025-01-26 22:50:21,933 [ERROR] LogOutputStream:75 - [STDERR_REDIRECT] 
2025-01-26 22:50:22,931 [ERROR] LogOutputStream:75 - [STDERR_REDIRECT] [Fatal Error] :1:1: Premature end of file.
2025-01-26 22:50:22,931 [ERROR] LogOutputStream:75 - [STDERR_REDIRECT] 
2025-01-26 22:50:23,927 [ERROR] LogOutputStream:75 - [STDERR_REDIRECT] [Fatal Error] :1:1: Premature end of file.
2025-01-26 22:50:23,927 [ERROR] LogOutputStream:75 - [STDERR_REDIRECT] 
2025-01-26 22:50:24,931 [ERROR] LogOutputStream:75 - [STDERR_REDIRECT] [Fatal Error] :1:1: Premature end of file.
2025-01-26 22:50:24,931 [ERROR] LogOutputStream:75 - [STDERR_REDIRECT] 
2025-01-26 22:50:25,934 [ERROR] LogOutputStream:75 - [STDERR_REDIRECT] [Fatal Error] :1:1: Premature end of file.
2025-01-26 22:50:25,934 [ERROR] LogOutputStream:75 - [STDERR_REDIRECT] 
2025-01-26 22:50:26,927 [ERROR] LogOutputStream:75 - [STDERR_REDIRECT] [Fatal Error] :1:1: Premature end of file.
2025-01-26 22:50:26,927 [ERROR] LogOutputStream:75 - [STDERR_REDIRECT] 
2025-01-26 22:50:27,941 [ERROR] LogOutputStream:75 - [STDERR_REDIRECT] [Fatal Error] :1:1: Premature end of file.
2025-01-26 22:50:27,941 [ERROR] LogOutputStream:75 - [STDERR_REDIRECT] 
2025-01-26 22:50:28,934 [ERROR] LogOutputStream:75 - [STDERR_REDIRECT] [Fatal Error] :1:1: Premature end of file.
2025-01-26 22:50:28,934 [ERROR] LogOutputStream:75 - [STDERR_REDIRECT] 
2025-01-26 22:50:29,933 [ERROR] LogOutputStream:75 - [STDERR_REDIRECT] [Fatal Error] :1:1: Premature end of file.
2025-01-26 22:50:29,935 [ERROR] LogOutputStream:75 - [STDERR_REDIRECT] 
2025-01-26 22:50:30,916 [ERROR] LogOutputStream:75 - [STDERR_REDIRECT] [Fatal Error] :1:1: Premature end of file.
2025-01-26 22:50:30,916 [ERROR] LogOutputStream:75 - [STDERR_REDIRECT] 
2025-01-26 22:50:31,931 [ERROR] LogOutputStream:75 - [STDERR_REDIRECT] [Fatal Error] :1:1: Premature end of file.
2025-01-26 22:50:31,931 [ERROR] LogOutputStream:75 - [STDERR_REDIRECT] 
2025-01-26 22:50:32,948 [ERROR] LogOutputStream:75 - [STDERR_REDIRECT] [Fatal Error] :1:1: Premature end of file.
2025-01-26 22:50:32,948 [ERROR] LogOutputStream:75 - [STDERR_REDIRECT] 
2025-01-26 22:50:33,943 [ERROR] LogOutputStream:75 - [STDERR_REDIRECT] [Fatal Error] :1:1: Premature end of file.
2025-01-26 22:50:33,944 [ERROR] LogOutputStream:75 - [STDERR_REDIRECT] 
2025-01-26 22:50:34,934 [ERROR] LogOutputStream:75 - [STDERR_REDIRECT] [Fatal Error] :1:1: Premature end of file.
2025-01-26 22:50:34,934 [ERROR] LogOutputStream:75 - [STDERR_REDIRECT] 
2025-01-26 22:50:35,931 [ERROR] LogOutputStream:75 - [STDERR_REDIRECT] [Fatal Error] :1:1: Premature end of file.
2025-01-26 22:50:35,933 [ERROR] LogOutputStream:75 - [STDERR_REDIRECT] 
2025-01-26 22:50:36,923 [ERROR] LogOutputStream:75 - [STDERR_REDIRECT] [Fatal Error] :1:1: Premature end of file.
2025-01-26 22:50:36,923 [ERROR] LogOutputStream:75 - [STDERR_REDIRECT] 
2025-01-26 22:50:37,928 [ERROR] LogOutputStream:75 - [STDERR_REDIRECT] [Fatal Error] :1:1: Premature end of file.
2025-01-26 22:50:37,928 [ERROR] LogOutputStream:75 - [STDERR_REDIRECT] 
2025-01-26 22:50:38,935 [ERROR] LogOutputStream:75 - [STDERR_REDIRECT] [Fatal Error] :1:1: Premature end of file.
2025-01-26 22:50:38,935 [ERROR] LogOutputStream:75 - [STDERR_REDIRECT] 
2025-01-26 22:50:39,931 [ERROR] LogOutputStream:75 - [STDERR_REDIRECT] [Fatal Error] :1:1: Premature end of file.
2025-01-26 22:50:39,931 [ERROR] LogOutputStream:75 - [STDERR_REDIRECT] 
2025-01-26 22:50:40,934 [ERROR] LogOutputStream:75 - [STDERR_REDIRECT] [Fatal Error] :1:1: Premature end of file.
2025-01-26 22:50:40,934 [ERROR] LogOutputStream:75 - [STDERR_REDIRECT] 
2025-01-26 22:50:41,931 [ERROR] LogOutputStream:75 - [STDERR_REDIRECT] [Fatal Error] :1:1: Premature end of file.
2025-01-26 22:50:41,931 [ERROR] LogOutputStream:75 - [STDERR_REDIRECT] 
2025-01-26 22:50:42,921 [ERROR] LogOutputStream:75 - [STDERR_REDIRECT] [Fatal Error] :1:1: Premature end of file.
2025-01-26 22:50:42,923 [ERROR] LogOutputStream:75 - [STDERR_REDIRECT] 
2025-01-26 22:50:43,931 [ERROR] LogOutputStream:75 - [STDERR_REDIRECT] [Fatal Error] :1:1: Premature end of file.
2025-01-26 22:50:43,931 [ERROR] LogOutputStream:75 - [STDERR_REDIRECT] 
2025-01-26 22:50:44,930 [ERROR] LogOutputStream:75 - [STDERR_REDIRECT] [Fatal Error] :1:1: Premature end of file.
2025-01-26 22:50:44,930 [ERROR] LogOutputStream:75 - [STDERR_REDIRECT] 
2025-01-26 22:50:45,927 [ERROR] LogOutputStream:75 - [STDERR_REDIRECT] [Fatal Error] :1:1: Premature end of file.
2025-01-26 22:50:45,927 [ERROR] LogOutputStream:75 - [STDERR_REDIRECT] 
2025-01-26 22:50:46,944 [ERROR] LogOutputStream:75 - [STDERR_REDIRECT] [Fatal Error] :1:1: Premature end of file.
2025-01-26 22:50:46,944 [ERROR] LogOutputStream:75 - [STDERR_REDIRECT] 
2025-01-26 22:50:47,929 [ERROR] LogOutputStream:75 - [STDERR_REDIRECT] [Fatal Error] :1:1: Premature end of file.
2025-01-26 22:50:47,929 [ERROR] LogOutputStream:75 - [STDERR_REDIRECT] 
2025-01-26 22:50:48,925 [ERROR] LogOutputStream:75 - [STDERR_REDIRECT] [Fatal Error] :1:1: Premature end of file.
2025-01-26 22:50:48,925 [ERROR] LogOutputStream:75 - [STDERR_REDIRECT] 
2025-01-26 22:50:49,934 [ERROR] LogOutputStream:75 - [STDERR_REDIRECT] [Fatal Error] :1:1: Premature end of file.
2025-01-26 22:50:49,934 [ERROR] LogOutputStream:75 - [STDERR_REDIRECT] 
2025-01-26 22:50:50,939 [ERROR] LogOutputStream:75 - [STDERR_REDIRECT] [Fatal Error] :1:1: Premature end of file.
2025-01-26 22:50:50,939 [ERROR] LogOutputStream:75 - [STDERR_REDIRECT] 
2025-01-26 22:50:51,928 [ERROR] LogOutputStream:75 - [STDERR_REDIRECT] [Fatal Error] :1:1: Premature end of file.
2025-01-26 22:50:51,928 [ERROR] LogOutputStream:75 - [STDERR_REDIRECT] 
2025-01-26 22:50:52,933 [ERROR] LogOutputStream:75 - [STDERR_REDIRECT] [Fatal Error] :1:1: Premature end of file.
2025-01-26 22:50:52,933 [ERROR] LogOutputStream:75 - [STDERR_REDIRECT] 
2025-01-26 22:50:53,935 [ERROR] LogOutputStream:75 - [STDERR_REDIRECT] [Fatal Error] :1:1: Premature end of file.
2025-01-26 22:50:53,935 [ERROR] LogOutputStream:75 - [STDERR_REDIRECT] 
2025-01-26 22:50:54,926 [ERROR] LogOutputStream:75 - [STDERR_REDIRECT] [Fatal Error] :1:1: Premature end of file.
2025-01-26 22:50:54,927 [ERROR] LogOutputStream:75 - [STDERR_REDIRECT] 
2025-01-26 22:50:55,939 [ERROR] LogOutputStream:75 - [STDERR_REDIRECT] [Fatal Error] :1:1: Premature end of file.
2025-01-26 22:50:55,939 [ERROR] LogOutputStream:75 - [STDERR_REDIRECT] 
2025-01-26 22:50:56,920 [ERROR] LogOutputStream:75 - [STDERR_REDIRECT] [Fatal Error] :1:1: Premature end of file.
2025-01-26 22:50:56,920 [ERROR] LogOutputStream:75 - [STDERR_REDIRECT] 
2025-01-26 22:50:57,926 [ERROR] LogOutputStream:75 - [STDERR_REDIRECT] [Fatal Error] :1:1: Premature end of file.
2025-01-26 22:50:57,926 [ERROR] LogOutputStream:75 - [STDERR_REDIRECT] 
2025-01-26 22:50:58,925 [ERROR] LogOutputStream:75 - [STDERR_REDIRECT] [Fatal Error] :1:1: Premature end of file.
2025-01-26 22:50:58,925 [ERROR] LogOutputStream:75 - [STDERR_REDIRECT] 
2025-01-26 22:50:59,929 [ERROR] LogOutputStream:75 - [STDERR_REDIRECT] [Fatal Error] :1:1: Premature end of file.
2025-01-26 22:50:59,929 [ERROR] LogOutputStream:75 - [STDERR_REDIRECT] 
2025-01-26 22:51:00,915 [ERROR] LogOutputStream:75 - [STDERR_REDIRECT] [Fatal Error] :1:1: Premature end of file.
2025-01-26 22:51:00,915 [ERROR] LogOutputStream:75 - [STDERR_REDIRECT] 
2025-01-26 22:51:01,930 [ERROR] LogOutputStream:75 - [STDERR_REDIRECT] [Fatal Error] :1:1: Premature end of file.
2025-01-26 22:51:01,930 [ERROR] LogOutputStream:75 - [STDERR_REDIRECT] 
2025-01-26 22:51:02,928 [ERROR] LogOutputStream:75 - [STDERR_REDIRECT] [Fatal Error] :1:1: Premature end of file.
2025-01-26 22:51:02,928 [ERROR] LogOutputStream:75 - [STDERR_REDIRECT] 
2025-01-26 22:51:03,931 [ERROR] LogOutputStream:75 - [STDERR_REDIRECT] [Fatal Error] :1:1: Premature end of file.
2025-01-26 22:51:03,931 [ERROR] LogOutputStream:75 - [STDERR_REDIRECT] 
2025-01-26 22:51:04,927 [ERROR] LogOutputStream:75 - [STDERR_REDIRECT] [Fatal Error] :1:1: Premature end of file.
2025-01-26 22:51:04,927 [ERROR] LogOutputStream:75 - [STDERR_REDIRECT] 
2025-01-26 22:51:05,930 [ERROR] LogOutputStream:75 - [STDERR_REDIRECT] [Fatal Error] :1:1: Premature end of file.
2025-01-26 22:51:05,930 [ERROR] LogOutputStream:75 - [STDERR_REDIRECT] 
2025-01-26 22:51:06,927 [ERROR] LogOutputStream:75 - [STDERR_REDIRECT] [Fatal Error] :1:1: Premature end of file.
2025-01-26 22:51:06,928 [ERROR] LogOutputStream:75 - [STDERR_REDIRECT] 
2025-01-26 22:51:07,926 [ERROR] LogOutputStream:75 - [STDERR_REDIRECT] [Fatal Error] :1:1: Premature end of file.
2025-01-26 22:51:07,926 [ERROR] LogOutputStream:75 - [STDERR_REDIRECT] 
2025-01-26 22:51:08,925 [ERROR] LogOutputStream:75 - [STDERR_REDIRECT] [Fatal Error] :1:1: Premature end of file.
2025-01-26 22:51:08,925 [ERROR] LogOutputStream:75 - [STDERR_REDIRECT] 
2025-01-26 22:51:09,925 [ERROR] LogOutputStream:75 - [STDERR_REDIRECT] [Fatal Error] :1:1: Premature end of file.
2025-01-26 22:51:09,925 [ERROR] LogOutputStream:75 - [STDERR_REDIRECT] 
2025-01-26 22:51:10,930 [ERROR] LogOutputStream:75 - [STDERR_REDIRECT] [Fatal Error] :1:1: Premature end of file.
2025-01-26 22:51:10,930 [ERROR] LogOutputStream:75 - [STDERR_REDIRECT] 
2025-01-26 22:51:11,932 [ERROR] LogOutputStream:75 - [STDERR_REDIRECT] [Fatal Error] :1:1: Premature end of file.
2025-01-26 22:51:11,932 [ERROR] LogOutputStream:75 - [STDERR_REDIRECT] 
2025-01-26 22:51:12,931 [ERROR] LogOutputStream:75 - [STDERR_REDIRECT] [Fatal Error] :1:1: Premature end of file.
2025-01-26 22:51:12,931 [ERROR] LogOutputStream:75 - [STDERR_REDIRECT] 
2025-01-26 22:51:13,930 [ERROR] LogOutputStream:75 - [STDERR_REDIRECT] [Fatal Error] :1:1: Premature end of file.
2025-01-26 22:51:13,930 [ERROR] LogOutputStream:75 - [STDERR_REDIRECT] 
2025-01-26 22:51:14,930 [ERROR] LogOutputStream:75 - [STDERR_REDIRECT] [Fatal Error] :1:1: Premature end of file.
2025-01-26 22:51:14,930 [ERROR] LogOutputStream:75 - [STDERR_REDIRECT] 
2025-01-26 22:51:15,934 [ERROR] LogOutputStream:75 - [STDERR_REDIRECT] [Fatal Error] :1:1: Premature end of file.
2025-01-26 22:51:15,934 [ERROR] LogOutputStream:75 - [STDERR_REDIRECT] 
2025-01-26 22:51:16,931 [ERROR] LogOutputStream:75 - [STDERR_REDIRECT] [Fatal Error] :1:1: Premature end of file.
2025-01-26 22:51:16,931 [ERROR] LogOutputStream:75 - [STDERR_REDIRECT] 
2025-01-26 22:51:17,927 [ERROR] LogOutputStream:75 - [STDERR_REDIRECT] [Fatal Error] :1:1: Premature end of file.
2025-01-26 22:51:17,927 [ERROR] LogOutputStream:75 - [STDERR_REDIRECT] 
2025-01-26 22:51:18,930 [ERROR] LogOutputStream:75 - [STDERR_REDIRECT] [Fatal Error] :1:1: Premature end of file.
2025-01-26 22:51:18,930 [ERROR] LogOutputStream:75 - [STDERR_REDIRECT] 
2025-01-26 22:51:19,926 [ERROR] LogOutputStream:75 - [STDERR_REDIRECT] [Fatal Error] :1:1: Premature end of file.
2025-01-26 22:51:19,926 [ERROR] LogOutputStream:75 - [STDERR_REDIRECT] 
2025-01-26 22:51:20,921 [ERROR] LogOutputStream:75 - [STDERR_REDIRECT] [Fatal Error] :1:1: Premature end of file.
2025-01-26 22:51:20,921 [ERROR] LogOutputStream:75 - [STDERR_REDIRECT] 
2025-01-26 22:51:21,929 [ERROR] LogOutputStream:75 - [STDERR_REDIRECT] [Fatal Error] :1:1: Premature end of file.
2025-01-26 22:51:21,929 [ERROR] LogOutputStream:75 - [STDERR_REDIRECT] 
2025-01-26 22:51:22,937 [ERROR] LogOutputStream:75 - [STDERR_REDIRECT] [Fatal Error] :1:1: Premature end of file.
2025-01-26 22:51:22,937 [ERROR] LogOutputStream:75 - [STDERR_REDIRECT] 
2025-01-26 22:51:23,930 [ERROR] LogOutputStream:75 - [STDERR_REDIRECT] [Fatal Error] :1:1: Premature end of file.
2025-01-26 22:51:23,930 [ERROR] LogOutputStream:75 - [STDERR_REDIRECT] 
2025-01-26 22:51:24,934 [ERROR] LogOutputStream:75 - [STDERR_REDIRECT] [Fatal Error] :1:1: Premature end of file.
2025-01-26 22:51:24,934 [ERROR] LogOutputStream:75 - [STDERR_REDIRECT] 
2025-01-26 22:51:25,942 [ERROR] LogOutputStream:75 - [STDERR_REDIRECT] [Fatal Error] :1:1: Premature end of file.
2025-01-26 22:51:25,942 [ERROR] LogOutputStream:75 - [STDERR_REDIRECT] 
2025-01-26 22:51:26,933 [ERROR] LogOutputStream:75 - [STDERR_REDIRECT] [Fatal Error] :1:1: Premature end of file.
2025-01-26 22:51:26,933 [ERROR] LogOutputStream:75 - [STDERR_REDIRECT] 
2025-01-26 22:51:27,934 [ERROR] LogOutputStream:75 - [STDERR_REDIRECT] [Fatal Error] :1:1: Premature end of file.
2025-01-26 22:51:27,934 [ERROR] LogOutputStream:75 - [STDERR_REDIRECT] 
2025-01-26 22:51:28,919 [ERROR] LogOutputStream:75 - [STDERR_REDIRECT] [Fatal Error] :1:1: Premature end of file.
2025-01-26 22:51:28,919 [ERROR] LogOutputStream:75 - [STDERR_REDIRECT] 
2025-01-26 22:51:29,925 [ERROR] LogOutputStream:75 - [STDERR_REDIRECT] [Fatal Error] :1:1: Premature end of file.
2025-01-26 22:51:29,925 [ERROR] LogOutputStream:75 - [STDERR_REDIRECT] 
2025-01-26 22:51:30,937 [ERROR] LogOutputStream:75 - [STDERR_REDIRECT] [Fatal Error] :1:1: Premature end of file.
2025-01-26 22:51:30,937 [ERROR] LogOutputStream:75 - [STDERR_REDIRECT] 
2025-01-26 22:51:31,931 [ERROR] LogOutputStream:75 - [STDERR_REDIRECT] [Fatal Error] :1:1: Premature end of file.
2025-01-26 22:51:31,931 [ERROR] LogOutputStream:75 - [STDERR_REDIRECT] 
2025-01-26 22:51:32,917 [ERROR] LogOutputStream:75 - [STDERR_REDIRECT] [Fatal Error] :1:1: Premature end of file.
2025-01-26 22:51:32,917 [ERROR] LogOutputStream:75 - [STDERR_REDIRECT] 
2025-01-26 22:51:33,929 [ERROR] LogOutputStream:75 - [STDERR_REDIRECT] [Fatal Error] :1:1: Premature end of file.
2025-01-26 22:51:33,930 [ERROR] LogOutputStream:75 - [STDERR_REDIRECT] 
2025-01-26 22:51:34,919 [ERROR] LogOutputStream:75 - [STDERR_REDIRECT] [Fatal Error] :1:1: Premature end of file.
2025-01-26 22:51:34,919 [ERROR] LogOutputStream:75 - [STDERR_REDIRECT] 
2025-01-26 22:51:35,925 [ERROR] LogOutputStream:75 - [STDERR_REDIRECT] [Fatal Error] :1:1: Premature end of file.
2025-01-26 22:51:35,925 [ERROR] LogOutputStream:75 - [STDERR_REDIRECT] 
2025-01-26 22:51:36,927 [ERROR] LogOutputStream:75 - [STDERR_REDIRECT] [Fatal Error] :1:1: Premature end of file.
2025-01-26 22:51:36,927 [ERROR] LogOutputStream:75 - [STDERR_REDIRECT] 
2025-01-26 22:51:37,917 [ERROR] LogOutputStream:75 - [STDERR_REDIRECT] [Fatal Error] :1:1: Premature end of file.
2025-01-26 22:51:37,917 [ERROR] LogOutputStream:75 - [STDERR_REDIRECT] 
2025-01-26 22:51:38,922 [ERROR] LogOutputStream:75 - [STDERR_REDIRECT] [Fatal Error] :1:1: Premature end of file.
2025-01-26 22:51:38,922 [ERROR] LogOutputStream:75 - [STDERR_REDIRECT] 
2025-01-26 22:51:39,924 [ERROR] LogOutputStream:75 - [STDERR_REDIRECT] [Fatal Error] :1:1: Premature end of file.
2025-01-26 22:51:39,924 [ERROR] LogOutputStream:75 - [STDERR_REDIRECT] 
2025-01-26 22:51:40,938 [ERROR] LogOutputStream:75 - [STDERR_REDIRECT] [Fatal Error] :1:1: Premature end of file.
2025-01-26 22:51:40,938 [ERROR] LogOutputStream:75 - [STDERR_REDIRECT] 
2025-01-26 22:51:41,920 [ERROR] LogOutputStream:75 - [STDERR_REDIRECT] [Fatal Error] :1:1: Premature end of file.
2025-01-26 22:51:41,920 [ERROR] LogOutputStream:75 - [STDERR_REDIRECT] 
2025-01-26 22:51:42,918 [ERROR] LogOutputStream:75 - [STDERR_REDIRECT] [Fatal Error] :1:1: Premature end of file.
2025-01-26 22:51:42,918 [ERROR] LogOutputStream:75 - [STDERR_REDIRECT] 
2025-01-26 22:51:43,929 [ERROR] LogOutputStream:75 - [STDERR_REDIRECT] [Fatal Error] :1:1: Premature end of file.
2025-01-26 22:51:43,929 [ERROR] LogOutputStream:75 - [STDERR_REDIRECT] 
2025-01-26 22:51:44,935 [ERROR] LogOutputStream:75 - [STDERR_REDIRECT] [Fatal Error] :1:1: Premature end of file.
2025-01-26 22:51:44,935 [ERROR] LogOutputStream:75 - [STDERR_REDIRECT] 
2025-01-26 22:51:45,930 [ERROR] LogOutputStream:75 - [STDERR_REDIRECT] [Fatal Error] :1:1: Premature end of file.
2025-01-26 22:51:45,930 [ERROR] LogOutputStream:75 - [STDERR_REDIRECT] 
2025-01-26 22:51:46,926 [ERROR] LogOutputStream:75 - [STDERR_REDIRECT] [Fatal Error] :1:1: Premature end of file.
2025-01-26 22:51:46,926 [ERROR] LogOutputStream:75 - [STDERR_REDIRECT] 
2025-01-26 22:51:47,936 [ERROR] LogOutputStream:75 - [STDERR_REDIRECT] [Fatal Error] :1:1: Premature end of file.
2025-01-26 22:51:47,936 [ERROR] LogOutputStream:75 - [STDERR_REDIRECT] 
2025-01-26 22:51:48,921 [ERROR] LogOutputStream:75 - [STDERR_REDIRECT] [Fatal Error] :1:1: Premature end of file.
2025-01-26 22:51:48,921 [ERROR] LogOutputStream:75 - [STDERR_REDIRECT] 
2025-01-26 22:51:49,933 [ERROR] LogOutputStream:75 - [STDERR_REDIRECT] [Fatal Error] :1:1: Premature end of file.
2025-01-26 22:51:49,933 [ERROR] LogOutputStream:75 - [STDERR_REDIRECT] 
2025-01-26 22:51:50,931 [ERROR] LogOutputStream:75 - [STDERR_REDIRECT] [Fatal Error] :1:1: Premature end of file.
2025-01-26 22:51:50,931 [ERROR] LogOutputStream:75 - [STDERR_REDIRECT] 
2025-01-26 22:51:51,924 [ERROR] LogOutputStream:75 - [STDERR_REDIRECT] [Fatal Error] :1:1: Premature end of file.
2025-01-26 22:51:51,924 [ERROR] LogOutputStream:75 - [STDERR_REDIRECT] 
2025-01-26 22:51:52,931 [ERROR] LogOutputStream:75 - [STDERR_REDIRECT] [Fatal Error] :1:1: Premature end of file.
2025-01-26 22:51:52,931 [ERROR] LogOutputStream:75 - [STDERR_REDIRECT] 
2025-01-26 22:51:53,926 [ERROR] LogOutputStream:75 - [STDERR_REDIRECT] [Fatal Error] :1:1: Premature end of file.
2025-01-26 22:51:53,926 [ERROR] LogOutputStream:75 - [STDERR_REDIRECT] 
2025-01-26 22:51:54,933 [ERROR] LogOutputStream:75 - [STDERR_REDIRECT] [Fatal Error] :1:1: Premature end of file.
2025-01-26 22:51:54,933 [ERROR] LogOutputStream:75 - [STDERR_REDIRECT] 
2025-01-26 22:51:55,930 [ERROR] LogOutputStream:75 - [STDERR_REDIRECT] [Fatal Error] :1:1: Premature end of file.
2025-01-26 22:51:55,930 [ERROR] LogOutputStream:75 - [STDERR_REDIRECT] 
2025-01-26 22:51:56,929 [ERROR] LogOutputStream:75 - [STDERR_REDIRECT] [Fatal Error] :1:1: Premature end of file.
2025-01-26 22:51:56,929 [ERROR] LogOutputStream:75 - [STDERR_REDIRECT] 
2025-01-26 22:51:57,927 [ERROR] LogOutputStream:75 - [STDERR_REDIRECT] [Fatal Error] :1:1: Premature end of file.
2025-01-26 22:51:57,927 [ERROR] LogOutputStream:75 - [STDERR_REDIRECT] 
2025-01-26 22:51:58,932 [ERROR] LogOutputStream:75 - [STDERR_REDIRECT] [Fatal Error] :1:1: Premature end of file.
2025-01-26 22:51:58,932 [ERROR] LogOutputStream:75 - [STDERR_REDIRECT] 
2025-01-26 22:51:59,931 [ERROR] LogOutputStream:75 - [STDERR_REDIRECT] [Fatal Error] :1:1: Premature end of file.
2025-01-26 22:51:59,933 [ERROR] LogOutputStream:75 - [STDERR_REDIRECT] 
2025-01-26 22:52:00,932 [ERROR] LogOutputStream:75 - [STDERR_REDIRECT] [Fatal Error] :1:1: Premature end of file.
2025-01-26 22:52:00,932 [ERROR] LogOutputStream:75 - [STDERR_REDIRECT] 
2025-01-26 22:52:01,928 [ERROR] LogOutputStream:75 - [STDERR_REDIRECT] [Fatal Error] :1:1: Premature end of file.
2025-01-26 22:52:01,928 [ERROR] LogOutputStream:75 - [STDERR_REDIRECT] 
2025-01-26 22:52:02,930 [ERROR] LogOutputStream:75 - [STDERR_REDIRECT] [Fatal Error] :1:1: Premature end of file.
2025-01-26 22:52:02,930 [ERROR] LogOutputStream:75 - [STDERR_REDIRECT] 
2025-01-26 22:52:03,928 [ERROR] LogOutputStream:75 - [STDERR_REDIRECT] [Fatal Error] :1:1: Premature end of file.
2025-01-26 22:52:03,928 [ERROR] LogOutputStream:75 - [STDERR_REDIRECT] 
2025-01-26 22:52:04,929 [ERROR] LogOutputStream:75 - [STDERR_REDIRECT] [Fatal Error] :1:1: Premature end of file.
2025-01-26 22:52:04,929 [ERROR] LogOutputStream:75 - [STDERR_REDIRECT] 
2025-01-26 22:52:05,924 [ERROR] LogOutputStream:75 - [STDERR_REDIRECT] [Fatal Error] :1:1: Premature end of file.
2025-01-26 22:52:05,924 [ERROR] LogOutputStream:75 - [STDERR_REDIRECT] 
2025-01-26 22:52:06,933 [ERROR] LogOutputStream:75 - [STDERR_REDIRECT] [Fatal Error] :1:1: Premature end of file.
2025-01-26 22:52:06,933 [ERROR] LogOutputStream:75 - [STDERR_REDIRECT] 
2025-01-26 22:52:07,925 [ERROR] LogOutputStream:75 - [STDERR_REDIRECT] [Fatal Error] :1:1: Premature end of file.
2025-01-26 22:52:07,925 [ERROR] LogOutputStream:75 - [STDERR_REDIRECT] 
2025-01-26 22:52:08,927 [ERROR] LogOutputStream:75 - [STDERR_REDIRECT] [Fatal Error] :1:1: Premature end of file.
2025-01-26 22:52:08,927 [ERROR] LogOutputStream:75 - [STDERR_REDIRECT] 
2025-01-26 22:52:09,929 [ERROR] LogOutputStream:75 - [STDERR_REDIRECT] [Fatal Error] :1:1: Premature end of file.
2025-01-26 22:52:09,929 [ERROR] LogOutputStream:75 - [STDERR_REDIRECT] 
2025-01-26 22:52:10,928 [ERROR] LogOutputStream:75 - [STDERR_REDIRECT] [Fatal Error] :1:1: Premature end of file.
2025-01-26 22:52:10,928 [ERROR] LogOutputStream:75 - [STDERR_REDIRECT] 
2025-01-26 22:52:11,921 [ERROR] LogOutputStream:75 - [STDERR_REDIRECT] [Fatal Error] :1:1: Premature end of file.
2025-01-26 22:52:11,921 [ERROR] LogOutputStream:75 - [STDERR_REDIRECT] 
2025-01-26 22:52:12,930 [ERROR] LogOutputStream:75 - [STDERR_REDIRECT] [Fatal Error] :1:1: Premature end of file.
2025-01-26 22:52:12,930 [ERROR] LogOutputStream:75 - [STDERR_REDIRECT] 
2025-01-26 22:52:13,927 [ERROR] LogOutputStream:75 - [STDERR_REDIRECT] [Fatal Error] :1:1: Premature end of file.
2025-01-26 22:52:13,927 [ERROR] LogOutputStream:75 - [STDERR_REDIRECT] 
2025-01-26 22:52:14,927 [ERROR] LogOutputStream:75 - [STDERR_REDIRECT] [Fatal Error] :1:1: Premature end of file.
2025-01-26 22:52:14,927 [ERROR] LogOutputStream:75 - [STDERR_REDIRECT] 
2025-01-26 22:52:15,936 [ERROR] LogOutputStream:75 - [STDERR_REDIRECT] [Fatal Error] :1:1: Premature end of file.
2025-01-26 22:52:15,936 [ERROR] LogOutputStream:75 - [STDERR_REDIRECT] 
2025-01-26 22:52:16,932 [ERROR] LogOutputStream:75 - [STDERR_REDIRECT] [Fatal Error] :1:1: Premature end of file.
2025-01-26 22:52:16,932 [ERROR] LogOutputStream:75 - [STDERR_REDIRECT] 
2025-01-26 22:52:17,926 [ERROR] LogOutputStream:75 - [STDERR_REDIRECT] [Fatal Error] :1:1: Premature end of file.
2025-01-26 22:52:17,926 [ERROR] LogOutputStream:75 - [STDERR_REDIRECT] 
2025-01-26 22:52:18,932 [ERROR] LogOutputStream:75 - [STDERR_REDIRECT] [Fatal Error] :1:1: Premature end of file.
2025-01-26 22:52:18,932 [ERROR] LogOutputStream:75 - [STDERR_REDIRECT] 
2025-01-26 22:52:19,929 [ERROR] LogOutputStream:75 - [STDERR_REDIRECT] [Fatal Error] :1:1: Premature end of file.
2025-01-26 22:52:19,929 [ERROR] LogOutputStream:75 - [STDERR_REDIRECT] 
2025-01-26 22:52:20,935 [ERROR] LogOutputStream:75 - [STDERR_REDIRECT] [Fatal Error] :1:1: Premature end of file.
2025-01-26 22:52:20,935 [ERROR] LogOutputStream:75 - [STDERR_REDIRECT] 
2025-01-26 22:52:21,926 [ERROR] LogOutputStream:75 - [STDERR_REDIRECT] [Fatal Error] :1:1: Premature end of file.
2025-01-26 22:52:21,926 [ERROR] LogOutputStream:75 - [STDERR_REDIRECT] 
2025-01-26 22:52:22,929 [ERROR] LogOutputStream:75 - [STDERR_REDIRECT] [Fatal Error] :1:1: Premature end of file.
2025-01-26 22:52:22,929 [ERROR] LogOutputStream:75 - [STDERR_REDIRECT] 
2025-01-26 22:52:23,920 [ERROR] LogOutputStream:75 - [STDERR_REDIRECT] [Fatal Error] :1:1: Premature end of file.
2025-01-26 22:52:23,920 [ERROR] LogOutputStream:75 - [STDERR_REDIRECT] 
2025-01-26 22:52:24,918 [ERROR] LogOutputStream:75 - [STDERR_REDIRECT] [Fatal Error] :1:1: Premature end of file.
2025-01-26 22:52:24,918 [ERROR] LogOutputStream:75 - [STDERR_REDIRECT] 
2025-01-26 22:52:25,931 [ERROR] LogOutputStream:75 - [STDERR_REDIRECT] [Fatal Error] :1:1: Premature end of file.
2025-01-26 22:52:25,931 [ERROR] LogOutputStream:75 - [STDERR_REDIRECT] 
2025-01-26 22:52:26,960 [ERROR] LogOutputStream:75 - [STDERR_REDIRECT] [Fatal Error] :1:1: Premature end of file.
2025-01-26 22:52:26,960 [ERROR] LogOutputStream:75 - [STDERR_REDIRECT] 
2025-01-26 22:52:27,924 [ERROR] LogOutputStream:75 - [STDERR_REDIRECT] [Fatal Error] :1:1: Premature end of file.
2025-01-26 22:52:27,924 [ERROR] LogOutputStream:75 - [STDERR_REDIRECT] 
2025-01-26 22:52:28,928 [ERROR] LogOutputStream:75 - [STDERR_REDIRECT] [Fatal Error] :1:1: Premature end of file.
2025-01-26 22:52:28,928 [ERROR] LogOutputStream:75 - [STDERR_REDIRECT] 
2025-01-26 22:52:29,931 [ERROR] LogOutputStream:75 - [STDERR_REDIRECT] [Fatal Error] :1:1: Premature end of file.
2025-01-26 22:52:29,931 [ERROR] LogOutputStream:75 - [STDERR_REDIRECT] 
2025-01-26 22:52:30,930 [ERROR] LogOutputStream:75 - [STDERR_REDIRECT] [Fatal Error] :1:1: Premature end of file.
2025-01-26 22:52:30,930 [ERROR] LogOutputStream:75 - [STDERR_REDIRECT] 
2025-01-26 22:52:31,938 [ERROR] LogOutputStream:75 - [STDERR_REDIRECT] [Fatal Error] :1:1: Premature end of file.
2025-01-26 22:52:31,938 [ERROR] LogOutputStream:75 - [STDERR_REDIRECT] 
2025-01-26 22:52:32,935 [ERROR] LogOutputStream:75 - [STDERR_REDIRECT] [Fatal Error] :1:1: Premature end of file.
2025-01-26 22:52:32,935 [ERROR] LogOutputStream:75 - [STDERR_REDIRECT] 
2025-01-26 22:52:33,929 [ERROR] LogOutputStream:75 - [STDERR_REDIRECT] [Fatal Error] :1:1: Premature end of file.
2025-01-26 22:52:33,929 [ERROR] LogOutputStream:75 - [STDERR_REDIRECT] 
2025-01-26 22:52:34,920 [ERROR] LogOutputStream:75 - [STDERR_REDIRECT] [Fatal Error] :1:1: Premature end of file.
2025-01-26 22:52:34,920 [ERROR] LogOutputStream:75 - [STDERR_REDIRECT] 
2025-01-26 22:52:35,927 [ERROR] LogOutputStream:75 - [STDERR_REDIRECT] [Fatal Error] :1:1: Premature end of file.
2025-01-26 22:52:35,927 [ERROR] LogOutputStream:75 - [STDERR_REDIRECT] 
2025-01-26 22:52:36,931 [ERROR] LogOutputStream:75 - [STDERR_REDIRECT] [Fatal Error] :1:1: Premature end of file.
2025-01-26 22:52:36,931 [ERROR] LogOutputStream:75 - [STDERR_REDIRECT] 
2025-01-26 22:52:37,935 [ERROR] LogOutputStream:75 - [STDERR_REDIRECT] [Fatal Error] :1:1: Premature end of file.
2025-01-26 22:52:37,935 [ERROR] LogOutputStream:75 - [STDERR_REDIRECT] 
2025-01-26 22:52:38,944 [ERROR] LogOutputStream:75 - [STDERR_REDIRECT] [Fatal Error] :1:1: Premature end of file.
2025-01-26 22:52:38,944 [ERROR] LogOutputStream:75 - [STDERR_REDIRECT] 
2025-01-26 22:52:39,930 [ERROR] LogOutputStream:75 - [STDERR_REDIRECT] [Fatal Error] :1:1: Premature end of file.
2025-01-26 22:52:39,930 [ERROR] LogOutputStream:75 - [STDERR_REDIRECT] 
2025-01-26 22:52:40,917 [ERROR] LogOutputStream:75 - [STDERR_REDIRECT] [Fatal Error] :1:1: Premature end of file.
2025-01-26 22:52:40,917 [ERROR] LogOutputStream:75 - [STDERR_REDIRECT] 
2025-01-26 22:52:41,925 [ERROR] LogOutputStream:75 - [STDERR_REDIRECT] [Fatal Error] :1:1: Premature end of file.
2025-01-26 22:52:41,927 [ERROR] LogOutputStream:75 - [STDERR_REDIRECT] 
2025-01-26 22:52:42,937 [ERROR] LogOutputStream:75 - [STDERR_REDIRECT] [Fatal Error] :1:1: Premature end of file.
2025-01-26 22:52:42,938 [ERROR] LogOutputStream:75 - [STDERR_REDIRECT] 
2025-01-26 22:52:43,920 [ERROR] LogOutputStream:75 - [STDERR_REDIRECT] [Fatal Error] :1:1: Premature end of file.
2025-01-26 22:52:43,920 [ERROR] LogOutputStream:75 - [STDERR_REDIRECT] 
2025-01-26 22:52:44,938 [ERROR] LogOutputStream:75 - [STDERR_REDIRECT] [Fatal Error] :1:1: Premature end of file.
2025-01-26 22:52:44,938 [ERROR] LogOutputStream:75 - [STDERR_REDIRECT] 
2025-01-26 22:52:45,928 [ERROR] LogOutputStream:75 - [STDERR_REDIRECT] [Fatal Error] :1:1: Premature end of file.
2025-01-26 22:52:45,928 [ERROR] LogOutputStream:75 - [STDERR_REDIRECT] 
2025-01-26 22:52:46,936 [ERROR] LogOutputStream:75 - [STDERR_REDIRECT] [Fatal Error] :1:1: Premature end of file.
2025-01-26 22:52:46,937 [ERROR] LogOutputStream:75 - [STDERR_REDIRECT] 
2025-01-26 22:52:47,936 [ERROR] LogOutputStream:75 - [STDERR_REDIRECT] [Fatal Error] :1:1: Premature end of file.
2025-01-26 22:52:47,936 [ERROR] LogOutputStream:75 - [STDERR_REDIRECT] 
2025-01-26 22:52:48,940 [ERROR] LogOutputStream:75 - [STDERR_REDIRECT] [Fatal Error] :1:1: Premature end of file.
2025-01-26 22:52:48,940 [ERROR] LogOutputStream:75 - [STDERR_REDIRECT] 
2025-01-26 22:52:49,933 [ERROR] LogOutputStream:75 - [STDERR_REDIRECT] [Fatal Error] :1:1: Premature end of file.
2025-01-26 22:52:49,933 [ERROR] LogOutputStream:75 - [STDERR_REDIRECT] 
2025-01-26 22:52:50,940 [ERROR] LogOutputStream:75 - [STDERR_REDIRECT] [Fatal Error] :1:1: Premature end of file.
2025-01-26 22:52:50,940 [ERROR] LogOutputStream:75 - [STDERR_REDIRECT] 
2025-01-26 22:52:51,923 [ERROR] LogOutputStream:75 - [STDERR_REDIRECT] [Fatal Error] :1:1: Premature end of file.
2025-01-26 22:52:51,923 [ERROR] LogOutputStream:75 - [STDERR_REDIRECT] 
2025-01-26 22:52:52,938 [ERROR] LogOutputStream:75 - [STDERR_REDIRECT] [Fatal Error] :1:1: Premature end of file.
2025-01-26 22:52:52,938 [ERROR] LogOutputStream:75 - [STDERR_REDIRECT] 
2025-01-26 22:52:53,929 [ERROR] LogOutputStream:75 - [STDERR_REDIRECT] [Fatal Error] :1:1: Premature end of file.
2025-01-26 22:52:53,929 [ERROR] LogOutputStream:75 - [STDERR_REDIRECT] 
2025-01-26 22:52:54,935 [ERROR] LogOutputStream:75 - [STDERR_REDIRECT] [Fatal Error] :1:1: Premature end of file.
2025-01-26 22:52:54,935 [ERROR] LogOutputStream:75 - [STDERR_REDIRECT] 
2025-01-26 22:52:55,941 [ERROR] LogOutputStream:75 - [STDERR_REDIRECT] [Fatal Error] :1:1: Premature end of file.
2025-01-26 22:52:55,941 [ERROR] LogOutputStream:75 - [STDERR_REDIRECT] 
2025-01-26 22:52:56,928 [ERROR] LogOutputStream:75 - [STDERR_REDIRECT] [Fatal Error] :1:1: Premature end of file.
2025-01-26 22:52:56,928 [ERROR] LogOutputStream:75 - [STDERR_REDIRECT] 
2025-01-26 22:52:57,937 [ERROR] LogOutputStream:75 - [STDERR_REDIRECT] [Fatal Error] :1:1: Premature end of file.
2025-01-26 22:52:57,937 [ERROR] LogOutputStream:75 - [STDERR_REDIRECT] 
2025-01-26 22:52:58,936 [ERROR] LogOutputStream:75 - [STDERR_REDIRECT] [Fatal Error] :1:1: Premature end of file.
2025-01-26 22:52:58,936 [ERROR] LogOutputStream:75 - [STDERR_REDIRECT] 
2025-01-26 22:52:59,930 [ERROR] LogOutputStream:75 - [STDERR_REDIRECT] [Fatal Error] :1:1: Premature end of file.
2025-01-26 22:52:59,930 [ERROR] LogOutputStream:75 - [STDERR_REDIRECT] 
2025-01-26 22:53:00,934 [ERROR] LogOutputStream:75 - [STDERR_REDIRECT] [Fatal Error] :1:1: Premature end of file.
2025-01-26 22:53:00,934 [ERROR] LogOutputStream:75 - [STDERR_REDIRECT] 
2025-01-26 22:53:01,932 [ERROR] LogOutputStream:75 - [STDERR_REDIRECT] [Fatal Error] :1:1: Premature end of file.
2025-01-26 22:53:01,932 [ERROR] LogOutputStream:75 - [STDERR_REDIRECT] 
2025-01-26 22:53:02,928 [ERROR] LogOutputStream:75 - [STDERR_REDIRECT] [Fatal Error] :1:1: Premature end of file.
2025-01-26 22:53:02,928 [ERROR] LogOutputStream:75 - [STDERR_REDIRECT] 
2025-01-26 22:53:03,942 [ERROR] LogOutputStream:75 - [STDERR_REDIRECT] [Fatal Error] :1:1: Premature end of file.
2025-01-26 22:53:03,943 [ERROR] LogOutputStream:75 - [STDERR_REDIRECT] 
2025-01-26 22:53:04,935 [ERROR] LogOutputStream:75 - [STDERR_REDIRECT] [Fatal Error] :1:1: Premature end of file.
2025-01-26 22:53:04,935 [ERROR] LogOutputStream:75 - [STDERR_REDIRECT] 
2025-01-26 22:53:05,933 [ERROR] LogOutputStream:75 - [STDERR_REDIRECT] [Fatal Error] :1:1: Premature end of file.
2025-01-26 22:53:05,933 [ERROR] LogOutputStream:75 - [STDERR_REDIRECT] 
2025-01-26 22:53:06,939 [ERROR] LogOutputStream:75 - [STDERR_REDIRECT] [Fatal Error] :1:1: Premature end of file.
2025-01-26 22:53:06,939 [ERROR] LogOutputStream:75 - [STDERR_REDIRECT] 
2025-01-26 22:53:07,935 [ERROR] LogOutputStream:75 - [STDERR_REDIRECT] [Fatal Error] :1:1: Premature end of file.
2025-01-26 22:53:07,935 [ERROR] LogOutputStream:75 - [STDERR_REDIRECT] 
2025-01-26 22:53:08,931 [ERROR] LogOutputStream:75 - [STDERR_REDIRECT] [Fatal Error] :1:1: Premature end of file.
2025-01-26 22:53:08,931 [ERROR] LogOutputStream:75 - [STDERR_REDIRECT] 
2025-01-26 22:53:09,925 [ERROR] LogOutputStream:75 - [STDERR_REDIRECT] [Fatal Error] :1:1: Premature end of file.
2025-01-26 22:53:09,925 [ERROR] LogOutputStream:75 - [STDERR_REDIRECT] 
2025-01-26 22:53:10,918 [ERROR] LogOutputStream:75 - [STDERR_REDIRECT] [Fatal Error] :1:1: Premature end of file.
2025-01-26 22:53:10,918 [ERROR] LogOutputStream:75 - [STDERR_REDIRECT] 
2025-01-26 22:53:11,934 [ERROR] LogOutputStream:75 - [STDERR_REDIRECT] [Fatal Error] :1:1: Premature end of file.
2025-01-26 22:53:11,934 [ERROR] LogOutputStream:75 - [STDERR_REDIRECT] 
2025-01-26 22:53:12,944 [ERROR] LogOutputStream:75 - [STDERR_REDIRECT] [Fatal Error] :1:1: Premature end of file.
2025-01-26 22:53:12,944 [ERROR] LogOutputStream:75 - [STDERR_REDIRECT] 
2025-01-26 22:53:13,944 [ERROR] LogOutputStream:75 - [STDERR_REDIRECT] [Fatal Error] :1:1: Premature end of file.
2025-01-26 22:53:13,944 [ERROR] LogOutputStream:75 - [STDERR_REDIRECT] 
2025-01-26 22:53:14,937 [ERROR] LogOutputStream:75 - [STDERR_REDIRECT] [Fatal Error] :1:1: Premature end of file.
2025-01-26 22:53:14,937 [ERROR] LogOutputStream:75 - [STDERR_REDIRECT] 
2025-01-26 22:53:15,937 [ERROR] LogOutputStream:75 - [STDERR_REDIRECT] [Fatal Error] :1:1: Premature end of file.
2025-01-26 22:53:15,937 [ERROR] LogOutputStream:75 - [STDERR_REDIRECT] 
2025-01-26 22:53:16,944 [ERROR] LogOutputStream:75 - [STDERR_REDIRECT] [Fatal Error] :1:1: Premature end of file.
2025-01-26 22:53:16,944 [ERROR] LogOutputStream:75 - [STDERR_REDIRECT] 
2025-01-26 22:53:17,929 [ERROR] LogOutputStream:75 - [STDERR_REDIRECT] [Fatal Error] :1:1: Premature end of file.
2025-01-26 22:53:17,929 [ERROR] LogOutputStream:75 - [STDERR_REDIRECT] 
2025-01-26 22:53:18,926 [ERROR] LogOutputStream:75 - [STDERR_REDIRECT] [Fatal Error] :1:1: Premature end of file.
2025-01-26 22:53:18,926 [ERROR] LogOutputStream:75 - [STDERR_REDIRECT] 
2025-01-26 22:53:19,943 [ERROR] LogOutputStream:75 - [STDERR_REDIRECT] [Fatal Error] :1:1: Premature end of file.
2025-01-26 22:53:19,943 [ERROR] LogOutputStream:75 - [STDERR_REDIRECT] 
2025-01-26 22:53:20,939 [ERROR] LogOutputStream:75 - [STDERR_REDIRECT] [Fatal Error] :1:1: Premature end of file.
2025-01-26 22:53:20,939 [ERROR] LogOutputStream:75 - [STDERR_REDIRECT] 
2025-01-26 22:53:21,937 [ERROR] LogOutputStream:75 - [STDERR_REDIRECT] [Fatal Error] :1:1: Premature end of file.
2025-01-26 22:53:21,937 [ERROR] LogOutputStream:75 - [STDERR_REDIRECT] 
2025-01-26 22:53:22,934 [ERROR] LogOutputStream:75 - [STDERR_REDIRECT] [Fatal Error] :1:1: Premature end of file.
2025-01-26 22:53:22,935 [ERROR] LogOutputStream:75 - [STDERR_REDIRECT] 
2025-01-26 22:53:23,951 [ERROR] LogOutputStream:75 - [STDERR_REDIRECT] [Fatal Error] :1:1: Premature end of file.
2025-01-26 22:53:23,951 [ERROR] LogOutputStream:75 - [STDERR_REDIRECT] 
2025-01-26 22:53:24,927 [ERROR] LogOutputStream:75 - [STDERR_REDIRECT] [Fatal Error] :1:1: Premature end of file.
2025-01-26 22:53:24,927 [ERROR] LogOutputStream:75 - [STDERR_REDIRECT] 
2025-01-26 22:53:25,938 [ERROR] LogOutputStream:75 - [STDERR_REDIRECT] [Fatal Error] :1:1: Premature end of file.
2025-01-26 22:53:25,938 [ERROR] LogOutputStream:75 - [STDERR_REDIRECT] 
2025-01-26 22:53:26,940 [ERROR] LogOutputStream:75 - [STDERR_REDIRECT] [Fatal Error] :1:1: Premature end of file.
2025-01-26 22:53:26,940 [ERROR] LogOutputStream:75 - [STDERR_REDIRECT] 
2025-01-26 22:53:27,935 [ERROR] LogOutputStream:75 - [STDERR_REDIRECT] [Fatal Error] :1:1: Premature end of file.
2025-01-26 22:53:27,935 [ERROR] LogOutputStream:75 - [STDERR_REDIRECT] 
2025-01-26 22:53:28,933 [ERROR] LogOutputStream:75 - [STDERR_REDIRECT] [Fatal Error] :1:1: Premature end of file.
2025-01-26 22:53:28,933 [ERROR] LogOutputStream:75 - [STDERR_REDIRECT] 
2025-01-26 22:53:29,931 [ERROR] LogOutputStream:75 - [STDERR_REDIRECT] [Fatal Error] :1:1: Premature end of file.
2025-01-26 22:53:29,931 [ERROR] LogOutputStream:75 - [STDERR_REDIRECT] 
2025-01-26 22:53:30,922 [ERROR] LogOutputStream:75 - [STDERR_REDIRECT] [Fatal Error] :1:1: Premature end of file.
2025-01-26 22:53:30,924 [ERROR] LogOutputStream:75 - [STDERR_REDIRECT] 
2025-01-26 22:53:31,932 [ERROR] LogOutputStream:75 - [STDERR_REDIRECT] [Fatal Error] :1:1: Premature end of file.
2025-01-26 22:53:31,932 [ERROR] LogOutputStream:75 - [STDERR_REDIRECT] 
2025-01-26 22:53:32,930 [ERROR] LogOutputStream:75 - [STDERR_REDIRECT] [Fatal Error] :1:1: Premature end of file.
2025-01-26 22:53:32,932 [ERROR] LogOutputStream:75 - [STDERR_REDIRECT] 
2025-01-26 22:53:33,941 [ERROR] LogOutputStream:75 - [STDERR_REDIRECT] [Fatal Error] :1:1: Premature end of file.
2025-01-26 22:53:33,941 [ERROR] LogOutputStream:75 - [STDERR_REDIRECT] 
2025-01-26 22:53:34,942 [ERROR] LogOutputStream:75 - [STDERR_REDIRECT] [Fatal Error] :1:1: Premature end of file.
2025-01-26 22:53:34,942 [ERROR] LogOutputStream:75 - [STDERR_REDIRECT] 
2025-01-26 22:53:35,928 [ERROR] LogOutputStream:75 - [STDERR_REDIRECT] [Fatal Error] :1:1: Premature end of file.
2025-01-26 22:53:35,928 [ERROR] LogOutputStream:75 - [STDERR_REDIRECT] 
2025-01-26 22:53:36,942 [ERROR] LogOutputStream:75 - [STDERR_REDIRECT] [Fatal Error] :1:1: Premature end of file.
2025-01-26 22:53:36,942 [ERROR] LogOutputStream:75 - [STDERR_REDIRECT] 
2025-01-26 22:53:37,928 [ERROR] LogOutputStream:75 - [STDERR_REDIRECT] [Fatal Error] :1:1: Premature end of file.
2025-01-26 22:53:37,928 [ERROR] LogOutputStream:75 - [STDERR_REDIRECT] 
2025-01-26 22:53:38,939 [ERROR] LogOutputStream:75 - [STDERR_REDIRECT] [Fatal Error] :1:1: Premature end of file.
2025-01-26 22:53:38,939 [ERROR] LogOutputStream:75 - [STDERR_REDIRECT] 
2025-01-26 22:53:39,935 [ERROR] LogOutputStream:75 - [STDERR_REDIRECT] [Fatal Error] :1:1: Premature end of file.
2025-01-26 22:53:39,935 [ERROR] LogOutputStream:75 - [STDERR_REDIRECT] 
2025-01-26 22:53:40,924 [ERROR] LogOutputStream:75 - [STDERR_REDIRECT] [Fatal Error] :1:1: Premature end of file.
2025-01-26 22:53:40,924 [ERROR] LogOutputStream:75 - [STDERR_REDIRECT] 
2025-01-26 22:53:41,932 [ERROR] LogOutputStream:75 - [STDERR_REDIRECT] [Fatal Error] :1:1: Premature end of file.
2025-01-26 22:53:41,932 [ERROR] LogOutputStream:75 - [STDERR_REDIRECT] 
2025-01-26 22:53:42,925 [ERROR] LogOutputStream:75 - [STDERR_REDIRECT] [Fatal Error] :1:1: Premature end of file.
2025-01-26 22:53:42,925 [ERROR] LogOutputStream:75 - [STDERR_REDIRECT] 
2025-01-26 22:53:43,943 [ERROR] LogOutputStream:75 - [STDERR_REDIRECT] [Fatal Error] :1:1: Premature end of file.
2025-01-26 22:53:43,943 [ERROR] LogOutputStream:75 - [STDERR_REDIRECT] 
2025-01-26 22:53:44,943 [ERROR] LogOutputStream:75 - [STDERR_REDIRECT] [Fatal Error] :1:1: Premature end of file.
2025-01-26 22:53:44,943 [ERROR] LogOutputStream:75 - [STDERR_REDIRECT] 
2025-01-26 22:53:45,936 [ERROR] LogOutputStream:75 - [STDERR_REDIRECT] [Fatal Error] :1:1: Premature end of file.
2025-01-26 22:53:45,936 [ERROR] LogOutputStream:75 - [STDERR_REDIRECT] 
2025-01-26 22:53:46,938 [ERROR] LogOutputStream:75 - [STDERR_REDIRECT] [Fatal Error] :1:1: Premature end of file.
2025-01-26 22:53:46,938 [ERROR] LogOutputStream:75 - [STDERR_REDIRECT] 
2025-01-26 22:53:47,930 [ERROR] LogOutputStream:75 - [STDERR_REDIRECT] [Fatal Error] :1:1: Premature end of file.
2025-01-26 22:53:47,930 [ERROR] LogOutputStream:75 - [STDERR_REDIRECT] 
2025-01-26 22:53:48,935 [ERROR] LogOutputStream:75 - [STDERR_REDIRECT] [Fatal Error] :1:1: Premature end of file.
2025-01-26 22:53:48,935 [ERROR] LogOutputStream:75 - [STDERR_REDIRECT] 
2025-01-26 22:53:49,938 [ERROR] LogOutputStream:75 - [STDERR_REDIRECT] [Fatal Error] :1:1: Premature end of file.
2025-01-26 22:53:49,938 [ERROR] LogOutputStream:75 - [STDERR_REDIRECT] 
2025-01-26 22:53:50,934 [ERROR] LogOutputStream:75 - [STDERR_REDIRECT] [Fatal Error] :1:1: Premature end of file.
2025-01-26 22:53:50,934 [ERROR] LogOutputStream:75 - [STDERR_REDIRECT] 
2025-01-26 22:53:51,940 [ERROR] LogOutputStream:75 - [STDERR_REDIRECT] [Fatal Error] :1:1: Premature end of file.
2025-01-26 22:53:51,940 [ERROR] LogOutputStream:75 - [STDERR_REDIRECT] 
2025-01-26 22:53:52,932 [ERROR] LogOutputStream:75 - [STDERR_REDIRECT] [Fatal Error] :1:1: Premature end of file.
2025-01-26 22:53:52,932 [ERROR] LogOutputStream:75 - [STDERR_REDIRECT] 
2025-01-26 22:53:53,943 [ERROR] LogOutputStream:75 - [STDERR_REDIRECT] [Fatal Error] :1:1: Premature end of file.
2025-01-26 22:53:53,943 [ERROR] LogOutputStream:75 - [STDERR_REDIRECT] 
2025-01-26 22:53:54,927 [ERROR] LogOutputStream:75 - [STDERR_REDIRECT] [Fatal Error] :1:1: Premature end of file.
2025-01-26 22:53:54,927 [ERROR] LogOutputStream:75 - [STDERR_REDIRECT] 
2025-01-26 22:53:55,931 [ERROR] LogOutputStream:75 - [STDERR_REDIRECT] [Fatal Error] :1:1: Premature end of file.
2025-01-26 22:53:55,931 [ERROR] LogOutputStream:75 - [STDERR_REDIRECT] 
2025-01-26 22:53:56,940 [ERROR] LogOutputStream:75 - [STDERR_REDIRECT] [Fatal Error] :1:1: Premature end of file.
2025-01-26 22:53:56,940 [ERROR] LogOutputStream:75 - [STDERR_REDIRECT] 
2025-01-26 22:53:57,933 [ERROR] LogOutputStream:75 - [STDERR_REDIRECT] [Fatal Error] :1:1: Premature end of file.
2025-01-26 22:53:57,933 [ERROR] LogOutputStream:75 - [STDERR_REDIRECT] 
2025-01-26 22:53:58,947 [ERROR] LogOutputStream:75 - [STDERR_REDIRECT] [Fatal Error] :1:1: Premature end of file.
2025-01-26 22:53:58,947 [ERROR] LogOutputStream:75 - [STDERR_REDIRECT] 
2025-01-26 22:53:59,935 [ERROR] LogOutputStream:75 - [STDERR_REDIRECT] [Fatal Error] :1:1: Premature end of file.
2025-01-26 22:53:59,935 [ERROR] LogOutputStream:75 - [STDERR_REDIRECT] 
2025-01-26 22:54:00,937 [ERROR] LogOutputStream:75 - [STDERR_REDIRECT] [Fatal Error] :1:1: Premature end of file.
2025-01-26 22:54:00,937 [ERROR] LogOutputStream:75 - [STDERR_REDIRECT] 
2025-01-26 22:54:01,934 [ERROR] LogOutputStream:75 - [STDERR_REDIRECT] [Fatal Error] :1:1: Premature end of file.
2025-01-26 22:54:01,934 [ERROR] LogOutputStream:75 - [STDERR_REDIRECT] 
2025-01-26 22:54:02,927 [ERROR] LogOutputStream:75 - [STDERR_REDIRECT] [Fatal Error] :1:1: Premature end of file.
2025-01-26 22:54:02,927 [ERROR] LogOutputStream:75 - [STDERR_REDIRECT] 
2025-01-26 22:54:03,931 [ERROR] LogOutputStream:75 - [STDERR_REDIRECT] [Fatal Error] :1:1: Premature end of file.
2025-01-26 22:54:03,931 [ERROR] LogOutputStream:75 - [STDERR_REDIRECT] 
2025-01-26 22:54:04,940 [ERROR] LogOutputStream:75 - [STDERR_REDIRECT] [Fatal Error] :1:1: Premature end of file.
2025-01-26 22:54:04,940 [ERROR] LogOutputStream:75 - [STDERR_REDIRECT] 
2025-01-26 22:54:05,926 [ERROR] LogOutputStream:75 - [STDERR_REDIRECT] [Fatal Error] :1:1: Premature end of file.
2025-01-26 22:54:05,926 [ERROR] LogOutputStream:75 - [STDERR_REDIRECT] 
2025-01-26 22:54:06,930 [ERROR] LogOutputStream:75 - [STDERR_REDIRECT] [Fatal Error] :1:1: Premature end of file.
2025-01-26 22:54:06,930 [ERROR] LogOutputStream:75 - [STDERR_REDIRECT] 
2025-01-26 22:54:07,938 [ERROR] LogOutputStream:75 - [STDERR_REDIRECT] [Fatal Error] :1:1: Premature end of file.
2025-01-26 22:54:07,938 [ERROR] LogOutputStream:75 - [STDERR_REDIRECT] 
2025-01-26 22:54:08,933 [ERROR] LogOutputStream:75 - [STDERR_REDIRECT] [Fatal Error] :1:1: Premature end of file.
2025-01-26 22:54:08,935 [ERROR] LogOutputStream:75 - [STDERR_REDIRECT] 
2025-01-26 22:54:09,932 [ERROR] LogOutputStream:75 - [STDERR_REDIRECT] [Fatal Error] :1:1: Premature end of file.
2025-01-26 22:54:09,932 [ERROR] LogOutputStream:75 - [STDERR_REDIRECT] 
2025-01-26 22:54:10,935 [ERROR] LogOutputStream:75 - [STDERR_REDIRECT] [Fatal Error] :1:1: Premature end of file.
2025-01-26 22:54:10,935 [ERROR] LogOutputStream:75 - [STDERR_REDIRECT] 
2025-01-26 22:54:11,944 [ERROR] LogOutputStream:75 - [STDERR_REDIRECT] [Fatal Error] :1:1: Premature end of file.
2025-01-26 22:54:11,944 [ERROR] LogOutputStream:75 - [STDERR_REDIRECT] 
2025-01-26 22:54:12,932 [ERROR] LogOutputStream:75 - [STDERR_REDIRECT] [Fatal Error] :1:1: Premature end of file.
2025-01-26 22:54:12,932 [ERROR] LogOutputStream:75 - [STDERR_REDIRECT] 
2025-01-26 22:54:13,935 [ERROR] LogOutputStream:75 - [STDERR_REDIRECT] [Fatal Error] :1:1: Premature end of file.
2025-01-26 22:54:13,935 [ERROR] LogOutputStream:75 - [STDERR_REDIRECT] 
2025-01-26 22:54:14,930 [ERROR] LogOutputStream:75 - [STDERR_REDIRECT] [Fatal Error] :1:1: Premature end of file.
2025-01-26 22:54:14,930 [ERROR] LogOutputStream:75 - [STDERR_REDIRECT] 
2025-01-26 22:54:15,940 [ERROR] LogOutputStream:75 - [STDERR_REDIRECT] [Fatal Error] :1:1: Premature end of file.
2025-01-26 22:54:15,940 [ERROR] LogOutputStream:75 - [STDERR_REDIRECT] 
2025-01-26 22:54:16,940 [ERROR] LogOutputStream:75 - [STDERR_REDIRECT] [Fatal Error] :1:1: Premature end of file.
2025-01-26 22:54:16,941 [ERROR] LogOutputStream:75 - [STDERR_REDIRECT] 
2025-01-26 22:54:17,935 [ERROR] LogOutputStream:75 - [STDERR_REDIRECT] [Fatal Error] :1:1: Premature end of file.
2025-01-26 22:54:17,935 [ERROR] LogOutputStream:75 - [STDERR_REDIRECT] 
2025-01-26 22:54:18,936 [ERROR] LogOutputStream:75 - [STDERR_REDIRECT] [Fatal Error] :1:1: Premature end of file.
2025-01-26 22:54:18,937 [ERROR] LogOutputStream:75 - [STDERR_REDIRECT] 
2025-01-26 22:54:19,942 [ERROR] LogOutputStream:75 - [STDERR_REDIRECT] [Fatal Error] :1:1: Premature end of file.
2025-01-26 22:54:19,942 [ERROR] LogOutputStream:75 - [STDERR_REDIRECT] 
2025-01-26 22:54:20,946 [ERROR] LogOutputStream:75 - [STDERR_REDIRECT] [Fatal Error] :1:1: Premature end of file.
2025-01-26 22:54:20,946 [ERROR] LogOutputStream:75 - [STDERR_REDIRECT] 
2025-01-26 22:54:21,929 [ERROR] LogOutputStream:75 - [STDERR_REDIRECT] [Fatal Error] :1:1: Premature end of file.
2025-01-26 22:54:21,930 [ERROR] LogOutputStream:75 - [STDERR_REDIRECT] 
2025-01-26 22:54:22,939 [ERROR] LogOutputStream:75 - [STDERR_REDIRECT] [Fatal Error] :1:1: Premature end of file.
2025-01-26 22:54:22,941 [ERROR] LogOutputStream:75 - [STDERR_REDIRECT] 
2025-01-26 22:54:23,931 [ERROR] LogOutputStream:75 - [STDERR_REDIRECT] [Fatal Error] :1:1: Premature end of file.
2025-01-26 22:54:23,931 [ERROR] LogOutputStream:75 - [STDERR_REDIRECT] 
2025-01-26 22:54:24,941 [ERROR] LogOutputStream:75 - [STDERR_REDIRECT] [Fatal Error] :1:1: Premature end of file.
2025-01-26 22:54:24,941 [ERROR] LogOutputStream:75 - [STDERR_REDIRECT] 
2025-01-26 22:54:25,934 [ERROR] LogOutputStream:75 - [STDERR_REDIRECT] [Fatal Error] :1:1: Premature end of file.
2025-01-26 22:54:25,934 [ERROR] LogOutputStream:75 - [STDERR_REDIRECT] 
2025-01-26 22:54:26,944 [ERROR] LogOutputStream:75 - [STDERR_REDIRECT] [Fatal Error] :1:1: Premature end of file.
2025-01-26 22:54:26,944 [ERROR] LogOutputStream:75 - [STDERR_REDIRECT] 
2025-01-26 22:54:27,928 [ERROR] LogOutputStream:75 - [STDERR_REDIRECT] [Fatal Error] :1:1: Premature end of file.
2025-01-26 22:54:27,928 [ERROR] LogOutputStream:75 - [STDERR_REDIRECT] 
2025-01-26 22:54:28,921 [ERROR] LogOutputStream:75 - [STDERR_REDIRECT] [Fatal Error] :1:1: Premature end of file.
2025-01-26 22:54:28,921 [ERROR] LogOutputStream:75 - [STDERR_REDIRECT] 
2025-01-26 22:54:29,925 [ERROR] LogOutputStream:75 - [STDERR_REDIRECT] [Fatal Error] :1:1: Premature end of file.
2025-01-26 22:54:29,925 [ERROR] LogOutputStream:75 - [STDERR_REDIRECT] 
2025-01-26 22:54:30,939 [ERROR] LogOutputStream:75 - [STDERR_REDIRECT] [Fatal Error] :1:1: Premature end of file.
2025-01-26 22:54:30,939 [ERROR] LogOutputStream:75 - [STDERR_REDIRECT] 
2025-01-26 22:54:31,938 [ERROR] LogOutputStream:75 - [STDERR_REDIRECT] [Fatal Error] :1:1: Premature end of file.
2025-01-26 22:54:31,938 [ERROR] LogOutputStream:75 - [STDERR_REDIRECT] 
2025-01-26 22:54:32,935 [ERROR] LogOutputStream:75 - [STDERR_REDIRECT] [Fatal Error] :1:1: Premature end of file.
2025-01-26 22:54:32,935 [ERROR] LogOutputStream:75 - [STDERR_REDIRECT] 
2025-01-26 22:54:33,935 [ERROR] LogOutputStream:75 - [STDERR_REDIRECT] [Fatal Error] :1:1: Premature end of file.
2025-01-26 22:54:33,935 [ERROR] LogOutputStream:75 - [STDERR_REDIRECT] 
2025-01-26 22:54:34,931 [ERROR] LogOutputStream:75 - [STDERR_REDIRECT] [Fatal Error] :1:1: Premature end of file.
2025-01-26 22:54:34,931 [ERROR] LogOutputStream:75 - [STDERR_REDIRECT] 
2025-01-26 22:54:35,927 [ERROR] LogOutputStream:75 - [STDERR_REDIRECT] [Fatal Error] :1:1: Premature end of file.
2025-01-26 22:54:35,928 [ERROR] LogOutputStream:75 - [STDERR_REDIRECT] 
2025-01-26 22:54:36,944 [ERROR] LogOutputStream:75 - [STDERR_REDIRECT] [Fatal Error] :1:1: Premature end of file.
2025-01-26 22:54:36,944 [ERROR] LogOutputStream:75 - [STDERR_REDIRECT] 
2025-01-26 22:54:37,932 [ERROR] LogOutputStream:75 - [STDERR_REDIRECT] [Fatal Error] :1:1: Premature end of file.
2025-01-26 22:54:37,932 [ERROR] LogOutputStream:75 - [STDERR_REDIRECT] 
2025-01-26 22:54:38,933 [ERROR] LogOutputStream:75 - [STDERR_REDIRECT] [Fatal Error] :1:1: Premature end of file.
2025-01-26 22:54:38,933 [ERROR] LogOutputStream:75 - [STDERR_REDIRECT] 
2025-01-26 22:54:39,927 [ERROR] LogOutputStream:75 - [STDERR_REDIRECT] [Fatal Error] :1:1: Premature end of file.
2025-01-26 22:54:39,927 [ERROR] LogOutputStream:75 - [STDERR_REDIRECT] 
2025-01-26 22:54:40,938 [ERROR] LogOutputStream:75 - [STDERR_REDIRECT] [Fatal Error] :1:1: Premature end of file.
2025-01-26 22:54:40,938 [ERROR] LogOutputStream:75 - [STDERR_REDIRECT] 
2025-01-26 22:54:41,932 [ERROR] LogOutputStream:75 - [STDERR_REDIRECT] [Fatal Error] :1:1: Premature end of file.
2025-01-26 22:54:41,932 [ERROR] LogOutputStream:75 - [STDERR_REDIRECT] 
2025-01-26 22:54:42,944 [ERROR] LogOutputStream:75 - [STDERR_REDIRECT] [Fatal Error] :1:1: Premature end of file.
2025-01-26 22:54:42,944 [ERROR] LogOutputStream:75 - [STDERR_REDIRECT] 
2025-01-26 22:54:43,939 [ERROR] LogOutputStream:75 - [STDERR_REDIRECT] [Fatal Error] :1:1: Premature end of file.
2025-01-26 22:54:43,939 [ERROR] LogOutputStream:75 - [STDERR_REDIRECT] 
2025-01-26 22:54:44,938 [ERROR] LogOutputStream:75 - [STDERR_REDIRECT] [Fatal Error] :1:1: Premature end of file.
2025-01-26 22:54:44,938 [ERROR] LogOutputStream:75 - [STDERR_REDIRECT] 
2025-01-26 22:54:45,938 [ERROR] LogOutputStream:75 - [STDERR_REDIRECT] [Fatal Error] :1:1: Premature end of file.
2025-01-26 22:54:45,938 [ERROR] LogOutputStream:75 - [STDERR_REDIRECT] 
2025-01-26 22:54:46,931 [ERROR] LogOutputStream:75 - [STDERR_REDIRECT] [Fatal Error] :1:1: Premature end of file.
2025-01-26 22:54:46,931 [ERROR] LogOutputStream:75 - [STDERR_REDIRECT] 
2025-01-26 22:54:47,941 [ERROR] LogOutputStream:75 - [STDERR_REDIRECT] [Fatal Error] :1:1: Premature end of file.
2025-01-26 22:54:47,941 [ERROR] LogOutputStream:75 - [STDERR_REDIRECT] 
2025-01-26 22:54:48,931 [ERROR] LogOutputStream:75 - [STDERR_REDIRECT] [Fatal Error] :1:1: Premature end of file.
2025-01-26 22:54:48,931 [ERROR] LogOutputStream:75 - [STDERR_REDIRECT] 
2025-01-26 22:54:49,931 [ERROR] LogOutputStream:75 - [STDERR_REDIRECT] [Fatal Error] :1:1: Premature end of file.
2025-01-26 22:54:49,932 [ERROR] LogOutputStream:75 - [STDERR_REDIRECT] 
2025-01-26 22:54:50,939 [ERROR] LogOutputStream:75 - [STDERR_REDIRECT] [Fatal Error] :1:1: Premature end of file.
2025-01-26 22:54:50,939 [ERROR] LogOutputStream:75 - [STDERR_REDIRECT] 
2025-01-26 22:54:51,949 [ERROR] LogOutputStream:75 - [STDERR_REDIRECT] [Fatal Error] :1:1: Premature end of file.
2025-01-26 22:54:51,951 [ERROR] LogOutputStream:75 - [STDERR_REDIRECT] 
2025-01-26 22:54:52,934 [ERROR] LogOutputStream:75 - [STDERR_REDIRECT] [Fatal Error] :1:1: Premature end of file.
2025-01-26 22:54:52,934 [ERROR] LogOutputStream:75 - [STDERR_REDIRECT] 
2025-01-26 22:54:53,940 [ERROR] LogOutputStream:75 - [STDERR_REDIRECT] [Fatal Error] :1:1: Premature end of file.
2025-01-26 22:54:53,940 [ERROR] LogOutputStream:75 - [STDERR_REDIRECT] 
2025-01-26 22:54:54,940 [ERROR] LogOutputStream:75 - [STDERR_REDIRECT] [Fatal Error] :1:1: Premature end of file.
2025-01-26 22:54:54,940 [ERROR] LogOutputStream:75 - [STDERR_REDIRECT] 
2025-01-26 22:54:55,941 [ERROR] LogOutputStream:75 - [STDERR_REDIRECT] [Fatal Error] :1:1: Premature end of file.
2025-01-26 22:54:55,941 [ERROR] LogOutputStream:75 - [STDERR_REDIRECT] 
2025-01-26 22:54:56,933 [ERROR] LogOutputStream:75 - [STDERR_REDIRECT] [Fatal Error] :1:1: Premature end of file.
2025-01-26 22:54:56,933 [ERROR] LogOutputStream:75 - [STDERR_REDIRECT] 
2025-01-26 22:54:57,935 [ERROR] LogOutputStream:75 - [STDERR_REDIRECT] [Fatal Error] :1:1: Premature end of file.
2025-01-26 22:54:57,935 [ERROR] LogOutputStream:75 - [STDERR_REDIRECT] 
2025-01-26 22:54:58,935 [ERROR] LogOutputStream:75 - [STDERR_REDIRECT] [Fatal Error] :1:1: Premature end of file.
2025-01-26 22:54:58,935 [ERROR] LogOutputStream:75 - [STDERR_REDIRECT] 
2025-01-26 22:54:59,940 [ERROR] LogOutputStream:75 - [STDERR_REDIRECT] [Fatal Error] :1:1: Premature end of file.
2025-01-26 22:54:59,940 [ERROR] LogOutputStream:75 - [STDERR_REDIRECT] 
2025-01-26 22:55:00,935 [ERROR] LogOutputStream:75 - [STDERR_REDIRECT] [Fatal Error] :1:1: Premature end of file.
2025-01-26 22:55:00,935 [ERROR] LogOutputStream:75 - [STDERR_REDIRECT] 
2025-01-26 22:55:01,926 [ERROR] LogOutputStream:75 - [STDERR_REDIRECT] [Fatal Error] :1:1: Premature end of file.
2025-01-26 22:55:01,928 [ERROR] LogOutputStream:75 - [STDERR_REDIRECT] 
2025-01-26 22:55:02,929 [ERROR] LogOutputStream:75 - [STDERR_REDIRECT] [Fatal Error] :1:1: Premature end of file.
2025-01-26 22:55:02,929 [ERROR] LogOutputStream:75 - [STDERR_REDIRECT] 
2025-01-26 22:55:03,931 [ERROR] LogOutputStream:75 - [STDERR_REDIRECT] [Fatal Error] :1:1: Premature end of file.
2025-01-26 22:55:03,931 [ERROR] LogOutputStream:75 - [STDERR_REDIRECT] 
2025-01-26 22:55:04,939 [ERROR] LogOutputStream:75 - [STDERR_REDIRECT] [Fatal Error] :1:1: Premature end of file.
2025-01-26 22:55:04,939 [ERROR] LogOutputStream:75 - [STDERR_REDIRECT] 
2025-01-26 22:55:05,935 [ERROR] LogOutputStream:75 - [STDERR_REDIRECT] [Fatal Error] :1:1: Premature end of file.
2025-01-26 22:55:05,935 [ERROR] LogOutputStream:75 - [STDERR_REDIRECT] 
2025-01-26 22:55:06,926 [ERROR] LogOutputStream:75 - [STDERR_REDIRECT] [Fatal Error] :1:1: Premature end of file.
2025-01-26 22:55:06,926 [ERROR] LogOutputStream:75 - [STDERR_REDIRECT] 
2025-01-26 22:55:07,940 [ERROR] LogOutputStream:75 - [STDERR_REDIRECT] [Fatal Error] :1:1: Premature end of file.
2025-01-26 22:55:07,941 [ERROR] LogOutputStream:75 - [STDERR_REDIRECT] 
2025-01-26 22:55:08,932 [ERROR] LogOutputStream:75 - [STDERR_REDIRECT] [Fatal Error] :1:1: Premature end of file.
2025-01-26 22:55:08,932 [ERROR] LogOutputStream:75 - [STDERR_REDIRECT] 
2025-01-26 22:55:09,931 [ERROR] LogOutputStream:75 - [STDERR_REDIRECT] [Fatal Error] :1:1: Premature end of file.
2025-01-26 22:55:09,931 [ERROR] LogOutputStream:75 - [STDERR_REDIRECT] 
2025-01-26 22:55:10,937 [ERROR] LogOutputStream:75 - [STDERR_REDIRECT] [Fatal Error] :1:1: Premature end of file.
2025-01-26 22:55:10,937 [ERROR] LogOutputStream:75 - [STDERR_REDIRECT] 
2025-01-26 22:55:11,938 [ERROR] LogOutputStream:75 - [STDERR_REDIRECT] [Fatal Error] :1:1: Premature end of file.
2025-01-26 22:55:11,938 [ERROR] LogOutputStream:75 - [STDERR_REDIRECT] 
2025-01-26 22:55:12,938 [ERROR] LogOutputStream:75 - [STDERR_REDIRECT] [Fatal Error] :1:1: Premature end of file.
2025-01-26 22:55:12,938 [ERROR] LogOutputStream:75 - [STDERR_REDIRECT] 
2025-01-26 22:55:13,937 [ERROR] LogOutputStream:75 - [STDERR_REDIRECT] [Fatal Error] :1:1: Premature end of file.
2025-01-26 22:55:13,937 [ERROR] LogOutputStream:75 - [STDERR_REDIRECT] 
2025-01-26 22:55:14,939 [ERROR] LogOutputStream:75 - [STDERR_REDIRECT] [Fatal Error] :1:1: Premature end of file.
2025-01-26 22:55:14,939 [ERROR] LogOutputStream:75 - [STDERR_REDIRECT] 
2025-01-26 22:55:15,931 [ERROR] LogOutputStream:75 - [STDERR_REDIRECT] [Fatal Error] :1:1: Premature end of file.
2025-01-26 22:55:15,931 [ERROR] LogOutputStream:75 - [STDERR_REDIRECT] 
2025-01-26 22:55:16,943 [ERROR] LogOutputStream:75 - [STDERR_REDIRECT] [Fatal Error] :1:1: Premature end of file.
2025-01-26 22:55:16,943 [ERROR] LogOutputStream:75 - [STDERR_REDIRECT] 
2025-01-26 22:55:17,932 [ERROR] LogOutputStream:75 - [STDERR_REDIRECT] [Fatal Error] :1:1: Premature end of file.
2025-01-26 22:55:17,932 [ERROR] LogOutputStream:75 - [STDERR_REDIRECT] 
2025-01-26 22:55:18,946 [ERROR] LogOutputStream:75 - [STDERR_REDIRECT] [Fatal Error] :1:1: Premature end of file.
2025-01-26 22:55:18,946 [ERROR] LogOutputStream:75 - [STDERR_REDIRECT] 
2025-01-26 22:55:19,944 [ERROR] LogOutputStream:75 - [STDERR_REDIRECT] [Fatal Error] :1:1: Premature end of file.
2025-01-26 22:55:19,944 [ERROR] LogOutputStream:75 - [STDERR_REDIRECT] 
2025-01-26 22:55:20,930 [ERROR] LogOutputStream:75 - [STDERR_REDIRECT] [Fatal Error] :1:1: Premature end of file.
2025-01-26 22:55:20,930 [ERROR] LogOutputStream:75 - [STDERR_REDIRECT] 
2025-01-26 22:55:21,935 [ERROR] LogOutputStream:75 - [STDERR_REDIRECT] [Fatal Error] :1:1: Premature end of file.
2025-01-26 22:55:21,935 [ERROR] LogOutputStream:75 - [STDERR_REDIRECT] 
2025-01-26 22:55:22,938 [ERROR] LogOutputStream:75 - [STDERR_REDIRECT] [Fatal Error] :1:1: Premature end of file.
2025-01-26 22:55:22,938 [ERROR] LogOutputStream:75 - [STDERR_REDIRECT] 
2025-01-26 22:55:23,942 [ERROR] LogOutputStream:75 - [STDERR_REDIRECT] [Fatal Error] :1:1: Premature end of file.
2025-01-26 22:55:23,942 [ERROR] LogOutputStream:75 - [STDERR_REDIRECT] 
2025-01-26 22:55:24,930 [ERROR] LogOutputStream:75 - [STDERR_REDIRECT] [Fatal Error] :1:1: Premature end of file.
2025-01-26 22:55:24,930 [ERROR] LogOutputStream:75 - [STDERR_REDIRECT] 
2025-01-26 22:55:25,948 [ERROR] LogOutputStream:75 - [STDERR_REDIRECT] [Fatal Error] :1:1: Premature end of file.
2025-01-26 22:55:25,948 [ERROR] LogOutputStream:75 - [STDERR_REDIRECT] 
2025-01-26 22:55:26,951 [ERROR] LogOutputStream:75 - [STDERR_REDIRECT] [Fatal Error] :1:1: Premature end of file.
2025-01-26 22:55:26,951 [ERROR] LogOutputStream:75 - [STDERR_REDIRECT] 
2025-01-26 22:55:27,942 [ERROR] LogOutputStream:75 - [STDERR_REDIRECT] [Fatal Error] :1:1: Premature end of file.
2025-01-26 22:55:27,942 [ERROR] LogOutputStream:75 - [STDERR_REDIRECT] 
2025-01-26 22:55:28,937 [ERROR] LogOutputStream:75 - [STDERR_REDIRECT] [Fatal Error] :1:1: Premature end of file.
2025-01-26 22:55:28,937 [ERROR] LogOutputStream:75 - [STDERR_REDIRECT] 
2025-01-26 22:55:29,941 [ERROR] LogOutputStream:75 - [STDERR_REDIRECT] [Fatal Error] :1:1: Premature end of file.
2025-01-26 22:55:29,941 [ERROR] LogOutputStream:75 - [STDERR_REDIRECT] 
2025-01-26 22:55:30,942 [ERROR] LogOutputStream:75 - [STDERR_REDIRECT] [Fatal Error] :1:1: Premature end of file.
2025-01-26 22:55:30,942 [ERROR] LogOutputStream:75 - [STDERR_REDIRECT] 
2025-01-26 22:55:31,936 [ERROR] LogOutputStream:75 - [STDERR_REDIRECT] [Fatal Error] :1:1: Premature end of file.
2025-01-26 22:55:31,936 [ERROR] LogOutputStream:75 - [STDERR_REDIRECT] 
2025-01-26 22:55:32,934 [ERROR] LogOutputStream:75 - [STDERR_REDIRECT] [Fatal Error] :1:1: Premature end of file.
2025-01-26 22:55:32,934 [ERROR] LogOutputStream:75 - [STDERR_REDIRECT] 
2025-01-26 22:55:33,935 [ERROR] LogOutputStream:75 - [STDERR_REDIRECT] [Fatal Error] :1:1: Premature end of file.
2025-01-26 22:55:33,936 [ERROR] LogOutputStream:75 - [STDERR_REDIRECT] 
2025-01-26 22:55:34,943 [ERROR] LogOutputStream:75 - [STDERR_REDIRECT] [Fatal Error] :1:1: Premature end of file.
2025-01-26 22:55:34,943 [ERROR] LogOutputStream:75 - [STDERR_REDIRECT] 
2025-01-26 22:55:35,946 [ERROR] LogOutputStream:75 - [STDERR_REDIRECT] [Fatal Error] :1:1: Premature end of file.
2025-01-26 22:55:35,946 [ERROR] LogOutputStream:75 - [STDERR_REDIRECT] 
2025-01-26 22:55:36,937 [ERROR] LogOutputStream:75 - [STDERR_REDIRECT] [Fatal Error] :1:1: Premature end of file.
2025-01-26 22:55:36,937 [ERROR] LogOutputStream:75 - [STDERR_REDIRECT] 
2025-01-26 22:55:37,928 [ERROR] LogOutputStream:75 - [STDERR_REDIRECT] [Fatal Error] :1:1: Premature end of file.
2025-01-26 22:55:37,928 [ERROR] LogOutputStream:75 - [STDERR_REDIRECT] 
2025-01-26 22:55:38,935 [ERROR] LogOutputStream:75 - [STDERR_REDIRECT] [Fatal Error] :1:1: Premature end of file.
2025-01-26 22:55:38,935 [ERROR] LogOutputStream:75 - [STDERR_REDIRECT] 
2025-01-26 22:55:39,938 [ERROR] LogOutputStream:75 - [STDERR_REDIRECT] [Fatal Error] :1:1: Premature end of file.
2025-01-26 22:55:39,938 [ERROR] LogOutputStream:75 - [STDERR_REDIRECT] 
2025-01-26 22:55:40,939 [ERROR] LogOutputStream:75 - [STDERR_REDIRECT] [Fatal Error] :1:1: Premature end of file.
2025-01-26 22:55:40,939 [ERROR] LogOutputStream:75 - [STDERR_REDIRECT] 
2025-01-26 22:55:41,931 [ERROR] LogOutputStream:75 - [STDERR_REDIRECT] [Fatal Error] :1:1: Premature end of file.
2025-01-26 22:55:41,931 [ERROR] LogOutputStream:75 - [STDERR_REDIRECT] 
2025-01-26 22:55:42,941 [ERROR] LogOutputStream:75 - [STDERR_REDIRECT] [Fatal Error] :1:1: Premature end of file.
2025-01-26 22:55:42,941 [ERROR] LogOutputStream:75 - [STDERR_REDIRECT] 
2025-01-26 22:55:43,942 [ERROR] LogOutputStream:75 - [STDERR_REDIRECT] [Fatal Error] :1:1: Premature end of file.
2025-01-26 22:55:43,942 [ERROR] LogOutputStream:75 - [STDERR_REDIRECT] 
2025-01-26 22:55:44,932 [ERROR] LogOutputStream:75 - [STDERR_REDIRECT] [Fatal Error] :1:1: Premature end of file.
2025-01-26 22:55:44,932 [ERROR] LogOutputStream:75 - [STDERR_REDIRECT] 
2025-01-26 22:55:45,925 [ERROR] LogOutputStream:75 - [STDERR_REDIRECT] [Fatal Error] :1:1: Premature end of file.
2025-01-26 22:55:45,926 [ERROR] LogOutputStream:75 - [STDERR_REDIRECT] 
2025-01-26 22:55:46,939 [ERROR] LogOutputStream:75 - [STDERR_REDIRECT] [Fatal Error] :1:1: Premature end of file.
2025-01-26 22:55:46,939 [ERROR] LogOutputStream:75 - [STDERR_REDIRECT] 
2025-01-26 22:55:47,929 [ERROR] LogOutputStream:75 - [STDERR_REDIRECT] [Fatal Error] :1:1: Premature end of file.
2025-01-26 22:55:47,931 [ERROR] LogOutputStream:75 - [STDERR_REDIRECT] 
2025-01-26 22:55:48,936 [ERROR] LogOutputStream:75 - [STDERR_REDIRECT] [Fatal Error] :1:1: Premature end of file.
2025-01-26 22:55:48,936 [ERROR] LogOutputStream:75 - [STDERR_REDIRECT] 
2025-01-26 22:55:49,944 [ERROR] LogOutputStream:75 - [STDERR_REDIRECT] [Fatal Error] :1:1: Premature end of file.
2025-01-26 22:55:49,944 [ERROR] LogOutputStream:75 - [STDERR_REDIRECT] 
2025-01-26 22:55:50,938 [ERROR] LogOutputStream:75 - [STDERR_REDIRECT] [Fatal Error] :1:1: Premature end of file.
2025-01-26 22:55:50,938 [ERROR] LogOutputStream:75 - [STDERR_REDIRECT] 
2025-01-26 22:55:51,939 [ERROR] LogOutputStream:75 - [STDERR_REDIRECT] [Fatal Error] :1:1: Premature end of file.
2025-01-26 22:55:51,939 [ERROR] LogOutputStream:75 - [STDERR_REDIRECT] 
2025-01-26 22:55:52,939 [ERROR] LogOutputStream:75 - [STDERR_REDIRECT] [Fatal Error] :1:1: Premature end of file.
2025-01-26 22:55:52,939 [ERROR] LogOutputStream:75 - [STDERR_REDIRECT] 
2025-01-26 22:55:53,918 [ERROR] LogOutputStream:75 - [STDERR_REDIRECT] [Fatal Error] :1:1: Premature end of file.
2025-01-26 22:55:53,918 [ERROR] LogOutputStream:75 - [STDERR_REDIRECT] 
2025-01-26 22:55:54,931 [ERROR] LogOutputStream:75 - [STDERR_REDIRECT] [Fatal Error] :1:1: Premature end of file.
2025-01-26 22:55:54,932 [ERROR] LogOutputStream:75 - [STDERR_REDIRECT] 
2025-01-26 22:55:55,937 [ERROR] LogOutputStream:75 - [STDERR_REDIRECT] [Fatal Error] :1:1: Premature end of file.
2025-01-26 22:55:55,937 [ERROR] LogOutputStream:75 - [STDERR_REDIRECT] 
2025-01-26 22:55:56,932 [ERROR] LogOutputStream:75 - [STDERR_REDIRECT] [Fatal Error] :1:1: Premature end of file.
2025-01-26 22:55:56,932 [ERROR] LogOutputStream:75 - [STDERR_REDIRECT] 
2025-01-26 22:55:57,940 [ERROR] LogOutputStream:75 - [STDERR_REDIRECT] [Fatal Error] :1:1: Premature end of file.
2025-01-26 22:55:57,940 [ERROR] LogOutputStream:75 - [STDERR_REDIRECT] 
2025-01-26 22:55:58,938 [ERROR] LogOutputStream:75 - [STDERR_REDIRECT] [Fatal Error] :1:1: Premature end of file.
2025-01-26 22:55:58,938 [ERROR] LogOutputStream:75 - [STDERR_REDIRECT] 
2025-01-26 22:55:59,939 [ERROR] LogOutputStream:75 - [STDERR_REDIRECT] [Fatal Error] :1:1: Premature end of file.
2025-01-26 22:55:59,939 [ERROR] LogOutputStream:75 - [STDERR_REDIRECT] 
2025-01-26 22:56:00,935 [ERROR] LogOutputStream:75 - [STDERR_REDIRECT] [Fatal Error] :1:1: Premature end of file.
2025-01-26 22:56:00,935 [ERROR] LogOutputStream:75 - [STDERR_REDIRECT] 
2025-01-26 22:56:01,933 [ERROR] LogOutputStream:75 - [STDERR_REDIRECT] [Fatal Error] :1:1: Premature end of file.
2025-01-26 22:56:01,933 [ERROR] LogOutputStream:75 - [STDERR_REDIRECT] 
2025-01-26 22:56:02,920 [ERROR] LogOutputStream:75 - [STDERR_REDIRECT] [Fatal Error] :1:1: Premature end of file.
2025-01-26 22:56:02,920 [ERROR] LogOutputStream:75 - [STDERR_REDIRECT] 
2025-01-26 22:56:03,937 [ERROR] LogOutputStream:75 - [STDERR_REDIRECT] [Fatal Error] :1:1: Premature end of file.
2025-01-26 22:56:03,937 [ERROR] LogOutputStream:75 - [STDERR_REDIRECT] 
2025-01-26 22:56:04,934 [ERROR] LogOutputStream:75 - [STDERR_REDIRECT] [Fatal Error] :1:1: Premature end of file.
2025-01-26 22:56:04,934 [ERROR] LogOutputStream:75 - [STDERR_REDIRECT] 
2025-01-26 22:56:05,938 [ERROR] LogOutputStream:75 - [STDERR_REDIRECT] [Fatal Error] :1:1: Premature end of file.
2025-01-26 22:56:05,938 [ERROR] LogOutputStream:75 - [STDERR_REDIRECT] 
2025-01-26 22:56:06,935 [ERROR] LogOutputStream:75 - [STDERR_REDIRECT] [Fatal Error] :1:1: Premature end of file.
2025-01-26 22:56:06,935 [ERROR] LogOutputStream:75 - [STDERR_REDIRECT] 
2025-01-26 22:56:07,940 [ERROR] LogOutputStream:75 - [STDERR_REDIRECT] [Fatal Error] :1:1: Premature end of file.
2025-01-26 22:56:07,940 [ERROR] LogOutputStream:75 - [STDERR_REDIRECT] 
2025-01-26 22:56:08,936 [ERROR] LogOutputStream:75 - [STDERR_REDIRECT] [Fatal Error] :1:1: Premature end of file.
2025-01-26 22:56:08,936 [ERROR] LogOutputStream:75 - [STDERR_REDIRECT] 
2025-01-26 22:56:09,932 [ERROR] LogOutputStream:75 - [STDERR_REDIRECT] [Fatal Error] :1:1: Premature end of file.
2025-01-26 22:56:09,932 [ERROR] LogOutputStream:75 - [STDERR_REDIRECT] 
2025-01-26 22:56:10,931 [ERROR] LogOutputStream:75 - [STDERR_REDIRECT] [Fatal Error] :1:1: Premature end of file.
2025-01-26 22:56:10,931 [ERROR] LogOutputStream:75 - [STDERR_REDIRECT] 
2025-01-26 22:56:11,937 [ERROR] LogOutputStream:75 - [STDERR_REDIRECT] [Fatal Error] :1:1: Premature end of file.
2025-01-26 22:56:11,937 [ERROR] LogOutputStream:75 - [STDERR_REDIRECT] 
2025-01-26 22:56:12,938 [ERROR] LogOutputStream:75 - [STDERR_REDIRECT] [Fatal Error] :1:1: Premature end of file.
2025-01-26 22:56:12,938 [ERROR] LogOutputStream:75 - [STDERR_REDIRECT] 
2025-01-26 22:56:13,942 [ERROR] LogOutputStream:75 - [STDERR_REDIRECT] [Fatal Error] :1:1: Premature end of file.
2025-01-26 22:56:13,942 [ERROR] LogOutputStream:75 - [STDERR_REDIRECT] 
2025-01-26 22:56:14,943 [ERROR] LogOutputStream:75 - [STDERR_REDIRECT] [Fatal Error] :1:1: Premature end of file.
2025-01-26 22:56:14,943 [ERROR] LogOutputStream:75 - [STDERR_REDIRECT] 
2025-01-26 22:56:15,926 [ERROR] LogOutputStream:75 - [STDERR_REDIRECT] [Fatal Error] :1:1: Premature end of file.
2025-01-26 22:56:15,926 [ERROR] LogOutputStream:75 - [STDERR_REDIRECT] 
2025-01-26 22:56:16,940 [ERROR] LogOutputStream:75 - [STDERR_REDIRECT] [Fatal Error] :1:1: Premature end of file.
2025-01-26 22:56:16,940 [ERROR] LogOutputStream:75 - [STDERR_REDIRECT] 
2025-01-26 22:56:17,930 [ERROR] LogOutputStream:75 - [STDERR_REDIRECT] [Fatal Error] :1:1: Premature end of file.
2025-01-26 22:56:17,930 [ERROR] LogOutputStream:75 - [STDERR_REDIRECT] 
2025-01-26 22:56:18,931 [ERROR] LogOutputStream:75 - [STDERR_REDIRECT] [Fatal Error] :1:1: Premature end of file.
2025-01-26 22:56:18,931 [ERROR] LogOutputStream:75 - [STDERR_REDIRECT] 
2025-01-26 22:56:19,949 [ERROR] LogOutputStream:75 - [STDERR_REDIRECT] [Fatal Error] :1:1: Premature end of file.
2025-01-26 22:56:19,949 [ERROR] LogOutputStream:75 - [STDERR_REDIRECT] 
2025-01-26 22:56:20,931 [ERROR] LogOutputStream:75 - [STDERR_REDIRECT] [Fatal Error] :1:1: Premature end of file.
2025-01-26 22:56:20,931 [ERROR] LogOutputStream:75 - [STDERR_REDIRECT] 
2025-01-26 22:56:21,929 [ERROR] LogOutputStream:75 - [STDERR_REDIRECT] [Fatal Error] :1:1: Premature end of file.
2025-01-26 22:56:21,929 [ERROR] LogOutputStream:75 - [STDERR_REDIRECT] 
2025-01-26 22:56:22,937 [ERROR] LogOutputStream:75 - [STDERR_REDIRECT] [Fatal Error] :1:1: Premature end of file.
2025-01-26 22:56:22,937 [ERROR] LogOutputStream:75 - [STDERR_REDIRECT] 
2025-01-26 22:56:23,938 [ERROR] LogOutputStream:75 - [STDERR_REDIRECT] [Fatal Error] :1:1: Premature end of file.
2025-01-26 22:56:23,938 [ERROR] LogOutputStream:75 - [STDERR_REDIRECT] 
2025-01-26 22:56:24,938 [ERROR] LogOutputStream:75 - [STDERR_REDIRECT] [Fatal Error] :1:1: Premature end of file.
2025-01-26 22:56:24,938 [ERROR] LogOutputStream:75 - [STDERR_REDIRECT] 
2025-01-26 22:56:25,935 [ERROR] LogOutputStream:75 - [STDERR_REDIRECT] [Fatal Error] :1:1: Premature end of file.
2025-01-26 22:56:25,935 [ERROR] LogOutputStream:75 - [STDERR_REDIRECT] 
2025-01-26 22:56:26,933 [ERROR] LogOutputStream:75 - [STDERR_REDIRECT] [Fatal Error] :1:1: Premature end of file.
2025-01-26 22:56:26,933 [ERROR] LogOutputStream:75 - [STDERR_REDIRECT] 
2025-01-26 22:56:27,935 [ERROR] LogOutputStream:75 - [STDERR_REDIRECT] [Fatal Error] :1:1: Premature end of file.
2025-01-26 22:56:27,935 [ERROR] LogOutputStream:75 - [STDERR_REDIRECT] 
2025-01-26 22:56:28,939 [ERROR] LogOutputStream:75 - [STDERR_REDIRECT] [Fatal Error] :1:1: Premature end of file.
2025-01-26 22:56:28,939 [ERROR] LogOutputStream:75 - [STDERR_REDIRECT] 
2025-01-26 22:56:29,932 [ERROR] LogOutputStream:75 - [STDERR_REDIRECT] [Fatal Error] :1:1: Premature end of file.
2025-01-26 22:56:29,932 [ERROR] LogOutputStream:75 - [STDERR_REDIRECT] 
2025-01-26 22:56:30,944 [ERROR] LogOutputStream:75 - [STDERR_REDIRECT] [Fatal Error] :1:1: Premature end of file.
2025-01-26 22:56:30,944 [ERROR] LogOutputStream:75 - [STDERR_REDIRECT] 
2025-01-26 22:56:31,935 [ERROR] LogOutputStream:75 - [STDERR_REDIRECT] [Fatal Error] :1:1: Premature end of file.
2025-01-26 22:56:31,935 [ERROR] LogOutputStream:75 - [STDERR_REDIRECT] 
2025-01-26 22:56:32,927 [ERROR] LogOutputStream:75 - [STDERR_REDIRECT] [Fatal Error] :1:1: Premature end of file.
2025-01-26 22:56:32,927 [ERROR] LogOutputStream:75 - [STDERR_REDIRECT] 
2025-01-26 22:56:33,931 [ERROR] LogOutputStream:75 - [STDERR_REDIRECT] [Fatal Error] :1:1: Premature end of file.
2025-01-26 22:56:33,931 [ERROR] LogOutputStream:75 - [STDERR_REDIRECT] 
2025-01-26 22:56:34,923 [ERROR] LogOutputStream:75 - [STDERR_REDIRECT] [Fatal Error] :1:1: Premature end of file.
2025-01-26 22:56:34,925 [ERROR] LogOutputStream:75 - [STDERR_REDIRECT] 
2025-01-26 22:56:35,932 [ERROR] LogOutputStream:75 - [STDERR_REDIRECT] [Fatal Error] :1:1: Premature end of file.
2025-01-26 22:56:35,932 [ERROR] LogOutputStream:75 - [STDERR_REDIRECT] 
2025-01-26 22:56:36,937 [ERROR] LogOutputStream:75 - [STDERR_REDIRECT] [Fatal Error] :1:1: Premature end of file.
2025-01-26 22:56:36,937 [ERROR] LogOutputStream:75 - [STDERR_REDIRECT] 
2025-01-26 22:56:37,951 [ERROR] LogOutputStream:75 - [STDERR_REDIRECT] [Fatal Error] :1:1: Premature end of file.
2025-01-26 22:56:37,951 [ERROR] LogOutputStream:75 - [STDERR_REDIRECT] 
2025-01-26 22:56:38,933 [ERROR] LogOutputStream:75 - [STDERR_REDIRECT] [Fatal Error] :1:1: Premature end of file.
2025-01-26 22:56:38,933 [ERROR] LogOutputStream:75 - [STDERR_REDIRECT] 
2025-01-26 22:56:39,935 [ERROR] LogOutputStream:75 - [STDERR_REDIRECT] [Fatal Error] :1:1: Premature end of file.
2025-01-26 22:56:39,935 [ERROR] LogOutputStream:75 - [STDERR_REDIRECT] 
2025-01-26 22:56:40,935 [ERROR] LogOutputStream:75 - [STDERR_REDIRECT] [Fatal Error] :1:1: Premature end of file.
2025-01-26 22:56:40,935 [ERROR] LogOutputStream:75 - [STDERR_REDIRECT] 
2025-01-26 22:56:41,928 [ERROR] LogOutputStream:75 - [STDERR_REDIRECT] [Fatal Error] :1:1: Premature end of file.
2025-01-26 22:56:41,928 [ERROR] LogOutputStream:75 - [STDERR_REDIRECT] 
2025-01-26 22:56:42,934 [ERROR] LogOutputStream:75 - [STDERR_REDIRECT] [Fatal Error] :1:1: Premature end of file.
2025-01-26 22:56:42,934 [ERROR] LogOutputStream:75 - [STDERR_REDIRECT] 
2025-01-26 22:56:43,935 [ERROR] LogOutputStream:75 - [STDERR_REDIRECT] [Fatal Error] :1:1: Premature end of file.
2025-01-26 22:56:43,935 [ERROR] LogOutputStream:75 - [STDERR_REDIRECT] 
2025-01-26 22:56:44,930 [ERROR] LogOutputStream:75 - [STDERR_REDIRECT] [Fatal Error] :1:1: Premature end of file.
2025-01-26 22:56:44,930 [ERROR] LogOutputStream:75 - [STDERR_REDIRECT] 
2025-01-26 22:56:45,943 [ERROR] LogOutputStream:75 - [STDERR_REDIRECT] [Fatal Error] :1:1: Premature end of file.
2025-01-26 22:56:45,943 [ERROR] LogOutputStream:75 - [STDERR_REDIRECT] 
2025-01-26 22:56:46,933 [ERROR] LogOutputStream:75 - [STDERR_REDIRECT] [Fatal Error] :1:1: Premature end of file.
2025-01-26 22:56:46,933 [ERROR] LogOutputStream:75 - [STDERR_REDIRECT] 
2025-01-26 22:56:47,936 [ERROR] LogOutputStream:75 - [STDERR_REDIRECT] [Fatal Error] :1:1: Premature end of file.
2025-01-26 22:56:47,936 [ERROR] LogOutputStream:75 - [STDERR_REDIRECT] 
2025-01-26 22:56:48,933 [ERROR] LogOutputStream:75 - [STDERR_REDIRECT] [Fatal Error] :1:1: Premature end of file.
2025-01-26 22:56:48,933 [ERROR] LogOutputStream:75 - [STDERR_REDIRECT] 
2025-01-26 22:56:49,938 [ERROR] LogOutputStream:75 - [STDERR_REDIRECT] [Fatal Error] :1:1: Premature end of file.
2025-01-26 22:56:49,938 [ERROR] LogOutputStream:75 - [STDERR_REDIRECT] 
2025-01-26 22:56:50,938 [ERROR] LogOutputStream:75 - [STDERR_REDIRECT] [Fatal Error] :1:1: Premature end of file.
2025-01-26 22:56:50,938 [ERROR] LogOutputStream:75 - [STDERR_REDIRECT] 
2025-01-26 22:56:51,940 [ERROR] LogOutputStream:75 - [STDERR_REDIRECT] [Fatal Error] :1:1: Premature end of file.
2025-01-26 22:56:51,940 [ERROR] LogOutputStream:75 - [STDERR_REDIRECT] 
2025-01-26 22:56:52,931 [ERROR] LogOutputStream:75 - [STDERR_REDIRECT] [Fatal Error] :1:1: Premature end of file.
2025-01-26 22:56:52,931 [ERROR] LogOutputStream:75 - [STDERR_REDIRECT] 
2025-01-26 22:56:53,927 [ERROR] LogOutputStream:75 - [STDERR_REDIRECT] [Fatal Error] :1:1: Premature end of file.
2025-01-26 22:56:53,927 [ERROR] LogOutputStream:75 - [STDERR_REDIRECT] 
2025-01-26 22:56:54,937 [ERROR] LogOutputStream:75 - [STDERR_REDIRECT] [Fatal Error] :1:1: Premature end of file.
2025-01-26 22:56:54,937 [ERROR] LogOutputStream:75 - [STDERR_REDIRECT] 
2025-01-26 22:56:55,941 [ERROR] LogOutputStream:75 - [STDERR_REDIRECT] [Fatal Error] :1:1: Premature end of file.
2025-01-26 22:56:55,941 [ERROR] LogOutputStream:75 - [STDERR_REDIRECT] 
2025-01-26 22:56:56,932 [ERROR] LogOutputStream:75 - [STDERR_REDIRECT] [Fatal Error] :1:1: Premature end of file.
2025-01-26 22:56:56,933 [ERROR] LogOutputStream:75 - [STDERR_REDIRECT] 
2025-01-26 22:56:57,936 [ERROR] LogOutputStream:75 - [STDERR_REDIRECT] [Fatal Error] :1:1: Premature end of file.
2025-01-26 22:56:57,936 [ERROR] LogOutputStream:75 - [STDERR_REDIRECT] 
2025-01-26 22:56:58,932 [ERROR] LogOutputStream:75 - [STDERR_REDIRECT] [Fatal Error] :1:1: Premature end of file.
2025-01-26 22:56:58,932 [ERROR] LogOutputStream:75 - [STDERR_REDIRECT] 
2025-01-26 22:56:59,921 [ERROR] LogOutputStream:75 - [STDERR_REDIRECT] [Fatal Error] :1:1: Premature end of file.
2025-01-26 22:56:59,921 [ERROR] LogOutputStream:75 - [STDERR_REDIRECT] 
2025-01-26 22:57:00,938 [ERROR] LogOutputStream:75 - [STDERR_REDIRECT] [Fatal Error] :1:1: Premature end of file.
2025-01-26 22:57:00,938 [ERROR] LogOutputStream:75 - [STDERR_REDIRECT] 
2025-01-26 22:57:01,943 [ERROR] LogOutputStream:75 - [STDERR_REDIRECT] [Fatal Error] :1:1: Premature end of file.
2025-01-26 22:57:01,943 [ERROR] LogOutputStream:75 - [STDERR_REDIRECT] 
2025-01-26 22:57:02,928 [ERROR] LogOutputStream:75 - [STDERR_REDIRECT] [Fatal Error] :1:1: Premature end of file.
2025-01-26 22:57:02,928 [ERROR] LogOutputStream:75 - [STDERR_REDIRECT] 
2025-01-26 22:57:03,938 [ERROR] LogOutputStream:75 - [STDERR_REDIRECT] [Fatal Error] :1:1: Premature end of file.
2025-01-26 22:57:03,938 [ERROR] LogOutputStream:75 - [STDERR_REDIRECT] 
2025-01-26 22:57:04,938 [ERROR] LogOutputStream:75 - [STDERR_REDIRECT] [Fatal Error] :1:1: Premature end of file.
2025-01-26 22:57:04,938 [ERROR] LogOutputStream:75 - [STDERR_REDIRECT] 
2025-01-26 22:57:05,917 [ERROR] LogOutputStream:75 - [STDERR_REDIRECT] [Fatal Error] :1:1: Premature end of file.
2025-01-26 22:57:05,917 [ERROR] LogOutputStream:75 - [STDERR_REDIRECT] 
2025-01-26 22:57:06,934 [ERROR] LogOutputStream:75 - [STDERR_REDIRECT] [Fatal Error] :1:1: Premature end of file.
2025-01-26 22:57:06,934 [ERROR] LogOutputStream:75 - [STDERR_REDIRECT] 
2025-01-26 22:57:07,934 [ERROR] LogOutputStream:75 - [STDERR_REDIRECT] [Fatal Error] :1:1: Premature end of file.
2025-01-26 22:57:07,935 [ERROR] LogOutputStream:75 - [STDERR_REDIRECT] 
2025-01-26 22:57:08,938 [ERROR] LogOutputStream:75 - [STDERR_REDIRECT] [Fatal Error] :1:1: Premature end of file.
2025-01-26 22:57:08,939 [ERROR] LogOutputStream:75 - [STDERR_REDIRECT] 
2025-01-26 22:57:09,939 [ERROR] LogOutputStream:75 - [STDERR_REDIRECT] [Fatal Error] :1:1: Premature end of file.
2025-01-26 22:57:09,939 [ERROR] LogOutputStream:75 - [STDERR_REDIRECT] 
2025-01-26 22:57:10,940 [ERROR] LogOutputStream:75 - [STDERR_REDIRECT] [Fatal Error] :1:1: Premature end of file.
2025-01-26 22:57:10,940 [ERROR] LogOutputStream:75 - [STDERR_REDIRECT] 
2025-01-26 22:57:11,915 [ERROR] LogOutputStream:75 - [STDERR_REDIRECT] [Fatal Error] :1:1: Premature end of file.
2025-01-26 22:57:11,915 [ERROR] LogOutputStream:75 - [STDERR_REDIRECT] 
2025-01-26 22:57:12,961 [ERROR] LogOutputStream:75 - [STDERR_REDIRECT] [Fatal Error] :1:1: Premature end of file.
2025-01-26 22:57:12,962 [ERROR] LogOutputStream:75 - [STDERR_REDIRECT] 
2025-01-26 22:57:13,952 [ERROR] LogOutputStream:75 - [STDERR_REDIRECT] [Fatal Error] :1:1: Premature end of file.
2025-01-26 22:57:13,952 [ERROR] LogOutputStream:75 - [STDERR_REDIRECT] 
2025-01-26 22:57:14,923 [ERROR] LogOutputStream:75 - [STDERR_REDIRECT] [Fatal Error] :1:1: Premature end of file.
2025-01-26 22:57:14,923 [ERROR] LogOutputStream:75 - [STDERR_REDIRECT] 
2025-01-26 22:57:15,952 [ERROR] LogOutputStream:75 - [STDERR_REDIRECT] [Fatal Error] :1:1: Premature end of file.
2025-01-26 22:57:15,952 [ERROR] LogOutputStream:75 - [STDERR_REDIRECT] 
2025-01-26 22:57:16,939 [ERROR] LogOutputStream:75 - [STDERR_REDIRECT] [Fatal Error] :1:1: Premature end of file.
2025-01-26 22:57:16,940 [ERROR] LogOutputStream:75 - [STDERR_REDIRECT] 
2025-01-26 22:57:17,937 [ERROR] LogOutputStream:75 - [STDERR_REDIRECT] [Fatal Error] :1:1: Premature end of file.
2025-01-26 22:57:17,938 [ERROR] LogOutputStream:75 - [STDERR_REDIRECT] 
2025-01-26 22:57:18,917 [ERROR] LogOutputStream:75 - [STDERR_REDIRECT] [Fatal Error] :1:1: Premature end of file.
2025-01-26 22:57:18,917 [ERROR] LogOutputStream:75 - [STDERR_REDIRECT] 
2025-01-26 22:57:19,929 [ERROR] LogOutputStream:75 - [STDERR_REDIRECT] [Fatal Error] :1:1: Premature end of file.
2025-01-26 22:57:19,929 [ERROR] LogOutputStream:75 - [STDERR_REDIRECT] 
2025-01-26 22:57:20,930 [ERROR] LogOutputStream:75 - [STDERR_REDIRECT] [Fatal Error] :1:1: Premature end of file.
2025-01-26 22:57:20,930 [ERROR] LogOutputStream:75 - [STDERR_REDIRECT] 
2025-01-26 22:57:21,927 [ERROR] LogOutputStream:75 - [STDERR_REDIRECT] [Fatal Error] :1:1: Premature end of file.
2025-01-26 22:57:21,928 [ERROR] LogOutputStream:75 - [STDERR_REDIRECT] 
2025-01-26 22:57:22,946 [ERROR] LogOutputStream:75 - [STDERR_REDIRECT] [Fatal Error] :1:1: Premature end of file.
2025-01-26 22:57:22,946 [ERROR] LogOutputStream:75 - [STDERR_REDIRECT] 
2025-01-26 22:57:23,925 [ERROR] LogOutputStream:75 - [STDERR_REDIRECT] [Fatal Error] :1:1: Premature end of file.
2025-01-26 22:57:23,925 [ERROR] LogOutputStream:75 - [STDERR_REDIRECT] 
2025-01-26 22:57:24,930 [ERROR] LogOutputStream:75 - [STDERR_REDIRECT] [Fatal Error] :1:1: Premature end of file.
2025-01-26 22:57:24,930 [ERROR] LogOutputStream:75 - [STDERR_REDIRECT] 
2025-01-26 22:57:25,934 [ERROR] LogOutputStream:75 - [STDERR_REDIRECT] [Fatal Error] :1:1: Premature end of file.
2025-01-26 22:57:25,934 [ERROR] LogOutputStream:75 - [STDERR_REDIRECT] 
2025-01-26 22:57:26,936 [ERROR] LogOutputStream:75 - [STDERR_REDIRECT] [Fatal Error] :1:1: Premature end of file.
2025-01-26 22:57:26,938 [ERROR] LogOutputStream:75 - [STDERR_REDIRECT] 
2025-01-26 22:57:27,924 [ERROR] LogOutputStream:75 - [STDERR_REDIRECT] [Fatal Error] :1:1: Premature end of file.
2025-01-26 22:57:27,925 [ERROR] LogOutputStream:75 - [STDERR_REDIRECT] 
2025-01-26 22:57:28,928 [ERROR] LogOutputStream:75 - [STDERR_REDIRECT] [Fatal Error] :1:1: Premature end of file.
2025-01-26 22:57:28,928 [ERROR] LogOutputStream:75 - [STDERR_REDIRECT] 
2025-01-26 22:57:29,925 [ERROR] LogOutputStream:75 - [STDERR_REDIRECT] [Fatal Error] :1:1: Premature end of file.
2025-01-26 22:57:29,925 [ERROR] LogOutputStream:75 - [STDERR_REDIRECT] 
2025-01-26 22:57:30,922 [ERROR] LogOutputStream:75 - [STDERR_REDIRECT] [Fatal Error] :1:1: Premature end of file.
2025-01-26 22:57:30,922 [ERROR] LogOutputStream:75 - [STDERR_REDIRECT] 
2025-01-26 22:57:31,933 [ERROR] LogOutputStream:75 - [STDERR_REDIRECT] [Fatal Error] :1:1: Premature end of file.
2025-01-26 22:57:31,933 [ERROR] LogOutputStream:75 - [STDERR_REDIRECT] 
2025-01-26 22:57:32,931 [ERROR] LogOutputStream:75 - [STDERR_REDIRECT] [Fatal Error] :1:1: Premature end of file.
2025-01-26 22:57:32,931 [ERROR] LogOutputStream:75 - [STDERR_REDIRECT] 
2025-01-26 22:57:33,931 [ERROR] LogOutputStream:75 - [STDERR_REDIRECT] [Fatal Error] :1:1: Premature end of file.
2025-01-26 22:57:33,931 [ERROR] LogOutputStream:75 - [STDERR_REDIRECT] 
2025-01-26 22:57:34,941 [ERROR] LogOutputStream:75 - [STDERR_REDIRECT] [Fatal Error] :1:1: Premature end of file.
2025-01-26 22:57:34,941 [ERROR] LogOutputStream:75 - [STDERR_REDIRECT] 
2025-01-26 22:57:35,946 [ERROR] LogOutputStream:75 - [STDERR_REDIRECT] [Fatal Error] :1:1: Premature end of file.
2025-01-26 22:57:35,946 [ERROR] LogOutputStream:75 - [STDERR_REDIRECT] 
2025-01-26 22:57:36,927 [ERROR] LogOutputStream:75 - [STDERR_REDIRECT] [Fatal Error] :1:1: Premature end of file.
2025-01-26 22:57:36,927 [ERROR] LogOutputStream:75 - [STDERR_REDIRECT] 
2025-01-26 22:57:37,929 [ERROR] LogOutputStream:75 - [STDERR_REDIRECT] [Fatal Error] :1:1: Premature end of file.
2025-01-26 22:57:37,929 [ERROR] LogOutputStream:75 - [STDERR_REDIRECT] 
2025-01-26 22:57:38,936 [ERROR] LogOutputStream:75 - [STDERR_REDIRECT] [Fatal Error] :1:1: Premature end of file.
2025-01-26 22:57:38,936 [ERROR] LogOutputStream:75 - [STDERR_REDIRECT] 
2025-01-26 22:57:39,941 [ERROR] LogOutputStream:75 - [STDERR_REDIRECT] [Fatal Error] :1:1: Premature end of file.
2025-01-26 22:57:39,942 [ERROR] LogOutputStream:75 - [STDERR_REDIRECT] 
2025-01-26 22:57:40,944 [ERROR] LogOutputStream:75 - [STDERR_REDIRECT] [Fatal Error] :1:1: Premature end of file.
2025-01-26 22:57:40,944 [ERROR] LogOutputStream:75 - [STDERR_REDIRECT] 
2025-01-26 22:57:41,934 [ERROR] LogOutputStream:75 - [STDERR_REDIRECT] [Fatal Error] :1:1: Premature end of file.
2025-01-26 22:57:41,934 [ERROR] LogOutputStream:75 - [STDERR_REDIRECT] 
2025-01-26 22:57:42,930 [ERROR] LogOutputStream:75 - [STDERR_REDIRECT] [Fatal Error] :1:1: Premature end of file.
2025-01-26 22:57:42,930 [ERROR] LogOutputStream:75 - [STDERR_REDIRECT] 
2025-01-26 22:57:43,915 [ERROR] LogOutputStream:75 - [STDERR_REDIRECT] [Fatal Error] :1:1: Premature end of file.
2025-01-26 22:57:43,915 [ERROR] LogOutputStream:75 - [STDERR_REDIRECT] 
2025-01-26 22:57:44,933 [ERROR] LogOutputStream:75 - [STDERR_REDIRECT] [Fatal Error] :1:1: Premature end of file.
2025-01-26 22:57:44,933 [ERROR] LogOutputStream:75 - [STDERR_REDIRECT] 
2025-01-26 22:57:45,928 [ERROR] LogOutputStream:75 - [STDERR_REDIRECT] [Fatal Error] :1:1: Premature end of file.
2025-01-26 22:57:45,928 [ERROR] LogOutputStream:75 - [STDERR_REDIRECT] 
2025-01-26 22:57:46,935 [ERROR] LogOutputStream:75 - [STDERR_REDIRECT] [Fatal Error] :1:1: Premature end of file.
2025-01-26 22:57:46,935 [ERROR] LogOutputStream:75 - [STDERR_REDIRECT] 
2025-01-26 22:57:47,937 [ERROR] LogOutputStream:75 - [STDERR_REDIRECT] [Fatal Error] :1:1: Premature end of file.
2025-01-26 22:57:47,937 [ERROR] LogOutputStream:75 - [STDERR_REDIRECT] 
2025-01-26 22:57:48,938 [ERROR] LogOutputStream:75 - [STDERR_REDIRECT] [Fatal Error] :1:1: Premature end of file.
2025-01-26 22:57:48,938 [ERROR] LogOutputStream:75 - [STDERR_REDIRECT] 
2025-01-26 22:57:49,924 [ERROR] LogOutputStream:75 - [STDERR_REDIRECT] [Fatal Error] :1:1: Premature end of file.
2025-01-26 22:57:49,924 [ERROR] LogOutputStream:75 - [STDERR_REDIRECT] 
2025-01-26 22:57:50,929 [ERROR] LogOutputStream:75 - [STDERR_REDIRECT] [Fatal Error] :1:1: Premature end of file.
2025-01-26 22:57:50,929 [ERROR] LogOutputStream:75 - [STDERR_REDIRECT] 
2025-01-26 22:57:51,928 [ERROR] LogOutputStream:75 - [STDERR_REDIRECT] [Fatal Error] :1:1: Premature end of file.
2025-01-26 22:57:51,928 [ERROR] LogOutputStream:75 - [STDERR_REDIRECT] 
2025-01-26 22:57:52,929 [ERROR] LogOutputStream:75 - [STDERR_REDIRECT] [Fatal Error] :1:1: Premature end of file.
2025-01-26 22:57:52,929 [ERROR] LogOutputStream:75 - [STDERR_REDIRECT] 
2025-01-26 22:57:53,930 [ERROR] LogOutputStream:75 - [STDERR_REDIRECT] [Fatal Error] :1:1: Premature end of file.
2025-01-26 22:57:53,930 [ERROR] LogOutputStream:75 - [STDERR_REDIRECT] 
2025-01-26 22:57:54,937 [ERROR] LogOutputStream:75 - [STDERR_REDIRECT] [Fatal Error] :1:1: Premature end of file.
2025-01-26 22:57:54,937 [ERROR] LogOutputStream:75 - [STDERR_REDIRECT] 
2025-01-26 22:57:55,933 [ERROR] LogOutputStream:75 - [STDERR_REDIRECT] [Fatal Error] :1:1: Premature end of file.
2025-01-26 22:57:55,933 [ERROR] LogOutputStream:75 - [STDERR_REDIRECT] 
2025-01-26 22:57:56,941 [ERROR] LogOutputStream:75 - [STDERR_REDIRECT] [Fatal Error] :1:1: Premature end of file.
2025-01-26 22:57:56,942 [ERROR] LogOutputStream:75 - [STDERR_REDIRECT] 
2025-01-26 22:57:57,939 [ERROR] LogOutputStream:75 - [STDERR_REDIRECT] [Fatal Error] :1:1: Premature end of file.
2025-01-26 22:57:57,939 [ERROR] LogOutputStream:75 - [STDERR_REDIRECT] 
2025-01-26 22:57:58,936 [ERROR] LogOutputStream:75 - [STDERR_REDIRECT] [Fatal Error] :1:1: Premature end of file.
2025-01-26 22:57:58,936 [ERROR] LogOutputStream:75 - [STDERR_REDIRECT] 
2025-01-26 22:57:59,937 [ERROR] LogOutputStream:75 - [STDERR_REDIRECT] [Fatal Error] :1:1: Premature end of file.
2025-01-26 22:57:59,937 [ERROR] LogOutputStream:75 - [STDERR_REDIRECT] 
2025-01-26 22:58:00,939 [ERROR] LogOutputStream:75 - [STDERR_REDIRECT] [Fatal Error] :1:1: Premature end of file.
2025-01-26 22:58:00,939 [ERROR] LogOutputStream:75 - [STDERR_REDIRECT] 
2025-01-26 22:58:01,935 [ERROR] LogOutputStream:75 - [STDERR_REDIRECT] [Fatal Error] :1:1: Premature end of file.
2025-01-26 22:58:01,935 [ERROR] LogOutputStream:75 - [STDERR_REDIRECT] 
2025-01-26 22:58:02,927 [ERROR] LogOutputStream:75 - [STDERR_REDIRECT] [Fatal Error] :1:1: Premature end of file.
2025-01-26 22:58:02,927 [ERROR] LogOutputStream:75 - [STDERR_REDIRECT] 
2025-01-26 22:58:03,935 [ERROR] LogOutputStream:75 - [STDERR_REDIRECT] [Fatal Error] :1:1: Premature end of file.
2025-01-26 22:58:03,935 [ERROR] LogOutputStream:75 - [STDERR_REDIRECT] 
2025-01-26 22:58:04,926 [ERROR] LogOutputStream:75 - [STDERR_REDIRECT] [Fatal Error] :1:1: Premature end of file.
2025-01-26 22:58:04,926 [ERROR] LogOutputStream:75 - [STDERR_REDIRECT] 
2025-01-26 22:58:05,925 [ERROR] LogOutputStream:75 - [STDERR_REDIRECT] [Fatal Error] :1:1: Premature end of file.
2025-01-26 22:58:05,925 [ERROR] LogOutputStream:75 - [STDERR_REDIRECT] 
2025-01-26 22:58:06,933 [ERROR] LogOutputStream:75 - [STDERR_REDIRECT] [Fatal Error] :1:1: Premature end of file.
2025-01-26 22:58:06,933 [ERROR] LogOutputStream:75 - [STDERR_REDIRECT] 
2025-01-26 22:58:07,937 [ERROR] LogOutputStream:75 - [STDERR_REDIRECT] [Fatal Error] :1:1: Premature end of file.
2025-01-26 22:58:07,937 [ERROR] LogOutputStream:75 - [STDERR_REDIRECT] 
2025-01-26 22:58:08,929 [ERROR] LogOutputStream:75 - [STDERR_REDIRECT] [Fatal Error] :1:1: Premature end of file.
2025-01-26 22:58:08,929 [ERROR] LogOutputStream:75 - [STDERR_REDIRECT] 
2025-01-26 22:58:09,941 [ERROR] LogOutputStream:75 - [STDERR_REDIRECT] [Fatal Error] :1:1: Premature end of file.
2025-01-26 22:58:09,942 [ERROR] LogOutputStream:75 - [STDERR_REDIRECT] 
2025-01-26 22:58:10,933 [ERROR] LogOutputStream:75 - [STDERR_REDIRECT] [Fatal Error] :1:1: Premature end of file.
2025-01-26 22:58:10,933 [ERROR] LogOutputStream:75 - [STDERR_REDIRECT] 
2025-01-26 22:58:11,929 [ERROR] LogOutputStream:75 - [STDERR_REDIRECT] [Fatal Error] :1:1: Premature end of file.
2025-01-26 22:58:11,931 [ERROR] LogOutputStream:75 - [STDERR_REDIRECT] 
2025-01-26 22:58:12,940 [ERROR] LogOutputStream:75 - [STDERR_REDIRECT] [Fatal Error] :1:1: Premature end of file.
2025-01-26 22:58:12,940 [ERROR] LogOutputStream:75 - [STDERR_REDIRECT] 
2025-01-26 22:58:13,937 [ERROR] LogOutputStream:75 - [STDERR_REDIRECT] [Fatal Error] :1:1: Premature end of file.
2025-01-26 22:58:13,937 [ERROR] LogOutputStream:75 - [STDERR_REDIRECT] 
2025-01-26 22:58:14,941 [ERROR] LogOutputStream:75 - [STDERR_REDIRECT] [Fatal Error] :1:1: Premature end of file.
2025-01-26 22:58:14,941 [ERROR] LogOutputStream:75 - [STDERR_REDIRECT] 
2025-01-26 22:58:15,938 [ERROR] LogOutputStream:75 - [STDERR_REDIRECT] [Fatal Error] :1:1: Premature end of file.
2025-01-26 22:58:15,938 [ERROR] LogOutputStream:75 - [STDERR_REDIRECT] 
2025-01-26 22:58:16,938 [ERROR] LogOutputStream:75 - [STDERR_REDIRECT] [Fatal Error] :1:1: Premature end of file.
2025-01-26 22:58:16,938 [ERROR] LogOutputStream:75 - [STDERR_REDIRECT] 
2025-01-26 22:58:17,929 [ERROR] LogOutputStream:75 - [STDERR_REDIRECT] [Fatal Error] :1:1: Premature end of file.
2025-01-26 22:58:17,929 [ERROR] LogOutputStream:75 - [STDERR_REDIRECT] 
2025-01-26 22:58:18,932 [ERROR] LogOutputStream:75 - [STDERR_REDIRECT] [Fatal Error] :1:1: Premature end of file.
2025-01-26 22:58:18,932 [ERROR] LogOutputStream:75 - [STDERR_REDIRECT] 
2025-01-26 22:58:19,933 [ERROR] LogOutputStream:75 - [STDERR_REDIRECT] [Fatal Error] :1:1: Premature end of file.
2025-01-26 22:58:19,933 [ERROR] LogOutputStream:75 - [STDERR_REDIRECT] 
2025-01-26 22:58:20,938 [ERROR] LogOutputStream:75 - [STDERR_REDIRECT] [Fatal Error] :1:1: Premature end of file.
2025-01-26 22:58:20,938 [ERROR] LogOutputStream:75 - [STDERR_REDIRECT] 
2025-01-26 22:58:21,934 [ERROR] LogOutputStream:75 - [STDERR_REDIRECT] [Fatal Error] :1:1: Premature end of file.
2025-01-26 22:58:21,934 [ERROR] LogOutputStream:75 - [STDERR_REDIRECT] 
2025-01-26 22:58:22,923 [ERROR] LogOutputStream:75 - [STDERR_REDIRECT] [Fatal Error] :1:1: Premature end of file.
2025-01-26 22:58:22,923 [ERROR] LogOutputStream:75 - [STDERR_REDIRECT] 
2025-01-26 22:58:23,935 [ERROR] LogOutputStream:75 - [STDERR_REDIRECT] [Fatal Error] :1:1: Premature end of file.
2025-01-26 22:58:23,935 [ERROR] LogOutputStream:75 - [STDERR_REDIRECT] 
2025-01-26 22:58:24,943 [ERROR] LogOutputStream:75 - [STDERR_REDIRECT] [Fatal Error] :1:1: Premature end of file.
2025-01-26 22:58:24,943 [ERROR] LogOutputStream:75 - [STDERR_REDIRECT] 
2025-01-26 22:58:25,932 [ERROR] LogOutputStream:75 - [STDERR_REDIRECT] [Fatal Error] :1:1: Premature end of file.
2025-01-26 22:58:25,932 [ERROR] LogOutputStream:75 - [STDERR_REDIRECT] 
2025-01-26 22:58:26,917 [ERROR] LogOutputStream:75 - [STDERR_REDIRECT] [Fatal Error] :1:1: Premature end of file.
2025-01-26 22:58:26,917 [ERROR] LogOutputStream:75 - [STDERR_REDIRECT] 
2025-01-26 22:58:27,921 [ERROR] LogOutputStream:75 - [STDERR_REDIRECT] [Fatal Error] :1:1: Premature end of file.
2025-01-26 22:58:27,921 [ERROR] LogOutputStream:75 - [STDERR_REDIRECT] 
2025-01-26 22:58:28,933 [ERROR] LogOutputStream:75 - [STDERR_REDIRECT] [Fatal Error] :1:1: Premature end of file.
2025-01-26 22:58:28,934 [ERROR] LogOutputStream:75 - [STDERR_REDIRECT] 
2025-01-26 22:58:29,942 [ERROR] LogOutputStream:75 - [STDERR_REDIRECT] [Fatal Error] :1:1: Premature end of file.
2025-01-26 22:58:29,942 [ERROR] LogOutputStream:75 - [STDERR_REDIRECT] 
2025-01-26 22:58:30,937 [ERROR] LogOutputStream:75 - [STDERR_REDIRECT] [Fatal Error] :1:1: Premature end of file.
2025-01-26 22:58:30,937 [ERROR] LogOutputStream:75 - [STDERR_REDIRECT] 
2025-01-26 22:58:31,942 [ERROR] LogOutputStream:75 - [STDERR_REDIRECT] [Fatal Error] :1:1: Premature end of file.
2025-01-26 22:58:31,942 [ERROR] LogOutputStream:75 - [STDERR_REDIRECT] 
2025-01-26 22:58:32,943 [ERROR] LogOutputStream:75 - [STDERR_REDIRECT] [Fatal Error] :1:1: Premature end of file.
2025-01-26 22:58:32,943 [ERROR] LogOutputStream:75 - [STDERR_REDIRECT] 
2025-01-26 22:58:33,928 [ERROR] LogOutputStream:75 - [STDERR_REDIRECT] [Fatal Error] :1:1: Premature end of file.
2025-01-26 22:58:33,928 [ERROR] LogOutputStream:75 - [STDERR_REDIRECT] 
2025-01-26 22:58:34,940 [ERROR] LogOutputStream:75 - [STDERR_REDIRECT] [Fatal Error] :1:1: Premature end of file.
2025-01-26 22:58:34,940 [ERROR] LogOutputStream:75 - [STDERR_REDIRECT] 
2025-01-26 22:58:35,936 [ERROR] LogOutputStream:75 - [STDERR_REDIRECT] [Fatal Error] :1:1: Premature end of file.
2025-01-26 22:58:35,936 [ERROR] LogOutputStream:75 - [STDERR_REDIRECT] 
2025-01-26 22:58:36,938 [ERROR] LogOutputStream:75 - [STDERR_REDIRECT] [Fatal Error] :1:1: Premature end of file.
2025-01-26 22:58:36,938 [ERROR] LogOutputStream:75 - [STDERR_REDIRECT] 
2025-01-26 22:58:37,954 [ERROR] LogOutputStream:75 - [STDERR_REDIRECT] [Fatal Error] :1:1: Premature end of file.
2025-01-26 22:58:37,954 [ERROR] LogOutputStream:75 - [STDERR_REDIRECT] 
2025-01-26 22:58:38,931 [ERROR] LogOutputStream:75 - [STDERR_REDIRECT] [Fatal Error] :1:1: Premature end of file.
2025-01-26 22:58:38,931 [ERROR] LogOutputStream:75 - [STDERR_REDIRECT] 
2025-01-26 22:58:39,935 [ERROR] LogOutputStream:75 - [STDERR_REDIRECT] [Fatal Error] :1:1: Premature end of file.
2025-01-26 22:58:39,935 [ERROR] LogOutputStream:75 - [STDERR_REDIRECT] 
2025-01-26 22:58:40,941 [ERROR] LogOutputStream:75 - [STDERR_REDIRECT] [Fatal Error] :1:1: Premature end of file.
2025-01-26 22:58:40,941 [ERROR] LogOutputStream:75 - [STDERR_REDIRECT] 
2025-01-26 22:58:41,939 [ERROR] LogOutputStream:75 - [STDERR_REDIRECT] [Fatal Error] :1:1: Premature end of file.
2025-01-26 22:58:41,940 [ERROR] LogOutputStream:75 - [STDERR_REDIRECT] 
2025-01-26 22:58:42,942 [ERROR] LogOutputStream:75 - [STDERR_REDIRECT] [Fatal Error] :1:1: Premature end of file.
2025-01-26 22:58:42,942 [ERROR] LogOutputStream:75 - [STDERR_REDIRECT] 
2025-01-26 22:58:43,938 [ERROR] LogOutputStream:75 - [STDERR_REDIRECT] [Fatal Error] :1:1: Premature end of file.
2025-01-26 22:58:43,938 [ERROR] LogOutputStream:75 - [STDERR_REDIRECT] 
2025-01-26 22:58:44,924 [ERROR] LogOutputStream:75 - [STDERR_REDIRECT] [Fatal Error] :1:1: Premature end of file.
2025-01-26 22:58:44,924 [ERROR] LogOutputStream:75 - [STDERR_REDIRECT] 
2025-01-26 22:58:45,926 [ERROR] LogOutputStream:75 - [STDERR_REDIRECT] [Fatal Error] :1:1: Premature end of file.
2025-01-26 22:58:45,926 [ERROR] LogOutputStream:75 - [STDERR_REDIRECT] 
2025-01-26 22:58:46,925 [ERROR] LogOutputStream:75 - [STDERR_REDIRECT] [Fatal Error] :1:1: Premature end of file.
2025-01-26 22:58:46,925 [ERROR] LogOutputStream:75 - [STDERR_REDIRECT] 
2025-01-26 22:58:47,930 [ERROR] LogOutputStream:75 - [STDERR_REDIRECT] [Fatal Error] :1:1: Premature end of file.
2025-01-26 22:58:47,932 [ERROR] LogOutputStream:75 - [STDERR_REDIRECT] 
2025-01-26 22:58:48,941 [ERROR] LogOutputStream:75 - [STDERR_REDIRECT] [Fatal Error] :1:1: Premature end of file.
2025-01-26 22:58:48,941 [ERROR] LogOutputStream:75 - [STDERR_REDIRECT] 
2025-01-26 22:58:49,936 [ERROR] LogOutputStream:75 - [STDERR_REDIRECT] [Fatal Error] :1:1: Premature end of file.
2025-01-26 22:58:49,936 [ERROR] LogOutputStream:75 - [STDERR_REDIRECT] 
2025-01-26 22:58:50,928 [ERROR] LogOutputStream:75 - [STDERR_REDIRECT] [Fatal Error] :1:1: Premature end of file.
2025-01-26 22:58:50,928 [ERROR] LogOutputStream:75 - [STDERR_REDIRECT] 
2025-01-26 22:58:51,939 [ERROR] LogOutputStream:75 - [STDERR_REDIRECT] [Fatal Error] :1:1: Premature end of file.
2025-01-26 22:58:51,939 [ERROR] LogOutputStream:75 - [STDERR_REDIRECT] 
2025-01-26 22:58:52,931 [ERROR] LogOutputStream:75 - [STDERR_REDIRECT] [Fatal Error] :1:1: Premature end of file.
2025-01-26 22:58:52,931 [ERROR] LogOutputStream:75 - [STDERR_REDIRECT] 
2025-01-26 22:58:53,941 [ERROR] LogOutputStream:75 - [STDERR_REDIRECT] [Fatal Error] :1:1: Premature end of file.
2025-01-26 22:58:53,941 [ERROR] LogOutputStream:75 - [STDERR_REDIRECT] 
2025-01-26 22:58:54,937 [ERROR] LogOutputStream:75 - [STDERR_REDIRECT] [Fatal Error] :1:1: Premature end of file.
2025-01-26 22:58:54,937 [ERROR] LogOutputStream:75 - [STDERR_REDIRECT] 
2025-01-26 22:58:55,925 [ERROR] LogOutputStream:75 - [STDERR_REDIRECT] [Fatal Error] :1:1: Premature end of file.
2025-01-26 22:58:55,925 [ERROR] LogOutputStream:75 - [STDERR_REDIRECT] 
2025-01-26 22:58:56,932 [ERROR] LogOutputStream:75 - [STDERR_REDIRECT] [Fatal Error] :1:1: Premature end of file.
2025-01-26 22:58:56,932 [ERROR] LogOutputStream:75 - [STDERR_REDIRECT] 
2025-01-26 22:58:57,925 [ERROR] LogOutputStream:75 - [STDERR_REDIRECT] [Fatal Error] :1:1: Premature end of file.
2025-01-26 22:58:57,925 [ERROR] LogOutputStream:75 - [STDERR_REDIRECT] 
2025-01-26 22:58:58,941 [ERROR] LogOutputStream:75 - [STDERR_REDIRECT] [Fatal Error] :1:1: Premature end of file.
2025-01-26 22:58:58,941 [ERROR] LogOutputStream:75 - [STDERR_REDIRECT] 
2025-01-26 22:58:59,933 [ERROR] LogOutputStream:75 - [STDERR_REDIRECT] [Fatal Error] :1:1: Premature end of file.
2025-01-26 22:58:59,933 [ERROR] LogOutputStream:75 - [STDERR_REDIRECT] 
2025-01-26 22:59:00,936 [ERROR] LogOutputStream:75 - [STDERR_REDIRECT] [Fatal Error] :1:1: Premature end of file.
2025-01-26 22:59:00,936 [ERROR] LogOutputStream:75 - [STDERR_REDIRECT] 
2025-01-26 22:59:01,938 [ERROR] LogOutputStream:75 - [STDERR_REDIRECT] [Fatal Error] :1:1: Premature end of file.
2025-01-26 22:59:01,938 [ERROR] LogOutputStream:75 - [STDERR_REDIRECT] 
2025-01-26 22:59:02,936 [ERROR] LogOutputStream:75 - [STDERR_REDIRECT] [Fatal Error] :1:1: Premature end of file.
2025-01-26 22:59:02,936 [ERROR] LogOutputStream:75 - [STDERR_REDIRECT] 
2025-01-26 22:59:03,933 [ERROR] LogOutputStream:75 - [STDERR_REDIRECT] [Fatal Error] :1:1: Premature end of file.
2025-01-26 22:59:03,933 [ERROR] LogOutputStream:75 - [STDERR_REDIRECT] 
2025-01-26 22:59:04,918 [ERROR] LogOutputStream:75 - [STDERR_REDIRECT] [Fatal Error] :1:1: Premature end of file.
2025-01-26 22:59:04,918 [ERROR] LogOutputStream:75 - [STDERR_REDIRECT] 
2025-01-26 22:59:05,920 [ERROR] LogOutputStream:75 - [STDERR_REDIRECT] [Fatal Error] :1:1: Premature end of file.
2025-01-26 22:59:05,920 [ERROR] LogOutputStream:75 - [STDERR_REDIRECT] 
2025-01-26 22:59:06,920 [ERROR] LogOutputStream:75 - [STDERR_REDIRECT] [Fatal Error] :1:1: Premature end of file.
2025-01-26 22:59:06,920 [ERROR] LogOutputStream:75 - [STDERR_REDIRECT] 
2025-01-26 22:59:07,917 [ERROR] LogOutputStream:75 - [STDERR_REDIRECT] [Fatal Error] :1:1: Premature end of file.
2025-01-26 22:59:07,917 [ERROR] LogOutputStream:75 - [STDERR_REDIRECT] 
2025-01-26 22:59:08,939 [ERROR] LogOutputStream:75 - [STDERR_REDIRECT] [Fatal Error] :1:1: Premature end of file.
2025-01-26 22:59:08,939 [ERROR] LogOutputStream:75 - [STDERR_REDIRECT] 
2025-01-26 22:59:09,923 [ERROR] LogOutputStream:75 - [STDERR_REDIRECT] [Fatal Error] :1:1: Premature end of file.
2025-01-26 22:59:09,923 [ERROR] LogOutputStream:75 - [STDERR_REDIRECT] 
2025-01-26 22:59:10,925 [ERROR] LogOutputStream:75 - [STDERR_REDIRECT] [Fatal Error] :1:1: Premature end of file.
2025-01-26 22:59:10,925 [ERROR] LogOutputStream:75 - [STDERR_REDIRECT] 
2025-01-26 22:59:11,934 [ERROR] LogOutputStream:75 - [STDERR_REDIRECT] [Fatal Error] :1:1: Premature end of file.
2025-01-26 22:59:11,934 [ERROR] LogOutputStream:75 - [STDERR_REDIRECT] 
2025-01-26 22:59:12,927 [ERROR] LogOutputStream:75 - [STDERR_REDIRECT] [Fatal Error] :1:1: Premature end of file.
2025-01-26 22:59:12,927 [ERROR] LogOutputStream:75 - [STDERR_REDIRECT] 
2025-01-26 22:59:13,935 [ERROR] LogOutputStream:75 - [STDERR_REDIRECT] [Fatal Error] :1:1: Premature end of file.
2025-01-26 22:59:13,935 [ERROR] LogOutputStream:75 - [STDERR_REDIRECT] 
2025-01-26 22:59:14,917 [ERROR] LogOutputStream:75 - [STDERR_REDIRECT] [Fatal Error] :1:1: Premature end of file.
2025-01-26 22:59:14,917 [ERROR] LogOutputStream:75 - [STDERR_REDIRECT] 
2025-01-26 22:59:15,921 [ERROR] LogOutputStream:75 - [STDERR_REDIRECT] [Fatal Error] :1:1: Premature end of file.
2025-01-26 22:59:15,921 [ERROR] LogOutputStream:75 - [STDERR_REDIRECT] 
2025-01-26 22:59:16,940 [ERROR] LogOutputStream:75 - [STDERR_REDIRECT] [Fatal Error] :1:1: Premature end of file.
2025-01-26 22:59:16,942 [ERROR] LogOutputStream:75 - [STDERR_REDIRECT] 
2025-01-26 22:59:17,924 [ERROR] LogOutputStream:75 - [STDERR_REDIRECT] [Fatal Error] :1:1: Premature end of file.
2025-01-26 22:59:17,924 [ERROR] LogOutputStream:75 - [STDERR_REDIRECT] 
2025-01-26 22:59:18,936 [ERROR] LogOutputStream:75 - [STDERR_REDIRECT] [Fatal Error] :1:1: Premature end of file.
2025-01-26 22:59:18,936 [ERROR] LogOutputStream:75 - [STDERR_REDIRECT] 
2025-01-26 22:59:19,934 [ERROR] LogOutputStream:75 - [STDERR_REDIRECT] [Fatal Error] :1:1: Premature end of file.
2025-01-26 22:59:19,934 [ERROR] LogOutputStream:75 - [STDERR_REDIRECT] 
2025-01-26 22:59:20,930 [ERROR] LogOutputStream:75 - [STDERR_REDIRECT] [Fatal Error] :1:1: Premature end of file.
2025-01-26 22:59:20,930 [ERROR] LogOutputStream:75 - [STDERR_REDIRECT] 
2025-01-26 22:59:21,942 [ERROR] LogOutputStream:75 - [STDERR_REDIRECT] [Fatal Error] :1:1: Premature end of file.
2025-01-26 22:59:21,942 [ERROR] LogOutputStream:75 - [STDERR_REDIRECT] 
2025-01-26 22:59:22,940 [ERROR] LogOutputStream:75 - [STDERR_REDIRECT] [Fatal Error] :1:1: Premature end of file.
2025-01-26 22:59:22,940 [ERROR] LogOutputStream:75 - [STDERR_REDIRECT] 
2025-01-26 22:59:23,927 [ERROR] LogOutputStream:75 - [STDERR_REDIRECT] [Fatal Error] :1:1: Premature end of file.
2025-01-26 22:59:23,927 [ERROR] LogOutputStream:75 - [STDERR_REDIRECT] 
2025-01-26 22:59:24,937 [ERROR] LogOutputStream:75 - [STDERR_REDIRECT] [Fatal Error] :1:1: Premature end of file.
2025-01-26 22:59:24,937 [ERROR] LogOutputStream:75 - [STDERR_REDIRECT] 
2025-01-26 22:59:25,944 [ERROR] LogOutputStream:75 - [STDERR_REDIRECT] [Fatal Error] :1:1: Premature end of file.
2025-01-26 22:59:25,944 [ERROR] LogOutputStream:75 - [STDERR_REDIRECT] 
2025-01-26 22:59:26,942 [ERROR] LogOutputStream:75 - [STDERR_REDIRECT] [Fatal Error] :1:1: Premature end of file.
2025-01-26 22:59:26,942 [ERROR] LogOutputStream:75 - [STDERR_REDIRECT] 
2025-01-26 22:59:27,920 [ERROR] LogOutputStream:75 - [STDERR_REDIRECT] [Fatal Error] :1:1: Premature end of file.
2025-01-26 22:59:27,920 [ERROR] LogOutputStream:75 - [STDERR_REDIRECT] 
2025-01-26 22:59:28,915 [ERROR] LogOutputStream:75 - [STDERR_REDIRECT] [Fatal Error] :1:1: Premature end of file.
2025-01-26 22:59:28,915 [ERROR] LogOutputStream:75 - [STDERR_REDIRECT] 
2025-01-26 22:59:29,937 [ERROR] LogOutputStream:75 - [STDERR_REDIRECT] [Fatal Error] :1:1: Premature end of file.
2025-01-26 22:59:29,937 [ERROR] LogOutputStream:75 - [STDERR_REDIRECT] 
2025-01-26 22:59:30,918 [ERROR] LogOutputStream:75 - [STDERR_REDIRECT] [Fatal Error] :1:1: Premature end of file.
2025-01-26 22:59:30,918 [ERROR] LogOutputStream:75 - [STDERR_REDIRECT] 
2025-01-26 22:59:31,939 [ERROR] LogOutputStream:75 - [STDERR_REDIRECT] [Fatal Error] :1:1: Premature end of file.
2025-01-26 22:59:31,939 [ERROR] LogOutputStream:75 - [STDERR_REDIRECT] 
2025-01-26 22:59:32,936 [ERROR] LogOutputStream:75 - [STDERR_REDIRECT] [Fatal Error] :1:1: Premature end of file.
2025-01-26 22:59:32,936 [ERROR] LogOutputStream:75 - [STDERR_REDIRECT] 
2025-01-26 22:59:33,929 [ERROR] LogOutputStream:75 - [STDERR_REDIRECT] [Fatal Error] :1:1: Premature end of file.
2025-01-26 22:59:33,929 [ERROR] LogOutputStream:75 - [STDERR_REDIRECT] 
2025-01-26 22:59:34,917 [ERROR] LogOutputStream:75 - [STDERR_REDIRECT] [Fatal Error] :1:1: Premature end of file.
2025-01-26 22:59:34,917 [ERROR] LogOutputStream:75 - [STDERR_REDIRECT] 
2025-01-26 22:59:35,927 [ERROR] LogOutputStream:75 - [STDERR_REDIRECT] [Fatal Error] :1:1: Premature end of file.
2025-01-26 22:59:35,927 [ERROR] LogOutputStream:75 - [STDERR_REDIRECT] 
2025-01-26 22:59:36,921 [ERROR] LogOutputStream:75 - [STDERR_REDIRECT] [Fatal Error] :1:1: Premature end of file.
2025-01-26 22:59:36,921 [ERROR] LogOutputStream:75 - [STDERR_REDIRECT] 
2025-01-26 22:59:37,932 [ERROR] LogOutputStream:75 - [STDERR_REDIRECT] [Fatal Error] :1:1: Premature end of file.
2025-01-26 22:59:37,932 [ERROR] LogOutputStream:75 - [STDERR_REDIRECT] 
2025-01-26 22:59:38,937 [ERROR] LogOutputStream:75 - [STDERR_REDIRECT] [Fatal Error] :1:1: Premature end of file.
2025-01-26 22:59:38,937 [ERROR] LogOutputStream:75 - [STDERR_REDIRECT] 
2025-01-26 22:59:39,927 [ERROR] LogOutputStream:75 - [STDERR_REDIRECT] [Fatal Error] :1:1: Premature end of file.
2025-01-26 22:59:39,927 [ERROR] LogOutputStream:75 - [STDERR_REDIRECT] 
2025-01-26 22:59:40,939 [ERROR] LogOutputStream:75 - [STDERR_REDIRECT] [Fatal Error] :1:1: Premature end of file.
2025-01-26 22:59:40,939 [ERROR] LogOutputStream:75 - [STDERR_REDIRECT] 
2025-01-26 22:59:41,937 [ERROR] LogOutputStream:75 - [STDERR_REDIRECT] [Fatal Error] :1:1: Premature end of file.
2025-01-26 22:59:41,937 [ERROR] LogOutputStream:75 - [STDERR_REDIRECT] 
2025-01-26 22:59:42,920 [ERROR] LogOutputStream:75 - [STDERR_REDIRECT] [Fatal Error] :1:1: Premature end of file.
2025-01-26 22:59:42,920 [ERROR] LogOutputStream:75 - [STDERR_REDIRECT] 
2025-01-26 22:59:43,939 [ERROR] LogOutputStream:75 - [STDERR_REDIRECT] [Fatal Error] :1:1: Premature end of file.
2025-01-26 22:59:43,939 [ERROR] LogOutputStream:75 - [STDERR_REDIRECT] 
2025-01-26 22:59:44,927 [ERROR] LogOutputStream:75 - [STDERR_REDIRECT] [Fatal Error] :1:1: Premature end of file.
2025-01-26 22:59:44,927 [ERROR] LogOutputStream:75 - [STDERR_REDIRECT] 
2025-01-26 22:59:45,953 [ERROR] LogOutputStream:75 - [STDERR_REDIRECT] [Fatal Error] :1:1: Premature end of file.
2025-01-26 22:59:45,953 [ERROR] LogOutputStream:75 - [STDERR_REDIRECT] 
2025-01-26 22:59:46,941 [ERROR] LogOutputStream:75 - [STDERR_REDIRECT] [Fatal Error] :1:1: Premature end of file.
2025-01-26 22:59:46,941 [ERROR] LogOutputStream:75 - [STDERR_REDIRECT] 
2025-01-26 22:59:47,929 [ERROR] LogOutputStream:75 - [STDERR_REDIRECT] [Fatal Error] :1:1: Premature end of file.
2025-01-26 22:59:47,929 [ERROR] LogOutputStream:75 - [STDERR_REDIRECT] 
2025-01-26 22:59:48,934 [ERROR] LogOutputStream:75 - [STDERR_REDIRECT] [Fatal Error] :1:1: Premature end of file.
2025-01-26 22:59:48,934 [ERROR] LogOutputStream:75 - [STDERR_REDIRECT] 
2025-01-26 22:59:49,925 [ERROR] LogOutputStream:75 - [STDERR_REDIRECT] [Fatal Error] :1:1: Premature end of file.
2025-01-26 22:59:49,925 [ERROR] LogOutputStream:75 - [STDERR_REDIRECT] 
2025-01-26 22:59:50,933 [ERROR] LogOutputStream:75 - [STDERR_REDIRECT] [Fatal Error] :1:1: Premature end of file.
2025-01-26 22:59:50,933 [ERROR] LogOutputStream:75 - [STDERR_REDIRECT] 
2025-01-26 22:59:51,937 [ERROR] LogOutputStream:75 - [STDERR_REDIRECT] [Fatal Error] :1:1: Premature end of file.
2025-01-26 22:59:51,937 [ERROR] LogOutputStream:75 - [STDERR_REDIRECT] 
2025-01-26 22:59:52,944 [ERROR] LogOutputStream:75 - [STDERR_REDIRECT] [Fatal Error] :1:1: Premature end of file.
2025-01-26 22:59:52,944 [ERROR] LogOutputStream:75 - [STDERR_REDIRECT] 
2025-01-26 22:59:53,930 [ERROR] LogOutputStream:75 - [STDERR_REDIRECT] [Fatal Error] :1:1: Premature end of file.
2025-01-26 22:59:53,930 [ERROR] LogOutputStream:75 - [STDERR_REDIRECT] 
2025-01-26 22:59:54,934 [ERROR] LogOutputStream:75 - [STDERR_REDIRECT] [Fatal Error] :1:1: Premature end of file.
2025-01-26 22:59:54,934 [ERROR] LogOutputStream:75 - [STDERR_REDIRECT] 
2025-01-26 22:59:55,930 [ERROR] LogOutputStream:75 - [STDERR_REDIRECT] [Fatal Error] :1:1: Premature end of file.
2025-01-26 22:59:55,930 [ERROR] LogOutputStream:75 - [STDERR_REDIRECT] 
2025-01-26 22:59:56,935 [ERROR] LogOutputStream:75 - [STDERR_REDIRECT] [Fatal Error] :1:1: Premature end of file.
2025-01-26 22:59:56,935 [ERROR] LogOutputStream:75 - [STDERR_REDIRECT] 
2025-01-26 22:59:57,940 [ERROR] LogOutputStream:75 - [STDERR_REDIRECT] [Fatal Error] :1:1: Premature end of file.
2025-01-26 22:59:57,940 [ERROR] LogOutputStream:75 - [STDERR_REDIRECT] 
2025-01-26 22:59:58,944 [ERROR] LogOutputStream:75 - [STDERR_REDIRECT] [Fatal Error] :1:1: Premature end of file.
2025-01-26 22:59:58,944 [ERROR] LogOutputStream:75 - [STDERR_REDIRECT] 
2025-01-26 22:59:59,933 [ERROR] LogOutputStream:75 - [STDERR_REDIRECT] [Fatal Error] :1:1: Premature end of file.
2025-01-26 22:59:59,933 [ERROR] LogOutputStream:75 - [STDERR_REDIRECT] 
2025-01-26 23:00:00,933 [ERROR] LogOutputStream:75 - [STDERR_REDIRECT] [Fatal Error] :1:1: Premature end of file.
2025-01-26 23:00:00,933 [ERROR] LogOutputStream:75 - [STDERR_REDIRECT] 
2025-01-26 23:00:01,940 [ERROR] LogOutputStream:75 - [STDERR_REDIRECT] [Fatal Error] :1:1: Premature end of file.
2025-01-26 23:00:01,940 [ERROR] LogOutputStream:75 - [STDERR_REDIRECT] 
2025-01-26 23:00:02,926 [ERROR] LogOutputStream:75 - [STDERR_REDIRECT] [Fatal Error] :1:1: Premature end of file.
2025-01-26 23:00:02,926 [ERROR] LogOutputStream:75 - [STDERR_REDIRECT] 
2025-01-26 23:00:03,939 [ERROR] LogOutputStream:75 - [STDERR_REDIRECT] [Fatal Error] :1:1: Premature end of file.
2025-01-26 23:00:03,939 [ERROR] LogOutputStream:75 - [STDERR_REDIRECT] 
2025-01-26 23:00:04,939 [ERROR] LogOutputStream:75 - [STDERR_REDIRECT] [Fatal Error] :1:1: Premature end of file.
2025-01-26 23:00:04,939 [ERROR] LogOutputStream:75 - [STDERR_REDIRECT] 
2025-01-26 23:00:05,934 [ERROR] LogOutputStream:75 - [STDERR_REDIRECT] [Fatal Error] :1:1: Premature end of file.
2025-01-26 23:00:05,934 [ERROR] LogOutputStream:75 - [STDERR_REDIRECT] 
2025-01-26 23:00:06,937 [ERROR] LogOutputStream:75 - [STDERR_REDIRECT] [Fatal Error] :1:1: Premature end of file.
2025-01-26 23:00:06,937 [ERROR] LogOutputStream:75 - [STDERR_REDIRECT] 
2025-01-26 23:00:07,940 [ERROR] LogOutputStream:75 - [STDERR_REDIRECT] [Fatal Error] :1:1: Premature end of file.
2025-01-26 23:00:07,940 [ERROR] LogOutputStream:75 - [STDERR_REDIRECT] 
2025-01-26 23:00:08,938 [ERROR] LogOutputStream:75 - [STDERR_REDIRECT] [Fatal Error] :1:1: Premature end of file.
2025-01-26 23:00:08,938 [ERROR] LogOutputStream:75 - [STDERR_REDIRECT] 
2025-01-26 23:00:09,938 [ERROR] LogOutputStream:75 - [STDERR_REDIRECT] [Fatal Error] :1:1: Premature end of file.
2025-01-26 23:00:09,938 [ERROR] LogOutputStream:75 - [STDERR_REDIRECT] 
2025-01-26 23:00:10,932 [ERROR] LogOutputStream:75 - [STDERR_REDIRECT] [Fatal Error] :1:1: Premature end of file.
2025-01-26 23:00:10,932 [ERROR] LogOutputStream:75 - [STDERR_REDIRECT] 
2025-01-26 23:00:11,932 [ERROR] LogOutputStream:75 - [STDERR_REDIRECT] [Fatal Error] :1:1: Premature end of file.
2025-01-26 23:00:11,932 [ERROR] LogOutputStream:75 - [STDERR_REDIRECT] 
2025-01-26 23:00:12,934 [ERROR] LogOutputStream:75 - [STDERR_REDIRECT] [Fatal Error] :1:1: Premature end of file.
2025-01-26 23:00:12,934 [ERROR] LogOutputStream:75 - [STDERR_REDIRECT] 
2025-01-26 23:00:13,934 [ERROR] LogOutputStream:75 - [STDERR_REDIRECT] [Fatal Error] :1:1: Premature end of file.
2025-01-26 23:00:13,934 [ERROR] LogOutputStream:75 - [STDERR_REDIRECT] 
2025-01-26 23:00:14,935 [ERROR] LogOutputStream:75 - [STDERR_REDIRECT] [Fatal Error] :1:1: Premature end of file.
2025-01-26 23:00:14,935 [ERROR] LogOutputStream:75 - [STDERR_REDIRECT] 
2025-01-26 23:00:15,937 [ERROR] LogOutputStream:75 - [STDERR_REDIRECT] [Fatal Error] :1:1: Premature end of file.
2025-01-26 23:00:15,937 [ERROR] LogOutputStream:75 - [STDERR_REDIRECT] 
2025-01-26 23:00:16,939 [ERROR] LogOutputStream:75 - [STDERR_REDIRECT] [Fatal Error] :1:1: Premature end of file.
2025-01-26 23:00:16,939 [ERROR] LogOutputStream:75 - [STDERR_REDIRECT] 
2025-01-26 23:00:17,926 [ERROR] LogOutputStream:75 - [STDERR_REDIRECT] [Fatal Error] :1:1: Premature end of file.
2025-01-26 23:00:17,926 [ERROR] LogOutputStream:75 - [STDERR_REDIRECT] 
2025-01-26 23:00:18,925 [ERROR] LogOutputStream:75 - [STDERR_REDIRECT] [Fatal Error] :1:1: Premature end of file.
2025-01-26 23:00:18,925 [ERROR] LogOutputStream:75 - [STDERR_REDIRECT] 
2025-01-26 23:00:19,937 [ERROR] LogOutputStream:75 - [STDERR_REDIRECT] [Fatal Error] :1:1: Premature end of file.
2025-01-26 23:00:19,937 [ERROR] LogOutputStream:75 - [STDERR_REDIRECT] 
2025-01-26 23:00:20,924 [ERROR] LogOutputStream:75 - [STDERR_REDIRECT] [Fatal Error] :1:1: Premature end of file.
2025-01-26 23:00:20,924 [ERROR] LogOutputStream:75 - [STDERR_REDIRECT] 
2025-01-26 23:00:21,933 [ERROR] LogOutputStream:75 - [STDERR_REDIRECT] [Fatal Error] :1:1: Premature end of file.
2025-01-26 23:00:21,933 [ERROR] LogOutputStream:75 - [STDERR_REDIRECT] 
2025-01-26 23:00:22,938 [ERROR] LogOutputStream:75 - [STDERR_REDIRECT] [Fatal Error] :1:1: Premature end of file.
2025-01-26 23:00:22,938 [ERROR] LogOutputStream:75 - [STDERR_REDIRECT] 
2025-01-26 23:00:23,937 [ERROR] LogOutputStream:75 - [STDERR_REDIRECT] [Fatal Error] :1:1: Premature end of file.
2025-01-26 23:00:23,937 [ERROR] LogOutputStream:75 - [STDERR_REDIRECT] 
2025-01-26 23:00:24,943 [ERROR] LogOutputStream:75 - [STDERR_REDIRECT] [Fatal Error] :1:1: Premature end of file.
2025-01-26 23:00:24,943 [ERROR] LogOutputStream:75 - [STDERR_REDIRECT] 
2025-01-26 23:00:25,934 [ERROR] LogOutputStream:75 - [STDERR_REDIRECT] [Fatal Error] :1:1: Premature end of file.
2025-01-26 23:00:25,934 [ERROR] LogOutputStream:75 - [STDERR_REDIRECT] 
2025-01-26 23:00:26,931 [ERROR] LogOutputStream:75 - [STDERR_REDIRECT] [Fatal Error] :1:1: Premature end of file.
2025-01-26 23:00:26,931 [ERROR] LogOutputStream:75 - [STDERR_REDIRECT] 
2025-01-26 23:00:27,935 [ERROR] LogOutputStream:75 - [STDERR_REDIRECT] [Fatal Error] :1:1: Premature end of file.
2025-01-26 23:00:27,935 [ERROR] LogOutputStream:75 - [STDERR_REDIRECT] 
2025-01-26 23:00:28,918 [ERROR] LogOutputStream:75 - [STDERR_REDIRECT] [Fatal Error] :1:1: Premature end of file.
2025-01-26 23:00:28,918 [ERROR] LogOutputStream:75 - [STDERR_REDIRECT] 
2025-01-26 23:00:29,929 [ERROR] LogOutputStream:75 - [STDERR_REDIRECT] [Fatal Error] :1:1: Premature end of file.
2025-01-26 23:00:29,929 [ERROR] LogOutputStream:75 - [STDERR_REDIRECT] 
2025-01-26 23:00:30,944 [ERROR] LogOutputStream:75 - [STDERR_REDIRECT] [Fatal Error] :1:1: Premature end of file.
2025-01-26 23:00:30,944 [ERROR] LogOutputStream:75 - [STDERR_REDIRECT] 
2025-01-26 23:00:31,934 [ERROR] LogOutputStream:75 - [STDERR_REDIRECT] [Fatal Error] :1:1: Premature end of file.
2025-01-26 23:00:31,934 [ERROR] LogOutputStream:75 - [STDERR_REDIRECT] 
2025-01-26 23:00:32,919 [ERROR] LogOutputStream:75 - [STDERR_REDIRECT] [Fatal Error] :1:1: Premature end of file.
2025-01-26 23:00:32,919 [ERROR] LogOutputStream:75 - [STDERR_REDIRECT] 
2025-01-26 23:00:33,924 [ERROR] LogOutputStream:75 - [STDERR_REDIRECT] [Fatal Error] :1:1: Premature end of file.
2025-01-26 23:00:33,924 [ERROR] LogOutputStream:75 - [STDERR_REDIRECT] 
2025-01-26 23:00:34,917 [ERROR] LogOutputStream:75 - [STDERR_REDIRECT] [Fatal Error] :1:1: Premature end of file.
2025-01-26 23:00:34,917 [ERROR] LogOutputStream:75 - [STDERR_REDIRECT] 
2025-01-26 23:00:35,924 [ERROR] LogOutputStream:75 - [STDERR_REDIRECT] [Fatal Error] :1:1: Premature end of file.
2025-01-26 23:00:35,924 [ERROR] LogOutputStream:75 - [STDERR_REDIRECT] 
2025-01-26 23:00:36,934 [ERROR] LogOutputStream:75 - [STDERR_REDIRECT] [Fatal Error] :1:1: Premature end of file.
2025-01-26 23:00:36,934 [ERROR] LogOutputStream:75 - [STDERR_REDIRECT] 
2025-01-26 23:00:37,934 [ERROR] LogOutputStream:75 - [STDERR_REDIRECT] [Fatal Error] :1:1: Premature end of file.
2025-01-26 23:00:37,934 [ERROR] LogOutputStream:75 - [STDERR_REDIRECT] 
2025-01-26 23:00:38,938 [ERROR] LogOutputStream:75 - [STDERR_REDIRECT] [Fatal Error] :1:1: Premature end of file.
2025-01-26 23:00:38,938 [ERROR] LogOutputStream:75 - [STDERR_REDIRECT] 
2025-01-26 23:00:39,935 [ERROR] LogOutputStream:75 - [STDERR_REDIRECT] [Fatal Error] :1:1: Premature end of file.
2025-01-26 23:00:39,935 [ERROR] LogOutputStream:75 - [STDERR_REDIRECT] 
2025-01-26 23:00:40,930 [ERROR] LogOutputStream:75 - [STDERR_REDIRECT] [Fatal Error] :1:1: Premature end of file.
2025-01-26 23:00:40,930 [ERROR] LogOutputStream:75 - [STDERR_REDIRECT] 
2025-01-26 23:00:41,935 [ERROR] LogOutputStream:75 - [STDERR_REDIRECT] [Fatal Error] :1:1: Premature end of file.
2025-01-26 23:00:41,935 [ERROR] LogOutputStream:75 - [STDERR_REDIRECT] 
2025-01-26 23:00:42,919 [ERROR] LogOutputStream:75 - [STDERR_REDIRECT] [Fatal Error] :1:1: Premature end of file.
2025-01-26 23:00:42,919 [ERROR] LogOutputStream:75 - [STDERR_REDIRECT] 
2025-01-26 23:00:43,928 [ERROR] LogOutputStream:75 - [STDERR_REDIRECT] [Fatal Error] :1:1: Premature end of file.
2025-01-26 23:00:43,929 [ERROR] LogOutputStream:75 - [STDERR_REDIRECT] 
2025-01-26 23:00:44,944 [ERROR] LogOutputStream:75 - [STDERR_REDIRECT] [Fatal Error] :1:1: Premature end of file.
2025-01-26 23:00:44,944 [ERROR] LogOutputStream:75 - [STDERR_REDIRECT] 
2025-01-26 23:00:45,933 [ERROR] LogOutputStream:75 - [STDERR_REDIRECT] [Fatal Error] :1:1: Premature end of file.
2025-01-26 23:00:45,933 [ERROR] LogOutputStream:75 - [STDERR_REDIRECT] 
2025-01-26 23:00:46,940 [ERROR] LogOutputStream:75 - [STDERR_REDIRECT] [Fatal Error] :1:1: Premature end of file.
2025-01-26 23:00:46,940 [ERROR] LogOutputStream:75 - [STDERR_REDIRECT] 
2025-01-26 23:00:47,930 [ERROR] LogOutputStream:75 - [STDERR_REDIRECT] [Fatal Error] :1:1: Premature end of file.
2025-01-26 23:00:47,930 [ERROR] LogOutputStream:75 - [STDERR_REDIRECT] 
2025-01-26 23:00:48,938 [ERROR] LogOutputStream:75 - [STDERR_REDIRECT] [Fatal Error] :1:1: Premature end of file.
2025-01-26 23:00:48,938 [ERROR] LogOutputStream:75 - [STDERR_REDIRECT] 
2025-01-26 23:00:49,949 [ERROR] LogOutputStream:75 - [STDERR_REDIRECT] [Fatal Error] :1:1: Premature end of file.
2025-01-26 23:00:49,949 [ERROR] LogOutputStream:75 - [STDERR_REDIRECT] 
2025-01-26 23:00:50,953 [ERROR] LogOutputStream:75 - [STDERR_REDIRECT] [Fatal Error] :1:1: Premature end of file.
2025-01-26 23:00:50,954 [ERROR] LogOutputStream:75 - [STDERR_REDIRECT] 
2025-01-26 23:00:51,937 [ERROR] LogOutputStream:75 - [STDERR_REDIRECT] [Fatal Error] :1:1: Premature end of file.
2025-01-26 23:00:51,937 [ERROR] LogOutputStream:75 - [STDERR_REDIRECT] 
2025-01-26 23:00:52,936 [ERROR] LogOutputStream:75 - [STDERR_REDIRECT] [Fatal Error] :1:1: Premature end of file.
2025-01-26 23:00:52,936 [ERROR] LogOutputStream:75 - [STDERR_REDIRECT] 
2025-01-26 23:00:53,941 [ERROR] LogOutputStream:75 - [STDERR_REDIRECT] [Fatal Error] :1:1: Premature end of file.
2025-01-26 23:00:53,941 [ERROR] LogOutputStream:75 - [STDERR_REDIRECT] 
2025-01-26 23:00:54,941 [ERROR] LogOutputStream:75 - [STDERR_REDIRECT] [Fatal Error] :1:1: Premature end of file.
2025-01-26 23:00:54,941 [ERROR] LogOutputStream:75 - [STDERR_REDIRECT] 
2025-01-26 23:00:55,942 [ERROR] LogOutputStream:75 - [STDERR_REDIRECT] [Fatal Error] :1:1: Premature end of file.
2025-01-26 23:00:55,942 [ERROR] LogOutputStream:75 - [STDERR_REDIRECT] 
2025-01-26 23:00:56,930 [ERROR] LogOutputStream:75 - [STDERR_REDIRECT] [Fatal Error] :1:1: Premature end of file.
2025-01-26 23:00:56,930 [ERROR] LogOutputStream:75 - [STDERR_REDIRECT] 
2025-01-26 23:00:57,940 [ERROR] LogOutputStream:75 - [STDERR_REDIRECT] [Fatal Error] :1:1: Premature end of file.
2025-01-26 23:00:57,941 [ERROR] LogOutputStream:75 - [STDERR_REDIRECT] 
2025-01-26 23:00:58,943 [ERROR] LogOutputStream:75 - [STDERR_REDIRECT] [Fatal Error] :1:1: Premature end of file.
2025-01-26 23:00:58,943 [ERROR] LogOutputStream:75 - [STDERR_REDIRECT] 
2025-01-26 23:00:59,947 [ERROR] LogOutputStream:75 - [STDERR_REDIRECT] [Fatal Error] :1:1: Premature end of file.
2025-01-26 23:00:59,947 [ERROR] LogOutputStream:75 - [STDERR_REDIRECT] 
2025-01-26 23:01:00,935 [ERROR] LogOutputStream:75 - [STDERR_REDIRECT] [Fatal Error] :1:1: Premature end of file.
2025-01-26 23:01:00,935 [ERROR] LogOutputStream:75 - [STDERR_REDIRECT] 
2025-01-26 23:01:01,933 [ERROR] LogOutputStream:75 - [STDERR_REDIRECT] [Fatal Error] :1:1: Premature end of file.
2025-01-26 23:01:01,933 [ERROR] LogOutputStream:75 - [STDERR_REDIRECT] 
2025-01-26 23:01:02,916 [ERROR] LogOutputStream:75 - [STDERR_REDIRECT] [Fatal Error] :1:1: Premature end of file.
2025-01-26 23:01:02,916 [ERROR] LogOutputStream:75 - [STDERR_REDIRECT] 
2025-01-26 23:01:03,933 [ERROR] LogOutputStream:75 - [STDERR_REDIRECT] [Fatal Error] :1:1: Premature end of file.
2025-01-26 23:01:03,933 [ERROR] LogOutputStream:75 - [STDERR_REDIRECT] 
2025-01-26 23:01:04,920 [ERROR] LogOutputStream:75 - [STDERR_REDIRECT] [Fatal Error] :1:1: Premature end of file.
2025-01-26 23:01:04,920 [ERROR] LogOutputStream:75 - [STDERR_REDIRECT] 
2025-01-26 23:01:05,918 [ERROR] LogOutputStream:75 - [STDERR_REDIRECT] [Fatal Error] :1:1: Premature end of file.
2025-01-26 23:01:05,918 [ERROR] LogOutputStream:75 - [STDERR_REDIRECT] 
2025-01-26 23:01:06,930 [ERROR] LogOutputStream:75 - [STDERR_REDIRECT] [Fatal Error] :1:1: Premature end of file.
2025-01-26 23:01:06,930 [ERROR] LogOutputStream:75 - [STDERR_REDIRECT] 
2025-01-26 23:01:07,928 [ERROR] LogOutputStream:75 - [STDERR_REDIRECT] [Fatal Error] :1:1: Premature end of file.
2025-01-26 23:01:07,928 [ERROR] LogOutputStream:75 - [STDERR_REDIRECT] 
2025-01-26 23:01:08,920 [ERROR] LogOutputStream:75 - [STDERR_REDIRECT] [Fatal Error] :1:1: Premature end of file.
2025-01-26 23:01:08,920 [ERROR] LogOutputStream:75 - [STDERR_REDIRECT] 
2025-01-26 23:01:09,925 [ERROR] LogOutputStream:75 - [STDERR_REDIRECT] [Fatal Error] :1:1: Premature end of file.
2025-01-26 23:01:09,925 [ERROR] LogOutputStream:75 - [STDERR_REDIRECT] 
2025-01-26 23:01:10,925 [ERROR] LogOutputStream:75 - [STDERR_REDIRECT] [Fatal Error] :1:1: Premature end of file.
2025-01-26 23:01:10,925 [ERROR] LogOutputStream:75 - [STDERR_REDIRECT] 
2025-01-26 23:01:11,937 [ERROR] LogOutputStream:75 - [STDERR_REDIRECT] [Fatal Error] :1:1: Premature end of file.
2025-01-26 23:01:11,937 [ERROR] LogOutputStream:75 - [STDERR_REDIRECT] 
2025-01-26 23:01:12,943 [ERROR] LogOutputStream:75 - [STDERR_REDIRECT] [Fatal Error] :1:1: Premature end of file.
2025-01-26 23:01:12,943 [ERROR] LogOutputStream:75 - [STDERR_REDIRECT] 
2025-01-26 23:01:13,934 [ERROR] LogOutputStream:75 - [STDERR_REDIRECT] [Fatal Error] :1:1: Premature end of file.
2025-01-26 23:01:13,934 [ERROR] LogOutputStream:75 - [STDERR_REDIRECT] 
2025-01-26 23:01:14,930 [ERROR] LogOutputStream:75 - [STDERR_REDIRECT] [Fatal Error] :1:1: Premature end of file.
2025-01-26 23:01:14,930 [ERROR] LogOutputStream:75 - [STDERR_REDIRECT] 
2025-01-26 23:01:15,926 [ERROR] LogOutputStream:75 - [STDERR_REDIRECT] [Fatal Error] :1:1: Premature end of file.
2025-01-26 23:01:15,926 [ERROR] LogOutputStream:75 - [STDERR_REDIRECT] 
2025-01-26 23:01:16,935 [ERROR] LogOutputStream:75 - [STDERR_REDIRECT] [Fatal Error] :1:1: Premature end of file.
2025-01-26 23:01:16,935 [ERROR] LogOutputStream:75 - [STDERR_REDIRECT] 
2025-01-26 23:01:17,943 [ERROR] LogOutputStream:75 - [STDERR_REDIRECT] [Fatal Error] :1:1: Premature end of file.
2025-01-26 23:01:17,944 [ERROR] LogOutputStream:75 - [STDERR_REDIRECT] 
2025-01-26 23:01:18,925 [ERROR] LogOutputStream:75 - [STDERR_REDIRECT] [Fatal Error] :1:1: Premature end of file.
2025-01-26 23:01:18,925 [ERROR] LogOutputStream:75 - [STDERR_REDIRECT] 
2025-01-26 23:01:19,938 [ERROR] LogOutputStream:75 - [STDERR_REDIRECT] [Fatal Error] :1:1: Premature end of file.
2025-01-26 23:01:19,938 [ERROR] LogOutputStream:75 - [STDERR_REDIRECT] 
2025-01-26 23:01:20,934 [ERROR] LogOutputStream:75 - [STDERR_REDIRECT] [Fatal Error] :1:1: Premature end of file.
2025-01-26 23:01:20,934 [ERROR] LogOutputStream:75 - [STDERR_REDIRECT] 
2025-01-26 23:01:21,945 [ERROR] LogOutputStream:75 - [STDERR_REDIRECT] [Fatal Error] :1:1: Premature end of file.
2025-01-26 23:01:21,945 [ERROR] LogOutputStream:75 - [STDERR_REDIRECT] 
2025-01-26 23:01:22,941 [ERROR] LogOutputStream:75 - [STDERR_REDIRECT] [Fatal Error] :1:1: Premature end of file.
2025-01-26 23:01:22,941 [ERROR] LogOutputStream:75 - [STDERR_REDIRECT] 
2025-01-26 23:01:23,930 [ERROR] LogOutputStream:75 - [STDERR_REDIRECT] [Fatal Error] :1:1: Premature end of file.
2025-01-26 23:01:23,930 [ERROR] LogOutputStream:75 - [STDERR_REDIRECT] 
2025-01-26 23:01:24,937 [ERROR] LogOutputStream:75 - [STDERR_REDIRECT] [Fatal Error] :1:1: Premature end of file.
2025-01-26 23:01:24,937 [ERROR] LogOutputStream:75 - [STDERR_REDIRECT] 
2025-01-26 23:01:25,936 [ERROR] LogOutputStream:75 - [STDERR_REDIRECT] [Fatal Error] :1:1: Premature end of file.
2025-01-26 23:01:25,936 [ERROR] LogOutputStream:75 - [STDERR_REDIRECT] 
2025-01-26 23:01:26,932 [ERROR] LogOutputStream:75 - [STDERR_REDIRECT] [Fatal Error] :1:1: Premature end of file.
2025-01-26 23:01:26,932 [ERROR] LogOutputStream:75 - [STDERR_REDIRECT] 
2025-01-26 23:01:27,939 [ERROR] LogOutputStream:75 - [STDERR_REDIRECT] [Fatal Error] :1:1: Premature end of file.
2025-01-26 23:01:27,939 [ERROR] LogOutputStream:75 - [STDERR_REDIRECT] 
2025-01-26 23:01:28,927 [ERROR] LogOutputStream:75 - [STDERR_REDIRECT] [Fatal Error] :1:1: Premature end of file.
2025-01-26 23:01:28,927 [ERROR] LogOutputStream:75 - [STDERR_REDIRECT] 
2025-01-26 23:01:29,918 [ERROR] LogOutputStream:75 - [STDERR_REDIRECT] [Fatal Error] :1:1: Premature end of file.
2025-01-26 23:01:29,918 [ERROR] LogOutputStream:75 - [STDERR_REDIRECT] 
2025-01-26 23:01:30,920 [ERROR] LogOutputStream:75 - [STDERR_REDIRECT] [Fatal Error] :1:1: Premature end of file.
2025-01-26 23:01:30,920 [ERROR] LogOutputStream:75 - [STDERR_REDIRECT] 
2025-01-26 23:01:31,941 [ERROR] LogOutputStream:75 - [STDERR_REDIRECT] [Fatal Error] :1:1: Premature end of file.
2025-01-26 23:01:31,941 [ERROR] LogOutputStream:75 - [STDERR_REDIRECT] 
2025-01-26 23:01:32,929 [ERROR] LogOutputStream:75 - [STDERR_REDIRECT] [Fatal Error] :1:1: Premature end of file.
2025-01-26 23:01:32,929 [ERROR] LogOutputStream:75 - [STDERR_REDIRECT] 
2025-01-26 23:01:33,936 [ERROR] LogOutputStream:75 - [STDERR_REDIRECT] [Fatal Error] :1:1: Premature end of file.
2025-01-26 23:01:33,936 [ERROR] LogOutputStream:75 - [STDERR_REDIRECT] 
2025-01-26 23:01:34,937 [ERROR] LogOutputStream:75 - [STDERR_REDIRECT] [Fatal Error] :1:1: Premature end of file.
2025-01-26 23:01:34,937 [ERROR] LogOutputStream:75 - [STDERR_REDIRECT] 
2025-01-26 23:01:35,927 [ERROR] LogOutputStream:75 - [STDERR_REDIRECT] [Fatal Error] :1:1: Premature end of file.
2025-01-26 23:01:35,927 [ERROR] LogOutputStream:75 - [STDERR_REDIRECT] 
2025-01-26 23:01:36,937 [ERROR] LogOutputStream:75 - [STDERR_REDIRECT] [Fatal Error] :1:1: Premature end of file.
2025-01-26 23:01:36,937 [ERROR] LogOutputStream:75 - [STDERR_REDIRECT] 
2025-01-26 23:01:37,937 [ERROR] LogOutputStream:75 - [STDERR_REDIRECT] [Fatal Error] :1:1: Premature end of file.
2025-01-26 23:01:37,937 [ERROR] LogOutputStream:75 - [STDERR_REDIRECT] 
2025-01-26 23:01:38,925 [ERROR] LogOutputStream:75 - [STDERR_REDIRECT] [Fatal Error] :1:1: Premature end of file.
2025-01-26 23:01:38,925 [ERROR] LogOutputStream:75 - [STDERR_REDIRECT] 
2025-01-26 23:01:39,963 [ERROR] LogOutputStream:75 - [STDERR_REDIRECT] [Fatal Error] :1:1: Premature end of file.
2025-01-26 23:01:39,963 [ERROR] LogOutputStream:75 - [STDERR_REDIRECT] 
2025-01-26 23:01:40,963 [ERROR] LogOutputStream:75 - [STDERR_REDIRECT] [Fatal Error] :1:1: Premature end of file.
2025-01-26 23:01:40,964 [ERROR] LogOutputStream:75 - [STDERR_REDIRECT] 
2025-01-26 23:01:41,942 [ERROR] LogOutputStream:75 - [STDERR_REDIRECT] [Fatal Error] :1:1: Premature end of file.
2025-01-26 23:01:41,942 [ERROR] LogOutputStream:75 - [STDERR_REDIRECT] 
2025-01-26 23:01:42,926 [ERROR] LogOutputStream:75 - [STDERR_REDIRECT] [Fatal Error] :1:1: Premature end of file.
2025-01-26 23:01:42,926 [ERROR] LogOutputStream:75 - [STDERR_REDIRECT] 
2025-01-26 23:01:43,932 [ERROR] LogOutputStream:75 - [STDERR_REDIRECT] [Fatal Error] :1:1: Premature end of file.
2025-01-26 23:01:43,933 [ERROR] LogOutputStream:75 - [STDERR_REDIRECT] 
2025-01-26 23:01:44,933 [ERROR] LogOutputStream:75 - [STDERR_REDIRECT] [Fatal Error] :1:1: Premature end of file.
2025-01-26 23:01:44,933 [ERROR] LogOutputStream:75 - [STDERR_REDIRECT] 
2025-01-26 23:01:45,927 [ERROR] LogOutputStream:75 - [STDERR_REDIRECT] [Fatal Error] :1:1: Premature end of file.
2025-01-26 23:01:45,929 [ERROR] LogOutputStream:75 - [STDERR_REDIRECT] 
2025-01-26 23:01:46,946 [ERROR] LogOutputStream:75 - [STDERR_REDIRECT] [Fatal Error] :1:1: Premature end of file.
2025-01-26 23:01:46,946 [ERROR] LogOutputStream:75 - [STDERR_REDIRECT] 
2025-01-26 23:01:47,928 [ERROR] LogOutputStream:75 - [STDERR_REDIRECT] [Fatal Error] :1:1: Premature end of file.
2025-01-26 23:01:47,929 [ERROR] LogOutputStream:75 - [STDERR_REDIRECT] 
2025-01-26 23:01:48,926 [ERROR] LogOutputStream:75 - [STDERR_REDIRECT] [Fatal Error] :1:1: Premature end of file.
2025-01-26 23:01:48,926 [ERROR] LogOutputStream:75 - [STDERR_REDIRECT] 
2025-01-26 23:01:49,945 [ERROR] LogOutputStream:75 - [STDERR_REDIRECT] [Fatal Error] :1:1: Premature end of file.
2025-01-26 23:01:49,945 [ERROR] LogOutputStream:75 - [STDERR_REDIRECT] 
2025-01-26 23:01:50,937 [ERROR] LogOutputStream:75 - [STDERR_REDIRECT] [Fatal Error] :1:1: Premature end of file.
2025-01-26 23:01:50,937 [ERROR] LogOutputStream:75 - [STDERR_REDIRECT] 
2025-01-26 23:01:51,939 [ERROR] LogOutputStream:75 - [STDERR_REDIRECT] [Fatal Error] :1:1: Premature end of file.
2025-01-26 23:01:51,939 [ERROR] LogOutputStream:75 - [STDERR_REDIRECT] 
2025-01-26 23:01:52,939 [ERROR] LogOutputStream:75 - [STDERR_REDIRECT] [Fatal Error] :1:1: Premature end of file.
2025-01-26 23:01:52,939 [ERROR] LogOutputStream:75 - [STDERR_REDIRECT] 
2025-01-26 23:01:53,927 [ERROR] LogOutputStream:75 - [STDERR_REDIRECT] [Fatal Error] :1:1: Premature end of file.
2025-01-26 23:01:53,927 [ERROR] LogOutputStream:75 - [STDERR_REDIRECT] 
2025-01-26 23:01:54,935 [ERROR] LogOutputStream:75 - [STDERR_REDIRECT] [Fatal Error] :1:1: Premature end of file.
2025-01-26 23:01:54,935 [ERROR] LogOutputStream:75 - [STDERR_REDIRECT] 
2025-01-26 23:01:55,923 [ERROR] LogOutputStream:75 - [STDERR_REDIRECT] [Fatal Error] :1:1: Premature end of file.
2025-01-26 23:01:55,924 [ERROR] LogOutputStream:75 - [STDERR_REDIRECT] 
2025-01-26 23:01:56,980 [ERROR] LogOutputStream:75 - [STDERR_REDIRECT] [Fatal Error] :1:1: Premature end of file.
2025-01-26 23:01:56,981 [ERROR] LogOutputStream:75 - [STDERR_REDIRECT] 
2025-01-26 23:01:57,938 [ERROR] LogOutputStream:75 - [STDERR_REDIRECT] [Fatal Error] :1:1: Premature end of file.
2025-01-26 23:01:57,938 [ERROR] LogOutputStream:75 - [STDERR_REDIRECT] 
2025-01-26 23:01:58,952 [ERROR] LogOutputStream:75 - [STDERR_REDIRECT] [Fatal Error] :1:1: Premature end of file.
2025-01-26 23:01:58,952 [ERROR] LogOutputStream:75 - [STDERR_REDIRECT] 
2025-01-26 23:01:59,936 [ERROR] LogOutputStream:75 - [STDERR_REDIRECT] [Fatal Error] :1:1: Premature end of file.
2025-01-26 23:01:59,936 [ERROR] LogOutputStream:75 - [STDERR_REDIRECT] 
2025-01-26 23:02:00,919 [ERROR] LogOutputStream:75 - [STDERR_REDIRECT] [Fatal Error] :1:1: Premature end of file.
2025-01-26 23:02:00,919 [ERROR] LogOutputStream:75 - [STDERR_REDIRECT] 
2025-01-26 23:02:01,946 [ERROR] LogOutputStream:75 - [STDERR_REDIRECT] [Fatal Error] :1:1: Premature end of file.
2025-01-26 23:02:01,946 [ERROR] LogOutputStream:75 - [STDERR_REDIRECT] 
2025-01-26 23:02:02,929 [ERROR] LogOutputStream:75 - [STDERR_REDIRECT] [Fatal Error] :1:1: Premature end of file.
2025-01-26 23:02:02,929 [ERROR] LogOutputStream:75 - [STDERR_REDIRECT] 
2025-01-26 23:02:03,934 [ERROR] LogOutputStream:75 - [STDERR_REDIRECT] [Fatal Error] :1:1: Premature end of file.
2025-01-26 23:02:03,934 [ERROR] LogOutputStream:75 - [STDERR_REDIRECT] 
2025-01-26 23:02:04,948 [ERROR] LogOutputStream:75 - [STDERR_REDIRECT] [Fatal Error] :1:1: Premature end of file.
2025-01-26 23:02:04,948 [ERROR] LogOutputStream:75 - [STDERR_REDIRECT] 
2025-01-26 23:02:05,975 [ERROR] LogOutputStream:75 - [STDERR_REDIRECT] [Fatal Error] :1:1: Premature end of file.
2025-01-26 23:02:05,975 [ERROR] LogOutputStream:75 - [STDERR_REDIRECT] 
2025-01-26 23:02:06,941 [ERROR] LogOutputStream:75 - [STDERR_REDIRECT] [Fatal Error] :1:1: Premature end of file.
2025-01-26 23:02:06,941 [ERROR] LogOutputStream:75 - [STDERR_REDIRECT] 
2025-01-26 23:02:07,922 [ERROR] LogOutputStream:75 - [STDERR_REDIRECT] [Fatal Error] :1:1: Premature end of file.
2025-01-26 23:02:07,922 [ERROR] LogOutputStream:75 - [STDERR_REDIRECT] 
2025-01-26 23:02:08,932 [ERROR] LogOutputStream:75 - [STDERR_REDIRECT] [Fatal Error] :1:1: Premature end of file.
2025-01-26 23:02:08,932 [ERROR] LogOutputStream:75 - [STDERR_REDIRECT] 
2025-01-26 23:02:09,928 [ERROR] LogOutputStream:75 - [STDERR_REDIRECT] [Fatal Error] :1:1: Premature end of file.
2025-01-26 23:02:09,928 [ERROR] LogOutputStream:75 - [STDERR_REDIRECT] 
2025-01-26 23:02:10,928 [ERROR] LogOutputStream:75 - [STDERR_REDIRECT] [Fatal Error] :1:1: Premature end of file.
2025-01-26 23:02:10,928 [ERROR] LogOutputStream:75 - [STDERR_REDIRECT] 
2025-01-26 23:02:11,940 [ERROR] LogOutputStream:75 - [STDERR_REDIRECT] [Fatal Error] :1:1: Premature end of file.
2025-01-26 23:02:11,940 [ERROR] LogOutputStream:75 - [STDERR_REDIRECT] 
2025-01-26 23:02:12,938 [ERROR] LogOutputStream:75 - [STDERR_REDIRECT] [Fatal Error] :1:1: Premature end of file.
2025-01-26 23:02:12,938 [ERROR] LogOutputStream:75 - [STDERR_REDIRECT] 
2025-01-26 23:02:13,933 [ERROR] LogOutputStream:75 - [STDERR_REDIRECT] [Fatal Error] :1:1: Premature end of file.
2025-01-26 23:02:13,933 [ERROR] LogOutputStream:75 - [STDERR_REDIRECT] 
2025-01-26 23:02:14,934 [ERROR] LogOutputStream:75 - [STDERR_REDIRECT] [Fatal Error] :1:1: Premature end of file.
2025-01-26 23:02:14,934 [ERROR] LogOutputStream:75 - [STDERR_REDIRECT] 
2025-01-26 23:02:15,940 [ERROR] LogOutputStream:75 - [STDERR_REDIRECT] [Fatal Error] :1:1: Premature end of file.
2025-01-26 23:02:15,940 [ERROR] LogOutputStream:75 - [STDERR_REDIRECT] 
2025-01-26 23:02:16,936 [ERROR] LogOutputStream:75 - [STDERR_REDIRECT] [Fatal Error] :1:1: Premature end of file.
2025-01-26 23:02:16,936 [ERROR] LogOutputStream:75 - [STDERR_REDIRECT] 
2025-01-26 23:02:17,932 [ERROR] LogOutputStream:75 - [STDERR_REDIRECT] [Fatal Error] :1:1: Premature end of file.
2025-01-26 23:02:17,932 [ERROR] LogOutputStream:75 - [STDERR_REDIRECT] 
2025-01-26 23:02:18,928 [ERROR] LogOutputStream:75 - [STDERR_REDIRECT] [Fatal Error] :1:1: Premature end of file.
2025-01-26 23:02:18,928 [ERROR] LogOutputStream:75 - [STDERR_REDIRECT] 
2025-01-26 23:02:19,931 [ERROR] LogOutputStream:75 - [STDERR_REDIRECT] [Fatal Error] :1:1: Premature end of file.
2025-01-26 23:02:19,931 [ERROR] LogOutputStream:75 - [STDERR_REDIRECT] 
2025-01-26 23:02:20,916 [ERROR] LogOutputStream:75 - [STDERR_REDIRECT] [Fatal Error] :1:1: Premature end of file.
2025-01-26 23:02:20,916 [ERROR] LogOutputStream:75 - [STDERR_REDIRECT] 
2025-01-26 23:02:21,933 [ERROR] LogOutputStream:75 - [STDERR_REDIRECT] [Fatal Error] :1:1: Premature end of file.
2025-01-26 23:02:21,933 [ERROR] LogOutputStream:75 - [STDERR_REDIRECT] 
2025-01-26 23:02:22,940 [ERROR] LogOutputStream:75 - [STDERR_REDIRECT] [Fatal Error] :1:1: Premature end of file.
2025-01-26 23:02:22,940 [ERROR] LogOutputStream:75 - [STDERR_REDIRECT] 
2025-01-26 23:02:23,957 [ERROR] LogOutputStream:75 - [STDERR_REDIRECT] [Fatal Error] :1:1: Premature end of file.
2025-01-26 23:02:23,957 [ERROR] LogOutputStream:75 - [STDERR_REDIRECT] 
2025-01-26 23:02:24,957 [ERROR] LogOutputStream:75 - [STDERR_REDIRECT] [Fatal Error] :1:1: Premature end of file.
2025-01-26 23:02:24,957 [ERROR] LogOutputStream:75 - [STDERR_REDIRECT] 
2025-01-26 23:02:25,935 [ERROR] LogOutputStream:75 - [STDERR_REDIRECT] [Fatal Error] :1:1: Premature end of file.
2025-01-26 23:02:25,935 [ERROR] LogOutputStream:75 - [STDERR_REDIRECT] 
2025-01-26 23:02:26,917 [ERROR] LogOutputStream:75 - [STDERR_REDIRECT] [Fatal Error] :1:1: Premature end of file.
2025-01-26 23:02:26,917 [ERROR] LogOutputStream:75 - [STDERR_REDIRECT] 
2025-01-26 23:02:27,932 [ERROR] LogOutputStream:75 - [STDERR_REDIRECT] [Fatal Error] :1:1: Premature end of file.
2025-01-26 23:02:27,932 [ERROR] LogOutputStream:75 - [STDERR_REDIRECT] 
2025-01-26 23:02:28,918 [ERROR] LogOutputStream:75 - [STDERR_REDIRECT] [Fatal Error] :1:1: Premature end of file.
2025-01-26 23:02:28,918 [ERROR] LogOutputStream:75 - [STDERR_REDIRECT] 
2025-01-26 23:02:29,946 [ERROR] LogOutputStream:75 - [STDERR_REDIRECT] [Fatal Error] :1:1: Premature end of file.
2025-01-26 23:02:29,946 [ERROR] LogOutputStream:75 - [STDERR_REDIRECT] 
2025-01-26 23:02:30,924 [ERROR] LogOutputStream:75 - [STDERR_REDIRECT] [Fatal Error] :1:1: Premature end of file.
2025-01-26 23:02:30,924 [ERROR] LogOutputStream:75 - [STDERR_REDIRECT] 
2025-01-26 23:02:31,920 [ERROR] LogOutputStream:75 - [STDERR_REDIRECT] [Fatal Error] :1:1: Premature end of file.
2025-01-26 23:02:31,920 [ERROR] LogOutputStream:75 - [STDERR_REDIRECT] 
2025-01-26 23:02:32,928 [ERROR] LogOutputStream:75 - [STDERR_REDIRECT] [Fatal Error] :1:1: Premature end of file.
2025-01-26 23:02:32,929 [ERROR] LogOutputStream:75 - [STDERR_REDIRECT] 
2025-01-26 23:02:33,934 [ERROR] LogOutputStream:75 - [STDERR_REDIRECT] [Fatal Error] :1:1: Premature end of file.
2025-01-26 23:02:33,934 [ERROR] LogOutputStream:75 - [STDERR_REDIRECT] 
2025-01-26 23:02:34,934 [ERROR] LogOutputStream:75 - [STDERR_REDIRECT] [Fatal Error] :1:1: Premature end of file.
2025-01-26 23:02:34,934 [ERROR] LogOutputStream:75 - [STDERR_REDIRECT] 
2025-01-26 23:02:35,920 [ERROR] LogOutputStream:75 - [STDERR_REDIRECT] [Fatal Error] :1:1: Premature end of file.
2025-01-26 23:02:35,920 [ERROR] LogOutputStream:75 - [STDERR_REDIRECT] 
2025-01-26 23:02:36,917 [ERROR] LogOutputStream:75 - [STDERR_REDIRECT] [Fatal Error] :1:1: Premature end of file.
2025-01-26 23:02:36,917 [ERROR] LogOutputStream:75 - [STDERR_REDIRECT] 
2025-01-26 23:02:37,933 [ERROR] LogOutputStream:75 - [STDERR_REDIRECT] [Fatal Error] :1:1: Premature end of file.
2025-01-26 23:02:37,933 [ERROR] LogOutputStream:75 - [STDERR_REDIRECT] 
2025-01-26 23:02:38,939 [ERROR] LogOutputStream:75 - [STDERR_REDIRECT] [Fatal Error] :1:1: Premature end of file.
2025-01-26 23:02:38,941 [ERROR] LogOutputStream:75 - [STDERR_REDIRECT] 
2025-01-26 23:02:39,951 [ERROR] LogOutputStream:75 - [STDERR_REDIRECT] [Fatal Error] :1:1: Premature end of file.
2025-01-26 23:02:39,951 [ERROR] LogOutputStream:75 - [STDERR_REDIRECT] 
2025-01-26 23:02:40,932 [ERROR] LogOutputStream:75 - [STDERR_REDIRECT] [Fatal Error] :1:1: Premature end of file.
2025-01-26 23:02:40,932 [ERROR] LogOutputStream:75 - [STDERR_REDIRECT] 
2025-01-26 23:02:41,938 [ERROR] LogOutputStream:75 - [STDERR_REDIRECT] [Fatal Error] :1:1: Premature end of file.
2025-01-26 23:02:41,938 [ERROR] LogOutputStream:75 - [STDERR_REDIRECT] 
2025-01-26 23:02:42,936 [ERROR] LogOutputStream:75 - [STDERR_REDIRECT] [Fatal Error] :1:1: Premature end of file.
2025-01-26 23:02:42,936 [ERROR] LogOutputStream:75 - [STDERR_REDIRECT] 
2025-01-26 23:02:43,938 [ERROR] LogOutputStream:75 - [STDERR_REDIRECT] [Fatal Error] :1:1: Premature end of file.
2025-01-26 23:02:43,938 [ERROR] LogOutputStream:75 - [STDERR_REDIRECT] 
2025-01-26 23:02:44,938 [ERROR] LogOutputStream:75 - [STDERR_REDIRECT] [Fatal Error] :1:1: Premature end of file.
2025-01-26 23:02:44,940 [ERROR] LogOutputStream:75 - [STDERR_REDIRECT] 
2025-01-26 23:02:45,924 [ERROR] LogOutputStream:75 - [STDERR_REDIRECT] [Fatal Error] :1:1: Premature end of file.
2025-01-26 23:02:45,924 [ERROR] LogOutputStream:75 - [STDERR_REDIRECT] 
2025-01-26 23:02:46,933 [ERROR] LogOutputStream:75 - [STDERR_REDIRECT] [Fatal Error] :1:1: Premature end of file.
2025-01-26 23:02:46,933 [ERROR] LogOutputStream:75 - [STDERR_REDIRECT] 
2025-01-26 23:02:47,937 [ERROR] LogOutputStream:75 - [STDERR_REDIRECT] [Fatal Error] :1:1: Premature end of file.
2025-01-26 23:02:47,937 [ERROR] LogOutputStream:75 - [STDERR_REDIRECT] 
2025-01-26 23:02:48,936 [ERROR] LogOutputStream:75 - [STDERR_REDIRECT] [Fatal Error] :1:1: Premature end of file.
2025-01-26 23:02:48,936 [ERROR] LogOutputStream:75 - [STDERR_REDIRECT] 
2025-01-26 23:02:49,946 [ERROR] LogOutputStream:75 - [STDERR_REDIRECT] [Fatal Error] :1:1: Premature end of file.
2025-01-26 23:02:49,946 [ERROR] LogOutputStream:75 - [STDERR_REDIRECT] 
2025-01-26 23:02:50,936 [ERROR] LogOutputStream:75 - [STDERR_REDIRECT] [Fatal Error] :1:1: Premature end of file.
2025-01-26 23:02:50,936 [ERROR] LogOutputStream:75 - [STDERR_REDIRECT] 
2025-01-26 23:02:51,921 [ERROR] LogOutputStream:75 - [STDERR_REDIRECT] [Fatal Error] :1:1: Premature end of file.
2025-01-26 23:02:51,921 [ERROR] LogOutputStream:75 - [STDERR_REDIRECT] 
2025-01-26 23:02:52,936 [ERROR] LogOutputStream:75 - [STDERR_REDIRECT] [Fatal Error] :1:1: Premature end of file.
2025-01-26 23:02:52,936 [ERROR] LogOutputStream:75 - [STDERR_REDIRECT] 
2025-01-26 23:02:53,942 [ERROR] LogOutputStream:75 - [STDERR_REDIRECT] [Fatal Error] :1:1: Premature end of file.
2025-01-26 23:02:53,942 [ERROR] LogOutputStream:75 - [STDERR_REDIRECT] 
2025-01-26 23:02:54,933 [ERROR] LogOutputStream:75 - [STDERR_REDIRECT] [Fatal Error] :1:1: Premature end of file.
2025-01-26 23:02:54,933 [ERROR] LogOutputStream:75 - [STDERR_REDIRECT] 
2025-01-26 23:02:55,936 [ERROR] LogOutputStream:75 - [STDERR_REDIRECT] [Fatal Error] :1:1: Premature end of file.
2025-01-26 23:02:55,936 [ERROR] LogOutputStream:75 - [STDERR_REDIRECT] 
2025-01-26 23:02:56,917 [ERROR] LogOutputStream:75 - [STDERR_REDIRECT] [Fatal Error] :1:1: Premature end of file.
2025-01-26 23:02:56,917 [ERROR] LogOutputStream:75 - [STDERR_REDIRECT] 
2025-01-26 23:02:57,928 [ERROR] LogOutputStream:75 - [STDERR_REDIRECT] [Fatal Error] :1:1: Premature end of file.
2025-01-26 23:02:57,928 [ERROR] LogOutputStream:75 - [STDERR_REDIRECT] 
2025-01-26 23:02:58,917 [ERROR] LogOutputStream:75 - [STDERR_REDIRECT] [Fatal Error] :1:1: Premature end of file.
2025-01-26 23:02:58,917 [ERROR] LogOutputStream:75 - [STDERR_REDIRECT] 
2025-01-26 23:02:59,922 [ERROR] LogOutputStream:75 - [STDERR_REDIRECT] [Fatal Error] :1:1: Premature end of file.
2025-01-26 23:02:59,922 [ERROR] LogOutputStream:75 - [STDERR_REDIRECT] 
2025-01-26 23:03:00,935 [ERROR] LogOutputStream:75 - [STDERR_REDIRECT] [Fatal Error] :1:1: Premature end of file.
2025-01-26 23:03:00,935 [ERROR] LogOutputStream:75 - [STDERR_REDIRECT] 
2025-01-26 23:03:01,935 [ERROR] LogOutputStream:75 - [STDERR_REDIRECT] [Fatal Error] :1:1: Premature end of file.
2025-01-26 23:03:01,935 [ERROR] LogOutputStream:75 - [STDERR_REDIRECT] 
2025-01-26 23:03:02,941 [ERROR] LogOutputStream:75 - [STDERR_REDIRECT] [Fatal Error] :1:1: Premature end of file.
2025-01-26 23:03:02,943 [ERROR] LogOutputStream:75 - [STDERR_REDIRECT] 
2025-01-26 23:03:03,918 [ERROR] LogOutputStream:75 - [STDERR_REDIRECT] [Fatal Error] :1:1: Premature end of file.
2025-01-26 23:03:03,918 [ERROR] LogOutputStream:75 - [STDERR_REDIRECT] 
2025-01-26 23:03:04,933 [ERROR] LogOutputStream:75 - [STDERR_REDIRECT] [Fatal Error] :1:1: Premature end of file.
2025-01-26 23:03:04,933 [ERROR] LogOutputStream:75 - [STDERR_REDIRECT] 
2025-01-26 23:03:05,929 [ERROR] LogOutputStream:75 - [STDERR_REDIRECT] [Fatal Error] :1:1: Premature end of file.
2025-01-26 23:03:05,929 [ERROR] LogOutputStream:75 - [STDERR_REDIRECT] 
2025-01-26 23:03:06,934 [ERROR] LogOutputStream:75 - [STDERR_REDIRECT] [Fatal Error] :1:1: Premature end of file.
2025-01-26 23:03:06,934 [ERROR] LogOutputStream:75 - [STDERR_REDIRECT] 
2025-01-26 23:03:07,943 [ERROR] LogOutputStream:75 - [STDERR_REDIRECT] [Fatal Error] :1:1: Premature end of file.
2025-01-26 23:03:07,943 [ERROR] LogOutputStream:75 - [STDERR_REDIRECT] 
2025-01-26 23:03:08,947 [ERROR] LogOutputStream:75 - [STDERR_REDIRECT] [Fatal Error] :1:1: Premature end of file.
2025-01-26 23:03:08,948 [ERROR] LogOutputStream:75 - [STDERR_REDIRECT] 
2025-01-26 23:03:09,933 [ERROR] LogOutputStream:75 - [STDERR_REDIRECT] [Fatal Error] :1:1: Premature end of file.
2025-01-26 23:03:09,933 [ERROR] LogOutputStream:75 - [STDERR_REDIRECT] 
2025-01-26 23:03:10,930 [ERROR] LogOutputStream:75 - [STDERR_REDIRECT] [Fatal Error] :1:1: Premature end of file.
2025-01-26 23:03:10,931 [ERROR] LogOutputStream:75 - [STDERR_REDIRECT] 
2025-01-26 23:03:11,929 [ERROR] LogOutputStream:75 - [STDERR_REDIRECT] [Fatal Error] :1:1: Premature end of file.
2025-01-26 23:03:11,929 [ERROR] LogOutputStream:75 - [STDERR_REDIRECT] 
2025-01-26 23:03:12,938 [ERROR] LogOutputStream:75 - [STDERR_REDIRECT] [Fatal Error] :1:1: Premature end of file.
2025-01-26 23:03:12,938 [ERROR] LogOutputStream:75 - [STDERR_REDIRECT] 
2025-01-26 23:03:13,943 [ERROR] LogOutputStream:75 - [STDERR_REDIRECT] [Fatal Error] :1:1: Premature end of file.
2025-01-26 23:03:13,943 [ERROR] LogOutputStream:75 - [STDERR_REDIRECT] 
2025-01-26 23:03:14,934 [ERROR] LogOutputStream:75 - [STDERR_REDIRECT] [Fatal Error] :1:1: Premature end of file.
2025-01-26 23:03:14,934 [ERROR] LogOutputStream:75 - [STDERR_REDIRECT] 
2025-01-26 23:03:15,940 [ERROR] LogOutputStream:75 - [STDERR_REDIRECT] [Fatal Error] :1:1: Premature end of file.
2025-01-26 23:03:15,940 [ERROR] LogOutputStream:75 - [STDERR_REDIRECT] 
2025-01-26 23:03:16,945 [ERROR] LogOutputStream:75 - [STDERR_REDIRECT] [Fatal Error] :1:1: Premature end of file.
2025-01-26 23:03:16,945 [ERROR] LogOutputStream:75 - [STDERR_REDIRECT] 
2025-01-26 23:03:17,929 [ERROR] LogOutputStream:75 - [STDERR_REDIRECT] [Fatal Error] :1:1: Premature end of file.
2025-01-26 23:03:17,929 [ERROR] LogOutputStream:75 - [STDERR_REDIRECT] 
2025-01-26 23:03:18,941 [ERROR] LogOutputStream:75 - [STDERR_REDIRECT] [Fatal Error] :1:1: Premature end of file.
2025-01-26 23:03:18,941 [ERROR] LogOutputStream:75 - [STDERR_REDIRECT] 
2025-01-26 23:03:19,935 [ERROR] LogOutputStream:75 - [STDERR_REDIRECT] [Fatal Error] :1:1: Premature end of file.
2025-01-26 23:03:19,935 [ERROR] LogOutputStream:75 - [STDERR_REDIRECT] 
2025-01-26 23:03:20,920 [ERROR] LogOutputStream:75 - [STDERR_REDIRECT] [Fatal Error] :1:1: Premature end of file.
2025-01-26 23:03:20,920 [ERROR] LogOutputStream:75 - [STDERR_REDIRECT] 
2025-01-26 23:03:21,942 [ERROR] LogOutputStream:75 - [STDERR_REDIRECT] [Fatal Error] :1:1: Premature end of file.
2025-01-26 23:03:21,942 [ERROR] LogOutputStream:75 - [STDERR_REDIRECT] 
2025-01-26 23:03:22,942 [ERROR] LogOutputStream:75 - [STDERR_REDIRECT] [Fatal Error] :1:1: Premature end of file.
2025-01-26 23:03:22,943 [ERROR] LogOutputStream:75 - [STDERR_REDIRECT] 
2025-01-26 23:03:23,940 [ERROR] LogOutputStream:75 - [STDERR_REDIRECT] [Fatal Error] :1:1: Premature end of file.
2025-01-26 23:03:23,940 [ERROR] LogOutputStream:75 - [STDERR_REDIRECT] 
2025-01-26 23:03:24,928 [ERROR] LogOutputStream:75 - [STDERR_REDIRECT] [Fatal Error] :1:1: Premature end of file.
2025-01-26 23:03:24,928 [ERROR] LogOutputStream:75 - [STDERR_REDIRECT] 
2025-01-26 23:03:25,920 [ERROR] LogOutputStream:75 - [STDERR_REDIRECT] [Fatal Error] :1:1: Premature end of file.
2025-01-26 23:03:25,920 [ERROR] LogOutputStream:75 - [STDERR_REDIRECT] 
2025-01-26 23:03:26,968 [ERROR] LogOutputStream:75 - [STDERR_REDIRECT] [Fatal Error] :1:1: Premature end of file.
2025-01-26 23:03:26,968 [ERROR] LogOutputStream:75 - [STDERR_REDIRECT] 
2025-01-26 23:03:27,916 [ERROR] LogOutputStream:75 - [STDERR_REDIRECT] [Fatal Error] :1:1: Premature end of file.
2025-01-26 23:03:27,916 [ERROR] LogOutputStream:75 - [STDERR_REDIRECT] 
2025-01-26 23:03:28,918 [ERROR] LogOutputStream:75 - [STDERR_REDIRECT] [Fatal Error] :1:1: Premature end of file.
2025-01-26 23:03:28,918 [ERROR] LogOutputStream:75 - [STDERR_REDIRECT] 
2025-01-26 23:03:29,929 [ERROR] LogOutputStream:75 - [STDERR_REDIRECT] [Fatal Error] :1:1: Premature end of file.
2025-01-26 23:03:29,929 [ERROR] LogOutputStream:75 - [STDERR_REDIRECT] 
2025-01-26 23:03:30,932 [ERROR] LogOutputStream:75 - [STDERR_REDIRECT] [Fatal Error] :1:1: Premature end of file.
2025-01-26 23:03:30,933 [ERROR] LogOutputStream:75 - [STDERR_REDIRECT] 
2025-01-26 23:03:31,928 [ERROR] LogOutputStream:75 - [STDERR_REDIRECT] [Fatal Error] :1:1: Premature end of file.
2025-01-26 23:03:31,928 [ERROR] LogOutputStream:75 - [STDERR_REDIRECT] 
2025-01-26 23:03:32,935 [ERROR] LogOutputStream:75 - [STDERR_REDIRECT] [Fatal Error] :1:1: Premature end of file.
2025-01-26 23:03:32,935 [ERROR] LogOutputStream:75 - [STDERR_REDIRECT] 
2025-01-26 23:03:33,924 [ERROR] LogOutputStream:75 - [STDERR_REDIRECT] [Fatal Error] :1:1: Premature end of file.
2025-01-26 23:03:33,925 [ERROR] LogOutputStream:75 - [STDERR_REDIRECT] 
2025-01-26 23:03:34,944 [ERROR] LogOutputStream:75 - [STDERR_REDIRECT] [Fatal Error] :1:1: Premature end of file.
2025-01-26 23:03:34,944 [ERROR] LogOutputStream:75 - [STDERR_REDIRECT] 
2025-01-26 23:03:35,930 [ERROR] LogOutputStream:75 - [STDERR_REDIRECT] [Fatal Error] :1:1: Premature end of file.
2025-01-26 23:03:35,930 [ERROR] LogOutputStream:75 - [STDERR_REDIRECT] 
2025-01-26 23:03:36,921 [ERROR] LogOutputStream:75 - [STDERR_REDIRECT] [Fatal Error] :1:1: Premature end of file.
2025-01-26 23:03:36,921 [ERROR] LogOutputStream:75 - [STDERR_REDIRECT] 
2025-01-26 23:03:37,943 [ERROR] LogOutputStream:75 - [STDERR_REDIRECT] [Fatal Error] :1:1: Premature end of file.
2025-01-26 23:03:37,944 [ERROR] LogOutputStream:75 - [STDERR_REDIRECT] 
2025-01-26 23:03:38,928 [ERROR] LogOutputStream:75 - [STDERR_REDIRECT] [Fatal Error] :1:1: Premature end of file.
2025-01-26 23:03:38,928 [ERROR] LogOutputStream:75 - [STDERR_REDIRECT] 
2025-01-26 23:03:39,925 [ERROR] LogOutputStream:75 - [STDERR_REDIRECT] [Fatal Error] :1:1: Premature end of file.
2025-01-26 23:03:39,925 [ERROR] LogOutputStream:75 - [STDERR_REDIRECT] 
2025-01-26 23:03:40,939 [ERROR] LogOutputStream:75 - [STDERR_REDIRECT] [Fatal Error] :1:1: Premature end of file.
2025-01-26 23:03:40,939 [ERROR] LogOutputStream:75 - [STDERR_REDIRECT] 
2025-01-26 23:03:41,927 [ERROR] LogOutputStream:75 - [STDERR_REDIRECT] [Fatal Error] :1:1: Premature end of file.
2025-01-26 23:03:41,927 [ERROR] LogOutputStream:75 - [STDERR_REDIRECT] 
2025-01-26 23:03:42,923 [ERROR] LogOutputStream:75 - [STDERR_REDIRECT] [Fatal Error] :1:1: Premature end of file.
2025-01-26 23:03:42,923 [ERROR] LogOutputStream:75 - [STDERR_REDIRECT] 
2025-01-26 23:03:43,922 [ERROR] LogOutputStream:75 - [STDERR_REDIRECT] [Fatal Error] :1:1: Premature end of file.
2025-01-26 23:03:43,922 [ERROR] LogOutputStream:75 - [STDERR_REDIRECT] 
2025-01-26 23:03:44,926 [ERROR] LogOutputStream:75 - [STDERR_REDIRECT] [Fatal Error] :1:1: Premature end of file.
2025-01-26 23:03:44,926 [ERROR] LogOutputStream:75 - [STDERR_REDIRECT] 
2025-01-26 23:03:45,923 [ERROR] LogOutputStream:75 - [STDERR_REDIRECT] [Fatal Error] :1:1: Premature end of file.
2025-01-26 23:03:45,923 [ERROR] LogOutputStream:75 - [STDERR_REDIRECT] 
2025-01-26 23:03:46,934 [ERROR] LogOutputStream:75 - [STDERR_REDIRECT] [Fatal Error] :1:1: Premature end of file.
2025-01-26 23:03:46,934 [ERROR] LogOutputStream:75 - [STDERR_REDIRECT] 
2025-01-26 23:03:47,941 [ERROR] LogOutputStream:75 - [STDERR_REDIRECT] [Fatal Error] :1:1: Premature end of file.
2025-01-26 23:03:47,941 [ERROR] LogOutputStream:75 - [STDERR_REDIRECT] 
2025-01-26 23:03:48,934 [ERROR] LogOutputStream:75 - [STDERR_REDIRECT] [Fatal Error] :1:1: Premature end of file.
2025-01-26 23:03:48,934 [ERROR] LogOutputStream:75 - [STDERR_REDIRECT] 
2025-01-26 23:03:49,940 [ERROR] LogOutputStream:75 - [STDERR_REDIRECT] [Fatal Error] :1:1: Premature end of file.
2025-01-26 23:03:49,940 [ERROR] LogOutputStream:75 - [STDERR_REDIRECT] 
2025-01-26 23:03:50,929 [ERROR] LogOutputStream:75 - [STDERR_REDIRECT] [Fatal Error] :1:1: Premature end of file.
2025-01-26 23:03:50,929 [ERROR] LogOutputStream:75 - [STDERR_REDIRECT] 
2025-01-26 23:03:51,919 [ERROR] LogOutputStream:75 - [STDERR_REDIRECT] [Fatal Error] :1:1: Premature end of file.
2025-01-26 23:03:51,919 [ERROR] LogOutputStream:75 - [STDERR_REDIRECT] 
2025-01-26 23:03:52,935 [ERROR] LogOutputStream:75 - [STDERR_REDIRECT] [Fatal Error] :1:1: Premature end of file.
2025-01-26 23:03:52,935 [ERROR] LogOutputStream:75 - [STDERR_REDIRECT] 
2025-01-26 23:03:53,946 [ERROR] LogOutputStream:75 - [STDERR_REDIRECT] [Fatal Error] :1:1: Premature end of file.
2025-01-26 23:03:53,946 [ERROR] LogOutputStream:75 - [STDERR_REDIRECT] 
2025-01-26 23:03:54,937 [ERROR] LogOutputStream:75 - [STDERR_REDIRECT] [Fatal Error] :1:1: Premature end of file.
2025-01-26 23:03:54,937 [ERROR] LogOutputStream:75 - [STDERR_REDIRECT] 
2025-01-26 23:03:55,928 [ERROR] LogOutputStream:75 - [STDERR_REDIRECT] [Fatal Error] :1:1: Premature end of file.
2025-01-26 23:03:55,928 [ERROR] LogOutputStream:75 - [STDERR_REDIRECT] 
2025-01-26 23:03:56,927 [ERROR] LogOutputStream:75 - [STDERR_REDIRECT] [Fatal Error] :1:1: Premature end of file.
2025-01-26 23:03:56,927 [ERROR] LogOutputStream:75 - [STDERR_REDIRECT] 
2025-01-26 23:03:57,934 [ERROR] LogOutputStream:75 - [STDERR_REDIRECT] [Fatal Error] :1:1: Premature end of file.
2025-01-26 23:03:57,934 [ERROR] LogOutputStream:75 - [STDERR_REDIRECT] 
2025-01-26 23:03:58,942 [ERROR] LogOutputStream:75 - [STDERR_REDIRECT] [Fatal Error] :1:1: Premature end of file.
2025-01-26 23:03:58,942 [ERROR] LogOutputStream:75 - [STDERR_REDIRECT] 
2025-01-26 23:03:59,930 [ERROR] LogOutputStream:75 - [STDERR_REDIRECT] [Fatal Error] :1:1: Premature end of file.
2025-01-26 23:03:59,930 [ERROR] LogOutputStream:75 - [STDERR_REDIRECT] 
2025-01-26 23:04:00,931 [ERROR] LogOutputStream:75 - [STDERR_REDIRECT] [Fatal Error] :1:1: Premature end of file.
2025-01-26 23:04:00,932 [ERROR] LogOutputStream:75 - [STDERR_REDIRECT] 
2025-01-26 23:04:01,935 [ERROR] LogOutputStream:75 - [STDERR_REDIRECT] [Fatal Error] :1:1: Premature end of file.
2025-01-26 23:04:01,935 [ERROR] LogOutputStream:75 - [STDERR_REDIRECT] 
2025-01-26 23:04:02,934 [ERROR] LogOutputStream:75 - [STDERR_REDIRECT] [Fatal Error] :1:1: Premature end of file.
2025-01-26 23:04:02,934 [ERROR] LogOutputStream:75 - [STDERR_REDIRECT] 
2025-01-26 23:04:03,933 [ERROR] LogOutputStream:75 - [STDERR_REDIRECT] [Fatal Error] :1:1: Premature end of file.
2025-01-26 23:04:03,934 [ERROR] LogOutputStream:75 - [STDERR_REDIRECT] 
2025-01-26 23:04:04,936 [ERROR] LogOutputStream:75 - [STDERR_REDIRECT] [Fatal Error] :1:1: Premature end of file.
2025-01-26 23:04:04,936 [ERROR] LogOutputStream:75 - [STDERR_REDIRECT] 
2025-01-26 23:04:05,920 [ERROR] LogOutputStream:75 - [STDERR_REDIRECT] [Fatal Error] :1:1: Premature end of file.
2025-01-26 23:04:05,920 [ERROR] LogOutputStream:75 - [STDERR_REDIRECT] 
2025-01-26 23:04:06,927 [ERROR] LogOutputStream:75 - [STDERR_REDIRECT] [Fatal Error] :1:1: Premature end of file.
2025-01-26 23:04:06,927 [ERROR] LogOutputStream:75 - [STDERR_REDIRECT] 
2025-01-26 23:04:07,946 [ERROR] LogOutputStream:75 - [STDERR_REDIRECT] [Fatal Error] :1:1: Premature end of file.
2025-01-26 23:04:07,946 [ERROR] LogOutputStream:75 - [STDERR_REDIRECT] 
2025-01-26 23:04:08,937 [ERROR] LogOutputStream:75 - [STDERR_REDIRECT] [Fatal Error] :1:1: Premature end of file.
2025-01-26 23:04:08,937 [ERROR] LogOutputStream:75 - [STDERR_REDIRECT] 
2025-01-26 23:04:09,927 [ERROR] LogOutputStream:75 - [STDERR_REDIRECT] [Fatal Error] :1:1: Premature end of file.
2025-01-26 23:04:09,927 [ERROR] LogOutputStream:75 - [STDERR_REDIRECT] 
2025-01-26 23:04:10,932 [ERROR] LogOutputStream:75 - [STDERR_REDIRECT] [Fatal Error] :1:1: Premature end of file.
2025-01-26 23:04:10,932 [ERROR] LogOutputStream:75 - [STDERR_REDIRECT] 
2025-01-26 23:04:11,938 [ERROR] LogOutputStream:75 - [STDERR_REDIRECT] [Fatal Error] :1:1: Premature end of file.
2025-01-26 23:04:11,938 [ERROR] LogOutputStream:75 - [STDERR_REDIRECT] 
2025-01-26 23:04:12,935 [ERROR] LogOutputStream:75 - [STDERR_REDIRECT] [Fatal Error] :1:1: Premature end of file.
2025-01-26 23:04:12,935 [ERROR] LogOutputStream:75 - [STDERR_REDIRECT] 
2025-01-26 23:04:13,939 [ERROR] LogOutputStream:75 - [STDERR_REDIRECT] [Fatal Error] :1:1: Premature end of file.
2025-01-26 23:04:13,939 [ERROR] LogOutputStream:75 - [STDERR_REDIRECT] 
2025-01-26 23:04:14,943 [ERROR] LogOutputStream:75 - [STDERR_REDIRECT] [Fatal Error] :1:1: Premature end of file.
2025-01-26 23:04:14,943 [ERROR] LogOutputStream:75 - [STDERR_REDIRECT] 
2025-01-26 23:04:15,934 [ERROR] LogOutputStream:75 - [STDERR_REDIRECT] [Fatal Error] :1:1: Premature end of file.
2025-01-26 23:04:15,934 [ERROR] LogOutputStream:75 - [STDERR_REDIRECT] 
2025-01-26 23:04:16,929 [ERROR] LogOutputStream:75 - [STDERR_REDIRECT] [Fatal Error] :1:1: Premature end of file.
2025-01-26 23:04:16,929 [ERROR] LogOutputStream:75 - [STDERR_REDIRECT] 
2025-01-26 23:04:17,938 [ERROR] LogOutputStream:75 - [STDERR_REDIRECT] [Fatal Error] :1:1: Premature end of file.
2025-01-26 23:04:17,938 [ERROR] LogOutputStream:75 - [STDERR_REDIRECT] 
2025-01-26 23:04:18,951 [ERROR] LogOutputStream:75 - [STDERR_REDIRECT] [Fatal Error] :1:1: Premature end of file.
2025-01-26 23:04:18,951 [ERROR] LogOutputStream:75 - [STDERR_REDIRECT] 
2025-01-26 23:04:19,946 [ERROR] LogOutputStream:75 - [STDERR_REDIRECT] [Fatal Error] :1:1: Premature end of file.
2025-01-26 23:04:19,946 [ERROR] LogOutputStream:75 - [STDERR_REDIRECT] 
2025-01-26 23:04:20,937 [ERROR] LogOutputStream:75 - [STDERR_REDIRECT] [Fatal Error] :1:1: Premature end of file.
2025-01-26 23:04:20,937 [ERROR] LogOutputStream:75 - [STDERR_REDIRECT] 
2025-01-26 23:04:21,926 [ERROR] LogOutputStream:75 - [STDERR_REDIRECT] [Fatal Error] :1:1: Premature end of file.
2025-01-26 23:04:21,927 [ERROR] LogOutputStream:75 - [STDERR_REDIRECT] 
2025-01-26 23:04:22,931 [ERROR] LogOutputStream:75 - [STDERR_REDIRECT] [Fatal Error] :1:1: Premature end of file.
2025-01-26 23:04:22,931 [ERROR] LogOutputStream:75 - [STDERR_REDIRECT] 
2025-01-26 23:04:23,938 [ERROR] LogOutputStream:75 - [STDERR_REDIRECT] [Fatal Error] :1:1: Premature end of file.
2025-01-26 23:04:23,940 [ERROR] LogOutputStream:75 - [STDERR_REDIRECT] 
2025-01-26 23:04:24,939 [ERROR] LogOutputStream:75 - [STDERR_REDIRECT] [Fatal Error] :1:1: Premature end of file.
2025-01-26 23:04:24,939 [ERROR] LogOutputStream:75 - [STDERR_REDIRECT] 
2025-01-26 23:04:25,934 [ERROR] LogOutputStream:75 - [STDERR_REDIRECT] [Fatal Error] :1:1: Premature end of file.
2025-01-26 23:04:25,934 [ERROR] LogOutputStream:75 - [STDERR_REDIRECT] 
2025-01-26 23:04:26,918 [ERROR] LogOutputStream:75 - [STDERR_REDIRECT] [Fatal Error] :1:1: Premature end of file.
2025-01-26 23:04:26,918 [ERROR] LogOutputStream:75 - [STDERR_REDIRECT] 
2025-01-26 23:04:27,924 [ERROR] LogOutputStream:75 - [STDERR_REDIRECT] [Fatal Error] :1:1: Premature end of file.
2025-01-26 23:04:27,924 [ERROR] LogOutputStream:75 - [STDERR_REDIRECT] 
2025-01-26 23:04:28,922 [ERROR] LogOutputStream:75 - [STDERR_REDIRECT] [Fatal Error] :1:1: Premature end of file.
2025-01-26 23:04:28,922 [ERROR] LogOutputStream:75 - [STDERR_REDIRECT] 
2025-01-26 23:04:29,918 [ERROR] LogOutputStream:75 - [STDERR_REDIRECT] [Fatal Error] :1:1: Premature end of file.
2025-01-26 23:04:29,918 [ERROR] LogOutputStream:75 - [STDERR_REDIRECT] 
2025-01-26 23:04:30,920 [ERROR] LogOutputStream:75 - [STDERR_REDIRECT] [Fatal Error] :1:1: Premature end of file.
2025-01-26 23:04:30,920 [ERROR] LogOutputStream:75 - [STDERR_REDIRECT] 
2025-01-26 23:04:31,927 [ERROR] LogOutputStream:75 - [STDERR_REDIRECT] [Fatal Error] :1:1: Premature end of file.
2025-01-26 23:04:31,927 [ERROR] LogOutputStream:75 - [STDERR_REDIRECT] 
2025-01-26 23:04:32,927 [ERROR] LogOutputStream:75 - [STDERR_REDIRECT] [Fatal Error] :1:1: Premature end of file.
2025-01-26 23:04:32,927 [ERROR] LogOutputStream:75 - [STDERR_REDIRECT] 
2025-01-26 23:04:33,937 [ERROR] LogOutputStream:75 - [STDERR_REDIRECT] [Fatal Error] :1:1: Premature end of file.
2025-01-26 23:04:33,937 [ERROR] LogOutputStream:75 - [STDERR_REDIRECT] 
2025-01-26 23:04:34,918 [ERROR] LogOutputStream:75 - [STDERR_REDIRECT] [Fatal Error] :1:1: Premature end of file.
2025-01-26 23:04:34,918 [ERROR] LogOutputStream:75 - [STDERR_REDIRECT] 
2025-01-26 23:04:35,929 [ERROR] LogOutputStream:75 - [STDERR_REDIRECT] [Fatal Error] :1:1: Premature end of file.
2025-01-26 23:04:35,929 [ERROR] LogOutputStream:75 - [STDERR_REDIRECT] 
2025-01-26 23:04:36,941 [ERROR] LogOutputStream:75 - [STDERR_REDIRECT] [Fatal Error] :1:1: Premature end of file.
2025-01-26 23:04:36,941 [ERROR] LogOutputStream:75 - [STDERR_REDIRECT] 
2025-01-26 23:04:37,920 [ERROR] LogOutputStream:75 - [STDERR_REDIRECT] [Fatal Error] :1:1: Premature end of file.
2025-01-26 23:04:37,920 [ERROR] LogOutputStream:75 - [STDERR_REDIRECT] 
2025-01-26 23:04:38,935 [ERROR] LogOutputStream:75 - [STDERR_REDIRECT] [Fatal Error] :1:1: Premature end of file.
2025-01-26 23:04:38,935 [ERROR] LogOutputStream:75 - [STDERR_REDIRECT] 
2025-01-26 23:04:39,931 [ERROR] LogOutputStream:75 - [STDERR_REDIRECT] [Fatal Error] :1:1: Premature end of file.
2025-01-26 23:04:39,931 [ERROR] LogOutputStream:75 - [STDERR_REDIRECT] 
2025-01-26 23:04:40,928 [ERROR] LogOutputStream:75 - [STDERR_REDIRECT] [Fatal Error] :1:1: Premature end of file.
2025-01-26 23:04:40,928 [ERROR] LogOutputStream:75 - [STDERR_REDIRECT] 
2025-01-26 23:04:41,919 [ERROR] LogOutputStream:75 - [STDERR_REDIRECT] [Fatal Error] :1:1: Premature end of file.
2025-01-26 23:04:41,919 [ERROR] LogOutputStream:75 - [STDERR_REDIRECT] 
2025-01-26 23:04:42,929 [ERROR] LogOutputStream:75 - [STDERR_REDIRECT] [Fatal Error] :1:1: Premature end of file.
2025-01-26 23:04:42,929 [ERROR] LogOutputStream:75 - [STDERR_REDIRECT] 
2025-01-26 23:04:43,925 [ERROR] LogOutputStream:75 - [STDERR_REDIRECT] [Fatal Error] :1:1: Premature end of file.
2025-01-26 23:04:43,925 [ERROR] LogOutputStream:75 - [STDERR_REDIRECT] 
2025-01-26 23:04:44,932 [ERROR] LogOutputStream:75 - [STDERR_REDIRECT] [Fatal Error] :1:1: Premature end of file.
2025-01-26 23:04:44,932 [ERROR] LogOutputStream:75 - [STDERR_REDIRECT] 
2025-01-26 23:04:45,962 [ERROR] LogOutputStream:75 - [STDERR_REDIRECT] [Fatal Error] :1:1: Premature end of file.
2025-01-26 23:04:45,962 [ERROR] LogOutputStream:75 - [STDERR_REDIRECT] 
2025-01-26 23:04:46,931 [ERROR] LogOutputStream:75 - [STDERR_REDIRECT] [Fatal Error] :1:1: Premature end of file.
2025-01-26 23:04:46,931 [ERROR] LogOutputStream:75 - [STDERR_REDIRECT] 
2025-01-26 23:04:47,930 [ERROR] LogOutputStream:75 - [STDERR_REDIRECT] [Fatal Error] :1:1: Premature end of file.
2025-01-26 23:04:47,930 [ERROR] LogOutputStream:75 - [STDERR_REDIRECT] 
2025-01-26 23:04:48,917 [ERROR] LogOutputStream:75 - [STDERR_REDIRECT] [Fatal Error] :1:1: Premature end of file.
2025-01-26 23:04:48,917 [ERROR] LogOutputStream:75 - [STDERR_REDIRECT] 
2025-01-26 23:04:49,936 [ERROR] LogOutputStream:75 - [STDERR_REDIRECT] [Fatal Error] :1:1: Premature end of file.
2025-01-26 23:04:49,936 [ERROR] LogOutputStream:75 - [STDERR_REDIRECT] 
2025-01-26 23:04:50,926 [ERROR] LogOutputStream:75 - [STDERR_REDIRECT] [Fatal Error] :1:1: Premature end of file.
2025-01-26 23:04:50,926 [ERROR] LogOutputStream:75 - [STDERR_REDIRECT] 
2025-01-26 23:04:51,926 [ERROR] LogOutputStream:75 - [STDERR_REDIRECT] [Fatal Error] :1:1: Premature end of file.
2025-01-26 23:04:51,926 [ERROR] LogOutputStream:75 - [STDERR_REDIRECT] 
2025-01-26 23:04:52,921 [ERROR] LogOutputStream:75 - [STDERR_REDIRECT] [Fatal Error] :1:1: Premature end of file.
2025-01-26 23:04:52,921 [ERROR] LogOutputStream:75 - [STDERR_REDIRECT] 
2025-01-26 23:04:53,934 [ERROR] LogOutputStream:75 - [STDERR_REDIRECT] [Fatal Error] :1:1: Premature end of file.
2025-01-26 23:04:53,934 [ERROR] LogOutputStream:75 - [STDERR_REDIRECT] 
2025-01-26 23:04:54,933 [ERROR] LogOutputStream:75 - [STDERR_REDIRECT] [Fatal Error] :1:1: Premature end of file.
2025-01-26 23:04:54,933 [ERROR] LogOutputStream:75 - [STDERR_REDIRECT] 
2025-01-26 23:04:55,929 [ERROR] LogOutputStream:75 - [STDERR_REDIRECT] [Fatal Error] :1:1: Premature end of file.
2025-01-26 23:04:55,929 [ERROR] LogOutputStream:75 - [STDERR_REDIRECT] 
2025-01-26 23:04:56,917 [ERROR] LogOutputStream:75 - [STDERR_REDIRECT] [Fatal Error] :1:1: Premature end of file.
2025-01-26 23:04:56,917 [ERROR] LogOutputStream:75 - [STDERR_REDIRECT] 
2025-01-26 23:04:57,919 [ERROR] LogOutputStream:75 - [STDERR_REDIRECT] [Fatal Error] :1:1: Premature end of file.
2025-01-26 23:04:57,919 [ERROR] LogOutputStream:75 - [STDERR_REDIRECT] 
2025-01-26 23:04:58,923 [ERROR] LogOutputStream:75 - [STDERR_REDIRECT] [Fatal Error] :1:1: Premature end of file.
2025-01-26 23:04:58,924 [ERROR] LogOutputStream:75 - [STDERR_REDIRECT] 
2025-01-26 23:04:59,938 [ERROR] LogOutputStream:75 - [STDERR_REDIRECT] [Fatal Error] :1:1: Premature end of file.
2025-01-26 23:04:59,938 [ERROR] LogOutputStream:75 - [STDERR_REDIRECT] 
2025-01-26 23:05:00,930 [ERROR] LogOutputStream:75 - [STDERR_REDIRECT] [Fatal Error] :1:1: Premature end of file.
2025-01-26 23:05:00,930 [ERROR] LogOutputStream:75 - [STDERR_REDIRECT] 
2025-01-26 23:05:01,924 [ERROR] LogOutputStream:75 - [STDERR_REDIRECT] [Fatal Error] :1:1: Premature end of file.
2025-01-26 23:05:01,924 [ERROR] LogOutputStream:75 - [STDERR_REDIRECT] 
2025-01-26 23:05:02,941 [ERROR] LogOutputStream:75 - [STDERR_REDIRECT] [Fatal Error] :1:1: Premature end of file.
2025-01-26 23:05:02,941 [ERROR] LogOutputStream:75 - [STDERR_REDIRECT] 
2025-01-26 23:05:03,938 [ERROR] LogOutputStream:75 - [STDERR_REDIRECT] [Fatal Error] :1:1: Premature end of file.
2025-01-26 23:05:03,938 [ERROR] LogOutputStream:75 - [STDERR_REDIRECT] 
2025-01-26 23:05:04,937 [ERROR] LogOutputStream:75 - [STDERR_REDIRECT] [Fatal Error] :1:1: Premature end of file.
2025-01-26 23:05:04,937 [ERROR] LogOutputStream:75 - [STDERR_REDIRECT] 
2025-01-26 23:05:05,930 [ERROR] LogOutputStream:75 - [STDERR_REDIRECT] [Fatal Error] :1:1: Premature end of file.
2025-01-26 23:05:05,930 [ERROR] LogOutputStream:75 - [STDERR_REDIRECT] 
2025-01-26 23:05:06,950 [ERROR] LogOutputStream:75 - [STDERR_REDIRECT] [Fatal Error] :1:1: Premature end of file.
2025-01-26 23:05:06,950 [ERROR] LogOutputStream:75 - [STDERR_REDIRECT] 
2025-01-26 23:05:07,934 [ERROR] LogOutputStream:75 - [STDERR_REDIRECT] [Fatal Error] :1:1: Premature end of file.
2025-01-26 23:05:07,934 [ERROR] LogOutputStream:75 - [STDERR_REDIRECT] 
2025-01-26 23:05:08,920 [ERROR] LogOutputStream:75 - [STDERR_REDIRECT] [Fatal Error] :1:1: Premature end of file.
2025-01-26 23:05:08,920 [ERROR] LogOutputStream:75 - [STDERR_REDIRECT] 
2025-01-26 23:05:09,924 [ERROR] LogOutputStream:75 - [STDERR_REDIRECT] [Fatal Error] :1:1: Premature end of file.
2025-01-26 23:05:09,924 [ERROR] LogOutputStream:75 - [STDERR_REDIRECT] 
2025-01-26 23:05:10,933 [ERROR] LogOutputStream:75 - [STDERR_REDIRECT] [Fatal Error] :1:1: Premature end of file.
2025-01-26 23:05:10,933 [ERROR] LogOutputStream:75 - [STDERR_REDIRECT] 
2025-01-26 23:05:11,926 [ERROR] LogOutputStream:75 - [STDERR_REDIRECT] [Fatal Error] :1:1: Premature end of file.
2025-01-26 23:05:11,926 [ERROR] LogOutputStream:75 - [STDERR_REDIRECT] 
2025-01-26 23:05:12,916 [ERROR] LogOutputStream:75 - [STDERR_REDIRECT] [Fatal Error] :1:1: Premature end of file.
2025-01-26 23:05:12,916 [ERROR] LogOutputStream:75 - [STDERR_REDIRECT] 
2025-01-26 23:05:13,927 [ERROR] LogOutputStream:75 - [STDERR_REDIRECT] [Fatal Error] :1:1: Premature end of file.
2025-01-26 23:05:13,927 [ERROR] LogOutputStream:75 - [STDERR_REDIRECT] 
2025-01-26 23:05:14,930 [ERROR] LogOutputStream:75 - [STDERR_REDIRECT] [Fatal Error] :1:1: Premature end of file.
2025-01-26 23:05:14,930 [ERROR] LogOutputStream:75 - [STDERR_REDIRECT] 
2025-01-26 23:05:15,942 [ERROR] LogOutputStream:75 - [STDERR_REDIRECT] [Fatal Error] :1:1: Premature end of file.
2025-01-26 23:05:15,942 [ERROR] LogOutputStream:75 - [STDERR_REDIRECT] 
2025-01-26 23:05:16,917 [ERROR] LogOutputStream:75 - [STDERR_REDIRECT] [Fatal Error] :1:1: Premature end of file.
2025-01-26 23:05:16,918 [ERROR] LogOutputStream:75 - [STDERR_REDIRECT] 
2025-01-26 23:05:17,930 [ERROR] LogOutputStream:75 - [STDERR_REDIRECT] [Fatal Error] :1:1: Premature end of file.
2025-01-26 23:05:17,932 [ERROR] LogOutputStream:75 - [STDERR_REDIRECT] 
2025-01-26 23:05:18,933 [ERROR] LogOutputStream:75 - [STDERR_REDIRECT] [Fatal Error] :1:1: Premature end of file.
2025-01-26 23:05:18,934 [ERROR] LogOutputStream:75 - [STDERR_REDIRECT] 
2025-01-26 23:05:19,934 [ERROR] LogOutputStream:75 - [STDERR_REDIRECT] [Fatal Error] :1:1: Premature end of file.
2025-01-26 23:05:19,934 [ERROR] LogOutputStream:75 - [STDERR_REDIRECT] 
2025-01-26 23:05:20,938 [ERROR] LogOutputStream:75 - [STDERR_REDIRECT] [Fatal Error] :1:1: Premature end of file.
2025-01-26 23:05:20,938 [ERROR] LogOutputStream:75 - [STDERR_REDIRECT] 
2025-01-26 23:05:21,917 [ERROR] LogOutputStream:75 - [STDERR_REDIRECT] [Fatal Error] :1:1: Premature end of file.
2025-01-26 23:05:21,917 [ERROR] LogOutputStream:75 - [STDERR_REDIRECT] 
2025-01-26 23:05:22,932 [ERROR] LogOutputStream:75 - [STDERR_REDIRECT] [Fatal Error] :1:1: Premature end of file.
2025-01-26 23:05:22,932 [ERROR] LogOutputStream:75 - [STDERR_REDIRECT] 
2025-01-26 23:05:23,942 [ERROR] LogOutputStream:75 - [STDERR_REDIRECT] [Fatal Error] :1:1: Premature end of file.
2025-01-26 23:05:23,942 [ERROR] LogOutputStream:75 - [STDERR_REDIRECT] 
2025-01-26 23:05:24,933 [ERROR] LogOutputStream:75 - [STDERR_REDIRECT] [Fatal Error] :1:1: Premature end of file.
2025-01-26 23:05:24,933 [ERROR] LogOutputStream:75 - [STDERR_REDIRECT] 
2025-01-26 23:05:25,929 [ERROR] LogOutputStream:75 - [STDERR_REDIRECT] [Fatal Error] :1:1: Premature end of file.
2025-01-26 23:05:25,929 [ERROR] LogOutputStream:75 - [STDERR_REDIRECT] 
2025-01-26 23:05:26,938 [ERROR] LogOutputStream:75 - [STDERR_REDIRECT] [Fatal Error] :1:1: Premature end of file.
2025-01-26 23:05:26,938 [ERROR] LogOutputStream:75 - [STDERR_REDIRECT] 
2025-01-26 23:05:27,928 [ERROR] LogOutputStream:75 - [STDERR_REDIRECT] [Fatal Error] :1:1: Premature end of file.
2025-01-26 23:05:27,929 [ERROR] LogOutputStream:75 - [STDERR_REDIRECT] 
2025-01-26 23:05:28,923 [ERROR] LogOutputStream:75 - [STDERR_REDIRECT] [Fatal Error] :1:1: Premature end of file.
2025-01-26 23:05:28,923 [ERROR] LogOutputStream:75 - [STDERR_REDIRECT] 
2025-01-26 23:05:29,924 [ERROR] LogOutputStream:75 - [STDERR_REDIRECT] [Fatal Error] :1:1: Premature end of file.
2025-01-26 23:05:29,924 [ERROR] LogOutputStream:75 - [STDERR_REDIRECT] 
2025-01-26 23:05:30,938 [ERROR] LogOutputStream:75 - [STDERR_REDIRECT] [Fatal Error] :1:1: Premature end of file.
2025-01-26 23:05:30,938 [ERROR] LogOutputStream:75 - [STDERR_REDIRECT] 
2025-01-26 23:05:31,938 [ERROR] LogOutputStream:75 - [STDERR_REDIRECT] [Fatal Error] :1:1: Premature end of file.
2025-01-26 23:05:31,938 [ERROR] LogOutputStream:75 - [STDERR_REDIRECT] 
2025-01-26 23:05:32,934 [ERROR] LogOutputStream:75 - [STDERR_REDIRECT] [Fatal Error] :1:1: Premature end of file.
2025-01-26 23:05:32,934 [ERROR] LogOutputStream:75 - [STDERR_REDIRECT] 
2025-01-26 23:05:33,939 [ERROR] LogOutputStream:75 - [STDERR_REDIRECT] [Fatal Error] :1:1: Premature end of file.
2025-01-26 23:05:33,939 [ERROR] LogOutputStream:75 - [STDERR_REDIRECT] 
2025-01-26 23:05:34,946 [ERROR] LogOutputStream:75 - [STDERR_REDIRECT] [Fatal Error] :1:1: Premature end of file.
2025-01-26 23:05:34,946 [ERROR] LogOutputStream:75 - [STDERR_REDIRECT] 
2025-01-26 23:05:35,935 [ERROR] LogOutputStream:75 - [STDERR_REDIRECT] [Fatal Error] :1:1: Premature end of file.
2025-01-26 23:05:35,935 [ERROR] LogOutputStream:75 - [STDERR_REDIRECT] 
2025-01-26 23:05:36,936 [ERROR] LogOutputStream:75 - [STDERR_REDIRECT] [Fatal Error] :1:1: Premature end of file.
2025-01-26 23:05:36,936 [ERROR] LogOutputStream:75 - [STDERR_REDIRECT] 
2025-01-26 23:05:37,932 [ERROR] LogOutputStream:75 - [STDERR_REDIRECT] [Fatal Error] :1:1: Premature end of file.
2025-01-26 23:05:37,933 [ERROR] LogOutputStream:75 - [STDERR_REDIRECT] 
2025-01-26 23:05:38,926 [ERROR] LogOutputStream:75 - [STDERR_REDIRECT] [Fatal Error] :1:1: Premature end of file.
2025-01-26 23:05:38,926 [ERROR] LogOutputStream:75 - [STDERR_REDIRECT] 
2025-01-26 23:05:39,929 [ERROR] LogOutputStream:75 - [STDERR_REDIRECT] [Fatal Error] :1:1: Premature end of file.
2025-01-26 23:05:39,929 [ERROR] LogOutputStream:75 - [STDERR_REDIRECT] 
2025-01-26 23:05:40,921 [ERROR] LogOutputStream:75 - [STDERR_REDIRECT] [Fatal Error] :1:1: Premature end of file.
2025-01-26 23:05:40,921 [ERROR] LogOutputStream:75 - [STDERR_REDIRECT] 
2025-01-26 23:05:41,954 [ERROR] LogOutputStream:75 - [STDERR_REDIRECT] [Fatal Error] :1:1: Premature end of file.
2025-01-26 23:05:41,954 [ERROR] LogOutputStream:75 - [STDERR_REDIRECT] 
2025-01-26 23:05:42,930 [ERROR] LogOutputStream:75 - [STDERR_REDIRECT] [Fatal Error] :1:1: Premature end of file.
2025-01-26 23:05:42,930 [ERROR] LogOutputStream:75 - [STDERR_REDIRECT] 
2025-01-26 23:05:43,929 [ERROR] LogOutputStream:75 - [STDERR_REDIRECT] [Fatal Error] :1:1: Premature end of file.
2025-01-26 23:05:43,929 [ERROR] LogOutputStream:75 - [STDERR_REDIRECT] 
2025-01-26 23:05:44,934 [ERROR] LogOutputStream:75 - [STDERR_REDIRECT] [Fatal Error] :1:1: Premature end of file.
2025-01-26 23:05:44,934 [ERROR] LogOutputStream:75 - [STDERR_REDIRECT] 
2025-01-26 23:05:45,920 [ERROR] LogOutputStream:75 - [STDERR_REDIRECT] [Fatal Error] :1:1: Premature end of file.
2025-01-26 23:05:45,920 [ERROR] LogOutputStream:75 - [STDERR_REDIRECT] 
2025-01-26 23:05:46,934 [ERROR] LogOutputStream:75 - [STDERR_REDIRECT] [Fatal Error] :1:1: Premature end of file.
2025-01-26 23:05:46,934 [ERROR] LogOutputStream:75 - [STDERR_REDIRECT] 
2025-01-26 23:05:47,936 [ERROR] LogOutputStream:75 - [STDERR_REDIRECT] [Fatal Error] :1:1: Premature end of file.
2025-01-26 23:05:47,936 [ERROR] LogOutputStream:75 - [STDERR_REDIRECT] 
2025-01-26 23:05:48,934 [ERROR] LogOutputStream:75 - [STDERR_REDIRECT] [Fatal Error] :1:1: Premature end of file.
2025-01-26 23:05:48,936 [ERROR] LogOutputStream:75 - [STDERR_REDIRECT] 
2025-01-26 23:05:49,931 [ERROR] LogOutputStream:75 - [STDERR_REDIRECT] [Fatal Error] :1:1: Premature end of file.
2025-01-26 23:05:49,931 [ERROR] LogOutputStream:75 - [STDERR_REDIRECT] 
2025-01-26 23:05:50,938 [ERROR] LogOutputStream:75 - [STDERR_REDIRECT] [Fatal Error] :1:1: Premature end of file.
2025-01-26 23:05:50,938 [ERROR] LogOutputStream:75 - [STDERR_REDIRECT] 
2025-01-26 23:05:51,932 [ERROR] LogOutputStream:75 - [STDERR_REDIRECT] [Fatal Error] :1:1: Premature end of file.
2025-01-26 23:05:51,932 [ERROR] LogOutputStream:75 - [STDERR_REDIRECT] 
2025-01-26 23:05:52,930 [ERROR] LogOutputStream:75 - [STDERR_REDIRECT] [Fatal Error] :1:1: Premature end of file.
2025-01-26 23:05:52,930 [ERROR] LogOutputStream:75 - [STDERR_REDIRECT] 
2025-01-26 23:05:53,914 [ERROR] LogOutputStream:75 - [STDERR_REDIRECT] [Fatal Error] :1:1: Premature end of file.
2025-01-26 23:05:53,914 [ERROR] LogOutputStream:75 - [STDERR_REDIRECT] 
2025-01-26 23:05:54,932 [ERROR] LogOutputStream:75 - [STDERR_REDIRECT] [Fatal Error] :1:1: Premature end of file.
2025-01-26 23:05:54,932 [ERROR] LogOutputStream:75 - [STDERR_REDIRECT] 
2025-01-26 23:05:55,935 [ERROR] LogOutputStream:75 - [STDERR_REDIRECT] [Fatal Error] :1:1: Premature end of file.
2025-01-26 23:05:55,935 [ERROR] LogOutputStream:75 - [STDERR_REDIRECT] 
2025-01-26 23:05:56,933 [ERROR] LogOutputStream:75 - [STDERR_REDIRECT] [Fatal Error] :1:1: Premature end of file.
2025-01-26 23:05:56,933 [ERROR] LogOutputStream:75 - [STDERR_REDIRECT] 
2025-01-26 23:05:57,939 [ERROR] LogOutputStream:75 - [STDERR_REDIRECT] [Fatal Error] :1:1: Premature end of file.
2025-01-26 23:05:57,939 [ERROR] LogOutputStream:75 - [STDERR_REDIRECT] 
2025-01-26 23:05:58,939 [ERROR] LogOutputStream:75 - [STDERR_REDIRECT] [Fatal Error] :1:1: Premature end of file.
2025-01-26 23:05:58,939 [ERROR] LogOutputStream:75 - [STDERR_REDIRECT] 
2025-01-26 23:05:59,947 [ERROR] LogOutputStream:75 - [STDERR_REDIRECT] [Fatal Error] :1:1: Premature end of file.
2025-01-26 23:05:59,947 [ERROR] LogOutputStream:75 - [STDERR_REDIRECT] 
2025-01-26 23:06:00,947 [ERROR] LogOutputStream:75 - [STDERR_REDIRECT] [Fatal Error] :1:1: Premature end of file.
2025-01-26 23:06:00,947 [ERROR] LogOutputStream:75 - [STDERR_REDIRECT] 
2025-01-26 23:06:01,938 [ERROR] LogOutputStream:75 - [STDERR_REDIRECT] [Fatal Error] :1:1: Premature end of file.
2025-01-26 23:06:01,938 [ERROR] LogOutputStream:75 - [STDERR_REDIRECT] 
2025-01-26 23:06:02,933 [ERROR] LogOutputStream:75 - [STDERR_REDIRECT] [Fatal Error] :1:1: Premature end of file.
2025-01-26 23:06:02,933 [ERROR] LogOutputStream:75 - [STDERR_REDIRECT] 
2025-01-26 23:06:03,922 [ERROR] LogOutputStream:75 - [STDERR_REDIRECT] [Fatal Error] :1:1: Premature end of file.
2025-01-26 23:06:03,922 [ERROR] LogOutputStream:75 - [STDERR_REDIRECT] 
2025-01-26 23:06:04,936 [ERROR] LogOutputStream:75 - [STDERR_REDIRECT] [Fatal Error] :1:1: Premature end of file.
2025-01-26 23:06:04,936 [ERROR] LogOutputStream:75 - [STDERR_REDIRECT] 
2025-01-26 23:06:05,941 [ERROR] LogOutputStream:75 - [STDERR_REDIRECT] [Fatal Error] :1:1: Premature end of file.
2025-01-26 23:06:05,941 [ERROR] LogOutputStream:75 - [STDERR_REDIRECT] 
2025-01-26 23:06:06,936 [ERROR] LogOutputStream:75 - [STDERR_REDIRECT] [Fatal Error] :1:1: Premature end of file.
2025-01-26 23:06:06,938 [ERROR] LogOutputStream:75 - [STDERR_REDIRECT] 
2025-01-26 23:06:07,942 [ERROR] LogOutputStream:75 - [STDERR_REDIRECT] [Fatal Error] :1:1: Premature end of file.
2025-01-26 23:06:07,942 [ERROR] LogOutputStream:75 - [STDERR_REDIRECT] 
2025-01-26 23:06:08,937 [ERROR] LogOutputStream:75 - [STDERR_REDIRECT] [Fatal Error] :1:1: Premature end of file.
2025-01-26 23:06:08,937 [ERROR] LogOutputStream:75 - [STDERR_REDIRECT] 
2025-01-26 23:06:09,938 [ERROR] LogOutputStream:75 - [STDERR_REDIRECT] [Fatal Error] :1:1: Premature end of file.
2025-01-26 23:06:09,938 [ERROR] LogOutputStream:75 - [STDERR_REDIRECT] 
2025-01-26 23:06:10,937 [ERROR] LogOutputStream:75 - [STDERR_REDIRECT] [Fatal Error] :1:1: Premature end of file.
2025-01-26 23:06:10,937 [ERROR] LogOutputStream:75 - [STDERR_REDIRECT] 
2025-01-26 23:06:11,939 [ERROR] LogOutputStream:75 - [STDERR_REDIRECT] [Fatal Error] :1:1: Premature end of file.
2025-01-26 23:06:11,939 [ERROR] LogOutputStream:75 - [STDERR_REDIRECT] 
2025-01-26 23:06:12,932 [ERROR] LogOutputStream:75 - [STDERR_REDIRECT] [Fatal Error] :1:1: Premature end of file.
2025-01-26 23:06:12,932 [ERROR] LogOutputStream:75 - [STDERR_REDIRECT] 
2025-01-26 23:06:13,931 [ERROR] LogOutputStream:75 - [STDERR_REDIRECT] [Fatal Error] :1:1: Premature end of file.
2025-01-26 23:06:13,931 [ERROR] LogOutputStream:75 - [STDERR_REDIRECT] 
2025-01-26 23:06:14,924 [ERROR] LogOutputStream:75 - [STDERR_REDIRECT] [Fatal Error] :1:1: Premature end of file.
2025-01-26 23:06:14,924 [ERROR] LogOutputStream:75 - [STDERR_REDIRECT] 
2025-01-26 23:06:15,927 [ERROR] LogOutputStream:75 - [STDERR_REDIRECT] [Fatal Error] :1:1: Premature end of file.
2025-01-26 23:06:15,927 [ERROR] LogOutputStream:75 - [STDERR_REDIRECT] 
2025-01-26 23:06:16,936 [ERROR] LogOutputStream:75 - [STDERR_REDIRECT] [Fatal Error] :1:1: Premature end of file.
2025-01-26 23:06:16,936 [ERROR] LogOutputStream:75 - [STDERR_REDIRECT] 
2025-01-26 23:06:17,935 [ERROR] LogOutputStream:75 - [STDERR_REDIRECT] [Fatal Error] :1:1: Premature end of file.
2025-01-26 23:06:17,935 [ERROR] LogOutputStream:75 - [STDERR_REDIRECT] 
2025-01-26 23:06:18,940 [ERROR] LogOutputStream:75 - [STDERR_REDIRECT] [Fatal Error] :1:1: Premature end of file.
2025-01-26 23:06:18,940 [ERROR] LogOutputStream:75 - [STDERR_REDIRECT] 
2025-01-26 23:06:19,934 [ERROR] LogOutputStream:75 - [STDERR_REDIRECT] [Fatal Error] :1:1: Premature end of file.
2025-01-26 23:06:19,934 [ERROR] LogOutputStream:75 - [STDERR_REDIRECT] 
2025-01-26 23:06:20,938 [ERROR] LogOutputStream:75 - [STDERR_REDIRECT] [Fatal Error] :1:1: Premature end of file.
2025-01-26 23:06:20,938 [ERROR] LogOutputStream:75 - [STDERR_REDIRECT] 
2025-01-26 23:06:21,934 [ERROR] LogOutputStream:75 - [STDERR_REDIRECT] [Fatal Error] :1:1: Premature end of file.
2025-01-26 23:06:21,934 [ERROR] LogOutputStream:75 - [STDERR_REDIRECT] 
2025-01-26 23:06:22,937 [ERROR] LogOutputStream:75 - [STDERR_REDIRECT] [Fatal Error] :1:1: Premature end of file.
2025-01-26 23:06:22,937 [ERROR] LogOutputStream:75 - [STDERR_REDIRECT] 
2025-01-26 23:06:23,930 [ERROR] LogOutputStream:75 - [STDERR_REDIRECT] [Fatal Error] :1:1: Premature end of file.
2025-01-26 23:06:23,930 [ERROR] LogOutputStream:75 - [STDERR_REDIRECT] 
2025-01-26 23:06:24,948 [ERROR] LogOutputStream:75 - [STDERR_REDIRECT] [Fatal Error] :1:1: Premature end of file.
2025-01-26 23:06:24,948 [ERROR] LogOutputStream:75 - [STDERR_REDIRECT] 
2025-01-26 23:06:25,943 [ERROR] LogOutputStream:75 - [STDERR_REDIRECT] [Fatal Error] :1:1: Premature end of file.
2025-01-26 23:06:25,943 [ERROR] LogOutputStream:75 - [STDERR_REDIRECT] 
2025-01-26 23:06:26,937 [ERROR] LogOutputStream:75 - [STDERR_REDIRECT] [Fatal Error] :1:1: Premature end of file.
2025-01-26 23:06:26,939 [ERROR] LogOutputStream:75 - [STDERR_REDIRECT] 
2025-01-26 23:06:27,934 [ERROR] LogOutputStream:75 - [STDERR_REDIRECT] [Fatal Error] :1:1: Premature end of file.
2025-01-26 23:06:27,934 [ERROR] LogOutputStream:75 - [STDERR_REDIRECT] 
2025-01-26 23:06:28,938 [ERROR] LogOutputStream:75 - [STDERR_REDIRECT] [Fatal Error] :1:1: Premature end of file.
2025-01-26 23:06:28,938 [ERROR] LogOutputStream:75 - [STDERR_REDIRECT] 
2025-01-26 23:06:29,942 [ERROR] LogOutputStream:75 - [STDERR_REDIRECT] [Fatal Error] :1:1: Premature end of file.
2025-01-26 23:06:29,942 [ERROR] LogOutputStream:75 - [STDERR_REDIRECT] 
2025-01-26 23:06:30,935 [ERROR] LogOutputStream:75 - [STDERR_REDIRECT] [Fatal Error] :1:1: Premature end of file.
2025-01-26 23:06:30,935 [ERROR] LogOutputStream:75 - [STDERR_REDIRECT] 
2025-01-26 23:06:31,937 [ERROR] LogOutputStream:75 - [STDERR_REDIRECT] [Fatal Error] :1:1: Premature end of file.
2025-01-26 23:06:31,937 [ERROR] LogOutputStream:75 - [STDERR_REDIRECT] 
2025-01-26 23:06:32,941 [ERROR] LogOutputStream:75 - [STDERR_REDIRECT] [Fatal Error] :1:1: Premature end of file.
2025-01-26 23:06:32,941 [ERROR] LogOutputStream:75 - [STDERR_REDIRECT] 
2025-01-26 23:06:33,937 [ERROR] LogOutputStream:75 - [STDERR_REDIRECT] [Fatal Error] :1:1: Premature end of file.
2025-01-26 23:06:33,937 [ERROR] LogOutputStream:75 - [STDERR_REDIRECT] 
2025-01-26 23:06:34,942 [ERROR] LogOutputStream:75 - [STDERR_REDIRECT] [Fatal Error] :1:1: Premature end of file.
2025-01-26 23:06:34,942 [ERROR] LogOutputStream:75 - [STDERR_REDIRECT] 
2025-01-26 23:06:35,928 [ERROR] LogOutputStream:75 - [STDERR_REDIRECT] [Fatal Error] :1:1: Premature end of file.
2025-01-26 23:06:35,928 [ERROR] LogOutputStream:75 - [STDERR_REDIRECT] 
2025-01-26 23:06:36,944 [ERROR] LogOutputStream:75 - [STDERR_REDIRECT] [Fatal Error] :1:1: Premature end of file.
2025-01-26 23:06:36,944 [ERROR] LogOutputStream:75 - [STDERR_REDIRECT] 
2025-01-26 23:06:37,941 [ERROR] LogOutputStream:75 - [STDERR_REDIRECT] [Fatal Error] :1:1: Premature end of file.
2025-01-26 23:06:37,941 [ERROR] LogOutputStream:75 - [STDERR_REDIRECT] 
2025-01-26 23:06:38,935 [ERROR] LogOutputStream:75 - [STDERR_REDIRECT] [Fatal Error] :1:1: Premature end of file.
2025-01-26 23:06:38,935 [ERROR] LogOutputStream:75 - [STDERR_REDIRECT] 
2025-01-26 23:06:39,939 [ERROR] LogOutputStream:75 - [STDERR_REDIRECT] [Fatal Error] :1:1: Premature end of file.
2025-01-26 23:06:39,939 [ERROR] LogOutputStream:75 - [STDERR_REDIRECT] 
2025-01-26 23:06:40,938 [ERROR] LogOutputStream:75 - [STDERR_REDIRECT] [Fatal Error] :1:1: Premature end of file.
2025-01-26 23:06:40,938 [ERROR] LogOutputStream:75 - [STDERR_REDIRECT] 
2025-01-26 23:06:41,935 [ERROR] LogOutputStream:75 - [STDERR_REDIRECT] [Fatal Error] :1:1: Premature end of file.
2025-01-26 23:06:41,935 [ERROR] LogOutputStream:75 - [STDERR_REDIRECT] 
2025-01-26 23:06:42,939 [ERROR] LogOutputStream:75 - [STDERR_REDIRECT] [Fatal Error] :1:1: Premature end of file.
2025-01-26 23:06:42,939 [ERROR] LogOutputStream:75 - [STDERR_REDIRECT] 
2025-01-26 23:06:43,937 [ERROR] LogOutputStream:75 - [STDERR_REDIRECT] [Fatal Error] :1:1: Premature end of file.
2025-01-26 23:06:43,937 [ERROR] LogOutputStream:75 - [STDERR_REDIRECT] 
2025-01-26 23:06:44,929 [ERROR] LogOutputStream:75 - [STDERR_REDIRECT] [Fatal Error] :1:1: Premature end of file.
2025-01-26 23:06:44,929 [ERROR] LogOutputStream:75 - [STDERR_REDIRECT] 
2025-01-26 23:06:45,930 [ERROR] LogOutputStream:75 - [STDERR_REDIRECT] [Fatal Error] :1:1: Premature end of file.
2025-01-26 23:06:45,930 [ERROR] LogOutputStream:75 - [STDERR_REDIRECT] 
2025-01-26 23:06:46,944 [ERROR] LogOutputStream:75 - [STDERR_REDIRECT] [Fatal Error] :1:1: Premature end of file.
2025-01-26 23:06:46,944 [ERROR] LogOutputStream:75 - [STDERR_REDIRECT] 
2025-01-26 23:06:47,927 [ERROR] LogOutputStream:75 - [STDERR_REDIRECT] [Fatal Error] :1:1: Premature end of file.
2025-01-26 23:06:47,927 [ERROR] LogOutputStream:75 - [STDERR_REDIRECT] 
2025-01-26 23:06:48,922 [ERROR] LogOutputStream:75 - [STDERR_REDIRECT] [Fatal Error] :1:1: Premature end of file.
2025-01-26 23:06:48,922 [ERROR] LogOutputStream:75 - [STDERR_REDIRECT] 
2025-01-26 23:06:49,936 [ERROR] LogOutputStream:75 - [STDERR_REDIRECT] [Fatal Error] :1:1: Premature end of file.
2025-01-26 23:06:49,936 [ERROR] LogOutputStream:75 - [STDERR_REDIRECT] 
2025-01-26 23:06:50,932 [ERROR] LogOutputStream:75 - [STDERR_REDIRECT] [Fatal Error] :1:1: Premature end of file.
2025-01-26 23:06:50,932 [ERROR] LogOutputStream:75 - [STDERR_REDIRECT] 
2025-01-26 23:06:51,933 [ERROR] LogOutputStream:75 - [STDERR_REDIRECT] [Fatal Error] :1:1: Premature end of file.
2025-01-26 23:06:51,933 [ERROR] LogOutputStream:75 - [STDERR_REDIRECT] 
2025-01-26 23:06:52,961 [ERROR] LogOutputStream:75 - [STDERR_REDIRECT] [Fatal Error] :1:1: Premature end of file.
2025-01-26 23:06:52,961 [ERROR] LogOutputStream:75 - [STDERR_REDIRECT] 
2025-01-26 23:06:53,929 [ERROR] LogOutputStream:75 - [STDERR_REDIRECT] [Fatal Error] :1:1: Premature end of file.
2025-01-26 23:06:53,929 [ERROR] LogOutputStream:75 - [STDERR_REDIRECT] 
2025-01-26 23:06:54,919 [ERROR] LogOutputStream:75 - [STDERR_REDIRECT] [Fatal Error] :1:1: Premature end of file.
2025-01-26 23:06:54,919 [ERROR] LogOutputStream:75 - [STDERR_REDIRECT] 
2025-01-26 23:06:55,939 [ERROR] LogOutputStream:75 - [STDERR_REDIRECT] [Fatal Error] :1:1: Premature end of file.
2025-01-26 23:06:55,939 [ERROR] LogOutputStream:75 - [STDERR_REDIRECT] 
2025-01-26 23:06:56,933 [ERROR] LogOutputStream:75 - [STDERR_REDIRECT] [Fatal Error] :1:1: Premature end of file.
2025-01-26 23:06:56,933 [ERROR] LogOutputStream:75 - [STDERR_REDIRECT] 
2025-01-26 23:06:57,932 [ERROR] LogOutputStream:75 - [STDERR_REDIRECT] [Fatal Error] :1:1: Premature end of file.
2025-01-26 23:06:57,932 [ERROR] LogOutputStream:75 - [STDERR_REDIRECT] 
2025-01-26 23:06:58,930 [ERROR] LogOutputStream:75 - [STDERR_REDIRECT] [Fatal Error] :1:1: Premature end of file.
2025-01-26 23:06:58,930 [ERROR] LogOutputStream:75 - [STDERR_REDIRECT] 
2025-01-26 23:06:59,932 [ERROR] LogOutputStream:75 - [STDERR_REDIRECT] [Fatal Error] :1:1: Premature end of file.
2025-01-26 23:06:59,932 [ERROR] LogOutputStream:75 - [STDERR_REDIRECT] 
2025-01-26 23:07:00,928 [ERROR] LogOutputStream:75 - [STDERR_REDIRECT] [Fatal Error] :1:1: Premature end of file.
2025-01-26 23:07:00,928 [ERROR] LogOutputStream:75 - [STDERR_REDIRECT] 
2025-01-26 23:07:01,958 [ERROR] LogOutputStream:75 - [STDERR_REDIRECT] [Fatal Error] :1:1: Premature end of file.
2025-01-26 23:07:01,958 [ERROR] LogOutputStream:75 - [STDERR_REDIRECT] 
2025-01-26 23:07:02,932 [ERROR] LogOutputStream:75 - [STDERR_REDIRECT] [Fatal Error] :1:1: Premature end of file.
2025-01-26 23:07:02,932 [ERROR] LogOutputStream:75 - [STDERR_REDIRECT] 
2025-01-26 23:07:03,941 [ERROR] LogOutputStream:75 - [STDERR_REDIRECT] [Fatal Error] :1:1: Premature end of file.
2025-01-26 23:07:03,941 [ERROR] LogOutputStream:75 - [STDERR_REDIRECT] 
2025-01-26 23:07:04,930 [ERROR] LogOutputStream:75 - [STDERR_REDIRECT] [Fatal Error] :1:1: Premature end of file.
2025-01-26 23:07:04,930 [ERROR] LogOutputStream:75 - [STDERR_REDIRECT] 
2025-01-26 23:07:05,931 [ERROR] LogOutputStream:75 - [STDERR_REDIRECT] [Fatal Error] :1:1: Premature end of file.
2025-01-26 23:07:05,933 [ERROR] LogOutputStream:75 - [STDERR_REDIRECT] 
2025-01-26 23:07:06,926 [ERROR] LogOutputStream:75 - [STDERR_REDIRECT] [Fatal Error] :1:1: Premature end of file.
2025-01-26 23:07:06,926 [ERROR] LogOutputStream:75 - [STDERR_REDIRECT] 
2025-01-26 23:07:07,940 [ERROR] LogOutputStream:75 - [STDERR_REDIRECT] [Fatal Error] :1:1: Premature end of file.
2025-01-26 23:07:07,940 [ERROR] LogOutputStream:75 - [STDERR_REDIRECT] 
2025-01-26 23:07:08,934 [ERROR] LogOutputStream:75 - [STDERR_REDIRECT] [Fatal Error] :1:1: Premature end of file.
2025-01-26 23:07:08,934 [ERROR] LogOutputStream:75 - [STDERR_REDIRECT] 
2025-01-26 23:07:09,926 [ERROR] LogOutputStream:75 - [STDERR_REDIRECT] [Fatal Error] :1:1: Premature end of file.
2025-01-26 23:07:09,926 [ERROR] LogOutputStream:75 - [STDERR_REDIRECT] 
2025-01-26 23:07:10,938 [ERROR] LogOutputStream:75 - [STDERR_REDIRECT] [Fatal Error] :1:1: Premature end of file.
2025-01-26 23:07:10,938 [ERROR] LogOutputStream:75 - [STDERR_REDIRECT] 
2025-01-26 23:07:11,942 [ERROR] LogOutputStream:75 - [STDERR_REDIRECT] [Fatal Error] :1:1: Premature end of file.
2025-01-26 23:07:11,942 [ERROR] LogOutputStream:75 - [STDERR_REDIRECT] 
2025-01-26 23:07:12,926 [ERROR] LogOutputStream:75 - [STDERR_REDIRECT] [Fatal Error] :1:1: Premature end of file.
2025-01-26 23:07:12,928 [ERROR] LogOutputStream:75 - [STDERR_REDIRECT] 
2025-01-26 23:07:13,931 [ERROR] LogOutputStream:75 - [STDERR_REDIRECT] [Fatal Error] :1:1: Premature end of file.
2025-01-26 23:07:13,931 [ERROR] LogOutputStream:75 - [STDERR_REDIRECT] 
2025-01-26 23:07:14,939 [ERROR] LogOutputStream:75 - [STDERR_REDIRECT] [Fatal Error] :1:1: Premature end of file.
2025-01-26 23:07:14,939 [ERROR] LogOutputStream:75 - [STDERR_REDIRECT] 
2025-01-26 23:07:15,921 [ERROR] LogOutputStream:75 - [STDERR_REDIRECT] [Fatal Error] :1:1: Premature end of file.
2025-01-26 23:07:15,921 [ERROR] LogOutputStream:75 - [STDERR_REDIRECT] 
2025-01-26 23:07:16,958 [ERROR] LogOutputStream:75 - [STDERR_REDIRECT] [Fatal Error] :1:1: Premature end of file.
2025-01-26 23:07:16,958 [ERROR] LogOutputStream:75 - [STDERR_REDIRECT] 
2025-01-26 23:07:17,932 [ERROR] LogOutputStream:75 - [STDERR_REDIRECT] [Fatal Error] :1:1: Premature end of file.
2025-01-26 23:07:17,934 [ERROR] LogOutputStream:75 - [STDERR_REDIRECT] 
2025-01-26 23:07:18,933 [ERROR] LogOutputStream:75 - [STDERR_REDIRECT] [Fatal Error] :1:1: Premature end of file.
2025-01-26 23:07:18,933 [ERROR] LogOutputStream:75 - [STDERR_REDIRECT] 
2025-01-26 23:07:19,934 [ERROR] LogOutputStream:75 - [STDERR_REDIRECT] [Fatal Error] :1:1: Premature end of file.
2025-01-26 23:07:19,934 [ERROR] LogOutputStream:75 - [STDERR_REDIRECT] 
2025-01-26 23:07:20,935 [ERROR] LogOutputStream:75 - [STDERR_REDIRECT] [Fatal Error] :1:1: Premature end of file.
2025-01-26 23:07:20,935 [ERROR] LogOutputStream:75 - [STDERR_REDIRECT] 
2025-01-26 23:07:21,959 [ERROR] LogOutputStream:75 - [STDERR_REDIRECT] [Fatal Error] :1:1: Premature end of file.
2025-01-26 23:07:21,959 [ERROR] LogOutputStream:75 - [STDERR_REDIRECT] 
2025-01-26 23:07:22,922 [ERROR] LogOutputStream:75 - [STDERR_REDIRECT] [Fatal Error] :1:1: Premature end of file.
2025-01-26 23:07:22,922 [ERROR] LogOutputStream:75 - [STDERR_REDIRECT] 
2025-01-26 23:07:23,931 [ERROR] LogOutputStream:75 - [STDERR_REDIRECT] [Fatal Error] :1:1: Premature end of file.
2025-01-26 23:07:23,931 [ERROR] LogOutputStream:75 - [STDERR_REDIRECT] 
2025-01-26 23:07:24,941 [ERROR] LogOutputStream:75 - [STDERR_REDIRECT] [Fatal Error] :1:1: Premature end of file.
2025-01-26 23:07:24,941 [ERROR] LogOutputStream:75 - [STDERR_REDIRECT] 
2025-01-26 23:07:25,921 [ERROR] LogOutputStream:75 - [STDERR_REDIRECT] [Fatal Error] :1:1: Premature end of file.
2025-01-26 23:07:25,921 [ERROR] LogOutputStream:75 - [STDERR_REDIRECT] 
2025-01-26 23:07:26,927 [ERROR] LogOutputStream:75 - [STDERR_REDIRECT] [Fatal Error] :1:1: Premature end of file.
2025-01-26 23:07:26,927 [ERROR] LogOutputStream:75 - [STDERR_REDIRECT] 
2025-01-26 23:07:27,941 [ERROR] LogOutputStream:75 - [STDERR_REDIRECT] [Fatal Error] :1:1: Premature end of file.
2025-01-26 23:07:27,941 [ERROR] LogOutputStream:75 - [STDERR_REDIRECT] 
2025-01-26 23:07:28,927 [ERROR] LogOutputStream:75 - [STDERR_REDIRECT] [Fatal Error] :1:1: Premature end of file.
2025-01-26 23:07:28,927 [ERROR] LogOutputStream:75 - [STDERR_REDIRECT] 
2025-01-26 23:07:29,921 [ERROR] LogOutputStream:75 - [STDERR_REDIRECT] [Fatal Error] :1:1: Premature end of file.
2025-01-26 23:07:29,921 [ERROR] LogOutputStream:75 - [STDERR_REDIRECT] 
2025-01-26 23:07:30,929 [ERROR] LogOutputStream:75 - [STDERR_REDIRECT] [Fatal Error] :1:1: Premature end of file.
2025-01-26 23:07:30,931 [ERROR] LogOutputStream:75 - [STDERR_REDIRECT] 
2025-01-26 23:07:31,926 [ERROR] LogOutputStream:75 - [STDERR_REDIRECT] [Fatal Error] :1:1: Premature end of file.
2025-01-26 23:07:31,926 [ERROR] LogOutputStream:75 - [STDERR_REDIRECT] 
2025-01-26 23:07:32,934 [ERROR] LogOutputStream:75 - [STDERR_REDIRECT] [Fatal Error] :1:1: Premature end of file.
2025-01-26 23:07:32,934 [ERROR] LogOutputStream:75 - [STDERR_REDIRECT] 
2025-01-26 23:07:33,920 [ERROR] LogOutputStream:75 - [STDERR_REDIRECT] [Fatal Error] :1:1: Premature end of file.
2025-01-26 23:07:33,920 [ERROR] LogOutputStream:75 - [STDERR_REDIRECT] 
2025-01-26 23:07:34,925 [ERROR] LogOutputStream:75 - [STDERR_REDIRECT] [Fatal Error] :1:1: Premature end of file.
2025-01-26 23:07:34,925 [ERROR] LogOutputStream:75 - [STDERR_REDIRECT] 
2025-01-26 23:07:35,927 [ERROR] LogOutputStream:75 - [STDERR_REDIRECT] [Fatal Error] :1:1: Premature end of file.
2025-01-26 23:07:35,927 [ERROR] LogOutputStream:75 - [STDERR_REDIRECT] 
2025-01-26 23:07:36,945 [ERROR] LogOutputStream:75 - [STDERR_REDIRECT] [Fatal Error] :1:1: Premature end of file.
2025-01-26 23:07:36,946 [ERROR] LogOutputStream:75 - [STDERR_REDIRECT] 
2025-01-26 23:07:37,939 [ERROR] LogOutputStream:75 - [STDERR_REDIRECT] [Fatal Error] :1:1: Premature end of file.
2025-01-26 23:07:37,939 [ERROR] LogOutputStream:75 - [STDERR_REDIRECT] 
2025-01-26 23:07:38,940 [ERROR] LogOutputStream:75 - [STDERR_REDIRECT] [Fatal Error] :1:1: Premature end of file.
2025-01-26 23:07:38,940 [ERROR] LogOutputStream:75 - [STDERR_REDIRECT] 
2025-01-26 23:07:39,932 [ERROR] LogOutputStream:75 - [STDERR_REDIRECT] [Fatal Error] :1:1: Premature end of file.
2025-01-26 23:07:39,932 [ERROR] LogOutputStream:75 - [STDERR_REDIRECT] 
2025-01-26 23:07:40,938 [ERROR] LogOutputStream:75 - [STDERR_REDIRECT] [Fatal Error] :1:1: Premature end of file.
2025-01-26 23:07:40,938 [ERROR] LogOutputStream:75 - [STDERR_REDIRECT] 
2025-01-26 23:07:41,931 [ERROR] LogOutputStream:75 - [STDERR_REDIRECT] [Fatal Error] :1:1: Premature end of file.
2025-01-26 23:07:41,931 [ERROR] LogOutputStream:75 - [STDERR_REDIRECT] 
2025-01-26 23:07:42,936 [ERROR] LogOutputStream:75 - [STDERR_REDIRECT] [Fatal Error] :1:1: Premature end of file.
2025-01-26 23:07:42,936 [ERROR] LogOutputStream:75 - [STDERR_REDIRECT] 
2025-01-26 23:07:43,942 [ERROR] LogOutputStream:75 - [STDERR_REDIRECT] [Fatal Error] :1:1: Premature end of file.
2025-01-26 23:07:43,942 [ERROR] LogOutputStream:75 - [STDERR_REDIRECT] 
2025-01-26 23:07:44,930 [ERROR] LogOutputStream:75 - [STDERR_REDIRECT] [Fatal Error] :1:1: Premature end of file.
2025-01-26 23:07:44,931 [ERROR] LogOutputStream:75 - [STDERR_REDIRECT] 
2025-01-26 23:07:45,927 [ERROR] LogOutputStream:75 - [STDERR_REDIRECT] [Fatal Error] :1:1: Premature end of file.
2025-01-26 23:07:45,927 [ERROR] LogOutputStream:75 - [STDERR_REDIRECT] 
2025-01-26 23:07:46,939 [ERROR] LogOutputStream:75 - [STDERR_REDIRECT] [Fatal Error] :1:1: Premature end of file.
2025-01-26 23:07:46,939 [ERROR] LogOutputStream:75 - [STDERR_REDIRECT] 
2025-01-26 23:07:47,950 [ERROR] LogOutputStream:75 - [STDERR_REDIRECT] [Fatal Error] :1:1: Premature end of file.
2025-01-26 23:07:47,950 [ERROR] LogOutputStream:75 - [STDERR_REDIRECT] 
2025-01-26 23:07:48,922 [ERROR] LogOutputStream:75 - [STDERR_REDIRECT] [Fatal Error] :1:1: Premature end of file.
2025-01-26 23:07:48,922 [ERROR] LogOutputStream:75 - [STDERR_REDIRECT] 
2025-01-26 23:07:49,924 [ERROR] LogOutputStream:75 - [STDERR_REDIRECT] [Fatal Error] :1:1: Premature end of file.
2025-01-26 23:07:49,924 [ERROR] LogOutputStream:75 - [STDERR_REDIRECT] 
2025-01-26 23:07:50,927 [ERROR] LogOutputStream:75 - [STDERR_REDIRECT] [Fatal Error] :1:1: Premature end of file.
2025-01-26 23:07:50,927 [ERROR] LogOutputStream:75 - [STDERR_REDIRECT] 
2025-01-26 23:07:51,931 [ERROR] LogOutputStream:75 - [STDERR_REDIRECT] [Fatal Error] :1:1: Premature end of file.
2025-01-26 23:07:51,931 [ERROR] LogOutputStream:75 - [STDERR_REDIRECT] 
2025-01-26 23:07:52,925 [ERROR] LogOutputStream:75 - [STDERR_REDIRECT] [Fatal Error] :1:1: Premature end of file.
2025-01-26 23:07:52,925 [ERROR] LogOutputStream:75 - [STDERR_REDIRECT] 
2025-01-26 23:07:53,929 [ERROR] LogOutputStream:75 - [STDERR_REDIRECT] [Fatal Error] :1:1: Premature end of file.
2025-01-26 23:07:53,930 [ERROR] LogOutputStream:75 - [STDERR_REDIRECT] 
2025-01-26 23:07:54,934 [ERROR] LogOutputStream:75 - [STDERR_REDIRECT] [Fatal Error] :1:1: Premature end of file.
2025-01-26 23:07:54,934 [ERROR] LogOutputStream:75 - [STDERR_REDIRECT] 
2025-01-26 23:07:55,924 [ERROR] LogOutputStream:75 - [STDERR_REDIRECT] [Fatal Error] :1:1: Premature end of file.
2025-01-26 23:07:55,924 [ERROR] LogOutputStream:75 - [STDERR_REDIRECT] 
2025-01-26 23:07:56,934 [ERROR] LogOutputStream:75 - [STDERR_REDIRECT] [Fatal Error] :1:1: Premature end of file.
2025-01-26 23:07:56,934 [ERROR] LogOutputStream:75 - [STDERR_REDIRECT] 
2025-01-26 23:07:57,937 [ERROR] LogOutputStream:75 - [STDERR_REDIRECT] [Fatal Error] :1:1: Premature end of file.
2025-01-26 23:07:57,937 [ERROR] LogOutputStream:75 - [STDERR_REDIRECT] 
2025-01-26 23:07:58,929 [ERROR] LogOutputStream:75 - [STDERR_REDIRECT] [Fatal Error] :1:1: Premature end of file.
2025-01-26 23:07:58,929 [ERROR] LogOutputStream:75 - [STDERR_REDIRECT] 
2025-01-26 23:07:59,940 [ERROR] LogOutputStream:75 - [STDERR_REDIRECT] [Fatal Error] :1:1: Premature end of file.
2025-01-26 23:07:59,940 [ERROR] LogOutputStream:75 - [STDERR_REDIRECT] 
2025-01-26 23:08:00,928 [ERROR] LogOutputStream:75 - [STDERR_REDIRECT] [Fatal Error] :1:1: Premature end of file.
2025-01-26 23:08:00,928 [ERROR] LogOutputStream:75 - [STDERR_REDIRECT] 
2025-01-26 23:08:01,935 [ERROR] LogOutputStream:75 - [STDERR_REDIRECT] [Fatal Error] :1:1: Premature end of file.
2025-01-26 23:08:01,935 [ERROR] LogOutputStream:75 - [STDERR_REDIRECT] 
2025-01-26 23:08:02,921 [ERROR] LogOutputStream:75 - [STDERR_REDIRECT] [Fatal Error] :1:1: Premature end of file.
2025-01-26 23:08:02,921 [ERROR] LogOutputStream:75 - [STDERR_REDIRECT] 
2025-01-26 23:08:03,938 [ERROR] LogOutputStream:75 - [STDERR_REDIRECT] [Fatal Error] :1:1: Premature end of file.
2025-01-26 23:08:03,938 [ERROR] LogOutputStream:75 - [STDERR_REDIRECT] 
2025-01-26 23:08:04,935 [ERROR] LogOutputStream:75 - [STDERR_REDIRECT] [Fatal Error] :1:1: Premature end of file.
2025-01-26 23:08:04,935 [ERROR] LogOutputStream:75 - [STDERR_REDIRECT] 
2025-01-26 23:08:05,936 [ERROR] LogOutputStream:75 - [STDERR_REDIRECT] [Fatal Error] :1:1: Premature end of file.
2025-01-26 23:08:05,936 [ERROR] LogOutputStream:75 - [STDERR_REDIRECT] 
2025-01-26 23:08:06,933 [ERROR] LogOutputStream:75 - [STDERR_REDIRECT] [Fatal Error] :1:1: Premature end of file.
2025-01-26 23:08:06,933 [ERROR] LogOutputStream:75 - [STDERR_REDIRECT] 
2025-01-26 23:08:07,939 [ERROR] LogOutputStream:75 - [STDERR_REDIRECT] [Fatal Error] :1:1: Premature end of file.
2025-01-26 23:08:07,939 [ERROR] LogOutputStream:75 - [STDERR_REDIRECT] 
2025-01-26 23:08:08,932 [ERROR] LogOutputStream:75 - [STDERR_REDIRECT] [Fatal Error] :1:1: Premature end of file.
2025-01-26 23:08:08,932 [ERROR] LogOutputStream:75 - [STDERR_REDIRECT] 
2025-01-26 23:08:09,942 [ERROR] LogOutputStream:75 - [STDERR_REDIRECT] [Fatal Error] :1:1: Premature end of file.
2025-01-26 23:08:09,943 [ERROR] LogOutputStream:75 - [STDERR_REDIRECT] 
2025-01-26 23:08:10,940 [ERROR] LogOutputStream:75 - [STDERR_REDIRECT] [Fatal Error] :1:1: Premature end of file.
2025-01-26 23:08:10,940 [ERROR] LogOutputStream:75 - [STDERR_REDIRECT] 
2025-01-26 23:08:11,935 [ERROR] LogOutputStream:75 - [STDERR_REDIRECT] [Fatal Error] :1:1: Premature end of file.
2025-01-26 23:08:11,935 [ERROR] LogOutputStream:75 - [STDERR_REDIRECT] 
2025-01-26 23:08:12,941 [ERROR] LogOutputStream:75 - [STDERR_REDIRECT] [Fatal Error] :1:1: Premature end of file.
2025-01-26 23:08:12,941 [ERROR] LogOutputStream:75 - [STDERR_REDIRECT] 
2025-01-26 23:08:13,940 [ERROR] LogOutputStream:75 - [STDERR_REDIRECT] [Fatal Error] :1:1: Premature end of file.
2025-01-26 23:08:13,940 [ERROR] LogOutputStream:75 - [STDERR_REDIRECT] 
2025-01-26 23:08:14,928 [ERROR] LogOutputStream:75 - [STDERR_REDIRECT] [Fatal Error] :1:1: Premature end of file.
2025-01-26 23:08:14,928 [ERROR] LogOutputStream:75 - [STDERR_REDIRECT] 
2025-01-26 23:08:15,924 [ERROR] LogOutputStream:75 - [STDERR_REDIRECT] [Fatal Error] :1:1: Premature end of file.
2025-01-26 23:08:15,924 [ERROR] LogOutputStream:75 - [STDERR_REDIRECT] 
2025-01-26 23:08:16,942 [ERROR] LogOutputStream:75 - [STDERR_REDIRECT] [Fatal Error] :1:1: Premature end of file.
2025-01-26 23:08:16,942 [ERROR] LogOutputStream:75 - [STDERR_REDIRECT] 
2025-01-26 23:08:17,936 [ERROR] LogOutputStream:75 - [STDERR_REDIRECT] [Fatal Error] :1:1: Premature end of file.
2025-01-26 23:08:17,936 [ERROR] LogOutputStream:75 - [STDERR_REDIRECT] 
2025-01-26 23:08:18,938 [ERROR] LogOutputStream:75 - [STDERR_REDIRECT] [Fatal Error] :1:1: Premature end of file.
2025-01-26 23:08:18,938 [ERROR] LogOutputStream:75 - [STDERR_REDIRECT] 
2025-01-26 23:08:19,937 [ERROR] LogOutputStream:75 - [STDERR_REDIRECT] [Fatal Error] :1:1: Premature end of file.
2025-01-26 23:08:19,937 [ERROR] LogOutputStream:75 - [STDERR_REDIRECT] 
2025-01-26 23:08:20,934 [ERROR] LogOutputStream:75 - [STDERR_REDIRECT] [Fatal Error] :1:1: Premature end of file.
2025-01-26 23:08:20,934 [ERROR] LogOutputStream:75 - [STDERR_REDIRECT] 
2025-01-26 23:08:21,925 [ERROR] LogOutputStream:75 - [STDERR_REDIRECT] [Fatal Error] :1:1: Premature end of file.
2025-01-26 23:08:21,925 [ERROR] LogOutputStream:75 - [STDERR_REDIRECT] 
2025-01-26 23:08:22,937 [ERROR] LogOutputStream:75 - [STDERR_REDIRECT] [Fatal Error] :1:1: Premature end of file.
2025-01-26 23:08:22,937 [ERROR] LogOutputStream:75 - [STDERR_REDIRECT] 
2025-01-26 23:08:23,935 [ERROR] LogOutputStream:75 - [STDERR_REDIRECT] [Fatal Error] :1:1: Premature end of file.
2025-01-26 23:08:23,935 [ERROR] LogOutputStream:75 - [STDERR_REDIRECT] 
2025-01-26 23:08:24,921 [ERROR] LogOutputStream:75 - [STDERR_REDIRECT] [Fatal Error] :1:1: Premature end of file.
2025-01-26 23:08:24,921 [ERROR] LogOutputStream:75 - [STDERR_REDIRECT] 
2025-01-26 23:08:25,938 [ERROR] LogOutputStream:75 - [STDERR_REDIRECT] [Fatal Error] :1:1: Premature end of file.
2025-01-26 23:08:25,938 [ERROR] LogOutputStream:75 - [STDERR_REDIRECT] 
2025-01-26 23:08:26,928 [ERROR] LogOutputStream:75 - [STDERR_REDIRECT] [Fatal Error] :1:1: Premature end of file.
2025-01-26 23:08:26,930 [ERROR] LogOutputStream:75 - [STDERR_REDIRECT] 
2025-01-26 23:08:27,928 [ERROR] LogOutputStream:75 - [STDERR_REDIRECT] [Fatal Error] :1:1: Premature end of file.
2025-01-26 23:08:27,928 [ERROR] LogOutputStream:75 - [STDERR_REDIRECT] 
2025-01-26 23:08:28,934 [ERROR] LogOutputStream:75 - [STDERR_REDIRECT] [Fatal Error] :1:1: Premature end of file.
2025-01-26 23:08:28,934 [ERROR] LogOutputStream:75 - [STDERR_REDIRECT] 
2025-01-26 23:08:29,936 [ERROR] LogOutputStream:75 - [STDERR_REDIRECT] [Fatal Error] :1:1: Premature end of file.
2025-01-26 23:08:29,936 [ERROR] LogOutputStream:75 - [STDERR_REDIRECT] 
2025-01-26 23:08:30,941 [ERROR] LogOutputStream:75 - [STDERR_REDIRECT] [Fatal Error] :1:1: Premature end of file.
2025-01-26 23:08:30,941 [ERROR] LogOutputStream:75 - [STDERR_REDIRECT] 
2025-01-26 23:08:31,930 [ERROR] LogOutputStream:75 - [STDERR_REDIRECT] [Fatal Error] :1:1: Premature end of file.
2025-01-26 23:08:31,932 [ERROR] LogOutputStream:75 - [STDERR_REDIRECT] 
2025-01-26 23:08:32,925 [ERROR] LogOutputStream:75 - [STDERR_REDIRECT] [Fatal Error] :1:1: Premature end of file.
2025-01-26 23:08:32,925 [ERROR] LogOutputStream:75 - [STDERR_REDIRECT] 
2025-01-26 23:08:33,916 [ERROR] LogOutputStream:75 - [STDERR_REDIRECT] [Fatal Error] :1:1: Premature end of file.
2025-01-26 23:08:33,916 [ERROR] LogOutputStream:75 - [STDERR_REDIRECT] 
2025-01-26 23:08:34,942 [ERROR] LogOutputStream:75 - [STDERR_REDIRECT] [Fatal Error] :1:1: Premature end of file.
2025-01-26 23:08:34,943 [ERROR] LogOutputStream:75 - [STDERR_REDIRECT] 
2025-01-26 23:08:35,927 [ERROR] LogOutputStream:75 - [STDERR_REDIRECT] [Fatal Error] :1:1: Premature end of file.
2025-01-26 23:08:35,927 [ERROR] LogOutputStream:75 - [STDERR_REDIRECT] 
2025-01-26 23:08:36,937 [ERROR] LogOutputStream:75 - [STDERR_REDIRECT] [Fatal Error] :1:1: Premature end of file.
2025-01-26 23:08:36,937 [ERROR] LogOutputStream:75 - [STDERR_REDIRECT] 
2025-01-26 23:08:37,928 [ERROR] LogOutputStream:75 - [STDERR_REDIRECT] [Fatal Error] :1:1: Premature end of file.
2025-01-26 23:08:37,928 [ERROR] LogOutputStream:75 - [STDERR_REDIRECT] 
2025-01-26 23:08:38,932 [ERROR] LogOutputStream:75 - [STDERR_REDIRECT] [Fatal Error] :1:1: Premature end of file.
2025-01-26 23:08:38,932 [ERROR] LogOutputStream:75 - [STDERR_REDIRECT] 
2025-01-26 23:08:39,927 [ERROR] LogOutputStream:75 - [STDERR_REDIRECT] [Fatal Error] :1:1: Premature end of file.
2025-01-26 23:08:39,927 [ERROR] LogOutputStream:75 - [STDERR_REDIRECT] 
2025-01-26 23:08:40,950 [ERROR] LogOutputStream:75 - [STDERR_REDIRECT] [Fatal Error] :1:1: Premature end of file.
2025-01-26 23:08:40,950 [ERROR] LogOutputStream:75 - [STDERR_REDIRECT] 
2025-01-26 23:08:41,937 [ERROR] LogOutputStream:75 - [STDERR_REDIRECT] [Fatal Error] :1:1: Premature end of file.
2025-01-26 23:08:41,937 [ERROR] LogOutputStream:75 - [STDERR_REDIRECT] 
2025-01-26 23:08:42,927 [ERROR] LogOutputStream:75 - [STDERR_REDIRECT] [Fatal Error] :1:1: Premature end of file.
2025-01-26 23:08:42,927 [ERROR] LogOutputStream:75 - [STDERR_REDIRECT] 
2025-01-26 23:08:43,939 [ERROR] LogOutputStream:75 - [STDERR_REDIRECT] [Fatal Error] :1:1: Premature end of file.
2025-01-26 23:08:43,939 [ERROR] LogOutputStream:75 - [STDERR_REDIRECT] 
2025-01-26 23:08:44,928 [ERROR] LogOutputStream:75 - [STDERR_REDIRECT] [Fatal Error] :1:1: Premature end of file.
2025-01-26 23:08:44,928 [ERROR] LogOutputStream:75 - [STDERR_REDIRECT] 
2025-01-26 23:08:45,927 [ERROR] LogOutputStream:75 - [STDERR_REDIRECT] [Fatal Error] :1:1: Premature end of file.
2025-01-26 23:08:45,927 [ERROR] LogOutputStream:75 - [STDERR_REDIRECT] 
2025-01-26 23:08:46,937 [ERROR] LogOutputStream:75 - [STDERR_REDIRECT] [Fatal Error] :1:1: Premature end of file.
2025-01-26 23:08:46,937 [ERROR] LogOutputStream:75 - [STDERR_REDIRECT] 
2025-01-26 23:08:47,933 [ERROR] LogOutputStream:75 - [STDERR_REDIRECT] [Fatal Error] :1:1: Premature end of file.
2025-01-26 23:08:47,933 [ERROR] LogOutputStream:75 - [STDERR_REDIRECT] 
2025-01-26 23:08:48,935 [ERROR] LogOutputStream:75 - [STDERR_REDIRECT] [Fatal Error] :1:1: Premature end of file.
2025-01-26 23:08:48,935 [ERROR] LogOutputStream:75 - [STDERR_REDIRECT] 
2025-01-26 23:08:49,936 [ERROR] LogOutputStream:75 - [STDERR_REDIRECT] [Fatal Error] :1:1: Premature end of file.
2025-01-26 23:08:49,936 [ERROR] LogOutputStream:75 - [STDERR_REDIRECT] 
2025-01-26 23:08:50,932 [ERROR] LogOutputStream:75 - [STDERR_REDIRECT] [Fatal Error] :1:1: Premature end of file.
2025-01-26 23:08:50,932 [ERROR] LogOutputStream:75 - [STDERR_REDIRECT] 
2025-01-26 23:08:51,924 [ERROR] LogOutputStream:75 - [STDERR_REDIRECT] [Fatal Error] :1:1: Premature end of file.
2025-01-26 23:08:51,924 [ERROR] LogOutputStream:75 - [STDERR_REDIRECT] 
2025-01-26 23:08:52,932 [ERROR] LogOutputStream:75 - [STDERR_REDIRECT] [Fatal Error] :1:1: Premature end of file.
2025-01-26 23:08:52,932 [ERROR] LogOutputStream:75 - [STDERR_REDIRECT] 
2025-01-26 23:08:53,929 [ERROR] LogOutputStream:75 - [STDERR_REDIRECT] [Fatal Error] :1:1: Premature end of file.
2025-01-26 23:08:53,929 [ERROR] LogOutputStream:75 - [STDERR_REDIRECT] 
2025-01-26 23:08:54,946 [ERROR] LogOutputStream:75 - [STDERR_REDIRECT] [Fatal Error] :1:1: Premature end of file.
2025-01-26 23:08:54,946 [ERROR] LogOutputStream:75 - [STDERR_REDIRECT] 
2025-01-26 23:08:55,927 [ERROR] LogOutputStream:75 - [STDERR_REDIRECT] [Fatal Error] :1:1: Premature end of file.
2025-01-26 23:08:55,927 [ERROR] LogOutputStream:75 - [STDERR_REDIRECT] 
2025-01-26 23:08:56,935 [ERROR] LogOutputStream:75 - [STDERR_REDIRECT] [Fatal Error] :1:1: Premature end of file.
2025-01-26 23:08:56,935 [ERROR] LogOutputStream:75 - [STDERR_REDIRECT] 
2025-01-26 23:08:57,954 [ERROR] LogOutputStream:75 - [STDERR_REDIRECT] [Fatal Error] :1:1: Premature end of file.
2025-01-26 23:08:57,954 [ERROR] LogOutputStream:75 - [STDERR_REDIRECT] 
2025-01-26 23:08:58,920 [ERROR] LogOutputStream:75 - [STDERR_REDIRECT] [Fatal Error] :1:1: Premature end of file.
2025-01-26 23:08:58,920 [ERROR] LogOutputStream:75 - [STDERR_REDIRECT] 
2025-01-26 23:08:59,939 [ERROR] LogOutputStream:75 - [STDERR_REDIRECT] [Fatal Error] :1:1: Premature end of file.
2025-01-26 23:08:59,939 [ERROR] LogOutputStream:75 - [STDERR_REDIRECT] 
2025-01-26 23:09:00,941 [ERROR] LogOutputStream:75 - [STDERR_REDIRECT] [Fatal Error] :1:1: Premature end of file.
2025-01-26 23:09:00,941 [ERROR] LogOutputStream:75 - [STDERR_REDIRECT] 
2025-01-26 23:09:01,934 [ERROR] LogOutputStream:75 - [STDERR_REDIRECT] [Fatal Error] :1:1: Premature end of file.
2025-01-26 23:09:01,935 [ERROR] LogOutputStream:75 - [STDERR_REDIRECT] 
2025-01-26 23:09:02,940 [ERROR] LogOutputStream:75 - [STDERR_REDIRECT] [Fatal Error] :1:1: Premature end of file.
2025-01-26 23:09:02,940 [ERROR] LogOutputStream:75 - [STDERR_REDIRECT] 
2025-01-26 23:09:03,937 [ERROR] LogOutputStream:75 - [STDERR_REDIRECT] [Fatal Error] :1:1: Premature end of file.
2025-01-26 23:09:03,937 [ERROR] LogOutputStream:75 - [STDERR_REDIRECT] 
2025-01-26 23:09:04,934 [ERROR] LogOutputStream:75 - [STDERR_REDIRECT] [Fatal Error] :1:1: Premature end of file.
2025-01-26 23:09:04,934 [ERROR] LogOutputStream:75 - [STDERR_REDIRECT] 
2025-01-26 23:09:05,926 [ERROR] LogOutputStream:75 - [STDERR_REDIRECT] [Fatal Error] :1:1: Premature end of file.
2025-01-26 23:09:05,926 [ERROR] LogOutputStream:75 - [STDERR_REDIRECT] 
2025-01-26 23:09:06,929 [ERROR] LogOutputStream:75 - [STDERR_REDIRECT] [Fatal Error] :1:1: Premature end of file.
2025-01-26 23:09:06,930 [ERROR] LogOutputStream:75 - [STDERR_REDIRECT] 
2025-01-26 23:09:07,941 [ERROR] LogOutputStream:75 - [STDERR_REDIRECT] [Fatal Error] :1:1: Premature end of file.
2025-01-26 23:09:07,941 [ERROR] LogOutputStream:75 - [STDERR_REDIRECT] 
2025-01-26 23:09:08,967 [ERROR] LogOutputStream:75 - [STDERR_REDIRECT] [Fatal Error] :1:1: Premature end of file.
2025-01-26 23:09:08,967 [ERROR] LogOutputStream:75 - [STDERR_REDIRECT] 
2025-01-26 23:09:09,939 [ERROR] LogOutputStream:75 - [STDERR_REDIRECT] [Fatal Error] :1:1: Premature end of file.
2025-01-26 23:09:09,939 [ERROR] LogOutputStream:75 - [STDERR_REDIRECT] 
2025-01-26 23:09:10,938 [ERROR] LogOutputStream:75 - [STDERR_REDIRECT] [Fatal Error] :1:1: Premature end of file.
2025-01-26 23:09:10,938 [ERROR] LogOutputStream:75 - [STDERR_REDIRECT] 
2025-01-26 23:09:11,928 [ERROR] LogOutputStream:75 - [STDERR_REDIRECT] [Fatal Error] :1:1: Premature end of file.
2025-01-26 23:09:11,928 [ERROR] LogOutputStream:75 - [STDERR_REDIRECT] 
2025-01-26 23:09:12,935 [ERROR] LogOutputStream:75 - [STDERR_REDIRECT] [Fatal Error] :1:1: Premature end of file.
2025-01-26 23:09:12,935 [ERROR] LogOutputStream:75 - [STDERR_REDIRECT] 
2025-01-26 23:09:13,929 [ERROR] LogOutputStream:75 - [STDERR_REDIRECT] [Fatal Error] :1:1: Premature end of file.
2025-01-26 23:09:13,931 [ERROR] LogOutputStream:75 - [STDERR_REDIRECT] 
2025-01-26 23:09:14,935 [ERROR] LogOutputStream:75 - [STDERR_REDIRECT] [Fatal Error] :1:1: Premature end of file.
2025-01-26 23:09:14,935 [ERROR] LogOutputStream:75 - [STDERR_REDIRECT] 
2025-01-26 23:09:15,920 [ERROR] LogOutputStream:75 - [STDERR_REDIRECT] [Fatal Error] :1:1: Premature end of file.
2025-01-26 23:09:15,920 [ERROR] LogOutputStream:75 - [STDERR_REDIRECT] 
2025-01-26 23:09:16,946 [ERROR] LogOutputStream:75 - [STDERR_REDIRECT] [Fatal Error] :1:1: Premature end of file.
2025-01-26 23:09:16,946 [ERROR] LogOutputStream:75 - [STDERR_REDIRECT] 
2025-01-26 23:09:17,933 [ERROR] LogOutputStream:75 - [STDERR_REDIRECT] [Fatal Error] :1:1: Premature end of file.
2025-01-26 23:09:17,933 [ERROR] LogOutputStream:75 - [STDERR_REDIRECT] 
2025-01-26 23:09:18,928 [ERROR] LogOutputStream:75 - [STDERR_REDIRECT] [Fatal Error] :1:1: Premature end of file.
2025-01-26 23:09:18,928 [ERROR] LogOutputStream:75 - [STDERR_REDIRECT] 
2025-01-26 23:09:19,935 [ERROR] LogOutputStream:75 - [STDERR_REDIRECT] [Fatal Error] :1:1: Premature end of file.
2025-01-26 23:09:19,935 [ERROR] LogOutputStream:75 - [STDERR_REDIRECT] 
2025-01-26 23:09:20,929 [ERROR] LogOutputStream:75 - [STDERR_REDIRECT] [Fatal Error] :1:1: Premature end of file.
2025-01-26 23:09:20,929 [ERROR] LogOutputStream:75 - [STDERR_REDIRECT] 
2025-01-26 23:09:21,931 [ERROR] LogOutputStream:75 - [STDERR_REDIRECT] [Fatal Error] :1:1: Premature end of file.
2025-01-26 23:09:21,931 [ERROR] LogOutputStream:75 - [STDERR_REDIRECT] 
2025-01-26 23:09:22,927 [ERROR] LogOutputStream:75 - [STDERR_REDIRECT] [Fatal Error] :1:1: Premature end of file.
2025-01-26 23:09:22,929 [ERROR] LogOutputStream:75 - [STDERR_REDIRECT] 
2025-01-26 23:09:23,935 [ERROR] LogOutputStream:75 - [STDERR_REDIRECT] [Fatal Error] :1:1: Premature end of file.
2025-01-26 23:09:23,935 [ERROR] LogOutputStream:75 - [STDERR_REDIRECT] 
2025-01-26 23:09:24,924 [ERROR] LogOutputStream:75 - [STDERR_REDIRECT] [Fatal Error] :1:1: Premature end of file.
2025-01-26 23:09:24,924 [ERROR] LogOutputStream:75 - [STDERR_REDIRECT] 
2025-01-26 23:09:25,946 [ERROR] LogOutputStream:75 - [STDERR_REDIRECT] [Fatal Error] :1:1: Premature end of file.
2025-01-26 23:09:25,946 [ERROR] LogOutputStream:75 - [STDERR_REDIRECT] 
2025-01-26 23:09:26,918 [ERROR] LogOutputStream:75 - [STDERR_REDIRECT] [Fatal Error] :1:1: Premature end of file.
2025-01-26 23:09:26,918 [ERROR] LogOutputStream:75 - [STDERR_REDIRECT] 
2025-01-26 23:09:27,936 [ERROR] LogOutputStream:75 - [STDERR_REDIRECT] [Fatal Error] :1:1: Premature end of file.
2025-01-26 23:09:27,936 [ERROR] LogOutputStream:75 - [STDERR_REDIRECT] 
2025-01-26 23:09:28,917 [ERROR] LogOutputStream:75 - [STDERR_REDIRECT] [Fatal Error] :1:1: Premature end of file.
2025-01-26 23:09:28,917 [ERROR] LogOutputStream:75 - [STDERR_REDIRECT] 
2025-01-26 23:09:29,923 [ERROR] LogOutputStream:75 - [STDERR_REDIRECT] [Fatal Error] :1:1: Premature end of file.
2025-01-26 23:09:29,923 [ERROR] LogOutputStream:75 - [STDERR_REDIRECT] 
2025-01-26 23:09:30,944 [ERROR] LogOutputStream:75 - [STDERR_REDIRECT] [Fatal Error] :1:1: Premature end of file.
2025-01-26 23:09:30,944 [ERROR] LogOutputStream:75 - [STDERR_REDIRECT] 
2025-01-26 23:09:31,919 [ERROR] LogOutputStream:75 - [STDERR_REDIRECT] [Fatal Error] :1:1: Premature end of file.
2025-01-26 23:09:31,919 [ERROR] LogOutputStream:75 - [STDERR_REDIRECT] 
2025-01-26 23:09:32,922 [ERROR] LogOutputStream:75 - [STDERR_REDIRECT] [Fatal Error] :1:1: Premature end of file.
2025-01-26 23:09:32,922 [ERROR] LogOutputStream:75 - [STDERR_REDIRECT] 
2025-01-26 23:09:33,928 [ERROR] LogOutputStream:75 - [STDERR_REDIRECT] [Fatal Error] :1:1: Premature end of file.
2025-01-26 23:09:33,928 [ERROR] LogOutputStream:75 - [STDERR_REDIRECT] 
2025-01-26 23:09:34,932 [ERROR] LogOutputStream:75 - [STDERR_REDIRECT] [Fatal Error] :1:1: Premature end of file.
2025-01-26 23:09:34,932 [ERROR] LogOutputStream:75 - [STDERR_REDIRECT] 
2025-01-26 23:09:35,921 [ERROR] LogOutputStream:75 - [STDERR_REDIRECT] [Fatal Error] :1:1: Premature end of file.
2025-01-26 23:09:35,921 [ERROR] LogOutputStream:75 - [STDERR_REDIRECT] 
2025-01-26 23:09:36,938 [ERROR] LogOutputStream:75 - [STDERR_REDIRECT] [Fatal Error] :1:1: Premature end of file.
2025-01-26 23:09:36,938 [ERROR] LogOutputStream:75 - [STDERR_REDIRECT] 
2025-01-26 23:09:37,936 [ERROR] LogOutputStream:75 - [STDERR_REDIRECT] [Fatal Error] :1:1: Premature end of file.
2025-01-26 23:09:37,936 [ERROR] LogOutputStream:75 - [STDERR_REDIRECT] 
2025-01-26 23:09:38,918 [ERROR] LogOutputStream:75 - [STDERR_REDIRECT] [Fatal Error] :1:1: Premature end of file.
2025-01-26 23:09:38,918 [ERROR] LogOutputStream:75 - [STDERR_REDIRECT] 
2025-01-26 23:09:39,936 [ERROR] LogOutputStream:75 - [STDERR_REDIRECT] [Fatal Error] :1:1: Premature end of file.
2025-01-26 23:09:39,936 [ERROR] LogOutputStream:75 - [STDERR_REDIRECT] 
2025-01-26 23:09:40,945 [ERROR] LogOutputStream:75 - [STDERR_REDIRECT] [Fatal Error] :1:1: Premature end of file.
2025-01-26 23:09:40,945 [ERROR] LogOutputStream:75 - [STDERR_REDIRECT] 
2025-01-26 23:09:41,933 [ERROR] LogOutputStream:75 - [STDERR_REDIRECT] [Fatal Error] :1:1: Premature end of file.
2025-01-26 23:09:41,934 [ERROR] LogOutputStream:75 - [STDERR_REDIRECT] 
2025-01-26 23:09:42,935 [ERROR] LogOutputStream:75 - [STDERR_REDIRECT] [Fatal Error] :1:1: Premature end of file.
2025-01-26 23:09:42,935 [ERROR] LogOutputStream:75 - [STDERR_REDIRECT] 
2025-01-26 23:09:43,919 [ERROR] LogOutputStream:75 - [STDERR_REDIRECT] [Fatal Error] :1:1: Premature end of file.
2025-01-26 23:09:43,919 [ERROR] LogOutputStream:75 - [STDERR_REDIRECT] 
2025-01-26 23:09:44,932 [ERROR] LogOutputStream:75 - [STDERR_REDIRECT] [Fatal Error] :1:1: Premature end of file.
2025-01-26 23:09:44,932 [ERROR] LogOutputStream:75 - [STDERR_REDIRECT] 
2025-01-26 23:09:45,922 [ERROR] LogOutputStream:75 - [STDERR_REDIRECT] [Fatal Error] :1:1: Premature end of file.
2025-01-26 23:09:45,923 [ERROR] LogOutputStream:75 - [STDERR_REDIRECT] 
2025-01-26 23:09:46,917 [ERROR] LogOutputStream:75 - [STDERR_REDIRECT] [Fatal Error] :1:1: Premature end of file.
2025-01-26 23:09:46,917 [ERROR] LogOutputStream:75 - [STDERR_REDIRECT] 
2025-01-26 23:09:47,941 [ERROR] LogOutputStream:75 - [STDERR_REDIRECT] [Fatal Error] :1:1: Premature end of file.
2025-01-26 23:09:47,941 [ERROR] LogOutputStream:75 - [STDERR_REDIRECT] 
2025-01-26 23:09:48,941 [ERROR] LogOutputStream:75 - [STDERR_REDIRECT] [Fatal Error] :1:1: Premature end of file.
2025-01-26 23:09:48,941 [ERROR] LogOutputStream:75 - [STDERR_REDIRECT] 
2025-01-26 23:09:49,915 [ERROR] LogOutputStream:75 - [STDERR_REDIRECT] [Fatal Error] :1:1: Premature end of file.
2025-01-26 23:09:49,915 [ERROR] LogOutputStream:75 - [STDERR_REDIRECT] 
2025-01-26 23:09:50,934 [ERROR] LogOutputStream:75 - [STDERR_REDIRECT] [Fatal Error] :1:1: Premature end of file.
2025-01-26 23:09:50,934 [ERROR] LogOutputStream:75 - [STDERR_REDIRECT] 
2025-01-26 23:09:51,931 [ERROR] LogOutputStream:75 - [STDERR_REDIRECT] [Fatal Error] :1:1: Premature end of file.
2025-01-26 23:09:51,931 [ERROR] LogOutputStream:75 - [STDERR_REDIRECT] 
2025-01-26 23:09:52,915 [ERROR] LogOutputStream:75 - [STDERR_REDIRECT] [Fatal Error] :1:1: Premature end of file.
2025-01-26 23:09:52,915 [ERROR] LogOutputStream:75 - [STDERR_REDIRECT] 
2025-01-26 23:09:53,942 [ERROR] LogOutputStream:75 - [STDERR_REDIRECT] [Fatal Error] :1:1: Premature end of file.
2025-01-26 23:09:53,942 [ERROR] LogOutputStream:75 - [STDERR_REDIRECT] 
2025-01-26 23:09:54,945 [ERROR] LogOutputStream:75 - [STDERR_REDIRECT] [Fatal Error] :1:1: Premature end of file.
2025-01-26 23:09:54,945 [ERROR] LogOutputStream:75 - [STDERR_REDIRECT] 
2025-01-26 23:09:55,940 [ERROR] LogOutputStream:75 - [STDERR_REDIRECT] [Fatal Error] :1:1: Premature end of file.
2025-01-26 23:09:55,940 [ERROR] LogOutputStream:75 - [STDERR_REDIRECT] 
2025-01-26 23:09:56,939 [ERROR] LogOutputStream:75 - [STDERR_REDIRECT] [Fatal Error] :1:1: Premature end of file.
2025-01-26 23:09:56,939 [ERROR] LogOutputStream:75 - [STDERR_REDIRECT] 
2025-01-26 23:09:57,918 [ERROR] LogOutputStream:75 - [STDERR_REDIRECT] [Fatal Error] :1:1: Premature end of file.
2025-01-26 23:09:57,918 [ERROR] LogOutputStream:75 - [STDERR_REDIRECT] 
2025-01-26 23:09:58,941 [ERROR] LogOutputStream:75 - [STDERR_REDIRECT] [Fatal Error] :1:1: Premature end of file.
2025-01-26 23:09:58,941 [ERROR] LogOutputStream:75 - [STDERR_REDIRECT] 
2025-01-26 23:09:59,938 [ERROR] LogOutputStream:75 - [STDERR_REDIRECT] [Fatal Error] :1:1: Premature end of file.
2025-01-26 23:09:59,938 [ERROR] LogOutputStream:75 - [STDERR_REDIRECT] 
2025-01-26 23:10:00,930 [ERROR] LogOutputStream:75 - [STDERR_REDIRECT] [Fatal Error] :1:1: Premature end of file.
2025-01-26 23:10:00,930 [ERROR] LogOutputStream:75 - [STDERR_REDIRECT] 
2025-01-26 23:10:01,921 [ERROR] LogOutputStream:75 - [STDERR_REDIRECT] [Fatal Error] :1:1: Premature end of file.
2025-01-26 23:10:01,921 [ERROR] LogOutputStream:75 - [STDERR_REDIRECT] 
2025-01-26 23:10:02,930 [ERROR] LogOutputStream:75 - [STDERR_REDIRECT] [Fatal Error] :1:1: Premature end of file.
2025-01-26 23:10:02,930 [ERROR] LogOutputStream:75 - [STDERR_REDIRECT] 
2025-01-26 23:10:03,937 [ERROR] LogOutputStream:75 - [STDERR_REDIRECT] [Fatal Error] :1:1: Premature end of file.
2025-01-26 23:10:03,937 [ERROR] LogOutputStream:75 - [STDERR_REDIRECT] 
2025-01-26 23:10:04,918 [ERROR] LogOutputStream:75 - [STDERR_REDIRECT] [Fatal Error] :1:1: Premature end of file.
2025-01-26 23:10:04,918 [ERROR] LogOutputStream:75 - [STDERR_REDIRECT] 
2025-01-26 23:10:05,935 [ERROR] LogOutputStream:75 - [STDERR_REDIRECT] [Fatal Error] :1:1: Premature end of file.
2025-01-26 23:10:05,935 [ERROR] LogOutputStream:75 - [STDERR_REDIRECT] 
2025-01-26 23:10:06,932 [ERROR] LogOutputStream:75 - [STDERR_REDIRECT] [Fatal Error] :1:1: Premature end of file.
2025-01-26 23:10:06,932 [ERROR] LogOutputStream:75 - [STDERR_REDIRECT] 
2025-01-26 23:10:07,922 [ERROR] LogOutputStream:75 - [STDERR_REDIRECT] [Fatal Error] :1:1: Premature end of file.
2025-01-26 23:10:07,922 [ERROR] LogOutputStream:75 - [STDERR_REDIRECT] 
2025-01-26 23:10:08,930 [ERROR] LogOutputStream:75 - [STDERR_REDIRECT] [Fatal Error] :1:1: Premature end of file.
2025-01-26 23:10:08,930 [ERROR] LogOutputStream:75 - [STDERR_REDIRECT] 
2025-01-26 23:10:09,934 [ERROR] LogOutputStream:75 - [STDERR_REDIRECT] [Fatal Error] :1:1: Premature end of file.
2025-01-26 23:10:09,934 [ERROR] LogOutputStream:75 - [STDERR_REDIRECT] 
2025-01-26 23:10:10,930 [ERROR] LogOutputStream:75 - [STDERR_REDIRECT] [Fatal Error] :1:1: Premature end of file.
2025-01-26 23:10:10,930 [ERROR] LogOutputStream:75 - [STDERR_REDIRECT] 
2025-01-26 23:10:11,933 [ERROR] LogOutputStream:75 - [STDERR_REDIRECT] [Fatal Error] :1:1: Premature end of file.
2025-01-26 23:10:11,933 [ERROR] LogOutputStream:75 - [STDERR_REDIRECT] 
2025-01-26 23:10:12,926 [ERROR] LogOutputStream:75 - [STDERR_REDIRECT] [Fatal Error] :1:1: Premature end of file.
2025-01-26 23:10:12,928 [ERROR] LogOutputStream:75 - [STDERR_REDIRECT] 
2025-01-26 23:10:13,934 [ERROR] LogOutputStream:75 - [STDERR_REDIRECT] [Fatal Error] :1:1: Premature end of file.
2025-01-26 23:10:13,934 [ERROR] LogOutputStream:75 - [STDERR_REDIRECT] 
2025-01-26 23:10:14,935 [ERROR] LogOutputStream:75 - [STDERR_REDIRECT] [Fatal Error] :1:1: Premature end of file.
2025-01-26 23:10:14,935 [ERROR] LogOutputStream:75 - [STDERR_REDIRECT] 
2025-01-26 23:10:15,929 [ERROR] LogOutputStream:75 - [STDERR_REDIRECT] [Fatal Error] :1:1: Premature end of file.
2025-01-26 23:10:15,929 [ERROR] LogOutputStream:75 - [STDERR_REDIRECT] 
2025-01-26 23:10:16,935 [ERROR] LogOutputStream:75 - [STDERR_REDIRECT] [Fatal Error] :1:1: Premature end of file.
2025-01-26 23:10:16,935 [ERROR] LogOutputStream:75 - [STDERR_REDIRECT] 
2025-01-26 23:10:17,930 [ERROR] LogOutputStream:75 - [STDERR_REDIRECT] [Fatal Error] :1:1: Premature end of file.
2025-01-26 23:10:17,930 [ERROR] LogOutputStream:75 - [STDERR_REDIRECT] 
2025-01-26 23:10:18,944 [ERROR] LogOutputStream:75 - [STDERR_REDIRECT] [Fatal Error] :1:1: Premature end of file.
2025-01-26 23:10:18,944 [ERROR] LogOutputStream:75 - [STDERR_REDIRECT] 
2025-01-26 23:10:19,934 [ERROR] LogOutputStream:75 - [STDERR_REDIRECT] [Fatal Error] :1:1: Premature end of file.
2025-01-26 23:10:19,934 [ERROR] LogOutputStream:75 - [STDERR_REDIRECT] 
2025-01-26 23:10:20,927 [ERROR] LogOutputStream:75 - [STDERR_REDIRECT] [Fatal Error] :1:1: Premature end of file.
2025-01-26 23:10:20,927 [ERROR] LogOutputStream:75 - [STDERR_REDIRECT] 
2025-01-26 23:10:21,939 [ERROR] LogOutputStream:75 - [STDERR_REDIRECT] [Fatal Error] :1:1: Premature end of file.
2025-01-26 23:10:21,939 [ERROR] LogOutputStream:75 - [STDERR_REDIRECT] 
2025-01-26 23:10:22,941 [ERROR] LogOutputStream:75 - [STDERR_REDIRECT] [Fatal Error] :1:1: Premature end of file.
2025-01-26 23:10:22,941 [ERROR] LogOutputStream:75 - [STDERR_REDIRECT] 
2025-01-26 23:10:23,934 [ERROR] LogOutputStream:75 - [STDERR_REDIRECT] [Fatal Error] :1:1: Premature end of file.
2025-01-26 23:10:23,934 [ERROR] LogOutputStream:75 - [STDERR_REDIRECT] 
2025-01-26 23:10:24,927 [ERROR] LogOutputStream:75 - [STDERR_REDIRECT] [Fatal Error] :1:1: Premature end of file.
2025-01-26 23:10:24,927 [ERROR] LogOutputStream:75 - [STDERR_REDIRECT] 
2025-01-26 23:10:25,949 [ERROR] LogOutputStream:75 - [STDERR_REDIRECT] [Fatal Error] :1:1: Premature end of file.
2025-01-26 23:10:25,949 [ERROR] LogOutputStream:75 - [STDERR_REDIRECT] 
2025-01-26 23:10:26,931 [ERROR] LogOutputStream:75 - [STDERR_REDIRECT] [Fatal Error] :1:1: Premature end of file.
2025-01-26 23:10:26,931 [ERROR] LogOutputStream:75 - [STDERR_REDIRECT] 
2025-01-26 23:10:27,933 [ERROR] LogOutputStream:75 - [STDERR_REDIRECT] [Fatal Error] :1:1: Premature end of file.
2025-01-26 23:10:27,933 [ERROR] LogOutputStream:75 - [STDERR_REDIRECT] 
2025-01-26 23:10:28,936 [ERROR] LogOutputStream:75 - [STDERR_REDIRECT] [Fatal Error] :1:1: Premature end of file.
2025-01-26 23:10:28,936 [ERROR] LogOutputStream:75 - [STDERR_REDIRECT] 
2025-01-26 23:10:29,944 [ERROR] LogOutputStream:75 - [STDERR_REDIRECT] [Fatal Error] :1:1: Premature end of file.
2025-01-26 23:10:29,944 [ERROR] LogOutputStream:75 - [STDERR_REDIRECT] 
2025-01-26 23:10:30,936 [ERROR] LogOutputStream:75 - [STDERR_REDIRECT] [Fatal Error] :1:1: Premature end of file.
2025-01-26 23:10:30,936 [ERROR] LogOutputStream:75 - [STDERR_REDIRECT] 
2025-01-26 23:10:31,930 [ERROR] LogOutputStream:75 - [STDERR_REDIRECT] [Fatal Error] :1:1: Premature end of file.
2025-01-26 23:10:31,930 [ERROR] LogOutputStream:75 - [STDERR_REDIRECT] 
2025-01-26 23:10:32,938 [ERROR] LogOutputStream:75 - [STDERR_REDIRECT] [Fatal Error] :1:1: Premature end of file.
2025-01-26 23:10:32,938 [ERROR] LogOutputStream:75 - [STDERR_REDIRECT] 
2025-01-26 23:10:33,924 [ERROR] LogOutputStream:75 - [STDERR_REDIRECT] [Fatal Error] :1:1: Premature end of file.
2025-01-26 23:10:33,924 [ERROR] LogOutputStream:75 - [STDERR_REDIRECT] 
2025-01-26 23:10:34,921 [ERROR] LogOutputStream:75 - [STDERR_REDIRECT] [Fatal Error] :1:1: Premature end of file.
2025-01-26 23:10:34,921 [ERROR] LogOutputStream:75 - [STDERR_REDIRECT] 
2025-01-26 23:10:35,929 [ERROR] LogOutputStream:75 - [STDERR_REDIRECT] [Fatal Error] :1:1: Premature end of file.
2025-01-26 23:10:35,931 [ERROR] LogOutputStream:75 - [STDERR_REDIRECT] 
2025-01-26 23:10:36,939 [ERROR] LogOutputStream:75 - [STDERR_REDIRECT] [Fatal Error] :1:1: Premature end of file.
2025-01-26 23:10:36,939 [ERROR] LogOutputStream:75 - [STDERR_REDIRECT] 
2025-01-26 23:10:37,944 [ERROR] LogOutputStream:75 - [STDERR_REDIRECT] [Fatal Error] :1:1: Premature end of file.
2025-01-26 23:10:37,944 [ERROR] LogOutputStream:75 - [STDERR_REDIRECT] 
2025-01-26 23:10:38,938 [ERROR] LogOutputStream:75 - [STDERR_REDIRECT] [Fatal Error] :1:1: Premature end of file.
2025-01-26 23:10:38,938 [ERROR] LogOutputStream:75 - [STDERR_REDIRECT] 
2025-01-26 23:10:39,941 [ERROR] LogOutputStream:75 - [STDERR_REDIRECT] [Fatal Error] :1:1: Premature end of file.
2025-01-26 23:10:39,941 [ERROR] LogOutputStream:75 - [STDERR_REDIRECT] 
2025-01-26 23:10:40,937 [ERROR] LogOutputStream:75 - [STDERR_REDIRECT] [Fatal Error] :1:1: Premature end of file.
2025-01-26 23:10:40,937 [ERROR] LogOutputStream:75 - [STDERR_REDIRECT] 
2025-01-26 23:10:41,935 [ERROR] LogOutputStream:75 - [STDERR_REDIRECT] [Fatal Error] :1:1: Premature end of file.
2025-01-26 23:10:41,935 [ERROR] LogOutputStream:75 - [STDERR_REDIRECT] 
2025-01-26 23:10:42,937 [ERROR] LogOutputStream:75 - [STDERR_REDIRECT] [Fatal Error] :1:1: Premature end of file.
2025-01-26 23:10:42,937 [ERROR] LogOutputStream:75 - [STDERR_REDIRECT] 
2025-01-26 23:10:43,931 [ERROR] LogOutputStream:75 - [STDERR_REDIRECT] [Fatal Error] :1:1: Premature end of file.
2025-01-26 23:10:43,931 [ERROR] LogOutputStream:75 - [STDERR_REDIRECT] 
2025-01-26 23:10:44,935 [ERROR] LogOutputStream:75 - [STDERR_REDIRECT] [Fatal Error] :1:1: Premature end of file.
2025-01-26 23:10:44,935 [ERROR] LogOutputStream:75 - [STDERR_REDIRECT] 
2025-01-26 23:10:45,918 [ERROR] LogOutputStream:75 - [STDERR_REDIRECT] [Fatal Error] :1:1: Premature end of file.
2025-01-26 23:10:45,918 [ERROR] LogOutputStream:75 - [STDERR_REDIRECT] 
2025-01-26 23:10:46,934 [ERROR] LogOutputStream:75 - [STDERR_REDIRECT] [Fatal Error] :1:1: Premature end of file.
2025-01-26 23:10:46,934 [ERROR] LogOutputStream:75 - [STDERR_REDIRECT] 
2025-01-26 23:10:47,936 [ERROR] LogOutputStream:75 - [STDERR_REDIRECT] [Fatal Error] :1:1: Premature end of file.
2025-01-26 23:10:47,936 [ERROR] LogOutputStream:75 - [STDERR_REDIRECT] 
2025-01-26 23:10:48,923 [ERROR] LogOutputStream:75 - [STDERR_REDIRECT] [Fatal Error] :1:1: Premature end of file.
2025-01-26 23:10:48,923 [ERROR] LogOutputStream:75 - [STDERR_REDIRECT] 
2025-01-26 23:10:49,926 [ERROR] LogOutputStream:75 - [STDERR_REDIRECT] [Fatal Error] :1:1: Premature end of file.
2025-01-26 23:10:49,926 [ERROR] LogOutputStream:75 - [STDERR_REDIRECT] 
2025-01-26 23:10:50,936 [ERROR] LogOutputStream:75 - [STDERR_REDIRECT] [Fatal Error] :1:1: Premature end of file.
2025-01-26 23:10:50,936 [ERROR] LogOutputStream:75 - [STDERR_REDIRECT] 
2025-01-26 23:10:51,924 [ERROR] LogOutputStream:75 - [STDERR_REDIRECT] [Fatal Error] :1:1: Premature end of file.
2025-01-26 23:10:51,924 [ERROR] LogOutputStream:75 - [STDERR_REDIRECT] 
2025-01-26 23:10:52,918 [ERROR] LogOutputStream:75 - [STDERR_REDIRECT] [Fatal Error] :1:1: Premature end of file.
2025-01-26 23:10:52,918 [ERROR] LogOutputStream:75 - [STDERR_REDIRECT] 
2025-01-26 23:10:53,919 [ERROR] LogOutputStream:75 - [STDERR_REDIRECT] [Fatal Error] :1:1: Premature end of file.
2025-01-26 23:10:53,919 [ERROR] LogOutputStream:75 - [STDERR_REDIRECT] 
2025-01-26 23:10:54,932 [ERROR] LogOutputStream:75 - [STDERR_REDIRECT] [Fatal Error] :1:1: Premature end of file.
2025-01-26 23:10:54,932 [ERROR] LogOutputStream:75 - [STDERR_REDIRECT] 
2025-01-26 23:10:55,919 [ERROR] LogOutputStream:75 - [STDERR_REDIRECT] [Fatal Error] :1:1: Premature end of file.
2025-01-26 23:10:55,919 [ERROR] LogOutputStream:75 - [STDERR_REDIRECT] 
2025-01-26 23:10:56,938 [ERROR] LogOutputStream:75 - [STDERR_REDIRECT] [Fatal Error] :1:1: Premature end of file.
2025-01-26 23:10:56,938 [ERROR] LogOutputStream:75 - [STDERR_REDIRECT] 
2025-01-26 23:10:57,934 [ERROR] LogOutputStream:75 - [STDERR_REDIRECT] [Fatal Error] :1:1: Premature end of file.
2025-01-26 23:10:57,934 [ERROR] LogOutputStream:75 - [STDERR_REDIRECT] 
2025-01-26 23:10:58,927 [ERROR] LogOutputStream:75 - [STDERR_REDIRECT] [Fatal Error] :1:1: Premature end of file.
2025-01-26 23:10:58,927 [ERROR] LogOutputStream:75 - [STDERR_REDIRECT] 
2025-01-26 23:10:59,919 [ERROR] LogOutputStream:75 - [STDERR_REDIRECT] [Fatal Error] :1:1: Premature end of file.
2025-01-26 23:10:59,919 [ERROR] LogOutputStream:75 - [STDERR_REDIRECT] 
2025-01-26 23:11:00,936 [ERROR] LogOutputStream:75 - [STDERR_REDIRECT] [Fatal Error] :1:1: Premature end of file.
2025-01-26 23:11:00,936 [ERROR] LogOutputStream:75 - [STDERR_REDIRECT] 
2025-01-26 23:11:01,932 [ERROR] LogOutputStream:75 - [STDERR_REDIRECT] [Fatal Error] :1:1: Premature end of file.
2025-01-26 23:11:01,932 [ERROR] LogOutputStream:75 - [STDERR_REDIRECT] 
2025-01-26 23:11:02,936 [ERROR] LogOutputStream:75 - [STDERR_REDIRECT] [Fatal Error] :1:1: Premature end of file.
2025-01-26 23:11:02,936 [ERROR] LogOutputStream:75 - [STDERR_REDIRECT] 
2025-01-26 23:11:03,938 [ERROR] LogOutputStream:75 - [STDERR_REDIRECT] [Fatal Error] :1:1: Premature end of file.
2025-01-26 23:11:03,938 [ERROR] LogOutputStream:75 - [STDERR_REDIRECT] 
2025-01-26 23:11:04,916 [ERROR] LogOutputStream:75 - [STDERR_REDIRECT] [Fatal Error] :1:1: Premature end of file.
2025-01-26 23:11:04,916 [ERROR] LogOutputStream:75 - [STDERR_REDIRECT] 
2025-01-26 23:11:05,930 [ERROR] LogOutputStream:75 - [STDERR_REDIRECT] [Fatal Error] :1:1: Premature end of file.
2025-01-26 23:11:05,930 [ERROR] LogOutputStream:75 - [STDERR_REDIRECT] 
2025-01-26 23:11:06,939 [ERROR] LogOutputStream:75 - [STDERR_REDIRECT] [Fatal Error] :1:1: Premature end of file.
2025-01-26 23:11:06,939 [ERROR] LogOutputStream:75 - [STDERR_REDIRECT] 
2025-01-26 23:11:07,939 [ERROR] LogOutputStream:75 - [STDERR_REDIRECT] [Fatal Error] :1:1: Premature end of file.
2025-01-26 23:11:07,941 [ERROR] LogOutputStream:75 - [STDERR_REDIRECT] 
2025-01-26 23:11:08,931 [ERROR] LogOutputStream:75 - [STDERR_REDIRECT] [Fatal Error] :1:1: Premature end of file.
2025-01-26 23:11:08,932 [ERROR] LogOutputStream:75 - [STDERR_REDIRECT] 
2025-01-26 23:11:09,919 [ERROR] LogOutputStream:75 - [STDERR_REDIRECT] [Fatal Error] :1:1: Premature end of file.
2025-01-26 23:11:09,919 [ERROR] LogOutputStream:75 - [STDERR_REDIRECT] 
2025-01-26 23:11:10,934 [ERROR] LogOutputStream:75 - [STDERR_REDIRECT] [Fatal Error] :1:1: Premature end of file.
2025-01-26 23:11:10,934 [ERROR] LogOutputStream:75 - [STDERR_REDIRECT] 
2025-01-26 23:11:11,935 [ERROR] LogOutputStream:75 - [STDERR_REDIRECT] [Fatal Error] :1:1: Premature end of file.
2025-01-26 23:11:11,935 [ERROR] LogOutputStream:75 - [STDERR_REDIRECT] 
2025-01-26 23:11:12,936 [ERROR] LogOutputStream:75 - [STDERR_REDIRECT] [Fatal Error] :1:1: Premature end of file.
2025-01-26 23:11:12,936 [ERROR] LogOutputStream:75 - [STDERR_REDIRECT] 
2025-01-26 23:11:13,921 [ERROR] LogOutputStream:75 - [STDERR_REDIRECT] [Fatal Error] :1:1: Premature end of file.
2025-01-26 23:11:13,921 [ERROR] LogOutputStream:75 - [STDERR_REDIRECT] 
2025-01-26 23:11:14,925 [ERROR] LogOutputStream:75 - [STDERR_REDIRECT] [Fatal Error] :1:1: Premature end of file.
2025-01-26 23:11:14,925 [ERROR] LogOutputStream:75 - [STDERR_REDIRECT] 
2025-01-26 23:11:15,934 [ERROR] LogOutputStream:75 - [STDERR_REDIRECT] [Fatal Error] :1:1: Premature end of file.
2025-01-26 23:11:15,935 [ERROR] LogOutputStream:75 - [STDERR_REDIRECT] 
2025-01-26 23:11:16,923 [ERROR] LogOutputStream:75 - [STDERR_REDIRECT] [Fatal Error] :1:1: Premature end of file.
2025-01-26 23:11:16,923 [ERROR] LogOutputStream:75 - [STDERR_REDIRECT] 
2025-01-26 23:11:17,929 [ERROR] LogOutputStream:75 - [STDERR_REDIRECT] [Fatal Error] :1:1: Premature end of file.
2025-01-26 23:11:17,929 [ERROR] LogOutputStream:75 - [STDERR_REDIRECT] 
2025-01-26 23:11:18,934 [ERROR] LogOutputStream:75 - [STDERR_REDIRECT] [Fatal Error] :1:1: Premature end of file.
2025-01-26 23:11:18,934 [ERROR] LogOutputStream:75 - [STDERR_REDIRECT] 
2025-01-26 23:11:19,940 [ERROR] LogOutputStream:75 - [STDERR_REDIRECT] [Fatal Error] :1:1: Premature end of file.
2025-01-26 23:11:19,940 [ERROR] LogOutputStream:75 - [STDERR_REDIRECT] 
2025-01-26 23:11:20,934 [ERROR] LogOutputStream:75 - [STDERR_REDIRECT] [Fatal Error] :1:1: Premature end of file.
2025-01-26 23:11:20,934 [ERROR] LogOutputStream:75 - [STDERR_REDIRECT] 
2025-01-26 23:11:21,937 [ERROR] LogOutputStream:75 - [STDERR_REDIRECT] [Fatal Error] :1:1: Premature end of file.
2025-01-26 23:11:21,937 [ERROR] LogOutputStream:75 - [STDERR_REDIRECT] 
2025-01-26 23:11:22,928 [ERROR] LogOutputStream:75 - [STDERR_REDIRECT] [Fatal Error] :1:1: Premature end of file.
2025-01-26 23:11:22,928 [ERROR] LogOutputStream:75 - [STDERR_REDIRECT] 
2025-01-26 23:11:23,946 [ERROR] LogOutputStream:75 - [STDERR_REDIRECT] [Fatal Error] :1:1: Premature end of file.
2025-01-26 23:11:23,946 [ERROR] LogOutputStream:75 - [STDERR_REDIRECT] 
2025-01-26 23:11:24,936 [ERROR] LogOutputStream:75 - [STDERR_REDIRECT] [Fatal Error] :1:1: Premature end of file.
2025-01-26 23:11:24,936 [ERROR] LogOutputStream:75 - [STDERR_REDIRECT] 
2025-01-26 23:11:25,931 [ERROR] LogOutputStream:75 - [STDERR_REDIRECT] [Fatal Error] :1:1: Premature end of file.
2025-01-26 23:11:25,931 [ERROR] LogOutputStream:75 - [STDERR_REDIRECT] 
2025-01-26 23:11:26,932 [ERROR] LogOutputStream:75 - [STDERR_REDIRECT] [Fatal Error] :1:1: Premature end of file.
2025-01-26 23:11:26,932 [ERROR] LogOutputStream:75 - [STDERR_REDIRECT] 
2025-01-26 23:11:27,934 [ERROR] LogOutputStream:75 - [STDERR_REDIRECT] [Fatal Error] :1:1: Premature end of file.
2025-01-26 23:11:27,934 [ERROR] LogOutputStream:75 - [STDERR_REDIRECT] 
2025-01-26 23:11:28,931 [ERROR] LogOutputStream:75 - [STDERR_REDIRECT] [Fatal Error] :1:1: Premature end of file.
2025-01-26 23:11:28,931 [ERROR] LogOutputStream:75 - [STDERR_REDIRECT] 
2025-01-26 23:11:29,920 [ERROR] LogOutputStream:75 - [STDERR_REDIRECT] [Fatal Error] :1:1: Premature end of file.
2025-01-26 23:11:29,920 [ERROR] LogOutputStream:75 - [STDERR_REDIRECT] 
2025-01-26 23:11:30,920 [ERROR] LogOutputStream:75 - [STDERR_REDIRECT] [Fatal Error] :1:1: Premature end of file.
2025-01-26 23:11:30,920 [ERROR] LogOutputStream:75 - [STDERR_REDIRECT] 
2025-01-26 23:11:31,936 [ERROR] LogOutputStream:75 - [STDERR_REDIRECT] [Fatal Error] :1:1: Premature end of file.
2025-01-26 23:11:31,936 [ERROR] LogOutputStream:75 - [STDERR_REDIRECT] 
2025-01-26 23:11:32,941 [ERROR] LogOutputStream:75 - [STDERR_REDIRECT] [Fatal Error] :1:1: Premature end of file.
2025-01-26 23:11:32,941 [ERROR] LogOutputStream:75 - [STDERR_REDIRECT] 
2025-01-26 23:11:33,927 [ERROR] LogOutputStream:75 - [STDERR_REDIRECT] [Fatal Error] :1:1: Premature end of file.
2025-01-26 23:11:33,927 [ERROR] LogOutputStream:75 - [STDERR_REDIRECT] 
2025-01-26 23:11:34,934 [ERROR] LogOutputStream:75 - [STDERR_REDIRECT] [Fatal Error] :1:1: Premature end of file.
2025-01-26 23:11:34,934 [ERROR] LogOutputStream:75 - [STDERR_REDIRECT] 
2025-01-26 23:11:35,925 [ERROR] LogOutputStream:75 - [STDERR_REDIRECT] [Fatal Error] :1:1: Premature end of file.
2025-01-26 23:11:35,925 [ERROR] LogOutputStream:75 - [STDERR_REDIRECT] 
2025-01-26 23:11:36,939 [ERROR] LogOutputStream:75 - [STDERR_REDIRECT] [Fatal Error] :1:1: Premature end of file.
2025-01-26 23:11:36,939 [ERROR] LogOutputStream:75 - [STDERR_REDIRECT] 
2025-01-26 23:11:37,937 [ERROR] LogOutputStream:75 - [STDERR_REDIRECT] [Fatal Error] :1:1: Premature end of file.
2025-01-26 23:11:37,937 [ERROR] LogOutputStream:75 - [STDERR_REDIRECT] 
2025-01-26 23:11:38,944 [ERROR] LogOutputStream:75 - [STDERR_REDIRECT] [Fatal Error] :1:1: Premature end of file.
2025-01-26 23:11:38,944 [ERROR] LogOutputStream:75 - [STDERR_REDIRECT] 
2025-01-26 23:11:39,930 [ERROR] LogOutputStream:75 - [STDERR_REDIRECT] [Fatal Error] :1:1: Premature end of file.
2025-01-26 23:11:39,931 [ERROR] LogOutputStream:75 - [STDERR_REDIRECT] 
2025-01-26 23:11:40,940 [ERROR] LogOutputStream:75 - [STDERR_REDIRECT] [Fatal Error] :1:1: Premature end of file.
2025-01-26 23:11:40,940 [ERROR] LogOutputStream:75 - [STDERR_REDIRECT] 
2025-01-26 23:11:41,933 [ERROR] LogOutputStream:75 - [STDERR_REDIRECT] [Fatal Error] :1:1: Premature end of file.
2025-01-26 23:11:41,933 [ERROR] LogOutputStream:75 - [STDERR_REDIRECT] 
2025-01-26 23:11:42,929 [ERROR] LogOutputStream:75 - [STDERR_REDIRECT] [Fatal Error] :1:1: Premature end of file.
2025-01-26 23:11:42,929 [ERROR] LogOutputStream:75 - [STDERR_REDIRECT] 
2025-01-26 23:11:43,941 [ERROR] LogOutputStream:75 - [STDERR_REDIRECT] [Fatal Error] :1:1: Premature end of file.
2025-01-26 23:11:43,941 [ERROR] LogOutputStream:75 - [STDERR_REDIRECT] 
2025-01-26 23:11:44,938 [ERROR] LogOutputStream:75 - [STDERR_REDIRECT] [Fatal Error] :1:1: Premature end of file.
2025-01-26 23:11:44,938 [ERROR] LogOutputStream:75 - [STDERR_REDIRECT] 
2025-01-26 23:11:45,934 [ERROR] LogOutputStream:75 - [STDERR_REDIRECT] [Fatal Error] :1:1: Premature end of file.
2025-01-26 23:11:45,934 [ERROR] LogOutputStream:75 - [STDERR_REDIRECT] 
2025-01-26 23:11:46,941 [ERROR] LogOutputStream:75 - [STDERR_REDIRECT] [Fatal Error] :1:1: Premature end of file.
2025-01-26 23:11:46,941 [ERROR] LogOutputStream:75 - [STDERR_REDIRECT] 
2025-01-26 23:11:47,954 [ERROR] LogOutputStream:75 - [STDERR_REDIRECT] [Fatal Error] :1:1: Premature end of file.
2025-01-26 23:11:47,954 [ERROR] LogOutputStream:75 - [STDERR_REDIRECT] 
2025-01-26 23:11:48,935 [ERROR] LogOutputStream:75 - [STDERR_REDIRECT] [Fatal Error] :1:1: Premature end of file.
2025-01-26 23:11:48,935 [ERROR] LogOutputStream:75 - [STDERR_REDIRECT] 
2025-01-26 23:11:49,939 [ERROR] LogOutputStream:75 - [STDERR_REDIRECT] [Fatal Error] :1:1: Premature end of file.
2025-01-26 23:11:49,939 [ERROR] LogOutputStream:75 - [STDERR_REDIRECT] 
2025-01-26 23:11:50,931 [ERROR] LogOutputStream:75 - [STDERR_REDIRECT] [Fatal Error] :1:1: Premature end of file.
2025-01-26 23:11:50,931 [ERROR] LogOutputStream:75 - [STDERR_REDIRECT] 
2025-01-26 23:11:51,929 [ERROR] LogOutputStream:75 - [STDERR_REDIRECT] [Fatal Error] :1:1: Premature end of file.
2025-01-26 23:11:51,929 [ERROR] LogOutputStream:75 - [STDERR_REDIRECT] 
2025-01-26 23:11:52,940 [ERROR] LogOutputStream:75 - [STDERR_REDIRECT] [Fatal Error] :1:1: Premature end of file.
2025-01-26 23:11:52,940 [ERROR] LogOutputStream:75 - [STDERR_REDIRECT] 
2025-01-26 23:11:53,936 [ERROR] LogOutputStream:75 - [STDERR_REDIRECT] [Fatal Error] :1:1: Premature end of file.
2025-01-26 23:11:53,936 [ERROR] LogOutputStream:75 - [STDERR_REDIRECT] 
2025-01-26 23:11:54,924 [ERROR] LogOutputStream:75 - [STDERR_REDIRECT] [Fatal Error] :1:1: Premature end of file.
2025-01-26 23:11:54,924 [ERROR] LogOutputStream:75 - [STDERR_REDIRECT] 
2025-01-26 23:11:55,918 [ERROR] LogOutputStream:75 - [STDERR_REDIRECT] [Fatal Error] :1:1: Premature end of file.
2025-01-26 23:11:55,918 [ERROR] LogOutputStream:75 - [STDERR_REDIRECT] 
2025-01-26 23:11:56,927 [ERROR] LogOutputStream:75 - [STDERR_REDIRECT] [Fatal Error] :1:1: Premature end of file.
2025-01-26 23:11:56,927 [ERROR] LogOutputStream:75 - [STDERR_REDIRECT] 
2025-01-26 23:11:57,938 [ERROR] LogOutputStream:75 - [STDERR_REDIRECT] [Fatal Error] :1:1: Premature end of file.
2025-01-26 23:11:57,938 [ERROR] LogOutputStream:75 - [STDERR_REDIRECT] 
2025-01-26 23:11:58,948 [ERROR] LogOutputStream:75 - [STDERR_REDIRECT] [Fatal Error] :1:1: Premature end of file.
2025-01-26 23:11:58,948 [ERROR] LogOutputStream:75 - [STDERR_REDIRECT] 
2025-01-26 23:11:59,930 [ERROR] LogOutputStream:75 - [STDERR_REDIRECT] [Fatal Error] :1:1: Premature end of file.
2025-01-26 23:11:59,930 [ERROR] LogOutputStream:75 - [STDERR_REDIRECT] 
2025-01-26 23:12:00,934 [ERROR] LogOutputStream:75 - [STDERR_REDIRECT] [Fatal Error] :1:1: Premature end of file.
2025-01-26 23:12:00,934 [ERROR] LogOutputStream:75 - [STDERR_REDIRECT] 
2025-01-26 23:12:01,942 [ERROR] LogOutputStream:75 - [STDERR_REDIRECT] [Fatal Error] :1:1: Premature end of file.
2025-01-26 23:12:01,942 [ERROR] LogOutputStream:75 - [STDERR_REDIRECT] 
2025-01-26 23:12:02,932 [ERROR] LogOutputStream:75 - [STDERR_REDIRECT] [Fatal Error] :1:1: Premature end of file.
2025-01-26 23:12:02,932 [ERROR] LogOutputStream:75 - [STDERR_REDIRECT] 
2025-01-26 23:12:03,930 [ERROR] LogOutputStream:75 - [STDERR_REDIRECT] [Fatal Error] :1:1: Premature end of file.
2025-01-26 23:12:03,930 [ERROR] LogOutputStream:75 - [STDERR_REDIRECT] 
2025-01-26 23:12:04,919 [ERROR] LogOutputStream:75 - [STDERR_REDIRECT] [Fatal Error] :1:1: Premature end of file.
2025-01-26 23:12:04,919 [ERROR] LogOutputStream:75 - [STDERR_REDIRECT] 
2025-01-26 23:12:05,936 [ERROR] LogOutputStream:75 - [STDERR_REDIRECT] [Fatal Error] :1:1: Premature end of file.
2025-01-26 23:12:05,936 [ERROR] LogOutputStream:75 - [STDERR_REDIRECT] 
2025-01-26 23:12:06,919 [ERROR] LogOutputStream:75 - [STDERR_REDIRECT] [Fatal Error] :1:1: Premature end of file.
2025-01-26 23:12:06,919 [ERROR] LogOutputStream:75 - [STDERR_REDIRECT] 
2025-01-26 23:12:07,937 [ERROR] LogOutputStream:75 - [STDERR_REDIRECT] [Fatal Error] :1:1: Premature end of file.
2025-01-26 23:12:07,937 [ERROR] LogOutputStream:75 - [STDERR_REDIRECT] 
2025-01-26 23:12:08,935 [ERROR] LogOutputStream:75 - [STDERR_REDIRECT] [Fatal Error] :1:1: Premature end of file.
2025-01-26 23:12:08,935 [ERROR] LogOutputStream:75 - [STDERR_REDIRECT] 
2025-01-26 23:12:09,929 [ERROR] LogOutputStream:75 - [STDERR_REDIRECT] [Fatal Error] :1:1: Premature end of file.
2025-01-26 23:12:09,929 [ERROR] LogOutputStream:75 - [STDERR_REDIRECT] 
2025-01-26 23:12:10,940 [ERROR] LogOutputStream:75 - [STDERR_REDIRECT] [Fatal Error] :1:1: Premature end of file.
2025-01-26 23:12:10,940 [ERROR] LogOutputStream:75 - [STDERR_REDIRECT] 
2025-01-26 23:12:11,928 [ERROR] LogOutputStream:75 - [STDERR_REDIRECT] [Fatal Error] :1:1: Premature end of file.
2025-01-26 23:12:11,928 [ERROR] LogOutputStream:75 - [STDERR_REDIRECT] 
2025-01-26 23:12:12,935 [ERROR] LogOutputStream:75 - [STDERR_REDIRECT] [Fatal Error] :1:1: Premature end of file.
2025-01-26 23:12:12,935 [ERROR] LogOutputStream:75 - [STDERR_REDIRECT] 
2025-01-26 23:12:13,938 [ERROR] LogOutputStream:75 - [STDERR_REDIRECT] [Fatal Error] :1:1: Premature end of file.
2025-01-26 23:12:13,938 [ERROR] LogOutputStream:75 - [STDERR_REDIRECT] 
2025-01-26 23:12:14,942 [ERROR] LogOutputStream:75 - [STDERR_REDIRECT] [Fatal Error] :1:1: Premature end of file.
2025-01-26 23:12:14,942 [ERROR] LogOutputStream:75 - [STDERR_REDIRECT] 
2025-01-26 23:12:15,922 [ERROR] LogOutputStream:75 - [STDERR_REDIRECT] [Fatal Error] :1:1: Premature end of file.
2025-01-26 23:12:15,922 [ERROR] LogOutputStream:75 - [STDERR_REDIRECT] 
2025-01-26 23:12:16,939 [ERROR] LogOutputStream:75 - [STDERR_REDIRECT] [Fatal Error] :1:1: Premature end of file.
2025-01-26 23:12:16,940 [ERROR] LogOutputStream:75 - [STDERR_REDIRECT] 
2025-01-26 23:12:17,935 [ERROR] LogOutputStream:75 - [STDERR_REDIRECT] [Fatal Error] :1:1: Premature end of file.
2025-01-26 23:12:17,935 [ERROR] LogOutputStream:75 - [STDERR_REDIRECT] 
2025-01-26 23:12:18,924 [ERROR] LogOutputStream:75 - [STDERR_REDIRECT] [Fatal Error] :1:1: Premature end of file.
2025-01-26 23:12:18,924 [ERROR] LogOutputStream:75 - [STDERR_REDIRECT] 
2025-01-26 23:12:19,928 [ERROR] LogOutputStream:75 - [STDERR_REDIRECT] [Fatal Error] :1:1: Premature end of file.
2025-01-26 23:12:19,928 [ERROR] LogOutputStream:75 - [STDERR_REDIRECT] 
2025-01-26 23:12:20,939 [ERROR] LogOutputStream:75 - [STDERR_REDIRECT] [Fatal Error] :1:1: Premature end of file.
2025-01-26 23:12:20,939 [ERROR] LogOutputStream:75 - [STDERR_REDIRECT] 
2025-01-26 23:12:21,938 [ERROR] LogOutputStream:75 - [STDERR_REDIRECT] [Fatal Error] :1:1: Premature end of file.
2025-01-26 23:12:21,938 [ERROR] LogOutputStream:75 - [STDERR_REDIRECT] 
2025-01-26 23:12:22,935 [ERROR] LogOutputStream:75 - [STDERR_REDIRECT] [Fatal Error] :1:1: Premature end of file.
2025-01-26 23:12:22,935 [ERROR] LogOutputStream:75 - [STDERR_REDIRECT] 
2025-01-26 23:12:23,944 [ERROR] LogOutputStream:75 - [STDERR_REDIRECT] [Fatal Error] :1:1: Premature end of file.
2025-01-26 23:12:23,944 [ERROR] LogOutputStream:75 - [STDERR_REDIRECT] 
2025-01-26 23:12:24,930 [ERROR] LogOutputStream:75 - [STDERR_REDIRECT] [Fatal Error] :1:1: Premature end of file.
2025-01-26 23:12:24,930 [ERROR] LogOutputStream:75 - [STDERR_REDIRECT] 
2025-01-26 23:12:25,943 [ERROR] LogOutputStream:75 - [STDERR_REDIRECT] [Fatal Error] :1:1: Premature end of file.
2025-01-26 23:12:25,943 [ERROR] LogOutputStream:75 - [STDERR_REDIRECT] 
2025-01-26 23:12:26,925 [ERROR] LogOutputStream:75 - [STDERR_REDIRECT] [Fatal Error] :1:1: Premature end of file.
2025-01-26 23:12:26,925 [ERROR] LogOutputStream:75 - [STDERR_REDIRECT] 
2025-01-26 23:12:27,932 [ERROR] LogOutputStream:75 - [STDERR_REDIRECT] [Fatal Error] :1:1: Premature end of file.
2025-01-26 23:12:27,932 [ERROR] LogOutputStream:75 - [STDERR_REDIRECT] 
2025-01-26 23:12:28,944 [ERROR] LogOutputStream:75 - [STDERR_REDIRECT] [Fatal Error] :1:1: Premature end of file.
2025-01-26 23:12:28,944 [ERROR] LogOutputStream:75 - [STDERR_REDIRECT] 
2025-01-26 23:12:29,939 [ERROR] LogOutputStream:75 - [STDERR_REDIRECT] [Fatal Error] :1:1: Premature end of file.
2025-01-26 23:12:29,939 [ERROR] LogOutputStream:75 - [STDERR_REDIRECT] 
2025-01-26 23:12:30,930 [ERROR] LogOutputStream:75 - [STDERR_REDIRECT] [Fatal Error] :1:1: Premature end of file.
2025-01-26 23:12:30,930 [ERROR] LogOutputStream:75 - [STDERR_REDIRECT] 
2025-01-26 23:12:31,918 [ERROR] LogOutputStream:75 - [STDERR_REDIRECT] [Fatal Error] :1:1: Premature end of file.
2025-01-26 23:12:31,918 [ERROR] LogOutputStream:75 - [STDERR_REDIRECT] 
2025-01-26 23:12:32,931 [ERROR] LogOutputStream:75 - [STDERR_REDIRECT] [Fatal Error] :1:1: Premature end of file.
2025-01-26 23:12:32,932 [ERROR] LogOutputStream:75 - [STDERR_REDIRECT] 
2025-01-26 23:12:33,936 [ERROR] LogOutputStream:75 - [STDERR_REDIRECT] [Fatal Error] :1:1: Premature end of file.
2025-01-26 23:12:33,936 [ERROR] LogOutputStream:75 - [STDERR_REDIRECT] 
2025-01-26 23:12:34,925 [ERROR] LogOutputStream:75 - [STDERR_REDIRECT] [Fatal Error] :1:1: Premature end of file.
2025-01-26 23:12:34,925 [ERROR] LogOutputStream:75 - [STDERR_REDIRECT] 
2025-01-26 23:12:35,932 [ERROR] LogOutputStream:75 - [STDERR_REDIRECT] [Fatal Error] :1:1: Premature end of file.
2025-01-26 23:12:35,932 [ERROR] LogOutputStream:75 - [STDERR_REDIRECT] 
2025-01-26 23:12:36,938 [ERROR] LogOutputStream:75 - [STDERR_REDIRECT] [Fatal Error] :1:1: Premature end of file.
2025-01-26 23:12:36,938 [ERROR] LogOutputStream:75 - [STDERR_REDIRECT] 
2025-01-26 23:12:37,934 [ERROR] LogOutputStream:75 - [STDERR_REDIRECT] [Fatal Error] :1:1: Premature end of file.
2025-01-26 23:12:37,934 [ERROR] LogOutputStream:75 - [STDERR_REDIRECT] 
2025-01-26 23:12:38,916 [ERROR] LogOutputStream:75 - [STDERR_REDIRECT] [Fatal Error] :1:1: Premature end of file.
2025-01-26 23:12:38,916 [ERROR] LogOutputStream:75 - [STDERR_REDIRECT] 
2025-01-26 23:12:39,937 [ERROR] LogOutputStream:75 - [STDERR_REDIRECT] [Fatal Error] :1:1: Premature end of file.
2025-01-26 23:12:39,937 [ERROR] LogOutputStream:75 - [STDERR_REDIRECT] 
2025-01-26 23:12:40,921 [ERROR] LogOutputStream:75 - [STDERR_REDIRECT] [Fatal Error] :1:1: Premature end of file.
2025-01-26 23:12:40,921 [ERROR] LogOutputStream:75 - [STDERR_REDIRECT] 
2025-01-26 23:12:41,919 [ERROR] LogOutputStream:75 - [STDERR_REDIRECT] [Fatal Error] :1:1: Premature end of file.
2025-01-26 23:12:41,919 [ERROR] LogOutputStream:75 - [STDERR_REDIRECT] 
2025-01-26 23:12:42,928 [ERROR] LogOutputStream:75 - [STDERR_REDIRECT] [Fatal Error] :1:1: Premature end of file.
2025-01-26 23:12:42,928 [ERROR] LogOutputStream:75 - [STDERR_REDIRECT] 
2025-01-26 23:12:43,935 [ERROR] LogOutputStream:75 - [STDERR_REDIRECT] [Fatal Error] :1:1: Premature end of file.
2025-01-26 23:12:43,935 [ERROR] LogOutputStream:75 - [STDERR_REDIRECT] 
2025-01-26 23:12:44,931 [ERROR] LogOutputStream:75 - [STDERR_REDIRECT] [Fatal Error] :1:1: Premature end of file.
2025-01-26 23:12:44,931 [ERROR] LogOutputStream:75 - [STDERR_REDIRECT] 
2025-01-26 23:12:45,930 [ERROR] LogOutputStream:75 - [STDERR_REDIRECT] [Fatal Error] :1:1: Premature end of file.
2025-01-26 23:12:45,930 [ERROR] LogOutputStream:75 - [STDERR_REDIRECT] 
2025-01-26 23:12:46,929 [ERROR] LogOutputStream:75 - [STDERR_REDIRECT] [Fatal Error] :1:1: Premature end of file.
2025-01-26 23:12:46,929 [ERROR] LogOutputStream:75 - [STDERR_REDIRECT] 
2025-01-26 23:12:47,936 [ERROR] LogOutputStream:75 - [STDERR_REDIRECT] [Fatal Error] :1:1: Premature end of file.
2025-01-26 23:12:47,936 [ERROR] LogOutputStream:75 - [STDERR_REDIRECT] 
2025-01-26 23:12:48,934 [ERROR] LogOutputStream:75 - [STDERR_REDIRECT] [Fatal Error] :1:1: Premature end of file.
2025-01-26 23:12:48,934 [ERROR] LogOutputStream:75 - [STDERR_REDIRECT] 
2025-01-26 23:12:49,934 [ERROR] LogOutputStream:75 - [STDERR_REDIRECT] [Fatal Error] :1:1: Premature end of file.
2025-01-26 23:12:49,934 [ERROR] LogOutputStream:75 - [STDERR_REDIRECT] 
2025-01-26 23:12:50,931 [ERROR] LogOutputStream:75 - [STDERR_REDIRECT] [Fatal Error] :1:1: Premature end of file.
2025-01-26 23:12:50,931 [ERROR] LogOutputStream:75 - [STDERR_REDIRECT] 
2025-01-26 23:12:51,931 [ERROR] LogOutputStream:75 - [STDERR_REDIRECT] [Fatal Error] :1:1: Premature end of file.
2025-01-26 23:12:51,931 [ERROR] LogOutputStream:75 - [STDERR_REDIRECT] 
2025-01-26 23:12:52,944 [ERROR] LogOutputStream:75 - [STDERR_REDIRECT] [Fatal Error] :1:1: Premature end of file.
2025-01-26 23:12:52,944 [ERROR] LogOutputStream:75 - [STDERR_REDIRECT] 
2025-01-26 23:12:53,934 [ERROR] LogOutputStream:75 - [STDERR_REDIRECT] [Fatal Error] :1:1: Premature end of file.
2025-01-26 23:12:53,934 [ERROR] LogOutputStream:75 - [STDERR_REDIRECT] 
2025-01-26 23:12:54,935 [ERROR] LogOutputStream:75 - [STDERR_REDIRECT] [Fatal Error] :1:1: Premature end of file.
2025-01-26 23:12:54,935 [ERROR] LogOutputStream:75 - [STDERR_REDIRECT] 
2025-01-26 23:12:55,939 [ERROR] LogOutputStream:75 - [STDERR_REDIRECT] [Fatal Error] :1:1: Premature end of file.
2025-01-26 23:12:55,939 [ERROR] LogOutputStream:75 - [STDERR_REDIRECT] 
2025-01-26 23:12:56,937 [ERROR] LogOutputStream:75 - [STDERR_REDIRECT] [Fatal Error] :1:1: Premature end of file.
2025-01-26 23:12:56,937 [ERROR] LogOutputStream:75 - [STDERR_REDIRECT] 
2025-01-26 23:12:57,936 [ERROR] LogOutputStream:75 - [STDERR_REDIRECT] [Fatal Error] :1:1: Premature end of file.
2025-01-26 23:12:57,936 [ERROR] LogOutputStream:75 - [STDERR_REDIRECT] 
2025-01-26 23:12:58,930 [ERROR] LogOutputStream:75 - [STDERR_REDIRECT] [Fatal Error] :1:1: Premature end of file.
2025-01-26 23:12:58,930 [ERROR] LogOutputStream:75 - [STDERR_REDIRECT] 
2025-01-26 23:12:59,934 [ERROR] LogOutputStream:75 - [STDERR_REDIRECT] [Fatal Error] :1:1: Premature end of file.
2025-01-26 23:12:59,934 [ERROR] LogOutputStream:75 - [STDERR_REDIRECT] 
2025-01-26 23:13:00,931 [ERROR] LogOutputStream:75 - [STDERR_REDIRECT] [Fatal Error] :1:1: Premature end of file.
2025-01-26 23:13:00,931 [ERROR] LogOutputStream:75 - [STDERR_REDIRECT] 
2025-01-26 23:13:01,944 [ERROR] LogOutputStream:75 - [STDERR_REDIRECT] [Fatal Error] :1:1: Premature end of file.
2025-01-26 23:13:01,944 [ERROR] LogOutputStream:75 - [STDERR_REDIRECT] 
2025-01-26 23:13:02,925 [ERROR] LogOutputStream:75 - [STDERR_REDIRECT] [Fatal Error] :1:1: Premature end of file.
2025-01-26 23:13:02,925 [ERROR] LogOutputStream:75 - [STDERR_REDIRECT] 
2025-01-26 23:13:03,931 [ERROR] LogOutputStream:75 - [STDERR_REDIRECT] [Fatal Error] :1:1: Premature end of file.
2025-01-26 23:13:03,931 [ERROR] LogOutputStream:75 - [STDERR_REDIRECT] 
2025-01-26 23:13:04,938 [ERROR] LogOutputStream:75 - [STDERR_REDIRECT] [Fatal Error] :1:1: Premature end of file.
2025-01-26 23:13:04,938 [ERROR] LogOutputStream:75 - [STDERR_REDIRECT] 
2025-01-26 23:13:05,940 [ERROR] LogOutputStream:75 - [STDERR_REDIRECT] [Fatal Error] :1:1: Premature end of file.
2025-01-26 23:13:05,940 [ERROR] LogOutputStream:75 - [STDERR_REDIRECT] 
2025-01-26 23:13:06,936 [ERROR] LogOutputStream:75 - [STDERR_REDIRECT] [Fatal Error] :1:1: Premature end of file.
2025-01-26 23:13:06,936 [ERROR] LogOutputStream:75 - [STDERR_REDIRECT] 
2025-01-26 23:13:07,931 [ERROR] LogOutputStream:75 - [STDERR_REDIRECT] [Fatal Error] :1:1: Premature end of file.
2025-01-26 23:13:07,931 [ERROR] LogOutputStream:75 - [STDERR_REDIRECT] 
2025-01-26 23:13:08,933 [ERROR] LogOutputStream:75 - [STDERR_REDIRECT] [Fatal Error] :1:1: Premature end of file.
2025-01-26 23:13:08,933 [ERROR] LogOutputStream:75 - [STDERR_REDIRECT] 
2025-01-26 23:13:09,942 [ERROR] LogOutputStream:75 - [STDERR_REDIRECT] [Fatal Error] :1:1: Premature end of file.
2025-01-26 23:13:09,942 [ERROR] LogOutputStream:75 - [STDERR_REDIRECT] 
2025-01-26 23:13:10,938 [ERROR] LogOutputStream:75 - [STDERR_REDIRECT] [Fatal Error] :1:1: Premature end of file.
2025-01-26 23:13:10,940 [ERROR] LogOutputStream:75 - [STDERR_REDIRECT] 
2025-01-26 23:13:11,939 [ERROR] LogOutputStream:75 - [STDERR_REDIRECT] [Fatal Error] :1:1: Premature end of file.
2025-01-26 23:13:11,939 [ERROR] LogOutputStream:75 - [STDERR_REDIRECT] 
2025-01-26 23:13:12,947 [ERROR] LogOutputStream:75 - [STDERR_REDIRECT] [Fatal Error] :1:1: Premature end of file.
2025-01-26 23:13:12,947 [ERROR] LogOutputStream:75 - [STDERR_REDIRECT] 
2025-01-26 23:13:13,944 [ERROR] LogOutputStream:75 - [STDERR_REDIRECT] [Fatal Error] :1:1: Premature end of file.
2025-01-26 23:13:13,944 [ERROR] LogOutputStream:75 - [STDERR_REDIRECT] 
2025-01-26 23:13:14,929 [ERROR] LogOutputStream:75 - [STDERR_REDIRECT] [Fatal Error] :1:1: Premature end of file.
2025-01-26 23:13:14,929 [ERROR] LogOutputStream:75 - [STDERR_REDIRECT] 
2025-01-26 23:13:15,932 [ERROR] LogOutputStream:75 - [STDERR_REDIRECT] [Fatal Error] :1:1: Premature end of file.
2025-01-26 23:13:15,932 [ERROR] LogOutputStream:75 - [STDERR_REDIRECT] 
2025-01-26 23:13:16,936 [ERROR] LogOutputStream:75 - [STDERR_REDIRECT] [Fatal Error] :1:1: Premature end of file.
2025-01-26 23:13:16,936 [ERROR] LogOutputStream:75 - [STDERR_REDIRECT] 
2025-01-26 23:13:17,942 [ERROR] LogOutputStream:75 - [STDERR_REDIRECT] [Fatal Error] :1:1: Premature end of file.
2025-01-26 23:13:17,942 [ERROR] LogOutputStream:75 - [STDERR_REDIRECT] 
2025-01-26 23:13:18,938 [ERROR] LogOutputStream:75 - [STDERR_REDIRECT] [Fatal Error] :1:1: Premature end of file.
2025-01-26 23:13:18,938 [ERROR] LogOutputStream:75 - [STDERR_REDIRECT] 
2025-01-26 23:13:19,933 [ERROR] LogOutputStream:75 - [STDERR_REDIRECT] [Fatal Error] :1:1: Premature end of file.
2025-01-26 23:13:19,933 [ERROR] LogOutputStream:75 - [STDERR_REDIRECT] 
2025-01-26 23:13:20,932 [ERROR] LogOutputStream:75 - [STDERR_REDIRECT] [Fatal Error] :1:1: Premature end of file.
2025-01-26 23:13:20,932 [ERROR] LogOutputStream:75 - [STDERR_REDIRECT] 
2025-01-26 23:13:21,938 [ERROR] LogOutputStream:75 - [STDERR_REDIRECT] [Fatal Error] :1:1: Premature end of file.
2025-01-26 23:13:21,938 [ERROR] LogOutputStream:75 - [STDERR_REDIRECT] 
2025-01-26 23:13:22,925 [ERROR] LogOutputStream:75 - [STDERR_REDIRECT] [Fatal Error] :1:1: Premature end of file.
2025-01-26 23:13:22,925 [ERROR] LogOutputStream:75 - [STDERR_REDIRECT] 
2025-01-26 23:13:23,940 [ERROR] LogOutputStream:75 - [STDERR_REDIRECT] [Fatal Error] :1:1: Premature end of file.
2025-01-26 23:13:23,940 [ERROR] LogOutputStream:75 - [STDERR_REDIRECT] 
2025-01-26 23:13:24,925 [ERROR] LogOutputStream:75 - [STDERR_REDIRECT] [Fatal Error] :1:1: Premature end of file.
2025-01-26 23:13:24,925 [ERROR] LogOutputStream:75 - [STDERR_REDIRECT] 
2025-01-26 23:13:25,938 [ERROR] LogOutputStream:75 - [STDERR_REDIRECT] [Fatal Error] :1:1: Premature end of file.
2025-01-26 23:13:25,940 [ERROR] LogOutputStream:75 - [STDERR_REDIRECT] 
2025-01-26 23:13:26,940 [ERROR] LogOutputStream:75 - [STDERR_REDIRECT] [Fatal Error] :1:1: Premature end of file.
2025-01-26 23:13:26,940 [ERROR] LogOutputStream:75 - [STDERR_REDIRECT] 
2025-01-26 23:13:27,934 [ERROR] LogOutputStream:75 - [STDERR_REDIRECT] [Fatal Error] :1:1: Premature end of file.
2025-01-26 23:13:27,934 [ERROR] LogOutputStream:75 - [STDERR_REDIRECT] 
2025-01-26 23:13:28,935 [ERROR] LogOutputStream:75 - [STDERR_REDIRECT] [Fatal Error] :1:1: Premature end of file.
2025-01-26 23:13:28,936 [ERROR] LogOutputStream:75 - [STDERR_REDIRECT] 
2025-01-26 23:13:29,931 [ERROR] LogOutputStream:75 - [STDERR_REDIRECT] [Fatal Error] :1:1: Premature end of file.
2025-01-26 23:13:29,931 [ERROR] LogOutputStream:75 - [STDERR_REDIRECT] 
2025-01-26 23:13:30,925 [ERROR] LogOutputStream:75 - [STDERR_REDIRECT] [Fatal Error] :1:1: Premature end of file.
2025-01-26 23:13:30,925 [ERROR] LogOutputStream:75 - [STDERR_REDIRECT] 
2025-01-26 23:13:31,939 [ERROR] LogOutputStream:75 - [STDERR_REDIRECT] [Fatal Error] :1:1: Premature end of file.
2025-01-26 23:13:31,939 [ERROR] LogOutputStream:75 - [STDERR_REDIRECT] 
2025-01-26 23:13:32,954 [ERROR] LogOutputStream:75 - [STDERR_REDIRECT] [Fatal Error] :1:1: Premature end of file.
2025-01-26 23:13:32,954 [ERROR] LogOutputStream:75 - [STDERR_REDIRECT] 
2025-01-26 23:13:33,932 [ERROR] LogOutputStream:75 - [STDERR_REDIRECT] [Fatal Error] :1:1: Premature end of file.
2025-01-26 23:13:33,932 [ERROR] LogOutputStream:75 - [STDERR_REDIRECT] 
2025-01-26 23:13:34,937 [ERROR] LogOutputStream:75 - [STDERR_REDIRECT] [Fatal Error] :1:1: Premature end of file.
2025-01-26 23:13:34,937 [ERROR] LogOutputStream:75 - [STDERR_REDIRECT] 
2025-01-26 23:13:35,932 [ERROR] LogOutputStream:75 - [STDERR_REDIRECT] [Fatal Error] :1:1: Premature end of file.
2025-01-26 23:13:35,932 [ERROR] LogOutputStream:75 - [STDERR_REDIRECT] 
2025-01-26 23:13:36,933 [ERROR] LogOutputStream:75 - [STDERR_REDIRECT] [Fatal Error] :1:1: Premature end of file.
2025-01-26 23:13:36,933 [ERROR] LogOutputStream:75 - [STDERR_REDIRECT] 
2025-01-26 23:13:37,955 [ERROR] LogOutputStream:75 - [STDERR_REDIRECT] [Fatal Error] :1:1: Premature end of file.
2025-01-26 23:13:37,955 [ERROR] LogOutputStream:75 - [STDERR_REDIRECT] 
2025-01-26 23:13:38,927 [ERROR] LogOutputStream:75 - [STDERR_REDIRECT] [Fatal Error] :1:1: Premature end of file.
2025-01-26 23:13:38,927 [ERROR] LogOutputStream:75 - [STDERR_REDIRECT] 
2025-01-26 23:13:39,932 [ERROR] LogOutputStream:75 - [STDERR_REDIRECT] [Fatal Error] :1:1: Premature end of file.
2025-01-26 23:13:39,932 [ERROR] LogOutputStream:75 - [STDERR_REDIRECT] 
2025-01-26 23:13:40,925 [ERROR] LogOutputStream:75 - [STDERR_REDIRECT] [Fatal Error] :1:1: Premature end of file.
2025-01-26 23:13:40,925 [ERROR] LogOutputStream:75 - [STDERR_REDIRECT] 
2025-01-26 23:13:41,929 [ERROR] LogOutputStream:75 - [STDERR_REDIRECT] [Fatal Error] :1:1: Premature end of file.
2025-01-26 23:13:41,929 [ERROR] LogOutputStream:75 - [STDERR_REDIRECT] 
2025-01-26 23:13:42,942 [ERROR] LogOutputStream:75 - [STDERR_REDIRECT] [Fatal Error] :1:1: Premature end of file.
2025-01-26 23:13:42,942 [ERROR] LogOutputStream:75 - [STDERR_REDIRECT] 
2025-01-26 23:13:43,921 [ERROR] LogOutputStream:75 - [STDERR_REDIRECT] [Fatal Error] :1:1: Premature end of file.
2025-01-26 23:13:43,921 [ERROR] LogOutputStream:75 - [STDERR_REDIRECT] 
2025-01-26 23:13:44,925 [ERROR] LogOutputStream:75 - [STDERR_REDIRECT] [Fatal Error] :1:1: Premature end of file.
2025-01-26 23:13:44,925 [ERROR] LogOutputStream:75 - [STDERR_REDIRECT] 
2025-01-26 23:13:45,925 [ERROR] LogOutputStream:75 - [STDERR_REDIRECT] [Fatal Error] :1:1: Premature end of file.
2025-01-26 23:13:45,925 [ERROR] LogOutputStream:75 - [STDERR_REDIRECT] 
2025-01-26 23:13:46,937 [ERROR] LogOutputStream:75 - [STDERR_REDIRECT] [Fatal Error] :1:1: Premature end of file.
2025-01-26 23:13:46,937 [ERROR] LogOutputStream:75 - [STDERR_REDIRECT] 
2025-01-26 23:13:47,931 [ERROR] LogOutputStream:75 - [STDERR_REDIRECT] [Fatal Error] :1:1: Premature end of file.
2025-01-26 23:13:47,931 [ERROR] LogOutputStream:75 - [STDERR_REDIRECT] 
2025-01-26 23:13:48,930 [ERROR] LogOutputStream:75 - [STDERR_REDIRECT] [Fatal Error] :1:1: Premature end of file.
2025-01-26 23:13:48,930 [ERROR] LogOutputStream:75 - [STDERR_REDIRECT] 
2025-01-26 23:13:49,939 [ERROR] LogOutputStream:75 - [STDERR_REDIRECT] [Fatal Error] :1:1: Premature end of file.
2025-01-26 23:13:49,939 [ERROR] LogOutputStream:75 - [STDERR_REDIRECT] 
2025-01-26 23:13:50,938 [ERROR] LogOutputStream:75 - [STDERR_REDIRECT] [Fatal Error] :1:1: Premature end of file.
2025-01-26 23:13:50,938 [ERROR] LogOutputStream:75 - [STDERR_REDIRECT] 
2025-01-26 23:13:51,940 [ERROR] LogOutputStream:75 - [STDERR_REDIRECT] [Fatal Error] :1:1: Premature end of file.
2025-01-26 23:13:51,940 [ERROR] LogOutputStream:75 - [STDERR_REDIRECT] 
2025-01-26 23:13:52,938 [ERROR] LogOutputStream:75 - [STDERR_REDIRECT] [Fatal Error] :1:1: Premature end of file.
2025-01-26 23:13:52,938 [ERROR] LogOutputStream:75 - [STDERR_REDIRECT] 
2025-01-26 23:13:53,937 [ERROR] LogOutputStream:75 - [STDERR_REDIRECT] [Fatal Error] :1:1: Premature end of file.
2025-01-26 23:13:53,937 [ERROR] LogOutputStream:75 - [STDERR_REDIRECT] 
2025-01-26 23:13:54,935 [ERROR] LogOutputStream:75 - [STDERR_REDIRECT] [Fatal Error] :1:1: Premature end of file.
2025-01-26 23:13:54,935 [ERROR] LogOutputStream:75 - [STDERR_REDIRECT] 
2025-01-26 23:13:55,924 [ERROR] LogOutputStream:75 - [STDERR_REDIRECT] [Fatal Error] :1:1: Premature end of file.
2025-01-26 23:13:55,924 [ERROR] LogOutputStream:75 - [STDERR_REDIRECT] 
2025-01-26 23:13:56,937 [ERROR] LogOutputStream:75 - [STDERR_REDIRECT] [Fatal Error] :1:1: Premature end of file.
2025-01-26 23:13:56,937 [ERROR] LogOutputStream:75 - [STDERR_REDIRECT] 
2025-01-26 23:13:57,932 [ERROR] LogOutputStream:75 - [STDERR_REDIRECT] [Fatal Error] :1:1: Premature end of file.
2025-01-26 23:13:57,932 [ERROR] LogOutputStream:75 - [STDERR_REDIRECT] 
2025-01-26 23:13:58,939 [ERROR] LogOutputStream:75 - [STDERR_REDIRECT] [Fatal Error] :1:1: Premature end of file.
2025-01-26 23:13:58,939 [ERROR] LogOutputStream:75 - [STDERR_REDIRECT] 
2025-01-26 23:13:59,934 [ERROR] LogOutputStream:75 - [STDERR_REDIRECT] [Fatal Error] :1:1: Premature end of file.
2025-01-26 23:13:59,934 [ERROR] LogOutputStream:75 - [STDERR_REDIRECT] 
2025-01-26 23:14:00,933 [ERROR] LogOutputStream:75 - [STDERR_REDIRECT] [Fatal Error] :1:1: Premature end of file.
2025-01-26 23:14:00,933 [ERROR] LogOutputStream:75 - [STDERR_REDIRECT] 
2025-01-26 23:14:01,949 [ERROR] LogOutputStream:75 - [STDERR_REDIRECT] [Fatal Error] :1:1: Premature end of file.
2025-01-26 23:14:01,949 [ERROR] LogOutputStream:75 - [STDERR_REDIRECT] 
2025-01-26 23:14:02,942 [ERROR] LogOutputStream:75 - [STDERR_REDIRECT] [Fatal Error] :1:1: Premature end of file.
2025-01-26 23:14:02,942 [ERROR] LogOutputStream:75 - [STDERR_REDIRECT] 
2025-01-26 23:14:03,939 [ERROR] LogOutputStream:75 - [STDERR_REDIRECT] [Fatal Error] :1:1: Premature end of file.
2025-01-26 23:14:03,939 [ERROR] LogOutputStream:75 - [STDERR_REDIRECT] 
2025-01-26 23:14:04,945 [ERROR] LogOutputStream:75 - [STDERR_REDIRECT] [Fatal Error] :1:1: Premature end of file.
2025-01-26 23:14:04,945 [ERROR] LogOutputStream:75 - [STDERR_REDIRECT] 
2025-01-26 23:14:05,935 [ERROR] LogOutputStream:75 - [STDERR_REDIRECT] [Fatal Error] :1:1: Premature end of file.
2025-01-26 23:14:05,936 [ERROR] LogOutputStream:75 - [STDERR_REDIRECT] 
2025-01-26 23:14:06,934 [ERROR] LogOutputStream:75 - [STDERR_REDIRECT] [Fatal Error] :1:1: Premature end of file.
2025-01-26 23:14:06,934 [ERROR] LogOutputStream:75 - [STDERR_REDIRECT] 
2025-01-26 23:14:07,936 [ERROR] LogOutputStream:75 - [STDERR_REDIRECT] [Fatal Error] :1:1: Premature end of file.
2025-01-26 23:14:07,936 [ERROR] LogOutputStream:75 - [STDERR_REDIRECT] 
2025-01-26 23:14:08,930 [ERROR] LogOutputStream:75 - [STDERR_REDIRECT] [Fatal Error] :1:1: Premature end of file.
2025-01-26 23:14:08,930 [ERROR] LogOutputStream:75 - [STDERR_REDIRECT] 
2025-01-26 23:14:09,935 [ERROR] LogOutputStream:75 - [STDERR_REDIRECT] [Fatal Error] :1:1: Premature end of file.
2025-01-26 23:14:09,935 [ERROR] LogOutputStream:75 - [STDERR_REDIRECT] 
2025-01-26 23:14:10,935 [ERROR] LogOutputStream:75 - [STDERR_REDIRECT] [Fatal Error] :1:1: Premature end of file.
2025-01-26 23:14:10,935 [ERROR] LogOutputStream:75 - [STDERR_REDIRECT] 
2025-01-26 23:14:11,939 [ERROR] LogOutputStream:75 - [STDERR_REDIRECT] [Fatal Error] :1:1: Premature end of file.
2025-01-26 23:14:11,939 [ERROR] LogOutputStream:75 - [STDERR_REDIRECT] 
2025-01-26 23:14:12,937 [ERROR] LogOutputStream:75 - [STDERR_REDIRECT] [Fatal Error] :1:1: Premature end of file.
2025-01-26 23:14:12,939 [ERROR] LogOutputStream:75 - [STDERR_REDIRECT] 
2025-01-26 23:14:13,936 [ERROR] LogOutputStream:75 - [STDERR_REDIRECT] [Fatal Error] :1:1: Premature end of file.
2025-01-26 23:14:13,936 [ERROR] LogOutputStream:75 - [STDERR_REDIRECT] 
2025-01-26 23:14:14,931 [ERROR] LogOutputStream:75 - [STDERR_REDIRECT] [Fatal Error] :1:1: Premature end of file.
2025-01-26 23:14:14,931 [ERROR] LogOutputStream:75 - [STDERR_REDIRECT] 
2025-01-26 23:14:15,936 [ERROR] LogOutputStream:75 - [STDERR_REDIRECT] [Fatal Error] :1:1: Premature end of file.
2025-01-26 23:14:15,937 [ERROR] LogOutputStream:75 - [STDERR_REDIRECT] 
2025-01-26 23:14:16,942 [ERROR] LogOutputStream:75 - [STDERR_REDIRECT] [Fatal Error] :1:1: Premature end of file.
2025-01-26 23:14:16,942 [ERROR] LogOutputStream:75 - [STDERR_REDIRECT] 
2025-01-26 23:14:17,922 [ERROR] LogOutputStream:75 - [STDERR_REDIRECT] [Fatal Error] :1:1: Premature end of file.
2025-01-26 23:14:17,922 [ERROR] LogOutputStream:75 - [STDERR_REDIRECT] 
2025-01-26 23:14:18,939 [ERROR] LogOutputStream:75 - [STDERR_REDIRECT] [Fatal Error] :1:1: Premature end of file.
2025-01-26 23:14:18,939 [ERROR] LogOutputStream:75 - [STDERR_REDIRECT] 
2025-01-26 23:14:19,936 [ERROR] LogOutputStream:75 - [STDERR_REDIRECT] [Fatal Error] :1:1: Premature end of file.
2025-01-26 23:14:19,936 [ERROR] LogOutputStream:75 - [STDERR_REDIRECT] 
2025-01-26 23:14:20,931 [ERROR] LogOutputStream:75 - [STDERR_REDIRECT] [Fatal Error] :1:1: Premature end of file.
2025-01-26 23:14:20,931 [ERROR] LogOutputStream:75 - [STDERR_REDIRECT] 
2025-01-26 23:14:21,932 [ERROR] LogOutputStream:75 - [STDERR_REDIRECT] [Fatal Error] :1:1: Premature end of file.
2025-01-26 23:14:21,932 [ERROR] LogOutputStream:75 - [STDERR_REDIRECT] 
2025-01-26 23:14:22,948 [ERROR] LogOutputStream:75 - [STDERR_REDIRECT] [Fatal Error] :1:1: Premature end of file.
2025-01-26 23:14:22,948 [ERROR] LogOutputStream:75 - [STDERR_REDIRECT] 
2025-01-26 23:14:23,937 [ERROR] LogOutputStream:75 - [STDERR_REDIRECT] [Fatal Error] :1:1: Premature end of file.
2025-01-26 23:14:23,939 [ERROR] LogOutputStream:75 - [STDERR_REDIRECT] 
2025-01-26 23:14:24,939 [ERROR] LogOutputStream:75 - [STDERR_REDIRECT] [Fatal Error] :1:1: Premature end of file.
2025-01-26 23:14:24,939 [ERROR] LogOutputStream:75 - [STDERR_REDIRECT] 
2025-01-26 23:14:25,939 [ERROR] LogOutputStream:75 - [STDERR_REDIRECT] [Fatal Error] :1:1: Premature end of file.
2025-01-26 23:14:25,939 [ERROR] LogOutputStream:75 - [STDERR_REDIRECT] 
2025-01-26 23:14:26,934 [ERROR] LogOutputStream:75 - [STDERR_REDIRECT] [Fatal Error] :1:1: Premature end of file.
2025-01-26 23:14:26,934 [ERROR] LogOutputStream:75 - [STDERR_REDIRECT] 
2025-01-26 23:14:27,940 [ERROR] LogOutputStream:75 - [STDERR_REDIRECT] [Fatal Error] :1:1: Premature end of file.
2025-01-26 23:14:27,940 [ERROR] LogOutputStream:75 - [STDERR_REDIRECT] 
2025-01-26 23:14:28,922 [ERROR] LogOutputStream:75 - [STDERR_REDIRECT] [Fatal Error] :1:1: Premature end of file.
2025-01-26 23:14:28,922 [ERROR] LogOutputStream:75 - [STDERR_REDIRECT] 
2025-01-26 23:14:29,937 [ERROR] LogOutputStream:75 - [STDERR_REDIRECT] [Fatal Error] :1:1: Premature end of file.
2025-01-26 23:14:29,937 [ERROR] LogOutputStream:75 - [STDERR_REDIRECT] 
2025-01-26 23:14:30,937 [ERROR] LogOutputStream:75 - [STDERR_REDIRECT] [Fatal Error] :1:1: Premature end of file.
2025-01-26 23:14:30,937 [ERROR] LogOutputStream:75 - [STDERR_REDIRECT] 
2025-01-26 23:14:31,932 [ERROR] LogOutputStream:75 - [STDERR_REDIRECT] [Fatal Error] :1:1: Premature end of file.
2025-01-26 23:14:31,932 [ERROR] LogOutputStream:75 - [STDERR_REDIRECT] 
2025-01-26 23:14:32,946 [ERROR] LogOutputStream:75 - [STDERR_REDIRECT] [Fatal Error] :1:1: Premature end of file.
2025-01-26 23:14:32,946 [ERROR] LogOutputStream:75 - [STDERR_REDIRECT] 
2025-01-26 23:14:33,932 [ERROR] LogOutputStream:75 - [STDERR_REDIRECT] [Fatal Error] :1:1: Premature end of file.
2025-01-26 23:14:33,932 [ERROR] LogOutputStream:75 - [STDERR_REDIRECT] 
2025-01-26 23:14:34,937 [ERROR] LogOutputStream:75 - [STDERR_REDIRECT] [Fatal Error] :1:1: Premature end of file.
2025-01-26 23:14:34,938 [ERROR] LogOutputStream:75 - [STDERR_REDIRECT] 
2025-01-26 23:14:35,942 [ERROR] LogOutputStream:75 - [STDERR_REDIRECT] [Fatal Error] :1:1: Premature end of file.
2025-01-26 23:14:35,942 [ERROR] LogOutputStream:75 - [STDERR_REDIRECT] 
2025-01-26 23:14:36,943 [ERROR] LogOutputStream:75 - [STDERR_REDIRECT] [Fatal Error] :1:1: Premature end of file.
2025-01-26 23:14:36,943 [ERROR] LogOutputStream:75 - [STDERR_REDIRECT] 
2025-01-26 23:14:37,939 [ERROR] LogOutputStream:75 - [STDERR_REDIRECT] [Fatal Error] :1:1: Premature end of file.
2025-01-26 23:14:37,939 [ERROR] LogOutputStream:75 - [STDERR_REDIRECT] 
2025-01-26 23:14:38,931 [ERROR] LogOutputStream:75 - [STDERR_REDIRECT] [Fatal Error] :1:1: Premature end of file.
2025-01-26 23:14:38,931 [ERROR] LogOutputStream:75 - [STDERR_REDIRECT] 
2025-01-26 23:14:39,936 [ERROR] LogOutputStream:75 - [STDERR_REDIRECT] [Fatal Error] :1:1: Premature end of file.
2025-01-26 23:14:39,936 [ERROR] LogOutputStream:75 - [STDERR_REDIRECT] 
2025-01-26 23:14:40,943 [ERROR] LogOutputStream:75 - [STDERR_REDIRECT] [Fatal Error] :1:1: Premature end of file.
2025-01-26 23:14:40,943 [ERROR] LogOutputStream:75 - [STDERR_REDIRECT] 
2025-01-26 23:14:41,931 [ERROR] LogOutputStream:75 - [STDERR_REDIRECT] [Fatal Error] :1:1: Premature end of file.
2025-01-26 23:14:41,931 [ERROR] LogOutputStream:75 - [STDERR_REDIRECT] 
2025-01-26 23:14:42,937 [ERROR] LogOutputStream:75 - [STDERR_REDIRECT] [Fatal Error] :1:1: Premature end of file.
2025-01-26 23:14:42,937 [ERROR] LogOutputStream:75 - [STDERR_REDIRECT] 
2025-01-26 23:14:43,925 [ERROR] LogOutputStream:75 - [STDERR_REDIRECT] [Fatal Error] :1:1: Premature end of file.
2025-01-26 23:14:43,925 [ERROR] LogOutputStream:75 - [STDERR_REDIRECT] 
2025-01-26 23:14:44,924 [ERROR] LogOutputStream:75 - [STDERR_REDIRECT] [Fatal Error] :1:1: Premature end of file.
2025-01-26 23:14:44,924 [ERROR] LogOutputStream:75 - [STDERR_REDIRECT] 
2025-01-26 23:14:45,942 [ERROR] LogOutputStream:75 - [STDERR_REDIRECT] [Fatal Error] :1:1: Premature end of file.
2025-01-26 23:14:45,942 [ERROR] LogOutputStream:75 - [STDERR_REDIRECT] 
2025-01-26 23:14:46,929 [ERROR] LogOutputStream:75 - [STDERR_REDIRECT] [Fatal Error] :1:1: Premature end of file.
2025-01-26 23:14:46,929 [ERROR] LogOutputStream:75 - [STDERR_REDIRECT] 
2025-01-26 23:14:47,929 [ERROR] LogOutputStream:75 - [STDERR_REDIRECT] [Fatal Error] :1:1: Premature end of file.
2025-01-26 23:14:47,929 [ERROR] LogOutputStream:75 - [STDERR_REDIRECT] 
2025-01-26 23:14:48,929 [ERROR] LogOutputStream:75 - [STDERR_REDIRECT] [Fatal Error] :1:1: Premature end of file.
2025-01-26 23:14:48,929 [ERROR] LogOutputStream:75 - [STDERR_REDIRECT] 
2025-01-26 23:14:49,946 [ERROR] LogOutputStream:75 - [STDERR_REDIRECT] [Fatal Error] :1:1: Premature end of file.
2025-01-26 23:14:49,946 [ERROR] LogOutputStream:75 - [STDERR_REDIRECT] 
2025-01-26 23:14:50,932 [ERROR] LogOutputStream:75 - [STDERR_REDIRECT] [Fatal Error] :1:1: Premature end of file.
2025-01-26 23:14:50,932 [ERROR] LogOutputStream:75 - [STDERR_REDIRECT] 
2025-01-26 23:14:51,915 [ERROR] LogOutputStream:75 - [STDERR_REDIRECT] [Fatal Error] :1:1: Premature end of file.
2025-01-26 23:14:51,915 [ERROR] LogOutputStream:75 - [STDERR_REDIRECT] 
2025-01-26 23:14:52,934 [ERROR] LogOutputStream:75 - [STDERR_REDIRECT] [Fatal Error] :1:1: Premature end of file.
2025-01-26 23:14:52,934 [ERROR] LogOutputStream:75 - [STDERR_REDIRECT] 
2025-01-26 23:14:53,925 [ERROR] LogOutputStream:75 - [STDERR_REDIRECT] [Fatal Error] :1:1: Premature end of file.
2025-01-26 23:14:53,925 [ERROR] LogOutputStream:75 - [STDERR_REDIRECT] 
2025-01-26 23:14:54,946 [ERROR] LogOutputStream:75 - [STDERR_REDIRECT] [Fatal Error] :1:1: Premature end of file.
2025-01-26 23:14:54,946 [ERROR] LogOutputStream:75 - [STDERR_REDIRECT] 
2025-01-26 23:14:55,935 [ERROR] LogOutputStream:75 - [STDERR_REDIRECT] [Fatal Error] :1:1: Premature end of file.
2025-01-26 23:14:55,935 [ERROR] LogOutputStream:75 - [STDERR_REDIRECT] 
2025-01-26 23:14:56,934 [ERROR] LogOutputStream:75 - [STDERR_REDIRECT] [Fatal Error] :1:1: Premature end of file.
2025-01-26 23:14:56,934 [ERROR] LogOutputStream:75 - [STDERR_REDIRECT] 
2025-01-26 23:14:57,944 [ERROR] LogOutputStream:75 - [STDERR_REDIRECT] [Fatal Error] :1:1: Premature end of file.
2025-01-26 23:14:57,944 [ERROR] LogOutputStream:75 - [STDERR_REDIRECT] 
2025-01-26 23:14:58,939 [ERROR] LogOutputStream:75 - [STDERR_REDIRECT] [Fatal Error] :1:1: Premature end of file.
2025-01-26 23:14:58,939 [ERROR] LogOutputStream:75 - [STDERR_REDIRECT] 
2025-01-26 23:14:59,928 [ERROR] LogOutputStream:75 - [STDERR_REDIRECT] [Fatal Error] :1:1: Premature end of file.
2025-01-26 23:14:59,928 [ERROR] LogOutputStream:75 - [STDERR_REDIRECT] 
2025-01-26 23:15:00,932 [ERROR] LogOutputStream:75 - [STDERR_REDIRECT] [Fatal Error] :1:1: Premature end of file.
2025-01-26 23:15:00,934 [ERROR] LogOutputStream:75 - [STDERR_REDIRECT] 
2025-01-26 23:15:01,935 [ERROR] LogOutputStream:75 - [STDERR_REDIRECT] [Fatal Error] :1:1: Premature end of file.
2025-01-26 23:15:01,937 [ERROR] LogOutputStream:75 - [STDERR_REDIRECT] 
2025-01-26 23:15:02,929 [ERROR] LogOutputStream:75 - [STDERR_REDIRECT] [Fatal Error] :1:1: Premature end of file.
2025-01-26 23:15:02,929 [ERROR] LogOutputStream:75 - [STDERR_REDIRECT] 
2025-01-26 23:15:03,939 [ERROR] LogOutputStream:75 - [STDERR_REDIRECT] [Fatal Error] :1:1: Premature end of file.
2025-01-26 23:15:03,940 [ERROR] LogOutputStream:75 - [STDERR_REDIRECT] 
2025-01-26 23:15:04,936 [ERROR] LogOutputStream:75 - [STDERR_REDIRECT] [Fatal Error] :1:1: Premature end of file.
2025-01-26 23:15:04,936 [ERROR] LogOutputStream:75 - [STDERR_REDIRECT] 
2025-01-26 23:15:05,929 [ERROR] LogOutputStream:75 - [STDERR_REDIRECT] [Fatal Error] :1:1: Premature end of file.
2025-01-26 23:15:05,929 [ERROR] LogOutputStream:75 - [STDERR_REDIRECT] 
2025-01-26 23:15:06,934 [ERROR] LogOutputStream:75 - [STDERR_REDIRECT] [Fatal Error] :1:1: Premature end of file.
2025-01-26 23:15:06,934 [ERROR] LogOutputStream:75 - [STDERR_REDIRECT] 
2025-01-26 23:15:07,939 [ERROR] LogOutputStream:75 - [STDERR_REDIRECT] [Fatal Error] :1:1: Premature end of file.
2025-01-26 23:15:07,939 [ERROR] LogOutputStream:75 - [STDERR_REDIRECT] 
2025-01-26 23:15:08,932 [ERROR] LogOutputStream:75 - [STDERR_REDIRECT] [Fatal Error] :1:1: Premature end of file.
2025-01-26 23:15:08,932 [ERROR] LogOutputStream:75 - [STDERR_REDIRECT] 
2025-01-26 23:15:09,936 [ERROR] LogOutputStream:75 - [STDERR_REDIRECT] [Fatal Error] :1:1: Premature end of file.
2025-01-26 23:15:09,936 [ERROR] LogOutputStream:75 - [STDERR_REDIRECT] 
2025-01-26 23:15:10,928 [ERROR] LogOutputStream:75 - [STDERR_REDIRECT] [Fatal Error] :1:1: Premature end of file.
2025-01-26 23:15:10,928 [ERROR] LogOutputStream:75 - [STDERR_REDIRECT] 
2025-01-26 23:15:11,935 [ERROR] LogOutputStream:75 - [STDERR_REDIRECT] [Fatal Error] :1:1: Premature end of file.
2025-01-26 23:15:11,937 [ERROR] LogOutputStream:75 - [STDERR_REDIRECT] 
2025-01-26 23:15:12,936 [ERROR] LogOutputStream:75 - [STDERR_REDIRECT] [Fatal Error] :1:1: Premature end of file.
2025-01-26 23:15:12,936 [ERROR] LogOutputStream:75 - [STDERR_REDIRECT] 
2025-01-26 23:15:13,927 [ERROR] LogOutputStream:75 - [STDERR_REDIRECT] [Fatal Error] :1:1: Premature end of file.
2025-01-26 23:15:13,927 [ERROR] LogOutputStream:75 - [STDERR_REDIRECT] 
2025-01-26 23:15:14,917 [ERROR] LogOutputStream:75 - [STDERR_REDIRECT] [Fatal Error] :1:1: Premature end of file.
2025-01-26 23:15:14,917 [ERROR] LogOutputStream:75 - [STDERR_REDIRECT] 
2025-01-26 23:15:15,938 [ERROR] LogOutputStream:75 - [STDERR_REDIRECT] [Fatal Error] :1:1: Premature end of file.
2025-01-26 23:15:15,938 [ERROR] LogOutputStream:75 - [STDERR_REDIRECT] 
2025-01-26 23:15:16,946 [ERROR] LogOutputStream:75 - [STDERR_REDIRECT] [Fatal Error] :1:1: Premature end of file.
2025-01-26 23:15:16,946 [ERROR] LogOutputStream:75 - [STDERR_REDIRECT] 
2025-01-26 23:15:17,945 [ERROR] LogOutputStream:75 - [STDERR_REDIRECT] [Fatal Error] :1:1: Premature end of file.
2025-01-26 23:15:17,945 [ERROR] LogOutputStream:75 - [STDERR_REDIRECT] 
2025-01-26 23:15:18,925 [ERROR] LogOutputStream:75 - [STDERR_REDIRECT] [Fatal Error] :1:1: Premature end of file.
2025-01-26 23:15:18,925 [ERROR] LogOutputStream:75 - [STDERR_REDIRECT] 
2025-01-26 23:15:19,939 [ERROR] LogOutputStream:75 - [STDERR_REDIRECT] [Fatal Error] :1:1: Premature end of file.
2025-01-26 23:15:19,939 [ERROR] LogOutputStream:75 - [STDERR_REDIRECT] 
2025-01-26 23:15:20,931 [ERROR] LogOutputStream:75 - [STDERR_REDIRECT] [Fatal Error] :1:1: Premature end of file.
2025-01-26 23:15:20,931 [ERROR] LogOutputStream:75 - [STDERR_REDIRECT] 
2025-01-26 23:15:21,938 [ERROR] LogOutputStream:75 - [STDERR_REDIRECT] [Fatal Error] :1:1: Premature end of file.
2025-01-26 23:15:21,938 [ERROR] LogOutputStream:75 - [STDERR_REDIRECT] 
2025-01-26 23:15:22,945 [ERROR] LogOutputStream:75 - [STDERR_REDIRECT] [Fatal Error] :1:1: Premature end of file.
2025-01-26 23:15:22,945 [ERROR] LogOutputStream:75 - [STDERR_REDIRECT] 
2025-01-26 23:15:23,934 [ERROR] LogOutputStream:75 - [STDERR_REDIRECT] [Fatal Error] :1:1: Premature end of file.
2025-01-26 23:15:23,934 [ERROR] LogOutputStream:75 - [STDERR_REDIRECT] 
2025-01-26 23:15:24,940 [ERROR] LogOutputStream:75 - [STDERR_REDIRECT] [Fatal Error] :1:1: Premature end of file.
2025-01-26 23:15:24,940 [ERROR] LogOutputStream:75 - [STDERR_REDIRECT] 
2025-01-26 23:15:25,926 [ERROR] LogOutputStream:75 - [STDERR_REDIRECT] [Fatal Error] :1:1: Premature end of file.
2025-01-26 23:15:25,926 [ERROR] LogOutputStream:75 - [STDERR_REDIRECT] 
2025-01-26 23:15:26,916 [ERROR] LogOutputStream:75 - [STDERR_REDIRECT] [Fatal Error] :1:1: Premature end of file.
2025-01-26 23:15:26,916 [ERROR] LogOutputStream:75 - [STDERR_REDIRECT] 
2025-01-26 23:15:27,932 [ERROR] LogOutputStream:75 - [STDERR_REDIRECT] [Fatal Error] :1:1: Premature end of file.
2025-01-26 23:15:27,932 [ERROR] LogOutputStream:75 - [STDERR_REDIRECT] 
2025-01-26 23:15:28,936 [ERROR] LogOutputStream:75 - [STDERR_REDIRECT] [Fatal Error] :1:1: Premature end of file.
2025-01-26 23:15:28,936 [ERROR] LogOutputStream:75 - [STDERR_REDIRECT] 
2025-01-26 23:15:29,939 [ERROR] LogOutputStream:75 - [STDERR_REDIRECT] [Fatal Error] :1:1: Premature end of file.
2025-01-26 23:15:29,939 [ERROR] LogOutputStream:75 - [STDERR_REDIRECT] 
2025-01-26 23:15:30,937 [ERROR] LogOutputStream:75 - [STDERR_REDIRECT] [Fatal Error] :1:1: Premature end of file.
2025-01-26 23:15:30,937 [ERROR] LogOutputStream:75 - [STDERR_REDIRECT] 
2025-01-26 23:15:31,952 [ERROR] LogOutputStream:75 - [STDERR_REDIRECT] [Fatal Error] :1:1: Premature end of file.
2025-01-26 23:15:31,952 [ERROR] LogOutputStream:75 - [STDERR_REDIRECT] 
2025-01-26 23:15:32,943 [ERROR] LogOutputStream:75 - [STDERR_REDIRECT] [Fatal Error] :1:1: Premature end of file.
2025-01-26 23:15:32,943 [ERROR] LogOutputStream:75 - [STDERR_REDIRECT] 
2025-01-26 23:15:33,922 [ERROR] LogOutputStream:75 - [STDERR_REDIRECT] [Fatal Error] :1:1: Premature end of file.
2025-01-26 23:15:33,922 [ERROR] LogOutputStream:75 - [STDERR_REDIRECT] 
2025-01-26 23:15:34,926 [ERROR] LogOutputStream:75 - [STDERR_REDIRECT] [Fatal Error] :1:1: Premature end of file.
2025-01-26 23:15:34,926 [ERROR] LogOutputStream:75 - [STDERR_REDIRECT] 
2025-01-26 23:15:35,909 [ERROR] LogOutputStream:75 - [STDERR_REDIRECT] [Fatal Error] :1:1: Premature end of file.
2025-01-26 23:15:35,909 [ERROR] LogOutputStream:75 - [STDERR_REDIRECT] 
2025-01-26 23:15:36,941 [ERROR] LogOutputStream:75 - [STDERR_REDIRECT] [Fatal Error] :1:1: Premature end of file.
2025-01-26 23:15:36,941 [ERROR] LogOutputStream:75 - [STDERR_REDIRECT] 
2025-01-26 23:15:37,936 [ERROR] LogOutputStream:75 - [STDERR_REDIRECT] [Fatal Error] :1:1: Premature end of file.
2025-01-26 23:15:37,936 [ERROR] LogOutputStream:75 - [STDERR_REDIRECT] 
2025-01-26 23:15:38,936 [ERROR] LogOutputStream:75 - [STDERR_REDIRECT] [Fatal Error] :1:1: Premature end of file.
2025-01-26 23:15:38,936 [ERROR] LogOutputStream:75 - [STDERR_REDIRECT] 
2025-01-26 23:15:39,924 [ERROR] LogOutputStream:75 - [STDERR_REDIRECT] [Fatal Error] :1:1: Premature end of file.
2025-01-26 23:15:39,924 [ERROR] LogOutputStream:75 - [STDERR_REDIRECT] 
2025-01-26 23:15:40,936 [ERROR] LogOutputStream:75 - [STDERR_REDIRECT] [Fatal Error] :1:1: Premature end of file.
2025-01-26 23:15:40,936 [ERROR] LogOutputStream:75 - [STDERR_REDIRECT] 
2025-01-26 23:15:41,916 [ERROR] LogOutputStream:75 - [STDERR_REDIRECT] [Fatal Error] :1:1: Premature end of file.
2025-01-26 23:15:41,916 [ERROR] LogOutputStream:75 - [STDERR_REDIRECT] 
2025-01-26 23:15:42,929 [ERROR] LogOutputStream:75 - [STDERR_REDIRECT] [Fatal Error] :1:1: Premature end of file.
2025-01-26 23:15:42,929 [ERROR] LogOutputStream:75 - [STDERR_REDIRECT] 
2025-01-26 23:15:43,934 [ERROR] LogOutputStream:75 - [STDERR_REDIRECT] [Fatal Error] :1:1: Premature end of file.
2025-01-26 23:15:43,934 [ERROR] LogOutputStream:75 - [STDERR_REDIRECT] 
2025-01-26 23:15:44,927 [ERROR] LogOutputStream:75 - [STDERR_REDIRECT] [Fatal Error] :1:1: Premature end of file.
2025-01-26 23:15:44,927 [ERROR] LogOutputStream:75 - [STDERR_REDIRECT] 
2025-01-26 23:15:45,920 [ERROR] LogOutputStream:75 - [STDERR_REDIRECT] [Fatal Error] :1:1: Premature end of file.
2025-01-26 23:15:45,920 [ERROR] LogOutputStream:75 - [STDERR_REDIRECT] 
2025-01-26 23:15:46,930 [ERROR] LogOutputStream:75 - [STDERR_REDIRECT] [Fatal Error] :1:1: Premature end of file.
2025-01-26 23:15:46,930 [ERROR] LogOutputStream:75 - [STDERR_REDIRECT] 
2025-01-26 23:15:47,932 [ERROR] LogOutputStream:75 - [STDERR_REDIRECT] [Fatal Error] :1:1: Premature end of file.
2025-01-26 23:15:47,932 [ERROR] LogOutputStream:75 - [STDERR_REDIRECT] 
2025-01-26 23:15:48,934 [ERROR] LogOutputStream:75 - [STDERR_REDIRECT] [Fatal Error] :1:1: Premature end of file.
2025-01-26 23:15:48,934 [ERROR] LogOutputStream:75 - [STDERR_REDIRECT] 
2025-01-26 23:15:49,931 [ERROR] LogOutputStream:75 - [STDERR_REDIRECT] [Fatal Error] :1:1: Premature end of file.
2025-01-26 23:15:49,931 [ERROR] LogOutputStream:75 - [STDERR_REDIRECT] 
2025-01-26 23:15:50,929 [ERROR] LogOutputStream:75 - [STDERR_REDIRECT] [Fatal Error] :1:1: Premature end of file.
2025-01-26 23:15:50,930 [ERROR] LogOutputStream:75 - [STDERR_REDIRECT] 
2025-01-26 23:15:51,926 [ERROR] LogOutputStream:75 - [STDERR_REDIRECT] [Fatal Error] :1:1: Premature end of file.
2025-01-26 23:15:51,926 [ERROR] LogOutputStream:75 - [STDERR_REDIRECT] 
2025-01-26 23:15:52,931 [ERROR] LogOutputStream:75 - [STDERR_REDIRECT] [Fatal Error] :1:1: Premature end of file.
2025-01-26 23:15:52,931 [ERROR] LogOutputStream:75 - [STDERR_REDIRECT] 
2025-01-26 23:15:53,930 [ERROR] LogOutputStream:75 - [STDERR_REDIRECT] [Fatal Error] :1:1: Premature end of file.
2025-01-26 23:15:53,930 [ERROR] LogOutputStream:75 - [STDERR_REDIRECT] 
2025-01-26 23:15:54,931 [ERROR] LogOutputStream:75 - [STDERR_REDIRECT] [Fatal Error] :1:1: Premature end of file.
2025-01-26 23:15:54,931 [ERROR] LogOutputStream:75 - [STDERR_REDIRECT] 
2025-01-26 23:15:55,948 [ERROR] LogOutputStream:75 - [STDERR_REDIRECT] [Fatal Error] :1:1: Premature end of file.
2025-01-26 23:15:55,948 [ERROR] LogOutputStream:75 - [STDERR_REDIRECT] 
2025-01-26 23:15:56,930 [ERROR] LogOutputStream:75 - [STDERR_REDIRECT] [Fatal Error] :1:1: Premature end of file.
2025-01-26 23:15:56,930 [ERROR] LogOutputStream:75 - [STDERR_REDIRECT] 
2025-01-26 23:15:57,933 [ERROR] LogOutputStream:75 - [STDERR_REDIRECT] [Fatal Error] :1:1: Premature end of file.
2025-01-26 23:15:57,933 [ERROR] LogOutputStream:75 - [STDERR_REDIRECT] 
2025-01-26 23:15:58,915 [ERROR] LogOutputStream:75 - [STDERR_REDIRECT] [Fatal Error] :1:1: Premature end of file.
2025-01-26 23:15:58,915 [ERROR] LogOutputStream:75 - [STDERR_REDIRECT] 
2025-01-26 23:15:59,934 [ERROR] LogOutputStream:75 - [STDERR_REDIRECT] [Fatal Error] :1:1: Premature end of file.
2025-01-26 23:15:59,934 [ERROR] LogOutputStream:75 - [STDERR_REDIRECT] 
2025-01-26 23:16:00,935 [ERROR] LogOutputStream:75 - [STDERR_REDIRECT] [Fatal Error] :1:1: Premature end of file.
2025-01-26 23:16:00,935 [ERROR] LogOutputStream:75 - [STDERR_REDIRECT] 
2025-01-26 23:16:01,951 [ERROR] LogOutputStream:75 - [STDERR_REDIRECT] [Fatal Error] :1:1: Premature end of file.
2025-01-26 23:16:01,951 [ERROR] LogOutputStream:75 - [STDERR_REDIRECT] 
2025-01-26 23:16:02,938 [ERROR] LogOutputStream:75 - [STDERR_REDIRECT] [Fatal Error] :1:1: Premature end of file.
2025-01-26 23:16:02,938 [ERROR] LogOutputStream:75 - [STDERR_REDIRECT] 
2025-01-26 23:16:03,934 [ERROR] LogOutputStream:75 - [STDERR_REDIRECT] [Fatal Error] :1:1: Premature end of file.
2025-01-26 23:16:03,934 [ERROR] LogOutputStream:75 - [STDERR_REDIRECT] 
2025-01-26 23:16:04,939 [ERROR] LogOutputStream:75 - [STDERR_REDIRECT] [Fatal Error] :1:1: Premature end of file.
2025-01-26 23:16:04,939 [ERROR] LogOutputStream:75 - [STDERR_REDIRECT] 
2025-01-26 23:16:05,933 [ERROR] LogOutputStream:75 - [STDERR_REDIRECT] [Fatal Error] :1:1: Premature end of file.
2025-01-26 23:16:05,933 [ERROR] LogOutputStream:75 - [STDERR_REDIRECT] 
2025-01-26 23:16:06,924 [ERROR] LogOutputStream:75 - [STDERR_REDIRECT] [Fatal Error] :1:1: Premature end of file.
2025-01-26 23:16:06,924 [ERROR] LogOutputStream:75 - [STDERR_REDIRECT] 
2025-01-26 23:16:07,945 [ERROR] LogOutputStream:75 - [STDERR_REDIRECT] [Fatal Error] :1:1: Premature end of file.
2025-01-26 23:16:07,945 [ERROR] LogOutputStream:75 - [STDERR_REDIRECT] 
2025-01-26 23:16:08,935 [ERROR] LogOutputStream:75 - [STDERR_REDIRECT] [Fatal Error] :1:1: Premature end of file.
2025-01-26 23:16:08,935 [ERROR] LogOutputStream:75 - [STDERR_REDIRECT] 
2025-01-26 23:16:09,941 [ERROR] LogOutputStream:75 - [STDERR_REDIRECT] [Fatal Error] :1:1: Premature end of file.
2025-01-26 23:16:09,941 [ERROR] LogOutputStream:75 - [STDERR_REDIRECT] 
2025-01-26 23:16:10,939 [ERROR] LogOutputStream:75 - [STDERR_REDIRECT] [Fatal Error] :1:1: Premature end of file.
2025-01-26 23:16:10,939 [ERROR] LogOutputStream:75 - [STDERR_REDIRECT] 
2025-01-26 23:16:11,935 [ERROR] LogOutputStream:75 - [STDERR_REDIRECT] [Fatal Error] :1:1: Premature end of file.
2025-01-26 23:16:11,936 [ERROR] LogOutputStream:75 - [STDERR_REDIRECT] 
2025-01-26 23:16:12,937 [ERROR] LogOutputStream:75 - [STDERR_REDIRECT] [Fatal Error] :1:1: Premature end of file.
2025-01-26 23:16:12,937 [ERROR] LogOutputStream:75 - [STDERR_REDIRECT] 
2025-01-26 23:16:13,939 [ERROR] LogOutputStream:75 - [STDERR_REDIRECT] [Fatal Error] :1:1: Premature end of file.
2025-01-26 23:16:13,939 [ERROR] LogOutputStream:75 - [STDERR_REDIRECT] 
2025-01-26 23:16:14,924 [ERROR] LogOutputStream:75 - [STDERR_REDIRECT] [Fatal Error] :1:1: Premature end of file.
2025-01-26 23:16:14,926 [ERROR] LogOutputStream:75 - [STDERR_REDIRECT] 
2025-01-26 23:16:15,949 [ERROR] LogOutputStream:75 - [STDERR_REDIRECT] [Fatal Error] :1:1: Premature end of file.
2025-01-26 23:16:15,949 [ERROR] LogOutputStream:75 - [STDERR_REDIRECT] 
2025-01-26 23:16:16,939 [ERROR] LogOutputStream:75 - [STDERR_REDIRECT] [Fatal Error] :1:1: Premature end of file.
2025-01-26 23:16:16,939 [ERROR] LogOutputStream:75 - [STDERR_REDIRECT] 
2025-01-26 23:16:17,929 [ERROR] LogOutputStream:75 - [STDERR_REDIRECT] [Fatal Error] :1:1: Premature end of file.
2025-01-26 23:16:17,929 [ERROR] LogOutputStream:75 - [STDERR_REDIRECT] 
2025-01-26 23:16:18,941 [ERROR] LogOutputStream:75 - [STDERR_REDIRECT] [Fatal Error] :1:1: Premature end of file.
2025-01-26 23:16:18,941 [ERROR] LogOutputStream:75 - [STDERR_REDIRECT] 
2025-01-26 23:16:19,935 [ERROR] LogOutputStream:75 - [STDERR_REDIRECT] [Fatal Error] :1:1: Premature end of file.
2025-01-26 23:16:19,935 [ERROR] LogOutputStream:75 - [STDERR_REDIRECT] 
2025-01-26 23:16:20,926 [ERROR] LogOutputStream:75 - [STDERR_REDIRECT] [Fatal Error] :1:1: Premature end of file.
2025-01-26 23:16:20,926 [ERROR] LogOutputStream:75 - [STDERR_REDIRECT] 
2025-01-26 23:16:21,928 [ERROR] LogOutputStream:75 - [STDERR_REDIRECT] [Fatal Error] :1:1: Premature end of file.
2025-01-26 23:16:21,928 [ERROR] LogOutputStream:75 - [STDERR_REDIRECT] 
2025-01-26 23:16:22,934 [ERROR] LogOutputStream:75 - [STDERR_REDIRECT] [Fatal Error] :1:1: Premature end of file.
2025-01-26 23:16:22,934 [ERROR] LogOutputStream:75 - [STDERR_REDIRECT] 
2025-01-26 23:16:23,935 [ERROR] LogOutputStream:75 - [STDERR_REDIRECT] [Fatal Error] :1:1: Premature end of file.
2025-01-26 23:16:23,936 [ERROR] LogOutputStream:75 - [STDERR_REDIRECT] 
2025-01-26 23:16:24,934 [ERROR] LogOutputStream:75 - [STDERR_REDIRECT] [Fatal Error] :1:1: Premature end of file.
2025-01-26 23:16:24,934 [ERROR] LogOutputStream:75 - [STDERR_REDIRECT] 
2025-01-26 23:16:25,938 [ERROR] LogOutputStream:75 - [STDERR_REDIRECT] [Fatal Error] :1:1: Premature end of file.
2025-01-26 23:16:25,938 [ERROR] LogOutputStream:75 - [STDERR_REDIRECT] 
2025-01-26 23:16:26,918 [ERROR] LogOutputStream:75 - [STDERR_REDIRECT] [Fatal Error] :1:1: Premature end of file.
2025-01-26 23:16:26,918 [ERROR] LogOutputStream:75 - [STDERR_REDIRECT] 
2025-01-26 23:16:27,920 [ERROR] LogOutputStream:75 - [STDERR_REDIRECT] [Fatal Error] :1:1: Premature end of file.
2025-01-26 23:16:27,920 [ERROR] LogOutputStream:75 - [STDERR_REDIRECT] 
2025-01-26 23:16:28,925 [ERROR] LogOutputStream:75 - [STDERR_REDIRECT] [Fatal Error] :1:1: Premature end of file.
2025-01-26 23:16:28,925 [ERROR] LogOutputStream:75 - [STDERR_REDIRECT] 
2025-01-26 23:16:29,947 [ERROR] LogOutputStream:75 - [STDERR_REDIRECT] [Fatal Error] :1:1: Premature end of file.
2025-01-26 23:16:29,947 [ERROR] LogOutputStream:75 - [STDERR_REDIRECT] 
2025-01-26 23:16:30,936 [ERROR] LogOutputStream:75 - [STDERR_REDIRECT] [Fatal Error] :1:1: Premature end of file.
2025-01-26 23:16:30,936 [ERROR] LogOutputStream:75 - [STDERR_REDIRECT] 
2025-01-26 23:16:31,933 [ERROR] LogOutputStream:75 - [STDERR_REDIRECT] [Fatal Error] :1:1: Premature end of file.
2025-01-26 23:16:31,933 [ERROR] LogOutputStream:75 - [STDERR_REDIRECT] 
2025-01-26 23:16:32,934 [ERROR] LogOutputStream:75 - [STDERR_REDIRECT] [Fatal Error] :1:1: Premature end of file.
2025-01-26 23:16:32,934 [ERROR] LogOutputStream:75 - [STDERR_REDIRECT] 
2025-01-26 23:16:33,926 [ERROR] LogOutputStream:75 - [STDERR_REDIRECT] [Fatal Error] :1:1: Premature end of file.
2025-01-26 23:16:33,926 [ERROR] LogOutputStream:75 - [STDERR_REDIRECT] 
2025-01-26 23:16:34,936 [ERROR] LogOutputStream:75 - [STDERR_REDIRECT] [Fatal Error] :1:1: Premature end of file.
2025-01-26 23:16:34,936 [ERROR] LogOutputStream:75 - [STDERR_REDIRECT] 
2025-01-26 23:16:35,918 [ERROR] LogOutputStream:75 - [STDERR_REDIRECT] [Fatal Error] :1:1: Premature end of file.
2025-01-26 23:16:35,918 [ERROR] LogOutputStream:75 - [STDERR_REDIRECT] 
2025-01-26 23:16:36,931 [ERROR] LogOutputStream:75 - [STDERR_REDIRECT] [Fatal Error] :1:1: Premature end of file.
2025-01-26 23:16:36,931 [ERROR] LogOutputStream:75 - [STDERR_REDIRECT] 
2025-01-26 23:16:37,935 [ERROR] LogOutputStream:75 - [STDERR_REDIRECT] [Fatal Error] :1:1: Premature end of file.
2025-01-26 23:16:37,935 [ERROR] LogOutputStream:75 - [STDERR_REDIRECT] 
2025-01-26 23:16:38,941 [ERROR] LogOutputStream:75 - [STDERR_REDIRECT] [Fatal Error] :1:1: Premature end of file.
2025-01-26 23:16:38,941 [ERROR] LogOutputStream:75 - [STDERR_REDIRECT] 
2025-01-26 23:16:39,931 [ERROR] LogOutputStream:75 - [STDERR_REDIRECT] [Fatal Error] :1:1: Premature end of file.
2025-01-26 23:16:39,931 [ERROR] LogOutputStream:75 - [STDERR_REDIRECT] 
2025-01-26 23:16:40,941 [ERROR] LogOutputStream:75 - [STDERR_REDIRECT] [Fatal Error] :1:1: Premature end of file.
2025-01-26 23:16:40,941 [ERROR] LogOutputStream:75 - [STDERR_REDIRECT] 
2025-01-26 23:16:41,934 [ERROR] LogOutputStream:75 - [STDERR_REDIRECT] [Fatal Error] :1:1: Premature end of file.
2025-01-26 23:16:41,934 [ERROR] LogOutputStream:75 - [STDERR_REDIRECT] 
2025-01-26 23:16:42,933 [ERROR] LogOutputStream:75 - [STDERR_REDIRECT] [Fatal Error] :1:1: Premature end of file.
2025-01-26 23:16:42,933 [ERROR] LogOutputStream:75 - [STDERR_REDIRECT] 
2025-01-26 23:16:43,941 [ERROR] LogOutputStream:75 - [STDERR_REDIRECT] [Fatal Error] :1:1: Premature end of file.
2025-01-26 23:16:43,941 [ERROR] LogOutputStream:75 - [STDERR_REDIRECT] 
2025-01-26 23:16:44,936 [ERROR] LogOutputStream:75 - [STDERR_REDIRECT] [Fatal Error] :1:1: Premature end of file.
2025-01-26 23:16:44,937 [ERROR] LogOutputStream:75 - [STDERR_REDIRECT] 
2025-01-26 23:16:45,930 [ERROR] LogOutputStream:75 - [STDERR_REDIRECT] [Fatal Error] :1:1: Premature end of file.
2025-01-26 23:16:45,930 [ERROR] LogOutputStream:75 - [STDERR_REDIRECT] 
2025-01-26 23:16:46,934 [ERROR] LogOutputStream:75 - [STDERR_REDIRECT] [Fatal Error] :1:1: Premature end of file.
2025-01-26 23:16:46,934 [ERROR] LogOutputStream:75 - [STDERR_REDIRECT] 
2025-01-26 23:16:47,921 [ERROR] LogOutputStream:75 - [STDERR_REDIRECT] [Fatal Error] :1:1: Premature end of file.
2025-01-26 23:16:47,921 [ERROR] LogOutputStream:75 - [STDERR_REDIRECT] 
2025-01-26 23:16:48,933 [ERROR] LogOutputStream:75 - [STDERR_REDIRECT] [Fatal Error] :1:1: Premature end of file.
2025-01-26 23:16:48,934 [ERROR] LogOutputStream:75 - [STDERR_REDIRECT] 
2025-01-26 23:16:49,943 [ERROR] LogOutputStream:75 - [STDERR_REDIRECT] [Fatal Error] :1:1: Premature end of file.
2025-01-26 23:16:49,943 [ERROR] LogOutputStream:75 - [STDERR_REDIRECT] 
2025-01-26 23:16:50,933 [ERROR] LogOutputStream:75 - [STDERR_REDIRECT] [Fatal Error] :1:1: Premature end of file.
2025-01-26 23:16:50,933 [ERROR] LogOutputStream:75 - [STDERR_REDIRECT] 
2025-01-26 23:16:51,936 [ERROR] LogOutputStream:75 - [STDERR_REDIRECT] [Fatal Error] :1:1: Premature end of file.
2025-01-26 23:16:51,936 [ERROR] LogOutputStream:75 - [STDERR_REDIRECT] 
2025-01-26 23:16:52,935 [ERROR] LogOutputStream:75 - [STDERR_REDIRECT] [Fatal Error] :1:1: Premature end of file.
2025-01-26 23:16:52,935 [ERROR] LogOutputStream:75 - [STDERR_REDIRECT] 
2025-01-26 23:16:53,940 [ERROR] LogOutputStream:75 - [STDERR_REDIRECT] [Fatal Error] :1:1: Premature end of file.
2025-01-26 23:16:53,940 [ERROR] LogOutputStream:75 - [STDERR_REDIRECT] 
2025-01-26 23:16:54,930 [ERROR] LogOutputStream:75 - [STDERR_REDIRECT] [Fatal Error] :1:1: Premature end of file.
2025-01-26 23:16:54,930 [ERROR] LogOutputStream:75 - [STDERR_REDIRECT] 
2025-01-26 23:16:55,928 [ERROR] LogOutputStream:75 - [STDERR_REDIRECT] [Fatal Error] :1:1: Premature end of file.
2025-01-26 23:16:55,928 [ERROR] LogOutputStream:75 - [STDERR_REDIRECT] 
2025-01-26 23:16:56,931 [ERROR] LogOutputStream:75 - [STDERR_REDIRECT] [Fatal Error] :1:1: Premature end of file.
2025-01-26 23:16:56,931 [ERROR] LogOutputStream:75 - [STDERR_REDIRECT] 
2025-01-26 23:16:57,938 [ERROR] LogOutputStream:75 - [STDERR_REDIRECT] [Fatal Error] :1:1: Premature end of file.
2025-01-26 23:16:57,938 [ERROR] LogOutputStream:75 - [STDERR_REDIRECT] 
2025-01-26 23:16:58,931 [ERROR] LogOutputStream:75 - [STDERR_REDIRECT] [Fatal Error] :1:1: Premature end of file.
2025-01-26 23:16:58,931 [ERROR] LogOutputStream:75 - [STDERR_REDIRECT] 
2025-01-26 23:16:59,929 [ERROR] LogOutputStream:75 - [STDERR_REDIRECT] [Fatal Error] :1:1: Premature end of file.
2025-01-26 23:16:59,929 [ERROR] LogOutputStream:75 - [STDERR_REDIRECT] 
2025-01-26 23:17:00,940 [ERROR] LogOutputStream:75 - [STDERR_REDIRECT] [Fatal Error] :1:1: Premature end of file.
2025-01-26 23:17:00,940 [ERROR] LogOutputStream:75 - [STDERR_REDIRECT] 
2025-01-26 23:17:01,933 [ERROR] LogOutputStream:75 - [STDERR_REDIRECT] [Fatal Error] :1:1: Premature end of file.
2025-01-26 23:17:01,933 [ERROR] LogOutputStream:75 - [STDERR_REDIRECT] 
2025-01-26 23:17:02,932 [ERROR] LogOutputStream:75 - [STDERR_REDIRECT] [Fatal Error] :1:1: Premature end of file.
2025-01-26 23:17:02,932 [ERROR] LogOutputStream:75 - [STDERR_REDIRECT] 
2025-01-26 23:17:03,919 [ERROR] LogOutputStream:75 - [STDERR_REDIRECT] [Fatal Error] :1:1: Premature end of file.
2025-01-26 23:17:03,919 [ERROR] LogOutputStream:75 - [STDERR_REDIRECT] 
2025-01-26 23:17:04,933 [ERROR] LogOutputStream:75 - [STDERR_REDIRECT] [Fatal Error] :1:1: Premature end of file.
2025-01-26 23:17:04,933 [ERROR] LogOutputStream:75 - [STDERR_REDIRECT] 
2025-01-26 23:17:05,916 [ERROR] LogOutputStream:75 - [STDERR_REDIRECT] [Fatal Error] :1:1: Premature end of file.
2025-01-26 23:17:05,916 [ERROR] LogOutputStream:75 - [STDERR_REDIRECT] 
2025-01-26 23:17:06,939 [ERROR] LogOutputStream:75 - [STDERR_REDIRECT] [Fatal Error] :1:1: Premature end of file.
2025-01-26 23:17:06,939 [ERROR] LogOutputStream:75 - [STDERR_REDIRECT] 
2025-01-26 23:17:07,931 [ERROR] LogOutputStream:75 - [STDERR_REDIRECT] [Fatal Error] :1:1: Premature end of file.
2025-01-26 23:17:07,931 [ERROR] LogOutputStream:75 - [STDERR_REDIRECT] 
2025-01-26 23:17:08,936 [ERROR] LogOutputStream:75 - [STDERR_REDIRECT] [Fatal Error] :1:1: Premature end of file.
2025-01-26 23:17:08,936 [ERROR] LogOutputStream:75 - [STDERR_REDIRECT] 
2025-01-26 23:17:09,928 [ERROR] LogOutputStream:75 - [STDERR_REDIRECT] [Fatal Error] :1:1: Premature end of file.
2025-01-26 23:17:09,928 [ERROR] LogOutputStream:75 - [STDERR_REDIRECT] 
2025-01-26 23:17:10,922 [ERROR] LogOutputStream:75 - [STDERR_REDIRECT] [Fatal Error] :1:1: Premature end of file.
2025-01-26 23:17:10,922 [ERROR] LogOutputStream:75 - [STDERR_REDIRECT] 
2025-01-26 23:17:11,934 [ERROR] LogOutputStream:75 - [STDERR_REDIRECT] [Fatal Error] :1:1: Premature end of file.
2025-01-26 23:17:11,934 [ERROR] LogOutputStream:75 - [STDERR_REDIRECT] 
2025-01-26 23:17:12,948 [ERROR] LogOutputStream:75 - [STDERR_REDIRECT] [Fatal Error] :1:1: Premature end of file.
2025-01-26 23:17:12,948 [ERROR] LogOutputStream:75 - [STDERR_REDIRECT] 
2025-01-26 23:17:13,927 [ERROR] LogOutputStream:75 - [STDERR_REDIRECT] [Fatal Error] :1:1: Premature end of file.
2025-01-26 23:17:13,929 [ERROR] LogOutputStream:75 - [STDERR_REDIRECT] 
2025-01-26 23:17:14,930 [ERROR] LogOutputStream:75 - [STDERR_REDIRECT] [Fatal Error] :1:1: Premature end of file.
2025-01-26 23:17:14,930 [ERROR] LogOutputStream:75 - [STDERR_REDIRECT] 
2025-01-26 23:17:15,926 [ERROR] LogOutputStream:75 - [STDERR_REDIRECT] [Fatal Error] :1:1: Premature end of file.
2025-01-26 23:17:15,926 [ERROR] LogOutputStream:75 - [STDERR_REDIRECT] 
2025-01-26 23:17:16,931 [ERROR] LogOutputStream:75 - [STDERR_REDIRECT] [Fatal Error] :1:1: Premature end of file.
2025-01-26 23:17:16,931 [ERROR] LogOutputStream:75 - [STDERR_REDIRECT] 
2025-01-26 23:17:17,939 [ERROR] LogOutputStream:75 - [STDERR_REDIRECT] [Fatal Error] :1:1: Premature end of file.
2025-01-26 23:17:17,939 [ERROR] LogOutputStream:75 - [STDERR_REDIRECT] 
2025-01-26 23:17:18,936 [ERROR] LogOutputStream:75 - [STDERR_REDIRECT] [Fatal Error] :1:1: Premature end of file.
2025-01-26 23:17:18,936 [ERROR] LogOutputStream:75 - [STDERR_REDIRECT] 
2025-01-26 23:17:19,961 [ERROR] LogOutputStream:75 - [STDERR_REDIRECT] [Fatal Error] :1:1: Premature end of file.
2025-01-26 23:17:19,961 [ERROR] LogOutputStream:75 - [STDERR_REDIRECT] 
2025-01-26 23:17:20,933 [ERROR] LogOutputStream:75 - [STDERR_REDIRECT] [Fatal Error] :1:1: Premature end of file.
2025-01-26 23:17:20,933 [ERROR] LogOutputStream:75 - [STDERR_REDIRECT] 
2025-01-26 23:17:21,934 [ERROR] LogOutputStream:75 - [STDERR_REDIRECT] [Fatal Error] :1:1: Premature end of file.
2025-01-26 23:17:21,934 [ERROR] LogOutputStream:75 - [STDERR_REDIRECT] 
2025-01-26 23:17:22,939 [ERROR] LogOutputStream:75 - [STDERR_REDIRECT] [Fatal Error] :1:1: Premature end of file.
2025-01-26 23:17:22,939 [ERROR] LogOutputStream:75 - [STDERR_REDIRECT] 
2025-01-26 23:17:23,932 [ERROR] LogOutputStream:75 - [STDERR_REDIRECT] [Fatal Error] :1:1: Premature end of file.
2025-01-26 23:17:23,932 [ERROR] LogOutputStream:75 - [STDERR_REDIRECT] 
2025-01-26 23:17:24,936 [ERROR] LogOutputStream:75 - [STDERR_REDIRECT] [Fatal Error] :1:1: Premature end of file.
2025-01-26 23:17:24,936 [ERROR] LogOutputStream:75 - [STDERR_REDIRECT] 
2025-01-26 23:17:25,932 [ERROR] LogOutputStream:75 - [STDERR_REDIRECT] [Fatal Error] :1:1: Premature end of file.
2025-01-26 23:17:25,932 [ERROR] LogOutputStream:75 - [STDERR_REDIRECT] 
2025-01-26 23:17:26,934 [ERROR] LogOutputStream:75 - [STDERR_REDIRECT] [Fatal Error] :1:1: Premature end of file.
2025-01-26 23:17:26,934 [ERROR] LogOutputStream:75 - [STDERR_REDIRECT] 
2025-01-26 23:17:27,931 [ERROR] LogOutputStream:75 - [STDERR_REDIRECT] [Fatal Error] :1:1: Premature end of file.
2025-01-26 23:17:27,931 [ERROR] LogOutputStream:75 - [STDERR_REDIRECT] 
2025-01-26 23:17:28,950 [ERROR] LogOutputStream:75 - [STDERR_REDIRECT] [Fatal Error] :1:1: Premature end of file.
2025-01-26 23:17:28,950 [ERROR] LogOutputStream:75 - [STDERR_REDIRECT] 
2025-01-26 23:17:29,936 [ERROR] LogOutputStream:75 - [STDERR_REDIRECT] [Fatal Error] :1:1: Premature end of file.
2025-01-26 23:17:29,936 [ERROR] LogOutputStream:75 - [STDERR_REDIRECT] 
2025-01-26 23:17:30,934 [ERROR] LogOutputStream:75 - [STDERR_REDIRECT] [Fatal Error] :1:1: Premature end of file.
2025-01-26 23:17:30,934 [ERROR] LogOutputStream:75 - [STDERR_REDIRECT] 
2025-01-26 23:17:31,937 [ERROR] LogOutputStream:75 - [STDERR_REDIRECT] [Fatal Error] :1:1: Premature end of file.
2025-01-26 23:17:31,937 [ERROR] LogOutputStream:75 - [STDERR_REDIRECT] 
2025-01-26 23:17:32,934 [ERROR] LogOutputStream:75 - [STDERR_REDIRECT] [Fatal Error] :1:1: Premature end of file.
2025-01-26 23:17:32,936 [ERROR] LogOutputStream:75 - [STDERR_REDIRECT] 
2025-01-26 23:17:33,935 [ERROR] LogOutputStream:75 - [STDERR_REDIRECT] [Fatal Error] :1:1: Premature end of file.
2025-01-26 23:17:33,935 [ERROR] LogOutputStream:75 - [STDERR_REDIRECT] 
2025-01-26 23:17:34,934 [ERROR] LogOutputStream:75 - [STDERR_REDIRECT] [Fatal Error] :1:1: Premature end of file.
2025-01-26 23:17:34,934 [ERROR] LogOutputStream:75 - [STDERR_REDIRECT] 
2025-01-26 23:17:35,926 [ERROR] LogOutputStream:75 - [STDERR_REDIRECT] [Fatal Error] :1:1: Premature end of file.
2025-01-26 23:17:35,926 [ERROR] LogOutputStream:75 - [STDERR_REDIRECT] 
2025-01-26 23:17:36,940 [ERROR] LogOutputStream:75 - [STDERR_REDIRECT] [Fatal Error] :1:1: Premature end of file.
2025-01-26 23:17:36,940 [ERROR] LogOutputStream:75 - [STDERR_REDIRECT] 
2025-01-26 23:17:37,942 [ERROR] LogOutputStream:75 - [STDERR_REDIRECT] [Fatal Error] :1:1: Premature end of file.
2025-01-26 23:17:37,942 [ERROR] LogOutputStream:75 - [STDERR_REDIRECT] 
2025-01-26 23:17:38,922 [ERROR] LogOutputStream:75 - [STDERR_REDIRECT] [Fatal Error] :1:1: Premature end of file.
2025-01-26 23:17:38,922 [ERROR] LogOutputStream:75 - [STDERR_REDIRECT] 
2025-01-26 23:17:39,921 [ERROR] LogOutputStream:75 - [STDERR_REDIRECT] [Fatal Error] :1:1: Premature end of file.
2025-01-26 23:17:39,921 [ERROR] LogOutputStream:75 - [STDERR_REDIRECT] 
2025-01-26 23:17:40,944 [ERROR] LogOutputStream:75 - [STDERR_REDIRECT] [Fatal Error] :1:1: Premature end of file.
2025-01-26 23:17:40,944 [ERROR] LogOutputStream:75 - [STDERR_REDIRECT] 
2025-01-26 23:17:41,926 [ERROR] LogOutputStream:75 - [STDERR_REDIRECT] [Fatal Error] :1:1: Premature end of file.
2025-01-26 23:17:41,926 [ERROR] LogOutputStream:75 - [STDERR_REDIRECT] 
2025-01-26 23:17:42,933 [ERROR] LogOutputStream:75 - [STDERR_REDIRECT] [Fatal Error] :1:1: Premature end of file.
2025-01-26 23:17:42,933 [ERROR] LogOutputStream:75 - [STDERR_REDIRECT] 
2025-01-26 23:17:43,916 [ERROR] LogOutputStream:75 - [STDERR_REDIRECT] [Fatal Error] :1:1: Premature end of file.
2025-01-26 23:17:43,916 [ERROR] LogOutputStream:75 - [STDERR_REDIRECT] 
2025-01-26 23:17:44,926 [ERROR] LogOutputStream:75 - [STDERR_REDIRECT] [Fatal Error] :1:1: Premature end of file.
2025-01-26 23:17:44,926 [ERROR] LogOutputStream:75 - [STDERR_REDIRECT] 
2025-01-26 23:17:45,919 [ERROR] LogOutputStream:75 - [STDERR_REDIRECT] [Fatal Error] :1:1: Premature end of file.
2025-01-26 23:17:45,919 [ERROR] LogOutputStream:75 - [STDERR_REDIRECT] 
2025-01-26 23:17:46,944 [ERROR] LogOutputStream:75 - [STDERR_REDIRECT] [Fatal Error] :1:1: Premature end of file.
2025-01-26 23:17:46,944 [ERROR] LogOutputStream:75 - [STDERR_REDIRECT] 
2025-01-26 23:17:47,922 [ERROR] LogOutputStream:75 - [STDERR_REDIRECT] [Fatal Error] :1:1: Premature end of file.
2025-01-26 23:17:47,922 [ERROR] LogOutputStream:75 - [STDERR_REDIRECT] 
2025-01-26 23:17:48,917 [ERROR] LogOutputStream:75 - [STDERR_REDIRECT] [Fatal Error] :1:1: Premature end of file.
2025-01-26 23:17:48,917 [ERROR] LogOutputStream:75 - [STDERR_REDIRECT] 
2025-01-26 23:17:49,939 [ERROR] LogOutputStream:75 - [STDERR_REDIRECT] [Fatal Error] :1:1: Premature end of file.
2025-01-26 23:17:49,939 [ERROR] LogOutputStream:75 - [STDERR_REDIRECT] 
2025-01-26 23:17:50,940 [ERROR] LogOutputStream:75 - [STDERR_REDIRECT] [Fatal Error] :1:1: Premature end of file.
2025-01-26 23:17:50,940 [ERROR] LogOutputStream:75 - [STDERR_REDIRECT] 
2025-01-26 23:17:51,935 [ERROR] LogOutputStream:75 - [STDERR_REDIRECT] [Fatal Error] :1:1: Premature end of file.
2025-01-26 23:17:51,935 [ERROR] LogOutputStream:75 - [STDERR_REDIRECT] 
2025-01-26 23:17:52,937 [ERROR] LogOutputStream:75 - [STDERR_REDIRECT] [Fatal Error] :1:1: Premature end of file.
2025-01-26 23:17:52,937 [ERROR] LogOutputStream:75 - [STDERR_REDIRECT] 
2025-01-26 23:17:53,933 [ERROR] LogOutputStream:75 - [STDERR_REDIRECT] [Fatal Error] :1:1: Premature end of file.
2025-01-26 23:17:53,933 [ERROR] LogOutputStream:75 - [STDERR_REDIRECT] 
2025-01-26 23:17:54,935 [ERROR] LogOutputStream:75 - [STDERR_REDIRECT] [Fatal Error] :1:1: Premature end of file.
2025-01-26 23:17:54,935 [ERROR] LogOutputStream:75 - [STDERR_REDIRECT] 
2025-01-26 23:17:55,928 [ERROR] LogOutputStream:75 - [STDERR_REDIRECT] [Fatal Error] :1:1: Premature end of file.
2025-01-26 23:17:55,928 [ERROR] LogOutputStream:75 - [STDERR_REDIRECT] 
2025-01-26 23:17:56,932 [ERROR] LogOutputStream:75 - [STDERR_REDIRECT] [Fatal Error] :1:1: Premature end of file.
2025-01-26 23:17:56,932 [ERROR] LogOutputStream:75 - [STDERR_REDIRECT] 
2025-01-26 23:17:57,935 [ERROR] LogOutputStream:75 - [STDERR_REDIRECT] [Fatal Error] :1:1: Premature end of file.
2025-01-26 23:17:57,935 [ERROR] LogOutputStream:75 - [STDERR_REDIRECT] 
2025-01-26 23:17:58,951 [ERROR] LogOutputStream:75 - [STDERR_REDIRECT] [Fatal Error] :1:1: Premature end of file.
2025-01-26 23:17:58,951 [ERROR] LogOutputStream:75 - [STDERR_REDIRECT] 
2025-01-26 23:17:59,922 [ERROR] LogOutputStream:75 - [STDERR_REDIRECT] [Fatal Error] :1:1: Premature end of file.
2025-01-26 23:17:59,922 [ERROR] LogOutputStream:75 - [STDERR_REDIRECT] 
2025-01-26 23:18:00,940 [ERROR] LogOutputStream:75 - [STDERR_REDIRECT] [Fatal Error] :1:1: Premature end of file.
2025-01-26 23:18:00,942 [ERROR] LogOutputStream:75 - [STDERR_REDIRECT] 
2025-01-26 23:18:01,938 [ERROR] LogOutputStream:75 - [STDERR_REDIRECT] [Fatal Error] :1:1: Premature end of file.
2025-01-26 23:18:01,938 [ERROR] LogOutputStream:75 - [STDERR_REDIRECT] 
2025-01-26 23:18:02,923 [ERROR] LogOutputStream:75 - [STDERR_REDIRECT] [Fatal Error] :1:1: Premature end of file.
2025-01-26 23:18:02,923 [ERROR] LogOutputStream:75 - [STDERR_REDIRECT] 
2025-01-26 23:18:03,938 [ERROR] LogOutputStream:75 - [STDERR_REDIRECT] [Fatal Error] :1:1: Premature end of file.
2025-01-26 23:18:03,938 [ERROR] LogOutputStream:75 - [STDERR_REDIRECT] 
2025-01-26 23:18:04,940 [ERROR] LogOutputStream:75 - [STDERR_REDIRECT] [Fatal Error] :1:1: Premature end of file.
2025-01-26 23:18:04,942 [ERROR] LogOutputStream:75 - [STDERR_REDIRECT] 
2025-01-26 23:18:05,936 [ERROR] LogOutputStream:75 - [STDERR_REDIRECT] [Fatal Error] :1:1: Premature end of file.
2025-01-26 23:18:05,936 [ERROR] LogOutputStream:75 - [STDERR_REDIRECT] 
2025-01-26 23:18:06,932 [ERROR] LogOutputStream:75 - [STDERR_REDIRECT] [Fatal Error] :1:1: Premature end of file.
2025-01-26 23:18:06,932 [ERROR] LogOutputStream:75 - [STDERR_REDIRECT] 
2025-01-26 23:18:07,938 [ERROR] LogOutputStream:75 - [STDERR_REDIRECT] [Fatal Error] :1:1: Premature end of file.
2025-01-26 23:18:07,938 [ERROR] LogOutputStream:75 - [STDERR_REDIRECT] 
2025-01-26 23:18:08,939 [ERROR] LogOutputStream:75 - [STDERR_REDIRECT] [Fatal Error] :1:1: Premature end of file.
2025-01-26 23:18:08,939 [ERROR] LogOutputStream:75 - [STDERR_REDIRECT] 
2025-01-26 23:18:09,937 [ERROR] LogOutputStream:75 - [STDERR_REDIRECT] [Fatal Error] :1:1: Premature end of file.
2025-01-26 23:18:09,937 [ERROR] LogOutputStream:75 - [STDERR_REDIRECT] 
2025-01-26 23:18:10,930 [ERROR] LogOutputStream:75 - [STDERR_REDIRECT] [Fatal Error] :1:1: Premature end of file.
2025-01-26 23:18:10,930 [ERROR] LogOutputStream:75 - [STDERR_REDIRECT] 
2025-01-26 23:18:11,935 [ERROR] LogOutputStream:75 - [STDERR_REDIRECT] [Fatal Error] :1:1: Premature end of file.
2025-01-26 23:18:11,935 [ERROR] LogOutputStream:75 - [STDERR_REDIRECT] 
2025-01-26 23:18:12,932 [ERROR] LogOutputStream:75 - [STDERR_REDIRECT] [Fatal Error] :1:1: Premature end of file.
2025-01-26 23:18:12,932 [ERROR] LogOutputStream:75 - [STDERR_REDIRECT] 
2025-01-26 23:18:13,941 [ERROR] LogOutputStream:75 - [STDERR_REDIRECT] [Fatal Error] :1:1: Premature end of file.
2025-01-26 23:18:13,941 [ERROR] LogOutputStream:75 - [STDERR_REDIRECT] 
2025-01-26 23:18:14,917 [ERROR] LogOutputStream:75 - [STDERR_REDIRECT] [Fatal Error] :1:1: Premature end of file.
2025-01-26 23:18:14,917 [ERROR] LogOutputStream:75 - [STDERR_REDIRECT] 
2025-01-26 23:18:15,932 [ERROR] LogOutputStream:75 - [STDERR_REDIRECT] [Fatal Error] :1:1: Premature end of file.
2025-01-26 23:18:15,932 [ERROR] LogOutputStream:75 - [STDERR_REDIRECT] 
2025-01-26 23:18:16,923 [ERROR] LogOutputStream:75 - [STDERR_REDIRECT] [Fatal Error] :1:1: Premature end of file.
2025-01-26 23:18:16,923 [ERROR] LogOutputStream:75 - [STDERR_REDIRECT] 
2025-01-26 23:18:17,919 [ERROR] LogOutputStream:75 - [STDERR_REDIRECT] [Fatal Error] :1:1: Premature end of file.
2025-01-26 23:18:17,919 [ERROR] LogOutputStream:75 - [STDERR_REDIRECT] 
2025-01-26 23:18:18,934 [ERROR] LogOutputStream:75 - [STDERR_REDIRECT] [Fatal Error] :1:1: Premature end of file.
2025-01-26 23:18:18,934 [ERROR] LogOutputStream:75 - [STDERR_REDIRECT] 
2025-01-26 23:18:19,923 [ERROR] LogOutputStream:75 - [STDERR_REDIRECT] [Fatal Error] :1:1: Premature end of file.
2025-01-26 23:18:19,923 [ERROR] LogOutputStream:75 - [STDERR_REDIRECT] 
2025-01-26 23:18:20,932 [ERROR] LogOutputStream:75 - [STDERR_REDIRECT] [Fatal Error] :1:1: Premature end of file.
2025-01-26 23:18:20,932 [ERROR] LogOutputStream:75 - [STDERR_REDIRECT] 
2025-01-26 23:18:21,935 [ERROR] LogOutputStream:75 - [STDERR_REDIRECT] [Fatal Error] :1:1: Premature end of file.
2025-01-26 23:18:21,935 [ERROR] LogOutputStream:75 - [STDERR_REDIRECT] 
2025-01-26 23:18:22,930 [ERROR] LogOutputStream:75 - [STDERR_REDIRECT] [Fatal Error] :1:1: Premature end of file.
2025-01-26 23:18:22,930 [ERROR] LogOutputStream:75 - [STDERR_REDIRECT] 
2025-01-26 23:18:23,924 [ERROR] LogOutputStream:75 - [STDERR_REDIRECT] [Fatal Error] :1:1: Premature end of file.
2025-01-26 23:18:23,924 [ERROR] LogOutputStream:75 - [STDERR_REDIRECT] 
2025-01-26 23:18:24,929 [ERROR] LogOutputStream:75 - [STDERR_REDIRECT] [Fatal Error] :1:1: Premature end of file.
2025-01-26 23:18:24,929 [ERROR] LogOutputStream:75 - [STDERR_REDIRECT] 
2025-01-26 23:18:25,936 [ERROR] LogOutputStream:75 - [STDERR_REDIRECT] [Fatal Error] :1:1: Premature end of file.
2025-01-26 23:18:25,936 [ERROR] LogOutputStream:75 - [STDERR_REDIRECT] 
2025-01-26 23:18:26,928 [ERROR] LogOutputStream:75 - [STDERR_REDIRECT] [Fatal Error] :1:1: Premature end of file.
2025-01-26 23:18:26,928 [ERROR] LogOutputStream:75 - [STDERR_REDIRECT] 
2025-01-26 23:18:27,930 [ERROR] LogOutputStream:75 - [STDERR_REDIRECT] [Fatal Error] :1:1: Premature end of file.
2025-01-26 23:18:27,930 [ERROR] LogOutputStream:75 - [STDERR_REDIRECT] 
2025-01-26 23:18:28,940 [ERROR] LogOutputStream:75 - [STDERR_REDIRECT] [Fatal Error] :1:1: Premature end of file.
2025-01-26 23:18:28,940 [ERROR] LogOutputStream:75 - [STDERR_REDIRECT] 
2025-01-26 23:18:29,942 [ERROR] LogOutputStream:75 - [STDERR_REDIRECT] [Fatal Error] :1:1: Premature end of file.
2025-01-26 23:18:29,942 [ERROR] LogOutputStream:75 - [STDERR_REDIRECT] 
2025-01-26 23:18:30,927 [ERROR] LogOutputStream:75 - [STDERR_REDIRECT] [Fatal Error] :1:1: Premature end of file.
2025-01-26 23:18:30,927 [ERROR] LogOutputStream:75 - [STDERR_REDIRECT] 
2025-01-26 23:18:31,940 [ERROR] LogOutputStream:75 - [STDERR_REDIRECT] [Fatal Error] :1:1: Premature end of file.
2025-01-26 23:18:31,940 [ERROR] LogOutputStream:75 - [STDERR_REDIRECT] 
2025-01-26 23:18:32,934 [ERROR] LogOutputStream:75 - [STDERR_REDIRECT] [Fatal Error] :1:1: Premature end of file.
2025-01-26 23:18:32,934 [ERROR] LogOutputStream:75 - [STDERR_REDIRECT] 
2025-01-26 23:18:33,940 [ERROR] LogOutputStream:75 - [STDERR_REDIRECT] [Fatal Error] :1:1: Premature end of file.
2025-01-26 23:18:33,940 [ERROR] LogOutputStream:75 - [STDERR_REDIRECT] 
2025-01-26 23:18:34,917 [ERROR] LogOutputStream:75 - [STDERR_REDIRECT] [Fatal Error] :1:1: Premature end of file.
2025-01-26 23:18:34,917 [ERROR] LogOutputStream:75 - [STDERR_REDIRECT] 
2025-01-26 23:18:35,931 [ERROR] LogOutputStream:75 - [STDERR_REDIRECT] [Fatal Error] :1:1: Premature end of file.
2025-01-26 23:18:35,931 [ERROR] LogOutputStream:75 - [STDERR_REDIRECT] 
2025-01-26 23:18:36,931 [ERROR] LogOutputStream:75 - [STDERR_REDIRECT] [Fatal Error] :1:1: Premature end of file.
2025-01-26 23:18:36,931 [ERROR] LogOutputStream:75 - [STDERR_REDIRECT] 
2025-01-26 23:18:37,917 [ERROR] LogOutputStream:75 - [STDERR_REDIRECT] [Fatal Error] :1:1: Premature end of file.
2025-01-26 23:18:37,917 [ERROR] LogOutputStream:75 - [STDERR_REDIRECT] 
2025-01-26 23:18:38,932 [ERROR] LogOutputStream:75 - [STDERR_REDIRECT] [Fatal Error] :1:1: Premature end of file.
2025-01-26 23:18:38,932 [ERROR] LogOutputStream:75 - [STDERR_REDIRECT] 
2025-01-26 23:18:39,920 [ERROR] LogOutputStream:75 - [STDERR_REDIRECT] [Fatal Error] :1:1: Premature end of file.
2025-01-26 23:18:39,920 [ERROR] LogOutputStream:75 - [STDERR_REDIRECT] 
2025-01-26 23:18:40,934 [ERROR] LogOutputStream:75 - [STDERR_REDIRECT] [Fatal Error] :1:1: Premature end of file.
2025-01-26 23:18:40,934 [ERROR] LogOutputStream:75 - [STDERR_REDIRECT] 
2025-01-26 23:18:41,929 [ERROR] LogOutputStream:75 - [STDERR_REDIRECT] [Fatal Error] :1:1: Premature end of file.
2025-01-26 23:18:41,929 [ERROR] LogOutputStream:75 - [STDERR_REDIRECT] 
2025-01-26 23:18:42,921 [ERROR] LogOutputStream:75 - [STDERR_REDIRECT] [Fatal Error] :1:1: Premature end of file.
2025-01-26 23:18:42,921 [ERROR] LogOutputStream:75 - [STDERR_REDIRECT] 
2025-01-26 23:18:43,936 [ERROR] LogOutputStream:75 - [STDERR_REDIRECT] [Fatal Error] :1:1: Premature end of file.
2025-01-26 23:18:43,936 [ERROR] LogOutputStream:75 - [STDERR_REDIRECT] 
2025-01-26 23:18:44,946 [ERROR] LogOutputStream:75 - [STDERR_REDIRECT] [Fatal Error] :1:1: Premature end of file.
2025-01-26 23:18:44,946 [ERROR] LogOutputStream:75 - [STDERR_REDIRECT] 
2025-01-26 23:18:45,950 [ERROR] LogOutputStream:75 - [STDERR_REDIRECT] [Fatal Error] :1:1: Premature end of file.
2025-01-26 23:18:45,950 [ERROR] LogOutputStream:75 - [STDERR_REDIRECT] 
2025-01-26 23:18:46,932 [ERROR] LogOutputStream:75 - [STDERR_REDIRECT] [Fatal Error] :1:1: Premature end of file.
2025-01-26 23:18:46,932 [ERROR] LogOutputStream:75 - [STDERR_REDIRECT] 
2025-01-26 23:18:47,928 [ERROR] LogOutputStream:75 - [STDERR_REDIRECT] [Fatal Error] :1:1: Premature end of file.
2025-01-26 23:18:47,928 [ERROR] LogOutputStream:75 - [STDERR_REDIRECT] 
2025-01-26 23:18:48,932 [ERROR] LogOutputStream:75 - [STDERR_REDIRECT] [Fatal Error] :1:1: Premature end of file.
2025-01-26 23:18:48,932 [ERROR] LogOutputStream:75 - [STDERR_REDIRECT] 
2025-01-26 23:18:49,936 [ERROR] LogOutputStream:75 - [STDERR_REDIRECT] [Fatal Error] :1:1: Premature end of file.
2025-01-26 23:18:49,936 [ERROR] LogOutputStream:75 - [STDERR_REDIRECT] 
2025-01-26 23:18:50,934 [ERROR] LogOutputStream:75 - [STDERR_REDIRECT] [Fatal Error] :1:1: Premature end of file.
2025-01-26 23:18:50,934 [ERROR] LogOutputStream:75 - [STDERR_REDIRECT] 
2025-01-26 23:18:51,924 [ERROR] LogOutputStream:75 - [STDERR_REDIRECT] [Fatal Error] :1:1: Premature end of file.
2025-01-26 23:18:51,924 [ERROR] LogOutputStream:75 - [STDERR_REDIRECT] 
2025-01-26 23:18:52,934 [ERROR] LogOutputStream:75 - [STDERR_REDIRECT] [Fatal Error] :1:1: Premature end of file.
2025-01-26 23:18:52,934 [ERROR] LogOutputStream:75 - [STDERR_REDIRECT] 
2025-01-26 23:18:53,945 [ERROR] LogOutputStream:75 - [STDERR_REDIRECT] [Fatal Error] :1:1: Premature end of file.
2025-01-26 23:18:53,945 [ERROR] LogOutputStream:75 - [STDERR_REDIRECT] 
2025-01-26 23:18:54,916 [ERROR] LogOutputStream:75 - [STDERR_REDIRECT] [Fatal Error] :1:1: Premature end of file.
2025-01-26 23:18:54,916 [ERROR] LogOutputStream:75 - [STDERR_REDIRECT] 
2025-01-26 23:18:55,937 [ERROR] LogOutputStream:75 - [STDERR_REDIRECT] [Fatal Error] :1:1: Premature end of file.
2025-01-26 23:18:55,939 [ERROR] LogOutputStream:75 - [STDERR_REDIRECT] 
2025-01-26 23:18:56,928 [ERROR] LogOutputStream:75 - [STDERR_REDIRECT] [Fatal Error] :1:1: Premature end of file.
2025-01-26 23:18:56,928 [ERROR] LogOutputStream:75 - [STDERR_REDIRECT] 
2025-01-26 23:18:57,934 [ERROR] LogOutputStream:75 - [STDERR_REDIRECT] [Fatal Error] :1:1: Premature end of file.
2025-01-26 23:18:57,934 [ERROR] LogOutputStream:75 - [STDERR_REDIRECT] 
2025-01-26 23:18:58,939 [ERROR] LogOutputStream:75 - [STDERR_REDIRECT] [Fatal Error] :1:1: Premature end of file.
2025-01-26 23:18:58,939 [ERROR] LogOutputStream:75 - [STDERR_REDIRECT] 
2025-01-26 23:18:59,941 [ERROR] LogOutputStream:75 - [STDERR_REDIRECT] [Fatal Error] :1:1: Premature end of file.
2025-01-26 23:18:59,941 [ERROR] LogOutputStream:75 - [STDERR_REDIRECT] 
2025-01-26 23:19:00,939 [ERROR] LogOutputStream:75 - [STDERR_REDIRECT] [Fatal Error] :1:1: Premature end of file.
2025-01-26 23:19:00,939 [ERROR] LogOutputStream:75 - [STDERR_REDIRECT] 
2025-01-26 23:19:01,937 [ERROR] LogOutputStream:75 - [STDERR_REDIRECT] [Fatal Error] :1:1: Premature end of file.
2025-01-26 23:19:01,939 [ERROR] LogOutputStream:75 - [STDERR_REDIRECT] 
2025-01-26 23:19:02,933 [ERROR] LogOutputStream:75 - [STDERR_REDIRECT] [Fatal Error] :1:1: Premature end of file.
2025-01-26 23:19:02,933 [ERROR] LogOutputStream:75 - [STDERR_REDIRECT] 
2025-01-26 23:19:03,930 [ERROR] LogOutputStream:75 - [STDERR_REDIRECT] [Fatal Error] :1:1: Premature end of file.
2025-01-26 23:19:03,930 [ERROR] LogOutputStream:75 - [STDERR_REDIRECT] 
2025-01-26 23:19:04,936 [ERROR] LogOutputStream:75 - [STDERR_REDIRECT] [Fatal Error] :1:1: Premature end of file.
2025-01-26 23:19:04,936 [ERROR] LogOutputStream:75 - [STDERR_REDIRECT] 
2025-01-26 23:19:05,932 [ERROR] LogOutputStream:75 - [STDERR_REDIRECT] [Fatal Error] :1:1: Premature end of file.
2025-01-26 23:19:05,932 [ERROR] LogOutputStream:75 - [STDERR_REDIRECT] 
2025-01-26 23:19:06,924 [ERROR] LogOutputStream:75 - [STDERR_REDIRECT] [Fatal Error] :1:1: Premature end of file.
2025-01-26 23:19:06,924 [ERROR] LogOutputStream:75 - [STDERR_REDIRECT] 
2025-01-26 23:19:07,932 [ERROR] LogOutputStream:75 - [STDERR_REDIRECT] [Fatal Error] :1:1: Premature end of file.
2025-01-26 23:19:07,932 [ERROR] LogOutputStream:75 - [STDERR_REDIRECT] 
2025-01-26 23:19:08,939 [ERROR] LogOutputStream:75 - [STDERR_REDIRECT] [Fatal Error] :1:1: Premature end of file.
2025-01-26 23:19:08,939 [ERROR] LogOutputStream:75 - [STDERR_REDIRECT] 
2025-01-26 23:19:09,942 [ERROR] LogOutputStream:75 - [STDERR_REDIRECT] [Fatal Error] :1:1: Premature end of file.
2025-01-26 23:19:09,942 [ERROR] LogOutputStream:75 - [STDERR_REDIRECT] 
2025-01-26 23:19:10,926 [ERROR] LogOutputStream:75 - [STDERR_REDIRECT] [Fatal Error] :1:1: Premature end of file.
2025-01-26 23:19:10,926 [ERROR] LogOutputStream:75 - [STDERR_REDIRECT] 
2025-01-26 23:19:11,932 [ERROR] LogOutputStream:75 - [STDERR_REDIRECT] [Fatal Error] :1:1: Premature end of file.
2025-01-26 23:19:11,932 [ERROR] LogOutputStream:75 - [STDERR_REDIRECT] 
2025-01-26 23:19:12,931 [ERROR] LogOutputStream:75 - [STDERR_REDIRECT] [Fatal Error] :1:1: Premature end of file.
2025-01-26 23:19:12,931 [ERROR] LogOutputStream:75 - [STDERR_REDIRECT] 
2025-01-26 23:19:13,932 [ERROR] LogOutputStream:75 - [STDERR_REDIRECT] [Fatal Error] :1:1: Premature end of file.
2025-01-26 23:19:13,932 [ERROR] LogOutputStream:75 - [STDERR_REDIRECT] 
2025-01-26 23:19:14,924 [ERROR] LogOutputStream:75 - [STDERR_REDIRECT] [Fatal Error] :1:1: Premature end of file.
2025-01-26 23:19:14,924 [ERROR] LogOutputStream:75 - [STDERR_REDIRECT] 
2025-01-26 23:19:15,935 [ERROR] LogOutputStream:75 - [STDERR_REDIRECT] [Fatal Error] :1:1: Premature end of file.
2025-01-26 23:19:15,935 [ERROR] LogOutputStream:75 - [STDERR_REDIRECT] 
2025-01-26 23:19:16,920 [ERROR] LogOutputStream:75 - [STDERR_REDIRECT] [Fatal Error] :1:1: Premature end of file.
2025-01-26 23:19:16,920 [ERROR] LogOutputStream:75 - [STDERR_REDIRECT] 
2025-01-26 23:19:17,940 [ERROR] LogOutputStream:75 - [STDERR_REDIRECT] [Fatal Error] :1:1: Premature end of file.
2025-01-26 23:19:17,940 [ERROR] LogOutputStream:75 - [STDERR_REDIRECT] 
2025-01-26 23:19:18,934 [ERROR] LogOutputStream:75 - [STDERR_REDIRECT] [Fatal Error] :1:1: Premature end of file.
2025-01-26 23:19:18,934 [ERROR] LogOutputStream:75 - [STDERR_REDIRECT] 
2025-01-26 23:19:19,929 [ERROR] LogOutputStream:75 - [STDERR_REDIRECT] [Fatal Error] :1:1: Premature end of file.
2025-01-26 23:19:19,929 [ERROR] LogOutputStream:75 - [STDERR_REDIRECT] 
2025-01-26 23:19:20,929 [ERROR] LogOutputStream:75 - [STDERR_REDIRECT] [Fatal Error] :1:1: Premature end of file.
2025-01-26 23:19:20,929 [ERROR] LogOutputStream:75 - [STDERR_REDIRECT] 
2025-01-26 23:19:21,931 [ERROR] LogOutputStream:75 - [STDERR_REDIRECT] [Fatal Error] :1:1: Premature end of file.
2025-01-26 23:19:21,931 [ERROR] LogOutputStream:75 - [STDERR_REDIRECT] 
2025-01-26 23:19:22,937 [ERROR] LogOutputStream:75 - [STDERR_REDIRECT] [Fatal Error] :1:1: Premature end of file.
2025-01-26 23:19:22,938 [ERROR] LogOutputStream:75 - [STDERR_REDIRECT] 
2025-01-26 23:19:23,920 [ERROR] LogOutputStream:75 - [STDERR_REDIRECT] [Fatal Error] :1:1: Premature end of file.
2025-01-26 23:19:23,920 [ERROR] LogOutputStream:75 - [STDERR_REDIRECT] 
2025-01-26 23:19:24,932 [ERROR] LogOutputStream:75 - [STDERR_REDIRECT] [Fatal Error] :1:1: Premature end of file.
2025-01-26 23:19:24,932 [ERROR] LogOutputStream:75 - [STDERR_REDIRECT] 
2025-01-26 23:19:25,929 [ERROR] LogOutputStream:75 - [STDERR_REDIRECT] [Fatal Error] :1:1: Premature end of file.
2025-01-26 23:19:25,929 [ERROR] LogOutputStream:75 - [STDERR_REDIRECT] 
2025-01-26 23:19:26,926 [ERROR] LogOutputStream:75 - [STDERR_REDIRECT] [Fatal Error] :1:1: Premature end of file.
2025-01-26 23:19:26,926 [ERROR] LogOutputStream:75 - [STDERR_REDIRECT] 
2025-01-26 23:19:27,934 [ERROR] LogOutputStream:75 - [STDERR_REDIRECT] [Fatal Error] :1:1: Premature end of file.
2025-01-26 23:19:27,934 [ERROR] LogOutputStream:75 - [STDERR_REDIRECT] 
2025-01-26 23:19:28,916 [ERROR] LogOutputStream:75 - [STDERR_REDIRECT] [Fatal Error] :1:1: Premature end of file.
2025-01-26 23:19:28,916 [ERROR] LogOutputStream:75 - [STDERR_REDIRECT] 
2025-01-26 23:19:29,932 [ERROR] LogOutputStream:75 - [STDERR_REDIRECT] [Fatal Error] :1:1: Premature end of file.
2025-01-26 23:19:29,932 [ERROR] LogOutputStream:75 - [STDERR_REDIRECT] 
2025-01-26 23:19:30,930 [ERROR] LogOutputStream:75 - [STDERR_REDIRECT] [Fatal Error] :1:1: Premature end of file.
2025-01-26 23:19:30,930 [ERROR] LogOutputStream:75 - [STDERR_REDIRECT] 
2025-01-26 23:19:31,935 [ERROR] LogOutputStream:75 - [STDERR_REDIRECT] [Fatal Error] :1:1: Premature end of file.
2025-01-26 23:19:31,935 [ERROR] LogOutputStream:75 - [STDERR_REDIRECT] 
2025-01-26 23:19:32,922 [ERROR] LogOutputStream:75 - [STDERR_REDIRECT] [Fatal Error] :1:1: Premature end of file.
2025-01-26 23:19:32,922 [ERROR] LogOutputStream:75 - [STDERR_REDIRECT] 
2025-01-26 23:19:33,919 [ERROR] LogOutputStream:75 - [STDERR_REDIRECT] [Fatal Error] :1:1: Premature end of file.
2025-01-26 23:19:33,919 [ERROR] LogOutputStream:75 - [STDERR_REDIRECT] 
2025-01-26 23:19:34,930 [ERROR] LogOutputStream:75 - [STDERR_REDIRECT] [Fatal Error] :1:1: Premature end of file.
2025-01-26 23:19:34,930 [ERROR] LogOutputStream:75 - [STDERR_REDIRECT] 
2025-01-26 23:19:35,932 [ERROR] LogOutputStream:75 - [STDERR_REDIRECT] [Fatal Error] :1:1: Premature end of file.
2025-01-26 23:19:35,932 [ERROR] LogOutputStream:75 - [STDERR_REDIRECT] 
2025-01-26 23:19:36,932 [ERROR] LogOutputStream:75 - [STDERR_REDIRECT] [Fatal Error] :1:1: Premature end of file.
2025-01-26 23:19:36,932 [ERROR] LogOutputStream:75 - [STDERR_REDIRECT] 
2025-01-26 23:19:37,924 [ERROR] LogOutputStream:75 - [STDERR_REDIRECT] [Fatal Error] :1:1: Premature end of file.
2025-01-26 23:19:37,924 [ERROR] LogOutputStream:75 - [STDERR_REDIRECT] 
2025-01-26 23:19:38,946 [ERROR] LogOutputStream:75 - [STDERR_REDIRECT] [Fatal Error] :1:1: Premature end of file.
2025-01-26 23:19:38,946 [ERROR] LogOutputStream:75 - [STDERR_REDIRECT] 
2025-01-26 23:19:39,927 [ERROR] LogOutputStream:75 - [STDERR_REDIRECT] [Fatal Error] :1:1: Premature end of file.
2025-01-26 23:19:39,927 [ERROR] LogOutputStream:75 - [STDERR_REDIRECT] 
2025-01-26 23:19:40,931 [ERROR] LogOutputStream:75 - [STDERR_REDIRECT] [Fatal Error] :1:1: Premature end of file.
2025-01-26 23:19:40,931 [ERROR] LogOutputStream:75 - [STDERR_REDIRECT] 
2025-01-26 23:19:41,931 [ERROR] LogOutputStream:75 - [STDERR_REDIRECT] [Fatal Error] :1:1: Premature end of file.
2025-01-26 23:19:41,931 [ERROR] LogOutputStream:75 - [STDERR_REDIRECT] 
2025-01-26 23:19:42,935 [ERROR] LogOutputStream:75 - [STDERR_REDIRECT] [Fatal Error] :1:1: Premature end of file.
2025-01-26 23:19:42,935 [ERROR] LogOutputStream:75 - [STDERR_REDIRECT] 
2025-01-26 23:19:43,922 [ERROR] LogOutputStream:75 - [STDERR_REDIRECT] [Fatal Error] :1:1: Premature end of file.
2025-01-26 23:19:43,922 [ERROR] LogOutputStream:75 - [STDERR_REDIRECT] 
2025-01-26 23:19:44,934 [ERROR] LogOutputStream:75 - [STDERR_REDIRECT] [Fatal Error] :1:1: Premature end of file.
2025-01-26 23:19:44,934 [ERROR] LogOutputStream:75 - [STDERR_REDIRECT] 
2025-01-26 23:19:45,935 [ERROR] LogOutputStream:75 - [STDERR_REDIRECT] [Fatal Error] :1:1: Premature end of file.
2025-01-26 23:19:45,935 [ERROR] LogOutputStream:75 - [STDERR_REDIRECT] 
2025-01-26 23:19:46,926 [ERROR] LogOutputStream:75 - [STDERR_REDIRECT] [Fatal Error] :1:1: Premature end of file.
2025-01-26 23:19:46,926 [ERROR] LogOutputStream:75 - [STDERR_REDIRECT] 
2025-01-26 23:19:47,918 [ERROR] LogOutputStream:75 - [STDERR_REDIRECT] [Fatal Error] :1:1: Premature end of file.
2025-01-26 23:19:47,918 [ERROR] LogOutputStream:75 - [STDERR_REDIRECT] 
2025-01-26 23:19:48,929 [ERROR] LogOutputStream:75 - [STDERR_REDIRECT] [Fatal Error] :1:1: Premature end of file.
2025-01-26 23:19:48,929 [ERROR] LogOutputStream:75 - [STDERR_REDIRECT] 
2025-01-26 23:19:49,931 [ERROR] LogOutputStream:75 - [STDERR_REDIRECT] [Fatal Error] :1:1: Premature end of file.
2025-01-26 23:19:49,931 [ERROR] LogOutputStream:75 - [STDERR_REDIRECT] 
2025-01-26 23:19:50,938 [ERROR] LogOutputStream:75 - [STDERR_REDIRECT] [Fatal Error] :1:1: Premature end of file.
2025-01-26 23:19:50,938 [ERROR] LogOutputStream:75 - [STDERR_REDIRECT] 
2025-01-26 23:19:51,941 [ERROR] LogOutputStream:75 - [STDERR_REDIRECT] [Fatal Error] :1:1: Premature end of file.
2025-01-26 23:19:51,941 [ERROR] LogOutputStream:75 - [STDERR_REDIRECT] 
2025-01-26 23:19:52,933 [ERROR] LogOutputStream:75 - [STDERR_REDIRECT] [Fatal Error] :1:1: Premature end of file.
2025-01-26 23:19:52,933 [ERROR] LogOutputStream:75 - [STDERR_REDIRECT] 
2025-01-26 23:19:53,930 [ERROR] LogOutputStream:75 - [STDERR_REDIRECT] [Fatal Error] :1:1: Premature end of file.
2025-01-26 23:19:53,930 [ERROR] LogOutputStream:75 - [STDERR_REDIRECT] 
2025-01-26 23:19:54,928 [ERROR] LogOutputStream:75 - [STDERR_REDIRECT] [Fatal Error] :1:1: Premature end of file.
2025-01-26 23:19:54,928 [ERROR] LogOutputStream:75 - [STDERR_REDIRECT] 
2025-01-26 23:19:55,927 [ERROR] LogOutputStream:75 - [STDERR_REDIRECT] [Fatal Error] :1:1: Premature end of file.
2025-01-26 23:19:55,927 [ERROR] LogOutputStream:75 - [STDERR_REDIRECT] 
2025-01-26 23:19:56,936 [ERROR] LogOutputStream:75 - [STDERR_REDIRECT] [Fatal Error] :1:1: Premature end of file.
2025-01-26 23:19:56,936 [ERROR] LogOutputStream:75 - [STDERR_REDIRECT] 
2025-01-26 23:19:57,932 [ERROR] LogOutputStream:75 - [STDERR_REDIRECT] [Fatal Error] :1:1: Premature end of file.
2025-01-26 23:19:57,932 [ERROR] LogOutputStream:75 - [STDERR_REDIRECT] 
2025-01-26 23:19:58,932 [ERROR] LogOutputStream:75 - [STDERR_REDIRECT] [Fatal Error] :1:1: Premature end of file.
2025-01-26 23:19:58,932 [ERROR] LogOutputStream:75 - [STDERR_REDIRECT] 
2025-01-26 23:19:59,933 [ERROR] LogOutputStream:75 - [STDERR_REDIRECT] [Fatal Error] :1:1: Premature end of file.
2025-01-26 23:19:59,933 [ERROR] LogOutputStream:75 - [STDERR_REDIRECT] 
2025-01-26 23:20:00,926 [ERROR] LogOutputStream:75 - [STDERR_REDIRECT] [Fatal Error] :1:1: Premature end of file.
2025-01-26 23:20:00,926 [ERROR] LogOutputStream:75 - [STDERR_REDIRECT] 
2025-01-26 23:20:01,930 [ERROR] LogOutputStream:75 - [STDERR_REDIRECT] [Fatal Error] :1:1: Premature end of file.
2025-01-26 23:20:01,930 [ERROR] LogOutputStream:75 - [STDERR_REDIRECT] 
2025-01-26 23:20:02,929 [ERROR] LogOutputStream:75 - [STDERR_REDIRECT] [Fatal Error] :1:1: Premature end of file.
2025-01-26 23:20:02,929 [ERROR] LogOutputStream:75 - [STDERR_REDIRECT] 
2025-01-26 23:20:03,929 [ERROR] LogOutputStream:75 - [STDERR_REDIRECT] [Fatal Error] :1:1: Premature end of file.
2025-01-26 23:20:03,929 [ERROR] LogOutputStream:75 - [STDERR_REDIRECT] 
2025-01-26 23:20:04,931 [ERROR] LogOutputStream:75 - [STDERR_REDIRECT] [Fatal Error] :1:1: Premature end of file.
2025-01-26 23:20:04,931 [ERROR] LogOutputStream:75 - [STDERR_REDIRECT] 
2025-01-26 23:20:05,930 [ERROR] LogOutputStream:75 - [STDERR_REDIRECT] [Fatal Error] :1:1: Premature end of file.
2025-01-26 23:20:05,930 [ERROR] LogOutputStream:75 - [STDERR_REDIRECT] 
2025-01-26 23:20:06,926 [ERROR] LogOutputStream:75 - [STDERR_REDIRECT] [Fatal Error] :1:1: Premature end of file.
2025-01-26 23:20:06,926 [ERROR] LogOutputStream:75 - [STDERR_REDIRECT] 
2025-01-26 23:20:07,929 [ERROR] LogOutputStream:75 - [STDERR_REDIRECT] [Fatal Error] :1:1: Premature end of file.
2025-01-26 23:20:07,929 [ERROR] LogOutputStream:75 - [STDERR_REDIRECT] 
2025-01-26 23:20:08,921 [ERROR] LogOutputStream:75 - [STDERR_REDIRECT] [Fatal Error] :1:1: Premature end of file.
2025-01-26 23:20:08,921 [ERROR] LogOutputStream:75 - [STDERR_REDIRECT] 
2025-01-26 23:20:09,928 [ERROR] LogOutputStream:75 - [STDERR_REDIRECT] [Fatal Error] :1:1: Premature end of file.
2025-01-26 23:20:09,928 [ERROR] LogOutputStream:75 - [STDERR_REDIRECT] 
2025-01-26 23:20:10,935 [ERROR] LogOutputStream:75 - [STDERR_REDIRECT] [Fatal Error] :1:1: Premature end of file.
2025-01-26 23:20:10,935 [ERROR] LogOutputStream:75 - [STDERR_REDIRECT] 
2025-01-26 23:20:11,932 [ERROR] LogOutputStream:75 - [STDERR_REDIRECT] [Fatal Error] :1:1: Premature end of file.
2025-01-26 23:20:11,932 [ERROR] LogOutputStream:75 - [STDERR_REDIRECT] 
2025-01-26 23:20:12,930 [ERROR] LogOutputStream:75 - [STDERR_REDIRECT] [Fatal Error] :1:1: Premature end of file.
2025-01-26 23:20:12,930 [ERROR] LogOutputStream:75 - [STDERR_REDIRECT] 
2025-01-26 23:20:13,918 [ERROR] LogOutputStream:75 - [STDERR_REDIRECT] [Fatal Error] :1:1: Premature end of file.
2025-01-26 23:20:13,918 [ERROR] LogOutputStream:75 - [STDERR_REDIRECT] 
2025-01-26 23:20:14,931 [ERROR] LogOutputStream:75 - [STDERR_REDIRECT] [Fatal Error] :1:1: Premature end of file.
2025-01-26 23:20:14,931 [ERROR] LogOutputStream:75 - [STDERR_REDIRECT] 
2025-01-26 23:20:15,933 [ERROR] LogOutputStream:75 - [STDERR_REDIRECT] [Fatal Error] :1:1: Premature end of file.
2025-01-26 23:20:15,933 [ERROR] LogOutputStream:75 - [STDERR_REDIRECT] 
2025-01-26 23:20:16,927 [ERROR] LogOutputStream:75 - [STDERR_REDIRECT] [Fatal Error] :1:1: Premature end of file.
2025-01-26 23:20:16,927 [ERROR] LogOutputStream:75 - [STDERR_REDIRECT] 
2025-01-26 23:20:17,930 [ERROR] LogOutputStream:75 - [STDERR_REDIRECT] [Fatal Error] :1:1: Premature end of file.
2025-01-26 23:20:17,930 [ERROR] LogOutputStream:75 - [STDERR_REDIRECT] 
2025-01-26 23:20:18,921 [ERROR] LogOutputStream:75 - [STDERR_REDIRECT] [Fatal Error] :1:1: Premature end of file.
2025-01-26 23:20:18,921 [ERROR] LogOutputStream:75 - [STDERR_REDIRECT] 
2025-01-26 23:20:19,930 [ERROR] LogOutputStream:75 - [STDERR_REDIRECT] [Fatal Error] :1:1: Premature end of file.
2025-01-26 23:20:19,930 [ERROR] LogOutputStream:75 - [STDERR_REDIRECT] 
2025-01-26 23:20:20,934 [ERROR] LogOutputStream:75 - [STDERR_REDIRECT] [Fatal Error] :1:1: Premature end of file.
2025-01-26 23:20:20,934 [ERROR] LogOutputStream:75 - [STDERR_REDIRECT] 
2025-01-26 23:20:21,935 [ERROR] LogOutputStream:75 - [STDERR_REDIRECT] [Fatal Error] :1:1: Premature end of file.
2025-01-26 23:20:21,935 [ERROR] LogOutputStream:75 - [STDERR_REDIRECT] 
2025-01-26 23:20:22,933 [ERROR] LogOutputStream:75 - [STDERR_REDIRECT] [Fatal Error] :1:1: Premature end of file.
2025-01-26 23:20:22,933 [ERROR] LogOutputStream:75 - [STDERR_REDIRECT] 
2025-01-26 23:20:23,934 [ERROR] LogOutputStream:75 - [STDERR_REDIRECT] [Fatal Error] :1:1: Premature end of file.
2025-01-26 23:20:23,934 [ERROR] LogOutputStream:75 - [STDERR_REDIRECT] 
2025-01-26 23:20:24,932 [ERROR] LogOutputStream:75 - [STDERR_REDIRECT] [Fatal Error] :1:1: Premature end of file.
2025-01-26 23:20:24,932 [ERROR] LogOutputStream:75 - [STDERR_REDIRECT] 
2025-01-26 23:20:25,919 [ERROR] LogOutputStream:75 - [STDERR_REDIRECT] [Fatal Error] :1:1: Premature end of file.
2025-01-26 23:20:25,919 [ERROR] LogOutputStream:75 - [STDERR_REDIRECT] 
2025-01-26 23:20:26,927 [ERROR] LogOutputStream:75 - [STDERR_REDIRECT] [Fatal Error] :1:1: Premature end of file.
2025-01-26 23:20:26,927 [ERROR] LogOutputStream:75 - [STDERR_REDIRECT] 
2025-01-26 23:20:27,931 [ERROR] LogOutputStream:75 - [STDERR_REDIRECT] [Fatal Error] :1:1: Premature end of file.
2025-01-26 23:20:27,931 [ERROR] LogOutputStream:75 - [STDERR_REDIRECT] 
2025-01-26 23:20:28,934 [ERROR] LogOutputStream:75 - [STDERR_REDIRECT] [Fatal Error] :1:1: Premature end of file.
2025-01-26 23:20:28,934 [ERROR] LogOutputStream:75 - [STDERR_REDIRECT] 
2025-01-26 23:20:29,937 [ERROR] LogOutputStream:75 - [STDERR_REDIRECT] [Fatal Error] :1:1: Premature end of file.
2025-01-26 23:20:29,937 [ERROR] LogOutputStream:75 - [STDERR_REDIRECT] 
2025-01-26 23:20:30,930 [ERROR] LogOutputStream:75 - [STDERR_REDIRECT] [Fatal Error] :1:1: Premature end of file.
2025-01-26 23:20:30,930 [ERROR] LogOutputStream:75 - [STDERR_REDIRECT] 
2025-01-26 23:20:31,929 [ERROR] LogOutputStream:75 - [STDERR_REDIRECT] [Fatal Error] :1:1: Premature end of file.
2025-01-26 23:20:31,929 [ERROR] LogOutputStream:75 - [STDERR_REDIRECT] 
2025-01-26 23:20:32,924 [ERROR] LogOutputStream:75 - [STDERR_REDIRECT] [Fatal Error] :1:1: Premature end of file.
2025-01-26 23:20:32,924 [ERROR] LogOutputStream:75 - [STDERR_REDIRECT] 
2025-01-26 23:20:33,926 [ERROR] LogOutputStream:75 - [STDERR_REDIRECT] [Fatal Error] :1:1: Premature end of file.
2025-01-26 23:20:33,926 [ERROR] LogOutputStream:75 - [STDERR_REDIRECT] 
2025-01-26 23:20:34,923 [ERROR] LogOutputStream:75 - [STDERR_REDIRECT] [Fatal Error] :1:1: Premature end of file.
2025-01-26 23:20:34,923 [ERROR] LogOutputStream:75 - [STDERR_REDIRECT] 
2025-01-26 23:20:35,920 [ERROR] LogOutputStream:75 - [STDERR_REDIRECT] [Fatal Error] :1:1: Premature end of file.
2025-01-26 23:20:35,920 [ERROR] LogOutputStream:75 - [STDERR_REDIRECT] 
2025-01-26 23:20:36,922 [ERROR] LogOutputStream:75 - [STDERR_REDIRECT] [Fatal Error] :1:1: Premature end of file.
2025-01-26 23:20:36,922 [ERROR] LogOutputStream:75 - [STDERR_REDIRECT] 
2025-01-26 23:20:37,925 [ERROR] LogOutputStream:75 - [STDERR_REDIRECT] [Fatal Error] :1:1: Premature end of file.
2025-01-26 23:20:37,925 [ERROR] LogOutputStream:75 - [STDERR_REDIRECT] 
2025-01-26 23:20:38,932 [ERROR] LogOutputStream:75 - [STDERR_REDIRECT] [Fatal Error] :1:1: Premature end of file.
2025-01-26 23:20:38,932 [ERROR] LogOutputStream:75 - [STDERR_REDIRECT] 
2025-01-26 23:20:39,931 [ERROR] LogOutputStream:75 - [STDERR_REDIRECT] [Fatal Error] :1:1: Premature end of file.
2025-01-26 23:20:39,932 [ERROR] LogOutputStream:75 - [STDERR_REDIRECT] 
2025-01-26 23:20:40,932 [ERROR] LogOutputStream:75 - [STDERR_REDIRECT] [Fatal Error] :1:1: Premature end of file.
2025-01-26 23:20:40,932 [ERROR] LogOutputStream:75 - [STDERR_REDIRECT] 
2025-01-26 23:20:41,925 [ERROR] LogOutputStream:75 - [STDERR_REDIRECT] [Fatal Error] :1:1: Premature end of file.
2025-01-26 23:20:41,925 [ERROR] LogOutputStream:75 - [STDERR_REDIRECT] 
2025-01-26 23:20:42,932 [ERROR] LogOutputStream:75 - [STDERR_REDIRECT] [Fatal Error] :1:1: Premature end of file.
2025-01-26 23:20:42,932 [ERROR] LogOutputStream:75 - [STDERR_REDIRECT] 
2025-01-26 23:20:43,916 [ERROR] LogOutputStream:75 - [STDERR_REDIRECT] [Fatal Error] :1:1: Premature end of file.
2025-01-26 23:20:43,918 [ERROR] LogOutputStream:75 - [STDERR_REDIRECT] 
2025-01-26 23:20:44,920 [ERROR] LogOutputStream:75 - [STDERR_REDIRECT] [Fatal Error] :1:1: Premature end of file.
2025-01-26 23:20:44,920 [ERROR] LogOutputStream:75 - [STDERR_REDIRECT] 
2025-01-26 23:20:45,925 [ERROR] LogOutputStream:75 - [STDERR_REDIRECT] [Fatal Error] :1:1: Premature end of file.
2025-01-26 23:20:45,925 [ERROR] LogOutputStream:75 - [STDERR_REDIRECT] 
2025-01-26 23:20:46,933 [ERROR] LogOutputStream:75 - [STDERR_REDIRECT] [Fatal Error] :1:1: Premature end of file.
2025-01-26 23:20:46,933 [ERROR] LogOutputStream:75 - [STDERR_REDIRECT] 
2025-01-26 23:20:47,919 [ERROR] LogOutputStream:75 - [STDERR_REDIRECT] [Fatal Error] :1:1: Premature end of file.
2025-01-26 23:20:47,919 [ERROR] LogOutputStream:75 - [STDERR_REDIRECT] 
2025-01-26 23:20:48,932 [ERROR] LogOutputStream:75 - [STDERR_REDIRECT] [Fatal Error] :1:1: Premature end of file.
2025-01-26 23:20:48,932 [ERROR] LogOutputStream:75 - [STDERR_REDIRECT] 
2025-01-26 23:20:49,920 [ERROR] LogOutputStream:75 - [STDERR_REDIRECT] [Fatal Error] :1:1: Premature end of file.
2025-01-26 23:20:49,920 [ERROR] LogOutputStream:75 - [STDERR_REDIRECT] 
2025-01-26 23:20:50,921 [ERROR] LogOutputStream:75 - [STDERR_REDIRECT] [Fatal Error] :1:1: Premature end of file.
2025-01-26 23:20:50,921 [ERROR] LogOutputStream:75 - [STDERR_REDIRECT] 
2025-01-26 23:20:51,922 [ERROR] LogOutputStream:75 - [STDERR_REDIRECT] [Fatal Error] :1:1: Premature end of file.
2025-01-26 23:20:51,922 [ERROR] LogOutputStream:75 - [STDERR_REDIRECT] 
2025-01-26 23:20:52,918 [ERROR] LogOutputStream:75 - [STDERR_REDIRECT] [Fatal Error] :1:1: Premature end of file.
2025-01-26 23:20:52,918 [ERROR] LogOutputStream:75 - [STDERR_REDIRECT] 
2025-01-26 23:20:53,923 [ERROR] LogOutputStream:75 - [STDERR_REDIRECT] [Fatal Error] :1:1: Premature end of file.
2025-01-26 23:20:53,923 [ERROR] LogOutputStream:75 - [STDERR_REDIRECT] 
2025-01-26 23:20:54,929 [ERROR] LogOutputStream:75 - [STDERR_REDIRECT] [Fatal Error] :1:1: Premature end of file.
2025-01-26 23:20:54,929 [ERROR] LogOutputStream:75 - [STDERR_REDIRECT] 
2025-01-26 23:20:55,929 [ERROR] LogOutputStream:75 - [STDERR_REDIRECT] [Fatal Error] :1:1: Premature end of file.
2025-01-26 23:20:55,929 [ERROR] LogOutputStream:75 - [STDERR_REDIRECT] 
2025-01-26 23:20:56,936 [ERROR] LogOutputStream:75 - [STDERR_REDIRECT] [Fatal Error] :1:1: Premature end of file.
2025-01-26 23:20:56,936 [ERROR] LogOutputStream:75 - [STDERR_REDIRECT] 
2025-01-26 23:20:57,916 [ERROR] LogOutputStream:75 - [STDERR_REDIRECT] [Fatal Error] :1:1: Premature end of file.
2025-01-26 23:20:57,916 [ERROR] LogOutputStream:75 - [STDERR_REDIRECT] 
2025-01-26 23:20:58,929 [ERROR] LogOutputStream:75 - [STDERR_REDIRECT] [Fatal Error] :1:1: Premature end of file.
2025-01-26 23:20:58,929 [ERROR] LogOutputStream:75 - [STDERR_REDIRECT] 
2025-01-26 23:20:59,919 [ERROR] LogOutputStream:75 - [STDERR_REDIRECT] [Fatal Error] :1:1: Premature end of file.
2025-01-26 23:20:59,919 [ERROR] LogOutputStream:75 - [STDERR_REDIRECT] 
2025-01-26 23:21:00,929 [ERROR] LogOutputStream:75 - [STDERR_REDIRECT] [Fatal Error] :1:1: Premature end of file.
2025-01-26 23:21:00,929 [ERROR] LogOutputStream:75 - [STDERR_REDIRECT] 
2025-01-26 23:21:01,926 [ERROR] LogOutputStream:75 - [STDERR_REDIRECT] [Fatal Error] :1:1: Premature end of file.
2025-01-26 23:21:01,926 [ERROR] LogOutputStream:75 - [STDERR_REDIRECT] 
2025-01-26 23:21:02,920 [ERROR] LogOutputStream:75 - [STDERR_REDIRECT] [Fatal Error] :1:1: Premature end of file.
2025-01-26 23:21:02,922 [ERROR] LogOutputStream:75 - [STDERR_REDIRECT] 
2025-01-26 23:21:03,919 [ERROR] LogOutputStream:75 - [STDERR_REDIRECT] [Fatal Error] :1:1: Premature end of file.
2025-01-26 23:21:03,919 [ERROR] LogOutputStream:75 - [STDERR_REDIRECT] 
2025-01-26 23:21:04,932 [ERROR] LogOutputStream:75 - [STDERR_REDIRECT] [Fatal Error] :1:1: Premature end of file.
2025-01-26 23:21:04,932 [ERROR] LogOutputStream:75 - [STDERR_REDIRECT] 
2025-01-26 23:21:05,917 [ERROR] LogOutputStream:75 - [STDERR_REDIRECT] [Fatal Error] :1:1: Premature end of file.
2025-01-26 23:21:05,917 [ERROR] LogOutputStream:75 - [STDERR_REDIRECT] 
2025-01-26 23:21:06,924 [ERROR] LogOutputStream:75 - [STDERR_REDIRECT] [Fatal Error] :1:1: Premature end of file.
2025-01-26 23:21:06,924 [ERROR] LogOutputStream:75 - [STDERR_REDIRECT] 
2025-01-26 23:21:07,922 [ERROR] LogOutputStream:75 - [STDERR_REDIRECT] [Fatal Error] :1:1: Premature end of file.
2025-01-26 23:21:07,922 [ERROR] LogOutputStream:75 - [STDERR_REDIRECT] 
2025-01-26 23:21:08,924 [ERROR] LogOutputStream:75 - [STDERR_REDIRECT] [Fatal Error] :1:1: Premature end of file.
2025-01-26 23:21:08,924 [ERROR] LogOutputStream:75 - [STDERR_REDIRECT] 
2025-01-26 23:21:09,932 [ERROR] LogOutputStream:75 - [STDERR_REDIRECT] [Fatal Error] :1:1: Premature end of file.
2025-01-26 23:21:09,932 [ERROR] LogOutputStream:75 - [STDERR_REDIRECT] 
2025-01-26 23:21:10,928 [ERROR] LogOutputStream:75 - [STDERR_REDIRECT] [Fatal Error] :1:1: Premature end of file.
2025-01-26 23:21:10,928 [ERROR] LogOutputStream:75 - [STDERR_REDIRECT] 
2025-01-26 23:21:11,934 [ERROR] LogOutputStream:75 - [STDERR_REDIRECT] [Fatal Error] :1:1: Premature end of file.
2025-01-26 23:21:11,934 [ERROR] LogOutputStream:75 - [STDERR_REDIRECT] 
2025-01-26 23:21:12,933 [ERROR] LogOutputStream:75 - [STDERR_REDIRECT] [Fatal Error] :1:1: Premature end of file.
2025-01-26 23:21:12,933 [ERROR] LogOutputStream:75 - [STDERR_REDIRECT] 
2025-01-26 23:21:13,919 [ERROR] LogOutputStream:75 - [STDERR_REDIRECT] [Fatal Error] :1:1: Premature end of file.
2025-01-26 23:21:13,919 [ERROR] LogOutputStream:75 - [STDERR_REDIRECT] 
2025-01-26 23:21:14,922 [ERROR] LogOutputStream:75 - [STDERR_REDIRECT] [Fatal Error] :1:1: Premature end of file.
2025-01-26 23:21:14,922 [ERROR] LogOutputStream:75 - [STDERR_REDIRECT] 
2025-01-26 23:21:15,937 [ERROR] LogOutputStream:75 - [STDERR_REDIRECT] [Fatal Error] :1:1: Premature end of file.
2025-01-26 23:21:15,937 [ERROR] LogOutputStream:75 - [STDERR_REDIRECT] 
2025-01-26 23:21:16,915 [ERROR] LogOutputStream:75 - [STDERR_REDIRECT] [Fatal Error] :1:1: Premature end of file.
2025-01-26 23:21:16,915 [ERROR] LogOutputStream:75 - [STDERR_REDIRECT] 
2025-01-26 23:21:17,946 [ERROR] LogOutputStream:75 - [STDERR_REDIRECT] [Fatal Error] :1:1: Premature end of file.
2025-01-26 23:21:17,947 [ERROR] LogOutputStream:75 - [STDERR_REDIRECT] 
2025-01-26 23:21:18,925 [ERROR] LogOutputStream:75 - [STDERR_REDIRECT] [Fatal Error] :1:1: Premature end of file.
2025-01-26 23:21:18,925 [ERROR] LogOutputStream:75 - [STDERR_REDIRECT] 
2025-01-26 23:21:19,932 [ERROR] LogOutputStream:75 - [STDERR_REDIRECT] [Fatal Error] :1:1: Premature end of file.
2025-01-26 23:21:19,932 [ERROR] LogOutputStream:75 - [STDERR_REDIRECT] 
2025-01-26 23:21:20,916 [ERROR] LogOutputStream:75 - [STDERR_REDIRECT] [Fatal Error] :1:1: Premature end of file.
2025-01-26 23:21:20,916 [ERROR] LogOutputStream:75 - [STDERR_REDIRECT] 
2025-01-26 23:21:21,922 [ERROR] LogOutputStream:75 - [STDERR_REDIRECT] [Fatal Error] :1:1: Premature end of file.
2025-01-26 23:21:21,922 [ERROR] LogOutputStream:75 - [STDERR_REDIRECT] 
2025-01-26 23:21:22,928 [ERROR] LogOutputStream:75 - [STDERR_REDIRECT] [Fatal Error] :1:1: Premature end of file.
2025-01-26 23:21:22,928 [ERROR] LogOutputStream:75 - [STDERR_REDIRECT] 
2025-01-26 23:21:23,939 [ERROR] LogOutputStream:75 - [STDERR_REDIRECT] [Fatal Error] :1:1: Premature end of file.
2025-01-26 23:21:23,940 [ERROR] LogOutputStream:75 - [STDERR_REDIRECT] 
2025-01-26 23:21:24,918 [ERROR] LogOutputStream:75 - [STDERR_REDIRECT] [Fatal Error] :1:1: Premature end of file.
2025-01-26 23:21:24,918 [ERROR] LogOutputStream:75 - [STDERR_REDIRECT] 
2025-01-26 23:21:25,932 [ERROR] LogOutputStream:75 - [STDERR_REDIRECT] [Fatal Error] :1:1: Premature end of file.
2025-01-26 23:21:25,932 [ERROR] LogOutputStream:75 - [STDERR_REDIRECT] 
2025-01-26 23:21:26,933 [ERROR] LogOutputStream:75 - [STDERR_REDIRECT] [Fatal Error] :1:1: Premature end of file.
2025-01-26 23:21:26,933 [ERROR] LogOutputStream:75 - [STDERR_REDIRECT] 
2025-01-26 23:21:27,924 [ERROR] LogOutputStream:75 - [STDERR_REDIRECT] [Fatal Error] :1:1: Premature end of file.
2025-01-26 23:21:27,924 [ERROR] LogOutputStream:75 - [STDERR_REDIRECT] 
2025-01-26 23:21:28,933 [ERROR] LogOutputStream:75 - [STDERR_REDIRECT] [Fatal Error] :1:1: Premature end of file.
2025-01-26 23:21:28,933 [ERROR] LogOutputStream:75 - [STDERR_REDIRECT] 
2025-01-26 23:21:29,926 [ERROR] LogOutputStream:75 - [STDERR_REDIRECT] [Fatal Error] :1:1: Premature end of file.
2025-01-26 23:21:29,926 [ERROR] LogOutputStream:75 - [STDERR_REDIRECT] 
2025-01-26 23:21:30,932 [ERROR] LogOutputStream:75 - [STDERR_REDIRECT] [Fatal Error] :1:1: Premature end of file.
2025-01-26 23:21:30,932 [ERROR] LogOutputStream:75 - [STDERR_REDIRECT] 
2025-01-26 23:21:31,935 [ERROR] LogOutputStream:75 - [STDERR_REDIRECT] [Fatal Error] :1:1: Premature end of file.
2025-01-26 23:21:31,935 [ERROR] LogOutputStream:75 - [STDERR_REDIRECT] 
2025-01-26 23:21:32,938 [ERROR] LogOutputStream:75 - [STDERR_REDIRECT] [Fatal Error] :1:1: Premature end of file.
2025-01-26 23:21:32,938 [ERROR] LogOutputStream:75 - [STDERR_REDIRECT] 
2025-01-26 23:21:33,919 [ERROR] LogOutputStream:75 - [STDERR_REDIRECT] [Fatal Error] :1:1: Premature end of file.
2025-01-26 23:21:33,919 [ERROR] LogOutputStream:75 - [STDERR_REDIRECT] 
2025-01-26 23:21:34,935 [ERROR] LogOutputStream:75 - [STDERR_REDIRECT] [Fatal Error] :1:1: Premature end of file.
2025-01-26 23:21:34,935 [ERROR] LogOutputStream:75 - [STDERR_REDIRECT] 
2025-01-26 23:21:35,926 [ERROR] LogOutputStream:75 - [STDERR_REDIRECT] [Fatal Error] :1:1: Premature end of file.
2025-01-26 23:21:35,926 [ERROR] LogOutputStream:75 - [STDERR_REDIRECT] 
2025-01-26 23:21:36,928 [ERROR] LogOutputStream:75 - [STDERR_REDIRECT] [Fatal Error] :1:1: Premature end of file.
2025-01-26 23:21:36,928 [ERROR] LogOutputStream:75 - [STDERR_REDIRECT] 
2025-01-26 23:21:37,935 [ERROR] LogOutputStream:75 - [STDERR_REDIRECT] [Fatal Error] :1:1: Premature end of file.
2025-01-26 23:21:37,935 [ERROR] LogOutputStream:75 - [STDERR_REDIRECT] 
2025-01-26 23:21:38,931 [ERROR] LogOutputStream:75 - [STDERR_REDIRECT] [Fatal Error] :1:1: Premature end of file.
2025-01-26 23:21:38,931 [ERROR] LogOutputStream:75 - [STDERR_REDIRECT] 
2025-01-26 23:21:39,934 [ERROR] LogOutputStream:75 - [STDERR_REDIRECT] [Fatal Error] :1:1: Premature end of file.
2025-01-26 23:21:39,934 [ERROR] LogOutputStream:75 - [STDERR_REDIRECT] 
2025-01-26 23:21:40,918 [ERROR] LogOutputStream:75 - [STDERR_REDIRECT] [Fatal Error] :1:1: Premature end of file.
2025-01-26 23:21:40,918 [ERROR] LogOutputStream:75 - [STDERR_REDIRECT] 
2025-01-26 23:21:41,935 [ERROR] LogOutputStream:75 - [STDERR_REDIRECT] [Fatal Error] :1:1: Premature end of file.
2025-01-26 23:21:41,935 [ERROR] LogOutputStream:75 - [STDERR_REDIRECT] 
2025-01-26 23:21:42,930 [ERROR] LogOutputStream:75 - [STDERR_REDIRECT] [Fatal Error] :1:1: Premature end of file.
2025-01-26 23:21:42,930 [ERROR] LogOutputStream:75 - [STDERR_REDIRECT] 
2025-01-26 23:21:43,942 [ERROR] LogOutputStream:75 - [STDERR_REDIRECT] [Fatal Error] :1:1: Premature end of file.
2025-01-26 23:21:43,942 [ERROR] LogOutputStream:75 - [STDERR_REDIRECT] 
2025-01-26 23:21:44,922 [ERROR] LogOutputStream:75 - [STDERR_REDIRECT] [Fatal Error] :1:1: Premature end of file.
2025-01-26 23:21:44,924 [ERROR] LogOutputStream:75 - [STDERR_REDIRECT] 
2025-01-26 23:21:45,938 [ERROR] LogOutputStream:75 - [STDERR_REDIRECT] [Fatal Error] :1:1: Premature end of file.
2025-01-26 23:21:45,938 [ERROR] LogOutputStream:75 - [STDERR_REDIRECT] 
2025-01-26 23:21:46,938 [ERROR] LogOutputStream:75 - [STDERR_REDIRECT] [Fatal Error] :1:1: Premature end of file.
2025-01-26 23:21:46,938 [ERROR] LogOutputStream:75 - [STDERR_REDIRECT] 
2025-01-26 23:21:47,929 [ERROR] LogOutputStream:75 - [STDERR_REDIRECT] [Fatal Error] :1:1: Premature end of file.
2025-01-26 23:21:47,929 [ERROR] LogOutputStream:75 - [STDERR_REDIRECT] 
2025-01-26 23:21:48,932 [ERROR] LogOutputStream:75 - [STDERR_REDIRECT] [Fatal Error] :1:1: Premature end of file.
2025-01-26 23:21:48,932 [ERROR] LogOutputStream:75 - [STDERR_REDIRECT] 
2025-01-26 23:21:49,944 [ERROR] LogOutputStream:75 - [STDERR_REDIRECT] [Fatal Error] :1:1: Premature end of file.
2025-01-26 23:21:49,944 [ERROR] LogOutputStream:75 - [STDERR_REDIRECT] 
2025-01-26 23:21:50,943 [ERROR] LogOutputStream:75 - [STDERR_REDIRECT] [Fatal Error] :1:1: Premature end of file.
2025-01-26 23:21:50,943 [ERROR] LogOutputStream:75 - [STDERR_REDIRECT] 
2025-01-26 23:21:51,929 [ERROR] LogOutputStream:75 - [STDERR_REDIRECT] [Fatal Error] :1:1: Premature end of file.
2025-01-26 23:21:51,929 [ERROR] LogOutputStream:75 - [STDERR_REDIRECT] 
2025-01-26 23:21:52,935 [ERROR] LogOutputStream:75 - [STDERR_REDIRECT] [Fatal Error] :1:1: Premature end of file.
2025-01-26 23:21:52,935 [ERROR] LogOutputStream:75 - [STDERR_REDIRECT] 
2025-01-26 23:21:53,928 [ERROR] LogOutputStream:75 - [STDERR_REDIRECT] [Fatal Error] :1:1: Premature end of file.
2025-01-26 23:21:53,928 [ERROR] LogOutputStream:75 - [STDERR_REDIRECT] 
2025-01-26 23:21:54,936 [ERROR] LogOutputStream:75 - [STDERR_REDIRECT] [Fatal Error] :1:1: Premature end of file.
2025-01-26 23:21:54,936 [ERROR] LogOutputStream:75 - [STDERR_REDIRECT] 
2025-01-26 23:21:55,942 [ERROR] LogOutputStream:75 - [STDERR_REDIRECT] [Fatal Error] :1:1: Premature end of file.
2025-01-26 23:21:55,942 [ERROR] LogOutputStream:75 - [STDERR_REDIRECT] 
2025-01-26 23:21:56,933 [ERROR] LogOutputStream:75 - [STDERR_REDIRECT] [Fatal Error] :1:1: Premature end of file.
2025-01-26 23:21:56,933 [ERROR] LogOutputStream:75 - [STDERR_REDIRECT] 
2025-01-26 23:21:57,933 [ERROR] LogOutputStream:75 - [STDERR_REDIRECT] [Fatal Error] :1:1: Premature end of file.
2025-01-26 23:21:57,933 [ERROR] LogOutputStream:75 - [STDERR_REDIRECT] 
2025-01-26 23:21:58,919 [ERROR] LogOutputStream:75 - [STDERR_REDIRECT] [Fatal Error] :1:1: Premature end of file.
2025-01-26 23:21:58,919 [ERROR] LogOutputStream:75 - [STDERR_REDIRECT] 
2025-01-26 23:21:59,918 [ERROR] LogOutputStream:75 - [STDERR_REDIRECT] [Fatal Error] :1:1: Premature end of file.
2025-01-26 23:21:59,918 [ERROR] LogOutputStream:75 - [STDERR_REDIRECT] 
2025-01-26 23:22:00,917 [ERROR] LogOutputStream:75 - [STDERR_REDIRECT] [Fatal Error] :1:1: Premature end of file.
2025-01-26 23:22:00,917 [ERROR] LogOutputStream:75 - [STDERR_REDIRECT] 
2025-01-26 23:22:01,935 [ERROR] LogOutputStream:75 - [STDERR_REDIRECT] [Fatal Error] :1:1: Premature end of file.
2025-01-26 23:22:01,935 [ERROR] LogOutputStream:75 - [STDERR_REDIRECT] 
2025-01-26 23:22:02,929 [ERROR] LogOutputStream:75 - [STDERR_REDIRECT] [Fatal Error] :1:1: Premature end of file.
2025-01-26 23:22:02,929 [ERROR] LogOutputStream:75 - [STDERR_REDIRECT] 
2025-01-26 23:22:03,943 [ERROR] LogOutputStream:75 - [STDERR_REDIRECT] [Fatal Error] :1:1: Premature end of file.
2025-01-26 23:22:03,943 [ERROR] LogOutputStream:75 - [STDERR_REDIRECT] 
2025-01-26 23:22:04,938 [ERROR] LogOutputStream:75 - [STDERR_REDIRECT] [Fatal Error] :1:1: Premature end of file.
2025-01-26 23:22:04,938 [ERROR] LogOutputStream:75 - [STDERR_REDIRECT] 
2025-01-26 23:22:05,951 [ERROR] LogOutputStream:75 - [STDERR_REDIRECT] [Fatal Error] :1:1: Premature end of file.
2025-01-26 23:22:05,951 [ERROR] LogOutputStream:75 - [STDERR_REDIRECT] 
2025-01-26 23:22:06,937 [ERROR] LogOutputStream:75 - [STDERR_REDIRECT] [Fatal Error] :1:1: Premature end of file.
2025-01-26 23:22:06,937 [ERROR] LogOutputStream:75 - [STDERR_REDIRECT] 
2025-01-26 23:22:07,938 [ERROR] LogOutputStream:75 - [STDERR_REDIRECT] [Fatal Error] :1:1: Premature end of file.
2025-01-26 23:22:07,938 [ERROR] LogOutputStream:75 - [STDERR_REDIRECT] 
2025-01-26 23:22:08,938 [ERROR] LogOutputStream:75 - [STDERR_REDIRECT] [Fatal Error] :1:1: Premature end of file.
2025-01-26 23:22:08,938 [ERROR] LogOutputStream:75 - [STDERR_REDIRECT] 
2025-01-26 23:22:09,937 [ERROR] LogOutputStream:75 - [STDERR_REDIRECT] [Fatal Error] :1:1: Premature end of file.
2025-01-26 23:22:09,937 [ERROR] LogOutputStream:75 - [STDERR_REDIRECT] 
2025-01-26 23:22:10,937 [ERROR] LogOutputStream:75 - [STDERR_REDIRECT] [Fatal Error] :1:1: Premature end of file.
2025-01-26 23:22:10,937 [ERROR] LogOutputStream:75 - [STDERR_REDIRECT] 
2025-01-26 23:22:11,929 [ERROR] LogOutputStream:75 - [STDERR_REDIRECT] [Fatal Error] :1:1: Premature end of file.
2025-01-26 23:22:11,929 [ERROR] LogOutputStream:75 - [STDERR_REDIRECT] 
2025-01-26 23:22:12,939 [ERROR] LogOutputStream:75 - [STDERR_REDIRECT] [Fatal Error] :1:1: Premature end of file.
2025-01-26 23:22:12,939 [ERROR] LogOutputStream:75 - [STDERR_REDIRECT] 
2025-01-26 23:22:13,944 [ERROR] LogOutputStream:75 - [STDERR_REDIRECT] [Fatal Error] :1:1: Premature end of file.
2025-01-26 23:22:13,944 [ERROR] LogOutputStream:75 - [STDERR_REDIRECT] 
2025-01-26 23:22:14,946 [ERROR] LogOutputStream:75 - [STDERR_REDIRECT] [Fatal Error] :1:1: Premature end of file.
2025-01-26 23:22:14,946 [ERROR] LogOutputStream:75 - [STDERR_REDIRECT] 
2025-01-26 23:22:15,932 [ERROR] LogOutputStream:75 - [STDERR_REDIRECT] [Fatal Error] :1:1: Premature end of file.
2025-01-26 23:22:15,932 [ERROR] LogOutputStream:75 - [STDERR_REDIRECT] 
2025-01-26 23:22:16,936 [ERROR] LogOutputStream:75 - [STDERR_REDIRECT] [Fatal Error] :1:1: Premature end of file.
2025-01-26 23:22:16,936 [ERROR] LogOutputStream:75 - [STDERR_REDIRECT] 
2025-01-26 23:22:17,931 [ERROR] LogOutputStream:75 - [STDERR_REDIRECT] [Fatal Error] :1:1: Premature end of file.
2025-01-26 23:22:17,933 [ERROR] LogOutputStream:75 - [STDERR_REDIRECT] 
2025-01-26 23:22:18,936 [ERROR] LogOutputStream:75 - [STDERR_REDIRECT] [Fatal Error] :1:1: Premature end of file.
2025-01-26 23:22:18,936 [ERROR] LogOutputStream:75 - [STDERR_REDIRECT] 
2025-01-26 23:22:19,942 [ERROR] LogOutputStream:75 - [STDERR_REDIRECT] [Fatal Error] :1:1: Premature end of file.
2025-01-26 23:22:19,942 [ERROR] LogOutputStream:75 - [STDERR_REDIRECT] 
2025-01-26 23:22:20,933 [ERROR] LogOutputStream:75 - [STDERR_REDIRECT] [Fatal Error] :1:1: Premature end of file.
2025-01-26 23:22:20,933 [ERROR] LogOutputStream:75 - [STDERR_REDIRECT] 
2025-01-26 23:22:21,922 [ERROR] LogOutputStream:75 - [STDERR_REDIRECT] [Fatal Error] :1:1: Premature end of file.
2025-01-26 23:22:21,922 [ERROR] LogOutputStream:75 - [STDERR_REDIRECT] 
2025-01-26 23:22:22,944 [ERROR] LogOutputStream:75 - [STDERR_REDIRECT] [Fatal Error] :1:1: Premature end of file.
2025-01-26 23:22:22,944 [ERROR] LogOutputStream:75 - [STDERR_REDIRECT] 
2025-01-26 23:22:23,931 [ERROR] LogOutputStream:75 - [STDERR_REDIRECT] [Fatal Error] :1:1: Premature end of file.
2025-01-26 23:22:23,931 [ERROR] LogOutputStream:75 - [STDERR_REDIRECT] 
2025-01-26 23:22:24,932 [ERROR] LogOutputStream:75 - [STDERR_REDIRECT] [Fatal Error] :1:1: Premature end of file.
2025-01-26 23:22:24,932 [ERROR] LogOutputStream:75 - [STDERR_REDIRECT] 
2025-01-26 23:22:25,934 [ERROR] LogOutputStream:75 - [STDERR_REDIRECT] [Fatal Error] :1:1: Premature end of file.
2025-01-26 23:22:25,936 [ERROR] LogOutputStream:75 - [STDERR_REDIRECT] 
2025-01-26 23:22:26,928 [ERROR] LogOutputStream:75 - [STDERR_REDIRECT] [Fatal Error] :1:1: Premature end of file.
2025-01-26 23:22:26,928 [ERROR] LogOutputStream:75 - [STDERR_REDIRECT] 
2025-01-26 23:22:27,930 [ERROR] LogOutputStream:75 - [STDERR_REDIRECT] [Fatal Error] :1:1: Premature end of file.
2025-01-26 23:22:27,930 [ERROR] LogOutputStream:75 - [STDERR_REDIRECT] 
2025-01-26 23:22:28,925 [ERROR] LogOutputStream:75 - [STDERR_REDIRECT] [Fatal Error] :1:1: Premature end of file.
2025-01-26 23:22:28,925 [ERROR] LogOutputStream:75 - [STDERR_REDIRECT] 
2025-01-26 23:22:29,932 [ERROR] LogOutputStream:75 - [STDERR_REDIRECT] [Fatal Error] :1:1: Premature end of file.
2025-01-26 23:22:29,932 [ERROR] LogOutputStream:75 - [STDERR_REDIRECT] 
2025-01-26 23:22:30,947 [ERROR] LogOutputStream:75 - [STDERR_REDIRECT] [Fatal Error] :1:1: Premature end of file.
2025-01-26 23:22:30,947 [ERROR] LogOutputStream:75 - [STDERR_REDIRECT] 
2025-01-26 23:22:31,951 [ERROR] LogOutputStream:75 - [STDERR_REDIRECT] [Fatal Error] :1:1: Premature end of file.
2025-01-26 23:22:31,951 [ERROR] LogOutputStream:75 - [STDERR_REDIRECT] 
2025-01-26 23:22:32,950 [ERROR] LogOutputStream:75 - [STDERR_REDIRECT] [Fatal Error] :1:1: Premature end of file.
2025-01-26 23:22:32,951 [ERROR] LogOutputStream:75 - [STDERR_REDIRECT] 
2025-01-26 23:22:33,936 [ERROR] LogOutputStream:75 - [STDERR_REDIRECT] [Fatal Error] :1:1: Premature end of file.
2025-01-26 23:22:33,936 [ERROR] LogOutputStream:75 - [STDERR_REDIRECT] 
2025-01-26 23:22:34,936 [ERROR] LogOutputStream:75 - [STDERR_REDIRECT] [Fatal Error] :1:1: Premature end of file.
2025-01-26 23:22:34,936 [ERROR] LogOutputStream:75 - [STDERR_REDIRECT] 
2025-01-26 23:22:35,945 [ERROR] LogOutputStream:75 - [STDERR_REDIRECT] [Fatal Error] :1:1: Premature end of file.
2025-01-26 23:22:35,945 [ERROR] LogOutputStream:75 - [STDERR_REDIRECT] 
2025-01-26 23:22:36,941 [ERROR] LogOutputStream:75 - [STDERR_REDIRECT] [Fatal Error] :1:1: Premature end of file.
2025-01-26 23:22:36,941 [ERROR] LogOutputStream:75 - [STDERR_REDIRECT] 
2025-01-26 23:22:37,938 [ERROR] LogOutputStream:75 - [STDERR_REDIRECT] [Fatal Error] :1:1: Premature end of file.
2025-01-26 23:22:37,938 [ERROR] LogOutputStream:75 - [STDERR_REDIRECT] 
2025-01-26 23:22:38,934 [ERROR] LogOutputStream:75 - [STDERR_REDIRECT] [Fatal Error] :1:1: Premature end of file.
2025-01-26 23:22:38,934 [ERROR] LogOutputStream:75 - [STDERR_REDIRECT] 
2025-01-26 23:22:39,926 [ERROR] LogOutputStream:75 - [STDERR_REDIRECT] [Fatal Error] :1:1: Premature end of file.
2025-01-26 23:22:39,928 [ERROR] LogOutputStream:75 - [STDERR_REDIRECT] 
2025-01-26 23:22:40,931 [ERROR] LogOutputStream:75 - [STDERR_REDIRECT] [Fatal Error] :1:1: Premature end of file.
2025-01-26 23:22:40,931 [ERROR] LogOutputStream:75 - [STDERR_REDIRECT] 
2025-01-26 23:22:41,941 [ERROR] LogOutputStream:75 - [STDERR_REDIRECT] [Fatal Error] :1:1: Premature end of file.
2025-01-26 23:22:41,941 [ERROR] LogOutputStream:75 - [STDERR_REDIRECT] 
2025-01-26 23:22:42,933 [ERROR] LogOutputStream:75 - [STDERR_REDIRECT] [Fatal Error] :1:1: Premature end of file.
2025-01-26 23:22:42,933 [ERROR] LogOutputStream:75 - [STDERR_REDIRECT] 
2025-01-26 23:22:43,946 [ERROR] LogOutputStream:75 - [STDERR_REDIRECT] [Fatal Error] :1:1: Premature end of file.
2025-01-26 23:22:43,946 [ERROR] LogOutputStream:75 - [STDERR_REDIRECT] 
2025-01-26 23:22:44,931 [ERROR] LogOutputStream:75 - [STDERR_REDIRECT] [Fatal Error] :1:1: Premature end of file.
2025-01-26 23:22:44,931 [ERROR] LogOutputStream:75 - [STDERR_REDIRECT] 
2025-01-26 23:22:45,946 [ERROR] LogOutputStream:75 - [STDERR_REDIRECT] [Fatal Error] :1:1: Premature end of file.
2025-01-26 23:22:45,946 [ERROR] LogOutputStream:75 - [STDERR_REDIRECT] 
2025-01-26 23:22:46,935 [ERROR] LogOutputStream:75 - [STDERR_REDIRECT] [Fatal Error] :1:1: Premature end of file.
2025-01-26 23:22:46,935 [ERROR] LogOutputStream:75 - [STDERR_REDIRECT] 
2025-01-26 23:22:47,930 [ERROR] LogOutputStream:75 - [STDERR_REDIRECT] [Fatal Error] :1:1: Premature end of file.
2025-01-26 23:22:47,930 [ERROR] LogOutputStream:75 - [STDERR_REDIRECT] 
2025-01-26 23:22:48,934 [ERROR] LogOutputStream:75 - [STDERR_REDIRECT] [Fatal Error] :1:1: Premature end of file.
2025-01-26 23:22:48,936 [ERROR] LogOutputStream:75 - [STDERR_REDIRECT] 
2025-01-26 23:22:49,927 [ERROR] LogOutputStream:75 - [STDERR_REDIRECT] [Fatal Error] :1:1: Premature end of file.
2025-01-26 23:22:49,927 [ERROR] LogOutputStream:75 - [STDERR_REDIRECT] 
2025-01-26 23:22:50,930 [ERROR] LogOutputStream:75 - [STDERR_REDIRECT] [Fatal Error] :1:1: Premature end of file.
2025-01-26 23:22:50,932 [ERROR] LogOutputStream:75 - [STDERR_REDIRECT] 
2025-01-26 23:22:51,935 [ERROR] LogOutputStream:75 - [STDERR_REDIRECT] [Fatal Error] :1:1: Premature end of file.
2025-01-26 23:22:51,935 [ERROR] LogOutputStream:75 - [STDERR_REDIRECT] 
2025-01-26 23:22:52,944 [ERROR] LogOutputStream:75 - [STDERR_REDIRECT] [Fatal Error] :1:1: Premature end of file.
2025-01-26 23:22:52,944 [ERROR] LogOutputStream:75 - [STDERR_REDIRECT] 
2025-01-26 23:22:53,933 [ERROR] LogOutputStream:75 - [STDERR_REDIRECT] [Fatal Error] :1:1: Premature end of file.
2025-01-26 23:22:53,933 [ERROR] LogOutputStream:75 - [STDERR_REDIRECT] 
2025-01-26 23:22:54,938 [ERROR] LogOutputStream:75 - [STDERR_REDIRECT] [Fatal Error] :1:1: Premature end of file.
2025-01-26 23:22:54,938 [ERROR] LogOutputStream:75 - [STDERR_REDIRECT] 
2025-01-26 23:22:55,933 [ERROR] LogOutputStream:75 - [STDERR_REDIRECT] [Fatal Error] :1:1: Premature end of file.
2025-01-26 23:22:55,933 [ERROR] LogOutputStream:75 - [STDERR_REDIRECT] 
2025-01-26 23:22:56,940 [ERROR] LogOutputStream:75 - [STDERR_REDIRECT] [Fatal Error] :1:1: Premature end of file.
2025-01-26 23:22:56,940 [ERROR] LogOutputStream:75 - [STDERR_REDIRECT] 
2025-01-26 23:22:57,937 [ERROR] LogOutputStream:75 - [STDERR_REDIRECT] [Fatal Error] :1:1: Premature end of file.
2025-01-26 23:22:57,937 [ERROR] LogOutputStream:75 - [STDERR_REDIRECT] 
2025-01-26 23:22:58,944 [ERROR] LogOutputStream:75 - [STDERR_REDIRECT] [Fatal Error] :1:1: Premature end of file.
2025-01-26 23:22:58,944 [ERROR] LogOutputStream:75 - [STDERR_REDIRECT] 
2025-01-26 23:22:59,937 [ERROR] LogOutputStream:75 - [STDERR_REDIRECT] [Fatal Error] :1:1: Premature end of file.
2025-01-26 23:22:59,937 [ERROR] LogOutputStream:75 - [STDERR_REDIRECT] 
2025-01-26 23:23:00,935 [ERROR] LogOutputStream:75 - [STDERR_REDIRECT] [Fatal Error] :1:1: Premature end of file.
2025-01-26 23:23:00,935 [ERROR] LogOutputStream:75 - [STDERR_REDIRECT] 
2025-01-26 23:23:01,928 [ERROR] LogOutputStream:75 - [STDERR_REDIRECT] [Fatal Error] :1:1: Premature end of file.
2025-01-26 23:23:01,928 [ERROR] LogOutputStream:75 - [STDERR_REDIRECT] 
2025-01-26 23:23:02,937 [ERROR] LogOutputStream:75 - [STDERR_REDIRECT] [Fatal Error] :1:1: Premature end of file.
2025-01-26 23:23:02,939 [ERROR] LogOutputStream:75 - [STDERR_REDIRECT] 
2025-01-26 23:23:03,936 [ERROR] LogOutputStream:75 - [STDERR_REDIRECT] [Fatal Error] :1:1: Premature end of file.
2025-01-26 23:23:03,936 [ERROR] LogOutputStream:75 - [STDERR_REDIRECT] 
2025-01-26 23:23:04,943 [ERROR] LogOutputStream:75 - [STDERR_REDIRECT] [Fatal Error] :1:1: Premature end of file.
2025-01-26 23:23:04,943 [ERROR] LogOutputStream:75 - [STDERR_REDIRECT] 
2025-01-26 23:23:05,928 [ERROR] LogOutputStream:75 - [STDERR_REDIRECT] [Fatal Error] :1:1: Premature end of file.
2025-01-26 23:23:05,928 [ERROR] LogOutputStream:75 - [STDERR_REDIRECT] 
2025-01-26 23:23:06,934 [ERROR] LogOutputStream:75 - [STDERR_REDIRECT] [Fatal Error] :1:1: Premature end of file.
2025-01-26 23:23:06,934 [ERROR] LogOutputStream:75 - [STDERR_REDIRECT] 
2025-01-26 23:23:07,940 [ERROR] LogOutputStream:75 - [STDERR_REDIRECT] [Fatal Error] :1:1: Premature end of file.
2025-01-26 23:23:07,940 [ERROR] LogOutputStream:75 - [STDERR_REDIRECT] 
2025-01-26 23:23:08,928 [ERROR] LogOutputStream:75 - [STDERR_REDIRECT] [Fatal Error] :1:1: Premature end of file.
2025-01-26 23:23:08,928 [ERROR] LogOutputStream:75 - [STDERR_REDIRECT] 
2025-01-26 23:23:09,927 [ERROR] LogOutputStream:75 - [STDERR_REDIRECT] [Fatal Error] :1:1: Premature end of file.
2025-01-26 23:23:09,927 [ERROR] LogOutputStream:75 - [STDERR_REDIRECT] 
2025-01-26 23:23:10,925 [ERROR] LogOutputStream:75 - [STDERR_REDIRECT] [Fatal Error] :1:1: Premature end of file.
2025-01-26 23:23:10,925 [ERROR] LogOutputStream:75 - [STDERR_REDIRECT] 
2025-01-26 23:23:11,962 [ERROR] LogOutputStream:75 - [STDERR_REDIRECT] [Fatal Error] :1:1: Premature end of file.
2025-01-26 23:23:11,962 [ERROR] LogOutputStream:75 - [STDERR_REDIRECT] 
2025-01-26 23:23:12,937 [ERROR] LogOutputStream:75 - [STDERR_REDIRECT] [Fatal Error] :1:1: Premature end of file.
2025-01-26 23:23:12,937 [ERROR] LogOutputStream:75 - [STDERR_REDIRECT] 
2025-01-26 23:23:13,937 [ERROR] LogOutputStream:75 - [STDERR_REDIRECT] [Fatal Error] :1:1: Premature end of file.
2025-01-26 23:23:13,937 [ERROR] LogOutputStream:75 - [STDERR_REDIRECT] 
2025-01-26 23:23:14,931 [ERROR] LogOutputStream:75 - [STDERR_REDIRECT] [Fatal Error] :1:1: Premature end of file.
2025-01-26 23:23:14,931 [ERROR] LogOutputStream:75 - [STDERR_REDIRECT] 
2025-01-26 23:23:15,932 [ERROR] LogOutputStream:75 - [STDERR_REDIRECT] [Fatal Error] :1:1: Premature end of file.
2025-01-26 23:23:15,932 [ERROR] LogOutputStream:75 - [STDERR_REDIRECT] 
2025-01-26 23:23:16,935 [ERROR] LogOutputStream:75 - [STDERR_REDIRECT] [Fatal Error] :1:1: Premature end of file.
2025-01-26 23:23:16,935 [ERROR] LogOutputStream:75 - [STDERR_REDIRECT] 
2025-01-26 23:23:17,934 [ERROR] LogOutputStream:75 - [STDERR_REDIRECT] [Fatal Error] :1:1: Premature end of file.
2025-01-26 23:23:17,934 [ERROR] LogOutputStream:75 - [STDERR_REDIRECT] 
2025-01-26 23:23:18,928 [ERROR] LogOutputStream:75 - [STDERR_REDIRECT] [Fatal Error] :1:1: Premature end of file.
2025-01-26 23:23:18,928 [ERROR] LogOutputStream:75 - [STDERR_REDIRECT] 
2025-01-26 23:23:19,925 [ERROR] LogOutputStream:75 - [STDERR_REDIRECT] [Fatal Error] :1:1: Premature end of file.
2025-01-26 23:23:19,925 [ERROR] LogOutputStream:75 - [STDERR_REDIRECT] 
2025-01-26 23:23:20,941 [ERROR] LogOutputStream:75 - [STDERR_REDIRECT] [Fatal Error] :1:1: Premature end of file.
2025-01-26 23:23:20,941 [ERROR] LogOutputStream:75 - [STDERR_REDIRECT] 
2025-01-26 23:23:21,957 [ERROR] LogOutputStream:75 - [STDERR_REDIRECT] [Fatal Error] :1:1: Premature end of file.
2025-01-26 23:23:21,957 [ERROR] LogOutputStream:75 - [STDERR_REDIRECT] 
2025-01-26 23:23:22,944 [ERROR] LogOutputStream:75 - [STDERR_REDIRECT] [Fatal Error] :1:1: Premature end of file.
2025-01-26 23:23:22,944 [ERROR] LogOutputStream:75 - [STDERR_REDIRECT] 
2025-01-26 23:23:23,936 [ERROR] LogOutputStream:75 - [STDERR_REDIRECT] [Fatal Error] :1:1: Premature end of file.
2025-01-26 23:23:23,936 [ERROR] LogOutputStream:75 - [STDERR_REDIRECT] 
2025-01-26 23:23:24,946 [ERROR] LogOutputStream:75 - [STDERR_REDIRECT] [Fatal Error] :1:1: Premature end of file.
2025-01-26 23:23:24,946 [ERROR] LogOutputStream:75 - [STDERR_REDIRECT] 
2025-01-26 23:23:25,936 [ERROR] LogOutputStream:75 - [STDERR_REDIRECT] [Fatal Error] :1:1: Premature end of file.
2025-01-26 23:23:25,936 [ERROR] LogOutputStream:75 - [STDERR_REDIRECT] 
2025-01-26 23:23:26,933 [ERROR] LogOutputStream:75 - [STDERR_REDIRECT] [Fatal Error] :1:1: Premature end of file.
2025-01-26 23:23:26,933 [ERROR] LogOutputStream:75 - [STDERR_REDIRECT] 
2025-01-26 23:23:27,933 [ERROR] LogOutputStream:75 - [STDERR_REDIRECT] [Fatal Error] :1:1: Premature end of file.
2025-01-26 23:23:27,933 [ERROR] LogOutputStream:75 - [STDERR_REDIRECT] 
2025-01-26 23:23:28,943 [ERROR] LogOutputStream:75 - [STDERR_REDIRECT] [Fatal Error] :1:1: Premature end of file.
2025-01-26 23:23:28,943 [ERROR] LogOutputStream:75 - [STDERR_REDIRECT] 
2025-01-26 23:23:29,934 [ERROR] LogOutputStream:75 - [STDERR_REDIRECT] [Fatal Error] :1:1: Premature end of file.
2025-01-26 23:23:29,934 [ERROR] LogOutputStream:75 - [STDERR_REDIRECT] 
2025-01-26 23:23:30,936 [ERROR] LogOutputStream:75 - [STDERR_REDIRECT] [Fatal Error] :1:1: Premature end of file.
2025-01-26 23:23:30,936 [ERROR] LogOutputStream:75 - [STDERR_REDIRECT] 
2025-01-26 23:23:31,940 [ERROR] LogOutputStream:75 - [STDERR_REDIRECT] [Fatal Error] :1:1: Premature end of file.
2025-01-26 23:23:31,940 [ERROR] LogOutputStream:75 - [STDERR_REDIRECT] 
2025-01-26 23:23:32,931 [ERROR] LogOutputStream:75 - [STDERR_REDIRECT] [Fatal Error] :1:1: Premature end of file.
2025-01-26 23:23:32,931 [ERROR] LogOutputStream:75 - [STDERR_REDIRECT] 
2025-01-26 23:23:33,942 [ERROR] LogOutputStream:75 - [STDERR_REDIRECT] [Fatal Error] :1:1: Premature end of file.
2025-01-26 23:23:33,942 [ERROR] LogOutputStream:75 - [STDERR_REDIRECT] 
2025-01-26 23:23:34,941 [ERROR] LogOutputStream:75 - [STDERR_REDIRECT] [Fatal Error] :1:1: Premature end of file.
2025-01-26 23:23:34,941 [ERROR] LogOutputStream:75 - [STDERR_REDIRECT] 
2025-01-26 23:23:35,931 [ERROR] LogOutputStream:75 - [STDERR_REDIRECT] [Fatal Error] :1:1: Premature end of file.
2025-01-26 23:23:35,933 [ERROR] LogOutputStream:75 - [STDERR_REDIRECT] 
2025-01-26 23:23:36,941 [ERROR] LogOutputStream:75 - [STDERR_REDIRECT] [Fatal Error] :1:1: Premature end of file.
2025-01-26 23:23:36,942 [ERROR] LogOutputStream:75 - [STDERR_REDIRECT] 
2025-01-26 23:23:37,938 [ERROR] LogOutputStream:75 - [STDERR_REDIRECT] [Fatal Error] :1:1: Premature end of file.
2025-01-26 23:23:37,938 [ERROR] LogOutputStream:75 - [STDERR_REDIRECT] 
2025-01-26 23:23:38,947 [ERROR] LogOutputStream:75 - [STDERR_REDIRECT] [Fatal Error] :1:1: Premature end of file.
2025-01-26 23:23:38,947 [ERROR] LogOutputStream:75 - [STDERR_REDIRECT] 
2025-01-26 23:23:39,932 [ERROR] LogOutputStream:75 - [STDERR_REDIRECT] [Fatal Error] :1:1: Premature end of file.
2025-01-26 23:23:39,932 [ERROR] LogOutputStream:75 - [STDERR_REDIRECT] 
2025-01-26 23:23:40,934 [ERROR] LogOutputStream:75 - [STDERR_REDIRECT] [Fatal Error] :1:1: Premature end of file.
2025-01-26 23:23:40,934 [ERROR] LogOutputStream:75 - [STDERR_REDIRECT] 
2025-01-26 23:23:41,935 [ERROR] LogOutputStream:75 - [STDERR_REDIRECT] [Fatal Error] :1:1: Premature end of file.
2025-01-26 23:23:41,935 [ERROR] LogOutputStream:75 - [STDERR_REDIRECT] 
2025-01-26 23:23:42,934 [ERROR] LogOutputStream:75 - [STDERR_REDIRECT] [Fatal Error] :1:1: Premature end of file.
2025-01-26 23:23:42,934 [ERROR] LogOutputStream:75 - [STDERR_REDIRECT] 
2025-01-26 23:23:43,943 [ERROR] LogOutputStream:75 - [STDERR_REDIRECT] [Fatal Error] :1:1: Premature end of file.
2025-01-26 23:23:43,943 [ERROR] LogOutputStream:75 - [STDERR_REDIRECT] 
2025-01-26 23:23:44,945 [ERROR] LogOutputStream:75 - [STDERR_REDIRECT] [Fatal Error] :1:1: Premature end of file.
2025-01-26 23:23:44,945 [ERROR] LogOutputStream:75 - [STDERR_REDIRECT] 
2025-01-26 23:23:45,942 [ERROR] LogOutputStream:75 - [STDERR_REDIRECT] [Fatal Error] :1:1: Premature end of file.
2025-01-26 23:23:45,942 [ERROR] LogOutputStream:75 - [STDERR_REDIRECT] 
2025-01-26 23:23:46,942 [ERROR] LogOutputStream:75 - [STDERR_REDIRECT] [Fatal Error] :1:1: Premature end of file.
2025-01-26 23:23:46,942 [ERROR] LogOutputStream:75 - [STDERR_REDIRECT] 
2025-01-26 23:23:47,940 [ERROR] LogOutputStream:75 - [STDERR_REDIRECT] [Fatal Error] :1:1: Premature end of file.
2025-01-26 23:23:47,940 [ERROR] LogOutputStream:75 - [STDERR_REDIRECT] 
2025-01-26 23:23:48,938 [ERROR] LogOutputStream:75 - [STDERR_REDIRECT] [Fatal Error] :1:1: Premature end of file.
2025-01-26 23:23:48,938 [ERROR] LogOutputStream:75 - [STDERR_REDIRECT] 
2025-01-26 23:23:49,936 [ERROR] LogOutputStream:75 - [STDERR_REDIRECT] [Fatal Error] :1:1: Premature end of file.
2025-01-26 23:23:49,936 [ERROR] LogOutputStream:75 - [STDERR_REDIRECT] 
2025-01-26 23:23:50,937 [ERROR] LogOutputStream:75 - [STDERR_REDIRECT] [Fatal Error] :1:1: Premature end of file.
2025-01-26 23:23:50,937 [ERROR] LogOutputStream:75 - [STDERR_REDIRECT] 
2025-01-26 23:23:51,934 [ERROR] LogOutputStream:75 - [STDERR_REDIRECT] [Fatal Error] :1:1: Premature end of file.
2025-01-26 23:23:51,934 [ERROR] LogOutputStream:75 - [STDERR_REDIRECT] 
2025-01-26 23:23:52,936 [ERROR] LogOutputStream:75 - [STDERR_REDIRECT] [Fatal Error] :1:1: Premature end of file.
2025-01-26 23:23:52,936 [ERROR] LogOutputStream:75 - [STDERR_REDIRECT] 
2025-01-26 23:23:53,938 [ERROR] LogOutputStream:75 - [STDERR_REDIRECT] [Fatal Error] :1:1: Premature end of file.
2025-01-26 23:23:53,938 [ERROR] LogOutputStream:75 - [STDERR_REDIRECT] 
2025-01-26 23:23:54,945 [ERROR] LogOutputStream:75 - [STDERR_REDIRECT] [Fatal Error] :1:1: Premature end of file.
2025-01-26 23:23:54,945 [ERROR] LogOutputStream:75 - [STDERR_REDIRECT] 
2025-01-26 23:23:55,936 [ERROR] LogOutputStream:75 - [STDERR_REDIRECT] [Fatal Error] :1:1: Premature end of file.
2025-01-26 23:23:55,936 [ERROR] LogOutputStream:75 - [STDERR_REDIRECT] 
2025-01-26 23:23:56,935 [ERROR] LogOutputStream:75 - [STDERR_REDIRECT] [Fatal Error] :1:1: Premature end of file.
2025-01-26 23:23:56,935 [ERROR] LogOutputStream:75 - [STDERR_REDIRECT] 
2025-01-26 23:23:57,936 [ERROR] LogOutputStream:75 - [STDERR_REDIRECT] [Fatal Error] :1:1: Premature end of file.
2025-01-26 23:23:57,936 [ERROR] LogOutputStream:75 - [STDERR_REDIRECT] 
2025-01-26 23:23:58,938 [ERROR] LogOutputStream:75 - [STDERR_REDIRECT] [Fatal Error] :1:1: Premature end of file.
2025-01-26 23:23:58,938 [ERROR] LogOutputStream:75 - [STDERR_REDIRECT] 
2025-01-26 23:23:59,935 [ERROR] LogOutputStream:75 - [STDERR_REDIRECT] [Fatal Error] :1:1: Premature end of file.
2025-01-26 23:23:59,935 [ERROR] LogOutputStream:75 - [STDERR_REDIRECT] 
2025-01-26 23:24:00,935 [ERROR] LogOutputStream:75 - [STDERR_REDIRECT] [Fatal Error] :1:1: Premature end of file.
2025-01-26 23:24:00,937 [ERROR] LogOutputStream:75 - [STDERR_REDIRECT] 
2025-01-26 23:24:01,935 [ERROR] LogOutputStream:75 - [STDERR_REDIRECT] [Fatal Error] :1:1: Premature end of file.
2025-01-26 23:24:01,935 [ERROR] LogOutputStream:75 - [STDERR_REDIRECT] 
2025-01-26 23:24:02,932 [ERROR] LogOutputStream:75 - [STDERR_REDIRECT] [Fatal Error] :1:1: Premature end of file.
2025-01-26 23:24:02,932 [ERROR] LogOutputStream:75 - [STDERR_REDIRECT] 
2025-01-26 23:24:03,938 [ERROR] LogOutputStream:75 - [STDERR_REDIRECT] [Fatal Error] :1:1: Premature end of file.
2025-01-26 23:24:03,938 [ERROR] LogOutputStream:75 - [STDERR_REDIRECT] 
2025-01-26 23:24:04,934 [ERROR] LogOutputStream:75 - [STDERR_REDIRECT] [Fatal Error] :1:1: Premature end of file.
2025-01-26 23:24:04,935 [ERROR] LogOutputStream:75 - [STDERR_REDIRECT] 
2025-01-26 23:24:05,925 [ERROR] LogOutputStream:75 - [STDERR_REDIRECT] [Fatal Error] :1:1: Premature end of file.
2025-01-26 23:24:05,925 [ERROR] LogOutputStream:75 - [STDERR_REDIRECT] 
2025-01-26 23:24:06,938 [ERROR] LogOutputStream:75 - [STDERR_REDIRECT] [Fatal Error] :1:1: Premature end of file.
2025-01-26 23:24:06,938 [ERROR] LogOutputStream:75 - [STDERR_REDIRECT] 
2025-01-26 23:24:07,936 [ERROR] LogOutputStream:75 - [STDERR_REDIRECT] [Fatal Error] :1:1: Premature end of file.
2025-01-26 23:24:07,936 [ERROR] LogOutputStream:75 - [STDERR_REDIRECT] 
2025-01-26 23:24:08,928 [ERROR] LogOutputStream:75 - [STDERR_REDIRECT] [Fatal Error] :1:1: Premature end of file.
2025-01-26 23:24:08,928 [ERROR] LogOutputStream:75 - [STDERR_REDIRECT] 
2025-01-26 23:24:09,931 [ERROR] LogOutputStream:75 - [STDERR_REDIRECT] [Fatal Error] :1:1: Premature end of file.
2025-01-26 23:24:09,931 [ERROR] LogOutputStream:75 - [STDERR_REDIRECT] 
2025-01-26 23:24:10,936 [ERROR] LogOutputStream:75 - [STDERR_REDIRECT] [Fatal Error] :1:1: Premature end of file.
2025-01-26 23:24:10,936 [ERROR] LogOutputStream:75 - [STDERR_REDIRECT] 
2025-01-26 23:24:11,930 [ERROR] LogOutputStream:75 - [STDERR_REDIRECT] [Fatal Error] :1:1: Premature end of file.
2025-01-26 23:24:11,930 [ERROR] LogOutputStream:75 - [STDERR_REDIRECT] 
2025-01-26 23:24:12,936 [ERROR] LogOutputStream:75 - [STDERR_REDIRECT] [Fatal Error] :1:1: Premature end of file.
2025-01-26 23:24:12,936 [ERROR] LogOutputStream:75 - [STDERR_REDIRECT] 
2025-01-26 23:24:13,937 [ERROR] LogOutputStream:75 - [STDERR_REDIRECT] [Fatal Error] :1:1: Premature end of file.
2025-01-26 23:24:13,937 [ERROR] LogOutputStream:75 - [STDERR_REDIRECT] 
2025-01-26 23:24:14,932 [ERROR] LogOutputStream:75 - [STDERR_REDIRECT] [Fatal Error] :1:1: Premature end of file.
2025-01-26 23:24:14,932 [ERROR] LogOutputStream:75 - [STDERR_REDIRECT] 
2025-01-26 23:24:15,942 [ERROR] LogOutputStream:75 - [STDERR_REDIRECT] [Fatal Error] :1:1: Premature end of file.
2025-01-26 23:24:15,942 [ERROR] LogOutputStream:75 - [STDERR_REDIRECT] 
2025-01-26 23:24:16,934 [ERROR] LogOutputStream:75 - [STDERR_REDIRECT] [Fatal Error] :1:1: Premature end of file.
2025-01-26 23:24:16,934 [ERROR] LogOutputStream:75 - [STDERR_REDIRECT] 
2025-01-26 23:24:17,932 [ERROR] LogOutputStream:75 - [STDERR_REDIRECT] [Fatal Error] :1:1: Premature end of file.
2025-01-26 23:24:17,932 [ERROR] LogOutputStream:75 - [STDERR_REDIRECT] 
2025-01-26 23:24:18,924 [ERROR] LogOutputStream:75 - [STDERR_REDIRECT] [Fatal Error] :1:1: Premature end of file.
2025-01-26 23:24:18,924 [ERROR] LogOutputStream:75 - [STDERR_REDIRECT] 
2025-01-26 23:24:19,924 [ERROR] LogOutputStream:75 - [STDERR_REDIRECT] [Fatal Error] :1:1: Premature end of file.
2025-01-26 23:24:19,924 [ERROR] LogOutputStream:75 - [STDERR_REDIRECT] 
2025-01-26 23:24:20,926 [ERROR] LogOutputStream:75 - [STDERR_REDIRECT] [Fatal Error] :1:1: Premature end of file.
2025-01-26 23:24:20,926 [ERROR] LogOutputStream:75 - [STDERR_REDIRECT] 
2025-01-26 23:24:21,933 [ERROR] LogOutputStream:75 - [STDERR_REDIRECT] [Fatal Error] :1:1: Premature end of file.
2025-01-26 23:24:21,933 [ERROR] LogOutputStream:75 - [STDERR_REDIRECT] 
2025-01-26 23:24:22,931 [ERROR] LogOutputStream:75 - [STDERR_REDIRECT] [Fatal Error] :1:1: Premature end of file.
2025-01-26 23:24:22,931 [ERROR] LogOutputStream:75 - [STDERR_REDIRECT] 
2025-01-26 23:24:23,920 [ERROR] LogOutputStream:75 - [STDERR_REDIRECT] [Fatal Error] :1:1: Premature end of file.
2025-01-26 23:24:23,920 [ERROR] LogOutputStream:75 - [STDERR_REDIRECT] 
2025-01-26 23:24:24,936 [ERROR] LogOutputStream:75 - [STDERR_REDIRECT] [Fatal Error] :1:1: Premature end of file.
2025-01-26 23:24:24,936 [ERROR] LogOutputStream:75 - [STDERR_REDIRECT] 
2025-01-26 23:24:25,928 [ERROR] LogOutputStream:75 - [STDERR_REDIRECT] [Fatal Error] :1:1: Premature end of file.
2025-01-26 23:24:25,928 [ERROR] LogOutputStream:75 - [STDERR_REDIRECT] 
2025-01-26 23:24:26,932 [ERROR] LogOutputStream:75 - [STDERR_REDIRECT] [Fatal Error] :1:1: Premature end of file.
2025-01-26 23:24:26,932 [ERROR] LogOutputStream:75 - [STDERR_REDIRECT] 
2025-01-26 23:24:27,938 [ERROR] LogOutputStream:75 - [STDERR_REDIRECT] [Fatal Error] :1:1: Premature end of file.
2025-01-26 23:24:27,938 [ERROR] LogOutputStream:75 - [STDERR_REDIRECT] 
2025-01-26 23:24:28,923 [ERROR] LogOutputStream:75 - [STDERR_REDIRECT] [Fatal Error] :1:1: Premature end of file.
2025-01-26 23:24:28,923 [ERROR] LogOutputStream:75 - [STDERR_REDIRECT] 
2025-01-26 23:24:29,929 [ERROR] LogOutputStream:75 - [STDERR_REDIRECT] [Fatal Error] :1:1: Premature end of file.
2025-01-26 23:24:29,929 [ERROR] LogOutputStream:75 - [STDERR_REDIRECT] 
2025-01-26 23:24:30,935 [ERROR] LogOutputStream:75 - [STDERR_REDIRECT] [Fatal Error] :1:1: Premature end of file.
2025-01-26 23:24:30,935 [ERROR] LogOutputStream:75 - [STDERR_REDIRECT] 
2025-01-26 23:24:31,941 [ERROR] LogOutputStream:75 - [STDERR_REDIRECT] [Fatal Error] :1:1: Premature end of file.
2025-01-26 23:24:31,941 [ERROR] LogOutputStream:75 - [STDERR_REDIRECT] 
2025-01-26 23:24:32,941 [ERROR] LogOutputStream:75 - [STDERR_REDIRECT] [Fatal Error] :1:1: Premature end of file.
2025-01-26 23:24:32,941 [ERROR] LogOutputStream:75 - [STDERR_REDIRECT] 
2025-01-26 23:24:33,938 [ERROR] LogOutputStream:75 - [STDERR_REDIRECT] [Fatal Error] :1:1: Premature end of file.
2025-01-26 23:24:33,938 [ERROR] LogOutputStream:75 - [STDERR_REDIRECT] 
2025-01-26 23:24:34,934 [ERROR] LogOutputStream:75 - [STDERR_REDIRECT] [Fatal Error] :1:1: Premature end of file.
2025-01-26 23:24:34,934 [ERROR] LogOutputStream:75 - [STDERR_REDIRECT] 
2025-01-26 23:24:35,943 [ERROR] LogOutputStream:75 - [STDERR_REDIRECT] [Fatal Error] :1:1: Premature end of file.
2025-01-26 23:24:35,944 [ERROR] LogOutputStream:75 - [STDERR_REDIRECT] 
2025-01-26 23:24:36,937 [ERROR] LogOutputStream:75 - [STDERR_REDIRECT] [Fatal Error] :1:1: Premature end of file.
2025-01-26 23:24:36,937 [ERROR] LogOutputStream:75 - [STDERR_REDIRECT] 
2025-01-26 23:24:37,941 [ERROR] LogOutputStream:75 - [STDERR_REDIRECT] [Fatal Error] :1:1: Premature end of file.
2025-01-26 23:24:37,941 [ERROR] LogOutputStream:75 - [STDERR_REDIRECT] 
2025-01-26 23:24:38,934 [ERROR] LogOutputStream:75 - [STDERR_REDIRECT] [Fatal Error] :1:1: Premature end of file.
2025-01-26 23:24:38,934 [ERROR] LogOutputStream:75 - [STDERR_REDIRECT] 
2025-01-26 23:24:39,937 [ERROR] LogOutputStream:75 - [STDERR_REDIRECT] [Fatal Error] :1:1: Premature end of file.
2025-01-26 23:24:39,937 [ERROR] LogOutputStream:75 - [STDERR_REDIRECT] 
2025-01-26 23:24:40,928 [ERROR] LogOutputStream:75 - [STDERR_REDIRECT] [Fatal Error] :1:1: Premature end of file.
2025-01-26 23:24:40,928 [ERROR] LogOutputStream:75 - [STDERR_REDIRECT] 
2025-01-26 23:24:41,934 [ERROR] LogOutputStream:75 - [STDERR_REDIRECT] [Fatal Error] :1:1: Premature end of file.
2025-01-26 23:24:41,934 [ERROR] LogOutputStream:75 - [STDERR_REDIRECT] 
2025-01-26 23:24:42,937 [ERROR] LogOutputStream:75 - [STDERR_REDIRECT] [Fatal Error] :1:1: Premature end of file.
2025-01-26 23:24:42,937 [ERROR] LogOutputStream:75 - [STDERR_REDIRECT] 
2025-01-26 23:24:43,941 [ERROR] LogOutputStream:75 - [STDERR_REDIRECT] [Fatal Error] :1:1: Premature end of file.
2025-01-26 23:24:43,941 [ERROR] LogOutputStream:75 - [STDERR_REDIRECT] 
2025-01-26 23:24:44,934 [ERROR] LogOutputStream:75 - [STDERR_REDIRECT] [Fatal Error] :1:1: Premature end of file.
2025-01-26 23:24:44,934 [ERROR] LogOutputStream:75 - [STDERR_REDIRECT] 
2025-01-26 23:24:45,934 [ERROR] LogOutputStream:75 - [STDERR_REDIRECT] [Fatal Error] :1:1: Premature end of file.
2025-01-26 23:24:45,934 [ERROR] LogOutputStream:75 - [STDERR_REDIRECT] 
2025-01-26 23:24:46,949 [ERROR] LogOutputStream:75 - [STDERR_REDIRECT] [Fatal Error] :1:1: Premature end of file.
2025-01-26 23:24:46,949 [ERROR] LogOutputStream:75 - [STDERR_REDIRECT] 
2025-01-26 23:24:47,927 [ERROR] LogOutputStream:75 - [STDERR_REDIRECT] [Fatal Error] :1:1: Premature end of file.
2025-01-26 23:24:47,927 [ERROR] LogOutputStream:75 - [STDERR_REDIRECT] 
2025-01-26 23:24:48,934 [ERROR] LogOutputStream:75 - [STDERR_REDIRECT] [Fatal Error] :1:1: Premature end of file.
2025-01-26 23:24:48,934 [ERROR] LogOutputStream:75 - [STDERR_REDIRECT] 
2025-01-26 23:24:49,941 [ERROR] LogOutputStream:75 - [STDERR_REDIRECT] [Fatal Error] :1:1: Premature end of file.
2025-01-26 23:24:49,941 [ERROR] LogOutputStream:75 - [STDERR_REDIRECT] 
2025-01-26 23:24:50,935 [ERROR] LogOutputStream:75 - [STDERR_REDIRECT] [Fatal Error] :1:1: Premature end of file.
2025-01-26 23:24:50,935 [ERROR] LogOutputStream:75 - [STDERR_REDIRECT] 
2025-01-26 23:24:51,942 [ERROR] LogOutputStream:75 - [STDERR_REDIRECT] [Fatal Error] :1:1: Premature end of file.
2025-01-26 23:24:51,942 [ERROR] LogOutputStream:75 - [STDERR_REDIRECT] 
2025-01-26 23:24:52,938 [ERROR] LogOutputStream:75 - [STDERR_REDIRECT] [Fatal Error] :1:1: Premature end of file.
2025-01-26 23:24:52,938 [ERROR] LogOutputStream:75 - [STDERR_REDIRECT] 
2025-01-26 23:24:53,930 [ERROR] LogOutputStream:75 - [STDERR_REDIRECT] [Fatal Error] :1:1: Premature end of file.
2025-01-26 23:24:53,930 [ERROR] LogOutputStream:75 - [STDERR_REDIRECT] 
2025-01-26 23:24:54,928 [ERROR] LogOutputStream:75 - [STDERR_REDIRECT] [Fatal Error] :1:1: Premature end of file.
2025-01-26 23:24:54,928 [ERROR] LogOutputStream:75 - [STDERR_REDIRECT] 
2025-01-26 23:24:55,933 [ERROR] LogOutputStream:75 - [STDERR_REDIRECT] [Fatal Error] :1:1: Premature end of file.
2025-01-26 23:24:55,933 [ERROR] LogOutputStream:75 - [STDERR_REDIRECT] 
2025-01-26 23:24:56,928 [ERROR] LogOutputStream:75 - [STDERR_REDIRECT] [Fatal Error] :1:1: Premature end of file.
2025-01-26 23:24:56,928 [ERROR] LogOutputStream:75 - [STDERR_REDIRECT] 
2025-01-26 23:24:57,931 [ERROR] LogOutputStream:75 - [STDERR_REDIRECT] [Fatal Error] :1:1: Premature end of file.
2025-01-26 23:24:57,933 [ERROR] LogOutputStream:75 - [STDERR_REDIRECT] 
2025-01-26 23:24:58,929 [ERROR] LogOutputStream:75 - [STDERR_REDIRECT] [Fatal Error] :1:1: Premature end of file.
2025-01-26 23:24:58,929 [ERROR] LogOutputStream:75 - [STDERR_REDIRECT] 
2025-01-26 23:24:59,928 [ERROR] LogOutputStream:75 - [STDERR_REDIRECT] [Fatal Error] :1:1: Premature end of file.
2025-01-26 23:24:59,928 [ERROR] LogOutputStream:75 - [STDERR_REDIRECT] 
2025-01-26 23:25:00,932 [ERROR] LogOutputStream:75 - [STDERR_REDIRECT] [Fatal Error] :1:1: Premature end of file.
2025-01-26 23:25:00,932 [ERROR] LogOutputStream:75 - [STDERR_REDIRECT] 
2025-01-26 23:25:01,947 [ERROR] LogOutputStream:75 - [STDERR_REDIRECT] [Fatal Error] :1:1: Premature end of file.
2025-01-26 23:25:01,947 [ERROR] LogOutputStream:75 - [STDERR_REDIRECT] 
2025-01-26 23:25:02,931 [ERROR] LogOutputStream:75 - [STDERR_REDIRECT] [Fatal Error] :1:1: Premature end of file.
2025-01-26 23:25:02,931 [ERROR] LogOutputStream:75 - [STDERR_REDIRECT] 
2025-01-26 23:25:03,944 [ERROR] LogOutputStream:75 - [STDERR_REDIRECT] [Fatal Error] :1:1: Premature end of file.
2025-01-26 23:25:03,944 [ERROR] LogOutputStream:75 - [STDERR_REDIRECT] 
2025-01-26 23:25:04,934 [ERROR] LogOutputStream:75 - [STDERR_REDIRECT] [Fatal Error] :1:1: Premature end of file.
2025-01-26 23:25:04,934 [ERROR] LogOutputStream:75 - [STDERR_REDIRECT] 
2025-01-26 23:25:05,930 [ERROR] LogOutputStream:75 - [STDERR_REDIRECT] [Fatal Error] :1:1: Premature end of file.
2025-01-26 23:25:05,930 [ERROR] LogOutputStream:75 - [STDERR_REDIRECT] 
2025-01-26 23:25:06,925 [ERROR] LogOutputStream:75 - [STDERR_REDIRECT] [Fatal Error] :1:1: Premature end of file.
2025-01-26 23:25:06,925 [ERROR] LogOutputStream:75 - [STDERR_REDIRECT] 
2025-01-26 23:25:07,942 [ERROR] LogOutputStream:75 - [STDERR_REDIRECT] [Fatal Error] :1:1: Premature end of file.
2025-01-26 23:25:07,942 [ERROR] LogOutputStream:75 - [STDERR_REDIRECT] 
2025-01-26 23:25:08,932 [ERROR] LogOutputStream:75 - [STDERR_REDIRECT] [Fatal Error] :1:1: Premature end of file.
2025-01-26 23:25:08,932 [ERROR] LogOutputStream:75 - [STDERR_REDIRECT] 
2025-01-26 23:25:09,935 [ERROR] LogOutputStream:75 - [STDERR_REDIRECT] [Fatal Error] :1:1: Premature end of file.
2025-01-26 23:25:09,935 [ERROR] LogOutputStream:75 - [STDERR_REDIRECT] 
2025-01-26 23:25:10,936 [ERROR] LogOutputStream:75 - [STDERR_REDIRECT] [Fatal Error] :1:1: Premature end of file.
2025-01-26 23:25:10,936 [ERROR] LogOutputStream:75 - [STDERR_REDIRECT] 
2025-01-26 23:25:11,941 [ERROR] LogOutputStream:75 - [STDERR_REDIRECT] [Fatal Error] :1:1: Premature end of file.
2025-01-26 23:25:11,941 [ERROR] LogOutputStream:75 - [STDERR_REDIRECT] 
2025-01-26 23:25:12,945 [ERROR] LogOutputStream:75 - [STDERR_REDIRECT] [Fatal Error] :1:1: Premature end of file.
2025-01-26 23:25:12,946 [ERROR] LogOutputStream:75 - [STDERR_REDIRECT] 
2025-01-26 23:25:13,930 [ERROR] LogOutputStream:75 - [STDERR_REDIRECT] [Fatal Error] :1:1: Premature end of file.
2025-01-26 23:25:13,930 [ERROR] LogOutputStream:75 - [STDERR_REDIRECT] 
2025-01-26 23:25:14,928 [ERROR] LogOutputStream:75 - [STDERR_REDIRECT] [Fatal Error] :1:1: Premature end of file.
2025-01-26 23:25:14,928 [ERROR] LogOutputStream:75 - [STDERR_REDIRECT] 
2025-01-26 23:25:15,937 [ERROR] LogOutputStream:75 - [STDERR_REDIRECT] [Fatal Error] :1:1: Premature end of file.
2025-01-26 23:25:15,937 [ERROR] LogOutputStream:75 - [STDERR_REDIRECT] 
2025-01-26 23:25:16,940 [ERROR] LogOutputStream:75 - [STDERR_REDIRECT] [Fatal Error] :1:1: Premature end of file.
2025-01-26 23:25:16,940 [ERROR] LogOutputStream:75 - [STDERR_REDIRECT] 
2025-01-26 23:25:17,930 [ERROR] LogOutputStream:75 - [STDERR_REDIRECT] [Fatal Error] :1:1: Premature end of file.
2025-01-26 23:25:17,930 [ERROR] LogOutputStream:75 - [STDERR_REDIRECT] 
2025-01-26 23:25:18,939 [ERROR] LogOutputStream:75 - [STDERR_REDIRECT] [Fatal Error] :1:1: Premature end of file.
2025-01-26 23:25:18,941 [ERROR] LogOutputStream:75 - [STDERR_REDIRECT] 
2025-01-26 23:25:19,933 [ERROR] LogOutputStream:75 - [STDERR_REDIRECT] [Fatal Error] :1:1: Premature end of file.
2025-01-26 23:25:19,933 [ERROR] LogOutputStream:75 - [STDERR_REDIRECT] 
2025-01-26 23:25:20,928 [ERROR] LogOutputStream:75 - [STDERR_REDIRECT] [Fatal Error] :1:1: Premature end of file.
2025-01-26 23:25:20,928 [ERROR] LogOutputStream:75 - [STDERR_REDIRECT] 
2025-01-26 23:25:21,936 [ERROR] LogOutputStream:75 - [STDERR_REDIRECT] [Fatal Error] :1:1: Premature end of file.
2025-01-26 23:25:21,936 [ERROR] LogOutputStream:75 - [STDERR_REDIRECT] 
2025-01-26 23:25:22,941 [ERROR] LogOutputStream:75 - [STDERR_REDIRECT] [Fatal Error] :1:1: Premature end of file.
2025-01-26 23:25:22,941 [ERROR] LogOutputStream:75 - [STDERR_REDIRECT] 
2025-01-26 23:25:23,931 [ERROR] LogOutputStream:75 - [STDERR_REDIRECT] [Fatal Error] :1:1: Premature end of file.
2025-01-26 23:25:23,931 [ERROR] LogOutputStream:75 - [STDERR_REDIRECT] 
2025-01-26 23:25:24,934 [ERROR] LogOutputStream:75 - [STDERR_REDIRECT] [Fatal Error] :1:1: Premature end of file.
2025-01-26 23:25:24,934 [ERROR] LogOutputStream:75 - [STDERR_REDIRECT] 
2025-01-26 23:25:25,928 [ERROR] LogOutputStream:75 - [STDERR_REDIRECT] [Fatal Error] :1:1: Premature end of file.
2025-01-26 23:25:25,928 [ERROR] LogOutputStream:75 - [STDERR_REDIRECT] 
2025-01-26 23:25:26,931 [ERROR] LogOutputStream:75 - [STDERR_REDIRECT] [Fatal Error] :1:1: Premature end of file.
2025-01-26 23:25:26,931 [ERROR] LogOutputStream:75 - [STDERR_REDIRECT] 
2025-01-26 23:25:27,929 [ERROR] LogOutputStream:75 - [STDERR_REDIRECT] [Fatal Error] :1:1: Premature end of file.
2025-01-26 23:25:27,929 [ERROR] LogOutputStream:75 - [STDERR_REDIRECT] 
2025-01-26 23:25:28,942 [ERROR] LogOutputStream:75 - [STDERR_REDIRECT] [Fatal Error] :1:1: Premature end of file.
2025-01-26 23:25:28,944 [ERROR] LogOutputStream:75 - [STDERR_REDIRECT] 
2025-01-26 23:25:29,935 [ERROR] LogOutputStream:75 - [STDERR_REDIRECT] [Fatal Error] :1:1: Premature end of file.
2025-01-26 23:25:29,935 [ERROR] LogOutputStream:75 - [STDERR_REDIRECT] 
2025-01-26 23:25:30,936 [ERROR] LogOutputStream:75 - [STDERR_REDIRECT] [Fatal Error] :1:1: Premature end of file.
2025-01-26 23:25:30,936 [ERROR] LogOutputStream:75 - [STDERR_REDIRECT] 
2025-01-26 23:25:31,936 [ERROR] LogOutputStream:75 - [STDERR_REDIRECT] [Fatal Error] :1:1: Premature end of file.
2025-01-26 23:25:31,936 [ERROR] LogOutputStream:75 - [STDERR_REDIRECT] 
2025-01-26 23:25:32,937 [ERROR] LogOutputStream:75 - [STDERR_REDIRECT] [Fatal Error] :1:1: Premature end of file.
2025-01-26 23:25:32,937 [ERROR] LogOutputStream:75 - [STDERR_REDIRECT] 
2025-01-26 23:25:33,959 [ERROR] LogOutputStream:75 - [STDERR_REDIRECT] [Fatal Error] :1:1: Premature end of file.
2025-01-26 23:25:33,959 [ERROR] LogOutputStream:75 - [STDERR_REDIRECT] 
2025-01-26 23:25:34,936 [ERROR] LogOutputStream:75 - [STDERR_REDIRECT] [Fatal Error] :1:1: Premature end of file.
2025-01-26 23:25:34,936 [ERROR] LogOutputStream:75 - [STDERR_REDIRECT] 
2025-01-26 23:25:35,931 [ERROR] LogOutputStream:75 - [STDERR_REDIRECT] [Fatal Error] :1:1: Premature end of file.
2025-01-26 23:25:35,931 [ERROR] LogOutputStream:75 - [STDERR_REDIRECT] 
2025-01-26 23:25:36,918 [ERROR] LogOutputStream:75 - [STDERR_REDIRECT] [Fatal Error] :1:1: Premature end of file.
2025-01-26 23:25:36,918 [ERROR] LogOutputStream:75 - [STDERR_REDIRECT] 
2025-01-26 23:25:37,918 [ERROR] LogOutputStream:75 - [STDERR_REDIRECT] [Fatal Error] :1:1: Premature end of file.
2025-01-26 23:25:37,918 [ERROR] LogOutputStream:75 - [STDERR_REDIRECT] 
2025-01-26 23:25:38,919 [ERROR] LogOutputStream:75 - [STDERR_REDIRECT] [Fatal Error] :1:1: Premature end of file.
2025-01-26 23:25:38,919 [ERROR] LogOutputStream:75 - [STDERR_REDIRECT] 
2025-01-26 23:25:39,918 [ERROR] LogOutputStream:75 - [STDERR_REDIRECT] [Fatal Error] :1:1: Premature end of file.
2025-01-26 23:25:39,920 [ERROR] LogOutputStream:75 - [STDERR_REDIRECT] 
2025-01-26 23:25:40,921 [ERROR] LogOutputStream:75 - [STDERR_REDIRECT] [Fatal Error] :1:1: Premature end of file.
2025-01-26 23:25:40,921 [ERROR] LogOutputStream:75 - [STDERR_REDIRECT] 
2025-01-26 23:25:41,921 [ERROR] LogOutputStream:75 - [STDERR_REDIRECT] [Fatal Error] :1:1: Premature end of file.
2025-01-26 23:25:41,921 [ERROR] LogOutputStream:75 - [STDERR_REDIRECT] 
2025-01-26 23:25:42,924 [ERROR] LogOutputStream:75 - [STDERR_REDIRECT] [Fatal Error] :1:1: Premature end of file.
2025-01-26 23:25:42,924 [ERROR] LogOutputStream:75 - [STDERR_REDIRECT] 
2025-01-26 23:25:43,919 [ERROR] LogOutputStream:75 - [STDERR_REDIRECT] [Fatal Error] :1:1: Premature end of file.
2025-01-26 23:25:43,919 [ERROR] LogOutputStream:75 - [STDERR_REDIRECT] 
2025-01-26 23:25:44,916 [ERROR] LogOutputStream:75 - [STDERR_REDIRECT] [Fatal Error] :1:1: Premature end of file.
2025-01-26 23:25:44,916 [ERROR] LogOutputStream:75 - [STDERR_REDIRECT] 
2025-01-26 23:25:45,943 [ERROR] LogOutputStream:75 - [STDERR_REDIRECT] [Fatal Error] :1:1: Premature end of file.
2025-01-26 23:25:45,943 [ERROR] LogOutputStream:75 - [STDERR_REDIRECT] 
2025-01-26 23:25:46,924 [ERROR] LogOutputStream:75 - [STDERR_REDIRECT] [Fatal Error] :1:1: Premature end of file.
2025-01-26 23:25:46,926 [ERROR] LogOutputStream:75 - [STDERR_REDIRECT] 
2025-01-26 23:25:47,931 [ERROR] LogOutputStream:75 - [STDERR_REDIRECT] [Fatal Error] :1:1: Premature end of file.
2025-01-26 23:25:47,931 [ERROR] LogOutputStream:75 - [STDERR_REDIRECT] 
2025-01-26 23:25:48,920 [ERROR] LogOutputStream:75 - [STDERR_REDIRECT] [Fatal Error] :1:1: Premature end of file.
2025-01-26 23:25:48,920 [ERROR] LogOutputStream:75 - [STDERR_REDIRECT] 
2025-01-26 23:25:49,926 [ERROR] LogOutputStream:75 - [STDERR_REDIRECT] [Fatal Error] :1:1: Premature end of file.
2025-01-26 23:25:49,926 [ERROR] LogOutputStream:75 - [STDERR_REDIRECT] 
2025-01-26 23:25:50,935 [ERROR] LogOutputStream:75 - [STDERR_REDIRECT] [Fatal Error] :1:1: Premature end of file.
2025-01-26 23:25:50,935 [ERROR] LogOutputStream:75 - [STDERR_REDIRECT] 
2025-01-26 23:25:51,932 [ERROR] LogOutputStream:75 - [STDERR_REDIRECT] [Fatal Error] :1:1: Premature end of file.
2025-01-26 23:25:51,932 [ERROR] LogOutputStream:75 - [STDERR_REDIRECT] 
2025-01-26 23:25:52,931 [ERROR] LogOutputStream:75 - [STDERR_REDIRECT] [Fatal Error] :1:1: Premature end of file.
2025-01-26 23:25:52,931 [ERROR] LogOutputStream:75 - [STDERR_REDIRECT] 
2025-01-26 23:25:53,932 [ERROR] LogOutputStream:75 - [STDERR_REDIRECT] [Fatal Error] :1:1: Premature end of file.
2025-01-26 23:25:53,932 [ERROR] LogOutputStream:75 - [STDERR_REDIRECT] 
2025-01-26 23:25:54,935 [ERROR] LogOutputStream:75 - [STDERR_REDIRECT] [Fatal Error] :1:1: Premature end of file.
2025-01-26 23:25:54,935 [ERROR] LogOutputStream:75 - [STDERR_REDIRECT] 
2025-01-26 23:25:55,917 [ERROR] LogOutputStream:75 - [STDERR_REDIRECT] [Fatal Error] :1:1: Premature end of file.
2025-01-26 23:25:55,917 [ERROR] LogOutputStream:75 - [STDERR_REDIRECT] 
2025-01-26 23:25:56,937 [ERROR] LogOutputStream:75 - [STDERR_REDIRECT] [Fatal Error] :1:1: Premature end of file.
2025-01-26 23:25:56,937 [ERROR] LogOutputStream:75 - [STDERR_REDIRECT] 
2025-01-26 23:25:57,931 [ERROR] LogOutputStream:75 - [STDERR_REDIRECT] [Fatal Error] :1:1: Premature end of file.
2025-01-26 23:25:57,931 [ERROR] LogOutputStream:75 - [STDERR_REDIRECT] 
2025-01-26 23:25:58,918 [ERROR] LogOutputStream:75 - [STDERR_REDIRECT] [Fatal Error] :1:1: Premature end of file.
2025-01-26 23:25:58,918 [ERROR] LogOutputStream:75 - [STDERR_REDIRECT] 
2025-01-26 23:25:59,936 [ERROR] LogOutputStream:75 - [STDERR_REDIRECT] [Fatal Error] :1:1: Premature end of file.
2025-01-26 23:25:59,936 [ERROR] LogOutputStream:75 - [STDERR_REDIRECT] 
2025-01-26 23:26:00,925 [ERROR] LogOutputStream:75 - [STDERR_REDIRECT] [Fatal Error] :1:1: Premature end of file.
2025-01-26 23:26:00,925 [ERROR] LogOutputStream:75 - [STDERR_REDIRECT] 
2025-01-26 23:26:01,936 [ERROR] LogOutputStream:75 - [STDERR_REDIRECT] [Fatal Error] :1:1: Premature end of file.
2025-01-26 23:26:01,936 [ERROR] LogOutputStream:75 - [STDERR_REDIRECT] 
2025-01-26 23:26:02,938 [ERROR] LogOutputStream:75 - [STDERR_REDIRECT] [Fatal Error] :1:1: Premature end of file.
2025-01-26 23:26:02,938 [ERROR] LogOutputStream:75 - [STDERR_REDIRECT] 
2025-01-26 23:26:03,931 [ERROR] LogOutputStream:75 - [STDERR_REDIRECT] [Fatal Error] :1:1: Premature end of file.
2025-01-26 23:26:03,931 [ERROR] LogOutputStream:75 - [STDERR_REDIRECT] 
2025-01-26 23:26:04,932 [ERROR] LogOutputStream:75 - [STDERR_REDIRECT] [Fatal Error] :1:1: Premature end of file.
2025-01-26 23:26:04,932 [ERROR] LogOutputStream:75 - [STDERR_REDIRECT] 
2025-01-26 23:26:05,921 [ERROR] LogOutputStream:75 - [STDERR_REDIRECT] [Fatal Error] :1:1: Premature end of file.
2025-01-26 23:26:05,921 [ERROR] LogOutputStream:75 - [STDERR_REDIRECT] 
2025-01-26 23:26:06,932 [ERROR] LogOutputStream:75 - [STDERR_REDIRECT] [Fatal Error] :1:1: Premature end of file.
2025-01-26 23:26:06,932 [ERROR] LogOutputStream:75 - [STDERR_REDIRECT] 
2025-01-26 23:26:07,936 [ERROR] LogOutputStream:75 - [STDERR_REDIRECT] [Fatal Error] :1:1: Premature end of file.
2025-01-26 23:26:07,936 [ERROR] LogOutputStream:75 - [STDERR_REDIRECT] 
2025-01-26 23:26:08,922 [ERROR] LogOutputStream:75 - [STDERR_REDIRECT] [Fatal Error] :1:1: Premature end of file.
2025-01-26 23:26:08,922 [ERROR] LogOutputStream:75 - [STDERR_REDIRECT] 
2025-01-26 23:26:09,934 [ERROR] LogOutputStream:75 - [STDERR_REDIRECT] [Fatal Error] :1:1: Premature end of file.
2025-01-26 23:26:09,934 [ERROR] LogOutputStream:75 - [STDERR_REDIRECT] 
2025-01-26 23:26:10,915 [ERROR] LogOutputStream:75 - [STDERR_REDIRECT] [Fatal Error] :1:1: Premature end of file.
2025-01-26 23:26:10,917 [ERROR] LogOutputStream:75 - [STDERR_REDIRECT] 
2025-01-26 23:26:11,929 [ERROR] LogOutputStream:75 - [STDERR_REDIRECT] [Fatal Error] :1:1: Premature end of file.
2025-01-26 23:26:11,929 [ERROR] LogOutputStream:75 - [STDERR_REDIRECT] 
2025-01-26 23:26:12,927 [ERROR] LogOutputStream:75 - [STDERR_REDIRECT] [Fatal Error] :1:1: Premature end of file.
2025-01-26 23:26:12,927 [ERROR] LogOutputStream:75 - [STDERR_REDIRECT] 
2025-01-26 23:26:13,931 [ERROR] LogOutputStream:75 - [STDERR_REDIRECT] [Fatal Error] :1:1: Premature end of file.
2025-01-26 23:26:13,931 [ERROR] LogOutputStream:75 - [STDERR_REDIRECT] 
2025-01-26 23:26:14,940 [ERROR] LogOutputStream:75 - [STDERR_REDIRECT] [Fatal Error] :1:1: Premature end of file.
2025-01-26 23:26:14,940 [ERROR] LogOutputStream:75 - [STDERR_REDIRECT] 
2025-01-26 23:26:15,926 [ERROR] LogOutputStream:75 - [STDERR_REDIRECT] [Fatal Error] :1:1: Premature end of file.
2025-01-26 23:26:15,926 [ERROR] LogOutputStream:75 - [STDERR_REDIRECT] 
2025-01-26 23:26:16,923 [ERROR] LogOutputStream:75 - [STDERR_REDIRECT] [Fatal Error] :1:1: Premature end of file.
2025-01-26 23:26:16,923 [ERROR] LogOutputStream:75 - [STDERR_REDIRECT] 
2025-01-26 23:26:17,937 [ERROR] LogOutputStream:75 - [STDERR_REDIRECT] [Fatal Error] :1:1: Premature end of file.
2025-01-26 23:26:17,937 [ERROR] LogOutputStream:75 - [STDERR_REDIRECT] 
2025-01-26 23:26:18,929 [ERROR] LogOutputStream:75 - [STDERR_REDIRECT] [Fatal Error] :1:1: Premature end of file.
2025-01-26 23:26:18,929 [ERROR] LogOutputStream:75 - [STDERR_REDIRECT] 
2025-01-26 23:26:19,934 [ERROR] LogOutputStream:75 - [STDERR_REDIRECT] [Fatal Error] :1:1: Premature end of file.
2025-01-26 23:26:19,936 [ERROR] LogOutputStream:75 - [STDERR_REDIRECT] 
2025-01-26 23:26:20,934 [ERROR] LogOutputStream:75 - [STDERR_REDIRECT] [Fatal Error] :1:1: Premature end of file.
2025-01-26 23:26:20,934 [ERROR] LogOutputStream:75 - [STDERR_REDIRECT] 
2025-01-26 23:26:21,932 [ERROR] LogOutputStream:75 - [STDERR_REDIRECT] [Fatal Error] :1:1: Premature end of file.
2025-01-26 23:26:21,932 [ERROR] LogOutputStream:75 - [STDERR_REDIRECT] 
2025-01-26 23:26:22,918 [ERROR] LogOutputStream:75 - [STDERR_REDIRECT] [Fatal Error] :1:1: Premature end of file.
2025-01-26 23:26:22,918 [ERROR] LogOutputStream:75 - [STDERR_REDIRECT] 
2025-01-26 23:26:23,920 [ERROR] LogOutputStream:75 - [STDERR_REDIRECT] [Fatal Error] :1:1: Premature end of file.
2025-01-26 23:26:23,920 [ERROR] LogOutputStream:75 - [STDERR_REDIRECT] 
2025-01-26 23:26:24,920 [ERROR] LogOutputStream:75 - [STDERR_REDIRECT] [Fatal Error] :1:1: Premature end of file.
2025-01-26 23:26:24,920 [ERROR] LogOutputStream:75 - [STDERR_REDIRECT] 
2025-01-26 23:26:25,920 [ERROR] LogOutputStream:75 - [STDERR_REDIRECT] [Fatal Error] :1:1: Premature end of file.
2025-01-26 23:26:25,920 [ERROR] LogOutputStream:75 - [STDERR_REDIRECT] 
2025-01-26 23:26:26,932 [ERROR] LogOutputStream:75 - [STDERR_REDIRECT] [Fatal Error] :1:1: Premature end of file.
2025-01-26 23:26:26,932 [ERROR] LogOutputStream:75 - [STDERR_REDIRECT] 
2025-01-26 23:26:27,926 [ERROR] LogOutputStream:75 - [STDERR_REDIRECT] [Fatal Error] :1:1: Premature end of file.
2025-01-26 23:26:27,926 [ERROR] LogOutputStream:75 - [STDERR_REDIRECT] 
2025-01-26 23:26:28,931 [ERROR] LogOutputStream:75 - [STDERR_REDIRECT] [Fatal Error] :1:1: Premature end of file.
2025-01-26 23:26:28,931 [ERROR] LogOutputStream:75 - [STDERR_REDIRECT] 
2025-01-26 23:26:29,925 [ERROR] LogOutputStream:75 - [STDERR_REDIRECT] [Fatal Error] :1:1: Premature end of file.
2025-01-26 23:26:29,925 [ERROR] LogOutputStream:75 - [STDERR_REDIRECT] 
2025-01-26 23:26:30,928 [ERROR] LogOutputStream:75 - [STDERR_REDIRECT] [Fatal Error] :1:1: Premature end of file.
2025-01-26 23:26:30,928 [ERROR] LogOutputStream:75 - [STDERR_REDIRECT] 
2025-01-26 23:26:31,922 [ERROR] LogOutputStream:75 - [STDERR_REDIRECT] [Fatal Error] :1:1: Premature end of file.
2025-01-26 23:26:31,922 [ERROR] LogOutputStream:75 - [STDERR_REDIRECT] 
2025-01-26 23:26:32,935 [ERROR] LogOutputStream:75 - [STDERR_REDIRECT] [Fatal Error] :1:1: Premature end of file.
2025-01-26 23:26:32,935 [ERROR] LogOutputStream:75 - [STDERR_REDIRECT] 
2025-01-26 23:26:33,918 [ERROR] LogOutputStream:75 - [STDERR_REDIRECT] [Fatal Error] :1:1: Premature end of file.
2025-01-26 23:26:33,918 [ERROR] LogOutputStream:75 - [STDERR_REDIRECT] 
2025-01-26 23:26:34,935 [ERROR] LogOutputStream:75 - [STDERR_REDIRECT] [Fatal Error] :1:1: Premature end of file.
2025-01-26 23:26:34,935 [ERROR] LogOutputStream:75 - [STDERR_REDIRECT] 
2025-01-26 23:26:35,930 [ERROR] LogOutputStream:75 - [STDERR_REDIRECT] [Fatal Error] :1:1: Premature end of file.
2025-01-26 23:26:35,930 [ERROR] LogOutputStream:75 - [STDERR_REDIRECT] 
2025-01-26 23:26:36,923 [ERROR] LogOutputStream:75 - [STDERR_REDIRECT] [Fatal Error] :1:1: Premature end of file.
2025-01-26 23:26:36,923 [ERROR] LogOutputStream:75 - [STDERR_REDIRECT] 
2025-01-26 23:26:37,927 [ERROR] LogOutputStream:75 - [STDERR_REDIRECT] [Fatal Error] :1:1: Premature end of file.
2025-01-26 23:26:37,927 [ERROR] LogOutputStream:75 - [STDERR_REDIRECT] 
2025-01-26 23:26:38,931 [ERROR] LogOutputStream:75 - [STDERR_REDIRECT] [Fatal Error] :1:1: Premature end of file.
2025-01-26 23:26:38,931 [ERROR] LogOutputStream:75 - [STDERR_REDIRECT] 
2025-01-26 23:26:39,941 [ERROR] LogOutputStream:75 - [STDERR_REDIRECT] [Fatal Error] :1:1: Premature end of file.
2025-01-26 23:26:39,941 [ERROR] LogOutputStream:75 - [STDERR_REDIRECT] 
2025-01-26 23:26:40,923 [ERROR] LogOutputStream:75 - [STDERR_REDIRECT] [Fatal Error] :1:1: Premature end of file.
2025-01-26 23:26:40,923 [ERROR] LogOutputStream:75 - [STDERR_REDIRECT] 
2025-01-26 23:26:41,932 [ERROR] LogOutputStream:75 - [STDERR_REDIRECT] [Fatal Error] :1:1: Premature end of file.
2025-01-26 23:26:41,932 [ERROR] LogOutputStream:75 - [STDERR_REDIRECT] 
2025-01-26 23:26:42,920 [ERROR] LogOutputStream:75 - [STDERR_REDIRECT] [Fatal Error] :1:1: Premature end of file.
2025-01-26 23:26:42,920 [ERROR] LogOutputStream:75 - [STDERR_REDIRECT] 
2025-01-26 23:26:43,918 [ERROR] LogOutputStream:75 - [STDERR_REDIRECT] [Fatal Error] :1:1: Premature end of file.
2025-01-26 23:26:43,918 [ERROR] LogOutputStream:75 - [STDERR_REDIRECT] 
2025-01-26 23:26:44,926 [ERROR] LogOutputStream:75 - [STDERR_REDIRECT] [Fatal Error] :1:1: Premature end of file.
2025-01-26 23:26:44,926 [ERROR] LogOutputStream:75 - [STDERR_REDIRECT] 
2025-01-26 23:26:45,921 [ERROR] LogOutputStream:75 - [STDERR_REDIRECT] [Fatal Error] :1:1: Premature end of file.
2025-01-26 23:26:45,921 [ERROR] LogOutputStream:75 - [STDERR_REDIRECT] 
2025-01-26 23:26:46,921 [ERROR] LogOutputStream:75 - [STDERR_REDIRECT] [Fatal Error] :1:1: Premature end of file.
2025-01-26 23:26:46,921 [ERROR] LogOutputStream:75 - [STDERR_REDIRECT] 
2025-01-26 23:26:47,920 [ERROR] LogOutputStream:75 - [STDERR_REDIRECT] [Fatal Error] :1:1: Premature end of file.
2025-01-26 23:26:47,920 [ERROR] LogOutputStream:75 - [STDERR_REDIRECT] 
2025-01-26 23:26:48,918 [ERROR] LogOutputStream:75 - [STDERR_REDIRECT] [Fatal Error] :1:1: Premature end of file.
2025-01-26 23:26:48,918 [ERROR] LogOutputStream:75 - [STDERR_REDIRECT] 
2025-01-26 23:26:49,925 [ERROR] LogOutputStream:75 - [STDERR_REDIRECT] [Fatal Error] :1:1: Premature end of file.
2025-01-26 23:26:49,925 [ERROR] LogOutputStream:75 - [STDERR_REDIRECT] 
2025-01-26 23:26:50,923 [ERROR] LogOutputStream:75 - [STDERR_REDIRECT] [Fatal Error] :1:1: Premature end of file.
2025-01-26 23:26:50,923 [ERROR] LogOutputStream:75 - [STDERR_REDIRECT] 
2025-01-26 23:26:51,918 [ERROR] LogOutputStream:75 - [STDERR_REDIRECT] [Fatal Error] :1:1: Premature end of file.
2025-01-26 23:26:51,918 [ERROR] LogOutputStream:75 - [STDERR_REDIRECT] 
2025-01-26 23:26:52,928 [ERROR] LogOutputStream:75 - [STDERR_REDIRECT] [Fatal Error] :1:1: Premature end of file.
2025-01-26 23:26:52,928 [ERROR] LogOutputStream:75 - [STDERR_REDIRECT] 
2025-01-26 23:26:53,917 [ERROR] LogOutputStream:75 - [STDERR_REDIRECT] [Fatal Error] :1:1: Premature end of file.
2025-01-26 23:26:53,917 [ERROR] LogOutputStream:75 - [STDERR_REDIRECT] 
2025-01-26 23:26:54,929 [ERROR] LogOutputStream:75 - [STDERR_REDIRECT] [Fatal Error] :1:1: Premature end of file.
2025-01-26 23:26:54,929 [ERROR] LogOutputStream:75 - [STDERR_REDIRECT] 
2025-01-26 23:26:55,938 [ERROR] LogOutputStream:75 - [STDERR_REDIRECT] [Fatal Error] :1:1: Premature end of file.
2025-01-26 23:26:55,938 [ERROR] LogOutputStream:75 - [STDERR_REDIRECT] 
2025-01-26 23:26:56,930 [ERROR] LogOutputStream:75 - [STDERR_REDIRECT] [Fatal Error] :1:1: Premature end of file.
2025-01-26 23:26:56,930 [ERROR] LogOutputStream:75 - [STDERR_REDIRECT] 
2025-01-26 23:26:57,935 [ERROR] LogOutputStream:75 - [STDERR_REDIRECT] [Fatal Error] :1:1: Premature end of file.
2025-01-26 23:26:57,935 [ERROR] LogOutputStream:75 - [STDERR_REDIRECT] 
2025-01-26 23:26:58,940 [ERROR] LogOutputStream:75 - [STDERR_REDIRECT] [Fatal Error] :1:1: Premature end of file.
2025-01-26 23:26:58,940 [ERROR] LogOutputStream:75 - [STDERR_REDIRECT] 
2025-01-26 23:26:59,924 [ERROR] LogOutputStream:75 - [STDERR_REDIRECT] [Fatal Error] :1:1: Premature end of file.
2025-01-26 23:26:59,925 [ERROR] LogOutputStream:75 - [STDERR_REDIRECT] 
2025-01-26 23:27:00,932 [ERROR] LogOutputStream:75 - [STDERR_REDIRECT] [Fatal Error] :1:1: Premature end of file.
2025-01-26 23:27:00,932 [ERROR] LogOutputStream:75 - [STDERR_REDIRECT] 
2025-01-26 23:27:01,931 [ERROR] LogOutputStream:75 - [STDERR_REDIRECT] [Fatal Error] :1:1: Premature end of file.
2025-01-26 23:27:01,931 [ERROR] LogOutputStream:75 - [STDERR_REDIRECT] 
2025-01-26 23:27:02,933 [ERROR] LogOutputStream:75 - [STDERR_REDIRECT] [Fatal Error] :1:1: Premature end of file.
2025-01-26 23:27:02,933 [ERROR] LogOutputStream:75 - [STDERR_REDIRECT] 
2025-01-26 23:27:03,935 [ERROR] LogOutputStream:75 - [STDERR_REDIRECT] [Fatal Error] :1:1: Premature end of file.
2025-01-26 23:27:03,935 [ERROR] LogOutputStream:75 - [STDERR_REDIRECT] 
2025-01-26 23:27:04,933 [ERROR] LogOutputStream:75 - [STDERR_REDIRECT] [Fatal Error] :1:1: Premature end of file.
2025-01-26 23:27:04,933 [ERROR] LogOutputStream:75 - [STDERR_REDIRECT] 
2025-01-26 23:27:05,931 [ERROR] LogOutputStream:75 - [STDERR_REDIRECT] [Fatal Error] :1:1: Premature end of file.
2025-01-26 23:27:05,931 [ERROR] LogOutputStream:75 - [STDERR_REDIRECT] 
2025-01-26 23:27:06,935 [ERROR] LogOutputStream:75 - [STDERR_REDIRECT] [Fatal Error] :1:1: Premature end of file.
2025-01-26 23:27:06,935 [ERROR] LogOutputStream:75 - [STDERR_REDIRECT] 
2025-01-26 23:27:07,928 [ERROR] LogOutputStream:75 - [STDERR_REDIRECT] [Fatal Error] :1:1: Premature end of file.
2025-01-26 23:27:07,928 [ERROR] LogOutputStream:75 - [STDERR_REDIRECT] 
2025-01-26 23:27:08,932 [ERROR] LogOutputStream:75 - [STDERR_REDIRECT] [Fatal Error] :1:1: Premature end of file.
2025-01-26 23:27:08,932 [ERROR] LogOutputStream:75 - [STDERR_REDIRECT] 
2025-01-26 23:27:09,929 [ERROR] LogOutputStream:75 - [STDERR_REDIRECT] [Fatal Error] :1:1: Premature end of file.
2025-01-26 23:27:09,929 [ERROR] LogOutputStream:75 - [STDERR_REDIRECT] 
2025-01-26 23:27:10,942 [ERROR] LogOutputStream:75 - [STDERR_REDIRECT] [Fatal Error] :1:1: Premature end of file.
2025-01-26 23:27:10,942 [ERROR] LogOutputStream:75 - [STDERR_REDIRECT] 
2025-01-26 23:27:11,926 [ERROR] LogOutputStream:75 - [STDERR_REDIRECT] [Fatal Error] :1:1: Premature end of file.
2025-01-26 23:27:11,926 [ERROR] LogOutputStream:75 - [STDERR_REDIRECT] 
2025-01-26 23:27:12,936 [ERROR] LogOutputStream:75 - [STDERR_REDIRECT] [Fatal Error] :1:1: Premature end of file.
2025-01-26 23:27:12,936 [ERROR] LogOutputStream:75 - [STDERR_REDIRECT] 
2025-01-26 23:27:13,931 [ERROR] LogOutputStream:75 - [STDERR_REDIRECT] [Fatal Error] :1:1: Premature end of file.
2025-01-26 23:27:13,933 [ERROR] LogOutputStream:75 - [STDERR_REDIRECT] 
2025-01-26 23:27:14,940 [ERROR] LogOutputStream:75 - [STDERR_REDIRECT] [Fatal Error] :1:1: Premature end of file.
2025-01-26 23:27:14,940 [ERROR] LogOutputStream:75 - [STDERR_REDIRECT] 
2025-01-26 23:27:15,918 [ERROR] LogOutputStream:75 - [STDERR_REDIRECT] [Fatal Error] :1:1: Premature end of file.
2025-01-26 23:27:15,918 [ERROR] LogOutputStream:75 - [STDERR_REDIRECT] 
2025-01-26 23:27:16,930 [ERROR] LogOutputStream:75 - [STDERR_REDIRECT] [Fatal Error] :1:1: Premature end of file.
2025-01-26 23:27:16,930 [ERROR] LogOutputStream:75 - [STDERR_REDIRECT] 
2025-01-26 23:27:17,936 [ERROR] LogOutputStream:75 - [STDERR_REDIRECT] [Fatal Error] :1:1: Premature end of file.
2025-01-26 23:27:17,936 [ERROR] LogOutputStream:75 - [STDERR_REDIRECT] 
2025-01-26 23:27:18,930 [ERROR] LogOutputStream:75 - [STDERR_REDIRECT] [Fatal Error] :1:1: Premature end of file.
2025-01-26 23:27:18,930 [ERROR] LogOutputStream:75 - [STDERR_REDIRECT] 
2025-01-26 23:27:19,918 [ERROR] LogOutputStream:75 - [STDERR_REDIRECT] [Fatal Error] :1:1: Premature end of file.
2025-01-26 23:27:19,918 [ERROR] LogOutputStream:75 - [STDERR_REDIRECT] 
2025-01-26 23:27:20,943 [ERROR] LogOutputStream:75 - [STDERR_REDIRECT] [Fatal Error] :1:1: Premature end of file.
2025-01-26 23:27:20,943 [ERROR] LogOutputStream:75 - [STDERR_REDIRECT] 
2025-01-26 23:27:21,932 [ERROR] LogOutputStream:75 - [STDERR_REDIRECT] [Fatal Error] :1:1: Premature end of file.
2025-01-26 23:27:21,932 [ERROR] LogOutputStream:75 - [STDERR_REDIRECT] 
2025-01-26 23:27:22,933 [ERROR] LogOutputStream:75 - [STDERR_REDIRECT] [Fatal Error] :1:1: Premature end of file.
2025-01-26 23:27:22,933 [ERROR] LogOutputStream:75 - [STDERR_REDIRECT] 
2025-01-26 23:27:23,932 [ERROR] LogOutputStream:75 - [STDERR_REDIRECT] [Fatal Error] :1:1: Premature end of file.
2025-01-26 23:27:23,932 [ERROR] LogOutputStream:75 - [STDERR_REDIRECT] 
2025-01-26 23:27:24,930 [ERROR] LogOutputStream:75 - [STDERR_REDIRECT] [Fatal Error] :1:1: Premature end of file.
2025-01-26 23:27:24,930 [ERROR] LogOutputStream:75 - [STDERR_REDIRECT] 
2025-01-26 23:27:25,919 [ERROR] LogOutputStream:75 - [STDERR_REDIRECT] [Fatal Error] :1:1: Premature end of file.
2025-01-26 23:27:25,919 [ERROR] LogOutputStream:75 - [STDERR_REDIRECT] 
2025-01-26 23:27:26,930 [ERROR] LogOutputStream:75 - [STDERR_REDIRECT] [Fatal Error] :1:1: Premature end of file.
2025-01-26 23:27:26,930 [ERROR] LogOutputStream:75 - [STDERR_REDIRECT] 
2025-01-26 23:27:27,918 [ERROR] LogOutputStream:75 - [STDERR_REDIRECT] [Fatal Error] :1:1: Premature end of file.
2025-01-26 23:27:27,918 [ERROR] LogOutputStream:75 - [STDERR_REDIRECT] 
2025-01-26 23:27:28,920 [ERROR] LogOutputStream:75 - [STDERR_REDIRECT] [Fatal Error] :1:1: Premature end of file.
2025-01-26 23:27:28,920 [ERROR] LogOutputStream:75 - [STDERR_REDIRECT] 
2025-01-26 23:27:29,925 [ERROR] LogOutputStream:75 - [STDERR_REDIRECT] [Fatal Error] :1:1: Premature end of file.
2025-01-26 23:27:29,925 [ERROR] LogOutputStream:75 - [STDERR_REDIRECT] 
2025-01-26 23:27:30,922 [ERROR] LogOutputStream:75 - [STDERR_REDIRECT] [Fatal Error] :1:1: Premature end of file.
2025-01-26 23:27:30,922 [ERROR] LogOutputStream:75 - [STDERR_REDIRECT] 
2025-01-26 23:27:31,931 [ERROR] LogOutputStream:75 - [STDERR_REDIRECT] [Fatal Error] :1:1: Premature end of file.
2025-01-26 23:27:31,931 [ERROR] LogOutputStream:75 - [STDERR_REDIRECT] 
2025-01-26 23:27:32,922 [ERROR] LogOutputStream:75 - [STDERR_REDIRECT] [Fatal Error] :1:1: Premature end of file.
2025-01-26 23:27:32,922 [ERROR] LogOutputStream:75 - [STDERR_REDIRECT] 
2025-01-26 23:27:33,931 [ERROR] LogOutputStream:75 - [STDERR_REDIRECT] [Fatal Error] :1:1: Premature end of file.
2025-01-26 23:27:33,931 [ERROR] LogOutputStream:75 - [STDERR_REDIRECT] 
2025-01-26 23:27:34,934 [ERROR] LogOutputStream:75 - [STDERR_REDIRECT] [Fatal Error] :1:1: Premature end of file.
2025-01-26 23:27:34,935 [ERROR] LogOutputStream:75 - [STDERR_REDIRECT] 
2025-01-26 23:27:35,917 [ERROR] LogOutputStream:75 - [STDERR_REDIRECT] [Fatal Error] :1:1: Premature end of file.
2025-01-26 23:27:35,917 [ERROR] LogOutputStream:75 - [STDERR_REDIRECT] 
2025-01-26 23:27:36,934 [ERROR] LogOutputStream:75 - [STDERR_REDIRECT] [Fatal Error] :1:1: Premature end of file.
2025-01-26 23:27:36,934 [ERROR] LogOutputStream:75 - [STDERR_REDIRECT] 
2025-01-26 23:27:37,930 [ERROR] LogOutputStream:75 - [STDERR_REDIRECT] [Fatal Error] :1:1: Premature end of file.
2025-01-26 23:27:37,930 [ERROR] LogOutputStream:75 - [STDERR_REDIRECT] 
2025-01-26 23:27:38,929 [ERROR] LogOutputStream:75 - [STDERR_REDIRECT] [Fatal Error] :1:1: Premature end of file.
2025-01-26 23:27:38,929 [ERROR] LogOutputStream:75 - [STDERR_REDIRECT] 
2025-01-26 23:27:39,925 [ERROR] LogOutputStream:75 - [STDERR_REDIRECT] [Fatal Error] :1:1: Premature end of file.
2025-01-26 23:27:39,925 [ERROR] LogOutputStream:75 - [STDERR_REDIRECT] 
2025-01-26 23:27:40,924 [ERROR] LogOutputStream:75 - [STDERR_REDIRECT] [Fatal Error] :1:1: Premature end of file.
2025-01-26 23:27:40,924 [ERROR] LogOutputStream:75 - [STDERR_REDIRECT] 
2025-01-26 23:27:41,934 [ERROR] LogOutputStream:75 - [STDERR_REDIRECT] [Fatal Error] :1:1: Premature end of file.
2025-01-26 23:27:41,936 [ERROR] LogOutputStream:75 - [STDERR_REDIRECT] 
2025-01-26 23:27:42,930 [ERROR] LogOutputStream:75 - [STDERR_REDIRECT] [Fatal Error] :1:1: Premature end of file.
2025-01-26 23:27:42,930 [ERROR] LogOutputStream:75 - [STDERR_REDIRECT] 
2025-01-26 23:27:43,928 [ERROR] LogOutputStream:75 - [STDERR_REDIRECT] [Fatal Error] :1:1: Premature end of file.
2025-01-26 23:27:43,928 [ERROR] LogOutputStream:75 - [STDERR_REDIRECT] 
2025-01-26 23:27:44,933 [ERROR] LogOutputStream:75 - [STDERR_REDIRECT] [Fatal Error] :1:1: Premature end of file.
2025-01-26 23:27:44,933 [ERROR] LogOutputStream:75 - [STDERR_REDIRECT] 
2025-01-26 23:27:45,930 [ERROR] LogOutputStream:75 - [STDERR_REDIRECT] [Fatal Error] :1:1: Premature end of file.
2025-01-26 23:27:45,931 [ERROR] LogOutputStream:75 - [STDERR_REDIRECT] 
2025-01-26 23:27:46,932 [ERROR] LogOutputStream:75 - [STDERR_REDIRECT] [Fatal Error] :1:1: Premature end of file.
2025-01-26 23:27:46,932 [ERROR] LogOutputStream:75 - [STDERR_REDIRECT] 
2025-01-26 23:27:47,931 [ERROR] LogOutputStream:75 - [STDERR_REDIRECT] [Fatal Error] :1:1: Premature end of file.
2025-01-26 23:27:47,931 [ERROR] LogOutputStream:75 - [STDERR_REDIRECT] 
2025-01-26 23:27:48,933 [ERROR] LogOutputStream:75 - [STDERR_REDIRECT] [Fatal Error] :1:1: Premature end of file.
2025-01-26 23:27:48,933 [ERROR] LogOutputStream:75 - [STDERR_REDIRECT] 
2025-01-26 23:27:49,942 [ERROR] LogOutputStream:75 - [STDERR_REDIRECT] [Fatal Error] :1:1: Premature end of file.
2025-01-26 23:27:49,942 [ERROR] LogOutputStream:75 - [STDERR_REDIRECT] 
2025-01-26 23:27:50,934 [ERROR] LogOutputStream:75 - [STDERR_REDIRECT] [Fatal Error] :1:1: Premature end of file.
2025-01-26 23:27:50,934 [ERROR] LogOutputStream:75 - [STDERR_REDIRECT] 
2025-01-26 23:27:51,921 [ERROR] LogOutputStream:75 - [STDERR_REDIRECT] [Fatal Error] :1:1: Premature end of file.
2025-01-26 23:27:51,921 [ERROR] LogOutputStream:75 - [STDERR_REDIRECT] 
2025-01-26 23:27:52,933 [ERROR] LogOutputStream:75 - [STDERR_REDIRECT] [Fatal Error] :1:1: Premature end of file.
2025-01-26 23:27:52,933 [ERROR] LogOutputStream:75 - [STDERR_REDIRECT] 
2025-01-26 23:27:53,925 [ERROR] LogOutputStream:75 - [STDERR_REDIRECT] [Fatal Error] :1:1: Premature end of file.
2025-01-26 23:27:53,925 [ERROR] LogOutputStream:75 - [STDERR_REDIRECT] 
2025-01-26 23:27:54,927 [ERROR] LogOutputStream:75 - [STDERR_REDIRECT] [Fatal Error] :1:1: Premature end of file.
2025-01-26 23:27:54,927 [ERROR] LogOutputStream:75 - [STDERR_REDIRECT] 
2025-01-26 23:27:55,937 [ERROR] LogOutputStream:75 - [STDERR_REDIRECT] [Fatal Error] :1:1: Premature end of file.
2025-01-26 23:27:55,937 [ERROR] LogOutputStream:75 - [STDERR_REDIRECT] 
2025-01-26 23:27:56,933 [ERROR] LogOutputStream:75 - [STDERR_REDIRECT] [Fatal Error] :1:1: Premature end of file.
2025-01-26 23:27:56,933 [ERROR] LogOutputStream:75 - [STDERR_REDIRECT] 
2025-01-26 23:27:57,917 [ERROR] LogOutputStream:75 - [STDERR_REDIRECT] [Fatal Error] :1:1: Premature end of file.
2025-01-26 23:27:57,917 [ERROR] LogOutputStream:75 - [STDERR_REDIRECT] 
2025-01-26 23:27:58,920 [ERROR] LogOutputStream:75 - [STDERR_REDIRECT] [Fatal Error] :1:1: Premature end of file.
2025-01-26 23:27:58,920 [ERROR] LogOutputStream:75 - [STDERR_REDIRECT] 
2025-01-26 23:27:59,921 [ERROR] LogOutputStream:75 - [STDERR_REDIRECT] [Fatal Error] :1:1: Premature end of file.
2025-01-26 23:27:59,921 [ERROR] LogOutputStream:75 - [STDERR_REDIRECT] 
2025-01-26 23:28:00,933 [ERROR] LogOutputStream:75 - [STDERR_REDIRECT] [Fatal Error] :1:1: Premature end of file.
2025-01-26 23:28:00,933 [ERROR] LogOutputStream:75 - [STDERR_REDIRECT] 
2025-01-26 23:28:01,925 [ERROR] LogOutputStream:75 - [STDERR_REDIRECT] [Fatal Error] :1:1: Premature end of file.
2025-01-26 23:28:01,925 [ERROR] LogOutputStream:75 - [STDERR_REDIRECT] 
2025-01-26 23:28:02,928 [ERROR] LogOutputStream:75 - [STDERR_REDIRECT] [Fatal Error] :1:1: Premature end of file.
2025-01-26 23:28:02,928 [ERROR] LogOutputStream:75 - [STDERR_REDIRECT] 
2025-01-26 23:28:03,937 [ERROR] LogOutputStream:75 - [STDERR_REDIRECT] [Fatal Error] :1:1: Premature end of file.
2025-01-26 23:28:03,937 [ERROR] LogOutputStream:75 - [STDERR_REDIRECT] 
2025-01-26 23:28:04,935 [ERROR] LogOutputStream:75 - [STDERR_REDIRECT] [Fatal Error] :1:1: Premature end of file.
2025-01-26 23:28:04,935 [ERROR] LogOutputStream:75 - [STDERR_REDIRECT] 
2025-01-26 23:28:05,924 [ERROR] LogOutputStream:75 - [STDERR_REDIRECT] [Fatal Error] :1:1: Premature end of file.
2025-01-26 23:28:05,924 [ERROR] LogOutputStream:75 - [STDERR_REDIRECT] 
2025-01-26 23:28:06,942 [ERROR] LogOutputStream:75 - [STDERR_REDIRECT] [Fatal Error] :1:1: Premature end of file.
2025-01-26 23:28:06,942 [ERROR] LogOutputStream:75 - [STDERR_REDIRECT] 
2025-01-26 23:28:07,930 [ERROR] LogOutputStream:75 - [STDERR_REDIRECT] [Fatal Error] :1:1: Premature end of file.
2025-01-26 23:28:07,931 [ERROR] LogOutputStream:75 - [STDERR_REDIRECT] 
2025-01-26 23:28:08,920 [ERROR] LogOutputStream:75 - [STDERR_REDIRECT] [Fatal Error] :1:1: Premature end of file.
2025-01-26 23:28:08,920 [ERROR] LogOutputStream:75 - [STDERR_REDIRECT] 
2025-01-26 23:28:09,931 [ERROR] LogOutputStream:75 - [STDERR_REDIRECT] [Fatal Error] :1:1: Premature end of file.
2025-01-26 23:28:09,931 [ERROR] LogOutputStream:75 - [STDERR_REDIRECT] 
2025-01-26 23:28:10,934 [ERROR] LogOutputStream:75 - [STDERR_REDIRECT] [Fatal Error] :1:1: Premature end of file.
2025-01-26 23:28:10,934 [ERROR] LogOutputStream:75 - [STDERR_REDIRECT] 
2025-01-26 23:28:11,928 [ERROR] LogOutputStream:75 - [STDERR_REDIRECT] [Fatal Error] :1:1: Premature end of file.
2025-01-26 23:28:11,928 [ERROR] LogOutputStream:75 - [STDERR_REDIRECT] 
2025-01-26 23:28:12,931 [ERROR] LogOutputStream:75 - [STDERR_REDIRECT] [Fatal Error] :1:1: Premature end of file.
2025-01-26 23:28:12,931 [ERROR] LogOutputStream:75 - [STDERR_REDIRECT] 
2025-01-26 23:28:13,934 [ERROR] LogOutputStream:75 - [STDERR_REDIRECT] [Fatal Error] :1:1: Premature end of file.
2025-01-26 23:28:13,934 [ERROR] LogOutputStream:75 - [STDERR_REDIRECT] 
2025-01-26 23:28:14,932 [ERROR] LogOutputStream:75 - [STDERR_REDIRECT] [Fatal Error] :1:1: Premature end of file.
2025-01-26 23:28:14,932 [ERROR] LogOutputStream:75 - [STDERR_REDIRECT] 
2025-01-26 23:28:15,921 [ERROR] LogOutputStream:75 - [STDERR_REDIRECT] [Fatal Error] :1:1: Premature end of file.
2025-01-26 23:28:15,921 [ERROR] LogOutputStream:75 - [STDERR_REDIRECT] 
2025-01-26 23:28:16,930 [ERROR] LogOutputStream:75 - [STDERR_REDIRECT] [Fatal Error] :1:1: Premature end of file.
2025-01-26 23:28:16,930 [ERROR] LogOutputStream:75 - [STDERR_REDIRECT] 
2025-01-26 23:28:17,940 [ERROR] LogOutputStream:75 - [STDERR_REDIRECT] [Fatal Error] :1:1: Premature end of file.
2025-01-26 23:28:17,940 [ERROR] LogOutputStream:75 - [STDERR_REDIRECT] 
2025-01-26 23:28:18,919 [ERROR] LogOutputStream:75 - [STDERR_REDIRECT] [Fatal Error] :1:1: Premature end of file.
2025-01-26 23:28:18,919 [ERROR] LogOutputStream:75 - [STDERR_REDIRECT] 
2025-01-26 23:28:19,931 [ERROR] LogOutputStream:75 - [STDERR_REDIRECT] [Fatal Error] :1:1: Premature end of file.
2025-01-26 23:28:19,931 [ERROR] LogOutputStream:75 - [STDERR_REDIRECT] 
2025-01-26 23:28:20,937 [ERROR] LogOutputStream:75 - [STDERR_REDIRECT] [Fatal Error] :1:1: Premature end of file.
2025-01-26 23:28:20,937 [ERROR] LogOutputStream:75 - [STDERR_REDIRECT] 
2025-01-26 23:28:21,932 [ERROR] LogOutputStream:75 - [STDERR_REDIRECT] [Fatal Error] :1:1: Premature end of file.
2025-01-26 23:28:21,932 [ERROR] LogOutputStream:75 - [STDERR_REDIRECT] 
2025-01-26 23:28:22,921 [ERROR] LogOutputStream:75 - [STDERR_REDIRECT] [Fatal Error] :1:1: Premature end of file.
2025-01-26 23:28:22,921 [ERROR] LogOutputStream:75 - [STDERR_REDIRECT] 
2025-01-26 23:28:23,935 [ERROR] LogOutputStream:75 - [STDERR_REDIRECT] [Fatal Error] :1:1: Premature end of file.
2025-01-26 23:28:23,935 [ERROR] LogOutputStream:75 - [STDERR_REDIRECT] 
2025-01-26 23:28:24,921 [ERROR] LogOutputStream:75 - [STDERR_REDIRECT] [Fatal Error] :1:1: Premature end of file.
2025-01-26 23:28:24,921 [ERROR] LogOutputStream:75 - [STDERR_REDIRECT] 
2025-01-26 23:28:25,936 [ERROR] LogOutputStream:75 - [STDERR_REDIRECT] [Fatal Error] :1:1: Premature end of file.
2025-01-26 23:28:25,936 [ERROR] LogOutputStream:75 - [STDERR_REDIRECT] 
2025-01-26 23:28:26,928 [ERROR] LogOutputStream:75 - [STDERR_REDIRECT] [Fatal Error] :1:1: Premature end of file.
2025-01-26 23:28:26,928 [ERROR] LogOutputStream:75 - [STDERR_REDIRECT] 
2025-01-26 23:28:27,967 [ERROR] LogOutputStream:75 - [STDERR_REDIRECT] [Fatal Error] :1:1: Premature end of file.
2025-01-26 23:28:27,967 [ERROR] LogOutputStream:75 - [STDERR_REDIRECT] 
2025-01-26 23:28:28,929 [ERROR] LogOutputStream:75 - [STDERR_REDIRECT] [Fatal Error] :1:1: Premature end of file.
2025-01-26 23:28:28,929 [ERROR] LogOutputStream:75 - [STDERR_REDIRECT] 
2025-01-26 23:28:29,931 [ERROR] LogOutputStream:75 - [STDERR_REDIRECT] [Fatal Error] :1:1: Premature end of file.
2025-01-26 23:28:29,931 [ERROR] LogOutputStream:75 - [STDERR_REDIRECT] 
2025-01-26 23:28:30,921 [ERROR] LogOutputStream:75 - [STDERR_REDIRECT] [Fatal Error] :1:1: Premature end of file.
2025-01-26 23:28:30,921 [ERROR] LogOutputStream:75 - [STDERR_REDIRECT] 
2025-01-26 23:28:31,929 [ERROR] LogOutputStream:75 - [STDERR_REDIRECT] [Fatal Error] :1:1: Premature end of file.
2025-01-26 23:28:31,929 [ERROR] LogOutputStream:75 - [STDERR_REDIRECT] 
2025-01-26 23:28:32,938 [ERROR] LogOutputStream:75 - [STDERR_REDIRECT] [Fatal Error] :1:1: Premature end of file.
2025-01-26 23:28:32,938 [ERROR] LogOutputStream:75 - [STDERR_REDIRECT] 
2025-01-26 23:28:33,955 [ERROR] LogOutputStream:75 - [STDERR_REDIRECT] [Fatal Error] :1:1: Premature end of file.
2025-01-26 23:28:33,955 [ERROR] LogOutputStream:75 - [STDERR_REDIRECT] 
2025-01-26 23:28:34,928 [ERROR] LogOutputStream:75 - [STDERR_REDIRECT] [Fatal Error] :1:1: Premature end of file.
2025-01-26 23:28:34,928 [ERROR] LogOutputStream:75 - [STDERR_REDIRECT] 
2025-01-26 23:28:35,938 [ERROR] LogOutputStream:75 - [STDERR_REDIRECT] [Fatal Error] :1:1: Premature end of file.
2025-01-26 23:28:35,938 [ERROR] LogOutputStream:75 - [STDERR_REDIRECT] 
2025-01-26 23:28:36,937 [ERROR] LogOutputStream:75 - [STDERR_REDIRECT] [Fatal Error] :1:1: Premature end of file.
2025-01-26 23:28:36,937 [ERROR] LogOutputStream:75 - [STDERR_REDIRECT] 
2025-01-26 23:28:37,918 [ERROR] LogOutputStream:75 - [STDERR_REDIRECT] [Fatal Error] :1:1: Premature end of file.
2025-01-26 23:28:37,918 [ERROR] LogOutputStream:75 - [STDERR_REDIRECT] 
2025-01-26 23:28:38,931 [ERROR] LogOutputStream:75 - [STDERR_REDIRECT] [Fatal Error] :1:1: Premature end of file.
2025-01-26 23:28:38,931 [ERROR] LogOutputStream:75 - [STDERR_REDIRECT] 
2025-01-26 23:28:39,930 [ERROR] LogOutputStream:75 - [STDERR_REDIRECT] [Fatal Error] :1:1: Premature end of file.
2025-01-26 23:28:39,930 [ERROR] LogOutputStream:75 - [STDERR_REDIRECT] 
2025-01-26 23:28:40,957 [ERROR] LogOutputStream:75 - [STDERR_REDIRECT] [Fatal Error] :1:1: Premature end of file.
2025-01-26 23:28:40,957 [ERROR] LogOutputStream:75 - [STDERR_REDIRECT] 
2025-01-26 23:28:41,928 [ERROR] LogOutputStream:75 - [STDERR_REDIRECT] [Fatal Error] :1:1: Premature end of file.
2025-01-26 23:28:41,928 [ERROR] LogOutputStream:75 - [STDERR_REDIRECT] 
2025-01-26 23:28:42,933 [ERROR] LogOutputStream:75 - [STDERR_REDIRECT] [Fatal Error] :1:1: Premature end of file.
2025-01-26 23:28:42,933 [ERROR] LogOutputStream:75 - [STDERR_REDIRECT] 
2025-01-26 23:28:43,936 [ERROR] LogOutputStream:75 - [STDERR_REDIRECT] [Fatal Error] :1:1: Premature end of file.
2025-01-26 23:28:43,936 [ERROR] LogOutputStream:75 - [STDERR_REDIRECT] 
2025-01-26 23:28:44,927 [ERROR] LogOutputStream:75 - [STDERR_REDIRECT] [Fatal Error] :1:1: Premature end of file.
2025-01-26 23:28:44,928 [ERROR] LogOutputStream:75 - [STDERR_REDIRECT] 
2025-01-26 23:28:45,931 [ERROR] LogOutputStream:75 - [STDERR_REDIRECT] [Fatal Error] :1:1: Premature end of file.
2025-01-26 23:28:45,931 [ERROR] LogOutputStream:75 - [STDERR_REDIRECT] 
2025-01-26 23:28:46,930 [ERROR] LogOutputStream:75 - [STDERR_REDIRECT] [Fatal Error] :1:1: Premature end of file.
2025-01-26 23:28:46,931 [ERROR] LogOutputStream:75 - [STDERR_REDIRECT] 
2025-01-26 23:28:47,924 [ERROR] LogOutputStream:75 - [STDERR_REDIRECT] [Fatal Error] :1:1: Premature end of file.
2025-01-26 23:28:47,924 [ERROR] LogOutputStream:75 - [STDERR_REDIRECT] 
2025-01-26 23:28:48,931 [ERROR] LogOutputStream:75 - [STDERR_REDIRECT] [Fatal Error] :1:1: Premature end of file.
2025-01-26 23:28:48,931 [ERROR] LogOutputStream:75 - [STDERR_REDIRECT] 
2025-01-26 23:28:49,933 [ERROR] LogOutputStream:75 - [STDERR_REDIRECT] [Fatal Error] :1:1: Premature end of file.
2025-01-26 23:28:49,933 [ERROR] LogOutputStream:75 - [STDERR_REDIRECT] 
2025-01-26 23:28:50,932 [ERROR] LogOutputStream:75 - [STDERR_REDIRECT] [Fatal Error] :1:1: Premature end of file.
2025-01-26 23:28:50,932 [ERROR] LogOutputStream:75 - [STDERR_REDIRECT] 
2025-01-26 23:28:51,930 [ERROR] LogOutputStream:75 - [STDERR_REDIRECT] [Fatal Error] :1:1: Premature end of file.
2025-01-26 23:28:51,931 [ERROR] LogOutputStream:75 - [STDERR_REDIRECT] 
2025-01-26 23:28:52,926 [ERROR] LogOutputStream:75 - [STDERR_REDIRECT] [Fatal Error] :1:1: Premature end of file.
2025-01-26 23:28:52,926 [ERROR] LogOutputStream:75 - [STDERR_REDIRECT] 
2025-01-26 23:28:53,933 [ERROR] LogOutputStream:75 - [STDERR_REDIRECT] [Fatal Error] :1:1: Premature end of file.
2025-01-26 23:28:53,933 [ERROR] LogOutputStream:75 - [STDERR_REDIRECT] 
2025-01-26 23:28:54,933 [ERROR] LogOutputStream:75 - [STDERR_REDIRECT] [Fatal Error] :1:1: Premature end of file.
2025-01-26 23:28:54,933 [ERROR] LogOutputStream:75 - [STDERR_REDIRECT] 
2025-01-26 23:28:55,918 [ERROR] LogOutputStream:75 - [STDERR_REDIRECT] [Fatal Error] :1:1: Premature end of file.
2025-01-26 23:28:55,918 [ERROR] LogOutputStream:75 - [STDERR_REDIRECT] 
2025-01-26 23:28:56,918 [ERROR] LogOutputStream:75 - [STDERR_REDIRECT] [Fatal Error] :1:1: Premature end of file.
2025-01-26 23:28:56,918 [ERROR] LogOutputStream:75 - [STDERR_REDIRECT] 
2025-01-26 23:28:57,929 [ERROR] LogOutputStream:75 - [STDERR_REDIRECT] [Fatal Error] :1:1: Premature end of file.
2025-01-26 23:28:57,929 [ERROR] LogOutputStream:75 - [STDERR_REDIRECT] 
2025-01-26 23:28:58,921 [ERROR] LogOutputStream:75 - [STDERR_REDIRECT] [Fatal Error] :1:1: Premature end of file.
2025-01-26 23:28:58,921 [ERROR] LogOutputStream:75 - [STDERR_REDIRECT] 
2025-01-26 23:28:59,928 [ERROR] LogOutputStream:75 - [STDERR_REDIRECT] [Fatal Error] :1:1: Premature end of file.
2025-01-26 23:28:59,928 [ERROR] LogOutputStream:75 - [STDERR_REDIRECT] 
2025-01-26 23:29:00,933 [ERROR] LogOutputStream:75 - [STDERR_REDIRECT] [Fatal Error] :1:1: Premature end of file.
2025-01-26 23:29:00,933 [ERROR] LogOutputStream:75 - [STDERR_REDIRECT] 
2025-01-26 23:29:01,925 [ERROR] LogOutputStream:75 - [STDERR_REDIRECT] [Fatal Error] :1:1: Premature end of file.
2025-01-26 23:29:01,925 [ERROR] LogOutputStream:75 - [STDERR_REDIRECT] 
2025-01-26 23:29:02,937 [ERROR] LogOutputStream:75 - [STDERR_REDIRECT] [Fatal Error] :1:1: Premature end of file.
2025-01-26 23:29:02,937 [ERROR] LogOutputStream:75 - [STDERR_REDIRECT] 
2025-01-26 23:29:03,921 [ERROR] LogOutputStream:75 - [STDERR_REDIRECT] [Fatal Error] :1:1: Premature end of file.
2025-01-26 23:29:03,921 [ERROR] LogOutputStream:75 - [STDERR_REDIRECT] 
2025-01-26 23:29:04,932 [ERROR] LogOutputStream:75 - [STDERR_REDIRECT] [Fatal Error] :1:1: Premature end of file.
2025-01-26 23:29:04,932 [ERROR] LogOutputStream:75 - [STDERR_REDIRECT] 
2025-01-26 23:29:05,937 [ERROR] LogOutputStream:75 - [STDERR_REDIRECT] [Fatal Error] :1:1: Premature end of file.
2025-01-26 23:29:05,937 [ERROR] LogOutputStream:75 - [STDERR_REDIRECT] 
2025-01-26 23:29:06,922 [ERROR] LogOutputStream:75 - [STDERR_REDIRECT] [Fatal Error] :1:1: Premature end of file.
2025-01-26 23:29:06,922 [ERROR] LogOutputStream:75 - [STDERR_REDIRECT] 
2025-01-26 23:29:07,933 [ERROR] LogOutputStream:75 - [STDERR_REDIRECT] [Fatal Error] :1:1: Premature end of file.
2025-01-26 23:29:07,933 [ERROR] LogOutputStream:75 - [STDERR_REDIRECT] 
2025-01-26 23:29:08,935 [ERROR] LogOutputStream:75 - [STDERR_REDIRECT] [Fatal Error] :1:1: Premature end of file.
2025-01-26 23:29:08,935 [ERROR] LogOutputStream:75 - [STDERR_REDIRECT] 
2025-01-26 23:29:09,945 [ERROR] LogOutputStream:75 - [STDERR_REDIRECT] [Fatal Error] :1:1: Premature end of file.
2025-01-26 23:29:09,945 [ERROR] LogOutputStream:75 - [STDERR_REDIRECT] 
2025-01-26 23:29:10,934 [ERROR] LogOutputStream:75 - [STDERR_REDIRECT] [Fatal Error] :1:1: Premature end of file.
2025-01-26 23:29:10,934 [ERROR] LogOutputStream:75 - [STDERR_REDIRECT] 
2025-01-26 23:29:11,917 [ERROR] LogOutputStream:75 - [STDERR_REDIRECT] [Fatal Error] :1:1: Premature end of file.
2025-01-26 23:29:11,917 [ERROR] LogOutputStream:75 - [STDERR_REDIRECT] 
2025-01-26 23:29:12,937 [ERROR] LogOutputStream:75 - [STDERR_REDIRECT] [Fatal Error] :1:1: Premature end of file.
2025-01-26 23:29:12,937 [ERROR] LogOutputStream:75 - [STDERR_REDIRECT] 
2025-01-26 23:29:13,920 [ERROR] LogOutputStream:75 - [STDERR_REDIRECT] [Fatal Error] :1:1: Premature end of file.
2025-01-26 23:29:13,920 [ERROR] LogOutputStream:75 - [STDERR_REDIRECT] 
2025-01-26 23:29:14,933 [ERROR] LogOutputStream:75 - [STDERR_REDIRECT] [Fatal Error] :1:1: Premature end of file.
2025-01-26 23:29:14,933 [ERROR] LogOutputStream:75 - [STDERR_REDIRECT] 
2025-01-26 23:29:15,931 [ERROR] LogOutputStream:75 - [STDERR_REDIRECT] [Fatal Error] :1:1: Premature end of file.
2025-01-26 23:29:15,931 [ERROR] LogOutputStream:75 - [STDERR_REDIRECT] 
2025-01-26 23:29:16,928 [ERROR] LogOutputStream:75 - [STDERR_REDIRECT] [Fatal Error] :1:1: Premature end of file.
2025-01-26 23:29:16,928 [ERROR] LogOutputStream:75 - [STDERR_REDIRECT] 
2025-01-26 23:29:17,950 [ERROR] LogOutputStream:75 - [STDERR_REDIRECT] [Fatal Error] :1:1: Premature end of file.
2025-01-26 23:29:17,950 [ERROR] LogOutputStream:75 - [STDERR_REDIRECT] 
2025-01-26 23:29:18,934 [ERROR] LogOutputStream:75 - [STDERR_REDIRECT] [Fatal Error] :1:1: Premature end of file.
2025-01-26 23:29:18,934 [ERROR] LogOutputStream:75 - [STDERR_REDIRECT] 
2025-01-26 23:29:19,918 [ERROR] LogOutputStream:75 - [STDERR_REDIRECT] [Fatal Error] :1:1: Premature end of file.
2025-01-26 23:29:19,918 [ERROR] LogOutputStream:75 - [STDERR_REDIRECT] 
2025-01-26 23:29:20,936 [ERROR] LogOutputStream:75 - [STDERR_REDIRECT] [Fatal Error] :1:1: Premature end of file.
2025-01-26 23:29:20,936 [ERROR] LogOutputStream:75 - [STDERR_REDIRECT] 
2025-01-26 23:29:21,921 [ERROR] LogOutputStream:75 - [STDERR_REDIRECT] [Fatal Error] :1:1: Premature end of file.
2025-01-26 23:29:21,921 [ERROR] LogOutputStream:75 - [STDERR_REDIRECT] 
2025-01-26 23:29:22,929 [ERROR] LogOutputStream:75 - [STDERR_REDIRECT] [Fatal Error] :1:1: Premature end of file.
2025-01-26 23:29:22,929 [ERROR] LogOutputStream:75 - [STDERR_REDIRECT] 
2025-01-26 23:29:23,925 [ERROR] LogOutputStream:75 - [STDERR_REDIRECT] [Fatal Error] :1:1: Premature end of file.
2025-01-26 23:29:23,925 [ERROR] LogOutputStream:75 - [STDERR_REDIRECT] 
2025-01-26 23:29:24,930 [ERROR] LogOutputStream:75 - [STDERR_REDIRECT] [Fatal Error] :1:1: Premature end of file.
2025-01-26 23:29:24,930 [ERROR] LogOutputStream:75 - [STDERR_REDIRECT] 
2025-01-26 23:29:25,922 [ERROR] LogOutputStream:75 - [STDERR_REDIRECT] [Fatal Error] :1:1: Premature end of file.
2025-01-26 23:29:25,922 [ERROR] LogOutputStream:75 - [STDERR_REDIRECT] 
2025-01-26 23:29:26,928 [ERROR] LogOutputStream:75 - [STDERR_REDIRECT] [Fatal Error] :1:1: Premature end of file.
2025-01-26 23:29:26,928 [ERROR] LogOutputStream:75 - [STDERR_REDIRECT] 
2025-01-26 23:29:27,936 [ERROR] LogOutputStream:75 - [STDERR_REDIRECT] [Fatal Error] :1:1: Premature end of file.
2025-01-26 23:29:27,936 [ERROR] LogOutputStream:75 - [STDERR_REDIRECT] 
2025-01-26 23:29:28,925 [ERROR] LogOutputStream:75 - [STDERR_REDIRECT] [Fatal Error] :1:1: Premature end of file.
2025-01-26 23:29:28,925 [ERROR] LogOutputStream:75 - [STDERR_REDIRECT] 
2025-01-26 23:29:29,919 [ERROR] LogOutputStream:75 - [STDERR_REDIRECT] [Fatal Error] :1:1: Premature end of file.
2025-01-26 23:29:29,919 [ERROR] LogOutputStream:75 - [STDERR_REDIRECT] 
2025-01-26 23:29:30,934 [ERROR] LogOutputStream:75 - [STDERR_REDIRECT] [Fatal Error] :1:1: Premature end of file.
2025-01-26 23:29:30,934 [ERROR] LogOutputStream:75 - [STDERR_REDIRECT] 
2025-01-26 23:29:31,932 [ERROR] LogOutputStream:75 - [STDERR_REDIRECT] [Fatal Error] :1:1: Premature end of file.
2025-01-26 23:29:31,932 [ERROR] LogOutputStream:75 - [STDERR_REDIRECT] 
2025-01-26 23:29:32,932 [ERROR] LogOutputStream:75 - [STDERR_REDIRECT] [Fatal Error] :1:1: Premature end of file.
2025-01-26 23:29:32,933 [ERROR] LogOutputStream:75 - [STDERR_REDIRECT] 
2025-01-26 23:29:33,923 [ERROR] LogOutputStream:75 - [STDERR_REDIRECT] [Fatal Error] :1:1: Premature end of file.
2025-01-26 23:29:33,923 [ERROR] LogOutputStream:75 - [STDERR_REDIRECT] 
2025-01-26 23:29:34,935 [ERROR] LogOutputStream:75 - [STDERR_REDIRECT] [Fatal Error] :1:1: Premature end of file.
2025-01-26 23:29:34,935 [ERROR] LogOutputStream:75 - [STDERR_REDIRECT] 
2025-01-26 23:29:35,920 [ERROR] LogOutputStream:75 - [STDERR_REDIRECT] [Fatal Error] :1:1: Premature end of file.
2025-01-26 23:29:35,920 [ERROR] LogOutputStream:75 - [STDERR_REDIRECT] 
2025-01-26 23:29:36,930 [ERROR] LogOutputStream:75 - [STDERR_REDIRECT] [Fatal Error] :1:1: Premature end of file.
2025-01-26 23:29:36,930 [ERROR] LogOutputStream:75 - [STDERR_REDIRECT] 
2025-01-26 23:29:37,933 [ERROR] LogOutputStream:75 - [STDERR_REDIRECT] [Fatal Error] :1:1: Premature end of file.
2025-01-26 23:29:37,933 [ERROR] LogOutputStream:75 - [STDERR_REDIRECT] 
2025-01-26 23:29:38,927 [ERROR] LogOutputStream:75 - [STDERR_REDIRECT] [Fatal Error] :1:1: Premature end of file.
2025-01-26 23:29:38,927 [ERROR] LogOutputStream:75 - [STDERR_REDIRECT] 
2025-01-26 23:29:39,930 [ERROR] LogOutputStream:75 - [STDERR_REDIRECT] [Fatal Error] :1:1: Premature end of file.
2025-01-26 23:29:39,930 [ERROR] LogOutputStream:75 - [STDERR_REDIRECT] 
2025-01-26 23:29:40,931 [ERROR] LogOutputStream:75 - [STDERR_REDIRECT] [Fatal Error] :1:1: Premature end of file.
2025-01-26 23:29:40,931 [ERROR] LogOutputStream:75 - [STDERR_REDIRECT] 
2025-01-26 23:29:41,934 [ERROR] LogOutputStream:75 - [STDERR_REDIRECT] [Fatal Error] :1:1: Premature end of file.
2025-01-26 23:29:41,934 [ERROR] LogOutputStream:75 - [STDERR_REDIRECT] 
2025-01-26 23:29:42,933 [ERROR] LogOutputStream:75 - [STDERR_REDIRECT] [Fatal Error] :1:1: Premature end of file.
2025-01-26 23:29:42,933 [ERROR] LogOutputStream:75 - [STDERR_REDIRECT] 
2025-01-26 23:29:43,935 [ERROR] LogOutputStream:75 - [STDERR_REDIRECT] [Fatal Error] :1:1: Premature end of file.
2025-01-26 23:29:43,935 [ERROR] LogOutputStream:75 - [STDERR_REDIRECT] 
2025-01-26 23:29:44,934 [ERROR] LogOutputStream:75 - [STDERR_REDIRECT] [Fatal Error] :1:1: Premature end of file.
2025-01-26 23:29:44,934 [ERROR] LogOutputStream:75 - [STDERR_REDIRECT] 
2025-01-26 23:29:45,931 [ERROR] LogOutputStream:75 - [STDERR_REDIRECT] [Fatal Error] :1:1: Premature end of file.
2025-01-26 23:29:45,931 [ERROR] LogOutputStream:75 - [STDERR_REDIRECT] 
2025-01-26 23:29:46,928 [ERROR] LogOutputStream:75 - [STDERR_REDIRECT] [Fatal Error] :1:1: Premature end of file.
2025-01-26 23:29:46,928 [ERROR] LogOutputStream:75 - [STDERR_REDIRECT] 
2025-01-26 23:29:47,917 [ERROR] LogOutputStream:75 - [STDERR_REDIRECT] [Fatal Error] :1:1: Premature end of file.
2025-01-26 23:29:47,917 [ERROR] LogOutputStream:75 - [STDERR_REDIRECT] 
2025-01-26 23:29:48,924 [ERROR] LogOutputStream:75 - [STDERR_REDIRECT] [Fatal Error] :1:1: Premature end of file.
2025-01-26 23:29:48,924 [ERROR] LogOutputStream:75 - [STDERR_REDIRECT] 
2025-01-26 23:29:49,934 [ERROR] LogOutputStream:75 - [STDERR_REDIRECT] [Fatal Error] :1:1: Premature end of file.
2025-01-26 23:29:49,934 [ERROR] LogOutputStream:75 - [STDERR_REDIRECT] 
2025-01-26 23:29:50,937 [ERROR] LogOutputStream:75 - [STDERR_REDIRECT] [Fatal Error] :1:1: Premature end of file.
2025-01-26 23:29:50,937 [ERROR] LogOutputStream:75 - [STDERR_REDIRECT] 
2025-01-26 23:29:51,931 [ERROR] LogOutputStream:75 - [STDERR_REDIRECT] [Fatal Error] :1:1: Premature end of file.
2025-01-26 23:29:51,931 [ERROR] LogOutputStream:75 - [STDERR_REDIRECT] 
2025-01-26 23:29:52,926 [ERROR] LogOutputStream:75 - [STDERR_REDIRECT] [Fatal Error] :1:1: Premature end of file.
2025-01-26 23:29:52,926 [ERROR] LogOutputStream:75 - [STDERR_REDIRECT] 
2025-01-26 23:29:53,931 [ERROR] LogOutputStream:75 - [STDERR_REDIRECT] [Fatal Error] :1:1: Premature end of file.
2025-01-26 23:29:53,931 [ERROR] LogOutputStream:75 - [STDERR_REDIRECT] 
2025-01-26 23:29:54,930 [ERROR] LogOutputStream:75 - [STDERR_REDIRECT] [Fatal Error] :1:1: Premature end of file.
2025-01-26 23:29:54,930 [ERROR] LogOutputStream:75 - [STDERR_REDIRECT] 
2025-01-26 23:29:55,925 [ERROR] LogOutputStream:75 - [STDERR_REDIRECT] [Fatal Error] :1:1: Premature end of file.
2025-01-26 23:29:55,925 [ERROR] LogOutputStream:75 - [STDERR_REDIRECT] 
2025-01-26 23:29:56,925 [ERROR] LogOutputStream:75 - [STDERR_REDIRECT] [Fatal Error] :1:1: Premature end of file.
2025-01-26 23:29:56,925 [ERROR] LogOutputStream:75 - [STDERR_REDIRECT] 
2025-01-26 23:29:57,932 [ERROR] LogOutputStream:75 - [STDERR_REDIRECT] [Fatal Error] :1:1: Premature end of file.
2025-01-26 23:29:57,932 [ERROR] LogOutputStream:75 - [STDERR_REDIRECT] 
2025-01-26 23:29:58,924 [ERROR] LogOutputStream:75 - [STDERR_REDIRECT] [Fatal Error] :1:1: Premature end of file.
2025-01-26 23:29:58,924 [ERROR] LogOutputStream:75 - [STDERR_REDIRECT] 
2025-01-26 23:29:59,917 [ERROR] LogOutputStream:75 - [STDERR_REDIRECT] [Fatal Error] :1:1: Premature end of file.
2025-01-26 23:29:59,917 [ERROR] LogOutputStream:75 - [STDERR_REDIRECT] 
2025-01-26 23:30:00,934 [ERROR] LogOutputStream:75 - [STDERR_REDIRECT] [Fatal Error] :1:1: Premature end of file.
2025-01-26 23:30:00,934 [ERROR] LogOutputStream:75 - [STDERR_REDIRECT] 
2025-01-26 23:30:01,917 [ERROR] LogOutputStream:75 - [STDERR_REDIRECT] [Fatal Error] :1:1: Premature end of file.
2025-01-26 23:30:01,917 [ERROR] LogOutputStream:75 - [STDERR_REDIRECT] 
2025-01-26 23:30:02,940 [ERROR] LogOutputStream:75 - [STDERR_REDIRECT] [Fatal Error] :1:1: Premature end of file.
2025-01-26 23:30:02,940 [ERROR] LogOutputStream:75 - [STDERR_REDIRECT] 
2025-01-26 23:30:03,931 [ERROR] LogOutputStream:75 - [STDERR_REDIRECT] [Fatal Error] :1:1: Premature end of file.
2025-01-26 23:30:03,931 [ERROR] LogOutputStream:75 - [STDERR_REDIRECT] 
2025-01-26 23:30:04,929 [ERROR] LogOutputStream:75 - [STDERR_REDIRECT] [Fatal Error] :1:1: Premature end of file.
2025-01-26 23:30:04,929 [ERROR] LogOutputStream:75 - [STDERR_REDIRECT] 
2025-01-26 23:30:05,933 [ERROR] LogOutputStream:75 - [STDERR_REDIRECT] [Fatal Error] :1:1: Premature end of file.
2025-01-26 23:30:05,933 [ERROR] LogOutputStream:75 - [STDERR_REDIRECT] 
2025-01-26 23:30:06,920 [ERROR] LogOutputStream:75 - [STDERR_REDIRECT] [Fatal Error] :1:1: Premature end of file.
2025-01-26 23:30:06,920 [ERROR] LogOutputStream:75 - [STDERR_REDIRECT] 
2025-01-26 23:30:07,930 [ERROR] LogOutputStream:75 - [STDERR_REDIRECT] [Fatal Error] :1:1: Premature end of file.
2025-01-26 23:30:07,930 [ERROR] LogOutputStream:75 - [STDERR_REDIRECT] 
2025-01-26 23:30:08,915 [ERROR] LogOutputStream:75 - [STDERR_REDIRECT] [Fatal Error] :1:1: Premature end of file.
2025-01-26 23:30:08,915 [ERROR] LogOutputStream:75 - [STDERR_REDIRECT] 
2025-01-26 23:30:09,917 [ERROR] LogOutputStream:75 - [STDERR_REDIRECT] [Fatal Error] :1:1: Premature end of file.
2025-01-26 23:30:09,917 [ERROR] LogOutputStream:75 - [STDERR_REDIRECT] 
2025-01-26 23:30:10,922 [ERROR] LogOutputStream:75 - [STDERR_REDIRECT] [Fatal Error] :1:1: Premature end of file.
2025-01-26 23:30:10,922 [ERROR] LogOutputStream:75 - [STDERR_REDIRECT] 
2025-01-26 23:30:11,922 [ERROR] LogOutputStream:75 - [STDERR_REDIRECT] [Fatal Error] :1:1: Premature end of file.
2025-01-26 23:30:11,922 [ERROR] LogOutputStream:75 - [STDERR_REDIRECT] 
2025-01-26 23:30:12,937 [ERROR] LogOutputStream:75 - [STDERR_REDIRECT] [Fatal Error] :1:1: Premature end of file.
2025-01-26 23:30:12,937 [ERROR] LogOutputStream:75 - [STDERR_REDIRECT] 
2025-01-26 23:30:13,935 [ERROR] LogOutputStream:75 - [STDERR_REDIRECT] [Fatal Error] :1:1: Premature end of file.
2025-01-26 23:30:13,935 [ERROR] LogOutputStream:75 - [STDERR_REDIRECT] 
2025-01-26 23:30:14,926 [ERROR] LogOutputStream:75 - [STDERR_REDIRECT] [Fatal Error] :1:1: Premature end of file.
2025-01-26 23:30:14,926 [ERROR] LogOutputStream:75 - [STDERR_REDIRECT] 
2025-01-26 23:30:15,940 [ERROR] LogOutputStream:75 - [STDERR_REDIRECT] [Fatal Error] :1:1: Premature end of file.
2025-01-26 23:30:15,941 [ERROR] LogOutputStream:75 - [STDERR_REDIRECT] 
2025-01-26 23:30:16,935 [ERROR] LogOutputStream:75 - [STDERR_REDIRECT] [Fatal Error] :1:1: Premature end of file.
2025-01-26 23:30:16,935 [ERROR] LogOutputStream:75 - [STDERR_REDIRECT] 
2025-01-26 23:30:17,936 [ERROR] LogOutputStream:75 - [STDERR_REDIRECT] [Fatal Error] :1:1: Premature end of file.
2025-01-26 23:30:17,936 [ERROR] LogOutputStream:75 - [STDERR_REDIRECT] 
2025-01-26 23:30:18,932 [ERROR] LogOutputStream:75 - [STDERR_REDIRECT] [Fatal Error] :1:1: Premature end of file.
2025-01-26 23:30:18,932 [ERROR] LogOutputStream:75 - [STDERR_REDIRECT] 
2025-01-26 23:30:19,938 [ERROR] LogOutputStream:75 - [STDERR_REDIRECT] [Fatal Error] :1:1: Premature end of file.
2025-01-26 23:30:19,938 [ERROR] LogOutputStream:75 - [STDERR_REDIRECT] 
2025-01-26 23:30:20,929 [ERROR] LogOutputStream:75 - [STDERR_REDIRECT] [Fatal Error] :1:1: Premature end of file.
2025-01-26 23:30:20,929 [ERROR] LogOutputStream:75 - [STDERR_REDIRECT] 
2025-01-26 23:30:21,931 [ERROR] LogOutputStream:75 - [STDERR_REDIRECT] [Fatal Error] :1:1: Premature end of file.
2025-01-26 23:30:21,931 [ERROR] LogOutputStream:75 - [STDERR_REDIRECT] 
2025-01-26 23:30:22,738 [ERROR] LogOutputStream:75 - [STDERR_REDIRECT] 
