17:09:59 **** Build of configuration Debug for project tsp1 ****
make -j12 all 
arm-none-eabi-gcc "C:/Users/ddpat/STM32Cube/Repository/STM32Cube_FW_F7_V1.17.2/Drivers/STM32F7xx_HAL_Driver/Src/stm32f7xx_hal.c" -mcpu=cortex-m7 -std=gnu11 -g3 -DDEBUG -DUSE_HAL_DRIVER -DSTM32F767xx -c -I../Core/Inc -IC:/Users/ddpat/STM32Cube/Repository/STM32Cube_FW_F7_V1.17.2/Drivers/STM32F7xx_HAL_Driver/Inc -IC:/Users/ddpat/STM32Cube/Repository/STM32Cube_FW_F7_V1.17.2/Drivers/STM32F7xx_HAL_Driver/Inc/Legacy -IC:/Users/ddpat/STM32Cube/Repository/STM32Cube_FW_F7_V1.17.2/Drivers/CMSIS/Device/ST/STM32F7xx/Include -IC:/Users/ddpat/STM32Cube/Repository/STM32Cube_FW_F7_V1.17.2/Drivers/CMSIS/Include -O0 -ffunction-sections -fdata-sections -Wall -fstack-usage -fcyclomatic-complexity -MMD -MP -MF"Drivers/STM32F7xx_HAL_Driver/stm32f7xx_hal.d" -MT"Drivers/STM32F7xx_HAL_Driver/stm32f7xx_hal.o" --specs=nano.specs -mfpu=fpv5-d16 -mfloat-abi=hard -mthumb -o "Drivers/STM32F7xx_HAL_Driver/stm32f7xx_hal.o"
arm-none-eabi-gcc "C:/Users/ddpat/STM32Cube/Repository/STM32Cube_FW_F7_V1.17.2/Drivers/STM32F7xx_HAL_Driver/Src/stm32f7xx_hal_cortex.c" -mcpu=cortex-m7 -std=gnu11 -g3 -DDEBUG -DUSE_HAL_DRIVER -DSTM32F767xx -c -I../Core/Inc -IC:/Users/ddpat/STM32Cube/Repository/STM32Cube_FW_F7_V1.17.2/Drivers/STM32F7xx_HAL_Driver/Inc -IC:/Users/ddpat/STM32Cube/Repository/STM32Cube_FW_F7_V1.17.2/Drivers/STM32F7xx_HAL_Driver/Inc/Legacy -IC:/Users/ddpat/STM32Cube/Repository/STM32Cube_FW_F7_V1.17.2/Drivers/CMSIS/Device/ST/STM32F7xx/Include -IC:/Users/ddpat/STM32Cube/Repository/STM32Cube_FW_F7_V1.17.2/Drivers/CMSIS/Include -O0 -ffunction-sections -fdata-sections -Wall -fstack-usage -fcyclomatic-complexity -MMD -MP -MF"Drivers/STM32F7xx_HAL_Driver/stm32f7xx_hal_cortex.d" -MT"Drivers/STM32F7xx_HAL_Driver/stm32f7xx_hal_cortex.o" --specs=nano.specs -mfpu=fpv5-d16 -mfloat-abi=hard -mthumb -o "Drivers/STM32F7xx_HAL_Driver/stm32f7xx_hal_cortex.o"
arm-none-eabi-gcc "C:/Users/ddpat/STM32Cube/Repository/STM32Cube_FW_F7_V1.17.2/Drivers/STM32F7xx_HAL_Driver/Src/stm32f7xx_hal_dma.c" -mcpu=cortex-m7 -std=gnu11 -g3 -DDEBUG -DUSE_HAL_DRIVER -DSTM32F767xx -c -I../Core/Inc -IC:/Users/ddpat/STM32Cube/Repository/STM32Cube_FW_F7_V1.17.2/Drivers/STM32F7xx_HAL_Driver/Inc -IC:/Users/ddpat/STM32Cube/Repository/STM32Cube_FW_F7_V1.17.2/Drivers/STM32F7xx_HAL_Driver/Inc/Legacy -IC:/Users/ddpat/STM32Cube/Repository/STM32Cube_FW_F7_V1.17.2/Drivers/CMSIS/Device/ST/STM32F7xx/Include -IC:/Users/ddpat/STM32Cube/Repository/STM32Cube_FW_F7_V1.17.2/Drivers/CMSIS/Include -O0 -ffunction-sections -fdata-sections -Wall -fstack-usage -fcyclomatic-complexity -MMD -MP -MF"Drivers/STM32F7xx_HAL_Driver/stm32f7xx_hal_dma.d" -MT"Drivers/STM32F7xx_HAL_Driver/stm32f7xx_hal_dma.o" --specs=nano.specs -mfpu=fpv5-d16 -mfloat-abi=hard -mthumb -o "Drivers/STM32F7xx_HAL_Driver/stm32f7xx_hal_dma.o"
arm-none-eabi-gcc "C:/Users/ddpat/STM32Cube/Repository/STM32Cube_FW_F7_V1.17.2/Drivers/STM32F7xx_HAL_Driver/Src/stm32f7xx_hal_dma_ex.c" -mcpu=cortex-m7 -std=gnu11 -g3 -DDEBUG -DUSE_HAL_DRIVER -DSTM32F767xx -c -I../Core/Inc -IC:/Users/ddpat/STM32Cube/Repository/STM32Cube_FW_F7_V1.17.2/Drivers/STM32F7xx_HAL_Driver/Inc -IC:/Users/ddpat/STM32Cube/Repository/STM32Cube_FW_F7_V1.17.2/Drivers/STM32F7xx_HAL_Driver/Inc/Legacy -IC:/Users/ddpat/STM32Cube/Repository/STM32Cube_FW_F7_V1.17.2/Drivers/CMSIS/Device/ST/STM32F7xx/Include -IC:/Users/ddpat/STM32Cube/Repository/STM32Cube_FW_F7_V1.17.2/Drivers/CMSIS/Include -O0 -ffunction-sections -fdata-sections -Wall -fstack-usage -fcyclomatic-complexity -MMD -MP -MF"Drivers/STM32F7xx_HAL_Driver/stm32f7xx_hal_dma_ex.d" -MT"Drivers/STM32F7xx_HAL_Driver/stm32f7xx_hal_dma_ex.o" --specs=nano.specs -mfpu=fpv5-d16 -mfloat-abi=hard -mthumb -o "Drivers/STM32F7xx_HAL_Driver/stm32f7xx_hal_dma_ex.o"
arm-none-eabi-gcc "C:/Users/ddpat/STM32Cube/Repository/STM32Cube_FW_F7_V1.17.2/Drivers/STM32F7xx_HAL_Driver/Src/stm32f7xx_hal_exti.c" -mcpu=cortex-m7 -std=gnu11 -g3 -DDEBUG -DUSE_HAL_DRIVER -DSTM32F767xx -c -I../Core/Inc -IC:/Users/ddpat/STM32Cube/Repository/STM32Cube_FW_F7_V1.17.2/Drivers/STM32F7xx_HAL_Driver/Inc -IC:/Users/ddpat/STM32Cube/Repository/STM32Cube_FW_F7_V1.17.2/Drivers/STM32F7xx_HAL_Driver/Inc/Legacy -IC:/Users/ddpat/STM32Cube/Repository/STM32Cube_FW_F7_V1.17.2/Drivers/CMSIS/Device/ST/STM32F7xx/Include -IC:/Users/ddpat/STM32Cube/Repository/STM32Cube_FW_F7_V1.17.2/Drivers/CMSIS/Include -O0 -ffunction-sections -fdata-sections -Wall -fstack-usage -fcyclomatic-complexity -MMD -MP -MF"Drivers/STM32F7xx_HAL_Driver/stm32f7xx_hal_exti.d" -MT"Drivers/STM32F7xx_HAL_Driver/stm32f7xx_hal_exti.o" --specs=nano.specs -mfpu=fpv5-d16 -mfloat-abi=hard -mthumb -o "Drivers/STM32F7xx_HAL_Driver/stm32f7xx_hal_exti.o"
arm-none-eabi-gcc "C:/Users/ddpat/STM32Cube/Repository/STM32Cube_FW_F7_V1.17.2/Drivers/STM32F7xx_HAL_Driver/Src/stm32f7xx_hal_flash.c" -mcpu=cortex-m7 -std=gnu11 -g3 -DDEBUG -DUSE_HAL_DRIVER -DSTM32F767xx -c -I../Core/Inc -IC:/Users/ddpat/STM32Cube/Repository/STM32Cube_FW_F7_V1.17.2/Drivers/STM32F7xx_HAL_Driver/Inc -IC:/Users/ddpat/STM32Cube/Repository/STM32Cube_FW_F7_V1.17.2/Drivers/STM32F7xx_HAL_Driver/Inc/Legacy -IC:/Users/ddpat/STM32Cube/Repository/STM32Cube_FW_F7_V1.17.2/Drivers/CMSIS/Device/ST/STM32F7xx/Include -IC:/Users/ddpat/STM32Cube/Repository/STM32Cube_FW_F7_V1.17.2/Drivers/CMSIS/Include -O0 -ffunction-sections -fdata-sections -Wall -fstack-usage -fcyclomatic-complexity -MMD -MP -MF"Drivers/STM32F7xx_HAL_Driver/stm32f7xx_hal_flash.d" -MT"Drivers/STM32F7xx_HAL_Driver/stm32f7xx_hal_flash.o" --specs=nano.specs -mfpu=fpv5-d16 -mfloat-abi=hard -mthumb -o "Drivers/STM32F7xx_HAL_Driver/stm32f7xx_hal_flash.o"
arm-none-eabi-gcc "C:/Users/ddpat/STM32Cube/Repository/STM32Cube_FW_F7_V1.17.2/Drivers/STM32F7xx_HAL_Driver/Src/stm32f7xx_hal_flash_ex.c" -mcpu=cortex-m7 -std=gnu11 -g3 -DDEBUG -DUSE_HAL_DRIVER -DSTM32F767xx -c -I../Core/Inc -IC:/Users/ddpat/STM32Cube/Repository/STM32Cube_FW_F7_V1.17.2/Drivers/STM32F7xx_HAL_Driver/Inc -IC:/Users/ddpat/STM32Cube/Repository/STM32Cube_FW_F7_V1.17.2/Drivers/STM32F7xx_HAL_Driver/Inc/Legacy -IC:/Users/ddpat/STM32Cube/Repository/STM32Cube_FW_F7_V1.17.2/Drivers/CMSIS/Device/ST/STM32F7xx/Include -IC:/Users/ddpat/STM32Cube/Repository/STM32Cube_FW_F7_V1.17.2/Drivers/CMSIS/Include -O0 -ffunction-sections -fdata-sections -Wall -fstack-usage -fcyclomatic-complexity -MMD -MP -MF"Drivers/STM32F7xx_HAL_Driver/stm32f7xx_hal_flash_ex.d" -MT"Drivers/STM32F7xx_HAL_Driver/stm32f7xx_hal_flash_ex.o" --specs=nano.specs -mfpu=fpv5-d16 -mfloat-abi=hard -mthumb -o "Drivers/STM32F7xx_HAL_Driver/stm32f7xx_hal_flash_ex.o"
arm-none-eabi-gcc "C:/Users/ddpat/STM32Cube/Repository/STM32Cube_FW_F7_V1.17.2/Drivers/STM32F7xx_HAL_Driver/Src/stm32f7xx_hal_gpio.c" -mcpu=cortex-m7 -std=gnu11 -g3 -DDEBUG -DUSE_HAL_DRIVER -DSTM32F767xx -c -I../Core/Inc -IC:/Users/ddpat/STM32Cube/Repository/STM32Cube_FW_F7_V1.17.2/Drivers/STM32F7xx_HAL_Driver/Inc -IC:/Users/ddpat/STM32Cube/Repository/STM32Cube_FW_F7_V1.17.2/Drivers/STM32F7xx_HAL_Driver/Inc/Legacy -IC:/Users/ddpat/STM32Cube/Repository/STM32Cube_FW_F7_V1.17.2/Drivers/CMSIS/Device/ST/STM32F7xx/Include -IC:/Users/ddpat/STM32Cube/Repository/STM32Cube_FW_F7_V1.17.2/Drivers/CMSIS/Include -O0 -ffunction-sections -fdata-sections -Wall -fstack-usage -fcyclomatic-complexity -MMD -MP -MF"Drivers/STM32F7xx_HAL_Driver/stm32f7xx_hal_gpio.d" -MT"Drivers/STM32F7xx_HAL_Driver/stm32f7xx_hal_gpio.o" --specs=nano.specs -mfpu=fpv5-d16 -mfloat-abi=hard -mthumb -o "Drivers/STM32F7xx_HAL_Driver/stm32f7xx_hal_gpio.o"
arm-none-eabi-gcc "C:/Users/ddpat/STM32Cube/Repository/STM32Cube_FW_F7_V1.17.2/Drivers/STM32F7xx_HAL_Driver/Src/stm32f7xx_hal_i2c.c" -mcpu=cortex-m7 -std=gnu11 -g3 -DDEBUG -DUSE_HAL_DRIVER -DSTM32F767xx -c -I../Core/Inc -IC:/Users/ddpat/STM32Cube/Repository/STM32Cube_FW_F7_V1.17.2/Drivers/STM32F7xx_HAL_Driver/Inc -IC:/Users/ddpat/STM32Cube/Repository/STM32Cube_FW_F7_V1.17.2/Drivers/STM32F7xx_HAL_Driver/Inc/Legacy -IC:/Users/ddpat/STM32Cube/Repository/STM32Cube_FW_F7_V1.17.2/Drivers/CMSIS/Device/ST/STM32F7xx/Include -IC:/Users/ddpat/STM32Cube/Repository/STM32Cube_FW_F7_V1.17.2/Drivers/CMSIS/Include -O0 -ffunction-sections -fdata-sections -Wall -fstack-usage -fcyclomatic-complexity -MMD -MP -MF"Drivers/STM32F7xx_HAL_Driver/stm32f7xx_hal_i2c.d" -MT"Drivers/STM32F7xx_HAL_Driver/stm32f7xx_hal_i2c.o" --specs=nano.specs -mfpu=fpv5-d16 -mfloat-abi=hard -mthumb -o "Drivers/STM32F7xx_HAL_Driver/stm32f7xx_hal_i2c.o"
arm-none-eabi-gcc "C:/Users/ddpat/STM32Cube/Repository/STM32Cube_FW_F7_V1.17.2/Drivers/STM32F7xx_HAL_Driver/Src/stm32f7xx_hal_i2c_ex.c" -mcpu=cortex-m7 -std=gnu11 -g3 -DDEBUG -DUSE_HAL_DRIVER -DSTM32F767xx -c -I../Core/Inc -IC:/Users/ddpat/STM32Cube/Repository/STM32Cube_FW_F7_V1.17.2/Drivers/STM32F7xx_HAL_Driver/Inc -IC:/Users/ddpat/STM32Cube/Repository/STM32Cube_FW_F7_V1.17.2/Drivers/STM32F7xx_HAL_Driver/Inc/Legacy -IC:/Users/ddpat/STM32Cube/Repository/STM32Cube_FW_F7_V1.17.2/Drivers/CMSIS/Device/ST/STM32F7xx/Include -IC:/Users/ddpat/STM32Cube/Repository/STM32Cube_FW_F7_V1.17.2/Drivers/CMSIS/Include -O0 -ffunction-sections -fdata-sections -Wall -fstack-usage -fcyclomatic-complexity -MMD -MP -MF"Drivers/STM32F7xx_HAL_Driver/stm32f7xx_hal_i2c_ex.d" -MT"Drivers/STM32F7xx_HAL_Driver/stm32f7xx_hal_i2c_ex.o" --specs=nano.specs -mfpu=fpv5-d16 -mfloat-abi=hard -mthumb -o "Drivers/STM32F7xx_HAL_Driver/stm32f7xx_hal_i2c_ex.o"
arm-none-eabi-gcc "C:/Users/ddpat/STM32Cube/Repository/STM32Cube_FW_F7_V1.17.2/Drivers/STM32F7xx_HAL_Driver/Src/stm32f7xx_hal_pwr.c" -mcpu=cortex-m7 -std=gnu11 -g3 -DDEBUG -DUSE_HAL_DRIVER -DSTM32F767xx -c -I../Core/Inc -IC:/Users/ddpat/STM32Cube/Repository/STM32Cube_FW_F7_V1.17.2/Drivers/STM32F7xx_HAL_Driver/Inc -IC:/Users/ddpat/STM32Cube/Repository/STM32Cube_FW_F7_V1.17.2/Drivers/STM32F7xx_HAL_Driver/Inc/Legacy -IC:/Users/ddpat/STM32Cube/Repository/STM32Cube_FW_F7_V1.17.2/Drivers/CMSIS/Device/ST/STM32F7xx/Include -IC:/Users/ddpat/STM32Cube/Repository/STM32Cube_FW_F7_V1.17.2/Drivers/CMSIS/Include -O0 -ffunction-sections -fdata-sections -Wall -fstack-usage -fcyclomatic-complexity -MMD -MP -MF"Drivers/STM32F7xx_HAL_Driver/stm32f7xx_hal_pwr.d" -MT"Drivers/STM32F7xx_HAL_Driver/stm32f7xx_hal_pwr.o" --specs=nano.specs -mfpu=fpv5-d16 -mfloat-abi=hard -mthumb -o "Drivers/STM32F7xx_HAL_Driver/stm32f7xx_hal_pwr.o"
arm-none-eabi-gcc "C:/Users/ddpat/STM32Cube/Repository/STM32Cube_FW_F7_V1.17.2/Drivers/STM32F7xx_HAL_Driver/Src/stm32f7xx_hal_pwr_ex.c" -mcpu=cortex-m7 -std=gnu11 -g3 -DDEBUG -DUSE_HAL_DRIVER -DSTM32F767xx -c -I../Core/Inc -IC:/Users/ddpat/STM32Cube/Repository/STM32Cube_FW_F7_V1.17.2/Drivers/STM32F7xx_HAL_Driver/Inc -IC:/Users/ddpat/STM32Cube/Repository/STM32Cube_FW_F7_V1.17.2/Drivers/STM32F7xx_HAL_Driver/Inc/Legacy -IC:/Users/ddpat/STM32Cube/Repository/STM32Cube_FW_F7_V1.17.2/Drivers/CMSIS/Device/ST/STM32F7xx/Include -IC:/Users/ddpat/STM32Cube/Repository/STM32Cube_FW_F7_V1.17.2/Drivers/CMSIS/Include -O0 -ffunction-sections -fdata-sections -Wall -fstack-usage -fcyclomatic-complexity -MMD -MP -MF"Drivers/STM32F7xx_HAL_Driver/stm32f7xx_hal_pwr_ex.d" -MT"Drivers/STM32F7xx_HAL_Driver/stm32f7xx_hal_pwr_ex.o" --specs=nano.specs -mfpu=fpv5-d16 -mfloat-abi=hard -mthumb -o "Drivers/STM32F7xx_HAL_Driver/stm32f7xx_hal_pwr_ex.o"
arm-none-eabi-gcc "C:/Users/ddpat/STM32Cube/Repository/STM32Cube_FW_F7_V1.17.2/Drivers/STM32F7xx_HAL_Driver/Src/stm32f7xx_hal_rcc.c" -mcpu=cortex-m7 -std=gnu11 -g3 -DDEBUG -DUSE_HAL_DRIVER -DSTM32F767xx -c -I../Core/Inc -IC:/Users/ddpat/STM32Cube/Repository/STM32Cube_FW_F7_V1.17.2/Drivers/STM32F7xx_HAL_Driver/Inc -IC:/Users/ddpat/STM32Cube/Repository/STM32Cube_FW_F7_V1.17.2/Drivers/STM32F7xx_HAL_Driver/Inc/Legacy -IC:/Users/ddpat/STM32Cube/Repository/STM32Cube_FW_F7_V1.17.2/Drivers/CMSIS/Device/ST/STM32F7xx/Include -IC:/Users/ddpat/STM32Cube/Repository/STM32Cube_FW_F7_V1.17.2/Drivers/CMSIS/Include -O0 -ffunction-sections -fdata-sections -Wall -fstack-usage -fcyclomatic-complexity -MMD -MP -MF"Drivers/STM32F7xx_HAL_Driver/stm32f7xx_hal_rcc.d" -MT"Drivers/STM32F7xx_HAL_Driver/stm32f7xx_hal_rcc.o" --specs=nano.specs -mfpu=fpv5-d16 -mfloat-abi=hard -mthumb -o "Drivers/STM32F7xx_HAL_Driver/stm32f7xx_hal_rcc.o"
arm-none-eabi-gcc "C:/Users/ddpat/STM32Cube/Repository/STM32Cube_FW_F7_V1.17.2/Drivers/STM32F7xx_HAL_Driver/Src/stm32f7xx_hal_rcc_ex.c" -mcpu=cortex-m7 -std=gnu11 -g3 -DDEBUG -DUSE_HAL_DRIVER -DSTM32F767xx -c -I../Core/Inc -IC:/Users/ddpat/STM32Cube/Repository/STM32Cube_FW_F7_V1.17.2/Drivers/STM32F7xx_HAL_Driver/Inc -IC:/Users/ddpat/STM32Cube/Repository/STM32Cube_FW_F7_V1.17.2/Drivers/STM32F7xx_HAL_Driver/Inc/Legacy -IC:/Users/ddpat/STM32Cube/Repository/STM32Cube_FW_F7_V1.17.2/Drivers/CMSIS/Device/ST/STM32F7xx/Include -IC:/Users/ddpat/STM32Cube/Repository/STM32Cube_FW_F7_V1.17.2/Drivers/CMSIS/Include -O0 -ffunction-sections -fdata-sections -Wall -fstack-usage -fcyclomatic-complexity -MMD -MP -MF"Drivers/STM32F7xx_HAL_Driver/stm32f7xx_hal_rcc_ex.d" -MT"Drivers/STM32F7xx_HAL_Driver/stm32f7xx_hal_rcc_ex.o" --specs=nano.specs -mfpu=fpv5-d16 -mfloat-abi=hard -mthumb -o "Drivers/STM32F7xx_HAL_Driver/stm32f7xx_hal_rcc_ex.o"
arm-none-eabi-gcc "C:/Users/ddpat/STM32Cube/Repository/STM32Cube_FW_F7_V1.17.2/Drivers/STM32F7xx_HAL_Driver/Src/stm32f7xx_hal_uart.c" -mcpu=cortex-m7 -std=gnu11 -g3 -DDEBUG -DUSE_HAL_DRIVER -DSTM32F767xx -c -I../Core/Inc -IC:/Users/ddpat/STM32Cube/Repository/STM32Cube_FW_F7_V1.17.2/Drivers/STM32F7xx_HAL_Driver/Inc -IC:/Users/ddpat/STM32Cube/Repository/STM32Cube_FW_F7_V1.17.2/Drivers/STM32F7xx_HAL_Driver/Inc/Legacy -IC:/Users/ddpat/STM32Cube/Repository/STM32Cube_FW_F7_V1.17.2/Drivers/CMSIS/Device/ST/STM32F7xx/Include -IC:/Users/ddpat/STM32Cube/Repository/STM32Cube_FW_F7_V1.17.2/Drivers/CMSIS/Include -O0 -ffunction-sections -fdata-sections -Wall -fstack-usage -fcyclomatic-complexity -MMD -MP -MF"Drivers/STM32F7xx_HAL_Driver/stm32f7xx_hal_uart.d" -MT"Drivers/STM32F7xx_HAL_Driver/stm32f7xx_hal_uart.o" --specs=nano.specs -mfpu=fpv5-d16 -mfloat-abi=hard -mthumb -o "Drivers/STM32F7xx_HAL_Driver/stm32f7xx_hal_uart.o"
arm-none-eabi-gcc "C:/Users/ddpat/STM32Cube/Repository/STM32Cube_FW_F7_V1.17.2/Drivers/STM32F7xx_HAL_Driver/Src/stm32f7xx_hal_uart_ex.c" -mcpu=cortex-m7 -std=gnu11 -g3 -DDEBUG -DUSE_HAL_DRIVER -DSTM32F767xx -c -I../Core/Inc -IC:/Users/ddpat/STM32Cube/Repository/STM32Cube_FW_F7_V1.17.2/Drivers/STM32F7xx_HAL_Driver/Inc -IC:/Users/ddpat/STM32Cube/Repository/STM32Cube_FW_F7_V1.17.2/Drivers/STM32F7xx_HAL_Driver/Inc/Legacy -IC:/Users/ddpat/STM32Cube/Repository/STM32Cube_FW_F7_V1.17.2/Drivers/CMSIS/Device/ST/STM32F7xx/Include -IC:/Users/ddpat/STM32Cube/Repository/STM32Cube_FW_F7_V1.17.2/Drivers/CMSIS/Include -O0 -ffunction-sections -fdata-sections -Wall -fstack-usage -fcyclomatic-complexity -MMD -MP -MF"Drivers/STM32F7xx_HAL_Driver/stm32f7xx_hal_uart_ex.d" -MT"Drivers/STM32F7xx_HAL_Driver/stm32f7xx_hal_uart_ex.o" --specs=nano.specs -mfpu=fpv5-d16 -mfloat-abi=hard -mthumb -o "Drivers/STM32F7xx_HAL_Driver/stm32f7xx_hal_uart_ex.o"
arm-none-eabi-gcc -mcpu=cortex-m7 -g3 -DDEBUG -c -x assembler-with-cpp -MMD -MP -MF"Core/Startup/startup_stm32f767zitx.d" -MT"Core/Startup/startup_stm32f767zitx.o" --specs=nano.specs -mfpu=fpv5-d16 -mfloat-abi=hard -mthumb -o "Core/Startup/startup_stm32f767zitx.o" "../Core/Startup/startup_stm32f767zitx.s"
arm-none-eabi-gcc "../Core/Src/main.c" -mcpu=cortex-m7 -std=gnu11 -g3 -DDEBUG -DUSE_HAL_DRIVER -DSTM32F767xx -c -I../Core/Inc -IC:/Users/ddpat/STM32Cube/Repository/STM32Cube_FW_F7_V1.17.2/Drivers/STM32F7xx_HAL_Driver/Inc -IC:/Users/ddpat/STM32Cube/Repository/STM32Cube_FW_F7_V1.17.2/Drivers/STM32F7xx_HAL_Driver/Inc/Legacy -IC:/Users/ddpat/STM32Cube/Repository/STM32Cube_FW_F7_V1.17.2/Drivers/CMSIS/Device/ST/STM32F7xx/Include -IC:/Users/ddpat/STM32Cube/Repository/STM32Cube_FW_F7_V1.17.2/Drivers/CMSIS/Include -O0 -ffunction-sections -fdata-sections -Wall -fstack-usage -fcyclomatic-complexity -MMD -MP -MF"Core/Src/main.d" -MT"Core/Src/main.o" --specs=nano.specs -mfpu=fpv5-d16 -mfloat-abi=hard -mthumb -o "Core/Src/main.o"
arm-none-eabi-gcc "../Core/Src/stm32f7xx_hal_msp.c" -mcpu=cortex-m7 -std=gnu11 -g3 -DDEBUG -DUSE_HAL_DRIVER -DSTM32F767xx -c -I../Core/Inc -IC:/Users/ddpat/STM32Cube/Repository/STM32Cube_FW_F7_V1.17.2/Drivers/STM32F7xx_HAL_Driver/Inc -IC:/Users/ddpat/STM32Cube/Repository/STM32Cube_FW_F7_V1.17.2/Drivers/STM32F7xx_HAL_Driver/Inc/Legacy -IC:/Users/ddpat/STM32Cube/Repository/STM32Cube_FW_F7_V1.17.2/Drivers/CMSIS/Device/ST/STM32F7xx/Include -IC:/Users/ddpat/STM32Cube/Repository/STM32Cube_FW_F7_V1.17.2/Drivers/CMSIS/Include -O0 -ffunction-sections -fdata-sections -Wall -fstack-usage -fcyclomatic-complexity -MMD -MP -MF"Core/Src/stm32f7xx_hal_msp.d" -MT"Core/Src/stm32f7xx_hal_msp.o" --specs=nano.specs -mfpu=fpv5-d16 -mfloat-abi=hard -mthumb -o "Core/Src/stm32f7xx_hal_msp.o"
arm-none-eabi-gcc "../Core/Src/stm32f7xx_it.c" -mcpu=cortex-m7 -std=gnu11 -g3 -DDEBUG -DUSE_HAL_DRIVER -DSTM32F767xx -c -I../Core/Inc -IC:/Users/ddpat/STM32Cube/Repository/STM32Cube_FW_F7_V1.17.2/Drivers/STM32F7xx_HAL_Driver/Inc -IC:/Users/ddpat/STM32Cube/Repository/STM32Cube_FW_F7_V1.17.2/Drivers/STM32F7xx_HAL_Driver/Inc/Legacy -IC:/Users/ddpat/STM32Cube/Repository/STM32Cube_FW_F7_V1.17.2/Drivers/CMSIS/Device/ST/STM32F7xx/Include -IC:/Users/ddpat/STM32Cube/Repository/STM32Cube_FW_F7_V1.17.2/Drivers/CMSIS/Include -O0 -ffunction-sections -fdata-sections -Wall -fstack-usage -fcyclomatic-complexity -MMD -MP -MF"Core/Src/stm32f7xx_it.d" -MT"Core/Src/stm32f7xx_it.o" --specs=nano.specs -mfpu=fpv5-d16 -mfloat-abi=hard -mthumb -o "Core/Src/stm32f7xx_it.o"
arm-none-eabi-gcc "../Core/Src/syscalls.c" -mcpu=cortex-m7 -std=gnu11 -g3 -DDEBUG -DUSE_HAL_DRIVER -DSTM32F767xx -c -I../Core/Inc -IC:/Users/ddpat/STM32Cube/Repository/STM32Cube_FW_F7_V1.17.2/Drivers/STM32F7xx_HAL_Driver/Inc -IC:/Users/ddpat/STM32Cube/Repository/STM32Cube_FW_F7_V1.17.2/Drivers/STM32F7xx_HAL_Driver/Inc/Legacy -IC:/Users/ddpat/STM32Cube/Repository/STM32Cube_FW_F7_V1.17.2/Drivers/CMSIS/Device/ST/STM32F7xx/Include -IC:/Users/ddpat/STM32Cube/Repository/STM32Cube_FW_F7_V1.17.2/Drivers/CMSIS/Include -O0 -ffunction-sections -fdata-sections -Wall -fstack-usage -fcyclomatic-complexity -MMD -MP -MF"Core/Src/syscalls.d" -MT"Core/Src/syscalls.o" --specs=nano.specs -mfpu=fpv5-d16 -mfloat-abi=hard -mthumb -o "Core/Src/syscalls.o"
arm-none-eabi-gcc "../Core/Src/sysmem.c" -mcpu=cortex-m7 -std=gnu11 -g3 -DDEBUG -DUSE_HAL_DRIVER -DSTM32F767xx -c -I../Core/Inc -IC:/Users/ddpat/STM32Cube/Repository/STM32Cube_FW_F7_V1.17.2/Drivers/STM32F7xx_HAL_Driver/Inc -IC:/Users/ddpat/STM32Cube/Repository/STM32Cube_FW_F7_V1.17.2/Drivers/STM32F7xx_HAL_Driver/Inc/Legacy -IC:/Users/ddpat/STM32Cube/Repository/STM32Cube_FW_F7_V1.17.2/Drivers/CMSIS/Device/ST/STM32F7xx/Include -IC:/Users/ddpat/STM32Cube/Repository/STM32Cube_FW_F7_V1.17.2/Drivers/CMSIS/Include -O0 -ffunction-sections -fdata-sections -Wall -fstack-usage -fcyclomatic-complexity -MMD -MP -MF"Core/Src/sysmem.d" -MT"Core/Src/sysmem.o" --specs=nano.specs -mfpu=fpv5-d16 -mfloat-abi=hard -mthumb -o "Core/Src/sysmem.o"
arm-none-eabi-gcc "../Core/Src/system_stm32f7xx.c" -mcpu=cortex-m7 -std=gnu11 -g3 -DDEBUG -DUSE_HAL_DRIVER -DSTM32F767xx -c -I../Core/Inc -IC:/Users/ddpat/STM32Cube/Repository/STM32Cube_FW_F7_V1.17.2/Drivers/STM32F7xx_HAL_Driver/Inc -IC:/Users/ddpat/STM32Cube/Repository/STM32Cube_FW_F7_V1.17.2/Drivers/STM32F7xx_HAL_Driver/Inc/Legacy -IC:/Users/ddpat/STM32Cube/Repository/STM32Cube_FW_F7_V1.17.2/Drivers/CMSIS/Device/ST/STM32F7xx/Include -IC:/Users/ddpat/STM32Cube/Repository/STM32Cube_FW_F7_V1.17.2/Drivers/CMSIS/Include -O0 -ffunction-sections -fdata-sections -Wall -fstack-usage -fcyclomatic-complexity -MMD -MP -MF"Core/Src/system_stm32f7xx.d" -MT"Core/Src/system_stm32f7xx.o" --specs=nano.specs -mfpu=fpv5-d16 -mfloat-abi=hard -mthumb -o "Core/Src/system_stm32f7xx.o"
C:/Users/ddpat/STM32Cube/Repository/STM32Cube_FW_F7_V1.17.2/Drivers/STM32F7xx_HAL_Driver/Src/stm32f7xx_hal_uart.c: In function 'main':
C:/Users/ddpat/STM32Cube/Repository/STM32Cube_FW_F7_V1.17.2/Drivers/STM32F7xx_HAL_Driver/Src/stm32f7xx_hal_uart.c:227:83: warning: '%s' directive output may be truncated writing up to 99 bytes into a region of size between 47 and 96 [-Wformat-truncation=]
  227 |                                   snprintf(tx_message, sizeof(tx_message), "%s => %s ", name, rx_message);
      |                                                                                   ^~          ~~~~~~~~~~
C:/Users/ddpat/STM32Cube/Repository/STM32Cube_FW_F7_V1.17.2/Drivers/STM32F7xx_HAL_Driver/Src/stm32f7xx_hal_uart.c:227:35: note: 'snprintf' output between 6 and 154 bytes into a destination of size 100
  227 |                                   snprintf(tx_message, sizeof(tx_message), "%s => %s ", name, rx_message);
      |                                   ^~~~~~~~~~~~~~~~~~~~~~~~~~~~~~~~~~~~~~~~~~~~~~~~~~~~~~~~~~~~~~~~~~~~~~~
arm-none-eabi-gcc -o "tsp1.elf" @"objects.list"   -mcpu=cortex-m7 -T"E:\MAD_Lab\spp11\tsp1\STM32F767ZITX_FLASH.ld" --specs=nosys.specs -Wl,-Map="tsp1.map" -Wl,--gc-sections -static --specs=nano.specs -mfpu=fpv5-d16 -mfloat-abi=hard -mthumb -Wl,--start-group -lc -lm -Wl,--end-group
C:/ST/STM32CubeIDE_1.17.0/STM32CubeIDE/plugins/com.st.stm32cube.ide.mcu.externaltools.gnu-tools-for-stm32.12.3.rel1.win32_1.1.0.202410251130/tools/bin/../lib/gcc/arm-none-eabi/12.3.1/../../../../arm-none-eabi/bin/ld.exe: ./Drivers/STM32F7xx_HAL_Driver/stm32f7xx_hal_uart.o:C:/Users/ddpat/STM32Cube/Repository/STM32Cube_FW_F7_V1.17.2/Drivers/STM32F7xx_HAL_Driver/Src/stm32f7xx_hal_uart.c:58: multiple definition of `huart1'; ./Core/Src/main.o:E:/MAD_Lab/spp11/tsp1/Debug/../Core/Src/main.c:44: first defined here
C:/ST/STM32CubeIDE_1.17.0/STM32CubeIDE/plugins/com.st.stm32cube.ide.mcu.externaltools.gnu-tools-for-stm32.12.3.rel1.win32_1.1.0.202410251130/tools/bin/../lib/gcc/arm-none-eabi/12.3.1/../../../../arm-none-eabi/bin/ld.exe: ./Drivers/STM32F7xx_HAL_Driver/stm32f7xx_hal_uart.o:C:/Users/ddpat/STM32Cube/Repository/STM32Cube_FW_F7_V1.17.2/Drivers/STM32F7xx_HAL_Driver/Src/stm32f7xx_hal_uart.c:59: multiple definition of `huart2'; ./Core/Src/main.o:E:/MAD_Lab/spp11/tsp1/Debug/../Core/Src/main.c:45: first defined here
C:/ST/STM32CubeIDE_1.17.0/STM32CubeIDE/plugins/com.st.stm32cube.ide.mcu.externaltools.gnu-tools-for-stm32.12.3.rel1.win32_1.1.0.202410251130/tools/bin/../lib/gcc/arm-none-eabi/12.3.1/../../../../arm-none-eabi/bin/ld.exe: ./Drivers/STM32F7xx_HAL_Driver/stm32f7xx_hal_uart.o:C:/Users/ddpat/STM32Cube/Repository/STM32Cube_FW_F7_V1.17.2/Drivers/STM32F7xx_HAL_Driver/Src/stm32f7xx_hal_uart.c:60: multiple definition of `huart3'; ./Core/Src/main.o:E:/MAD_Lab/spp11/tsp1/Debug/../Core/Src/main.c:46: first defined here
C:/ST/STM32CubeIDE_1.17.0/STM32CubeIDE/plugins/com.st.stm32cube.ide.mcu.externaltools.gnu-tools-for-stm32.12.3.rel1.win32_1.1.0.202410251130/tools/bin/../lib/gcc/arm-none-eabi/12.3.1/../../../../arm-none-eabi/bin/ld.exe: ./Drivers/STM32F7xx_HAL_Driver/stm32f7xx_hal_uart.o: in function `main':
C:/Users/ddpat/STM32Cube/Repository/STM32Cube_FW_F7_V1.17.2/Drivers/STM32F7xx_HAL_Driver/Src/stm32f7xx_hal_uart.c:139: multiple definition of `main'; ./Core/Src/main.o:E:/MAD_Lab/spp11/tsp1/Debug/../Core/Src/main.c:73: first defined here
C:/ST/STM32CubeIDE_1.17.0/STM32CubeIDE/plugins/com.st.stm32cube.ide.mcu.externaltools.gnu-tools-for-stm32.12.3.rel1.win32_1.1.0.202410251130/tools/bin/../lib/gcc/arm-none-eabi/12.3.1/../../../../arm-none-eabi/bin/ld.exe: ./Drivers/STM32F7xx_HAL_Driver/stm32f7xx_hal_uart.o: in function `SystemClock_Config':
C:/Users/ddpat/STM32Cube/Repository/STM32Cube_FW_F7_V1.17.2/Drivers/STM32F7xx_HAL_Driver/Src/stm32f7xx_hal_uart.c:249: multiple definition of `SystemClock_Config'; ./Core/Src/main.o:E:/MAD_Lab/spp11/tsp1/Debug/../Core/Src/main.c:123: first defined here
C:/ST/STM32CubeIDE_1.17.0/STM32CubeIDE/plugins/com.st.stm32cube.ide.mcu.externaltools.gnu-tools-for-stm32.12.3.rel1.win32_1.1.0.202410251130/tools/bin/../lib/gcc/arm-none-eabi/12.3.1/../../../../arm-none-eabi/bin/ld.exe: ./Drivers/STM32F7xx_HAL_Driver/stm32f7xx_hal_uart.o: in function `Error_Handler':
C:/Users/ddpat/STM32Cube/Repository/STM32Cube_FW_F7_V1.17.2/Drivers/STM32F7xx_HAL_Driver/Src/stm32f7xx_hal_uart.c:457: multiple definition of `Error_Handler'; ./Core/Src/main.o:E:/MAD_Lab/spp11/tsp1/Debug/../Core/Src/main.c:331: first defined here
C:/ST/STM32CubeIDE_1.17.0/STM32CubeIDE/plugins/com.st.stm32cube.ide.mcu.externaltools.gnu-tools-for-stm32.12.3.rel1.win32_1.1.0.202410251130/tools/bin/../lib/gcc/arm-none-eabi/12.3.1/../../../../arm-none-eabi/bin/ld.exe: ./Core/Src/main.o: in function `MX_USART1_UART_Init':
E:/MAD_Lab/spp11/tsp1/Debug/../Core/Src/main.c:184: undefined reference to `HAL_UART_Init'
C:/ST/STM32CubeIDE_1.17.0/STM32CubeIDE/plugins/com.st.stm32cube.ide.mcu.externaltools.gnu-tools-for-stm32.12.3.rel1.win32_1.1.0.202410251130/tools/bin/../lib/gcc/arm-none-eabi/12.3.1/../../../../arm-none-eabi/bin/ld.exe: ./Core/Src/main.o: in function `MX_USART2_UART_Init':
E:/MAD_Lab/spp11/tsp1/Debug/../Core/Src/main.c:219: undefined reference to `HAL_UART_Init'
C:/ST/STM32CubeIDE_1.17.0/STM32CubeIDE/plugins/com.st.stm32cube.ide.mcu.externaltools.gnu-tools-for-stm32.12.3.rel1.win32_1.1.0.202410251130/tools/bin/../lib/gcc/arm-none-eabi/12.3.1/../../../../arm-none-eabi/bin/ld.exe: ./Core/Src/main.o: in function `MX_USART3_UART_Init':
E:/MAD_Lab/spp11/tsp1/Debug/../Core/Src/main.c:254: undefined reference to `HAL_UART_Init'
collect2.exe: error: ld returned 1 exit status
make: *** [makefile:64: tsp1.elf] Error 1
"make -j12 all" terminated with exit code 2. Build might be incomplete.
17:12:19 **** Incremental Build of configuration Debug for project tsp1 ****
make -j12 all 
arm-none-eabi-gcc "C:/Users/ddpat/STM32Cube/Repository/STM32Cube_FW_F7_V1.17.2/Drivers/STM32F7xx_HAL_Driver/Src/stm32f7xx_hal_uart.c" -mcpu=cortex-m7 -std=gnu11 -g3 -DDEBUG -DUSE_HAL_DRIVER -DSTM32F767xx -c -I../Core/Inc -IC:/Users/ddpat/STM32Cube/Repository/STM32Cube_FW_F7_V1.17.2/Drivers/STM32F7xx_HAL_Driver/Inc -IC:/Users/ddpat/STM32Cube/Repository/STM32Cube_FW_F7_V1.17.2/Drivers/STM32F7xx_HAL_Driver/Inc/Legacy -IC:/Users/ddpat/STM32Cube/Repository/STM32Cube_FW_F7_V1.17.2/Drivers/CMSIS/Device/ST/STM32F7xx/Include -IC:/Users/ddpat/STM32Cube/Repository/STM32Cube_FW_F7_V1.17.2/Drivers/CMSIS/Include -O0 -ffunction-sections -fdata-sections -Wall -fstack-usage -fcyclomatic-complexity -MMD -MP -MF"Drivers/STM32F7xx_HAL_Driver/stm32f7xx_hal_uart.d" -MT"Drivers/STM32F7xx_HAL_Driver/stm32f7xx_hal_uart.o" --specs=nano.specs -mfpu=fpv5-d16 -mfloat-abi=hard -mthumb -o "Drivers/STM32F7xx_HAL_Driver/stm32f7xx_hal_uart.o"
arm-none-eabi-gcc -o "tsp1.elf" @"objects.list"   -mcpu=cortex-m7 -T"E:\MAD_Lab\spp11\tsp1\STM32F767ZITX_FLASH.ld" --specs=nosys.specs -Wl,-Map="tsp1.map" -Wl,--gc-sections -static --specs=nano.specs -mfpu=fpv5-d16 -mfloat-abi=hard -mthumb -Wl,--start-group -lc -lm -Wl,--end-group
Finished building target: tsp1.elf
 
arm-none-eabi-size  tsp1.elf 
arm-none-eabi-objdump -h -S tsp1.elf  > "tsp1.list"
   text	   data	    bss	    dec	    hex	filename
  11728	     12	   1980	  13720	   3598	tsp1.elf
Finished building: default.size.stdout
 
Finished building: tsp1.list
 
17:12:45 **** Incremental Build of configuration Debug for project tsp1 ****
make -j12 all 
arm-none-eabi-size  tsp1.elf 
   text	   data	    bss	    dec	    hex	filename
  11728	     12	   1980	  13720	   3598	tsp1.elf
Finished building: default.size.stdout
 
17:13:43 **** Incremental Build of configuration Debug for project tsp1 ****
make -j12 all 
arm-none-eabi-gcc "../Core/Src/main.c" -mcpu=cortex-m7 -std=gnu11 -g3 -DDEBUG -DUSE_HAL_DRIVER -DSTM32F767xx -c -I../Core/Inc -IC:/Users/ddpat/STM32Cube/Repository/STM32Cube_FW_F7_V1.17.2/Drivers/STM32F7xx_HAL_Driver/Inc -IC:/Users/ddpat/STM32Cube/Repository/STM32Cube_FW_F7_V1.17.2/Drivers/STM32F7xx_HAL_Driver/Inc/Legacy -IC:/Users/ddpat/STM32Cube/Repository/STM32Cube_FW_F7_V1.17.2/Drivers/CMSIS/Device/ST/STM32F7xx/Include -IC:/Users/ddpat/STM32Cube/Repository/STM32Cube_FW_F7_V1.17.2/Drivers/CMSIS/Include -O0 -ffunction-sections -fdata-sections -Wall -fstack-usage -fcyclomatic-complexity -MMD -MP -MF"Core/Src/main.d" -MT"Core/Src/main.o" --specs=nano.specs -mfpu=fpv5-d16 -mfloat-abi=hard -mthumb -o "Core/Src/main.o"
../Core/Src/main.c: In function 'main':
../Core/Src/main.c:207:91: warning: '%s' directive output may be truncated writing up to 99 bytes into a region of size between 47 and 96 [-Wformat-truncation=]
  207 |                                           snprintf(tx_message, sizeof(tx_message), "%s => %s ", name, rx_message);
      |                                                                                           ^~          ~~~~~~~~~~
../Core/Src/main.c:207:43: note: 'snprintf' output between 6 and 154 bytes into a destination of size 100
  207 |                                           snprintf(tx_message, sizeof(tx_message), "%s => %s ", name, rx_message);
      |                                           ^~~~~~~~~~~~~~~~~~~~~~~~~~~~~~~~~~~~~~~~~~~~~~~~~~~~~~~~~~~~~~~~~~~~~~~
arm-none-eabi-gcc -o "tsp1.elf" @"objects.list"   -mcpu=cortex-m7 -T"E:\MAD_Lab\spp11\tsp1\STM32F767ZITX_FLASH.ld" --specs=nosys.specs -Wl,-Map="tsp1.map" -Wl,--gc-sections -static --specs=nano.specs -mfpu=fpv5-d16 -mfloat-abi=hard -mthumb -Wl,--start-group -lc -lm -Wl,--end-group
Finished building target: tsp1.elf
 
arm-none-eabi-size  tsp1.elf 
arm-none-eabi-objdump -h -S tsp1.elf  > "tsp1.list"
   text	   data	    bss	    dec	    hex	filename
  15608	     96	   2576	  18280	   4768	tsp1.elf
Finished building: default.size.stdout
 
Finished building: tsp1.list
 
17:14:05 **** Incremental Build of configuration Debug for project tsp1 ****
make -j12 all 
arm-none-eabi-gcc "../Core/Src/main.c" -mcpu=cortex-m7 -std=gnu11 -g3 -DDEBUG -DUSE_HAL_DRIVER -DSTM32F767xx -c -I../Core/Inc -IC:/Users/ddpat/STM32Cube/Repository/STM32Cube_FW_F7_V1.17.2/Drivers/STM32F7xx_HAL_Driver/Inc -IC:/Users/ddpat/STM32Cube/Repository/STM32Cube_FW_F7_V1.17.2/Drivers/STM32F7xx_HAL_Driver/Inc/Legacy -IC:/Users/ddpat/STM32Cube/Repository/STM32Cube_FW_F7_V1.17.2/Drivers/CMSIS/Device/ST/STM32F7xx/Include -IC:/Users/ddpat/STM32Cube/Repository/STM32Cube_FW_F7_V1.17.2/Drivers/CMSIS/Include -O0 -ffunction-sections -fdata-sections -Wall -fstack-usage -fcyclomatic-complexity -MMD -MP -MF"Core/Src/main.d" -MT"Core/Src/main.o" --specs=nano.specs -mfpu=fpv5-d16 -mfloat-abi=hard -mthumb -o "Core/Src/main.o"
../Core/Src/main.c: In function 'main':
../Core/Src/main.c:208:91: warning: '%s' directive output may be truncated writing up to 99 bytes into a region of size between 47 and 96 [-Wformat-truncation=]
  208 |                                           snprintf(tx_message, sizeof(tx_message), "%s => %s ", name, rx_message);
      |                                                                                           ^~          ~~~~~~~~~~
../Core/Src/main.c:208:43: note: 'snprintf' output between 6 and 154 bytes into a destination of size 100
  208 |                                           snprintf(tx_message, sizeof(tx_message), "%s => %s ", name, rx_message);
      |                                           ^~~~~~~~~~~~~~~~~~~~~~~~~~~~~~~~~~~~~~~~~~~~~~~~~~~~~~~~~~~~~~~~~~~~~~~
arm-none-eabi-gcc -o "tsp1.elf" @"objects.list"   -mcpu=cortex-m7 -T"E:\MAD_Lab\spp11\tsp1\STM32F767ZITX_FLASH.ld" --specs=nosys.specs -Wl,-Map="tsp1.map" -Wl,--gc-sections -static --specs=nano.specs -mfpu=fpv5-d16 -mfloat-abi=hard -mthumb -Wl,--start-group -lc -lm -Wl,--end-group
Finished building target: tsp1.elf
 
arm-none-eabi-size  tsp1.elf 
arm-none-eabi-objdump -h -S tsp1.elf  > "tsp1.list"
   text	   data	    bss	    dec	    hex	filename
  15612	     96	   2576	  18284	   476c	tsp1.elf
Finished building: default.size.stdout
 
Finished building: tsp1.list
 
17:14:49 **** Incremental Build of configuration Debug for project tsp1 ****
make -j12 all 
arm-none-eabi-size  tsp1.elf 
   text	   data	    bss	    dec	    hex	filename
  15612	     96	   2576	  18284	   476c	tsp1.elf
Finished building: default.size.stdout
 
17:57:07 **** Incremental Build of configuration Debug for project tsp1 ****
make -j12 all 
arm-none-eabi-gcc "../Core/Src/main.c" -mcpu=cortex-m7 -std=gnu11 -g3 -DDEBUG -DUSE_HAL_DRIVER -DSTM32F767xx -c -I../Core/Inc -IC:/Users/ddpat/STM32Cube/Repository/STM32Cube_FW_F7_V1.17.2/Drivers/STM32F7xx_HAL_Driver/Inc -IC:/Users/ddpat/STM32Cube/Repository/STM32Cube_FW_F7_V1.17.2/Drivers/STM32F7xx_HAL_Driver/Inc/Legacy -IC:/Users/ddpat/STM32Cube/Repository/STM32Cube_FW_F7_V1.17.2/Drivers/CMSIS/Device/ST/STM32F7xx/Include -IC:/Users/ddpat/STM32Cube/Repository/STM32Cube_FW_F7_V1.17.2/Drivers/CMSIS/Include -O0 -ffunction-sections -fdata-sections -Wall -fstack-usage -fcyclomatic-complexity -MMD -MP -MF"Core/Src/main.d" -MT"Core/Src/main.o" --specs=nano.specs -mfpu=fpv5-d16 -mfloat-abi=hard -mthumb -o "Core/Src/main.o"
../Core/Src/main.c: In function 'main':
../Core/Src/main.c:241:91: warning: '%s' directive output may be truncated writing up to 99 bytes into a region of size between 47 and 96 [-Wformat-truncation=]
  241 |                                           snprintf(tx_message, sizeof(tx_message), "%s => %s ", name, rx_message);
      |                                                                                           ^~          ~~~~~~~~~~
../Core/Src/main.c:241:43: note: 'snprintf' output between 6 and 154 bytes into a destination of size 100
  241 |                                           snprintf(tx_message, sizeof(tx_message), "%s => %s ", name, rx_message);
      |                                           ^~~~~~~~~~~~~~~~~~~~~~~~~~~~~~~~~~~~~~~~~~~~~~~~~~~~~~~~~~~~~~~~~~~~~~~
arm-none-eabi-gcc -o "tsp1.elf" @"objects.list"   -mcpu=cortex-m7 -T"E:\MAD_Lab\spp11\tsp1\STM32F767ZITX_FLASH.ld" --specs=nosys.specs -Wl,-Map="tsp1.map" -Wl,--gc-sections -static --specs=nano.specs -mfpu=fpv5-d16 -mfloat-abi=hard -mthumb -Wl,--start-group -lc -lm -Wl,--end-group
Finished building target: tsp1.elf
 
arm-none-eabi-size  tsp1.elf 
arm-none-eabi-objdump -h -S tsp1.elf  > "tsp1.list"
   text	   data	    bss	    dec	    hex	filename
  16232	     96	   2680	  19008	   4a40	tsp1.elf
Finished building: default.size.stdout
 
Finished building: tsp1.list
 
17:57:38 **** Incremental Build of configuration Debug for project tsp1 ****
make -j12 all 
arm-none-eabi-gcc "../Core/Src/main.c" -mcpu=cortex-m7 -std=gnu11 -g3 -DDEBUG -DUSE_HAL_DRIVER -DSTM32F767xx -c -I../Core/Inc -IC:/Users/ddpat/STM32Cube/Repository/STM32Cube_FW_F7_V1.17.2/Drivers/STM32F7xx_HAL_Driver/Inc -IC:/Users/ddpat/STM32Cube/Repository/STM32Cube_FW_F7_V1.17.2/Drivers/STM32F7xx_HAL_Driver/Inc/Legacy -IC:/Users/ddpat/STM32Cube/Repository/STM32Cube_FW_F7_V1.17.2/Drivers/CMSIS/Device/ST/STM32F7xx/Include -IC:/Users/ddpat/STM32Cube/Repository/STM32Cube_FW_F7_V1.17.2/Drivers/CMSIS/Include -O0 -ffunction-sections -fdata-sections -Wall -fstack-usage -fcyclomatic-complexity -MMD -MP -MF"Core/Src/main.d" -MT"Core/Src/main.o" --specs=nano.specs -mfpu=fpv5-d16 -mfloat-abi=hard -mthumb -o "Core/Src/main.o"
../Core/Src/main.c: In function 'main':
../Core/Src/main.c:241:91: warning: '%s' directive output may be truncated writing up to 99 bytes into a region of size between 47 and 96 [-Wformat-truncation=]
  241 |                                           snprintf(tx_message, sizeof(tx_message), "%s => %s ", name, rx_message);
      |                                                                                           ^~          ~~~~~~~~~~
../Core/Src/main.c:241:43: note: 'snprintf' output between 6 and 154 bytes into a destination of size 100
  241 |                                           snprintf(tx_message, sizeof(tx_message), "%s => %s ", name, rx_message);
      |                                           ^~~~~~~~~~~~~~~~~~~~~~~~~~~~~~~~~~~~~~~~~~~~~~~~~~~~~~~~~~~~~~~~~~~~~~~
arm-none-eabi-gcc -o "tsp1.elf" @"objects.list"   -mcpu=cortex-m7 -T"E:\MAD_Lab\spp11\tsp1\STM32F767ZITX_FLASH.ld" --specs=nosys.specs -Wl,-Map="tsp1.map" -Wl,--gc-sections -static --specs=nano.specs -mfpu=fpv5-d16 -mfloat-abi=hard -mthumb -Wl,--start-group -lc -lm -Wl,--end-group
Finished building target: tsp1.elf
 
arm-none-eabi-size  tsp1.elf 
arm-none-eabi-objdump -h -S tsp1.elf  > "tsp1.list"
   text	   data	    bss	    dec	    hex	filename
  16232	     96	   2680	  19008	   4a40	tsp1.elf
Finished building: default.size.stdout
 
Finished building: tsp1.list
 
18:02:19 **** Incremental Build of configuration Debug for project tsp1 ****
make -j12 all 
arm-none-eabi-gcc "../Core/Src/main.c" -mcpu=cortex-m7 -std=gnu11 -g3 -DDEBUG -DUSE_HAL_DRIVER -DSTM32F767xx -c -I../Core/Inc -IC:/Users/ddpat/STM32Cube/Repository/STM32Cube_FW_F7_V1.17.2/Drivers/STM32F7xx_HAL_Driver/Inc -IC:/Users/ddpat/STM32Cube/Repository/STM32Cube_FW_F7_V1.17.2/Drivers/STM32F7xx_HAL_Driver/Inc/Legacy -IC:/Users/ddpat/STM32Cube/Repository/STM32Cube_FW_F7_V1.17.2/Drivers/CMSIS/Device/ST/STM32F7xx/Include -IC:/Users/ddpat/STM32Cube/Repository/STM32Cube_FW_F7_V1.17.2/Drivers/CMSIS/Include -O0 -ffunction-sections -fdata-sections -Wall -fstack-usage -fcyclomatic-complexity -MMD -MP -MF"Core/Src/main.d" -MT"Core/Src/main.o" --specs=nano.specs -mfpu=fpv5-d16 -mfloat-abi=hard -mthumb -o "Core/Src/main.o"
../Core/Src/main.c: In function 'main':
../Core/Src/main.c:164:19: warning: too many arguments for format [-Wformat-extra-args]
  164 |                   "Man from U.A.R.T.2 ! ",
      |                   ^~~~~~~~~~~~~~~~~~~~~~~
../Core/Src/main.c:246:91: warning: '%s' directive output may be truncated writing up to 99 bytes into a region of size between 47 and 96 [-Wformat-truncation=]
  246 |                                           snprintf(tx_message, sizeof(tx_message), "%s => %s ", name, rx_message);
      |                                                                                           ^~          ~~~~~~~~~~
../Core/Src/main.c:246:43: note: 'snprintf' output between 6 and 154 bytes into a destination of size 100
  246 |                                           snprintf(tx_message, sizeof(tx_message), "%s => %s ", name, rx_message);
      |                                           ^~~~~~~~~~~~~~~~~~~~~~~~~~~~~~~~~~~~~~~~~~~~~~~~~~~~~~~~~~~~~~~~~~~~~~~
arm-none-eabi-gcc -o "tsp1.elf" @"objects.list"   -mcpu=cortex-m7 -T"E:\MAD_Lab\spp11\tsp1\STM32F767ZITX_FLASH.ld" --specs=nosys.specs -Wl,-Map="tsp1.map" -Wl,--gc-sections -static --specs=nano.specs -mfpu=fpv5-d16 -mfloat-abi=hard -mthumb -Wl,--start-group -lc -lm -Wl,--end-group
Finished building target: tsp1.elf
 
arm-none-eabi-size  tsp1.elf 
arm-none-eabi-objdump -h -S tsp1.elf  > "tsp1.list"
   text	   data	    bss	    dec	    hex	filename
  16308	     96	   2680	  19084	   4a8c	tsp1.elf
Finished building: default.size.stdout
 
Finished building: tsp1.list
 
18:02:22 **** Incremental Build of configuration Debug for project tsp1 ****
make -j12 all 
arm-none-eabi-size  tsp1.elf 
   text	   data	    bss	    dec	    hex	filename
  16308	     96	   2680	  19084	   4a8c	tsp1.elf
Finished building: default.size.stdout
 
18:04:13 **** Incremental Build of configuration Debug for project tsp1 ****
make -j12 all 
arm-none-eabi-gcc "../Core/Src/main.c" -mcpu=cortex-m7 -std=gnu11 -g3 -DDEBUG -DUSE_HAL_DRIVER -DSTM32F767xx -c -I../Core/Inc -IC:/Users/ddpat/STM32Cube/Repository/STM32Cube_FW_F7_V1.17.2/Drivers/STM32F7xx_HAL_Driver/Inc -IC:/Users/ddpat/STM32Cube/Repository/STM32Cube_FW_F7_V1.17.2/Drivers/STM32F7xx_HAL_Driver/Inc/Legacy -IC:/Users/ddpat/STM32Cube/Repository/STM32Cube_FW_F7_V1.17.2/Drivers/CMSIS/Device/ST/STM32F7xx/Include -IC:/Users/ddpat/STM32Cube/Repository/STM32Cube_FW_F7_V1.17.2/Drivers/CMSIS/Include -O0 -ffunction-sections -fdata-sections -Wall -fstack-usage -fcyclomatic-complexity -MMD -MP -MF"Core/Src/main.d" -MT"Core/Src/main.o" --specs=nano.specs -mfpu=fpv5-d16 -mfloat-abi=hard -mthumb -o "Core/Src/main.o"
../Core/Src/main.c: In function 'main':
../Core/Src/main.c:164:19: warning: too many arguments for format [-Wformat-extra-args]
  164 |                   "Man from U.A.R.T.2 ! ",
      |                   ^~~~~~~~~~~~~~~~~~~~~~~
../Core/Src/main.c:246:91: warning: '%s' directive output may be truncated writing up to 99 bytes into a region of size between 47 and 96 [-Wformat-truncation=]
  246 |                                           snprintf(tx_message, sizeof(tx_message), "%s => %s ", name, rx_message);
      |                                                                                           ^~          ~~~~~~~~~~
../Core/Src/main.c:246:43: note: 'snprintf' output between 6 and 154 bytes into a destination of size 100
  246 |                                           snprintf(tx_message, sizeof(tx_message), "%s => %s ", name, rx_message);
      |                                           ^~~~~~~~~~~~~~~~~~~~~~~~~~~~~~~~~~~~~~~~~~~~~~~~~~~~~~~~~~~~~~~~~~~~~~~
arm-none-eabi-gcc -o "tsp1.elf" @"objects.list"   -mcpu=cortex-m7 -T"E:\MAD_Lab\spp11\tsp1\STM32F767ZITX_FLASH.ld" --specs=nosys.specs -Wl,-Map="tsp1.map" -Wl,--gc-sections -static --specs=nano.specs -mfpu=fpv5-d16 -mfloat-abi=hard -mthumb -Wl,--start-group -lc -lm -Wl,--end-group
Finished building target: tsp1.elf
 
arm-none-eabi-size  tsp1.elf 
arm-none-eabi-objdump -h -S tsp1.elf  > "tsp1.list"
   text	   data	    bss	    dec	    hex	filename
  16308	     96	   2680	  19084	   4a8c	tsp1.elf
Finished building: default.size.stdout
 
Finished building: tsp1.list
 
18:04:16 **** Incremental Build of configuration Debug for project tsp1 ****
make -j12 all 
arm-none-eabi-size  tsp1.elf 
   text	   data	    bss	    dec	    hex	filename
  16308	     96	   2680	  19084	   4a8c	tsp1.elf
Finished building: default.size.stdout
 
18:04:35 **** Incremental Build of configuration Debug for project tsp1 ****
make -j12 all 
arm-none-eabi-gcc "../Core/Src/main.c" -mcpu=cortex-m7 -std=gnu11 -g3 -DDEBUG -DUSE_HAL_DRIVER -DSTM32F767xx -c -I../Core/Inc -IC:/Users/ddpat/STM32Cube/Repository/STM32Cube_FW_F7_V1.17.2/Drivers/STM32F7xx_HAL_Driver/Inc -IC:/Users/ddpat/STM32Cube/Repository/STM32Cube_FW_F7_V1.17.2/Drivers/STM32F7xx_HAL_Driver/Inc/Legacy -IC:/Users/ddpat/STM32Cube/Repository/STM32Cube_FW_F7_V1.17.2/Drivers/CMSIS/Device/ST/STM32F7xx/Include -IC:/Users/ddpat/STM32Cube/Repository/STM32Cube_FW_F7_V1.17.2/Drivers/CMSIS/Include -O0 -ffunction-sections -fdata-sections -Wall -fstack-usage -fcyclomatic-complexity -MMD -MP -MF"Core/Src/main.d" -MT"Core/Src/main.o" --specs=nano.specs -mfpu=fpv5-d16 -mfloat-abi=hard -mthumb -o "Core/Src/main.o"
../Core/Src/main.c: In function 'main':
../Core/Src/main.c:164:19: warning: too many arguments for format [-Wformat-extra-args]
  164 |                   "Man from U.A.R.T.2 ! ",
      |                   ^~~~~~~~~~~~~~~~~~~~~~~
../Core/Src/main.c:246:91: warning: '%s' directive output may be truncated writing up to 99 bytes into a region of size between 47 and 96 [-Wformat-truncation=]
  246 |                                           snprintf(tx_message, sizeof(tx_message), "%s => %s ", name, rx_message);
      |                                                                                           ^~          ~~~~~~~~~~
../Core/Src/main.c:246:43: note: 'snprintf' output between 6 and 154 bytes into a destination of size 100
  246 |                                           snprintf(tx_message, sizeof(tx_message), "%s => %s ", name, rx_message);
      |                                           ^~~~~~~~~~~~~~~~~~~~~~~~~~~~~~~~~~~~~~~~~~~~~~~~~~~~~~~~~~~~~~~~~~~~~~~
arm-none-eabi-gcc -o "tsp1.elf" @"objects.list"   -mcpu=cortex-m7 -T"E:\MAD_Lab\spp11\tsp1\STM32F767ZITX_FLASH.ld" --specs=nosys.specs -Wl,-Map="tsp1.map" -Wl,--gc-sections -static --specs=nano.specs -mfpu=fpv5-d16 -mfloat-abi=hard -mthumb -Wl,--start-group -lc -lm -Wl,--end-group
Finished building target: tsp1.elf
 
arm-none-eabi-size  tsp1.elf 
arm-none-eabi-objdump -h -S tsp1.elf  > "tsp1.list"
   text	   data	    bss	    dec	    hex	filename
  16304	     96	   2680	  19080	   4a88	tsp1.elf
Finished building: default.size.stdout
 
Finished building: tsp1.list
 
18:05:31 **** Incremental Build of configuration Debug for project tsp1 ****
make -j12 all 
arm-none-eabi-gcc "../Core/Src/main.c" -mcpu=cortex-m7 -std=gnu11 -g3 -DDEBUG -DUSE_HAL_DRIVER -DSTM32F767xx -c -I../Core/Inc -IC:/Users/ddpat/STM32Cube/Repository/STM32Cube_FW_F7_V1.17.2/Drivers/STM32F7xx_HAL_Driver/Inc -IC:/Users/ddpat/STM32Cube/Repository/STM32Cube_FW_F7_V1.17.2/Drivers/STM32F7xx_HAL_Driver/Inc/Legacy -IC:/Users/ddpat/STM32Cube/Repository/STM32Cube_FW_F7_V1.17.2/Drivers/CMSIS/Device/ST/STM32F7xx/Include -IC:/Users/ddpat/STM32Cube/Repository/STM32Cube_FW_F7_V1.17.2/Drivers/CMSIS/Include -O0 -ffunction-sections -fdata-sections -Wall -fstack-usage -fcyclomatic-complexity -MMD -MP -MF"Core/Src/main.d" -MT"Core/Src/main.o" --specs=nano.specs -mfpu=fpv5-d16 -mfloat-abi=hard -mthumb -o "Core/Src/main.o"
../Core/Src/main.c: In function 'main':
../Core/Src/main.c:246:91: warning: '%s' directive output may be truncated writing up to 99 bytes into a region of size between 47 and 96 [-Wformat-truncation=]
  246 |                                           snprintf(tx_message, sizeof(tx_message), "%s => %s ", name, rx_message);
      |                                                                                           ^~          ~~~~~~~~~~
../Core/Src/main.c:246:43: note: 'snprintf' output between 6 and 154 bytes into a destination of size 100
  246 |                                           snprintf(tx_message, sizeof(tx_message), "%s => %s ", name, rx_message);
      |                                           ^~~~~~~~~~~~~~~~~~~~~~~~~~~~~~~~~~~~~~~~~~~~~~~~~~~~~~~~~~~~~~~~~~~~~~~
arm-none-eabi-gcc -o "tsp1.elf" @"objects.list"   -mcpu=cortex-m7 -T"E:\MAD_Lab\spp11\tsp1\STM32F767ZITX_FLASH.ld" --specs=nosys.specs -Wl,-Map="tsp1.map" -Wl,--gc-sections -static --specs=nano.specs -mfpu=fpv5-d16 -mfloat-abi=hard -mthumb -Wl,--start-group -lc -lm -Wl,--end-group
Finished building target: tsp1.elf
 
arm-none-eabi-size  tsp1.elf 
arm-none-eabi-objdump -h -S tsp1.elf  > "tsp1.list"
   text	   data	    bss	    dec	    hex	filename
  16292	     96	   2680	  19068	   4a7c	tsp1.elf
Finished building: default.size.stdout
 
Finished building: tsp1.list
 
18:05:48 **** Incremental Build of configuration Debug for project tsp1 ****
make -j12 all 
arm-none-eabi-gcc "../Core/Src/main.c" -mcpu=cortex-m7 -std=gnu11 -g3 -DDEBUG -DUSE_HAL_DRIVER -DSTM32F767xx -c -I../Core/Inc -IC:/Users/ddpat/STM32Cube/Repository/STM32Cube_FW_F7_V1.17.2/Drivers/STM32F7xx_HAL_Driver/Inc -IC:/Users/ddpat/STM32Cube/Repository/STM32Cube_FW_F7_V1.17.2/Drivers/STM32F7xx_HAL_Driver/Inc/Legacy -IC:/Users/ddpat/STM32Cube/Repository/STM32Cube_FW_F7_V1.17.2/Drivers/CMSIS/Device/ST/STM32F7xx/Include -IC:/Users/ddpat/STM32Cube/Repository/STM32Cube_FW_F7_V1.17.2/Drivers/CMSIS/Include -O0 -ffunction-sections -fdata-sections -Wall -fstack-usage -fcyclomatic-complexity -MMD -MP -MF"Core/Src/main.d" -MT"Core/Src/main.o" --specs=nano.specs -mfpu=fpv5-d16 -mfloat-abi=hard -mthumb -o "Core/Src/main.o"
../Core/Src/main.c: In function 'main':
../Core/Src/main.c:246:91: warning: '%s' directive output may be truncated writing up to 99 bytes into a region of size between 47 and 96 [-Wformat-truncation=]
  246 |                                           snprintf(tx_message, sizeof(tx_message), "%s => %s ", name, rx_message);
      |                                                                                           ^~          ~~~~~~~~~~
../Core/Src/main.c:246:43: note: 'snprintf' output between 6 and 154 bytes into a destination of size 100
  246 |                                           snprintf(tx_message, sizeof(tx_message), "%s => %s ", name, rx_message);
      |                                           ^~~~~~~~~~~~~~~~~~~~~~~~~~~~~~~~~~~~~~~~~~~~~~~~~~~~~~~~~~~~~~~~~~~~~~~
arm-none-eabi-gcc -o "tsp1.elf" @"objects.list"   -mcpu=cortex-m7 -T"E:\MAD_Lab\spp11\tsp1\STM32F767ZITX_FLASH.ld" --specs=nosys.specs -Wl,-Map="tsp1.map" -Wl,--gc-sections -static --specs=nano.specs -mfpu=fpv5-d16 -mfloat-abi=hard -mthumb -Wl,--start-group -lc -lm -Wl,--end-group
Finished building target: tsp1.elf
 
arm-none-eabi-size  tsp1.elf 
arm-none-eabi-objdump -h -S tsp1.elf  > "tsp1.list"
   text	   data	    bss	    dec	    hex	filename
  16292	     96	   2680	  19068	   4a7c	tsp1.elf
Finished building: default.size.stdout
 
Finished building: tsp1.list
 
18:06:15 **** Incremental Build of configuration Debug for project tsp1 ****
make -j12 all 
arm-none-eabi-gcc "../Core/Src/main.c" -mcpu=cortex-m7 -std=gnu11 -g3 -DDEBUG -DUSE_HAL_DRIVER -DSTM32F767xx -c -I../Core/Inc -IC:/Users/ddpat/STM32Cube/Repository/STM32Cube_FW_F7_V1.17.2/Drivers/STM32F7xx_HAL_Driver/Inc -IC:/Users/ddpat/STM32Cube/Repository/STM32Cube_FW_F7_V1.17.2/Drivers/STM32F7xx_HAL_Driver/Inc/Legacy -IC:/Users/ddpat/STM32Cube/Repository/STM32Cube_FW_F7_V1.17.2/Drivers/CMSIS/Device/ST/STM32F7xx/Include -IC:/Users/ddpat/STM32Cube/Repository/STM32Cube_FW_F7_V1.17.2/Drivers/CMSIS/Include -O0 -ffunction-sections -fdata-sections -Wall -fstack-usage -fcyclomatic-complexity -MMD -MP -MF"Core/Src/main.d" -MT"Core/Src/main.o" --specs=nano.specs -mfpu=fpv5-d16 -mfloat-abi=hard -mthumb -o "Core/Src/main.o"
../Core/Src/main.c: In function 'main':
../Core/Src/main.c:246:91: warning: '%s' directive output may be truncated writing up to 99 bytes into a region of size between 47 and 96 [-Wformat-truncation=]
  246 |                                           snprintf(tx_message, sizeof(tx_message), "%s => %s ", name, rx_message);
      |                                                                                           ^~          ~~~~~~~~~~
../Core/Src/main.c:246:43: note: 'snprintf' output between 6 and 154 bytes into a destination of size 100
  246 |                                           snprintf(tx_message, sizeof(tx_message), "%s => %s ", name, rx_message);
      |                                           ^~~~~~~~~~~~~~~~~~~~~~~~~~~~~~~~~~~~~~~~~~~~~~~~~~~~~~~~~~~~~~~~~~~~~~~
arm-none-eabi-gcc -o "tsp1.elf" @"objects.list"   -mcpu=cortex-m7 -T"E:\MAD_Lab\spp11\tsp1\STM32F767ZITX_FLASH.ld" --specs=nosys.specs -Wl,-Map="tsp1.map" -Wl,--gc-sections -static --specs=nano.specs -mfpu=fpv5-d16 -mfloat-abi=hard -mthumb -Wl,--start-group -lc -lm -Wl,--end-group
Finished building target: tsp1.elf
 
arm-none-eabi-size  tsp1.elf 
arm-none-eabi-objdump -h -S tsp1.elf  > "tsp1.list"
   text	   data	    bss	    dec	    hex	filename
  16292	     96	   2680	  19068	   4a7c	tsp1.elf
Finished building: default.size.stdout
 
Finished building: tsp1.list
 
18:06:45 **** Incremental Build of configuration Debug for project tsp1 ****
make -j12 all 
arm-none-eabi-size  tsp1.elf 
   text	   data	    bss	    dec	    hex	filename
  16292	     96	   2680	  19068	   4a7c	tsp1.elf
Finished building: default.size.stdout
 
18:15:57 **** Incremental Build of configuration Debug for project tsp1 ****
make -j12 all 
arm-none-eabi-gcc "../Core/Src/main.c" -mcpu=cortex-m7 -std=gnu11 -g3 -DDEBUG -DUSE_HAL_DRIVER -DSTM32F767xx -c -I../Core/Inc -IC:/Users/ddpat/STM32Cube/Repository/STM32Cube_FW_F7_V1.17.2/Drivers/STM32F7xx_HAL_Driver/Inc -IC:/Users/ddpat/STM32Cube/Repository/STM32Cube_FW_F7_V1.17.2/Drivers/STM32F7xx_HAL_Driver/Inc/Legacy -IC:/Users/ddpat/STM32Cube/Repository/STM32Cube_FW_F7_V1.17.2/Drivers/CMSIS/Device/ST/STM32F7xx/Include -IC:/Users/ddpat/STM32Cube/Repository/STM32Cube_FW_F7_V1.17.2/Drivers/CMSIS/Include -O0 -ffunction-sections -fdata-sections -Wall -fstack-usage -fcyclomatic-complexity -MMD -MP -MF"Core/Src/main.d" -MT"Core/Src/main.o" --specs=nano.specs -mfpu=fpv5-d16 -mfloat-abi=hard -mthumb -o "Core/Src/main.o"
../Core/Src/main.c: In function 'main':
../Core/Src/main.c:246:91: warning: '%s' directive output may be truncated writing up to 99 bytes into a region of size between 47 and 96 [-Wformat-truncation=]
  246 |                                           snprintf(tx_message, sizeof(tx_message), "%s => %s ", name, rx_message);
      |                                                                                           ^~          ~~~~~~~~~~
../Core/Src/main.c:246:43: note: 'snprintf' output between 6 and 154 bytes into a destination of size 100
  246 |                                           snprintf(tx_message, sizeof(tx_message), "%s => %s ", name, rx_message);
      |                                           ^~~~~~~~~~~~~~~~~~~~~~~~~~~~~~~~~~~~~~~~~~~~~~~~~~~~~~~~~~~~~~~~~~~~~~~
arm-none-eabi-gcc -o "tsp1.elf" @"objects.list"   -mcpu=cortex-m7 -T"E:\MAD_Lab\spp11\tsp1\STM32F767ZITX_FLASH.ld" --specs=nosys.specs -Wl,-Map="tsp1.map" -Wl,--gc-sections -static --specs=nano.specs -mfpu=fpv5-d16 -mfloat-abi=hard -mthumb -Wl,--start-group -lc -lm -Wl,--end-group
Finished building target: tsp1.elf
 
arm-none-eabi-size  tsp1.elf 
arm-none-eabi-objdump -h -S tsp1.elf  > "tsp1.list"
   text	   data	    bss	    dec	    hex	filename
  16284	     96	   2680	  19060	   4a74	tsp1.elf
Finished building: default.size.stdout
 
Finished building: tsp1.list
 
18:16:01 **** Incremental Build of configuration Debug for project tsp1 ****
make -j12 all 
arm-none-eabi-size  tsp1.elf 
   text	   data	    bss	    dec	    hex	filename
  16284	     96	   2680	  19060	   4a74	tsp1.elf
Finished building: default.size.stdout
 
18:16:13 **** Incremental Build of configuration Debug for project tsp1 ****
make -j12 all 
arm-none-eabi-size  tsp1.elf 
   text	   data	    bss	    dec	    hex	filename
  16284	     96	   2680	  19060	   4a74	tsp1.elf
Finished building: default.size.stdout
 
18:17:07 **** Incremental Build of configuration Debug for project tsp1 ****
make -j12 all 
arm-none-eabi-gcc "../Core/Src/main.c" -mcpu=cortex-m7 -std=gnu11 -g3 -DDEBUG -DUSE_HAL_DRIVER -DSTM32F767xx -c -I../Core/Inc -IC:/Users/ddpat/STM32Cube/Repository/STM32Cube_FW_F7_V1.17.2/Drivers/STM32F7xx_HAL_Driver/Inc -IC:/Users/ddpat/STM32Cube/Repository/STM32Cube_FW_F7_V1.17.2/Drivers/STM32F7xx_HAL_Driver/Inc/Legacy -IC:/Users/ddpat/STM32Cube/Repository/STM32Cube_FW_F7_V1.17.2/Drivers/CMSIS/Device/ST/STM32F7xx/Include -IC:/Users/ddpat/STM32Cube/Repository/STM32Cube_FW_F7_V1.17.2/Drivers/CMSIS/Include -O0 -ffunction-sections -fdata-sections -Wall -fstack-usage -fcyclomatic-complexity -MMD -MP -MF"Core/Src/main.d" -MT"Core/Src/main.o" --specs=nano.specs -mfpu=fpv5-d16 -mfloat-abi=hard -mthumb -o "Core/Src/main.o"
../Core/Src/main.c: In function 'main':
../Core/Src/main.c:246:91: warning: '%s' directive output may be truncated writing up to 99 bytes into a region of size between 47 and 96 [-Wformat-truncation=]
  246 |                                           snprintf(tx_message, sizeof(tx_message), "%s => %s ", name, rx_message);
      |                                                                                           ^~          ~~~~~~~~~~
../Core/Src/main.c:246:43: note: 'snprintf' output between 6 and 154 bytes into a destination of size 100
  246 |                                           snprintf(tx_message, sizeof(tx_message), "%s => %s ", name, rx_message);
      |                                           ^~~~~~~~~~~~~~~~~~~~~~~~~~~~~~~~~~~~~~~~~~~~~~~~~~~~~~~~~~~~~~~~~~~~~~~
arm-none-eabi-gcc -o "tsp1.elf" @"objects.list"   -mcpu=cortex-m7 -T"E:\MAD_Lab\spp11\tsp1\STM32F767ZITX_FLASH.ld" --specs=nosys.specs -Wl,-Map="tsp1.map" -Wl,--gc-sections -static --specs=nano.specs -mfpu=fpv5-d16 -mfloat-abi=hard -mthumb -Wl,--start-group -lc -lm -Wl,--end-group
Finished building target: tsp1.elf
 
arm-none-eabi-size  tsp1.elf 
arm-none-eabi-objdump -h -S tsp1.elf  > "tsp1.list"
   text	   data	    bss	    dec	    hex	filename
  16284	     96	   2680	  19060	   4a74	tsp1.elf
Finished building: default.size.stdout
 
Finished building: tsp1.list
 
18:17:21 **** Incremental Build of configuration Debug for project tsp1 ****
make -j12 all 
arm-none-eabi-size  tsp1.elf 
   text	   data	    bss	    dec	    hex	filename
  16284	     96	   2680	  19060	   4a74	tsp1.elf
Finished building: default.size.stdout
 
18:18:30 **** Incremental Build of configuration Debug for project tsp1 ****
make -j12 all 
arm-none-eabi-gcc "../Core/Src/main.c" -mcpu=cortex-m7 -std=gnu11 -g3 -DDEBUG -DUSE_HAL_DRIVER -DSTM32F767xx -c -I../Core/Inc -IC:/Users/ddpat/STM32Cube/Repository/STM32Cube_FW_F7_V1.17.2/Drivers/STM32F7xx_HAL_Driver/Inc -IC:/Users/ddpat/STM32Cube/Repository/STM32Cube_FW_F7_V1.17.2/Drivers/STM32F7xx_HAL_Driver/Inc/Legacy -IC:/Users/ddpat/STM32Cube/Repository/STM32Cube_FW_F7_V1.17.2/Drivers/CMSIS/Device/ST/STM32F7xx/Include -IC:/Users/ddpat/STM32Cube/Repository/STM32Cube_FW_F7_V1.17.2/Drivers/CMSIS/Include -O0 -ffunction-sections -fdata-sections -Wall -fstack-usage -fcyclomatic-complexity -MMD -MP -MF"Core/Src/main.d" -MT"Core/Src/main.o" --specs=nano.specs -mfpu=fpv5-d16 -mfloat-abi=hard -mthumb -o "Core/Src/main.o"
../Core/Src/main.c: In function 'main':
../Core/Src/main.c:246:91: warning: '%s' directive output may be truncated writing up to 99 bytes into a region of size between 47 and 96 [-Wformat-truncation=]
  246 |                                           snprintf(tx_message, sizeof(tx_message), "%s => %s ", name, rx_message);
      |                                                                                           ^~          ~~~~~~~~~~
../Core/Src/main.c:246:43: note: 'snprintf' output between 6 and 154 bytes into a destination of size 100
  246 |                                           snprintf(tx_message, sizeof(tx_message), "%s => %s ", name, rx_message);
      |                                           ^~~~~~~~~~~~~~~~~~~~~~~~~~~~~~~~~~~~~~~~~~~~~~~~~~~~~~~~~~~~~~~~~~~~~~~
arm-none-eabi-gcc -o "tsp1.elf" @"objects.list"   -mcpu=cortex-m7 -T"E:\MAD_Lab\spp11\tsp1\STM32F767ZITX_FLASH.ld" --specs=nosys.specs -Wl,-Map="tsp1.map" -Wl,--gc-sections -static --specs=nano.specs -mfpu=fpv5-d16 -mfloat-abi=hard -mthumb -Wl,--start-group -lc -lm -Wl,--end-group
Finished building target: tsp1.elf
 
arm-none-eabi-size  tsp1.elf 
arm-none-eabi-objdump -h -S tsp1.elf  > "tsp1.list"
   text	   data	    bss	    dec	    hex	filename
  16284	     96	   2680	  19060	   4a74	tsp1.elf
Finished building: default.size.stdout
 
Finished building: tsp1.list
 
18:18:41 **** Incremental Build of configuration Debug for project tsp1 ****
make -j12 all 
arm-none-eabi-size  tsp1.elf 
   text	   data	    bss	    dec	    hex	filename
  16284	     96	   2680	  19060	   4a74	tsp1.elf
Finished building: default.size.stdout
 
18:25:40 **** Incremental Build of configuration Debug for project tsp1 ****
make -j12 all 
arm-none-eabi-gcc "../Core/Src/main.c" -mcpu=cortex-m7 -std=gnu11 -g3 -DDEBUG -DUSE_HAL_DRIVER -DSTM32F767xx -c -I../Core/Inc -IC:/Users/ddpat/STM32Cube/Repository/STM32Cube_FW_F7_V1.17.2/Drivers/STM32F7xx_HAL_Driver/Inc -IC:/Users/ddpat/STM32Cube/Repository/STM32Cube_FW_F7_V1.17.2/Drivers/STM32F7xx_HAL_Driver/Inc/Legacy -IC:/Users/ddpat/STM32Cube/Repository/STM32Cube_FW_F7_V1.17.2/Drivers/CMSIS/Device/ST/STM32F7xx/Include -IC:/Users/ddpat/STM32Cube/Repository/STM32Cube_FW_F7_V1.17.2/Drivers/CMSIS/Include -O0 -ffunction-sections -fdata-sections -Wall -fstack-usage -fcyclomatic-complexity -MMD -MP -MF"Core/Src/main.d" -MT"Core/Src/main.o" --specs=nano.specs -mfpu=fpv5-d16 -mfloat-abi=hard -mthumb -o "Core/Src/main.o"
../Core/Src/main.c: In function 'main':
../Core/Src/main.c:177:11: error: too few arguments to function 'HAL_UART_RxCpltCallback'
  177 |           HAL_UART_RxCpltCallback();
      |           ^~~~~~~~~~~~~~~~~~~~~~~
../Core/Src/main.c:77:6: note: declared here
   77 | void HAL_UART_RxCpltCallback(UART_HandleTypeDef *huart) {
      |      ^~~~~~~~~~~~~~~~~~~~~~~
make: *** [Core/Src/subdir.mk:34: Core/Src/main.o] Error 1
"make -j12 all" terminated with exit code 2. Build might be incomplete.
18:26:38 **** Incremental Build of configuration Debug for project tsp1 ****
make -j12 all 
arm-none-eabi-gcc "../Core/Src/main.c" -mcpu=cortex-m7 -std=gnu11 -g3 -DDEBUG -DUSE_HAL_DRIVER -DSTM32F767xx -c -I../Core/Inc -IC:/Users/ddpat/STM32Cube/Repository/STM32Cube_FW_F7_V1.17.2/Drivers/STM32F7xx_HAL_Driver/Inc -IC:/Users/ddpat/STM32Cube/Repository/STM32Cube_FW_F7_V1.17.2/Drivers/STM32F7xx_HAL_Driver/Inc/Legacy -IC:/Users/ddpat/STM32Cube/Repository/STM32Cube_FW_F7_V1.17.2/Drivers/CMSIS/Device/ST/STM32F7xx/Include -IC:/Users/ddpat/STM32Cube/Repository/STM32Cube_FW_F7_V1.17.2/Drivers/CMSIS/Include -O0 -ffunction-sections -fdata-sections -Wall -fstack-usage -fcyclomatic-complexity -MMD -MP -MF"Core/Src/main.d" -MT"Core/Src/main.o" --specs=nano.specs -mfpu=fpv5-d16 -mfloat-abi=hard -mthumb -o "Core/Src/main.o"
../Core/Src/main.c: In function 'main':
../Core/Src/main.c:170:3: error: too few arguments to function 'HAL_UART_RxCpltCallback'
  170 |   HAL_UART_RxCpltCallback();
      |   ^~~~~~~~~~~~~~~~~~~~~~~
../Core/Src/main.c:77:6: note: declared here
   77 | void HAL_UART_RxCpltCallback(UART_HandleTypeDef *huart) {
      |      ^~~~~~~~~~~~~~~~~~~~~~~
make: *** [Core/Src/subdir.mk:34: Core/Src/main.o] Error 1
"make -j12 all" terminated with exit code 2. Build might be incomplete.
18:26:42 **** Incremental Build of configuration Debug for project tsp1 ****
make -j12 all 
arm-none-eabi-gcc "../Core/Src/main.c" -mcpu=cortex-m7 -std=gnu11 -g3 -DDEBUG -DUSE_HAL_DRIVER -DSTM32F767xx -c -I../Core/Inc -IC:/Users/ddpat/STM32Cube/Repository/STM32Cube_FW_F7_V1.17.2/Drivers/STM32F7xx_HAL_Driver/Inc -IC:/Users/ddpat/STM32Cube/Repository/STM32Cube_FW_F7_V1.17.2/Drivers/STM32F7xx_HAL_Driver/Inc/Legacy -IC:/Users/ddpat/STM32Cube/Repository/STM32Cube_FW_F7_V1.17.2/Drivers/CMSIS/Device/ST/STM32F7xx/Include -IC:/Users/ddpat/STM32Cube/Repository/STM32Cube_FW_F7_V1.17.2/Drivers/CMSIS/Include -O0 -ffunction-sections -fdata-sections -Wall -fstack-usage -fcyclomatic-complexity -MMD -MP -MF"Core/Src/main.d" -MT"Core/Src/main.o" --specs=nano.specs -mfpu=fpv5-d16 -mfloat-abi=hard -mthumb -o "Core/Src/main.o"
../Core/Src/main.c: In function 'main':
../Core/Src/main.c:170:3: warning: statement with no effect [-Wunused-value]
  170 |   HAL_UART_RxCpltCallback;
      |   ^~~~~~~~~~~~~~~~~~~~~~~
../Core/Src/main.c:248:91: warning: '%s' directive output may be truncated writing up to 99 bytes into a region of size between 47 and 96 [-Wformat-truncation=]
  248 |                                           snprintf(tx_message, sizeof(tx_message), "%s => %s ", name, rx_message);
      |                                                                                           ^~          ~~~~~~~~~~
../Core/Src/main.c:248:43: note: 'snprintf' output between 6 and 154 bytes into a destination of size 100
  248 |                                           snprintf(tx_message, sizeof(tx_message), "%s => %s ", name, rx_message);
      |                                           ^~~~~~~~~~~~~~~~~~~~~~~~~~~~~~~~~~~~~~~~~~~~~~~~~~~~~~~~~~~~~~~~~~~~~~~
arm-none-eabi-gcc -o "tsp1.elf" @"objects.list"   -mcpu=cortex-m7 -T"E:\MAD_Lab\spp11\tsp1\STM32F767ZITX_FLASH.ld" --specs=nosys.specs -Wl,-Map="tsp1.map" -Wl,--gc-sections -static --specs=nano.specs -mfpu=fpv5-d16 -mfloat-abi=hard -mthumb -Wl,--start-group -lc -lm -Wl,--end-group
Finished building target: tsp1.elf
 
arm-none-eabi-size  tsp1.elf 
arm-none-eabi-objdump -h -S tsp1.elf  > "tsp1.list"
   text	   data	    bss	    dec	    hex	filename
  16284	     96	   2680	  19060	   4a74	tsp1.elf
Finished building: default.size.stdout
 
Finished building: tsp1.list
 
18:26:49 **** Incremental Build of configuration Debug for project tsp1 ****
make -j12 all 
arm-none-eabi-size  tsp1.elf 
   text	   data	    bss	    dec	    hex	filename
  16284	     96	   2680	  19060	   4a74	tsp1.elf
Finished building: default.size.stdout
 
18:26:58 **** Incremental Build of configuration Debug for project tsp1 ****
make -j12 all 
arm-none-eabi-size  tsp1.elf 
   text	   data	    bss	    dec	    hex	filename
  16284	     96	   2680	  19060	   4a74	tsp1.elf
Finished building: default.size.stdout
 
18:28:07 **** Incremental Build of configuration Debug for project tsp1 ****
make -j12 all 
arm-none-eabi-size  tsp1.elf 
   text	   data	    bss	    dec	    hex	filename
  16284	     96	   2680	  19060	   4a74	tsp1.elf
Finished building: default.size.stdout
 
18:29:17 **** Incremental Build of configuration Debug for project tsp1 ****
make -j12 all 
arm-none-eabi-gcc "../Core/Src/main.c" -mcpu=cortex-m7 -std=gnu11 -g3 -DDEBUG -DUSE_HAL_DRIVER -DSTM32F767xx -c -I../Core/Inc -IC:/Users/ddpat/STM32Cube/Repository/STM32Cube_FW_F7_V1.17.2/Drivers/STM32F7xx_HAL_Driver/Inc -IC:/Users/ddpat/STM32Cube/Repository/STM32Cube_FW_F7_V1.17.2/Drivers/STM32F7xx_HAL_Driver/Inc/Legacy -IC:/Users/ddpat/STM32Cube/Repository/STM32Cube_FW_F7_V1.17.2/Drivers/CMSIS/Device/ST/STM32F7xx/Include -IC:/Users/ddpat/STM32Cube/Repository/STM32Cube_FW_F7_V1.17.2/Drivers/CMSIS/Include -O0 -ffunction-sections -fdata-sections -Wall -fstack-usage -fcyclomatic-complexity -MMD -MP -MF"Core/Src/main.d" -MT"Core/Src/main.o" --specs=nano.specs -mfpu=fpv5-d16 -mfloat-abi=hard -mthumb -o "Core/Src/main.o"
arm-none-eabi-gcc "../Core/Src/stm32f7xx_hal_msp.c" -mcpu=cortex-m7 -std=gnu11 -g3 -DDEBUG -DUSE_HAL_DRIVER -DSTM32F767xx -c -I../Core/Inc -IC:/Users/ddpat/STM32Cube/Repository/STM32Cube_FW_F7_V1.17.2/Drivers/STM32F7xx_HAL_Driver/Inc -IC:/Users/ddpat/STM32Cube/Repository/STM32Cube_FW_F7_V1.17.2/Drivers/STM32F7xx_HAL_Driver/Inc/Legacy -IC:/Users/ddpat/STM32Cube/Repository/STM32Cube_FW_F7_V1.17.2/Drivers/CMSIS/Device/ST/STM32F7xx/Include -IC:/Users/ddpat/STM32Cube/Repository/STM32Cube_FW_F7_V1.17.2/Drivers/CMSIS/Include -O0 -ffunction-sections -fdata-sections -Wall -fstack-usage -fcyclomatic-complexity -MMD -MP -MF"Core/Src/stm32f7xx_hal_msp.d" -MT"Core/Src/stm32f7xx_hal_msp.o" --specs=nano.specs -mfpu=fpv5-d16 -mfloat-abi=hard -mthumb -o "Core/Src/stm32f7xx_hal_msp.o"
arm-none-eabi-gcc "../Core/Src/stm32f7xx_it.c" -mcpu=cortex-m7 -std=gnu11 -g3 -DDEBUG -DUSE_HAL_DRIVER -DSTM32F767xx -c -I../Core/Inc -IC:/Users/ddpat/STM32Cube/Repository/STM32Cube_FW_F7_V1.17.2/Drivers/STM32F7xx_HAL_Driver/Inc -IC:/Users/ddpat/STM32Cube/Repository/STM32Cube_FW_F7_V1.17.2/Drivers/STM32F7xx_HAL_Driver/Inc/Legacy -IC:/Users/ddpat/STM32Cube/Repository/STM32Cube_FW_F7_V1.17.2/Drivers/CMSIS/Device/ST/STM32F7xx/Include -IC:/Users/ddpat/STM32Cube/Repository/STM32Cube_FW_F7_V1.17.2/Drivers/CMSIS/Include -O0 -ffunction-sections -fdata-sections -Wall -fstack-usage -fcyclomatic-complexity -MMD -MP -MF"Core/Src/stm32f7xx_it.d" -MT"Core/Src/stm32f7xx_it.o" --specs=nano.specs -mfpu=fpv5-d16 -mfloat-abi=hard -mthumb -o "Core/Src/stm32f7xx_it.o"
../Core/Src/main.c: In function 'main':
../Core/Src/main.c:170:3: warning: statement with no effect [-Wunused-value]
  170 |   HAL_UART_RxCpltCallback;
      |   ^~~~~~~~~~~~~~~~~~~~~~~
../Core/Src/main.c:247:91: warning: '%s' directive output may be truncated writing up to 99 bytes into a region of size between 47 and 96 [-Wformat-truncation=]
  247 |                                           snprintf(tx_message, sizeof(tx_message), "%s => %s ", name, rx_message);
      |                                                                                           ^~          ~~~~~~~~~~
../Core/Src/main.c:247:43: note: 'snprintf' output between 6 and 154 bytes into a destination of size 100
  247 |                                           snprintf(tx_message, sizeof(tx_message), "%s => %s ", name, rx_message);
      |                                           ^~~~~~~~~~~~~~~~~~~~~~~~~~~~~~~~~~~~~~~~~~~~~~~~~~~~~~~~~~~~~~~~~~~~~~~
arm-none-eabi-gcc -o "tsp1.elf" @"objects.list"   -mcpu=cortex-m7 -T"E:\MAD_Lab\spp11\tsp1\STM32F767ZITX_FLASH.ld" --specs=nosys.specs -Wl,-Map="tsp1.map" -Wl,--gc-sections -static --specs=nano.specs -mfpu=fpv5-d16 -mfloat-abi=hard -mthumb -Wl,--start-group -lc -lm -Wl,--end-group
Finished building target: tsp1.elf
 
arm-none-eabi-size  tsp1.elf 
arm-none-eabi-objdump -h -S tsp1.elf  > "tsp1.list"
   text	   data	    bss	    dec	    hex	filename
  18472	     96	   2680	  21248	   5300	tsp1.elf
Finished building: default.size.stdout
 
Finished building: tsp1.list
 
18:29:33 **** Incremental Build of configuration Debug for project tsp1 ****
make -j12 all 
arm-none-eabi-gcc "../Core/Src/main.c" -mcpu=cortex-m7 -std=gnu11 -g3 -DDEBUG -DUSE_HAL_DRIVER -DSTM32F767xx -c -I../Core/Inc -IC:/Users/ddpat/STM32Cube/Repository/STM32Cube_FW_F7_V1.17.2/Drivers/STM32F7xx_HAL_Driver/Inc -IC:/Users/ddpat/STM32Cube/Repository/STM32Cube_FW_F7_V1.17.2/Drivers/STM32F7xx_HAL_Driver/Inc/Legacy -IC:/Users/ddpat/STM32Cube/Repository/STM32Cube_FW_F7_V1.17.2/Drivers/CMSIS/Device/ST/STM32F7xx/Include -IC:/Users/ddpat/STM32Cube/Repository/STM32Cube_FW_F7_V1.17.2/Drivers/CMSIS/Include -O0 -ffunction-sections -fdata-sections -Wall -fstack-usage -fcyclomatic-complexity -MMD -MP -MF"Core/Src/main.d" -MT"Core/Src/main.o" --specs=nano.specs -mfpu=fpv5-d16 -mfloat-abi=hard -mthumb -o "Core/Src/main.o"
../Core/Src/main.c: In function 'main':
../Core/Src/main.c:170:3: error: too few arguments to function 'HAL_UART_RxCpltCallback'
  170 |   HAL_UART_RxCpltCallback();
      |   ^~~~~~~~~~~~~~~~~~~~~~~
../Core/Src/main.c:77:6: note: declared here
   77 | void HAL_UART_RxCpltCallback(UART_HandleTypeDef *huart) {
      |      ^~~~~~~~~~~~~~~~~~~~~~~
make: *** [Core/Src/subdir.mk:34: Core/Src/main.o] Error 1
"make -j12 all" terminated with exit code 2. Build might be incomplete.
18:29:40 **** Incremental Build of configuration Debug for project tsp1 ****
make -j12 all 
arm-none-eabi-gcc "../Core/Src/main.c" -mcpu=cortex-m7 -std=gnu11 -g3 -DDEBUG -DUSE_HAL_DRIVER -DSTM32F767xx -c -I../Core/Inc -IC:/Users/ddpat/STM32Cube/Repository/STM32Cube_FW_F7_V1.17.2/Drivers/STM32F7xx_HAL_Driver/Inc -IC:/Users/ddpat/STM32Cube/Repository/STM32Cube_FW_F7_V1.17.2/Drivers/STM32F7xx_HAL_Driver/Inc/Legacy -IC:/Users/ddpat/STM32Cube/Repository/STM32Cube_FW_F7_V1.17.2/Drivers/CMSIS/Device/ST/STM32F7xx/Include -IC:/Users/ddpat/STM32Cube/Repository/STM32Cube_FW_F7_V1.17.2/Drivers/CMSIS/Include -O0 -ffunction-sections -fdata-sections -Wall -fstack-usage -fcyclomatic-complexity -MMD -MP -MF"Core/Src/main.d" -MT"Core/Src/main.o" --specs=nano.specs -mfpu=fpv5-d16 -mfloat-abi=hard -mthumb -o "Core/Src/main.o"
../Core/Src/main.c: In function 'main':
../Core/Src/main.c:247:91: warning: '%s' directive output may be truncated writing up to 99 bytes into a region of size between 47 and 96 [-Wformat-truncation=]
  247 |                                           snprintf(tx_message, sizeof(tx_message), "%s => %s ", name, rx_message);
      |                                                                                           ^~          ~~~~~~~~~~
../Core/Src/main.c:247:43: note: 'snprintf' output between 6 and 154 bytes into a destination of size 100
  247 |                                           snprintf(tx_message, sizeof(tx_message), "%s => %s ", name, rx_message);
      |                                           ^~~~~~~~~~~~~~~~~~~~~~~~~~~~~~~~~~~~~~~~~~~~~~~~~~~~~~~~~~~~~~~~~~~~~~~
arm-none-eabi-gcc -o "tsp1.elf" @"objects.list"   -mcpu=cortex-m7 -T"E:\MAD_Lab\spp11\tsp1\STM32F767ZITX_FLASH.ld" --specs=nosys.specs -Wl,-Map="tsp1.map" -Wl,--gc-sections -static --specs=nano.specs -mfpu=fpv5-d16 -mfloat-abi=hard -mthumb -Wl,--start-group -lc -lm -Wl,--end-group
Finished building target: tsp1.elf
 
arm-none-eabi-size  tsp1.elf 
arm-none-eabi-objdump -h -S tsp1.elf  > "tsp1.list"
   text	   data	    bss	    dec	    hex	filename
  18472	     96	   2680	  21248	   5300	tsp1.elf
Finished building: default.size.stdout
 
Finished building: tsp1.list
 
18:29:42 **** Incremental Build of configuration Debug for project tsp1 ****
make -j12 all 
arm-none-eabi-size  tsp1.elf 
   text	   data	    bss	    dec	    hex	filename
  18472	     96	   2680	  21248	   5300	tsp1.elf
Finished building: default.size.stdout
 
18:29:54 **** Incremental Build of configuration Debug for project tsp1 ****
make -j12 all 
arm-none-eabi-size  tsp1.elf 
   text	   data	    bss	    dec	    hex	filename
  18472	     96	   2680	  21248	   5300	tsp1.elf
Finished building: default.size.stdout
 
18:36:31 **** Incremental Build of configuration Debug for project tsp1 ****
make -j12 all 
arm-none-eabi-gcc "../Core/Src/main.c" -mcpu=cortex-m7 -std=gnu11 -g3 -DDEBUG -DUSE_HAL_DRIVER -DSTM32F767xx -c -I../Core/Inc -IC:/Users/ddpat/STM32Cube/Repository/STM32Cube_FW_F7_V1.17.2/Drivers/STM32F7xx_HAL_Driver/Inc -IC:/Users/ddpat/STM32Cube/Repository/STM32Cube_FW_F7_V1.17.2/Drivers/STM32F7xx_HAL_Driver/Inc/Legacy -IC:/Users/ddpat/STM32Cube/Repository/STM32Cube_FW_F7_V1.17.2/Drivers/CMSIS/Device/ST/STM32F7xx/Include -IC:/Users/ddpat/STM32Cube/Repository/STM32Cube_FW_F7_V1.17.2/Drivers/CMSIS/Include -O0 -ffunction-sections -fdata-sections -Wall -fstack-usage -fcyclomatic-complexity -MMD -MP -MF"Core/Src/main.d" -MT"Core/Src/main.o" --specs=nano.specs -mfpu=fpv5-d16 -mfloat-abi=hard -mthumb -o "Core/Src/main.o"
../Core/Src/main.c: In function 'main':
../Core/Src/main.c:170:3: error: too few arguments to function 'HAL_UART_RxCpltCallback'
  170 |   HAL_UART_RxCpltCallback();
      |   ^~~~~~~~~~~~~~~~~~~~~~~
../Core/Src/main.c:77:6: note: declared here
   77 | void HAL_UART_RxCpltCallback(UART_HandleTypeDef *huart) {
      |      ^~~~~~~~~~~~~~~~~~~~~~~
make: *** [Core/Src/subdir.mk:34: Core/Src/main.o] Error 1
"make -j12 all" terminated with exit code 2. Build might be incomplete.
18:36:38 **** Incremental Build of configuration Debug for project tsp1 ****
make -j12 all 
arm-none-eabi-gcc "../Core/Src/main.c" -mcpu=cortex-m7 -std=gnu11 -g3 -DDEBUG -DUSE_HAL_DRIVER -DSTM32F767xx -c -I../Core/Inc -IC:/Users/ddpat/STM32Cube/Repository/STM32Cube_FW_F7_V1.17.2/Drivers/STM32F7xx_HAL_Driver/Inc -IC:/Users/ddpat/STM32Cube/Repository/STM32Cube_FW_F7_V1.17.2/Drivers/STM32F7xx_HAL_Driver/Inc/Legacy -IC:/Users/ddpat/STM32Cube/Repository/STM32Cube_FW_F7_V1.17.2/Drivers/CMSIS/Device/ST/STM32F7xx/Include -IC:/Users/ddpat/STM32Cube/Repository/STM32Cube_FW_F7_V1.17.2/Drivers/CMSIS/Include -O0 -ffunction-sections -fdata-sections -Wall -fstack-usage -fcyclomatic-complexity -MMD -MP -MF"Core/Src/main.d" -MT"Core/Src/main.o" --specs=nano.specs -mfpu=fpv5-d16 -mfloat-abi=hard -mthumb -o "Core/Src/main.o"
../Core/Src/main.c: In function 'main':
../Core/Src/main.c:170:3: warning: statement with no effect [-Wunused-value]
  170 |   HAL_UART_RxCpltCallback;
      |   ^~~~~~~~~~~~~~~~~~~~~~~
../Core/Src/main.c:247:91: warning: '%s' directive output may be truncated writing up to 99 bytes into a region of size between 47 and 96 [-Wformat-truncation=]
  247 |                                           snprintf(tx_message, sizeof(tx_message), "%s => %s ", name, rx_message);
      |                                                                                           ^~          ~~~~~~~~~~
../Core/Src/main.c:247:43: note: 'snprintf' output between 6 and 154 bytes into a destination of size 100
  247 |                                           snprintf(tx_message, sizeof(tx_message), "%s => %s ", name, rx_message);
      |                                           ^~~~~~~~~~~~~~~~~~~~~~~~~~~~~~~~~~~~~~~~~~~~~~~~~~~~~~~~~~~~~~~~~~~~~~~
arm-none-eabi-gcc -o "tsp1.elf" @"objects.list"   -mcpu=cortex-m7 -T"E:\MAD_Lab\spp11\tsp1\STM32F767ZITX_FLASH.ld" --specs=nosys.specs -Wl,-Map="tsp1.map" -Wl,--gc-sections -static --specs=nano.specs -mfpu=fpv5-d16 -mfloat-abi=hard -mthumb -Wl,--start-group -lc -lm -Wl,--end-group
Finished building target: tsp1.elf
 
arm-none-eabi-size  tsp1.elf 
arm-none-eabi-objdump -h -S tsp1.elf  > "tsp1.list"
   text	   data	    bss	    dec	    hex	filename
  18472	     96	   2680	  21248	   5300	tsp1.elf
Finished building: default.size.stdout
 
Finished building: tsp1.list
 
18:36:44 **** Incremental Build of configuration Debug for project tsp1 ****
make -j12 all 
arm-none-eabi-size  tsp1.elf 
   text	   data	    bss	    dec	    hex	filename
  18472	     96	   2680	  21248	   5300	tsp1.elf
Finished building: default.size.stdout
 
18:37:04 **** Incremental Build of configuration Debug for project tsp1 ****
make -j12 all 
arm-none-eabi-size  tsp1.elf 
   text	   data	    bss	    dec	    hex	filename
  18472	     96	   2680	  21248	   5300	tsp1.elf
Finished building: default.size.stdout
 
18:38:26 **** Incremental Build of configuration Debug for project tsp1 ****
make -j12 all 
arm-none-eabi-gcc "../Core/Src/main.c" -mcpu=cortex-m7 -std=gnu11 -g3 -DDEBUG -DUSE_HAL_DRIVER -DSTM32F767xx -c -I../Core/Inc -IC:/Users/ddpat/STM32Cube/Repository/STM32Cube_FW_F7_V1.17.2/Drivers/STM32F7xx_HAL_Driver/Inc -IC:/Users/ddpat/STM32Cube/Repository/STM32Cube_FW_F7_V1.17.2/Drivers/STM32F7xx_HAL_Driver/Inc/Legacy -IC:/Users/ddpat/STM32Cube/Repository/STM32Cube_FW_F7_V1.17.2/Drivers/CMSIS/Device/ST/STM32F7xx/Include -IC:/Users/ddpat/STM32Cube/Repository/STM32Cube_FW_F7_V1.17.2/Drivers/CMSIS/Include -O0 -ffunction-sections -fdata-sections -Wall -fstack-usage -fcyclomatic-complexity -MMD -MP -MF"Core/Src/main.d" -MT"Core/Src/main.o" --specs=nano.specs -mfpu=fpv5-d16 -mfloat-abi=hard -mthumb -o "Core/Src/main.o"
../Core/Src/main.c: In function 'main':
../Core/Src/main.c:170:3: warning: statement with no effect [-Wunused-value]
  170 |   HAL_UART_RxCpltCallback;
      |   ^~~~~~~~~~~~~~~~~~~~~~~
../Core/Src/main.c:177:11: warning: statement with no effect [-Wunused-value]
  177 |           HAL_UART_RxCpltCallback;
      |           ^~~~~~~~~~~~~~~~~~~~~~~
../Core/Src/main.c:248:91: warning: '%s' directive output may be truncated writing up to 99 bytes into a region of size between 47 and 96 [-Wformat-truncation=]
  248 |                                           snprintf(tx_message, sizeof(tx_message), "%s => %s ", name, rx_message);
      |                                                                                           ^~          ~~~~~~~~~~
../Core/Src/main.c:248:43: note: 'snprintf' output between 6 and 154 bytes into a destination of size 100
  248 |                                           snprintf(tx_message, sizeof(tx_message), "%s => %s ", name, rx_message);
      |                                           ^~~~~~~~~~~~~~~~~~~~~~~~~~~~~~~~~~~~~~~~~~~~~~~~~~~~~~~~~~~~~~~~~~~~~~~
arm-none-eabi-gcc -o "tsp1.elf" @"objects.list"   -mcpu=cortex-m7 -T"E:\MAD_Lab\spp11\tsp1\STM32F767ZITX_FLASH.ld" --specs=nosys.specs -Wl,-Map="tsp1.map" -Wl,--gc-sections -static --specs=nano.specs -mfpu=fpv5-d16 -mfloat-abi=hard -mthumb -Wl,--start-group -lc -lm -Wl,--end-group
Finished building target: tsp1.elf
 
arm-none-eabi-size  tsp1.elf 
arm-none-eabi-objdump -h -S tsp1.elf  > "tsp1.list"
   text	   data	    bss	    dec	    hex	filename
  18472	     96	   2680	  21248	   5300	tsp1.elf
Finished building: default.size.stdout
 
Finished building: tsp1.list
 
18:38:39 **** Incremental Build of configuration Debug for project tsp1 ****
make -j12 all 
arm-none-eabi-size  tsp1.elf 
   text	   data	    bss	    dec	    hex	filename
  18472	     96	   2680	  21248	   5300	tsp1.elf
Finished building: default.size.stdout
 
18:40:19 **** Incremental Build of configuration Debug for project tsp1 ****
make -j12 all 
arm-none-eabi-gcc "../Core/Src/main.c" -mcpu=cortex-m7 -std=gnu11 -g3 -DDEBUG -DUSE_HAL_DRIVER -DSTM32F767xx -c -I../Core/Inc -IC:/Users/ddpat/STM32Cube/Repository/STM32Cube_FW_F7_V1.17.2/Drivers/STM32F7xx_HAL_Driver/Inc -IC:/Users/ddpat/STM32Cube/Repository/STM32Cube_FW_F7_V1.17.2/Drivers/STM32F7xx_HAL_Driver/Inc/Legacy -IC:/Users/ddpat/STM32Cube/Repository/STM32Cube_FW_F7_V1.17.2/Drivers/CMSIS/Device/ST/STM32F7xx/Include -IC:/Users/ddpat/STM32Cube/Repository/STM32Cube_FW_F7_V1.17.2/Drivers/CMSIS/Include -O0 -ffunction-sections -fdata-sections -Wall -fstack-usage -fcyclomatic-complexity -MMD -MP -MF"Core/Src/main.d" -MT"Core/Src/main.o" --specs=nano.specs -mfpu=fpv5-d16 -mfloat-abi=hard -mthumb -o "Core/Src/main.o"
../Core/Src/main.c: In function 'main':
../Core/Src/main.c:170:3: warning: statement with no effect [-Wunused-value]
  170 |   HAL_UART_RxCpltCallback;
      |   ^~~~~~~~~~~~~~~~~~~~~~~
../Core/Src/main.c:177:11: warning: statement with no effect [-Wunused-value]
  177 |           HAL_UART_RxCpltCallback;
      |           ^~~~~~~~~~~~~~~~~~~~~~~
../Core/Src/main.c:312:13: error: invalid storage class for function 'MX_USART1_UART_Init'
  312 | static void MX_USART1_UART_Init(void)
      |             ^~~~~~~~~~~~~~~~~~~
../Core/Src/main.c:347:13: error: invalid storage class for function 'MX_USART2_UART_Init'
  347 | static void MX_USART2_UART_Init(void)
      |             ^~~~~~~~~~~~~~~~~~~
../Core/Src/main.c:382:13: error: invalid storage class for function 'MX_USART3_UART_Init'
  382 | static void MX_USART3_UART_Init(void)
      |             ^~~~~~~~~~~~~~~~~~~
../Core/Src/main.c:417:13: error: invalid storage class for function 'MX_GPIO_Init'
  417 | static void MX_GPIO_Init(void)
      |             ^~~~~~~~~~~~
../Core/Src/main.c:487:1: error: expected declaration or statement at end of input
  487 | }
      | ^
../Core/Src/main.c: At top level:
../Core/Src/main.c:65:13: warning: 'MPU_Config' used but never defined
   65 | static void MPU_Config(void);
      |             ^~~~~~~~~~
../Core/Src/main.c:66:13: warning: 'MX_GPIO_Init' used but never defined
   66 | static void MX_GPIO_Init(void);
      |             ^~~~~~~~~~~~
../Core/Src/main.c:67:13: warning: 'MX_USART1_UART_Init' used but never defined
   67 | static void MX_USART1_UART_Init(void);
      |             ^~~~~~~~~~~~~~~~~~~
../Core/Src/main.c:68:13: warning: 'MX_USART2_UART_Init' used but never defined
   68 | static void MX_USART2_UART_Init(void);
      |             ^~~~~~~~~~~~~~~~~~~
../Core/Src/main.c:69:13: warning: 'MX_USART3_UART_Init' used but never defined
   69 | static void MX_USART3_UART_Init(void);
      |             ^~~~~~~~~~~~~~~~~~~
../Core/Src/main.c:478:6: warning: 'Error_Handler' defined but not used [-Wunused-function]
  478 | void Error_Handler(void)
      |      ^~~~~~~~~~~~~
../Core/Src/main.c:447:6: warning: 'MPU_Config' defined but not used [-Wunused-function]
  447 | void MPU_Config(void)
      |      ^~~~~~~~~~
../Core/Src/main.c:417:13: warning: 'MX_GPIO_Init' defined but not used [-Wunused-function]
  417 | static void MX_GPIO_Init(void)
      |             ^~~~~~~~~~~~
../Core/Src/main.c:382:13: warning: 'MX_USART3_UART_Init' defined but not used [-Wunused-function]
  382 | static void MX_USART3_UART_Init(void)
      |             ^~~~~~~~~~~~~~~~~~~
../Core/Src/main.c:347:13: warning: 'MX_USART2_UART_Init' defined but not used [-Wunused-function]
  347 | static void MX_USART2_UART_Init(void)
      |             ^~~~~~~~~~~~~~~~~~~
../Core/Src/main.c:312:13: warning: 'MX_USART1_UART_Init' defined but not used [-Wunused-function]
  312 | static void MX_USART1_UART_Init(void)
      |             ^~~~~~~~~~~~~~~~~~~
../Core/Src/main.c:270:6: warning: 'SystemClock_Config' defined but not used [-Wunused-function]
  270 | void SystemClock_Config(void)
      |      ^~~~~~~~~~~~~~~~~~
make: *** [Core/Src/subdir.mk:34: Core/Src/main.o] Error 1
"make -j12 all" terminated with exit code 2. Build might be incomplete.
18:40:26 **** Incremental Build of configuration Debug for project tsp1 ****
make -j12 all 
arm-none-eabi-gcc "../Core/Src/main.c" -mcpu=cortex-m7 -std=gnu11 -g3 -DDEBUG -DUSE_HAL_DRIVER -DSTM32F767xx -c -I../Core/Inc -IC:/Users/ddpat/STM32Cube/Repository/STM32Cube_FW_F7_V1.17.2/Drivers/STM32F7xx_HAL_Driver/Inc -IC:/Users/ddpat/STM32Cube/Repository/STM32Cube_FW_F7_V1.17.2/Drivers/STM32F7xx_HAL_Driver/Inc/Legacy -IC:/Users/ddpat/STM32Cube/Repository/STM32Cube_FW_F7_V1.17.2/Drivers/CMSIS/Device/ST/STM32F7xx/Include -IC:/Users/ddpat/STM32Cube/Repository/STM32Cube_FW_F7_V1.17.2/Drivers/CMSIS/Include -O0 -ffunction-sections -fdata-sections -Wall -fstack-usage -fcyclomatic-complexity -MMD -MP -MF"Core/Src/main.d" -MT"Core/Src/main.o" --specs=nano.specs -mfpu=fpv5-d16 -mfloat-abi=hard -mthumb -o "Core/Src/main.o"
../Core/Src/main.c: In function 'main':
../Core/Src/main.c:170:3: warning: statement with no effect [-Wunused-value]
  170 |   HAL_UART_RxCpltCallback;
      |   ^~~~~~~~~~~~~~~~~~~~~~~
../Core/Src/main.c:177:11: warning: statement with no effect [-Wunused-value]
  177 |           HAL_UART_RxCpltCallback;
      |           ^~~~~~~~~~~~~~~~~~~~~~~
arm-none-eabi-gcc -o "tsp1.elf" @"objects.list"   -mcpu=cortex-m7 -T"E:\MAD_Lab\spp11\tsp1\STM32F767ZITX_FLASH.ld" --specs=nosys.specs -Wl,-Map="tsp1.map" -Wl,--gc-sections -static --specs=nano.specs -mfpu=fpv5-d16 -mfloat-abi=hard -mthumb -Wl,--start-group -lc -lm -Wl,--end-group
Finished building target: tsp1.elf
 
arm-none-eabi-size  tsp1.elf 
arm-none-eabi-objdump -h -S tsp1.elf  > "tsp1.list"
   text	   data	    bss	    dec	    hex	filename
  16936	     92	   2412	  19440	   4bf0	tsp1.elf
Finished building: default.size.stdout
 
Finished building: tsp1.list
 
18:40:34 **** Incremental Build of configuration Debug for project tsp1 ****
make -j12 all 
arm-none-eabi-size  tsp1.elf 
   text	   data	    bss	    dec	    hex	filename
  16936	     92	   2412	  19440	   4bf0	tsp1.elf
Finished building: default.size.stdout
 
18:40:48 **** Incremental Build of configuration Debug for project tsp1 ****
make -j12 all 
arm-none-eabi-size  tsp1.elf 
   text	   data	    bss	    dec	    hex	filename
  16936	     92	   2412	  19440	   4bf0	tsp1.elf
Finished building: default.size.stdout
 
18:41:50 **** Incremental Build of configuration Debug for project tsp1 ****
make -j12 all 
arm-none-eabi-gcc "../Core/Src/main.c" -mcpu=cortex-m7 -std=gnu11 -g3 -DDEBUG -DUSE_HAL_DRIVER -DSTM32F767xx -c -I../Core/Inc -IC:/Users/ddpat/STM32Cube/Repository/STM32Cube_FW_F7_V1.17.2/Drivers/STM32F7xx_HAL_Driver/Inc -IC:/Users/ddpat/STM32Cube/Repository/STM32Cube_FW_F7_V1.17.2/Drivers/STM32F7xx_HAL_Driver/Inc/Legacy -IC:/Users/ddpat/STM32Cube/Repository/STM32Cube_FW_F7_V1.17.2/Drivers/CMSIS/Device/ST/STM32F7xx/Include -IC:/Users/ddpat/STM32Cube/Repository/STM32Cube_FW_F7_V1.17.2/Drivers/CMSIS/Include -O0 -ffunction-sections -fdata-sections -Wall -fstack-usage -fcyclomatic-complexity -MMD -MP -MF"Core/Src/main.d" -MT"Core/Src/main.o" --specs=nano.specs -mfpu=fpv5-d16 -mfloat-abi=hard -mthumb -o "Core/Src/main.o"
../Core/Src/main.c: In function 'main':
../Core/Src/main.c:170:3: warning: statement with no effect [-Wunused-value]
  170 |   HAL_UART_RxCpltCallback;
      |   ^~~~~~~~~~~~~~~~~~~~~~~
../Core/Src/main.c:177:15: error: 'huart' undeclared (first use in this function); did you mean 'huart3'?
  177 |           if (huart->Instance == USART2) {
      |               ^~~~~
      |               huart3
../Core/Src/main.c:177:15: note: each undeclared identifier is reported only once for each function it appears in
make: *** [Core/Src/subdir.mk:34: Core/Src/main.o] Error 1
"make -j12 all" terminated with exit code 2. Build might be incomplete.
18:41:55 **** Incremental Build of configuration Debug for project tsp1 ****
make -j12 all 
arm-none-eabi-gcc "../Core/Src/main.c" -mcpu=cortex-m7 -std=gnu11 -g3 -DDEBUG -DUSE_HAL_DRIVER -DSTM32F767xx -c -I../Core/Inc -IC:/Users/ddpat/STM32Cube/Repository/STM32Cube_FW_F7_V1.17.2/Drivers/STM32F7xx_HAL_Driver/Inc -IC:/Users/ddpat/STM32Cube/Repository/STM32Cube_FW_F7_V1.17.2/Drivers/STM32F7xx_HAL_Driver/Inc/Legacy -IC:/Users/ddpat/STM32Cube/Repository/STM32Cube_FW_F7_V1.17.2/Drivers/CMSIS/Device/ST/STM32F7xx/Include -IC:/Users/ddpat/STM32Cube/Repository/STM32Cube_FW_F7_V1.17.2/Drivers/CMSIS/Include -O0 -ffunction-sections -fdata-sections -Wall -fstack-usage -fcyclomatic-complexity -MMD -MP -MF"Core/Src/main.d" -MT"Core/Src/main.o" --specs=nano.specs -mfpu=fpv5-d16 -mfloat-abi=hard -mthumb -o "Core/Src/main.o"
../Core/Src/main.c: In function 'main':
../Core/Src/main.c:170:3: warning: statement with no effect [-Wunused-value]
  170 |   HAL_UART_RxCpltCallback;
      |   ^~~~~~~~~~~~~~~~~~~~~~~
../Core/Src/main.c:177:15: error: 'huart' undeclared (first use in this function); did you mean 'huart3'?
  177 |           if (huart->Instance == USART2) {
      |               ^~~~~
      |               huart3
../Core/Src/main.c:177:15: note: each undeclared identifier is reported only once for each function it appears in
make: *** [Core/Src/subdir.mk:34: Core/Src/main.o] Error 1
"make -j12 all" terminated with exit code 2. Build might be incomplete.
18:42:03 **** Incremental Build of configuration Debug for project tsp1 ****
make -j12 all 
arm-none-eabi-gcc "../Core/Src/main.c" -mcpu=cortex-m7 -std=gnu11 -g3 -DDEBUG -DUSE_HAL_DRIVER -DSTM32F767xx -c -I../Core/Inc -IC:/Users/ddpat/STM32Cube/Repository/STM32Cube_FW_F7_V1.17.2/Drivers/STM32F7xx_HAL_Driver/Inc -IC:/Users/ddpat/STM32Cube/Repository/STM32Cube_FW_F7_V1.17.2/Drivers/STM32F7xx_HAL_Driver/Inc/Legacy -IC:/Users/ddpat/STM32Cube/Repository/STM32Cube_FW_F7_V1.17.2/Drivers/CMSIS/Device/ST/STM32F7xx/Include -IC:/Users/ddpat/STM32Cube/Repository/STM32Cube_FW_F7_V1.17.2/Drivers/CMSIS/Include -O0 -ffunction-sections -fdata-sections -Wall -fstack-usage -fcyclomatic-complexity -MMD -MP -MF"Core/Src/main.d" -MT"Core/Src/main.o" --specs=nano.specs -mfpu=fpv5-d16 -mfloat-abi=hard -mthumb -o "Core/Src/main.o"
../Core/Src/main.c: In function 'main':
../Core/Src/main.c:170:3: warning: statement with no effect [-Wunused-value]
  170 |   HAL_UART_RxCpltCallback;
      |   ^~~~~~~~~~~~~~~~~~~~~~~
../Core/Src/main.c:177:15: error: 'huart' undeclared (first use in this function); did you mean 'huart3'?
  177 |           if (huart->Instance == USART2) {
      |               ^~~~~
      |               huart3
../Core/Src/main.c:177:15: note: each undeclared identifier is reported only once for each function it appears in
make: *** [Core/Src/subdir.mk:34: Core/Src/main.o] Error 1
"make -j12 all" terminated with exit code 2. Build might be incomplete.
18:42:12 **** Incremental Build of configuration Debug for project tsp1 ****
make -j12 all 
arm-none-eabi-gcc "../Core/Src/main.c" -mcpu=cortex-m7 -std=gnu11 -g3 -DDEBUG -DUSE_HAL_DRIVER -DSTM32F767xx -c -I../Core/Inc -IC:/Users/ddpat/STM32Cube/Repository/STM32Cube_FW_F7_V1.17.2/Drivers/STM32F7xx_HAL_Driver/Inc -IC:/Users/ddpat/STM32Cube/Repository/STM32Cube_FW_F7_V1.17.2/Drivers/STM32F7xx_HAL_Driver/Inc/Legacy -IC:/Users/ddpat/STM32Cube/Repository/STM32Cube_FW_F7_V1.17.2/Drivers/CMSIS/Device/ST/STM32F7xx/Include -IC:/Users/ddpat/STM32Cube/Repository/STM32Cube_FW_F7_V1.17.2/Drivers/CMSIS/Include -O0 -ffunction-sections -fdata-sections -Wall -fstack-usage -fcyclomatic-complexity -MMD -MP -MF"Core/Src/main.d" -MT"Core/Src/main.o" --specs=nano.specs -mfpu=fpv5-d16 -mfloat-abi=hard -mthumb -o "Core/Src/main.o"
../Core/Src/main.c: In function 'main':
../Core/Src/main.c:170:3: warning: statement with no effect [-Wunused-value]
  170 |   HAL_UART_RxCpltCallback;
      |   ^~~~~~~~~~~~~~~~~~~~~~~
arm-none-eabi-gcc -o "tsp1.elf" @"objects.list"   -mcpu=cortex-m7 -T"E:\MAD_Lab\spp11\tsp1\STM32F767ZITX_FLASH.ld" --specs=nosys.specs -Wl,-Map="tsp1.map" -Wl,--gc-sections -static --specs=nano.specs -mfpu=fpv5-d16 -mfloat-abi=hard -mthumb -Wl,--start-group -lc -lm -Wl,--end-group
Finished building target: tsp1.elf
 
arm-none-eabi-size  tsp1.elf 
arm-none-eabi-objdump -h -S tsp1.elf  > "tsp1.list"
   text	   data	    bss	    dec	    hex	filename
  18380	     92	   2516	  20988	   51fc	tsp1.elf
Finished building: default.size.stdout
 
Finished building: tsp1.list
 
18:42:15 **** Incremental Build of configuration Debug for project tsp1 ****
make -j12 all 
arm-none-eabi-size  tsp1.elf 
   text	   data	    bss	    dec	    hex	filename
  18380	     92	   2516	  20988	   51fc	tsp1.elf
Finished building: default.size.stdout
 
18:42:26 **** Incremental Build of configuration Debug for project tsp1 ****
make -j12 all 
arm-none-eabi-size  tsp1.elf 
   text	   data	    bss	    dec	    hex	filename
  18380	     92	   2516	  20988	   51fc	tsp1.elf
Finished building: default.size.stdout
 
19:22:39 **** Incremental Build of configuration Debug for project tsp1 ****
make -j12 all 
arm-none-eabi-gcc "../Core/Src/main.c" -mcpu=cortex-m7 -std=gnu11 -g3 -DDEBUG -DUSE_HAL_DRIVER -DSTM32F767xx -c -I../Core/Inc -IC:/Users/ddpat/STM32Cube/Repository/STM32Cube_FW_F7_V1.17.2/Drivers/STM32F7xx_HAL_Driver/Inc -IC:/Users/ddpat/STM32Cube/Repository/STM32Cube_FW_F7_V1.17.2/Drivers/STM32F7xx_HAL_Driver/Inc/Legacy -IC:/Users/ddpat/STM32Cube/Repository/STM32Cube_FW_F7_V1.17.2/Drivers/CMSIS/Device/ST/STM32F7xx/Include -IC:/Users/ddpat/STM32Cube/Repository/STM32Cube_FW_F7_V1.17.2/Drivers/CMSIS/Include -O0 -ffunction-sections -fdata-sections -Wall -fstack-usage -fcyclomatic-complexity -MMD -MP -MF"Core/Src/main.d" -MT"Core/Src/main.o" --specs=nano.specs -mfpu=fpv5-d16 -mfloat-abi=hard -mthumb -o "Core/Src/main.o"
../Core/Src/main.c: In function 'main':
../Core/Src/main.c:170:3: warning: statement with no effect [-Wunused-value]
  170 |   HAL_UART_RxCpltCallback;
      |   ^~~~~~~~~~~~~~~~~~~~~~~
../Core/Src/main.c:193:20: error: expected expression before ')' token
  193 |           else if ()
      |                    ^
make: *** [Core/Src/subdir.mk:34: Core/Src/main.o] Error 1
"make -j12 all" terminated with exit code 2. Build might be incomplete.
19:22:51 **** Incremental Build of configuration Debug for project tsp1 ****
make -j12 all 
arm-none-eabi-gcc "../Core/Src/main.c" -mcpu=cortex-m7 -std=gnu11 -g3 -DDEBUG -DUSE_HAL_DRIVER -DSTM32F767xx -c -I../Core/Inc -IC:/Users/ddpat/STM32Cube/Repository/STM32Cube_FW_F7_V1.17.2/Drivers/STM32F7xx_HAL_Driver/Inc -IC:/Users/ddpat/STM32Cube/Repository/STM32Cube_FW_F7_V1.17.2/Drivers/STM32F7xx_HAL_Driver/Inc/Legacy -IC:/Users/ddpat/STM32Cube/Repository/STM32Cube_FW_F7_V1.17.2/Drivers/CMSIS/Device/ST/STM32F7xx/Include -IC:/Users/ddpat/STM32Cube/Repository/STM32Cube_FW_F7_V1.17.2/Drivers/CMSIS/Include -O0 -ffunction-sections -fdata-sections -Wall -fstack-usage -fcyclomatic-complexity -MMD -MP -MF"Core/Src/main.d" -MT"Core/Src/main.o" --specs=nano.specs -mfpu=fpv5-d16 -mfloat-abi=hard -mthumb -o "Core/Src/main.o"
../Core/Src/main.c: In function 'main':
../Core/Src/main.c:170:3: warning: statement with no effect [-Wunused-value]
  170 |   HAL_UART_RxCpltCallback;
      |   ^~~~~~~~~~~~~~~~~~~~~~~
../Core/Src/main.c:254:91: warning: '%s' directive output may be truncated writing up to 99 bytes into a region of size between 47 and 96 [-Wformat-truncation=]
  254 |                                           snprintf(tx_message, sizeof(tx_message), "%s => %s ", name, rx_message);
      |                                                                                           ^~          ~~~~~~~~~~
../Core/Src/main.c:254:43: note: 'snprintf' output between 6 and 154 bytes into a destination of size 100
  254 |                                           snprintf(tx_message, sizeof(tx_message), "%s => %s ", name, rx_message);
      |                                           ^~~~~~~~~~~~~~~~~~~~~~~~~~~~~~~~~~~~~~~~~~~~~~~~~~~~~~~~~~~~~~~~~~~~~~~
arm-none-eabi-gcc -o "tsp1.elf" @"objects.list"   -mcpu=cortex-m7 -T"E:\MAD_Lab\spp11\tsp1\STM32F767ZITX_FLASH.ld" --specs=nosys.specs -Wl,-Map="tsp1.map" -Wl,--gc-sections -static --specs=nano.specs -mfpu=fpv5-d16 -mfloat-abi=hard -mthumb -Wl,--start-group -lc -lm -Wl,--end-group
Finished building target: tsp1.elf
 
arm-none-eabi-size  tsp1.elf 
arm-none-eabi-objdump -h -S tsp1.elf  > "tsp1.list"
   text	   data	    bss	    dec	    hex	filename
  19936	     96	   2680	  22712	   58b8	tsp1.elf
Finished building: default.size.stdout
 
Finished building: tsp1.list
 
19:22:55 **** Incremental Build of configuration Debug for project tsp1 ****
make -j12 all 
arm-none-eabi-size  tsp1.elf 
   text	   data	    bss	    dec	    hex	filename
  19936	     96	   2680	  22712	   58b8	tsp1.elf
Finished building: default.size.stdout
 
19:23:53 **** Incremental Build of configuration Debug for project tsp1 ****
make -j12 all 
arm-none-eabi-size  tsp1.elf 
   text	   data	    bss	    dec	    hex	filename
  19936	     96	   2680	  22712	   58b8	tsp1.elf
Finished building: default.size.stdout
 
19:33:39 **** Incremental Build of configuration Debug for project tsp1 ****
make -j12 all 
arm-none-eabi-gcc "../Core/Src/main.c" -mcpu=cortex-m7 -std=gnu11 -g3 -DDEBUG -DUSE_HAL_DRIVER -DSTM32F767xx -c -I../Core/Inc -IC:/Users/ddpat/STM32Cube/Repository/STM32Cube_FW_F7_V1.17.2/Drivers/STM32F7xx_HAL_Driver/Inc -IC:/Users/ddpat/STM32Cube/Repository/STM32Cube_FW_F7_V1.17.2/Drivers/STM32F7xx_HAL_Driver/Inc/Legacy -IC:/Users/ddpat/STM32Cube/Repository/STM32Cube_FW_F7_V1.17.2/Drivers/CMSIS/Device/ST/STM32F7xx/Include -IC:/Users/ddpat/STM32Cube/Repository/STM32Cube_FW_F7_V1.17.2/Drivers/CMSIS/Include -O0 -ffunction-sections -fdata-sections -Wall -fstack-usage -fcyclomatic-complexity -MMD -MP -MF"Core/Src/main.d" -MT"Core/Src/main.o" --specs=nano.specs -mfpu=fpv5-d16 -mfloat-abi=hard -mthumb -o "Core/Src/main.o"
../Core/Src/main.c: In function 'main':
../Core/Src/main.c:170:3: warning: statement with no effect [-Wunused-value]
  170 |   HAL_UART_RxCpltCallback;
      |   ^~~~~~~~~~~~~~~~~~~~~~~
../Core/Src/main.c:254:91: warning: '%s' directive output may be truncated writing up to 99 bytes into a region of size between 47 and 96 [-Wformat-truncation=]
  254 |                                           snprintf(tx_message, sizeof(tx_message), "%s => %s ", name, rx_message);
      |                                                                                           ^~          ~~~~~~~~~~
../Core/Src/main.c:254:43: note: 'snprintf' output between 6 and 154 bytes into a destination of size 100
  254 |                                           snprintf(tx_message, sizeof(tx_message), "%s => %s ", name, rx_message);
      |                                           ^~~~~~~~~~~~~~~~~~~~~~~~~~~~~~~~~~~~~~~~~~~~~~~~~~~~~~~~~~~~~~~~~~~~~~~
arm-none-eabi-gcc -o "tsp1.elf" @"objects.list"   -mcpu=cortex-m7 -T"E:\MAD_Lab\spp11\tsp1\STM32F767ZITX_FLASH.ld" --specs=nosys.specs -Wl,-Map="tsp1.map" -Wl,--gc-sections -static --specs=nano.specs -mfpu=fpv5-d16 -mfloat-abi=hard -mthumb -Wl,--start-group -lc -lm -Wl,--end-group
Finished building target: tsp1.elf
 
arm-none-eabi-size  tsp1.elf 
arm-none-eabi-objdump -h -S tsp1.elf  > "tsp1.list"
   text	   data	    bss	    dec	    hex	filename
  19936	     96	   2680	  22712	   58b8	tsp1.elf
Finished building: default.size.stdout
 
Finished building: tsp1.list
 
19:33:42 **** Incremental Build of configuration Debug for project tsp1 ****
make -j12 all 
arm-none-eabi-size  tsp1.elf 
   text	   data	    bss	    dec	    hex	filename
  19936	     96	   2680	  22712	   58b8	tsp1.elf
Finished building: default.size.stdout
 
19:33:58 **** Incremental Build of configuration Debug for project tsp1 ****
make -j12 all 
arm-none-eabi-size  tsp1.elf 
   text	   data	    bss	    dec	    hex	filename
  19936	     96	   2680	  22712	   58b8	tsp1.elf
Finished building: default.size.stdout
 
19:35:04 **** Incremental Build of configuration Debug for project tsp1 ****
make -j12 all 
arm-none-eabi-gcc "../Core/Src/main.c" -mcpu=cortex-m7 -std=gnu11 -g3 -DDEBUG -DUSE_HAL_DRIVER -DSTM32F767xx -c -I../Core/Inc -IC:/Users/ddpat/STM32Cube/Repository/STM32Cube_FW_F7_V1.17.2/Drivers/STM32F7xx_HAL_Driver/Inc -IC:/Users/ddpat/STM32Cube/Repository/STM32Cube_FW_F7_V1.17.2/Drivers/STM32F7xx_HAL_Driver/Inc/Legacy -IC:/Users/ddpat/STM32Cube/Repository/STM32Cube_FW_F7_V1.17.2/Drivers/CMSIS/Device/ST/STM32F7xx/Include -IC:/Users/ddpat/STM32Cube/Repository/STM32Cube_FW_F7_V1.17.2/Drivers/CMSIS/Include -O0 -ffunction-sections -fdata-sections -Wall -fstack-usage -fcyclomatic-complexity -MMD -MP -MF"Core/Src/main.d" -MT"Core/Src/main.o" --specs=nano.specs -mfpu=fpv5-d16 -mfloat-abi=hard -mthumb -o "Core/Src/main.o"
../Core/Src/main.c: In function 'main':
../Core/Src/main.c:170:3: warning: statement with no effect [-Wunused-value]
  170 |   HAL_UART_RxCpltCallback;
      |   ^~~~~~~~~~~~~~~~~~~~~~~
../Core/Src/main.c:254:91: warning: '%s' directive output may be truncated writing up to 99 bytes into a region of size between 47 and 96 [-Wformat-truncation=]
  254 |                                           snprintf(tx_message, sizeof(tx_message), "%s => %s ", name, rx_message);
      |                                                                                           ^~          ~~~~~~~~~~
../Core/Src/main.c:254:43: note: 'snprintf' output between 6 and 154 bytes into a destination of size 100
  254 |                                           snprintf(tx_message, sizeof(tx_message), "%s => %s ", name, rx_message);
      |                                           ^~~~~~~~~~~~~~~~~~~~~~~~~~~~~~~~~~~~~~~~~~~~~~~~~~~~~~~~~~~~~~~~~~~~~~~
arm-none-eabi-gcc -o "tsp1.elf" @"objects.list"   -mcpu=cortex-m7 -T"E:\MAD_Lab\spp11\tsp1\STM32F767ZITX_FLASH.ld" --specs=nosys.specs -Wl,-Map="tsp1.map" -Wl,--gc-sections -static --specs=nano.specs -mfpu=fpv5-d16 -mfloat-abi=hard -mthumb -Wl,--start-group -lc -lm -Wl,--end-group
Finished building target: tsp1.elf
 
arm-none-eabi-size  tsp1.elf 
arm-none-eabi-objdump -h -S tsp1.elf  > "tsp1.list"
   text	   data	    bss	    dec	    hex	filename
  19944	     96	   2680	  22720	   58c0	tsp1.elf
Finished building: default.size.stdout
 
Finished building: tsp1.list
 
19:35:09 **** Incremental Build of configuration Debug for project tsp1 ****
make -j12 all 
arm-none-eabi-size  tsp1.elf 
   text	   data	    bss	    dec	    hex	filename
  19944	     96	   2680	  22720	   58c0	tsp1.elf
Finished building: default.size.stdout
 
19:35:20 **** Incremental Build of configuration Debug for project tsp1 ****
make -j12 all 
arm-none-eabi-size  tsp1.elf 
   text	   data	    bss	    dec	    hex	filename
  19944	     96	   2680	  22720	   58c0	tsp1.elf
Finished building: default.size.stdout
 
20:50:30 **** Incremental Build of configuration Debug for project tsp1 ****
make -j12 all 
arm-none-eabi-size  tsp1.elf 
   text	   data	    bss	    dec	    hex	filename
  19944	     96	   2680	  22720	   58c0	tsp1.elf
Finished building: default.size.stdout
 
20:52:22 **** Incremental Build of configuration Debug for project tsp1 ****
make -j12 all 
arm-none-eabi-gcc "../Core/Src/main.c" -mcpu=cortex-m7 -std=gnu11 -g3 -DDEBUG -DUSE_HAL_DRIVER -DSTM32F767xx -c -I../Core/Inc -IC:/Users/ddpat/STM32Cube/Repository/STM32Cube_FW_F7_V1.17.2/Drivers/STM32F7xx_HAL_Driver/Inc -IC:/Users/ddpat/STM32Cube/Repository/STM32Cube_FW_F7_V1.17.2/Drivers/STM32F7xx_HAL_Driver/Inc/Legacy -IC:/Users/ddpat/STM32Cube/Repository/STM32Cube_FW_F7_V1.17.2/Drivers/CMSIS/Device/ST/STM32F7xx/Include -IC:/Users/ddpat/STM32Cube/Repository/STM32Cube_FW_F7_V1.17.2/Drivers/CMSIS/Include -O0 -ffunction-sections -fdata-sections -Wall -fstack-usage -fcyclomatic-complexity -MMD -MP -MF"Core/Src/main.d" -MT"Core/Src/main.o" --specs=nano.specs -mfpu=fpv5-d16 -mfloat-abi=hard -mthumb -o "Core/Src/main.o"
../Core/Src/main.c: In function 'main':
../Core/Src/main.c:170:3: warning: statement with no effect [-Wunused-value]
  170 |   HAL_UART_RxCpltCallback;
      |   ^~~~~~~~~~~~~~~~~~~~~~~
../Core/Src/main.c:254:91: warning: '%s' directive output may be truncated writing up to 99 bytes into a region of size between 47 and 96 [-Wformat-truncation=]
  254 |                                           snprintf(tx_message, sizeof(tx_message), "%s => %s ", name, rx_message);
      |                                                                                           ^~          ~~~~~~~~~~
../Core/Src/main.c:254:43: note: 'snprintf' output between 6 and 154 bytes into a destination of size 100
  254 |                                           snprintf(tx_message, sizeof(tx_message), "%s => %s ", name, rx_message);
      |                                           ^~~~~~~~~~~~~~~~~~~~~~~~~~~~~~~~~~~~~~~~~~~~~~~~~~~~~~~~~~~~~~~~~~~~~~~
arm-none-eabi-gcc -o "tsp1.elf" @"objects.list"   -mcpu=cortex-m7 -T"E:\MAD_Lab\spp11\tsp1\STM32F767ZITX_FLASH.ld" --specs=nosys.specs -Wl,-Map="tsp1.map" -Wl,--gc-sections -static --specs=nano.specs -mfpu=fpv5-d16 -mfloat-abi=hard -mthumb -Wl,--start-group -lc -lm -Wl,--end-group
Finished building target: tsp1.elf
 
arm-none-eabi-size  tsp1.elf 
arm-none-eabi-objdump -h -S tsp1.elf  > "tsp1.list"
   text	   data	    bss	    dec	    hex	filename
  19956	     96	   2680	  22732	   58cc	tsp1.elf
Finished building: default.size.stdout
 
Finished building: tsp1.list
 
20:52:27 **** Incremental Build of configuration Debug for project tsp1 ****
make -j12 all 
arm-none-eabi-size  tsp1.elf 
   text	   data	    bss	    dec	    hex	filename
  19956	     96	   2680	  22732	   58cc	tsp1.elf
Finished building: default.size.stdout
 
20:53:12 **** Incremental Build of configuration Debug for project tsp1 ****
make -j12 all 
arm-none-eabi-size  tsp1.elf 
   text	   data	    bss	    dec	    hex	filename
  19956	     96	   2680	  22732	   58cc	tsp1.elf
Finished building: default.size.stdout
 
20:58:44 **** Incremental Build of configuration Debug for project tsp1 ****
make -j12 all 
arm-none-eabi-gcc "../Core/Src/main.c" -mcpu=cortex-m7 -std=gnu11 -g3 -DDEBUG -DUSE_HAL_DRIVER -DSTM32F767xx -c -I../Core/Inc -IC:/Users/ddpat/STM32Cube/Repository/STM32Cube_FW_F7_V1.17.2/Drivers/STM32F7xx_HAL_Driver/Inc -IC:/Users/ddpat/STM32Cube/Repository/STM32Cube_FW_F7_V1.17.2/Drivers/STM32F7xx_HAL_Driver/Inc/Legacy -IC:/Users/ddpat/STM32Cube/Repository/STM32Cube_FW_F7_V1.17.2/Drivers/CMSIS/Device/ST/STM32F7xx/Include -IC:/Users/ddpat/STM32Cube/Repository/STM32Cube_FW_F7_V1.17.2/Drivers/CMSIS/Include -O0 -ffunction-sections -fdata-sections -Wall -fstack-usage -fcyclomatic-complexity -MMD -MP -MF"Core/Src/main.d" -MT"Core/Src/main.o" --specs=nano.specs -mfpu=fpv5-d16 -mfloat-abi=hard -mthumb -o "Core/Src/main.o"
../Core/Src/main.c: In function 'main':
../Core/Src/main.c:170:3: warning: statement with no effect [-Wunused-value]
  170 |   HAL_UART_RxCpltCallback;
      |   ^~~~~~~~~~~~~~~~~~~~~~~
../Core/Src/main.c:183:30: error: expected expression before ')' token
  183 |           if (status == 0 && )
      |                              ^
make: *** [Core/Src/subdir.mk:34: Core/Src/main.o] Error 1
"make -j12 all" terminated with exit code 2. Build might be incomplete.
20:58:56 **** Incremental Build of configuration Debug for project tsp1 ****
make -j12 all 
arm-none-eabi-gcc "../Core/Src/main.c" -mcpu=cortex-m7 -std=gnu11 -g3 -DDEBUG -DUSE_HAL_DRIVER -DSTM32F767xx -c -I../Core/Inc -IC:/Users/ddpat/STM32Cube/Repository/STM32Cube_FW_F7_V1.17.2/Drivers/STM32F7xx_HAL_Driver/Inc -IC:/Users/ddpat/STM32Cube/Repository/STM32Cube_FW_F7_V1.17.2/Drivers/STM32F7xx_HAL_Driver/Inc/Legacy -IC:/Users/ddpat/STM32Cube/Repository/STM32Cube_FW_F7_V1.17.2/Drivers/CMSIS/Device/ST/STM32F7xx/Include -IC:/Users/ddpat/STM32Cube/Repository/STM32Cube_FW_F7_V1.17.2/Drivers/CMSIS/Include -O0 -ffunction-sections -fdata-sections -Wall -fstack-usage -fcyclomatic-complexity -MMD -MP -MF"Core/Src/main.d" -MT"Core/Src/main.o" --specs=nano.specs -mfpu=fpv5-d16 -mfloat-abi=hard -mthumb -o "Core/Src/main.o"
../Core/Src/main.c: In function 'main':
../Core/Src/main.c:170:3: warning: statement with no effect [-Wunused-value]
  170 |   HAL_UART_RxCpltCallback;
      |   ^~~~~~~~~~~~~~~~~~~~~~~
../Core/Src/main.c:253:91: warning: '%s' directive output may be truncated writing up to 99 bytes into a region of size between 47 and 96 [-Wformat-truncation=]
  253 |                                           snprintf(tx_message, sizeof(tx_message), "%s => %s ", name, rx_message);
      |                                                                                           ^~          ~~~~~~~~~~
../Core/Src/main.c:253:43: note: 'snprintf' output between 6 and 154 bytes into a destination of size 100
  253 |                                           snprintf(tx_message, sizeof(tx_message), "%s => %s ", name, rx_message);
      |                                           ^~~~~~~~~~~~~~~~~~~~~~~~~~~~~~~~~~~~~~~~~~~~~~~~~~~~~~~~~~~~~~~~~~~~~~~
arm-none-eabi-gcc -o "tsp1.elf" @"objects.list"   -mcpu=cortex-m7 -T"E:\MAD_Lab\spp11\tsp1\STM32F767ZITX_FLASH.ld" --specs=nosys.specs -Wl,-Map="tsp1.map" -Wl,--gc-sections -static --specs=nano.specs -mfpu=fpv5-d16 -mfloat-abi=hard -mthumb -Wl,--start-group -lc -lm -Wl,--end-group
Finished building target: tsp1.elf
 
arm-none-eabi-size  tsp1.elf 
arm-none-eabi-objdump -h -S tsp1.elf  > "tsp1.list"
   text	   data	    bss	    dec	    hex	filename
  19940	     96	   2680	  22716	   58bc	tsp1.elf
Finished building: default.size.stdout
 
Finished building: tsp1.list
 
20:59:04 **** Incremental Build of configuration Debug for project tsp1 ****
make -j12 all 
arm-none-eabi-size  tsp1.elf 
   text	   data	    bss	    dec	    hex	filename
  19940	     96	   2680	  22716	   58bc	tsp1.elf
Finished building: default.size.stdout
 
20:59:59 **** Incremental Build of configuration Debug for project tsp1 ****
make -j12 all 
arm-none-eabi-size  tsp1.elf 
   text	   data	    bss	    dec	    hex	filename
  19940	     96	   2680	  22716	   58bc	tsp1.elf
Finished building: default.size.stdout
 
21:21:03 **** Incremental Build of configuration Debug for project tsp1 ****
make -j12 all 
arm-none-eabi-gcc "../Core/Src/main.c" -mcpu=cortex-m7 -std=gnu11 -g3 -DDEBUG -DUSE_HAL_DRIVER -DSTM32F767xx -c -I../Core/Inc -IC:/Users/ddpat/STM32Cube/Repository/STM32Cube_FW_F7_V1.17.2/Drivers/STM32F7xx_HAL_Driver/Inc -IC:/Users/ddpat/STM32Cube/Repository/STM32Cube_FW_F7_V1.17.2/Drivers/STM32F7xx_HAL_Driver/Inc/Legacy -IC:/Users/ddpat/STM32Cube/Repository/STM32Cube_FW_F7_V1.17.2/Drivers/CMSIS/Device/ST/STM32F7xx/Include -IC:/Users/ddpat/STM32Cube/Repository/STM32Cube_FW_F7_V1.17.2/Drivers/CMSIS/Include -O0 -ffunction-sections -fdata-sections -Wall -fstack-usage -fcyclomatic-complexity -MMD -MP -MF"Core/Src/main.d" -MT"Core/Src/main.o" --specs=nano.specs -mfpu=fpv5-d16 -mfloat-abi=hard -mthumb -o "Core/Src/main.o"
../Core/Src/main.c: In function 'main':
../Core/Src/main.c:170:3: warning: statement with no effect [-Wunused-value]
  170 |   HAL_UART_RxCpltCallback;
      |   ^~~~~~~~~~~~~~~~~~~~~~~
../Core/Src/main.c:253:91: warning: '%s' directive output may be truncated writing up to 99 bytes into a region of size between 47 and 96 [-Wformat-truncation=]
  253 |                                           snprintf(tx_message, sizeof(tx_message), "%s => %s ", name, rx_message);
      |                                                                                           ^~          ~~~~~~~~~~
../Core/Src/main.c:253:43: note: 'snprintf' output between 6 and 154 bytes into a destination of size 100
  253 |                                           snprintf(tx_message, sizeof(tx_message), "%s => %s ", name, rx_message);
      |                                           ^~~~~~~~~~~~~~~~~~~~~~~~~~~~~~~~~~~~~~~~~~~~~~~~~~~~~~~~~~~~~~~~~~~~~~~
arm-none-eabi-gcc -o "tsp1.elf" @"objects.list"   -mcpu=cortex-m7 -T"E:\MAD_Lab\spp11\tsp1\STM32F767ZITX_FLASH.ld" --specs=nosys.specs -Wl,-Map="tsp1.map" -Wl,--gc-sections -static --specs=nano.specs -mfpu=fpv5-d16 -mfloat-abi=hard -mthumb -Wl,--start-group -lc -lm -Wl,--end-group
Finished building target: tsp1.elf
 
arm-none-eabi-size  tsp1.elf 
arm-none-eabi-objdump -h -S tsp1.elf  > "tsp1.list"
   text	   data	    bss	    dec	    hex	filename
  19912	     96	   2680	  22688	   58a0	tsp1.elf
Finished building: default.size.stdout
 
Finished building: tsp1.list
 
21:21:24 **** Incremental Build of configuration Debug for project tsp1 ****
make -j12 all 
arm-none-eabi-size  tsp1.elf 
   text	   data	    bss	    dec	    hex	filename
  19912	     96	   2680	  22688	   58a0	tsp1.elf
Finished building: default.size.stdout
 
21:30:36 **** Incremental Build of configuration Debug for project tsp1 ****
make -j12 all 
arm-none-eabi-gcc "../Core/Src/main.c" -mcpu=cortex-m7 -std=gnu11 -g3 -DDEBUG -DUSE_HAL_DRIVER -DSTM32F767xx -c -I../Core/Inc -IC:/Users/ddpat/STM32Cube/Repository/STM32Cube_FW_F7_V1.17.2/Drivers/STM32F7xx_HAL_Driver/Inc -IC:/Users/ddpat/STM32Cube/Repository/STM32Cube_FW_F7_V1.17.2/Drivers/STM32F7xx_HAL_Driver/Inc/Legacy -IC:/Users/ddpat/STM32Cube/Repository/STM32Cube_FW_F7_V1.17.2/Drivers/CMSIS/Device/ST/STM32F7xx/Include -IC:/Users/ddpat/STM32Cube/Repository/STM32Cube_FW_F7_V1.17.2/Drivers/CMSIS/Include -O0 -ffunction-sections -fdata-sections -Wall -fstack-usage -fcyclomatic-complexity -MMD -MP -MF"Core/Src/main.d" -MT"Core/Src/main.o" --specs=nano.specs -mfpu=fpv5-d16 -mfloat-abi=hard -mthumb -o "Core/Src/main.o"
../Core/Src/main.c: In function 'main':
../Core/Src/main.c:170:3: warning: statement with no effect [-Wunused-value]
  170 |   HAL_UART_RxCpltCallback;
      |   ^~~~~~~~~~~~~~~~~~~~~~~
../Core/Src/main.c:253:91: warning: '%s' directive output may be truncated writing up to 99 bytes into a region of size between 47 and 96 [-Wformat-truncation=]
  253 |                                           snprintf(tx_message, sizeof(tx_message), "%s => %s ", name, rx_message);
      |                                                                                           ^~          ~~~~~~~~~~
../Core/Src/main.c:253:43: note: 'snprintf' output between 6 and 154 bytes into a destination of size 100
  253 |                                           snprintf(tx_message, sizeof(tx_message), "%s => %s ", name, rx_message);
      |                                           ^~~~~~~~~~~~~~~~~~~~~~~~~~~~~~~~~~~~~~~~~~~~~~~~~~~~~~~~~~~~~~~~~~~~~~~
arm-none-eabi-gcc -o "tsp1.elf" @"objects.list"   -mcpu=cortex-m7 -T"E:\MAD_Lab\spp11\tsp1\STM32F767ZITX_FLASH.ld" --specs=nosys.specs -Wl,-Map="tsp1.map" -Wl,--gc-sections -static --specs=nano.specs -mfpu=fpv5-d16 -mfloat-abi=hard -mthumb -Wl,--start-group -lc -lm -Wl,--end-group
Finished building target: tsp1.elf
 
arm-none-eabi-size  tsp1.elf 
arm-none-eabi-objdump -h -S tsp1.elf  > "tsp1.list"
   text	   data	    bss	    dec	    hex	filename
  19924	     96	   2680	  22700	   58ac	tsp1.elf
Finished building: default.size.stdout
 
Finished building: tsp1.list
 
21:30:51 **** Incremental Build of configuration Debug for project tsp1 ****
make -j12 all 
arm-none-eabi-size  tsp1.elf 
   text	   data	    bss	    dec	    hex	filename
  19924	     96	   2680	  22700	   58ac	tsp1.elf
Finished building: default.size.stdout
 
21:33:17 **** Incremental Build of configuration Debug for project tsp1 ****
make -j12 all 
arm-none-eabi-size  tsp1.elf 
   text	   data	    bss	    dec	    hex	filename
  19924	     96	   2680	  22700	   58ac	tsp1.elf
Finished building: default.size.stdout
 
21:34:46 **** Incremental Build of configuration Debug for project tsp1 ****
make -j12 all 
arm-none-eabi-size  tsp1.elf 
   text	   data	    bss	    dec	    hex	filename
  19924	     96	   2680	  22700	   58ac	tsp1.elf
Finished building: default.size.stdout
 
21:35:00 **** Incremental Build of configuration Debug for project tsp1 ****
make -j12 all 
arm-none-eabi-size  tsp1.elf 
   text	   data	    bss	    dec	    hex	filename
  19924	     96	   2680	  22700	   58ac	tsp1.elf
Finished building: default.size.stdout
 
21:38:27 **** Incremental Build of configuration Debug for project tsp1 ****
make -j12 all 
arm-none-eabi-gcc "../Core/Src/main.c" -mcpu=cortex-m7 -std=gnu11 -g3 -DDEBUG -DUSE_HAL_DRIVER -DSTM32F767xx -c -I../Core/Inc -IC:/Users/ddpat/STM32Cube/Repository/STM32Cube_FW_F7_V1.17.2/Drivers/STM32F7xx_HAL_Driver/Inc -IC:/Users/ddpat/STM32Cube/Repository/STM32Cube_FW_F7_V1.17.2/Drivers/STM32F7xx_HAL_Driver/Inc/Legacy -IC:/Users/ddpat/STM32Cube/Repository/STM32Cube_FW_F7_V1.17.2/Drivers/CMSIS/Device/ST/STM32F7xx/Include -IC:/Users/ddpat/STM32Cube/Repository/STM32Cube_FW_F7_V1.17.2/Drivers/CMSIS/Include -O0 -ffunction-sections -fdata-sections -Wall -fstack-usage -fcyclomatic-complexity -MMD -MP -MF"Core/Src/main.d" -MT"Core/Src/main.o" --specs=nano.specs -mfpu=fpv5-d16 -mfloat-abi=hard -mthumb -o "Core/Src/main.o"
../Core/Src/main.c: In function 'main':
../Core/Src/main.c:170:3: warning: statement with no effect [-Wunused-value]
  170 |   HAL_UART_RxCpltCallback;
      |   ^~~~~~~~~~~~~~~~~~~~~~~
../Core/Src/main.c:179:39: warning: passing argument 1 of 'strlen' makes pointer from integer without a cast [-Wint-conversion]
  179 |           len = strlen(rx_msg_external[200]);
      |                        ~~~~~~~~~~~~~~~^~~~~
      |                                       |
      |                                       char
In file included from ../Core/Src/main.c:24:
C:\ST\STM32CubeIDE_1.17.0\STM32CubeIDE\plugins\com.st.stm32cube.ide.mcu.externaltools.gnu-tools-for-stm32.12.3.rel1.win32_1.1.0.202410251130\tools\bin/../lib/gcc/arm-none-eabi/12.3.1/../../../../arm-none-eabi/include/string.h:41:18: note: expected 'const char *' but argument is of type 'char'
   41 | size_t   strlen (const char *);
      |                  ^~~~~~~~~~~~
../Core/Src/main.c:253:91: warning: '%s' directive output may be truncated writing up to 99 bytes into a region of size between 47 and 96 [-Wformat-truncation=]
  253 |                                           snprintf(tx_message, sizeof(tx_message), "%s => %s ", name, rx_message);
      |                                                                                           ^~          ~~~~~~~~~~
../Core/Src/main.c:253:43: note: 'snprintf' output between 6 and 154 bytes into a destination of size 100
  253 |                                           snprintf(tx_message, sizeof(tx_message), "%s => %s ", name, rx_message);
      |                                           ^~~~~~~~~~~~~~~~~~~~~~~~~~~~~~~~~~~~~~~~~~~~~~~~~~~~~~~~~~~~~~~~~~~~~~~
arm-none-eabi-gcc -o "tsp1.elf" @"objects.list"   -mcpu=cortex-m7 -T"E:\MAD_Lab\spp11\tsp1\STM32F767ZITX_FLASH.ld" --specs=nosys.specs -Wl,-Map="tsp1.map" -Wl,--gc-sections -static --specs=nano.specs -mfpu=fpv5-d16 -mfloat-abi=hard -mthumb -Wl,--start-group -lc -lm -Wl,--end-group
Finished building target: tsp1.elf
 
arm-none-eabi-size  tsp1.elf 
arm-none-eabi-objdump -h -S tsp1.elf  > "tsp1.list"
   text	   data	    bss	    dec	    hex	filename
  19932	     96	   2680	  22708	   58b4	tsp1.elf
Finished building: default.size.stdout
 
Finished building: tsp1.list
 
21:38:35 **** Incremental Build of configuration Debug for project tsp1 ****
make -j12 all 
arm-none-eabi-size  tsp1.elf 
   text	   data	    bss	    dec	    hex	filename
  19932	     96	   2680	  22708	   58b4	tsp1.elf
Finished building: default.size.stdout
 
21:38:47 **** Incremental Build of configuration Debug for project tsp1 ****
make -j12 all 
arm-none-eabi-size  tsp1.elf 
   text	   data	    bss	    dec	    hex	filename
  19932	     96	   2680	  22708	   58b4	tsp1.elf
Finished building: default.size.stdout
 
21:48:15 **** Incremental Build of configuration Debug for project tsp1 ****
make -j12 all 
arm-none-eabi-gcc "../Core/Src/main.c" -mcpu=cortex-m7 -std=gnu11 -g3 -DDEBUG -DUSE_HAL_DRIVER -DSTM32F767xx -c -I../Core/Inc -IC:/Users/ddpat/STM32Cube/Repository/STM32Cube_FW_F7_V1.17.2/Drivers/STM32F7xx_HAL_Driver/Inc -IC:/Users/ddpat/STM32Cube/Repository/STM32Cube_FW_F7_V1.17.2/Drivers/STM32F7xx_HAL_Driver/Inc/Legacy -IC:/Users/ddpat/STM32Cube/Repository/STM32Cube_FW_F7_V1.17.2/Drivers/CMSIS/Device/ST/STM32F7xx/Include -IC:/Users/ddpat/STM32Cube/Repository/STM32Cube_FW_F7_V1.17.2/Drivers/CMSIS/Include -O0 -ffunction-sections -fdata-sections -Wall -fstack-usage -fcyclomatic-complexity -MMD -MP -MF"Core/Src/main.d" -MT"Core/Src/main.o" --specs=nano.specs -mfpu=fpv5-d16 -mfloat-abi=hard -mthumb -o "Core/Src/main.o"
../Core/Src/main.c: In function 'main':
../Core/Src/main.c:170:3: warning: statement with no effect [-Wunused-value]
  170 |   HAL_UART_RxCpltCallback;
      |   ^~~~~~~~~~~~~~~~~~~~~~~
../Core/Src/main.c:254:91: warning: '%s' directive output may be truncated writing up to 99 bytes into a region of size between 47 and 96 [-Wformat-truncation=]
  254 |                                           snprintf(tx_message, sizeof(tx_message), "%s => %s ", name, rx_message);
      |                                                                                           ^~          ~~~~~~~~~~
../Core/Src/main.c:254:43: note: 'snprintf' output between 6 and 154 bytes into a destination of size 100
  254 |                                           snprintf(tx_message, sizeof(tx_message), "%s => %s ", name, rx_message);
      |                                           ^~~~~~~~~~~~~~~~~~~~~~~~~~~~~~~~~~~~~~~~~~~~~~~~~~~~~~~~~~~~~~~~~~~~~~~
arm-none-eabi-gcc -o "tsp1.elf" @"objects.list"   -mcpu=cortex-m7 -T"E:\MAD_Lab\spp11\tsp1\STM32F767ZITX_FLASH.ld" --specs=nosys.specs -Wl,-Map="tsp1.map" -Wl,--gc-sections -static --specs=nano.specs -mfpu=fpv5-d16 -mfloat-abi=hard -mthumb -Wl,--start-group -lc -lm -Wl,--end-group
Finished building target: tsp1.elf
 
arm-none-eabi-size  tsp1.elf 
arm-none-eabi-objdump -h -S tsp1.elf  > "tsp1.list"
   text	   data	    bss	    dec	    hex	filename
  19924	     96	   2680	  22700	   58ac	tsp1.elf
Finished building: default.size.stdout
 
Finished building: tsp1.list
 
21:48:30 **** Incremental Build of configuration Debug for project tsp1 ****
make -j12 all 
arm-none-eabi-size  tsp1.elf 
   text	   data	    bss	    dec	    hex	filename
  19924	     96	   2680	  22700	   58ac	tsp1.elf
Finished building: default.size.stdout
 
21:50:56 **** Incremental Build of configuration Debug for project tsp1 ****
make -j12 all 
arm-none-eabi-gcc "../Core/Src/main.c" -mcpu=cortex-m7 -std=gnu11 -g3 -DDEBUG -DUSE_HAL_DRIVER -DSTM32F767xx -c -I../Core/Inc -IC:/Users/ddpat/STM32Cube/Repository/STM32Cube_FW_F7_V1.17.2/Drivers/STM32F7xx_HAL_Driver/Inc -IC:/Users/ddpat/STM32Cube/Repository/STM32Cube_FW_F7_V1.17.2/Drivers/STM32F7xx_HAL_Driver/Inc/Legacy -IC:/Users/ddpat/STM32Cube/Repository/STM32Cube_FW_F7_V1.17.2/Drivers/CMSIS/Device/ST/STM32F7xx/Include -IC:/Users/ddpat/STM32Cube/Repository/STM32Cube_FW_F7_V1.17.2/Drivers/CMSIS/Include -O0 -ffunction-sections -fdata-sections -Wall -fstack-usage -fcyclomatic-complexity -MMD -MP -MF"Core/Src/main.d" -MT"Core/Src/main.o" --specs=nano.specs -mfpu=fpv5-d16 -mfloat-abi=hard -mthumb -o "Core/Src/main.o"
../Core/Src/main.c: In function 'main':
../Core/Src/main.c:254:91: warning: '%s' directive output may be truncated writing up to 99 bytes into a region of size between 47 and 96 [-Wformat-truncation=]
  254 |                                           snprintf(tx_message, sizeof(tx_message), "%s => %s ", name, rx_message);
      |                                                                                           ^~          ~~~~~~~~~~
../Core/Src/main.c:254:43: note: 'snprintf' output between 6 and 154 bytes into a destination of size 100
  254 |                                           snprintf(tx_message, sizeof(tx_message), "%s => %s ", name, rx_message);
      |                                           ^~~~~~~~~~~~~~~~~~~~~~~~~~~~~~~~~~~~~~~~~~~~~~~~~~~~~~~~~~~~~~~~~~~~~~~
arm-none-eabi-gcc -o "tsp1.elf" @"objects.list"   -mcpu=cortex-m7 -T"E:\MAD_Lab\spp11\tsp1\STM32F767ZITX_FLASH.ld" --specs=nosys.specs -Wl,-Map="tsp1.map" -Wl,--gc-sections -static --specs=nano.specs -mfpu=fpv5-d16 -mfloat-abi=hard -mthumb -Wl,--start-group -lc -lm -Wl,--end-group
Finished building target: tsp1.elf
 
arm-none-eabi-size  tsp1.elf 
arm-none-eabi-objdump -h -S tsp1.elf  > "tsp1.list"
   text	   data	    bss	    dec	    hex	filename
  19920	     96	   2680	  22696	   58a8	tsp1.elf
Finished building: default.size.stdout
 
Finished building: tsp1.list
 
21:51:15 **** Incremental Build of configuration Debug for project tsp1 ****
make -j12 all 
arm-none-eabi-size  tsp1.elf 
   text	   data	    bss	    dec	    hex	filename
  19920	     96	   2680	  22696	   58a8	tsp1.elf
Finished building: default.size.stdout
 
21:52:14 **** Incremental Build of configuration Debug for project tsp1 ****
make -j12 all 
arm-none-eabi-gcc "../Core/Src/main.c" -mcpu=cortex-m7 -std=gnu11 -g3 -DDEBUG -DUSE_HAL_DRIVER -DSTM32F767xx -c -I../Core/Inc -IC:/Users/ddpat/STM32Cube/Repository/STM32Cube_FW_F7_V1.17.2/Drivers/STM32F7xx_HAL_Driver/Inc -IC:/Users/ddpat/STM32Cube/Repository/STM32Cube_FW_F7_V1.17.2/Drivers/STM32F7xx_HAL_Driver/Inc/Legacy -IC:/Users/ddpat/STM32Cube/Repository/STM32Cube_FW_F7_V1.17.2/Drivers/CMSIS/Device/ST/STM32F7xx/Include -IC:/Users/ddpat/STM32Cube/Repository/STM32Cube_FW_F7_V1.17.2/Drivers/CMSIS/Include -O0 -ffunction-sections -fdata-sections -Wall -fstack-usage -fcyclomatic-complexity -MMD -MP -MF"Core/Src/main.d" -MT"Core/Src/main.o" --specs=nano.specs -mfpu=fpv5-d16 -mfloat-abi=hard -mthumb -o "Core/Src/main.o"
../Core/Src/main.c: In function 'main':
../Core/Src/main.c:254:91: warning: '%s' directive output may be truncated writing up to 99 bytes into a region of size between 47 and 96 [-Wformat-truncation=]
  254 |                                           snprintf(tx_message, sizeof(tx_message), "%s => %s ", name, rx_message);
      |                                                                                           ^~          ~~~~~~~~~~
../Core/Src/main.c:254:43: note: 'snprintf' output between 6 and 154 bytes into a destination of size 100
  254 |                                           snprintf(tx_message, sizeof(tx_message), "%s => %s ", name, rx_message);
      |                                           ^~~~~~~~~~~~~~~~~~~~~~~~~~~~~~~~~~~~~~~~~~~~~~~~~~~~~~~~~~~~~~~~~~~~~~~
arm-none-eabi-gcc -o "tsp1.elf" @"objects.list"   -mcpu=cortex-m7 -T"E:\MAD_Lab\spp11\tsp1\STM32F767ZITX_FLASH.ld" --specs=nosys.specs -Wl,-Map="tsp1.map" -Wl,--gc-sections -static --specs=nano.specs -mfpu=fpv5-d16 -mfloat-abi=hard -mthumb -Wl,--start-group -lc -lm -Wl,--end-group
Finished building target: tsp1.elf
 
arm-none-eabi-size  tsp1.elf 
arm-none-eabi-objdump -h -S tsp1.elf  > "tsp1.list"
   text	   data	    bss	    dec	    hex	filename
  19920	     96	   2680	  22696	   58a8	tsp1.elf
Finished building: default.size.stdout
 
Finished building: tsp1.list
 
21:52:36 **** Incremental Build of configuration Debug for project tsp1 ****
make -j12 all 
arm-none-eabi-size  tsp1.elf 
   text	   data	    bss	    dec	    hex	filename
  19920	     96	   2680	  22696	   58a8	tsp1.elf
Finished building: default.size.stdout
 
21:52:47 **** Incremental Build of configuration Debug for project tsp1 ****
make -j12 all 
arm-none-eabi-size  tsp1.elf 
   text	   data	    bss	    dec	    hex	filename
  19920	     96	   2680	  22696	   58a8	tsp1.elf
Finished building: default.size.stdout
 
21:54:23 **** Incremental Build of configuration Debug for project tsp1 ****
make -j12 all 
arm-none-eabi-gcc "../Core/Src/main.c" -mcpu=cortex-m7 -std=gnu11 -g3 -DDEBUG -DUSE_HAL_DRIVER -DSTM32F767xx -c -I../Core/Inc -IC:/Users/ddpat/STM32Cube/Repository/STM32Cube_FW_F7_V1.17.2/Drivers/STM32F7xx_HAL_Driver/Inc -IC:/Users/ddpat/STM32Cube/Repository/STM32Cube_FW_F7_V1.17.2/Drivers/STM32F7xx_HAL_Driver/Inc/Legacy -IC:/Users/ddpat/STM32Cube/Repository/STM32Cube_FW_F7_V1.17.2/Drivers/CMSIS/Device/ST/STM32F7xx/Include -IC:/Users/ddpat/STM32Cube/Repository/STM32Cube_FW_F7_V1.17.2/Drivers/CMSIS/Include -O0 -ffunction-sections -fdata-sections -Wall -fstack-usage -fcyclomatic-complexity -MMD -MP -MF"Core/Src/main.d" -MT"Core/Src/main.o" --specs=nano.specs -mfpu=fpv5-d16 -mfloat-abi=hard -mthumb -o "Core/Src/main.o"
../Core/Src/main.c: In function 'main':
../Core/Src/main.c:254:91: warning: '%s' directive output may be truncated writing up to 99 bytes into a region of size between 47 and 96 [-Wformat-truncation=]
  254 |                                           snprintf(tx_message, sizeof(tx_message), "%s => %s ", name, rx_message);
      |                                                                                           ^~          ~~~~~~~~~~
../Core/Src/main.c:254:43: note: 'snprintf' output between 6 and 154 bytes into a destination of size 100
  254 |                                           snprintf(tx_message, sizeof(tx_message), "%s => %s ", name, rx_message);
      |                                           ^~~~~~~~~~~~~~~~~~~~~~~~~~~~~~~~~~~~~~~~~~~~~~~~~~~~~~~~~~~~~~~~~~~~~~~
arm-none-eabi-gcc -o "tsp1.elf" @"objects.list"   -mcpu=cortex-m7 -T"E:\MAD_Lab\spp11\tsp1\STM32F767ZITX_FLASH.ld" --specs=nosys.specs -Wl,-Map="tsp1.map" -Wl,--gc-sections -static --specs=nano.specs -mfpu=fpv5-d16 -mfloat-abi=hard -mthumb -Wl,--start-group -lc -lm -Wl,--end-group
Finished building target: tsp1.elf
 
arm-none-eabi-size  tsp1.elf 
arm-none-eabi-objdump -h -S tsp1.elf  > "tsp1.list"
   text	   data	    bss	    dec	    hex	filename
  19924	     96	   2680	  22700	   58ac	tsp1.elf
Finished building: default.size.stdout
 
Finished building: tsp1.list
 
21:56:08 **** Incremental Build of configuration Debug for project tsp1 ****
make -j12 all 
arm-none-eabi-size  tsp1.elf 
   text	   data	    bss	    dec	    hex	filename
  19924	     96	   2680	  22700	   58ac	tsp1.elf
Finished building: default.size.stdout
 
21:56:26 **** Incremental Build of configuration Debug for project tsp1 ****
make -j12 all 
arm-none-eabi-size  tsp1.elf 
   text	   data	    bss	    dec	    hex	filename
  19924	     96	   2680	  22700	   58ac	tsp1.elf
Finished building: default.size.stdout
 
21:56:37 **** Incremental Build of configuration Debug for project tsp1 ****
make -j12 all 
arm-none-eabi-size  tsp1.elf 
   text	   data	    bss	    dec	    hex	filename
  19924	     96	   2680	  22700	   58ac	tsp1.elf
Finished building: default.size.stdout
 
22:03:40 **** Incremental Build of configuration Debug for project tsp1 ****
make -j12 all 
arm-none-eabi-gcc "../Core/Src/main.c" -mcpu=cortex-m7 -std=gnu11 -g3 -DDEBUG -DUSE_HAL_DRIVER -DSTM32F767xx -c -I../Core/Inc -IC:/Users/ddpat/STM32Cube/Repository/STM32Cube_FW_F7_V1.17.2/Drivers/STM32F7xx_HAL_Driver/Inc -IC:/Users/ddpat/STM32Cube/Repository/STM32Cube_FW_F7_V1.17.2/Drivers/STM32F7xx_HAL_Driver/Inc/Legacy -IC:/Users/ddpat/STM32Cube/Repository/STM32Cube_FW_F7_V1.17.2/Drivers/CMSIS/Device/ST/STM32F7xx/Include -IC:/Users/ddpat/STM32Cube/Repository/STM32Cube_FW_F7_V1.17.2/Drivers/CMSIS/Include -O0 -ffunction-sections -fdata-sections -Wall -fstack-usage -fcyclomatic-complexity -MMD -MP -MF"Core/Src/main.d" -MT"Core/Src/main.o" --specs=nano.specs -mfpu=fpv5-d16 -mfloat-abi=hard -mthumb -o "Core/Src/main.o"
../Core/Src/main.c: In function 'main':
../Core/Src/main.c:254:91: warning: '%s' directive output may be truncated writing up to 99 bytes into a region of size between 47 and 96 [-Wformat-truncation=]
  254 |                                           snprintf(tx_message, sizeof(tx_message), "%s => %s ", name, rx_message);
      |                                                                                           ^~          ~~~~~~~~~~
../Core/Src/main.c:254:43: note: 'snprintf' output between 6 and 154 bytes into a destination of size 100
  254 |                                           snprintf(tx_message, sizeof(tx_message), "%s => %s ", name, rx_message);
      |                                           ^~~~~~~~~~~~~~~~~~~~~~~~~~~~~~~~~~~~~~~~~~~~~~~~~~~~~~~~~~~~~~~~~~~~~~~
arm-none-eabi-gcc -o "tsp1.elf" @"objects.list"   -mcpu=cortex-m7 -T"E:\MAD_Lab\spp11\tsp1\STM32F767ZITX_FLASH.ld" --specs=nosys.specs -Wl,-Map="tsp1.map" -Wl,--gc-sections -static --specs=nano.specs -mfpu=fpv5-d16 -mfloat-abi=hard -mthumb -Wl,--start-group -lc -lm -Wl,--end-group
Finished building target: tsp1.elf
 
arm-none-eabi-size  tsp1.elf 
arm-none-eabi-objdump -h -S tsp1.elf  > "tsp1.list"
   text	   data	    bss	    dec	    hex	filename
  19924	     96	   2680	  22700	   58ac	tsp1.elf
Finished building: default.size.stdout
 
Finished building: tsp1.list
 
22:03:47 **** Incremental Build of configuration Debug for project tsp1 ****
make -j12 all 
arm-none-eabi-size  tsp1.elf 
   text	   data	    bss	    dec	    hex	filename
  19924	     96	   2680	  22700	   58ac	tsp1.elf
Finished building: default.size.stdout
 
22:47:08 **** Incremental Build of configuration Debug for project tsp1 ****
make -j12 all 
arm-none-eabi-gcc "../Core/Src/main.c" -mcpu=cortex-m7 -std=gnu11 -g3 -DDEBUG -DUSE_HAL_DRIVER -DSTM32F767xx -c -I../Core/Inc -IC:/Users/ddpat/STM32Cube/Repository/STM32Cube_FW_F7_V1.17.2/Drivers/STM32F7xx_HAL_Driver/Inc -IC:/Users/ddpat/STM32Cube/Repository/STM32Cube_FW_F7_V1.17.2/Drivers/STM32F7xx_HAL_Driver/Inc/Legacy -IC:/Users/ddpat/STM32Cube/Repository/STM32Cube_FW_F7_V1.17.2/Drivers/CMSIS/Device/ST/STM32F7xx/Include -IC:/Users/ddpat/STM32Cube/Repository/STM32Cube_FW_F7_V1.17.2/Drivers/CMSIS/Include -O0 -ffunction-sections -fdata-sections -Wall -fstack-usage -fcyclomatic-complexity -MMD -MP -MF"Core/Src/main.d" -MT"Core/Src/main.o" --specs=nano.specs -mfpu=fpv5-d16 -mfloat-abi=hard -mthumb -o "Core/Src/main.o"
../Core/Src/main.c: In function 'main':
../Core/Src/main.c:256:91: warning: '%s' directive output may be truncated writing up to 99 bytes into a region of size between 47 and 96 [-Wformat-truncation=]
  256 |                                           snprintf(tx_message, sizeof(tx_message), "%s => %s ", name, rx_message);
      |                                                                                           ^~          ~~~~~~~~~~
../Core/Src/main.c:256:43: note: 'snprintf' output between 6 and 154 bytes into a destination of size 100
  256 |                                           snprintf(tx_message, sizeof(tx_message), "%s => %s ", name, rx_message);
      |                                           ^~~~~~~~~~~~~~~~~~~~~~~~~~~~~~~~~~~~~~~~~~~~~~~~~~~~~~~~~~~~~~~~~~~~~~~
arm-none-eabi-gcc -o "tsp1.elf" @"objects.list"   -mcpu=cortex-m7 -T"E:\MAD_Lab\spp11\tsp1\STM32F767ZITX_FLASH.ld" --specs=nosys.specs -Wl,-Map="tsp1.map" -Wl,--gc-sections -static --specs=nano.specs -mfpu=fpv5-d16 -mfloat-abi=hard -mthumb -Wl,--start-group -lc -lm -Wl,--end-group
Finished building target: tsp1.elf
 
arm-none-eabi-size  tsp1.elf 
arm-none-eabi-objdump -h -S tsp1.elf  > "tsp1.list"
   text	   data	    bss	    dec	    hex	filename
  19944	     96	   2680	  22720	   58c0	tsp1.elf
Finished building: default.size.stdout
 
Finished building: tsp1.list
 
22:47:23 **** Incremental Build of configuration Debug for project tsp1 ****
make -j12 all 
arm-none-eabi-size  tsp1.elf 
   text	   data	    bss	    dec	    hex	filename
  19944	     96	   2680	  22720	   58c0	tsp1.elf
Finished building: default.size.stdout
 
22:47:33 **** Incremental Build of configuration Debug for project tsp1 ****
make -j12 all 
arm-none-eabi-size  tsp1.elf 
   text	   data	    bss	    dec	    hex	filename
  19944	     96	   2680	  22720	   58c0	tsp1.elf
Finished building: default.size.stdout
 
21:26:47 **** Incremental Build of configuration Debug for project tsp1 ****
make -j12 all 
arm-none-eabi-size  tsp1.elf 
   text	   data	    bss	    dec	    hex	filename
  19944	     96	   2680	  22720	   58c0	tsp1.elf
Finished building: default.size.stdout
 
21:43:59 **** Incremental Build of configuration Debug for project tsp1 ****
make -j12 all 
arm-none-eabi-gcc "../Core/Src/main.c" -mcpu=cortex-m7 -std=gnu11 -g3 -DDEBUG -DUSE_HAL_DRIVER -DSTM32F767xx -c -I../Core/Inc -IC:/Users/ddpat/STM32Cube/Repository/STM32Cube_FW_F7_V1.17.2/Drivers/STM32F7xx_HAL_Driver/Inc -IC:/Users/ddpat/STM32Cube/Repository/STM32Cube_FW_F7_V1.17.2/Drivers/STM32F7xx_HAL_Driver/Inc/Legacy -IC:/Users/ddpat/STM32Cube/Repository/STM32Cube_FW_F7_V1.17.2/Drivers/CMSIS/Device/ST/STM32F7xx/Include -IC:/Users/ddpat/STM32Cube/Repository/STM32Cube_FW_F7_V1.17.2/Drivers/CMSIS/Include -O0 -ffunction-sections -fdata-sections -Wall -fstack-usage -fcyclomatic-complexity -MMD -MP -MF"Core/Src/main.d" -MT"Core/Src/main.o" --specs=nano.specs -mfpu=fpv5-d16 -mfloat-abi=hard -mthumb -o "Core/Src/main.o"
../Core/Src/main.c: In function 'main':
../Core/Src/main.c:256:91: warning: '%s' directive output may be truncated writing up to 99 bytes into a region of size between 47 and 96 [-Wformat-truncation=]
  256 |                                           snprintf(tx_message, sizeof(tx_message), "%s => %s ", name, rx_message);
      |                                                                                           ^~          ~~~~~~~~~~
../Core/Src/main.c:256:43: note: 'snprintf' output between 6 and 154 bytes into a destination of size 100
  256 |                                           snprintf(tx_message, sizeof(tx_message), "%s => %s ", name, rx_message);
      |                                           ^~~~~~~~~~~~~~~~~~~~~~~~~~~~~~~~~~~~~~~~~~~~~~~~~~~~~~~~~~~~~~~~~~~~~~~
arm-none-eabi-gcc -o "tsp1.elf" @"objects.list"   -mcpu=cortex-m7 -T"E:\MAD_Lab\spp11\tsp1\STM32F767ZITX_FLASH.ld" --specs=nosys.specs -Wl,-Map="tsp1.map" -Wl,--gc-sections -static --specs=nano.specs -mfpu=fpv5-d16 -mfloat-abi=hard -mthumb -Wl,--start-group -lc -lm -Wl,--end-group
Finished building target: tsp1.elf
 
arm-none-eabi-size  tsp1.elf 
arm-none-eabi-objdump -h -S tsp1.elf  > "tsp1.list"
   text	   data	    bss	    dec	    hex	filename
  19384	     96	   2680	  22160	   5690	tsp1.elf
Finished building: default.size.stdout
 
Finished building: tsp1.list
 
21:45:19 **** Incremental Build of configuration Debug for project tsp1 ****
make -j12 all 
arm-none-eabi-size  tsp1.elf 
   text	   data	    bss	    dec	    hex	filename
  19384	     96	   2680	  22160	   5690	tsp1.elf
Finished building: default.size.stdout
 
21:51:25 **** Incremental Build of configuration Debug for project tsp1 ****
make -j12 all 
arm-none-eabi-gcc "../Core/Src/main.c" -mcpu=cortex-m7 -std=gnu11 -g3 -DDEBUG -DUSE_HAL_DRIVER -DSTM32F767xx -c -I../Core/Inc -IC:/Users/ddpat/STM32Cube/Repository/STM32Cube_FW_F7_V1.17.2/Drivers/STM32F7xx_HAL_Driver/Inc -IC:/Users/ddpat/STM32Cube/Repository/STM32Cube_FW_F7_V1.17.2/Drivers/STM32F7xx_HAL_Driver/Inc/Legacy -IC:/Users/ddpat/STM32Cube/Repository/STM32Cube_FW_F7_V1.17.2/Drivers/CMSIS/Device/ST/STM32F7xx/Include -IC:/Users/ddpat/STM32Cube/Repository/STM32Cube_FW_F7_V1.17.2/Drivers/CMSIS/Include -O0 -ffunction-sections -fdata-sections -Wall -fstack-usage -fcyclomatic-complexity -MMD -MP -MF"Core/Src/main.d" -MT"Core/Src/main.o" --specs=nano.specs -mfpu=fpv5-d16 -mfloat-abi=hard -mthumb -o "Core/Src/main.o"
../Core/Src/main.c: In function 'main':
../Core/Src/main.c:267:91: warning: '%s' directive output may be truncated writing up to 99 bytes into a region of size between 47 and 96 [-Wformat-truncation=]
  267 |                                           snprintf(tx_message, sizeof(tx_message), "%s => %s ", name, rx_message);
      |                                                                                           ^~          ~~~~~~~~~~
../Core/Src/main.c:267:43: note: 'snprintf' output between 6 and 154 bytes into a destination of size 100
  267 |                                           snprintf(tx_message, sizeof(tx_message), "%s => %s ", name, rx_message);
      |                                           ^~~~~~~~~~~~~~~~~~~~~~~~~~~~~~~~~~~~~~~~~~~~~~~~~~~~~~~~~~~~~~~~~~~~~~~
arm-none-eabi-gcc -o "tsp1.elf" @"objects.list"   -mcpu=cortex-m7 -T"E:\MAD_Lab\spp11\tsp1\STM32F767ZITX_FLASH.ld" --specs=nosys.specs -Wl,-Map="tsp1.map" -Wl,--gc-sections -static --specs=nano.specs -mfpu=fpv5-d16 -mfloat-abi=hard -mthumb -Wl,--start-group -lc -lm -Wl,--end-group
Finished building target: tsp1.elf
 
arm-none-eabi-size  tsp1.elf 
arm-none-eabi-objdump -h -S tsp1.elf  > "tsp1.list"
   text	   data	    bss	    dec	    hex	filename
  19488	     96	   2680	  22264	   56f8	tsp1.elf
Finished building: default.size.stdout
 
Finished building: tsp1.list
 
21:52:11 **** Incremental Build of configuration Debug for project tsp1 ****
make -j12 all 
arm-none-eabi-size  tsp1.elf 
   text	   data	    bss	    dec	    hex	filename
  19488	     96	   2680	  22264	   56f8	tsp1.elf
Finished building: default.size.stdout
 
21:53:58 **** Incremental Build of configuration Debug for project tsp1 ****
make -j12 all 
arm-none-eabi-gcc "../Core/Src/main.c" -mcpu=cortex-m7 -std=gnu11 -g3 -DDEBUG -DUSE_HAL_DRIVER -DSTM32F767xx -c -I../Core/Inc -IC:/Users/ddpat/STM32Cube/Repository/STM32Cube_FW_F7_V1.17.2/Drivers/STM32F7xx_HAL_Driver/Inc -IC:/Users/ddpat/STM32Cube/Repository/STM32Cube_FW_F7_V1.17.2/Drivers/STM32F7xx_HAL_Driver/Inc/Legacy -IC:/Users/ddpat/STM32Cube/Repository/STM32Cube_FW_F7_V1.17.2/Drivers/CMSIS/Device/ST/STM32F7xx/Include -IC:/Users/ddpat/STM32Cube/Repository/STM32Cube_FW_F7_V1.17.2/Drivers/CMSIS/Include -O0 -ffunction-sections -fdata-sections -Wall -fstack-usage -fcyclomatic-complexity -MMD -MP -MF"Core/Src/main.d" -MT"Core/Src/main.o" --specs=nano.specs -mfpu=fpv5-d16 -mfloat-abi=hard -mthumb -o "Core/Src/main.o"
../Core/Src/main.c: In function 'main':
../Core/Src/main.c:181:32: warning: pointer targets in passing argument 2 of 'HAL_UART_Receive_IT' differ in signedness [-Wpointer-sign]
  181 |   HAL_UART_Receive_IT(&huart3, rx_msg_external, sizeof(rx_msg_external));
      |                                ^~~~~~~~~~~~~~~
      |                                |
      |                                char *
In file included from ../Core/Inc/stm32f7xx_hal_conf.h:415,
                 from C:/Users/ddpat/STM32Cube/Repository/STM32Cube_FW_F7_V1.17.2/Drivers/STM32F7xx_HAL_Driver/Inc/stm32f7xx_hal.h:29,
                 from ../Core/Inc/main.h:30,
                 from ../Core/Src/main.c:20:
C:/Users/ddpat/STM32Cube/Repository/STM32Cube_FW_F7_V1.17.2/Drivers/STM32F7xx_HAL_Driver/Inc/stm32f7xx_hal_uart.h:1556:75: note: expected 'uint8_t *' {aka 'unsigned char *'} but argument is of type 'char *'
 1556 | HAL_StatusTypeDef HAL_UART_Receive_IT(UART_HandleTypeDef *huart, uint8_t *pData, uint16_t Size);
      |                                                                  ~~~~~~~~~^~~~~
../Core/Src/main.c:269:91: warning: '%s' directive output may be truncated writing up to 99 bytes into a region of size between 47 and 96 [-Wformat-truncation=]
  269 |                                           snprintf(tx_message, sizeof(tx_message), "%s => %s ", name, rx_message);
      |                                                                                           ^~          ~~~~~~~~~~
../Core/Src/main.c:269:43: note: 'snprintf' output between 6 and 154 bytes into a destination of size 100
  269 |                                           snprintf(tx_message, sizeof(tx_message), "%s => %s ", name, rx_message);
      |                                           ^~~~~~~~~~~~~~~~~~~~~~~~~~~~~~~~~~~~~~~~~~~~~~~~~~~~~~~~~~~~~~~~~~~~~~~
arm-none-eabi-gcc -o "tsp1.elf" @"objects.list"   -mcpu=cortex-m7 -T"E:\MAD_Lab\spp11\tsp1\STM32F767ZITX_FLASH.ld" --specs=nosys.specs -Wl,-Map="tsp1.map" -Wl,--gc-sections -static --specs=nano.specs -mfpu=fpv5-d16 -mfloat-abi=hard -mthumb -Wl,--start-group -lc -lm -Wl,--end-group
Finished building target: tsp1.elf
 
arm-none-eabi-size  tsp1.elf 
arm-none-eabi-objdump -h -S tsp1.elf  > "tsp1.list"
   text	   data	    bss	    dec	    hex	filename
  19496	     96	   2680	  22272	   5700	tsp1.elf
Finished building: default.size.stdout
 
Finished building: tsp1.list
 
21:54:02 **** Incremental Build of configuration Debug for project tsp1 ****
make -j12 all 
arm-none-eabi-size  tsp1.elf 
   text	   data	    bss	    dec	    hex	filename
  19496	     96	   2680	  22272	   5700	tsp1.elf
Finished building: default.size.stdout
 
21:54:22 **** Incremental Build of configuration Debug for project tsp1 ****
make -j12 all 
arm-none-eabi-gcc "../Core/Src/main.c" -mcpu=cortex-m7 -std=gnu11 -g3 -DDEBUG -DUSE_HAL_DRIVER -DSTM32F767xx -c -I../Core/Inc -IC:/Users/ddpat/STM32Cube/Repository/STM32Cube_FW_F7_V1.17.2/Drivers/STM32F7xx_HAL_Driver/Inc -IC:/Users/ddpat/STM32Cube/Repository/STM32Cube_FW_F7_V1.17.2/Drivers/STM32F7xx_HAL_Driver/Inc/Legacy -IC:/Users/ddpat/STM32Cube/Repository/STM32Cube_FW_F7_V1.17.2/Drivers/CMSIS/Device/ST/STM32F7xx/Include -IC:/Users/ddpat/STM32Cube/Repository/STM32Cube_FW_F7_V1.17.2/Drivers/CMSIS/Include -O0 -ffunction-sections -fdata-sections -Wall -fstack-usage -fcyclomatic-complexity -MMD -MP -MF"Core/Src/main.d" -MT"Core/Src/main.o" --specs=nano.specs -mfpu=fpv5-d16 -mfloat-abi=hard -mthumb -o "Core/Src/main.o"
../Core/Src/main.c: In function 'main':
../Core/Src/main.c:181:32: warning: pointer targets in passing argument 2 of 'HAL_UART_Receive_IT' differ in signedness [-Wpointer-sign]
  181 |   HAL_UART_Receive_IT(&huart2, rx_msg_external, sizeof(rx_msg_external));
      |                                ^~~~~~~~~~~~~~~
      |                                |
      |                                char *
In file included from ../Core/Inc/stm32f7xx_hal_conf.h:415,
                 from C:/Users/ddpat/STM32Cube/Repository/STM32Cube_FW_F7_V1.17.2/Drivers/STM32F7xx_HAL_Driver/Inc/stm32f7xx_hal.h:29,
                 from ../Core/Inc/main.h:30,
                 from ../Core/Src/main.c:20:
C:/Users/ddpat/STM32Cube/Repository/STM32Cube_FW_F7_V1.17.2/Drivers/STM32F7xx_HAL_Driver/Inc/stm32f7xx_hal_uart.h:1556:75: note: expected 'uint8_t *' {aka 'unsigned char *'} but argument is of type 'char *'
 1556 | HAL_StatusTypeDef HAL_UART_Receive_IT(UART_HandleTypeDef *huart, uint8_t *pData, uint16_t Size);
      |                                                                  ~~~~~~~~~^~~~~
../Core/Src/main.c:269:91: warning: '%s' directive output may be truncated writing up to 99 bytes into a region of size between 47 and 96 [-Wformat-truncation=]
  269 |                                           snprintf(tx_message, sizeof(tx_message), "%s => %s ", name, rx_message);
      |                                                                                           ^~          ~~~~~~~~~~
../Core/Src/main.c:269:43: note: 'snprintf' output between 6 and 154 bytes into a destination of size 100
  269 |                                           snprintf(tx_message, sizeof(tx_message), "%s => %s ", name, rx_message);
      |                                           ^~~~~~~~~~~~~~~~~~~~~~~~~~~~~~~~~~~~~~~~~~~~~~~~~~~~~~~~~~~~~~~~~~~~~~~
arm-none-eabi-gcc -o "tsp1.elf" @"objects.list"   -mcpu=cortex-m7 -T"E:\MAD_Lab\spp11\tsp1\STM32F767ZITX_FLASH.ld" --specs=nosys.specs -Wl,-Map="tsp1.map" -Wl,--gc-sections -static --specs=nano.specs -mfpu=fpv5-d16 -mfloat-abi=hard -mthumb -Wl,--start-group -lc -lm -Wl,--end-group
Finished building target: tsp1.elf
 
arm-none-eabi-size  tsp1.elf 
arm-none-eabi-objdump -h -S tsp1.elf  > "tsp1.list"
   text	   data	    bss	    dec	    hex	filename
  19496	     96	   2680	  22272	   5700	tsp1.elf
Finished building: default.size.stdout
 
Finished building: tsp1.list
 
21:54:41 **** Incremental Build of configuration Debug for project tsp1 ****
make -j12 all 
arm-none-eabi-size  tsp1.elf 
   text	   data	    bss	    dec	    hex	filename
  19496	     96	   2680	  22272	   5700	tsp1.elf
Finished building: default.size.stdout
 
22:02:01 **** Incremental Build of configuration Debug for project tsp1 ****
make -j12 all 
arm-none-eabi-gcc "../Core/Src/main.c" -mcpu=cortex-m7 -std=gnu11 -g3 -DDEBUG -DUSE_HAL_DRIVER -DSTM32F767xx -c -I../Core/Inc -IC:/Users/ddpat/STM32Cube/Repository/STM32Cube_FW_F7_V1.17.2/Drivers/STM32F7xx_HAL_Driver/Inc -IC:/Users/ddpat/STM32Cube/Repository/STM32Cube_FW_F7_V1.17.2/Drivers/STM32F7xx_HAL_Driver/Inc/Legacy -IC:/Users/ddpat/STM32Cube/Repository/STM32Cube_FW_F7_V1.17.2/Drivers/CMSIS/Device/ST/STM32F7xx/Include -IC:/Users/ddpat/STM32Cube/Repository/STM32Cube_FW_F7_V1.17.2/Drivers/CMSIS/Include -O0 -ffunction-sections -fdata-sections -Wall -fstack-usage -fcyclomatic-complexity -MMD -MP -MF"Core/Src/main.d" -MT"Core/Src/main.o" --specs=nano.specs -mfpu=fpv5-d16 -mfloat-abi=hard -mthumb -o "Core/Src/main.o"
../Core/Src/main.c: In function 'main':
../Core/Src/main.c:181:32: warning: pointer targets in passing argument 2 of 'HAL_UART_Receive_IT' differ in signedness [-Wpointer-sign]
  181 |   HAL_UART_Receive_IT(&huart2, rx_msg_external, sizeof(rx_msg_external));
      |                                ^~~~~~~~~~~~~~~
      |                                |
      |                                char *
In file included from ../Core/Inc/stm32f7xx_hal_conf.h:415,
                 from C:/Users/ddpat/STM32Cube/Repository/STM32Cube_FW_F7_V1.17.2/Drivers/STM32F7xx_HAL_Driver/Inc/stm32f7xx_hal.h:29,
                 from ../Core/Inc/main.h:30,
                 from ../Core/Src/main.c:20:
C:/Users/ddpat/STM32Cube/Repository/STM32Cube_FW_F7_V1.17.2/Drivers/STM32F7xx_HAL_Driver/Inc/stm32f7xx_hal_uart.h:1556:75: note: expected 'uint8_t *' {aka 'unsigned char *'} but argument is of type 'char *'
 1556 | HAL_StatusTypeDef HAL_UART_Receive_IT(UART_HandleTypeDef *huart, uint8_t *pData, uint16_t Size);
      |                                                                  ~~~~~~~~~^~~~~
../Core/Src/main.c: At top level:
../Core/Src/main.c:286:1: error: expected identifier or '(' before '}' token
  286 | }
      | ^
make: *** [Core/Src/subdir.mk:34: Core/Src/main.o] Error 1
"make -j12 all" terminated with exit code 2. Build might be incomplete.
22:02:05 **** Incremental Build of configuration Debug for project tsp1 ****
make -j12 all 
arm-none-eabi-gcc "../Core/Src/main.c" -mcpu=cortex-m7 -std=gnu11 -g3 -DDEBUG -DUSE_HAL_DRIVER -DSTM32F767xx -c -I../Core/Inc -IC:/Users/ddpat/STM32Cube/Repository/STM32Cube_FW_F7_V1.17.2/Drivers/STM32F7xx_HAL_Driver/Inc -IC:/Users/ddpat/STM32Cube/Repository/STM32Cube_FW_F7_V1.17.2/Drivers/STM32F7xx_HAL_Driver/Inc/Legacy -IC:/Users/ddpat/STM32Cube/Repository/STM32Cube_FW_F7_V1.17.2/Drivers/CMSIS/Device/ST/STM32F7xx/Include -IC:/Users/ddpat/STM32Cube/Repository/STM32Cube_FW_F7_V1.17.2/Drivers/CMSIS/Include -O0 -ffunction-sections -fdata-sections -Wall -fstack-usage -fcyclomatic-complexity -MMD -MP -MF"Core/Src/main.d" -MT"Core/Src/main.o" --specs=nano.specs -mfpu=fpv5-d16 -mfloat-abi=hard -mthumb -o "Core/Src/main.o"
../Core/Src/main.c: In function 'main':
../Core/Src/main.c:181:32: warning: pointer targets in passing argument 2 of 'HAL_UART_Receive_IT' differ in signedness [-Wpointer-sign]
  181 |   HAL_UART_Receive_IT(&huart2, rx_msg_external, sizeof(rx_msg_external));
      |                                ^~~~~~~~~~~~~~~
      |                                |
      |                                char *
In file included from ../Core/Inc/stm32f7xx_hal_conf.h:415,
                 from C:/Users/ddpat/STM32Cube/Repository/STM32Cube_FW_F7_V1.17.2/Drivers/STM32F7xx_HAL_Driver/Inc/stm32f7xx_hal.h:29,
                 from ../Core/Inc/main.h:30,
                 from ../Core/Src/main.c:20:
C:/Users/ddpat/STM32Cube/Repository/STM32Cube_FW_F7_V1.17.2/Drivers/STM32F7xx_HAL_Driver/Inc/stm32f7xx_hal_uart.h:1556:75: note: expected 'uint8_t *' {aka 'unsigned char *'} but argument is of type 'char *'
 1556 | HAL_StatusTypeDef HAL_UART_Receive_IT(UART_HandleTypeDef *huart, uint8_t *pData, uint16_t Size);
      |                                                                  ~~~~~~~~~^~~~~
arm-none-eabi-gcc -o "tsp1.elf" @"objects.list"   -mcpu=cortex-m7 -T"E:\MAD_Lab\spp11\tsp1\STM32F767ZITX_FLASH.ld" --specs=nosys.specs -Wl,-Map="tsp1.map" -Wl,--gc-sections -static --specs=nano.specs -mfpu=fpv5-d16 -mfloat-abi=hard -mthumb -Wl,--start-group -lc -lm -Wl,--end-group
Finished building target: tsp1.elf
 
arm-none-eabi-size  tsp1.elf 
arm-none-eabi-objdump -h -S tsp1.elf  > "tsp1.list"
   text	   data	    bss	    dec	    hex	filename
  18472	     92	   2516	  21080	   5258	tsp1.elf
Finished building: default.size.stdout
 
Finished building: tsp1.list
 
22:02:47 **** Incremental Build of configuration Debug for project tsp1 ****
make -j12 all 
arm-none-eabi-size  tsp1.elf 
   text	   data	    bss	    dec	    hex	filename
  18472	     92	   2516	  21080	   5258	tsp1.elf
Finished building: default.size.stdout
 
22:02:54 **** Incremental Build of configuration Debug for project tsp1 ****
make -j12 all 
arm-none-eabi-size  tsp1.elf 
   text	   data	    bss	    dec	    hex	filename
  18472	     92	   2516	  21080	   5258	tsp1.elf
Finished building: default.size.stdout
 
22:12:41 **** Incremental Build of configuration Debug for project tsp1 ****
make -j12 all 
arm-none-eabi-gcc "../Core/Src/main.c" -mcpu=cortex-m7 -std=gnu11 -g3 -DDEBUG -DUSE_HAL_DRIVER -DSTM32F767xx -c -I../Core/Inc -IC:/Users/ddpat/STM32Cube/Repository/STM32Cube_FW_F7_V1.17.2/Drivers/STM32F7xx_HAL_Driver/Inc -IC:/Users/ddpat/STM32Cube/Repository/STM32Cube_FW_F7_V1.17.2/Drivers/STM32F7xx_HAL_Driver/Inc/Legacy -IC:/Users/ddpat/STM32Cube/Repository/STM32Cube_FW_F7_V1.17.2/Drivers/CMSIS/Device/ST/STM32F7xx/Include -IC:/Users/ddpat/STM32Cube/Repository/STM32Cube_FW_F7_V1.17.2/Drivers/CMSIS/Include -O0 -ffunction-sections -fdata-sections -Wall -fstack-usage -fcyclomatic-complexity -MMD -MP -MF"Core/Src/main.d" -MT"Core/Src/main.o" --specs=nano.specs -mfpu=fpv5-d16 -mfloat-abi=hard -mthumb -o "Core/Src/main.o"
../Core/Src/main.c: In function 'main':
../Core/Src/main.c:181:32: warning: pointer targets in passing argument 2 of 'HAL_UART_Receive_IT' differ in signedness [-Wpointer-sign]
  181 |   HAL_UART_Receive_IT(&huart2, rx_msg_external, sizeof(rx_msg_external));
      |                                ^~~~~~~~~~~~~~~
      |                                |
      |                                char *
In file included from ../Core/Inc/stm32f7xx_hal_conf.h:415,
                 from C:/Users/ddpat/STM32Cube/Repository/STM32Cube_FW_F7_V1.17.2/Drivers/STM32F7xx_HAL_Driver/Inc/stm32f7xx_hal.h:29,
                 from ../Core/Inc/main.h:30,
                 from ../Core/Src/main.c:20:
C:/Users/ddpat/STM32Cube/Repository/STM32Cube_FW_F7_V1.17.2/Drivers/STM32F7xx_HAL_Driver/Inc/stm32f7xx_hal_uart.h:1556:75: note: expected 'uint8_t *' {aka 'unsigned char *'} but argument is of type 'char *'
 1556 | HAL_StatusTypeDef HAL_UART_Receive_IT(UART_HandleTypeDef *huart, uint8_t *pData, uint16_t Size);
      |                                                                  ~~~~~~~~~^~~~~
arm-none-eabi-gcc -o "tsp1.elf" @"objects.list"   -mcpu=cortex-m7 -T"E:\MAD_Lab\spp11\tsp1\STM32F767ZITX_FLASH.ld" --specs=nosys.specs -Wl,-Map="tsp1.map" -Wl,--gc-sections -static --specs=nano.specs -mfpu=fpv5-d16 -mfloat-abi=hard -mthumb -Wl,--start-group -lc -lm -Wl,--end-group
Finished building target: tsp1.elf
 
arm-none-eabi-size  tsp1.elf 
arm-none-eabi-objdump -h -S tsp1.elf  > "tsp1.list"
   text	   data	    bss	    dec	    hex	filename
  18476	     92	   2516	  21084	   525c	tsp1.elf
Finished building: default.size.stdout
 
Finished building: tsp1.list
 
22:13:27 **** Incremental Build of configuration Debug for project tsp1 ****
make -j12 all 
arm-none-eabi-size  tsp1.elf 
   text	   data	    bss	    dec	    hex	filename
  18476	     92	   2516	  21084	   525c	tsp1.elf
Finished building: default.size.stdout
 
22:29:47 **** Incremental Build of configuration Debug for project tsp1 ****
make -j12 all 
arm-none-eabi-gcc "../Core/Src/main.c" -mcpu=cortex-m7 -std=gnu11 -g3 -DDEBUG -DUSE_HAL_DRIVER -DSTM32F767xx -c -I../Core/Inc -IC:/Users/ddpat/STM32Cube/Repository/STM32Cube_FW_F7_V1.17.2/Drivers/STM32F7xx_HAL_Driver/Inc -IC:/Users/ddpat/STM32Cube/Repository/STM32Cube_FW_F7_V1.17.2/Drivers/STM32F7xx_HAL_Driver/Inc/Legacy -IC:/Users/ddpat/STM32Cube/Repository/STM32Cube_FW_F7_V1.17.2/Drivers/CMSIS/Device/ST/STM32F7xx/Include -IC:/Users/ddpat/STM32Cube/Repository/STM32Cube_FW_F7_V1.17.2/Drivers/CMSIS/Include -O0 -ffunction-sections -fdata-sections -Wall -fstack-usage -fcyclomatic-complexity -MMD -MP -MF"Core/Src/main.d" -MT"Core/Src/main.o" --specs=nano.specs -mfpu=fpv5-d16 -mfloat-abi=hard -mthumb -o "Core/Src/main.o"
../Core/Src/main.c: In function 'main':
../Core/Src/main.c:185:32: warning: pointer targets in passing argument 2 of 'HAL_UART_Receive_IT' differ in signedness [-Wpointer-sign]
  185 |   HAL_UART_Receive_IT(&huart2, rx_msg_external, sizeof(rx_msg_external));
      |                                ^~~~~~~~~~~~~~~
      |                                |
      |                                char *
In file included from ../Core/Inc/stm32f7xx_hal_conf.h:415,
                 from C:/Users/ddpat/STM32Cube/Repository/STM32Cube_FW_F7_V1.17.2/Drivers/STM32F7xx_HAL_Driver/Inc/stm32f7xx_hal.h:29,
                 from ../Core/Inc/main.h:30,
                 from ../Core/Src/main.c:20:
C:/Users/ddpat/STM32Cube/Repository/STM32Cube_FW_F7_V1.17.2/Drivers/STM32F7xx_HAL_Driver/Inc/stm32f7xx_hal_uart.h:1556:75: note: expected 'uint8_t *' {aka 'unsigned char *'} but argument is of type 'char *'
 1556 | HAL_StatusTypeDef HAL_UART_Receive_IT(UART_HandleTypeDef *huart, uint8_t *pData, uint16_t Size);
      |                                                                  ~~~~~~~~~^~~~~
arm-none-eabi-gcc -o "tsp1.elf" @"objects.list"   -mcpu=cortex-m7 -T"E:\MAD_Lab\spp11\tsp1\STM32F767ZITX_FLASH.ld" --specs=nosys.specs -Wl,-Map="tsp1.map" -Wl,--gc-sections -static --specs=nano.specs -mfpu=fpv5-d16 -mfloat-abi=hard -mthumb -Wl,--start-group -lc -lm -Wl,--end-group
Finished building target: tsp1.elf
 
arm-none-eabi-size  tsp1.elf 
arm-none-eabi-objdump -h -S tsp1.elf  > "tsp1.list"
   text	   data	    bss	    dec	    hex	filename
  18476	     92	   2612	  21180	   52bc	tsp1.elf
Finished building: default.size.stdout
 
Finished building: tsp1.list
 
22:31:16 **** Incremental Build of configuration Debug for project tsp1 ****
make -j12 all 
arm-none-eabi-gcc "../Core/Src/main.c" -mcpu=cortex-m7 -std=gnu11 -g3 -DDEBUG -DUSE_HAL_DRIVER -DSTM32F767xx -c -I../Core/Inc -IC:/Users/ddpat/STM32Cube/Repository/STM32Cube_FW_F7_V1.17.2/Drivers/STM32F7xx_HAL_Driver/Inc -IC:/Users/ddpat/STM32Cube/Repository/STM32Cube_FW_F7_V1.17.2/Drivers/STM32F7xx_HAL_Driver/Inc/Legacy -IC:/Users/ddpat/STM32Cube/Repository/STM32Cube_FW_F7_V1.17.2/Drivers/CMSIS/Device/ST/STM32F7xx/Include -IC:/Users/ddpat/STM32Cube/Repository/STM32Cube_FW_F7_V1.17.2/Drivers/CMSIS/Include -O0 -ffunction-sections -fdata-sections -Wall -fstack-usage -fcyclomatic-complexity -MMD -MP -MF"Core/Src/main.d" -MT"Core/Src/main.o" --specs=nano.specs -mfpu=fpv5-d16 -mfloat-abi=hard -mthumb -o "Core/Src/main.o"
../Core/Src/main.c: In function 'main':
../Core/Src/main.c:185:32: warning: pointer targets in passing argument 2 of 'HAL_UART_Receive_IT' differ in signedness [-Wpointer-sign]
  185 |   HAL_UART_Receive_IT(&huart2, rx_msg_external, sizeof(rx_msg_external));
      |                                ^~~~~~~~~~~~~~~
      |                                |
      |                                char *
In file included from ../Core/Inc/stm32f7xx_hal_conf.h:415,
                 from C:/Users/ddpat/STM32Cube/Repository/STM32Cube_FW_F7_V1.17.2/Drivers/STM32F7xx_HAL_Driver/Inc/stm32f7xx_hal.h:29,
                 from ../Core/Inc/main.h:30,
                 from ../Core/Src/main.c:20:
C:/Users/ddpat/STM32Cube/Repository/STM32Cube_FW_F7_V1.17.2/Drivers/STM32F7xx_HAL_Driver/Inc/stm32f7xx_hal_uart.h:1556:75: note: expected 'uint8_t *' {aka 'unsigned char *'} but argument is of type 'char *'
 1556 | HAL_StatusTypeDef HAL_UART_Receive_IT(UART_HandleTypeDef *huart, uint8_t *pData, uint16_t Size);
      |                                                                  ~~~~~~~~~^~~~~
arm-none-eabi-gcc -o "tsp1.elf" @"objects.list"   -mcpu=cortex-m7 -T"E:\MAD_Lab\spp11\tsp1\STM32F767ZITX_FLASH.ld" --specs=nosys.specs -Wl,-Map="tsp1.map" -Wl,--gc-sections -static --specs=nano.specs -mfpu=fpv5-d16 -mfloat-abi=hard -mthumb -Wl,--start-group -lc -lm -Wl,--end-group
Finished building target: tsp1.elf
 
arm-none-eabi-size  tsp1.elf 
arm-none-eabi-objdump -h -S tsp1.elf  > "tsp1.list"
   text	   data	    bss	    dec	    hex	filename
  18492	     92	   2612	  21196	   52cc	tsp1.elf
Finished building: default.size.stdout
 
Finished building: tsp1.list
 
22:31:28 **** Incremental Build of configuration Debug for project tsp1 ****
make -j12 all 
arm-none-eabi-size  tsp1.elf 
   text	   data	    bss	    dec	    hex	filename
  18492	     92	   2612	  21196	   52cc	tsp1.elf
Finished building: default.size.stdout
 
22:34:46 **** Incremental Build of configuration Debug for project tsp1 ****
make -j12 all 
arm-none-eabi-gcc "../Core/Src/main.c" -mcpu=cortex-m7 -std=gnu11 -g3 -DDEBUG -DUSE_HAL_DRIVER -DSTM32F767xx -c -I../Core/Inc -IC:/Users/ddpat/STM32Cube/Repository/STM32Cube_FW_F7_V1.17.2/Drivers/STM32F7xx_HAL_Driver/Inc -IC:/Users/ddpat/STM32Cube/Repository/STM32Cube_FW_F7_V1.17.2/Drivers/STM32F7xx_HAL_Driver/Inc/Legacy -IC:/Users/ddpat/STM32Cube/Repository/STM32Cube_FW_F7_V1.17.2/Drivers/CMSIS/Device/ST/STM32F7xx/Include -IC:/Users/ddpat/STM32Cube/Repository/STM32Cube_FW_F7_V1.17.2/Drivers/CMSIS/Include -O0 -ffunction-sections -fdata-sections -Wall -fstack-usage -fcyclomatic-complexity -MMD -MP -MF"Core/Src/main.d" -MT"Core/Src/main.o" --specs=nano.specs -mfpu=fpv5-d16 -mfloat-abi=hard -mthumb -o "Core/Src/main.o"
../Core/Src/main.c: In function 'HAL_UART_RxCpltCallback':
../Core/Src/main.c:91:62: warning: passing argument 2 of 'strcat' makes pointer from integer without a cast [-Wint-conversion]
   91 |                         strcat(rx_msg_ex_cat, rx_msg_external[i]);
      |                                               ~~~~~~~~~~~~~~~^~~
      |                                                              |
      |                                                              char
In file included from ../Core/Src/main.c:24:
C:\ST\STM32CubeIDE_1.17.0\STM32CubeIDE\plugins\com.st.stm32cube.ide.mcu.externaltools.gnu-tools-for-stm32.12.3.rel1.win32_1.1.0.202410251130\tools\bin/../lib/gcc/arm-none-eabi/12.3.1/../../../../arm-none-eabi/include/string.h:34:36: note: expected 'const char * restrict' but argument is of type 'char'
   34 | char    *strcat (char *__restrict, const char *__restrict);
      |                                    ^
../Core/Src/main.c: In function 'main':
../Core/Src/main.c:185:32: warning: pointer targets in passing argument 2 of 'HAL_UART_Receive_IT' differ in signedness [-Wpointer-sign]
  185 |   HAL_UART_Receive_IT(&huart2, rx_msg_external, sizeof(rx_msg_external));
      |                                ^~~~~~~~~~~~~~~
      |                                |
      |                                char *
In file included from ../Core/Inc/stm32f7xx_hal_conf.h:415,
                 from C:/Users/ddpat/STM32Cube/Repository/STM32Cube_FW_F7_V1.17.2/Drivers/STM32F7xx_HAL_Driver/Inc/stm32f7xx_hal.h:29,
                 from ../Core/Inc/main.h:30,
                 from ../Core/Src/main.c:20:
C:/Users/ddpat/STM32Cube/Repository/STM32Cube_FW_F7_V1.17.2/Drivers/STM32F7xx_HAL_Driver/Inc/stm32f7xx_hal_uart.h:1556:75: note: expected 'uint8_t *' {aka 'unsigned char *'} but argument is of type 'char *'
 1556 | HAL_StatusTypeDef HAL_UART_Receive_IT(UART_HandleTypeDef *huart, uint8_t *pData, uint16_t Size);
      |                                                                  ~~~~~~~~~^~~~~
arm-none-eabi-gcc -o "tsp1.elf" @"objects.list"   -mcpu=cortex-m7 -T"E:\MAD_Lab\spp11\tsp1\STM32F767ZITX_FLASH.ld" --specs=nosys.specs -Wl,-Map="tsp1.map" -Wl,--gc-sections -static --specs=nano.specs -mfpu=fpv5-d16 -mfloat-abi=hard -mthumb -Wl,--start-group -lc -lm -Wl,--end-group
Finished building target: tsp1.elf
 
arm-none-eabi-size  tsp1.elf 
arm-none-eabi-objdump -h -S tsp1.elf  > "tsp1.list"
   text	   data	    bss	    dec	    hex	filename
  18500	     92	   2612	  21204	   52d4	tsp1.elf
Finished building: default.size.stdout
 
Finished building: tsp1.list
 
22:35:04 **** Incremental Build of configuration Debug for project tsp1 ****
make -j12 all 
arm-none-eabi-size  tsp1.elf 
   text	   data	    bss	    dec	    hex	filename
  18500	     92	   2612	  21204	   52d4	tsp1.elf
Finished building: default.size.stdout
 
22:58:00 **** Incremental Build of configuration Debug for project tsp1 ****
make -j12 all 
arm-none-eabi-gcc "../Core/Src/main.c" -mcpu=cortex-m7 -std=gnu11 -g3 -DDEBUG -DUSE_HAL_DRIVER -DSTM32F767xx -c -I../Core/Inc -IC:/Users/ddpat/STM32Cube/Repository/STM32Cube_FW_F7_V1.17.2/Drivers/STM32F7xx_HAL_Driver/Inc -IC:/Users/ddpat/STM32Cube/Repository/STM32Cube_FW_F7_V1.17.2/Drivers/STM32F7xx_HAL_Driver/Inc/Legacy -IC:/Users/ddpat/STM32Cube/Repository/STM32Cube_FW_F7_V1.17.2/Drivers/CMSIS/Device/ST/STM32F7xx/Include -IC:/Users/ddpat/STM32Cube/Repository/STM32Cube_FW_F7_V1.17.2/Drivers/CMSIS/Include -O0 -ffunction-sections -fdata-sections -Wall -fstack-usage -fcyclomatic-complexity -MMD -MP -MF"Core/Src/main.d" -MT"Core/Src/main.o" --specs=nano.specs -mfpu=fpv5-d16 -mfloat-abi=hard -mthumb -o "Core/Src/main.o"
../Core/Src/main.c: In function 'HAL_UART_RxCpltCallback':
../Core/Src/main.c:92:52: warning: cast to pointer from integer of different size [-Wint-to-pointer-cast]
   92 |                         HAL_UART_Transmit(&huart3, (uint8_t *)rx_msg_external[i], sizeof(1), HAL_MAX_DELAY);
      |                                                    ^
../Core/Src/main.c: In function 'main':
../Core/Src/main.c:185:32: warning: pointer targets in passing argument 2 of 'HAL_UART_Receive_IT' differ in signedness [-Wpointer-sign]
  185 |   HAL_UART_Receive_IT(&huart2, rx_msg_external, sizeof(rx_msg_external));
      |                                ^~~~~~~~~~~~~~~
      |                                |
      |                                char *
In file included from ../Core/Inc/stm32f7xx_hal_conf.h:415,
                 from C:/Users/ddpat/STM32Cube/Repository/STM32Cube_FW_F7_V1.17.2/Drivers/STM32F7xx_HAL_Driver/Inc/stm32f7xx_hal.h:29,
                 from ../Core/Inc/main.h:30,
                 from ../Core/Src/main.c:20:
C:/Users/ddpat/STM32Cube/Repository/STM32Cube_FW_F7_V1.17.2/Drivers/STM32F7xx_HAL_Driver/Inc/stm32f7xx_hal_uart.h:1556:75: note: expected 'uint8_t *' {aka 'unsigned char *'} but argument is of type 'char *'
 1556 | HAL_StatusTypeDef HAL_UART_Receive_IT(UART_HandleTypeDef *huart, uint8_t *pData, uint16_t Size);
      |                                                                  ~~~~~~~~~^~~~~
arm-none-eabi-gcc -o "tsp1.elf" @"objects.list"   -mcpu=cortex-m7 -T"E:\MAD_Lab\spp11\tsp1\STM32F767ZITX_FLASH.ld" --specs=nosys.specs -Wl,-Map="tsp1.map" -Wl,--gc-sections -static --specs=nano.specs -mfpu=fpv5-d16 -mfloat-abi=hard -mthumb -Wl,--start-group -lc -lm -Wl,--end-group
Finished building target: tsp1.elf
 
arm-none-eabi-size  tsp1.elf 
arm-none-eabi-objdump -h -S tsp1.elf  > "tsp1.list"
   text	   data	    bss	    dec	    hex	filename
  18456	     92	   2516	  21064	   5248	tsp1.elf
Finished building: default.size.stdout
 
Finished building: tsp1.list
 
22:58:28 **** Incremental Build of configuration Debug for project tsp1 ****
make -j12 all 
arm-none-eabi-size  tsp1.elf 
   text	   data	    bss	    dec	    hex	filename
  18456	     92	   2516	  21064	   5248	tsp1.elf
Finished building: default.size.stdout
 
23:00:08 **** Incremental Build of configuration Debug for project tsp1 ****
make -j12 all 
arm-none-eabi-gcc "../Core/Src/main.c" -mcpu=cortex-m7 -std=gnu11 -g3 -DDEBUG -DUSE_HAL_DRIVER -DSTM32F767xx -c -I../Core/Inc -IC:/Users/ddpat/STM32Cube/Repository/STM32Cube_FW_F7_V1.17.2/Drivers/STM32F7xx_HAL_Driver/Inc -IC:/Users/ddpat/STM32Cube/Repository/STM32Cube_FW_F7_V1.17.2/Drivers/STM32F7xx_HAL_Driver/Inc/Legacy -IC:/Users/ddpat/STM32Cube/Repository/STM32Cube_FW_F7_V1.17.2/Drivers/CMSIS/Device/ST/STM32F7xx/Include -IC:/Users/ddpat/STM32Cube/Repository/STM32Cube_FW_F7_V1.17.2/Drivers/CMSIS/Include -O0 -ffunction-sections -fdata-sections -Wall -fstack-usage -fcyclomatic-complexity -MMD -MP -MF"Core/Src/main.d" -MT"Core/Src/main.o" --specs=nano.specs -mfpu=fpv5-d16 -mfloat-abi=hard -mthumb -o "Core/Src/main.o"
../Core/Src/main.c: In function 'HAL_UART_RxCpltCallback':
../Core/Src/main.c:92:52: warning: cast to pointer from integer of different size [-Wint-to-pointer-cast]
   92 |                         HAL_UART_Transmit(&huart3, (uint8_t *)rx_msg_external[i], sizeof(1), HAL_MAX_DELAY);
      |                                                    ^
../Core/Src/main.c: In function 'main':
../Core/Src/main.c:185:32: warning: pointer targets in passing argument 2 of 'HAL_UART_Receive_IT' differ in signedness [-Wpointer-sign]
  185 |   HAL_UART_Receive_IT(&huart2, rx_msg_external, sizeof(rx_msg_external));
      |                                ^~~~~~~~~~~~~~~
      |                                |
      |                                char *
In file included from ../Core/Inc/stm32f7xx_hal_conf.h:415,
                 from C:/Users/ddpat/STM32Cube/Repository/STM32Cube_FW_F7_V1.17.2/Drivers/STM32F7xx_HAL_Driver/Inc/stm32f7xx_hal.h:29,
                 from ../Core/Inc/main.h:30,
                 from ../Core/Src/main.c:20:
C:/Users/ddpat/STM32Cube/Repository/STM32Cube_FW_F7_V1.17.2/Drivers/STM32F7xx_HAL_Driver/Inc/stm32f7xx_hal_uart.h:1556:75: note: expected 'uint8_t *' {aka 'unsigned char *'} but argument is of type 'char *'
 1556 | HAL_StatusTypeDef HAL_UART_Receive_IT(UART_HandleTypeDef *huart, uint8_t *pData, uint16_t Size);
      |                                                                  ~~~~~~~~~^~~~~
arm-none-eabi-gcc -o "tsp1.elf" @"objects.list"   -mcpu=cortex-m7 -T"E:\MAD_Lab\spp11\tsp1\STM32F767ZITX_FLASH.ld" --specs=nosys.specs -Wl,-Map="tsp1.map" -Wl,--gc-sections -static --specs=nano.specs -mfpu=fpv5-d16 -mfloat-abi=hard -mthumb -Wl,--start-group -lc -lm -Wl,--end-group
Finished building target: tsp1.elf
 
arm-none-eabi-size  tsp1.elf 
arm-none-eabi-objdump -h -S tsp1.elf  > "tsp1.list"
   text	   data	    bss	    dec	    hex	filename
  18476	     92	   2516	  21084	   525c	tsp1.elf
Finished building: default.size.stdout
 
Finished building: tsp1.list
 
23:00:21 **** Incremental Build of configuration Debug for project tsp1 ****
make -j12 all 
arm-none-eabi-size  tsp1.elf 
   text	   data	    bss	    dec	    hex	filename
  18476	     92	   2516	  21084	   525c	tsp1.elf
Finished building: default.size.stdout
 
23:02:19 **** Incremental Build of configuration Debug for project tsp1 ****
make -j12 all 
arm-none-eabi-gcc "../Core/Src/main.c" -mcpu=cortex-m7 -std=gnu11 -g3 -DDEBUG -DUSE_HAL_DRIVER -DSTM32F767xx -c -I../Core/Inc -IC:/Users/ddpat/STM32Cube/Repository/STM32Cube_FW_F7_V1.17.2/Drivers/STM32F7xx_HAL_Driver/Inc -IC:/Users/ddpat/STM32Cube/Repository/STM32Cube_FW_F7_V1.17.2/Drivers/STM32F7xx_HAL_Driver/Inc/Legacy -IC:/Users/ddpat/STM32Cube/Repository/STM32Cube_FW_F7_V1.17.2/Drivers/CMSIS/Device/ST/STM32F7xx/Include -IC:/Users/ddpat/STM32Cube/Repository/STM32Cube_FW_F7_V1.17.2/Drivers/CMSIS/Include -O0 -ffunction-sections -fdata-sections -Wall -fstack-usage -fcyclomatic-complexity -MMD -MP -MF"Core/Src/main.d" -MT"Core/Src/main.o" --specs=nano.specs -mfpu=fpv5-d16 -mfloat-abi=hard -mthumb -o "Core/Src/main.o"
../Core/Src/main.c: In function 'main':
../Core/Src/main.c:185:32: warning: pointer targets in passing argument 2 of 'HAL_UART_Receive_IT' differ in signedness [-Wpointer-sign]
  185 |   HAL_UART_Receive_IT(&huart2, rx_msg_external, sizeof(rx_msg_external));
      |                                ^~~~~~~~~~~~~~~
      |                                |
      |                                char *
In file included from ../Core/Inc/stm32f7xx_hal_conf.h:415,
                 from C:/Users/ddpat/STM32Cube/Repository/STM32Cube_FW_F7_V1.17.2/Drivers/STM32F7xx_HAL_Driver/Inc/stm32f7xx_hal.h:29,
                 from ../Core/Inc/main.h:30,
                 from ../Core/Src/main.c:20:
C:/Users/ddpat/STM32Cube/Repository/STM32Cube_FW_F7_V1.17.2/Drivers/STM32F7xx_HAL_Driver/Inc/stm32f7xx_hal_uart.h:1556:75: note: expected 'uint8_t *' {aka 'unsigned char *'} but argument is of type 'char *'
 1556 | HAL_StatusTypeDef HAL_UART_Receive_IT(UART_HandleTypeDef *huart, uint8_t *pData, uint16_t Size);
      |                                                                  ~~~~~~~~~^~~~~
arm-none-eabi-gcc -o "tsp1.elf" @"objects.list"   -mcpu=cortex-m7 -T"E:\MAD_Lab\spp11\tsp1\STM32F767ZITX_FLASH.ld" --specs=nosys.specs -Wl,-Map="tsp1.map" -Wl,--gc-sections -static --specs=nano.specs -mfpu=fpv5-d16 -mfloat-abi=hard -mthumb -Wl,--start-group -lc -lm -Wl,--end-group
Finished building target: tsp1.elf
 
arm-none-eabi-size  tsp1.elf 
arm-none-eabi-objdump -h -S tsp1.elf  > "tsp1.list"
   text	   data	    bss	    dec	    hex	filename
  18472	     92	   2516	  21080	   5258	tsp1.elf
Finished building: default.size.stdout
 
Finished building: tsp1.list
 
23:05:25 **** Incremental Build of configuration Debug for project tsp1 ****
make -j12 all 
arm-none-eabi-gcc "../Core/Src/main.c" -mcpu=cortex-m7 -std=gnu11 -g3 -DDEBUG -DUSE_HAL_DRIVER -DSTM32F767xx -c -I../Core/Inc -IC:/Users/ddpat/STM32Cube/Repository/STM32Cube_FW_F7_V1.17.2/Drivers/STM32F7xx_HAL_Driver/Inc -IC:/Users/ddpat/STM32Cube/Repository/STM32Cube_FW_F7_V1.17.2/Drivers/STM32F7xx_HAL_Driver/Inc/Legacy -IC:/Users/ddpat/STM32Cube/Repository/STM32Cube_FW_F7_V1.17.2/Drivers/CMSIS/Device/ST/STM32F7xx/Include -IC:/Users/ddpat/STM32Cube/Repository/STM32Cube_FW_F7_V1.17.2/Drivers/CMSIS/Include -O0 -ffunction-sections -fdata-sections -Wall -fstack-usage -fcyclomatic-complexity -MMD -MP -MF"Core/Src/main.d" -MT"Core/Src/main.o" --specs=nano.specs -mfpu=fpv5-d16 -mfloat-abi=hard -mthumb -o "Core/Src/main.o"
../Core/Src/main.c: In function 'main':
../Core/Src/main.c:186:32: warning: pointer targets in passing argument 2 of 'HAL_UART_Receive_IT' differ in signedness [-Wpointer-sign]
  186 |   HAL_UART_Receive_IT(&huart2, rx_msg_external, sizeof(rx_msg_external));
      |                                ^~~~~~~~~~~~~~~
      |                                |
      |                                char *
In file included from ../Core/Inc/stm32f7xx_hal_conf.h:415,
                 from C:/Users/ddpat/STM32Cube/Repository/STM32Cube_FW_F7_V1.17.2/Drivers/STM32F7xx_HAL_Driver/Inc/stm32f7xx_hal.h:29,
                 from ../Core/Inc/main.h:30,
                 from ../Core/Src/main.c:20:
C:/Users/ddpat/STM32Cube/Repository/STM32Cube_FW_F7_V1.17.2/Drivers/STM32F7xx_HAL_Driver/Inc/stm32f7xx_hal_uart.h:1556:75: note: expected 'uint8_t *' {aka 'unsigned char *'} but argument is of type 'char *'
 1556 | HAL_StatusTypeDef HAL_UART_Receive_IT(UART_HandleTypeDef *huart, uint8_t *pData, uint16_t Size);
      |                                                                  ~~~~~~~~~^~~~~
arm-none-eabi-gcc -o "tsp1.elf" @"objects.list"   -mcpu=cortex-m7 -T"E:\MAD_Lab\spp11\tsp1\STM32F767ZITX_FLASH.ld" --specs=nosys.specs -Wl,-Map="tsp1.map" -Wl,--gc-sections -static --specs=nano.specs -mfpu=fpv5-d16 -mfloat-abi=hard -mthumb -Wl,--start-group -lc -lm -Wl,--end-group
Finished building target: tsp1.elf
 
arm-none-eabi-size  tsp1.elf 
arm-none-eabi-objdump -h -S tsp1.elf  > "tsp1.list"
   text	   data	    bss	    dec	    hex	filename
  18536	     92	   2612	  21240	   52f8	tsp1.elf
Finished building: default.size.stdout
 
Finished building: tsp1.list
 
23:05:32 **** Incremental Build of configuration Debug for project tsp1 ****
make -j12 all 
arm-none-eabi-gcc "../Core/Src/main.c" -mcpu=cortex-m7 -std=gnu11 -g3 -DDEBUG -DUSE_HAL_DRIVER -DSTM32F767xx -c -I../Core/Inc -IC:/Users/ddpat/STM32Cube/Repository/STM32Cube_FW_F7_V1.17.2/Drivers/STM32F7xx_HAL_Driver/Inc -IC:/Users/ddpat/STM32Cube/Repository/STM32Cube_FW_F7_V1.17.2/Drivers/STM32F7xx_HAL_Driver/Inc/Legacy -IC:/Users/ddpat/STM32Cube/Repository/STM32Cube_FW_F7_V1.17.2/Drivers/CMSIS/Device/ST/STM32F7xx/Include -IC:/Users/ddpat/STM32Cube/Repository/STM32Cube_FW_F7_V1.17.2/Drivers/CMSIS/Include -O0 -ffunction-sections -fdata-sections -Wall -fstack-usage -fcyclomatic-complexity -MMD -MP -MF"Core/Src/main.d" -MT"Core/Src/main.o" --specs=nano.specs -mfpu=fpv5-d16 -mfloat-abi=hard -mthumb -o "Core/Src/main.o"
../Core/Src/main.c: In function 'main':
../Core/Src/main.c:186:32: warning: pointer targets in passing argument 2 of 'HAL_UART_Receive_IT' differ in signedness [-Wpointer-sign]
  186 |   HAL_UART_Receive_IT(&huart2, rx_msg_external, sizeof(rx_msg_external));
      |                                ^~~~~~~~~~~~~~~
      |                                |
      |                                char *
In file included from ../Core/Inc/stm32f7xx_hal_conf.h:415,
                 from C:/Users/ddpat/STM32Cube/Repository/STM32Cube_FW_F7_V1.17.2/Drivers/STM32F7xx_HAL_Driver/Inc/stm32f7xx_hal.h:29,
                 from ../Core/Inc/main.h:30,
                 from ../Core/Src/main.c:20:
C:/Users/ddpat/STM32Cube/Repository/STM32Cube_FW_F7_V1.17.2/Drivers/STM32F7xx_HAL_Driver/Inc/stm32f7xx_hal_uart.h:1556:75: note: expected 'uint8_t *' {aka 'unsigned char *'} but argument is of type 'char *'
 1556 | HAL_StatusTypeDef HAL_UART_Receive_IT(UART_HandleTypeDef *huart, uint8_t *pData, uint16_t Size);
      |                                                                  ~~~~~~~~~^~~~~
arm-none-eabi-gcc -o "tsp1.elf" @"objects.list"   -mcpu=cortex-m7 -T"E:\MAD_Lab\spp11\tsp1\STM32F767ZITX_FLASH.ld" --specs=nosys.specs -Wl,-Map="tsp1.map" -Wl,--gc-sections -static --specs=nano.specs -mfpu=fpv5-d16 -mfloat-abi=hard -mthumb -Wl,--start-group -lc -lm -Wl,--end-group
Finished building target: tsp1.elf
 
arm-none-eabi-size  tsp1.elf 
arm-none-eabi-objdump -h -S tsp1.elf  > "tsp1.list"
   text	   data	    bss	    dec	    hex	filename
  18520	     92	   2612	  21224	   52e8	tsp1.elf
Finished building: default.size.stdout
 
Finished building: tsp1.list
 
23:05:43 **** Incremental Build of configuration Debug for project tsp1 ****
make -j12 all 
arm-none-eabi-size  tsp1.elf 
   text	   data	    bss	    dec	    hex	filename
  18520	     92	   2612	  21224	   52e8	tsp1.elf
Finished building: default.size.stdout
 
23:06:16 **** Incremental Build of configuration Debug for project tsp1 ****
make -j12 all 
arm-none-eabi-size  tsp1.elf 
   text	   data	    bss	    dec	    hex	filename
  18520	     92	   2612	  21224	   52e8	tsp1.elf
Finished building: default.size.stdout
 
23:10:49 **** Incremental Build of configuration Debug for project tsp1 ****
make -j12 all 
arm-none-eabi-gcc "../Core/Src/main.c" -mcpu=cortex-m7 -std=gnu11 -g3 -DDEBUG -DUSE_HAL_DRIVER -DSTM32F767xx -c -I../Core/Inc -IC:/Users/ddpat/STM32Cube/Repository/STM32Cube_FW_F7_V1.17.2/Drivers/STM32F7xx_HAL_Driver/Inc -IC:/Users/ddpat/STM32Cube/Repository/STM32Cube_FW_F7_V1.17.2/Drivers/STM32F7xx_HAL_Driver/Inc/Legacy -IC:/Users/ddpat/STM32Cube/Repository/STM32Cube_FW_F7_V1.17.2/Drivers/CMSIS/Device/ST/STM32F7xx/Include -IC:/Users/ddpat/STM32Cube/Repository/STM32Cube_FW_F7_V1.17.2/Drivers/CMSIS/Include -O0 -ffunction-sections -fdata-sections -Wall -fstack-usage -fcyclomatic-complexity -MMD -MP -MF"Core/Src/main.d" -MT"Core/Src/main.o" --specs=nano.specs -mfpu=fpv5-d16 -mfloat-abi=hard -mthumb -o "Core/Src/main.o"
../Core/Src/main.c: In function 'main':
../Core/Src/main.c:189:32: warning: pointer targets in passing argument 2 of 'HAL_UART_Receive_IT' differ in signedness [-Wpointer-sign]
  189 |   HAL_UART_Receive_IT(&huart2, rx_msg_external, sizeof(rx_msg_external));
      |                                ^~~~~~~~~~~~~~~
      |                                |
      |                                char *
In file included from ../Core/Inc/stm32f7xx_hal_conf.h:415,
                 from C:/Users/ddpat/STM32Cube/Repository/STM32Cube_FW_F7_V1.17.2/Drivers/STM32F7xx_HAL_Driver/Inc/stm32f7xx_hal.h:29,
                 from ../Core/Inc/main.h:30,
                 from ../Core/Src/main.c:20:
C:/Users/ddpat/STM32Cube/Repository/STM32Cube_FW_F7_V1.17.2/Drivers/STM32F7xx_HAL_Driver/Inc/stm32f7xx_hal_uart.h:1556:75: note: expected 'uint8_t *' {aka 'unsigned char *'} but argument is of type 'char *'
 1556 | HAL_StatusTypeDef HAL_UART_Receive_IT(UART_HandleTypeDef *huart, uint8_t *pData, uint16_t Size);
      |                                                                  ~~~~~~~~~^~~~~
arm-none-eabi-gcc -o "tsp1.elf" @"objects.list"   -mcpu=cortex-m7 -T"E:\MAD_Lab\spp11\tsp1\STM32F767ZITX_FLASH.ld" --specs=nosys.specs -Wl,-Map="tsp1.map" -Wl,--gc-sections -static --specs=nano.specs -mfpu=fpv5-d16 -mfloat-abi=hard -mthumb -Wl,--start-group -lc -lm -Wl,--end-group
Finished building target: tsp1.elf
 
arm-none-eabi-size  tsp1.elf 
arm-none-eabi-objdump -h -S tsp1.elf  > "tsp1.list"
   text	   data	    bss	    dec	    hex	filename
  18500	     92	   2612	  21204	   52d4	tsp1.elf
Finished building: default.size.stdout
 
Finished building: tsp1.list
 
23:11:23 **** Incremental Build of configuration Debug for project tsp1 ****
make -j12 all 
arm-none-eabi-size  tsp1.elf 
   text	   data	    bss	    dec	    hex	filename
  18500	     92	   2612	  21204	   52d4	tsp1.elf
Finished building: default.size.stdout
 
23:13:27 **** Incremental Build of configuration Debug for project tsp1 ****
make -j12 all 
arm-none-eabi-gcc "../Core/Src/main.c" -mcpu=cortex-m7 -std=gnu11 -g3 -DDEBUG -DUSE_HAL_DRIVER -DSTM32F767xx -c -I../Core/Inc -IC:/Users/ddpat/STM32Cube/Repository/STM32Cube_FW_F7_V1.17.2/Drivers/STM32F7xx_HAL_Driver/Inc -IC:/Users/ddpat/STM32Cube/Repository/STM32Cube_FW_F7_V1.17.2/Drivers/STM32F7xx_HAL_Driver/Inc/Legacy -IC:/Users/ddpat/STM32Cube/Repository/STM32Cube_FW_F7_V1.17.2/Drivers/CMSIS/Device/ST/STM32F7xx/Include -IC:/Users/ddpat/STM32Cube/Repository/STM32Cube_FW_F7_V1.17.2/Drivers/CMSIS/Include -O0 -ffunction-sections -fdata-sections -Wall -fstack-usage -fcyclomatic-complexity -MMD -MP -MF"Core/Src/main.d" -MT"Core/Src/main.o" --specs=nano.specs -mfpu=fpv5-d16 -mfloat-abi=hard -mthumb -o "Core/Src/main.o"
../Core/Src/main.c: In function 'main':
../Core/Src/main.c:190:32: warning: pointer targets in passing argument 2 of 'HAL_UART_Receive_IT' differ in signedness [-Wpointer-sign]
  190 |   HAL_UART_Receive_IT(&huart2, rx_msg_external, sizeof(rx_msg_external));
      |                                ^~~~~~~~~~~~~~~
      |                                |
      |                                char *
In file included from ../Core/Inc/stm32f7xx_hal_conf.h:415,
                 from C:/Users/ddpat/STM32Cube/Repository/STM32Cube_FW_F7_V1.17.2/Drivers/STM32F7xx_HAL_Driver/Inc/stm32f7xx_hal.h:29,
                 from ../Core/Inc/main.h:30,
                 from ../Core/Src/main.c:20:
C:/Users/ddpat/STM32Cube/Repository/STM32Cube_FW_F7_V1.17.2/Drivers/STM32F7xx_HAL_Driver/Inc/stm32f7xx_hal_uart.h:1556:75: note: expected 'uint8_t *' {aka 'unsigned char *'} but argument is of type 'char *'
 1556 | HAL_StatusTypeDef HAL_UART_Receive_IT(UART_HandleTypeDef *huart, uint8_t *pData, uint16_t Size);
      |                                                                  ~~~~~~~~~^~~~~
arm-none-eabi-gcc -o "tsp1.elf" @"objects.list"   -mcpu=cortex-m7 -T"E:\MAD_Lab\spp11\tsp1\STM32F767ZITX_FLASH.ld" --specs=nosys.specs -Wl,-Map="tsp1.map" -Wl,--gc-sections -static --specs=nano.specs -mfpu=fpv5-d16 -mfloat-abi=hard -mthumb -Wl,--start-group -lc -lm -Wl,--end-group
Finished building target: tsp1.elf
 
arm-none-eabi-size  tsp1.elf 
arm-none-eabi-objdump -h -S tsp1.elf  > "tsp1.list"
   text	   data	    bss	    dec	    hex	filename
  18492	     92	   2612	  21196	   52cc	tsp1.elf
Finished building: default.size.stdout
 
Finished building: tsp1.list
 
23:14:02 **** Incremental Build of configuration Debug for project tsp1 ****
make -j12 all 
arm-none-eabi-gcc "../Core/Src/main.c" -mcpu=cortex-m7 -std=gnu11 -g3 -DDEBUG -DUSE_HAL_DRIVER -DSTM32F767xx -c -I../Core/Inc -IC:/Users/ddpat/STM32Cube/Repository/STM32Cube_FW_F7_V1.17.2/Drivers/STM32F7xx_HAL_Driver/Inc -IC:/Users/ddpat/STM32Cube/Repository/STM32Cube_FW_F7_V1.17.2/Drivers/STM32F7xx_HAL_Driver/Inc/Legacy -IC:/Users/ddpat/STM32Cube/Repository/STM32Cube_FW_F7_V1.17.2/Drivers/CMSIS/Device/ST/STM32F7xx/Include -IC:/Users/ddpat/STM32Cube/Repository/STM32Cube_FW_F7_V1.17.2/Drivers/CMSIS/Include -O0 -ffunction-sections -fdata-sections -Wall -fstack-usage -fcyclomatic-complexity -MMD -MP -MF"Core/Src/main.d" -MT"Core/Src/main.o" --specs=nano.specs -mfpu=fpv5-d16 -mfloat-abi=hard -mthumb -o "Core/Src/main.o"
../Core/Src/main.c: In function 'main':
../Core/Src/main.c:188:32: warning: pointer targets in passing argument 2 of 'HAL_UART_Receive_IT' differ in signedness [-Wpointer-sign]
  188 |   HAL_UART_Receive_IT(&huart2, rx_msg_external, sizeof(rx_msg_external));
      |                                ^~~~~~~~~~~~~~~
      |                                |
      |                                char *
In file included from ../Core/Inc/stm32f7xx_hal_conf.h:415,
                 from C:/Users/ddpat/STM32Cube/Repository/STM32Cube_FW_F7_V1.17.2/Drivers/STM32F7xx_HAL_Driver/Inc/stm32f7xx_hal.h:29,
                 from ../Core/Inc/main.h:30,
                 from ../Core/Src/main.c:20:
C:/Users/ddpat/STM32Cube/Repository/STM32Cube_FW_F7_V1.17.2/Drivers/STM32F7xx_HAL_Driver/Inc/stm32f7xx_hal_uart.h:1556:75: note: expected 'uint8_t *' {aka 'unsigned char *'} but argument is of type 'char *'
 1556 | HAL_StatusTypeDef HAL_UART_Receive_IT(UART_HandleTypeDef *huart, uint8_t *pData, uint16_t Size);
      |                                                                  ~~~~~~~~~^~~~~
arm-none-eabi-gcc -o "tsp1.elf" @"objects.list"   -mcpu=cortex-m7 -T"E:\MAD_Lab\spp11\tsp1\STM32F767ZITX_FLASH.ld" --specs=nosys.specs -Wl,-Map="tsp1.map" -Wl,--gc-sections -static --specs=nano.specs -mfpu=fpv5-d16 -mfloat-abi=hard -mthumb -Wl,--start-group -lc -lm -Wl,--end-group
Finished building target: tsp1.elf
 
arm-none-eabi-size  tsp1.elf 
arm-none-eabi-objdump -h -S tsp1.elf  > "tsp1.list"
   text	   data	    bss	    dec	    hex	filename
  18492	     92	   2612	  21196	   52cc	tsp1.elf
Finished building: default.size.stdout
 
Finished building: tsp1.list
 
23:14:28 **** Incremental Build of configuration Debug for project tsp1 ****
make -j12 all 
arm-none-eabi-size  tsp1.elf 
   text	   data	    bss	    dec	    hex	filename
  18492	     92	   2612	  21196	   52cc	tsp1.elf
Finished building: default.size.stdout
 
23:20:56 **** Incremental Build of configuration Debug for project tsp1 ****
make -j12 all 
arm-none-eabi-gcc "../Core/Src/main.c" -mcpu=cortex-m7 -std=gnu11 -g3 -DDEBUG -DUSE_HAL_DRIVER -DSTM32F767xx -c -I../Core/Inc -IC:/Users/ddpat/STM32Cube/Repository/STM32Cube_FW_F7_V1.17.2/Drivers/STM32F7xx_HAL_Driver/Inc -IC:/Users/ddpat/STM32Cube/Repository/STM32Cube_FW_F7_V1.17.2/Drivers/STM32F7xx_HAL_Driver/Inc/Legacy -IC:/Users/ddpat/STM32Cube/Repository/STM32Cube_FW_F7_V1.17.2/Drivers/CMSIS/Device/ST/STM32F7xx/Include -IC:/Users/ddpat/STM32Cube/Repository/STM32Cube_FW_F7_V1.17.2/Drivers/CMSIS/Include -O0 -ffunction-sections -fdata-sections -Wall -fstack-usage -fcyclomatic-complexity -MMD -MP -MF"Core/Src/main.d" -MT"Core/Src/main.o" --specs=nano.specs -mfpu=fpv5-d16 -mfloat-abi=hard -mthumb -o "Core/Src/main.o"
../Core/Src/main.c: In function 'main':
../Core/Src/main.c:183:32: warning: pointer targets in passing argument 2 of 'HAL_UART_Receive_IT' differ in signedness [-Wpointer-sign]
  183 |   HAL_UART_Receive_IT(&huart2, rx_msg_external, sizeof(rx_msg_external));
      |                                ^~~~~~~~~~~~~~~
      |                                |
      |                                char *
In file included from ../Core/Inc/stm32f7xx_hal_conf.h:415,
                 from C:/Users/ddpat/STM32Cube/Repository/STM32Cube_FW_F7_V1.17.2/Drivers/STM32F7xx_HAL_Driver/Inc/stm32f7xx_hal.h:29,
                 from ../Core/Inc/main.h:30,
                 from ../Core/Src/main.c:20:
C:/Users/ddpat/STM32Cube/Repository/STM32Cube_FW_F7_V1.17.2/Drivers/STM32F7xx_HAL_Driver/Inc/stm32f7xx_hal_uart.h:1556:75: note: expected 'uint8_t *' {aka 'unsigned char *'} but argument is of type 'char *'
 1556 | HAL_StatusTypeDef HAL_UART_Receive_IT(UART_HandleTypeDef *huart, uint8_t *pData, uint16_t Size);
      |                                                                  ~~~~~~~~~^~~~~
arm-none-eabi-gcc -o "tsp1.elf" @"objects.list"   -mcpu=cortex-m7 -T"E:\MAD_Lab\spp11\tsp1\STM32F767ZITX_FLASH.ld" --specs=nosys.specs -Wl,-Map="tsp1.map" -Wl,--gc-sections -static --specs=nano.specs -mfpu=fpv5-d16 -mfloat-abi=hard -mthumb -Wl,--start-group -lc -lm -Wl,--end-group
Finished building target: tsp1.elf
 
arm-none-eabi-size  tsp1.elf 
arm-none-eabi-objdump -h -S tsp1.elf  > "tsp1.list"
   text	   data	    bss	    dec	    hex	filename
  18488	     92	   2612	  21192	   52c8	tsp1.elf
Finished building: default.size.stdout
 
Finished building: tsp1.list
 
23:21:09 **** Incremental Build of configuration Debug for project tsp1 ****
make -j12 all 
arm-none-eabi-size  tsp1.elf 
   text	   data	    bss	    dec	    hex	filename
  18488	     92	   2612	  21192	   52c8	tsp1.elf
Finished building: default.size.stdout
 
23:23:28 **** Incremental Build of configuration Debug for project tsp1 ****
make -j12 all 
arm-none-eabi-gcc "../Core/Src/main.c" -mcpu=cortex-m7 -std=gnu11 -g3 -DDEBUG -DUSE_HAL_DRIVER -DSTM32F767xx -c -I../Core/Inc -IC:/Users/ddpat/STM32Cube/Repository/STM32Cube_FW_F7_V1.17.2/Drivers/STM32F7xx_HAL_Driver/Inc -IC:/Users/ddpat/STM32Cube/Repository/STM32Cube_FW_F7_V1.17.2/Drivers/STM32F7xx_HAL_Driver/Inc/Legacy -IC:/Users/ddpat/STM32Cube/Repository/STM32Cube_FW_F7_V1.17.2/Drivers/CMSIS/Device/ST/STM32F7xx/Include -IC:/Users/ddpat/STM32Cube/Repository/STM32Cube_FW_F7_V1.17.2/Drivers/CMSIS/Include -O0 -ffunction-sections -fdata-sections -Wall -fstack-usage -fcyclomatic-complexity -MMD -MP -MF"Core/Src/main.d" -MT"Core/Src/main.o" --specs=nano.specs -mfpu=fpv5-d16 -mfloat-abi=hard -mthumb -o "Core/Src/main.o"
../Core/Src/main.c: In function 'main':
../Core/Src/main.c:188:32: warning: pointer targets in passing argument 2 of 'HAL_UART_Receive_IT' differ in signedness [-Wpointer-sign]
  188 |   HAL_UART_Receive_IT(&huart2, rx_msg_external, sizeof(rx_msg_external));
      |                                ^~~~~~~~~~~~~~~
      |                                |
      |                                char *
In file included from ../Core/Inc/stm32f7xx_hal_conf.h:415,
                 from C:/Users/ddpat/STM32Cube/Repository/STM32Cube_FW_F7_V1.17.2/Drivers/STM32F7xx_HAL_Driver/Inc/stm32f7xx_hal.h:29,
                 from ../Core/Inc/main.h:30,
                 from ../Core/Src/main.c:20:
C:/Users/ddpat/STM32Cube/Repository/STM32Cube_FW_F7_V1.17.2/Drivers/STM32F7xx_HAL_Driver/Inc/stm32f7xx_hal_uart.h:1556:75: note: expected 'uint8_t *' {aka 'unsigned char *'} but argument is of type 'char *'
 1556 | HAL_StatusTypeDef HAL_UART_Receive_IT(UART_HandleTypeDef *huart, uint8_t *pData, uint16_t Size);
      |                                                                  ~~~~~~~~~^~~~~
arm-none-eabi-gcc -o "tsp1.elf" @"objects.list"   -mcpu=cortex-m7 -T"E:\MAD_Lab\spp11\tsp1\STM32F767ZITX_FLASH.ld" --specs=nosys.specs -Wl,-Map="tsp1.map" -Wl,--gc-sections -static --specs=nano.specs -mfpu=fpv5-d16 -mfloat-abi=hard -mthumb -Wl,--start-group -lc -lm -Wl,--end-group
Finished building target: tsp1.elf
 
arm-none-eabi-size  tsp1.elf 
arm-none-eabi-objdump -h -S tsp1.elf  > "tsp1.list"
   text	   data	    bss	    dec	    hex	filename
  18496	     92	   2612	  21200	   52d0	tsp1.elf
Finished building: default.size.stdout
 
Finished building: tsp1.list
 
23:23:42 **** Incremental Build of configuration Debug for project tsp1 ****
make -j12 all 
arm-none-eabi-size  tsp1.elf 
   text	   data	    bss	    dec	    hex	filename
  18496	     92	   2612	  21200	   52d0	tsp1.elf
Finished building: default.size.stdout
 
23:25:15 **** Incremental Build of configuration Debug for project tsp1 ****
make -j12 all 
arm-none-eabi-gcc "../Core/Src/main.c" -mcpu=cortex-m7 -std=gnu11 -g3 -DDEBUG -DUSE_HAL_DRIVER -DSTM32F767xx -c -I../Core/Inc -IC:/Users/ddpat/STM32Cube/Repository/STM32Cube_FW_F7_V1.17.2/Drivers/STM32F7xx_HAL_Driver/Inc -IC:/Users/ddpat/STM32Cube/Repository/STM32Cube_FW_F7_V1.17.2/Drivers/STM32F7xx_HAL_Driver/Inc/Legacy -IC:/Users/ddpat/STM32Cube/Repository/STM32Cube_FW_F7_V1.17.2/Drivers/CMSIS/Device/ST/STM32F7xx/Include -IC:/Users/ddpat/STM32Cube/Repository/STM32Cube_FW_F7_V1.17.2/Drivers/CMSIS/Include -O0 -ffunction-sections -fdata-sections -Wall -fstack-usage -fcyclomatic-complexity -MMD -MP -MF"Core/Src/main.d" -MT"Core/Src/main.o" --specs=nano.specs -mfpu=fpv5-d16 -mfloat-abi=hard -mthumb -o "Core/Src/main.o"
../Core/Src/main.c: In function 'main':
../Core/Src/main.c:189:32: warning: pointer targets in passing argument 2 of 'HAL_UART_Receive_IT' differ in signedness [-Wpointer-sign]
  189 |   HAL_UART_Receive_IT(&huart2, rx_msg_external, sizeof(rx_msg_external));
      |                                ^~~~~~~~~~~~~~~
      |                                |
      |                                char *
In file included from ../Core/Inc/stm32f7xx_hal_conf.h:415,
                 from C:/Users/ddpat/STM32Cube/Repository/STM32Cube_FW_F7_V1.17.2/Drivers/STM32F7xx_HAL_Driver/Inc/stm32f7xx_hal.h:29,
                 from ../Core/Inc/main.h:30,
                 from ../Core/Src/main.c:20:
C:/Users/ddpat/STM32Cube/Repository/STM32Cube_FW_F7_V1.17.2/Drivers/STM32F7xx_HAL_Driver/Inc/stm32f7xx_hal_uart.h:1556:75: note: expected 'uint8_t *' {aka 'unsigned char *'} but argument is of type 'char *'
 1556 | HAL_StatusTypeDef HAL_UART_Receive_IT(UART_HandleTypeDef *huart, uint8_t *pData, uint16_t Size);
      |                                                                  ~~~~~~~~~^~~~~
arm-none-eabi-gcc -o "tsp1.elf" @"objects.list"   -mcpu=cortex-m7 -T"E:\MAD_Lab\spp11\tsp1\STM32F767ZITX_FLASH.ld" --specs=nosys.specs -Wl,-Map="tsp1.map" -Wl,--gc-sections -static --specs=nano.specs -mfpu=fpv5-d16 -mfloat-abi=hard -mthumb -Wl,--start-group -lc -lm -Wl,--end-group
Finished building target: tsp1.elf
 
arm-none-eabi-size  tsp1.elf 
arm-none-eabi-objdump -h -S tsp1.elf  > "tsp1.list"
   text	   data	    bss	    dec	    hex	filename
  18496	     92	   2612	  21200	   52d0	tsp1.elf
Finished building: default.size.stdout
 
Finished building: tsp1.list
 
23:25:23 **** Incremental Build of configuration Debug for project tsp1 ****
make -j12 all 
arm-none-eabi-size  tsp1.elf 
   text	   data	    bss	    dec	    hex	filename
  18496	     92	   2612	  21200	   52d0	tsp1.elf
Finished building: default.size.stdout
 
23:25:38 **** Incremental Build of configuration Debug for project tsp1 ****
make -j12 all 
arm-none-eabi-size  tsp1.elf 
   text	   data	    bss	    dec	    hex	filename
  18496	     92	   2612	  21200	   52d0	tsp1.elf
Finished building: default.size.stdout
 
23:29:40 **** Incremental Build of configuration Debug for project tsp1 ****
make -j12 all 
arm-none-eabi-gcc "../Core/Src/main.c" -mcpu=cortex-m7 -std=gnu11 -g3 -DDEBUG -DUSE_HAL_DRIVER -DSTM32F767xx -c -I../Core/Inc -IC:/Users/ddpat/STM32Cube/Repository/STM32Cube_FW_F7_V1.17.2/Drivers/STM32F7xx_HAL_Driver/Inc -IC:/Users/ddpat/STM32Cube/Repository/STM32Cube_FW_F7_V1.17.2/Drivers/STM32F7xx_HAL_Driver/Inc/Legacy -IC:/Users/ddpat/STM32Cube/Repository/STM32Cube_FW_F7_V1.17.2/Drivers/CMSIS/Device/ST/STM32F7xx/Include -IC:/Users/ddpat/STM32Cube/Repository/STM32Cube_FW_F7_V1.17.2/Drivers/CMSIS/Include -O0 -ffunction-sections -fdata-sections -Wall -fstack-usage -fcyclomatic-complexity -MMD -MP -MF"Core/Src/main.d" -MT"Core/Src/main.o" --specs=nano.specs -mfpu=fpv5-d16 -mfloat-abi=hard -mthumb -o "Core/Src/main.o"
../Core/Src/main.c: In function 'main':
../Core/Src/main.c:190:32: warning: pointer targets in passing argument 2 of 'HAL_UART_Receive_IT' differ in signedness [-Wpointer-sign]
  190 |   HAL_UART_Receive_IT(&huart2, rx_msg_external, sizeof(rx_msg_external));
      |                                ^~~~~~~~~~~~~~~
      |                                |
      |                                char *
In file included from ../Core/Inc/stm32f7xx_hal_conf.h:415,
                 from C:/Users/ddpat/STM32Cube/Repository/STM32Cube_FW_F7_V1.17.2/Drivers/STM32F7xx_HAL_Driver/Inc/stm32f7xx_hal.h:29,
                 from ../Core/Inc/main.h:30,
                 from ../Core/Src/main.c:20:
C:/Users/ddpat/STM32Cube/Repository/STM32Cube_FW_F7_V1.17.2/Drivers/STM32F7xx_HAL_Driver/Inc/stm32f7xx_hal_uart.h:1556:75: note: expected 'uint8_t *' {aka 'unsigned char *'} but argument is of type 'char *'
 1556 | HAL_StatusTypeDef HAL_UART_Receive_IT(UART_HandleTypeDef *huart, uint8_t *pData, uint16_t Size);
      |                                                                  ~~~~~~~~~^~~~~
arm-none-eabi-gcc -o "tsp1.elf" @"objects.list"   -mcpu=cortex-m7 -T"E:\MAD_Lab\spp11\tsp1\STM32F767ZITX_FLASH.ld" --specs=nosys.specs -Wl,-Map="tsp1.map" -Wl,--gc-sections -static --specs=nano.specs -mfpu=fpv5-d16 -mfloat-abi=hard -mthumb -Wl,--start-group -lc -lm -Wl,--end-group
Finished building target: tsp1.elf
 
arm-none-eabi-size  tsp1.elf 
arm-none-eabi-objdump -h -S tsp1.elf  > "tsp1.list"
   text	   data	    bss	    dec	    hex	filename
  18512	     92	   2612	  21216	   52e0	tsp1.elf
Finished building: default.size.stdout
 
Finished building: tsp1.list
 
23:36:07 **** Incremental Build of configuration Debug for project tsp1 ****
make -j12 all 
arm-none-eabi-gcc "../Core/Src/main.c" -mcpu=cortex-m7 -std=gnu11 -g3 -DDEBUG -DUSE_HAL_DRIVER -DSTM32F767xx -c -I../Core/Inc -IC:/Users/ddpat/STM32Cube/Repository/STM32Cube_FW_F7_V1.17.2/Drivers/STM32F7xx_HAL_Driver/Inc -IC:/Users/ddpat/STM32Cube/Repository/STM32Cube_FW_F7_V1.17.2/Drivers/STM32F7xx_HAL_Driver/Inc/Legacy -IC:/Users/ddpat/STM32Cube/Repository/STM32Cube_FW_F7_V1.17.2/Drivers/CMSIS/Device/ST/STM32F7xx/Include -IC:/Users/ddpat/STM32Cube/Repository/STM32Cube_FW_F7_V1.17.2/Drivers/CMSIS/Include -O0 -ffunction-sections -fdata-sections -Wall -fstack-usage -fcyclomatic-complexity -MMD -MP -MF"Core/Src/main.d" -MT"Core/Src/main.o" --specs=nano.specs -mfpu=fpv5-d16 -mfloat-abi=hard -mthumb -o "Core/Src/main.o"
../Core/Src/main.c: In function 'HAL_UART_RxCpltCallback':
../Core/Src/main.c:80:13: warning: unused variable 'num' [-Wunused-variable]
   80 |         int num = 0;
      |             ^~~
../Core/Src/main.c: In function 'main':
../Core/Src/main.c:190:32: warning: pointer targets in passing argument 2 of 'HAL_UART_Receive_IT' differ in signedness [-Wpointer-sign]
  190 |   HAL_UART_Receive_IT(&huart2, rx_msg_external, sizeof(rx_msg_external));
      |                                ^~~~~~~~~~~~~~~
      |                                |
      |                                char *
In file included from ../Core/Inc/stm32f7xx_hal_conf.h:415,
                 from C:/Users/ddpat/STM32Cube/Repository/STM32Cube_FW_F7_V1.17.2/Drivers/STM32F7xx_HAL_Driver/Inc/stm32f7xx_hal.h:29,
                 from ../Core/Inc/main.h:30,
                 from ../Core/Src/main.c:20:
C:/Users/ddpat/STM32Cube/Repository/STM32Cube_FW_F7_V1.17.2/Drivers/STM32F7xx_HAL_Driver/Inc/stm32f7xx_hal_uart.h:1556:75: note: expected 'uint8_t *' {aka 'unsigned char *'} but argument is of type 'char *'
 1556 | HAL_StatusTypeDef HAL_UART_Receive_IT(UART_HandleTypeDef *huart, uint8_t *pData, uint16_t Size);
      |                                                                  ~~~~~~~~~^~~~~
arm-none-eabi-gcc -o "tsp1.elf" @"objects.list"   -mcpu=cortex-m7 -T"E:\MAD_Lab\spp11\tsp1\STM32F767ZITX_FLASH.ld" --specs=nosys.specs -Wl,-Map="tsp1.map" -Wl,--gc-sections -static --specs=nano.specs -mfpu=fpv5-d16 -mfloat-abi=hard -mthumb -Wl,--start-group -lc -lm -Wl,--end-group
Finished building target: tsp1.elf
 
arm-none-eabi-size  tsp1.elf 
arm-none-eabi-objdump -h -S tsp1.elf  > "tsp1.list"
   text	   data	    bss	    dec	    hex	filename
  18416	     92	   2612	  21120	   5280	tsp1.elf
Finished building: default.size.stdout
 
Finished building: tsp1.list
 
23:36:18 **** Incremental Build of configuration Debug for project tsp1 ****
make -j12 all 
arm-none-eabi-size  tsp1.elf 
   text	   data	    bss	    dec	    hex	filename
  18416	     92	   2612	  21120	   5280	tsp1.elf
Finished building: default.size.stdout
 
23:36:30 **** Incremental Build of configuration Debug for project tsp1 ****
make -j12 all 
arm-none-eabi-size  tsp1.elf 
   text	   data	    bss	    dec	    hex	filename
  18416	     92	   2612	  21120	   5280	tsp1.elf
Finished building: default.size.stdout
 
23:40:04 **** Incremental Build of configuration Debug for project tsp1 ****
make -j12 all 
arm-none-eabi-gcc "../Core/Src/main.c" -mcpu=cortex-m7 -std=gnu11 -g3 -DDEBUG -DUSE_HAL_DRIVER -DSTM32F767xx -c -I../Core/Inc -IC:/Users/ddpat/STM32Cube/Repository/STM32Cube_FW_F7_V1.17.2/Drivers/STM32F7xx_HAL_Driver/Inc -IC:/Users/ddpat/STM32Cube/Repository/STM32Cube_FW_F7_V1.17.2/Drivers/STM32F7xx_HAL_Driver/Inc/Legacy -IC:/Users/ddpat/STM32Cube/Repository/STM32Cube_FW_F7_V1.17.2/Drivers/CMSIS/Device/ST/STM32F7xx/Include -IC:/Users/ddpat/STM32Cube/Repository/STM32Cube_FW_F7_V1.17.2/Drivers/CMSIS/Include -O0 -ffunction-sections -fdata-sections -Wall -fstack-usage -fcyclomatic-complexity -MMD -MP -MF"Core/Src/main.d" -MT"Core/Src/main.o" --specs=nano.specs -mfpu=fpv5-d16 -mfloat-abi=hard -mthumb -o "Core/Src/main.o"
../Core/Src/main.c: In function 'main':
../Core/Src/main.c:190:32: warning: pointer targets in passing argument 2 of 'HAL_UART_Receive_IT' differ in signedness [-Wpointer-sign]
  190 |   HAL_UART_Receive_IT(&huart2, rx_msg_external, sizeof(rx_msg_external));
      |                                ^~~~~~~~~~~~~~~
      |                                |
      |                                char *
In file included from ../Core/Inc/stm32f7xx_hal_conf.h:415,
                 from C:/Users/ddpat/STM32Cube/Repository/STM32Cube_FW_F7_V1.17.2/Drivers/STM32F7xx_HAL_Driver/Inc/stm32f7xx_hal.h:29,
                 from ../Core/Inc/main.h:30,
                 from ../Core/Src/main.c:20:
C:/Users/ddpat/STM32Cube/Repository/STM32Cube_FW_F7_V1.17.2/Drivers/STM32F7xx_HAL_Driver/Inc/stm32f7xx_hal_uart.h:1556:75: note: expected 'uint8_t *' {aka 'unsigned char *'} but argument is of type 'char *'
 1556 | HAL_StatusTypeDef HAL_UART_Receive_IT(UART_HandleTypeDef *huart, uint8_t *pData, uint16_t Size);
      |                                                                  ~~~~~~~~~^~~~~
arm-none-eabi-gcc -o "tsp1.elf" @"objects.list"   -mcpu=cortex-m7 -T"E:\MAD_Lab\spp11\tsp1\STM32F767ZITX_FLASH.ld" --specs=nosys.specs -Wl,-Map="tsp1.map" -Wl,--gc-sections -static --specs=nano.specs -mfpu=fpv5-d16 -mfloat-abi=hard -mthumb -Wl,--start-group -lc -lm -Wl,--end-group
Finished building target: tsp1.elf
 
arm-none-eabi-size  tsp1.elf 
arm-none-eabi-objdump -h -S tsp1.elf  > "tsp1.list"
   text	   data	    bss	    dec	    hex	filename
  19056	     92	   2612	  21760	   5500	tsp1.elf
Finished building: default.size.stdout
 
Finished building: tsp1.list
 
23:40:12 **** Incremental Build of configuration Debug for project tsp1 ****
make -j12 all 
arm-none-eabi-size  tsp1.elf 
   text	   data	    bss	    dec	    hex	filename
  19056	     92	   2612	  21760	   5500	tsp1.elf
Finished building: default.size.stdout
 
23:40:27 **** Incremental Build of configuration Debug for project tsp1 ****
make -j12 all 
arm-none-eabi-size  tsp1.elf 
   text	   data	    bss	    dec	    hex	filename
  19056	     92	   2612	  21760	   5500	tsp1.elf
Finished building: default.size.stdout
 
00:01:12 **** Incremental Build of configuration Debug for project tsp1 ****
make -j12 all 
arm-none-eabi-gcc "../Core/Src/main.c" -mcpu=cortex-m7 -std=gnu11 -g3 -DDEBUG -DUSE_HAL_DRIVER -DSTM32F767xx -c -I../Core/Inc -IC:/Users/ddpat/STM32Cube/Repository/STM32Cube_FW_F7_V1.17.2/Drivers/STM32F7xx_HAL_Driver/Inc -IC:/Users/ddpat/STM32Cube/Repository/STM32Cube_FW_F7_V1.17.2/Drivers/STM32F7xx_HAL_Driver/Inc/Legacy -IC:/Users/ddpat/STM32Cube/Repository/STM32Cube_FW_F7_V1.17.2/Drivers/CMSIS/Device/ST/STM32F7xx/Include -IC:/Users/ddpat/STM32Cube/Repository/STM32Cube_FW_F7_V1.17.2/Drivers/CMSIS/Include -O0 -ffunction-sections -fdata-sections -Wall -fstack-usage -fcyclomatic-complexity -MMD -MP -MF"Core/Src/main.d" -MT"Core/Src/main.o" --specs=nano.specs -mfpu=fpv5-d16 -mfloat-abi=hard -mthumb -o "Core/Src/main.o"
../Core/Src/main.c: In function 'HAL_UART_RxCpltCallback':
../Core/Src/main.c:92:58: error: expected ']' before ':' token
   92 |                         rx_msg_ex_cat = rx_msg_external[i:sizeof(rx_msg_external)-1];
      |                                                          ^
      |                                                          ]
../Core/Src/main.c:92:39: error: assignment to expression with array type
   92 |                         rx_msg_ex_cat = rx_msg_external[i:sizeof(rx_msg_external)-1];
      |                                       ^
../Core/Src/main.c:80:13: warning: unused variable 'num' [-Wunused-variable]
   80 |         int num = 0;
      |             ^~~
../Core/Src/main.c: In function 'main':
../Core/Src/main.c:191:32: warning: pointer targets in passing argument 2 of 'HAL_UART_Receive_IT' differ in signedness [-Wpointer-sign]
  191 |   HAL_UART_Receive_IT(&huart2, rx_msg_external, sizeof(rx_msg_external));
      |                                ^~~~~~~~~~~~~~~
      |                                |
      |                                char *
In file included from ../Core/Inc/stm32f7xx_hal_conf.h:415,
                 from C:/Users/ddpat/STM32Cube/Repository/STM32Cube_FW_F7_V1.17.2/Drivers/STM32F7xx_HAL_Driver/Inc/stm32f7xx_hal.h:29,
                 from ../Core/Inc/main.h:30,
                 from ../Core/Src/main.c:20:
C:/Users/ddpat/STM32Cube/Repository/STM32Cube_FW_F7_V1.17.2/Drivers/STM32F7xx_HAL_Driver/Inc/stm32f7xx_hal_uart.h:1556:75: note: expected 'uint8_t *' {aka 'unsigned char *'} but argument is of type 'char *'
 1556 | HAL_StatusTypeDef HAL_UART_Receive_IT(UART_HandleTypeDef *huart, uint8_t *pData, uint16_t Size);
      |                                                                  ~~~~~~~~~^~~~~
make: *** [Core/Src/subdir.mk:34: Core/Src/main.o] Error 1
"make -j12 all" terminated with exit code 2. Build might be incomplete.
00:02:13 **** Incremental Build of configuration Debug for project tsp1 ****
make -j12 all 
arm-none-eabi-gcc "../Core/Src/main.c" -mcpu=cortex-m7 -std=gnu11 -g3 -DDEBUG -DUSE_HAL_DRIVER -DSTM32F767xx -c -I../Core/Inc -IC:/Users/ddpat/STM32Cube/Repository/STM32Cube_FW_F7_V1.17.2/Drivers/STM32F7xx_HAL_Driver/Inc -IC:/Users/ddpat/STM32Cube/Repository/STM32Cube_FW_F7_V1.17.2/Drivers/STM32F7xx_HAL_Driver/Inc/Legacy -IC:/Users/ddpat/STM32Cube/Repository/STM32Cube_FW_F7_V1.17.2/Drivers/CMSIS/Device/ST/STM32F7xx/Include -IC:/Users/ddpat/STM32Cube/Repository/STM32Cube_FW_F7_V1.17.2/Drivers/CMSIS/Include -O0 -ffunction-sections -fdata-sections -Wall -fstack-usage -fcyclomatic-complexity -MMD -MP -MF"Core/Src/main.d" -MT"Core/Src/main.o" --specs=nano.specs -mfpu=fpv5-d16 -mfloat-abi=hard -mthumb -o "Core/Src/main.o"
../Core/Src/main.c: In function 'HAL_UART_RxCpltCallback':
../Core/Src/main.c:92:40: error: expected expression before ']' token
   92 |                         rx_msg_ex_cat[*] = rx_msg_external[i:sizeof(rx_msg_external)-1];
      |                                        ^
../Core/Src/main.c:80:13: warning: unused variable 'num' [-Wunused-variable]
   80 |         int num = 0;
      |             ^~~
../Core/Src/main.c: In function 'main':
../Core/Src/main.c:191:32: warning: pointer targets in passing argument 2 of 'HAL_UART_Receive_IT' differ in signedness [-Wpointer-sign]
  191 |   HAL_UART_Receive_IT(&huart2, rx_msg_external, sizeof(rx_msg_external));
      |                                ^~~~~~~~~~~~~~~
      |                                |
      |                                char *
In file included from ../Core/Inc/stm32f7xx_hal_conf.h:415,
                 from C:/Users/ddpat/STM32Cube/Repository/STM32Cube_FW_F7_V1.17.2/Drivers/STM32F7xx_HAL_Driver/Inc/stm32f7xx_hal.h:29,
                 from ../Core/Inc/main.h:30,
                 from ../Core/Src/main.c:20:
C:/Users/ddpat/STM32Cube/Repository/STM32Cube_FW_F7_V1.17.2/Drivers/STM32F7xx_HAL_Driver/Inc/stm32f7xx_hal_uart.h:1556:75: note: expected 'uint8_t *' {aka 'unsigned char *'} but argument is of type 'char *'
 1556 | HAL_StatusTypeDef HAL_UART_Receive_IT(UART_HandleTypeDef *huart, uint8_t *pData, uint16_t Size);
      |                                                                  ~~~~~~~~~^~~~~
make: *** [Core/Src/subdir.mk:34: Core/Src/main.o] Error 1
"make -j12 all" terminated with exit code 2. Build might be incomplete.
00:06:05 **** Incremental Build of configuration Debug for project tsp1 ****
make -j12 all 
arm-none-eabi-gcc "../Core/Src/main.c" -mcpu=cortex-m7 -std=gnu11 -g3 -DDEBUG -DUSE_HAL_DRIVER -DSTM32F767xx -c -I../Core/Inc -IC:/Users/ddpat/STM32Cube/Repository/STM32Cube_FW_F7_V1.17.2/Drivers/STM32F7xx_HAL_Driver/Inc -IC:/Users/ddpat/STM32Cube/Repository/STM32Cube_FW_F7_V1.17.2/Drivers/STM32F7xx_HAL_Driver/Inc/Legacy -IC:/Users/ddpat/STM32Cube/Repository/STM32Cube_FW_F7_V1.17.2/Drivers/CMSIS/Device/ST/STM32F7xx/Include -IC:/Users/ddpat/STM32Cube/Repository/STM32Cube_FW_F7_V1.17.2/Drivers/CMSIS/Include -O0 -ffunction-sections -fdata-sections -Wall -fstack-usage -fcyclomatic-complexity -MMD -MP -MF"Core/Src/main.d" -MT"Core/Src/main.o" --specs=nano.specs -mfpu=fpv5-d16 -mfloat-abi=hard -mthumb -o "Core/Src/main.o"
../Core/Src/main.c: In function 'main':
../Core/Src/main.c:191:32: warning: pointer targets in passing argument 2 of 'HAL_UART_Receive_IT' differ in signedness [-Wpointer-sign]
  191 |   HAL_UART_Receive_IT(&huart2, rx_msg_external, sizeof(rx_msg_external));
      |                                ^~~~~~~~~~~~~~~
      |                                |
      |                                char *
In file included from ../Core/Inc/stm32f7xx_hal_conf.h:415,
                 from C:/Users/ddpat/STM32Cube/Repository/STM32Cube_FW_F7_V1.17.2/Drivers/STM32F7xx_HAL_Driver/Inc/stm32f7xx_hal.h:29,
                 from ../Core/Inc/main.h:30,
                 from ../Core/Src/main.c:20:
C:/Users/ddpat/STM32Cube/Repository/STM32Cube_FW_F7_V1.17.2/Drivers/STM32F7xx_HAL_Driver/Inc/stm32f7xx_hal_uart.h:1556:75: note: expected 'uint8_t *' {aka 'unsigned char *'} but argument is of type 'char *'
 1556 | HAL_StatusTypeDef HAL_UART_Receive_IT(UART_HandleTypeDef *huart, uint8_t *pData, uint16_t Size);
      |                                                                  ~~~~~~~~~^~~~~
arm-none-eabi-gcc -o "tsp1.elf" @"objects.list"   -mcpu=cortex-m7 -T"E:\MAD_Lab\spp11\tsp1\STM32F767ZITX_FLASH.ld" --specs=nosys.specs -Wl,-Map="tsp1.map" -Wl,--gc-sections -static --specs=nano.specs -mfpu=fpv5-d16 -mfloat-abi=hard -mthumb -Wl,--start-group -lc -lm -Wl,--end-group
Finished building target: tsp1.elf
 
arm-none-eabi-size  tsp1.elf 
arm-none-eabi-objdump -h -S tsp1.elf  > "tsp1.list"
   text	   data	    bss	    dec	    hex	filename
  18508	     92	   2612	  21212	   52dc	tsp1.elf
Finished building: default.size.stdout
 
Finished building: tsp1.list
 
00:06:43 **** Incremental Build of configuration Debug for project tsp1 ****
make -j12 all 
arm-none-eabi-size  tsp1.elf 
   text	   data	    bss	    dec	    hex	filename
  18508	     92	   2612	  21212	   52dc	tsp1.elf
Finished building: default.size.stdout
 
00:08:15 **** Incremental Build of configuration Debug for project tsp1 ****
make -j12 all 
arm-none-eabi-gcc "../Core/Src/main.c" -mcpu=cortex-m7 -std=gnu11 -g3 -DDEBUG -DUSE_HAL_DRIVER -DSTM32F767xx -c -I../Core/Inc -IC:/Users/ddpat/STM32Cube/Repository/STM32Cube_FW_F7_V1.17.2/Drivers/STM32F7xx_HAL_Driver/Inc -IC:/Users/ddpat/STM32Cube/Repository/STM32Cube_FW_F7_V1.17.2/Drivers/STM32F7xx_HAL_Driver/Inc/Legacy -IC:/Users/ddpat/STM32Cube/Repository/STM32Cube_FW_F7_V1.17.2/Drivers/CMSIS/Device/ST/STM32F7xx/Include -IC:/Users/ddpat/STM32Cube/Repository/STM32Cube_FW_F7_V1.17.2/Drivers/CMSIS/Include -O0 -ffunction-sections -fdata-sections -Wall -fstack-usage -fcyclomatic-complexity -MMD -MP -MF"Core/Src/main.d" -MT"Core/Src/main.o" --specs=nano.specs -mfpu=fpv5-d16 -mfloat-abi=hard -mthumb -o "Core/Src/main.o"
../Core/Src/main.c: In function 'main':
../Core/Src/main.c:191:32: warning: pointer targets in passing argument 2 of 'HAL_UART_Receive_IT' differ in signedness [-Wpointer-sign]
  191 |   HAL_UART_Receive_IT(&huart2, rx_msg_external, sizeof(rx_msg_external));
      |                                ^~~~~~~~~~~~~~~
      |                                |
      |                                char *
In file included from ../Core/Inc/stm32f7xx_hal_conf.h:415,
                 from C:/Users/ddpat/STM32Cube/Repository/STM32Cube_FW_F7_V1.17.2/Drivers/STM32F7xx_HAL_Driver/Inc/stm32f7xx_hal.h:29,
                 from ../Core/Inc/main.h:30,
                 from ../Core/Src/main.c:20:
C:/Users/ddpat/STM32Cube/Repository/STM32Cube_FW_F7_V1.17.2/Drivers/STM32F7xx_HAL_Driver/Inc/stm32f7xx_hal_uart.h:1556:75: note: expected 'uint8_t *' {aka 'unsigned char *'} but argument is of type 'char *'
 1556 | HAL_StatusTypeDef HAL_UART_Receive_IT(UART_HandleTypeDef *huart, uint8_t *pData, uint16_t Size);
      |                                                                  ~~~~~~~~~^~~~~
arm-none-eabi-gcc -o "tsp1.elf" @"objects.list"   -mcpu=cortex-m7 -T"E:\MAD_Lab\spp11\tsp1\STM32F767ZITX_FLASH.ld" --specs=nosys.specs -Wl,-Map="tsp1.map" -Wl,--gc-sections -static --specs=nano.specs -mfpu=fpv5-d16 -mfloat-abi=hard -mthumb -Wl,--start-group -lc -lm -Wl,--end-group
Finished building target: tsp1.elf
 
arm-none-eabi-size  tsp1.elf 
arm-none-eabi-objdump -h -S tsp1.elf  > "tsp1.list"
   text	   data	    bss	    dec	    hex	filename
  18496	     92	   2612	  21200	   52d0	tsp1.elf
Finished building: default.size.stdout
 
Finished building: tsp1.list
 
00:08:41 **** Incremental Build of configuration Debug for project tsp1 ****
make -j12 all 
arm-none-eabi-size  tsp1.elf 
   text	   data	    bss	    dec	    hex	filename
  18496	     92	   2612	  21200	   52d0	tsp1.elf
Finished building: default.size.stdout
 
00:11:00 **** Incremental Build of configuration Debug for project tsp1 ****
make -j12 all 
arm-none-eabi-gcc "../Core/Src/main.c" -mcpu=cortex-m7 -std=gnu11 -g3 -DDEBUG -DUSE_HAL_DRIVER -DSTM32F767xx -c -I../Core/Inc -IC:/Users/ddpat/STM32Cube/Repository/STM32Cube_FW_F7_V1.17.2/Drivers/STM32F7xx_HAL_Driver/Inc -IC:/Users/ddpat/STM32Cube/Repository/STM32Cube_FW_F7_V1.17.2/Drivers/STM32F7xx_HAL_Driver/Inc/Legacy -IC:/Users/ddpat/STM32Cube/Repository/STM32Cube_FW_F7_V1.17.2/Drivers/CMSIS/Device/ST/STM32F7xx/Include -IC:/Users/ddpat/STM32Cube/Repository/STM32Cube_FW_F7_V1.17.2/Drivers/CMSIS/Include -O0 -ffunction-sections -fdata-sections -Wall -fstack-usage -fcyclomatic-complexity -MMD -MP -MF"Core/Src/main.d" -MT"Core/Src/main.o" --specs=nano.specs -mfpu=fpv5-d16 -mfloat-abi=hard -mthumb -o "Core/Src/main.o"
../Core/Src/main.c: In function 'main':
../Core/Src/main.c:191:32: warning: pointer targets in passing argument 2 of 'HAL_UART_Receive_IT' differ in signedness [-Wpointer-sign]
  191 |   HAL_UART_Receive_IT(&huart2, rx_msg_external, sizeof(rx_msg_external));
      |                                ^~~~~~~~~~~~~~~
      |                                |
      |                                char *
In file included from ../Core/Inc/stm32f7xx_hal_conf.h:415,
                 from C:/Users/ddpat/STM32Cube/Repository/STM32Cube_FW_F7_V1.17.2/Drivers/STM32F7xx_HAL_Driver/Inc/stm32f7xx_hal.h:29,
                 from ../Core/Inc/main.h:30,
                 from ../Core/Src/main.c:20:
C:/Users/ddpat/STM32Cube/Repository/STM32Cube_FW_F7_V1.17.2/Drivers/STM32F7xx_HAL_Driver/Inc/stm32f7xx_hal_uart.h:1556:75: note: expected 'uint8_t *' {aka 'unsigned char *'} but argument is of type 'char *'
 1556 | HAL_StatusTypeDef HAL_UART_Receive_IT(UART_HandleTypeDef *huart, uint8_t *pData, uint16_t Size);
      |                                                                  ~~~~~~~~~^~~~~
arm-none-eabi-gcc -o "tsp1.elf" @"objects.list"   -mcpu=cortex-m7 -T"E:\MAD_Lab\spp11\tsp1\STM32F767ZITX_FLASH.ld" --specs=nosys.specs -Wl,-Map="tsp1.map" -Wl,--gc-sections -static --specs=nano.specs -mfpu=fpv5-d16 -mfloat-abi=hard -mthumb -Wl,--start-group -lc -lm -Wl,--end-group
Finished building target: tsp1.elf
 
arm-none-eabi-size  tsp1.elf 
arm-none-eabi-objdump -h -S tsp1.elf  > "tsp1.list"
   text	   data	    bss	    dec	    hex	filename
  18488	     92	   2612	  21192	   52c8	tsp1.elf
Finished building: default.size.stdout
 
Finished building: tsp1.list
 
00:11:15 **** Incremental Build of configuration Debug for project tsp1 ****
make -j12 all 
arm-none-eabi-size  tsp1.elf 
   text	   data	    bss	    dec	    hex	filename
  18488	     92	   2612	  21192	   52c8	tsp1.elf
Finished building: default.size.stdout
 
12:50:11 **** Incremental Build of configuration Debug for project tsp1 ****
make -j12 all 
arm-none-eabi-gcc "../Core/Src/main.c" -mcpu=cortex-m7 -std=gnu11 -g3 -DDEBUG -DUSE_HAL_DRIVER -DSTM32F767xx -c -I../Core/Inc -IC:/Users/ddpat/STM32Cube/Repository/STM32Cube_FW_F7_V1.17.2/Drivers/STM32F7xx_HAL_Driver/Inc -IC:/Users/ddpat/STM32Cube/Repository/STM32Cube_FW_F7_V1.17.2/Drivers/STM32F7xx_HAL_Driver/Inc/Legacy -IC:/Users/ddpat/STM32Cube/Repository/STM32Cube_FW_F7_V1.17.2/Drivers/CMSIS/Device/ST/STM32F7xx/Include -IC:/Users/ddpat/STM32Cube/Repository/STM32Cube_FW_F7_V1.17.2/Drivers/CMSIS/Include -O0 -ffunction-sections -fdata-sections -Wall -fstack-usage -fcyclomatic-complexity -MMD -MP -MF"Core/Src/main.d" -MT"Core/Src/main.o" --specs=nano.specs -mfpu=fpv5-d16 -mfloat-abi=hard -mthumb -o "Core/Src/main.o"
../Core/Src/main.c: In function 'main':
../Core/Src/main.c:208:32: warning: pointer targets in passing argument 2 of 'HAL_UART_Receive_IT' differ in signedness [-Wpointer-sign]
  208 |   HAL_UART_Receive_IT(&huart2, rx_msg_external, sizeof(rx_msg_external));
      |                                ^~~~~~~~~~~~~~~
      |                                |
      |                                char *
In file included from ../Core/Inc/stm32f7xx_hal_conf.h:415,
                 from C:/Users/ddpat/STM32Cube/Repository/STM32Cube_FW_F7_V1.17.2/Drivers/STM32F7xx_HAL_Driver/Inc/stm32f7xx_hal.h:29,
                 from ../Core/Inc/main.h:30,
                 from ../Core/Src/main.c:20:
C:/Users/ddpat/STM32Cube/Repository/STM32Cube_FW_F7_V1.17.2/Drivers/STM32F7xx_HAL_Driver/Inc/stm32f7xx_hal_uart.h:1556:75: note: expected 'uint8_t *' {aka 'unsigned char *'} but argument is of type 'char *'
 1556 | HAL_StatusTypeDef HAL_UART_Receive_IT(UART_HandleTypeDef *huart, uint8_t *pData, uint16_t Size);
      |                                                                  ~~~~~~~~~^~~~~
arm-none-eabi-gcc -o "tsp1.elf" @"objects.list"   -mcpu=cortex-m7 -T"E:\MAD_Lab\spp11\tsp1\STM32F767ZITX_FLASH.ld" --specs=nosys.specs -Wl,-Map="tsp1.map" -Wl,--gc-sections -static --specs=nano.specs -mfpu=fpv5-d16 -mfloat-abi=hard -mthumb -Wl,--start-group -lc -lm -Wl,--end-group
Finished building target: tsp1.elf
 
arm-none-eabi-size  tsp1.elf 
arm-none-eabi-objdump -h -S tsp1.elf  > "tsp1.list"
   text	   data	    bss	    dec	    hex	filename
  18508	     92	   2612	  21212	   52dc	tsp1.elf
Finished building: default.size.stdout
 
Finished building: tsp1.list
 
12:50:20 **** Incremental Build of configuration Debug for project tsp1 ****
make -j12 all 
arm-none-eabi-size  tsp1.elf 
   text	   data	    bss	    dec	    hex	filename
  18508	     92	   2612	  21212	   52dc	tsp1.elf
Finished building: default.size.stdout
 
12:50:35 **** Incremental Build of configuration Debug for project tsp1 ****
make -j12 all 
arm-none-eabi-size  tsp1.elf 
   text	   data	    bss	    dec	    hex	filename
  18508	     92	   2612	  21212	   52dc	tsp1.elf
Finished building: default.size.stdout
 
13:01:35 **** Incremental Build of configuration Debug for project tsp1 ****
make -j12 all 
arm-none-eabi-gcc "../Core/Src/main.c" -mcpu=cortex-m7 -std=gnu11 -g3 -DDEBUG -DUSE_HAL_DRIVER -DSTM32F767xx -c -I../Core/Inc -IC:/Users/ddpat/STM32Cube/Repository/STM32Cube_FW_F7_V1.17.2/Drivers/STM32F7xx_HAL_Driver/Inc -IC:/Users/ddpat/STM32Cube/Repository/STM32Cube_FW_F7_V1.17.2/Drivers/STM32F7xx_HAL_Driver/Inc/Legacy -IC:/Users/ddpat/STM32Cube/Repository/STM32Cube_FW_F7_V1.17.2/Drivers/CMSIS/Device/ST/STM32F7xx/Include -IC:/Users/ddpat/STM32Cube/Repository/STM32Cube_FW_F7_V1.17.2/Drivers/CMSIS/Include -O0 -ffunction-sections -fdata-sections -Wall -fstack-usage -fcyclomatic-complexity -MMD -MP -MF"Core/Src/main.d" -MT"Core/Src/main.o" --specs=nano.specs -mfpu=fpv5-d16 -mfloat-abi=hard -mthumb -o "Core/Src/main.o"
../Core/Src/main.c: In function 'main':
../Core/Src/main.c:209:32: warning: pointer targets in passing argument 2 of 'HAL_UART_Receive_IT' differ in signedness [-Wpointer-sign]
  209 |   HAL_UART_Receive_IT(&huart2, rx_msg_external, sizeof(rx_msg_external));
      |                                ^~~~~~~~~~~~~~~
      |                                |
      |                                char *
In file included from ../Core/Inc/stm32f7xx_hal_conf.h:415,
                 from C:/Users/ddpat/STM32Cube/Repository/STM32Cube_FW_F7_V1.17.2/Drivers/STM32F7xx_HAL_Driver/Inc/stm32f7xx_hal.h:29,
                 from ../Core/Inc/main.h:30,
                 from ../Core/Src/main.c:20:
C:/Users/ddpat/STM32Cube/Repository/STM32Cube_FW_F7_V1.17.2/Drivers/STM32F7xx_HAL_Driver/Inc/stm32f7xx_hal_uart.h:1556:75: note: expected 'uint8_t *' {aka 'unsigned char *'} but argument is of type 'char *'
 1556 | HAL_StatusTypeDef HAL_UART_Receive_IT(UART_HandleTypeDef *huart, uint8_t *pData, uint16_t Size);
      |                                                                  ~~~~~~~~~^~~~~
arm-none-eabi-gcc -o "tsp1.elf" @"objects.list"   -mcpu=cortex-m7 -T"E:\MAD_Lab\spp11\tsp1\STM32F767ZITX_FLASH.ld" --specs=nosys.specs -Wl,-Map="tsp1.map" -Wl,--gc-sections -static --specs=nano.specs -mfpu=fpv5-d16 -mfloat-abi=hard -mthumb -Wl,--start-group -lc -lm -Wl,--end-group
Finished building target: tsp1.elf
 
arm-none-eabi-size  tsp1.elf 
arm-none-eabi-objdump -h -S tsp1.elf  > "tsp1.list"
   text	   data	    bss	    dec	    hex	filename
  18520	     92	   2612	  21224	   52e8	tsp1.elf
Finished building: default.size.stdout
 
Finished building: tsp1.list
 
13:04:40 **** Incremental Build of configuration Debug for project tsp1 ****
make -j12 all 
arm-none-eabi-gcc "../Core/Src/main.c" -mcpu=cortex-m7 -std=gnu11 -g3 -DDEBUG -DUSE_HAL_DRIVER -DSTM32F767xx -c -I../Core/Inc -IC:/Users/ddpat/STM32Cube/Repository/STM32Cube_FW_F7_V1.17.2/Drivers/STM32F7xx_HAL_Driver/Inc -IC:/Users/ddpat/STM32Cube/Repository/STM32Cube_FW_F7_V1.17.2/Drivers/STM32F7xx_HAL_Driver/Inc/Legacy -IC:/Users/ddpat/STM32Cube/Repository/STM32Cube_FW_F7_V1.17.2/Drivers/CMSIS/Device/ST/STM32F7xx/Include -IC:/Users/ddpat/STM32Cube/Repository/STM32Cube_FW_F7_V1.17.2/Drivers/CMSIS/Include -O0 -ffunction-sections -fdata-sections -Wall -fstack-usage -fcyclomatic-complexity -MMD -MP -MF"Core/Src/main.d" -MT"Core/Src/main.o" --specs=nano.specs -mfpu=fpv5-d16 -mfloat-abi=hard -mthumb -o "Core/Src/main.o"
../Core/Src/main.c: In function 'main':
../Core/Src/main.c:209:32: warning: pointer targets in passing argument 2 of 'HAL_UART_Receive_IT' differ in signedness [-Wpointer-sign]
  209 |   HAL_UART_Receive_IT(&huart2, rx_msg_external, sizeof(rx_msg_external));
      |                                ^~~~~~~~~~~~~~~
      |                                |
      |                                char *
In file included from ../Core/Inc/stm32f7xx_hal_conf.h:415,
                 from C:/Users/ddpat/STM32Cube/Repository/STM32Cube_FW_F7_V1.17.2/Drivers/STM32F7xx_HAL_Driver/Inc/stm32f7xx_hal.h:29,
                 from ../Core/Inc/main.h:30,
                 from ../Core/Src/main.c:20:
C:/Users/ddpat/STM32Cube/Repository/STM32Cube_FW_F7_V1.17.2/Drivers/STM32F7xx_HAL_Driver/Inc/stm32f7xx_hal_uart.h:1556:75: note: expected 'uint8_t *' {aka 'unsigned char *'} but argument is of type 'char *'
 1556 | HAL_StatusTypeDef HAL_UART_Receive_IT(UART_HandleTypeDef *huart, uint8_t *pData, uint16_t Size);
      |                                                                  ~~~~~~~~~^~~~~
arm-none-eabi-gcc -o "tsp1.elf" @"objects.list"   -mcpu=cortex-m7 -T"E:\MAD_Lab\spp11\tsp1\STM32F767ZITX_FLASH.ld" --specs=nosys.specs -Wl,-Map="tsp1.map" -Wl,--gc-sections -static --specs=nano.specs -mfpu=fpv5-d16 -mfloat-abi=hard -mthumb -Wl,--start-group -lc -lm -Wl,--end-group
Finished building target: tsp1.elf
 
arm-none-eabi-size  tsp1.elf 
arm-none-eabi-objdump -h -S tsp1.elf  > "tsp1.list"
   text	   data	    bss	    dec	    hex	filename
  18516	     92	   2612	  21220	   52e4	tsp1.elf
Finished building: default.size.stdout
 
Finished building: tsp1.list
 
13:04:58 **** Incremental Build of configuration Debug for project tsp1 ****
make -j12 all 
arm-none-eabi-size  tsp1.elf 
   text	   data	    bss	    dec	    hex	filename
  18516	     92	   2612	  21220	   52e4	tsp1.elf
Finished building: default.size.stdout
 
13:05:09 **** Incremental Build of configuration Debug for project tsp1 ****
make -j12 all 
arm-none-eabi-size  tsp1.elf 
   text	   data	    bss	    dec	    hex	filename
  18516	     92	   2612	  21220	   52e4	tsp1.elf
Finished building: default.size.stdout
 
13:06:17 **** Incremental Build of configuration Debug for project tsp1 ****
make -j12 all 
arm-none-eabi-gcc "../Core/Src/main.c" -mcpu=cortex-m7 -std=gnu11 -g3 -DDEBUG -DUSE_HAL_DRIVER -DSTM32F767xx -c -I../Core/Inc -IC:/Users/ddpat/STM32Cube/Repository/STM32Cube_FW_F7_V1.17.2/Drivers/STM32F7xx_HAL_Driver/Inc -IC:/Users/ddpat/STM32Cube/Repository/STM32Cube_FW_F7_V1.17.2/Drivers/STM32F7xx_HAL_Driver/Inc/Legacy -IC:/Users/ddpat/STM32Cube/Repository/STM32Cube_FW_F7_V1.17.2/Drivers/CMSIS/Device/ST/STM32F7xx/Include -IC:/Users/ddpat/STM32Cube/Repository/STM32Cube_FW_F7_V1.17.2/Drivers/CMSIS/Include -O0 -ffunction-sections -fdata-sections -Wall -fstack-usage -fcyclomatic-complexity -MMD -MP -MF"Core/Src/main.d" -MT"Core/Src/main.o" --specs=nano.specs -mfpu=fpv5-d16 -mfloat-abi=hard -mthumb -o "Core/Src/main.o"
../Core/Src/main.c: In function 'main':
../Core/Src/main.c:209:32: warning: pointer targets in passing argument 2 of 'HAL_UART_Receive_IT' differ in signedness [-Wpointer-sign]
  209 |   HAL_UART_Receive_IT(&huart2, rx_msg_external, sizeof(rx_msg_external));
      |                                ^~~~~~~~~~~~~~~
      |                                |
      |                                char *
In file included from ../Core/Inc/stm32f7xx_hal_conf.h:415,
                 from C:/Users/ddpat/STM32Cube/Repository/STM32Cube_FW_F7_V1.17.2/Drivers/STM32F7xx_HAL_Driver/Inc/stm32f7xx_hal.h:29,
                 from ../Core/Inc/main.h:30,
                 from ../Core/Src/main.c:20:
C:/Users/ddpat/STM32Cube/Repository/STM32Cube_FW_F7_V1.17.2/Drivers/STM32F7xx_HAL_Driver/Inc/stm32f7xx_hal_uart.h:1556:75: note: expected 'uint8_t *' {aka 'unsigned char *'} but argument is of type 'char *'
 1556 | HAL_StatusTypeDef HAL_UART_Receive_IT(UART_HandleTypeDef *huart, uint8_t *pData, uint16_t Size);
      |                                                                  ~~~~~~~~~^~~~~
arm-none-eabi-gcc -o "tsp1.elf" @"objects.list"   -mcpu=cortex-m7 -T"E:\MAD_Lab\spp11\tsp1\STM32F767ZITX_FLASH.ld" --specs=nosys.specs -Wl,-Map="tsp1.map" -Wl,--gc-sections -static --specs=nano.specs -mfpu=fpv5-d16 -mfloat-abi=hard -mthumb -Wl,--start-group -lc -lm -Wl,--end-group
Finished building target: tsp1.elf
 
arm-none-eabi-size  tsp1.elf 
arm-none-eabi-objdump -h -S tsp1.elf  > "tsp1.list"
   text	   data	    bss	    dec	    hex	filename
  18492	     92	   2612	  21196	   52cc	tsp1.elf
Finished building: default.size.stdout
 
Finished building: tsp1.list
 
13:08:13 **** Incremental Build of configuration Debug for project tsp1 ****
make -j12 all 
arm-none-eabi-gcc "../Core/Src/main.c" -mcpu=cortex-m7 -std=gnu11 -g3 -DDEBUG -DUSE_HAL_DRIVER -DSTM32F767xx -c -I../Core/Inc -IC:/Users/ddpat/STM32Cube/Repository/STM32Cube_FW_F7_V1.17.2/Drivers/STM32F7xx_HAL_Driver/Inc -IC:/Users/ddpat/STM32Cube/Repository/STM32Cube_FW_F7_V1.17.2/Drivers/STM32F7xx_HAL_Driver/Inc/Legacy -IC:/Users/ddpat/STM32Cube/Repository/STM32Cube_FW_F7_V1.17.2/Drivers/CMSIS/Device/ST/STM32F7xx/Include -IC:/Users/ddpat/STM32Cube/Repository/STM32Cube_FW_F7_V1.17.2/Drivers/CMSIS/Include -O0 -ffunction-sections -fdata-sections -Wall -fstack-usage -fcyclomatic-complexity -MMD -MP -MF"Core/Src/main.d" -MT"Core/Src/main.o" --specs=nano.specs -mfpu=fpv5-d16 -mfloat-abi=hard -mthumb -o "Core/Src/main.o"
../Core/Src/main.c: In function 'main':
../Core/Src/main.c:209:32: warning: pointer targets in passing argument 2 of 'HAL_UART_Receive_IT' differ in signedness [-Wpointer-sign]
  209 |   HAL_UART_Receive_IT(&huart2, rx_msg_external, sizeof(rx_msg_external));
      |                                ^~~~~~~~~~~~~~~
      |                                |
      |                                char *
In file included from ../Core/Inc/stm32f7xx_hal_conf.h:415,
                 from C:/Users/ddpat/STM32Cube/Repository/STM32Cube_FW_F7_V1.17.2/Drivers/STM32F7xx_HAL_Driver/Inc/stm32f7xx_hal.h:29,
                 from ../Core/Inc/main.h:30,
                 from ../Core/Src/main.c:20:
C:/Users/ddpat/STM32Cube/Repository/STM32Cube_FW_F7_V1.17.2/Drivers/STM32F7xx_HAL_Driver/Inc/stm32f7xx_hal_uart.h:1556:75: note: expected 'uint8_t *' {aka 'unsigned char *'} but argument is of type 'char *'
 1556 | HAL_StatusTypeDef HAL_UART_Receive_IT(UART_HandleTypeDef *huart, uint8_t *pData, uint16_t Size);
      |                                                                  ~~~~~~~~~^~~~~
arm-none-eabi-gcc -o "tsp1.elf" @"objects.list"   -mcpu=cortex-m7 -T"E:\MAD_Lab\spp11\tsp1\STM32F767ZITX_FLASH.ld" --specs=nosys.specs -Wl,-Map="tsp1.map" -Wl,--gc-sections -static --specs=nano.specs -mfpu=fpv5-d16 -mfloat-abi=hard -mthumb -Wl,--start-group -lc -lm -Wl,--end-group
Finished building target: tsp1.elf
 
arm-none-eabi-size  tsp1.elf 
arm-none-eabi-objdump -h -S tsp1.elf  > "tsp1.list"
   text	   data	    bss	    dec	    hex	filename
  18504	     92	   2612	  21208	   52d8	tsp1.elf
Finished building: default.size.stdout
 
Finished building: tsp1.list
 
13:08:41 **** Incremental Build of configuration Debug for project tsp1 ****
make -j12 all 
arm-none-eabi-size  tsp1.elf 
   text	   data	    bss	    dec	    hex	filename
  18504	     92	   2612	  21208	   52d8	tsp1.elf
Finished building: default.size.stdout
 
13:09:47 **** Incremental Build of configuration Debug for project tsp1 ****
make -j12 all 
arm-none-eabi-gcc "../Core/Src/main.c" -mcpu=cortex-m7 -std=gnu11 -g3 -DDEBUG -DUSE_HAL_DRIVER -DSTM32F767xx -c -I../Core/Inc -IC:/Users/ddpat/STM32Cube/Repository/STM32Cube_FW_F7_V1.17.2/Drivers/STM32F7xx_HAL_Driver/Inc -IC:/Users/ddpat/STM32Cube/Repository/STM32Cube_FW_F7_V1.17.2/Drivers/STM32F7xx_HAL_Driver/Inc/Legacy -IC:/Users/ddpat/STM32Cube/Repository/STM32Cube_FW_F7_V1.17.2/Drivers/CMSIS/Device/ST/STM32F7xx/Include -IC:/Users/ddpat/STM32Cube/Repository/STM32Cube_FW_F7_V1.17.2/Drivers/CMSIS/Include -O0 -ffunction-sections -fdata-sections -Wall -fstack-usage -fcyclomatic-complexity -MMD -MP -MF"Core/Src/main.d" -MT"Core/Src/main.o" --specs=nano.specs -mfpu=fpv5-d16 -mfloat-abi=hard -mthumb -o "Core/Src/main.o"
../Core/Src/main.c: In function 'main':
../Core/Src/main.c:209:32: warning: pointer targets in passing argument 2 of 'HAL_UART_Receive_IT' differ in signedness [-Wpointer-sign]
  209 |   HAL_UART_Receive_IT(&huart2, rx_msg_external, sizeof(rx_msg_external));
      |                                ^~~~~~~~~~~~~~~
      |                                |
      |                                char *
In file included from ../Core/Inc/stm32f7xx_hal_conf.h:415,
                 from C:/Users/ddpat/STM32Cube/Repository/STM32Cube_FW_F7_V1.17.2/Drivers/STM32F7xx_HAL_Driver/Inc/stm32f7xx_hal.h:29,
                 from ../Core/Inc/main.h:30,
                 from ../Core/Src/main.c:20:
C:/Users/ddpat/STM32Cube/Repository/STM32Cube_FW_F7_V1.17.2/Drivers/STM32F7xx_HAL_Driver/Inc/stm32f7xx_hal_uart.h:1556:75: note: expected 'uint8_t *' {aka 'unsigned char *'} but argument is of type 'char *'
 1556 | HAL_StatusTypeDef HAL_UART_Receive_IT(UART_HandleTypeDef *huart, uint8_t *pData, uint16_t Size);
      |                                                                  ~~~~~~~~~^~~~~
arm-none-eabi-gcc -o "tsp1.elf" @"objects.list"   -mcpu=cortex-m7 -T"E:\MAD_Lab\spp11\tsp1\STM32F767ZITX_FLASH.ld" --specs=nosys.specs -Wl,-Map="tsp1.map" -Wl,--gc-sections -static --specs=nano.specs -mfpu=fpv5-d16 -mfloat-abi=hard -mthumb -Wl,--start-group -lc -lm -Wl,--end-group
Finished building target: tsp1.elf
 
arm-none-eabi-size  tsp1.elf 
arm-none-eabi-objdump -h -S tsp1.elf  > "tsp1.list"
   text	   data	    bss	    dec	    hex	filename
  18492	     92	   2612	  21196	   52cc	tsp1.elf
Finished building: default.size.stdout
 
Finished building: tsp1.list
 
13:10:00 **** Incremental Build of configuration Debug for project tsp1 ****
make -j12 all 
arm-none-eabi-size  tsp1.elf 
   text	   data	    bss	    dec	    hex	filename
  18492	     92	   2612	  21196	   52cc	tsp1.elf
Finished building: default.size.stdout
 
13:12:13 **** Incremental Build of configuration Debug for project tsp1 ****
make -j12 all 
arm-none-eabi-gcc "../Core/Src/main.c" -mcpu=cortex-m7 -std=gnu11 -g3 -DDEBUG -DUSE_HAL_DRIVER -DSTM32F767xx -c -I../Core/Inc -IC:/Users/ddpat/STM32Cube/Repository/STM32Cube_FW_F7_V1.17.2/Drivers/STM32F7xx_HAL_Driver/Inc -IC:/Users/ddpat/STM32Cube/Repository/STM32Cube_FW_F7_V1.17.2/Drivers/STM32F7xx_HAL_Driver/Inc/Legacy -IC:/Users/ddpat/STM32Cube/Repository/STM32Cube_FW_F7_V1.17.2/Drivers/CMSIS/Device/ST/STM32F7xx/Include -IC:/Users/ddpat/STM32Cube/Repository/STM32Cube_FW_F7_V1.17.2/Drivers/CMSIS/Include -O0 -ffunction-sections -fdata-sections -Wall -fstack-usage -fcyclomatic-complexity -MMD -MP -MF"Core/Src/main.d" -MT"Core/Src/main.o" --specs=nano.specs -mfpu=fpv5-d16 -mfloat-abi=hard -mthumb -o "Core/Src/main.o"
../Core/Src/main.c: In function 'main':
../Core/Src/main.c:209:32: warning: pointer targets in passing argument 2 of 'HAL_UART_Receive_IT' differ in signedness [-Wpointer-sign]
  209 |   HAL_UART_Receive_IT(&huart2, rx_msg_external, sizeof(rx_msg_external));
      |                                ^~~~~~~~~~~~~~~
      |                                |
      |                                char *
In file included from ../Core/Inc/stm32f7xx_hal_conf.h:415,
                 from C:/Users/ddpat/STM32Cube/Repository/STM32Cube_FW_F7_V1.17.2/Drivers/STM32F7xx_HAL_Driver/Inc/stm32f7xx_hal.h:29,
                 from ../Core/Inc/main.h:30,
                 from ../Core/Src/main.c:20:
C:/Users/ddpat/STM32Cube/Repository/STM32Cube_FW_F7_V1.17.2/Drivers/STM32F7xx_HAL_Driver/Inc/stm32f7xx_hal_uart.h:1556:75: note: expected 'uint8_t *' {aka 'unsigned char *'} but argument is of type 'char *'
 1556 | HAL_StatusTypeDef HAL_UART_Receive_IT(UART_HandleTypeDef *huart, uint8_t *pData, uint16_t Size);
      |                                                                  ~~~~~~~~~^~~~~
arm-none-eabi-gcc -o "tsp1.elf" @"objects.list"   -mcpu=cortex-m7 -T"E:\MAD_Lab\spp11\tsp1\STM32F767ZITX_FLASH.ld" --specs=nosys.specs -Wl,-Map="tsp1.map" -Wl,--gc-sections -static --specs=nano.specs -mfpu=fpv5-d16 -mfloat-abi=hard -mthumb -Wl,--start-group -lc -lm -Wl,--end-group
Finished building target: tsp1.elf
 
arm-none-eabi-size  tsp1.elf 
arm-none-eabi-objdump -h -S tsp1.elf  > "tsp1.list"
   text	   data	    bss	    dec	    hex	filename
  18396	     92	   2516	  21004	   520c	tsp1.elf
Finished building: default.size.stdout
 
Finished building: tsp1.list
 
13:12:32 **** Incremental Build of configuration Debug for project tsp1 ****
make -j12 all 
arm-none-eabi-size  tsp1.elf 
   text	   data	    bss	    dec	    hex	filename
  18396	     92	   2516	  21004	   520c	tsp1.elf
Finished building: default.size.stdout
 
13:18:12 **** Incremental Build of configuration Debug for project tsp1 ****
make -j12 all 
arm-none-eabi-gcc "../Core/Src/main.c" -mcpu=cortex-m7 -std=gnu11 -g3 -DDEBUG -DUSE_HAL_DRIVER -DSTM32F767xx -c -I../Core/Inc -IC:/Users/ddpat/STM32Cube/Repository/STM32Cube_FW_F7_V1.17.2/Drivers/STM32F7xx_HAL_Driver/Inc -IC:/Users/ddpat/STM32Cube/Repository/STM32Cube_FW_F7_V1.17.2/Drivers/STM32F7xx_HAL_Driver/Inc/Legacy -IC:/Users/ddpat/STM32Cube/Repository/STM32Cube_FW_F7_V1.17.2/Drivers/CMSIS/Device/ST/STM32F7xx/Include -IC:/Users/ddpat/STM32Cube/Repository/STM32Cube_FW_F7_V1.17.2/Drivers/CMSIS/Include -O0 -ffunction-sections -fdata-sections -Wall -fstack-usage -fcyclomatic-complexity -MMD -MP -MF"Core/Src/main.d" -MT"Core/Src/main.o" --specs=nano.specs -mfpu=fpv5-d16 -mfloat-abi=hard -mthumb -o "Core/Src/main.o"
../Core/Src/main.c: In function 'main':
../Core/Src/main.c:218:32: warning: pointer targets in passing argument 2 of 'HAL_UART_Receive_IT' differ in signedness [-Wpointer-sign]
  218 |   HAL_UART_Receive_IT(&huart2, rx_msg_external, sizeof(rx_msg_external));
      |                                ^~~~~~~~~~~~~~~
      |                                |
      |                                char *
In file included from ../Core/Inc/stm32f7xx_hal_conf.h:415,
                 from C:/Users/ddpat/STM32Cube/Repository/STM32Cube_FW_F7_V1.17.2/Drivers/STM32F7xx_HAL_Driver/Inc/stm32f7xx_hal.h:29,
                 from ../Core/Inc/main.h:30,
                 from ../Core/Src/main.c:20:
C:/Users/ddpat/STM32Cube/Repository/STM32Cube_FW_F7_V1.17.2/Drivers/STM32F7xx_HAL_Driver/Inc/stm32f7xx_hal_uart.h:1556:75: note: expected 'uint8_t *' {aka 'unsigned char *'} but argument is of type 'char *'
 1556 | HAL_StatusTypeDef HAL_UART_Receive_IT(UART_HandleTypeDef *huart, uint8_t *pData, uint16_t Size);
      |                                                                  ~~~~~~~~~^~~~~
arm-none-eabi-gcc -o "tsp1.elf" @"objects.list"   -mcpu=cortex-m7 -T"E:\MAD_Lab\spp11\tsp1\STM32F767ZITX_FLASH.ld" --specs=nosys.specs -Wl,-Map="tsp1.map" -Wl,--gc-sections -static --specs=nano.specs -mfpu=fpv5-d16 -mfloat-abi=hard -mthumb -Wl,--start-group -lc -lm -Wl,--end-group
Finished building target: tsp1.elf
 
arm-none-eabi-size  tsp1.elf 
arm-none-eabi-objdump -h -S tsp1.elf  > "tsp1.list"
   text	   data	    bss	    dec	    hex	filename
  20448	    104	   2520	  23072	   5a20	tsp1.elf
Finished building: default.size.stdout
 
Finished building: tsp1.list
 
13:18:42 **** Incremental Build of configuration Debug for project tsp1 ****
make -j12 all 
arm-none-eabi-gcc "../Core/Src/main.c" -mcpu=cortex-m7 -std=gnu11 -g3 -DDEBUG -DUSE_HAL_DRIVER -DSTM32F767xx -c -I../Core/Inc -IC:/Users/ddpat/STM32Cube/Repository/STM32Cube_FW_F7_V1.17.2/Drivers/STM32F7xx_HAL_Driver/Inc -IC:/Users/ddpat/STM32Cube/Repository/STM32Cube_FW_F7_V1.17.2/Drivers/STM32F7xx_HAL_Driver/Inc/Legacy -IC:/Users/ddpat/STM32Cube/Repository/STM32Cube_FW_F7_V1.17.2/Drivers/CMSIS/Device/ST/STM32F7xx/Include -IC:/Users/ddpat/STM32Cube/Repository/STM32Cube_FW_F7_V1.17.2/Drivers/CMSIS/Include -O0 -ffunction-sections -fdata-sections -Wall -fstack-usage -fcyclomatic-complexity -MMD -MP -MF"Core/Src/main.d" -MT"Core/Src/main.o" --specs=nano.specs -mfpu=fpv5-d16 -mfloat-abi=hard -mthumb -o "Core/Src/main.o"
../Core/Src/main.c: In function 'main':
../Core/Src/main.c:218:32: warning: pointer targets in passing argument 2 of 'HAL_UART_Receive_IT' differ in signedness [-Wpointer-sign]
  218 |   HAL_UART_Receive_IT(&huart2, rx_msg_external, sizeof(rx_msg_external));
      |                                ^~~~~~~~~~~~~~~
      |                                |
      |                                char *
In file included from ../Core/Inc/stm32f7xx_hal_conf.h:415,
                 from C:/Users/ddpat/STM32Cube/Repository/STM32Cube_FW_F7_V1.17.2/Drivers/STM32F7xx_HAL_Driver/Inc/stm32f7xx_hal.h:29,
                 from ../Core/Inc/main.h:30,
                 from ../Core/Src/main.c:20:
C:/Users/ddpat/STM32Cube/Repository/STM32Cube_FW_F7_V1.17.2/Drivers/STM32F7xx_HAL_Driver/Inc/stm32f7xx_hal_uart.h:1556:75: note: expected 'uint8_t *' {aka 'unsigned char *'} but argument is of type 'char *'
 1556 | HAL_StatusTypeDef HAL_UART_Receive_IT(UART_HandleTypeDef *huart, uint8_t *pData, uint16_t Size);
      |                                                                  ~~~~~~~~~^~~~~
arm-none-eabi-gcc -o "tsp1.elf" @"objects.list"   -mcpu=cortex-m7 -T"E:\MAD_Lab\spp11\tsp1\STM32F767ZITX_FLASH.ld" --specs=nosys.specs -Wl,-Map="tsp1.map" -Wl,--gc-sections -static --specs=nano.specs -mfpu=fpv5-d16 -mfloat-abi=hard -mthumb -Wl,--start-group -lc -lm -Wl,--end-group
Finished building target: tsp1.elf
 
arm-none-eabi-size  tsp1.elf 
arm-none-eabi-objdump -h -S tsp1.elf  > "tsp1.list"
   text	   data	    bss	    dec	    hex	filename
  20560	    104	   2616	  23280	   5af0	tsp1.elf
Finished building: default.size.stdout
 
Finished building: tsp1.list
 
13:18:46 **** Incremental Build of configuration Debug for project tsp1 ****
make -j12 all 
arm-none-eabi-size  tsp1.elf 
   text	   data	    bss	    dec	    hex	filename
  20560	    104	   2616	  23280	   5af0	tsp1.elf
Finished building: default.size.stdout
 
13:19:37 **** Incremental Build of configuration Debug for project tsp1 ****
make -j12 all 
arm-none-eabi-gcc "../Core/Src/main.c" -mcpu=cortex-m7 -std=gnu11 -g3 -DDEBUG -DUSE_HAL_DRIVER -DSTM32F767xx -c -I../Core/Inc -IC:/Users/ddpat/STM32Cube/Repository/STM32Cube_FW_F7_V1.17.2/Drivers/STM32F7xx_HAL_Driver/Inc -IC:/Users/ddpat/STM32Cube/Repository/STM32Cube_FW_F7_V1.17.2/Drivers/STM32F7xx_HAL_Driver/Inc/Legacy -IC:/Users/ddpat/STM32Cube/Repository/STM32Cube_FW_F7_V1.17.2/Drivers/CMSIS/Device/ST/STM32F7xx/Include -IC:/Users/ddpat/STM32Cube/Repository/STM32Cube_FW_F7_V1.17.2/Drivers/CMSIS/Include -O0 -ffunction-sections -fdata-sections -Wall -fstack-usage -fcyclomatic-complexity -MMD -MP -MF"Core/Src/main.d" -MT"Core/Src/main.o" --specs=nano.specs -mfpu=fpv5-d16 -mfloat-abi=hard -mthumb -o "Core/Src/main.o"
../Core/Src/main.c: In function 'main':
../Core/Src/main.c:219:32: warning: pointer targets in passing argument 2 of 'HAL_UART_Receive_IT' differ in signedness [-Wpointer-sign]
  219 |   HAL_UART_Receive_IT(&huart2, rx_msg_external, sizeof(rx_msg_external));
      |                                ^~~~~~~~~~~~~~~
      |                                |
      |                                char *
In file included from ../Core/Inc/stm32f7xx_hal_conf.h:415,
                 from C:/Users/ddpat/STM32Cube/Repository/STM32Cube_FW_F7_V1.17.2/Drivers/STM32F7xx_HAL_Driver/Inc/stm32f7xx_hal.h:29,
                 from ../Core/Inc/main.h:30,
                 from ../Core/Src/main.c:20:
C:/Users/ddpat/STM32Cube/Repository/STM32Cube_FW_F7_V1.17.2/Drivers/STM32F7xx_HAL_Driver/Inc/stm32f7xx_hal_uart.h:1556:75: note: expected 'uint8_t *' {aka 'unsigned char *'} but argument is of type 'char *'
 1556 | HAL_StatusTypeDef HAL_UART_Receive_IT(UART_HandleTypeDef *huart, uint8_t *pData, uint16_t Size);
      |                                                                  ~~~~~~~~~^~~~~
arm-none-eabi-gcc -o "tsp1.elf" @"objects.list"   -mcpu=cortex-m7 -T"E:\MAD_Lab\spp11\tsp1\STM32F767ZITX_FLASH.ld" --specs=nosys.specs -Wl,-Map="tsp1.map" -Wl,--gc-sections -static --specs=nano.specs -mfpu=fpv5-d16 -mfloat-abi=hard -mthumb -Wl,--start-group -lc -lm -Wl,--end-group
Finished building target: tsp1.elf
 
arm-none-eabi-size  tsp1.elf 
arm-none-eabi-objdump -h -S tsp1.elf  > "tsp1.list"
   text	   data	    bss	    dec	    hex	filename
  18592	     92	   2612	  21296	   5330	tsp1.elf
Finished building: default.size.stdout
 
Finished building: tsp1.list
 
13:19:50 **** Incremental Build of configuration Debug for project tsp1 ****
make -j12 all 
arm-none-eabi-size  tsp1.elf 
   text	   data	    bss	    dec	    hex	filename
  18592	     92	   2612	  21296	   5330	tsp1.elf
Finished building: default.size.stdout
 
15:59:09 **** Incremental Build of configuration Debug for project tsp1 ****
make -j12 all 
arm-none-eabi-gcc "../Core/Src/main.c" -mcpu=cortex-m7 -std=gnu11 -g3 -DDEBUG -DUSE_HAL_DRIVER -DSTM32F767xx -c -I../Core/Inc -IC:/Users/ddpat/STM32Cube/Repository/STM32Cube_FW_F7_V1.17.2/Drivers/STM32F7xx_HAL_Driver/Inc -IC:/Users/ddpat/STM32Cube/Repository/STM32Cube_FW_F7_V1.17.2/Drivers/STM32F7xx_HAL_Driver/Inc/Legacy -IC:/Users/ddpat/STM32Cube/Repository/STM32Cube_FW_F7_V1.17.2/Drivers/CMSIS/Device/ST/STM32F7xx/Include -IC:/Users/ddpat/STM32Cube/Repository/STM32Cube_FW_F7_V1.17.2/Drivers/CMSIS/Include -O0 -ffunction-sections -fdata-sections -Wall -fstack-usage -fcyclomatic-complexity -MMD -MP -MF"Core/Src/main.d" -MT"Core/Src/main.o" --specs=nano.specs -mfpu=fpv5-d16 -mfloat-abi=hard -mthumb -o "Core/Src/main.o"
../Core/Src/main.c: In function 'HAL_UART_RxCpltCallback':
../Core/Src/main.c:87:16: warning: statement with no effect [-Wunused-value]
   87 |         status == 1;
      |         ~~~~~~~^~~~
../Core/Src/main.c:81:13: warning: unused variable 'start_index' [-Wunused-variable]
   81 |         int start_index = 0;
      |             ^~~~~~~~~~~
../Core/Src/main.c: In function 'main':
../Core/Src/main.c:211:32: warning: pointer targets in passing argument 2 of 'HAL_UART_Receive_IT' differ in signedness [-Wpointer-sign]
  211 |   HAL_UART_Receive_IT(&huart2, rx_msg_external, sizeof(rx_msg_external));
      |                                ^~~~~~~~~~~~~~~
      |                                |
      |                                char *
In file included from ../Core/Inc/stm32f7xx_hal_conf.h:415,
                 from C:/Users/ddpat/STM32Cube/Repository/STM32Cube_FW_F7_V1.17.2/Drivers/STM32F7xx_HAL_Driver/Inc/stm32f7xx_hal.h:29,
                 from ../Core/Inc/main.h:30,
                 from ../Core/Src/main.c:20:
C:/Users/ddpat/STM32Cube/Repository/STM32Cube_FW_F7_V1.17.2/Drivers/STM32F7xx_HAL_Driver/Inc/stm32f7xx_hal_uart.h:1556:75: note: expected 'uint8_t *' {aka 'unsigned char *'} but argument is of type 'char *'
 1556 | HAL_StatusTypeDef HAL_UART_Receive_IT(UART_HandleTypeDef *huart, uint8_t *pData, uint16_t Size);
      |                                                                  ~~~~~~~~~^~~~~
arm-none-eabi-gcc -o "tsp1.elf" @"objects.list"   -mcpu=cortex-m7 -T"E:\MAD_Lab\spp11\tsp1\STM32F767ZITX_FLASH.ld" --specs=nosys.specs -Wl,-Map="tsp1.map" -Wl,--gc-sections -static --specs=nano.specs -mfpu=fpv5-d16 -mfloat-abi=hard -mthumb -Wl,--start-group -lc -lm -Wl,--end-group
Finished building target: tsp1.elf
 
arm-none-eabi-size  tsp1.elf 
arm-none-eabi-objdump -h -S tsp1.elf  > "tsp1.list"
   text	   data	    bss	    dec	    hex	filename
  18400	     92	   2516	  21008	   5210	tsp1.elf
Finished building: default.size.stdout
 
Finished building: tsp1.list
 
16:00:16 **** Incremental Build of configuration Debug for project tsp1 ****
make -j12 all 
arm-none-eabi-size  tsp1.elf 
   text	   data	    bss	    dec	    hex	filename
  18400	     92	   2516	  21008	   5210	tsp1.elf
Finished building: default.size.stdout
 
16:02:05 **** Incremental Build of configuration Debug for project tsp1 ****
make -j12 all 
arm-none-eabi-gcc "../Core/Src/main.c" -mcpu=cortex-m7 -std=gnu11 -g3 -DDEBUG -DUSE_HAL_DRIVER -DSTM32F767xx -c -I../Core/Inc -IC:/Users/ddpat/STM32Cube/Repository/STM32Cube_FW_F7_V1.17.2/Drivers/STM32F7xx_HAL_Driver/Inc -IC:/Users/ddpat/STM32Cube/Repository/STM32Cube_FW_F7_V1.17.2/Drivers/STM32F7xx_HAL_Driver/Inc/Legacy -IC:/Users/ddpat/STM32Cube/Repository/STM32Cube_FW_F7_V1.17.2/Drivers/CMSIS/Device/ST/STM32F7xx/Include -IC:/Users/ddpat/STM32Cube/Repository/STM32Cube_FW_F7_V1.17.2/Drivers/CMSIS/Include -O0 -ffunction-sections -fdata-sections -Wall -fstack-usage -fcyclomatic-complexity -MMD -MP -MF"Core/Src/main.d" -MT"Core/Src/main.o" --specs=nano.specs -mfpu=fpv5-d16 -mfloat-abi=hard -mthumb -o "Core/Src/main.o"
../Core/Src/main.c: In function 'HAL_UART_RxCpltCallback':
../Core/Src/main.c:81:13: warning: unused variable 'start_index' [-Wunused-variable]
   81 |         int start_index = 0;
      |             ^~~~~~~~~~~
../Core/Src/main.c: In function 'main':
../Core/Src/main.c:211:32: warning: pointer targets in passing argument 2 of 'HAL_UART_Receive_IT' differ in signedness [-Wpointer-sign]
  211 |   HAL_UART_Receive_IT(&huart2, rx_msg_external, sizeof(rx_msg_external));
      |                                ^~~~~~~~~~~~~~~
      |                                |
      |                                char *
In file included from ../Core/Inc/stm32f7xx_hal_conf.h:415,
                 from C:/Users/ddpat/STM32Cube/Repository/STM32Cube_FW_F7_V1.17.2/Drivers/STM32F7xx_HAL_Driver/Inc/stm32f7xx_hal.h:29,
                 from ../Core/Inc/main.h:30,
                 from ../Core/Src/main.c:20:
C:/Users/ddpat/STM32Cube/Repository/STM32Cube_FW_F7_V1.17.2/Drivers/STM32F7xx_HAL_Driver/Inc/stm32f7xx_hal_uart.h:1556:75: note: expected 'uint8_t *' {aka 'unsigned char *'} but argument is of type 'char *'
 1556 | HAL_StatusTypeDef HAL_UART_Receive_IT(UART_HandleTypeDef *huart, uint8_t *pData, uint16_t Size);
      |                                                                  ~~~~~~~~~^~~~~
arm-none-eabi-gcc -o "tsp1.elf" @"objects.list"   -mcpu=cortex-m7 -T"E:\MAD_Lab\spp11\tsp1\STM32F767ZITX_FLASH.ld" --specs=nosys.specs -Wl,-Map="tsp1.map" -Wl,--gc-sections -static --specs=nano.specs -mfpu=fpv5-d16 -mfloat-abi=hard -mthumb -Wl,--start-group -lc -lm -Wl,--end-group
Finished building target: tsp1.elf
 
arm-none-eabi-size  tsp1.elf 
arm-none-eabi-objdump -h -S tsp1.elf  > "tsp1.list"
   text	   data	    bss	    dec	    hex	filename
  18412	     92	   2516	  21020	   521c	tsp1.elf
Finished building: default.size.stdout
 
Finished building: tsp1.list
 
16:02:18 **** Incremental Build of configuration Debug for project tsp1 ****
make -j12 all 
arm-none-eabi-size  tsp1.elf 
   text	   data	    bss	    dec	    hex	filename
  18412	     92	   2516	  21020	   521c	tsp1.elf
Finished building: default.size.stdout
 
16:45:46 **** Incremental Build of configuration Debug for project tsp1 ****
make -j12 all 
arm-none-eabi-gcc "../Core/Src/main.c" -mcpu=cortex-m7 -std=gnu11 -g3 -DDEBUG -DUSE_HAL_DRIVER -DSTM32F767xx -c -I../Core/Inc -IC:/Users/ddpat/STM32Cube/Repository/STM32Cube_FW_F7_V1.17.2/Drivers/STM32F7xx_HAL_Driver/Inc -IC:/Users/ddpat/STM32Cube/Repository/STM32Cube_FW_F7_V1.17.2/Drivers/STM32F7xx_HAL_Driver/Inc/Legacy -IC:/Users/ddpat/STM32Cube/Repository/STM32Cube_FW_F7_V1.17.2/Drivers/CMSIS/Device/ST/STM32F7xx/Include -IC:/Users/ddpat/STM32Cube/Repository/STM32Cube_FW_F7_V1.17.2/Drivers/CMSIS/Include -O0 -ffunction-sections -fdata-sections -Wall -fstack-usage -fcyclomatic-complexity -MMD -MP -MF"Core/Src/main.d" -MT"Core/Src/main.o" --specs=nano.specs -mfpu=fpv5-d16 -mfloat-abi=hard -mthumb -o "Core/Src/main.o"
../Core/Src/main.c: In function 'main':
../Core/Src/main.c:211:32: warning: pointer targets in passing argument 2 of 'HAL_UART_Receive_IT' differ in signedness [-Wpointer-sign]
  211 |   HAL_UART_Receive_IT(&huart2, rx_msg_external, sizeof(rx_msg_external));
      |                                ^~~~~~~~~~~~~~~
      |                                |
      |                                char *
In file included from ../Core/Inc/stm32f7xx_hal_conf.h:415,
                 from C:/Users/ddpat/STM32Cube/Repository/STM32Cube_FW_F7_V1.17.2/Drivers/STM32F7xx_HAL_Driver/Inc/stm32f7xx_hal.h:29,
                 from ../Core/Inc/main.h:30,
                 from ../Core/Src/main.c:20:
C:/Users/ddpat/STM32Cube/Repository/STM32Cube_FW_F7_V1.17.2/Drivers/STM32F7xx_HAL_Driver/Inc/stm32f7xx_hal_uart.h:1556:75: note: expected 'uint8_t *' {aka 'unsigned char *'} but argument is of type 'char *'
 1556 | HAL_StatusTypeDef HAL_UART_Receive_IT(UART_HandleTypeDef *huart, uint8_t *pData, uint16_t Size);
      |                                                                  ~~~~~~~~~^~~~~
arm-none-eabi-gcc -o "tsp1.elf" @"objects.list"   -mcpu=cortex-m7 -T"E:\MAD_Lab\spp11\tsp1\STM32F767ZITX_FLASH.ld" --specs=nosys.specs -Wl,-Map="tsp1.map" -Wl,--gc-sections -static --specs=nano.specs -mfpu=fpv5-d16 -mfloat-abi=hard -mthumb -Wl,--start-group -lc -lm -Wl,--end-group
Finished building target: tsp1.elf
 
arm-none-eabi-size  tsp1.elf 
arm-none-eabi-objdump -h -S tsp1.elf  > "tsp1.list"
   text	   data	    bss	    dec	    hex	filename
  18528	     92	   2612	  21232	   52f0	tsp1.elf
Finished building: default.size.stdout
 
Finished building: tsp1.list
 
16:45:53 **** Incremental Build of configuration Debug for project tsp1 ****
make -j12 all 
arm-none-eabi-size  tsp1.elf 
   text	   data	    bss	    dec	    hex	filename
  18528	     92	   2612	  21232	   52f0	tsp1.elf
Finished building: default.size.stdout
 
16:46:05 **** Incremental Build of configuration Debug for project tsp1 ****
make -j12 all 
arm-none-eabi-size  tsp1.elf 
   text	   data	    bss	    dec	    hex	filename
  18528	     92	   2612	  21232	   52f0	tsp1.elf
Finished building: default.size.stdout
 
16:57:02 **** Incremental Build of configuration Debug for project tsp1 ****
make -j12 all 
arm-none-eabi-gcc "../Core/Src/main.c" -mcpu=cortex-m7 -std=gnu11 -g3 -DDEBUG -DUSE_HAL_DRIVER -DSTM32F767xx -c -I../Core/Inc -IC:/Users/ddpat/STM32Cube/Repository/STM32Cube_FW_F7_V1.17.2/Drivers/STM32F7xx_HAL_Driver/Inc -IC:/Users/ddpat/STM32Cube/Repository/STM32Cube_FW_F7_V1.17.2/Drivers/STM32F7xx_HAL_Driver/Inc/Legacy -IC:/Users/ddpat/STM32Cube/Repository/STM32Cube_FW_F7_V1.17.2/Drivers/CMSIS/Device/ST/STM32F7xx/Include -IC:/Users/ddpat/STM32Cube/Repository/STM32Cube_FW_F7_V1.17.2/Drivers/CMSIS/Include -O0 -ffunction-sections -fdata-sections -Wall -fstack-usage -fcyclomatic-complexity -MMD -MP -MF"Core/Src/main.d" -MT"Core/Src/main.o" --specs=nano.specs -mfpu=fpv5-d16 -mfloat-abi=hard -mthumb -o "Core/Src/main.o"
../Core/Src/main.c: In function 'main':
../Core/Src/main.c:191:32: warning: pointer targets in passing argument 2 of 'HAL_UART_Receive_IT' differ in signedness [-Wpointer-sign]
  191 |   HAL_UART_Receive_IT(&huart2, rx_msg_external, sizeof(rx_msg_external));
      |                                ^~~~~~~~~~~~~~~
      |                                |
      |                                char *
In file included from ../Core/Inc/stm32f7xx_hal_conf.h:415,
                 from C:/Users/ddpat/STM32Cube/Repository/STM32Cube_FW_F7_V1.17.2/Drivers/STM32F7xx_HAL_Driver/Inc/stm32f7xx_hal.h:29,
                 from ../Core/Inc/main.h:30,
                 from ../Core/Src/main.c:20:
C:/Users/ddpat/STM32Cube/Repository/STM32Cube_FW_F7_V1.17.2/Drivers/STM32F7xx_HAL_Driver/Inc/stm32f7xx_hal_uart.h:1556:75: note: expected 'uint8_t *' {aka 'unsigned char *'} but argument is of type 'char *'
 1556 | HAL_StatusTypeDef HAL_UART_Receive_IT(UART_HandleTypeDef *huart, uint8_t *pData, uint16_t Size);
      |                                                                  ~~~~~~~~~^~~~~
../Core/Src/main.c:242:91: warning: '%s' directive output may be truncated writing up to 99 bytes into a region of size between 47 and 96 [-Wformat-truncation=]
  242 |                                           snprintf(tx_message, sizeof(tx_message), "%s => %s ", name, rx_message);
      |                                                                                           ^~          ~~~~~~~~~~
../Core/Src/main.c:242:43: note: 'snprintf' output between 6 and 154 bytes into a destination of size 100
  242 |                                           snprintf(tx_message, sizeof(tx_message), "%s => %s ", name, rx_message);
      |                                           ^~~~~~~~~~~~~~~~~~~~~~~~~~~~~~~~~~~~~~~~~~~~~~~~~~~~~~~~~~~~~~~~~~~~~~~
arm-none-eabi-gcc -o "tsp1.elf" @"objects.list"   -mcpu=cortex-m7 -T"E:\MAD_Lab\spp11\tsp1\STM32F767ZITX_FLASH.ld" --specs=nosys.specs -Wl,-Map="tsp1.map" -Wl,--gc-sections -static --specs=nano.specs -mfpu=fpv5-d16 -mfloat-abi=hard -mthumb -Wl,--start-group -lc -lm -Wl,--end-group
Finished building target: tsp1.elf
 
arm-none-eabi-size  tsp1.elf 
arm-none-eabi-objdump -h -S tsp1.elf  > "tsp1.list"
   text	   data	    bss	    dec	    hex	filename
  19392	     92	   2780	  22264	   56f8	tsp1.elf
Finished building: default.size.stdout
 
Finished building: tsp1.list
 
16:59:52 **** Incremental Build of configuration Debug for project tsp1 ****
make -j12 all 
arm-none-eabi-gcc "../Core/Src/main.c" -mcpu=cortex-m7 -std=gnu11 -g3 -DDEBUG -DUSE_HAL_DRIVER -DSTM32F767xx -c -I../Core/Inc -IC:/Users/ddpat/STM32Cube/Repository/STM32Cube_FW_F7_V1.17.2/Drivers/STM32F7xx_HAL_Driver/Inc -IC:/Users/ddpat/STM32Cube/Repository/STM32Cube_FW_F7_V1.17.2/Drivers/STM32F7xx_HAL_Driver/Inc/Legacy -IC:/Users/ddpat/STM32Cube/Repository/STM32Cube_FW_F7_V1.17.2/Drivers/CMSIS/Device/ST/STM32F7xx/Include -IC:/Users/ddpat/STM32Cube/Repository/STM32Cube_FW_F7_V1.17.2/Drivers/CMSIS/Include -O0 -ffunction-sections -fdata-sections -Wall -fstack-usage -fcyclomatic-complexity -MMD -MP -MF"Core/Src/main.d" -MT"Core/Src/main.o" --specs=nano.specs -mfpu=fpv5-d16 -mfloat-abi=hard -mthumb -o "Core/Src/main.o"
../Core/Src/main.c: In function 'main':
../Core/Src/main.c:191:32: warning: pointer targets in passing argument 2 of 'HAL_UART_Receive_IT' differ in signedness [-Wpointer-sign]
  191 |   HAL_UART_Receive_IT(&huart2, rx_msg_external, sizeof(rx_msg_external));
      |                                ^~~~~~~~~~~~~~~
      |                                |
      |                                char *
In file included from ../Core/Inc/stm32f7xx_hal_conf.h:415,
                 from C:/Users/ddpat/STM32Cube/Repository/STM32Cube_FW_F7_V1.17.2/Drivers/STM32F7xx_HAL_Driver/Inc/stm32f7xx_hal.h:29,
                 from ../Core/Inc/main.h:30,
                 from ../Core/Src/main.c:20:
C:/Users/ddpat/STM32Cube/Repository/STM32Cube_FW_F7_V1.17.2/Drivers/STM32F7xx_HAL_Driver/Inc/stm32f7xx_hal_uart.h:1556:75: note: expected 'uint8_t *' {aka 'unsigned char *'} but argument is of type 'char *'
 1556 | HAL_StatusTypeDef HAL_UART_Receive_IT(UART_HandleTypeDef *huart, uint8_t *pData, uint16_t Size);
      |                                                                  ~~~~~~~~~^~~~~
../Core/Src/main.c:240:91: warning: '%s' directive output may be truncated writing up to 99 bytes into a region of size between 47 and 96 [-Wformat-truncation=]
  240 |                                           snprintf(tx_message, sizeof(tx_message), "%s => %s ", name, rx_message);
      |                                                                                           ^~          ~~~~~~~~~~
../Core/Src/main.c:240:43: note: 'snprintf' output between 6 and 154 bytes into a destination of size 100
  240 |                                           snprintf(tx_message, sizeof(tx_message), "%s => %s ", name, rx_message);
      |                                           ^~~~~~~~~~~~~~~~~~~~~~~~~~~~~~~~~~~~~~~~~~~~~~~~~~~~~~~~~~~~~~~~~~~~~~~
arm-none-eabi-gcc -o "tsp1.elf" @"objects.list"   -mcpu=cortex-m7 -T"E:\MAD_Lab\spp11\tsp1\STM32F767ZITX_FLASH.ld" --specs=nosys.specs -Wl,-Map="tsp1.map" -Wl,--gc-sections -static --specs=nano.specs -mfpu=fpv5-d16 -mfloat-abi=hard -mthumb -Wl,--start-group -lc -lm -Wl,--end-group
Finished building target: tsp1.elf
 
arm-none-eabi-size  tsp1.elf 
arm-none-eabi-objdump -h -S tsp1.elf  > "tsp1.list"
   text	   data	    bss	    dec	    hex	filename
  19392	     92	   2780	  22264	   56f8	tsp1.elf
Finished building: default.size.stdout
 
Finished building: tsp1.list
 
17:04:35 **** Incremental Build of configuration Debug for project tsp1 ****
make -j12 all 
arm-none-eabi-gcc "../Core/Src/main.c" -mcpu=cortex-m7 -std=gnu11 -g3 -DDEBUG -DUSE_HAL_DRIVER -DSTM32F767xx -c -I../Core/Inc -IC:/Users/ddpat/STM32Cube/Repository/STM32Cube_FW_F7_V1.17.2/Drivers/STM32F7xx_HAL_Driver/Inc -IC:/Users/ddpat/STM32Cube/Repository/STM32Cube_FW_F7_V1.17.2/Drivers/STM32F7xx_HAL_Driver/Inc/Legacy -IC:/Users/ddpat/STM32Cube/Repository/STM32Cube_FW_F7_V1.17.2/Drivers/CMSIS/Device/ST/STM32F7xx/Include -IC:/Users/ddpat/STM32Cube/Repository/STM32Cube_FW_F7_V1.17.2/Drivers/CMSIS/Include -O0 -ffunction-sections -fdata-sections -Wall -fstack-usage -fcyclomatic-complexity -MMD -MP -MF"Core/Src/main.d" -MT"Core/Src/main.o" --specs=nano.specs -mfpu=fpv5-d16 -mfloat-abi=hard -mthumb -o "Core/Src/main.o"
../Core/Src/main.c: In function 'main':
../Core/Src/main.c:193:32: warning: pointer targets in passing argument 2 of 'HAL_UART_Receive_IT' differ in signedness [-Wpointer-sign]
  193 |   HAL_UART_Receive_IT(&huart2, rx_msg_external, sizeof(rx_msg_external));
      |                                ^~~~~~~~~~~~~~~
      |                                |
      |                                char *
In file included from ../Core/Inc/stm32f7xx_hal_conf.h:415,
                 from C:/Users/ddpat/STM32Cube/Repository/STM32Cube_FW_F7_V1.17.2/Drivers/STM32F7xx_HAL_Driver/Inc/stm32f7xx_hal.h:29,
                 from ../Core/Inc/main.h:30,
                 from ../Core/Src/main.c:20:
C:/Users/ddpat/STM32Cube/Repository/STM32Cube_FW_F7_V1.17.2/Drivers/STM32F7xx_HAL_Driver/Inc/stm32f7xx_hal_uart.h:1556:75: note: expected 'uint8_t *' {aka 'unsigned char *'} but argument is of type 'char *'
 1556 | HAL_StatusTypeDef HAL_UART_Receive_IT(UART_HandleTypeDef *huart, uint8_t *pData, uint16_t Size);
      |                                                                  ~~~~~~~~~^~~~~
../Core/Src/main.c:243:91: warning: '%s' directive output may be truncated writing up to 99 bytes into a region of size between 47 and 96 [-Wformat-truncation=]
  243 |                                           snprintf(tx_message, sizeof(tx_message), "%s => %s\r\n", name, rx_message);
      |                                                                                           ^~             ~~~~~~~~~~
../Core/Src/main.c:243:43: note: 'snprintf' output between 7 and 155 bytes into a destination of size 100
  243 |                                           snprintf(tx_message, sizeof(tx_message), "%s => %s\r\n", name, rx_message);
      |                                           ^~~~~~~~~~~~~~~~~~~~~~~~~~~~~~~~~~~~~~~~~~~~~~~~~~~~~~~~~~~~~~~~~~~~~~~~~~
arm-none-eabi-gcc -o "tsp1.elf" @"objects.list"   -mcpu=cortex-m7 -T"E:\MAD_Lab\spp11\tsp1\STM32F767ZITX_FLASH.ld" --specs=nosys.specs -Wl,-Map="tsp1.map" -Wl,--gc-sections -static --specs=nano.specs -mfpu=fpv5-d16 -mfloat-abi=hard -mthumb -Wl,--start-group -lc -lm -Wl,--end-group
Finished building target: tsp1.elf
 
arm-none-eabi-size  tsp1.elf 
arm-none-eabi-objdump -h -S tsp1.elf  > "tsp1.list"
   text	   data	    bss	    dec	    hex	filename
  19340	     92	   2780	  22212	   56c4	tsp1.elf
Finished building: default.size.stdout
 
Finished building: tsp1.list
 
17:06:18 **** Incremental Build of configuration Debug for project tsp1 ****
make -j12 all 
arm-none-eabi-gcc "../Core/Src/main.c" -mcpu=cortex-m7 -std=gnu11 -g3 -DDEBUG -DUSE_HAL_DRIVER -DSTM32F767xx -c -I../Core/Inc -IC:/Users/ddpat/STM32Cube/Repository/STM32Cube_FW_F7_V1.17.2/Drivers/STM32F7xx_HAL_Driver/Inc -IC:/Users/ddpat/STM32Cube/Repository/STM32Cube_FW_F7_V1.17.2/Drivers/STM32F7xx_HAL_Driver/Inc/Legacy -IC:/Users/ddpat/STM32Cube/Repository/STM32Cube_FW_F7_V1.17.2/Drivers/CMSIS/Device/ST/STM32F7xx/Include -IC:/Users/ddpat/STM32Cube/Repository/STM32Cube_FW_F7_V1.17.2/Drivers/CMSIS/Include -O0 -ffunction-sections -fdata-sections -Wall -fstack-usage -fcyclomatic-complexity -MMD -MP -MF"Core/Src/main.d" -MT"Core/Src/main.o" --specs=nano.specs -mfpu=fpv5-d16 -mfloat-abi=hard -mthumb -o "Core/Src/main.o"
../Core/Src/main.c: In function 'main':
../Core/Src/main.c:193:32: warning: pointer targets in passing argument 2 of 'HAL_UART_Receive_IT' differ in signedness [-Wpointer-sign]
  193 |   HAL_UART_Receive_IT(&huart2, rx_msg_external, sizeof(rx_msg_external));
      |                                ^~~~~~~~~~~~~~~
      |                                |
      |                                char *
In file included from ../Core/Inc/stm32f7xx_hal_conf.h:415,
                 from C:/Users/ddpat/STM32Cube/Repository/STM32Cube_FW_F7_V1.17.2/Drivers/STM32F7xx_HAL_Driver/Inc/stm32f7xx_hal.h:29,
                 from ../Core/Inc/main.h:30,
                 from ../Core/Src/main.c:20:
C:/Users/ddpat/STM32Cube/Repository/STM32Cube_FW_F7_V1.17.2/Drivers/STM32F7xx_HAL_Driver/Inc/stm32f7xx_hal_uart.h:1556:75: note: expected 'uint8_t *' {aka 'unsigned char *'} but argument is of type 'char *'
 1556 | HAL_StatusTypeDef HAL_UART_Receive_IT(UART_HandleTypeDef *huart, uint8_t *pData, uint16_t Size);
      |                                                                  ~~~~~~~~~^~~~~
../Core/Src/main.c:243:91: warning: '%s' directive output may be truncated writing up to 99 bytes into a region of size between 47 and 96 [-Wformat-truncation=]
  243 |                                           snprintf(tx_message, sizeof(tx_message), "%s => %s\r\n", name, rx_message);
      |                                                                                           ^~             ~~~~~~~~~~
../Core/Src/main.c:243:43: note: 'snprintf' output between 7 and 155 bytes into a destination of size 100
  243 |                                           snprintf(tx_message, sizeof(tx_message), "%s => %s\r\n", name, rx_message);
      |                                           ^~~~~~~~~~~~~~~~~~~~~~~~~~~~~~~~~~~~~~~~~~~~~~~~~~~~~~~~~~~~~~~~~~~~~~~~~~
arm-none-eabi-gcc -o "tsp1.elf" @"objects.list"   -mcpu=cortex-m7 -T"E:\MAD_Lab\spp11\tsp1\STM32F767ZITX_FLASH.ld" --specs=nosys.specs -Wl,-Map="tsp1.map" -Wl,--gc-sections -static --specs=nano.specs -mfpu=fpv5-d16 -mfloat-abi=hard -mthumb -Wl,--start-group -lc -lm -Wl,--end-group
Finished building target: tsp1.elf
 
arm-none-eabi-size  tsp1.elf 
arm-none-eabi-objdump -h -S tsp1.elf  > "tsp1.list"
   text	   data	    bss	    dec	    hex	filename
  19392	     92	   2780	  22264	   56f8	tsp1.elf
Finished building: default.size.stdout
 
Finished building: tsp1.list
 
17:57:46 **** Incremental Build of configuration Debug for project tsp1 ****
make -j12 all 
arm-none-eabi-gcc "../Core/Src/main.c" -mcpu=cortex-m7 -std=gnu11 -g3 -DDEBUG -DUSE_HAL_DRIVER -DSTM32F767xx -c -I../Core/Inc -IC:/Users/ddpat/STM32Cube/Repository/STM32Cube_FW_F7_V1.17.2/Drivers/STM32F7xx_HAL_Driver/Inc -IC:/Users/ddpat/STM32Cube/Repository/STM32Cube_FW_F7_V1.17.2/Drivers/STM32F7xx_HAL_Driver/Inc/Legacy -IC:/Users/ddpat/STM32Cube/Repository/STM32Cube_FW_F7_V1.17.2/Drivers/CMSIS/Device/ST/STM32F7xx/Include -IC:/Users/ddpat/STM32Cube/Repository/STM32Cube_FW_F7_V1.17.2/Drivers/CMSIS/Include -O0 -ffunction-sections -fdata-sections -Wall -fstack-usage -fcyclomatic-complexity -MMD -MP -MF"Core/Src/main.d" -MT"Core/Src/main.o" --specs=nano.specs -mfpu=fpv5-d16 -mfloat-abi=hard -mthumb -o "Core/Src/main.o"
../Core/Src/main.c: In function 'main':
../Core/Src/main.c:193:32: warning: pointer targets in passing argument 2 of 'HAL_UART_Receive_IT' differ in signedness [-Wpointer-sign]
  193 |   HAL_UART_Receive_IT(&huart2, rx_msg_external, sizeof(rx_msg_external));
      |                                ^~~~~~~~~~~~~~~
      |                                |
      |                                char *
In file included from ../Core/Inc/stm32f7xx_hal_conf.h:415,
                 from C:/Users/ddpat/STM32Cube/Repository/STM32Cube_FW_F7_V1.17.2/Drivers/STM32F7xx_HAL_Driver/Inc/stm32f7xx_hal.h:29,
                 from ../Core/Inc/main.h:30,
                 from ../Core/Src/main.c:20:
C:/Users/ddpat/STM32Cube/Repository/STM32Cube_FW_F7_V1.17.2/Drivers/STM32F7xx_HAL_Driver/Inc/stm32f7xx_hal_uart.h:1556:75: note: expected 'uint8_t *' {aka 'unsigned char *'} but argument is of type 'char *'
 1556 | HAL_StatusTypeDef HAL_UART_Receive_IT(UART_HandleTypeDef *huart, uint8_t *pData, uint16_t Size);
      |                                                                  ~~~~~~~~~^~~~~
../Core/Src/main.c:244:91: warning: '%s' directive output may be truncated writing up to 99 bytes into a region of size between 47 and 96 [-Wformat-truncation=]
  244 |                                           snprintf(tx_message, sizeof(tx_message), "%s => %s\r\n", name, rx_message);
      |                                                                                           ^~             ~~~~~~~~~~
../Core/Src/main.c:244:43: note: 'snprintf' output between 7 and 155 bytes into a destination of size 100
  244 |                                           snprintf(tx_message, sizeof(tx_message), "%s => %s\r\n", name, rx_message);
      |                                           ^~~~~~~~~~~~~~~~~~~~~~~~~~~~~~~~~~~~~~~~~~~~~~~~~~~~~~~~~~~~~~~~~~~~~~~~~~
arm-none-eabi-gcc -o "tsp1.elf" @"objects.list"   -mcpu=cortex-m7 -T"E:\MAD_Lab\spp11\tsp1\STM32F767ZITX_FLASH.ld" --specs=nosys.specs -Wl,-Map="tsp1.map" -Wl,--gc-sections -static --specs=nano.specs -mfpu=fpv5-d16 -mfloat-abi=hard -mthumb -Wl,--start-group -lc -lm -Wl,--end-group
Finished building target: tsp1.elf
 
arm-none-eabi-size  tsp1.elf 
arm-none-eabi-objdump -h -S tsp1.elf  > "tsp1.list"
   text	   data	    bss	    dec	    hex	filename
  19396	     92	   2780	  22268	   56fc	tsp1.elf
Finished building: default.size.stdout
 
Finished building: tsp1.list
 
18:30:13 **** Incremental Build of configuration Debug for project tsp1 ****
make -j12 all 
arm-none-eabi-gcc "../Core/Src/main.c" -mcpu=cortex-m7 -std=gnu11 -g3 -DDEBUG -DUSE_HAL_DRIVER -DSTM32F767xx -c -I../Core/Inc -IC:/Users/ddpat/STM32Cube/Repository/STM32Cube_FW_F7_V1.17.2/Drivers/STM32F7xx_HAL_Driver/Inc -IC:/Users/ddpat/STM32Cube/Repository/STM32Cube_FW_F7_V1.17.2/Drivers/STM32F7xx_HAL_Driver/Inc/Legacy -IC:/Users/ddpat/STM32Cube/Repository/STM32Cube_FW_F7_V1.17.2/Drivers/CMSIS/Device/ST/STM32F7xx/Include -IC:/Users/ddpat/STM32Cube/Repository/STM32Cube_FW_F7_V1.17.2/Drivers/CMSIS/Include -O0 -ffunction-sections -fdata-sections -Wall -fstack-usage -fcyclomatic-complexity -MMD -MP -MF"Core/Src/main.d" -MT"Core/Src/main.o" --specs=nano.specs -mfpu=fpv5-d16 -mfloat-abi=hard -mthumb -o "Core/Src/main.o"
../Core/Src/main.c: In function 'main':
../Core/Src/main.c:193:32: warning: pointer targets in passing argument 2 of 'HAL_UART_Receive_IT' differ in signedness [-Wpointer-sign]
  193 |   HAL_UART_Receive_IT(&huart2, rx_msg_external, sizeof(rx_msg_external));
      |                                ^~~~~~~~~~~~~~~
      |                                |
      |                                char *
In file included from ../Core/Inc/stm32f7xx_hal_conf.h:415,
                 from C:/Users/ddpat/STM32Cube/Repository/STM32Cube_FW_F7_V1.17.2/Drivers/STM32F7xx_HAL_Driver/Inc/stm32f7xx_hal.h:29,
                 from ../Core/Inc/main.h:30,
                 from ../Core/Src/main.c:20:
C:/Users/ddpat/STM32Cube/Repository/STM32Cube_FW_F7_V1.17.2/Drivers/STM32F7xx_HAL_Driver/Inc/stm32f7xx_hal_uart.h:1556:75: note: expected 'uint8_t *' {aka 'unsigned char *'} but argument is of type 'char *'
 1556 | HAL_StatusTypeDef HAL_UART_Receive_IT(UART_HandleTypeDef *huart, uint8_t *pData, uint16_t Size);
      |                                                                  ~~~~~~~~~^~~~~
../Core/Src/main.c:244:91: warning: '%s' directive output may be truncated writing up to 99 bytes into a region of size between 47 and 96 [-Wformat-truncation=]
  244 |                                           snprintf(tx_message, sizeof(tx_message), "%s => %s\r\n", name, rx_message);
      |                                                                                           ^~             ~~~~~~~~~~
../Core/Src/main.c:244:43: note: 'snprintf' output between 7 and 155 bytes into a destination of size 100
  244 |                                           snprintf(tx_message, sizeof(tx_message), "%s => %s\r\n", name, rx_message);
      |                                           ^~~~~~~~~~~~~~~~~~~~~~~~~~~~~~~~~~~~~~~~~~~~~~~~~~~~~~~~~~~~~~~~~~~~~~~~~~
arm-none-eabi-gcc -o "tsp1.elf" @"objects.list"   -mcpu=cortex-m7 -T"E:\MAD_Lab\spp11\tsp1\STM32F767ZITX_FLASH.ld" --specs=nosys.specs -Wl,-Map="tsp1.map" -Wl,--gc-sections -static --specs=nano.specs -mfpu=fpv5-d16 -mfloat-abi=hard -mthumb -Wl,--start-group -lc -lm -Wl,--end-group
Finished building target: tsp1.elf
 
arm-none-eabi-size  tsp1.elf 
arm-none-eabi-objdump -h -S tsp1.elf  > "tsp1.list"
   text	   data	    bss	    dec	    hex	filename
  19392	     92	   2780	  22264	   56f8	tsp1.elf
Finished building: default.size.stdout
 
Finished building: tsp1.list
 
18:36:11 **** Incremental Build of configuration Debug for project tsp1 ****
make -j12 all 
arm-none-eabi-size  tsp1.elf 
   text	   data	    bss	    dec	    hex	filename
  19392	     92	   2780	  22264	   56f8	tsp1.elf
Finished building: default.size.stdout
 
18:38:21 **** Incremental Build of configuration Debug for project tsp1 ****
make -j12 all 
arm-none-eabi-gcc "../Core/Src/main.c" -mcpu=cortex-m7 -std=gnu11 -g3 -DDEBUG -DUSE_HAL_DRIVER -DSTM32F767xx -c -I../Core/Inc -IC:/Users/ddpat/STM32Cube/Repository/STM32Cube_FW_F7_V1.17.2/Drivers/STM32F7xx_HAL_Driver/Inc -IC:/Users/ddpat/STM32Cube/Repository/STM32Cube_FW_F7_V1.17.2/Drivers/STM32F7xx_HAL_Driver/Inc/Legacy -IC:/Users/ddpat/STM32Cube/Repository/STM32Cube_FW_F7_V1.17.2/Drivers/CMSIS/Device/ST/STM32F7xx/Include -IC:/Users/ddpat/STM32Cube/Repository/STM32Cube_FW_F7_V1.17.2/Drivers/CMSIS/Include -O0 -ffunction-sections -fdata-sections -Wall -fstack-usage -fcyclomatic-complexity -MMD -MP -MF"Core/Src/main.d" -MT"Core/Src/main.o" --specs=nano.specs -mfpu=fpv5-d16 -mfloat-abi=hard -mthumb -o "Core/Src/main.o"
../Core/Src/main.c: In function 'main':
../Core/Src/main.c:193:32: warning: pointer targets in passing argument 2 of 'HAL_UART_Receive_IT' differ in signedness [-Wpointer-sign]
  193 |   HAL_UART_Receive_IT(&huart2, rx_msg_external, sizeof(rx_msg_external));
      |                                ^~~~~~~~~~~~~~~
      |                                |
      |                                char *
In file included from ../Core/Inc/stm32f7xx_hal_conf.h:415,
                 from C:/Users/ddpat/STM32Cube/Repository/STM32Cube_FW_F7_V1.17.2/Drivers/STM32F7xx_HAL_Driver/Inc/stm32f7xx_hal.h:29,
                 from ../Core/Inc/main.h:30,
                 from ../Core/Src/main.c:20:
C:/Users/ddpat/STM32Cube/Repository/STM32Cube_FW_F7_V1.17.2/Drivers/STM32F7xx_HAL_Driver/Inc/stm32f7xx_hal_uart.h:1556:75: note: expected 'uint8_t *' {aka 'unsigned char *'} but argument is of type 'char *'
 1556 | HAL_StatusTypeDef HAL_UART_Receive_IT(UART_HandleTypeDef *huart, uint8_t *pData, uint16_t Size);
      |                                                                  ~~~~~~~~~^~~~~
../Core/Src/main.c:244:91: warning: '%s' directive output may be truncated writing up to 99 bytes into a region of size between 47 and 96 [-Wformat-truncation=]
  244 |                                           snprintf(tx_message, sizeof(tx_message), "%s => %s\r\n", name, rx_message);
      |                                                                                           ^~             ~~~~~~~~~~
../Core/Src/main.c:244:43: note: 'snprintf' output between 7 and 155 bytes into a destination of size 100
  244 |                                           snprintf(tx_message, sizeof(tx_message), "%s => %s\r\n", name, rx_message);
      |                                           ^~~~~~~~~~~~~~~~~~~~~~~~~~~~~~~~~~~~~~~~~~~~~~~~~~~~~~~~~~~~~~~~~~~~~~~~~~
arm-none-eabi-gcc -o "tsp1.elf" @"objects.list"   -mcpu=cortex-m7 -T"E:\MAD_Lab\spp11\tsp1\STM32F767ZITX_FLASH.ld" --specs=nosys.specs -Wl,-Map="tsp1.map" -Wl,--gc-sections -static --specs=nano.specs -mfpu=fpv5-d16 -mfloat-abi=hard -mthumb -Wl,--start-group -lc -lm -Wl,--end-group
Finished building target: tsp1.elf
 
arm-none-eabi-size  tsp1.elf 
arm-none-eabi-objdump -h -S tsp1.elf  > "tsp1.list"
   text	   data	    bss	    dec	    hex	filename
  19392	     92	   2780	  22264	   56f8	tsp1.elf
Finished building: default.size.stdout
 
Finished building: tsp1.list
 
18:38:33 **** Incremental Build of configuration Debug for project tsp1 ****
make -j12 all 
arm-none-eabi-size  tsp1.elf 
   text	   data	    bss	    dec	    hex	filename
  19392	     92	   2780	  22264	   56f8	tsp1.elf
Finished building: default.size.stdout
 
18:41:14 **** Incremental Build of configuration Debug for project tsp1 ****
make -j12 all 
arm-none-eabi-gcc "../Core/Src/main.c" -mcpu=cortex-m7 -std=gnu11 -g3 -DDEBUG -DUSE_HAL_DRIVER -DSTM32F767xx -c -I../Core/Inc -IC:/Users/ddpat/STM32Cube/Repository/STM32Cube_FW_F7_V1.17.2/Drivers/STM32F7xx_HAL_Driver/Inc -IC:/Users/ddpat/STM32Cube/Repository/STM32Cube_FW_F7_V1.17.2/Drivers/STM32F7xx_HAL_Driver/Inc/Legacy -IC:/Users/ddpat/STM32Cube/Repository/STM32Cube_FW_F7_V1.17.2/Drivers/CMSIS/Device/ST/STM32F7xx/Include -IC:/Users/ddpat/STM32Cube/Repository/STM32Cube_FW_F7_V1.17.2/Drivers/CMSIS/Include -O0 -ffunction-sections -fdata-sections -Wall -fstack-usage -fcyclomatic-complexity -MMD -MP -MF"Core/Src/main.d" -MT"Core/Src/main.o" --specs=nano.specs -mfpu=fpv5-d16 -mfloat-abi=hard -mthumb -o "Core/Src/main.o"
../Core/Src/main.c: In function 'main':
../Core/Src/main.c:193:32: warning: pointer targets in passing argument 2 of 'HAL_UART_Receive_IT' differ in signedness [-Wpointer-sign]
  193 |   HAL_UART_Receive_IT(&huart2, rx_msg_external, sizeof(rx_msg_external));
      |                                ^~~~~~~~~~~~~~~
      |                                |
      |                                char *
In file included from ../Core/Inc/stm32f7xx_hal_conf.h:415,
                 from C:/Users/ddpat/STM32Cube/Repository/STM32Cube_FW_F7_V1.17.2/Drivers/STM32F7xx_HAL_Driver/Inc/stm32f7xx_hal.h:29,
                 from ../Core/Inc/main.h:30,
                 from ../Core/Src/main.c:20:
C:/Users/ddpat/STM32Cube/Repository/STM32Cube_FW_F7_V1.17.2/Drivers/STM32F7xx_HAL_Driver/Inc/stm32f7xx_hal_uart.h:1556:75: note: expected 'uint8_t *' {aka 'unsigned char *'} but argument is of type 'char *'
 1556 | HAL_StatusTypeDef HAL_UART_Receive_IT(UART_HandleTypeDef *huart, uint8_t *pData, uint16_t Size);
      |                                                                  ~~~~~~~~~^~~~~
../Core/Src/main.c:227:72: error: 'ne' undeclared (first use in this function)
  227 |                                   HAL_UART_Transmit(&huart3, (uint8_t*)ne, sizeof(tx_message), HAL_MAX_DELAY);
      |                                                                        ^~
../Core/Src/main.c:227:72: note: each undeclared identifier is reported only once for each function it appears in
make: *** [Core/Src/subdir.mk:34: Core/Src/main.o] Error 1
"make -j12 all" terminated with exit code 2. Build might be incomplete.
18:41:32 **** Incremental Build of configuration Debug for project tsp1 ****
make -j12 all 
arm-none-eabi-gcc "../Core/Src/main.c" -mcpu=cortex-m7 -std=gnu11 -g3 -DDEBUG -DUSE_HAL_DRIVER -DSTM32F767xx -c -I../Core/Inc -IC:/Users/ddpat/STM32Cube/Repository/STM32Cube_FW_F7_V1.17.2/Drivers/STM32F7xx_HAL_Driver/Inc -IC:/Users/ddpat/STM32Cube/Repository/STM32Cube_FW_F7_V1.17.2/Drivers/STM32F7xx_HAL_Driver/Inc/Legacy -IC:/Users/ddpat/STM32Cube/Repository/STM32Cube_FW_F7_V1.17.2/Drivers/CMSIS/Device/ST/STM32F7xx/Include -IC:/Users/ddpat/STM32Cube/Repository/STM32Cube_FW_F7_V1.17.2/Drivers/CMSIS/Include -O0 -ffunction-sections -fdata-sections -Wall -fstack-usage -fcyclomatic-complexity -MMD -MP -MF"Core/Src/main.d" -MT"Core/Src/main.o" --specs=nano.specs -mfpu=fpv5-d16 -mfloat-abi=hard -mthumb -o "Core/Src/main.o"
../Core/Src/main.c: In function 'main':
../Core/Src/main.c:193:32: warning: pointer targets in passing argument 2 of 'HAL_UART_Receive_IT' differ in signedness [-Wpointer-sign]
  193 |   HAL_UART_Receive_IT(&huart2, rx_msg_external, sizeof(rx_msg_external));
      |                                ^~~~~~~~~~~~~~~
      |                                |
      |                                char *
In file included from ../Core/Inc/stm32f7xx_hal_conf.h:415,
                 from C:/Users/ddpat/STM32Cube/Repository/STM32Cube_FW_F7_V1.17.2/Drivers/STM32F7xx_HAL_Driver/Inc/stm32f7xx_hal.h:29,
                 from ../Core/Inc/main.h:30,
                 from ../Core/Src/main.c:20:
C:/Users/ddpat/STM32Cube/Repository/STM32Cube_FW_F7_V1.17.2/Drivers/STM32F7xx_HAL_Driver/Inc/stm32f7xx_hal_uart.h:1556:75: note: expected 'uint8_t *' {aka 'unsigned char *'} but argument is of type 'char *'
 1556 | HAL_StatusTypeDef HAL_UART_Receive_IT(UART_HandleTypeDef *huart, uint8_t *pData, uint16_t Size);
      |                                                                  ~~~~~~~~~^~~~~
../Core/Src/main.c:245:91: warning: '%s' directive output may be truncated writing up to 99 bytes into a region of size between 47 and 96 [-Wformat-truncation=]
  245 |                                           snprintf(tx_message, sizeof(tx_message), "%s => %s\r\n", name, rx_message);
      |                                                                                           ^~             ~~~~~~~~~~
../Core/Src/main.c:245:43: note: 'snprintf' output between 7 and 155 bytes into a destination of size 100
  245 |                                           snprintf(tx_message, sizeof(tx_message), "%s => %s\r\n", name, rx_message);
      |                                           ^~~~~~~~~~~~~~~~~~~~~~~~~~~~~~~~~~~~~~~~~~~~~~~~~~~~~~~~~~~~~~~~~~~~~~~~~~
arm-none-eabi-gcc -o "tsp1.elf" @"objects.list"   -mcpu=cortex-m7 -T"E:\MAD_Lab\spp11\tsp1\STM32F767ZITX_FLASH.ld" --specs=nosys.specs -Wl,-Map="tsp1.map" -Wl,--gc-sections -static --specs=nano.specs -mfpu=fpv5-d16 -mfloat-abi=hard -mthumb -Wl,--start-group -lc -lm -Wl,--end-group
Finished building target: tsp1.elf
 
arm-none-eabi-size  tsp1.elf 
arm-none-eabi-objdump -h -S tsp1.elf  > "tsp1.list"
   text	   data	    bss	    dec	    hex	filename
  19408	     96	   2776	  22280	   5708	tsp1.elf
Finished building: default.size.stdout
 
Finished building: tsp1.list
 
18:41:36 **** Incremental Build of configuration Debug for project tsp1 ****
make -j12 all 
arm-none-eabi-size  tsp1.elf 
   text	   data	    bss	    dec	    hex	filename
  19408	     96	   2776	  22280	   5708	tsp1.elf
Finished building: default.size.stdout
 
18:41:53 **** Incremental Build of configuration Debug for project tsp1 ****
make -j12 all 
arm-none-eabi-size  tsp1.elf 
   text	   data	    bss	    dec	    hex	filename
  19408	     96	   2776	  22280	   5708	tsp1.elf
Finished building: default.size.stdout
 
18:59:03 **** Incremental Build of configuration Debug for project tsp1 ****
make -j12 all 
arm-none-eabi-gcc "../Core/Src/main.c" -mcpu=cortex-m7 -std=gnu11 -g3 -DDEBUG -DUSE_HAL_DRIVER -DSTM32F767xx -c -I../Core/Inc -IC:/Users/ddpat/STM32Cube/Repository/STM32Cube_FW_F7_V1.17.2/Drivers/STM32F7xx_HAL_Driver/Inc -IC:/Users/ddpat/STM32Cube/Repository/STM32Cube_FW_F7_V1.17.2/Drivers/STM32F7xx_HAL_Driver/Inc/Legacy -IC:/Users/ddpat/STM32Cube/Repository/STM32Cube_FW_F7_V1.17.2/Drivers/CMSIS/Device/ST/STM32F7xx/Include -IC:/Users/ddpat/STM32Cube/Repository/STM32Cube_FW_F7_V1.17.2/Drivers/CMSIS/Include -O0 -ffunction-sections -fdata-sections -Wall -fstack-usage -fcyclomatic-complexity -MMD -MP -MF"Core/Src/main.d" -MT"Core/Src/main.o" --specs=nano.specs -mfpu=fpv5-d16 -mfloat-abi=hard -mthumb -o "Core/Src/main.o"
../Core/Src/main.c: In function 'main':
../Core/Src/main.c:193:32: warning: pointer targets in passing argument 2 of 'HAL_UART_Receive_IT' differ in signedness [-Wpointer-sign]
  193 |   HAL_UART_Receive_IT(&huart2, rx_msg_external, sizeof(rx_msg_external));
      |                                ^~~~~~~~~~~~~~~
      |                                |
      |                                char *
In file included from ../Core/Inc/stm32f7xx_hal_conf.h:415,
                 from C:/Users/ddpat/STM32Cube/Repository/STM32Cube_FW_F7_V1.17.2/Drivers/STM32F7xx_HAL_Driver/Inc/stm32f7xx_hal.h:29,
                 from ../Core/Inc/main.h:30,
                 from ../Core/Src/main.c:20:
C:/Users/ddpat/STM32Cube/Repository/STM32Cube_FW_F7_V1.17.2/Drivers/STM32F7xx_HAL_Driver/Inc/stm32f7xx_hal_uart.h:1556:75: note: expected 'uint8_t *' {aka 'unsigned char *'} but argument is of type 'char *'
 1556 | HAL_StatusTypeDef HAL_UART_Receive_IT(UART_HandleTypeDef *huart, uint8_t *pData, uint16_t Size);
      |                                                                  ~~~~~~~~~^~~~~
../Core/Src/main.c:246:91: warning: '%s' directive output may be truncated writing up to 99 bytes into a region of size between 47 and 96 [-Wformat-truncation=]
  246 |                                           snprintf(tx_message, sizeof(tx_message), "%s => %s\r\n", name, rx_message);
      |                                                                                           ^~             ~~~~~~~~~~
../Core/Src/main.c:246:43: note: 'snprintf' output between 7 and 155 bytes into a destination of size 100
  246 |                                           snprintf(tx_message, sizeof(tx_message), "%s => %s\r\n", name, rx_message);
      |                                           ^~~~~~~~~~~~~~~~~~~~~~~~~~~~~~~~~~~~~~~~~~~~~~~~~~~~~~~~~~~~~~~~~~~~~~~~~~
arm-none-eabi-gcc -o "tsp1.elf" @"objects.list"   -mcpu=cortex-m7 -T"E:\MAD_Lab\spp11\tsp1\STM32F767ZITX_FLASH.ld" --specs=nosys.specs -Wl,-Map="tsp1.map" -Wl,--gc-sections -static --specs=nano.specs -mfpu=fpv5-d16 -mfloat-abi=hard -mthumb -Wl,--start-group -lc -lm -Wl,--end-group
Finished building target: tsp1.elf
 
arm-none-eabi-size  tsp1.elf 
arm-none-eabi-objdump -h -S tsp1.elf  > "tsp1.list"
   text	   data	    bss	    dec	    hex	filename
  19412	     96	   2776	  22284	   570c	tsp1.elf
Finished building: default.size.stdout
 
Finished building: tsp1.list
 
19:01:49 **** Incremental Build of configuration Debug for project tsp1 ****
make -j12 all 
arm-none-eabi-gcc "../Core/Src/main.c" -mcpu=cortex-m7 -std=gnu11 -g3 -DDEBUG -DUSE_HAL_DRIVER -DSTM32F767xx -c -I../Core/Inc -IC:/Users/ddpat/STM32Cube/Repository/STM32Cube_FW_F7_V1.17.2/Drivers/STM32F7xx_HAL_Driver/Inc -IC:/Users/ddpat/STM32Cube/Repository/STM32Cube_FW_F7_V1.17.2/Drivers/STM32F7xx_HAL_Driver/Inc/Legacy -IC:/Users/ddpat/STM32Cube/Repository/STM32Cube_FW_F7_V1.17.2/Drivers/CMSIS/Device/ST/STM32F7xx/Include -IC:/Users/ddpat/STM32Cube/Repository/STM32Cube_FW_F7_V1.17.2/Drivers/CMSIS/Include -O0 -ffunction-sections -fdata-sections -Wall -fstack-usage -fcyclomatic-complexity -MMD -MP -MF"Core/Src/main.d" -MT"Core/Src/main.o" --specs=nano.specs -mfpu=fpv5-d16 -mfloat-abi=hard -mthumb -o "Core/Src/main.o"
../Core/Src/main.c: In function 'main':
../Core/Src/main.c:193:32: warning: pointer targets in passing argument 2 of 'HAL_UART_Receive_IT' differ in signedness [-Wpointer-sign]
  193 |   HAL_UART_Receive_IT(&huart2, rx_msg_external, sizeof(rx_msg_external));
      |                                ^~~~~~~~~~~~~~~
      |                                |
      |                                char *
In file included from ../Core/Inc/stm32f7xx_hal_conf.h:415,
                 from C:/Users/ddpat/STM32Cube/Repository/STM32Cube_FW_F7_V1.17.2/Drivers/STM32F7xx_HAL_Driver/Inc/stm32f7xx_hal.h:29,
                 from ../Core/Inc/main.h:30,
                 from ../Core/Src/main.c:20:
C:/Users/ddpat/STM32Cube/Repository/STM32Cube_FW_F7_V1.17.2/Drivers/STM32F7xx_HAL_Driver/Inc/stm32f7xx_hal_uart.h:1556:75: note: expected 'uint8_t *' {aka 'unsigned char *'} but argument is of type 'char *'
 1556 | HAL_StatusTypeDef HAL_UART_Receive_IT(UART_HandleTypeDef *huart, uint8_t *pData, uint16_t Size);
      |                                                                  ~~~~~~~~~^~~~~
../Core/Src/main.c:246:91: warning: '%s' directive output may be truncated writing up to 99 bytes into a region of size between 47 and 96 [-Wformat-truncation=]
  246 |                                           snprintf(tx_message, sizeof(tx_message), "%s => %s\r\n", name, rx_message);
      |                                                                                           ^~             ~~~~~~~~~~
../Core/Src/main.c:246:43: note: 'snprintf' output between 7 and 155 bytes into a destination of size 100
  246 |                                           snprintf(tx_message, sizeof(tx_message), "%s => %s\r\n", name, rx_message);
      |                                           ^~~~~~~~~~~~~~~~~~~~~~~~~~~~~~~~~~~~~~~~~~~~~~~~~~~~~~~~~~~~~~~~~~~~~~~~~~
arm-none-eabi-gcc -o "tsp1.elf" @"objects.list"   -mcpu=cortex-m7 -T"E:\MAD_Lab\spp11\tsp1\STM32F767ZITX_FLASH.ld" --specs=nosys.specs -Wl,-Map="tsp1.map" -Wl,--gc-sections -static --specs=nano.specs -mfpu=fpv5-d16 -mfloat-abi=hard -mthumb -Wl,--start-group -lc -lm -Wl,--end-group
Finished building target: tsp1.elf
 
arm-none-eabi-size  tsp1.elf 
arm-none-eabi-objdump -h -S tsp1.elf  > "tsp1.list"
   text	   data	    bss	    dec	    hex	filename
  19436	     96	   2776	  22308	   5724	tsp1.elf
Finished building: default.size.stdout
 
Finished building: tsp1.list
 
19:03:15 **** Incremental Build of configuration Debug for project tsp1 ****
make -j12 all 
arm-none-eabi-gcc "../Core/Src/main.c" -mcpu=cortex-m7 -std=gnu11 -g3 -DDEBUG -DUSE_HAL_DRIVER -DSTM32F767xx -c -I../Core/Inc -IC:/Users/ddpat/STM32Cube/Repository/STM32Cube_FW_F7_V1.17.2/Drivers/STM32F7xx_HAL_Driver/Inc -IC:/Users/ddpat/STM32Cube/Repository/STM32Cube_FW_F7_V1.17.2/Drivers/STM32F7xx_HAL_Driver/Inc/Legacy -IC:/Users/ddpat/STM32Cube/Repository/STM32Cube_FW_F7_V1.17.2/Drivers/CMSIS/Device/ST/STM32F7xx/Include -IC:/Users/ddpat/STM32Cube/Repository/STM32Cube_FW_F7_V1.17.2/Drivers/CMSIS/Include -O0 -ffunction-sections -fdata-sections -Wall -fstack-usage -fcyclomatic-complexity -MMD -MP -MF"Core/Src/main.d" -MT"Core/Src/main.o" --specs=nano.specs -mfpu=fpv5-d16 -mfloat-abi=hard -mthumb -o "Core/Src/main.o"
../Core/Src/main.c: In function 'main':
../Core/Src/main.c:193:32: warning: pointer targets in passing argument 2 of 'HAL_UART_Receive_IT' differ in signedness [-Wpointer-sign]
  193 |   HAL_UART_Receive_IT(&huart2, rx_msg_external, sizeof(rx_msg_external));
      |                                ^~~~~~~~~~~~~~~
      |                                |
      |                                char *
In file included from ../Core/Inc/stm32f7xx_hal_conf.h:415,
                 from C:/Users/ddpat/STM32Cube/Repository/STM32Cube_FW_F7_V1.17.2/Drivers/STM32F7xx_HAL_Driver/Inc/stm32f7xx_hal.h:29,
                 from ../Core/Inc/main.h:30,
                 from ../Core/Src/main.c:20:
C:/Users/ddpat/STM32Cube/Repository/STM32Cube_FW_F7_V1.17.2/Drivers/STM32F7xx_HAL_Driver/Inc/stm32f7xx_hal_uart.h:1556:75: note: expected 'uint8_t *' {aka 'unsigned char *'} but argument is of type 'char *'
 1556 | HAL_StatusTypeDef HAL_UART_Receive_IT(UART_HandleTypeDef *huart, uint8_t *pData, uint16_t Size);
      |                                                                  ~~~~~~~~~^~~~~
../Core/Src/main.c:246:91: warning: '%s' directive output may be truncated writing up to 99 bytes into a region of size between 47 and 96 [-Wformat-truncation=]
  246 |                                           snprintf(tx_message, sizeof(tx_message), "%s => %s\r\n", name, rx_message);
      |                                                                                           ^~             ~~~~~~~~~~
../Core/Src/main.c:246:43: note: 'snprintf' output between 7 and 155 bytes into a destination of size 100
  246 |                                           snprintf(tx_message, sizeof(tx_message), "%s => %s\r\n", name, rx_message);
      |                                           ^~~~~~~~~~~~~~~~~~~~~~~~~~~~~~~~~~~~~~~~~~~~~~~~~~~~~~~~~~~~~~~~~~~~~~~~~~
arm-none-eabi-gcc -o "tsp1.elf" @"objects.list"   -mcpu=cortex-m7 -T"E:\MAD_Lab\spp11\tsp1\STM32F767ZITX_FLASH.ld" --specs=nosys.specs -Wl,-Map="tsp1.map" -Wl,--gc-sections -static --specs=nano.specs -mfpu=fpv5-d16 -mfloat-abi=hard -mthumb -Wl,--start-group -lc -lm -Wl,--end-group
Finished building target: tsp1.elf
 
arm-none-eabi-size  tsp1.elf 
arm-none-eabi-objdump -h -S tsp1.elf  > "tsp1.list"
   text	   data	    bss	    dec	    hex	filename
  19432	     96	   2776	  22304	   5720	tsp1.elf
Finished building: default.size.stdout
 
Finished building: tsp1.list
 
19:05:33 **** Incremental Build of configuration Debug for project tsp1 ****
make -j12 all 
arm-none-eabi-gcc "../Core/Src/main.c" -mcpu=cortex-m7 -std=gnu11 -g3 -DDEBUG -DUSE_HAL_DRIVER -DSTM32F767xx -c -I../Core/Inc -IC:/Users/ddpat/STM32Cube/Repository/STM32Cube_FW_F7_V1.17.2/Drivers/STM32F7xx_HAL_Driver/Inc -IC:/Users/ddpat/STM32Cube/Repository/STM32Cube_FW_F7_V1.17.2/Drivers/STM32F7xx_HAL_Driver/Inc/Legacy -IC:/Users/ddpat/STM32Cube/Repository/STM32Cube_FW_F7_V1.17.2/Drivers/CMSIS/Device/ST/STM32F7xx/Include -IC:/Users/ddpat/STM32Cube/Repository/STM32Cube_FW_F7_V1.17.2/Drivers/CMSIS/Include -O0 -ffunction-sections -fdata-sections -Wall -fstack-usage -fcyclomatic-complexity -MMD -MP -MF"Core/Src/main.d" -MT"Core/Src/main.o" --specs=nano.specs -mfpu=fpv5-d16 -mfloat-abi=hard -mthumb -o "Core/Src/main.o"
../Core/Src/main.c: In function 'main':
../Core/Src/main.c:193:32: warning: pointer targets in passing argument 2 of 'HAL_UART_Receive_IT' differ in signedness [-Wpointer-sign]
  193 |   HAL_UART_Receive_IT(&huart2, rx_msg_external, sizeof(rx_msg_external));
      |                                ^~~~~~~~~~~~~~~
      |                                |
      |                                char *
In file included from ../Core/Inc/stm32f7xx_hal_conf.h:415,
                 from C:/Users/ddpat/STM32Cube/Repository/STM32Cube_FW_F7_V1.17.2/Drivers/STM32F7xx_HAL_Driver/Inc/stm32f7xx_hal.h:29,
                 from ../Core/Inc/main.h:30,
                 from ../Core/Src/main.c:20:
C:/Users/ddpat/STM32Cube/Repository/STM32Cube_FW_F7_V1.17.2/Drivers/STM32F7xx_HAL_Driver/Inc/stm32f7xx_hal_uart.h:1556:75: note: expected 'uint8_t *' {aka 'unsigned char *'} but argument is of type 'char *'
 1556 | HAL_StatusTypeDef HAL_UART_Receive_IT(UART_HandleTypeDef *huart, uint8_t *pData, uint16_t Size);
      |                                                                  ~~~~~~~~~^~~~~
../Core/Src/main.c:246:90: warning: '%s' directive output may be truncated writing up to 99 bytes into a region of size between 48 and 97 [-Wformat-truncation=]
  246 |                                           snprintf(tx_message, sizeof(tx_message), "%s : %s\r\n", name, rx_message);
      |                                                                                          ^~             ~~~~~~~~~~
../Core/Src/main.c:246:43: note: 'snprintf' output between 6 and 154 bytes into a destination of size 100
  246 |                                           snprintf(tx_message, sizeof(tx_message), "%s : %s\r\n", name, rx_message);
      |                                           ^~~~~~~~~~~~~~~~~~~~~~~~~~~~~~~~~~~~~~~~~~~~~~~~~~~~~~~~~~~~~~~~~~~~~~~~~
arm-none-eabi-gcc -o "tsp1.elf" @"objects.list"   -mcpu=cortex-m7 -T"E:\MAD_Lab\spp11\tsp1\STM32F767ZITX_FLASH.ld" --specs=nosys.specs -Wl,-Map="tsp1.map" -Wl,--gc-sections -static --specs=nano.specs -mfpu=fpv5-d16 -mfloat-abi=hard -mthumb -Wl,--start-group -lc -lm -Wl,--end-group
Finished building target: tsp1.elf
 
arm-none-eabi-size  tsp1.elf 
arm-none-eabi-objdump -h -S tsp1.elf  > "tsp1.list"
   text	   data	    bss	    dec	    hex	filename
  19432	     96	   2776	  22304	   5720	tsp1.elf
Finished building: default.size.stdout
 
Finished building: tsp1.list
 
22:31:16 **** Incremental Build of configuration Debug for project tsp1 ****
make -j12 all 
arm-none-eabi-gcc "../Core/Src/main.c" -mcpu=cortex-m7 -std=gnu11 -g3 -DDEBUG -DUSE_HAL_DRIVER -DSTM32F767xx -c -I../Core/Inc -IC:/Users/ddpat/STM32Cube/Repository/STM32Cube_FW_F7_V1.17.2/Drivers/STM32F7xx_HAL_Driver/Inc -IC:/Users/ddpat/STM32Cube/Repository/STM32Cube_FW_F7_V1.17.2/Drivers/STM32F7xx_HAL_Driver/Inc/Legacy -IC:/Users/ddpat/STM32Cube/Repository/STM32Cube_FW_F7_V1.17.2/Drivers/CMSIS/Device/ST/STM32F7xx/Include -IC:/Users/ddpat/STM32Cube/Repository/STM32Cube_FW_F7_V1.17.2/Drivers/CMSIS/Include -O0 -ffunction-sections -fdata-sections -Wall -fstack-usage -fcyclomatic-complexity -MMD -MP -MF"Core/Src/main.d" -MT"Core/Src/main.o" --specs=nano.specs -mfpu=fpv5-d16 -mfloat-abi=hard -mthumb -o "Core/Src/main.o"
../Core/Src/main.c: In function 'main':
../Core/Src/main.c:193:32: warning: pointer targets in passing argument 2 of 'HAL_UART_Receive_IT' differ in signedness [-Wpointer-sign]
  193 |   HAL_UART_Receive_IT(&huart2, rx_msg_external, sizeof(rx_msg_external));
      |                                ^~~~~~~~~~~~~~~
      |                                |
      |                                char *
In file included from ../Core/Inc/stm32f7xx_hal_conf.h:415,
                 from C:/Users/ddpat/STM32Cube/Repository/STM32Cube_FW_F7_V1.17.2/Drivers/STM32F7xx_HAL_Driver/Inc/stm32f7xx_hal.h:29,
                 from ../Core/Inc/main.h:30,
                 from ../Core/Src/main.c:20:
C:/Users/ddpat/STM32Cube/Repository/STM32Cube_FW_F7_V1.17.2/Drivers/STM32F7xx_HAL_Driver/Inc/stm32f7xx_hal_uart.h:1556:75: note: expected 'uint8_t *' {aka 'unsigned char *'} but argument is of type 'char *'
 1556 | HAL_StatusTypeDef HAL_UART_Receive_IT(UART_HandleTypeDef *huart, uint8_t *pData, uint16_t Size);
      |                                                                  ~~~~~~~~~^~~~~
../Core/Src/main.c:245:90: warning: '%s' directive output may be truncated writing up to 99 bytes into a region of size between 48 and 97 [-Wformat-truncation=]
  245 |                                           snprintf(tx_message, sizeof(tx_message), "%s : %s\r\n", name, rx_message);
      |                                                                                          ^~             ~~~~~~~~~~
../Core/Src/main.c:245:43: note: 'snprintf' output between 6 and 154 bytes into a destination of size 100
  245 |                                           snprintf(tx_message, sizeof(tx_message), "%s : %s\r\n", name, rx_message);
      |                                           ^~~~~~~~~~~~~~~~~~~~~~~~~~~~~~~~~~~~~~~~~~~~~~~~~~~~~~~~~~~~~~~~~~~~~~~~~
arm-none-eabi-gcc -o "tsp1.elf" @"objects.list"   -mcpu=cortex-m7 -T"E:\MAD_Lab\spp11\tsp1\STM32F767ZITX_FLASH.ld" --specs=nosys.specs -Wl,-Map="tsp1.map" -Wl,--gc-sections -static --specs=nano.specs -mfpu=fpv5-d16 -mfloat-abi=hard -mthumb -Wl,--start-group -lc -lm -Wl,--end-group
Finished building target: tsp1.elf
 
arm-none-eabi-size  tsp1.elf 
arm-none-eabi-objdump -h -S tsp1.elf  > "tsp1.list"
   text	   data	    bss	    dec	    hex	filename
  19420	     96	   2776	  22292	   5714	tsp1.elf
Finished building: default.size.stdout
 
Finished building: tsp1.list
 
23:02:20 **** Incremental Build of configuration Debug for project tsp1 ****
make -j12 all 
arm-none-eabi-gcc "../Core/Src/main.c" -mcpu=cortex-m7 -std=gnu11 -g3 -DDEBUG -DUSE_HAL_DRIVER -DSTM32F767xx -c -I../Core/Inc -IC:/Users/ddpat/STM32Cube/Repository/STM32Cube_FW_F7_V1.17.2/Drivers/STM32F7xx_HAL_Driver/Inc -IC:/Users/ddpat/STM32Cube/Repository/STM32Cube_FW_F7_V1.17.2/Drivers/STM32F7xx_HAL_Driver/Inc/Legacy -IC:/Users/ddpat/STM32Cube/Repository/STM32Cube_FW_F7_V1.17.2/Drivers/CMSIS/Device/ST/STM32F7xx/Include -IC:/Users/ddpat/STM32Cube/Repository/STM32Cube_FW_F7_V1.17.2/Drivers/CMSIS/Include -O0 -ffunction-sections -fdata-sections -Wall -fstack-usage -fcyclomatic-complexity -MMD -MP -MF"Core/Src/main.d" -MT"Core/Src/main.o" --specs=nano.specs -mfpu=fpv5-d16 -mfloat-abi=hard -mthumb -o "Core/Src/main.o"
../Core/Src/main.c: In function 'main':
../Core/Src/main.c:193:32: warning: pointer targets in passing argument 2 of 'HAL_UART_Receive_IT' differ in signedness [-Wpointer-sign]
  193 |   HAL_UART_Receive_IT(&huart2, rx_msg_external, sizeof(rx_msg_external));
      |                                ^~~~~~~~~~~~~~~
      |                                |
      |                                char *
In file included from ../Core/Inc/stm32f7xx_hal_conf.h:415,
                 from C:/Users/ddpat/STM32Cube/Repository/STM32Cube_FW_F7_V1.17.2/Drivers/STM32F7xx_HAL_Driver/Inc/stm32f7xx_hal.h:29,
                 from ../Core/Inc/main.h:30,
                 from ../Core/Src/main.c:20:
C:/Users/ddpat/STM32Cube/Repository/STM32Cube_FW_F7_V1.17.2/Drivers/STM32F7xx_HAL_Driver/Inc/stm32f7xx_hal_uart.h:1556:75: note: expected 'uint8_t *' {aka 'unsigned char *'} but argument is of type 'char *'
 1556 | HAL_StatusTypeDef HAL_UART_Receive_IT(UART_HandleTypeDef *huart, uint8_t *pData, uint16_t Size);
      |                                                                  ~~~~~~~~~^~~~~
arm-none-eabi-gcc -o "tsp1.elf" @"objects.list"   -mcpu=cortex-m7 -T"E:\MAD_Lab\spp11\tsp1\STM32F767ZITX_FLASH.ld" --specs=nosys.specs -Wl,-Map="tsp1.map" -Wl,--gc-sections -static --specs=nano.specs -mfpu=fpv5-d16 -mfloat-abi=hard -mthumb -Wl,--start-group -lc -lm -Wl,--end-group
Finished building target: tsp1.elf
 
arm-none-eabi-size  tsp1.elf 
arm-none-eabi-objdump -h -S tsp1.elf  > "tsp1.list"
   text	   data	    bss	    dec	    hex	filename
  19384	     96	   2776	  22256	   56f0	tsp1.elf
Finished building: default.size.stdout
 
Finished building: tsp1.list
 
23:23:17 **** Incremental Build of configuration Debug for project tsp1 ****
make -j12 all 
arm-none-eabi-gcc "../Core/Src/main.c" -mcpu=cortex-m7 -std=gnu11 -g3 -DDEBUG -DUSE_HAL_DRIVER -DSTM32F767xx -c -I../Core/Inc -IC:/Users/ddpat/STM32Cube/Repository/STM32Cube_FW_F7_V1.17.2/Drivers/STM32F7xx_HAL_Driver/Inc -IC:/Users/ddpat/STM32Cube/Repository/STM32Cube_FW_F7_V1.17.2/Drivers/STM32F7xx_HAL_Driver/Inc/Legacy -IC:/Users/ddpat/STM32Cube/Repository/STM32Cube_FW_F7_V1.17.2/Drivers/CMSIS/Device/ST/STM32F7xx/Include -IC:/Users/ddpat/STM32Cube/Repository/STM32Cube_FW_F7_V1.17.2/Drivers/CMSIS/Include -O0 -ffunction-sections -fdata-sections -Wall -fstack-usage -fcyclomatic-complexity -MMD -MP -MF"Core/Src/main.d" -MT"Core/Src/main.o" --specs=nano.specs -mfpu=fpv5-d16 -mfloat-abi=hard -mthumb -o "Core/Src/main.o"
../Core/Src/main.c: In function 'main':
../Core/Src/main.c:179:32: warning: pointer targets in passing argument 2 of 'HAL_UART_Receive_IT' differ in signedness [-Wpointer-sign]
  179 |   HAL_UART_Receive_IT(&huart2, rx_msg_external, sizeof(rx_msg_external));
      |                                ^~~~~~~~~~~~~~~
      |                                |
      |                                char *
In file included from ../Core/Inc/stm32f7xx_hal_conf.h:415,
                 from C:/Users/ddpat/STM32Cube/Repository/STM32Cube_FW_F7_V1.17.2/Drivers/STM32F7xx_HAL_Driver/Inc/stm32f7xx_hal.h:29,
                 from ../Core/Inc/main.h:30,
                 from ../Core/Src/main.c:20:
C:/Users/ddpat/STM32Cube/Repository/STM32Cube_FW_F7_V1.17.2/Drivers/STM32F7xx_HAL_Driver/Inc/stm32f7xx_hal_uart.h:1556:75: note: expected 'uint8_t *' {aka 'unsigned char *'} but argument is of type 'char *'
 1556 | HAL_StatusTypeDef HAL_UART_Receive_IT(UART_HandleTypeDef *huart, uint8_t *pData, uint16_t Size);
      |                                                                  ~~~~~~~~~^~~~~
arm-none-eabi-gcc -o "tsp1.elf" @"objects.list"   -mcpu=cortex-m7 -T"E:\MAD_Lab\spp11\tsp1\STM32F767ZITX_FLASH.ld" --specs=nosys.specs -Wl,-Map="tsp1.map" -Wl,--gc-sections -static --specs=nano.specs -mfpu=fpv5-d16 -mfloat-abi=hard -mthumb -Wl,--start-group -lc -lm -Wl,--end-group
Finished building target: tsp1.elf
 
arm-none-eabi-size  tsp1.elf 
arm-none-eabi-objdump -h -S tsp1.elf  > "tsp1.list"
   text	   data	    bss	    dec	    hex	filename
  19580	     96	   2832	  22508	   57ec	tsp1.elf
Finished building: default.size.stdout
 
Finished building: tsp1.list
 
23:24:49 **** Incremental Build of configuration Debug for project tsp1 ****
make -j12 all 
arm-none-eabi-size  tsp1.elf 
   text	   data	    bss	    dec	    hex	filename
  19580	     96	   2832	  22508	   57ec	tsp1.elf
Finished building: default.size.stdout
 
23:26:54 **** Incremental Build of configuration Debug for project tsp1 ****
make -j12 all 
arm-none-eabi-gcc "../Core/Src/main.c" -mcpu=cortex-m7 -std=gnu11 -g3 -DDEBUG -DUSE_HAL_DRIVER -DSTM32F767xx -c -I../Core/Inc -IC:/Users/ddpat/STM32Cube/Repository/STM32Cube_FW_F7_V1.17.2/Drivers/STM32F7xx_HAL_Driver/Inc -IC:/Users/ddpat/STM32Cube/Repository/STM32Cube_FW_F7_V1.17.2/Drivers/STM32F7xx_HAL_Driver/Inc/Legacy -IC:/Users/ddpat/STM32Cube/Repository/STM32Cube_FW_F7_V1.17.2/Drivers/CMSIS/Device/ST/STM32F7xx/Include -IC:/Users/ddpat/STM32Cube/Repository/STM32Cube_FW_F7_V1.17.2/Drivers/CMSIS/Include -O0 -ffunction-sections -fdata-sections -Wall -fstack-usage -fcyclomatic-complexity -MMD -MP -MF"Core/Src/main.d" -MT"Core/Src/main.o" --specs=nano.specs -mfpu=fpv5-d16 -mfloat-abi=hard -mthumb -o "Core/Src/main.o"
../Core/Src/main.c: In function 'main':
../Core/Src/main.c:181:32: warning: pointer targets in passing argument 2 of 'HAL_UART_Receive_IT' differ in signedness [-Wpointer-sign]
  181 |   HAL_UART_Receive_IT(&huart2, rx_msg_external, sizeof(rx_msg_external));
      |                                ^~~~~~~~~~~~~~~
      |                                |
      |                                char *
In file included from ../Core/Inc/stm32f7xx_hal_conf.h:415,
                 from C:/Users/ddpat/STM32Cube/Repository/STM32Cube_FW_F7_V1.17.2/Drivers/STM32F7xx_HAL_Driver/Inc/stm32f7xx_hal.h:29,
                 from ../Core/Inc/main.h:30,
                 from ../Core/Src/main.c:20:
C:/Users/ddpat/STM32Cube/Repository/STM32Cube_FW_F7_V1.17.2/Drivers/STM32F7xx_HAL_Driver/Inc/stm32f7xx_hal_uart.h:1556:75: note: expected 'uint8_t *' {aka 'unsigned char *'} but argument is of type 'char *'
 1556 | HAL_StatusTypeDef HAL_UART_Receive_IT(UART_HandleTypeDef *huart, uint8_t *pData, uint16_t Size);
      |                                                                  ~~~~~~~~~^~~~~
arm-none-eabi-gcc -o "tsp1.elf" @"objects.list"   -mcpu=cortex-m7 -T"E:\MAD_Lab\spp11\tsp1\STM32F767ZITX_FLASH.ld" --specs=nosys.specs -Wl,-Map="tsp1.map" -Wl,--gc-sections -static --specs=nano.specs -mfpu=fpv5-d16 -mfloat-abi=hard -mthumb -Wl,--start-group -lc -lm -Wl,--end-group
Finished building target: tsp1.elf
 
arm-none-eabi-size  tsp1.elf 
arm-none-eabi-objdump -h -S tsp1.elf  > "tsp1.list"
   text	   data	    bss	    dec	    hex	filename
  19576	     96	   2832	  22504	   57e8	tsp1.elf
Finished building: default.size.stdout
 
Finished building: tsp1.list
 
23:28:24 **** Incremental Build of configuration Debug for project tsp1 ****
make -j12 all 
arm-none-eabi-gcc "../Core/Src/main.c" -mcpu=cortex-m7 -std=gnu11 -g3 -DDEBUG -DUSE_HAL_DRIVER -DSTM32F767xx -c -I../Core/Inc -IC:/Users/ddpat/STM32Cube/Repository/STM32Cube_FW_F7_V1.17.2/Drivers/STM32F7xx_HAL_Driver/Inc -IC:/Users/ddpat/STM32Cube/Repository/STM32Cube_FW_F7_V1.17.2/Drivers/STM32F7xx_HAL_Driver/Inc/Legacy -IC:/Users/ddpat/STM32Cube/Repository/STM32Cube_FW_F7_V1.17.2/Drivers/CMSIS/Device/ST/STM32F7xx/Include -IC:/Users/ddpat/STM32Cube/Repository/STM32Cube_FW_F7_V1.17.2/Drivers/CMSIS/Include -O0 -ffunction-sections -fdata-sections -Wall -fstack-usage -fcyclomatic-complexity -MMD -MP -MF"Core/Src/main.d" -MT"Core/Src/main.o" --specs=nano.specs -mfpu=fpv5-d16 -mfloat-abi=hard -mthumb -o "Core/Src/main.o"
../Core/Src/main.c: In function 'main':
../Core/Src/main.c:181:32: warning: pointer targets in passing argument 2 of 'HAL_UART_Receive_IT' differ in signedness [-Wpointer-sign]
  181 |   HAL_UART_Receive_IT(&huart2, rx_msg_external, sizeof(rx_msg_external));
      |                                ^~~~~~~~~~~~~~~
      |                                |
      |                                char *
In file included from ../Core/Inc/stm32f7xx_hal_conf.h:415,
                 from C:/Users/ddpat/STM32Cube/Repository/STM32Cube_FW_F7_V1.17.2/Drivers/STM32F7xx_HAL_Driver/Inc/stm32f7xx_hal.h:29,
                 from ../Core/Inc/main.h:30,
                 from ../Core/Src/main.c:20:
C:/Users/ddpat/STM32Cube/Repository/STM32Cube_FW_F7_V1.17.2/Drivers/STM32F7xx_HAL_Driver/Inc/stm32f7xx_hal_uart.h:1556:75: note: expected 'uint8_t *' {aka 'unsigned char *'} but argument is of type 'char *'
 1556 | HAL_StatusTypeDef HAL_UART_Receive_IT(UART_HandleTypeDef *huart, uint8_t *pData, uint16_t Size);
      |                                                                  ~~~~~~~~~^~~~~
arm-none-eabi-gcc -o "tsp1.elf" @"objects.list"   -mcpu=cortex-m7 -T"E:\MAD_Lab\spp11\tsp1\STM32F767ZITX_FLASH.ld" --specs=nosys.specs -Wl,-Map="tsp1.map" -Wl,--gc-sections -static --specs=nano.specs -mfpu=fpv5-d16 -mfloat-abi=hard -mthumb -Wl,--start-group -lc -lm -Wl,--end-group
Finished building target: tsp1.elf
 
arm-none-eabi-size  tsp1.elf 
arm-none-eabi-objdump -h -S tsp1.elf  > "tsp1.list"
   text	   data	    bss	    dec	    hex	filename
  19576	     96	   2832	  22504	   57e8	tsp1.elf
Finished building: default.size.stdout
 
Finished building: tsp1.list
 
23:30:14 **** Incremental Build of configuration Debug for project tsp1 ****
make -j12 all 
arm-none-eabi-gcc "../Core/Src/main.c" -mcpu=cortex-m7 -std=gnu11 -g3 -DDEBUG -DUSE_HAL_DRIVER -DSTM32F767xx -c -I../Core/Inc -IC:/Users/ddpat/STM32Cube/Repository/STM32Cube_FW_F7_V1.17.2/Drivers/STM32F7xx_HAL_Driver/Inc -IC:/Users/ddpat/STM32Cube/Repository/STM32Cube_FW_F7_V1.17.2/Drivers/STM32F7xx_HAL_Driver/Inc/Legacy -IC:/Users/ddpat/STM32Cube/Repository/STM32Cube_FW_F7_V1.17.2/Drivers/CMSIS/Device/ST/STM32F7xx/Include -IC:/Users/ddpat/STM32Cube/Repository/STM32Cube_FW_F7_V1.17.2/Drivers/CMSIS/Include -O0 -ffunction-sections -fdata-sections -Wall -fstack-usage -fcyclomatic-complexity -MMD -MP -MF"Core/Src/main.d" -MT"Core/Src/main.o" --specs=nano.specs -mfpu=fpv5-d16 -mfloat-abi=hard -mthumb -o "Core/Src/main.o"
../Core/Src/main.c: In function 'main':
../Core/Src/main.c:181:32: warning: pointer targets in passing argument 2 of 'HAL_UART_Receive_IT' differ in signedness [-Wpointer-sign]
  181 |   HAL_UART_Receive_IT(&huart2, rx_msg_external, sizeof(rx_msg_external));
      |                                ^~~~~~~~~~~~~~~
      |                                |
      |                                char *
In file included from ../Core/Inc/stm32f7xx_hal_conf.h:415,
                 from C:/Users/ddpat/STM32Cube/Repository/STM32Cube_FW_F7_V1.17.2/Drivers/STM32F7xx_HAL_Driver/Inc/stm32f7xx_hal.h:29,
                 from ../Core/Inc/main.h:30,
                 from ../Core/Src/main.c:20:
C:/Users/ddpat/STM32Cube/Repository/STM32Cube_FW_F7_V1.17.2/Drivers/STM32F7xx_HAL_Driver/Inc/stm32f7xx_hal_uart.h:1556:75: note: expected 'uint8_t *' {aka 'unsigned char *'} but argument is of type 'char *'
 1556 | HAL_StatusTypeDef HAL_UART_Receive_IT(UART_HandleTypeDef *huart, uint8_t *pData, uint16_t Size);
      |                                                                  ~~~~~~~~~^~~~~
arm-none-eabi-gcc -o "tsp1.elf" @"objects.list"   -mcpu=cortex-m7 -T"E:\MAD_Lab\spp11\tsp1\STM32F767ZITX_FLASH.ld" --specs=nosys.specs -Wl,-Map="tsp1.map" -Wl,--gc-sections -static --specs=nano.specs -mfpu=fpv5-d16 -mfloat-abi=hard -mthumb -Wl,--start-group -lc -lm -Wl,--end-group
Finished building target: tsp1.elf
 
arm-none-eabi-size  tsp1.elf 
arm-none-eabi-objdump -h -S tsp1.elf  > "tsp1.list"
   text	   data	    bss	    dec	    hex	filename
  19588	     96	   2832	  22516	   57f4	tsp1.elf
Finished building: default.size.stdout
 
Finished building: tsp1.list
 
23:33:02 **** Incremental Build of configuration Debug for project tsp1 ****
make -j12 all 
arm-none-eabi-gcc "../Core/Src/main.c" -mcpu=cortex-m7 -std=gnu11 -g3 -DDEBUG -DUSE_HAL_DRIVER -DSTM32F767xx -c -I../Core/Inc -IC:/Users/ddpat/STM32Cube/Repository/STM32Cube_FW_F7_V1.17.2/Drivers/STM32F7xx_HAL_Driver/Inc -IC:/Users/ddpat/STM32Cube/Repository/STM32Cube_FW_F7_V1.17.2/Drivers/STM32F7xx_HAL_Driver/Inc/Legacy -IC:/Users/ddpat/STM32Cube/Repository/STM32Cube_FW_F7_V1.17.2/Drivers/CMSIS/Device/ST/STM32F7xx/Include -IC:/Users/ddpat/STM32Cube/Repository/STM32Cube_FW_F7_V1.17.2/Drivers/CMSIS/Include -O0 -ffunction-sections -fdata-sections -Wall -fstack-usage -fcyclomatic-complexity -MMD -MP -MF"Core/Src/main.d" -MT"Core/Src/main.o" --specs=nano.specs -mfpu=fpv5-d16 -mfloat-abi=hard -mthumb -o "Core/Src/main.o"
../Core/Src/main.c: In function 'main':
../Core/Src/main.c:181:32: warning: pointer targets in passing argument 2 of 'HAL_UART_Receive_IT' differ in signedness [-Wpointer-sign]
  181 |   HAL_UART_Receive_IT(&huart2, rx_msg_external, sizeof(rx_msg_external));
      |                                ^~~~~~~~~~~~~~~
      |                                |
      |                                char *
In file included from ../Core/Inc/stm32f7xx_hal_conf.h:415,
                 from C:/Users/ddpat/STM32Cube/Repository/STM32Cube_FW_F7_V1.17.2/Drivers/STM32F7xx_HAL_Driver/Inc/stm32f7xx_hal.h:29,
                 from ../Core/Inc/main.h:30,
                 from ../Core/Src/main.c:20:
C:/Users/ddpat/STM32Cube/Repository/STM32Cube_FW_F7_V1.17.2/Drivers/STM32F7xx_HAL_Driver/Inc/stm32f7xx_hal_uart.h:1556:75: note: expected 'uint8_t *' {aka 'unsigned char *'} but argument is of type 'char *'
 1556 | HAL_StatusTypeDef HAL_UART_Receive_IT(UART_HandleTypeDef *huart, uint8_t *pData, uint16_t Size);
      |                                                                  ~~~~~~~~~^~~~~
arm-none-eabi-gcc -o "tsp1.elf" @"objects.list"   -mcpu=cortex-m7 -T"E:\MAD_Lab\spp11\tsp1\STM32F767ZITX_FLASH.ld" --specs=nosys.specs -Wl,-Map="tsp1.map" -Wl,--gc-sections -static --specs=nano.specs -mfpu=fpv5-d16 -mfloat-abi=hard -mthumb -Wl,--start-group -lc -lm -Wl,--end-group
Finished building target: tsp1.elf
 
arm-none-eabi-size  tsp1.elf 
arm-none-eabi-objdump -h -S tsp1.elf  > "tsp1.list"
   text	   data	    bss	    dec	    hex	filename
  19648	     96	   2832	  22576	   5830	tsp1.elf
Finished building: default.size.stdout
 
Finished building: tsp1.list
 
01:29:59 **** Incremental Build of configuration Debug for project tsp1 ****
make -j12 all 
arm-none-eabi-gcc "../Core/Src/main.c" -mcpu=cortex-m7 -std=gnu11 -g3 -DDEBUG -DUSE_HAL_DRIVER -DSTM32F767xx -c -I../Core/Inc -IC:/Users/ddpat/STM32Cube/Repository/STM32Cube_FW_F7_V1.17.2/Drivers/STM32F7xx_HAL_Driver/Inc -IC:/Users/ddpat/STM32Cube/Repository/STM32Cube_FW_F7_V1.17.2/Drivers/STM32F7xx_HAL_Driver/Inc/Legacy -IC:/Users/ddpat/STM32Cube/Repository/STM32Cube_FW_F7_V1.17.2/Drivers/CMSIS/Device/ST/STM32F7xx/Include -IC:/Users/ddpat/STM32Cube/Repository/STM32Cube_FW_F7_V1.17.2/Drivers/CMSIS/Include -O0 -ffunction-sections -fdata-sections -Wall -fstack-usage -fcyclomatic-complexity -MMD -MP -MF"Core/Src/main.d" -MT"Core/Src/main.o" --specs=nano.specs -mfpu=fpv5-d16 -mfloat-abi=hard -mthumb -o "Core/Src/main.o"
../Core/Src/main.c: In function 'main':
../Core/Src/main.c:181:32: warning: pointer targets in passing argument 2 of 'HAL_UART_Receive_IT' differ in signedness [-Wpointer-sign]
  181 |   HAL_UART_Receive_IT(&huart2, rx_msg_external, sizeof(rx_msg_external));
      |                                ^~~~~~~~~~~~~~~
      |                                |
      |                                char *
In file included from ../Core/Inc/stm32f7xx_hal_conf.h:415,
                 from C:/Users/ddpat/STM32Cube/Repository/STM32Cube_FW_F7_V1.17.2/Drivers/STM32F7xx_HAL_Driver/Inc/stm32f7xx_hal.h:29,
                 from ../Core/Inc/main.h:30,
                 from ../Core/Src/main.c:20:
C:/Users/ddpat/STM32Cube/Repository/STM32Cube_FW_F7_V1.17.2/Drivers/STM32F7xx_HAL_Driver/Inc/stm32f7xx_hal_uart.h:1556:75: note: expected 'uint8_t *' {aka 'unsigned char *'} but argument is of type 'char *'
 1556 | HAL_StatusTypeDef HAL_UART_Receive_IT(UART_HandleTypeDef *huart, uint8_t *pData, uint16_t Size);
      |                                                                  ~~~~~~~~~^~~~~
../Core/Src/main.c:224:61: error: 'selected_uart' undeclared (first use in this function)
  224 |                                           HAL_UART_Transmit(selected_uart, (uint8_t*)tx_message, sizeof(tx_message), HAL_MAX_DELAY);
      |                                                             ^~~~~~~~~~~~~
../Core/Src/main.c:224:61: note: each undeclared identifier is reported only once for each function it appears in
../Core/Src/main.c:244:47: error: 'uart_no' undeclared (first use in this function)
  244 |                                           if (uart_no == 2)
      |                                               ^~~~~~~
make: *** [Core/Src/subdir.mk:34: Core/Src/main.o] Error 1
"make -j12 all" terminated with exit code 2. Build might be incomplete.
01:31:47 **** Incremental Build of configuration Debug for project tsp1 ****
make -j12 all 
arm-none-eabi-gcc "../Core/Src/main.c" -mcpu=cortex-m7 -std=gnu11 -g3 -DDEBUG -DUSE_HAL_DRIVER -DSTM32F767xx -c -I../Core/Inc -IC:/Users/ddpat/STM32Cube/Repository/STM32Cube_FW_F7_V1.17.2/Drivers/STM32F7xx_HAL_Driver/Inc -IC:/Users/ddpat/STM32Cube/Repository/STM32Cube_FW_F7_V1.17.2/Drivers/STM32F7xx_HAL_Driver/Inc/Legacy -IC:/Users/ddpat/STM32Cube/Repository/STM32Cube_FW_F7_V1.17.2/Drivers/CMSIS/Device/ST/STM32F7xx/Include -IC:/Users/ddpat/STM32Cube/Repository/STM32Cube_FW_F7_V1.17.2/Drivers/CMSIS/Include -O0 -ffunction-sections -fdata-sections -Wall -fstack-usage -fcyclomatic-complexity -MMD -MP -MF"Core/Src/main.d" -MT"Core/Src/main.o" --specs=nano.specs -mfpu=fpv5-d16 -mfloat-abi=hard -mthumb -o "Core/Src/main.o"
../Core/Src/main.c: In function 'main':
../Core/Src/main.c:188:39: warning: format '%lu' expects argument of type 'long unsigned int', but argument 4 has type 'int' [-Wformat=]
  188 |                   "Man from U.A.R.T.%lu !\r\n"
      |                                     ~~^
      |                                       |
      |                                       long unsigned int
      |                                     %u
  189 |                   "Quit PRESS q\r\n", uart_no);
      |                                       ~~~~~~~
      |                                       |
      |                                       int
../Core/Src/main.c:211:44: warning: pointer targets in passing argument 2 of 'HAL_UART_Receive_IT' differ in signedness [-Wpointer-sign]
  211 |         HAL_UART_Receive_IT(selected_uart, rx_msg_external, sizeof(rx_msg_external));
      |                                            ^~~~~~~~~~~~~~~
      |                                            |
      |                                            char *
In file included from ../Core/Inc/stm32f7xx_hal_conf.h:415,
                 from C:/Users/ddpat/STM32Cube/Repository/STM32Cube_FW_F7_V1.17.2/Drivers/STM32F7xx_HAL_Driver/Inc/stm32f7xx_hal.h:29,
                 from ../Core/Inc/main.h:30,
                 from ../Core/Src/main.c:20:
C:/Users/ddpat/STM32Cube/Repository/STM32Cube_FW_F7_V1.17.2/Drivers/STM32F7xx_HAL_Driver/Inc/stm32f7xx_hal_uart.h:1556:75: note: expected 'uint8_t *' {aka 'unsigned char *'} but argument is of type 'char *'
 1556 | HAL_StatusTypeDef HAL_UART_Receive_IT(UART_HandleTypeDef *huart, uint8_t *pData, uint16_t Size);
      |                                                                  ~~~~~~~~~^~~~~
arm-none-eabi-gcc -o "tsp1.elf" @"objects.list"   -mcpu=cortex-m7 -T"E:\MAD_Lab\spp11\tsp1\STM32F767ZITX_FLASH.ld" --specs=nosys.specs -Wl,-Map="tsp1.map" -Wl,--gc-sections -static --specs=nano.specs -mfpu=fpv5-d16 -mfloat-abi=hard -mthumb -Wl,--start-group -lc -lm -Wl,--end-group
Finished building target: tsp1.elf
 
arm-none-eabi-size  tsp1.elf 
arm-none-eabi-objdump -h -S tsp1.elf  > "tsp1.list"
   text	   data	    bss	    dec	    hex	filename
  20064	    100	   2836	  23000	   59d8	tsp1.elf
Finished building: default.size.stdout
 
Finished building: tsp1.list
 
01:31:49 **** Incremental Build of configuration Debug for project tsp1 ****
make -j12 all 
arm-none-eabi-size  tsp1.elf 
   text	   data	    bss	    dec	    hex	filename
  20064	    100	   2836	  23000	   59d8	tsp1.elf
Finished building: default.size.stdout
 
01:32:57 **** Incremental Build of configuration Debug for project tsp1 ****
make -j12 all 
arm-none-eabi-gcc "../Core/Src/main.c" -mcpu=cortex-m7 -std=gnu11 -g3 -DDEBUG -DUSE_HAL_DRIVER -DSTM32F767xx -c -I../Core/Inc -IC:/Users/ddpat/STM32Cube/Repository/STM32Cube_FW_F7_V1.17.2/Drivers/STM32F7xx_HAL_Driver/Inc -IC:/Users/ddpat/STM32Cube/Repository/STM32Cube_FW_F7_V1.17.2/Drivers/STM32F7xx_HAL_Driver/Inc/Legacy -IC:/Users/ddpat/STM32Cube/Repository/STM32Cube_FW_F7_V1.17.2/Drivers/CMSIS/Device/ST/STM32F7xx/Include -IC:/Users/ddpat/STM32Cube/Repository/STM32Cube_FW_F7_V1.17.2/Drivers/CMSIS/Include -O0 -ffunction-sections -fdata-sections -Wall -fstack-usage -fcyclomatic-complexity -MMD -MP -MF"Core/Src/main.d" -MT"Core/Src/main.o" --specs=nano.specs -mfpu=fpv5-d16 -mfloat-abi=hard -mthumb -o "Core/Src/main.o"
../Core/Src/main.c: In function 'main':
../Core/Src/main.c:188:39: warning: format '%lu' expects argument of type 'long unsigned int', but argument 4 has type 'int' [-Wformat=]
  188 |                   "Man from U.A.R.T.%lu !\r\n"
      |                                     ~~^
      |                                       |
      |                                       long unsigned int
      |                                     %u
  189 |                   "Quit PRESS q\r\n", uart_no);
      |                                       ~~~~~~~
      |                                       |
      |                                       int
../Core/Src/main.c:211:44: warning: pointer targets in passing argument 2 of 'HAL_UART_Receive_IT' differ in signedness [-Wpointer-sign]
  211 |         HAL_UART_Receive_IT(selected_uart, rx_msg_external, sizeof(rx_msg_external));
      |                                            ^~~~~~~~~~~~~~~
      |                                            |
      |                                            char *
In file included from ../Core/Inc/stm32f7xx_hal_conf.h:415,
                 from C:/Users/ddpat/STM32Cube/Repository/STM32Cube_FW_F7_V1.17.2/Drivers/STM32F7xx_HAL_Driver/Inc/stm32f7xx_hal.h:29,
                 from ../Core/Inc/main.h:30,
                 from ../Core/Src/main.c:20:
C:/Users/ddpat/STM32Cube/Repository/STM32Cube_FW_F7_V1.17.2/Drivers/STM32F7xx_HAL_Driver/Inc/stm32f7xx_hal_uart.h:1556:75: note: expected 'uint8_t *' {aka 'unsigned char *'} but argument is of type 'char *'
 1556 | HAL_StatusTypeDef HAL_UART_Receive_IT(UART_HandleTypeDef *huart, uint8_t *pData, uint16_t Size);
      |                                                                  ~~~~~~~~~^~~~~
arm-none-eabi-gcc -o "tsp1.elf" @"objects.list"   -mcpu=cortex-m7 -T"E:\MAD_Lab\spp11\tsp1\STM32F767ZITX_FLASH.ld" --specs=nosys.specs -Wl,-Map="tsp1.map" -Wl,--gc-sections -static --specs=nano.specs -mfpu=fpv5-d16 -mfloat-abi=hard -mthumb -Wl,--start-group -lc -lm -Wl,--end-group
Finished building target: tsp1.elf
 
arm-none-eabi-size  tsp1.elf 
arm-none-eabi-objdump -h -S tsp1.elf  > "tsp1.list"
   text	   data	    bss	    dec	    hex	filename
  20064	    100	   2836	  23000	   59d8	tsp1.elf
Finished building: default.size.stdout
 
Finished building: tsp1.list
 
18:53:41 **** Incremental Build of configuration Debug for project tsp1 ****
make -j12 all 
arm-none-eabi-size  tsp1.elf 
   text	   data	    bss	    dec	    hex	filename
  20064	    100	   2836	  23000	   59d8	tsp1.elf
Finished building: default.size.stdout
 
13:29:28 **** Incremental Build of configuration Debug for project tsp1 ****
make -j12 all 
arm-none-eabi-size  tsp1.elf 
   text	   data	    bss	    dec	    hex	filename
  20064	    100	   2836	  23000	   59d8	tsp1.elf
Finished building: default.size.stdout
 
13:30:19 **** Incremental Build of configuration Debug for project tsp1 ****
make -j12 all 
arm-none-eabi-size  tsp1.elf 
   text	   data	    bss	    dec	    hex	filename
  20064	    100	   2836	  23000	   59d8	tsp1.elf
Finished building: default.size.stdout
 
13:42:35 **** Incremental Build of configuration Debug for project tsp1 ****
make -j12 all 
arm-none-eabi-gcc "../Core/Src/main.c" -mcpu=cortex-m7 -std=gnu11 -g3 -DDEBUG -DUSE_HAL_DRIVER -DSTM32F767xx -c -I../Core/Inc -IC:/Users/ddpat/STM32Cube/Repository/STM32Cube_FW_F7_V1.17.2/Drivers/STM32F7xx_HAL_Driver/Inc -IC:/Users/ddpat/STM32Cube/Repository/STM32Cube_FW_F7_V1.17.2/Drivers/STM32F7xx_HAL_Driver/Inc/Legacy -IC:/Users/ddpat/STM32Cube/Repository/STM32Cube_FW_F7_V1.17.2/Drivers/CMSIS/Device/ST/STM32F7xx/Include -IC:/Users/ddpat/STM32Cube/Repository/STM32Cube_FW_F7_V1.17.2/Drivers/CMSIS/Include -O0 -ffunction-sections -fdata-sections -Wall -fstack-usage -fcyclomatic-complexity -MMD -MP -MF"Core/Src/main.d" -MT"Core/Src/main.o" --specs=nano.specs -mfpu=fpv5-d16 -mfloat-abi=hard -mthumb -o "Core/Src/main.o"
../Core/Src/main.c: In function 'main':
../Core/Src/main.c:188:39: warning: format '%lu' expects argument of type 'long unsigned int', but argument 4 has type 'int' [-Wformat=]
  188 |                   "Man from U.A.R.T.%lu !\r\n"
      |                                     ~~^
      |                                       |
      |                                       long unsigned int
      |                                     %u
  189 |                   "Quit PRESS q\r\n", uart_no);
      |                                       ~~~~~~~
      |                                       |
      |                                       int
../Core/Src/main.c:211:44: warning: pointer targets in passing argument 2 of 'HAL_UART_Receive_IT' differ in signedness [-Wpointer-sign]
  211 |         HAL_UART_Receive_IT(selected_uart, rx_msg_external, sizeof(rx_msg_external));
      |                                            ^~~~~~~~~~~~~~~
      |                                            |
      |                                            char *
In file included from ../Core/Inc/stm32f7xx_hal_conf.h:415,
                 from C:/Users/ddpat/STM32Cube/Repository/STM32Cube_FW_F7_V1.17.2/Drivers/STM32F7xx_HAL_Driver/Inc/stm32f7xx_hal.h:29,
                 from ../Core/Inc/main.h:30,
                 from ../Core/Src/main.c:20:
C:/Users/ddpat/STM32Cube/Repository/STM32Cube_FW_F7_V1.17.2/Drivers/STM32F7xx_HAL_Driver/Inc/stm32f7xx_hal_uart.h:1556:75: note: expected 'uint8_t *' {aka 'unsigned char *'} but argument is of type 'char *'
 1556 | HAL_StatusTypeDef HAL_UART_Receive_IT(UART_HandleTypeDef *huart, uint8_t *pData, uint16_t Size);
      |                                                                  ~~~~~~~~~^~~~~
arm-none-eabi-gcc -o "tsp1.elf" @"objects.list"   -mcpu=cortex-m7 -T"E:\MAD_Lab\spp11\tsp1\STM32F767ZITX_FLASH.ld" --specs=nosys.specs -Wl,-Map="tsp1.map" -Wl,--gc-sections -static --specs=nano.specs -mfpu=fpv5-d16 -mfloat-abi=hard -mthumb -Wl,--start-group -lc -lm -Wl,--end-group
Finished building target: tsp1.elf
 
arm-none-eabi-size  tsp1.elf 
arm-none-eabi-objdump -h -S tsp1.elf  > "tsp1.list"
   text	   data	    bss	    dec	    hex	filename
  20064	    100	   2836	  23000	   59d8	tsp1.elf
Finished building: default.size.stdout
 
Finished building: tsp1.list
 
13:55:05 **** Incremental Build of configuration Debug for project tsp1 ****
make -j12 all 
arm-none-eabi-gcc "../Core/Src/main.c" -mcpu=cortex-m7 -std=gnu11 -g3 -DDEBUG -DUSE_HAL_DRIVER -DSTM32F767xx -c -I../Core/Inc -IC:/Users/ddpat/STM32Cube/Repository/STM32Cube_FW_F7_V1.17.2/Drivers/STM32F7xx_HAL_Driver/Inc -IC:/Users/ddpat/STM32Cube/Repository/STM32Cube_FW_F7_V1.17.2/Drivers/STM32F7xx_HAL_Driver/Inc/Legacy -IC:/Users/ddpat/STM32Cube/Repository/STM32Cube_FW_F7_V1.17.2/Drivers/CMSIS/Device/ST/STM32F7xx/Include -IC:/Users/ddpat/STM32Cube/Repository/STM32Cube_FW_F7_V1.17.2/Drivers/CMSIS/Include -O0 -ffunction-sections -fdata-sections -Wall -fstack-usage -fcyclomatic-complexity -MMD -MP -MF"Core/Src/main.d" -MT"Core/Src/main.o" --specs=nano.specs -mfpu=fpv5-d16 -mfloat-abi=hard -mthumb -o "Core/Src/main.o"
../Core/Src/main.c: In function 'main':
../Core/Src/main.c:189:39: warning: format '%lu' expects argument of type 'long unsigned int', but argument 4 has type 'int' [-Wformat=]
  189 |                   "Man from U.A.R.T.%lu !\r\n"
      |                                     ~~^
      |                                       |
      |                                       long unsigned int
      |                                     %u
  190 |                   "Quit PRESS q\r\n", uart_no);
      |                                       ~~~~~~~
      |                                       |
      |                                       int
../Core/Src/main.c:212:44: warning: pointer targets in passing argument 2 of 'HAL_UART_Receive_IT' differ in signedness [-Wpointer-sign]
  212 |         HAL_UART_Receive_IT(selected_uart, rx_msg_external, sizeof(rx_msg_external));
      |                                            ^~~~~~~~~~~~~~~
      |                                            |
      |                                            char *
In file included from ../Core/Inc/stm32f7xx_hal_conf.h:415,
                 from C:/Users/ddpat/STM32Cube/Repository/STM32Cube_FW_F7_V1.17.2/Drivers/STM32F7xx_HAL_Driver/Inc/stm32f7xx_hal.h:29,
                 from ../Core/Inc/main.h:30,
                 from ../Core/Src/main.c:20:
C:/Users/ddpat/STM32Cube/Repository/STM32Cube_FW_F7_V1.17.2/Drivers/STM32F7xx_HAL_Driver/Inc/stm32f7xx_hal_uart.h:1556:75: note: expected 'uint8_t *' {aka 'unsigned char *'} but argument is of type 'char *'
 1556 | HAL_StatusTypeDef HAL_UART_Receive_IT(UART_HandleTypeDef *huart, uint8_t *pData, uint16_t Size);
      |                                                                  ~~~~~~~~~^~~~~
arm-none-eabi-gcc -o "tsp1.elf" @"objects.list"   -mcpu=cortex-m7 -T"E:\MAD_Lab\spp11\tsp1\STM32F767ZITX_FLASH.ld" --specs=nosys.specs -Wl,-Map="tsp1.map" -Wl,--gc-sections -static --specs=nano.specs -mfpu=fpv5-d16 -mfloat-abi=hard -mthumb -Wl,--start-group -lc -lm -Wl,--end-group
Finished building target: tsp1.elf
 
arm-none-eabi-size  tsp1.elf 
arm-none-eabi-objdump -h -S tsp1.elf  > "tsp1.list"
   text	   data	    bss	    dec	    hex	filename
  20068	    100	   2836	  23004	   59dc	tsp1.elf
Finished building: default.size.stdout
 
Finished building: tsp1.list
 
13:55:37 **** Incremental Build of configuration Debug for project tsp1 ****
make -j12 all 
arm-none-eabi-gcc "../Core/Src/main.c" -mcpu=cortex-m7 -std=gnu11 -g3 -DDEBUG -DUSE_HAL_DRIVER -DSTM32F767xx -c -I../Core/Inc -IC:/Users/ddpat/STM32Cube/Repository/STM32Cube_FW_F7_V1.17.2/Drivers/STM32F7xx_HAL_Driver/Inc -IC:/Users/ddpat/STM32Cube/Repository/STM32Cube_FW_F7_V1.17.2/Drivers/STM32F7xx_HAL_Driver/Inc/Legacy -IC:/Users/ddpat/STM32Cube/Repository/STM32Cube_FW_F7_V1.17.2/Drivers/CMSIS/Device/ST/STM32F7xx/Include -IC:/Users/ddpat/STM32Cube/Repository/STM32Cube_FW_F7_V1.17.2/Drivers/CMSIS/Include -O0 -ffunction-sections -fdata-sections -Wall -fstack-usage -fcyclomatic-complexity -MMD -MP -MF"Core/Src/main.d" -MT"Core/Src/main.o" --specs=nano.specs -mfpu=fpv5-d16 -mfloat-abi=hard -mthumb -o "Core/Src/main.o"
../Core/Src/main.c: In function 'main':
../Core/Src/main.c:189:39: warning: format '%lu' expects argument of type 'long unsigned int', but argument 4 has type 'int' [-Wformat=]
  189 |                   "Man from U.A.R.T.%lu !\r\n"
      |                                     ~~^
      |                                       |
      |                                       long unsigned int
      |                                     %u
  190 |                   "Quit PRESS q\r\n", uart_no);
      |                                       ~~~~~~~
      |                                       |
      |                                       int
../Core/Src/main.c:212:44: warning: pointer targets in passing argument 2 of 'HAL_UART_Receive_IT' differ in signedness [-Wpointer-sign]
  212 |         HAL_UART_Receive_IT(selected_uart, rx_msg_external, sizeof(rx_msg_external));
      |                                            ^~~~~~~~~~~~~~~
      |                                            |
      |                                            char *
In file included from ../Core/Inc/stm32f7xx_hal_conf.h:415,
                 from C:/Users/ddpat/STM32Cube/Repository/STM32Cube_FW_F7_V1.17.2/Drivers/STM32F7xx_HAL_Driver/Inc/stm32f7xx_hal.h:29,
                 from ../Core/Inc/main.h:30,
                 from ../Core/Src/main.c:20:
C:/Users/ddpat/STM32Cube/Repository/STM32Cube_FW_F7_V1.17.2/Drivers/STM32F7xx_HAL_Driver/Inc/stm32f7xx_hal_uart.h:1556:75: note: expected 'uint8_t *' {aka 'unsigned char *'} but argument is of type 'char *'
 1556 | HAL_StatusTypeDef HAL_UART_Receive_IT(UART_HandleTypeDef *huart, uint8_t *pData, uint16_t Size);
      |                                                                  ~~~~~~~~~^~~~~
arm-none-eabi-gcc -o "tsp1.elf" @"objects.list"   -mcpu=cortex-m7 -T"E:\MAD_Lab\spp11\tsp1\STM32F767ZITX_FLASH.ld" --specs=nosys.specs -Wl,-Map="tsp1.map" -Wl,--gc-sections -static --specs=nano.specs -mfpu=fpv5-d16 -mfloat-abi=hard -mthumb -Wl,--start-group -lc -lm -Wl,--end-group
Finished building target: tsp1.elf
 
arm-none-eabi-size  tsp1.elf 
arm-none-eabi-objdump -h -S tsp1.elf  > "tsp1.list"
   text	   data	    bss	    dec	    hex	filename
  20068	    100	   2836	  23004	   59dc	tsp1.elf
Finished building: default.size.stdout
 
Finished building: tsp1.list
 
13:57:39 **** Incremental Build of configuration Debug for project tsp1 ****
make -j12 all 
arm-none-eabi-size  tsp1.elf 
   text	   data	    bss	    dec	    hex	filename
  20068	    100	   2836	  23004	   59dc	tsp1.elf
Finished building: default.size.stdout
 
14:09:00 **** Incremental Build of configuration Debug for project tsp1 ****
make -j12 all 
arm-none-eabi-size  tsp1.elf 
   text	   data	    bss	    dec	    hex	filename
  20068	    100	   2836	  23004	   59dc	tsp1.elf
Finished building: default.size.stdout
 
14:09:12 **** Incremental Build of configuration Debug for project tsp1 ****
make -j12 all 
arm-none-eabi-size  tsp1.elf 
   text	   data	    bss	    dec	    hex	filename
  20068	    100	   2836	  23004	   59dc	tsp1.elf
Finished building: default.size.stdout
 
14:20:09 **** Incremental Build of configuration Debug for project tsp1 ****
make -j12 all 
arm-none-eabi-size  tsp1.elf 
   text	   data	    bss	    dec	    hex	filename
  20068	    100	   2836	  23004	   59dc	tsp1.elf
Finished building: default.size.stdout
 
14:24:15 **** Incremental Build of configuration Debug for project tsp1 ****
make -j12 all 
arm-none-eabi-size  tsp1.elf 
   text	   data	    bss	    dec	    hex	filename
  20068	    100	   2836	  23004	   59dc	tsp1.elf
Finished building: default.size.stdout
 
14:39:47 **** Clean-only build of configuration Debug for project Special01 ****
make -j12 clean 
rm -rf ./Drivers/STM32F7xx_HAL_Driver/Src/stm32f7xx_hal.cyclo ./Drivers/STM32F7xx_HAL_Driver/Src/stm32f7xx_hal.d ./Drivers/STM32F7xx_HAL_Driver/Src/stm32f7xx_hal.o ./Drivers/STM32F7xx_HAL_Driver/Src/stm32f7xx_hal.su ./Drivers/STM32F7xx_HAL_Driver/Src/stm32f7xx_hal_cortex.cyclo ./Drivers/STM32F7xx_HAL_Driver/Src/stm32f7xx_hal_cortex.d ./Drivers/STM32F7xx_HAL_Driver/Src/stm32f7xx_hal_cortex.o ./Drivers/STM32F7xx_HAL_Driver/Src/stm32f7xx_hal_cortex.su ./Drivers/STM32F7xx_HAL_Driver/Src/stm32f7xx_hal_dma.cyclo ./Drivers/STM32F7xx_HAL_Driver/Src/stm32f7xx_hal_dma.d ./Drivers/STM32F7xx_HAL_Driver/Src/stm32f7xx_hal_dma.o ./Drivers/STM32F7xx_HAL_Driver/Src/stm32f7xx_hal_dma.su ./Drivers/STM32F7xx_HAL_Driver/Src/stm32f7xx_hal_dma_ex.cyclo ./Drivers/STM32F7xx_HAL_Driver/Src/stm32f7xx_hal_dma_ex.d ./Drivers/STM32F7xx_HAL_Driver/Src/stm32f7xx_hal_dma_ex.o ./Drivers/STM32F7xx_HAL_Driver/Src/stm32f7xx_hal_dma_ex.su ./Drivers/STM32F7xx_HAL_Driver/Src/stm32f7xx_hal_exti.cyclo ./Drivers/STM32F7xx_HAL_Driver/Src/stm32f7xx_hal_exti.d ./Drivers/STM32F7xx_HAL_Driver/Src/stm32f7xx_hal_exti.o ./Drivers/STM32F7xx_HAL_Driver/Src/stm32f7xx_hal_exti.su ./Drivers/STM32F7xx_HAL_Driver/Src/stm32f7xx_hal_flash.cyclo ./Drivers/STM32F7xx_HAL_Driver/Src/stm32f7xx_hal_flash.d ./Drivers/STM32F7xx_HAL_Driver/Src/stm32f7xx_hal_flash.o ./Drivers/STM32F7xx_HAL_Driver/Src/stm32f7xx_hal_flash.su ./Drivers/STM32F7xx_HAL_Driver/Src/stm32f7xx_hal_flash_ex.cyclo ./Drivers/STM32F7xx_HAL_Driver/Src/stm32f7xx_hal_flash_ex.d ./Drivers/STM32F7xx_HAL_Driver/Src/stm32f7xx_hal_flash_ex.o ./Drivers/STM32F7xx_HAL_Driver/Src/stm32f7xx_hal_flash_ex.su ./Drivers/STM32F7xx_HAL_Driver/Src/stm32f7xx_hal_gpio.cyclo ./Drivers/STM32F7xx_HAL_Driver/Src/stm32f7xx_hal_gpio.d ./Drivers/STM32F7xx_HAL_Driver/Src/stm32f7xx_hal_gpio.o ./Drivers/STM32F7xx_HAL_Driver/Src/stm32f7xx_hal_gpio.su ./Drivers/STM32F7xx_HAL_Driver/Src/stm32f7xx_hal_i2c.cyclo ./Drivers/STM32F7xx_HAL_Driver/Src/stm32f7xx_hal_i2c.d ./Drivers/STM32F7xx_HAL_Driver/Src/stm32f7xx_hal_i2c.o ./Drivers/STM32F7xx_HAL_Driver/Src/stm32f7xx_hal_i2c.su ./Drivers/STM32F7xx_HAL_Driver/Src/stm32f7xx_hal_i2c_ex.cyclo ./Drivers/STM32F7xx_HAL_Driver/Src/stm32f7xx_hal_i2c_ex.d ./Drivers/STM32F7xx_HAL_Driver/Src/stm32f7xx_hal_i2c_ex.o ./Drivers/STM32F7xx_HAL_Driver/Src/stm32f7xx_hal_i2c_ex.su ./Drivers/STM32F7xx_HAL_Driver/Src/stm32f7xx_hal_pwr.cyclo ./Drivers/STM32F7xx_HAL_Driver/Src/stm32f7xx_hal_pwr.d ./Drivers/STM32F7xx_HAL_Driver/Src/stm32f7xx_hal_pwr.o ./Drivers/STM32F7xx_HAL_Driver/Src/stm32f7xx_hal_pwr.su ./Drivers/STM32F7xx_HAL_Driver/Src/stm32f7xx_hal_pwr_ex.cyclo ./Drivers/STM32F7xx_HAL_Driver/Src/stm32f7xx_hal_pwr_ex.d ./Drivers/STM32F7xx_HAL_Driver/Src/stm32f7xx_hal_pwr_ex.o ./Drivers/STM32F7xx_HAL_Driver/Src/stm32f7xx_hal_pwr_ex.su ./Drivers/STM32F7xx_HAL_Driver/Src/stm32f7xx_hal_rcc.cyclo ./Drivers/STM32F7xx_HAL_Driver/Src/stm32f7xx_hal_rcc.d ./Drivers/STM32F7xx_HAL_Driver/Src/stm32f7xx_hal_rcc.o ./Drivers/STM32F7xx_HAL_Driver/Src/stm32f7xx_hal_rcc.su ./Drivers/STM32F7xx_HAL_Driver/Src/stm32f7xx_hal_rcc_ex.cyclo ./Drivers/STM32F7xx_HAL_Driver/Src/stm32f7xx_hal_rcc_ex.d ./Drivers/STM32F7xx_HAL_Driver/Src/stm32f7xx_hal_rcc_ex.o ./Drivers/STM32F7xx_HAL_Driver/Src/stm32f7xx_hal_rcc_ex.su ./Drivers/STM32F7xx_HAL_Driver/Src/stm32f7xx_hal_tim.cyclo ./Drivers/STM32F7xx_HAL_Driver/Src/stm32f7xx_hal_tim.d ./Drivers/STM32F7xx_HAL_Driver/Src/stm32f7xx_hal_tim.o ./Drivers/STM32F7xx_HAL_Driver/Src/stm32f7xx_hal_tim.su ./Drivers/STM32F7xx_HAL_Driver/Src/stm32f7xx_hal_tim_ex.cyclo ./Drivers/STM32F7xx_HAL_Driver/Src/stm32f7xx_hal_tim_ex.d ./Drivers/STM32F7xx_HAL_Driver/Src/stm32f7xx_hal_tim_ex.o ./Drivers/STM32F7xx_HAL_Driver/Src/stm32f7xx_hal_tim_ex.su ./Drivers/STM32F7xx_HAL_Driver/Src/stm32f7xx_hal_uart.cyclo ./Drivers/STM32F7xx_HAL_Driver/Src/stm32f7xx_hal_uart.d ./Drivers/STM32F7xx_HAL_Driver/Src/stm32f7xx_hal_uart.o ./Drivers/STM32F7xx_HAL_Driver/Src/stm32f7xx_hal_uart.su ./Drivers/STM32F7xx_HAL_Driver/Src/stm32f7xx_hal_uart_ex.cyclo ./Drivers/STM32F7xx_HAL_Driver/Src/stm32f7xx_hal_uart_ex.d ./Drivers/STM32F7xx_HAL_Driver/Src/stm32f7xx_hal_uart_ex.o ./Drivers/STM32F7xx_HAL_Driver/Src/stm32f7xx_hal_uart_ex.su
rm -rf ./Core/Startup/startup_stm32f767zitx.d ./Core/Startup/startup_stm32f767zitx.o
rm -rf ./Core/Src/gpio.cyclo ./Core/Src/gpio.d ./Core/Src/gpio.o ./Core/Src/gpio.su ./Core/Src/main.cyclo ./Core/Src/main.d ./Core/Src/main.o ./Core/Src/main.su ./Core/Src/stm32f7xx_hal_msp.cyclo ./Core/Src/stm32f7xx_hal_msp.d ./Core/Src/stm32f7xx_hal_msp.o ./Core/Src/stm32f7xx_hal_msp.su ./Core/Src/stm32f7xx_it.cyclo ./Core/Src/stm32f7xx_it.d ./Core/Src/stm32f7xx_it.o ./Core/Src/stm32f7xx_it.su ./Core/Src/syscalls.cyclo ./Core/Src/syscalls.d ./Core/Src/syscalls.o ./Core/Src/syscalls.su ./Core/Src/sysmem.cyclo ./Core/Src/sysmem.d ./Core/Src/sysmem.o ./Core/Src/sysmem.su ./Core/Src/system_stm32f7xx.cyclo ./Core/Src/system_stm32f7xx.d ./Core/Src/system_stm32f7xx.o ./Core/Src/system_stm32f7xx.su ./Core/Src/usart.cyclo ./Core/Src/usart.d ./Core/Src/usart.o ./Core/Src/usart.su
rm -rf Special01.elf Special01.list Special01.map default.size.stdout
 
14:39:48 **** Build of configuration Debug for project Special01 ****
make -j12 all 
arm-none-eabi-gcc "../Drivers/STM32F7xx_HAL_Driver/Src/stm32f7xx_hal.c" -mcpu=cortex-m7 -std=gnu11 -g3 -DDEBUG -DUSE_HAL_DRIVER -DSTM32F767xx -c -I../Core/Inc -I../Drivers/STM32F7xx_HAL_Driver/Inc -I../Drivers/STM32F7xx_HAL_Driver/Inc/Legacy -I../Drivers/CMSIS/Device/ST/STM32F7xx/Include -I../Drivers/CMSIS/Include -O0 -ffunction-sections -fdata-sections -Wall -fstack-usage -fcyclomatic-complexity -MMD -MP -MF"Drivers/STM32F7xx_HAL_Driver/Src/stm32f7xx_hal.d" -MT"Drivers/STM32F7xx_HAL_Driver/Src/stm32f7xx_hal.o" --specs=nano.specs -mfpu=fpv5-d16 -mfloat-abi=hard -mthumb -o "Drivers/STM32F7xx_HAL_Driver/Src/stm32f7xx_hal.o"
arm-none-eabi-gcc "../Drivers/STM32F7xx_HAL_Driver/Src/stm32f7xx_hal_cortex.c" -mcpu=cortex-m7 -std=gnu11 -g3 -DDEBUG -DUSE_HAL_DRIVER -DSTM32F767xx -c -I../Core/Inc -I../Drivers/STM32F7xx_HAL_Driver/Inc -I../Drivers/STM32F7xx_HAL_Driver/Inc/Legacy -I../Drivers/CMSIS/Device/ST/STM32F7xx/Include -I../Drivers/CMSIS/Include -O0 -ffunction-sections -fdata-sections -Wall -fstack-usage -fcyclomatic-complexity -MMD -MP -MF"Drivers/STM32F7xx_HAL_Driver/Src/stm32f7xx_hal_cortex.d" -MT"Drivers/STM32F7xx_HAL_Driver/Src/stm32f7xx_hal_cortex.o" --specs=nano.specs -mfpu=fpv5-d16 -mfloat-abi=hard -mthumb -o "Drivers/STM32F7xx_HAL_Driver/Src/stm32f7xx_hal_cortex.o"
arm-none-eabi-gcc "../Drivers/STM32F7xx_HAL_Driver/Src/stm32f7xx_hal_dma.c" -mcpu=cortex-m7 -std=gnu11 -g3 -DDEBUG -DUSE_HAL_DRIVER -DSTM32F767xx -c -I../Core/Inc -I../Drivers/STM32F7xx_HAL_Driver/Inc -I../Drivers/STM32F7xx_HAL_Driver/Inc/Legacy -I../Drivers/CMSIS/Device/ST/STM32F7xx/Include -I../Drivers/CMSIS/Include -O0 -ffunction-sections -fdata-sections -Wall -fstack-usage -fcyclomatic-complexity -MMD -MP -MF"Drivers/STM32F7xx_HAL_Driver/Src/stm32f7xx_hal_dma.d" -MT"Drivers/STM32F7xx_HAL_Driver/Src/stm32f7xx_hal_dma.o" --specs=nano.specs -mfpu=fpv5-d16 -mfloat-abi=hard -mthumb -o "Drivers/STM32F7xx_HAL_Driver/Src/stm32f7xx_hal_dma.o"
arm-none-eabi-gcc "../Drivers/STM32F7xx_HAL_Driver/Src/stm32f7xx_hal_dma_ex.c" -mcpu=cortex-m7 -std=gnu11 -g3 -DDEBUG -DUSE_HAL_DRIVER -DSTM32F767xx -c -I../Core/Inc -I../Drivers/STM32F7xx_HAL_Driver/Inc -I../Drivers/STM32F7xx_HAL_Driver/Inc/Legacy -I../Drivers/CMSIS/Device/ST/STM32F7xx/Include -I../Drivers/CMSIS/Include -O0 -ffunction-sections -fdata-sections -Wall -fstack-usage -fcyclomatic-complexity -MMD -MP -MF"Drivers/STM32F7xx_HAL_Driver/Src/stm32f7xx_hal_dma_ex.d" -MT"Drivers/STM32F7xx_HAL_Driver/Src/stm32f7xx_hal_dma_ex.o" --specs=nano.specs -mfpu=fpv5-d16 -mfloat-abi=hard -mthumb -o "Drivers/STM32F7xx_HAL_Driver/Src/stm32f7xx_hal_dma_ex.o"
arm-none-eabi-gcc "../Drivers/STM32F7xx_HAL_Driver/Src/stm32f7xx_hal_exti.c" -mcpu=cortex-m7 -std=gnu11 -g3 -DDEBUG -DUSE_HAL_DRIVER -DSTM32F767xx -c -I../Core/Inc -I../Drivers/STM32F7xx_HAL_Driver/Inc -I../Drivers/STM32F7xx_HAL_Driver/Inc/Legacy -I../Drivers/CMSIS/Device/ST/STM32F7xx/Include -I../Drivers/CMSIS/Include -O0 -ffunction-sections -fdata-sections -Wall -fstack-usage -fcyclomatic-complexity -MMD -MP -MF"Drivers/STM32F7xx_HAL_Driver/Src/stm32f7xx_hal_exti.d" -MT"Drivers/STM32F7xx_HAL_Driver/Src/stm32f7xx_hal_exti.o" --specs=nano.specs -mfpu=fpv5-d16 -mfloat-abi=hard -mthumb -o "Drivers/STM32F7xx_HAL_Driver/Src/stm32f7xx_hal_exti.o"
arm-none-eabi-gcc "../Drivers/STM32F7xx_HAL_Driver/Src/stm32f7xx_hal_flash.c" -mcpu=cortex-m7 -std=gnu11 -g3 -DDEBUG -DUSE_HAL_DRIVER -DSTM32F767xx -c -I../Core/Inc -I../Drivers/STM32F7xx_HAL_Driver/Inc -I../Drivers/STM32F7xx_HAL_Driver/Inc/Legacy -I../Drivers/CMSIS/Device/ST/STM32F7xx/Include -I../Drivers/CMSIS/Include -O0 -ffunction-sections -fdata-sections -Wall -fstack-usage -fcyclomatic-complexity -MMD -MP -MF"Drivers/STM32F7xx_HAL_Driver/Src/stm32f7xx_hal_flash.d" -MT"Drivers/STM32F7xx_HAL_Driver/Src/stm32f7xx_hal_flash.o" --specs=nano.specs -mfpu=fpv5-d16 -mfloat-abi=hard -mthumb -o "Drivers/STM32F7xx_HAL_Driver/Src/stm32f7xx_hal_flash.o"
arm-none-eabi-gcc "../Drivers/STM32F7xx_HAL_Driver/Src/stm32f7xx_hal_flash_ex.c" -mcpu=cortex-m7 -std=gnu11 -g3 -DDEBUG -DUSE_HAL_DRIVER -DSTM32F767xx -c -I../Core/Inc -I../Drivers/STM32F7xx_HAL_Driver/Inc -I../Drivers/STM32F7xx_HAL_Driver/Inc/Legacy -I../Drivers/CMSIS/Device/ST/STM32F7xx/Include -I../Drivers/CMSIS/Include -O0 -ffunction-sections -fdata-sections -Wall -fstack-usage -fcyclomatic-complexity -MMD -MP -MF"Drivers/STM32F7xx_HAL_Driver/Src/stm32f7xx_hal_flash_ex.d" -MT"Drivers/STM32F7xx_HAL_Driver/Src/stm32f7xx_hal_flash_ex.o" --specs=nano.specs -mfpu=fpv5-d16 -mfloat-abi=hard -mthumb -o "Drivers/STM32F7xx_HAL_Driver/Src/stm32f7xx_hal_flash_ex.o"
arm-none-eabi-gcc "../Drivers/STM32F7xx_HAL_Driver/Src/stm32f7xx_hal_gpio.c" -mcpu=cortex-m7 -std=gnu11 -g3 -DDEBUG -DUSE_HAL_DRIVER -DSTM32F767xx -c -I../Core/Inc -I../Drivers/STM32F7xx_HAL_Driver/Inc -I../Drivers/STM32F7xx_HAL_Driver/Inc/Legacy -I../Drivers/CMSIS/Device/ST/STM32F7xx/Include -I../Drivers/CMSIS/Include -O0 -ffunction-sections -fdata-sections -Wall -fstack-usage -fcyclomatic-complexity -MMD -MP -MF"Drivers/STM32F7xx_HAL_Driver/Src/stm32f7xx_hal_gpio.d" -MT"Drivers/STM32F7xx_HAL_Driver/Src/stm32f7xx_hal_gpio.o" --specs=nano.specs -mfpu=fpv5-d16 -mfloat-abi=hard -mthumb -o "Drivers/STM32F7xx_HAL_Driver/Src/stm32f7xx_hal_gpio.o"
arm-none-eabi-gcc "../Drivers/STM32F7xx_HAL_Driver/Src/stm32f7xx_hal_i2c.c" -mcpu=cortex-m7 -std=gnu11 -g3 -DDEBUG -DUSE_HAL_DRIVER -DSTM32F767xx -c -I../Core/Inc -I../Drivers/STM32F7xx_HAL_Driver/Inc -I../Drivers/STM32F7xx_HAL_Driver/Inc/Legacy -I../Drivers/CMSIS/Device/ST/STM32F7xx/Include -I../Drivers/CMSIS/Include -O0 -ffunction-sections -fdata-sections -Wall -fstack-usage -fcyclomatic-complexity -MMD -MP -MF"Drivers/STM32F7xx_HAL_Driver/Src/stm32f7xx_hal_i2c.d" -MT"Drivers/STM32F7xx_HAL_Driver/Src/stm32f7xx_hal_i2c.o" --specs=nano.specs -mfpu=fpv5-d16 -mfloat-abi=hard -mthumb -o "Drivers/STM32F7xx_HAL_Driver/Src/stm32f7xx_hal_i2c.o"
arm-none-eabi-gcc "../Drivers/STM32F7xx_HAL_Driver/Src/stm32f7xx_hal_i2c_ex.c" -mcpu=cortex-m7 -std=gnu11 -g3 -DDEBUG -DUSE_HAL_DRIVER -DSTM32F767xx -c -I../Core/Inc -I../Drivers/STM32F7xx_HAL_Driver/Inc -I../Drivers/STM32F7xx_HAL_Driver/Inc/Legacy -I../Drivers/CMSIS/Device/ST/STM32F7xx/Include -I../Drivers/CMSIS/Include -O0 -ffunction-sections -fdata-sections -Wall -fstack-usage -fcyclomatic-complexity -MMD -MP -MF"Drivers/STM32F7xx_HAL_Driver/Src/stm32f7xx_hal_i2c_ex.d" -MT"Drivers/STM32F7xx_HAL_Driver/Src/stm32f7xx_hal_i2c_ex.o" --specs=nano.specs -mfpu=fpv5-d16 -mfloat-abi=hard -mthumb -o "Drivers/STM32F7xx_HAL_Driver/Src/stm32f7xx_hal_i2c_ex.o"
arm-none-eabi-gcc "../Drivers/STM32F7xx_HAL_Driver/Src/stm32f7xx_hal_pwr.c" -mcpu=cortex-m7 -std=gnu11 -g3 -DDEBUG -DUSE_HAL_DRIVER -DSTM32F767xx -c -I../Core/Inc -I../Drivers/STM32F7xx_HAL_Driver/Inc -I../Drivers/STM32F7xx_HAL_Driver/Inc/Legacy -I../Drivers/CMSIS/Device/ST/STM32F7xx/Include -I../Drivers/CMSIS/Include -O0 -ffunction-sections -fdata-sections -Wall -fstack-usage -fcyclomatic-complexity -MMD -MP -MF"Drivers/STM32F7xx_HAL_Driver/Src/stm32f7xx_hal_pwr.d" -MT"Drivers/STM32F7xx_HAL_Driver/Src/stm32f7xx_hal_pwr.o" --specs=nano.specs -mfpu=fpv5-d16 -mfloat-abi=hard -mthumb -o "Drivers/STM32F7xx_HAL_Driver/Src/stm32f7xx_hal_pwr.o"
arm-none-eabi-gcc "../Drivers/STM32F7xx_HAL_Driver/Src/stm32f7xx_hal_pwr_ex.c" -mcpu=cortex-m7 -std=gnu11 -g3 -DDEBUG -DUSE_HAL_DRIVER -DSTM32F767xx -c -I../Core/Inc -I../Drivers/STM32F7xx_HAL_Driver/Inc -I../Drivers/STM32F7xx_HAL_Driver/Inc/Legacy -I../Drivers/CMSIS/Device/ST/STM32F7xx/Include -I../Drivers/CMSIS/Include -O0 -ffunction-sections -fdata-sections -Wall -fstack-usage -fcyclomatic-complexity -MMD -MP -MF"Drivers/STM32F7xx_HAL_Driver/Src/stm32f7xx_hal_pwr_ex.d" -MT"Drivers/STM32F7xx_HAL_Driver/Src/stm32f7xx_hal_pwr_ex.o" --specs=nano.specs -mfpu=fpv5-d16 -mfloat-abi=hard -mthumb -o "Drivers/STM32F7xx_HAL_Driver/Src/stm32f7xx_hal_pwr_ex.o"
arm-none-eabi-gcc "../Drivers/STM32F7xx_HAL_Driver/Src/stm32f7xx_hal_rcc.c" -mcpu=cortex-m7 -std=gnu11 -g3 -DDEBUG -DUSE_HAL_DRIVER -DSTM32F767xx -c -I../Core/Inc -I../Drivers/STM32F7xx_HAL_Driver/Inc -I../Drivers/STM32F7xx_HAL_Driver/Inc/Legacy -I../Drivers/CMSIS/Device/ST/STM32F7xx/Include -I../Drivers/CMSIS/Include -O0 -ffunction-sections -fdata-sections -Wall -fstack-usage -fcyclomatic-complexity -MMD -MP -MF"Drivers/STM32F7xx_HAL_Driver/Src/stm32f7xx_hal_rcc.d" -MT"Drivers/STM32F7xx_HAL_Driver/Src/stm32f7xx_hal_rcc.o" --specs=nano.specs -mfpu=fpv5-d16 -mfloat-abi=hard -mthumb -o "Drivers/STM32F7xx_HAL_Driver/Src/stm32f7xx_hal_rcc.o"
arm-none-eabi-gcc "../Drivers/STM32F7xx_HAL_Driver/Src/stm32f7xx_hal_rcc_ex.c" -mcpu=cortex-m7 -std=gnu11 -g3 -DDEBUG -DUSE_HAL_DRIVER -DSTM32F767xx -c -I../Core/Inc -I../Drivers/STM32F7xx_HAL_Driver/Inc -I../Drivers/STM32F7xx_HAL_Driver/Inc/Legacy -I../Drivers/CMSIS/Device/ST/STM32F7xx/Include -I../Drivers/CMSIS/Include -O0 -ffunction-sections -fdata-sections -Wall -fstack-usage -fcyclomatic-complexity -MMD -MP -MF"Drivers/STM32F7xx_HAL_Driver/Src/stm32f7xx_hal_rcc_ex.d" -MT"Drivers/STM32F7xx_HAL_Driver/Src/stm32f7xx_hal_rcc_ex.o" --specs=nano.specs -mfpu=fpv5-d16 -mfloat-abi=hard -mthumb -o "Drivers/STM32F7xx_HAL_Driver/Src/stm32f7xx_hal_rcc_ex.o"
arm-none-eabi-gcc "../Drivers/STM32F7xx_HAL_Driver/Src/stm32f7xx_hal_tim.c" -mcpu=cortex-m7 -std=gnu11 -g3 -DDEBUG -DUSE_HAL_DRIVER -DSTM32F767xx -c -I../Core/Inc -I../Drivers/STM32F7xx_HAL_Driver/Inc -I../Drivers/STM32F7xx_HAL_Driver/Inc/Legacy -I../Drivers/CMSIS/Device/ST/STM32F7xx/Include -I../Drivers/CMSIS/Include -O0 -ffunction-sections -fdata-sections -Wall -fstack-usage -fcyclomatic-complexity -MMD -MP -MF"Drivers/STM32F7xx_HAL_Driver/Src/stm32f7xx_hal_tim.d" -MT"Drivers/STM32F7xx_HAL_Driver/Src/stm32f7xx_hal_tim.o" --specs=nano.specs -mfpu=fpv5-d16 -mfloat-abi=hard -mthumb -o "Drivers/STM32F7xx_HAL_Driver/Src/stm32f7xx_hal_tim.o"
arm-none-eabi-gcc "../Drivers/STM32F7xx_HAL_Driver/Src/stm32f7xx_hal_tim_ex.c" -mcpu=cortex-m7 -std=gnu11 -g3 -DDEBUG -DUSE_HAL_DRIVER -DSTM32F767xx -c -I../Core/Inc -I../Drivers/STM32F7xx_HAL_Driver/Inc -I../Drivers/STM32F7xx_HAL_Driver/Inc/Legacy -I../Drivers/CMSIS/Device/ST/STM32F7xx/Include -I../Drivers/CMSIS/Include -O0 -ffunction-sections -fdata-sections -Wall -fstack-usage -fcyclomatic-complexity -MMD -MP -MF"Drivers/STM32F7xx_HAL_Driver/Src/stm32f7xx_hal_tim_ex.d" -MT"Drivers/STM32F7xx_HAL_Driver/Src/stm32f7xx_hal_tim_ex.o" --specs=nano.specs -mfpu=fpv5-d16 -mfloat-abi=hard -mthumb -o "Drivers/STM32F7xx_HAL_Driver/Src/stm32f7xx_hal_tim_ex.o"
arm-none-eabi-gcc "../Drivers/STM32F7xx_HAL_Driver/Src/stm32f7xx_hal_uart.c" -mcpu=cortex-m7 -std=gnu11 -g3 -DDEBUG -DUSE_HAL_DRIVER -DSTM32F767xx -c -I../Core/Inc -I../Drivers/STM32F7xx_HAL_Driver/Inc -I../Drivers/STM32F7xx_HAL_Driver/Inc/Legacy -I../Drivers/CMSIS/Device/ST/STM32F7xx/Include -I../Drivers/CMSIS/Include -O0 -ffunction-sections -fdata-sections -Wall -fstack-usage -fcyclomatic-complexity -MMD -MP -MF"Drivers/STM32F7xx_HAL_Driver/Src/stm32f7xx_hal_uart.d" -MT"Drivers/STM32F7xx_HAL_Driver/Src/stm32f7xx_hal_uart.o" --specs=nano.specs -mfpu=fpv5-d16 -mfloat-abi=hard -mthumb -o "Drivers/STM32F7xx_HAL_Driver/Src/stm32f7xx_hal_uart.o"
arm-none-eabi-gcc "../Drivers/STM32F7xx_HAL_Driver/Src/stm32f7xx_hal_uart_ex.c" -mcpu=cortex-m7 -std=gnu11 -g3 -DDEBUG -DUSE_HAL_DRIVER -DSTM32F767xx -c -I../Core/Inc -I../Drivers/STM32F7xx_HAL_Driver/Inc -I../Drivers/STM32F7xx_HAL_Driver/Inc/Legacy -I../Drivers/CMSIS/Device/ST/STM32F7xx/Include -I../Drivers/CMSIS/Include -O0 -ffunction-sections -fdata-sections -Wall -fstack-usage -fcyclomatic-complexity -MMD -MP -MF"Drivers/STM32F7xx_HAL_Driver/Src/stm32f7xx_hal_uart_ex.d" -MT"Drivers/STM32F7xx_HAL_Driver/Src/stm32f7xx_hal_uart_ex.o" --specs=nano.specs -mfpu=fpv5-d16 -mfloat-abi=hard -mthumb -o "Drivers/STM32F7xx_HAL_Driver/Src/stm32f7xx_hal_uart_ex.o"
arm-none-eabi-gcc -mcpu=cortex-m7 -g3 -DDEBUG -c -x assembler-with-cpp -MMD -MP -MF"Core/Startup/startup_stm32f767zitx.d" -MT"Core/Startup/startup_stm32f767zitx.o" --specs=nano.specs -mfpu=fpv5-d16 -mfloat-abi=hard -mthumb -o "Core/Startup/startup_stm32f767zitx.o" "../Core/Startup/startup_stm32f767zitx.s"
arm-none-eabi-gcc "../Core/Src/gpio.c" -mcpu=cortex-m7 -std=gnu11 -g3 -DDEBUG -DUSE_HAL_DRIVER -DSTM32F767xx -c -I../Core/Inc -I../Drivers/STM32F7xx_HAL_Driver/Inc -I../Drivers/STM32F7xx_HAL_Driver/Inc/Legacy -I../Drivers/CMSIS/Device/ST/STM32F7xx/Include -I../Drivers/CMSIS/Include -O0 -ffunction-sections -fdata-sections -Wall -fstack-usage -fcyclomatic-complexity -MMD -MP -MF"Core/Src/gpio.d" -MT"Core/Src/gpio.o" --specs=nano.specs -mfpu=fpv5-d16 -mfloat-abi=hard -mthumb -o "Core/Src/gpio.o"
arm-none-eabi-gcc "../Core/Src/main.c" -mcpu=cortex-m7 -std=gnu11 -g3 -DDEBUG -DUSE_HAL_DRIVER -DSTM32F767xx -c -I../Core/Inc -I../Drivers/STM32F7xx_HAL_Driver/Inc -I../Drivers/STM32F7xx_HAL_Driver/Inc/Legacy -I../Drivers/CMSIS/Device/ST/STM32F7xx/Include -I../Drivers/CMSIS/Include -O0 -ffunction-sections -fdata-sections -Wall -fstack-usage -fcyclomatic-complexity -MMD -MP -MF"Core/Src/main.d" -MT"Core/Src/main.o" --specs=nano.specs -mfpu=fpv5-d16 -mfloat-abi=hard -mthumb -o "Core/Src/main.o"
arm-none-eabi-gcc "../Core/Src/stm32f7xx_hal_msp.c" -mcpu=cortex-m7 -std=gnu11 -g3 -DDEBUG -DUSE_HAL_DRIVER -DSTM32F767xx -c -I../Core/Inc -I../Drivers/STM32F7xx_HAL_Driver/Inc -I../Drivers/STM32F7xx_HAL_Driver/Inc/Legacy -I../Drivers/CMSIS/Device/ST/STM32F7xx/Include -I../Drivers/CMSIS/Include -O0 -ffunction-sections -fdata-sections -Wall -fstack-usage -fcyclomatic-complexity -MMD -MP -MF"Core/Src/stm32f7xx_hal_msp.d" -MT"Core/Src/stm32f7xx_hal_msp.o" --specs=nano.specs -mfpu=fpv5-d16 -mfloat-abi=hard -mthumb -o "Core/Src/stm32f7xx_hal_msp.o"
arm-none-eabi-gcc "../Core/Src/stm32f7xx_it.c" -mcpu=cortex-m7 -std=gnu11 -g3 -DDEBUG -DUSE_HAL_DRIVER -DSTM32F767xx -c -I../Core/Inc -I../Drivers/STM32F7xx_HAL_Driver/Inc -I../Drivers/STM32F7xx_HAL_Driver/Inc/Legacy -I../Drivers/CMSIS/Device/ST/STM32F7xx/Include -I../Drivers/CMSIS/Include -O0 -ffunction-sections -fdata-sections -Wall -fstack-usage -fcyclomatic-complexity -MMD -MP -MF"Core/Src/stm32f7xx_it.d" -MT"Core/Src/stm32f7xx_it.o" --specs=nano.specs -mfpu=fpv5-d16 -mfloat-abi=hard -mthumb -o "Core/Src/stm32f7xx_it.o"
arm-none-eabi-gcc "../Core/Src/syscalls.c" -mcpu=cortex-m7 -std=gnu11 -g3 -DDEBUG -DUSE_HAL_DRIVER -DSTM32F767xx -c -I../Core/Inc -I../Drivers/STM32F7xx_HAL_Driver/Inc -I../Drivers/STM32F7xx_HAL_Driver/Inc/Legacy -I../Drivers/CMSIS/Device/ST/STM32F7xx/Include -I../Drivers/CMSIS/Include -O0 -ffunction-sections -fdata-sections -Wall -fstack-usage -fcyclomatic-complexity -MMD -MP -MF"Core/Src/syscalls.d" -MT"Core/Src/syscalls.o" --specs=nano.specs -mfpu=fpv5-d16 -mfloat-abi=hard -mthumb -o "Core/Src/syscalls.o"
arm-none-eabi-gcc "../Core/Src/sysmem.c" -mcpu=cortex-m7 -std=gnu11 -g3 -DDEBUG -DUSE_HAL_DRIVER -DSTM32F767xx -c -I../Core/Inc -I../Drivers/STM32F7xx_HAL_Driver/Inc -I../Drivers/STM32F7xx_HAL_Driver/Inc/Legacy -I../Drivers/CMSIS/Device/ST/STM32F7xx/Include -I../Drivers/CMSIS/Include -O0 -ffunction-sections -fdata-sections -Wall -fstack-usage -fcyclomatic-complexity -MMD -MP -MF"Core/Src/sysmem.d" -MT"Core/Src/sysmem.o" --specs=nano.specs -mfpu=fpv5-d16 -mfloat-abi=hard -mthumb -o "Core/Src/sysmem.o"
../Core/Src/main.c: In function 'HAL_UART_RxCpltCallback':
../Core/Src/main.c:88:16: warning: pointer targets in passing argument 1 of 'strcmp' differ in signedness [-Wpointer-sign]
   88 |     if (strcmp(data_buffer, "Q") == 0 || strcmp(data_buffer, "q") == 0) {
      |                ^~~~~~~~~~~
      |                |
      |                uint8_t * {aka unsigned char *}
In file included from ../Core/Src/main.c:26:
C:\ST\STM32CubeIDE_1.17.0\STM32CubeIDE\plugins\com.st.stm32cube.ide.mcu.externaltools.gnu-tools-for-stm32.12.3.rel1.win32_1.1.0.202410251130\tools\bin/../lib/gcc/arm-none-eabi/12.3.1/../../../../arm-none-eabi/include/string.h:36:18: note: expected 'const char *' but argument is of type 'uint8_t *' {aka 'unsigned char *'}
   36 | int      strcmp (const char *, const char *);
      |                  ^~~~~~~~~~~~
../Core/Src/main.c:88:49: warning: pointer targets in passing argument 1 of 'strcmp' differ in signedness [-Wpointer-sign]
   88 |     if (strcmp(data_buffer, "Q") == 0 || strcmp(data_buffer, "q") == 0) {
      |                                                 ^~~~~~~~~~~
      |                                                 |
      |                                                 uint8_t * {aka unsigned char *}
C:\ST\STM32CubeIDE_1.17.0\STM32CubeIDE\plugins\com.st.stm32cube.ide.mcu.externaltools.gnu-tools-for-stm32.12.3.rel1.win32_1.1.0.202410251130\tools\bin/../lib/gcc/arm-none-eabi/12.3.1/../../../../arm-none-eabi/include/string.h:36:18: note: expected 'const char *' but argument is of type 'uint8_t *' {aka 'unsigned char *'}
   36 | int      strcmp (const char *, const char *);
      |                  ^~~~~~~~~~~~
../Core/Src/main.c:102:69: warning: pointer targets in passing argument 1 of 'strlen' differ in signedness [-Wpointer-sign]
  102 |           HAL_UART_Transmit(&huart3, (uint8_t *)data_buffer, strlen(data_buffer), 1000);
      |                                                                     ^~~~~~~~~~~
      |                                                                     |
      |                                                                     uint8_t * {aka unsigned char *}
C:\ST\STM32CubeIDE_1.17.0\STM32CubeIDE\plugins\com.st.stm32cube.ide.mcu.externaltools.gnu-tools-for-stm32.12.3.rel1.win32_1.1.0.202410251130\tools\bin/../lib/gcc/arm-none-eabi/12.3.1/../../../../arm-none-eabi/include/string.h:41:18: note: expected 'const char *' but argument is of type 'uint8_t *' {aka 'unsigned char *'}
   41 | size_t   strlen (const char *);
      |                  ^~~~~~~~~~~~
../Core/Src/main.c:107:28: warning: pointer targets in passing argument 2 of 'strcpy' differ in signedness [-Wpointer-sign]
  107 |           strcpy(receiver, data_buffer);
      |                            ^~~~~~~~~~~
      |                            |
      |                            uint8_t * {aka unsigned char *}
C:\ST\STM32CubeIDE_1.17.0\STM32CubeIDE\plugins\com.st.stm32cube.ide.mcu.externaltools.gnu-tools-for-stm32.12.3.rel1.win32_1.1.0.202410251130\tools\bin/../lib/gcc/arm-none-eabi/12.3.1/../../../../arm-none-eabi/include/string.h:38:36: note: expected 'const char * restrict' but argument is of type 'uint8_t *' {aka 'unsigned char *'}
   38 | char    *strcpy (char *__restrict, const char *__restrict);
      |                                    ^
arm-none-eabi-gcc "../Core/Src/system_stm32f7xx.c" -mcpu=cortex-m7 -std=gnu11 -g3 -DDEBUG -DUSE_HAL_DRIVER -DSTM32F767xx -c -I../Core/Inc -I../Drivers/STM32F7xx_HAL_Driver/Inc -I../Drivers/STM32F7xx_HAL_Driver/Inc/Legacy -I../Drivers/CMSIS/Device/ST/STM32F7xx/Include -I../Drivers/CMSIS/Include -O0 -ffunction-sections -fdata-sections -Wall -fstack-usage -fcyclomatic-complexity -MMD -MP -MF"Core/Src/system_stm32f7xx.d" -MT"Core/Src/system_stm32f7xx.o" --specs=nano.specs -mfpu=fpv5-d16 -mfloat-abi=hard -mthumb -o "Core/Src/system_stm32f7xx.o"
arm-none-eabi-gcc "../Core/Src/usart.c" -mcpu=cortex-m7 -std=gnu11 -g3 -DDEBUG -DUSE_HAL_DRIVER -DSTM32F767xx -c -I../Core/Inc -I../Drivers/STM32F7xx_HAL_Driver/Inc -I../Drivers/STM32F7xx_HAL_Driver/Inc/Legacy -I../Drivers/CMSIS/Device/ST/STM32F7xx/Include -I../Drivers/CMSIS/Include -O0 -ffunction-sections -fdata-sections -Wall -fstack-usage -fcyclomatic-complexity -MMD -MP -MF"Core/Src/usart.d" -MT"Core/Src/usart.o" --specs=nano.specs -mfpu=fpv5-d16 -mfloat-abi=hard -mthumb -o "Core/Src/usart.o"
arm-none-eabi-gcc -o "Special01.elf" @"objects.list"   -mcpu=cortex-m7 -T"C:\Users\ddpat\Downloads\Special01\Special01\STM32F767ZITX_FLASH.ld" --specs=nosys.specs -Wl,-Map="Special01.map" -Wl,--gc-sections -static --specs=nano.specs -mfpu=fpv5-d16 -mfloat-abi=hard -mthumb -Wl,--start-group -lc -lm -Wl,--end-group
C:/ST/STM32CubeIDE_1.17.0/STM32CubeIDE/plugins/com.st.stm32cube.ide.mcu.externaltools.gnu-tools-for-stm32.12.3.rel1.win32_1.1.0.202410251130/tools/bin/../lib/gcc/arm-none-eabi/12.3.1/../../../../arm-none-eabi/bin/ld.exe: warning: Special01.elf has a LOAD segment with RWX permissions
Finished building target: Special01.elf
 
arm-none-eabi-size  Special01.elf 
arm-none-eabi-objdump -h -S Special01.elf  > "Special01.list"
   text	   data	    bss	    dec	    hex	filename
  17084	     96	   1936	  19116	   4aac	Special01.elf
Finished building: default.size.stdout
 
Finished building: Special01.list
 
14:40:52 **** Incremental Build of configuration Debug for project Special01 ****
make -j12 all 
arm-none-eabi-size  Special01.elf 
   text	   data	    bss	    dec	    hex	filename
  17084	     96	   1936	  19116	   4aac	Special01.elf
Finished building: default.size.stdout
 
